:020000040800F2
:1000000000000820C9A30108819E0108899E0108FB
:100010009D9E0108B19E0108C59E010800000000D8
:10002000000000000000000000000000C1A3000864
:10003000D99E010800000000D1A5000839A60008DB
:1000400019A4010819A4010819A4010819A4010898
:1000500019A4010819A4010819A4010819A4010888
:1000600019A4010819A4010819A40108E99E0108AE
:10007000FD9E0108119F0108259F0108399F010875
:100080004D9F0108619F010819A4010819A40108E6
:1000900019A4010819A4010819A4010819A4010848
:1000A00019A4010819A4010819A4010819A4010838
:1000B00019A4010819A4010819A4010819A4010828
:1000C00019A4010819A4010819A4010819A4010818
:1000D00019A40108759F0108899F01089D9F0108C7
:1000E00019A4010819A4010819A4010819A40108F8
:1000F00019A4010819A4010819A40108B19F010855
:1001000019A4010819A4010819A4010819A40108D7
:10011000C59F0108D99F010819A40108ED9F010896
:1001200019A4010801A0010815A0010819A40108DB
:1001300019A4010829A0010819A4010819A401089B
:1001400019A4010819A4010819A4010819A4010897
:1001500019A401083DA0010851A0010865A00108EB
:1001600019A4010819A4010819A4010819A4010877
:1001700019A4010819A4010819A40108000000002D
:1001800019A4010819A4010879A001088DA001088B
:1001900019A4010819A4010819A4010819A4010847
:1001A00019A4010819A4010819A4010819A4010837
:1001B00019A4010819A4010819A4010819A4010827
:1001C00019A4010819A401080000000019A40108DD
:1001D00019A4010819A4010819A4010819A4010807
:1001E00019A4010819A4010819A4010819A40108F7
:0801F00019A4010819A401087B
:1002000010B5054C237833B9044B13B10448AFF350
:1002100000800123237010BDC00A002000000000F0
:10022000C899020808B5034B1BB103490348AFF353
:10023000008008BD00000000C40A0020C899020820
:1002400081F0004102E000BF83F0004330B54FEA87
:1002500041044FEA430594EA050F08BF90EA020FF4
:100260001FBF54EA000C55EA020C7FEA645C7FEA87
:10027000655C00F0E2804FEA5454D4EB5555B8BFAA
:100280006D420CDD2C4480EA020281EA030382EA1B
:10029000000083EA010180EA020281EA0303362DAD
:1002A00088BF30BD11F0004F4FEA01314FF4801C80
:1002B0004CEA113102D0404261EB410113F0004F92
:1002C0004FEA03334CEA133302D0524263EB430349
:1002D00094EA050F00F0A780A4F10104D5F1200EE7
:1002E0000DDB02FA0EFC22FA05F2801841F1000142
:1002F00003FA0EF2801843FA05F359410EE0A5F116
:1003000020050EF1200E012A03FA0EFC28BF4CF046
:10031000020C43FA05F3C01851EBE37101F00045FC
:1003200007D54FF0000EDCF1000C7EEB00006EEB09
:100330000101B1F5801F1BD3B1F5001F0CD3490893
:100340005FEA30004FEA3C0C04F101044FEA4452EA
:1003500012F5800F80F09A80BCF1004F08BF5FEA71
:10036000500C50F1000041EB045141EA050130BD51
:100370005FEA4C0C404141EB0101013C28BFB1F563
:10038000801FE9D291F0000F04BF01460020B1FAAE
:1003900081F308BF2033A3F10B03B3F120020CDA81
:1003A0000C3208DD02F1140CC2F10C0201FA0CF05F
:1003B00021FA02F10CE002F11402D8BFC2F1200CC4
:1003C00001FA02F120FA0CFCDCBF41EA0C0190407A
:1003D000E41AA2BF01EB0451294330BD6FEA0404C3
:1003E0001F3C1CDA0C340EDC04F11404C4F12002AE
:1003F00020FA04F001FA02F340EA030021FA04F3C0
:1004000045EA030130BDC4F10C04C4F1200220FA16
:1004100002F001FA04F340EA0300294630BD21FA54
:1004200004F0294630BD94F0000F83F4801306BF1A
:1004300081F480110134013D4EE77FEA645C18BF0E
:100440007FEA655C29D094EA050F08BF90EA020FA5
:1004500005D054EA000C04BF1946104630BD91EA9D
:10046000030F1EBF0021002030BD5FEA545C05D1A0
:100470004000494128BF41F0004130BD14F58004DF
:100480003CBF01F5801130BD01F0004545F0FE4153
:1004900041F470014FF0000030BD7FEA645C1ABF88
:1004A000194610467FEA655C1CBF0B46024650EABF
:1004B000013406BF52EA033591EA030F41F40021EB
:1004C00030BD00BF90F0000F04BF0021704730B571
:1004D0004FF4806404F132044FF000054FF0000146
:1004E00050E700BF90F0000F04BF0021704730B507
:1004F0004FF4806404F1320410F0004548BF4042DC
:100500004FF000013EE700BF42004FEAE2014FEA30
:1005100031014FEA02701FBF12F07F4393F07F4F0B
:1005200081F06051704732F07F4208BF704793F00E
:100530007F4F04BF41F40021704730B54FF4607421
:1005400001F0004521F000411CE700BF50EA010224
:1005500008BF704730B54FF000050AE050EA0102CD
:1005600008BF704730B511F0004502D5404261EB3D
:1005700041014FF4806404F132045FEA915C3FF47E
:10058000D8AE4FF003025FEADC0C18BF03325FEA1B
:10059000DC0C18BF033202EBDC02C2F1200300FACC
:1005A00003FC20FA02F001FA03FE40EA0E0021FAF1
:1005B00002F11444BDE600BF53B94AB9002908BF8F
:1005C00000281CBF4FF0FF314FF0FF3000F0C0B9E2
:1005D000ADF1080C6DE904CE00F03EF8DDF804E062
:1005E000DDE9022304B0704708B502460B4643EC30
:1005F000172BB5EEC07BF1EE10FA03D4BDE808402E
:1006000000F00AB8B1EE477B51EC170B00F004F88C
:10061000404261EB410108BD9FED0B6B41EC170BB4
:100620009FED0B5B27EE066BBCEEC66BB8EE464B40
:10063000A4EE457BFCEEC77B16EE101A17EE900A6F
:10064000704700BFAFF30080000000000000F03DE5
:10065000000000000000F0412DE9F047089D0F4622
:1006600004468C46002B48D18A42164661D9B2FA1C
:1006700082F34BB1C3F1200201FA03FC20FA02F22B
:100680009E4042EA0C0C9C404FEA164EB7B2BCFBAF
:10069000FEF1220C0EFB11CC42EA0C4201FB07F0EA
:1006A000904209D9B21801F1FF3C80F0EE809042EF
:1006B00040F2EB8002393244121AA4B2B2FBFEF0CF
:1006C0000EFB102244EA024400FB07F7A74209D9B7
:1006D000341900F1FF3280F0DA80A74240F2D7806F
:1006E0003444023840EA0140E41B00211DB1DC40E3
:1006F0000023C5E90043BDE8F0878B4206D90DB160
:10070000C5E9000100210846BDE8F087B3FA83F18E
:10071000002948D1BB4202D3824200F20781841AE9
:1007200067EB030201209446002DE4D0C5E9004C9C
:10073000E1E7002A00F09280B2FA82F3002B40F049
:10074000A8808A1A4FEA164E1FFA86FC0121200C57
:10075000B2FBFEF70EFB172240EA02420CFB07F049
:10076000904207D9B21807F1FF3802D2904200F246
:10077000E2804746121AA4B2B2FBFEF00EFB102232
:1007800044EA02440CFB00FCA44507D9341900F1EB
:10079000FF3202D2A44500F2CB801046A4EB0C0439
:1007A00040EA0740A2E7C1F120068B4022FA06FC8E
:1007B0004CEA030C07FA01F420FA06F3F7404FEA7B
:1007C0001C49234300FA01F81FFA8CFEB7FBF9F02D
:1007D0001C0C09FB107744EA074400FB0EF7A74204
:1007E00002FA01F20AD91CEB040400F1FF3A80F08E
:1007F0009B80A74240F2988002386444E41B9FB279
:10080000B4FBF9F309FB134447EA044403FB0EFE6F
:10081000A64509D91CEB040403F1FF3780F0828060
:10082000A6457FD9023B644443EA0040A4EB0E0492
:10083000A0FB02E7BC427346B94663D360D05DB10A
:10084000B8EB030264EB090404FA06F622FA01F39A
:100850001E43CC40C5E9006400214CE7620848080B
:1008600042EAC1710B0C43EA00438AB242EA0342F6
:10087000B3FBF6F1E407B4463746B6461F23B0FB98
:10088000F6F0D21B41EA004161E7614614E71046E9
:1008900028E7C3F1200120FA01F29E4027FA01F176
:1008A0009F403A434FEA164E1FFA86FCB1FBFEF713
:1008B0000EFB1710110C41EA004107FB0CF88845AC
:1008C00004FA03F43AD9711807F1FF3001D28845D0
:1008D0001FD8A1EB0801B1FBFEF808FB0CF70EFBDB
:1008E000181192B242EA0142BA422FD2B21808F16C
:1008F000FF31C6D2BA42C4D2A8F102013244C0E7E5
:10090000F0459CD2BEEB020367EB0C070138B946F9
:1009100095E7A6EB08084144B81EB1FBFEF808FBBA
:100920000CF7DCE73B467FE7504667E70846FBE607
:100930003444023832E7023F32441BE7A1EB08019E
:100940003846B1FBFEF808FB0CF7C8E7414698E7CC
:10095000704700BF10F8012B11F8013B012A28BF96
:100960009A42F7D0D01A7047034613F8012B002A99
:10097000FBD1181A01387047000000000000000089
:1009800001F0FF01102A2BDB10F0070F08D010F840
:10099000013B013A8B422DD010F0070F42B3F6D144
:1009A000F0B441EA012141EA014122F007047FF05D
:1009B00000070023F0E80256083C85EA010586EAB4
:1009C000010685FA47F5A3FA87F586FA47F6A5FAF0
:1009D00087F68EB9EED1F0BC01F0FF0102F00702FC
:1009E00032B110F8013B013A83EA010313B1F8D1A7
:1009F0000020704701387047002D06BF3546033888
:100A0000073815F0010F07D1013015F4807F02BFC0
:100A1000013015F4C03F0130F0BC0138704700BF11
:100A20007BB972B90029BEBF00204FF0004106E03B
:100A300008BF00281CBF6FF000414FF0FF30FFF7E8
:100A400087BFADF1080C6DE904CE002909DB002B4E
:100A50001ADBFFF701FEDDF804E0DDE9022304B054
:100A60007047404261EB4101002B1BDBFFF7F4FDB7
:100A7000DDF804E0DDE9022304B0404261EB41010E
:100A8000524263EB43037047524263EB4303FFF769
:100A9000E3FDDDF804E0DDE9022304B0404261EB50
:100AA00041017047524263EB4303FFF7D5FDDDF888
:100AB00004E0DDE9022304B0524263EB43037047D4
:100AC00080B400AF064BD3F88830054A43F4700376
:100AD000C2F8883000BFBD465DF8047B704700BF98
:100AE00000ED00E080B582B000AF78607B68002B3D
:100AF00001D1012349E07B6893F83D30DBB2002B44
:100B000006D17B68002283F83C20786800F041F829
:100B10007B68022283F83D207B681A687B68043377
:100B20001946104600F0E8F97B68012283F8482056
:100B30007B68012283F83E207B68012283F83F20F6
:100B40007B68012283F840207B68012283F84120E2
:100B50007B68012283F842207B68012283F84320CE
:100B60007B68012283F844207B68012283F84520BA
:100B70007B68012283F846207B68012283F84720A6
:100B80007B68012283F83D20002318460837BD46C4
:100B900080BD80B483B000AF786000BF0C37BD4625
:100BA0005DF8047B7047000080B485B000AF7860CA
:100BB0007B6893F83D30DBB2012B01D0012354E078
:100BC0007B68022283F83D207B681B68DA687B68BB
:100BD0001B6842F00102DA607B681B68264A934278
:100BE00022D07B681B68B3F1804F1DD07B681B68E7
:100BF000224A934218D07B681B68214A934213D043
:100C00007B681B681F4A93420ED07B681B681E4A94
:100C1000934209D07B681B681C4A934204D07B68CE
:100C20001B681B4A934215D17B681B689A68194B55
:100C30001340FB60FB68062B15D0FB68B3F5803FC3
:100C400011D07B681B681A687B681B6842F0010240
:100C50001A6008E07B681B681A687B681B6842F0B2
:100C600001021A6000E000BF002318461437BD4699
:100C70005DF8047B704700BF0000014000040040A5
:100C800000080040000C004000040140004001400A
:100C9000001800400700010080B584B000AF786004
:100CA0007B681B68DB68FB607B681B681B69BB603B
:100CB000BB6803F00203002B20D0FB6803F00203A3
:100CC000002B1BD07B681B686FF002021A617B68E7
:100CD00001221A777B681B689B6903F00303002BD2
:100CE00003D0786800F0E9F805E0786800F0DBF8F8
:100CF000786800F0ECF87B6800221A77BB6803F094
:100D00000403002B20D0FB6803F00403002B1BD04E
:100D10007B681B686FF004021A617B6802221A77F5
:100D20007B681B689B6903F44073002B03D07868D1
:100D300000F0C3F805E0786800F0B5F8786800F0D6
:100D4000C6F87B6800221A77BB6803F00803002B03
:100D500020D0FB6803F00803002B1BD07B681B68C6
:100D60006FF008021A617B6804221A777B681B689F
:100D7000DB6903F00303002B03D0786800F09DF8D3
:100D800005E0786800F08FF8786800F0A0F87B68DC
:100D900000221A77BB6803F01003002B20D0FB68F9
:100DA00003F01003002B1BD07B681B686FF0100250
:100DB0001A617B6808221A777B681B68DB6903F479
:100DC0004073002B03D0786800F077F805E078686E
:100DD00000F069F8786800F07AF87B6800221A77EA
:100DE000BB6803F00103002B0CD0FB6803F0010388
:100DF000002B07D07B681B686FF001021A617868CE
:100E000017F082FCBB6803F08003002B04D1BB68A1
:100E100003F40053002B0CD0FB6803F08003002B7D
:100E200007D07B681B686FF402521A61786800F083
:100E300013F9BB6803F48073002B0CD0FB6803F03C
:100E40008003002B07D07B681B686FF480721A61E7
:100E5000786800F00BF9BB6803F04003002B0CD05E
:100E6000FB6803F04003002B07D07B681B686FF022
:100E700040021A61786800F034F8BB6803F0200380
:100E8000002B0CD0FB6803F02003002B07D07B68FD
:100E90001B686FF020021A61786800F0D3F800BF79
:100EA0001037BD4680BD80B483B000AF786000BF0E
:100EB0000C37BD465DF8047B704780B483B000AF4B
:100EC000786000BF0C37BD465DF8047B704780B486
:100ED00083B000AF786000BF0C37BD465DF8047B7F
:100EE000704780B483B000AF786000BF0C37BD4658
:100EF0005DF8047B7047000080B485B000AF786077
:100F000039607B681B68FB607B68434A934213D05F
:100F10007B68B3F1804F0FD07B68404A93420BD07F
:100F20007B683F4A934207D07B683E4A934203D096
:100F30007B683D4A934208D1FB6823F07003FB6055
:100F40003B685B68FA681343FB607B68324A9342F4
:100F50002BD07B68B3F1804F27D07B682F4A934218
:100F600023D07B682E4A93421FD07B682D4A934240
:100F70001BD07B682C4A934217D07B682B4A934244
:100F800013D07B682A4A93420FD07B68294A934248
:100F90000BD07B68284A934207D07B68274A93424C
:100FA00003D07B68264A934208D1FB6823F4407340
:100FB000FB603B68DB68FA681343FB60FB6823F067
:100FC00080023B685B691343FB603B689A687B68FF
:100FD000DA623B681A687B689A627B680E4A9342C1
:100FE00003D07B68104A934203D13B681A697B683F
:100FF0001A637B681B6843F004027B681A607B6895
:1010000001225A617B68FA681A6000BF1437BD4636
:101010005DF8047B704700BF000001400004004001
:1010200000080040000C0040000401400040014066
:10103000004401400048014000180040001C0040EE
:101040000020004080B483B000AF786000BF0C3750
:10105000BD465DF8047B704780B483B000AF786014
:1010600000BF0C37BD465DF8047B704780B483B089
:1010700000AF786000BF0C37BD465DF8047B704759
:1010800080B586B000AF78600023FB757B68002BCD
:1010900001D101239BE27B681B6803F00103002B55
:1010A00000F08780964B9B6803F00C03042B0CD058
:1010B000934B9B6803F00C03082B12D1904B5B6899
:1010C00003F48003B3F5800F0BD18D4B1B6803F441
:1010D0000033002B6CD07B685B68002B68D1012348
:1010E00075E27B685B68B3F5803F06D1844B1B6873
:1010F000834A43F4803313602EE07B685B68002BE7
:101100000CD17F4B1B687E4A23F4803313607C4BE9
:101110001B687B4A23F4802313601DE07B685B68B7
:10112000B3F5A02F0CD1764B1B68754A43F480238E
:101130001360734B1B68724A43F4803313600BE0F7
:101140006F4B1B686E4A23F4803313606C4B1B6833
:101150006B4A23F4802313607B685B68002B13D0F9
:1011600002F064F8386108E002F060F802463B697A
:10117000D31A642B01D9032329E2614B1B6803F4C2
:101180000033002BF0D014E002F050F8386108E092
:1011900002F04CF802463B69D31A642B01D90323B1
:1011A00015E2574B1B6803F40033002BF0D100E02D
:1011B00000BF7B681B6803F00203002B69D0504B13
:1011C0009B6803F00C03002B0BD04D4B9B6803F086
:1011D0000C03082B1CD14A4B5B6803F48003002BE3
:1011E00016D1474B1B6803F00203002B05D07B6828
:1011F000DB68012B01D00123E9E1414B1B6823F09F
:10120000F8027B681B69DB003D4913430B6040E03B
:101210007B68DB68002B23D0394B1B68384A43F0CE
:101220000103136002F002F8386108E001F0FEFFEC
:1012300002463B69D31A022B01D90323C7E1304B85
:101240001B6803F00203002BF0D02D4B1B6823F02A
:10125000F8027B681B69DB00294913430B6018E027
:10126000274B1B68264A23F00103136001F0DEFFC1
:10127000386108E001F0DAFF02463B69D31A022B1D
:1012800001D90323A3E11E4B1B6803F00203002BCB
:10129000F0D17B681B6803F00803002B38D07B6813
:1012A0005B69002B19D0164B5B6F154A43F00103A5
:1012B000536701F0BBFF386108E001F0B7FF024659
:1012C0003B69D31A022B01D9032380E10C4B5B6FDE
:1012D00003F00203002BF0D01AE0094B5B6F084AC1
:1012E00023F00103536701F0A1FF38610AE001F028
:1012F0009DFF02463B69D31A022B03D9032366E103
:1013000000380240924B5B6F03F00203002BEED1DA
:101310007B681B6803F00403002B00F0A4808C4B57
:101320001B6C03F08053002B0DD1894B1B6C884A3A
:1013300043F080531364864B1B6C03F08053BB60F7
:10134000BB680123FB75834B1B6803F48073002B80
:1013500018D1804B1B687F4A43F48073136001F0FF
:1013600065FF386108E001F061FF02463B69D31A6E
:10137000642B01D903232AE1764B1B6803F48073A5
:10138000002BF0D07B689B68012B06D1704B1B6F44
:101390006F4A43F0010313672DE07B689B68002BC5
:1013A0000CD16B4B1B6F6A4A23F001031367684B28
:1013B0001B6F674A23F0040313671CE07B689B687C
:1013C000052B0CD1624B1B6F614A43F0040313677A
:1013D0005F4B1B6F5E4A43F0010313670BE05C4BEE
:1013E0001B6F5B4A23F001031367594B1B6F584A6D
:1013F00023F0040313677B689B68002B15D001F072
:1014000015FF38610AE001F011FF02463B69D31A6B
:1014100041F28832934201D90323D8E04C4B1B6F31
:1014200003F00203002BEED014E001F0FFFE386160
:101430000AE001F0FBFE02463B69D31A41F2883212
:10144000934201D90323C2E0414B1B6F03F0020317
:10145000002BEED1FB7D012B05D13D4B1B6C3C4A93
:1014600023F0805313647B689B69002B00F0AE80EF
:10147000374B9B6803F00C03082B6DD07B689B698E
:10148000022B4BD1324B1B68314A23F0807313601F
:1014900001F0CCFE386108E001F0C8FE02463B696D
:1014A000D31A022B01D9032391E0294B1B6803F0C7
:1014B0000073002BF0D17B68DA697B681B6A1A43E2
:1014C0007B685B6A9B011A437B689B6A5B08013BF4
:1014D0001B041A437B68DB6A1B061A437B681B6B81
:1014E0001B071B4913434B60194B1B68184A43F0F9
:1014F0008073136001F09AFE386108E001F096FEF7
:1015000002463B69D31A022B01D903235FE0104B3B
:101510001B6803F00073002BF0D057E00C4B1B68E6
:101520000B4A23F08073136001F080FE386108E0FD
:1015300001F07CFE02463B69D31A022B01D903233A
:1015400045E0034B1B6803F00073002BF0D13DE036
:1015500000380240007000401F4B5B68FB607B68F6
:101560009B69012B30D0FB6803F480027B68DB6948
:101570009A4229D1FB6803F03F027B681B6A9A42BA
:1015800022D1FA6847F6C07313407A68526A920112
:10159000934219D1FB6803F440327B689B6A5B0875
:1015A000013B1B049A420FD1FB6803F070627B6819
:1015B000DB6A1B069A4207D1FB6803F0E0427B68B6
:1015C0001B6B1B079A4201D0012300E00023184641
:1015D0001837BD4680BD00BF0038024080B584B0DA
:1015E00000AF786039600023FB607B68002B01D17D
:1015F0000123D0E06A4B1B6803F00F033A689A425C
:1016000010D9674B1B6823F00F0265493B681343F1
:101610000B60634B1B6803F00F033A689A4201D0DA
:101620000123B8E07B681B6803F00203002B20D085
:101630007B681B6803F00403002B05D0594B9B68A3
:10164000584A43F4E05393607B681B6803F0080337
:10165000002B05D0534B9B68524A43F46043936080
:10166000504B9B6823F0F0027B689B684D49134305
:101670008B607B681B6803F00103002B40D07B6804
:101680005B68012B07D1474B1B6803F40033002B29
:1016900015D101237FE07B685B68022B07D1414BAA
:1016A0001B6803F00073002B09D1012373E03D4B4D
:1016B0001B6803F00203002B01D101236BE0394BBF
:1016C0009B6823F003027B685B68364913438B6099
:1016D00001F0ACFDF8600AE001F0A8FD0246FB68ED
:1016E000D31A41F28832934201D9032353E02D4BA0
:1016F0009B6803F00C027B685B689B009A42EBD10D
:10170000274B1B6803F00F033A689A4210D2244B10
:101710001B6823F00F0222493B6813430B60204BE8
:101720001B6803F00F033A689A4201D0012332E0AC
:101730007B681B6803F00403002B08D0194B9B68DF
:1017400023F4E0527B68DB68164913438B607B68A7
:101750001B6803F00803002B09D0124B9B6823F48D
:1017600060427B681B69DB000E4913438B6000F00D
:1017700021F802460B4B9B681B0903F00F030A4933
:10178000CB5C22FA03F3094A1360094B1B68184625
:1017900018F0AEFC002318461037BD4680BD00BFD0
:1017A000003C02400038024040F9020800000020DE
:1017B000040000202DE9B04F90B000AF00237B6300
:1017C0000023FB6300233B630023BB63584B9B68F0
:1017D00003F00C03082B0DD0082B00F2A080002B87
:1017E00002D0042B03D09AE0524BBB639AE0524BD9
:1017F000BB6397E04E4B5B6803F03F037B634C4B4E
:101800005B6803F48003002B27D0494B5B689B097E
:1018100000223B627A623B6AC3F308000021464B18
:1018200003FB01F2002300FB03F31344424AA0FB35
:101830000221F962BA62FA6A1344FB627B6B0022EE
:10184000BB61FA61D7E90623D7E90A01FEF7B4FEC6
:1018500002460B461346FB6353E0354B5B689B091E
:1018600000223B617A613B69C3F3080A4FF0000B29
:1018700052465B464FF000004FF00001590141EA2B
:10188000D261500102460B46B2EB0A0863EB0B092A
:101890004FF000024FF000034FEA891343EA9863C8
:1018A0004FEA8812B2EB080463EB09054FF000021F
:1018B0004FF00003EB0043EA5473E20014461D4668
:1018C00014EB0A033B6045EB0B037B604FF0000217
:1018D0004FF00003D7E9004529468B02214643EA31
:1018E000915321468A02104619467B6B0022BB6049
:1018F000FA60D7E90223FEF75FFE02460B46134665
:10190000FB630B4B5B681B0C03F0030301335B00B1
:101910003B63FA6B3B6BB2FBF3F3BB6302E0054B3B
:10192000BB6300BFBB6B18464037BD46BDE8B08FF8
:10193000003802400024F40040787D0180B400AFFC
:10194000034B1B681846BD465DF8047B704700BF1B
:101950000000002080B500AFFFF7F0FF0246054B06
:101960009B689B0A03F007030349CB5C22FA03F34D
:10197000184680BD0038024050F9020880B500AF1B
:10198000FFF7DCFF0246054B9B685B0B03F0070388
:101990000349CB5C22FA03F3184680BD00380240AD
:1019A00050F9020880B483B000AF786039607B687A
:1019B0000F221A60124B9B6803F003027B685A6087
:1019C0000F4B9B6803F0F0027B689A600C4B9B689E
:1019D00003F4E0527B68DA60094B9B68DB0803F490
:1019E000E0527B681A61074B1B6803F00F023B68EB
:1019F0001A6000BF0C37BD465DF8047B704700BF1E
:101A000000380240003C024080B588B000AF7860EA
:101A100000237B6100233B610023FB600023FB610B
:101A20000023BB617B681B6803F00103002B12D00D
:101A3000694B9B68684A23F400039360664B9A687D
:101A40007B685B6B644913438B607B685B6B002B2B
:101A500001D10123FB617B681B6803F40023002B89
:101A600017D05D4BD3F88C3023F440127B68DB6BCE
:101A700059491343C1F88C307B68DB6BB3F5801F89
:101A800001D10123FB617B68DB6B002B01D10123BA
:101A9000BB617B681B6803F48013002B17D04E4B8F
:101AA000D3F88C3023F440027B681B6C4A49134303
:101AB000C1F88C307B681B6CB3F5800F01D101231A
:101AC000FB617B681B6C002B01D10123BB617B6830
:101AD0001B6803F08073002B01D00123FB617B683E
:101AE0001B6803F02003002B00F08B803A4B1B6C2B
:101AF000394A43F080531364374B1B6C03F0805317
:101B0000BB60BB68354B1B68344A43F48073136079
:101B100001F08CFB786108E001F088FB02467B69EC
:101B2000D31A642B01D903238FE32C4B1B6803F4D6
:101B30008073002BF0D0284B1B6F03F440733B6184
:101B40003B69002B35D07B681B6B03F440733A690B
:101B50009A422ED0204B1B6F23F440733B611E4BE7
:101B60001B6F1D4A43F4803313671B4B1B6F1A4ACC
:101B700023F480331367184A3B691367164B1B6FB6
:101B800003F00103012B14D101F050FB78610AE04E
:101B900001F04CFB02467B69D31A41F28832934232
:101BA00001D9032351E30C4B1B6F03F00203002BFD
:101BB000EED07B681B6B03F44073B3F5407F11D10B
:101BC000054B9B6823F4F8127B68196B044B0B40A0
:101BD000014913438B600BE0003802400070004065
:101BE000FFFCFF0FAC4B9B68AB4A23F4F8139360E8
:101BF000A94B1A6F7B681B6BC3F30B03A6491343F6
:101C00000B677B681B6803F01003002B10D0A24BFE
:101C1000D3F88C30A04A23F08073C2F88C309E4BEE
:101C2000D3F88C207B689B6B9B491343C1F88C30A5
:101C30007B681B6803F48043002B0AD0964BD3F8D3
:101C4000903023F440327B685B6E93491343C1F8B4
:101C500090307B681B6803F40043002B0AD08E4B46
:101C6000D3F8903023F440227B689B6E8A4913435B
:101C7000C1F890307B681B6803F48033002B0AD0D6
:101C8000854BD3F8903023F440127B68DB6E824999
:101C90001343C1F890307B681B6803F40033002BBA
:101CA0000AD07D4BD3F8903023F440027B681B6F41
:101CB00079491343C1F890307B681B6803F04003F7
:101CC000002B0AD0744BD3F8903023F003027B68CA
:101CD0005B6C71491343C1F890307B681B6803F05B
:101CE0008003002B0AD06C4BD3F8903023F00C0209
:101CF0007B689B6C68491343C1F890307B681B6814
:101D000003F48073002B0AD0634BD3F8903023F098
:101D100030027B68DB6C60491343C1F890307B680C
:101D20001B6803F40073002B0AD05B4BD3F8903090
:101D300023F0C0027B681B6D57491343C1F89030F4
:101D40007B681B6803F48063002B0AD0524BD3F8E6
:101D5000903023F440727B685B6D4F491343C1F8A8
:101D600090307B681B6803F40063002B0AD04A4B59
:101D7000D3F8903023F440627B689B6D464913434F
:101D8000C1F890307B681B6803F48053002B0AD0A5
:101D9000414BD3F8903023F440527B68DB6D3E49D1
:101DA0001343C1F890307B681B6803F40053002B89
:101DB0000AD0394BD3F8903023F440427B681B6E35
:101DC00035491343C1F890307B681B6803F48003E6
:101DD000002B0AD0304BD3F8903023F080627B6820
:101DE0009B6F2D491343C1F890307B681B6803F447
:101DF0000013002B11D0284BD3F8903023F0006251
:101E00007B68DB6F24491343C1F890307B68DB6F3C
:101E1000B3F1006F01D10123BB617B681B6803F044
:101E20000803002B01D00123BB617B681B6803F40E
:101E30008023002B0AD0184BD3F8903023F0407247
:101E40007B685B6F14491343C1F890307B681B6853
:101E500003F40003002B0BD00F4BD3F8903023F08A
:101E600080527B68D3F880300B491343C1F890301F
:101E70007B681B6803F08063002B0FD0064BD3F800
:101E8000903023F000527B68D3F88430024913432A
:101E9000C1F8903002E000BF003802407B681B6848
:101EA00003F00063002B0BD08A4BD3F88C3023F067
:101EB00000727B68D3F8883086491343C1F88C30B0
:101EC0007B681B6803F08053002B0BD0814BD3F849
:101ED0008C3023F080627B68D3F88C307D491343CB
:101EE000C1F88C30FB69012B06D07B681B6803F0BE
:101EF0000073002B00F0D680764B1B68754A23F0E8
:101F00008063136001F092F9786108E001F08EF9C6
:101F100002467B69D31A642B01D9032395E16D4BEB
:101F20001B6803F00063002BF0D17B681B6803F093
:101F30000103002B21D07B685B6B002B1DD1654B0F
:101F4000D3F884301B0C03F003033B61614BD3F8DF
:101F500084301B0E03F00F03FB607B685B689A0103
:101F60003B691B041A43FB681B061A437B689B688A
:101F70001B0758491343C1F884307B681B6803F47E
:101F80000023002B04D07B68DB6BB3F5801F0AD0E5
:101F90007B681B6803F48013002B2ED07B681B6CBE
:101FA000B3F5800F29D14B4BD3F884301B0C03F0D1
:101FB00003033B61474BD3F884301B0F03F0070347
:101FC000FB607B685B689A013B691B041A437B6872
:101FD000DB681B061A43FB681B073E491343C1F825
:101FE00084303C4BD3F88C3023F01F027B685B6A53
:101FF000013B38491343C1F88C307B681B6803F000
:102000008073002B1DD0334BD3F884301B0E03F0AC
:102010000F033B612F4BD3F884301B0F03F00703F2
:10202000FB607B685B689A017B681B691B041A4331
:102030003B691B061A43FB681B0726491343C1F87B
:1020400084307B681B6803F00073002B11D07B6821
:102050005B689A017B681B691B041A437B68DB6819
:102060001B061A437B689B681B071A491343C1F878
:102070008430184B1B68174A43F08063136001F0EB
:10208000D5F8786108E001F0D1F802467B69D31AEF
:10209000642B01D90323D8E00E4B1B6803F00063C7
:1020A000002BF0D0BB69012B40F0CE80094B1B68A0
:1020B000084A23F08053136001F0B8F878610BE010
:1020C00001F0B4F802467B69D31A642B04D90323C8
:1020D000BBE000BF003802405E4B1B6803F00053BA
:1020E000B3F1005FECD07B681B6803F40023002B86
:1020F00003D07B68DB6B002B09D07B681B6803F483
:102100008013002B2ED07B681B6C002B2AD1514BE7
:10211000D3F888301B0C03F003033B614D4BD3F81D
:1021200088301B0F03F00703FB607B685B699A0133
:102130003B691B041A437B689B691B061A43FB68B7
:102140001B0744491343C1F88830424BD3F88C3005
:1021500023F4F8527B689B6A013B1B023D49134301
:10216000C1F88C307B681B6803F40013002B22D06D
:102170007B68DB6FB3F1006F1DD1364BD3F888302D
:102180001B0E03F00F033B61324BD3F888301B0F5B
:1021900003F00703FB607B685B699A017B681B6A3D
:1021A0001B041A433B691B061A43FB681B0729499A
:1021B0001343C1F888307B681B6803F00803002BC9
:1021C00028D0244BD3F888301B0E03F00F033B615B
:1021D000204BD3F888301B0C03F00303FB607B68B3
:1021E0005B699A01FB681B041A433B691B061A438F
:1021F0007B68DB691B0717491343C1F88830154B0F
:10220000D3F88C3023F440327B68DB6A11491343E6
:10221000C1F88C300F4B1B680E4A43F0805313609B
:1022200001F004F8786108E001F000F802467B69EB
:10223000D31A642B01D9032307E0064B1B6803F074
:102240000053B3F1005FEFD1002318462037BD469D
:1022500080BD00BF0038024080B489B000AF786014
:1022600039600023FB6100237B6100233B61002375
:10227000BB610023FB6175E10122FB6902FA03F3F4
:102280007B613B681B687A6913403B613A697B69F3
:102290009A4240F064813B685B6803F00303012BC2
:1022A00005D03B685B6803F00303022B30D17B68E9
:1022B0009B68BB61FB695B00032202FA03F3DB430B
:1022C000BA691340BB613B68DA68FB695B0002FADC
:1022D00003F3BA691343BB617B68BA699A607B6890
:1022E0005B68BB610122FB6902FA03F3DB43BA6955
:1022F0001340BB613B685B681B0903F00102FB698B
:1023000002FA03F3BA691343BB617B68BA695A6086
:102310003B685B6803F00303032B17D07B68DB6823
:10232000BB61FB695B00032202FA03F3DB43BA697A
:102330001340BB613B689A68FB695B0002FA03F3D8
:10234000BA691343BB617B68BA69DA603B685B6852
:1023500003F00303022B23D1FB69DA087B68083200
:1023600053F82230BB61FB6903F007039B000F2287
:1023700002FA03F3DB43BA691340BB613B681A6995
:10238000FB6903F007039B0002FA03F3BA691343E6
:10239000BB61FB69DA087B680832B96943F822102F
:1023A0007B681B68BB61FB695B00032202FA03F3D5
:1023B000DB43BA691340BB613B685B6803F003020F
:1023C000FB695B0002FA03F3BA691343BB617B68E4
:1023D000BA691A603B685B6803F44033002B00F075
:1023E000BE80664B5B6C654A43F480435364634B29
:1023F0005B6C03F48043FB60FB68614AFB699B08EC
:10240000023352F82330BB61FB6903F003039B00E6
:102410000F2202FA03F3DB43BA691340BB617B6806
:10242000584A934237D07B68574A934231D07B68F1
:10243000564A93422BD07B68554A934225D07B68FD
:10244000544A93421FD07B68534A934219D07B6809
:10245000524A934213D07B68514A93420DD07B6815
:10246000504A934207D07B684F4A934201D10923D7
:1024700012E00A2310E008230EE007230CE00623F5
:102480000AE0052308E0042306E0032304E0022316
:1024900002E0012300E00023FA6902F00302920047
:1024A0009340BA691343BB613549FB699B0802330A
:1024B000BA6941F823203D4B9B68BB613B69DB4314
:1024C000BA691340BB613B685B6803F48013002B5F
:1024D00003D0BA693B691343BB61344ABB6993605B
:1024E000324BDB68BB613B69DB43BA691340BB61BC
:1024F0003B685B6803F40013002B03D0BA693B69A7
:102500001343BB61294ABB69D360284B5B68BB613D
:102510003B69DB43BA691340BB613B685B6803F40A
:102520000033002B03D0BA693B691343BB611F4AD8
:10253000BB6953601D4B1B68BB613B69DB43BA69D8
:102540001340BB613B685B6803F48033002B03D00E
:10255000BA693B691343BB61144ABB691360FB69E9
:102560000133FB61FB690F2B7FF686AE00BF00BF16
:102570002437BD465DF8047B704700BF0038024039
:102580000038014000000240000402400008024000
:10259000000C0240001002400014024000180240EB
:1025A000001C02400020024000240240003C014088
:1025B00080B483B000AF78600B467B8013467B709D
:1025C0007B78002B03D07A887B689A6103E07B8854
:1025D0001A047B689A6100BF0C37BD465DF8047B26
:1025E000704780B485B000AF78600B467B807B6815
:1025F0005B69FB607A88FB6813401A04FB68D94367
:102600007B880B401A437B689A6100BF1437BD4634
:102610005DF8047B7047000080B586B000AF78603D
:1026200000237B6100F002FE38617B68002B01D142
:10263000012399E07B68022283F835207B68002221
:1026400083F834207B681B681A687B681B6822F05B
:1026500001021A600FE000F0E9FD02463B69D31A5F
:10266000052B08D97B6820225A657B68032283F8F2
:102670003520032378E07B681B681B6803F00103A7
:10268000002BE8D17B681B681B687B617A69384B3B
:1026900013407B617B685A687B689B681A437B6840
:1026A000DB681A437B681B691A437B685B691A43C2
:1026B0007B689B691A437B68DB691A437B681B6AEA
:1026C00013437A6913437B617B685B6A042B07D1F0
:1026D0007B68DA6A7B681B6B13437A6913437B61FF
:1026E0007B681B687A691A607B681B685B697B6121
:1026F0007B6923F007037B617B685B6A7A6913431C
:102700007B617B685B6A042B17D17B689B6A7A6963
:1027100013437B617B68DB6A002B0ED0786800F086
:1027200009FB0346002B08D07B6840225A657B6872
:10273000002283F83520012316E07B681B687A6944
:102740005A61786800F0C0FA0346FB607B68DB6D75
:102750003F229A40FB689A607B6800225A657B683A
:10276000012283F83520002318461837BD4680BD66
:102770003F8010E080B586B000AFF860B9607A6045
:102780003B600023FB75FB689B6D3B61FB6893F826
:102790003430012B01D1022348E0FB68012283F889
:1027A0003420FB6893F83530DBB2012B37D1FB685E
:1027B000022283F83520FB6800225A653B687A685C
:1027C000B968F86800F052FAFB68DB6D3F229A4066
:1027D0003B699A60FB681B681A68FB681B6842F0DB
:1027E00016021A60FB681B685A69FB681B6842F096
:1027F00080025A61FB681B6C002B07D0FB681B68CA
:102800001A68FB681B6842F008021A60FB681B68C4
:102810001A68FB681B6842F001021A6005E0FB6859
:10282000002283F834200223FB75FB7D18461837FD
:10283000BD4680BD80B584B000AF78607B689B6D7D
:10284000FB6000F0F3FCB8607B6893F83530DBB2D6
:10285000022B08D07B6880225A657B68002283F8AF
:102860003420012352E07B681B681A687B681B6870
:1028700022F016021A607B681B685A697B681B6825
:1028800022F080025A617B681B6C002B03D17B68AD
:102890009B6C002B07D07B681B681A687B681B68E1
:1028A00022F008021A607B681B681A687B681B6844
:1028B00022F001021A6013E000F0B8FC0246BB6887
:1028C000D31A052B0CD97B6820225A657B6803221A
:1028D00083F835207B68002283F83420032315E039
:1028E0007B681B681B6803F00103002BE4D17B6845
:1028F000DB6D3F229A40FB689A607B68012283F877
:1029000035207B68002283F83420002318461037D6
:10291000BD4680BD80B483B000AF78607B6893F81B
:102920003530DBB2022B04D07B6880225A6501234C
:102930000CE07B68052283F835207B681B681A68E9
:102940007B681B6822F001021A60002318460C37CE
:10295000BD465DF8047B704780B586B000AF7860F7
:102960000023BB608E4B1B688E4AA2FB03239B0A8D
:102970007B617B689B6D3B613B691B68FB607B688F
:10298000DB6D08229A40FB681340002B1AD07B684D
:102990001B681B6803F00403002B13D07B681B68C3
:1029A0001A687B681B6822F004021A607B68DB6D82
:1029B00008229A403B699A607B685B6D43F0010294
:1029C0007B685A657B68DB6D01229A40FB68134087
:1029D000002B12D07B681B685B6903F08003002B1F
:1029E0000BD07B68DB6D01229A403B699A607B6863
:1029F0005B6D43F002027B685A657B68DB6D0422E5
:102A00009A40FB681340002B12D07B681B681B6840
:102A100003F00203002B0BD07B68DB6D04229A408D
:102A20003B699A607B685B6D43F004027B685A6582
:102A30007B68DB6D10229A40FB681340002B43D06B
:102A40007B681B681B6803F00803002B3CD07B6885
:102A5000DB6D10229A403B699A607B681B681B689B
:102A600003F48023002B18D07B681B681B6803F4D9
:102A70000023002B08D17B681B6C002B24D07B68C3
:102A80001B6C786898471FE07B689B6C002B1BD001
:102A90007B689B6C7868984716E07B681B681B68AE
:102AA00003F48073002B07D17B681B681A687B686E
:102AB0001B6822F008021A607B681B6C002B03D095
:102AC0007B681B6C786898477B68DB6D20229A4096
:102AD000FB681340002B00F08F807B681B681B682D
:102AE00003F01003002B00F087807B68DB6D202251
:102AF0009A403B699A607B6893F83530DBB2052BCE
:102B000036D17B681B681A687B681B6822F0160246
:102B10001A607B681B685A697B681B6822F0800218
:102B20005A617B681B6C002B03D17B689B6C002B6C
:102B300007D07B681B681A687B681B6822F0080254
:102B40001A607B68DB6D3F229A403B699A607B6824
:102B5000012283F835207B68002283F834207B68CB
:102B60001B6D002B7ED07B681B6D7868984779E0E1
:102B70007B681B681B6803F48023002B1DD07B68D7
:102B80001B681B6803F40023002B0DD17B685B6C72
:102B9000002B31D07B685B6C786898472CE000BFD5
:102BA00000000020B5814E1B7B68DB6B002B23D01F
:102BB0007B68DB6B786898471EE07B681B681B6846
:102BC00003F48073002B0FD17B681B681A687B6845
:102BD0001B6822F010021A607B68012283F83520FE
:102BE0007B68002283F834207B68DB6B002B03D0EA
:102BF0007B68DB6B786898477B685B6D002B32D015
:102C00007B685B6D03F00103002B22D07B680522FB
:102C100083F835207B681B681A687B681B6822F084
:102C200001021A60BB680133BB607A699A4207D31C
:102C30007B681B681B6803F00103002BF2D100E0E6
:102C400000BF7B68012283F835207B68002283F86F
:102C500034207B68DB6C002B05D07B68DB6C7868EC
:102C6000984700E000BF1837BD4680BD80B485B0EE
:102C700000AFF860B9607A603B60FB681B681A6857
:102C8000FB681B6822F480221A60FB681B683A68A4
:102C90005A60FB689B68402B08D1FB681B687A6808
:102CA0009A60FB681B68BA68DA6007E0FB681B681B
:102CB000BA689A60FB681B687A68DA6000BF1437EC
:102CC000BD465DF8047B704780B485B000AF786086
:102CD0007B681B68DBB2103B134AA2FB03231B0972
:102CE000FB60124AFB6813441B781A467B68DA655E
:102CF000FB68032B08D97B681B681A460C4B1340F2
:102D00001A1D7B689A6506E07B681B681A46084BAB
:102D100013407A6893657B689B6D18461437BD46EF
:102D20005DF8047B704700BFABAAAAAA58F9020855
:102D300000FCFFFF80B485B000AF78600023FB7318
:102D40007B689B6ABB607B689B69002B1FD1BB685B
:102D5000032B56D801A252F823F000BF6D2D0008B6
:102D60007F2D00086D2D0008032E00087B68DB6AAC
:102D700003F08073002B46D00123FB7343E07B6894
:102D8000DB6AB3F1C07F40D10123FB733DE07B6878
:102D90009B69B3F5005F21D1BB68032B37D801A233
:102DA00052F823F0B52D0008BB2D0008B52D000802
:102DB000CD2D00080123FB7330E07B68DB6A03F054
:102DC0008073002B25D00123FB7322E07B68DB6A34
:102DD000B3F1C07F1FD10123FB731CE0BB68022B42
:102DE00003D9BB68032B03D018E00123FB7315E064
:102DF0007B68DB6A03F08073002B0ED00123FB732A
:102E00000BE000BF0AE000BF08E000BF06E000BF23
:102E100004E000BF02E000BF00E000BFFB7B1846FB
:102E20001437BD465DF8047B704700BF80B400AF27
:102E3000054B1B68044A43F48073136000BFBD4612
:102E40005DF8047B704700BF0070004080B582B021
:102E500000AF00237B60234B1B6C224A43F080535E
:102E60001364204B1B6C03F080533B603B681E4B8C
:102E70001B681D4A43F48033136000F0D7F9786073
:102E800009E000F0D3F902467B68D31AB3F57A7FE4
:102E900001D9032322E0144B5B6803F48033B3F5BC
:102EA000803FEED1104B1B680F4A43F40033136090
:102EB00000F0BCF9786009E000F0B8F902467B68E0
:102EC000D31AB3F57A7F01D9032307E0064B5B6879
:102ED00003F40033B3F5003FEED100231846083762
:102EE000BD4680BD003802400070004080B485B00F
:102EF00000AF78607B6803F00703FB600B4BDB6877
:102F0000BB60BA684FF6FF031340BB60FB681A0250
:102F1000BB681A43064B1343BB60044ABB68D360CB
:102F200000BF1437BD465DF8047B704700ED00E03C
:102F30000000FA0580B400AF044BDB681B0A03F005
:102F400007031846BD465DF8047B704700ED00E0BE
:102F500080B483B000AF0346FB7197F90730002BB4
:102F60000BDBFB7903F01F02074997F907305B0978
:102F7000012000FA02F241F8232000BF0C37BD46C1
:102F80005DF8047B704700BF00E100E080B483B0CF
:102F900000AF03463960FB7197F90730002B0ADB5D
:102FA0003B68DAB20C4997F907301201D2B20B44F0
:102FB00083F800230AE03B68DAB20849FB7903F0A2
:102FC0000F03043B1201D2B20B441A7600BF0C3738
:102FD000BD465DF8047B704700E100E000ED00E0D5
:102FE00080B489B000AFF860B9607A60FB6803F024
:102FF0000703FB61FB69C3F10703042B28BF04230C
:10300000BB61FB690433062B02D9FB69033B00E07B
:1030100000237B614FF0FF32BB6902FA03F3DA430E
:10302000BB681A407B699A404FF0FF317B6901FA17
:1030300003F3D9437B680B40134318462437BD463E
:103040005DF8047B7047000080B400AFBFF34F8F82
:1030500000BF064BDB6803F4E0620449044B1343F2
:10306000CB60BFF34F8F00BF00BFFDE700ED00E076
:103070000400FA0580B582B000AF78607868FFF789
:1030800035FF00BF0837BD4680BD80B586B000AFB4
:103090000346B9607A60FB7300237B61FFF74AFF48
:1030A00078617A68B9687869FFF79AFF024697F9FC
:1030B0000F3011461846FFF769FF00BF1837BD46AD
:1030C00080BD80B582B000AF0346FB7197F9073031
:1030D0001846FFF73DFF00BF0837BD4680BD80B5ED
:1030E00000AFFFF7B1FF000080B400AFBFF35F8F08
:1030F00000BF074B5B6A064A23F480335362054BDB
:1031000000225A6000BFBD465DF8047B704700BFD7
:1031100000ED00E090ED00E080B483B000AF786097
:103120000B4A7B6843F0010353600A4B5B6A094A10
:1031300043F480335362BFF34F8F00BFBFF36F8FF1
:1031400000BF00BF0C37BD465DF8047B704700BF71
:1031500090ED00E000ED00E080B483B000AF786057
:103160007B685A781B4B9A601A4B1B69194A23F0EB
:1031700001031361174A7B685B68D3607B681B7B24
:103180001A077B68DB7A1B061A437B689B7ADB0491
:103190001A437B685B7B9B041A437B689B7B5B04C5
:1031A0001A437B68DB7B1B041A437B685B7A1B0238
:1031B0001A437B681B7A5B0013437A6812781146C6
:1031C000044A0B43136100BF0C37BD465DF8047B16
:1031D000704700BF90ED00E080B500AF084B1B6862
:1031E000074A43F4007313600320FFF743FF0F20E7
:1031F00016F07EFF16F054FF0023184680BD00BF76
:10320000003C024080B400AF064B1B781A46064BC8
:103210001B681344044A136000BFBD465DF8047B7D
:10322000704700BF08000020DC0A002080B400AF17
:10323000034B1B681846BD465DF8047B704700BF12
:10324000DC0A002080B584B000AF7860FFF7EEFFA5
:10325000B8607B68FB60FB68B3F1FF3F05D00A4BA9
:103260001B781A46FB681344FB6000BFFFF7DEFFC4
:103270000246BB68D31AFA689A42F7D800BF00BF6B
:103280001037BD4680BD00BF0800002080B400AFED
:10329000034B1B681B0C1846BD465DF8047B70474A
:1032A000002004E080B584B000AF78607B68002B1C
:1032B00001D1012386E07B68D3F88430002B06D14E
:1032C0007B682022C3F88420786814F0B5FE3F4B59
:1032D0005B6C3E4A43F4804353643C4B5B6C03F4A9
:1032E0008043BB60BB683A4B5B68394A23F40003F8
:1032F0005360374B5A687B689B68354913434B6072
:10330000334B5B687B681B6803F580531B687A68E6
:10331000126843F0010302F580521360FFF786FF45
:10332000F86011E0FFF782FF0246FB68D31AB3F59D
:10333000FA7F09D97B680422C3F888207B68E022E1
:10334000C3F8842001233DE07B681B6803F58053AC
:103350001B6803F00103002BE4D1786800F05CFFE8
:10336000786801F007F8786801F05DF87B685B68C1
:103370001A460021786800F0C5FF7B681B68DA6B8D
:103380007B681B6842F40272DA637B681B68D3F8BF
:103390000C117B681A680F4B0B43C2F80C317B6829
:1033A0001B68D3F810217B681B6842F40312C3F832
:1033B00010217B680022C3F888207B681022C3F8A4
:1033C0008420002318461037BD4680BD00380240D7
:1033D000003801406000020080B584B000AF786022
:1033E0007B68D3F88430102B5FD17B682022C3F830
:1033F00084207B6801229A657B680422DA667868FB
:1034000000F0F6F97B681B681B68FB600120FFF782
:1034100019FF7B681B68FA681A607B681B6803F5F4
:1034200080539B697A68126843F4005302F5805216
:1034300093617B681B6803F580539B697A68126807
:1034400043F0020302F580529361786800F080FD3A
:103450007B681B681A687B681B6842F008021A6068
:103460007B681B681B68FB600120FFF7EBFE7B6835
:103470001B68FA681A607B681B681A687B681B689F
:1034800042F004021A607B681B6803F58053D96917
:103490007B681A68074B0B4302F58052D3617B6847
:1034A0004022C3F88420002300E00123184610378F
:1034B000BD4680BDC1A0010080B586B000AF786078
:1034C0007B68D3F88430402B6ED17B682022C3F810
:1034D00084207B681B6803F58053D9697B681A6870
:1034E000344B0B4002F58052D3617B681B6803F5B7
:1034F00080539B697A68126823F4005302F5805266
:1035000093617B681B6803F580539B697A68126836
:1035100023F0020302F5805293617B681B681A68EE
:103520007B681B6822F004021A607B681B681B68BA
:103530003B610120FFF786FE7B681B683A691A60D1
:10354000786800F005FD7B681B681A687B681B685B
:1035500022F008021A607B681B681B683B6101202F
:10356000FFF770FE7B681B683A691A6000237B6175
:103570000EE07B687A69123253F82230FB60FB68F8
:103580005B6843F00042FB685A607B6901337B61F2
:103590007B69032BEDD97B6800229A657B6810223A
:1035A000C3F88420002300E0012318461837BD46E5
:1035B00080BD00BF3E5FFEFF80B582B000AF786087
:1035C00039603B68002B09D17B68D3F8883043F021
:1035D00001027B68C3F88820012345E07B68D3F8AB
:1035E0008430402B3FD13B685A6B7B68DA63012201
:1035F0003968786800F086FF0346002B09D07B68A5
:10360000D3F8883043F002027B68C3F88820012396
:103610002AE0BFF34F8F00BF7B689B6A5A1C7B6810
:103620009A627B689B6A032B04D97B689B6A1A1F8A
:103630007B689A627B681B6803F580535B6903F0C3
:103640000403002B0DD07B681B6803F580531A46DA
:10365000042353617B681B6803F580531A460023DB
:103660005360002300E0012318460837BD4680BDA3
:1036700080B588B000AF7860396000237B6100239B
:10368000FB743B68002B09D17B68D3F8883043F08A
:1036900001027B68C3F888200123A4E07B68D3F88B
:1036A0008430402B01D001239DE07B68DB6DFB6102
:1036B0007B68FA69123253F82230BB617B68DB6E9B
:1036C000C3F10403FB6066E0BB691B6803F480730D
:1036D000002B07D0BB69DA697B689A67BB699A6976
:1036E0007B685A67BB691B6803F40073002B03D126
:1036F0007B68DB6F002B3CD0BB691B6803F4007355
:10370000002B05D07B6800221A667B6800225A666F
:10371000BB691B681B0CC3F30D03BB60BB691B6853
:1037200003F48073002B05D0BB691A687B681A67A5
:103730000123FB74BB699A68BB691A627B6803F159
:103740007C007B6803F18001BB691B6A1A46BB6879
:103750009BB214F01FFE7B681B6E5A1C7B681A66B6
:103760007B685A6EBB681A447B685A66BB69002244
:103770001A62FB690133FB61FB69032B02D9FB6908
:10378000043BFB617B68FA69123253F82230BB615B
:103790007B6901337B61BB691B68002B06DB7A699F
:1037A000FB689A4202D2FB7C002B8DD07B68DA6EDC
:1037B0007B691A447B68DA667B68DB6E002B02D07B
:1037C000786800F015F87B68FA69DA65FB7C012BF4
:1037D00008D17B68DA6F3B681A607B680022DA6781
:1037E000002300E0012318462037BD4680BD0000BD
:1037F00080B588B000AF78600023BB600123FB7404
:103800007B689B6EFB617B68FA69123253F8223049
:103810007B617B68DB6EBB6142E07B691B6A002BCE
:1038200012D107F10803184614F084FDBB68002B81
:1038300002D10023FB7407E0BB681A467B691A6259
:10384000BB681A467B699A60FB7C002B28D07B689A
:103850009B6D002B06D17B685A69264B13437A690E
:10386000536005E07B685B6943F480427B695A6082
:103870007B691B6843F000427B691A60FB69013376
:10388000FB61FB69032B02D9FB69043BFB617B688D
:10389000FA69123253F822307B61BB69013BBB618C
:1038A000BB69002B02D0FB7C002BB6D17B68DB6EA2
:1038B000BA699A421AD0FB69033303F00303FB6031
:1038C000BFF35F8F00BF7B681969FA6813469B00DE
:1038D0001344DB00CA187B681B6803F580539A60A9
:1038E0007B68FA699A667B68BA69DA6600BF203736
:1038F000BD4680BD0040008080B586B000AF7860D6
:103900007B681833BB60BB689B6A7B61BB68DB6A02
:103910003B610123FB7347E00123BB737B69013BE0
:103920007B61BA683B6904339B0013445B68002BDE
:103930000AD13B6901333B613B69032B02D93B69E7
:10394000043B3B610023BB73BB7B002B2CD07B680B
:10395000D9683A6913469B001344DB000B441B688B
:10396000002B1FDBBA683B6904339B0013445B6880
:10397000184614F051FDBA683B6904339B001344A8
:1039800000225A603B6901333B613B69032B02D93A
:103990003B69043B3B61BB687A699A62BB683A69E0
:1039A000DA6201E00023FB737B69002B02D0FB7B12
:1039B000002BB1D1002318461837BD4680BD00004A
:1039C00080B586B000AF78607B681B689B6B7B61BD
:1039D0007B681B6803F580535B693B617B681B68F0
:1039E00003F58053DB69FB604B4B5B69BB603B6954
:1039F00003F04003002B0ED0FB6803F04003002BC4
:103A000009D07B681B6803F580531A46434B53610A
:103A1000786814F021F83B6903F00103002B0FD004
:103A2000FB6803F00103002B0AD07B681B6803F5D9
:103A300080531A464FF001135361786814F01CF854
:103A40003B6903F40043002B42D0FB6803F40043BE
:103A5000002B3DD07B68D3F8883043F008027B68A8
:103A6000C3F888203B6903F40053002B1AD07B680D
:103A70001B6803F580535A69294B13407A68C2F8D2
:103A80008C307B681B6803F58053DB697A681268A9
:103A900023F4C03302F58052D3617B68E022C3F87F
:103AA000842012E07B681B6803F580535A6948F252
:103AB000806313407A68C2F88C307B681B6803F51A
:103AC00080531A4648F280635361786813F0E4FF2C
:103AD0007B6903F00803002B0ED07B681B68DB6A50
:103AE00003F060027B68C3F89420786800F01AF84D
:103AF0007B680022C3F89420BB6803F40023002BEA
:103B000006D0054B4FF400225A61786800F014F893
:103B100000BF1837BD4680BD003C01404000010099
:103B200000207E0080B483B000AF786000BF0C3707
:103B3000BD465DF8047B704780B483B000AF786009
:103B400000BF0C37BD465DF8047B704780B586B07A
:103B500000AFF860B9607A603B60FB681B681B6966
:103B60007B617B6903F01C037B61BB68DB029BB25A
:103B70007A6913437B617B689B0103F4F8637A697C
:103B800013437B617B6923F002037B617B6943F014
:103B900001037B61FB681B687A691A61FFF746FBCA
:103BA00038610DE0FFF742FB02463B69D31AB3F5DB
:103BB000803F01D3012310E0FB681B681B697B6118
:103BC0007B6903F00103002BECD1FB681B685B6988
:103BD0009BB21A463B681A60002318461837BD4648
:103BE00080BD80B586B000AFF860B9607A603B6098
:103BF000FB681B681B697B617B6903F01C037B61AD
:103C0000BB68DB029BB27A6913437B617B689B01D3
:103C100003F4F8637A6913437B617B6943F0020321
:103C20007B617B6943F001037B613B689AB2FB686F
:103C30001B685A61FB681B687A691A61FFF7F6FA1C
:103C400038610DE0FFF7F2FA02463B69D31AB3F58B
:103C5000803F01D3012309E0FB681B681B697B617E
:103C60007B6903F00103002BECD1002318461837C1
:103C7000BD4680BD80B483B000AF786039603B68DA
:103C8000002B01D10123E6E07B681B681B6803F071
:103C90001003002B14BF01230023DBB21A463B683C
:103CA00083F828207B681B681B6803F060023B6870
:103CB0005A627B681B681B6803F40073002B0CBFFF
:103CC00001230023DBB21A463B6883F820207B687F
:103CD0001B681B6803F48033002B14BF01230023EF
:103CE000DBB21A463B68DA777B681B681B6803F413
:103CF0000053002B0CBF01230023DBB21A463B68A4
:103D00009A777B681B681B6803F48053002B14BFF1
:103D100001230023DBB21A463B681A777B681B68D5
:103D20001B6803F400623B689A617B681B681B6830
:103D300003F480423B685A617B681B681B6803F48C
:103D40008003002B0CBF01230023DBB21A463B6823
:103D50005A747B681B681B6803F40003002B0CBFBC
:103D600001230023DBB21A463B681A747B681B6888
:103D70001B6803F08003002B14BF01230023DBB278
:103D80001A463B68DA737B681B681B6803F4602281
:103D90003B689A607B681B681B6803F48063002B98
:103DA00014BF01230023DBB21A463B681A717B68FB
:103DB0001B681B6803F00073002B14BF0123002352
:103DC000DBB21A463B689A737B681B689B6903F0F9
:103DD0000203002B14BF01230023DBB21A463B6809
:103DE00083F854207B681B689B6903F08003002BD9
:103DF0000CBF01230023DBB21A463B6883F84C203A
:103E00007B681B689B6903F030023B681A657B681E
:103E10001B689B691B0C9AB23B689A647B681B68A1
:103E20009B6903F00403002B14BF01230023DBB2C2
:103E30001A463B6883F856207B681B689B6903F031
:103E40000803002B14BF01230023DBB21A463B6892
:103E500083F85520002318460C37BD465DF8047BD7
:103E6000704780B582B000AF786039603B68002B46
:103E700001D101230BE07B68D3F88430102B05D1EE
:103E80003968786800F08AF8002300E001231846BA
:103E90000837BD4680BD000080B584B000AF7860B3
:103EA0007B681B681B69FB60FB6823F01C03FB60DD
:103EB000FDF744FDB860BB68144A934204D8FB6820
:103EC00043F00803FB6019E0BB68114A934204D237
:103ED000FB6843F00C03FB6010E0BB680D4A9342A3
:103EE0000CD9BB680C4A934204D8FB6843F0040326
:103EF000FB6003E0FB6843F01003FB607B681B681A
:103F0000FA681A6100BF1037BD4680BDBF0E1602A9
:103F100000879303FFE0F5057FD1F00880B483B0FC
:103F200000AF78607B68D3F8883018460C37BD4600
:103F30005DF8047B704780B483B000AF78607B6825
:103F4000D3F88C3018460C37BD465DF8047B7047BB
:103F500080B584B000AF78600023FB607B681B688D
:103F600003F580539B697A68126843F4801302F565
:103F7000805293617B681B6803F580539B69FB60EB
:103F80000120FFF75FF97B681A68FB6802F5805231
:103F9000936100BF1037BD4680BD000080B584B07E
:103FA00000AF786039607B681B681B68FB60FA684B
:103FB000534B1340FB603B689B7B5B063A68127C6B
:103FC000002A02D14FF4000200E0002213433A68B5
:103FD000527C002A02D14FF4800200E000221A43F2
:103FE0003B689B681A433B68DB7F1B041A433B68B2
:103FF0005B6913433A68927F002A02D14FF4005262
:1040000000E000221A433B681B7F1B031A433B68F6
:104010009B691A433B681B799B0213433A6892F8E9
:104020002020002A02D14FF4007200E000221A433F
:104030003B68DB7BDB011A433B685B6A1A433B68E6
:1040400093F828301B011343FA681343FB607B6825
:104050001B68FA681A607B681B681B68FB6001209C
:10406000FFF7F0F87B681B68FA681A607B681B68CA
:104070009B69FB60FA684FF641731340FB603B6835
:104080009B6C1B043A6892F84C20002A01D18022D4
:1040900000E000221A433B681B6D13433A6892F814
:1040A0005520012A01D1082200E0002213433A687A
:1040B00092F85620012A01D1042200E00022134385
:1040C0003A6892F85420012A01D1022200E000222D
:1040D0001343FA681343FB607B681B68FA689A61B4
:1040E0007B681B689B69FB600120FFF7ABF87B686E
:1040F0001B68FA689A6100BF1037BD4680BD00BFDB
:104100000F8120FD80B584B000AF786039607B6896
:104110001B6803F580539B69FB60FA683D4B1340B5
:10412000FB603B681B7B002B02D14FF0806200E0FC
:1041300000223B685B7B5B0613433A68527F002A90
:1041400002D14FF4801200E000221A433B689B7BAF
:104150005B051A433B685B691A433B681B7FDB01C5
:104160001A433B689B7F9B011A433B681B6A1A43B7
:104170003B6893F824309B001343FA681343FB60B9
:104180007B681B6803F580531A46FB6893617B6864
:104190001B6803F580539B69FB600120FFF752F811
:1041A0007B681B6803F580531A46FB6893613B6884
:1041B0001B795A063B689B681A433B689B691A4304
:1041C0003B681B691A433B6893F82530DB011A43AF
:1041D0003B689B6A9B001A433B681B6813437A68E1
:1041E000126843F4000302F5805213607B681B6879
:1041F00003F580531B68FB600120FFF723F87B6801
:104200001B6803F580531A46FB68136000BF103724
:10421000BD4680BD233FDEF880B5A6B000AF786014
:10422000012387F84430012387F845300023FB63DE
:10423000002387F85330012387F85230002387F892
:104240005030012387F84230012387F838300023AB
:1042500087F85430002387F843300023BB650023E0
:1042600087F85C300023FB67002387F88030002349
:10427000C7F88430002387F88A30002387F8883015
:104280004FF48043BB644FF40063FB64002387F862
:10429000893007F1340319467868FFF77FFE012360
:1042A0003B7501237B75012387F825300123BB75FE
:1042B0000023FB61002387F82430002387F8263091
:1042C0000023BB62012387F82C3001233B734FF49A
:1042D00080333B614FF480033B624FF40053BB617A
:1042E000012387F82D3000233B630023BB6007F1D7
:1042F000080319467868FFF705FF00BF9837BD46E9
:1043000080BD000080B487B000AFF860B9607A600B
:104310007B6805331B781B027A68043212781343DA
:104320007B61BA68114B13441A467B6913607B6842
:1043300003331B781A067B6802331B781B041A436D
:104340007B6801331B781B0213437A68127813438E
:104350007B61BA68064B13441A467B69136000BF41
:104360001C37BD465DF8047B704700BF40800240AB
:104370004480024080B485B000AF78600023FB60C9
:104380003EE07B68D968FA6813469B001344DB0063
:104390000B44BB60BB6800221A60BB6800225A60F5
:1043A000BB6800229A60BB680022DA60B9687B684B
:1043B000FA68063243F82210BB681B6843F4801287
:1043C000BB681A60FB68022B0CD87B68D968FB6855
:1043D0005A1C13469B001344DB000B441A46BB686F
:1043E000DA6004E07B68DB681A46BB68DA60BB68A9
:1043F0001B6843F44002BB681A60FB680133FB6032
:10440000FB68032BBDD97B6800229A627B68DA685F
:104410007B681B6803F580531A6100BF1437BD46E3
:104420005DF8047B704780B485B000AF78600023EE
:10443000FB6048E07B681969FA6813469B001344E7
:10444000DB000B44BB60BB6800221A60BB68002223
:104450005A60BB6800229A60BB680022DA60BB68C1
:1044600000221A62BB6800225A62BB684FF0004209
:104470001A607B685B6943F48042BB685A60BB6822
:104480005B6823F00042BB685A60B9687B68FA68D1
:10449000123243F82210FB68022B0CD87B68196992
:1044A000FB685A1C13469B001344DB000B441A465E
:1044B000BB68DA6004E07B681B691A46BB68DA6097
:1044C000FB680133FB60FB68032BB3D97B680022D8
:1044D000DA657B6800221A667B6800229A667B6830
:1044E0000022DA667B6800229A657B681A697B681D
:1044F0001B6803F58053DA6000BF1437BD465DF8D2
:10450000047B704780B491B000AFF860B9607A6006
:10451000FB6818337B627B6A1B69FB637B6A1B69E0
:104520003B6200237B637B6AFA6B53F822303B6368
:10453000BB689B68FB620023BB623B6B1B6803F09C
:104540000043B3F1004F07D07A6AFB6B04339B0042
:1045500013445B68002B01D0022311E17B6B013314
:104560007B63FB6A1B681A463B6B9A603B6B5A681D
:10457000864B1340FA6A52681A433B6B5A60BB6819
:104580001B6803F00103002B08D03B6B1B6823F46E
:104590004002BB685B691A433B6B1A60BB681B68CF
:1045A00003F02003002B08D03B6B1B6823F0406214
:1045B000BB681B691A433B6B1A60BB681B6803F03E
:1045C0000403002B05D03B6B1B6843F080023B6B60
:1045D0001A603B6B1B6843F080523B6B1A6082E0B1
:1045E0003B6B1B6823F000523B6B1A607B68002B0F
:1045F00006D03B6B1B6843F080423B6B1A6005E0C2
:104600003B6B1B6823F080423B6B1A60FB6B0133F2
:10461000FB63FB6B032B02D9FB6B043BFB637B6AE5
:10462000FA6B53F822303B633B6B1B6803F000438B
:10463000B3F1004F07D07A6AFB6B04339B0013443D
:104640005B68002B29D03B6AFB637B6AFA6B53F8EB
:1046500022303B630023BB6319E0BFF35F8F00BFD1
:104660003B6B1B6823F000423B6B1A60FB6B013312
:10467000FB63FB6B032B02D9FB6B043BFB637B6A85
:10468000FA6B53F822303B63BB6B0133BB63BA6BED
:104690007B6B9A42E1D3022372E03B6B1B6823F0F1
:1046A00080523B6B1A607B6B01337B63FB6A9B68B8
:1046B000FB62FB6A1B681A463B6B9A603B6B5A684D
:1046C000324B1340FA6A52681A433B6B5A60BB6A1A
:1046D0000133BB62BFF35F8F00BF3B6B1B6843F0CE
:1046E00000423B6B1A60FB6A9B68002B7FF478AF3B
:1046F0007B68002B06D03B6B1B6843F080423B6B12
:104700001A6005E03B6B1B6823F080423B6B1A602C
:104710003B6B1B6843F000523B6B1A607B6A3A6A42
:1047200053F822303B63BFF35F8F00BF3B6B1B68C6
:1047300043F000423B6B1A607B6A5A6A796AFB6BF2
:1047400004339B000B445A607B6AFA6B1A61EFF3E7
:1047500010833B613B69FB6101237B617B6983F3D0
:10476000108800BF7B6A9A6ABB6A13445A1C7B6A32
:104770009A62FB69BB61BB6983F3108800BF0023A9
:1047800018464437BD465DF8047B704700E0FFFFE4
:1047900080B483B000AF78607B681B684AF6AA22B9
:1047A0001A60002318460C37BD465DF8047B70473D
:1047B00080B584B000AF78607B68002B01D1012305
:1047C00071E07B685B7FDBB2002B05D17B68002248
:1047D0001A77786814F0ECFB7B6802225A777B68C2
:1047E0001B68DB6803F01003102B53D07B681B6839
:1047F000CA225A627B681B6853225A62786800F0AA
:104800004BFA0346FB73FB7B002B2AD17B681B68AA
:1048100099687B681A68264B0B4093607B681B681D
:1048200099687B685A687B681B691A437B685B6977
:104830001A437B681B680A439A607B681B687A6826
:10484000D2681A617B681B6819697B689B681A04C7
:104850007B681B680A431A61786800F054FA0346C3
:10486000FB73FB7B002B10D17B681B68DA6C7B68C9
:104870001B6822F00802DA647B681B68D96C7B68CD
:104880009A697B681B680A43DA647B681B68FF22AD
:104890005A6201E00023FB73FB7B002B02D17B6893
:1048A00001225A77FB7B18461037BD4680BD00BFFA
:1048B000BFFF8FFF90B587B000AFF860B9607A6036
:1048C00000237B61FB681B7F012B01D1022385E064
:1048D000FB6801221A77FB6802225A777B68002B5B
:1048E00026D1FB681B689B6803F04003002B02D1B4
:1048F000BB680022DA70BB681B78184600F028FA03
:1049000003461C04BB685B78184600F021FA034696
:104910001B021C43BB689B78184600F019FA03463B
:1049200044EA0302BB68DB789B0513437B6118E014
:10493000FB681B689B6803F04003002B02D1BB6837
:104940000022DA70BB681B781A04BB685B781B0214
:104950001343BA6892781A43BB68DB789B0513430C
:104960007B61FB681B68CA225A62FB681B68532282
:104970005A62F86800F090F90346FB74FB7C002B48
:104980001ED1FB681A687969164B0B401360FB68EF
:104990001B689A68FB681B6822F480229A60FB6897
:1049A0001B689968BB68DA68BB681B691A43FB68B7
:1049B0001B680A439A60F86800F0A5F90346FB7487
:1049C000FB7C002B02D1FB6801225A77FB681B6835
:1049D000FF225A62FB6800221A77FB7C18461C37BC
:1049E000BD4690BD7F7F7F0080B586B000AFF86088
:1049F000B9607A6000237B61FB681B689A6ABB68B8
:104A00005A60FB681B681B69C3F30E02BB689A609F
:104A1000FB681B681A68224B13407B617B691B0C87
:104A2000DBB203F03F03DAB2BB681A707B691B0A82
:104A3000DBB203F07F03DAB2BB685A707B69DBB28A
:104A400003F07F03DAB2BB689A707B699B0DDBB21F
:104A500003F00103DAB2BB68DA707B68002B1AD16D
:104A6000BB681B78184600F091F903461A46BB68EC
:104A70001A70BB685B78184600F088F903461A463E
:104A8000BB685A70BB689B78184600F07FF90346F4
:104A90001A46BB689A70002318461837BD4680BD79
:104AA0007F7F7F0090B587B000AFF860B9607A6013
:104AB00000237B61FB681B7F012B01D102236FE088
:104AC000FB6801221A77FB6802225A777B68002B69
:104AD0000ED1BB685B7803F01003002B08D0BB68D5
:104AE0005B7823F01003DBB20A33DAB2BB685A708A
:104AF0007B68002B1CD1BB68DB78184600F028F9D6
:104B000003461C04BB685B78184600F021F9034695
:104B10001B021C43BB689B78184600F019F903463A
:104B200044EA0302BB681B785B0313437B610EE01E
:104B3000BB68DB781A04BB685B781B021343BA6856
:104B400092781A43BB681B785B0313437B61FB6855
:104B50001B68CA225A62FB681B6853225A62F868B3
:104B600000F09AF80346FB74FB7C002B0AD1FB682B
:104B70001A6879690C4B0B405360F86800F0C3F871
:104B80000346FB74FB7C002B02D1FB6801225A77A1
:104B9000FB681B68FF225A62FB6800221A77FB7CC5
:104BA00018461C37BD4690BD3FFFFF0080B586B05C
:104BB00000AFF860B9607A6000237B61FB681B6816
:104BC0005A68214B13407B617B691B0CDAB2BB68CE
:104BD000DA707B691B0ADBB203F01F03DAB2BB6831
:104BE0005A707B69DBB203F03F03DAB2BB689A709C
:104BF0007B695B0BDBB203F00703DAB2BB681A70A8
:104C00007B68002B1AD1BB68DB78184600F0BEF831
:104C100003461A46BB68DA70BB685B78184600F03A
:104C2000B5F803461A46BB685A70BB689B781846AD
:104C300000F0ACF803461A46BB689A700023184689
:104C40001837BD4680BD00BF3FFFFF0080B584B070
:104C500000AF78600023FB607B681B680D4ADA6058
:104C6000FEF7E4FAF86009E0FEF7E0FA0246FB68B6
:104C7000D31AB3F57A7F01D9032307E07B681B6859
:104C8000DB6803F02003002BEED00023184610371A
:104C9000BD4680BD5FFF010080B584B000AF786085
:104CA0000023BB600023FB737B681B68DB6803F099
:104CB0004003002B22D17B681B68DA687B681B6885
:104CC00042F08002DA60FEF7B1FAB8600CE0FEF75D
:104CD000ADFA0246BB68D31AB3F57A7F04D97B6874
:104CE00004225A770123FB737B681B68DB6803F09F
:104CF0004003002B02D1FB7B012BE8D1FB7B184644
:104D00001037BD4680BD80B584B000AF7860002309
:104D1000FB737B681B68DA687B681B6822F0800283
:104D2000DA607B681B689B6803F02003002B0AD1C4
:104D30007868FFF78BFF0346002B04D07B680422C2
:104D40005A770123FB73FB7B18461037BD4680BDA5
:104D500080B485B000AF0346FB710023FB6005E023
:104D6000FB680133FB60FB790A3BFB71FB79092B84
:104D7000F6D8FB68DBB21B01DAB2FB791343DBB276
:104D800018461437BD465DF8047B704780B485B083
:104D900000AF0346FB710023FB60FB791B09DBB20C
:104DA0001A4613469B0013445B00FB60FB68DAB2B3
:104DB000FB7903F00F03DBB21344DBB21846143760
:104DC000BD465DF8047B704780B483B000AF786067
:104DD0007B681B7F012B01D1022320E07B6801222D
:104DE0001A777B6802225A777B681B68CA225A624C
:104DF0007B681B6853225A627B681B689A687B68D1
:104E00001B6842F020029A607B681B68FF225A628E
:104E10007B6801225A777B6800221A7700231846A4
:104E20000C37BD465DF8047B704780B582B000AF9B
:104E300078607B68002B01D1012340E07B68DB6F49
:104E4000002B06D17B68002283F87820786814F064
:104E50005DFA7B682422DA677B681B681A687B68C6
:104E60001B6822F001021A607B685B6A002B02D08B
:104E7000786800F049FE786800F0E2FB0346012BF9
:104E800001D101231BE07B681B685A687B681B68A3
:104E900022F490425A607B681B689A687B681B68A2
:104EA00022F02A029A607B681B681A687B681B687C
:104EB00042F001021A60786800F0C8FE0346184606
:104EC0000837BD4680BD80B58AB002AFF860B960D2
:104ED0003B601346FB80FB68DB6F202B77D1BB6800
:104EE000002B02D0FB88002B01D1012370E0FB686E
:104EF0000022C3F88420FB682122DA67FEF796F9C6
:104F00007861FB68FA88A3F85020FB68FA88A3F858
:104F10005220FB689B68B3F5805F08D1FB681B6972
:104F2000002B04D10023FB61BB68BB6103E0BB68BD
:104F3000FB610023BB612FE03B6800937B6900228B
:104F40008021F86800F02AFF0346002B04D0FB689C
:104F50002022DA6703233BE0FB69002B0BD1BB69FE
:104F60001B881A46FB681B68C2F308029A62BB6979
:104F70000233BB6107E0FB691A78FB681B689A6221
:104F8000FB690133FB61FB68B3F852309BB2013B14
:104F90009AB2FB68A3F85220FB68B3F852309BB278
:104FA000002BC9D13B6800937B6900224021F8683F
:104FB00000F0F4FE0346002B04D0FB682022DA67E1
:104FC000032305E0FB682022DA67002300E00223C8
:104FD00018462037BD4680BD80B5BAB000AF7860B6
:104FE0007B681B68DB69C7F8E4307B681B681B685B
:104FF000C7F8E0307B681B689B68C7F8DC30D7F8DF
:10500000E42040F60F031340C7F8D830D7F8D83063
:10501000002B15D1D7F8E43003F02003002B0FD07C
:10502000D7F8E03003F02003002B09D07B689B6E9B
:10503000002B00F0C6827B689B6E78689847C0E2C0
:10504000D7F8D830002B00F01781D7F8DC3003F008
:105050000103002B06D1D7F8E020854B1340002B2D
:1050600000F00A81D7F8E43003F00103002B11D0DF
:10507000D7F8E03003F48073002B0BD07B681B68FB
:1050800001221A627B68D3F8843043F001027B6806
:10509000C3F88420D7F8E43003F00203002B11D0CA
:1050A000D7F8DC3003F00103002B0BD07B681B68C2
:1050B00002221A627B68D3F8843043F004027B68D2
:1050C000C3F88420D7F8E43003F00403002B11D098
:1050D000D7F8DC3003F00103002B0BD07B681B6892
:1050E00004221A627B68D3F8843043F002027B68A2
:1050F000C3F88420D7F8E43003F00803002B17D05E
:10510000D7F8E03003F02003002B05D1D7F8DC30CE
:1051100003F00103002B0BD07B681B6808221A6286
:105120007B68D3F8843043F008027B68C3F884209E
:10513000D7F8E43003F40063002B12D0D7F8E03046
:1051400003F08063002B0CD07B681B684FF4006277
:105150001A627B68D3F8843043F020027B68C3F87E
:1051600084207B68D3F88430002B00F02C82D7F8A1
:10517000E43003F02003002B0DD0D7F8E03003F02B
:105180002003002B07D07B689B6E002B03D07B682D
:105190009B6E786898477B68D3F88430C7F8D43022
:1051A0007B681B689B6803F04003402B05D0D7F851
:1051B000D43003F02803002B4FD0786800F0E8FFCC
:1051C0007B681B689B6803F04003402B41D17B68E0
:1051D0001B680833C7F89C30D7F89C3053E8003F71
:1051E000C7F89830D7F8983023F04003C7F8D0308C
:1051F0007B681B680833D7F8D020C7F8A820C7F809
:10520000A430D7F8A410D7F8A82041E80023C7F8A5
:10521000A030D7F8A030002BD9D17B685B6F002B72
:1052200013D07B685B6F134A1A657B685B6F184607
:10523000FDF770FB0346002B17D07B685B6F1B6D7F
:105240007A68526F104698470FE0786800F0E4F9EA
:105250000BE0786800F0E0F907E0786800F0DCF92E
:105260007B680022C3F88420ADE100BFABE100BF42
:1052700020010004A76400087B681B6E012B40F02E
:105280006681D7F8E43003F01003002B00F05F8153
:10529000D7F8E03003F01003002B00F058817B6852
:1052A0001B6810221A627B681B689B6803F040032E
:1052B000402B40F0D0807B685B6F1B685B68A7F871
:1052C000BE30B7F8BE30002B00F0AB807B68B3F87F
:1052D0005830B7F8BE209A4280F0A3807B68B7F8B8
:1052E000BE20A3F85A207B685B6FDB69B3F5807F33
:1052F00000F086807B681B68C7F88830D7F8883054
:1053000053E8003FC7F88430D7F8843023F4807323
:10531000C7F8B8307B681B681A46D7F8B830C7F8AA
:105320009430C7F89020D7F89010D7F8942041E82F
:105330000023C7F88C30D7F88C30002BDAD17B688B
:105340001B6808337B677B6F53E8003F3B673B6F0D
:1053500023F00103C7F8B4307B681B680833D7F823
:10536000B420C7F88020FB67F96FD7F8802041E8A8
:105370000023BB67BB6F002BE1D17B681B68083340
:105380003B663B6E53E8003FFB65FB6D23F040033B
:10539000C7F8B0307B681B680833D7F8B020FA66CE
:1053A000BB66B96EFA6E41E800237B667B6E002B0C
:1053B000E3D17B682022C3F880207B6800221A6634
:1053C0007B681B68FB64FB6C53E8003FBB64BB6CF1
:1053D00023F01003C7F8AC307B681B681A46D7F877
:1053E000AC30BB657A65796DBA6D41E800233B65E9
:1053F0003B6D002BE4D17B685B6F1846FDF71AFA12
:105400007B6802225A667B68B3F858207B68B3F841
:105410005A309BB2D31A9BB2194678681BF01EF81B
:10542000D3E07B68B3F85830B7F8BE209A4240F01A
:10543000CC807B685B6FDB69B3F5807F40F0C58013
:105440007B6802225A667B68B3F858301946786840
:105450001BF004F8B9E07B68B3F858207B68B3F818
:105460005A309BB2D31AA7F8CE307B68B3F85A30C3
:105470009BB2002B00F0AB80B7F8CE30002B00F0D1
:10548000A6807B681B68BB63BB6B53E8003F7B63F4
:105490007B6B23F49073C7F8C8307B681B681A468F
:1054A000D7F8C8307B643A64396C7A6C41E80023E1
:1054B000FB63FB6B002BE4D17B681B6808337B62CA
:1054C0007B6A53E8003F3B623B6A23F00103C7F865
:1054D000C4307B681B680833D7F8C4203A63FB628A
:1054E000F96A3A6B41E80023BB62BB6A002BE3D147
:1054F0007B682022C3F880207B6800221A667B68C4
:1055000000229A667B681B683B613B6953E8003F59
:10551000FB60FB6823F01003C7F8C0307B681B6892
:105520001A46D7F8C030FB61BA61B969FA6941E837
:1055300000237B617B69002BE4D17B6802225A66E1
:10554000B7F8CE30194678681AF088FF3FE0D7F8F0
:10555000E43003F48013002B0ED0D7F8DC3003F4D2
:105560008003002B08D07B681B684FF480121A62FE
:10557000786800F05BF82DE0D7F8E43003F08003A2
:10558000002B0ED0D7F8E03003F08003002B08D0BA
:105590007B68DB6E002B1CD07B68DB6E78689847DD
:1055A00017E0D7F8E43003F04003002B12D0D7F80F
:1055B000E03003F04003002B0CD0786800F085FF4A
:1055C00008E000BF06E000BF04E000BF02E000BF4B
:1055D00000E000BFE837BD4680BD00BF80B483B0A7
:1055E00000AF786000BF0C37BD465DF8047B7047A4
:1055F00080B483B000AF786000BF0C37BD465DF863
:10560000047B704780B483B000AF786000BF0C3774
:10561000BD465DF8047B704780B483B000AF78600E
:1056200000BF0C37BD465DF8047B704780B483B083
:1056300000AF786000BF0C37BD465DF8047B704753
:1056400080B588B000AF78600023BB777B689A682C
:105650007B681B691A437B685B691A437B68DB695B
:1056600013437B617B681B681A68A64B13407A68FA
:10567000126879690B4313607B681B685B6823F4CD
:1056800040517B68DA687B681B680A435A607B6814
:105690009B697B617B681B6A7A6913437B617B68CA
:1056A0001B689B6823F430617B681B687A690A4336
:1056B0009A607B681B68944A934220D1934BD3F83D
:1056C000903003F00303032B16D801A252F823F005
:1056D000E1560008ED560008E7560008F3560008AA
:1056E0000123FB7750E10223FB774DE10423FB7795
:1056F0004AE10823FB7747E11023FB7744E17B680D
:105700001B68834A934232D1804BD3F8903003F028
:105710000C030C2B28D801A252F823F05157000893
:105720006957000869570008695700085D57000865
:10573000695700086957000869570008575700085B
:10574000695700086957000869570008635700083F
:105750000023FB7718E10223FB7715E10423FB7795
:1057600012E10823FB770FE11023FB770CE17B6844
:105770001B68684A934220D1644BD3F8903003F001
:105780003003302B13D0302B14D8202B09D0202BF2
:1057900010D8002B02D0102B06D00BE00023FB7793
:1057A000F2E00223FB77EFE00423FB77ECE0082331
:1057B000FB77E9E01023FB77E6E07B681B68564A3D
:1057C000934220D1514BD3F8903003F0C003C02B4B
:1057D00013D0C02B14D8802B09D0802B10D8002BCD
:1057E00002D0402B06D00BE00023FB77CCE0022355
:1057F000FB77C9E00423FB77C6E00823FB77C3E00F
:105800001023FB77C0E07B681B68444A934225D194
:105810003E4BD3F8903003F44073B3F5407F17D07C
:10582000B3F5407F17D8B3F5007F0BD0B3F5007FF9
:1058300011D8002B03D0B3F5807F06D00BE00023F6
:10584000FB77A1E00223FB779EE00423FB779BE03C
:105850000823FB7798E01023FB7795E07B681B68B3
:105860002F4A934225D1294BD3F8903003F440635B
:10587000B3F5406F17D0B3F5406F17D8B3F5006F8D
:105880000BD0B3F5006F11D8002B03D0B3F5806FA8
:1058900006D00BE00123FB7776E00223FB7773E071
:1058A0000423FB7770E00823FB776DE01023FB7780
:1058B0006AE07B681B681B4A934238D1134BD3F8CC
:1058C000903003F44053B3F5405F17D0B3F5405F19
:1058D0002AD8B3F5005F0BD0B3F5005F24D8002BB6
:1058E00003D0B3F5805F06D01EE00023FB774BE0CA
:1058F0000223FB7748E00423FB7745E00823FB778E
:1059000042E000BFF369FFEF0010014000380240A1
:105910000044004000480040004C0040005000405F
:1059200000140140007800401023FB772CE07B68D6
:105930001B68724A934225D1714BD3F8903003F41F
:105940004043B3F5404F17D0B3F5404F17D8B3F5E8
:10595000004F0BD0B3F5004F11D8002B03D0B3F597
:10596000804F06D00BE00023FB770DE00223FB778E
:105970000AE00423FB7707E00823FB7704E0102309
:10598000FB7701E01023FB777B68DB69B3F5004F01
:105990005BD1FB7F082B28D801A252F823F000BF6F
:1059A000C5590008CD590008D5590008EB59000821
:1059B000DB590008EB590008EB590008EB590008C7
:1059C000E3590008FBF7C6FFB86113E0FBF7D6FF09
:1059D000B8610FE04B4BBB610CE0FBF7EBFEB8612D
:1059E00008E04FF40043BB6104E00023BB610123E6
:1059F000BB7700BFBB69002B74D0BB695A007B68C2
:105A00005B685B081A447B685B68B2FBF3F33B613D
:105A10003B690F2B16D93B69B3F5803F12D23B6926
:105A20009BB223F00F03FB813B695B089BB203F041
:105A300007039AB2FB891343FB817B681B68FA89D1
:105A4000DA604FE00123BB774CE0FB7F082B28D8BE
:105A500001A252F823F000BF7D5A0008855A0008C1
:105A60008D5A0008A35A0008935A0008A35A000848
:105A7000A35A0008A35A00089B5A0008FBF76AFFC4
:105A8000B86113E0FBF77AFFB8610FE01D4BBB6113
:105A90000CE0FBF78FFEB86108E04FF40043BB61F8
:105AA00004E00023BB610123BB7700BFBB69002B6F
:105AB00018D07B685B685A08BB691A447B685B68CE
:105AC000B2FBF3F33B613B690F2B09D93B69B3F59B
:105AD000803F05D23B699AB27B681B68DA6001E0BF
:105AE0000123BB777B6800229A667B680022DA6616
:105AF000BB7F18462037BD4680BD00BF007C0040FC
:105B0000003802400024F40080B483B000AF786015
:105B10007B685B6A03F00803002B0AD07B681B6874
:105B20005B6823F400417B685A6B7B681B680A43FF
:105B30005A607B685B6A03F00103002B0AD07B6824
:105B40001B685B6823F400317B689A6A7B681B687A
:105B50000A435A607B685B6A03F00203002B0AD099
:105B60007B681B685B6823F480317B68DA6A7B683A
:105B70001B680A435A607B685B6A03F00403002BCE
:105B80000AD07B681B685B6823F480217B681A6BF2
:105B90007B681B680A435A607B685B6A03F01003EA
:105BA000002B0AD07B681B689B6823F480517B68BC
:105BB0009A6B7B681B680A439A607B685B6A03F098
:105BC0002003002B0AD07B681B689B6823F40051DC
:105BD0007B68DA6B7B681B680A439A607B685B6A48
:105BE00003F04003002B1AD07B681B685B6823F42A
:105BF00080117B681A6C7B681B680A435A607B685B
:105C00001B6CB3F5801F0AD17B681B685B6823F4AB
:105C1000C0017B685A6C7B681B680A435A607B68CA
:105C20005B6A03F08003002B0AD07B681B685B680B
:105C300023F400217B689A6C7B681B680A435A60D6
:105C400000BF0C37BD465DF8047B704780B598B047
:105C500002AF78607B680022C3F88420FDF7E6FA83
:105C600078657B681B681B6803F00803082B2ED13E
:105C70006FF07E4300937B6D00224FF40011786833
:105C800000F08CF80346002B21D07B681B68BB63B7
:105C9000BB6B53E8003F7B637B6B23F080033B656A
:105CA0007B681B681A463B6D7B643A64396C7A6C7E
:105CB00041E80023FB63FB6B002BE6D17B682022CD
:105CC000DA677B68002283F87820032362E07B6830
:105CD0001B681B6803F00403042B49D16FF07E435B
:105CE00000937B6D00224FF48001786800F056F835
:105CF0000346002B3CD07B681B687B627B6A53E8C1
:105D0000003F3B623B6A23F49073FB647B681B6833
:105D10001A46FB6C3B63FA62F96A3A6B41E800236E
:105D2000BB62BB6A002BE6D17B681B6808333B6112
:105D30003B6953E8003FFB60FB6823F00103BB6451
:105D40007B681B680833BA6CFA61BB61B969FA6990
:105D500041E800237B617B69002BE5D17B68202231
:105D6000C3F880207B68002283F87820032311E0A9
:105D70007B682022DA677B682022C3F880207B685A
:105D800000221A667B6800225A667B68002283F82C
:105D90007820002318465837BD4680BD80B584B0B2
:105DA00000AFF860B9603B601346FB714FE0BB6920
:105DB000B3F1FF3F4BD0FDF739FA02463B68D31AE7
:105DC000BA699A4202D3BB69002B01D103234EE08A
:105DD000FB681B681B6803F00403002B37D0BB680B
:105DE000802B34D0BB68402B31D0FB681B68DB694B
:105DF00003F00803082B10D1FB681B6808221A6205
:105E0000F86800F0C5F9FB680822C3F88420FB6835
:105E1000002283F87820012329E0FB681B68DB69F6
:105E200003F40063B3F5006F11D1FB681B684FF4F6
:105E300000621A62F86800F0ABF9FB682022C3F830
:105E40008420FB68002283F8782003230FE0FB689E
:105E50001B68DA69BB681340BA689A420CBF012319
:105E60000023DBB21A46FB799A42A0D000231846E1
:105E70001037BD4680BD000080B497B000AFF86019
:105E8000B9601346FB80FB68BA685A65FB68FA88FC
:105E9000A3F85820FB68FA88A3F85A20FB68002270
:105EA0009A66FB689B68B3F5805F0ED1FB681B693F
:105EB000002B05D1FB6840F2FF12A3F85C202DE017
:105EC000FB68FF22A3F85C2028E0FB689B68002B9E
:105ED0000DD1FB681B69002B04D1FB68FF22A3F8DE
:105EE0005C201BE0FB687F22A3F85C2016E0FB68C7
:105EF0009B68B3F1805F0DD1FB681B69002B04D157
:105F0000FB687F22A3F85C2008E0FB683F22A3F82F
:105F10005C2003E0FB680022A3F85C20FB68002201
:105F2000C3F88420FB682222C3F88020FB681B682A
:105F30000833FB63FB6B53E8003FBB63BB6B43F071
:105F400001037B65FB681B6808337A6DBA647B6468
:105F5000796CBA6C41E800233B643B6C002BE5D1C3
:105F6000FB689B68B3F5805F07D1FB681B69002B5A
:105F700003D1FB68214A9A6602E0FB68204A9A66D0
:105F8000FB681B69002B19D0FB681B68BB62BB6AEE
:105F900053E8003F7B627B6A43F49073FB64FB68C9
:105FA0001B681A46FB6C7B633A63396B7A6B41E87A
:105FB0000023FB62FB6A002BE6D118E0FB681B683C
:105FC0007B617B6953E8003F3B613B6943F0200301
:105FD0003B65FB681B681A463B6D3B62FA61F969D9
:105FE0003A6A41E80023BB61BB69002BE6D100237C
:105FF00018465C37BD465DF8047B7047C7660008ED
:106000001F65000880B596B000AFF860B960134610
:10601000FB80FB68BA685A65FB68FA88A3F85820C9
:10602000FB680022C3F88420FB682222C3F880208A
:10603000FB685B6F002B28D0FB685B6F3E4ADA631E
:10604000FB685B6F3D4A1A64FB685B6F3C4ADA642D
:10605000FB685B6F00221A65FB68586FFB681B6862
:1060600024331946FB685B6D1A46FB88FCF782FBFC
:106070000346002B09D0FB681022C3F88420FB687C
:106080002022C3F88020012351E0FB681B69002B0C
:1060900018D0FB681B68FB63FB6B53E8003FBB63D6
:1060A000BB6B43F480737B65FB681B681A467B6D92
:1060B000BB647A64796CBA6C41E800233B643B6C46
:1060C000002BE6D1FB681B680833BB62BB6A53E850
:1060D000003F7B627B6A43F001033B65FB681B6802
:1060E00008333A6D7A633B63396B7A6B41E800237E
:1060F000FB62FB6A002BE5D1FB681B6808337B6100
:106100007B6953E8003F3B613B6943F04003FB641C
:10611000FB681B680833FA6C3A62FB61F9693A6AFA
:1061200041E80023BB61BB69002BE5D10023184681
:106130005837BD4680BD00BF59620008B7630008EC
:106140002964000880B489B000AF78607B681B6860
:10615000FB60FB6853E8003FBB60BB6823F0C003F3
:10616000FB617B681B681A46FB69BB617A617969D0
:10617000BA6941E800233B613B69002BE6D17B68AB
:106180002022DA6700BF2437BD465DF8047B7047E4
:1061900080B495B000AF78607B681B687B637B6BD5
:1061A00053E8003F3B633B6B23F49073FB647B68D5
:1061B0001B681A46FB6C3B64FA63F96B3A6C41E866
:1061C0000023BB63BB6B002BE6D17B681B680833E5
:1061D0003B623B6A53E8003FFB61FB6923F001032C
:1061E000BB647B681B680833BA6CFA62BB62B96A2D
:1061F000FA6A41E800237B627B6A002BE5D17B6869
:106200001B6E012B18D17B681B68FB60FB6853E891
:10621000003FBB60BB6823F010037B647B681B6896
:106220001A467B6CBB617A617969BA6941E80023DF
:106230003B613B69002BE6D17B682022C3F88020BC
:106240007B6800221A667B6800229A6600BF54377A
:10625000BD465DF8047B704780B59CB000AF7860A8
:106260007B689B6BFB667B68DB69B3F5807F71D0D5
:10627000FB6E0022A3F85A20FB6E1B68BB64BB6C4C
:1062800053E8003F7B647B6C23F48073BB66FB6E3A
:106290001B681A46BB6E7B653A65396D7A6D41E8BD
:1062A0000023FB64FB6C002BE6D1FB6E1B680833FC
:1062B0007B637B6B53E8003F3B633B6B23F0010345
:1062C0007B66FB6E1B6808337A6E3A64FB63F96B7E
:1062D0003A6C41E80023BB63BB6B002BE5D1FB6E3E
:1062E0001B6808333B623B6A53E8003FFB61FB6974
:1062F00023F040033B66FB6E1B6808333A6EFA627C
:10630000BB62B96AFA6A41E800237B627B6A002BB0
:10631000E5D1FB6E2022C3F88020FB6E1B6E012BA3
:1063200018D1FB6E1B68FB60FB6853E8003FBB6045
:10633000BB6823F01003FB65FB6E1B681A46FB6D00
:10634000BB617A617969BA6941E800233B613B69C5
:10635000002BE6D1FB6E00225A66FB6E1B6E012BF2
:1063600022D1FB6E0022A3F85A207B681B685B6871
:10637000A7F85A30FB6EB3F85830B7F85A209A4253
:1063800004D2FB6EB7F85A20A3F85A20FB6EB3F87C
:106390005820FB6EB3F85A309BB2D31A9BB2194601
:1063A000F86E1AF05BF802E0F86EFFF721F900BF13
:1063B0007037BD4680BD80B584B000AF78607B6823
:1063C0009B6BFB60FB6801225A66FB681B6E012B0E
:1063D00023D1FB68B3F858305B089AB2FB68A3F886
:1063E0005A207B681B685B687B81FB68B3F8583078
:1063F0007A899A4203D8FB687A89A3F85A20FB6805
:10640000B3F85820FB68B3F85A309BB2D31A9BB24A
:106410001946F8681AF022F802E0F868FFF7F2F877
:1064200000BF1037BD4680BD80B586B000AF786034
:106430007B689B6B7B617B69DB6F3B617B69D3F81E
:106440008030FB607B691B689B6803F08003802BB6
:1064500009D13B69212B06D17B690022A3F8522088
:106460007869FFF76FFE7B691B689B6803F0400348
:10647000402B09D1FB68222B06D17B690022A3F8AF
:106480005A207869FFF784FE7B69D3F8843043F0A3
:1064900010027B69C3F884207869FFF7BDF800BF5C
:1064A0001837BD4680BD80B584B000AF78607B688A
:1064B0009B6BFB60FB680022A3F85A20F868FFF78B
:1064C000ABF800BF1037BD4680BD80B588B000AFC7
:1064D00078607B681B68FB60FB6853E8003FBB602B
:1064E000BB6823F04003FB617B681B681A46FB69AD
:1064F000BB617A617969BA6941E800233B613B6914
:10650000002BE6D17B682022DA677B680022DA66FE
:106510007868FFF763F800BF2037BD4680BD80B5BF
:106520009CB000AF78607B68B3F85C30A7F86E3041
:106530007B68D3F88030222B40F0B9807B681B68E1
:106540005B6AA7F86C30B7F86C30D9B2B7F86E3028
:10655000DAB27B685B6D0A40D2B21A707B685B6D01
:106560005A1C7B685A657B68B3F85A309BB2013B72
:106570009AB27B68A3F85A207B68B3F85A309BB272
:10658000002B40F09C807B681B68FB64FB6C53E82D
:10659000003FBB64BB6C23F49073BB667B681B68D5
:1065A0001A46BB6EBB657A65796DBA6D41E800230A
:1065B0003B653B6D002BE6D17B681B680833BB63F2
:1065C000BB6B53E8003F7B637B6B23F001037B666F
:1065D0007B681B6808337A6E7A643B64396C7A6C2A
:1065E00041E80023FB63FB6B002BE5D17B68202295
:1065F000C3F880207B6800229A667B6800225A6676
:106600007B681B685B6803F40003002B18D07B6871
:106610001B687B627B6A53E8003F3B623B6A23F066
:1066200080633B667B681B681A463B6E3B63FA627D
:10663000F96A3A6B41E80023BB62BB6A002BE6D1E2
:106640007B681B6E012B2ED17B6800221A667B684B
:106650001B683B613B6953E8003FFB60FB6823F02C
:106660001003FB657B681B681A46FB6DFB61BA6112
:10667000B969FA6941E800237B617B69002BE6D1A7
:106680007B681B68DB6903F01003102B03D17B6868
:106690001B6810221A627B68B3F858301946786874
:1066A00019F0DCFE0BE07868FEF7A2FF07E07B68DC
:1066B0001B689A697B681B6842F008029A6100BFF8
:1066C0007037BD4680BD80B59CB000AF78607B68F8
:1066D000B3F85C30A7F86E307B68D3F88030222B9B
:1066E00040F0B9807B681B685B6AA7F86C307B68F8
:1066F0005B6DBB66B7F86C20B7F86E3013409AB28A
:10670000BB6E1A807B685B6D9A1C7B685A657B68E0
:10671000B3F85A309BB2013B9AB27B68A3F85A2077
:106720007B68B3F85A309BB2002B40F09C807B68AA
:106730001B68BB64BB6C53E8003F7B647B6C23F439
:1067400090737B667B681B681A467B6E7B653A6537
:10675000396D7A6D41E80023FB64FB6C002BE6D1B8
:106760007B681B6808337B637B6B53E8003F3B63AC
:106770003B6B23F001033B667B681B6808333A6E72
:106780003A64FB63F96B3A6C41E80023BB63BB6B73
:10679000002BE5D17B682022C3F880207B68002293
:1067A0009A667B6800225A667B681B685B6803F404
:1067B0000003002B18D07B681B683B623B6A53E8E0
:1067C000003FFB61FB6923F08063FB657B681B680E
:1067D0001A46FB6DFB62BA62B96AFA6A41E80023A5
:1067E0007B627B6A002BE6D17B681B6E012B2ED16E
:1067F0007B6800221A667B681B68FB60FB6853E8B5
:10680000003FBB60BB6823F01003BB657B681B685F
:106810001A46BB6DBB617A617969BA6941E80023A8
:106820003B613B69002BE6D17B681B68DB6903F0A9
:106830001003102B03D17B681B6810221A627B683F
:10684000B3F858301946786819F008FE0BE07868FC
:10685000FEF7CEFE07E07B681B689A697B681B68C1
:1068600042F008029A6100BF7037BD4680BD80B516
:106870008CB000AFF860B9601346FB80002387F846
:106880002F30FB68D3F88030202B3BD1BB68002B26
:1068900002D0FB88002B01D1012334E0FB680122E8
:1068A0001A66FB6800225A66FB881A46B968F868BF
:1068B000FFF7E2FAFB681B6E012B1DD1FB681B681A
:1068C00010221A62FB681B68BB61BB6953E8003F7A
:1068D0007B617B6943F01003BB62FB681B681A464F
:1068E000BB6A7B623A62396A7A6A41E80023FB61DB
:1068F000FB69002BE6D102E0012387F82F3097F8DF
:106900002F3000E0022318463037BD4680BD80B5E9
:106910008CB000AFF860B9601346FB80FB68D3F819
:106920008030202B42D1BB68002B02D0FB88002B8B
:1069300001D101233BE0FB6801221A66FB680022BB
:106940005A66FB881A46B968F868FFF75BFB03468E
:1069500087F82F3097F82F30002B24D1FB681B6E5F
:10696000012B1DD1FB681B6810221A62FB681B6893
:10697000BB61BB6953E8003F7B617B6943F0100357
:10698000BB62FB681B681A46BB6A7B623A62396A63
:106990007A6A41E80023FB61FB69002BE6D102E043
:1069A000012387F82F3097F82F3000E00223184694
:1069B0003037BD4680BD80B483B000AF78603960A9
:1069C0007B68002B0BD03B68DB68002B07D03B6853
:1069D0009B68002B03D03B681B69002B02D14FF052
:1069E000FF3314E03B681A687B689A603B685A681A
:1069F0007B68DA603B68DA687B685A613B689A6852
:106A00007B681A613B681A697B689A6100231846A3
:106A10000C37BD465DF8047B704780B586B000AF8B
:106A200078600023FB6000237B6100233B617B686F
:106A30005B68002B39D17B689B68002B02D07B6898
:106A40009B6898477B6820221A6000237B611CE0CA
:106A50007B685B6907F10C0212217869984703464D
:106A6000002B03DA6FF004033B610BE0FB6803F0DB
:106A70001F037A699A4205D17B687A691A600023FC
:106A80003B6105E07B6901337B617B691F2BDFD9AB
:106A90007B681B681F2B02D96FF002033B613B69C7
:106AA000002B02D17B6801225A603B6918461837D7
:106AB000BD4680BD80B584B000AF78600023FB6028
:106AC0007B685B697A68106807F10C0201219847BE
:106AD0000346002B02DA6FF004036EE07B685B690B
:106AE0007A68106807F10C02012198470346002BD1
:106AF00002DA6FF0040360E0FB6803F00403002B8C
:106B000001D1012359E07B685B697A68106807F15D
:106B10000C02002198470346002B02DA6FF00403B1
:106B20004BE0FB6803F48053002B1BD1FB6803F49C
:106B30000053002B06D0FB6803F48073002B01D0B8
:106B400002233AE0FB6803F40053002B01D0032337
:106B500033E0FB6803F48073002B01D004232CE0A6
:106B600005232AE07B685B697A68106807F10C02EC
:106B70001F2198470346002B02DA6FF004031CE044
:106B8000FB6803F48053002B01D1062315E0FB685A
:106B900003F01C03182B01D102230EE0FB6803F065
:106BA0001C03082B01D1032307E0FB6803F01C033F
:106BB000142B01D1042300E0052318461037BD46ED
:106BC00080BD80B483B000AF78607B6803F10802B9
:106BD0007B685A607B684FF0FF329A607B6803F1F4
:106BE00008027B68DA607B6803F108027B681A613F
:106BF0007B6800221A6000BF0C37BD465DF8047B3D
:106C0000704780B483B000AF78607B6800221A615F
:106C100000BF0C37BD465DF8047B704780B485B07B
:106C200000AF786039607B685B68FB603B68FA683E
:106C30005A60FB689A683B689A60FB689B683A6890
:106C40005A60FB683A689A603B687A681A617B68A8
:106C50001B685A1C7B681A6000BF1437BD465DF87C
:106C6000047B704780B485B000AF786039603B68C2
:106C70001B68BB60BB68B3F1FF3F03D17B681B6936
:106C8000FB600CE07B680833FB6002E0FB685B683C
:106C9000FB60FB685B681B68BA689A42F6D2FB68C7
:106CA0005A683B685A603B685B683A689A603B6820
:106CB000FA689A60FB683A685A603B687A681A61B9
:106CC0007B681B685A1C7B681A6000BF1437BD467E
:106CD0005DF8047B704780B485B000AF78607B6856
:106CE0001B69FB607B685B687A6892689A607B6866
:106CF0009B687A6852685A60FB685B687A689A4257
:106D000003D17B689A68FB685A607B6800221A612D
:106D1000FB681B685A1EFB681A60FB681B681846F4
:106D20001437BD465DF8047B7047000080B584B021
:106D300000AF786039607B68FB60FB68002B0DD189
:106D40004FF0500372B683F31188BFF36F8FBFF318
:106D50004F8F62B6BB6000BF00BFFDE703F0D6FBFC
:106D6000FB681A68FB68DB6BF968096C01FB03F3CD
:106D70001A44FB689A60FB6800229A63FB681A68F1
:106D8000FB685A60FB681A68FB68DB6B013BF968BB
:106D9000096C01FB03F31A44FB68DA60FB68FF220D
:106DA00083F84420FB68FF2283F845203B68002BD2
:106DB00014D1FB681B69002B1AD0FB6810331846EE
:106DC00001F00AFE0346002B12D00D4B4FF080520B
:106DD0001A60BFF34F8FBFF36F8F09E0FB6810336A
:106DE0001846FFF7EEFEFB6824331846FFF7E9FE6E
:106DF00003F0C2FB012318461037BD4680BD00BF1B
:106E000004ED00E080B58EB002AFF860B9607A6042
:106E10003B60FB68002B0DD14FF0500372B683F33B
:106E20001188BFF36F8FBFF34F8F62B6BB6200BF95
:106E300000BFFDE73B68002B0DD14FF0500372B649
:106E400083F31188BFF36F8FBFF34F8F62B67B62FE
:106E500000BF00BFFDE77B68002B02D0BB68002BA2
:106E600001D0012300E00023002B0DD14FF050038F
:106E700072B683F31188BFF36F8FBFF34F8F62B683
:106E80003B6200BF00BFFDE77B68002B02D1BB68FF
:106E9000002B01D1012300E00023002B0DD14FF086
:106EA000500372B683F31188BFF36F8FBFF34F8F18
:106EB00062B6FB6100BF00BFFDE750237B617B69C9
:106EC000502B0DD04FF0500372B683F31188BFF3EF
:106ED0006F8FBFF34F8F62B6BB6100BF00BFFDE78E
:106EE0007B693B68FB62FB6A002B0DD0FB6A0122C9
:106EF00083F8462097F83820FB6A009313467A6897
:106F0000B968F86800F048F8FB6A18463037BD46A3
:106F100080BD80B58AB002AFF860B9601346FB71DE
:106F2000FB68002B0DD14FF0500372B683F311882C
:106F3000BFF36F8FBFF34F8F62B63B6100BF00BFDF
:106F4000FDE7BB68002B02D10023FB6104E0FB6876
:106F5000BA6802FB03F3FB61FB695033184602F089
:106F6000C3FFB861BB69002B11D0BB697B617B6932
:106F700050337B61BB69002283F84620FA79BB69F4
:106F8000009313467A69B968F86800F005F8BB69A0
:106F900018462037BD4680BD80B584B000AFF8608C
:106FA000B9607A60FB70BB68002B03D1BB69BA691A
:106FB0001A6002E0BB697A681A60BB69FA68DA6332
:106FC000BB69BA681A640121B869FFF7AFFEBB69F3
:106FD000FA7883F84C2000BF1037BD4680BD80B5DD
:106FE00082B000AF78607B68002B0ED07B680022F7
:106FF0009A607B6800221A607B680022DA600023B6
:1070000000220021786800F01DF900BF0837BD4656
:1070100080BD80B586B000AF0346FB7101237B6164
:1070200000233B61FB791A4639697869FFF771FFE4
:10703000F860F868FFF7D3FFFB6818461837BD46BD
:1070400080BD80B588B002AF03463960FB71012373
:107050007B6100233B61FB7900933B680022396927
:107060007869FFF7CFFEF860F868FFF7B8FFFB68B4
:1070700018461837BD4680BD90B587B000AF786020
:107080007B683B613B69002B0DD14FF0500372B61A
:1070900083F31188BFF36F8FBFF34F8F62B6FB602E
:1070A00000BF00BFFDE73B699C6801F095FE034609
:1070B0009C4211D13B69DB685A1E3B69DA603B692F
:1070C000DB68002B05D1002300220021386900F085
:1070D000B9F801237B6101E000237B617B691846DD
:1070E0001C37BD4690BD90B587B000AF7860396061
:1070F0007B683B613B69002B0DD14FF0500372B6AA
:1071000083F31188BFF36F8FBFF34F8F62B6FB60BD
:1071100000BF00BFFDE73B699C6801F05DFE0346D0
:107120009C4207D13B69DB685A1C3B69DA6001234A
:107130007B610CE03968386900F0B2FB78617B69EB
:10714000002B04D03B69DB685A1C3B69DA607B6921
:1071500018461C37BD4690BD80B58AB002AFF860B6
:10716000B9607A60FB68002B0DD14FF0500372B606
:1071700083F31188BFF36F8FBFF34F8F62B6BB618C
:1071800000BF00BFFDE7BA68FB689A420DD94FF017
:10719000500372B683F31188BFF36F8FBFF34F8F25
:1071A00062B67B6100BF00BFFDE7022300937B68EE
:1071B00000220021F868FFF725FEF861FB69002B2B
:1071C00002D0FB69BA689A63FB6918462037BD464E
:1071D00080BD80B586B000AF786039607B68002BD9
:1071E0000DD14FF0500372B683F31188BFF36F8F48
:1071F000BFF34F8F62B63B6100BF00BFFDE73A6847
:107200007B689A420DD94FF0500372B683F3118810
:10721000BFF36F8FBFF34F8F62B6FB6000BF00BF3D
:10722000FDE7022200217868FFF773FE78617B6931
:10723000002B02D07B693A689A637B69184618373D
:10724000BD4680BD80B58EB000AFF860B9607A6091
:107250003B6000237B63FB683B633B6B002B0DD1E2
:107260004FF0500372B683F31188BFF36F8FBFF3F3
:107270004F8F62B6BB6200BF00BFFDE7BB68002B4B
:1072800003D13B6B1B6C002B01D1012300E00023D9
:10729000002B0DD14FF0500372B683F31188BFF36A
:1072A0006F8FBFF34F8F62B67B6200BF00BFFDE7F9
:1072B0003B68022B03D13B6BDB6B012B01D101231C
:1072C00000E00023002B0DD14FF0500372B683F382
:1072D0001188BFF36F8FBFF34F8F62B63B6200BF61
:1072E00000BFFDE701F088FD0346002B02D17B685B
:1072F000002B01D1012300E00023002B0DD14FF022
:10730000500372B683F31188BFF36F8FBFF34F8FB3
:1073100062B6FB6100BF00BFFDE703F0F7F83B6B0F
:107320009A6B3B6BDB6B9A4202D33B68022B29D1F1
:107330003A68B968386B00F08CFCF8623B6B5B6AAA
:10734000002B10D03B6B2433184601F045FB03465D
:10735000002B13D03F4B4FF080521A60BFF34F8F7A
:10736000BFF36F8F0AE0FB6A002B07D0394B4FF059
:1073700080521A60BFF34F8FBFF36F8F03F0FCF89A
:10738000012363E07B68002B03D103F0F5F80023B1
:107390005CE07B6B002B06D107F11403184601F06B
:1073A00081FB01237B6303F0E7F801F0A3F803F00E
:1073B000ADF83B6B93F844305BB2B3F1FF3F03D1C0
:1073C0003B6B002283F844203B6B93F845305BB263
:1073D000B3F1FF3F03D13B6B002283F8452003F05C
:1073E000CBF83A1D07F114031146184601F070FB63
:1073F0000346002B24D1386B00F023FD0346002BFD
:1074000018D03B6B10337A681146184601F08EFA9B
:10741000386B00F0AEFC01F07BF80346002B7FF4E4
:107420007CAF0C4B4FF080521A60BFF34F8FBFF30D
:107430006F8F72E7386B00F09CFC01F069F86CE725
:10744000386B00F096FC01F063F8002318463837DB
:10745000BD4680BD04ED00E080B58EB000AFF860A1
:10746000B9607A603B60FB683B633B6B002B0DD1DE
:107470004FF0500372B683F31188BFF36F8FBFF3E1
:107480004F8F62B67B6200BF00BFFDE7BB68002B79
:1074900003D13B6B1B6C002B01D1012300E00023C7
:1074A000002B0DD14FF0500372B683F31188BFF358
:1074B0006F8FBFF34F8F62B63B6200BF00BFFDE727
:1074C0003B68022B03D13B6BDB6B012B01D101230A
:1074D00000E00023002B0DD14FF0500372B683F370
:1074E0001188BFF36F8FBFF34F8F62B6FB6100BF90
:1074F00000BFFDE703F0F2F8EFF311824FF0500305
:1075000072B683F31188BFF36F8FBFF34F8F62B6EC
:10751000BA617B61BB69FB623B6B9A6B3B6BDB6B5C
:107520009A4202D33B68022B2CD13B6B93F8453037
:1075300087F82B303A68B968386B00F08AFB97F906
:107540002B30B3F1FF3F12D13B6B5B6A002B16D09F
:107550003B6B2433184601F03FFA0346002B0ED054
:107560007B68002B0BD07B6801221A6007E097F83C
:107570002B300133DBB25AB23B6B83F84520012339
:107580007B6301E000237B63FB6A3B613B6983F320
:10759000118800BF7B6B18463837BD4680BD80B56B
:1075A0008EB000AF786039607B683B633B6B002B2B
:1075B0000DD14FF0500372B683F31188BFF36F8F74
:1075C000BFF34F8F62B63B6200BF00BFFDE73B6B6E
:1075D0001B6C002B0DD04FF0500372B683F3118853
:1075E000BFF36F8FBFF34F8F62B6FB6100BF00BF69
:1075F000FDE73B6B1B68002B03D13B6B9B68002BAB
:1076000001D1012300E00023002B0DD14FF05003E6
:1076100072B683F31188BFF36F8FBFF34F8F62B6DB
:10762000BB6100BF00BFFDE703F058F8EFF3118224
:107630004FF0500372B683F31188BFF36F8FBFF31F
:107640004F8F62B67A613B617B69FB623B6B9B6BE0
:10765000BB623B6BDB6BBA6A9A422BD23B6B93F8F3
:10766000453087F82730BB6A5A1C3B6B9A6397F901
:107670002730B3F1FF3F12D13B6B5B6A002B16D072
:107680003B6B2433184601F0A7F90346002B0ED0BC
:107690003B68002B0BD03B6801221A6007E097F88B
:1076A00027300133DBB25AB23B6B83F8452001230C
:1076B0007B6301E000237B63FB6AFB60FB6883F371
:1076C000118800BF7B6B18463837BD4680BD00006F
:1076D00080B58CB000AFF860B9607A600023FB62BF
:1076E000FB68BB62BB6A002B0DD14FF0500372B632
:1076F00083F31188BFF36F8FBFF34F8F62B63B6286
:1077000000BF00BFFDE7BB68002B03D1BB6A1B6C49
:10771000002B01D1012300E00023002B0DD14FF0FD
:10772000500372B683F31188BFF36F8FBFF34F8F8F
:1077300062B6FB6100BF00BFFDE701F05DFB0346E1
:10774000002B02D17B68002B01D1012300E0002334
:10775000002B0DD14FF0500372B683F31188BFF3A5
:107760006F8FBFF34F8F62B6BB6100BF00BFFDE7F5
:1077700002F0CCFEBB6A9B6B7B627B6A002B1FD046
:10778000B968B86A00F0CFFA7B6A5A1EBB6A9A637E
:10779000BB6A1B69002B0FD0BB6A1033184601F07F
:1077A0001BF90346002B07D03C4B4FF080521A6068
:1077B000BFF34F8FBFF36F8F02F0DEFE012369E04E
:1077C0007B68002B03D102F0D7FE002362E0FB6A46
:1077D000002B06D107F11003184601F063F90123CD
:1077E000FB6202F0C9FE00F085FE02F08FFEBB6A6C
:1077F00093F844305BB2B3F1FF3F03D1BB6A002280
:1078000083F84420BB6A93F845305BB2B3F1FF3F85
:1078100003D1BB6A002283F8452002F0ADFE3A1D79
:1078200007F110031146184601F052F90346002BE8
:1078300023D1B86A00F0EFFA0346002B17D0BB6AD9
:1078400024337A681146184601F070F8B86A00F0DF
:1078500090FA00F05DFE0346002B89D10F4B4FF0EC
:1078600080521A60BFF34F8FBFF36F8F80E7B86A03
:1078700000F07FFA00F04CFE7AE7B86A00F079FA7F
:1078800000F046FEB86A00F0C6FA0346002B3FF44B
:107890006FAF002318463037BD4680BD04ED00E0D1
:1078A00080B58EB000AF7860396000237B637B6861
:1078B000FB6200233B63FB6A002B0DD14FF05003AA
:1078C00072B683F31188BFF36F8FBFF34F8F62B629
:1078D0003B6200BF00BFFDE7FB6A1B6C002B0DD0B5
:1078E0004FF0500372B683F31188BFF36F8FBFF36D
:1078F0004F8F62B6FB6100BF00BFFDE701F07CFA6D
:107900000346002B02D13B68002B01D1012300E08C
:107910000023002B0DD14FF0500372B683F3118872
:10792000BFF36F8FBFF34F8F62B6BB6100BF00BF65
:10793000FDE702F0EBFDFB6A9B6BBB62BB6A002BB1
:1079400024D0BB6A5A1EFB6A9A63FB6A1B68002B31
:1079500004D101F01BFC0246FB6A9A60FB6A1B69BA
:10796000002B0FD0FB6A1033184601F035F80346A0
:10797000002B07D0554B4FF080521A60BFF34F8F4A
:10798000BFF36F8F02F0F8FD01239AE03B68002BF4
:1079900014D13B6B002B0DD04FF0500372B683F324
:1079A0001188BFF36F8FBFF34F8F62B67B6100BF4B
:1079B00000BFFDE702F0E0FD002382E07B6B002BBF
:1079C00006D107F10C03184601F06CF801237B6324
:1079D00002F0D2FD00F08EFD02F098FDFB6A93F8F4
:1079E00044305BB2B3F1FF3F03D1FB6A002283F85E
:1079F0004420FB6A93F845305BB2B3F1FF3F03D1FB
:107A0000FB6A002283F8452002F0B6FD3A4607F1F2
:107A10000C031146184601F05BF80346002B32D1E7
:107A2000F86A00F0F8F90346002B26D0FB6A1B68C1
:107A3000002B09D102F06AFDFB6A9B68184601F031
:107A4000F9F9386302F098FDFB6A24333A6811466D
:107A5000184600F06BFFF86A00F08BF900F058FD53
:107A60000346002B7FF465AF184B4FF080521A602D
:107A7000BFF34F8FBFF36F8F5BE7F86A00F079F9C0
:107A800000F046FD55E7F86A00F073F900F040FD9C
:107A9000F86A00F0C0F90346002B3FF44AAF3B6B95
:107AA000002B0DD002F032FDF86A00F0BAF87862CF
:107AB000FB6A9B68796A184601F0C8FA02F05CFD1F
:107AC000002318463837BD4680BD00BF04ED00E0F6
:107AD00080B58EB000AFF860B9607A60FB683B6338
:107AE0003B6B002B0DD14FF0500372B683F311881E
:107AF000BFF36F8FBFF34F8F62B63B6200BF00BF13
:107B0000FDE7BB68002B03D13B6B1B6C002B01D145
:107B1000012300E00023002B0DD14FF0500372B67B
:107B200083F31188BFF36F8FBFF34F8F62B6FB6192
:107B300000BF00BFFDE702F0D1FDEFF311824FF06F
:107B4000500372B683F31188BFF36F8FBFF34F8F6B
:107B500062B6BA617B61BB69FB623B6B9B6BBB62CC
:107B6000BB6A002B2FD03B6B93F8443087F827304B
:107B7000B968386B00F0D7F8BB6A5A1E3B6B9A6342
:107B800097F92730B3F1FF3F12D13B6B1B69002BF4
:107B900016D03B6B1033184600F01EFF0346002B37
:107BA0000ED07B68002B0BD07B6801221A6007E0A7
:107BB00097F827300133DBB25AB23B6B83F844208D
:107BC00001237B6301E000237B63FB6A3B613B692C
:107BD00083F3118800BF7B6B18463837BD4680BDE4
:107BE00080B584B000AF78607B68002B0DD14FF07A
:107BF000500372B683F31188BFF36F8FBFF34F8FBB
:107C000062B6BB6000BF00BFFDE702F07FFC7B688F
:107C10009B6BFB6002F0B0FCFB6818461037BD465A
:107C200080BD80B485B000AF78607B685B6A002B54
:107C300006D07B681B6B1B68C3F11403FB6001E07B
:107C40000023FB60FB6818461437BD465DF8047BD3
:107C5000704780B586B000AFF860B9607A600023E5
:107C60007B61FB689B6B3B61FB681B6C002B0DD140
:107C7000FB681B68002B4DD1FB689B68184601F020
:107C800059F97861FB6800229A6043E07B68002B19
:107C900019D1FB685868FB681B6C1A46B96820F05C
:107CA000C2FAFB685A68FB681B6C1A44FB685A608E
:107CB000FB685A68FB689B689A422BD3FB681A687A
:107CC000FB685A6026E0FB68D868FB681B6C1A46A4
:107CD000B96820F0A8FAFB68DA68FB681B6C5B42A5
:107CE0001A44FB68DA60FB68DA68FB681B689A4232
:107CF00007D2FB689A68FB681B6C5B421A44FB68FE
:107D0000DA607B68022B05D13B69002B02D03B690E
:107D1000013B3B613B695A1CFB689A637B691846CF
:107D20001837BD4680BD80B582B000AF786039603D
:107D30007B681B6C002B18D07B68DA687B681B6C37
:107D40001A447B68DA607B68DA687B689B689A42D1
:107D500003D37B681A687B68DA607B68D9687B68C4
:107D60001B6C1A46386820F05EFA00BF0837BD4623
:107D700080BD80B584B000AF786002F0C7FB7B683F
:107D800093F84530FB7311E07B685B6A002B12D0DF
:107D90007B682433184600F01FFE0346002B01D0F9
:107DA00000F0FEFEFB7B013BDBB2FB7397F90F306B
:107DB000002BE9DC00E000BF7B68FF2283F8452050
:107DC00002F0DAFB02F0A2FB7B6893F84430BB734D
:107DD00011E07B681B69002B12D07B6810331846BA
:107DE00000F0FAFD0346002B01D000F0D9FEBB7B6A
:107DF000013BDBB2BB7397F90E30002BE9DC00E0EE
:107E000000BF7B68FF2283F8442002F0B5FB00BF6F
:107E10001037BD4680BD80B584B000AF786002F0F9
:107E200075FB7B689B6B002B02D10123FB6001E09B
:107E30000023FB6002F0A0FBFB6818461037BD462C
:107E400080BD80B584B000AF786002F05FFB7B68D6
:107E50009A6B7B68DB6B9A4202D10123FB6001E0E5
:107E60000023FB6002F088FBFB6818461037BD4614
:107E700080BD000080B485B000AF78603960002319
:107E8000FB6014E00F4AFB6852F83330002B0BD133
:107E90000C49FB683A6841F833200A4AFB68DB006A
:107EA00013447A685A6006E0FB680133FB60FB68A4
:107EB0000F2BE7D900BF00BF1437BD465DF8047B28
:107EC000704700BFE00A002080B586B000AFF860C0
:107ED000B9607A60FB687B6102F018FB7B6993F8FC
:107EE00044305BB2B3F1FF3F03D17B69002283F8DA
:107EF00044207B6993F845305BB2B3F1FF3F03D177
:107F00007B69002283F8452002F036FB7B699B6B7E
:107F1000002B06D17B6924337A68B968184600F0D3
:107F20002DFD7869FFF725FF00BF1837BD4680BDDE
:107F300080B58EB004AFF860B9607A603B607B6B4F
:107F4000002B0DD14FF0500372B683F31188BFF3AD
:107F50006F8FBFF34F8F62B63B6200BF00BFFDE77C
:107F6000BB6B002B0DD14FF0500372B683F3118819
:107F7000BFF36F8FBFF34F8F62B6FB6100BF00BFCF
:107F8000FDE75C233B613B695C2B0DD04FF0500358
:107F900072B683F31188BFF36F8FBFF34F8F62B652
:107FA000BB6100BF00BFFDE73B69BB6B002B1ED070
:107FB0007B6B002B1BD0BB6B7B627B6A7A6B1A637B
:107FC0007B6A022283F85920002303937B6A029381
:107FD00007F1140301933B6B00933B687A68B9681F
:107FE000F86800F050F8786A00F0E0F801E000234B
:107FF0007B617B6918462837BD4680BD80B58CB053
:1080000004AFF860B9603B601346FB80FB889B00BF
:10801000184601F069FF78617B69002B0ED05C2067
:1080200001F062FFF861FB69002B03D0FB697A69FC
:108030001A6305E0786902F029F801E00023FB618A
:10804000FB69002B17D0FB69002283F85920FA88BE
:1080500000230393FB690293FB6A0193BB6A0093BD
:108060003B68B968F86800F00EF8F86900F09EF80F
:108070000123BB6102E04FF0FF33BB61BB691846CF
:108080002037BD4680BD80B588B000AFF860B960CC
:108090007A603B603B6B186B7B689B001A46A5219E
:1080A0001FF08BF93B6B1A6B79686FF040430B4400
:1080B0009B001344BB61BB6923F00703BB61BB6931
:1080C00003F00703002B0DD04FF0500372B683F37B
:1080D0001188BFF36F8FBFF34F8F62B67B6100BF14
:1080E00000BFFDE7BB68002B1FD00023FB6112E03F
:1080F000BA68FB69134419783A6BFB69134434334B
:108100000A461A70BA68FB6913441B78002B06D024
:10811000FB690133FB61FB690F2BE9D900E000BF6C
:108120003B6B002283F8432003E03B6B002283F883
:108130003420BB6A132B01D91323BB623B6BBA6A91
:10814000DA623B6BBA6ADA643B6B00221A653B6BFE
:1081500004331846FEF755FD3B6B18331846FEF7FF
:1081600050FD3B6B3A6B1A61BB6AC3F114023B6B67
:108170009A613B6B3A6B5A623B6B00225A653B6BD0
:10818000002283F858203A68F968B86902F0B2F81A
:1081900002463B6B1A60FB6A002B02D0FB6A3A6B0B
:1081A0001A6000BF2037BD4680BD000080B582B098
:1081B00000AF786002F0AAF92C4B1B6801332B4A00
:1081C00013602B4B1B68002B09D1294A7B68136075
:1081D000264B1B68012B10D100F006FD0DE0254B4E
:1081E0001B68002B09D1224B1B68DA6A7B68DB6AAB
:1081F0009A4202D81E4A7B6813601F4B1B680133EA
:108200001D4A13601C4B1A687B685A647B68DB6AE2
:1082100001229A40194B1B681343184A13607B686C
:10822000DA6A13469B0013449B00154A1A447B6884
:10823000043319461046FEF7F1FC02F09DF90D4B90
:108240001B68002B0ED00A4B1B68DA6A7B68DB6A5E
:108250009A4207D20B4B4FF080521A60BFF34F8FF8
:10826000BFF36F8F00BF0837BD4680BD640D00208F
:10827000600B0020700D0020800D00206C0D002090
:10828000640B002004ED00E080B584B000AF78609E
:1082900002F03CF97B68002B02D13A4B1B6800E0EE
:1082A0007B68FB60FB6804331846FEF714FD034649
:1082B000002B15D1FB68DA6A334913469B0013443F
:1082C0009B000B441B68002B0AD1FB68DB6A012270
:1082D00002FA03F3DA432D4B1B6813402B4A136059
:1082E000FB689B6A002B04D0FB6818331846FEF726
:1082F000F2FC274B1B680133254A1360214B1B6896
:10830000FA689A420BD1FB68043319462148FEF7FC
:1083100085FC214B1B6801331F4A136009E01F4B8A
:108320001B68013B1D4A1360F86800F003FD00F074
:1083300033FD02F021F91A4B1B68002B1ED0114BA4
:108340001B68FA689A4219D1164B1B68002B0DD096
:108350004FF0500372B683F31188BFF36F8FBFF3F2
:108360004F8F62B6BB6000BF00BFFDE70E4B4FF002
:1083700080521A60BFF34F8FBFF36F8F00BF10376B
:10838000BD4680BD600B0020640B00206C0D0020FA
:10839000800D0020380D00204C0D0020640D0020C1
:1083A000700D00208C0D002004ED00E080B584B03D
:1083B00000AF78600023FB607B68002B1AD0154B60
:1083C0001B68002B0DD04FF0500372B683F3118859
:1083D000BFF36F8FBFF34F8F62B6BB6000BF00BFAC
:1083E000FDE700F087F80021786800F0E3FE00F078
:1083F0008FF8F860FB68002B07D1074B4FF08052D5
:108400001A60BFF34F8FBFF36F8F00BF1037BD46A9
:1084100080BD00BF8C0D002004ED00E080B58AB067
:1084200004AF0023BB6000237B603A46391D07F18F
:108430000803184610F07CFA39687B68BA68029223
:1084400001930023009300230A4624492448FFF7A0
:108450006FFD0346234A1360224B1B68002B02D09A
:1084600001237B6101E000237B617B69012B02D149
:1084700000F006FF78617B69012B18D14FF05003A3
:1084800072B683F31188BFF36F8FBFF34F8F62B65D
:108490003B6100BF144B4FF0FF321A60134B0122B7
:1084A0001A60134B00221A6001F0B2FF11E07B69E1
:1084B000B3F1FF3F0DD14FF0500372B683F3118833
:1084C000BFF36F8FBFF34F8F62B6FB6000BF00BF7B
:1084D000FDE700BF1837BD4680BD00BFE099020828
:1084E000B98B0008880D0020840D0020700D00203D
:1084F000680D002080B400AF044B1B680133034AB1
:10850000136000BFBD465DF8047B70478C0D0020F2
:1085100080B584B000AF0023FB600023BB60434BF9
:108520001B68002B0DD14FF0500372B683F31188F6
:10853000BFF36F8FBFF34F8F62B63B6000BF00BFCA
:10854000FDE701F0E3FF394B1B68013B374A13603D
:10855000364B1B68002B61D1354B1B68002B5DD05F
:108560002EE0344BDB68DB68FB60FB681833184691
:10857000FEF7B1FBFB6804331846FEF7ACFBFB6863
:10858000DB6A01229A402C4B1B6813432A4A136072
:10859000FB68DA6A13469B0013449B00274A1A447F
:1085A000FB68043319461046FEF738FBFB68DA6AAD
:1085B000234B1B68DB6A9A4202D3224B01221A60CA
:1085C0001C4B1B68002BCCD1FB68002B01D000F0AA
:1085D000E3FB1D4B1B687B607B68002B10D000F019
:1085E00065F80346002B02D0164B01221A607B6807
:1085F000013B7B607B68002BF1D1134B00221A609A
:10860000104B1B68002B09D00123BB600F4B4FF0B0
:1086100080521A60BFF34F8FBFF36F8F01F0ACFF32
:10862000BB6818461037BD4680BD00BF8C0D0020CA
:10863000640D0020240D00206C0D0020640B002030
:10864000600B0020780D0020740D002004ED00E088
:1086500080B483B000AF054B1B687B607B68184615
:108660000C37BD465DF8047B704700BF680D0020E5
:1086700080B582B000AF02F031F800237B60044B7C
:108680001B683B603B6818460837BD4680BD00BF8D
:10869000680D002080B400AF034B1B681846BD4630
:1086A0005DF8047B704700BF640D002080B586B084
:1086B00000AF00237B61504B1B68002B40F08B8088
:1086C0004E4B1B6801333B614C4A3B6913603B696D
:1086D000002B23D14A4B1B681B68002B0DD04FF099
:1086E000500372B683F31188BFF36F8FBFF34F8FC0
:1086F00062B63B6000BF00BFFDE7414B1B68FB60FB
:10870000404B1B683E4A13603E4AFB6813603E4B79
:108710001B6801333C4A136000F03EFB3B4B1B6877
:108720003A699A4248D3364B1B681B68002B04D128
:10873000364B4FF0FF321A603EE0314B1B68DB686E
:10874000DB68BB60BB685B687B603A697B689A42A8
:1087500003D22E4A7B6813602EE0BB6804331846B0
:10876000FEF7B9FABB689B6A002B04D0BB681833CC
:108770001846FEF7B0FABB68DB6A01229A40244B28
:108780001B681343224A1360BB68DA6A13469B00D6
:1087900013449B001F4A1A44BB6804331946104611
:1087A000FEF73CFABB68DA6A1B4B1B68DB6A9A422D
:1087B000B9D301237B61B6E7174B1B68DA6A154909
:1087C00013469B0013449B000B441B68012B07D9E5
:1087D00001237B6104E0114B1B6801330F4A1360D6
:1087E0000F4B1B68002B01D001237B617B6918466E
:1087F0001837BD4680BD00BF8C0D0020680D0020DD
:108800001C0D0020200D00207C0D0020840D002078
:108810006C0D0020640B0020600B0020740D002004
:10882000780D002080B588B000AF3B4B1B68002B53
:1088300003D03A4B01221A6069E0384B00221A60DB
:10884000374B1B681B6BFB614FF0A533BB61FB69AA
:108850001B68BA699A4211D1FB6904331B68BA6973
:108860009A420BD1FB6908331B68BA699A4205D159
:10887000FB690C331B68BA699A4208D0284B1A6806
:10888000274B1B6834331946104610F025F8254B4A
:108890001B68FB60FB68B3FA83F3FB72FB7AC3F1DE
:1088A0001F037B6120497A6913469B0013449B0098
:1088B0000B441B68002B0DD14FF0500372B683F3AD
:1088C0001188BFF36F8FBFF34F8F62B67B6000BF1D
:1088D00000BFFDE77A6913469B0013449B00124AD0
:1088E00013443B613B695B685A683B695A603B696A
:1088F0005A683B6908339A4204D13B695B685A68FD
:108900003B695A603B695B68DB68054A136000BFDE
:108910002037BD4680BD00BF8C0D0020780D0020A3
:10892000600B00206C0D0020640B002080B584B02B
:1089300000AF786039607B68002B0DD14FF0500399
:1089400072B683F31188BFF36F8FBFF34F8F62B698
:10895000FB6000BF00BFFDE7074B1B6818331946DB
:108960007868FEF77FF90121386800F023FC00BF2A
:108970001037BD4680BD00BF600B002080B586B0BB
:1089800000AFF860B9607A60FB68002B0DD14FF042
:10899000500372B683F31188BFF36F8FBFF34F8F0D
:1089A00062B67B6100BF00BFFDE70A4B1B6818334E
:1089B0001946F868FEF732F97B68002B02D04FF0B9
:1089C000FF33BB607968B86800F0F4FB00BF18376C
:1089D000BD4680BD600B002080B586B000AF7860DA
:1089E0007B68DB68DB683B613B69002B0DD14FF096
:1089F000500372B683F31188BFF36F8FBFF34F8FAD
:108A000062B6FB6000BF00BFFDE73B691833184644
:108A1000FEF761F91D4B1B68002B1CD13B69043329
:108A20001846FEF758F93B69DB6A01229A40184B59
:108A30001B681343164A13603B69DA6A13469B00AE
:108A400013449B00134A1A443B69043319461046E9
:108A5000FEF7E4F805E03B69183319460E48FEF7C7
:108A6000DDF83B69DA6A0D4B1B68DB6A9A4205D96F
:108A700001237B610A4B01221A6001E000237B6124
:108A80007B6918461837BD4680BD00BF8C0D00209D
:108A90006C0D0020640B0020240D0020600B0020D2
:108AA000780D002080B483B000AF7860064B1A6860
:108AB0007B681A60054B1A687B685A6000BF0C37E8
:108AC000BD465DF8047B70477C0D0020680D0020DA
:108AD00080B588B000AF786039607B68002B0DD11D
:108AE0004FF0500372B683F31188BFF36F8FBFF35B
:108AF0004F8F62B63B6100BF00BFFDE73B68002BB4
:108B00000DD14FF0500372B683F31188BFF36F8F0E
:108B1000BFF34F8F62B6FB6000BF00BFFDE701F0FF
:108B2000F5FC1D4B1B68BB617B685B68BA69D31A97
:108B30007B613B681B68B3F1FF3F02D10023FB61FF
:108B400023E07B681A68154B1B689A4207D07B6844
:108B50005B68BA699A4202D30123FB6115E03B6866
:108B60001B687A699A420BD23B681A687B69D21AF1
:108B70003B681A607868FFF795FF0023FB6104E00B
:108B80003B6800221A600123FB6101F0F5FCFB69E0
:108B900018462037BD4680BD680D00207C0D0020A2
:108BA00080B400AF034B01221A6000BFBD465DF8E0
:108BB000047B7047780D002080B582B000AF7860EC
:108BC00000F052F8064B1B68012BF9D9054B4FF00A
:108BD00080521A60BFF34F8FBFF36F8FF0E700BF73
:108BE000640B002004ED00E080B582B000AF0023EC
:108BF0007B600CE07A6813469B0013449B00124A8A
:108C000013441846FDF7DDFF7B6801337B607B680A
:108C1000132BEFD90D48FDF7D4FF0D48FDF7D1FF19
:108C20000C48FDF7CEFF0C48FDF7CBFF0B48FDF7D6
:108C3000C8FF0B4B054A1A600A4B054A1A6000BF71
:108C40000837BD4680BD00BF640B0020F40C002037
:108C5000080D0020240D0020380D0020500D0020AC
:108C60001C0D0020200D002080B582B000AF19E05F
:108C700001F04CFC104BDB68DB687B607B680433E5
:108C80001846FEF728F80D4B1B68013B0B4A136092
:108C90000B4B1B68013B0A4A136001F06DFC7868BE
:108CA00000F048F8064B1B68002BE1D100BF00BF65
:108CB0000837BD4680BD00BF380D0020640D002080
:108CC0004C0D002080B485B000AF78600023FB60BD
:108CD00005E07B6801337B60FB680133FB607B68E8
:108CE0001B78A52BF5D0FB689B08FB60FB689BB24B
:108CF00018461437BD465DF8047B704780B586B0D2
:108D000000AF78607B68002B02D1094B1B6800E044
:108D10007B687B617B691B6B3B613869FFF7D2FF26
:108D20000346FB60FB6818461837BD4680BD00BF90
:108D3000600B002080B584B000AF78607B6893F84A
:108D40005930002B08D17B681B6B184601F09EF947
:108D5000786801F09BF91BE07B6893F85930012B90
:108D600003D1786801F092F912E07B6893F85930EA
:108D7000022B0DD04FF0500372B683F31188BFF36E
:108D80006F8FBFF34F8F62B6FB6000BF00BFFDE780
:108D900000BF1037BD4680BD80B483B000AF0C4B20
:108DA0001B681B68002B04D10A4B4FF0FF321A607E
:108DB00008E0074B1B68DB68DB687B607B685B68EF
:108DC000044A136000BF0C37BD465DF8047B704752
:108DD0001C0D0020840D002080B483B000AF054B33
:108DE0001B687B607B6818460C37BD465DF8047BCA
:108DF000704700BF600B002080B483B000AF0B4B06
:108E00001B68002B02D101237B6008E0084B1B6824
:108E1000002B02D102237B6001E000237B607B6892
:108E200018460C37BD465DF8047B7047700D002076
:108E30008C0D002080B584B000AF78607B68BB608B
:108E40000023FB607B68002B69D0BB68DA6A364B75
:108E50001B68DB6A9A4259D2BB689B69002B06DB10
:108E6000314B1B68DB6AC3F11402BB689A61BB68B3
:108E70005969BB68DA6A13469B0013449B002B4A6E
:108E8000134499423AD1BB6804331846FDF723FFD7
:108E90000346002B15D1BB68DA6A244913469B00B0
:108EA00013449B000B441B68002B0AD1BB68DB6A90
:108EB000012202FA03F3DA431D4B1B6813401C4ADC
:108EC0001360194B1B68DA6ABB68DA62BB68DB6A3D
:108ED00001229A40164B1B681343154A1360BB6866
:108EE000DA6A13469B0013449B00104A1A44BB687D
:108EF000043319461046FDF791FE04E00A4B1B6847
:108F0000DA6ABB68DA620123FB6008E0BB68DA6CEE
:108F1000054B1B68DB6A9A4201D20123FB60FB68A8
:108F200018461037BD4680BD600B0020640B002042
:108F30006C0D002080B586B000AF78607B683B6127
:108F400000237B617B68002B74D03D4B1B683A6922
:108F50009A420DD04FF0500372B683F31188BFF3DD
:108F60006F8FBFF34F8F62B6FB6000BF00BFFDE79E
:108F70003B691B6D002B0DD14FF0500372B683F38C
:108F80001188BFF36F8FBFF34F8F62B6BB6000BF16
:108F900000BFFDE73B691B6D5A1E3B691A653B69C3
:108FA000DA6A3B69DB6C9A4244D03B691B6D002B4B
:108FB00040D13B6904331846FDF78DFE0346002B74
:108FC00015D13B69DA6A1F4913469B0013449B0085
:108FD0000B441B68002B0AD13B69DB6A012202FAB1
:108FE00003F3DA43184B1B681340174A13603B69BD
:108FF000DA6C3B69DA623B69DB6AC3F114023B69F4
:109000009A613B69DB6A01229A400F4B1B6813434C
:109010000D4A13603B69DA6A13469B0013449B00B8
:10902000084A1A443B69043319461046FDF7F6FD19
:1090300001237B617B6918461837BD4680BD00BFA0
:10904000600B0020640B00206C0D002080B588B000
:1090500000AF786039607B68BB6101237B617B680E
:10906000002B00F08980BB691B6D002B0DD14FF0E8
:10907000500372B683F31188BFF36F8FBFF34F8F26
:1090800062B6FB6000BF00BFFDE7BB69DB6C3A68FE
:109090009A4202D93B68FB6102E0BB69DB6CFB6171
:1090A000BB69DB6AFA699A4266D0BB691B6D7A6953
:1090B0009A4261D1324B1B68BA699A420DD14FF086
:1090C000500372B683F31188BFF36F8FBFF34F8FD6
:1090D00062B6BB6000BF00BFFDE7BB69DB6A3B61F6
:1090E000BB69FA69DA62BB699B69002B04DBFB6927
:1090F000C3F11402BB699A61BB6959693A691346A5
:109100009B0013449B001F4A1344994234D1BB690E
:1091100004331846FDF7DFFD0346002B15D1BB696C
:10912000DA6A184913469B0013449B000B441B68E2
:10913000002B0AD1BB69DB6A012202FA03F3DA438E
:10914000114B1B681340104A1360BB69DB6A012294
:109150009A400D4B1B6813430B4A1360BB69DA6AD4
:1091600013469B0013449B00064A1A44BB69043310
:1091700019461046FDF752FD00BF2037BD4680BDA1
:10918000600B0020640B00206C0D002080B400AF49
:10919000074B1B68002B04D0054B1B681A6D01326E
:1091A0001A65034B1B681846BD465DF8047B704783
:1091B000600B002080B584B000AF78603960294B27
:1091C0001B68FB60284B1B6804331846FDF783FDC2
:1091D0000346002B0BD1244B1B68DB6A012202FAE9
:1091E00003F3DA43214B1B681340204A13607B686A
:1091F000B3F1FF3F0AD13B68002B07D01A4B1B6825
:10920000043319461A48FDF709FD26E0FA687B6821
:109210001344BB60144B1B68BA685A60BA68FB6899
:109220009A4209D2134B1A680F4B1B680433194634
:109230001046FDF717FD10E00F4B1A680A4B1B682C
:10924000043319461046FDF70DFD0C4B1B68BA6838
:109250009A4202D2094ABB68136000BF1037BD466C
:1092600080BD00BF680D0020600B00206C0D002049
:10927000500D0020200D00201C0D0020840D00202A
:1092800080B58AB004AF00237B6100F003FB1E4B66
:109290001B68002B21D00023FB600023BB603A1D1C
:1092A00007F1080107F10C0318460FF05BFB796822
:1092B000BB68FA68029201930423009300230A46D4
:1092C00012491348FEF734FE0346124A1360114B4D
:1092D0001B68002B01D001237B617B69002B0DD122
:1092E0004FF0500372B683F31188BFF36F8FBFF353
:1092F0004F8F62B63B6100BF00BFFDE77B69184638
:109300001837BD4680BD00BFC00D0020E899020897
:1093100059940008C40D002080B58AB000AFF860F1
:10932000B9607A603B6000237B62FB68002B0DD143
:109330004FF0500372B683F31188BFF36F8FBFF302
:109340004F8F62B63B6200BF00BFFDE7194B1B6841
:10935000002B2AD0BB687B617B68BB61FB68FB612B
:10936000BB68052B18DCFFF747FD0346022B09D12C
:10937000104B186807F1140100233A6BFDF762FFE8
:10938000786212E00B4B186807F1140100230022E9
:10939000FDF758FF786208E0064B186807F11401E2
:1093A00000233A68FEF758F878627B6A1846283737
:1093B000BD4680BDC00D002080B588B002AF78608A
:1093C0003960244B1B68DB68DB687B617B69043395
:1093D0001846FDF780FC7B6993F8283003F00403FE
:1093E000002B25D07B699A697B68D1187B683A6825
:1093F000786900F0D7F80346002B22D000230093B1
:1094000000237A6800217869FFF786FF38613B699D
:10941000002B16D14FF0500372B683F31188BFF3BF
:109420006F8FBFF34F8F62B6FB6000BF00BFFDE7D9
:109430007B6993F8283023F00103DAB27B6983F863
:1094400028207B691B6A7869984700BF1837BD469A
:1094500080BD00BFB80D002080B584B000AF78603B
:1094600007F10803184600F059F8F860BB68194680
:10947000F86800F005F800F0D7F800BFF0E700004A
:1094800080B584B000AF78603960FFF733F807F13A
:109490000803184600F066F8F860BB68002B30D16E
:1094A0003B68002B0AD17A68FB689A4206D8FFF71E
:1094B0002FF8F9687868FFF77FFF24E03B68002BFE
:1094C00008D0134B1B681B68002B01D1012300E05F
:1094D00000233B600F4B18687A68FB68D31A3A6820
:1094E0001946FEF7F1FCFFF713F80346002B0AD1EB
:1094F000094B4FF080521A60BFF34F8FBFF36F8F4D
:1095000001E0FFF705F800BF1037BD4680BD00BF82
:10951000BC0D0020C00D002004ED00E080B485B03B
:1095200000AF78600E4B1B681B68002B01D1012235
:1095300000E000227B681A607B681B68002B05D165
:10954000074B1B68DB681B68FB6001E00023FB60C6
:10955000FB6818461437BD465DF8047B704700BFB2
:10956000B80D002080B584B000AF7860FFF770F8C8
:10957000F8600B4B1B68FA689A4205D200F022F99A
:109580007B6801221A6002E07B6800221A60044AAC
:10959000FB681360FB6818461037BD4680BD00BFEE
:1095A000C80D002080B586B000AFF860B9607A6061
:1095B0003B6000237B61FB68BA685A60FB68FA680D
:1095C0001A61BA687B689A4212D87A683B68D21AE4
:1095D000FB689B699A4202D301237B611BE0104B1D
:1095E0001A68FB68043319461046FDF73BFB12E08E
:1095F0007A683B689A4206D2BA683B689A4202D3BC
:1096000001237B6107E0074B1A68FB6804331946A6
:109610001046FDF727FB7B6918461837BD4680BD0D
:10962000BC0D0020B80D002080B58CB002AFB6E0B4
:10963000BB68002BC0F2B3803B697B627B6A5B69CD
:10964000002B04D07B6A04331846FDF744FB3B1D16
:109650001846FFF787FF3862BB68092B00F29C8031
:1096600001A252F823F000BF9196000891960008DD
:10967000919600080B9700081F9700086F97000845
:1096800091960008919600080B9700081F97000814
:109690007B6A93F8283043F00103DAB27B6A83F8DF
:1096A0002820FA687B6A9B69D118FB683A6A786A55
:1096B000FFF778FF0346002B70D07B6A1B6A786A3D
:1096C00098477B6A93F8283003F00403002B65D099
:1096D000FA687B6A9B691A440023009300230021E7
:1096E000786AFFF719FEF861FB69002B56D14FF03D
:1096F000500372B683F31188BFF36F8FBFF34F8FA0
:1097000062B6BB6100BF00BFFDE77B6A93F82830FB
:1097100023F00103DAB27B6A83F828203FE07B6AFA
:1097200093F8283043F00103DAB27B6A83F82820EB
:10973000FA687B6A9A617B6A9B69002B0DD14FF0B6
:10974000500372B683F31188BFF36F8FBFF34F8F4F
:1097500062B67B6100BF00BFFDE77B6A9A693B6A26
:10976000D1183B6A3A6A786AFFF71CFF17E07B6AF8
:1097700093F8283003F00203002B03D1786A00F03D
:1097800085FC0CE07B6A93F8283023F00103DAB201
:109790007B6A83F8282002E000BF00E000BF084B8E
:1097A0001B6807F1080100221846FDF791FF0346E8
:1097B000002B7FF43DAF00BF00BF2837BD4680BD02
:1097C000C00D002080B588B002AF4BE02F4B1B6866
:1097D000DB681B683B612D4B1B68DB68DB68FB604B
:1097E000FB6804331846FDF776FAFB681B6AF868D5
:1097F0009847FB6893F8283003F00403002B31D01E
:10980000FB689B693A691344BB60BA683B699A423A
:109810000ED9FB68BA685A60FB68FA681A611B4B7C
:109820001A68FB68043319461046FDF71BFA19E065
:109830000023009300233A690021F868FFF76CFDCC
:1098400078607B68002B0DD14FF0500372B683F324
:109850001188BFF36F8FBFF34F8F62B63B6000BFBD
:1098600000BFFDE7094B1B681B68002BAED1074BFF
:109870001B687B61064B1B68044A1360044A7B69C2
:10988000136000BF1837BD4680BD00BFB80D002073
:10989000BC0D002080B582B002AF00F037FE154B42
:1098A0001B68002B20D11448FDF78BF91348FDF7F6
:1098B00088F9134B104A1A60124B104A1A600023A1
:1098C0000093114B114A0C211020FDF79BFA03461F
:1098D000084A1360074B1B68002B05D0054B1B681B
:1098E0000B491846FEF7C6FA00F046FE00BFBD461B
:1098F00080BD00BFC00D0020900D0020A40D0020F1
:10990000B80D0020BC0D00208C0E0020CC0D0020D6
:10991000F099020880B485B000AF0346FB800023B5
:10992000FB60B7F90630842B05D0B7F90620FB6839
:1099300013440333FB60FB6818461437BD465DF8DB
:10994000047B704780B483B000AFEFF305837B6086
:109950007B68002B14BF01230023DBB218460C37B1
:10996000BD465DF8047B704780B500AFFEF756FD3D
:109970000023184680BD80B500AFFFF7E3FF034624
:10998000002B03D0FEF774FE034602E0FEF760FEF4
:109990000346184680BDF0B589B004AF78603960E1
:1099A0007B685B69002B20D07B689B69002B1CD0F7
:1099B0007B685C687B681D687B681E697B68B3F99F
:1099C00008301846FFF7A6FF01467B685B697A6896
:1099D00092690292019300913B68324629462046E3
:1099E000FEF7A6FA0346FB601CE07B685C687B68B8
:1099F0001D687B681B699EB27B68B3F90830184606
:109A0000FFF788FF024607F10C03019300923B68C1
:109A1000324629462046FEF7F1FA0346012B01D0D3
:109A2000002300E0FB6818461437BD46F0BD80B542
:109A300082B000AF78607868FEF726FC00231846F5
:109A40000837BD4680BD80B584B000AF78607B68C4
:109A5000FB60FB68002B01D0FB6800E00123184687
:109A6000FEF7A4FC002318461037BD4680BD80B524
:109A700082B000AF78607B685B68002B07D07B68A2
:109A80005B6819460120FDF7DCFA034603E001207C
:109A9000FDF7BFFA034618460837BD4680BD0000F3
:109AA00080B584B000AF786039600023BB607B680C
:109AB000002B01D180233AE00023FB603B68B3F127
:109AC000FF3F03D14FF0FF33FB6009E03B68002B01
:109AD00006D03B68FB60FB68002B01D10123FB60D3
:109AE000FFF730FF0346002B17D007F108031A4693
:109AF00000217868FDF7ECFF0346012B01D0FF231E
:109B000015E0BB68002B11D00B4B4FF080521A6050
:109B1000BFF34F8FBFF36F8F08E0F9687868FDF7E8
:109B2000BFFE0346012B01D0FF2300E000231846AF
:109B30001037BD4680BD00BF04ED00E080B584B0A5
:109B400000AF78600023FB600023BB60FFF7FAFEE4
:109B50000346002B16D007F1080319467868FDF775
:109B60001EFD0346012B01D0FF2317E0BB68002B2D
:109B700013D00C4B4FF080521A60BFF34F8FBFF3DE
:109B80006F8F0AE00023002200217868FDF75AFB5E
:109B90000346012B01D0FF23FB60FB6818461037FA
:109BA000BD4680BD04ED00E080B586B002AF7860B0
:109BB00039607B685B68002B16D03B68012B0AD1AB
:109BC0007B685B6803220092002200210120FDF7E0
:109BD00019F9034623E0386839687B685B681A46E0
:109BE000FDF7BAFA03461AE03B68012B10D10322B5
:109BF00000210120FDF78DF9F860FB68002B05D0EE
:109C0000002300220021F868FDF71CFBFB6806E03A
:109C10003B683A6811461846FDF7DBFA03461846DA
:109C20001037BD4680BD000080B584B000AF7860BD
:109C300039600023BB607B68002B01D180233AE0B0
:109C40000023FB603B68B3F1FF3F03D14FF0FF33CC
:109C5000FB6009E03B68002B06D03B68FB60FB68BB
:109C6000002B01D10123FB60FFF76CFE0346002BA4
:109C700017D007F108031A4600217868FDF728FF7E
:109C80000346012B01D0FF2315E0BB68002B11D048
:109C90000B4B4FF080521A60BFF34F8FBFF36F8FA3
:109CA00008E0F9687868FDF7FBFD0346012B01D059
:109CB000FF2300E0002318461037BD4680BD00BFDB
:109CC00004ED00E080B584B000AF78600023FB6055
:109CD0000023BB60FFF736FE0346002B16D007F1CA
:109CE000080319467868FDF75AFC0346012B01D09A
:109CF000FF2317E0BB68002B13D00C4B4FF08052B2
:109D00001A60BFF34F8FBFF36F8F0AE0002300226A
:109D100000217868FDF796FA0346012B01D0FF2356
:109D2000FB60FB6818461037BD4680BD04ED00E0BF
:109D300090B585B002AF786039607B689B68002B76
:109D400011D07B68DB68002B0DD07B6818687B68BE
:109D500059687B689A687B68DB6800240094FDF78B
:109D600051F8034608E07B6818687B685B6800224E
:109D70001946FDF7CEF8034618460C37BD4690BD90
:109D800080B586B000AFF860B9607A6000233B61AF
:109D90007B687B617B69002B01D101237B61FFF72D
:109DA000D1FD0346002B18D007F1100207F108017E
:109DB0000023F868FDF750FB0346012B01D0FF2379
:109DC00018E03B69002B14D00C4B4FF080521A6006
:109DD000BFF34F8FBFF36F8F0BE007F10801002334
:109DE0007A69F868FDF72EFA0346012B01D0FF23AC
:109DF00000E0002318461837BD4680BD04ED00E0A2
:109E000090B58BB000AFF860B9607A60BB68FB6159
:109E10000023BB61BB68002B0AD180237B61FB68F8
:109E20001C4607F1140393E8070084E8070054E098
:109E300000233B6200237B627B68B3F1FF3F03D1C9
:109E40004FF0FF337B6209E07B68002B06D07B6814
:109E50007B627B6A002B01D101237B62FFF772FDDD
:109E60000346002B1CD007F1200207F11403043332
:109E70001946B868FDF72CFE0346012B02D11023CA
:109E80007B6101E000237B613B6A002B1DD0154BF9
:109E90004FF080521A60BFF34F8FBFF36F8F14E003
:109EA00007F1140304337A6A1946B868FDF710FC09
:109EB0000346012B02D110237B6106E07B6A002B55
:109EC00001D1002300E040237B61FB681C4607F1C1
:109ED000140393E8070084E80700F8682C37BD46B0
:109EE00090BD00BF04ED00E080B58AB000AF78609F
:109EF0000023FB61FEF7FEFA5F4B1B68002B01D1CC
:109F000000F03CF95D4B1A687B681340002B40F071
:109F100094807B68002B20D008227B6813447B60F0
:109F20007B6803F00703002B17D07B6823F007033F
:109F300008337B607B6803F00703002B0DD04FF0E4
:109F4000500372B683F31188BFF36F8FBFF34F8F47
:109F500062B67B6100BF00BFFDE77B68002B6CD061
:109F6000474B1B687A689A4267D8464B3B62454B21
:109F70001B687B6204E07B6A3B627B6A1B687B62D6
:109F80007B6A5B687A689A4203D97B6A1B68002BFC
:109F9000F1D1394B1B687A6A9A424ED03B6A1B68F2
:109FA00008221344FB617B6A1A683B6A1A607B6A69
:109FB0005A687B68D21A08235B009A4222D97A6ACF
:109FC0007B681344BB61BB6903F00703002B0DD012
:109FD0004FF0500372B683F31188BFF36F8FBFF356
:109FE0004F8F62B63B6100BF00BFFDE77B6A5A68D6
:109FF0007B68D21ABB695A607B6A7A685A60B86912
:10A0000000F01EF91E4B1A687B6A5B68D31A1C4A63
:10A0100013601B4B1A681C4B1B689A4203D2184BE7
:10A020001B68194A13607B6A5A68144B1B681A43F1
:10A030007B6A5A607B6A00221A60FEF769FAFB6944
:10A04000002B01D10EF06CFCFB6903F00703002B21
:10A050000DD04FF0500372B683F31188BFF36F8FAA
:10A06000BFF34F8F62B6FB6000BF00BFFDE7FB6927
:10A0700018462837BD4680BDE49E0120F09E012091
:10A08000E89E0120DC9E0120EC9E012080B586B078
:10A0900000AF78607B687B617B68002B4ED0082323
:10A0A0005B427A6913447B617B693B613B695A6817
:10A0B000244B1B681340002B0DD14FF0500372B698
:10A0C00083F31188BFF36F8FBFF34F8F62B6FB60CE
:10A0D00000BF00BFFDE73B691B68002B0DD04FF0B0
:10A0E000500372B683F31188BFF36F8FBFF34F8FA6
:10A0F00062B6BB6000BF00BFFDE73B695A68114B09
:10A100001B681340002B19D03B691B68002B15D12D
:10A110003B695A680B4B1B68DB431A403B695A602A
:10A12000FEF7E8F93B695A68074B1B681344064A77
:10A130001360386900F084F8FEF7EAF900BF1837B9
:10A14000BD4680BDF09E0120E89E012080B400AF96
:10A15000034B1B681846BD465DF8047B704700BF83
:10A16000E89E012080B400AF034B1B681846BD4633
:10A170005DF8047B704700BFEC9E012080B485B081
:10A1800000AF4FF4C833BB60274BFB60FB6803F0A4
:10A190000703002B0CD0FB680733FB60FB6823F040
:10A1A0000703FB60BA68FB68D31A1F4A1344BB60FD
:10A1B000FB687B601D4A7B6813601C4B00225A6061
:10A1C0007B68BA681344FB600822FB689B1AFB603B
:10A1D000FB6823F00703FB60FB68154A1360144B10
:10A1E0001B6800225A60124B1B6800221A607B68B1
:10A1F0003B603B68FA68D21A3B685A600C4B1A689D
:10A200003B681A603B685B680A4A13603B685B689E
:10A21000094A1360094B4FF000421A6000BF14371F
:10A22000BD465DF8047B7047DC0E0020DC9E0120FB
:10A23000E49E0120EC9E0120E89E0120F09E01207A
:10A2400080B485B000AF7860284BFB6002E0FB680B
:10A250001B68FB60FB681B687A689A42F7D8FB684A
:10A26000BB60FB685B68BA6813447A689A4208D19D
:10A27000FB685A687B685B681A44FB685A60FB6835
:10A280007B607B68BB607B685B68BA681A44FB686C
:10A290001B689A4218D1FB681A68154B1B689A42D2
:10A2A0000DD07B685A68FB681B685B681A447B6842
:10A2B0005A60FB681B681A687B681A6008E00C4BE0
:10A2C0001A687B681A6003E0FB681A687B681A608A
:10A2D000FA687B689A4202D0FB687A681A6000BF0D
:10A2E0001437BD465DF8047B704700BFDC9E01203B
:10A2F000E49E012080B485B000AFF860B9607A6058
:10A30000FB68043BFB60FB684FF080721A60FB68DF
:10A31000043BFB60BB6823F00102FB681A60FB682A
:10A32000043BFB600C4AFB681A60FB68143BFB6053
:10A330007A68FB681A60FB68043BFB60FB686FF09F
:10A3400002021A60FB68203BFB60FB68184614376A
:10A35000BD465DF8047B70475DA3000880B485B0FE
:10A3600000AF00237B60154B1B68B3F1FF3F0DD09E
:10A370004FF0500372B683F31188BFF36F8FBFF3B2
:10A380004F8F62B6FB6000BF00BFFDE74FF0500388
:10A3900072B683F31188BFF36F8FBFF34F8F62B62E
:10A3A000BB6000BF00BF7B68002BFCD000BF00BFBC
:10A3B0001437BD465DF8047B704700BF0C000020D9
:10A3C000074B19680868B0E8F04F80F30988BFF3BD
:10A3D0006F8F4FF0000080F311887047AFF300805B
:10A3E000600B002000BF00BF08480068006880F3D1
:10A3F00008884FF0000080F3148862B661B6BFF39E
:10A400004F8FBFF36F8F00DF00BF00BF08ED00E08C
:10A4100080B584B000AF374BFB60FB681B78DBB2C4
:10A420007B60FB68FF221A70FB681B78DBB2FB7055
:10A43000FB78DBB203F05003DAB22F4B1A702F4BCC
:10A4400007221A6009E02D4B1B68013B2B4A136061
:10A45000FB78DBB25B00DBB2FB70FB78DBB203F0B6
:10A460008003802BEFD0254B1B68C3F10703042B1F
:10A470000DD04FF0500372B683F31188BFF36F8F86
:10A48000BFF34F8F62B6BB6000BF00BFFDE71B4B41
:10A490001B681B02194A1360184B1B6803F4E06326
:10A4A000164A13607B68DAB2FB681A70144B1B689B
:10A4B000134A43F470031360114B1B68104A43F0B6
:10A4C0007043136000F0DCF80E4B00221A6000F0BD
:10A4D000FBF80D4B1B680C4A43F040431360FFF739
:10A4E00083FFFEF79FF9FFF739FF00231846103767
:10A4F000BD4680BD00E400E0F49E0120F89E0120EE
:10A5000020ED00E00C00002034EF00E080B483B0C8
:10A5100000AF4FF0500372B683F31188BFF36F8F13
:10A52000BFF34F8F62B67B6000BF114B1B680133D6
:10A530000F4A13600E4B1B68012B12D10D4B1B6889
:10A54000DBB2002B0DD04FF0500372B683F31188AD
:10A55000BFF36F8FBFF34F8F62B63B6000BF00BF8A
:10A56000FDE700BF0C37BD465DF8047B704700BFB8
:10A570000C00002004ED00E080B483B000AF134B6A
:10A580001B68002B0DD14FF0500372B683F3118876
:10A59000BFF36F8FBFF34F8F62B67B6000BF00BF0A
:10A5A000FDE70A4B1B68013B084A1360074B1B6819
:10A5B000002B05D100233B603B6883F3118800BF6B
:10A5C00000BF0C37BD465DF8047B70470C000020CF
:10A5D000EFF30980BFF36F8F154B1A681EF0100F51
:10A5E00008BF20ED108A20E9F04F106009B44FF049
:10A5F000500072B680F31188BFF34F8FBFF36F8F97
:10A6000062B6FEF70FF94FF0000080F3118809BC25
:10A6100019680868B0E8F04F1EF0100F08BFB0ECE2
:10A62000108A80F30988BFF36F8F7047AFF3008003
:10A63000600B002000BF00BF80B582B000AF4FF0BC
:10A64000500372B683F31188BFF36F8FBFF34F8F40
:10A6500062B67B6000BFFEF729F80346002B03D0EB
:10A66000064B4FF080521A6000233B603B6883F337
:10A67000118800BF00BF0837BD4680BD04ED00E073
:10A6800080B400AF0B4B00221A600B4B00221A6003
:10A690000A4B1B680A4AA2FB03239B09094A013B98
:10A6A0001360044B07221A6000BFBD465DF8047BAF
:10A6B000704700BF10E000E018E000E0000000205C
:10A6C000D34D621014E000E0DFF80C00016841F4A3
:10A6D00070010160704700BF88ED00E080B485B074
:10A6E00000AFEFF30583FB60FB680F2B17D91A4A05
:10A6F000FB6813441B78FB72184B1B78FA7A9A425A
:10A700000DD24FF0500372B683F31188BFF36F8FF1
:10A71000BFF34F8F62B67B6000BF00BFFDE7104BF9
:10A720001B6803F4E0620F4B1B689A420DD94FF08F
:10A73000500372B683F31188BFF36F8FBFF34F8F4F
:10A7400062B63B6000BF00BFFDE700BF1437BD46E7
:10A750005DF8047B704700BFF0E300E0F49E012049
:10A760000CED00E0F89E012080B586B000AF786067
:10A7700039600E23FB827B685B890E2B6ED97B6868
:10A78000DB7B002B06D13B6893F834300133DAB21F
:10A790007B68DA737B685B683B613B691A7B5B7B38
:10A7A0001B021343FB813B691B7803F00103002B61
:10A7B00023D03B691B78012B0FD13B695B78002BC1
:10A7C0001BD13B699B785E2B17D17B685B7B43F089
:10A7D0001003DAB27B685A730FE03B6906222849FE
:10A7E00018461CF0C1FD0346002B06D17B685B7B3D
:10A7F00043F00803DAB27B685A73FB89082B03D055
:10A80000B3F5C16F14D032E03B6893F8313003F0F8
:10A810000803002B24D0FB8A1946786801F0A8FEB3
:10A820000346002B1ED1396878680AF093FD13E0C7
:10A830003B6893F8313003F00803002B14D0FB8AF7
:10A840001946786801F094FE0346002B0ED1396852
:10A85000786809F081FE00BF00230CE000BF06E02D
:10A8600000BF04E000BF02E000BF00E000BF786866
:10A8700001F004FF002318461837BD4680BD00BF15
:10A8800060F9020880B586B000AFF860B9607A6000
:10A890003B603B8C184600F079FA0346FB820E21A0
:10A8A000B86801F055FE0346002B25D1BB685B68F4
:10A8B0003B613B69FA8A9A813B69062239681846EE
:10A8C0001DF0B1FC3B6906330622796818461DF07D
:10A8D000AAFCFB6893F83030062B06D00A4B4FF4E5
:10A8E00099720A490A481CF097FBFB689B69B96892
:10A8F000F8689847034602E000BF6FF0010318466E
:10A900001837BD4680BD00BFF8990208489A020872
:10A910007C9A020880B584B000AF78607B68FB60E9
:10A92000FB685868FB689968FB68DA68FB681B6914
:10A9300001F096F9002318461037BD4680BD80B55A
:10A9400084B000AF78607B68FB60FB68DB68002B3D
:10A9500007D0FB68DB68FA685268104698470346E0
:10A9600006E0FB689B68FA68526810469847002327
:10A9700018461037BD4680BD80B58EB000AFF86078
:10A98000B9607A603B60BB68002B01D1114BBB60A2
:10A990007B68002B01D10F4B7B603B68002B01D102
:10A9A0000C4B3B60FB68BB61BB68FB617B683B6237
:10A9B0003B687B6207F114031946074800F084F9ED
:10A9C000034687F8373097F9373018463837BD4691
:10A9D00080BD00BF88FA020815A9000880B58EB0B6
:10A9E00000AFF860B9607A60FB68BB61BB68FB616F
:10A9F0007B683B6207F114031946064800F064F9CE
:10AA0000034687F8373097F9373018463837BD4650
:10AA100080BD00BF3FA9000880B584B000AF78605A
:10AA2000396008F07BFAF860FB68B3F1FF3F0BD1A7
:10AA300013480BF08AFF0022396878680BF0FCFE9F
:10AA40000F480BF073FF18E0FB68002B02D108F0F1
:10AA50002BFAE6E70A480BF078FFFA68396878685D
:10AA60000BF0EAFEB86006480BF060FFBB68B3F17C
:10AA7000FF3F02D108F018FAD3E71037BD4680BD7A
:10AA8000089F012080B584B000AF786010480BF0BB
:10AA90004DFF104B1B68002B05D00E4B1B680E4A58
:10AAA00012681046984707F10C0319460B48FFF748
:10AAB000B3FFFB68002B06D1094B912209490A48D4
:10AAC0001CF0AAFA03E0FB68184600F00FF8EAE76A
:10AAD000089F0120FC9E0120009F0120049F01206F
:10AAE000A49A0208F09A0208109B020880B582B06E
:10AAF00000AF78607B681B78022B26D0022B2BDC02
:10AB0000002B02D0012B15D026E07B68DB687A6829
:10AB100050687A689268114698470346002B04D023
:10AB20007B685B68184601F0A9FD7968092000F090
:10AB30007BFE18E07B685B687A68926810469847ED
:10AB40007968082000F070FE0DE07B685B687A6829
:10AB500092681046984706E0054BCF220549064803
:10AB60001CF05AFA00BF00BF0837BD4680BD00BFC9
:10AB7000A49A0208F09A0208109B020880B586B0D9
:10AB800000AFF860B9607A601A480BF094FE034693
:10AB9000002B05D1184BFC22184919481CF03CFA2F
:10ABA000092000F0CBFD78617B69002B02D14FF0CA
:10ABB000FF331AE07B6900221A707B69FA685A60D9
:10ABC0007B69BA689A607B697A68DA607969094852
:10ABD0000BF018FE0346002B06D07969092000F01F
:10ABE00023FE4FF0FF3300E0002318461837BD4620
:10ABF00080BD00BF049F0120A49A0208389B020870
:10AC0000109B020880B582B000AF786039603B6865
:10AC100093F8313003F01803002B06D0084A396846
:10AC20007868FFF7ABFF034605E0064A39687868A5
:10AC3000FFF7A4FF034618460837BD4680BD00BF96
:10AC400069A700085553010880B584B000AF78604B
:10AC5000396019480BF02FFE0346002B06D1174B25
:10AC600040F25D12164917481CF0D6F9082000F092
:10AC700065FDF860FB68002B02D14FF0FF3317E051
:10AC8000FB6801221A70FB687A685A60FB683A68B0
:10AC90009A60F96808480BF0B5FD0346002B06D012
:10ACA000F968082000F0C0FD4FF0FF3300E00023FA
:10ACB00018461037BD4680BD049F0120A49A0208A3
:10ACC000389B0208109B020880B584B000AF786002
:10ACD000396008480BF02AFE7B68386898470346BD
:10ACE000FB7304480BF031FE97F90F30184610370C
:10ACF000BD4680BD089F012080B584B002AF78605A
:10AD0000396000F072F8174A7B681360164A3B6896
:10AD10001360062115480BF053FD0346002B06D0A7
:10AD2000134B40F26122134913481CF075F9134884
:10AD30000BF0E0FD0346002B06D00D4B40F26522E0
:10AD40000F490D481CF068F9002300934FF480531D
:10AD500000220C490C480BF005FE00BF0837BD4629
:10AD600080BD00BFFC9E0120009F0120049F0120A8
:10AD7000A49A0208489B0208109B0208089F012021
:10AD80006C9B020885AA0008909B020880B483B0DF
:10AD900000AF0346FB80B7F906301B021AB2FB88EE
:10ADA0001B0A9BB21BB213431BB29BB218460C3753
:10ADB000BD465DF8047B704780B483B000AF786017
:10ADC0007B681A067B681B0203F47F031A437B68C7
:10ADD0001B0A03F47F431A437B681B0E1343184678
:10ADE0000C37BD465DF8047B704780B582B000AF7C
:10ADF00000237B600BF070FD00F0D0F800F030FC19
:10AE000000F03CFD08F0C2F801F0D0FF07F0CAFFE7
:10AE100000BF0837BD4680BD80B483B000AF786006
:10AE2000044B1A687B68134418460C37BD465DF81E
:10AE3000047B7047249F012080B483B000AF78600A
:10AE4000044B1B687A68D31A18460C37BD465DF868
:10AE5000047B7047249F012090B585B000AF7860D7
:10AE6000454B1B687A689A4206D2444B40F2DF1287
:10AE7000434944481CF0D0F8434B1B687A689A4217
:10AE800006D33E4B4FF4F07240493E481CF0C4F8E4
:10AE90007B681B7A002B06D0384B40F2E1123C490C
:10AEA00038481CF0B9F87B681B68B3F5803F06D9B9
:10AEB000324B4FF4F272374932481CF0ADF87B68E0
:10AEC0001B681846FFF7A8FFF8607A68FB689A428B
:10AED00024D0FB681B7A002B20D12B4B1B68FA680F
:10AEE0009A421BD02C4B1B68FA689A4202D12A4A1C
:10AEF0007B681360FB681A687B681A60FB681B68D4
:10AF0000B3F5803F0AD0FB681B681846FFF784FF43
:10AF100004467868FFF790FF034663607B685B68D0
:10AF20001846FFF779FFB860BA687B689A421FD06D
:10AF3000BB681B7A002B1BD1174B1B687A689A429F
:10AF400002D1154ABB6813607B681A68BB681A6037
:10AF50007B681B68B3F5803F0AD07B681B68184686
:10AF6000FFF75AFF0446B868FFF766FF03466360C1
:10AF700000BF1437BD4690BD249F0120A09B02084E
:10AF8000EC9B0208049C0208289F01202C9C0208CC
:10AF9000489C0208649C0208309F012080B582B062
:10AFA00000AF1D4B1D4A1A601B4B1B687B607B6802
:10AFB0004FF480321A607B6800225A607B6800225E
:10AFC0001A724FF48030FFF727FF0346144A1360CC
:10AFD000134B1B6801221A72114B1B684FF480320D
:10AFE0001A600F4B1B684FF480325A600A4B1B6883
:10AFF0000C4A13600C480BF07DFC0346002B06D076
:10B000000A4B40F21F220A490A481CF005F800BF0B
:10B010000837BD4680BD00BF249F012000000220EC
:10B02000289F0120309F01202C9F0120A09B020817
:10B03000909C0208049C020880B586B000AF78603E
:10B040007868FFF7F9FE78617B681B681846FFF7A0
:10B05000E3FE38617B685B681846FFF7DDFEF86049
:10B060007B681B68B3F5803F18D87B685B68B3F5D5
:10B07000803F13D87B685B687A699A4204D0FB688A
:10B080001B687A699A4209D1084B1B683A699A424F
:10B0900006D03B695B687A699A4201D0002300E0E0
:10B0A000012318461837BD4680BD00BF289F0120E8
:10B0B00080B588B000AF78607B68002B70D07B686B
:10B0C00003F00303002B0DD0374B40F273223749B6
:10B0D00037481BF0A1FF0BF06BFCF860F8680BF031
:10B0E00075FC5EE07B680C3BFB61324B1B68FA69C8
:10B0F0009A4206D37B6803F10C022F4B1B689A42DD
:10B100000DD9294B40F27F222C4929481BF084FF9E
:10B110000BF04EFC386138690BF058FC41E02848D0
:10B120000BF004FCFB691B7A002B10D11E4B4FF473
:10B13000237224491E481BF06FFF21480BF005FCC9
:10B140000BF036FC786178690BF040FC29E0F86977
:10B15000FFF772FF0346002B10D1134B40F29522EC
:10B16000194913481BF058FF15480BF0EEFB0BF084
:10B170001FFCB861B8690BF029FC12E0FB690022E2
:10B180001A72124B1B68FA699A4202D20F4AFB6983
:10B190001360F869FFF760FE09480BF0D6FB00E08A
:10B1A00000BF2037BD4680BDA09B0208AC9C0208B2
:10B1B000049C0208249F0120289F0120D09C0208A3
:10B1C0002C9F0120EC9C0208149D0208309F012056
:10B1D00080B58AB000AF786039603B68033323F0F4
:10B1E00003037B627B6A0B2B01D80C237B627B6A97
:10B1F000B3F5803F03D87A6A3B689A4201D20023B4
:10B20000D0E06A4B1B687A689A4204D3684B1B688B
:10B210007A689A4206D3674B40F2D1226649674862
:10B220001BF0FAFE614B1B687A689A4204D3604BAC
:10B230001B687A689A4207D30BF0BAFBB860B8680B
:10B240000BF0C4FB7B68ADE07B680C3B3B62386A6B
:10B25000FFF7F2FDF8613B6A1A68FB69D31A0C3BF1
:10B26000BB617A6ABB699A4206D9524B4FF4397274
:10B27000534952481BF0D0FE7A6ABB699A4201D901
:10B2800000238FE07A6ABB699A4201D17B6889E02A
:10B290004C480BF04BFB3B6A1B681846FFF7BCFDA4
:10B2A00078617B691B7A002B3CD13B6A1B68B3F544
:10B2B000803F06D13F4B40F2F52243493F481BF007
:10B2C000ABFE7B691B68FB60FA697B6A13440C3335
:10B2D0003B613E4B1B687A699A4205D13869FFF79A
:10B2E0009BFD0346394A13603869FFF795FD786185
:10B2F0007B6900221A727B69FA681A607B69FA69B5
:10B300005A603B6A3A691A607B691B68B3F5803FF3
:10B3100044D07B691B681846FFF77EFD02463B69F7
:10B3200053603BE07B6A1833BA699A4236D3FA69B4
:10B330007B6A13440C333B613B6A1B68B3F5803F67
:10B3400006D11C4B40F216321F491C481BF064FE0C
:10B350003869FFF761FD78611C4B1B687A699A4276
:10B3600002D21A4A7B6913607B6900221A723B6A17
:10B370001A687B691A607B69FA695A603B6A3A69A4
:10B380001A607B691B68B3F5803F07D07B691B6837
:10B390001846FFF741FD02463B69536009480BF030
:10B3A000D4FA7B6818462837BD4680BD249F01200B
:10B3B000289F0120A09B0208489D0208049C0208C7
:10B3C000609D02082C9F0120809D0208309F012073
:10B3D00080B588B000AF78607B68002B01D1002376
:10B3E000D9E07B68033323F00303BB61BB690B2BFC
:10B3F00001D80C23BB61BB69B3F5803F03D8BA69A0
:10B400007B689A4201D20023C5E065480BF08EFAB2
:10B41000644B1B681846FFF70FFDF861B0E0F86950
:10B42000FFF7FAFC38613B691B7A002B40F0A280E1
:10B430003B691A68FB69D31A0C3BBA699A4200F25D
:10B4400099803B691A68FB69D31AA3F10C02BB69A6
:10B4500018339A4231D3FA69BB6913440C33FB6049
:10B46000FB68B3F5803F06D14F4B40F287324F491E
:10B470004F481BF0D1FDF868FFF7CEFCB860BB6801
:10B4800000221A723B691A68BB681A60BB68FA69C5
:10B490005A603B69FA681A603B6901221A72BB68FC
:10B4A0001B68B3F5803F0BD0BB681B681846FFF7DD
:10B4B000B3FC0246FB68536002E03B6901221A724A
:10B4C000384B1B683A699A4227D1364B1B687B611F
:10B4D00005E07B691B681846FFF79EFC78617B6975
:10B4E0001B7A002B04D0334B1B687A699A42F0D147
:10B4F0002C4A7B6913602B4B1A682E4B1B689A42AF
:10B500000BD0284B1B681B7A002B06D0264B40F231
:10B51000B532294926481BF07FFD21480BF015FA6A
:10B520003A69BB6913440C33224A1268934206D924
:10B530001D4B40F2B93221491D481BF06DFD3B699E
:10B5400003F00303002B06D0174B40F2BB321C491B
:10B5500017481BF061FD3B6903F00303002B06D085
:10B56000114B40F2BD32174911481BF055FD3B69A4
:10B570000C3310E0F869FFF74FFC03461B68FB61D2
:10B58000BB69C3F58033FA699A42FFF448AF0448B7
:10B590000BF0DBF9002318462037BD4680BD00BF05
:10B5A0002C9F0120309F0120A09B0208809D020853
:10B5B000049C0208289F0120949D0208B09D020867
:10B5C000E09D0208109E020880B584B000AF78604C
:10B5D00039607B683A6802FB03F3FB60F868FFF7A9
:10B5E000F7FEB860BB68002B04D0FA680021B86889
:10B5F0001BF0E3FEBB6818461037BD4680BD80B423
:10B6000085B000AF78607B689B6800221A607B6819
:10B610005B68033323F00303BB600023FB6011E08E
:10B620007B689B681A68BB681A607B689B68BA680D
:10B630001A607B681B881A46BB681344BB60FB68B2
:10B640000133FB607B685B881A46FB689342E7DB4B
:10B6500000BF00BF1437BD465DF8047B7047000093
:10B6600080B582B000AF0023FB8009E0FB88084A68
:10B6700052F823301846FFF7C2FFFB880133FB80E6
:10B68000FB880C2BF2D900BF00BF0837BD4680BD38
:10B690000CFA020880B584B000AF78600BF088F92E
:10B6A000F8607B689B681B68BB60BB68002B15D08B
:10B6B0007B689B68BA6812681A60BB6803F0030372
:10B6C000002B06D0094B4FF48C72094909481BF036
:10B6D000A3FCF8680BF07AF9BB6803E0F8680BF09C
:10B6E00075F9002318461037BD4680BD349E020808
:10B6F000809E0208A49E020880B582B000AF7860E8
:10B700007B68002B06D10A4B4FF49E7209490A4808
:10B710001BF082FC7B68002B01D1002303E07868DA
:10B72000FFF7B8FF034618460837BD4680BD00BF87
:10B73000349E0208CC9E0208A49E020880B584B004
:10B7400000AF0346FB71FB790C2B08D90A4B40F282
:10B7500057120A490A481BF05FFC002308E0FB79F6
:10B76000084A52F823301846FFF794FFF860FB6848
:10B7700018461037BD4680BD349E0208E09E020880
:10B78000A49E02080CFA020880B584B000AF78606D
:10B7900039603B6803F00303002B06D00D4B4FF4D8
:10B7A000B6720D490D481BF037FC3B68FB600BF08F
:10B7B000FFF8B8607B689B681A68FB681A607B6852
:10B7C0009B68FA681A60B8680BF000F900BF103780
:10B7D000BD4680BD349E0208009F0208A49E020858
:10B7E00080B582B000AF786039607B68002B06D1ED
:10B7F0000A4B40F295120A490A481BF00DFC7B687F
:10B80000002B07D03B68002B04D039687868FFF71D
:10B81000BBFF00E000BF0837BD4680BD349E020874
:10B82000CC9E0208A49E020880B582B000AF0346F9
:10B830003960FB71FB790C2B07D90C4B4FF4D57297
:10B840000B490C481BF0E8FB0CE03B68002B08D0D0
:10B85000FB79094A52F8233039681846FFF794FFFC
:10B8600000E000BF0837BD4680BD00BF349E02081F
:10B87000209F0208A49E02080CFA020880B400AFC0
:10B8800000BFBD465DF8047B7047000080B586B000
:10B8900000AFF860B9607A603B60FB68002B08D1AC
:10B8A0005B4B40F227125B495B481BF0B5FB002362
:10B8B000A9E07B6A002B08D1554B4FF4947257498D
:10B8C00055481BF0A9FB00239DE0BB68002B01D16C
:10B8D000534BBB607B68002B01D1514B7B603B68B5
:10B8E000002B01D14E4B3B60FB6800225A60FB6885
:10B8F00000229A60FB680022DA60FB68494A5A61BC
:10B90000FB6800221A85FB68002283F83120FB685F
:10B9100024330422002118461BF04FFDFB6800224F
:10B92000DA61FB683A6A1A623F4B1A78FB6883F85F
:10B930003420FB68BA6A1A613B687A68B968F868AB
:10B9400000F08EF97B6AF86898470346002B01D017
:10B95000002358E0FB6893F83430FF2B03D1FB68D9
:10B96000002283F8342000233B61304B1B687B614D
:10B970002BE07A69FB689A4206D1254B40F28B1284
:10B980002B4925481BF048FB3B6901333B613B6970
:10B99000FF2B06DD1E4B40F28D1226491E481BF080
:10B9A0003BFB7B6993F83420FB6893F834309A4270
:10B9B00008D1FB6893F834300133DAB2FB6883F8BE
:10B9C000342005E07B691B687B617B69002BD0D14B
:10B9D0007B69002BBED1FB6893F83430FE2B03D17A
:10B9E000114B00221A7006E0FB6893F834300133E3
:10B9F000DAB20D4B1A700D4B1A68FB681A600B4ACD
:10BA0000FB681360FB6818461837BD4680BD00BF51
:10BA10003C9F0208E89F0208A49F020804A00208B5
:10BA200088FA020843BF00083C77022034770220DE
:10BA300028A002083CA0020880B582B000AF786060
:10BA400039603968786802F087FE3968786807F0ED
:10BA500023FF00BF0837BD4680BD000080B586B01B
:10BA600000AFF860B9607A60BB68002B06D11D4B4F
:10BA700040F2CB121C491D481BF0CEFA7B68002B0C
:10BA800006D1184B4FF4E672174918481BF0C4FA58
:10BA9000BB681A68FB6804331B689A421CD0BB68F9
:10BAA0001B687B61FB6804331A687B681A6007F1C6
:10BAB000140319467868FFF7BFFFBB68002B02D05C
:10BAC000BB681B6800E00023FA6853600121F86836
:10BAD00000F04CF9012300E0002318461837BD465A
:10BAE00080BD00BF3C9F02086CA00208A49F020812
:10BAF00080B584B000AF786039607B68002B07D1D7
:10BB00000B4B4FF4FC720B490B481BF085FA0BE012
:10BB10003B68002B01D1094B3B6007F10C031A462F
:10BB200039687868FFF79AFF1037BD4680BD00BFBF
:10BB30003C9F02087CA00208A49F020888FA020821
:10BB400080B485B000AFF860B9607A60BB681A68ED
:10BB5000FB6808331B689A420AD0BB68002B02D0EE
:10BB6000BB681B6800E00023FA689360012300E0D3
:10BB7000002318461437BD465DF8047B704700006B
:10BB800080B584B000AF786039600023FB607B68CB
:10BB9000002B07D10A4B40F23A220A490A481BF00F
:10BBA0003BFA09E03B68002B01D1084B3B60FA6887
:10BBB00039687868FFF7C4FF1037BD4680BD00BF05
:10BBC0003C9F02089CA00208A49F020888FA020871
:10BBD00080B485B000AFF860B9607A60BB681A685D
:10BBE000FB680C331B689A420AD0BB68002B02D05A
:10BBF000BB681B6800E00023FA68D360012300E003
:10BC0000002318461437BD465DF8047B70470000DA
:10BC100080B584B000AF786039600023FB607B683A
:10BC2000002B07D10A4B40F277220A490A481BF041
:10BC3000F3F909E03B68002B01D1084B3B60FA683F
:10BC400039687868FFF7C4FF1037BD4680BD00BF74
:10BC50003C9F0208C0A00208A49F020888FA0208BC
:10BC600080B588B000AFF860B9607A603B600023AF
:10BC7000FB610023BB61BB68002B01D11C4BBB6087
:10BC80007B68002B01D11A4B7B603B68002B01D1F4
:10BC9000174B3B60BB68002B03D0BB681B68002BB5
:10BCA00001D1012300E000237B617B69002B06D0DA
:10BCB00007F110031A46B968F868FFF7CFFEFA6972
:10BCC0007968F868FFF73CFFBA693968F868FFF7E8
:10BCD0007FFF7B69002B06D107F110031A46B96874
:10BCE000F868FFF7BBFE00BF2037BD4680BD00BF30
:10BCF00088FA020880B483B000AF7860044A7B6899
:10BD0000136000BF0C37BD465DF8047B704700BF71
:10BD10003877022080B582B000AF78607B68002B56
:10BD200007D10F4B4FF454720E490F481BF074F9B2
:10BD300013E07B6893F8313003F00103002B0CD142
:10BD40007B6893F8313043F00103DAB27B6883F803
:10BD500031200321786800F009F80837BD4680BD1E
:10BD60003C9F0208DCA00208A49F020880B582B0B4
:10BD700000AF78600B46FB707B68002B06D1184B38
:10BD800040F26D32174918481BF046F97B6893F86A
:10BD9000313003F00403002B1ED07B6893F8313060
:10BDA00003F00103002B17D0FB7803F00103002BF5
:10BDB00013D07B6804331B68002B0ED07B6893F88C
:10BDC000313003F00803002B07D07B680433194699
:10BDD000786809F079F800E000BF0837BD4680BDFB
:10BDE0003C9F0208F8A00208A49F020880B582B018
:10BDF00000AF78607B68002B07D1124B40F29B327A
:10BE0000114912481BF008F919E07B6893F83130AA
:10BE100003F00103002B12D07B6893F8313023F03C
:10BE20000103DAB27B6883F831207B6893F8313004
:10BE300003F00803002B02D0786808F05DFB083798
:10BE4000BD4680BD3C9F02081CA10208A49F0208B9
:10BE500080B582B000AF78607B68002B07D1154BAE
:10BE60004FF47872144915481BF0D6F81EE07B6831
:10BE700093F8313003F00403002B17D17B6893F85B
:10BE8000313043F00403DAB27B6883F831207868FC
:10BE900007F094FE03217868FFF768FF7B68DB6991
:10BEA000002B03D07B68DB69786898470837BD466C
:10BEB00080BD00BF3C9F02083CA10208A49F02086D
:10BEC00080B582B000AF78607B68002B07D1114B42
:10BED00040F20642104911481BF09EF817E07B68BB
:10BEE00093F8313003F00403002B10D07B6893F8F3
:10BEF000313023F00403DAB27B6883F831207B68A9
:10BF0000DB69002B03D07B68DB69786898470837CA
:10BF1000BD4680BD3C9F020860A10208A49F0208A4
:10BF200080B483B000AF786039607B68002B02D0AA
:10BF30007B683A68DA6100BF0C37BD465DF8047B68
:10BF4000704780B485B000AFF860B9607A606FF078
:10BF50000B0318461437BD465DF8047B704700009C
:10BF600080B485B000AF0346FB71FB79002B13D082
:10BF70000D4B1B68FB600CE0FB6893F83430013319
:10BF8000DBB2FA799A4201D1FB6806E0FB681B68D4
:10BF9000FB60FB68002BEFD1002318461437BD4629
:10BFA0005DF8047B704700BF3477022080B582B013
:10BFB00000AF0AF0FDFC38600D4B00221A703868A3
:10BFC0000AF004FD0B4B1B687B600AE07B685B6F2B
:10BFD000002B03D0786802F0FDFB05E07B68DB688E
:10BFE0007B607B68002BF1D10837BD4680BD00BF68
:10BFF0003D7702204C77022080B582B000AF786098
:10C00000FFF7D4FF00BF0837BD4680BD80B582B0C2
:10C0100000AF0AF0CDFC78600F4B1B78FB700E4B25
:10C0200001221A7078680AF0D1FCFB78002B0FD13E
:10C0300000210A48FEF708FE0346002B08D00AF04C
:10C04000B7FC7860044B00221A7078680AF0BEFCD6
:10C0500000BF0837BD4680BD3D770220F9BF00080C
:10C0600080B485B000AFF860B96011461A460B463F
:10C07000FB801346BB80FB6800221A60FB68BA682D
:10C080005A60FB68FA881A81FB68BA885A813B8B30
:10C09000DAB2FB681A73FB683A7F5A73FB680122B5
:10C0A0009A73FB680022DA7300BF1437BD465DF84F
:10C0B000047B704780B58CB002AF0346FB710B4622
:10C0C000BB8013467B80FB797B847B88B3F5207F24
:10C0D00000F08280B3F5207F00F3C980B3F5C17F03
:10C0E00010D0B3F5C17F00F3C280012B02D0412BE9
:10C0F00040F0BD807A88BB881946002000F0D2F855
:10C100007862BEE000237B620023FB61BB887B83F7
:10C110000C20FFF713FB38613B69002B09D1FFF7B7
:10C1200075FF7B6A002B02D0786A00F0A7FA002323
:10C13000A8E07B8C03339BB223F003039AB240F256
:10C14000EC539B1A9BB27A8B934228BF1346FB8118
:10C150007B8C10333A691344033323F003031846EE
:10C16000F9897A8B002301937B8800930B46014663
:10C170003869FFF775FF3B695B6803F00303002B29
:10C1800006D0424B4FF48072414942481AF044FFB6
:10C190007B8C033323F0030340F2EC52934206D12D
:10C1A0003A4B4FF481723C493A481AF035FF7B6AAA
:10C1B000002B02D13B697B6202E0FB693A691A609D
:10C1C0003B69FB617A8BFB89D31A7B8300237B84D9
:10C1D0007B8B002B9CD154E07B8C03339BB223F0F0
:10C1E00003039AB2BB8803339BB223F003039BB2D1
:10C1F00013443B833B8B10337B613A8BBB88033307
:10C2000023F003039A4206D3BB88033323F00303CE
:10C210007A699A4201D2002334E07869FFF7D8F8AE
:10C2200078627B6A002B01D100232BE07B8C1033DA
:10C230007A6A1344033323F003031846B988BA8893
:10C24000002301937B8800930B460146786AFFF731
:10C2500007FF7B6A5B6803F00303002B10D00B4BD6
:10C260004FF491720D490B481AF0D6FE08E0074BC7
:10C2700040F227120A4907481AF0CEFE002301E0D7
:10C2800000BF7B6A18462837BD4680BD84A10208DE
:10C29000D0A1020800A2020828A202085CA202089B
:10C2A00088A2020880B586B002AF78600B467B801A
:10C2B00013463B803B88412B09D03B88012B06D09D
:10C2C0000F4B4FF4A5720F490F481AF0A5FE0B2033
:10C2D000FFF734FAF860FB68002B01D100230BE074
:10C2E00079887A88002301933B8800930B4679680C
:10C2F000F868FFF7B5FEFB6818461037BD4680BDED
:10C3000084A10208A4A2020800A2020880B588B095
:10C3100002AF7B600346FB730B46BB8113467B81F8
:10C32000FB7B7B827B8A033323F00302BB891A44A5
:10C33000BB8C9A4201D9002318E03B6A002B07D03E
:10C340007B8A033323F003033A6A13447B6101E0E1
:10C3500000237B617868B989BA89022301937B89BC
:10C3600000930B467969FFF77BFE7B681846183708
:10C37000BD4680BD80B584B000AF78600B467B8041
:10C380007B68002B06D1394B4FF4CC7238493948C1
:10C390001AF042FE7B681B897A889A4261D27B68D8
:10C3A0001A897B88D31A3B817B887B817B68FB6001
:10C3B00018E0FB685B897A89D31A7B81FB681A894C
:10C3C0003B89D31A9AB2FB681A81FB681B68FB6031
:10C3D000FB68002B06D1254B40F2AF1226492548B9
:10C3E0001AF01AFEFB685B897A899A42E1D8FB68E9
:10C3F0001B7B03F00F03002B1FD1FB685B897A893D
:10C400009A421AD0FB685B7B03F00203002B14D125
:10C41000FB685A68FB68D21A7B8913441946F8688E
:10C42000FEF7D6FEF860FB68002B06D10F4B40F2FA
:10C43000BD1212490F481AF0EFFDFB687A895A8144
:10C44000FB685A89FB681A81FB681B68002B04D0C3
:10C45000FB681B68184600F011F9FB6800221A609F
:10C4600000E000BF1037BD4680BD00BF84A10208B8
:10C47000B8A2020800A20208D0A20208E8A202089C
:10C4800080B586B000AFF860B9601346FB71FB68F9
:10C49000002B06D12B4B40F2DF122B492B481AF010
:10C4A000BBFDFB68002B03D0BB68B3F5803F01D315
:10C4B000012343E0BB68002B01D100233EE0BB68B1
:10C4C0007B82FB681A897B8A13449BB27A8A9A42E0
:10C4D00001D9012332E0FB681B7B3B823B8A03F0DE
:10C4E0008003002B0CD0FB685A68BB685B42134486
:10C4F0007B61FB6810337A699A420DD201231DE0FB
:10C50000FB79002B06D0FB685A68BB685B4213447A
:10C510007B6101E0012311E0FB687A695A60FB68E6
:10C520005A897B8A13449AB2FB685A81FB681A893C
:10C530007B8A13449AB2FB681A8100231846183785
:10C54000BD4680BD84A1020804A3020800A202081F
:10C5500080B582B000AF78603960002239687868B1
:10C56000FFF78EFF034618460837BD4680BD000022
:10C5700080B584B000AF786039607B68002B06D14D
:10C58000204B40F24B22204920481AF045FD7B68A1
:10C59000002B03D03B68B3F5803F01D301232CE08F
:10C5A0003B68002B01D1002327E03B68FB817B68BF
:10C5B0005B89FA899A4208D9124B40F255221449F4
:10C5C00012481AF029FD012317E07B685B68BB6005
:10C5D0007B685A683B681A447B685A607B685A8952
:10C5E000FB89D31A9AB27B685A817B681A89FB89C6
:10C5F000D31A9AB27B681A81002318461037BD46B9
:10C6000080BD00BF84A1020804A3020800A20208A2
:10C6100010A3020880B582B000AF78600B467B8023
:10C6200013467B70B7F90230002B08DAB7F90230F5
:10C630005B4219467868FFF79BFF034607E0B7F9AE
:10C6400002307A7819467868FFF71AFF03461846D1
:10C650000837BD4680BD80B582B000AF78600B461C
:10C660007B80B7F90230012219467868FFF7D2FFC4
:10C67000034618460837BD4680BD000080B588B027
:10C6800000AF78607B68002B0BD17B68002B06D154
:10C690003B4B4FF437723B493B481AF0BDFC00233B
:10C6A00069E00023FB7762E00AF082F9B8617B68F9
:10C6B0009B7B002B06D1324B40F2F12233493248AA
:10C6C0001AF0AAFC7B689B7B013BDAB27B689A7309
:10C6D0007B689B7BFB75B8690AF078F9FB7D002BC2
:10C6E00043D17B681B683B617B681B7B03F00F03B6
:10C6F000FB737B685B7B03F00203002B11D07B682C
:10C70000BB60BB681B69002B06D11D4B40F2FF22AA
:10C710001F491D481AF080FCBB681B697868984760
:10C720001DE0FB7B022B04D179680C20FFF77CF81D
:10C7300015E0FB7B012B04D179680B20FFF774F81F
:10C740000DE0FB7B002B03D17868FEF7B1FC06E01F
:10C750000B4B40F20F320F490B481AF05DFCFB7F88
:10C760000133FB773B697B6001E000237B607B68E2
:10C77000002B99D1FB7F18462037BD4680BD00BFF6
:10C7800084A1020804A3020800A2020830A3020840
:10C7900048A302086CA3020880B485B000AF78609B
:10C7A0000023FB8105E0FB890133FB817B681B686B
:10C7B0007B607B68002BF6D1FB8918461437BD4699
:10C7C0005DF8047B7047000080B584B000AF7860EE
:10C7D0007B68002B16D00AF0EBF8F8607B689B7B37
:10C7E0000133DAB27B689A73F8680AF0EFF87B6875
:10C7F0009B7B002B06D1054B40F242320449054891
:10C800001AF00AFC00BF1037BD4680BD84A10208A3
:10C8100080A3020800A2020880B584B000AF78604F
:10C8200039607B68002B02D03B68002B07D1204B7E
:10C8300040F259321F4920481AF0EEFB34E07B6881
:10C84000FB600AE0FB681A893B681B8913449AB2B3
:10C85000FB681A81FB681B68FB60FB681B68002B88
:10C86000F0D1FB681A89FB685B899A4206D0104BAD
:10C8700040F26232114910481AF0CEFBFB681B6887
:10C88000002B06D00A4B40F263320D490A481AF0D9
:10C89000C3FBFB681A893B681B8913449AB2FB6887
:10C8A0001A81FB683A681A601037BD4680BD00BF28
:10C8B00084A1020894A3020800A20208CCA30208E3
:10C8C000FCA3020880B582B000AF78603960396897
:10C8D0007868FFF7A1FF3868FFF776FF00BF0837D9
:10C8E000BD4680BD80B586B000AF7860396000235A
:10C8F0007B6100233B617B68002B08D03B68002BE9
:10C9000005D07B681A893B681B899A4209D2574B2C
:10C9100040F2C932564957481AF07EFB6FF00F03B8
:10C920009FE07B685B891A467B69D21A3B685B890A
:10C9300019463B69CB1A9A4206D33B685B891A4673
:10C940003B69D31AFB6005E07B685B891A467B690B
:10C95000D31AFB607B685A687B69D0183B685A68B9
:10C960003B691344FA6819461BF05DFC7A69FB6861
:10C9700013447B613A69FB6813443B617B685B89C4
:10C980001A467B69934206D9384B40F2D9323A496C
:10C9900038481AF041FB3B685B891A463B69934271
:10C9A00006D9324B40F2DA32344932481AF034FBBD
:10C9B0003B685B891A463B69934204D300233B6181
:10C9C0003B681B683B607B685B891A467B699342C6
:10C9D00014D100237B617B681B687B607B68002B24
:10C9E0000CD13B68002B09D0204B4FF479722449BD
:10C9F00020481AF011FB6FF00F0332E03B68002B68
:10CA000013D03B685A893B681B899A420DD13B6819
:10CA10001B68002B09D0154B40F2E9321949154823
:10CA20001AF0FAFA6FF005031BE07B68002B13D0B5
:10CA30007B685A897B681B899A420DD17B681B6889
:10CA4000002B09D0094B40F2EE320E4909481AF08A
:10CA5000E3FA6FF0050304E03B68002B7FF461AF5D
:10CA6000002318461837BD4680BD00BF84A10208C8
:10CA700048A4020800A2020878A4020890A40208B0
:10CA8000ACA40208BCA4020880B588B000AFF8606E
:10CA9000B96011461A460B46FB801346BB80002343
:10CAA0007B830023FB82FB68002B08D12B4B40F2D9
:10CAB0000A422B492B481AF0AFFA00234AE0BB6820
:10CAC000002B08D1254B40F20B42274925481AF08C
:10CAD000A3FA00233EE0FB68FB6134E0BB88002B37
:10CAE0000AD0FB695B89BA889A4205D3FB695B89E6
:10CAF000BA88D31ABB8023E0FB695A89BB88D31A52
:10CB00003B833A8BFB889A4201D9FB883B837B8B22
:10CB1000BA68D018FB695A68BB8813443A8B194627
:10CB20001BF081FBFA8A3B8B1344FB827A8B3B8B95
:10CB300013447B83FA883B8BD31AFB800023BB8092
:10CB4000FB691B68FB61FB88002B02D0FB69002B93
:10CB5000C4D1FB8A18462037BD4680BD84A1020897
:10CB6000E8A4020800A2020808A5020880B487B061
:10CB700000AFF8600B467A607B817B89FB82FB68A3
:10CB80003B6107E03B695B89FA8AD31AFB823B6908
:10CB90001B683B613B69002B04D03B695B89FA8AC7
:10CBA0009A42EFD27B68002B02D07B68FA8A1A8007
:10CBB0003B6918461C37BD465DF8047B7047000092
:10CBC00080B584B000AF03463A60FB710B46BB8072
:10CBD0003B681989BA88FB791846FFF76BFAF86049
:10CBE000FB68002B01D1002311E03968F868FFF7DA
:10CBF00079FE0346FB7297F90B30002B06D0064BEB
:10CC000040F22452054906481AF006FAFB68184615
:10CC10001037BD4680BD00BF84A1020814A60208DB
:10CC200000A2020880B584B000AF78600B467B801C
:10CC30007B881946786800F00CF8F860FB68002BD8
:10CC400002DBFB68DBB200E0002318461037BD466C
:10CC500080BD80B584B000AF78600B467B8007F163
:10CC60000A027B8819467868FFF780FFF860FB6846
:10CC7000002B0AD0FB685A897B899A4205D9FB6848
:10CC80005B687A8913441B7801E04FF0FF33184644
:10CC90001037BD4680BD80B588B000AFF8607A60BF
:10CCA0001A460B467B8113463B817B89FB83FB68DD
:10CCB000BB61FB681B8919467A893B8913449942F9
:10CCC0000ADA4FF6FF7337E0BB695B89FA8BD31A38
:10CCD000FB83BB691B68BB61BB69002B04D0BB69CC
:10CCE0005B89FA8B9A42EFD20023FB821FE0FA8B1A
:10CCF000FB8A13449BB21946B869FFF793FF0346BA
:10CD00007B75FB8A7A6813441B783B757A7D3B7D83
:10CD10009A4209D0FB8A4FF6FE72934228BF13460F
:10CD20009BB201339BB207E0FB8A0133FB82FA8A94
:10CD30003B899A42DBD3002318462037BD4680BD8D
:10CD400080B586B000AFF860B96011461A460B4650
:10CD5000FB801346BB80FB681A89FB88D31ABB8211
:10CD6000FB681B891946FA88BB881344994216DB75
:10CD7000BB88FB820FE0FB88F98ABA68F868FFF786
:10CD80008AFF03467B827B8A002B01D1FB8A08E065
:10CD9000FB8A0133FB82FA8ABB8A9A42EBD94FF6AF
:10CDA000FF7318461837BD4680BD000080B500AF40
:10CDB00019F034FE03469BB2C3F30D039BB2A3F5F7
:10CDC00080439AB2014B1A8000BF80BD1000002042
:10CDD00080B582B000AF78607B681B7D012B05D1E8
:10CDE000064BD422064907481AF016F97968012043
:10CDF000FEF71AFD00BF0837BD4680BDA0A6020899
:10CE0000ECA6020800A7020880B582B000AF7860E7
:10CE10007B681B7D012B05D1064BDF2206490748A5
:10CE20001AF0FAF879680220FEF7FEFC00BF083716
:10CE3000BD4680BDA0A6020828A7020800A70208D8
:10CE400080B500AF01F000F8074B1B780133DAB270
:10CE5000054B1A70044B1B7803F00103002B01D023
:10CE600000F0B2FC00BF80BD5577022080B584B0D1
:10CE700000AF786039603B68002B05D10D4BFF2275
:10CE80000D490E481AF0C8F87B68FB600AE0FB68A1
:10CE9000DB6F3A689A4202D1FB680022DA67FB68CE
:10CEA000DB68FB60FB68002BF1D100BF00BF1037CF
:10CEB000BD4680BDA0A6020844A7020800A702083C
:10CEC00080B584B000AF78607B68002B06D1144B2E
:10CED00040F21112134914481AF09EF87B681B7D2A
:10CEE000012B06D00E4B4FF4897210490E481AF0F0
:10CEF00093F80123FB600BE00D4AFB6852F82330E6
:10CF00001B6879681846FFF7B1FFFB680133FB60C7
:10CF1000FB68032BF0D900BF00BF1037BD4680BDB2
:10CF2000A0A602086CA7020800A7020878A70208BA
:10CF300058FA0208B0B588B004AF78600B46FB70B1
:10CF40007B68002B06D1634B4FF4AF726249634894
:10CF50001AF062F8FB78002B66D07B681B7D042BEF
:10CF600003D07B681B7D072B5ED17B689B6F002BFA
:10CF700004D17B681B8DB3F5804F55D07B685B8BEC
:10CF800003F01003002B06D1524B4FF4B2725449F8
:10CF900052481AF041F87B68186D7B685C6A7D68BE
:10CFA0007B6804337A68D28A7968098B029101928E
:10CFB00000932B4622460146786805F073FC78689A
:10CFC00001F04CFA474B1B687A689A4205D1454BF1
:10CFD0001B68DB68434A136013E0424B1B68FB602D
:10CFE0000CE0FB68DB687A689A4204D17B68DA68F7
:10CFF000FB68DA6005E0FB68DB68FB60FB68002B20
:10D00000EFD17B680022DA60374B01221A70374B70
:10D010001B687A689A4202D103F0EAFE02E078685F
:10D02000FFF7D6FE002350E07B681B7D022B3BD030
:10D03000022B44DC002B02D0012B2AD03FE07B687E
:10D04000DB8A002B21D02A4B1B687A689A4205D1D3
:10D05000274B1B68DB68264A136013E0244B1B68D0
:10D06000BB600CE0BB68DB687A689A4204D17B68DD
:10D07000DA68BB68DA6005E0BB68DB68BB60BB6888
:10D08000002BEFD17B680022DA607868FFF7A0FE02
:10D090001AE07868FFF714FF7968164801F02EFA55
:10D0A0007868FFF7B1FE0FE079680E4801F026FAC4
:10D0B0000D4B01221A707868FFF78AFE04E0786849
:10D0C00000F01AF8034600E0002318461037BD466A
:10D0D000B0BD00BFA0A6020890A7020800A70208E2
:10D0E000B0A702084C770220547702208C770220E8
:10D0F000447702204877022080B584B000AF786082
:10D100007B68002B06D12E4B4FF4CE722D492E4852
:10D1100019F082FF7B681B7D072B20D0072B2BDCAF
:10D12000032B02D0042B0DD026E0786804F0C8FC55
:10D130000346FB7397F90F30002B1FD17B68052244
:10D140001A751BE0786804F0BBFC0346FB7397F983
:10D150000F30002B14D17B6805221A7510E0786817
:10D1600004F0AEFC0346FB7397F90F30002B09D196
:10D170007B6809221A7505E000231CE000BF02E06D
:10D1800000BF00E000BF97F90F30002B03D1786893
:10D1900004F0D4FD0DE097F90F30B3F1FF3F08D153
:10D1A0007B685B8B43F008039AB27B685A83002349
:10D1B00001E097F90F3018461037BD4680BD00BF1B
:10D1C000A0A602086CA7020800A7020880B582B0DA
:10D1D00000AF78607B68002B09D10F4B4FF4F472DD
:10D1E0000E490F4819F018FF6FF00F030FE07B682E
:10D1F0001B7D012B06D07B685B8B43F010039AB23A
:10D200007B685A8301217868FFF794FE034618462D
:10D210000837BD4680BD00BFA0A60208CCA7020803
:10D2200000A7020880B58EB004AF786039607B68D3
:10D23000002B07D1524B40F23D225249524819F07F
:10D24000EBFE99E07B681B7D012B06D14C4B4FF424
:10D2500010724E494C4819F0DFFE7B681B7D0A2B8B
:10D2600007D179684A4801F049F97868FFF7B0FDBD
:10D2700082E000237B6200237B847B681B6DBB61A3
:10D280007B685B6A7B617B68D3F890303B617B682D
:10D290001B69FB607B681B7D002B26D17B68DB8ACA
:10D2A000002B2ED03B4B1B687A689A4205D1394B34
:10D2B0001B68DB68374A136013E0364B1B68FB6161
:10D2C0000CE0FB69DB687A689A4204D17B68DA6813
:10D2D000FB69DA6005E0FB69DB68FB61FB69002B39
:10D2E000EFD17B680022DA600BE03B687B627B68F1
:10D2F000DB8A7B847968284801F000F9274B0122FA
:10D300001A707B681B6F002B04D07B681B6F18465C
:10D3100000F07AFE7B68DB6E002B04D07B68DB6E4E
:10D32000184600F071FE7B685B6F002B04D07B68B1
:10D330005B6F184600F068FE7B6A002B0ED07968A0
:10D340007B6804337A68128B02927A8C0192009384
:10D350000B467A69B969786805F0A4FA7B681B7D89
:10D36000FB727868FFF734FD3B69002B04D03B6902
:10D370006FF00C01F86898472837BD4680BD00BFA4
:10D38000A0A6020800A8020800A702081CA802081C
:10D3900050770220447702204C77022054770220F5
:10D3A00080B582B000AF786001217868FFF73AFF5E
:10D3B00000BF0837BD4680BD80B584B000AF78603F
:10D3C0007B68002B06D1254B40F2A6322449254824
:10D3D00019F022FE7B685B6A7A68128D1344FB6049
:10D3E0007B68DB6A7A68528EB2F5005F28BF4FF423
:10D3F000005292B21344FA68D31A002B08DB7B6800
:10D400001A8D7B685A857B68DB6AFA68D31A20E03C
:10D410007B685A6A7B68DB6AD31A002B03DD7B6862
:10D4200000225A8514E07B68DA6A7B685B6AD31A4B
:10D43000BB60BB68B3F5803F06D3084B40F2B63201
:10D440000949084819F0E8FDBB689AB27B685A851B
:10D45000002318461037BD4680BD00BFA0A60208B5
:10D4600018A9020800A702083CA9020880B584B0E8
:10D4700000AF78600B467B807B68002B07D11F4B89
:10D4800040F2CF321E491F4819F0C6FD32E07B68DA
:10D490001B7D012B06D1194B40F2D2321A49194893
:10D4A00019F0BAFD7B681A8D7B881344FB81FB89D8
:10D4B000B3F5804F04D87B681B8DFA899A4204D259
:10D4C0007B684FF480421A8502E07B68FA891A85EE
:10D4D0007868FFF771FFB860BB68B3F5067F09D3C2
:10D4E0007B685B8B43F002039AB27B685A8378684F
:10D4F00004F024FC1037BD4680BD00BFA0A6020882
:10D5000058A9020800A7020870A9020880B483B0D5
:10D5100000AF0023BB801E4B1B8801339AB21C4B0B
:10D520001A801B4B1B884FF6FF72934203D1184B96
:10D530004FF440421A800023FB711EE0FB79154A2C
:10D5400052F823301B683B6011E03B68DA8A104BCD
:10D550001B889A4208D1BB880133BB80BB88B3F5D6
:10D56000804FD8D300230DE03B68DB683B603B680D
:10D57000002BEAD1FB790133FB71FB79032BDDD959
:10D58000034B1B8818460C37BD465DF8047B70477B
:10D590001000002058FA020880B58AB000AFF86089
:10D5A000B9603B601346FB8000237B62FB68002B65
:10D5B00009D17D4B40F235427C497D4819F02CFD64
:10D5C0006FF00F03ECE0BB68002B09D1764B40F203
:10D5D00036427849764819F01FFD6FF00F03DFE0FF
:10D5E000FB681B7D002B09D06F4B4FF4876272499B
:10D5F0006F4819F011FD6FF00903D1E0BB68002BF3
:10D6000002D0BB681B6800E00023FA685360FB6827
:10D61000FA881A83FB681B7A002B06D0FB681B7AFA
:10D620001846FEF79DFC786205E0FB680433184657
:10D6300007F0EAFD78627B6A002B02D16FF00303EA
:10D64000AEE0FB68002B03D0FB681B68002B11D1F8
:10D650007B6A002B02D07B6A043300E00023FB616D
:10D66000FB69002B02D16FF0030399E0FB691A6894
:10D67000FB681A60FB68DB8A7B83FB68DB8A002B14
:10D680000CD1FFF743FF03461A46FB68DA82FB68BA
:10D69000DB8A002B02D16FF0010381E0F86800F013
:10D6A000C1FF7861FB6800225A62FB687A691A65DB
:10D6B0007B695A1EFB685A647B695A1EFB689A652F
:10D6C0007B695A1EFB68DA65FB684FF480425A8515
:10D6D000FB685A8DFB681A85FB685A6AFB68DA6238
:10D6E000FB684FF48042A3F86020FB684FF4067299
:10D6F0005A86FB68588EFB6804331A46796A00F034
:10D70000B7FF03461A46FB685A86FB680122A3F856
:10D710004820FB683A68C3F888200221F86804F0C2
:10D720001FFA0346FB7497F91330002B36D1FB68C0
:10D7300002221A757B8B002B21D0204B1B68FA68C4
:10D740009A4205D11D4B1B68DB681C4A136013E02D
:10D750001A4B1B683B620CE03B6ADB68FA689A4232
:10D7600004D1FB68DA683B6ADA6005E03B6ADB6893
:10D770003B623B6A002BEFD1FB680022DA60104B62
:10D780001A68FB68DA600E4AFB68136005F04AFA13
:10D790000C4B01221A70F86804F0D0FA97F9133094
:10D7A00018462837BD4680BDA0A6020898A90208E1
:10D7B00000A70208B4A90208D0A9020844770220F1
:10D7C0004C77022054770220B0B590B004AF00230C
:10D7D00087F82530954B1B680133944A1360944BAE
:10D7E0001B780133DAB2924B1A7000E000BF0023BD
:10D7F000BB62904B1B68FB629FE2FB6A1B7D002BA8
:10D8000006D18D4B40F2BE428C498D4819F004FC84
:10D81000FB6A1B7D012B06D1874B40F2BF42894931
:10D82000874819F0F9FBFB6A1B7D0A2B06D1824B56
:10D830004FF498628449824819F0EEFBFB6A9A7FA4
:10D840007B4B1B789A4205D1FB6ABB62FB6ADB68A3
:10D85000FB6272E2764B1A78FB6A9A77002387F8AC
:10D860002730002387F82630FB6A1B7D022B0AD164
:10D87000FB6A93F84230052B05D997F8273001331E
:10D8800087F827301EE1FB6A93F842300B2B05D94D
:10D8900097F82730013387F8273013E1FB6A93F8B4
:10D8A0009930002B75D0FB6A1B6F002B06D0624BA2
:10D8B00040F2D4426549624819F0AEFBFB6ADB6E68
:10D8C000002B06D15C4B40F2D54261495C4819F00F
:10D8D000A3FBFB6A93F89A300B2B05D997F82730F6
:10D8E000013387F82730EDE0FB6A93F89930013B6C
:10D8F000584AD35C7B74FB6A93F898307A7C9A42DE
:10D9000007D9FB6A93F898300133DAB2FB6A83F8DF
:10D910009820FB6A93F898307A7C9A4200F2D28081
:10D9200001233B62FB6AB3F86030002B08D1F86A30
:10D9300005F0AAF80346002B14D000233B6211E047
:10D94000FB6AB3F860301946F86A03F071FF0346CA
:10D95000002B07D1F86A04F0F1F90346002B01D13E
:10D9600000233B623B6A002B00F0AC80FB6A002284
:10D9700083F89820FB6A93F89930062B00F2A28076
:10D98000FB6A93F899300133DAB2FB6A83F8992085
:10D9900098E0FB6AB3F93030002B0FDBFB6AB3F978
:10D9A000303047F6FF72934208D0FB6AB3F930304B
:10D9B0009BB201339BB21AB2FB6A1A86FB6AB3F9B7
:10D9C0003020FB6AB3F940309A427BDBF86A04F0FE
:10D9D000A9FC0346002B07D0FB6A1B6F002B71D1FB
:10D9E000FB6ADB6E002B6DD0FB6A1B7D022B3AD0ED
:10D9F000FB6A93F842300C2B28BF0C23FB76FB6AA2
:10DA0000B3F93C30DB101BB21A46FB6AB3F93E3067
:10DA10001344FA7E10498A5C93407B617B6947F628
:10DA2000FE7293421ADC7B691AB219E04077022039
:10DA3000567702204C770220A0A6020800AA02080E
:10DA400000A702082CAA020858AA020888AA0208FD
:10DA5000BCAA020850FA020840FA020847F6FF7210
:10DA6000FB6AA3F84020FB6A00221A86FB6AB3F81F
:10DA70006020FB6AB3F84830934228BF13467B828C
:10DA80007B8A5B089AB2FB6AA3F84A20FB6AB3F868
:10DA90004A20FB6A5B8E5B009BB29A4206D2FB6A0D
:10DAA0005B8E5B009AB2FB6AA3F84A20FB6A5A8E2F
:10DAB000FB6AA3F84820FB6A0022A3F86A20F86AF0
:10DAC00004F0A0FCFB6A1B7D062B11D1FB6A5B8B6B
:10DAD00003F01003002B0BD09D4B1A68FB6A1B6AE6
:10DAE000D31A282B04D997F82730013387F8273029
:10DAF000FB6A5B7A03F00803002B4CD0FB6A1B7DAA
:10DB0000042B03D0FB6A1B7D072B44D1904B1A6872
:10DB1000FB6A1B6AD21AFB6AD3F8941043F6982367
:10DB20000B448C49A1FB03135B099A420AD997F86D
:10DB30002730013387F8273097F82630013387F8EC
:10DB4000263028E0824B1A68FB6A1B6AD21AFB6AED
:10DB5000D3F89410FB6A93F89B30184640F6B8331C
:10DB600000FB03F30B447B49A1FB03135B099A42BF
:10DB700011D9F86A04F048FF034687F8253097F971
:10DB80002530002B07D1FB6A93F89B300133DAB2C2
:10DB9000FB6A83F89B20FB6A5B6F002B11D06C4BF8
:10DBA0001A68FB6A1B6AD21AFB6AB3F9403019463D
:10DBB0000B465B000B445B009A4202D3F86A00F00C
:10DBC00009FEFB6A1B7D032B0BD1614B1A68FB6AB4
:10DBD0001B6AD31A282B04D997F82730013387F80A
:10DBE0002730FB6A1B7D092B0BD1594B1A68FB6A46
:10DBF0001B6AD31AF02B04D997F82730013387F822
:10DC0000273097F82730002B60D0FB6AD3F890308C
:10DC1000FB60F86A00F022FCBB6A002B10D04E4B70
:10DC20001B68FA6A9A4206D14C4B40F26D524C493D
:10DC30004C4819F0F1F9FB6ADA68BB6ADA600FE068
:10DC4000454B1B68FA6A9A4206D0444B40F2715227
:10DC50004549444819F0E0F9FB6ADB683E4A136025
:10DC600097F82630002B13D0FB6A186DFB6A5C6AAC
:10DC7000FD6AFB6A0433FA6AD28AF96A098B029157
:10DC8000019200932B4622460146F86A04F00AFEF0
:10DC9000FB6A1B69BB60FB6A1B7DFB71FB6A3B6017
:10DCA000FB6ADB68FB623868FFF792F82F4B0022B3
:10DCB0001A70FB68002B04D0FB686FF00C01B86889
:10DCC00098472A4B1B78002B37D090E5FB6ABB6244
:10DCD000FB6ADB68FB62BB6A1B7F0133DAB2BB6A9B
:10DCE0001A77BB6A1A7FBB6A5B7F9A4225D3BB6AED
:10DCF00000221A771D4B00221A70BB6AD3F88C30B1
:10DD0000002B0BD0BB6AD3F88C30BA6A1269B96A9F
:10DD100010469847034687F8253002E0002387F82D
:10DD20002530124B1B78002B7FF460AD97F925301E
:10DD3000002B02D1B86A04F001F8FB6A002B7FF4D3
:10DD40005CAD0023BB620A4B1B68FB6265E000BF51
:10DD500040770220D34D62104C770220A0A6020823
:10DD6000F4AA020800A7020820AB02085477022098
:10DD700050770220FB6A1B7D0A2B06D02B4B40F20A
:10DD8000A1522B492B4819F047F9002387F8273077
:10DD9000294B1A68FB6A1B6AD31AF02B04D997F82F
:10DDA0002730013387F8273097F82730002B2FD002
:10DDB000F86A00F053FBBB6A002B10D01F4B1B68A6
:10DDC000FA6A9A4206D1194B40F2AF521C491948DF
:10DDD00019F022F9FB6ADA68BB6ADA600FE0174BC8
:10DDE0001B68FA6A9A4206D0104B40F2B3521549AA
:10DDF000104819F011F9FB6ADB68104A1360FB6ADE
:10DE0000FB61FB6ADB68FB62F869FEF7E1FF04E097
:10DE1000FB6ABB62FB6ADB68FB62FB6A002BA9D171
:10DE200000BF00BF3037BD46B0BD00BFA0A602088E
:10DE30004CAB020800A7020840770220507702206E
:10DE40007CAB0208A4AB020880B582B000AF2D4BBA
:10DE50001B780133DAB22B4B1A702B4B1B687B609B
:10DE600048E07B689A7F274B1B789A423FD0254B2E
:10DE70001A787B689A777B685B8B03F00103002B31
:10DE800010D07B685B8B43F002039AB27B685A83A5
:10DE9000786803F053FF7B685B8B23F003039AB22F
:10DEA0007B685A837B685B8B03F00803002B09D0E7
:10DEB0007B685B8B23F008039AB27B685A8378688F
:10DEC000FFF71AF97B68DB683B607B689B6F002B70
:10DED0000AD00E4B00221A70786800F019F80B4B2C
:10DEE0001B78002B00D0B8E73B687B6002E07B68C2
:10DEF000DB687B607B68002BB3D100BF00BF0837B5
:10DF0000BD4680BD567702204C7702205477022010
:10DF100090B585B000AF78607B68002B09D1374B96
:10DF200040F209623649374819F076F86FF00F036E
:10DF300060E07B689B6F5B7BBB737B689B6FBB60A8
:10DF40007B6800229A677B68D3F88430002B0BD063
:10DF50007B68D3F884407B6818690023BA687968C5
:10DF6000A0470346FB7307E00023BA6879680020E6
:10DF700000F0A4F80346FB7397F90F30002B2AD169
:10DF8000BB7B03F02003002B33D07B681B8DB3F5E4
:10DF9000804F05D07B681B8D01339AB27B681A8550
:10DFA0007B68D3F88430002B0BD07B68D3F8844097
:10DFB0007B681869002300227968A0470346FB7339
:10DFC00001E00023FB7397F90F3013F10D0F10D10F
:10DFD0006FF00C030EE097F90F3013F10D0F02D123
:10DFE0006FF00C0306E07B68BA689A676FF0040371
:10DFF00000E0002318461437BD4690BDA0A60208D5
:10E00000CCAB020800A7020880B584B000AF7860EE
:10E0100007E07B681B68FB60786800F00AF8FB6823
:10E020007B607B68002BF4D100BF00BF1037BD467A
:10E0300080BD80B582B000AF78607B68002B0CD0CB
:10E040007B685B68002B04D07B685B681846FEF732
:10E0500015FB79680320FDF7E7FB00BF0837BD46D5
:10E0600080BD000080B584B000AF78607B68002B75
:10E0700006D10F4B40F282620E490F4818F0CCFFD8
:10E080000320FDF75BFBF860FB68002B01D1002348
:10E090000AE010227968F8681AF0C5F8FB685B6836
:10E0A0001846FEF791FBFB6818461037BD4680BD49
:10E0B000A0A6020810AC020800A7020880B584B030
:10E0C00000AFF860B9607A60FB70BB68002B09D1C3
:10E0D000124B4FF4D3621249124818F09DFF6FF0B3
:10E0E0000F0316E07B68002B09D07B681B8919465B
:10E0F000B868FFF7BBF97868FEF7C0FA08E097F94F
:10E100000330002B04D1B868FFF760F8034600E045
:10E11000002318461037BD4680BD00BFA0A60208E8
:10E120002CAC020800A7020880B586B000AF0346F9
:10E13000FB7197F90730002B01DBFB7900E07F23AF
:10E14000FB72FB7A002B34D0FB7A013BFB7200237D
:10E15000FB6000233B61194B1B687B611FE07B69FF
:10E160005B7DFA7A9A420CD87B695B7DFA7A9A4297
:10E1700012D1134B1A687B691B6AD31AFA689A4248
:10E180000AD80F4B1A687B691B6AD31AFB607B693C
:10E190003B617B695B7DFB727B69DB687B617B69D3
:10E1A000002BDCD13B69002B04D03869FFF7F8F86D
:10E1B00000E000BF1837BD4680BD00BF4C7702208D
:10E1C0004077022080B586B000AF0346FB71FB7933
:10E1D000082B09D0FB79092B06D01A4B40F2DD62DF
:10E1E00019491A4818F018FF0023FB6000233B610F
:10E1F000174B1B687B6117E07B691B7DFA799A429C
:10E200000FD1144B1A687B691B6AD31AFA689A42B9
:10E2100007D8104B1A687B691B6AD31AFB607B69AD
:10E220003B617B69DB687B617B69002BE4D13B69E7
:10E23000002B03D000213869FEF7F4FF00BF183728
:10E24000BD4680BDA0A6020848AC020800A702088F
:10E250004C7702204077022080B584B000AF0023C5
:10E260007B600023BB60124B1B68FB6012E0114B0C
:10E270001A68FB681B6AD31A7A689A4207D80D4B52
:10E280001A68FB681B6AD31A7B60FB68BB60FB687B
:10E29000DB68FB60FB68002BE9D1BB68002B02D078
:10E2A000B868FFF77DF800BF1037BD4680BD00BFDE
:10E2B000507702204077022080B582B000AF104B2B
:10E2C0001B687B6014E07B68DB683B607B685B8B72
:10E2D00003F00803002B09D07B685B8B23F0080355
:10E2E0009AB27B685A837868FEF706FF3B687B60CA
:10E2F0007B68002BE7D100BF00BF0837BD4680BD5B
:10E300004C77022080B584B000AF0346FB7101203A
:10E31000FDF714FAF860FB68002B26D1FFF7CCFF5D
:10E32000FFF79AFF0120FDF709FAF860FB68002B60
:10E330001BD10920FFF746FF0120FDF7FFF9F86028
:10E34000FB68002B11D10820FFF73CFF0120FDF7EF
:10E35000F5F9F860FB68002B07D1FB791846FFF749
:10E36000E3FE0120FDF7EAF9F860FB68002B40D0DE
:10E370009C220021F86819F020F8FB68FA795A7598
:10E38000FB684FF48042A3F86420FB684FF480429E
:10E390005A85FB685A8DFB681A85FB68FF22DA7282
:10E3A000FB684FF406725A86FB680622A3F84020E9
:10E3B000FB680622DA87FB684FF6FF721A86FB6855
:10E3C0000122A3F848200D4B1A68FB681A620C4B17
:10E3D0001A78FB689A77FB684FF48042A3F84A20CA
:10E3E000FB68084AC3F88420FB6842F21072C3F845
:10E3F0009420FB6818461037BD4680BD4077022048
:10E4000056770220BDE0000880B500AF4020FFF73E
:10E4100079FF0346184680BD80B582B000AF7860B2
:10E4200039607B68002B0ED07B681B7D012B06D1E9
:10E43000074B40F2DF720749074818F0EDFD7B6893
:10E440003A68C3F8842000BF0837BD4680BD00BFCE
:10E45000A0A6020858AC020800A7020880B582B046
:10E4600000AF78607B68002B07D1214B40F651024A
:10E470002049214818F0D0FD37E07B681B7D002B38
:10E4800033D07B681B7D0A2B2FD07B681B7D012B33
:10E490002BD07B689B6F002B07D07B689B6F184647
:10E4A000FEF7ECF87B6800229A677B685B6F002BB5
:10E4B00002D0786800F08EF97B684FF6FF721A86FA
:10E4C0007B68DB6E1846FFF79FFD7B681B6F184665
:10E4D000FFF79AFD7B680022DA667B68DA6E7B685C
:10E4E0001A677B680022A3F868200837BD4680BD04
:10E4F000A0A6020808AD020800A7020880B584B0F3
:10E5000000AF786039603B68002B06D13E4B40F687
:10E5100083023E493E4818F07FFD7B68002B06D100
:10E52000394B40F684023B49394818F075FD7B6849
:10E530001B683A689A4205D17B681B68DA687B6879
:10E540001A6013E07B681B68FB600CE0FB68DB680B
:10E550003A689A4204D13B68DA68FB68DA6005E001
:10E56000FB68DB68FB60FB68002BEFD13B68002297
:10E57000DA603868FFF772FF3B681B7D0A2B13D007
:10E580003B681B7D012B0FD03B685B8B03F00103C5
:10E59000002B09D03B685B8B43F002039AB23B68C7
:10E5A0005A83386803F0CAFB3B681B7D012B20D0DF
:10E5B0003B68DB6E002B06D0134B40F693021649E6
:10E5C000134818F029FD3B681B6F002B06D00E4B3B
:10E5D00040F6940211490E4818F01EFD3B685B6F2F
:10E5E000002B06D0084B40F696020D49084818F05B
:10E5F00013FD3B6800221A753B680022DA8200BFD7
:10E600001037BD4680BD00BFA0A6020824AD020899
:10E6100000A7020840AD020860AD020878AD02080C
:10E6200094AD020880B582B000AF78607B68002BA3
:10E6300006D10A4B40F6AF0209490A4818F0ECFC33
:10E64000094B1A68094B1B681344074A1360064BB1
:10E650001B6818460837BD4680BD00BFA0A602084B
:10E66000ACAD020800A70208140000204077022089
:10E6700080B586B000AF0346B9607A60FB817B68E5
:10E68000002B06D1144B40F6C5021449144818F06B
:10E69000C3FCBB68002B01D1FB8919E0BB681B8D53
:10E6A000FB82FB8A002B12D02823BB82FA8ABB8A0A
:10E6B0009A4204D9FA8ABB8AD31A9BB200E000239B
:10E6C0007B827A8AFB89934228BF1346FB81FB89B0
:10E6D00018461837BD4680BDA0A60208C8AD02087E
:10E6E00000A7020880B584B000AF786039603B684D
:10E6F000FB607B68002B20D1144B4FF4106214494F
:10E70000144818F089FC18E0FB681A687B681B68DD
:10E710009A420FD1FB681B689BB24FF6A9629342E5
:10E7200008D0FB68DB68BB60F868FEF739FEBB68A1
:10E73000FB6002E0FB68DB68FB60FB68002BE3D159
:10E7400000BF00BF1037BD4680BD00BFA0A60208B5
:10E75000F0AD020800A7020880B584B000AF786071
:10E7600039607B68002B2AD07B681B68002B26D081
:10E77000154B1B6819467868FFF7B4FF134B1B68ED
:10E7800019467868FFF7AEFF3B68002B17D03B684F
:10E790001B68002B13D00E4B1B68FB600CE0FB6862
:10E7A0001A687B681B689A4203D13B681A68FB6849
:10E7B0001A60FB68DB68FB60FB68002BEFD100BFD1
:10E7C0001037BD4680BD00BF4C7702204477022041
:10E7D0004877022080B582B000AF78607B685B6FBD
:10E7E000002B07D07B685B6F1846FFF70DFC7B683A
:10E7F00000225A6700BF0837BD4680BD90B58DB076
:10E8000004AF786039607B68002B05D19B4B832275
:10E810009B499C4818F000FC7B685B689A4A13602F
:10E820007B685B89132B40F2D183984B5B69974AD5
:10E8300012681146184606F089FF0346002B40F087
:10E84000C783924B5B6903F0F003E02B00F0C083B9
:10E850008D4B1B689B899BB21846FCF797FA0346C1
:10E860001B0B9BB2DBB29B00BB74BB7C132B40F237
:10E87000B183BB7C9AB27B681B899A4200F2AA835F
:10E88000BB7C9BB2143B9AB2814B1A80814B002215
:10E890001A607B685A89BB7C9BB29A4209D37C4B35
:10E8A0001A887D4B1A80BB7C19467868FDF760FE9C
:10E8B0004EE07B681B68002B05D1704BC222774964
:10E8C000704818F0A9FB14217868FDF751FE7B68A9
:10E8D0005A89714B1A806E4B1A886F4B1B88D31A5A
:10E8E0003B826D4B1B8819467868FDF741FE7B68BB
:10E8F0001B685B893A8A9A4200F26E837B681B68C8
:10E900005B68644A13607B681B683A8A1146184644
:10E91000FDF72EFE7B681A893B8AD31A9AB27B6870
:10E920001A817B685B89002B05D0544BDF225C4940
:10E93000544818F071FB7B681A897B681B681B8937
:10E940009A4205D04D4BE02256494E4818F064FBE0
:10E950004D4B1B681B889BB24B4A14681846FCF74A
:10E9600015FA03462380484B1B685B889BB2464AD6
:10E9700014681846FCF70AFA03466380424B1B688A
:10E980005B68414A14681846FCF716FA0346636050
:10E990006368454A13603C4B1B689B683A4A14689D
:10E9A0001846FCF709FA0346A360A3683F4A1360C0
:10E9B000354B1B68DB899BB2334A14681846FCF759
:10E9C000E5F90346E381304B1B689B899BB21846EF
:10E9D000FCF7DCF90346DBB203F03F03DAB2344B59
:10E9E0001A707B681A89334B1A80314B1B7803F0FD
:10E9F0000303002B0CD02F4B1B8801339AB22D4BF5
:10EA00001A807B681A892B4B1B889A4200F2E68297
:10EA10000023BB61284B1B68FB619DE0FB691B7DEC
:10EA2000002B05D1154BFB222449164818F0F4FAA7
:10EA3000FB691B7D0A2B05D1104BFC222049114894
:10EA400018F0EAFAFB691B7D012B05D10B4BFD2267
:10EA50001C490C4818F0E0FAFB691B7A002B33D0F4
:10EA6000FB691A7A094B5B6893F834300133DBB2E7
:10EA70009A4229D0FB69BB616BE000BF24AE02085B
:10EA800074AE02088CAE0208687702200C9F012049
:10EA90006C770220707702206E770220B4AE0208F5
:10EAA000C4AE0208D0AE0208787702207C7702203C
:10EAB00084770220827702204C770220F0AE020891
:10EAC00018AF020844AF0208FB691A8B724B1B682F
:10EAD0001B889BB29A423AD1FB69DA8A6E4B1B685B
:10EAE0005B889BB29A4232D1FB695A686B4B1B69B7
:10EAF0009A422CD1FB691A68684B5B699A4226D10D
:10EB0000FB69DB68FA699A4206D1654B40F20D1247
:10EB10006449654818F080FABB69002B0AD0FB698C
:10EB2000DA68BB69DA60614B1A68FB69DA605F4AD0
:10EB3000FB691360FB69DB68FA699A4211D1584B93
:10EB400040F215125A49584818F066FA09E0FB6974
:10EB5000BB61FB69DB68FB61FB69002B7FF45EAF87
:10EB600000E000BFFB69002B40F0AA80514B1B68FE
:10EB7000FB613FE0FB691B7D0A2B06D0484B40F24E
:10EB80001F124D49484818F047FAFB691B7A002BC1
:10EB900009D0FB691A7A414B5B6893F83430013332
:10EBA000DBB29A4222D1FB691A8B3B4B1B681B8854
:10EBB0009BB29A421BD1FB69DA8A374B1B685B8890
:10EBC0009BB29A4213D1FB695A68344B1B699A4233
:10EBD0000DD1FB691A68314B5B699A4207D1F8691C
:10EBE00000F056FB7868FDF749FDFDE100BFFB69C9
:10EBF000DB68FB61FB69002BBCD10023BB612F4BA1
:10EC00001B687B612AE07B691B7A002B0CD07B6937
:10EC10001A7A224B5B6893F834300133DBB29A42A4
:10EC200002D07B69BB6116E07B69DA8A1A4B1B68EC
:10EC30005B889BB29A420CD17B691A68174B5B695F
:10EC40009A420FD07B69002B0DD07B691B68002B8B
:10EC500009D07B69BB617B69DB687B617B69002BC9
:10EC6000D1D100E000BF7B69002B29D0BB69002B0C
:10EC70000AD07B69DA68BB69DA60104B1A687B6975
:10EC8000DA600E4A7B691360786900F003FA7868ED
:10EC9000FDF7F4FCA8E100BF687702200C9F01207B
:10ECA00024AE02086CAF02088CAE02084C7702203A
:10ECB00098AF020850770220C4AF020848770220BC
:10ECC000FB69002B00F05881954B00221A607B688D
:10ECD0001A89934B1A81924A7B685360914B1B6847
:10ECE0008F4AD360904B00221A60904B00221A701A
:10ECF0008F4B00221A808F4B1B7803F00803002BE8
:10ED000006D07B685B7B43F00103DAB27B685A7301
:10ED1000FB699B6F002B17D0F869FFF7F9F80346E2
:10ED200013F10D0F07D0FB699B6F002B0CD0824BAA
:10ED30001B88002B08D0FB695B8D002B40F0E38023
:10ED4000F86903F0FFFDDEE07C4AFB691360F869B7
:10ED500000F018FB0346FB7497F9133013F10D0F05
:10ED600000F0D380714B1B7803F00803002B15D003
:10ED7000FB69D3F89030002B08D0FB69D3F89030B2
:10ED8000FA6912696FF00D0110469847F9696C48ED
:10ED9000FFF7B4FBF869FEF71BF8DAE00023FB7419
:10EDA000634B1B88002B1DD0614B1B88FB81FB69CB
:10EDB000D3F88030002B0AD0FB69D3F88030FA6991
:10EDC0001069FA89F96998470346FB7401E000234A
:10EDD000FB7497F9133013F10D0F00F09880544B2A
:10EDE00000221A80F86900F015F90346002B40F064
:10EDF00090804D4B1B68002B41D0FB699B6F002B13
:10EE000006D0504B4FF4F3724F49504818F004F9B4
:10EE1000FB695B8B03F01003002B08D0424B1B688F
:10EE20001846FDF72BFCF869FEF7BAFA91E0FB698A
:10EE3000D3F88430002B0CD0FB69D3F88440FB69F5
:10EE40001869394B1A680023F969A0470346FB7417
:10EE500008E0354B1A680023F9690020FFF72EF906
:10EE60000346FB7497F9133013F10D0F53D097F944
:10EE70001330002B03D02C4B1A68FB699A672B4B7D
:10EE80001B7803F02003002B30D0FB699B6F002B15
:10EE900009D0FB699B6F5A7BFB699B6F42F0200294
:10EEA000D2B25A7322E0FB691B8DB3F5804F05D0B7
:10EEB000FB691B8D01339AB2FB691A85FB69D3F894
:10EEC0008430002B0BD0FB69D3F88440FB691869B0
:10EED00000230022F969A0470346FB7401E00023E8
:10EEE000FB7497F9133013F10D0F16D0134B00225A
:10EEF0001A60F86900F08EF80346002B28D1F869F3
:10EF000002F01CFF25E000BF23E000BF21E000BFAE
:10EF10001FE000BF1DE000BF1BE000BF19E000BF05
:10EF200058770220687702208877022085770220B0
:10EF30008077022084770220827702208C7702205B
:10EF40004C77022024AE0208F4AF02088CAE02080F
:10EF500000BF274B00221A60264B00221A60264B66
:10EF60005B68002B3FD0244B5B681846FDF786FB9F
:10EF7000214B00225A6036E0204B1B689B899BB2D4
:10EF80001846FBF703FF0346DBB203F00403002B34
:10EF900018D11B4B19681B4B1B881A461A4B1B6850
:10EFA000D018164B1B685B889BB2144A12681288F3
:10EFB00092B202920193154B0093154B024600202A
:10EFC00003F070FC7868FDF759FB0CE000BF06E029
:10EFD00000BF04E000BF02E000BF00E000BF7868AF
:10EFE000FDF74CFB00E000BF2437BD4690BD00BFDD
:10EFF0008C770220887702205877022068770220D9
:10F000007C77022082770220787702201C9F0120E3
:10F01000209F012080B582B000AF78607B68002B14
:10F0200006D1174B40F25A221649174817F0F4FF41
:10F03000164B1B7803F01003002B1CD07B685B8BF6
:10F0400003F01003002B0DD17B68D3F89030002B18
:10F0500008D07B68D3F890307A6812696FF00E019F
:10F060001046984779680A48FFF748FA7868FDF72C
:10F07000AFFE012300E0002318460837BD4680BDDF
:10F0800024AE020810B002088CAE02088577022078
:10F090004C77022090B58BB004AF78606F4B1B7833
:10F0A00003F00403002B40F0D2807B68002B06D1D4
:10F0B0006B4B40F281226B496B4817F0ADFF674BF9
:10F0C0001B7803F01003002B19D0684B1968684BAC
:10F0D0001B881A46674B1B68D018674B1B685B88F8
:10F0E0009BB2654A1268128892B202920193634BF6
:10F0F0000093634B0246786803F0D4FBA9E0574BBA
:10F100001B7803F00203002B00F0A3807B685B7D7B
:10F110001846FFF7F7F878617B69002B11D17B68FF
:10F120009B69002B0AD07B689B697A6810694FF055
:10F13000FF32002198470346BB738BE0F023BB737B
:10F1400088E0504B5A697B691A604E4B1A697B699B
:10F150005A607B68DA8A7B69DA82474B1B681B88B6
:10F160009AB27B691A837B6903221A75414B1B682B
:10F170005A1C7B695A627B695A6A7B69DA627869D0
:10F18000FFF750FA38617B693A699A657B693A6999
:10F190001A657B693A695A647B693A69DA65354B65
:10F1A0001B685A1E7B695A657B681A697B691A61FC
:10F1B0007B697A68DA677B685B7A03F00C03DAB202
:10F1C0007B695A727B681A7A7B691A722E4B1A68AD
:10F1D0007B69DA602C4A7B69136003F023FD2B4BBB
:10F1E00001221A70786901F08BFD234B1B68DB89C3
:10F1F0009AB27B69A3F860207B69B3F860207B69D1
:10F20000A3F862207B695C8E7B690433184605F0A5
:10F21000FBFF01467B6904331A462046FFF728FAB4
:10F2200003461A467B695A861221786902F098FCD7
:10F230000346FB7397F90F30002B04D00021786947
:10F24000FDF7F0FF06E0786902F078FD01E000BF0D
:10F2500000E000BF1C37BD4690BD00BF8477022090
:10F2600024AE020838B002088CAE02087C77022077
:10F270008277022078770220687702201C9F012085
:10F28000209F01200C9F01204C7702205477022000
:10F2900080B586B004AF78602F4B1B7803F0040371
:10F2A000002B53D17B68002B06D12C4B40F2EE2271
:10F2B0002B492C4817F0B0FE274B1B7803F00203B4
:10F2C000002B2AD0284B1A687B685B6AD31A002B64
:10F2D0002DDB254B1A687B685B6A7968098D0B44C6
:10F2E000D31A002B23DC214B1968214B1B881A46AB
:10F2F0001D4B1B68D0181F4B1B685B889BB21D4AB7
:10F300001268128892B2029201931B4B00931B4B1E
:10F310000246786803F0C6FA1BE00F4B1B7803F037
:10F320000103002B03D0164B1A687B681A62104B3E
:10F330001B88002B0CD07B685B8B43F002039AB2D6
:10F340007B685A83786802F0F9FC01E000BF00E0B6
:10F3500000BF0837BD4680BD8477022024AE020876
:10F3600058B002088CAE0208787702207C77022021
:10F3700082770220687702201C9F0120209F0120B5
:10F380004077022090B58DB004AF78600023FB7603
:10F390000023BB767B68002B06D19D4B4FF4477250
:10F3A0009C499D4817F038FE9C4B1B7803F00403E2
:10F3B000002B4ED07B681B7D022B08D17B681A6D19
:10F3C000974B1B689A4223D10123FB7620E07B6890
:10F3D0005A6A944B1B689A4202D10123FB7617E0CC
:10F3E000904B1A687B685B6AD31A002B10DB8D4B3D
:10F3F0001A687B685B6A7968098D0B44D31A002B05
:10F4000006DC7B685B8B43F002039AB27B685A830D
:10F41000FB7E002B1BD07B681B7D002B06D17C4B19
:10F420004FF44E7280497C4817F0F6FD7F4B1B78F5
:10F4300043F00803DAB27D4B1A707B685B8B23F0D4
:10F4400001039AB27B685A836FF00D037AE30023BD
:10F4500078E3724B1B7803F00203002B10D07B681B
:10F460001B7D022B0CD07B681B7D032B08D07B6897
:10F470005B8B43F002039AB27B685A83002361E3FB
:10F480007B685B8B03F01003002B03D1684B1A6879
:10F490007B681A627B68002283F89B207B680022CD
:10F4A00083F89A20786801F02BFC7B681B7D023B77
:10F4B000072B00F2378301A252F823F0DDF4000895
:10F4C0000DF7000885F80008AFF80008D3F9000828
:10F4D00085F800085FFA0008EFFA00084F4B1B7828
:10F4E00003F01003002B00F0E4804C4B1B7803F07A
:10F4F0000203002B00F0DD807B685B6C5A1C484BDC
:10F500001B689A4240F0D580464B1B685A1C7B68AA
:10F510005A627B685A6A7B68DA62414B1A687B6878
:10F520005A64444B1B68DB899AB27B68A3F860205D
:10F530007B68B3F860207B68A3F86220394B1B68B6
:10F540005A1E7B685A657B6804221A757B685C8E3C
:10F550007B680433184605F057FE01467B68043388
:10F560001A462046FFF784F803461A467B685A86F7
:10F570007B685B8E9A007B685B8E5B0041F21C119E
:10F580008B4238BF0B469A4204D27B685B8E9B004D
:10F590009BB20DE07B685B8E5B0041F21C129342D4
:10F5A00004D97B685B8E5B009BB201E041F21C13C7
:10F5B0007A68A2F848307B68B3F86630002B06D131
:10F5C000134B4FF45B721C49134817F025FD7B6801
:10F5D000B3F86630013B9AB27B68A3F866207B687B
:10F5E0001B6FFB61FB69002B2AD17B68DB6EFB6123
:10F5F000FB69002B06D1064B4FF45D720F4906489C
:10F6000017F00AFDFB691A687B68DA661CE000BF28
:10F6100024AE020878B002088CAE0208847702207B
:10F620007C7702207877022094B002088577022048
:10F630004077022068770220B4B00208CCB00208FC
:10F64000FB691A687B681A67F869FEF7F2FC7B6849
:10F650001B6F002B04D17B684FF6FF721A8606E001
:10F660007B6800221A867B68002283F842207B6830
:10F67000D3F88830002B0AD07B68D3F888307A68BA
:10F6800010690022796898470346BB7601E00023A1
:10F69000BB7697F91A3013F10D0F02D16FF00C03FE
:10F6A00050E27B685B8B43F002039AB27B685A831B
:10F6B0003AE2984B1B7803F01003002B00F03482E1
:10F6C000954B1968954B1B881A46954B1B68D018AB
:10F6D000944B1B685B889BB2924A1268128892B264
:10F6E00002920193904B0093904B0246786803F08E
:10F6F000D9F87B6893F84230052B00F215827B68BD
:10F7000000221A86786802F0A5FE0DE2814B1B7874
:10F7100003F01003002B00F0A1807F4B1A687B6878
:10F720005B6CD31A013B002B7EDB7B4B1A687B683A
:10F730001B6DD31A002B77DC7B6804221A757B685B
:10F74000DB6F002B02D1FA23BB761DE07B68DB6FF9
:10F750009B69002B06D1764B4FF46A727549764847
:10F7600017F05AFC7B68DB6F9B69002B0AD07B6823
:10F77000DB6F9B697A6810690022796898470346B5
:10F78000BB7601E0F023BB7697F91A30002B0AD044
:10F7900097F91A3013F10D0F02D07868FDF700FECB
:10F7A0006FF00C03CEE1786800F0E0FA634B1B8841
:10F7B000002B05D0614B1B88013B9AB25F4B1A802E
:10F7C0007B685B8E9A007B685B8E5B0041F21C114C
:10F7D0008B4238BF0B469A4204D27B685B8E9B00FB
:10F7E0009BB20DE07B685B8E5B0041F21C12934282
:10F7F00004D97B685B8E5B009BB201E041F21C1375
:10F800007A68A2F848304E4B1B7803F02003002B97
:10F8100037D07B685B8B43F002039AB27B685A83D4
:10F820007B6807221A752CE03B4B19683B4B1B8801
:10F830001A463B4B1B68D0183A4B1B685B889BB23F
:10F84000384A1268128892B202920193364B0093A2
:10F85000364B0246786803F025F867E12D4B1B789C
:10F8600003F00203002B00F061817B685B6A5A1E83
:10F870002B4B1B689A4240F05981786802F00CFECD
:10F8800054E153E1786800F071FA2D4B1B7803F0D6
:10F890002003002B00F04C817B685B8B43F002035C
:10F8A0009AB27B685A837B6807221A7540E17868B0
:10F8B00000F05CFA224B1B7803F02003002B71D080
:10F8C000144B1B7803F01003002B60D07B681A6D7B
:10F8D000114B1B689A425AD17B68DB6E002B56D1C4
:10F8E0007B685B8B43F002039AB27B685A8378682B
:10F8F000FEF7B4FD134B1B687A689A4205D1114B91
:10F900001B68DB680F4A13602EE00E4B1B687B619F
:10F9100027E000BF847702207C77022082770220D4
:10F9200078770220687702201C9F0120209F012009
:10F9300024AE0208E0B002088CAE020880770220F4
:10F94000857702204C7702207B69DB687A689A42CF
:10F9500004D17B68DA687B69DA6005E07B69DB6883
:10F960007B617B69002BEFD17B680022DA60774BEB
:10F9700001221A707B680A221A75754B1A687B6817
:10F98000DA60734A7B68136003F04CF9D2E07B685D
:10F990005B8B43F002039AB27B685A837B68082230
:10F9A0001A75C7E06B4B1B7803F01003002B00F0B7
:10F9B000C1807B681A6D684B1B689A4240F0BA8020
:10F9C0007B68DB6E002B40F0B5807B6806221A75E1
:10F9D000B0E0786800F0CAF9604B1B7803F02003B0
:10F9E000002B00F0A9807B685B8B43F002039AB286
:10F9F0007B685A837868FEF731FD594B1B687A683B
:10FA00009A4205D1564B1B68DB68554A136013E0D8
:10FA1000534B1B683B610CE03B69DB687A689A4298
:10FA200004D17B68DA683B69DA6005E03B69DB6832
:10FA30003B613B69002BEFD17B680022DA60434BCE
:10FA400001221A707B680A221A75414B1A687B687A
:10FA5000DA603F4A7B68136003F0E4F86CE0786892
:10FA600000F084F93B4B1B7803F01003002B65D0AA
:10FA70007B681A6D384B1B689A425FD17B68DB6EDE
:10FA8000002B5BD17868FEF7E9FC354B1B687A6880
:10FA90009A4205D1324B1B68DB68314A136013E090
:10FAA0002F4B1B68FB600CE0FB68DB687A689A42AE
:10FAB00004D17B68DA68FB68DA6005E0FB68DB6824
:10FAC000FB60FB68002BEFD17B680022DA601F4BE4
:10FAD00001221A707B680A221A751D4B1A687B680E
:10FAE000DA601B4A7B68136003F09CF826E07868B4
:10FAF00000F03CF9174B1B7803F01003002B1FD0CC
:10FB00007B681A6D144B1B689A4219D17B68DB6EB7
:10FB1000002B15D1114B1B7843F01003DAB20F4BB9
:10FB20001A700DE000BF0CE000BF0AE000BF08E063
:10FB300000BF06E000BF04E000BF02E000BF00E03D
:10FB400000BF002318462437BD4690BD54770220DD
:10FB500050770220847702207C770220857702206C
:10FB60004C77022090B585B000AF786039607B6833
:10FB7000002B06D13B4B40F21F423B493B4817F05C
:10FB80004BFA7B68DB689B899BB21846FBF7FEF853
:10FB90000346DBB203F00103002B28D03868FEF7E0
:10FBA00033FA00233B6056E03B68DB689B899BB2DD
:10FBB0001846FBF7EBF80346DBB203F00103002B1A
:10FBC0000DD07B68DB689B899CB20120FBF7DEF8D7
:10FBD00003461A467B68DB68224392B29A813B68EF
:10FBE000FB603B681B683B60F868FEF722FA3B68E5
:10FBF000002B0ED07B681B891A461D4B1B681A44CC
:10FC00003B68DB685B68396809890B44D31A002BB1
:10FC1000CADA3B68002B1ED07B681B891A46144B3E
:10FC20001B681A443B68DB685B68D31A002B12DD43
:10FC30003B68DB685B689AB20D4B1B689BB2D31ABA
:10FC40009AB27B681A817B685A687B681B8919465F
:10FC50001046FCF78FFB7B683A681A6000BF1437C8
:10FC6000BD4690BD24AE020800B102088CAE020869
:10FC700078770220B0B586B000AFF860B9607A60DE
:10FC80003B603EE0BB687B61BB681B68BB607B6917
:10FC90005B681846FCF780FD03467B82FB68B3F87F
:10FCA00066307A8A9A4206D92A4B40F257422A494C
:10FCB0002A4817F0B1F9FB68B3F866207B8AD31A9B
:10FCC0009AB2FB68A3F866207B691A89244B1B88CB
:10FCD00013449AB2224B1A807869FEF7AAF9FB689E
:10FCE000B3F86630002B0CD0BB68002B09D13B6801
:10FCF000002B06D1174B40F261421A49174817F002
:10FD00008BF9BB68002B20D0BB68DB685B681846AA
:10FD1000FBF752F80446BB681B891D46BB68DB68CD
:10FD20009B899BB21846FBF731F80346DBB203F020
:10FD30000303002B01D0012300E000232B44E21831
:10FD4000094B1B68D31A002B9CDDBB68184618377B
:10FD5000BD46B0BD24AE020828B102088CAE020830
:10FD60008077022050B102087C770220B0B594B0B1
:10FD700000AF78600023BB647B68002B06D1914BF9
:10FD800040F27B429049914817F046F97B681B7D11
:10FD9000032B06D88B4B40F27C428D498B4817F0E1
:10FDA0003BF98C4B1B7803F01003002B00F06482AE
:10FDB0007B68B3F860301A467B689B6D13443B63E5
:10FDC0007B685A6D844B1B68D31A002B1BDB7B6846
:10FDD0005A6D814B1B689A4206D17B689A6D7F4BA6
:10FDE0001B68D31A002B0EDB7B689A6D7B4B1B685C
:10FDF0009A4225D17A4B1B68DB899AB27B68B3F8AB
:10FE000060309A421CD9764B1B68DB899AB27B68BA
:10FE1000A3F860207B68B3F862207B68B3F8603099
:10FE20009A4205D27B68B3F860207B68A3F8622011
:10FE3000694B1A687B685A65684B1A687B689A65D3
:10FE4000664B1A687B685B6CD31A002B58DC654BD9
:10FE50001B88002B4BD17B689B6D7A68B2F86020C1
:10FE600013443A6B9A4242D17B68B3F93030002B8D
:10FE70003DDB7B685A6C594B1B689A4237D1012392
:10FE8000BB647B6893F84330FF2B07D07B6893F803
:10FE900043300133DAB27B6883F843207B6893F800
:10FEA0004330032B1BD97B68B3F848207B685B8EFB
:10FEB00013449AB27B68B3F848309A420AD37B68FD
:10FEC000B3F848207B685B8E13449AB27B68A3F832
:10FED000482004E07B684FF6FF72A3F848207B6857
:10FEE00093F84330022B02D9786802F041FBBB6CD7
:10FEF000002B40F061817B68002283F843205BE1A6
:10FF0000364B1A687B685B6CD31A013B002BC0F23E
:10FF10004E81324B1A687B681B6DD31A002B00F39D
:10FF200046817B685B8B03F00403002B10D07B6859
:10FF30005B8B23F004039AB27B685A837B68B3F827
:10FF40004A207B68A3F848207B680022A3F86A2037
:10FF50007B68002283F842207B68B3F93C30DB10D9
:10FF60001BB29AB27B68B3F93E309BB213449BB28A
:10FF70001AB27B68A3F84020184B1B689AB27B68C2
:10FF80005B6C9BB2D31AFB857B68002283F843200D
:10FF9000124B1A687B685A647B681B7D032B40F206
:10FFA00097807B68B3F848207B68B3F84A309A4260
:10FFB00045D27B685B8B03F40063002B14D00123D4
:10FFC00013E000BF24AE020870B102088CAE020834
:10FFD0008CB1020884770220787702207C77022097
:10FFE0006877022082770220022387F82D3097F865
:10FFF0002D309AB27B685B8E12FB03F39BB2FA8DB5
:020000040801F1
:10000000934228BF13467B857B68B3F848207B8DDD
:1000100013449AB27B68B3F848309A4209D37B689C
:10002000B3F848207B8D13449AB27B68A3F848202C
:100030004EE07B684FF6FF72A3F8482048E07B68EB
:10004000B3F86A20FB8D13449AB27B68B3F86A3028
:100050009A4209D37B68B3F86A20FB8D13449AB2A5
:100060007B68A3F86A2004E07B684FF6FF72A3F870
:100070006A207B68B3F86A207B68B3F848309A42FC
:1000800026D37B68B3F86A207B68B3F84830D31A6C
:100090009AB27B68A3F86A207B68B3F848207B6833
:1000A0005B8E13449AB27B68B3F848309A420AD305
:1000B0007B68B3F848207B685B8E13449AB27B68F8
:1000C000A3F8482004E07B684FF6FF72A3F84820AD
:1000D0007B68196F7B68DB6E984A7868FFF7CAFD0A
:1000E00002467B681A677B68D96E7B681B6F944AEF
:1000F0007868FFF7BFFD02467B68DA667B681B6F96
:10010000002B04D17B684FF6FF721A8602E07B68F1
:1001100000221A867B6800221A777B68DB6E002B30
:1001200003D17B680022A3F868207B68B3F86420C1
:10013000844B1B8813449AB27B68A3F864207B68C5
:100140005B8B03F40063002B35D07B681B6F002BA7
:1001500018D17B68DB6E002B0CD07B68DC6C7B6875
:10016000DB6EDB685B681846FAF726FE0346E31A87
:10017000002B20DC7B685B8B23F400639AB27B68E6
:100180005A8318E07B68DC6C7B681B6FDB685B68FC
:100190001846FAF711FE0346E31A002B0BDC7B68C6
:1001A0005B8B23F400639AB27B685A8303E0786820
:1001B00002F0C8FB00E000BF7B685B6B002B5BD0EC
:1001C0007B689A6B604B1B68D31A002B54DA5F4B29
:1001D0001B689AB27B685B6B9BB2D31A9BB2A7F881
:1001E0004E30B7F84E207B68B3F93C30DB101BB2C1
:1001F0009BB2D31A9BB2A7F84E307B68B3F93C3060
:100200009AB2B7F84E3013449BB21AB27B689A8701
:10021000B7F94E30002B05DAB7F84E305B429BB28F
:10022000A7F84E30B7F84E207B68B3F93E309B10EC
:100230001BB29BB2D31A9BB2A7F84E307B68B3F9BE
:100240003E309AB2B7F84E3013449BB21AB27B6874
:10025000DA877B68B3F93C30DB101BB29AB27B685B
:10026000B3F93E309BB213449BB21AB27B68A3F839
:1002700040207B6800225A63354B1B88002B00F01E
:10028000DF847B681B7D062B00F2DA847B685A6A68
:10029000304B1B68D31A013B002BC0F28F807B6868
:1002A0005A6A2B4B1B8819462A4B1B680B44D31ADE
:1002B0000133002B00F38280274B5B687B647B68F3
:1002C0005A6A244B1B68D31A7B62234B5B68002B52
:1002D00006D1224B40F294522149224816F09CFE4E
:1002E0007B6A4FF6FE72934206D91C4B40F2955240
:1002F0001D491C4816F090FE7B6AA7F84230164B49
:100300005B681B89B7F842209A4206D9134B40F22A
:1003100097521649134816F07FFE0F4B1A89B7F80B
:100320004230D31A9AB20C4B1A810B4B5B681A8974
:10033000B7F84230D31A7B842AE000BFA8B1020884
:10034000B0B10208807702207C770220407702203B
:1003500082770220787702205877022024AE0208A4
:10036000B8B102088CAE0208C8B10208D8B10208C0
:100370007B6C5B89B7F84220D31AA7F842307B6CBC
:100380007A8C1A817B6C00225A817B6C1B687B649F
:100390007B6C5B89B7F842209A42E9D8B7F84230C3
:1003A0001946786CFCF7E4F87B685B6A904A136046
:1003B000904BDB688E4A12685A600DE08C4B1A68CD
:1003C0007B685B6AD31A002B06DA7B685B8B43F091
:1003D00002039AB27B685A83854B1A687B685B6A12
:1003E000D31A002BC0F22784814B1A687B685B6AA2
:1003F0007968098D0B44D31A0133002B00F31B8459
:100400007B685A6A7A4B1B689A4240F09882794B13
:100410001C89784BDB689B899BB21846FAF7B6FCBF
:100420000346DBB203F00303002B01D0012300E0FD
:10043000002323449AB2704B1A807B681A8D6E4B4E
:100440001B889A4274D26B4BDB689B899BB218461F
:10045000FAF79CFC0346DBB203F00103002B1ED02D
:10046000644BDB689B899BB21BB223F47C531CB2A8
:10047000604BDB689B899BB21846FAF787FC034602
:10048000DBB203F03E039BB21846FAF77FFC03464B
:100490001BB223431AB2574BDB6892B29A817B6836
:1004A0001A8D544B1A81534BDB689B899BB21846BB
:1004B000FAF76CFC0346DBB203F00203002B05D015
:1004C0004C4B1B89013B9AB24A4B1A81494B5B68E2
:1004D000484A128911461846FBF74CFF454B1C89C8
:1004E000444BDB689B899BB21846FAF74FFC0346E6
:1004F000DBB203F00303002B01D0012300E0002353
:1005000023449AB23C4B1A803B4B1B881A46384B0B
:100510001B681A447B685B6A7968098D0B449A42B0
:1005200006D0364B40F2CB523549364816F074FDB2
:100530007B685B6F002B00F0E6802E4BDB689B89AD
:100540009BB21846FAF722FC0346DBB203F0010324
:10055000002B10D00AE07B685B6FFB607B685B6FF1
:100560001A687B685A67F868FDF763FD7B685B6F04
:10057000002BF0D1C7E07B685B6FFB6351E0FB6B46
:10058000DB689B899BB21846FAF700FC0346DBB296
:1005900003F00103002B3CD0164BDB689B899BB218
:1005A0001846FAF7F3FB0346DBB203F00203002B15
:1005B0002FD1104BDB689B899CB20120FAF7E6FB38
:1005C00003461A460B4BDB68224392B29A81094BD1
:1005D0001C89084BDB689B899BB21846FAF7D6FB4F
:1005E0000346DBB203F00303002B0DD001230CE024
:1005F00078770220587702208277022024AE020802
:10060000E8B102088CAE0208002323449AB2984B4A
:100610001A80FB6B3B61FB6B1B68FB633869FDF762
:1006200008FDFB6B002B0ED0914B1B881A46914B9B
:100630001B681A44FB6BDB685B68F96B09890B4428
:10064000D31A002B9BDAFB6B002B59D0884B1B88ED
:100650001A46884B1B681A44FB6BDB685B68D31A2D
:10066000002B4DDDFB6BDB685B689AB2814B1B682E
:100670009BB2D31A9AB2804B1A817F4BDB689B895D
:100680009BB21846FAF782FB0346DBB203F0020383
:10069000002B05D0784B1B89013B9AB2764B1A810F
:1006A000754B5B68744A128911461846FBF762FE67
:1006B000714B1C89704BDB689B899BB21846FAF71B
:1006C00065FB0346DBB203F00303002B01D00123DB
:1006D00000E0002323449AB2654B1A80644B1B88C8
:1006E0001A46644B1B681A44FB6BDB685B689A42D2
:1006F00006D0624B40F2FC526149624816F08CFC15
:100700007B68FA6B5A675A4B1B881A46594B1B6811
:100710001A447B685A627B681A8D554B1B889A4233
:1007200006D2564B40F207625749564816F074FC01
:100730007B681A8D4E4B1B88D31A9AB27B681A8538
:100740007868FCF739FE4C4B5B681B89002B06D0A0
:10075000494B5B684D4A1360474B00225A60464B39
:10076000DB689B899BB21846FAF710FB0346DBB2A5
:1007700003F00103002B00F0B880454B1B7843F0D9
:100780002003DAB2424B1A70AFE07B685B6FBB604C
:100790007B685B6FDB685B68364A1360BB681B89EC
:1007A0001C46BB68DB689B899BB21846FAF7EEFAD9
:1007B0000346DBB203F00303002B01D0012300E06A
:1007C00000231A197B685B6A1A447B685A627B684B
:1007D0001B8D1C46BB681B891D46BB68DB689B895B
:1007E0009BB21846FAF7D2FA0346DBB203F00303D2
:1007F000002B01D0012300E000232B449C4206D2B1
:100800001E4B40F22B6223491E4816F005FCBB68C4
:100810001B891C46BB68DB689B899BB21846FAF7AC
:10082000B5FA0346DBB203F00303002B01D001232A
:1008300000E0002319197B681A8D8BB2D31A9AB283
:100840007B681A857868FCF7B7FDBB685B681B8915
:10085000002B28D00D4B1B68002B1DD00B4B1A68AA
:10086000BB685B6819461046FBF7D6FF18E000BF6F
:1008700082770220787702205877022024AE02087F
:1008800020B202088CAE02085CB20208887702200F
:10089000857702207CB20208BB685B68704A1360EF
:1008A000BB6800225A60BB68DB689B899BB2184614
:1008B000FAF76CFA0346DBB203F00103002B0DD00C
:1008C000684B1B7843F02003DAB2664B1A707B68E2
:1008D0001B7D042B02D17B6807221A75BB681A683E
:1008E0007B685A67B868FDF7A4FB7B685B6F002BD9
:1008F00008D07B685B6FDB685A687B685B6A9A42EA
:100900003FF443AF7B685B8B03F00103002B0ED0F9
:100910007B685B8B23F001039AB27B685A837B6808
:100920005B8B43F002039AB27B685A8387E17B6852
:100930005B8B43F001039AB27B685A837FE17B684B
:100940005B6F002B06D14848FDF78CFB02467B68A5
:100950005A676CE100237B637B685B6FBB6356E186
:10096000BB6BDB685A68414B1B689A421DD13E4BFA
:100970001A89BB6B1B899A4240F24E813A48FDF7B7
:1009800071FB78617B69002B00F048817B6B002B49
:1009900003D07B6B7A691A6002E07B687A695A67D8
:1009A000B96B7869FFF7DEF838E17B6B002B17D164
:1009B0002E4B1A68BB6BDB685B68D31A002B57DAC7
:1009C0002948FDF74FFBB861BB69002B00F0288177
:1009D0007B68BA695A67B96BB869FFF7C3F81FE15A
:1009E000224B1A687B6BDB685B68D31A013B002BD8
:1009F0003EDB1E4B1A68BB6BDB685B68D31A0133A6
:100A0000002B35DC1848FDF72DFBF861FB69002B46
:100A100000F008817B6BDB685B687A6B12891A4493
:100A2000124B1B68D31A002B12DD104B1B689AB2B5
:100A30007B6BDB685B689BB2D31A9AB27B6B1A81C3
:100A40007B6B5A687B6B1B8919461046FBF792FC3F
:100A50007B6BFA691A60B96BF869FFF783F8E1E01C
:100A60008877022085770220587702207877022045
:100A7000BB6B7B63BB6B1B68002B40F0C5807F4B5F
:100A80001A68BB6BDB685B68D31A002B40F3BC8031
:100A9000BB6BDB689B899BB21846FAF777F9034674
:100AA000DBB203F00103002B40F0BE807448FDF779
:100AB000D9FA0246BB6B1A60BB6B1B68002B00F0B7
:100AC000B580BB6BDB685B68BA6B12891A446B4BF1
:100AD0001B68D31A002B12DD684B1B689AB2BB6BE4
:100AE000DB685B689BB2D31A9AB2BB6B1A81BB6B93
:100AF0005A68BB6B1B8919461046FBF73BFC614BE0
:100B00001B881A465D4B1B681A447B685B6A7968D0
:100B1000098D0B44D31A002B40F38880BB6B1B68F4
:100B2000DB689B899BB21846FAF730F90346DBB2C3
:100B300003F00103002B21D0BB6B1B68DB689B8992
:100B40009BB21BB223F47C531CB2BB6B1B68DB68EB
:100B50009B899BB21846FAF719F90346DBB203F0FA
:100B60003E039BB21846FAF711F903461BB2234322
:100B70001AB2BB6B1B68DB6892B29A817B685B6AB6
:100B80009AB27B681B8D134499B23C4B1B689AB296
:100B9000BB6B1B688A1A92B21A81BB6B1B685A68BE
:100BA000BB6B1B681B8919461046FBF7E3FBBB6B4D
:100BB0001B681C89BB6B1B68DB689B899BB2184652
:100BC000FAF7E4F80346DBB203F00303002B01D08D
:100BD000012300E0002323449AB22A4B1A80294BB8
:100BE0001B881A46254B1B681A447B685B6A796828
:100BF000098D0B449A4219D0234B4FF4DF622349ED
:100C0000234816F009FA11E0BB6B1B68BB63BB6B92
:100C1000002B7FF4A5AE0AE000BF08E000BF06E0AD
:100C200000BF04E000BF02E000BF00E000BF786842
:100C300001F088FE03E0786801F084FE1AE019E014
:100C40000E4B1A687B685B6AD31A002B0ADB0B4BCE
:100C50001A687B685B6A7968098D0B44D31A013383
:100C6000002B07DD7B685B8B43F002039AB27B6845
:100C70005A83FFE700BF5037BD46B0BD78770220EA
:100C8000587702208277022024AE0208E8B10208D9
:100C90008CAE020880B483B000AF154B1B885A1C81
:100CA00091B2134A1180FB80124B1B68002B04D0B9
:100CB000114B1B88FA889A4208D2104B1B681433D8
:100CC0003B60FB883A6813441B780BE0FB88DAB280
:100CD000094B1B88DBB2D31A7B71064B1A687B79F0
:100CE00013441B7818460C37BD465DF8047B7047EB
:100CF00074770220707702206E77022068770220D6
:100D000080B584B000AF78607B68002B06D1334B90
:100D100040F27D723249334816F07EF9324B1B881F
:100D2000002B57D0314B00221A8047E0FFF7B2FF6B
:100D30000346FB73FB7B022B06D0022B2BDC002B24
:100D400043D0012B39D026E0FFF7A4FF0346042B44
:100D50003DD1264B1B880133234A1288934236DA51
:100D6000FFF798FF03461B02BB81FFF793FF034683
:100D70001A46BB891343BB81BB8940F2B4529342EC
:100D800004D8BB89002B01D0BA8901E040F2B452EB
:100D90007B685A8612E0FFF77DFF0346FB72FB7A01
:100DA000012B16D9FB7A9AB2104B1B8813449BB2C5
:100DB000023B9AB20D4B1A8000E000BF0B4B1A8821
:100DC000094B1B889A42B1D304E000BF02E000BF88
:100DD00000E000BF1037BD4680BD00BF24AE020852
:100DE000A4B202088CAE02086C770220747702204D
:100DF00080B400AF054B1B7843F01003DAB2034B0D
:100E00001A7000BFBD465DF8047B704785770220ED
:100E100080B584B000AFF860B9607A60FB68002BE1
:100E20000AD0FB681B7A002B06D0FB681B7A184699
:100E3000FBF796F8034603E0786804F0E5F903460B
:100E400018461037BD4680BD90B587B000AFF8603A
:100E5000B9603B601346FB71FB68002B05D1434B27
:100E6000A3224349434816F0D7F8BB68002B05D1AD
:100E70003E4BA42240493F4816F0CEF897F8283060
:100E80009B00DBB203F00403FB750320FAF756FC6A
:100E900038613B69002B04D1B868FBF7EFFB0023F6
:100EA00060E03B6997F828209A723B6900221A603B
:100EB0003B69BA685A60BB681A89FB7D9BB29A424B
:100EC00005D22A4BB0222D492A4816F0A5F8BB6856
:100ED0001A89FB7D9BB2D31A9AB23B691A811421FD
:100EE000B868FBF735FB0346002B04D03869FDF7E3
:100EF000A0F8002336E03B695B685A683B69DA601A
:100F0000FB68DA8A3B69DC681046F9F73FFF034665
:100F10002380FB681A8B3B69DC681046F9F736FFC3
:100F2000034663803B69DC683868F9F745FF034690
:100F30006360FB7D9B08DBB205339BB21B039AB257
:100F4000FB799BB213439AB23B69DC681046F9F710
:100F50001DFF0346A3813B69DB6800229A740022CF
:100F6000DA743B6918461C37BD4690BDC0B2020812
:100F700010B3020830B3020858B302087CB3020869
:100F800080B586B000AF7B600346FB730B46BB8128
:100F900013467B81BB89FB827B68002B05D1304BDC
:100FA000E8223049304816F037F83B6A002B05D16B
:100FB0002B4BE9222D492C4816F02EF8BA897B8953
:100FC0009A4221D297F8243003F00203002B11D16A
:100FD0003B6A5B8B03F04003002B15D197F8283058
:100FE000002B07D03B6ADB6E002B03D13B6A1B6FE3
:100FF000002B09D0BB8903F2B75323F003027B898E
:10100000934228BF1346FB82F98AFB7B4FF4207280
:101010001846FBF74FF838613B69002B01D10023DC
:1010200019E03B691B68002B06D00D4B40F20B12F8
:101030000F490D4815F0F0FF3B695A89BB89D31A57
:101040009AB27B681A803B69BA891A813B691A890E
:101050003B695A813B6918461837BD4680BD00BFC1
:10106000C0B2020894B3020830B30208B8B3020851
:10107000D8B3020880B582B000AF78600B467B80A1
:101080007B68002B06D1334B40F233123249334890
:1010900015F0C2FF7B681B7D042B0ED07B681B7D87
:1010A000072B0AD07B681B7D022B06D07B681B7D3B
:1010B000032B02D06FF00A0348E07B88002B01D19C
:1010C000002343E07B68B3F864307A889A4209D9F8
:1010D0007B685B8B43F080039AB27B685A834FF046
:1010E000FF3333E07B68B3F86630172B09D97B6890
:1010F0005B8B43F080039AB27B685A834FF0FF33D7
:1011000024E07B68B3F86630002B0FD07B681B6F40
:10111000002B1AD17B68DB6E002B16D10D4B40F2F1
:1011200055120F490D4815F077FF0EE07B681B6FD5
:10113000002B03D17B68DB6E002B06D0054B4FF4F0
:10114000AC720849054815F067FF002318460837B8
:10115000BD4680BDC0B20208ECB3020830B302083D
:101160000CB4020848B4020890B59BB004AFF86014
:10117000B96011461A460B46FB8013467B7100236B
:101180007B6500233B650023FB640023BB640023D5
:101190007B640023A7F84230002387F82730002320
:1011A0007B820023FB870023BB87FB68002B09D1D0
:1011B000A44B4FF4CF72A449A44815F02DFF6FF053
:1011C0000F032AE3FB68B3F862305B089AB2FB684E
:1011D0005B8E934228BF1346BB84BB8C002B02D18D
:1011E000FB685B8E00E0BB8CBB84BB68002B09D125
:1011F000944B40F2AD129649944815F00DFF6FF0F4
:101200000F030AE3FB881946F868FFF733FF03462C
:1012100087F8233097F92330002B02D097F9233039
:10122000FBE2FB68B3F86630A7F84030002387F88C
:101230002230FB68DB6E002B00F0F680FB68DB6E73
:101240003B6502E03B6D1B683B653B6D1B68002BFB
:10125000F8D13B6D9B7A9B009BB203F004033B8467
:10126000BA8C3B6D1B8919463B8C0B449A4206DABB
:10127000744B4FF4F3727749744815F0CDFE3B6D13
:101280001A893B8C13449BB2BA8CD31A7B87FB68B8
:10129000B3F868307B827B8A002B26D07B8A7A8FDA
:1012A0009A4206D2674B4FF4FC726B49674815F0BF
:1012B000B3FE3B6DFB647B8AFA88934228BF1346DA
:1012C0009BB27A8F934228BF1346FB87B7F8422020
:1012D000FB8F1344A7F842307A8AFB8FD31A9BB254
:1012E0007B827A8FFB8FD31A7B877B8A002B0BD074
:1012F000B7F84220FB889A4206D0524B4FF4007256
:101300005649524815F088FEB7F84220FB889A42A9
:1013100080F067817B8F002B00F063813B6D1B8920
:10132000002B00F05E81FA88B7F84230D21A7B8F2A
:101330009342A8BF1346FB833B6DFB647B7903F0AC
:101340000103002B27D007F112007A8FF98B0123BC
:1013500002937B790193FB68009303460020FFF71B
:101360000FFE78657B6D002B00F025827B6D586841
:10137000B7F84230BA681344FA8B194616F053FF97
:10138000786DFBF709FA03461A46B7F84030134464
:10139000A7F8403041E03B6D5B687B6302E07B6B0C
:1013A0001B687B637B6B1B68002BF8D17B6B1B7B03
:1013B00003F0C003002B15D17B6B5B687A6B5289FD
:1013C0001344BA689A420DD1B7F84230002B06D0C8
:1013D0001C4B40F2312222491C4815F01DFEFB8BAC
:1013E000BB871AE0FB8B012219460020FAF762FE48
:1013F00078657B6D002B00F0E081B7F84230BA6869
:101400001A447B6D5A60786DFBF7C6F903461A469D
:10141000B7F840301344A7F84030B7F84220FB8BB0
:101420001344A7F84230DCE0FB68B3F86830002BC7
:1014300000F0D780034B40F24A220A49034815F0D6
:10144000EBFDCEE0C0B202087CB4020830B3020863
:1014500094B40208C8B40208E0B4020800B5020857
:1014600020B502084CB50208FA88B7F84230D31A02
:10147000BB8397F822309BB2BA8CD31A7B837A8BCA
:10148000BB8B934228BF13463B837B7903F0010358
:10149000002B36D097F822309AB23B8B134499B286
:1014A0007B6C002B0CBF01230023DBB207F1120081
:1014B000BA8C02937B790193FB6800930346362034
:1014C000FFF75EFD38633B6B002B00F078813B6BD0
:1014D0005B893A8B9A4206D98C4B40F266228C4942
:1014E0008C4815F099FD3B6B5A6897F82230D0185C
:1014F000B7F84230BA6813443A8B194616F093FE97
:101500002FE07B8A002B06D0804B40F2712282496B
:10151000804815F081FD3B8B012219463620FAF7F1
:10152000C9FD78617B69002B00F04B81B7F8423030
:10153000BA681A447B695A6097F822309BB24FF41C
:10154000207219463620FAF7B5FD38633B6B002B45
:1015500003D17869FBF792F836E17969386BFBF7CC
:101560005BF9386BFBF718F903461A46B7F84030B9
:101570001344A7F84030B7F84030182B03D9386B24
:10158000FBF77CF820E1FB68DA6DB7F842301A44CB
:1015900097F82730009313460022396BF868FFF75D
:1015A00053FCF864FB6C002B00F00D817B6C002B6E
:1015B00002D1FB6C7B640CE0BB6C002B06D1534B5F
:1015C00040F2AB225549534815F026FDBB6CFA6C2E
:1015D0001A60FB6CBB64B7F842203B8B1344A7F83E
:1015E0004230B7F84220FB889A42FFF43DAFFB8FB0
:1015F000002B2CD03B6D5B68FB621EE0FB6A1A89F6
:10160000FB8F13449AB2FB6A1A81FB6A1B68002B9A
:1016100010D1FB6A5B68FA6A52891344FA8FB96881
:10162000184616F000FEFB6A5A89FB8F13449AB2E3
:10163000FB6A5A81FB6A1B68FB62FB6A002BDDD1E7
:101640003B6D1A89FB8F13449AB23B6D1A817A8ADB
:10165000FB68A3F868207B6D002B18D03B6D002B36
:1016600006D12A4B4FF438722D492A4815F0D4FC84
:101670003B6D5B68796D1846FBF7CEF83B6D1A89B8
:101680007B6D1B8913449AB23B6D1A8137E0BB8F87
:10169000002B34D03B6D002B03D03B6D5B68002BDF
:1016A00006D11A4B40F2E6221E491A4815F0B4FC46
:1016B0003B6D5B68BB6209E0BB6A1A89BB8F134450
:1016C0009AB2BB6A1A81BB6A1B68BB62BB6A1B68A1
:1016D000002BF1D1BB6A1A89BB8F13449AB2BB6A43
:1016E0001A81BB6A5A89BB8F13449AB2BB6A5A816A
:1016F0003B6D1A89BB8F13449AB23B6D1A813B6DC7
:10170000002B11D1FB687A6CDA6610E0C0B20208D7
:101710007CB5020830B30208BCB50208CCB502089B
:10172000E0B5020818B602083B6D7A6C1A60FB68D7
:10173000DA6DFB881A44FB68DA65FB68B3F864204D
:10174000FB88D31A9AB2FB68A3F86420FB68B7F849
:101750004020A3F86620FB68B3F86630002B0ED05B
:10176000FB681B6F002B0AD1FB68DB6E002B06D1D8
:101770002C4B40F212322C492C4815F04DFCFB6CDE
:10178000002B16D0FB6CDB68002B12D07B7903F0AA
:101790000203002B0DD1FB6CDB689B899CB20820F7
:1017A000F9F7F4FA03461A46FB6CDB68224392B25F
:1017B0009A81002331E000BF06E000BF04E000BFD3
:1017C00002E000BF00E000BFFB685B8B43F08003DA
:1017D0009AB2FB685A837B6D002B02D0786DFAF7C2
:1017E0004DFF7B6C002B02D0786CFCF70DFCFB6886
:1017F000B3F86630002B0ED0FB681B6F002B0AD1AC
:10180000FB68DB6E002B06D1064B40F227320649FF
:10181000064815F001FC4FF0FF3318465C37BD4613
:1018200090BD00BFC0B2020850B6020830B3020833
:1018300090B58BB002AF78600B467B800023FB61D4
:1018400000237B6100233B617B68002B06D1954B15
:1018500040F24B329449954815F0DEFB7B68DB6E15
:101860007B617B69002B02D14FF0FF3316E17B884F
:10187000002B09D18B4B40F253328D498B4815F028
:10188000CBFB6FF0050309E17B691B897A889A42DB
:1018900001D3002302E17B685B8E7A889A4206D9E5
:1018A000804B40F25B328349804815F0B5FB7B6981
:1018B0001B89002B06D17B4B4FF457727E497B4826
:1018C00015F0AAFB7B699B7AFB73FB7B9B00DBB269
:1018D00003F00403BB737B691A897B88D31ABB812D
:1018E000BB7B9AB2BB8913449BB24FF4207219465A
:1018F0003620FAF7DFFB38613B69002B00F0B78038
:101900007B695B681A897B691B89D31A9AB27B88C9
:1019100013447B817B6958683B695A68BB7BD1184B
:101920007B89BA89FBF7B0F803461A46BB89934214
:1019300040F09F807B69DB689B899BB21846F9F772
:1019400025FA0346DBB203F03F03FB760023BB76A8
:10195000FB7E03F00803002B07D0FB7E23F0080377
:10196000FB76BB7E43F00803BB76FB7E03F00103EE
:10197000002B07D0FB7E23F00103FB76BB7E43F0F8
:101980000103BB767B69DB685B681846F9F714FADC
:1019900002467B88D118BA7EFB7B00930B463969DF
:1019A0007868FFF751FAF861FB69002B63D07B6917
:1019B0005B681846FAF7F0FE03461A467B68B3F8F0
:1019C00066309B1A9AB27B68A3F866207B695868D8
:1019D0007B695B681A89BB89D31A9BB21946FAF7EF
:1019E000C9FC7B691A89BB89D31A9AB27B691A81AF
:1019F0007B69DB689B899CB2FB7E9BB21846F9F73A
:101A0000C5F903461A467B69DB68224392B29A8184
:101A10007B695B681846FAF7BFFE03461A467B6887
:101A2000B3F8663013449AB27B68A3F86620FB696A
:101A30005B681846FAF7B0FE03461A467B68B3F8AF
:101A4000663013449AB27B68A3F866207B691A68F3
:101A5000FB691A607B69FA691A60FB691B68002BD5
:101A600003D17B680022A3F86820002316E000BFA2
:101A700002E000BF00E000BFFB69002B06D0094B6D
:101A80004FF476720D49094815F0C6FA3B69002BF0
:101A900002D03869FAF7F2FD4FF0FF3318462437C9
:101AA000BD4690BDC0B2020870B6020830B302084D
:101AB00094B60208B8B60208C8B60208D8B602083A
:101AC00090B585B000AF78607B68002B06D1214BC4
:101AD00040F2EB322049214815F09EFA7B68DB6E1C
:101AE000002B2ED07B68DB6EFB6002E0FB681B687E
:101AF000FB60FB681B68002BF8D1FB68DB689B89E7
:101B00009BB21846F9F742F90346DBB203F007032C
:101B1000002B16D1FB68DB689B899CB20120F9F78A
:101B200035F903461A46FB68DB68224392B29A8174
:101B30007B685B8B43F020039AB27B685A83002357
:101B400004E00121786800F00BF8034618461437CA
:101B5000BD4690BDC0B20208E4B6020830B3020828
:101B600080B58AB002AF78600B46FB700023FB772C
:101B70000023FB75FB7803F00303002B06D1674BB2
:101B800040F211426649674815F046FA7B68002B1F
:101B900006D1624B40F213426349624815F03CFAA9
:101BA000FB7803F00203002B01D00123FB77FB7FBE
:101BB0009B00DBB203F00403FB75FB7D9BB24FF48B
:101BC000207219463620FAF775FA38613B69002B06
:101BD00009D17B685B8B43F080039AB27B685A83A0
:101BE0004FF0FF3395E03B695A89FB7D9BB29A42E7
:101BF00006D24A4B40F239424C494A4815F00CFA99
:101C00007B68D96DFA78FB7F00930B463969786859
:101C1000FFF71AF9F860FB68002B09D17B685B8B32
:101C200043F080039AB27B685A834FF0FF3370E031
:101C3000FB68DB6803F00303002B06D0374B40F250
:101C400042423B49374815F0E7F9FB681B89002BF6
:101C500006D0324B40F243423649324815F0DCF9A7
:101C60007B68DB6E002B03D17B68FA68DA660DE0D7
:101C70007B68DB6EBB6102E0BB691B68BB61BB6953
:101C80001B68002BF8D1BB69FA681A607B680022D8
:101C9000A3F86820FB7803F00203002B04D1FB7843
:101CA00003F00103002B04D07B68DB6D5A1C7B68BA
:101CB000DA65FB7803F00103002B06D07B685B8BB1
:101CC00043F020039AB27B685A83FB685B6818462E
:101CD000FAF762FD03461A467B68B3F86630134490
:101CE0009AB27B68A3F866207B68B3F86630002B55
:101CF0000ED07B681B6F002B0AD17B68DB6E002B3C
:101D000006D1064B40F265420B49064815F084F9AE
:101D1000002318462037BD4680BD00BFC0B2020870
:101D200000B7020830B3020858B7020878B70208B3
:101D3000B4B70208CCB70208F8B70208B0B58AB049
:101D400000AF78607B68002B06D18A4B40F2E142FD
:101D500089498A4815F060F97B681B7D012B06D103
:101D6000844B40F2E3428649844815F055F9854B8F
:101D70001B687A689A4201D10023CEE17B68B3F8F0
:101D800048207B68B3F86030934228BF13469BB26B
:101D9000BB617B68DB6E7B627B6A002B0BD17B684F
:101DA0005B8B03F00203002B00F0AA81786800F03F
:101DB000C9FD0346B1E179687B6804331A46786847
:101DC000FFF726F878617B69002B02D16FF00303DF
:101DD000A3E17B68002B03D07B681B68002B11D12B
:101DE0007B69002B02D07B69043300E000233B6158
:101DF0003B69002B02D16FF003038EE13B691A6847
:101E00007B681A607B6ADB685B681846F8F7D4FF6A
:101E100002467B685B6CD31A7A6A12891344BA69EA
:101E20009A4227D27B68B3F860301A46BB69934266
:101E300014D17B681B6F002B10D17B6893F899300D
:101E4000002B0BD17B68002283F898207B6801224D
:101E500083F899207B68002283F89A207B685B8B4B
:101E600003F00203002B00F04D81786800F06AFD5A
:101E7000034652E17B68002283F899207B681B6F40
:101E80003B623B6A002B00F01C8102E03B6A1B684E
:101E90003B623B6A1B68002BF8D112E17B6ADB686E
:101EA0009B899BB21846F8F771FF0346DBB203F03B
:101EB0000403002B06D02F4B40F2365232492F48F4
:101EC00015F0AAF87B681B6F002B1FD07B685B8B1B
:101ED00003F04403002B19D17B68DB6E002B0BD081
:101EE0007B68DB6E1B68002B10D17B68DB6E1A8968
:101EF0007B685B8E9A4209D27B68B3F86430002B12
:101F000004D07B68B3F86630172B01D9012300E0B9
:101F10000023002B06D17B685B8B03F0A003002B12
:101F200000F0E4807B681B7D022B0DD07B6ADB68B0
:101F30009B899CB21020F8F729FF03461A467B6A5A
:101F4000DB68224392B29A817A697968786A00F0F4
:101F500009F90346FB7397F90F30002B16D07B6805
:101F60005B8B43F080039AB27B685A8397F90F30FA
:101F7000D3E000BFC0B2020820B8020830B30208A4
:101F800038B802088C77022060B802087B6A1A68A9
:101F90007B68DA667B681B7D022B06D07B685B8BD7
:101FA00023F003039AB27B685A837B6ADB685B6821
:101FB0001846F8F701FF04467B6A1B891D467B6AB9
:101FC000DB689B899BB21846F8F7E0FE0346DBB25C
:101FD00003F00303002B01D0012300E000232B4476
:101FE0002344BB607B681A6DBB68D31A002B02DAEE
:101FF0007B68BA681A657B6A1B891C467B6ADB684A
:102000009B899BB21846F8F7C1FE0346DBB203F08A
:102010000303002B01D0012300E000232344002B05
:1020200049D07B6A00221A607B681B6F002B05D1A8
:102030007B687A6A1A677B6A3B623FE07B6ADB688F
:102040005B681846F8F7B8FE04463B6ADB685B68D5
:102050001846F8F7B1FE0346E31A002B24DA7B6832
:102060007033FB6102E0FB691B68FB61FB691B6865
:10207000002B11D0FB691B68DB685B681846F8F71A
:102080009BFE04467B6ADB685B681846F8F794FEA3
:102090000346E31A002BE6DBFB691A687B6A1A60C9
:1020A000FB697A6A1A6009E03B6A7A6A1A603B6ADD
:1020B0001B683B6202E0786AFBF7BBFF7B68DB6E64
:1020C0007B627B6A002B12D07B6ADB685B681846F8
:1020D000F8F772FE02467B685B6CD31A7A6A128943
:1020E0001344BA699A42BFF4D9AE00E000BF7B68DE
:1020F000DB6E002B08D17B680022A3F8682004E087
:1021000000BF02E000BF00E000BF7B685B8B23F0F4
:1021100080039AB27B685A83002318462837BD464D
:10212000B0BD00BF80B582B000AF78607B68002B87
:1021300006D1094B40F29A520849094814F06CFF45
:102140007B685B689B7B012B01D0012300E00023AF
:1021500018460837BD4680BDC0B2020878B80208EC
:1021600030B30208B0B58CB004AFF860B9607A60E3
:10217000FB68002B06D1644B4FF4B7626349644897
:1021800014F04AFFBB68002B06D15F4B40F2B952F6
:1021900060495F4814F040FF7B68002B06D15A4B22
:1021A00040F2BA525C495A4814F036FFF868FFF71B
:1021B000B9FF0346002B01D00023A1E0BB685A6A97
:1021C000FB68DC681046F8F7F7FD0346A360BB68C0
:1021D0005A8DFB68DC681046F8F7D8FD0346E381AA
:1021E000BB685B6ABA68528D1A44BB68DA62FB68E6
:1021F000DB681433FB61FB689B7A03F00103002B5F
:1022000015D0BB6804331A46796840F2B450FCF725
:102210002FFA03467B837B8B43F001731846F8F754
:10222000CBFD0246FB691A60FB690433FB61BB68A6
:10223000B3F93030002B02DABB6800221A86BB6883
:102240005B6B002B0CD1354B1A68BB685A63FB687B
:10225000DB685B681846F8F7AFFD0246BB689A6317
:10226000FB68DA68FB685B685B68D31A3B83FB68D2
:102270005B685989FB685B683A8B8A1A92B25A810B
:10228000FB685B681989FB685B683A8B8A1A92B2B3
:102290001A81FB685B68FA68D2685A60FB68DB6881
:1022A00000221A7400225A74FB68DA68FB689B7A71
:1022B00003F00103002B01D0182300E01423134482
:1022C000FA699A4206D0104B40F21C621449104839
:1022D00014F0A2FEFB685868B968BB681C1DBB6897
:1022E000DD7ABB689B7A7A6802920622019200939B
:1022F0002B46224603F052F90346FB7597F9173037
:1023000018462037BD46B0BDC0B20208A0B80208CA
:1023100030B30208C0B80208E0B8020840770220D3
:1023200004B90208B0B584B000AF78607B68002BB8
:1023300006D1314B40F263623049314814F06CFEF3
:102340007B681B6F002B02D16FF0050350E07B68A8
:102350001B6FFB600BE0F868FFF7E4FE0346002B01
:1023600002D06FF0050343E0FB681B68FB60FB686D
:102370001B68002BEFD1F868FFF7D4FE0346002B53
:1023800002D06FF0050333E07B68DA6EFB681A60F9
:102390007B681A6F7B68DA667B6800221A677B6845
:1023A0005B8B43F400639AB27B685A83FB68DB68FB
:1023B0005B681846F8F700FD0446FB681B891D465C
:1023C000FB68DB689B899BB21846F8F7DFFC034685
:1023D000DBB203F00303002B01D0012300E0002354
:1023E0002B44E2187B68DA647B6800225A6300237E
:1023F00018461037BD46B0BDC0B2020818B9020871
:1024000030B3020880B582B000AF78607B68002BE3
:1024100006D10D4B4FF4D3620C490D4814F0FCFD6E
:102420007B6893F84230FF2B07D07B6893F84230EB
:102430000133DAB27B6883F842207868FFF77EFCCC
:1024400000BF0837BD4680BDC0B202083CB90208D3
:1024500030B3020880B582B000AF78607B68002B93
:1024600006D10A4B40F2AD6209490A4814F0D4FD86
:102470007868FFF757FF0346002B02D17868FFF713
:10248000C1FF00BF0837BD4680BD00BFC0B2020813
:1024900060B9020830B3020890B585B000AF78602B
:1024A0007B68002B06D12F4B40F2C1622E492F488A
:1024B00014F0B2FD7B681B6F002B02D16FF0050397
:1024C0004CE07B681B6FBB60B868FFF72BFE0346D0
:1024D000002B02D06FF0050340E0BB681A687B68F0
:1024E0001A677B686C33FB6002E0FB681B68FB606B
:1024F000FB681B68002B11D0FB681B68DB685B68FE
:102500001846F8F759FC0446BB68DB685B68184658
:10251000F8F752FC0346E31A002BE6DBFB681A6867
:10252000BB681A60FB68BA681A60BB681B68002B3E
:1025300003D17B680022A3F868207B6893F84230BF
:10254000FF2B07D07B6893F842300133DAB27B6807
:1025500083F842207B6800225A6300231846143710
:10256000BD4690BDC0B202087CB9020830B3020873
:1025700080B582B000AF78607B68002B06D12A4B13
:1025800040F2F96229492A4814F046FD7B681B6F26
:10259000002B45D07B685B8B03F00403002B3FD1FD
:1025A0007868FFF779FF0346002B39D17B68B3F8D1
:1025B00060207B68B3F84830934228BF13469BB233
:1025C000002B00DA01335B109AB27B68A3F84A2033
:1025D0007B68B3F84A301A467B685B8E5B009A4290
:1025E00006D27B685B8E5B009AB27B68A3F84A20B8
:1025F0007B68B3F84A207B685B8E194649000B4420
:102600009BB213449AB27B68A3F848207B685B8B2B
:1026100043F004039AB27B685A837B6800221A86CF
:1026200000BF0837BD4680BDC0B2020894B9020899
:1026300030B3020880B586B000AFF8607B600B460F
:102640007B8113463B817A893B8913449BB21433C7
:102650009BB24FF4207219462220F9F72BFD7861C6
:102660007B69002B4DD07B8913337A695289934261
:1026700006DB264B40F223722549264814F0CCFC99
:102680007B695B683B613B8C1846F8F77FFB034630
:102690001A463B691A80BB8C1846F8F777FB03464D
:1026A0001A463B695A803B697A685A60F868F8F7BD
:1026B00083FB02463B699A607B899B089BB205338A
:1026C0009BB21B039AB297F828309BB213439BB27C
:1026D0001846F8F75BFB03461A463B699A81BB8DA7
:1026E0001846F8F753FB03461A463B69DA813B6903
:1026F00000221A7400225A743B6900229A74002244
:10270000DA747B6918461837BD4680BDC0B202082E
:10271000B4B9020830B30208B0B58AB004AFF860AB
:102720007B600B467B8113463B81FB68002B06D107
:10273000154B40F242721549154814F06DFCFB68C8
:10274000586AFB68DB8AFA68128BF968498D3D8903
:102750007C89039110210291019200937B682A46A3
:102760002146FFF767FF78617B69002B06D0FB6885
:102770005B6AFA68528D1A44FB68DA627B69184614
:102780001837BD46B0BD00BFC0B20208E4B90208A8
:1027900030B3020880B588B000AFF860B960114668
:1027A0001A460B46FB711346BB710023FB83BB68C3
:1027B000002B06D1124B40F256721249124814F007
:1027C0002BFCBB685B68BB61BB6914337B61FB8B13
:1027D0009B001A46FB799B0003F004031344143357
:1027E000BA6913447A699A4206D0054B40F2757271
:1027F0000649054814F010FC00BF2037BD4680BDD7
:10280000C0B202080CBA020830B3020804B90208C8
:1028100080B58AB004AFF860B9607A603B60BB688D
:10282000002B06D11C4B40F287721C491C4814F047
:10283000F3FB3A687968F868FEF7EAFA38613B69B1
:10284000002B02D1FC23FB751CE0FB68002B06D09B
:10285000FB68DB7ABB75FB689B7A7B7503E0FF2323
:10286000BB7500237B75BA7D3B69029306230193F8
:102870007B7D009313463A687968B86802F08EFE53
:102880000346FB75B868F9F7F9FE97F91730184653
:102890001837BD4680BD00BFC0B2020834BA020876
:1028A00030B3020890B58BB004AFF860B9607A60BD
:1028B0003B603B68002B06D11E4B40F2C4721E49A0
:1028C0001E4814F0A9FBBB6A002B06D1194B40F23D
:1028D000C5721B49194814F09FFB0023FB75402368
:1028E000BB82FB7D9CB2B868F8F766FA0246BB8AE9
:1028F0000393142302933B8E0193BB8D00931346E5
:10290000002221467868FFF795FE38613B69002B6D
:102910000CD0FB7D00223969F868FFF73BFFBB6AEA
:102920003A683969F868FFF773FF00E000BF1C37A9
:10293000BD4690BDC0B2020860BA020830B30208BA
:102940007CBA020890B587B000AF78600023FB75B1
:102950000023BB757B68002B06D1284B40F2EA723E
:102960002749284814F058FBFB7D9B00DBB203F09D
:1029700004037B757B7D9CB27B681B6D1846F8F762
:102980001BFA0346002221467868FFF7C5FE38612E
:102990003B69002B09D17B685B8B43F003039AB240
:1029A0007B685A836FF0010323E0BB7DFA7D3969B0
:1029B0007868FFF7EFFE7A687B68043339697868D6
:1029C000FFF726FF0346FB7397F90F30002B07D064
:1029D0007B685B8B43F003039AB27B685A8306E003
:1029E0007B685B8B23F003039AB27B685A8397F969
:1029F0000F3018461C37BD4690BD00BFC0B202085C
:102A000098BA020830B3020890B587B000AF78607A
:102A10000023FB757B68002B06D1184B40F624027F
:102A20001749184814F0F8FAFB7D9CB27B681B6DBF
:102A3000013B1846F8F7C0F90346002221467868A2
:102A4000FFF76AFE38613B69002B02D14FF0FF337C
:102A500010E0FB7D002239697868FFF79BFE7A68F9
:102A60007B68043339697868FFF7D2FE0346FB734D
:102A700097F90F3018461C37BD4690BDC0B202080A
:102A8000B8BA020830B3020890B58BB000AF7860D6
:102A9000002387F827307B68002B06D14C4B40F68B
:102AA0004F024C494C4814F0B7FA7B68DB6E3B622E
:102AB0003B6A002B01D1002386E07B6893F89A30B3
:102AC000FF2B07D07B6893F89A300133DAB27B682A
:102AD00083F89A203B6ADB689B899BB21846F8F71B
:102AE00055F90346DBB203F00103002B05D03B6A26
:102AF0001B89002B01D1012300E00023FB77FB7F22
:102B0000002B0CBF01230023DBB2BB8397F82730D7
:102B100099B23B6ADB685B68BA8B7868FFF7FCFDAB
:102B2000B861BB69002B02D14FF0FF334CE0BB69A9
:102B30005B687B61FB7F002B11D07B699B899BB21B
:102B40001BB223F47C531CB21120F8F71FF9034683
:102B50001BB223431BB29AB27B699A8110E0BB6916
:102B60005B6814333B613B6A58683B6A5B681A894F
:102B70003B6A1B89D31A9BB201223969F9F784FF9A
:102B80003B6ADB685B681846F8F716F903460133C1
:102B9000FB607B681A6DFB68D31A002B02DA7B6836
:102BA000FA681A6597F827300022B9697868FFF744
:102BB000F1FD7A687B680433B9697868FFF728FE0D
:102BC0000346FB7297F90B3018462C37BD4690BD73
:102BD000C0B20208D4BA020830B3020880B582B08D
:102BE00000AF7860FAF72CF90A4B1B68002B03D171
:102BF000094B1B68002B05D000220849FA2000F081
:102C0000F3F803E0064B00221A6000BF00BF08374C
:102C1000BD4680BD4C77022050770220DD2B010895
:102C20009877022080B500AF0A4B1B68002B0FD1AC
:102C3000094B1B68002B03D1084B1B68002B07D0E6
:102C4000044B01221A6000220549FA2000F0CCF85A
:102C500000BF80BD987702204C7702205077022079
:102C6000DD2B010880B586B000AFF860B9607A60EE
:102C70000A20F8F763FD38613B69002B09D13B69F5
:102C8000002B51D12A4BBE222A492B4814F0C4F9FB
:102C90004AE03B6900221A603B69BA689A603B6966
:102CA0007A68DA603B69FA685A60244B1B68002B2B
:102CB00003D1224A3B69136037E03B695A681F4BD6
:102CC0001B685B68D31ADB0F03F00103DBB2002B38
:102CD00007D01A4B1A683B691A60184A3B6913609F
:102CE00023E0164B1B687B611AE07B691B68002B95
:102CF0000BD03B695A687B691B685B68D31ADB0F92
:102D000003F00103DBB2002B07D07B691A683B6933
:102D10001A607B693A691A6007E07B691B687B610E
:102D20007B69002BE1D100E000BF1837BD4680BDB4
:102D3000F8BA020848BB020888BB02089077022054
:102D400080B586B000AF78607B687B617B695B682B
:102D5000984705F069F938617B691A680F4B1B6861
:102D60001344FB60FA683B69D31ADB0F03F00103DD
:102D7000DBB2002B09D07B691A683B6913447A687F
:102D800007491846FFF76EFF04E07A680449F868BF
:102D9000FFF768FF00BF1837BD4680BD947702205B
:102DA000412D010880B582B000AF01237B600EE0A9
:102DB0000B4A7B6852F833007B68DB00084A1344F7
:102DC0001A46084900F010F87B6801337B607B6885
:102DD000032BEDD900BF00BF0837BD4680BD00BF43
:102DE00068FA0208412D010880B586B000AFF8608E
:102DF000B9607A60FB68B3F1804F06D30A4B40F2AA
:102E000029120A490A4814F007F905F00DF902469B
:102E1000FB6813447B617A68B9687869FFF722FF21
:102E200000BF1837BD4680BDF8BA0208B0BB020823
:102E300088BB020880B584B000AF78603960194B58
:102E40001B68002B29D0174B1B68BB600023FB605D
:102E50001FE0BB689B687A689A4215D1BB68DB6843
:102E60003A689A4210D1FB68002B04D1BB681B68FA
:102E70000C4A136003E0BB681A68FB681A60B96803
:102E80000A20F8F7D1FC09E0BB68FB60BB681B684F
:102E9000BB60BB68002BDCD100E000BF1037BD4633
:102EA00080BD00BF9077022080B584B000AF05F0F0
:102EB000BBF8F860174B1B68BB60BB68002B22D0C7
:102EC000BB685B68FA68D31ADB0F03F00103DBB25F
:102ED000002B1AD1BB681B680E4A1360BB689B6845
:102EE0007B60BB68DB683B60BB685B680A4A136059
:102EF000B9680A20F8F798FC7B68002BDAD07B6869
:102F000038689847D6E700BF00E000BF1037BD46DD
:102F100080BD00BF907702209477022080B582B0F8
:102F200000AF164B1B68002B02D14FF0FF3320E09F
:102F300005F07AF87860114B1B685A687B68D31AE1
:102F4000DB0F03F00103DBB2002B01D0002310E004
:102F50000A4B1B685A687B68D31A3B603B68002B9E
:102F600006DA074B4FF4DC720649074814F054F8B0
:102F70003B6818460837BD4680BD00BF90770220E9
:102F8000F8BA0208E8BB020888BB020880B500AFA7
:102F900013F044FD03469BB2C3F30D039BB2A3F5AC
:102FA00080439AB2014B1A8000BF80BD18000020F8
:102FB00080B483B000AF0023FB80174B1B885A1CE2
:102FC00091B2154A11804FF6FF72934203D1124B12
:102FD0004FF440421A80114B1B683B6011E03B6884
:102FE0005A8A0D4B1B889A4208D1FB880133FB801B
:102FF000FB88B3F5804FE0D3002307E03B68DB6834
:103000003B603B68002BEAD1034B1B8818460C370A
:10301000BD465DF8047B7047180000209C770220B5
:1030200080B584B000AFF860B9601346FB71FB68EF
:10303000002B05D1274B87222749284813F0ECFFA6
:10304000BB68002B05D1234B88222549234813F068
:10305000E3FFFB681B7A002B0BD0FB681A7A214B2D
:103060005B6893F834300133DBB29A4201D000231D
:103070002BE0FB79002B18D0FB68002B13D0FB68EA
:103080001B68002B0FD0174B5B69B3F1FF3F0AD0D1
:10309000FB681A68134B5B695A40BB6808331B68AE
:1030A0001340002B10D101230FE0FB68002B09D047
:1030B000FB681B68002B05D0FB681A68094B5B692D
:1030C0009A4201D1012300E0002318461037BD4683
:1030D00080BD00BFFCBB020848BC02086CBC0208F3
:1030E00094BC02080C9F012090B58DB002AF7860AF
:1030F00039600023FB767B68002B05D17C4BCF2207
:103100007C497D4813F088FF3B68002B05D1784B44
:10311000D0227A49784813F07FFF7B685B89072BC0
:1031200003D87868F9F7AAFADEE07B685B687B6110
:10313000734B5B69724A12681146184602F006FB2F
:103140000346FB747B691B889BB21846F7F71EFE8B
:1031500003463B827B695B889BB21846F7F716FEF5
:103160000346FB8100237B6200233B620023FB615B
:10317000644B1B687B6254E07B6A5B8AFA899A42E3
:103180004AD1FB7C1A463968786AFFF749FF034643
:10319000002B41D07B6A1B7C03F00403002B1DD164
:1031A000FB69002B02D17B6AFB6117E0FB7C002BE3
:1031B00014D0534B5B69B3F1FF3F0FD1FB691A6821
:1031C0003B6804331B689A4208D07B6A1A683B68E4
:1031D00004331B689A4201D17B6AFB617B6A9B8A3C
:1031E0003A8A9A4218D17B6A5B68002B05D07B6AC9
:1031F0005A68434B1B699A420ED13B6A002B14D08C
:103200007B6ADA683B6ADA603E4B1A687B6ADA608E
:103210003C4A7B6A136008E07B6A3B627B6ADB683E
:103220007B627B6A002BA7D100E000BF7B6A002B8A
:1032300001D1FB697B627B6A002B02D00123FB7604
:103240000AE03B6804331A682D4B5B699A420CBF55
:1032500001230023DBB2FB76FB7E002B41D008214B
:103260007868F9F785F90346002B0AD0204B4FF414
:10327000B8722549204813F0CFFE7868F9F7FEF9B7
:1032800032E07B6A002B12D07B6A9B69002B0AD04C
:103290007B6A9C697B6AD8693B8A00931B4B7A687E
:1032A000796AA04721E07868F9F7E8F91CE0FB7C2F
:1032B000002B12D1124B5B6903F0F003E02B0CD012
:1032C0000F4B9B8908339BB21BB219467868F9F7FC
:1032D000C2F90321786801F00DFF7868F9F7CEF99B
:1032E00003E07868F9F7CAF900BF2C37BD4690BDF6
:1032F000FCBB0208BCBC02086CBC0208D4BC0208BF
:103300000C9F01209C770220F0BC02081C9F01202A
:1033100080B588B002AFF860B9607A607B80FB68E6
:10332000002B09D1234B4FF406722349234813F095
:1033300073FE6FF00F0338E0BB68002B09D11D4B03
:1033400040F219221E491D4813F066FE6FF00F036C
:103350002BE07B68002B09D1164B40F21A22194949
:10336000164813F059FE6FF00F031EE0FB681B7A3E
:10337000002B06D0FB681B7A1846F8F7F1FD786140
:1033800003E0786801F040FF78617B69002B02D18F
:103390006FF0030309E07A887B69009313467A682B
:1033A000B968F86800F010F8034618461837BD46AB
:1033B00080BD00BFFCBB02083CBD02086CBC02081B
:1033C00054BD020870BD020880B588B002AFF86035
:1033D000B9607A607B80FB68002B09D12E4B4FF4DB
:1033E00020722E492E4813F017FE6FF00F034FE0A6
:1033F000BB68002B09D1284B40F28122294928487B
:1034000013F00AFE6FF00F0342E07B68002B09D136
:10341000214B40F282222449214813F0FDFD6FF038
:103420000F0335E03B6A002B09D11B4B40F283228E
:103430001E491B4813F0F0FD6FF00F0328E0FB68F6
:10344000002B09D0FB681B68002B05D0FB681B68AC
:1034500003F0F003E02B03D13B6A04337B610BE004
:10346000FB681A683B6A04331B689A4202D06FF00B
:1034700003030DE0FB687B617A887B6901933B6AFB
:10348000009313467A68B968F86800F011F80346AB
:1034900018461837BD4680BDFCBB02088CBD02082B
:1034A0006CBC0208A8BD0208C4BD0208E4BD020845
:1034B00080B58CB004AFF860B9607A607B80FB683F
:1034C000002B09D1654B40F2D1226549654813F0C4
:1034D000A3FD6FF00F03BCE0BB68002B09D15F4B6D
:1034E00040F2D22260495F4813F096FD6FF00F035F
:1034F000AFE07B68002B09D1584B40F2D3225B49E7
:10350000584813F089FD6FF00F03A2E0FB6A002B0F
:1035100009D1524B4FF435725549524813F07CFD96
:103520006FF00F0395E0BB6A002B09D14B4B40F2C3
:10353000D52250494B4813F06FFD6FF00F0388E020
:10354000FB685B8A002B0FD1F968FB685B8A1A461F
:10355000F86800F093F80346FB7697F91B30002BD0
:1035600002D097F91B3074E0BB681B894FF6F772E5
:10357000934202D94FF0FF336BE00821B868F8F7A7
:10358000E7FF0346002B15D04FF4207208212220BC
:10359000F8F790FDF861FB69002B02D14FF0FF3383
:1035A00057E0BB681B89002B06D0B968F869F9F7AA
:1035B00089F901E0BB68FB61FB695B89072B06D8D1
:1035C000264B40F20D322C49264813F025FDFB69AD
:1035D0005B687B61FB685B8A1846F7F7D7FB03469D
:1035E0001A467B691A807B881846F7F7CFFB03469B
:1035F0001A467B695A807B6900229A710022DA712F
:10360000FB691B891846F7F7C1FB03461A467B691D
:103610009A801123FB74FB68DB7ABB74FB689B7A8E
:10362000B97CBA6A0292FA7C019200930B467A68DE
:10363000F96AF86901F0DCFF0346FB76FA69BB68BA
:103640009A4204D0F869F9F719F80023FB6197F959
:103650001B3018462037BD4680BD00BFFCBB0208AA
:1036600004BE02086CBC020824BE020844BE020864
:1036700068BE02088CBE0208B0BE020880B586B0E3
:1036800000AFF860B9601346FB80BB68002B01D126
:10369000394BBB60FB68002B09D1384B40F2B73285
:1036A0003749384813F0B8FC6FF00F0360E000238F
:1036B000FB74354B1B687B6109E0FA687B699A42B1
:1036C00002D10123FB7405E07B69DB687B617B69C8
:1036D000002BF2D1FB88002B09D1FFF769FC0346D0
:1036E000FB80FB88002B2CD16FF0070340E0264BBA
:1036F0001B687B6122E0FA687B699A421BD07B6978
:103700005B8AFA889A4216D17B691A68BB681B6883
:103710009A420DD0BB68002B0AD0BB681B68002BF7
:1037200006D07B69002B03D07B691B68002B02D17C
:103730006FF007031CE07B69DB687B617B69002B12
:10374000D9D1BB68002B02D0BB681B6800E0002306
:10375000FA681360FB68FA885A82FB7C002B06D15A
:10376000094B1A68FB68DA60074AFB68136000239C
:1037700018461837BD4680BD88FA0208FCBB02080F
:10378000E0BE02086CBC02089C77022080B584B0C1
:1037900000AFF860B9607A60FB68002B07D1084B76
:1037A00040F28A420749084813F036FC05E0FB68FE
:1037B000BA689A61FB687A68DA611037BD4680BDE5
:1037C000FCBB02084CBF02086CBC020880B584B088
:1037D00000AF78607B68002B07D1194B40F2A14203
:1037E0001849194813F018FC26E0184B1B687A6832
:1037F0009A4205D1154B1B68DB68144A136017E029
:10380000124B1B68FB6010E0FB68DB68002B09D0E3
:10381000FB68DB687A689A4204D17B68DA68FB68E7
:10382000DA6005E0FB68DB68FB60FB68002BEBD12E
:1038300079680020F7F7F8FF1037BD4680BD00BF5C
:10384000FCBB020864BF02086CBC02089C77022023
:1038500080B582B000AF0020F7F770FF78607B681A
:10386000002B07D020220021786813F0A6FD7B688A
:10387000FF22DA727B6818460837BD4680BD80B5E6
:1038800084B000AF0346FB71FFF7E2FFF860FB680E
:1038900018461037BD4680BD80B485B000AF786053
:1038A00039607B68002B1ED07B681B68002B1AD008
:1038B0003B68002B17D03B681B68002B13D00D4BC7
:1038C0001B68FB600CE0FB681A687B681B689A4207
:1038D00003D13B681A68FB681A60FB68DB68FB6011
:1038E000FB68002BEFD100BF1437BD465DF8047BA9
:1038F000704700BF9C77022080B584B000AF78602D
:103900007B685B6AFB60FB685B7A0133DAB2FB6859
:103910005A72786800F0B4F800BF1037BD4680BD19
:1039200080B584B000AF78607B685B6AFB60FB6841
:103930001B7A002B03D07868FFF7DEFF05E078687C
:1039400000F075F8FB6864221A7200BF1037BD469C
:1039500080BD000080B584B000AF786039607B68BE
:103960005B6ABB607B6893F82E301A467B6893F8DD
:103970002F301B021A431E4B13441846F7F71CFA4C
:1039800003461846F7F718FAF860BB685B7A1A46E0
:10399000FB681344FB60FB689AB2164B1343FB6051
:1039A000FB68154A934203D8FB6803F57E43FB602E
:1039B000FB68124A934203D9FB68A3F57E43FB6080
:1039C000FB680D4A934203D9FB680C4A934205D920
:1039D0000B4BBC220B490C4813F01EFBF868F7F7A1
:1039E000EBF902463B681A6000BF1037BD4680BD48
:1039F0000001FEA90000FEA9FF00FEA9FFFEFEA92E
:103A00007CBF020840C00208E0BF020880B584B055
:103A100000AF78607B685B6AFB60FB68194678687A
:103A200001F052FA034618461037BD4680BD80B5F6
:103A300082B000AF78607B6804331946786801F083
:103A400043FA034618460837BD4680BD80B586B0A8
:103A500000AF78607B685B6A7B614FF6FF733B6108
:103A60000023FB60796907F10C0307F11002786805
:103A7000F8F7F6F8002318461837BD4680BD000059
:103A800080B584B000AF78607B685B6AFB60002320
:103A9000FB727B6893F8313003F00103002B09D1EE
:103AA0001F4B40F205121F491F4813F0B5FA6FF083
:103AB0000F0330E01D4B1D4A1C497868F8F7D0F819
:103AC000FB68002B0ED10C210120F7F77DFDF8607B
:103AD000FB68002B02D14FF0FF331CE07B68FA68D3
:103AE0005A620EE0FB6800221A71FB680022DA803D
:103AF000FB6800225A71FB6800221A60FB680022F2
:103B00001A72FB6819467868FFF724FF786800F09E
:103B10000FF897F90B3018461037BD4680BD00BF2F
:103B20007CBF02085CC00208E0BF020888FA0208F5
:103B300080B485B000AF78607B685B6AFB60FB682F
:103B400001221A71FB6800225A717B6893F82F30AA
:103B50001A067B6893F82D301B041A437B6893F890
:103B60002C301B0213437A6892F82E2013437A6894
:103B7000526A002A03D07A68526A527A00E0002220
:103B8000D1180D4BA3FB0123DA0813469B00134405
:103B90005B00CA1A92B2FB68DA80FB685B7A0A2B78
:103BA00003D9FB684FF41672DA8000BF1437BD46A4
:103BB0005DF8047B704700BFCDCCCCCC80B584B021
:103BC00000AF78607B685B6AFB60FB68002B06D007
:103BD000FB681B79002B02D07868FFF7A9FF00BFB4
:103BE0001037BD4680BD000080B584B000AF78605E
:103BF0007B685B6AFB60FB68002B10D0FB680022CF
:103C00001A717B6804331B689BB24FF6A96293421A
:103C100005D1054B044A04497868F8F721F80023D8
:103C200018461037BD4680BD88FA020880B582B0BC
:103C300000AF524B1B687B6096E07B685B6A3B6021
:103C40003B68002B00F08D803B681B7A002B05D071
:103C50003B681B7A013BDAB23B681A723B68DB882F
:103C6000002B05D03B68DB88013B9AB23B68DA80C9
:103C70003B681B79012B02D0022B51D071E03B68CD
:103C8000DB88002B6AD13B685B79022B0CD93B683F
:103C900002221A717868FFF7D9FE3B6801225A7137
:103CA0003B681422DA8059E07868FFF7AFFE3B6882
:103CB0005B790133DAB23B685A713B685B79032B5D
:103CC00003D13B681422DA8048E07B6893F82F30F8
:103CD0001A067B6893F82D301B041A437B6893F80F
:103CE0002C301B0213437A6892F82E2013437A6813
:103CF000526A002A03D07A68526A527A00E000229F
:103D0000D1181F4BA3FB0123DA0813469B00134471
:103D10005B00CA1A93B20A339AB23B68DA801DE09C
:103D20003B68DB88002B1BD17868FFF780FE3B687F
:103D30001422DA803B685B790133DAB23B685A714E
:103D40003B685B79012B0BD93B6803221A713B68F6
:103D500000225A713B680022DA8001E000BF00E0D7
:103D600000BF7B681B687B607B68002B7FF465AFBE
:103D700000BF00BF0837BD4680BD00BF34770220BA
:103D8000CDCCCCCC80B58AB000AF786039607B6890
:103D90005B6A7B627B6A002B00F097807B6A1B79F1
:103DA000002B00F092807B6803F12A0207F10C03DC
:103DB0001068186092889A803B680E335B889BB2CB
:103DC0001BB21B021AB23B680E335B889BB21B0A04
:103DD0009BB21BB213431BB29BB21B043B623B68FA
:103DE0000E331B889BB21BB21B021AB23B680E3308
:103DF0001B889BB21B0A9BB21BB213431BB29BB224
:103E00001A463B6A13433B623B6ABB613B6818330B
:103E10005B889BB21BB21B021AB23B6818335B88EB
:103E20009BB21B0A9BB21BB213431BB29BB21B0477
:103E3000FB613B6818331B889BB21BB21B021AB292
:103E40003B6818331B889BB21B0A9BB21BB21343FF
:103E50001BB29BB21A46FB691343FB61FB697B6192
:103E60007B6A1B79012B1CD1BA697B6A1B689A4259
:103E700013D0BB69002B28D17A697B6A1B689A42F0
:103E800023D13B6803F1080107F10C030622184611
:103E900013F06AFA0346002B17D07868FFF72CFD61
:103EA00013E0BA697B6A1B689A420ED13B6803F142
:103EB000080107F10C030622184613F055FA0346D1
:103EC000002B02D07868FFF72BFD00BF2837BD46D6
:103ED00080BD80B485B000AF786039607B685B6A74
:103EE000FB60FB68002B07D03B681A68FB681B6807
:103EF0009A4201D1012300E00023DBB218461437B7
:103F0000BD465DF8047B704780B582B000AF786035
:103F100015497A6813465B001344DB000B441B68A9
:103F2000002B13D010497A6813465B001344DB0062
:103F30000B441B681846F8F7A1FB0B497A68134637
:103F40005B001344DB000B4400221A6006497A68C8
:103F500013465B001344DB000B44143300221A7039
:103F600000BF0837BD4680BDA077022080B582B073
:103F700000AF00237B6096E04F497A6813465B00F0
:103F80001344DB000B4414331B78FB70FB78002BCD
:103F900000F0868048497A6813465B001344DB00D2
:103FA0000B4412331B88013398B243497A68134695
:103FB0005B001344DB000B44123302461A803E4977
:103FC0007A6813465B001344DB000B4412331B88F2
:103FD000B3F5967F15D238497A6813465B001344CF
:103FE000DB000B4414331B78012B0ED132497A6865
:103FF00013465B001344DB000B4412331B88042B75
:1040000003D97868FFF780FF4AE02B497A681346A6
:104010005B001344DB000B4414331B78032B0AD1E1
:1040200025497A6813465B001344DB000B441433C4
:1040300004221A7034E020497A6813465B00134466
:10404000DB000B4414331B78042B0AD11A497A681D
:1040500013465B001344DB000B44143302221A7036
:104060001EE015497A6813465B001344DB000B44DD
:1040700014331B78012B13D10F497A6813465B0068
:104080001344DB000B44083318687A6813465B005E
:104090001344DB00084A13440433194600F014FFAC
:1040A0007B6801337B607B68092B7FF765AF00BFBE
:1040B00000BF0837BD4680BDA077022080B58AB01A
:1040C00000AFF8600B467A60FB720A23FB840A2378
:1040D000BB840A237B8400233B840A23FB830023C5
:1040E000BB8300237B8300233B8300233B84AEE020
:1040F000B7F92020A64913465B001344DB000B44AC
:1041000014331B78FB75B7F922300A2B05D1FB7DE0
:10411000002B02D13B8C7B8495E0FB7D002B00F0D3
:104120009280FB7D012B09D0FB7D012B06D8994B9A
:1041300040F223129849994812F06EFFFB68002B59
:1041400020D0FB681968B7F92020914813465B001E
:104150001344DB00034404331B68994212D17B688B
:10416000002B0CD0B7F92020894913465B0013447B
:10417000DB000B4408331B687A689A4202D1B7F916
:10418000203000E1FB7D012B40D1B7F92020804990
:1041900013465B001344DB000B441B68002B1AD052
:1041A000B7F920207A4913465B001344DB000B4427
:1041B00012331B88BA8B9A4245D83B8CFB83B7F9E4
:1041C0002020734913465B001344DB000B44123379
:1041D0001B88BB8337E0B7F920206D4913465B008D
:1041E0001344DB000B4412331B887A8B9A422AD883
:1041F0003B8CFB84B7F92020654913465B001344D0
:10420000DB000B4412331B887B831CE0FB7D012BFE
:1042100019D9B7F920205E4913465B001344DB002F
:104220000B4412331B883A8B9A420CD83B8CBB84CC
:10423000B7F92020564913465B001344DB000B44BA
:1042400012331B883B833B8C01339BB23B84B7F911
:104250002030092B7FF74CAFFB7A03F00203002BD1
:1042600008D1B7F922300A2B07D1FB7A03F00103FA
:10427000002B02D14FF0FF3385E0B7F92230092B34
:1042800002DC7B8C3B8439E0B7F92430092B14DC49
:10429000BB8C3B84B7F920203D4913465B00134497
:1042A000DB000B441B68002B18D03A4B40F26D1218
:1042B0003B493A4812F0B0FE10E0B7F92630092B1E
:1042C00002DCFB8C3B8409E0B7F91E30092B02DCD1
:1042D000FB8B3B8402E04FF0FF3354E0B7F9203012
:1042E000092B06DD2B4B40F27F122E492B4812F092
:1042F00093FEB7F920301846FFF706FEB7F92030D5
:10430000092B06DD234B40F283122649234812F085
:1043100083FEB7F920201E4913465B001344DB00DF
:104320000B4414331B78002B06D01A4B4FF4C27287
:104330001D491A4812F070FEFB68002B0BD0B7F92C
:104340002020FB681968124813465B001344DB0009
:10435000034404331960B7F920200D4913465B006C
:104360001344DB000B44123300221A80B7F92020DB
:10437000074913465B001344DB000B4408337A689B
:104380001A60B7F9203018462837BD4680BD00BFF7
:10439000A077022080C00208D4C0020814C102081D
:1043A0003CC1020854C1020868C1020880B588B047
:1043B00002AFF860B9607A60FB70FB6893F8303048
:1043C000062B06D0484B40F2A9124849484812F043
:1043D00023FEBB68002B12D0BB681B68002B0ED0DD
:1043E000BB681B68F968184601F0B0F90346002B5A
:1043F00005D1BB681B6803F0F003E02B02D16FF01E
:104400000F036CE0FB78FA681946B868FFF756FEB0
:104410000346FB82B7F91630002B02DAFB8A5BB247
:104420005DE0B7F91620334913465B001344DB0007
:104430000B44143302221A70B7F916202D49134683
:104440005B001344DB000B440833FA681A60B7F9C9
:10445000162013465B001344DB000833254A13443F
:10446000043306227968184613F0DDFEB7F91620EA
:10447000204913465B001344DB000B441233002237
:104480001A80B7F916201B4913465B001344DB0062
:104490000B441B68002B21D0B7F916201549134691
:1044A0005B001344DB000B441B683B61B7F916202B
:1044B000104913465B001344DB000B4400221A60D2
:1044C000FB6803F12A024FF4006300937B683969AB
:1044D000F868F6F7D7F93869F8F7D0F800231846E6
:1044E0001837BD4680BD00BF80C0020894C10208D5
:1044F00014C10208A077022080B584B000AF7860B4
:104500000023FB601EE01349FA6813465B00134466
:10451000DB000B4414331B78FB72FB7A002B0ED0AC
:104520000C49FA6813465B001344DB000B44083364
:104530001B687A689A4202D1F868FFF7E5FCFB68CD
:104540000133FB60FB68092BDDDD00BF00BF1037C6
:10455000BD4680BDA0770220B0B58CB004AF7860B6
:1045600039603B68002B07D1654B40F28A226549D0
:10457000654812F051FDBFE07B685B68BB61BB69B9
:104580001B889BB2B3F5807F0CD1BB691B79062BCE
:1045900008D1BB695B79042B04D1BB695B889BB2F2
:1045A000082B03D07868F8F769F8A5E0B96938688E
:1045B000FFF7E8FBBB690E335B889BB21BB21B02A3
:1045C0001AB2BB690E335B889BB21B0A9BB21BB24B
:1045D00013431BB29BB21B047B61BB690E331B8868
:1045E0009BB21BB21B021AB2BB690E331B889BB273
:1045F0001B0A9BB21BB213431BB29BB21A467B69C8
:1046000013437B617B69FB60BB6918335B889BB29A
:104610001BB21B021AB2BB6918335B889BB21B0A20
:104620009BB21BB213431BB29BB21B043B61BB6921
:1046300018331B889BB21BB21B021AB2BB6918331A
:104640001B889BB21B0A9BB21BB213431BB29BB2CB
:104650001A463B6913433B613B69BB603B680433CB
:104660001B68002B02D10023FB7709E0BA683B6886
:1046700004331B689A420CBF01230023DBB2FB7793
:10468000BB6903F10802FB7F002B01D0012300E08E
:10469000022307F10C013868FFF788FEBB69DB884D
:1046A0009BB2B3F5807F03D0B3F5007F1ED020E02E
:1046B000FB7F002B1CD03B6803F12A00BB6903F190
:1046C00008043B6803F12A053B680433BA690832E1
:1046D0000221039107F10C010291019200932B46F4
:1046E00022460146386800F0F5FA01E000BF00E01C
:1046F00000BF7868F7F7C2FF2037BD46B0BD00BFE6
:1047000080C00208ECC1020814C1020880B586B05E
:1047100002AFF860B9601346FB71FA794449134659
:104720005B001344DB000B4414331B78012B06D8C9
:10473000404B40F2EE224049404812F06DFCFA79BD
:104740003B4913465B001344DB000B4414331B78D6
:10475000022B53D1FA79364913465B001344DB0030
:104760000B4412331B88B3F58E7F19D9FA7913469F
:104770005B001344DB002E4A134404331946F868E7
:1047800000F0A2FB0346002B38D1FA7928491346E2
:104790005B001344DB000B44143303221A702DE03A
:1047A000FA79234913465B001344DB000B441233B0
:1047B0001B88B3F5877F21D3FA7913465B00134436
:1047C000DB001B4A1344191DFA7913465B0013449E
:1047D000DB000833164A134404331A46F86800F025
:1047E00051FB0346002B09D1FA79114913465B00AE
:1047F0001344DB000B44143303221A70FB6803F1EB
:104800002A01FA7913465B001344DB000833084A97
:10481000134404334FF4006200920A46B968F86802
:10482000F6F730F8034618461037BD4680BD00BF86
:10483000A077022080C002080CC2020814C102083E
:1048400080B58CB002AFF860B9607A607B683B627B
:10485000FB68002B06D1784B40F21E32774978482E
:1048600012F0DAFBBB68002B06D1734B40F21F320B
:104870007449734812F0D0FB7B68002B06D16E4B55
:104880004FF4487270496E4812F0C6FB7B681B6893
:10489000F968184600F05AFF0346002B02D06B4B14
:1048A0007B62B9E07B681B6803F0F003E02B18D152
:1048B00001233B7400237B745E23BB747B6801334C
:1048C0001B7803F07F03DBB2FB747B6802331B7839
:1048D0003B757B6803331B787B7507F110037B62A4
:1048E0009AE07B681A68FB6804331B685A40FB68CF
:1048F00008331B681340002B1CD07B681B689BB2DD
:104900004FF6A962934215D0BB685B68BB61BB6977
:10491000DB689BB24FF6A96293420BD0FB680C3365
:104920001B68002B03D0FB680C333B6202E06FF086
:1049300003037DE0464B1B781946464A0B465B0055
:104940000B44DB00134414331B78012B25D9404B57
:104950001B7819463F4A0B465B000B44DB001344AF
:1049600008331B68FA689A4217D13B6A1A68384BB9
:104970001B781846374903465B000344DB000B44B1
:1049800004331B689A4208D1314B1B781A46B96828
:10499000F868FFF7BBFE03464AE00023FB7731E0EF
:1049A000FA7F2C4913465B001344DB000B4414339D
:1049B0001B78012B23D9FA7F264913465B00134449
:1049C000DB000B4408331B68FA689A4217D13B6A34
:1049D0001968FA7F1F4813465B001344DB00034449
:1049E00004331B6899420AD1194AFB7F1370FB7F7D
:1049F0001A46B968F868FFF789FE034618E0FB7F9E
:104A00000133FB77FB7F092BCAD9BA68396AF8688A
:104A100000F022F803460BE0FB6803F12A024FF492
:104A2000006300937B6AB968F868F5F72BFF0346CB
:104A300018462837BD4680BD80C00208ECC1020878
:104A400014C102083CC20208DCC1020860F9020875
:104A500090780220A077022080B58CB002AFF86079
:104A6000B9607A60FB682A337B61FF2387F82730BF
:104A700000233B62BB681B68F968184600F066FEBD
:104A80000346002B0CD1BB681B6803F0F003E02B3E
:104A900006D0BB68002B03D0BB681B68002B02D17B
:104AA0006FF00F0301E1FA680121B868FFF706FB18
:104AB00003467B82B7F91230002B02DA7B8A5BB2A5
:104AC000F3E07B8A7E2B06D97A4B40F2C1327A49D9
:104AD0007A4812F0A1FA7B8A7B747A7C7849134673
:104AE0005B001344DB000B4414331B78002B15D1FF
:104AF00001233B627A7C724913465B001344DB005E
:104B00000B44143301221A707A7C6D4913465B0002
:104B10001344DB000B440833FA681A607A7C684956
:104B200013465B001344DB000B4414331B78012B4A
:104B300011D07A7C624913465B001344DB000B44BE
:104B400014331B78012B06D85A4B40F2CD325D4905
:104B50005A4812F061FA3B6A002B02D17B68002BA5
:104B60000CD1B968F86800F0AFF9034687F8273030
:104B70007B68002B02D197F9273096E07B68002BE9
:104B800006D14C4B40F2E1324F494C4812F044FA06
:104B90007A7C4B4913465B001344DB000B4414330F
:104BA0001B78012B17D9494A7B7C13707A7C1346FA
:104BB0005B001344DB000833414A134404334FF4D1
:104BC000006200927A697968F868F5F75BFE03463F
:104BD00087F8273067E07A7C394913465B00134435
:104BE000DB000B4414331B78012B5CD10023BB6129
:104BF0007B68FB611CE0FB695A89FB691B899A424F
:104C00000AD1FB691B68002B06D02A4B40F2F13217
:104C10002F492A4812F000FAFB691B7B03F040037E
:104C2000002B02D00123BB6105E0FB691B68FB611F
:104C3000FB69002BDFD1BB69002B07D07A684FF4EA
:104C400020710E20F7F7BCFFF86104E07B68FB6180
:104C5000F869F7F7B9FDFB69002B21D07A7C184978
:104C600013465B001344DB000B441B68002B0AD087
:104C70007A7C134913465B001344DB000B441B682A
:104C80001846F7F7FBFC7A7C0D4913465B0013448A
:104C9000DB000B44FA691A60002387F8273002E032
:104CA000FF2387F8273097F9273018462837BD4665
:104CB00080BD00BF80C0020848C2020814C10208BB
:104CC000A077022058C202083CC202089078022055
:104CD00080C2020880B58CB002AFF860B9607A601B
:104CE0003B60002387F82730FB68002B06D15F4B21
:104CF00040F257425E495F4812F08EF94FF420723D
:104D00001C210E20F7F7D6F938623B6A002B02D13E
:104D10004FF0FF33A6E03B6A5B891B2B06D8534B51
:104D200040F262425449534812F076F93B6A5B689C
:104D3000FB61BB8F1846F6F729F803461A46FB6954
:104D4000DA80FB6893F83030062B06D0474B40F2F0
:104D500069424A49474812F05FF9FB690833062265
:104D60003968184613F05FFAFB6912330622796B33
:104D7000184613F058FA3B6B1B68BB61BB691BB24A
:104D80001B021AB2BB699BB21B0A9BB21BB2134334
:104D90001BB29AB2FB69DA81BB691B0C1BB21B0206
:104DA0001AB2BB691B0C9BB21B0A9BB21BB213430A
:104DB0001BB29AB2FB691A82BB6B1B687B617B6971
:104DC0001BB21B021AB27B699BB21B0A9BB21BB2BD
:104DD00013431BB29AB2FB691A837B691B0C1BB28B
:104DE0001B021AB27B691B0C9BB21B0A9BB21BB243
:104DF00013431BB29AB2FB695A83FB6900221A70F3
:104E0000002242F001025A70FB69002242F00802BF
:104E10009A700022DA70FB6906221A71FB6904227B
:104E20005A713B6B1B689BB24FF6A962934209D142
:104E300040F606030093124BBA68396AF868F5F732
:104E400021FD08E040F6060300937B68BA68396AE2
:104E5000F868F5F717FD386AF7F710FC00233B6296
:104E600097F9273018462837BD4680BD80C0020814
:104E7000ECC1020814C102089CC20208D0C2020898
:104E800060F9020880B588B004AFF860B9607A6054
:104E9000FB6803F12A01FB6803F12A00FB68043375
:104EA00001220392BA680292064A019200930346D5
:104EB0007A68F868FFF70EFF034618461037BD46BC
:104EC00080BD00BF68F9020880B582B000AF78608D
:104ED0003960054A39687868FFF7D4FF03461846F9
:104EE0000837BD4680BD00BF60F9020880B58EB0AE
:104EF00004AF78603960794B9B687B627B6A1B7872
:104F000003F00F03DBB29B00DBB27B847B8C132BA3
:104F100040F2CD807B685B89032B40F2CA807B68BE
:104F20005B681B7887F8213097F82130002B00F060
:104F3000B780082B40F0B780694BFB61674B5B691A
:104F400003F0F003E02B00F0BB80644B5B69634A25
:104F500012681146184600F0F9FB0346002B40F09A
:104F6000B1807B681B89072B40F2A5807B8C0E33B8
:104F700019467868F7F7ECFA0346002B4BD07B68AC
:104F80001A897B8C13447B837B681B897A8B9A42BA
:104F9000C0F09A807B8B4FF4207219460E20F7F7F1
:104FA00089F878617B69002B00F090807B695B89D0
:104FB0001A467B8C08339A4203D27869F7F75EFB76
:104FC00085E07B695B687A8C796A184613F02BF967
:104FD0007B8C19467869F7F7CBFA0346002B09D08A
:104FE000404BB6224049414812F016F87869F7F76D
:104FF00045FB6CE079687869F7F774FC0346002B91
:1050000003D07869F7F73AFB61E07868F7F736FB89
:105010007B697B600FE07B8C0E3319467868F7F76D
:10502000A7FA0346002B06D02E4BC72230492F4843
:1050300011F0F2FF4BE07B685B683B617B8C1946AB
:105040007868F7F785FA0346002B2BD17B685B68FD
:10505000FB60FB691A68FB68DA60204B1A69FB6821
:105060001A613B6900221A703B6900229A70002283
:10507000DA70FB68FF221A72FB6800229A72002223
:10508000DA723B6802930123019300230093FF230C
:105090000022F969786800F081FA0346FB7201E0AA
:1050A00000BF00E000BF7868F7F7E8FA13E000BF40
:1050B00002E000BF00E000BF7868F7F7DFFA0AE01F
:1050C00000BF04E000BF02E000BF00E000BF78685E
:1050D000F7F7D4FA00BF2837BD4680BD0C9F0120EA
:1050E000209F012014C3020864C302089CC3020865
:1050F000C4C3020880B582B000AF78600B46FB7075
:10510000FB781A460321786800F014F800BF0837CE
:10511000BD4680BD80B582B000AF78600B46FB70A5
:10512000FB781A460B21786800F004F800BF0837B6
:10513000BD4680BD80B58CB004AF78600B46FB7077
:105140001346BB704FF4207224212220F6F7B2FFE1
:10515000F861FB69002B4CD0FB695B89232B06D8D7
:10516000264B4FF4B4722649264811F055FF7B6850
:105170005B68BB61FB695B687B617B69FA781A706D
:105180007B69BA785A707B6900221A7100225A71C1
:105190007B6900229A710022DA71FB695B6803F176
:1051A00008007B685B681C22194613F03CF8BB6959
:1051B000DB68FB6007F10C03184600F025F8386146
:1051C0003B69002B11D07B6900229A700022DA70B3
:1051D00007F10C023B690293012301930023009322
:1051E000FF230021F86900F0D9F9F869F7F746FACA
:1051F00000E000BF2037BD4680BD00BF14C30208D9
:10520000F8C302089CC3020880B485B000AF786080
:10521000334B1B68FB6036E0FB6893F8313003F0DA
:105220000103DBB2002B2BD0FB6893F831309B08D5
:1052300003F00103DBB2002B22D0FB6804331B68B0
:10524000002B1DD07B681A68FB6804331B685A402A
:10525000FB6808331B681340002B01D1FB6838E062
:10526000FB6893F8313003F00203002B08D17B6810
:105270001A68FB680C331B689A4201D1FB6828E06E
:10528000FB681B68FB60FB68002BC5D1154B1B68D6
:10529000002B1AD0134B1B6893F8313003F0010335
:1052A000002B12D00F4B1B6893F8313003F004032E
:1052B000002B0AD00B4B1B6804331B68002B04D057
:1052C0007B681B68DBB27F2B01D1002301E0054B1B
:1052D0001B6818461437BD465DF8047B704700BF55
:1052E000347702203877022080B582B000AF786032
:1052F0007B6893F8313003F00103DBB2002B1FD041
:105300007B6804331B68002B1AD0104B5A697B68EA
:1053100004331B689A4208D00C4B5B6979681846C5
:1053200000F014FA0346002B01D0012309E00849DC
:105330007868FEF7CEFD0346002B01D0012300E084
:10534000002318460837BD4680BD00BF0C9F0120D2
:10535000209F012080B586B000AF786039607B68FF
:105360005B687B617B691B781B09DBB2042B04D073
:105370007868F7F783F9002307E17B691B7803F06E
:105380000F03DBB29B00DBB2FB817B695B889BB2C6
:105390001846F5F7FBFC0346BB817B681B89BA897D
:1053A0009A4204D2BB8919467868F6F7E3FF7B6816
:1053B0005B89FA899A4207D87B681B89BA899A4225
:1053C00002D8FB89132B04D87868F7F757F9002324
:1053D000DBE07B691B696F4A53617B69DB686D4A5F
:1053E00013616C4B5B6903F0F003E02B12D13B6857
:1053F00093F8313003F00103DBB2002B07D03B6898
:1054000004331B68002B02D03B683B612AE0002379
:105410003B6127E03868FFF767FF0346002B02D0A7
:105420003B683B611EE000233B615A4B5B69DBB28A
:105430007F2B17D0584B1B683B610EE03A693B68E5
:105440009A4206D03869FFF74FFF0346002B08D178
:1054500000E000BF3B691B683B613B69002BEDD15D
:1054600000E000BF4B4B1B693968184600F06EF92D
:105470000346002B05D1474B1B6903F0F003E02BDB
:1054800004D17868F7F7FAF800237EE03B69002B37
:1054900004D17868F7F7F2F8002376E07B69DB88BF
:1054A0009BB21A464FF63F731340002B0BD078681F
:1054B00000F04CFE78607B68002B01D1002364E093
:1054C0007B685B687B61334A3B691360314A3B68A8
:1054D0005360304A7B6993607B691B7803F00F034C
:1054E000DBB29B00DBB21A462A4B9A81FB89194634
:1054F0007868F7F73DF87B695B7A112B06D0112BA2
:1055000013DC012B0CD0062B05D00EE0396878682F
:10551000FDF7EAFD26E039687868F9F76FF921E0D0
:1055200039687868FFF7E2FC1CE01A4B5B6939695F
:10553000184600F00BF90346002B0FD1154B5B69A1
:1055400003F0F003E02B09D0B7F90E301946786864
:10555000F7F781F802217868FFF7CCFD7868F7F754
:105560008DF800BF0B4B00221A600A4B00225A60D4
:10557000084B00229A60074B00229A81054B0022BB
:105580001A61044B00225A61002318461837BD46A1
:1055900080BD00BF0C9F01203477022080B58AB007
:1055A00004AFF860B9607A60FB70BB687B617B68B0
:1055B000002B09D0BB68002B03D0BB681B68002BF5
:1055C00002D1BB6A04337B61FA78BB6A029397F815
:1055D0002430019397F82030009313467A68796954
:1055E000F86800F005F8034618461837BD4680BD38
:1055F00080B588B000AFF860B9607A60FB70FB6876
:105600009B7B012B06D04B4B4FF455724A494B48BC
:1056100011F002FD7B68002B60D014237B831421E2
:10562000F868F6F795FF0346002B02D06FF00103F0
:105630007CE0FB685B68FB61FB685B89132B06D829
:105640003C4B4FF462723E493C4811F0E5FCFB696B
:10565000FA781A72FB6997F82C205A727B681A68DC
:10566000FB691A617B8B9B089BB2DBB243F0400362
:10567000DAB2FB691A70FB6997F828205A70FB6848
:105680001B891846F5F782FB03461A46FB695A80C8
:10569000FB6900229A710022DA712A4B1B88184696
:1056A000F5F774FB03461A46FB699A80254B1B8865
:1056B00001339AB2234B1A80BB68002B04D1224BD2
:1056C0001A68FB69DA6003E0BB681A68FB69DA6094
:1056D000FB6900229A720022DA720FE0FB685B8994
:1056E000132B02D86FF0010320E0FB685B68FB61BD
:1056F000FB691B697B6107F114037B603B6B1B8DAE
:10570000002B0CD0FB681A893B6B1B8D9A4206D983
:105710007A68396BF86800F00DFF034606E03B6BD2
:105720005B697A68F968386B9847034618462037F2
:10573000BD4680BD24C4020874C4020880C40208A7
:10574000A8C402089278022088FA020880B485B0C2
:1057500000AF786039607B68FB607B68B3F1FF3F26
:1057600002D07B68002B01D101232AE03B6893F82B
:10577000313003F00203002B01D1002321E03B680C
:1057800004331B687A689A4201D1002319E0FA6851
:105790003B6804331B685A403B6808331B6813405E
:1057A000002B0DD13B6808331B68DA437B681A4035
:1057B0003B6808331B68DB439A4201D1012300E0B8
:1057C000002318461437BD465DF8047B704700007F
:1057D00080B58AB000AF7860396007F10C03FB61D7
:1057E0007B681B7887F8223097F822300133894A8A
:1057F00013441B7803F00403002B01D1002305E1BF
:1058000000237B620A2387F8233097F82230302B5D
:105810001CD17B6801337B607B681B7887F8223062
:1058200097F82230782B03D097F82230582B0AD1E2
:10583000102387F823307B6801337B607B681B78FB
:1058400087F8223002E0082387F8233097F82230C7
:105850000133704A13441B7803F00403002B11D06A
:1058600097F823307A6A03FB02F297F82230134448
:10587000303B7B627B6801337B607B681B7887F8F9
:105880002230E3E797F82330102B27D197F8223006
:105890000133604A13441B7803F04403002B1DD0EE
:1058A0007B6A1B0197F8222002F10A0197F8222057
:1058B000013258480244127802F00302022A01D150
:1058C000612200E041228A1A13437B627B68013324
:1058D0007B607B681B7887F82230B7E797F8223027
:1058E0002E2B14D107F10C030C33FA699A4201D321
:1058F00000238BE0FB691A1DFA617A6A1A607B68E3
:1059000001337B607B681B7887F822306CE700BF2F
:1059100097F82230002B0BD097F8223001333D4A04
:1059200013441B7803F00803002B01D100236DE022
:1059300007F10C03FA69D31A9B100133042B53D8D7
:1059400001A252F823F000BF5D590108F759010880
:105950006159010883590108B1590108002355E034
:105960007B6AB3F1807F01D300234FE0FB68FF2BFC
:1059700001D900234AE0FB681B067A6A13437B6265
:105980003AE07B6AB3F5803F01D300233EE0FB6839
:10599000FF2B02D83B69FF2B01D9002336E0FB68BF
:1059A0001A063B691B0413437A6A13437B6223E0A4
:1059B0007B6AFF2B01D9002328E0FB68FF2B05D869
:1059C0003B69FF2B02D87B69FF2B01D900231DE027
:1059D000FB681A063B691B041A437B691B021343CD
:1059E0007A6A13437B6207E00B4BF9220B490C48A0
:1059F00011F012FB00E000BF3B68002B05D0786A75
:105A0000F5F7DAF902463B681A6001231846283791
:105A1000BD4680BD101B0308D8C402082CC502086F
:105A200038C5020880B582B000AF78601022044902
:105A3000786800F007F8034618460837BD4680BD71
:105A40009478022080B48DB000AFF860B9607A60BD
:105A500000233B62FB681B68BB61BB68FB6207F10C
:105A60001803BB62002387F8273058E0002387F82B
:105A70002630BB6A1A78324BA3FB0213D9080B46B7
:105A80009B000B445B00D31AFB77BB6A1B782C4A44
:105A9000A2FB0323DB08DAB2BB6A1A7097F8263040
:105AA0005A1C87F826201946FB7F3033DAB201F101
:105AB00030033B4403F81C2CBB6A1B78002BD8D165
:105AC00011E03B6A5A1C3A627A689A4201DC002370
:105AD00030E097F82620FB6A591CF96230323A44CC
:105AE00012F81C2C1A7097F826305A1E87F82620B8
:105AF000002BE6D13B6A5A1C3A627A689A4201DC72
:105B0000002317E0FB6A5A1CFA622E221A70BB6A45
:105B10000133BB6297F82730013387F8273097F8B5
:105B20002730032BA2D9FB6A013BFB62FB6A0022F0
:105B30001A70BB6818463437BD465DF8047B704761
:105B4000CDCCCCCC80B584B000AF0023BB60124B71
:105B50001B68FB6018E0FB68DB7F002B0BD0FB6849
:105B6000DB7F013BDAB2FB68DA77FB68BB60FB687E
:105B70001B68FB6008E0FB687B60FB681B68FB60E0
:105B8000B968786800F00AF8FB68002BE3D100BF21
:105B900000BF1037BD4680BDA478022080B588B014
:105BA00000AF786039600023FB833A687B689A42D3
:105BB00005D1454BAB224549454811F02DFA3B68CC
:105BC000002B0AD03B681B687A689A4205D03E4B8E
:105BD000AD2240493E4811F01FFA7B685B685B6864
:105BE0007B617B699B889BB2002B2AD17B685B68B9
:105BF000BB617B691A687B685A60BB6958687B68BF
:105C000008331422194612F00EFB0121B869FFF780
:105C100081FAB869F6F7C0FD03467B82FA8B7B8A6E
:105C20001344B3F5803F05DB274BBC222A492848A3
:105C300011F0F2F9FA8B7B8A1344FB83B869F6F70B
:105C40001DFD7B685B68BB611FE0BB695B687B61B6
:105C5000BB69FB607B691B68BB61F868F6F79CFD5C
:105C600003467B82FA8B7B8A1344B3F5803F05DBC6
:105C7000154BCC221849164811F0CEF9FA8B7B8AC5
:105C80001344FB83F868F6F7F9FCBB69002BDCD101
:105C90003968786800F0C2F8104B1B88FA8B9A427A
:105CA00005D9094BD2220E49094811F0B5F90B4B21
:105CB0001A88FB8BD31A9AB2084B1A80FB8B1846B2
:105CC0002037BD4680BD00BF60C50208B4C50208CC
:105CD000C0C50208E8C50208FCC50208A878022071
:105CE0001CC6020880B58AB000AF78603960002316
:105CF0007B6100233B620023FB610023BB61002327
:105D00003B61284B1B687B6230E07B6A5A697B6889
:105D1000DB689A420CD17B6A9A697B681B699A425C
:105D200006D17B6A9A897B689B889BB29A4214D081
:105D30003B6901333B613B6A002B04D17B6A3B62C8
:105D4000FB69BB6109E07B6ADA7F3B6ADB7F9A42D1
:105D500003D87B6A3B62FB69BB617B6A1B68002BD3
:105D600001D07B6AFB617B6A1B687B627B6A002BCC
:105D7000CBD13B6A002B08D0B969386AFFF70EFF18
:105D8000F8607A69FB6813447B617A693B689A42E0
:105D900002DA3B69012BACDC7B6918462837BD462B
:105DA00080BD00BFA478022080B584B000AF7860C9
:105DB00039600420F5F7C2FCF860FB68002B10D1B5
:105DC00039687868FFF78EFF02463B68934203DC30
:105DD0000420F5F7B3FCF860FB68002B01D1002329
:105DE00016E020220021F86811F0E7FAFB680F2284
:105DF000DA77094B1A68FB681A60074AFB68136078
:105E0000FB68083314227968184612F00CFAFB6814
:105E100018461037BD4680BDA478022080B582B0F8
:105E200000AF78603960104B1B687A689A4204D1E1
:105E30007B681B680C4A13600DE03B68002B06D1A1
:105E40000A4B40F245120A490A4811F0E5F87B680E
:105E50001A683B681A6079680420F5F7E5FC00BF12
:105E60000837BD4680BD00BFA478022060C5020887
:105E700040C60208C0C5020880B58CB000AFF8600B
:105E8000B9607A600023BB6201233B62BB685B6838
:105E9000FB61FB695B889BB21846F4F777FF03460A
:105EA0007B83FB691B7803F00F03DBB29B007B76DF
:105EB0007B7E9BB27A8B9A4202D24FF0FF3335E160
:105EC0007B7E9BB27A8BD31A7B83FB69DB889BB288
:105ED0001846F4F75BFF0346C3F30C039BB2DB00E9
:105EE000FB82BB685B68FB62FB6A00221A700022BF
:105EF0005A7000229A700022DA70FB6AFA8A9A803D
:105F0000FA8A7B8B13449AB2FB6ADA80FB6ADB88DD
:105F10009BB2FA8A9A4202D94FF0FF3306E1FB683E
:105F20005B687B6268E07B6A5B683B61FB6A9B88BD
:105F30009AB23B699B889BB29A4235D2FB6A7A6AD5
:105F40001A60BB6A002B20D0FB6A9B889AB2BB6A9E
:105F5000DB889BB29A4207D3FB6ADB889AB23B6923
:105F60009B889BB29A4202D94FF0FF33DEE0BB6AB6
:105F7000BA681A60BB6ADB889AB2FB6A9B889BB2DC
:105F80009A423DD000233B623AE0FB6ADB889AB23A
:105F90003B699B889BB29A4202D94FF0FF33C5E020
:105FA000FB68BA685A602BE0FB6A9B889AB23B692F
:105FB0009B889BB29A4202D14FF0FF33B6E0FB6A56
:105FC0009B889AB23B69DB889BB29A4202D24FF01F
:105FD000FF33ABE0BB6A002B09D0BB6ADB889AB207
:105FE0003B699B889BB29A4201D000233B623B698C
:105FF0001B687B623B69BB627B6A002B93D100E02C
:1060000000BF7B6A002B2DD1BB6A002B1CD0BB6A62
:10601000DB889AB2FB6A9B889BB29A4206D9454BB1
:106020004FF4DB724449454810F0F6FFBB6ABA688A
:106030001A60BB6ADB889AB2FB6A9B889BB29A4261
:1060400010D000233B620DE0FB685B68002B06D09C
:10605000384B4FF4DF723A49384810F0DDFFFB68E7
:10606000BA685A607B68002B05D1FB689B7F03F000
:106070000103002B59D03B6A002B4FD0FB685B68B3
:10608000002B06D0FB685B685B689B889BB2002B8B
:1060900002D000233B6241E0FB6ABB62FB6A1B68E3
:1060A0007B6212E07B6A5B68FB62BB6ADB889AB248
:1060B000FB6A9B889BB29A4202D000233B6207E0B6
:1060C000FB6ABB62FB6A1B687B627B6A002BE9D1BF
:1060D0003B6A002B22D0FB685B68002B06D1154B76
:1060E00040F2DF121749154810F096FFFB685B6815
:1060F0005B68FA6A9A4206D10E4B4FF4F07211496E
:106100000E4810F089FFFB6A1B68002B06D0094B74
:106110004FF4F1720C49094810F07EFF3B6A002BE6
:1061200014BF01230023DBB200E000231846303700
:10613000BD4680BD60C502085CC60208C0C5020835
:106140007CC60208B4C60208C4C6020880B58EB078
:1061500000AF78607B685B68BB62BB6A1B7803F04A
:106160000F03DBB29B00DBB2142B40F07181BB6AE2
:10617000DB889BB21846F4F709FE0346C3F30C0311
:106180009BB2DB00FB84BB6A5B889BB21846F4F7CA
:10619000FDFD0346BB84BB6A1B7803F00F03DBB233
:1061A0009B0087F8233097F823309BB2BA8C9A4231
:1061B000C0F0508197F823309BB2BA8CD31ABB84BD
:1061C0007868F6F7E9FA03463B848C4B1B881A463D
:1061D0003B8C13440A2B10DD3B8C1946B86AFFF741
:1061E00081FD0346002B00F03781844B1B881A4643
:1061F0003B8C13440A2B00F32F81814B1B683B63BC
:1062000015E03B6B5A69BB6ADB689A420CD13B6B69
:106210009A69BB6A1B699A4206D13B6B9A89BB6A31
:106220009B889BB29A4206D03B6B1B683B633B6BDF
:10623000002BE6D100E000BF3B6B002B09D13B8C6B
:106240001946B86AFFF7B0FD38633B6B002B1CD1D1
:1062500005E1BB6ADB889BB21846F4F797FD03465D
:10626000C3F30C03002B10D13B6BDB891846F4F70A
:106270008DFD0346C3F30C03002B06D03B6B0833A4
:106280001422B96A184611F0CEFFBB6ADB889BB2B4
:1062900003F02003002B0CBF01230023DBB2FB61C2
:1062A000FB69002B0ED0FA8CBB8C13447B837A8B5A
:1062B000FB8C9A42C0F0A0807B8B4FF6EB7293422E
:1062C00000F29A80FA697968386BFFF7D5FD78613A
:1062D0007B69B3F1FF3F00F09B80484B1A883B8CF1
:1062E00013449AB2454B1A80FB69002B0DD0FA8CEF
:1062F000BB8C13447B823B6B7A8A9A833B6B9B7F7C
:1063000043F00103DAB23B6B9A777B69012B71D1C1
:106310003B6B9B8B14333B823B6B5B685B681B68FE
:106320007B633B6B5B685B68BB623B6B083314222F
:106330001946B86A11F077FF3B8A1846F4F726FD34
:1063400003461A46BB6A5A80BB6A00229A71002231
:10635000DA71BB6A00229A720022DA723B6B5B68C8
:106360007B600DE07B6B5B68FB601421786BF6F75C
:10637000FFF8796B7868F6F74FFAFB681B687B6368
:106380007B6B002BEED11E4B1B683A6B9A4202D1FD
:106390000023FB6210E01A4B1B68FB6207E0FB6AFC
:1063A0001B683A6B9A4206D0FB6A1B68FB62FB6A69
:1063B000002BF4D100E000BFF96A386BFFF72EFD27
:1063C0007868F6F7E9F903463B840C4B1B883A8C56
:1063D0009A4206D90B4B40F29B220B490B4810F016
:1063E0001BFE064B1A883B8CD31A9AB2034B1A80B9
:1063F0007B6838E0002336E000BF0AE0A87802207E
:10640000A478022060C50208E8C60208C0C50208D8
:1064100000BF3B6B002B06D1154B4FF42A72154978
:10642000154810F0F9FD3B6B5B68002B16D1134B40
:106430001B683A6B9A4206D00D4B40F2AB221049D2
:106440000D4810F0E9FD0021386BFFF7E7FC06E08E
:1064500000BF04E000BF02E000BF00E000BF7868BA
:10646000F6F70CF9002318463837BD4680BD00BF4B
:1064700060C5020804C70208C0C50208A47802204B
:1064800010C7020880B500AF0520F5F757F903469D
:10649000184680BD80B582B000AF78607B68002B65
:1064A00006D1074B4FF431720649074810F0B4FD8E
:1064B00079680520F5F7B8F900BF0837BD4680BDFB
:1064C00060C5020830C70208C0C5020880B584B0A4
:1064D00000AF78607B68FB60FB68002B06D1114B36
:1064E00040F2CE221049114810F096FDFA687B6800
:1064F0009A4206D00B4B40F2CF220D490B4810F0C8
:106500008BFDFB685B69002B04D0FB685B69184658
:10651000F6F7B4F8F868FFF7BDFF00BF1037BD46C7
:1065200080BD00BF60C502083CC70208C0C50208A4
:1065300048C7020880B594B002AFF860B9607A60CD
:106540000023A7F84630BB681B8D143B002B00DAF4
:106550000733DB107B871423FB87FB685B687B6357
:106560007B6B3B633B6B1B7803F00F03DBB29B0041
:10657000DBB2142B02D06FF0050310E1FB685B89DE
:10658000132B09D8884B4FF43F728849884810F084
:1065900043FD6FF0050302E13B6BDB889BB21846BD
:1065A000F4F7F4FB0346BB87BB8FC3F30C03A7F8D8
:1065B0004030BB8F03F40053FB62FB681B89143B24
:1065C000A7F84230E1E07B8FDB009BB2B7F84220B6
:1065D000934228BF13467B854FF4207214210E206E
:1065E000F5F768FD78627B6A002B00F0D5807B6A46
:1065F0005B89132B06D86C4B4FF449726D496C487C
:1066000010F00AFD7B6A5B681422796B184611F062
:106610000AFE7B6A5B683B637B8DA7F8443064E0CD
:10662000FB685A89FB8FD31AFB83FB685B89FA8F5F
:106630009A4206D95C4B40F22D325F495C4810F01B
:10664000EBFCFA8BB7F84430934228BF1346A7F807
:106650004630B7F84630002B05D10023FB87FB6896
:106660001B68FB6041E0FFF70DFFB861BB69002BC1
:1066700003D1786AF6F702F88FE0B869FB685A68C8
:10668000FB8F1344B7F84610B7F8462001920093E9
:10669000034641220020F5F739FE78617B69002B23
:1066A00006D1B869FFF7F6FE786AF5F7E7FF74E000
:1066B000F868F6F789F8BB69FA685A61BB693F4A1E
:1066C0001A617969786AF6F7A7F8B7F84420B7F83D
:1066D0004630D31AA7F84430B7F84430002B04D022
:1066E0000023FB87FB681B68FB60B7F84430002B76
:1066F00096D1FA8FB7F846301344FB87BB681B8DE1
:10670000A3F11302B7F842309A42CCBF0123002311
:10671000DBB23B62B7F84030C3F30C03BB873B6A84
:10672000002B02D0FB6A002B03D0BB8F43F4005335
:10673000BB87BB8F1846F4F729FB03461A463B6B11
:10674000DA807B8D14339BB21846F4F71FFB0346A7
:106750001A463B6B5A803B6B00229A720022DA7217
:10676000BB685B697A68796AB8689847786AF5F7B0
:1067700085FFB7F842207B8DD31AA7F84230B7F8CF
:1067800040207B8F1344A7F84030B7F84230002BED
:106790007FF419AF002302E000BF4FF0FF3318462B
:1067A0004837BD4680BD00BF60C5020854C7020817
:1067B000C0C5020870C7020890C70208CD6401086E
:1067C00080B586B000AF786039603B68BB60042359
:1067D000FB6000233B6100237B6107F1080300217C
:1067E0001846F3F7A5FA02467B681A607B681B68B7
:1067F000002B02D14FF0FF3300E00023184618377A
:10680000BD4680BD80B584B000AF786039607B68DC
:106810001B68396800221846F3F7B2FA0346002BCA
:1068200002D10023FB7301E0FF23FB7397F90F30C4
:1068300018461037BD4680BD80B58CB000AFF861FA
:10684000B9617A61F3F797F8F8627B69002B17D08A
:10685000FB69196807F120037A691846F3F7D0FA43
:106860003B6A102B09D17B6A1A46BB691A60F3F7A1
:1068700082F80246FB6AD31A19E04FF0FF3316E0A4
:10688000FB6919683B464FF0FF321846F3F7B8FA38
:1068900007F120033A4607CA83E807007B6A1A46D5
:1068A000BB691A60F3F767F80246FB6AD31A184609
:1068B0003037BD4680BD80B483B000AF78607B6860
:1068C0001B68002B01D1002300E0012318460C3780
:1068D000BD465DF8047B704780B500AF0348F3F711
:1068E000C6F80346024A136000BF80BD90FA020852
:1068F000B078022080B584B000AF78600023BB6020
:106900000023FB6007F108031846F3F7B0F80246CE
:106910007B681A607B681B68002B02D14FF0FF3345
:1069200000E0002318461037BD4680BD80B582B018
:1069300000AF78607B681B684FF0FF311846F3F7B3
:10694000AFF800BF0837BD4680BD80B582B000AF4C
:1069500078607B681B681846F3F7F0F800BF0837CB
:10696000BD4680BD80B58CB000AFF860B9607A607C
:106970003B6007F1140300221A605A609A60DA60E3
:106980001A615A619A61FB687B61BB68BB61BB6B32
:106990001BB2BB833B687B6207F11403796818461E
:1069A000F2F7F9FF034618463037BD4680BD0000B8
:1069B00080B500AF044B1B684FF0FF311846F3F76A
:1069C0006FF80123184680BDB078022080B582B0F0
:1069D00000AF7860044B1B681846F3F7AFF800BFB0
:1069E0000837BD4680BD00BFB07802202DE9B04F0A
:1069F00094B000AFF863FB6B1B681846F4F7DCF942
:106A00000346FB64FB6B5B681846F4F7D5F9B86482
:106A1000FB6C534A1A44002314461D46C7E910452F
:106A2000D7E9104522462B464FF000004FF00001F9
:106A3000590141EAD261500102460B46B2EB04080B
:106A400063EB05094FF000024FF000034FEA8903A2
:106A500043EA98734FEA88029046994618EB04037C
:106A60003B6149EB05037B614FF000024FF00003EF
:106A7000D7E904452946CB00214643EA5173214614
:106A8000CA0014461D46BB6C00223B637A63D7E9FB
:106A90000C8942464B464FF000004FF0000159016F
:106AA00041EAD261500102460B464146B2EB010A6F
:106AB000494663EB010B4FF000024FF000034FEA31
:106AC0004B2343EADA534FEA4A2292469B46434617
:106AD0001AEB0303BB604B464BEB0303FB604FF029
:106AE00000024FF00003D7E902AB59468B01514633
:106AF00043EA916351468A015146511A3960594619
:106B000063EB01037B60D7E90001034642469B1813
:106B1000BB624B460A4642EB0303FB624FF00002A6
:106B20004FF00003F96A0A0000230E4BA3FB022377
:106B30009B0900223B627A62D7E908120B46E318F0
:106B4000BB61134645EB0303FB61074BD7E9061214
:106B5000C3E9001200BF5037BD46BDE8B08F00BF8B
:106B60008081557CD34D6210386D032080B582B092
:106B700000AF786030220021786810F01EFC7B683E
:106B800023221A7000BF0837BD4680BD80B584B08F
:106B900000AF78600D4B1B6800220D491846FCF7CA
:106BA00023F90A4B1B685B00FB60FB68094A9342B0
:106BB00007D8064B1B68FA689A4202D9034AFB6859
:106BC000136000BF1037BD4680BD00BFD8780220DB
:106BD0001D6E0108F049020080B584B000AF7860F6
:106BE000184B1B78BB730023FB731FE0154B1B78FE
:106BF0000133DAB2134B1A70124B1B78022B02D9F5
:106C0000104B00221A700F4B1B781A460E4B53F88C
:106C10003230002B07D00D4B43F698221A6000202B
:106C200000F0FCF80BE0FB7B0133FB73FB7B012BDB
:106C3000DCD9044ABB7B13700020FFF7A7FF103795
:106C4000BD4680BDD4780220BC780220D8780220CE
:106C500080B588B000AFF860B9607A603B60F0231F
:106C6000FB777B681B89302B2DD100217868F5F7E5
:106C7000D9FF034603F00703BB77354B1B78002B86
:106C800002D1BB7F042B06D0314B1B78012B18D1CE
:106C9000BB7F052B15D101217868F5F7C3FF0346AB
:106CA0007B777B7F002B02D10123FB770BE007F181
:106CB0001001282308227868F5F7E6FE0023FB7709
:106CC00001E0FD23FB777868F5F7D8FC97F91F30D2
:106CD000002B2ED107F110031846FFF787FE1D4B3E
:106CE0001B781D4ADB0013441B791A4A12781046A0
:106CF00043F00103D9B2184AC30013440A461A717B
:106D0000134B1B78002B1FD100211448FCF792F87D
:106D100000211348FCF78EF8124B43F698221A60B4
:106D200043F69823BB6100220D49B869FCF75CF873
:106D30000AE097F91F30012B06D1054B1B78002B79
:106D400002D10020FFF748FF00BF2037BD4680BDBD
:106D5000B4780220D4780220BC780220D96B0108D4
:106D60001D6E0108D878022080B584B000AF78602D
:106D70007B68002B06D1214B4FF408722049214833
:106D800010F04AF94FF4207230213620F5F792F9CD
:106D9000F860FB68002B26D0FB685B68BB60B868B6
:106DA000FFF7E4FE184B18687B237A68F968FCF754
:106DB000AFFAF868F5F762FC144B1B78144ADB0055
:106DC00013441B79114A127810465B00D9B2104A5D
:106DD000C30013440A461A7100220E4943F6982054
:106DE000FCF702F805E000220B4943F69820FBF778
:106DF000FBFF00BF1037BD4680BD00BFA0C7020823
:106E0000F0C7020804C80208B8780220D47802202B
:106E1000BC780220D96B01081D6E010880B584B0D2
:106E200000AF7860114B1B781A46114B53F8323083
:106E3000BB60BB68002B02D16FF00F0300E00023A2
:106E4000FB7397F90F30002B05D107F108031846A3
:106E5000FFF78AFF05E00022064943F69820FBF77A
:106E6000C3FF00BF1037BD4680BD00BFD4780220ED
:106E7000BC780220D96B010880B500AF204B1B689D
:106E8000002B3BD12E20FCF7FAFC03461C4A136072
:106E90001B4B1B68002B06D11A4B40F296221A4955
:106EA0001A4810F0B9F8164B1B68002B26D0144B6B
:106EB0001B68002216491846FCF768FC154B1B7826
:106EC000002B07D1144B43F698221A600020FFF7DD
:106ED000A5FF13E00F4B1B78012B0FD1084B1B684C
:106EE0005A7A074B1B6842F02002D2B25A72044B06
:106EF0001B687B2209491846FCF7C0FB00BF80BD18
:106F0000B8780220A0C702082CC8020804C80208EA
:106F1000516C0108B4780220D878022088FA02085F
:106F200080B582B000AF134B1B68002B1ED000232E
:106F3000FB7108E0FB79104ADB00134400221A7150
:106F4000FB790133FB71FB79022BF3D900210B484C
:106F5000FBF770FF00210A48FBF76CFF054B1B682D
:106F60001846FCF733FC034B00221A6000BF0837B9
:106F7000BD4680BDB8780220BC7802201D6E010895
:106F8000D96B010880B400AF054B1B68002B14BF00
:106F900001230023DBB21846BD465DF8047B704731
:106FA000B878022080B483B000AF03463960FB712B
:106FB000FB79022B0ED83B68002B06D0FB790849E1
:106FC0003A68126841F8332004E0FB79044A002152
:106FD00042F8331000BF0C37BD465DF8047B7047A4
:106FE000BC78022080B483B000AF0346FB71FB790C
:106FF000022B04D8FB79DB00044A134400E0044B65
:1070000018460C37BD465DF8047B7047BC780220FB
:1070100088FA020880B500AF124B00229A82114B09
:1070200000221A610F4B9B68002B07D00D4B9B6809
:107030001846F5F723FB0B4B00229A6000210A4803
:10704000FBF7F8FE074B5B68002B09D0054B1B686C
:107050005B68044A526810469847024B00225A6007
:1070600000BF80BDDC7802200576010890B589B0AC
:1070700000AFF8607B600B467B8113467B727868BB
:10708000E9F772FC0346FB61FB699BB205339BB2D7
:107090004FF4207219463620F5F70CF8B861BB6939
:1070A000002B22D0BB695B687B617B694FF4A062D7
:1070B0001A807B7A9AB27B699C1C1046F3F766FEB5
:1070C000034623807B69181DFB6901331A467968E2
:1070D00011F0A9F8074BD8687B89FA68B969FCF701
:1070E00017F9B869F5F7CAFA00E000BF2437BD46C2
:1070F00090BD00BFDC78022090B585B000AF03469C
:10710000FB804FF4207204213620F4F7D3FFF8609F
:10711000FB68002B1AD0FB685B68BB60BB684FF450
:1071200080621A80BB689C1CFB881846F3F72EFE11
:1071300003462380074BD868064B9B8A064AF968AA
:10714000FCF7E6F8F868F5F799FA00E000BF1437A5
:10715000BD4690BDDC780220EC78022080B582B07C
:1071600000AF154B9B685B894FF42072194636209F
:10717000F4F7A0FF78607B68002B18D00E4B9B685B
:1071800019467868F5F7AEFB0346002B03D0786804
:10719000F5F774FA0CE0084BD868074B9B8A074A4E
:1071A0007968FCF7B5F87868F5F768FA00E000BF91
:1071B0000837BD4680BD00BFDC780220EC78022095
:1071C00090B583B000AF284B9B68002B04D0264BB2
:1071D0009B681846F5F752FA4FF420724FF401718C
:1071E0003620F4F767FF03461F4A93601E4B9B68E7
:1071F000002B35D01C4B9B685B687B607B684FF431
:1072000040721A80184B1A8C7B689C1C1046F3F74E
:10721000BDFD03462380144B1B689B68124A5068CF
:107220007A68111D4FF40072984738603B68002B54
:1072300009DA0D4B998A0D4B02220D48FFF716FF14
:10724000FFF7E8FE0DE0084B9A683B689BB20433F9
:107250009BB219461046F5F78DF8FFF77FFF00E067
:1072600000BF0C37BD4690BDDC780220ACC80208D8
:10727000EC78022080B592B000AFF860B9607A6017
:107280003B607B685B683B64A14B9B8A002B05D00D
:107290009F4B9B8AB7F850209A4209D19C4B1B699F
:1072A000002B10D09A4B1A693B681B689A420AD08F
:1072B000B7F85010974B02223868FFF7D7FE78686E
:1072C000F5F7DCF990E13B6C1B88FB63904B9B6905
:1072D0008F4AD3618E4B002283F82220FB6BB3F5DB
:1072E000806F00F02981FB6BB3F5806F00F3718133
:1072F000FB6BB3F5407F00F0A380FB6BB3F5407FE1
:1073000000F36781FB6BB3F5807F04D0FB6BB3F5B3
:10731000007F40F05E81002387F82F307C4B5B6854
:10732000002B07D0B7F850107A4B02223868FFF7CD
:107330009DFE56E1002278494FF47A70FBF754FD28
:1073400007F12F01022301227868F5F7F9FC0346C3
:107350007B867B8E013B9BB2152B07D9B7F850106B
:107360006E4B02223868FFF781FE3AE17B8E013BCB
:107370009AB207F1180102237868F5F785FB7B8E36
:1073800001339BB207F12F0101227868F5F7D8FC91
:1073900003463B863A8E7B8ED31A9BB2082B07D9C5
:1073A000B7F850105E4B02223868FFF75FFE18E115
:1073B0003A8E7B8ED31A9AB27B8E01339BB207F141
:1073C00010017868F5F760FB514B1B681B68FA6B7E
:1073D000B2F5007F0CBF01220022D2B207F11001EA
:1073E00007F1180098470346494A5360484B012269
:1073F0001A84474B5B68002B07D1B7F85010494BF4
:1074000001223868FFF732FEEBE03B681B68404A18
:1074100013613F4AB7F850309382FB6BB3F5007F9E
:1074200007D13B4B012283F823200020FFF764FEA5
:10743000D7E0374B002283F82320FFF7C1FED0E0CE
:10744000334B5B68002B07D1B7F85010364B022244
:107450003868FFF70BFEC4E02D4B93F82330012B67
:1074600007D0B7F85010314B02223868FFF7FEFD05
:10747000B7E03B6C02331B881846F3F787FC0346E2
:107480003B87234B1B8C3A8F9A422CD1042178687E
:10749000F5F76EF81E4B1B68DB681D4A5268796869
:1074A0001046984778637B6B002B09DAB7F85010C9
:1074B0001F4B02223868FFF7D9FDFFF7ABFD03E051
:1074C0003B8F1846FFF718FE7B681B89B3F5007FDA
:1074D00002D2FFF79FFD84E00D4B1B8C01339AB263
:1074E0000B4B1A847DE03B8F01339AB2084B1B8C07
:1074F0009A4204D13B8F1846FFF7FEFD71E0B7F8C2
:1075000050100C4B05223868FFF7B0FD69E000BF52
:10751000DC780220D4C802080576010800C90208F8
:1075200028C902084CC902086CC902087CC90208B3
:1075300094C90208A8C902082D4B5B68002B07D12B
:10754000B7F850102B4B02223868FFF78FFD48E048
:10755000274B93F82330002B07D0B7F85010264B59
:1075600002223868FFF782FD3BE03B6C02331B8848
:107570001846F3F70BFC03467B871D4B1B8C7A8F59
:107580009A4207D0B7F850101C4B05223868FFF715
:107590006DFD26E000237B64154B9B68002B09D012
:1075A000134B9B681B89B3F5017F14BF0123002394
:1075B000DBB27B647B6C002B08D10D4B1B8C013341
:1075C0009AB20B4B1A84FFF7FBFD0AE0FFF722FD8E
:1075D00007E0B7F850100A4B04223868FFF746FD61
:1075E00000BF7868F5F74AF84837BD4680BD00BF50
:1075F000DC7802206CC90208BCC90208A8C90208CC
:10760000D4C9020880B582B000AF7860184B9B697E
:107610000133174A9361164B5B68002B23D000227D
:1076200014494FF47A70FBF7DFFB114B9A69104B4A
:10763000DB69D31A0A2B17DD0D4B9B68002B0FD08B
:107640000B4B93F82230042B0AD8FFF787FD084B29
:1076500093F822300133DAB2054B83F8222003E09D
:10766000FFF7D8FC00E000BF0837BD4680BD00BF73
:10767000DC7802200576010880B584B000AF786020
:107680002E20FCF7FCF8F860FB68002B02D14FF0CD
:10769000FF3328E045221649F868FBF7EFFF034661
:1076A000FB7297F90B30002B05D0F868FCF78EF8C9
:1076B00097F90B3017E00F4B00225A600D4B002258
:1076C0009A820C4A7B6813600A4B00229A61094B2C
:1076D00000229A60074AFB68D36000220649F868D6
:1076E000FCF754F8002318461037BD4680BD00BF94
:1076F00088FA0208DC7802207572010880B500AFB4
:107700000C4BDB68002B06D10B4B40F2AD120B4942
:107710000B480FF081FC074BDB681846FCF756F866
:10772000FFF778FC2422002102480FF046FE00BF3C
:1077300080BD00BFDC780220E8C9020840CA020808
:1077400068CA020880B500AF002201210748EAF7A5
:107750002FFF0A20F2F777F9012201210348EAF707
:1077600027FF6420F2F76FF900BF80BD00000240E0
:10777000B0B58CB004AF924B00221A70904B00222F
:107780005A708F4B00229A708D4B0022DA708D4B0D
:1077900000221A708B4B00225A708A4B00229A707A
:1077A000884B0022DA70884B00221A70864B002228
:1077B0005A70854B00229A70834B0022DA70FFF7D3
:1077C000C1FF4FF4FA60F2F73EF900210020F3F711
:1077D00093FA7B4B1B781A06794B5B781B041A4390
:1077E000774B9B781B021343754AD27813431A06D2
:1077F000734B1B781906724B5B781B041943704B53
:107800009B781B020B436E49C9780B431B0203F4A0
:107810007F031A436A4B1B781906694B5B781B047C
:107820001943674B9B781B020B436549C9780B438F
:107830001B0A03F47F431A43614B1B781906604B04
:107840005B781B0419435E4B9B781B020B435C491E
:10785000C9780B431B0E13435C4A1360594B1B78CA
:107860001A06584B5B781B041A43564B9B781B0235
:107870001343544AD27813431A06524B1B78190605
:10788000504B5B781B0419434E4B9B781B020B43F8
:107890004C49C9780B431B0203F47F031A43494B3D
:1078A0001B781906474B5B781B041943454B9B78A3
:1078B0001B020B434349C9780B431B0A03F47F4364
:1078C0001A43404B1B7819063E4B5B781B04194347
:1078D0003C4B9B781B020B433A49C9780B431B0E68
:1078E00013433B4A1360384B1B781A06364B5B78C0
:1078F0001B041A43344B9B781B021343324AD27841
:1079000013431A06304B1B7819062F4B5B781B0468
:1079100019432D4B9B781B020B432B49C9780B4312
:107920001B0203F47F031A43274B1B781906264BCF
:107930005B781B041943244B9B781B020B432249A1
:10794000C9780B431B0A03F47F431A431E4B1B7871
:1079500019061D4B5B781B0419431B4B9B781B02BC
:107960000B431949C9780B431B0E1343194A136083
:10797000194B0293194B019300230093154B144AA2
:1079800012491748F3F782FF1548F4F7B3F9144882
:10799000F4F7C0F913491248F4F7C2FA124B3C1D30
:1079A0001D460FCD0FC495E8070084E807003B1D76
:1079B0000B491846F1F7EFFF00BF2037BD46B0BDB9
:1079C00044790220487902204C790220387902203B
:1079D0003C7902204079022005AC00088D7F010827
:1079E00000790220ED79010898CA020880B483B0BA
:1079F00000AF786000BF0C37BD465DF8047B704770
:107A000080B487B000AF786039603B687B617B6889
:107A10003B612023FB60BFF34F8F00BF0BE00D4A9B
:107A20003B69C2F85C32FB683A6913443B617A698E
:107A3000FB68D31A7B617B69002BF0DCBFF34F8FAF
:107A400000BFBFF36F8F00BF00BF1C37BD465DF89E
:107A5000047B704700ED00E080B582B000AF786035
:107A6000044B1B681846F2F72DF900BF0837BD46D6
:107A700080BD00BF5C3D032080B582B000AF786060
:107A8000044B1B681846F2F71DF900BF0837BD46C6
:107A900080BD00BF603D032080B582B000AF78603C
:107AA0007868ECF748FA034603F08003802B04D192
:107AB000044B1B681846F2F705F900BF0837BD46AE
:107AC00080BD00BF5C3D0320B0B5B4B000AF7860AE
:107AD000002387F8C7300023C7F8C8300023C7F851
:107AE000C03007F15C036422002118460FF065FCEA
:107AF000A14BA24A1A60002387F85430802387F8EC
:107B00005530E12387F85630002387F8573000239B
:107B100087F85830002387F85930974A07F1540303
:107B20005360954B4FF400029A60934B944ADA608D
:107B3000914B944A1A61904B4FF4C0625A618E483F
:107B4000EBF7B0FB034687F8C730382200218E4898
:107B50000FF033FC8C4B21221A608B4B4FF4400208
:107B60005A61894B00221A618848F3F748FD7B6807
:107B7000062283F83020804B5B681A787B6883F894
:107B80002A207D4B5B6801331A787B6883F82B20B1
:107B9000794B5B6802331A787B6883F82C20764B2C
:107BA0005B6803331A787B6883F82D20724B5B681F
:107BB00004331A787B6883F82E206F4B5B6805339B
:107BC0001A787B6883F82F207B6840F2DC521A8594
:107BD0007B6893F8313043F00A03DAB27B6883F8AC
:107BE00031200023FB6400233B6507F14C03012196
:107BF0001846F1F7D9FF0346654A136000237B64FA
:107C00000023BB6407F1440301211846F1F7CCFFC0
:107C10000346604A13605E4B1B6800211846F2F76A
:107C200003F85C4B1B6800211846F1F7FDFF5A4B27
:107C300007F128041D460FCD0FC495E8070084E81E
:107C4000070007F1280379681846F1F7A4FE5349A5
:107C50005348EEF7B0FE5248EEF7DFFE0346002B26
:107C600006D07868F4F72CF97868F4F7BFF880E06C
:107C700097F8C730002B64D14948EEF71BFFC7F8CF
:107C8000C000D7F8C030012B06DC7868F4F718F98B
:107C90007868F4F7ABF856E0D7F8C030023B032B16
:107CA0002AD801A252F823F0B97C0108CB7C010844
:107CB000DB7C0108EB7C01084FF40063C7F8CC3093
:107CC0004FF48043C7F8C8301FE00023C7F8CC301A
:107CD0004FF48043C7F8C83017E04FF40063C7F88B
:107CE000CC300023C7F8C8300FE00023C7F8CC30F1
:107CF0000023C7F8C83008E04FF40063C7F8CC3061
:107D00004FF48043C7F8C83000BF07F15C03194641
:107D10001948EBF7AFFFD7F8CC307B67D7F8C830FE
:107D20003B6707F15C0319461348ECF79AF81248D1
:107D3000EBF752FB7868F3F7EDFF7868F4F788F813
:107D400001E000F0F3FCEBF7A1FA0346B3F5805F26
:107D50000FD1144B07F10C041D460FCD0FC495E84D
:107D6000070084E8070007F10C0300211846F1F72B
:107D700012FED037BD46B0BD643D032000800240F6
:107D8000200A002080090020143E032098FA0208EF
:107D90005C3D0320603D0320BCCA02081C0000209B
:107DA0004C3E0320E8CA020880B592B000AF78606C
:107DB000396000237B6400233B64002387F83F3055
:107DC00007F10C033022002118460FF0F6FA07F1F4
:107DD0000C033022002118460FF0EFFA3B683B6499
:107DE00045E07B6C032B02D96FF00B037FE03B6C0B
:107DF00059687A6C13465B0013449B0048333B443C
:107E00003C3B19603B6C5B8919467A6C13465B00FE
:107E100013449B0048333B44383B19607B6C002B78
:107E200011D07B6C5A1E07F10C00796C0B465B007D
:107E30000B449B00C11813465B0013449B0048335E
:107E40003B44343B19603B6C1B68002B09D17A6CB6
:107E500013465B0013449B0048333B44343B0022F1
:107E60001A607B6C01337B643B6C1B683B643B6C2E
:107E7000002BB6D13B681B891A461F4B5A601E4A1D
:107E800007F10C0393601C4A3B6853633868F4F7AE
:107E90009BFC19491948EBF78FFB0346002B03D1D4
:107EA000002387F83F301BE01448ECF737F803460F
:107EB00003F00203002B0DD0114B1B684FF4FA6145
:107EC0001846F1F7B1FE0D48EBF716FDFE2387F8D3
:107ED0003F3005E03868F4F7D1FBF42387F83F30F2
:107EE00097F93F3013F1020FD3D097F93F3018467E
:107EF0004837BD4680BD00BF143E0320643D0320CB
:107F0000603D032080B584B000AF78600023FB6043
:107F1000074B1B78002B05D107F10C0319460548C8
:107F2000EBF7A6FBFB6818461037BD4680BD00BFC7
:107F3000583D0320643D032080B584B000AF7860D5
:107F40000023FB607B68BB600F4B1B684FF0FF3169
:107F50001846F1F769FE0346002BF5D1B868FFF724
:107F6000D1FFF860FB68002B0AD0BB681B69B968B9
:107F7000F86898470346002B02D0F868F4F77EFBB8
:107F8000FB68002BEAD1DFE75C3D032080B582B0BF
:107F900000AF78607B68002B06D10E4B40F21722B1
:107FA0000D490E480FF038F87B68732283F83220B1
:107FB0007B68742283F833207B68094A5A617B68A6
:107FC000084A9A617868FFF77FFD00231846083752
:107FD000BD4680BD04CB02083CCB02084CCB020856
:107FE00041480108A97D010880B584B000AF7860E0
:107FF0007B68FB60F9680948F3F7F2FB084B1B78D4
:10800000012B07D1064B00221A70064B1B6818463D
:10801000F1F758FE00BF1037BD4680BD98FA020840
:10802000583D03205C3D032080B500AFEBF7FEF820
:108030000346184680BD000080B58EB000AF786062
:1080400007F1240300221A605A609A60DA601A610C
:108050007B681B68444A934240F08180434B1B6B12
:10806000424A43F000731363404B1B6B03F00073F1
:108070003B623B6A3D4B1B6B3C4A43F0806313639E
:108080003A4B1B6B03F08063FB61FB69374B1B6B47
:10809000364A43F000631363344B1B6B03F00063F9
:1080A000BB61BB69314B1B6B304A43F00403136364
:1080B0002E4B1B6B03F004037B617B692B4B1B6B0B
:1080C0002A4A43F001031363284B1B6B03F001039F
:1080D0003B613B69254B1B6B244A43F04003136310
:1080E000224B1B6B03F04003FB60FB6832237B6277
:1080F0000223BB620023FB6202233B630B237B63EF
:1081000007F1240319461A48EAF7A6F886237B628A
:108110000223BB620023FB6202233B630B237B63CE
:1081200007F1240319461348EAF796F84FF4D043B1
:108130007B620223BB620023FB6202233B630B23AF
:108140007B6307F1240319460B48EAF785F8002200
:1081500005213D20EAF799FF3D20EAF7B2FF00BF75
:108160003837BD4680BD00BF008002400038024065
:1081700000080240000002400018024080B500AF35
:108180000248EBF789FE0023184680BD643D0320BA
:1081900080B400AF00231846BD465DF8047B7047ED
:1081A00080B584B000AFF860B9607A607B68BA6867
:1081B000F9680748EBF7CAFC0346002B02D04FF0E2
:1081C000FF3300E0002318461037BD4680BD00BFD6
:1081D000643D032080B584B000AFF860B9607A6078
:1081E0007B68BA68F9680748EBF7FBFC0346002B8D
:1081F00002D04FF0FF3300E0002318461037BD4691
:1082000080BD00BF643D032080B500AFEBF70EF8E2
:108210000346184680BD000080B5A0B000AF78606E
:1082200007F108036422002118460FF0C6F8002366
:108230003B670023FB670023BB6700237B677B68EA
:10824000FB663A48EEF736FC3867FB6E93F8313040
:108250009B0803F00103DBB2002B0CD03B6F012B1A
:1082600009DC3348EBF728F9F86EF3F7BFFDF86E39
:10827000F3F726FE55E0FB6E93F8313003F004036C
:10828000002B4ED13B6F012B4BDD3B6F023B032B91
:108290002AD801A252F823F0A9820108BB82010862
:1082A000CB820108DB8201084FF400637B674FF447
:1082B0008043BB670123FB6717E000237B674FF414
:1082C0008043BB670123FB670FE04FF400637B67CC
:1082D0000023BB670123FB6707E000237B670023C4
:1082E000BB670123FB6700E000BFFB6F002B18D0CA
:1082F00007F1080319460E48EBF7BCFC7B6F3B62A5
:10830000BB6FFB6107F1080319460948EBF7A9FDAC
:108310000748EBF761F8F86EF3F7FCFCF86EF3F73B
:1083200097FD6420F1F78FFB8BE700BF4C3E0320E5
:10833000643D032080B586B002AF78601248F3F741
:10834000DBF9F860FB68002B14D0FB6803F1200216
:108350007B681A60FB680D4A1A617B681B684FF4E2
:10836000C06201920093FB68412200210020F3F7D4
:10837000CDFF05E0064B01221A707B6800221A60CF
:1083800000BF1037BD4680BD98FA0208E97F01089A
:10839000583D032080B588B000AFF860B9607A60BE
:1083A0007B80FB68BB61BB687B610023FB617B68F2
:1083B000203BFB61FB6900221A60FB6900221A81E5
:1083C000FB697A885A81BB691B68002B03D1BB69A2
:1083D000FA691A6003E07B691B68FA691A607B69B5
:1083E000FA691A60BB691B68FB6109E0FB691A89BD
:1083F0007B8813449AB2FB691A81FB691B68FB6195
:10840000FB69002BF2D17B8819467868FFF7F8FAF0
:1084100000BF2037BD4680BD80B582B000AF786018
:108420007868F4F72BF900BF0837BD4680BD00001F
:1084300080B582B000AF7860154B1B68D3F8C431AB
:10844000002B03D00020F1F7F2FAF5E7104B1B6880
:10845000D3F894310A2B16D90E4B5B680D4A23F4DE
:10846000000353600B4B5B680A4A43F400035360FC
:10847000074B1B68D3F80021054B1B6842F0010233
:10848000C3F80021D8E7C820F1F7DDFAD4E700BF30
:10849000643D03200038014080B400AFBFF34F8F2C
:1084A00000BFBFF36F8F00BF0D4B0022C3F85022F7
:1084B000BFF34F8F00BFBFF36F8F00BF084B5B69E7
:1084C000074A43F400335361BFF34F8F00BFBFF33C
:1084D0006F8F00BF00BFBD465DF8047B704700BFD3
:1084E00000ED00E080B485B000AF1F4B0022C3F860
:1084F0008420BFF34F8F00BF1B4BD3F880307B60CD
:108500007B685B0BC3F30E03FB607B68DB08C3F384
:108510000903BB60FB685A0143F6E0731340BA6875
:10852000920711491343C1F86032BB685A1EBA6002
:10853000002BEFD1FB685A1EFA60002BE5D1BFF388
:108540004F8F00BF084B5B69074A43F48033536188
:10855000BFF34F8F00BFBFF36F8F00BF00BF143753
:10856000BD465DF8047B704700ED00E080B500AFCC
:1085700000F09CF8FFF790FFFFF7B4FFEAF72CFE3E
:1085800000F020F800F0D8F800F036FC00F03EFDD6
:1085900000F06CFD00F09AFD00F0C8FD00F0F6FD63
:1085A00000F024FE00F052FE00F080FE00F0A6FC79
:1085B00007F01AFD0BF01AFD00F0EEF9F1F7D4F90F
:1085C00000BFFDE780B594B000AF07F11C03342273
:1085D000002118460EF0F1FE07F1080300221A6090
:1085E0005A609A60DA601A61EAF720FC2D4B1B6C26
:1085F0002C4A43F0805313642A4B1B6C03F08053C6
:108600007B607B68284B1B68274A43F44043136018
:10861000254B1B6803F440433B603B680923FB6127
:108620004FF480333B6201233B6302237B634FF4AF
:108630008003BB631923FB634FF4D8733B640223AD
:108640007B640223BB640223FB6407F11C0318460E
:10865000E8F716FD0346002B01D000F067F8EAF7B3
:10866000F5FB0346002B01D000F060F80F23BB6040
:108670000223FB6000233B614FF4A0537B614FF466
:108680008053BB6107F1080307211846E8F7A6FFEE
:108690000346002B01D000F049F800BF5037BD461B
:1086A00080BD00BF003802400070004080B584B03B
:1086B00000AF3B4600221A605A609A60DA60EAF71F
:1086C00013FD01233B7000237B704FF000537B6050
:1086D00012233B7200237B720023BB720323FB72C5
:1086E00000233B7301237B730023BB730023FB73C5
:1086F0003B461846EAF730FD0420EAF70DFD00BFBF
:108700001037BD4680BD000080B582B000AF7860F4
:108710007B681B68044A934201D1EAF773FD00BFEE
:108720000837BD4680BD00BF0014004080B400AFD4
:1087300072B600BF00BFFDE780B58EB000AF07F195
:10874000240300221A605A609A60DA601A615D4B55
:108750001B6B5C4A43F0100313635A4B1B6B03F013
:1087600010033B623B6A574B1B6B564A43F00403B2
:108770001363544B1B6B03F00403FB61FB69514B08
:108780001B6B504A43F0200313634E4B1B6B03F0EB
:108790002003BB61BB694B4B1B6B4A4A43F0800310
:1087A0001363484B1B6B03F080037B617B69454B74
:1087B0001B6B444A43F001031363424B1B6B03F0F2
:1087C00001033B613B693F4B1B6B3E4A43F0020395
:1087D00013633C4B1B6B03F00203FB60FB68394BDC
:1087E0001B6B384A43F008031363364B1B6B03F0D3
:1087F0000803BB60BB68334B1B6B324A43F040033A
:108800001363304B1B6B03F040037B607B680022DB
:108810004AF204112C48E9F7CBFE012201212B4832
:10882000E9F7C6FE002248F220012848E9F7C0FE19
:10883000002240F202212648E9F7BAFE0022202158
:108840002448E9F7B5FE4AF204137B620123BB62B8
:108850000023FB6200233B6307F1240319461A48F7
:10886000E9F7FAFC48F221037B620123BB62002393
:10887000FB6200233B6307F1240319461348E9F721
:10888000EBFC40F202237B620123BB620023FB620C
:1088900000233B6307F1240319460D48E9F7DCFC8C
:1088A00020237B620123BB620023FB6200233B6326
:1088B00007F1240319460748E9F7CEFC00BF383713
:1088C000BD4680BD0038024000100240000002405A
:1088D000000C02400018024080B584B000AF786000
:1088E000396039680C480EF097FB7868F0F706FAA3
:1088F0000346194609480EF08FFB4FF0500372B63D
:1089000083F31188BFF36F8FBFF34F8F62B6FB60A5
:1089100000BF00BFFDE700BF74CB0208A4CB020874
:1089200080B400AF00BFBD465DF8047B7047000017
:1089300080B485B000AFF860B9607A60FB68074A20
:108940001A60BB68064A1A607B684FF480721A602E
:1089500000BF1437BD465DF8047B7047983E032086
:10896000F43E032080B485B000AFF860B9607A604F
:10897000FB68074A1A60BB68064A1A607B684FF4B6
:1089800000721A6000BF1437BD465DF8047B704763
:10899000F442032050430320B0B58EB000AF08F07E
:1089A0003DFB184B07F11C041D460FCD0FC495E885
:1089B000070084E8070007F11C0300211846F0F7C0
:1089C000EAFF0346104A1360104B3C461D460FCD8C
:1089D0000FC495E8070084E807003B4600211846CD
:1089E000F0F7D9FF03460A4A136008F08DFA08F041
:1089F00021FA40F6B830F1F726F800BF3837BD4607
:108A0000B0BD00BFE4CB0208743E03200CCC0208CA
:108A1000783E0320B0B58AB000AF7860FEF7A8FEBC
:108A200002F0D4FB02F034FB02F064FD0E4B07F1C0
:108A30000C041D460FCD0FC495E8070084E807001D
:108A400007F10C0300211846F0F7A5FF0346074A7B
:108A500013604FF480710648E9F7C3FD4FF4FA70D4
:108A6000F0F7F1FF00BFF4E738CC02087C3E0320AA
:108A70000010024080B582B000AF7860054B1B68E3
:108A8000002B02D00348EBF783FEC820EFF78EFCE3
:108A9000F4E700BF504B0320B0B5ACB000AF786036
:108AA0005B4B07F194041D460FCD0FC495E80700FA
:108AB00084E8070007F1940300211846F0F76BFFE4
:108AC0000346544A1360544B07F178041D460FCDFA
:108AD0000FC495E8070084E8070007F17803002138
:108AE0001846F0F758FF03464C4A13604C4B07F109
:108AF0005C041D460FCD0FC495E8070084E807000D
:108B000007F15C0300211846F0F745FF0346454A8C
:108B10001360454B07F140041D460FCD0FC495E887
:108B2000070084E8070007F1400300211846F0F72A
:108B300032FF03463D4A13603D4B07F124041D46B6
:108B40000FCD0FC495E8070084E8070007F1240360
:108B500000211846F0F71FFF0346364A1360364BD4
:108B600007F108041D460FCD0FC495E8070084E8FF
:108B7000070007F1080300211846F0F70CFF034631
:108B80002E4A1360EAF752FB02462D4B1B68D31A9C
:108B90001A464FF482712B480EF03EFAF1F7D6FADE
:108BA0000346194628480EF037FA244B1B68002B61
:108BB00001D0264900E02649184B1B68002B01D044
:108BC000224A00E0224A134B1B68002B01D01F4BA6
:108BD00000E01F4B1F480EF01FFAEAF727FB024682
:108BE000174B1B68D21A42F2107313441A4AA2FBA5
:108BF00003239B09194A136041F28830EFF7D6FB33
:108C000000F02EF842F21070EFF7D0FB00BFF7E74C
:108C1000F8CC0208803E032024CD0208843E0320C5
:108C200050CD0208883E032078CD02088C3E0320F8
:108C3000A4CD0208903E0320D0CD0208943E03202C
:108C40006C3E032054CC020878CC0208A0CC020869
:108C5000A4CC0208ACCC0208D34D6210703E0320B5
:108C600080B584B000AFEFF715FDF8604FF48D715B
:108C70004A480EF0D1F9FA6840F21B1148480EF04C
:108C8000CBF94FF48E7147480EF0C6F9464B1B687E
:108C90001846F0F733F803461A4640F21F114348CE
:108CA0000EF0BAF9424B1B681846F0F727F8034656
:108CB0001A464FF490713F480EF0AEF93E4B1B68D8
:108CC0001846F0F71BF803461A4640F221113B48BC
:108CD0000EF0A2F93A4B1B681846F0F70FF803465E
:108CE0001A464FF4917137480EF096F9364B1B68CF
:108CF0001846F0F703F803461A4640F223113348AA
:108D00000EF08AF9324B1B681846EFF7F7FF03465F
:108D10001A464FF492712F480EF07EF92E4B1B68C5
:108D20001846EFF7EBFF03461A4640F225112B4891
:108D30000EF072F92A4B1B681846EFF7DFFF034667
:108D40001A464FF4937127480EF066F9264B1B68BC
:108D50001846EFF7D3FF03461A4640F2271123487F
:108D60000EF05AF940F229110E480EF055F9F1F7BC
:108D7000EDF9B860F1F7F6F978607B68BA6840F20F
:108D80002D111B480EF048F94FF4977119480EF059
:108D900043F900BF1037BD4680BD00BFECCD0208CF
:108DA00034CE020860CE0208743E0320A8CE02082A
:108DB000783E0320ECCE02087C3E032030CF020830
:108DC000803E032074CF0208843E0320B8CF0208FF
:108DD000883E0320FCCF02088C3E032040D00208CE
:108DE000903E032084D00208943E0320C8D002089D
:108DF0000CD102084CD1020880B582B000AF3E4BC6
:108E00001B6B3D4A43F4800313633B4B1B6B03F422
:108E100080037B607B68384B1B6B374A43F400133D
:108E20001363354B1B6B03F400133B603B6800225C
:108E300005210B20EAF729F90B20EAF742F9002275
:108E400005210C20EAF721F90C20EAF73AF9002273
:108E500005210D20EAF719F90D20EAF732F9002271
:108E600005210E20EAF711F90E20EAF72AF900226F
:108E700005210F20EAF709F90F20EAF722F900226D
:108E800005211020EAF701F91020EAF71AF900226B
:108E900005211120EAF7F9F81120EAF712F900226A
:108EA00005212F20EAF7F1F82F20EAF70AF900222E
:108EB00005213920EAF7E9F83920EAF702F900221A
:108EC00005213A20EAF7E1F83A20EAF7FAF8002219
:108ED00005214520EAF7D9F84520EAF7F2F8002203
:108EE00005214620EAF7D1F84620EAF7EAF800BF64
:108EF0000837BD4680BD00BF0038024080B586B04F
:108F000000AF3B1D00221A605A609A60DA601A6155
:108F100000233B60244B254A1A60234B00225A60F1
:108F2000214B7F229A60204BFF22DA601E4B0022E9
:108F30001A611D4B00225A611B4B00229A611A488C
:108F4000EBF736FC0346002B01D0FFF7EFFB0023C5
:108F50003B7100237B710023BB7100233B61002325
:108F60007B613B1D012219460F48EBF7A3FC03462A
:108F7000002B01D0FFF7DAFB05233B7009237B7040
:108F80000123BB702623FB703B460122194606488D
:108F9000EBF788FD0346002B01D0FFF7C7FB00BFAE
:108FA0001837BD4680BD00BF604B0320002800403D
:108FB00080B5A6B000AF786007F1080390220021C9
:108FC00018460EF0FAF97B681B680E4A934214D1DA
:108FD0002023BB604FF40073BB6307F108031846FE
:108FE000E8F712FD0346002B01D0FFF79FFB064B6D
:108FF0001B6F054A43F40043136700BF9837BD4613
:1090000080BD00BF002800400038024080B500AF9E
:10901000144B154A1A60134B4FF4E1325A60114B4E
:1090200000229A600F4B0022DA600E4B00221A6178
:109030000C4B0C225A610B4B00229A61094B002207
:10904000DA61084B00221A62064B00225A62054878
:10905000EBF7EBFE0346002B01D0FFF767FB00BFE9
:1090600080BD00BF804B0320004C004080B500AFA6
:10907000144B154A1A60134B4FF4E1325A60114BEE
:1090800000229A600F4B0022DA600E4B00221A6118
:109090000C4B0C225A610B4B00229A61094B0022A7
:1090A000DA61084B00221A62064B00225A62054818
:1090B000EBF7BBFE0346002B01D0FFF737FB00BFE9
:1090C00080BD00BF084C03200050004080B500AFB9
:1090D000144B154A1A60134B4FF4E1325A60114B8E
:1090E00000229A600F4B0022DA600E4B00221A61B8
:1090F0000C4B0C225A610B4B00229A61094B002247
:10910000DA61084B00221A62064B00225A620548B7
:10911000EBF78BFE0346002B01D0FFF707FB00BFE8
:1091200080BD00BF904C03200078004080B500AFA8
:10913000144B154A1A60134B4FF4E1325A60114B2D
:1091400000229A600F4B0022DA600E4B00221A6157
:109150000C4B0C225A610B4B00229A61094B0022E6
:10916000DA61084B00221A62064B00225A62054857
:10917000EBF75BFE0346002B01D0FFF7D7FA00BFE9
:1091800080BD00BF184D0320007C004080B500AFBB
:10919000144B154A1A60134B4FF4E1325A60114BCD
:1091A00000229A600F4B0022DA600E4B00221A61F7
:1091B0000C4B0C225A610B4B00229A61094B002286
:1091C000DA61084B00221A62064B00225A620548F7
:1091D000EBF72BFE0346002B01D0FFF7A7FA00BFE9
:1091E00080BD00BFA04D03200010014080B500AF3E
:1091F000144B154A1A60134B4FF4E1325A60114B6D
:1092000000229A600F4B0022DA600E4B00221A6196
:109210000C4B0C225A610B4B00229A61094B002225
:10922000DA61084B00221A62064B00225A62054896
:10923000EBF7FBFD0346002B01D0FFF777FA00BFE9
:1092400080BD00BF284E03200044004080B500AF21
:10925000144B154A1A60134B4FF4E1325A60114B0C
:1092600000229A600F4B0022DA600E4B00221A6136
:109270000C4B0C225A610B4B00229A61094B0022C5
:10928000DA61084B00221A62064B00225A62054836
:10929000EBF7CBFD0346002B01D0FFF747FA00BFE9
:1092A00080BD00BFB04E03200048004080B500AF35
:1092B000144B154A1A60134B4FF4E1325A60114BAC
:1092C00000229A600F4B0022DA600E4B00221A61D6
:1092D0000C4B0C225A610B4B00229A61094B002265
:1092E000DA61084B00221A62064B00225A620548D6
:1092F000EBF79BFD0346002B01D0FFF717FA00BFE9
:1093000080BD00BF384F03200014014080B5BCB0C1
:1093100000AF786007F1DC0300221A605A609A609F
:10932000DA601A6107F14C039022002118460EF012
:1093300044F87B681B68654A934240F0D7804FF43D
:109340000073FB640023C7F89C3007F14C031846F8
:10935000E8F75AFB0346002B01D0FFF7E7F95C4B17
:109360001B6C5B4A43F400231364594B1B6C03F4DE
:109370000023BB64BB6C564B1B6B554A43F0010387
:109380001363534B1B6B03F001037B647B6C504BEB
:109390001B6B4F4A43F0040313634D4B1B6B03F0ED
:1093A00004033B643B6C4FF48053C7F8DC3002236A
:1093B000C7F8E0300023C7F8E4300323C7F8E830EB
:1093C0000623C7F8EC3007F1DC0319464148E8F7FB
:1093D00043FF4FF40063C7F8DC300223C7F8E030E6
:1093E0000023C7F8E4300323C7F8E8300823C7F8A0
:1093F000EC3007F1DC0319463748E8F72DFF374B0F
:10940000374A1A60354B4FF000625A60334B0022E6
:109410009A60324B0022DA60304B4FF480621A615E
:109420002E4B00225A612D4B00229A612B4B4FF498
:109430008072DA61294B00221A62284B00225A629C
:109440002648E9F7E9F80346002B01D0FFF76EF94B
:109450007B68224A5A67214A7B689363214B224AE0
:109460001A60204B4FF000625A601E4B40229A60F7
:109470001C4B0022DA601B4B4FF480621A61194BBF
:1094800000225A61174B00229A61164B0022DA61C2
:10949000144B00221A62134B00225A621148E9F75A
:1094A000BBF80346002B01D0FFF740F97B680D4A5B
:1094B0001A670C4A7B689363002205213420E9F780
:1094C000E4FD3420E9F7FDFD00F024BC004C004031
:1094D000003802400000024000080240C04F032054
:1094E0004060024020500320706002407B681B688F
:1094F0009E4A934240F0A4804FF48063FB640023B3
:10950000C7F8A03007F14C031846E8F77DFA034688
:10951000002B01D0FFF70AF9954B1B6C944A43F4DA
:1095200080131364924B1B6C03F48013FB63FB6B7F
:109530008F4B1B6B8E4A43F0020313638C4B1B6BE8
:1095400003F00203BB63BB6B4FF44053C7F8DC303E
:109550000223C7F8E0300023C7F8E4300323C7F83C
:10956000E8300823C7F8EC3007F1DC0319468148DE
:10957000E8F772FE804B814A1A607F4B4FF0006221
:109580005A607D4B00229A607B4B0022DA607A4B56
:109590004FF480621A61784B00225A61764B0022A8
:1095A0009A61754B4FF48072DA61734B00221A6234
:1095B000714B00225A627048E9F72EF80346002BDF
:1095C00001D0FFF7B3F87B686B4A5A676A4A7B6839
:1095D00093636B4B6B4A1A60694B4FF000625A60A1
:1095E000674B40229A60664B0022DA60644B4FF46E
:1095F00080621A61624B00225A61614B00229A61BB
:109600005F4B0022DA615E4B00221A625C4B002243
:109610005A625B48E9F700F80346002B01D0FFF7D8
:1096200085F87B68564A1A67554A7B68936300221F
:1096300005213520E9F729FD3520E9F742FD69E3E9
:109640007B681B68504A934245D14FF48053FB64BA
:109650000023C7F8A83007F14C031846E8F7D4F9FF
:109660000346002B01D0FFF761F8414B1B6C404AC9
:1096700043F0804313643E4B1B6C03F080437B63D9
:109680007B6B3B4B1B6B3A4A43F020031363384B15
:109690001B6B03F020033B633B6BC023C7F8DC303C
:1096A0000223C7F8E0300023C7F8E4300323C7F8EB
:1096B000E8300823C7F8EC3007F1DC0319463348DB
:1096C000E8F7CAFD002205215220E9F7DEFC52200E
:1096D000E9F7F7FC1EE37B681B682D4A93425BD1D8
:1096E0004FF40053FB640023C7F8AC3007F14C0380
:1096F0001846E8F789F90346002B01D0FFF716F862
:109700001B4B1B6C1A4A43F000431364184B1B6C31
:1097100003F00043FB62FB6A154B1B6B144A43F0DA
:1097200010031363124B1B6B03F01003BB62BB6A85
:109730000323C7F8DC300223C7F8E0300023C7F862
:10974000E4300323C7F8E8300823C7F8EC3007F10A
:10975000DC0319460F48E8F77FFD0022052153205E
:10976000E9F793FC5320E9F7ACFCD3E2005000404A
:109770000038024000040240805003201060024084
:10978000E0500320B860024000780040001402401E
:10979000007C0040001002407B681B68A74A93428F
:1097A00040F0A3804023FB640023C7F8903007F10A
:1097B0004C031846E8F728F90346002B01D0FEF7C2
:1097C000B5FF9F4B5B6C9E4A43F0100353649C4B68
:1097D0005B6C03F010037B627B6A994B1B6B984AAE
:1097E00043F002031363964B1B6B03F002033B62CF
:1097F0003B6A4FF44043C7F8DC300223C7F8E0303F
:109800000023C7F8E4300323C7F8E8300423C7F87F
:10981000EC3007F1DC0319468A48E8F71DFD8A4B56
:109820008A4A1A60884B4FF000625A60864B0022C9
:109830009A60854B0022DA60834B4FF480621A6194
:10984000814B00225A61804B00229A617E4B4FF47B
:109850008072DA617C4B00221A627B4B00225A62D2
:109860007948E8F7D9FE0346002B01D0FEF75EFFEA
:109870007B68754A5A67744A7B689363744B754A70
:109880001A60734B4FF000625A60714B40229A602D
:109890006F4B0022DA606E4B4FF480621A616C4BA2
:1098A00000225A616A4B00229A61694B0022DA61F8
:1098B000674B00221A62664B00225A626448E8F73E
:1098C000ABFE0346002B01D0FEF730FF7B68604AF9
:1098D0001A675F4A7B689363002205212520E9F718
:1098E000D4FB2520E9F7EDFB14E27B681B685A4A9C
:1098F000934240F0BD808023FB640023C7F894307E
:1099000007F14C031846E8F77FF80346002B01D017
:10991000FEF70CFF4A4B1B6C494A43F400331364B7
:10992000474B1B6C03F40033FB61FB69444B1B6B1F
:10993000434A43F008031363414B1B6B03F00803D6
:10994000BB61BB696023C7F8DC300223C7F8E03095
:109950000023C7F8E4300323C7F8E8300723C7F82B
:10996000EC3007F1DC0319463C48E8F775FC3C4B4A
:109970003C4A1A603A4B4FF000625A60384B002262
:109980009A60374B0022DA60354B4FF480621A61DF
:10999000334B00225A61324B00229A61304B4FF414
:1099A0008072DA612E4B00221A622D4B00225A621D
:1099B0002B48E8F731FE0346002B01D0FEF7B6FE38
:1099C0007B68274A5A67264A7B689363264B274A57
:1099D0001A60254B4FF000625A60234B40229A6078
:1099E000214B0022DA60204B4FF480621A611E4B3B
:1099F00000225A611C4B00229A611B4B0022DA6143
:109A0000194B00221A62184B00225A621648E8F7D6
:109A100003FE0346002B01D0FEF788FE7B68124A46
:109A20001A67114A7B689363002205212620E9F713
:109A30002CFB2620E9F745FB6CE100BF001001403C
:109A400000380240000402404051032040640240BC
:109A5000A0510320B864024000440040000C0240C2
:109A6000005203208860024060520320A060024040
:109A70007B681B68A94A934240F0A4804FF480732E
:109A8000FB640023C7F8983007F14C031846E7F74A
:109A9000BBFF0346002B01D0FEF748FEA04B1B6C1A
:109AA0009F4A43F4802313649D4B1B6C03F4802373
:109AB0007B617B699A4B1B6B994A43F002031363EA
:109AC000974B1B6B03F002033B613B694FF4406310
:109AD000C7F8DC300223C7F8E0300023C7F8E430D1
:109AE0000323C7F8E8300723C7F8EC3007F1DC039D
:109AF00019468C48E8F7B0FB8B4B8C4A1A608A4BAE
:109B00004FF000625A60884B00229A60864B002218
:109B1000DA60854B4FF480621A61834B00225A61F0
:109B2000814B00229A61804B4FF48072DA617E4B48
:109B300000221A627C4B00225A627B48E8F76CFDD7
:109B40000346002B01D0FEF7F1FD7B68764A5A6789
:109B5000754A7B689363764B764A1A60744B4FF074
:109B600000625A60724B40229A60714B0022DA60A8
:109B70006F4B4FF480621A616D4B00225A616C4B3F
:109B800000229A616A4B0022DA61694B00221A6254
:109B9000674B00225A626648E8F73EFD0346002BF9
:109BA00001D0FEF7C3FD7B68614A1A67604A7B6893
:109BB0009363002205212720E9F767FA2720E9F7B8
:109BC00080FAA7E07B681B685B4A934240F0A28062
:109BD0004FF40063FB640023C7F8A43007F14C0383
:109BE0001846E7F711FF0346002B01D0FEF79EFD54
:109BF0004B4B5B6C4A4A43F020035364484B5B6C0D
:109C000003F02003FB60FB68454B1B6B444A43F0A9
:109C100004031363424B1B6B03F00403BB60BB687C
:109C2000C023C7F8DC300223C7F8E0300023C7F8B0
:109C3000E4300323C7F8E8300823C7F8EC3007F115
:109C4000DC0319463D48E8F707FB3D4B3D4A1A60E7
:109C50003B4B4FF020625A60394B00229A60384BE0
:109C60000022DA60364B4FF480621A61344B0022D6
:109C70005A61334B00229A61314B4FF48072DA61A2
:109C80002F4B00221A622E4B00225A622C48E8F712
:109C9000C3FC0346002B01D0FEF748FD7B68284A31
:109CA0005A67274A7B689363274B284A1A60264BDA
:109CB0004FF020625A60244B40229A60224B0022CF
:109CC000DA60214B4FF480621A611F4B00225A6107
:109CD0001D4B00229A611C4B0022DA611A4B0022B4
:109CE0001A62194B00225A621748E8F795FC03469E
:109CF000002B01D0FEF71AFD7B68134A1A67124A3F
:109D00007B689363002205214720E9F7BEF94720CD
:109D1000E9F7D7F900BFF037BD4680BD00480040E5
:109D20000038024000040240C05203202860024074
:109D300020530320586002400014014000080240F4
:109D40008053032028640240E0530320A0640240B3
:109D500080B58EB000AF786000233B6373463B63F1
:109D6000EFF30883FB60FB687B633B6B03F004034A
:109D7000002B04D0EFF30983BB60BB687B637B6B74
:109D80001B68FB627B6B5B68BB627B6B9B687B6267
:109D90007B6BDB683B627B6B1B69FB617B6B5B698D
:109DA000BB617B6B9B697B617B6BDB693B6178682B
:109DB00006F014FA224806F011FA396B214806F031
:109DC0003DFAF96A204806F039FAB96A1F4806F0E8
:109DD00035FA796A1E4806F031FA396A1D4806F0EC
:109DE0002DFAF9691C4806F029FAB9691B4806F0F2
:109DF00025FA79691A4806F021FA3969194806F0F6
:109E00001DFA194BDB6A1946184806F017FA164B6B
:109E10009B6A1946164806F011FA134B5B6B1946FC
:109E2000144806F00BFA104B9B6B1946124806F0CB
:109E300005FA124806F0D2F900BF3837BD4680BD9A
:109E400094D10208ACD10208B4D10208BCD10208F6
:109E5000C4D10208CCD10208D4D10208DCD1020856
:109E6000E4D10208ECD1020800ED00E0F4D10208D0
:109E7000FCD1020804D202080CD2020814D2020853
:109E800080B400AF00BFFDE780B500AF0248FFF728
:109E90005FFF00BFFDE700BF24D2020880B500AF1E
:109EA0000248FFF755FF00BFFDE700BF3CD20208A4
:109EB00080B500AF0248FFF74BFF00BFFDE700BFD2
:109EC00054D2020880B500AF0248FFF741FF00BF3F
:109ED000FDE700BF6CD2020880B400AF00BFBD46F2
:109EE0005DF8047B7047000080B500AF0248E8F7DA
:109EF00033FD00BF80BD00BF8050032080B500AFA0
:109F00000248E8F729FD00BF80BD00BFC052032012
:109F100080B500AF0248E8F71FFD00BF80BD00BF5D
:109F2000C04F032080B500AF0248E8F715FD00BF21
:109F300080BD00BF2053032080B500AF0248E8F782
:109F40000BFD00BF80BD00BF2050032080B500AFD7
:109F50000248E8F701FD00BF80BD00BF00520320AA
:109F600080B500AF0248E8F7F7FC00BF80BD00BF36
:109F70006052032080B500AF0248EBF72DF800BF18
:109F800080BD00BFA04D032080B500AF0248EBF7B5
:109F900023F800BF80BD00BF284E032080B500AF6E
:109FA0000248EBF719F800BF80BD00BFB04E032098
:109FB00080B500AF0248E8F7CFFC00BF80BD00BF0E
:109FC000E050032080B500AF0248EBF705F800BF72
:109FD00080BD00BF804B032080B500AF0248EAF788
:109FE000FBFF00BF80BD00BF084C032080B500AF61
:109FF0000248E6F751FE00BF80BD00BF4054032079
:10A0000080B500AF0248E8F7A7FC00BF80BD00BFE5
:10A010008053032080B500AF0248E8F79DFC00BFE5
:10A0200080BD00BF4051032080B500AF0248E9F772
:10A03000C7FC00BF80BD00BF643D032080B500AFFA
:10A040000248E8F789FC00BF80BD00BFE053032051
:10A0500080B500AF0248E8F77FFC00BF80BD00BFBD
:10A06000A051032080B500AF0248EAF7B5FF00BF5A
:10A0700080BD00BF384F032080B500AF0248EAF72B
:10A08000ABFF00BF80BD00BF904C032080B500AF88
:10A090000248EAF7A1FF00BF80BD00BF184D0320B2
:10A0A00080B582B000AF114B1B6C104A43F0805357
:10A0B00013640E4B1B6C03F080537B607B680B4B6F
:10A0C0005B6C0A4A43F480435364084B5B6C03F4B3
:10A0D00080433B603B6800220F216FF00100E8F7EE
:10A0E000D4FF00BF0837BD4680BD00BF0038024026
:10A0F00080B58EB000AF78600023FB620023BB62A6
:10A10000334B1B6C324A43F020031364304B1B6CFF
:10A1100003F02003FB60FB6807F1100207F1140352
:10A1200011461846E7F73EFC3B6AFB62FB6A002BD0
:10A1300003D1E7F70FFC786304E0E7F70BFC034675
:10A140005B007B637B6B234AA2FB03239B0C013BDD
:10A15000BB62214B214A1A601F4B40F2E732DA60A2
:10A160001D4ABB6A53601C4B00221A611A4B002225
:10A170009A60194B00229A611748E6F7B3FC034630
:10A1800087F8333097F83330002B1BD11248E6F7AD
:10A190000BFD034687F8333097F83330002B11D18D
:10A1A0003720E8F78EFF7B680F2B08D800227968EC
:10A1B0003720E8F76AFF0A4A7B68136002E0012350
:10A1C00087F8333097F8333018463837BD4680BDAE
:10A1D0000038024083DE1B4340540320001400403B
:10A1E0000400002080B487B000AF7860144A154B9B
:10A1F000D31A7B617B693B61134B1B68002B02D137
:10A20000114B124A1A60104B1A687B6813443A6962
:10A210009A4205D20E4B0C221A604FF0FF3309E030
:10A22000094B1B68FB60084B1A687B681344064A9D
:10A230001360FB6818461C37BD465DF8047B704709
:10A2400000000820001000008C540320307A032006
:10A25000AC78022080B582B000AF7860EEF7CCFD1C
:10A260000346012B1ED0114B1B68002B0ED1F0F7BB
:10A270004DF90E4B1B68002B06D10D490420ECF75D
:10A28000E0FE0346094A1360F0F776F9074B1B68B6
:10A29000002B08D0054B1B684FF0FF311846ECF738
:10A2A00022FF00E000BF0837BD4680BD9054032068
:10A2B0009454032080B582B000AF7860064B1B68D1
:10A2C000002B04D0044B1B681846ECF7D5FE00BFEA
:10A2D0000837BD4680BD00BF9054032080B400AF56
:10A2E00001231846BD465DF8047B704780B483B0F7
:10A2F00000AF78603960054B16221A604FF0FF33CB
:10A3000018460C37BD465DF8047B7047AC780220D8
:10A3100080B582B000AF78604FF0FF317868FFF70A
:10A32000E5FF00BFFDE780B586B000AFF860B9601B
:10A330007A6000237B610AE0AFF300800146BB68CE
:10A340005A1CBA60CAB21A707B6901337B617A69A0
:10A350007B689A42F0DB7B6818461837BD4680BDA3
:10A3600080B483B000AF78604FF0FF3318460C37ED
:10A37000BD465DF8047B704780B483B000AF786061
:10A3800039603B684FF400525A60002318460C377E
:10A39000BD465DF8047B704780B483B000AF786041
:10A3A000012318460C37BD465DF8047B704780B426
:10A3B00085B000AFF860B9607A60002318461437A2
:10A3C000BD465DF8047B7047DFF834D0E6F778FBD4
:10A3D0000C480D490D4A002302E0D458C450043300
:10A3E000C4188C42F9D30A4A0A4C002301E01360D6
:10A3F0000432A242FBD30DF0E5FEFEF7B7F870473A
:10A400000000082000000020C00A0020E41C03080F
:10A41000C00A00202C7A0320FEE7000080B500AFC0
:10A42000002208490848EAF7DFFA002207490648EF
:10A43000EAF7BCFB064B9B6A9AB2064B1A8000BF38
:10A4400080BD00BFE8540320604B0320FC54032070
:10A4500000280040005503202DE9B04F90B000AF18
:10A46000C7E90201D7E902014FF47A724FF0000305
:10A47000E6F7A2F802460B461346FB63D7E9020152
:10A480004FF47A724FF00003E6F796F813467B8795
:10A490000023FB6207F1180300221A605A609A60D9
:10A4A000DA601A61FB6B00223B607A60D7E9002317
:10A4B000C7E9042307F1100318460CF0B9FF7863CD
:10A4C0007B6B002B66D07B6B5B69DBB2643BDBB2E2
:10A4D00087F82F307B6B1B69DBB20133DBB287F867
:10A4E0002D307B6BDB68DBB287F82E307B6B9B6893
:10A4F000DBB20833DBB23B767B6B5B68DBB27B762F
:10A500007B6B1B68DBB2BB7607F12C03002219467C
:10A510002348EAF7C7FA07F1180300221946204832
:10A52000EAF7C8F97B8F0022984691464046494693
:10A530004FF000024FF000034FEA092343EA18638B
:10A540004FEA0822841A61EB0305164B14EB030A49
:10A5500045F1000B4FF47A724FF000035046594614
:10A56000E6F72AF802460B4613467B860C48EAF7C4
:10A570002BFC0B4B1B68CA225A62094B1B685322E7
:10A580005A62074B1B687A8E9A62054B1B68FF2242
:10A590005A6200E000BF4037BD46BDE8B08F00BF43
:10A5A000604B032018E4030080B582B000AF00F0D8
:10A5B00011F8C7E90001D7E900014FF47A724FF0B2
:10A5C0000003E5F7F9FF02460B4610461946083727
:10A5D000BD4680BD2DE9B04F96B000AFFFF71EFF1E
:10A5E0005B4BDB786433FB63594B5B78013BBB63AC
:10A5F000574B9B787B63574B1B78083B3B63554B12
:10A600005B78FB62534B9B78BB6207F128031846CB
:10A610000DF0ECF8C7E91401D7E91423B3F1FF3FBB
:10A6200008BFB2F1FF3F06D14FF000034FF0000426
:10A63000C7E9083483E0484B1B889BB200229A4646
:10A640009346504659464FF000024FF000034FEA40
:10A650004B1343EADA634FEA4A12841A61EB0305AB
:10A660004FF000024FF00003AB0043EA9473A200E6
:10A6700014461D46B4EB0A03BB6065EB0B03FB609D
:10A680004FF000024FF00003D7E902452946CB0006
:10A69000214643EA51732146CA0030495118B96135
:10A6A00043F10003FB614FF0FF024FF00003D7E9D5
:10A6B0000601E5F781FF02460B461346A7F84E3028
:10A6C000D7E9140102460B464FF000044FF0000595
:10A6D0005D0145EAD265540122462B46B2EB0008E3
:10A6E00063EB01094FF000024FF000034FEA8903CA
:10A6F00043EA98734FEA88029046994618EB0003A4
:10A700003B6049EB01037B604FF000024FF0000318
:10A71000D7E900452946CB00214643EA517321463B
:10A72000CA00B7F84E10002039617861D7E90445B6
:10A73000214651183962294643EB01017962D7E974
:10A740000823104619465837BD46BDE8B08F00BFF4
:10A75000FC540320E85403200055032018E40300B0
:10A7600080B483B000AF786039607A683B6862FA81
:10A7700003F318460C37BD465DF8047B70470000B4
:10A78000B0B5CEB000AF07F59C73A3F59A7318600F
:10A7900007F59C73A3F59C7319600023C7F8143167
:10A7A0000023C7F810313FE007F59C73A3F59C73B5
:10A7B0001A68D7F8103113441B781A06D7F81031ED
:10A7C000013307F59C71A1F59C7109680B441B7856
:10A7D0001B041A43D7F81031023307F59C71A1F519
:10A7E0009C7109680B441B781B021343D7F8102196
:10A7F000033207F59C71A1F59C7109680A4412782F
:10A8000043EA020107F59C73A3F59873D7F8142166
:10A8100043F82210D7F814310133C7F81431D7F8B0
:10A8200010310433C7F81031D7F814310F2BBBD9CE
:10A8300077E0D7F814319A1E07F59C73A3F5987347
:10A8400053F8223011211846FFF78AFF0446D7F843
:10A8500014319A1E07F59C73A3F5987353F82230B0
:10A8600013211846FFF77CFF034684EA0302D7F85A
:10A870001431991E07F59C73A3F5987353F8213092
:10A880009B0A5A40D7F81431D91F07F59C73A3F5DA
:10A89000987353F82130D418D7F81431A3F10F026C
:10A8A00007F59C73A3F5987353F8223007211846D7
:10A8B000FFF756FF0546D7F81431A3F10F0207F54D
:10A8C0009C73A3F5987353F8223012211846FFF7B2
:10A8D00047FF034685EA0302D7F81431A3F10F01BD
:10A8E00007F59C73A3F5987353F82130DB085340A8
:10A8F000E218D7F81431A3F1100107F59C73A3F502
:10A90000987353F82130D11807F59C73A3F5987309
:10A91000D7F8142143F82210D7F814310133C7F8BF
:10A920001431D7F814313F2B83D907F59C73A3F565
:10A930009A731B689B68C7F8343107F59C73A3F5BD
:10A940009A731B68DB68C7F8303107F59C73A3F571
:10A950009A731B681B69C7F82C3107F59C73A3F524
:10A960009A731B685B69C7F8283107F59C73A3F5D8
:10A970009A731B689B69C7F8243107F59C73A3F58C
:10A980009A731B68DB69C7F8203107F59C73A3F540
:10A990009A731B681B6AC7F81C3107F59C73A3F5F3
:10A9A0009A731B685B6AC7F818310023C7F8143123
:10A9B00085E00621D7F82401FFF7D2FE04460B21DB
:10A9C000D7F82401FFF7CCFE03465C401921D7F8E5
:10A9D0002401FFF7C5FE034684EA0302D7F81831C5
:10A9E0001A44D7F82011D7F81C315940D7F8243130
:10A9F0001940D7F81C314B401A447249D7F814312A
:10AA000051F823301A4407F59C73A3F59873D7F8CF
:10AA1000141153F821301344C7F80C310221D7F830
:10AA20003401FFF79DFE04460D21D7F83401FFF7EE
:10AA300097FE03465C401621D7F83401FFF790FEDD
:10AA4000034684EA0302D7F83411D7F830311940AD
:10AA5000D7F83401D7F830311843D7F82C310340F8
:10AA60000B431344C7F80831D7F81C31C7F8183125
:10AA7000D7F82031C7F81C31D7F82431C7F8203176
:10AA8000D7F82821D7F80C311344C7F82431D7F868
:10AA90002C31C7F82831D7F83031C7F82C31D7F826
:10AAA0003431C7F83031D7F80C21D7F808311344C6
:10AAB000C7F83431D7F814310133C7F81431D7F857
:10AAC00014313F2B7FF675AF07F59C73A3F59A738E
:10AAD0001B689A68D7F834311A4407F59C73A3F5BC
:10AAE0009A731B689A6007F59C73A3F59A731B68A9
:10AAF000DA68D7F830311A4407F59C73A3F59A73D6
:10AB00001B68DA6007F59C73A3F59A731B681A69D2
:10AB1000D7F82C311A4407F59C73A3F59A731B6878
:10AB20001A6107F59C73A3F59A731B685A69D7F8E5
:10AB300028311A4407F59C73A3F59A731B685A6170
:10AB400007F59C73A3F59A731B689A69D7F82431AB
:10AB50001A4407F59C73A3F59A731B689A6107F56D
:10AB60009C73A3F59A731B68DA69D7F820311A44ED
:10AB700007F59C73A3F59A731B68DA6107F59C735C
:10AB8000A3F59A731B681A6AD7F81C311A4407F5A3
:10AB90009C73A3F59A731B681A6207F59C73A3F55F
:10ABA0009A731B685A6AD7F818311A4407F59C73D0
:10ABB000A3F59A731B685A6200BF07F59C77BD46E0
:10ABC000B0BD00BFA4FA020880B483B000AF7860C3
:10ABD00079684FF000024FF00003C1E900237B6861
:10ABE0000E4A9A607B680E4ADA607B680D4A1A61E9
:10ABF0007B680D4A5A617B680C4A9A617B680C4AF3
:10AC0000DA617B680B4A1A627B680B4A5A6200BFA2
:10AC10000C37BD465DF8047B704700BF67E6096AE4
:10AC200085AE67BB72F36E3C3AF54FA57F520E516D
:10AC30008C68059BABD9831F19CDE05B80B584B0D0
:10AC400000AF786039607B68D3E90023134603F0D6
:10AC50003F03FB60FB685A1CFA607A681344802249
:10AC600083F82820FB68382B13D97B6803F128026E
:10AC7000FB68D018FB68C3F140031A4600210CF0B2
:10AC80009CFB0023FB607B68283319467868FFF73C
:10AC900077FD7B6803F12802FB68D018FB68C3F1DD
:10ACA00038031A4600210CF088FB7B68D3E90001C9
:10ACB0004FF000024FF00003CB0043EA5073C20094
:10ACC0007968C1E900237B68D3E900014FF00002F5
:10ACD0004FF000030A0E0023D2B27B6883F8602095
:10ACE0007B68D3E900014FF000024FF000030A0C2B
:10ACF0000023D2B27B6883F861207B68D3E900012E
:10AD00004FF000024FF000030A0A0023D2B27B6822
:10AD100083F862207B68D3E900014FF000024FF016
:10AD200000030A000023D2B27B6883F863207B68AB
:10AD3000D3E900014FF000024FF00003020E42EA97
:10AD400001220B0ED2B27B6883F864207B68D3E9C2
:10AD500000014FF000024FF00003020C42EA0142F2
:10AD60000B0CD2B27B6883F865207B68D3E90001C5
:10AD70004FF000024FF00003020A42EA01620B0AA0
:10AD8000D2B27B6883F866207B68D3E90023D2B215
:10AD90007B6883F867207B68283319467868FFF75B
:10ADA000EFFC0023BB6035E07B68BA68023253F8E1
:10ADB00022301A0EBB689B0019463B680B44D2B286
:10ADC0001A707B68BA68023253F82230190CBB68DB
:10ADD0009B0001333A681344CAB21A707B68BA68A0
:10ADE000023253F82230190ABB689B0002333A68DA
:10ADF0001344CAB21A707B68BA68023253F8221040
:10AE0000BB689B0003333A681344CAB21A70BB682C
:10AE10000133BB60BB68072BC6D97868FFF7D4FE47
:10AE200000BF1037BD4680BD2DE9B04386B000AFEE
:10AE3000F860B9607A60BB687B61FB68D3E9002386
:10AE4000134603F03F033B61FB68D3E900237968B5
:10AE500000200C46054612EB040843EB0509FB688D
:10AE6000C3E900893B69002B37D07A683B691344FA
:10AE70003F2B0AD8FB6803F128023B6913447A6828
:10AE8000796918460DF0CFF931E0FB6803F128022B
:10AE90003B69D0183B69C3F140031A4679690DF04C
:10AEA000C2F93A697B681344403B7B603B69C3F15C
:10AEB00040037A6913447B61FB6828331946F868BC
:10AEC000FFF75EFC09E07969F868FFF759FC7B68D9
:10AED000403B7B607B6940337B617B683F2BF2D8D2
:10AEE000FB6828337A68796918460DF09CF91837A1
:10AEF000BD46BDE8B08380B586B000AFF860B960EC
:10AF00007A60FB6880333B617B68402B10D8FB681C
:10AF10007A68B96818460DF086F9FA687B68D01827
:10AF20007B68C3F140031A4600210CF046FA13E097
:10AF30003869FFF749FE7A68B9683869FFF774FF26
:10AF4000FB6819463869FFF779FEFB682033202239
:10AF5000002118460CF031FA00237B610EE0FA68FC
:10AF60007B6913441B7883F05C03D9B2FA687B6970
:10AF700013440A461A707B6901337B617B693F2B5E
:10AF8000EDD93869FFF720FEFB6840221946386981
:10AF9000FFF74AFFFB6803F160003B69083320229A
:10AFA00019460DF040F900237B610EE0FA687B69D9
:10AFB00013441B7883F06A03D9B2FA687B6913449F
:10AFC0000A461A707B6901337B617B693F2BEDD99F
:10AFD0003869FFF7F9FDFB68402219463869FFF729
:10AFE00023FFFB6803F140003B6908332022194628
:10AFF0000DF019F900BF1837BD4680BD80B584B08B
:10B0000000AFF860B9607A60FB6880337A68B9682D
:10B010001846FFF709FF00BF1037BD4680BD80B559
:10B0200084B000AF786039607B688033FB6039683A
:10B03000F868FFF703FEFB6803F108007B686033E4
:10B04000202219460DF0EFF8F9684FF040024FF05A
:10B050000003C1E9002320223968F868FFF7E4FE05
:10B060003968F868FFF7EAFDFB6803F108007B68C0
:10B070004033202219460DF0D6F8F9684FF040020F
:10B080004FF00003C1E9002300BF1037BD4680BD6B
:10B090002DE9F04192B00AAF0023FB770FE0FA7F71
:10B0A000304B13441A46FB7F1278D2B2103307F1AB
:10B0B00010010B4403F8102CFB7F0133FB77FB7F5F
:10B0C0000B2BECD97B7D1D463B7DFA7CB97C787CD3
:10B0D0003C7C049403900291019200932B46224AF7
:10B0E000182122480CF010F8204921480DF093F85F
:10B0F0003B7C9E467B7C9846BB7CFB60FA7C397D22
:10B10000787DBC7DFD7D3E7E97F819C0C7F808C0EC
:10B1100097F81AC0C7F804C097F81BC06346099394
:10B120007B680893BB680793069605950494039083
:10B1300002910192FB6800934346724660210D48DC
:10B140000BF06AFF094A62210B480BF065FF084AC1
:10B1500063210A480BF060FF00BF2037BD46BDE801
:10B16000F08100BF20F4F01F84D20208606D03203C
:10B17000786D0320A0D20208F8D2020820D302087A
:10B1800080B582B000AF786079680020FBF70AFFD5
:10B19000FBF772FE00BF0837BD4680BD80B584B0A6
:10B1A00000AF3B46102219460648FAF74BFC3B46D7
:10B1B0001A468A2104480BF02FFF00BF1037BD4606
:10B1C00080BD00BF0479022048D3020880B582B058
:10B1D00000AF05F0E7FE0346FB7197F90730002B3F
:10B1E00009DA97F907301A46952108480BF014FF41
:10B1F0004FF0FF3306E0982105480BF00DFF00F0FB
:10B2000017F9002318460837BD4680BD60D30208F1
:10B2100098D3020880B59AB000AF786007F11C039C
:10B220004422002118460CF0C8F807F108037B6699
:10B23000194BFB6107F11C0304333F227968184660
:10B240000CF0E2F8002387F85F307B6E07F11C02F8
:10B250001A607B6E44225A60EFF758F97A6E0F49F4
:10B260000F4808F052F9034687F86330EFF784F986
:10B2700097F86330002B07D097F863301A46C12146
:10B2800008480BF0C9FE04E07A68C62106480BF0B6
:10B29000C3FE6837BD4680BD5442455240D40208C3
:10B2A000347503204CD402088CD4020880B59AB0BF
:10B2B00000AF7860396007F11C0344220021184672
:10B2C0000CF07BF807F108037B667B6E07F11C022C
:10B2D0001A607B6E44225A607A6E1A491A4807F047
:10B2E000CCF938663B6E002B09D1DE2117480BF0F4
:10B2F00093FE1449144808F05DF800231DE0FB6933
:10B30000134A934209D0E62112480BF085FE0D49FD
:10B310000D4808F04FF800230FE03B685A1E07F174
:10B320001C030433194678680CF06EF83B68013B47
:10B330007A68134400221A70012318466837BD4604
:10B3400080BD00BF40D4020834750320C4D4020875
:10B350005442455210D5020880B500AF0449054853
:10B3600008F028F8F82104480BF056FE00BF80BD15
:10B3700040D402083475032044D5020880B483B059
:10B3800000AF03460A46FB711346BB71FB79002BE5
:10B3900002D0FB79082B01D9022308E0BB79002BEE
:10B3A00004D0BB79012B01D0012300E00023184613
:10B3B0000C37BD465DF8047B7047000080B483B055
:10B3C00000AF0346FB71FB79002B02D0FB79082B01
:10B3D00001D9002302E0FB79034AD35C18460C37FD
:10B3E000BD465DF8047B70470465032080B586B0D8
:10B3F00000AF3B467B617B69094A1A607B69092281
:10B400005A607A690749084808F07FF84FF4947148
:10B4100006480BF001FE00BF1837BD4680BD00BFD7
:10B420000465032070D502083475032080D5020816
:10B4300080B588B000AF3B1DFB61FB690E4A1A6006
:10B44000FB6909225A60FA690C490D4807F015F9A1
:10B45000B861BB69092B05D140F2351109480BF0E1
:10B46000DBFD04E00922002103480BF0A6FF00BF2A
:10B470002037BD4680BD00BF0465032070D502089B
:10B4800034750320B0D5020880B592B000AF3B46BA
:10B490004022002118460BF090FF3B464021184601
:10B4A000FFF704FF034687F8473097F84730002B33
:10B4B00016D0E7F7BBFE03460B4AA2FB03239B090A
:10B4C0003B643A463B6C0949002003F07BFD3A4659
:10B4D0003B6C40F2491106480BF09EFDFFF73CFF24
:10B4E00000BF4837BD4680BDD34D6210E0D502088D
:10B4F000F0D5020880B58CB000AF07F11403FB62F1
:10B5000011220021AB480BF058FFFB6AA94A1A60D0
:10B51000FB6A11225A60FA6AA749A84807F0ADF8F9
:10B52000B862BB6A112B40F06381A24B1B7C012BDC
:10B5300040F05E819F4B1B781A069E4B5B781B0484
:10B540001A439C4B9B781B0213439A4AD2781343AD
:10B550001A06984B1B781906964B5B781B04194307
:10B56000944B9B781B020B439249C9780B431B02F7
:10B5700003F47F031A438F4B1B7819068D4B5B78BE
:10B580001B0419438B4B9B781B020B438949C978D9
:10B590000B431B0A03F47F431A43864B1B7819069F
:10B5A000844B5B781B041943824B9B781B020B4333
:10B5B0008049C9780B431B0E13433B617D4B1B79BC
:10B5C0001A067C4B5B791B041A437A4B9B791B024E
:10B5D0001343784AD27913431A06764B1B7919061E
:10B5E000744B5B791B041943724B9B791B020B4311
:10B5F0007049C9790B431B0203F47F031A436D4B57
:10B600001B7919066B4B5B791B041943694B9B79BA
:10B610001B020B436749C9790B431B0A03F47F43A1
:10B620001A43644B1B791906624B5B791B0419435F
:10B63000604B9B791B020B435E49C9790B431B0E80
:10B640001343FB605B4B1B7A1A065A4B5B7A1B0455
:10B650001A43584B9B7A1B021343564AD27A134320
:10B660001A06544B1B7A1906524B5B7A1B0419437A
:10B67000504B9B7A1B020B434E49C97A0B431B026A
:10B6800003F47F031A434B4B1B7A1906494B5B7A31
:10B690001B041943474B9B7A1B020B434549C97A4C
:10B6A0000B431B0A03F47F431A43424B1B7A1906D0
:10B6B000404B5B7A1B0419433E4B9B7A1B020B43A6
:10B6C0003C49C97A0B431B0E1343BB60394B1B7BB0
:10B6D0001A06384B5B7B1B041A43364B9B7B1B02C1
:10B6E0001343344AD27B13431A06324B1B7B190691
:10B6F000304B5B7B1B0419432E4B9B7B1B020B4384
:10B700002C49C97B0B431B0203F47F031A43294BCB
:10B710001B7B1906274B5B7B1B041943254B9B7B2B
:10B720001B020B432349C97B0B431B0A03F47F43D2
:10B730001A43204B1B7B19061E4B5B7B1B041943D2
:10B740001C4B9B7B1B020B431A49C97B0B431B0EF3
:10B7500013437B6007F1080307F10C0207F11001A6
:10B760001748EFF709F9174A00211548EFF736F99E
:10B77000002215491248EFF731F900221349104809
:10B78000EFF72CF90E4B93F8313043F00203DAB2A5
:10B790000B4B83F831200E4A7B6813600D4B01225E
:10B7A0001A7040F279110C480BF036FC0B4B1B78E9
:10B7B000002B15E04C6D03202CD6020834750320B5
:10B7C00000790220E93B0108EDBD000815BD000825
:10B7D000486D03202C6D032034D60208366D0320FB
:10B7E00026D11648FFF7CCFC154B01221A701FE03A
:10B7F000144A00211448EFF7F1F8144B00221A7094
:10B800004FF4C27112480BF007FC124B3B600C4B1B
:10B810001B78002B0DD13B461846FFF7B1FC084BB7
:10B8200001221A7040F28B110B480BF0F5FB00E07F
:10B8300000BF00BF3037BD4680BD00BF486D03204C
:10B84000366D0320813A0108007902202C6D032017
:10B850007CD60208C0A8000AB8D6020880B586B017
:10B8600000AF0C4B01221A743B467B617B69094A8D
:10B870001A607B6911225A607A690749074807F004
:10B8800044FE40F29D1106480BF0C6FB00BF18377E
:10B89000BD4680BD4C6D03202CD6020834750320B4
:10B8A000DCD6020880B500AF0D4B1B78DBB2002B55
:10B8B00005D14FF4D3710B480BF0AEFB0FE00A49F2
:10B8C0004FF000024FF00003C1E90023FBF75AFBE1
:10B8D0000346002B01D0FBF723FBFBF7CDFA80BD1D
:10B8E0002C6D032024D70208386D0320F0B591B0E9
:10B8F00006AFC7E902017A607B807B68002B02D02B
:10B900007B88152B06D87B68002B48D07B680022EB
:10B910001A7044E0D7E902014FF47A724FF0000345
:10B92000E4F74AFE02460B46C7E90823D7E90201BD
:10B930004FF47A724FF00003E4F73EFE1346FB61CA
:10B94000D7E90823C7E9042307F1100318460BF0D1
:10B950006FFDB861BB69002B03D17B6800221A70B0
:10B960001EE07E88BB695B6903F26C7CBB691B6966
:10B970000133BA69D268B9698968B8694068BC6935
:10B980002468FD6905950494039002910192009347
:10B990006346054A314678680BF0B6FB00E000BF0D
:10B9A0002C37BD46F0BD00BF50D7020880B500AFB0
:10B9B000154B1B68002B24D0134B1B684FF0FF3135
:10B9C0001846EBF790FB114B1B68002B13D00F4B65
:10B9D0001B68002200211846F7F7D8FE0B4B1B68A6
:10B9E0001846F7F7F3FE094B00221A6040F2D9110E
:10B9F00007480BF011FB044B1B681846EBF73CFBA8
:10BA000000E000BF80BD00BF04750320206D03204F
:10BA100074D7020880B582B000AFFFF7C7FF3E4B76
:10BA20001B684FF0FF311846EBF75DFB3B4B93F87B
:10BA3000313043F00203DAB2384B83F83120F7F7A4
:10BA400007FF78607B68002B0CD14FF4F571344808
:10BA50000BF0E2FA304B1B681846EBF70DFB4FF08A
:10BA6000FF3355E04CF250322E497868F7F706FE66
:10BA70000346FB7097F90330002B12D097F903307F
:10BA80001A464FF4F97128480BF0C6FA7868F7F7B0
:10BA90009DFE214B1B681846EBF7EEFA4FF0FF3383
:10BAA00036E07B685B7A43F02003DAB27B685A7237
:10BAB0001A4B93F8313043F00203DAB2174B83F894
:10BAC0003120002219497868F7F760FE184A7B6830
:10BAD00013607B685B8A1A464FF4FF7115480BF0C0
:10BAE0009BFA7B685B7A03F02003002B01D0124A9B
:10BAF00000E0124A094B93F8313040F2FF11104830
:10BB00000BF08AFA044B1B681846EBF7B5FA0023D2
:10BB100018460837BD4680BD047503200079022011
:10BB200098D7020888FA0208C8D70208F5D0010899
:10BB3000206D0320ECD7020818D802081CD8020890
:10BB400020D8020880B5ADF5C06D00AF07F5C06321
:10BB5000A3F2FC53186007F5C063A3F2F45300226C
:10BB60001A607B4A07F5C063A3F5BE6312681A60CA
:10BB700007F5C063A3F5BE631B68002B17D007F55C
:10BB8000C063A3F2F45307F5C062A2F5BE62126867
:10BB90001A6000BFFFF702FB40F21E216D480BF058
:10BBA0003BFAFFF737FF0346002B21D109E040F2B3
:10BBB0001A2169480BF030FA4FF47A70EDF743FF21
:10BBC000CFE740F6B830EDF73EFF644B1B684FF00F
:10BBD000FF311846EBF787FA614B1B6800211846C6
:10BBE00000F088F95D4B1B681846EBF745FA04E056
:10BBF00040F22A215B480BF00FFA5B4B1B6807F100
:10BC0000140164221846EBF763FD0346012B24D18F
:10BC1000534B1B68002B05D140F2462153480BF0D3
:10BC2000FBF994E04D4B1B684FF0FF311846EBF7E2
:10BC30005AFA07F5C063A3F2EC53B3F8E42507F111
:10BC4000140303F5BC6107F11403184600F0B8FBB8
:10BC5000424B1B681846EBF70FFA3D4A07F5C063E5
:10BC6000A3F5BF6312681A6007F5C063A3F5BF634D
:10BC70001A6807F5C063A3F2F4531B689A4214BF15
:10BC800001230023DBB287F8FE3507F5C063A3F577
:10BC9000BF631B68002B14BF01230023DBB287F8AE
:10BCA000FD35002387F8FF3597F8FE35002B13D0BC
:10BCB00040F256212E480BF0AFF9012387F8FF35EB
:10BCC00007F5C063A3F2F45307F5C062A2F5BF62A3
:10BCD00012681A60FFF762FA97F8FD35002B06D15B
:10BCE000FFF764FE4FF47A70EDF7ADFE2FE097F8A2
:10BCF000FF35002B81D0FFF759FE4FF44870EDF768
:10BD0000A2FEFFF787FE0346002B16D140F6B8309F
:10BD1000EDF799FE114B1B684FF0FF311846EBF71A
:10BD2000E2F90F4B1B680021184600F0E3F80B4BBB
:10BD30001B681846EBF7A0F95FE740F272210D4847
:10BD40000BF06AF94FF4FA60EDF77DFE00BF54E79F
:10BD50000479022078D8020850D80208047503201C
:10BD6000206D0320A8D8020828750320D8D802081F
:10BD70000CD902083CD9020880B58CB000AFC7E9E5
:10BD800002017A603B603B68002B58D03B68012B76
:10BD900003D17B6800221A7052E00023FB62D7E9CE
:10BDA0000223134308D1FB6A5A1CFA621A467B68C5
:10BDB000134430221A703CE00023BB621DE0D7E937
:10BDC00002014FF00A024FF00003E4F7F5FBD2B294
:10BDD000BB6A591CB9623032D2B230333B4403F8EB
:10BDE000202CD7E902014FF00A024FF00003E4F7DC
:10BDF000E3FB02460B46C7E90223D7E902231343BC
:10BE0000DDD10EE0BB6A013BBB62FB6A5A1CFA62E1
:10BE10001A467B68134407F11001BA6A0A44127883
:10BE20001A70BB6A002B04DD3B68013BFA6A9A4238
:10BE3000E8DBFB6A7A68134400221A7000E000BF56
:10BE40003037BD4680BD80B58CB000AFC7E9020178
:10BE50007A600023FB62D7E90223134308D1FB6A0F
:10BE60005A1CFA621A467B68134430221A7037E073
:10BE70000023BB621DE0D7E902014FF00A024FF038
:10BE80000003E4F799FBD2B2BB6A591CB9623032A5
:10BE9000D2B230333B4403F8202CD7E902014FF0F3
:10BEA0000A024FF00003E4F787FB02460B46C7E99E
:10BEB0000223D7E902231343DDD10EE0BB6A013B25
:10BEC000BB62FB6A5A1CFA621A467B68134407F18C
:10BED0001001BA6A0A4412781A70BB6A002BEDDCB2
:10BEE000FB6A7A68134400221A7000BF3037BD46DF
:10BEF00080BD0000F0B5EDB00AAF07F5C473A3F53F
:10BF0000C27318600A4607F5C473A3F5C3731A8099
:10BF1000454B1B684FF0FF311846EBF7E4F807F587
:10BF2000C473A3F5C2731B68002B05D13E4B1B687D
:10BF30001846EBF7A1F806E23C4B93F8313003F0DA
:10BF40000103002B0AD140F2BB2139480BF064F801
:10BF5000354B1B681846EBF78FF8F4E1334B93F839
:10BF6000313043F00203DAB2304B83F831200AF06B
:10BF700023F8C7F87C01FEF717FBC7E95C0107F55A
:10BF80009E732022002118460BF017FA294BC7F8A0
:10BF90006C31D7F86C311B781E46D7F86C31013301
:10BFA0001B781A46D7F86C3102331B781946D7F83C
:10BFB0006C3103331B781C46D7F86C3104331B7883
:10BFC0001D46D7F86C3105331B7807F59E70049336
:10BFD00003950294019100923346174A20210BF0F9
:10BFE00093F84FF40072002114480BF0E6F907F5BE
:10BFF000927300221A605A609A60DA601A611A75A8
:10C0000007F592731A46D7E95C01FFF71CFF0C4B4A
:10C010001B78DBB2002B17D00A4BC7F88431012301
:10C02000C7F8803116E000BF0475032000790220B4
:10C0300070D902082A790220A8D9020804590320DD
:10C040002C6D0320C8D90208C14BC7F884310023E6
:10C05000C7F88031BF4B01221A60BF48F9F7E2FCF4
:10C0600007F5C473A3F5C3731B88BA4A1268BB49AA
:10C07000089107F592710791B949069105920493C9
:10C08000B84B039307F59E730293D7F8843101935D
:10C09000B54B00930346B54A40F2FF11B4480BF08C
:10C0A00033F807F582732022002118460BF085F93A
:10C0B00007F118032022AF491846FEF71CFFAC48D1
:10C0C000E4F752FC024607F11803A9491846FEF7A7
:10C0D00095FF07F5827207F1180311461846FEF71F
:10C0E0009EFF07F5C473A3F5BE7300221A605A6061
:10C0F0001A7297F804311C4697F8053197F8062113
:10C1000097F8071107F10C00029101920093234662
:10C11000994A09210AF0F8FF904809F035FF0346D3
:10C120001A469649D7F87C0109F0D2FE07F59E73AE
:10C13000184609F029FF03461A469149D7F87C01B1
:10C1400009F0C6FE864809F01FFF03461A468D49CE
:10C15000D7F87C0109F0BCFE824809F015FF0346C0
:10C160001A468949D7F87C0109F0B2FE7E4809F0E9
:10C170000BFF03461A468549D7F87C0109F0A8FE53
:10C180007548F9F74FFC0346184609F0FDFE0346D3
:10C190001A467F49D7F87C0109F09AFED7F880014A
:10C1A00009F0BAFE03461A467A49D7F87C0109F02D
:10C1B0008FFE07F5C473A3F5C3731B8807EE903A8F
:10C1C000B8EE677BB0EE470B09F0BEFE03461A4699
:10C1D0007149D7F87C0109F07BFED7E95C01E4F7EF
:10C1E000B5F902460B4643EC102B09F0ADFE0346B1
:10C1F0001A466A49D7F87C0109F06AFE554B1B685C
:10C2000007EE903AB8EE677BB0EE470B09F09CFE64
:10C2100003461A466249D7F87C0109F059FE07F136
:10C220000C03184609F0B0FE03461A465D49D7F8DC
:10C230007C0109F04DFED7F87C0108F0F3FEC7F849
:10C240006801D7F86831002B74D0D7F8682140F224
:10C25000033155480AF0E0FED7F86801E4F784FBA3
:10C260000346A7F86631B7F866310133A7F86431A1
:10C27000B7F864314FF4C17219463620EFF71AFF50
:10C28000C7F86001B7F86431B3F5B86F12D940F25E
:10C29000093146480AF0C0FED7F8680107F0BAFE37
:10C2A000D7F87C0107F09AFF414B1B681846EAF764
:10C2B000E3FE48E0D7F86031002B2DD0D7F860318D
:10C2C0005B68B7F86621D7F8681118460BF0ABFF2A
:10C2D000D7F860315A68B7F8663113440A221A70E9
:10C2E00007F5C473A3F5C2704CF25033314AD7F846
:10C2F00060110068F7F70CF8034687F85F3197F98B
:10C300005F311A4640F217312B480AF085FED7F804
:10C310006001F0F7B3F904E040F21D3127480AF05C
:10C320007BFED7F8680107F075FE0A4B1B680133E6
:10C33000084A1360D7F87C0107F050FF1C4B1B68BC
:10C340001846EAF799FE07F5C677BD46F0BD00BF6F
:10C35000D0D90208380000200479022058DA0208F7
:10C36000606D032068DA020878DA0208D8D902087A
:10C370000459032080DA0208A4DA0208B8DA0208B5
:10C38000C0DA0208C4DA0208C8DA0208D0DA020801
:10C39000E0DA0208E8DA0208F4DA0208FCDA020855
:10C3A00000DB020804DB02080CDB02082CDB0208BD
:10C3B000047503208CFA020854DB020884DB0208AF
:10C3C0002DE9F04FADF52B7D0AAF07F52073A3F5EE
:10C3D0001973186007F52073A3F51A73196007F530
:10C3E0002073A3F26A231A8007F52073A3F519734B
:10C3F0001A6840F22B31BB480AF00EFE07F5207395
:10C40000A3F51973186808F0FFFDC7F87C02D7F888
:10C410007C32002B00F05B86B349D7F87C0209F030
:10C4200003FDC7F87802D7F87832002B05D1D7F88A
:10C430007C0207F0D3FE00F04BBED7F878321B69C0
:10C44000AA491846E4F786FA0346002B40F03C83DD
:10C45000A749D7F87C0209F0E7FCC7F83802A549DC
:10C46000D7F87C0209F0E0FCC7F83402A249D7F8FB
:10C470007C0209F0D9FCC7F83002A049D7F87C0249
:10C4800009F0D2FCC7F82C029D49D7F87C0209F0CC
:10C49000CBFCC7F82802D7F83832002B00F005860D
:10C4A000D7F83832DB68042B40F0FF85D7F83432F8
:10C4B000002B00F0FC85D7F83432DB68042B40F009
:10C4C000F685D7F83032002B00F0F385D7F83032FC
:10C4D000DB68032B40F0ED85D7F82C32002B00F001
:10C4E000EA85D7F82C32DB68032B40F0E485D7F8D7
:10C4F0002832002B00F0E185D7F82832DB68042BC6
:10C5000040F0DB85D7F838321B697E491846E4F7DE
:10C5100021FA0346002B40F0D285FEF745F8C7E923
:10C520008801D7E98845D7F83032D3E90623104689
:10C530001946E4F759F802460B46A11AB96065EBB3
:10C540000303FB60D7E90223002B07DA00215042E6
:10C55000386061EB03037B60D7E90023C7E98623DA
:10C56000D7E986233D2A73F1000304DB4FF45371AE
:10C5700065480AF051FDD7F82C3293ED067BFCEEAE
:10C58000C77B17EE903AC7F81432604B1B68D7F898
:10C5900014229A4204D140F252315D480AF03CFD27
:10C5A0005A4AD7F8143213604FF4007200215948E8
:10C5B0000AF003FF07F52073A3F5CC7300221A607D
:10C5C0005A609A60DA601A611A75D7F83032D3E986
:10C5D000062310461946E4F71FF802460B46C7E942
:10C5E000822307F1E8031A46D7E98201FFF72BFC03
:10C5F000D7F838321969D7F834321B693B4A0392AD
:10C6000007F1E8020292D7F81422019200930B4638
:10C61000414A40F2FF113F480AF076FD07F52073CA
:10C62000A3F51773184620231A4600210AF0C5FE09
:10C6300007F58073202239491846FEF75CFC35481F
:10C64000E4F792F9024607F5807332491846FEF77F
:10C65000D5FC07F1240207F5807311461846FEF752
:10C66000DEFC07F52073A3F5D27300221A605A602E
:10C670001A7207F52073A3F517731B781C4607F58C
:10C680002073A3F517735B781A4607F52073A3F59B
:10C6900017739B78194607F52073A3F51773DB789A
:10C6A00007F1DC0002930191009223461C4A092104
:10C6B0000AF02AFDD7F828321B6907F1DC0211467F
:10C6C0001846E4F747F90346002B2DD0D7F8283257
:10C6D0001B6907F1DC024FF45D7112480AF09CFC03
:10C6E00000F0F0BCB0DB0208B8DA0208D0DB0208C8
:10C6F000E4DB0208ECDB0208FCDA020800DB0208DB
:10C7000004DB0208F8DB020804DC0208246D0320C5
:10C710002CDC02080455032060DC020880DA0208E1
:10C72000A4DA0208A4DC020809F046FCC7F80402F7
:10C73000CA4BC7F80032D7F800321B781E46D7F82C
:10C74000003201331B781A46D7F8003202331B78C7
:10C750001946D7F8003203331B781C46D7F800324D
:10C7600004331B781D46D7F8003205331B7807F1D8
:10C770004400049303950294019100923346B84A11
:10C7800020210AF0C1FCB74809F0FEFB03461A4617
:10C79000B549D7F8040209F09BFB07F1440318469A
:10C7A00009F0F2FB03461A46B049D7F8040209F033
:10C7B0008FFBAF4809F0E8FB03461A46AD49D7F8AE
:10C7C000040209F085FBAC4809F0DEFB03461A467B
:10C7D000AA49D7F8040209F07BFBA94809F0D4FB69
:10C7E00003461A46A749D7F8040209F071FBA64888
:10C7F000F9F718F90346184609F0C6FB03461A462E
:10C80000A249D7F8040209F063FBFDF7CDFEC7E9A2
:10C810007E01D7E97E01E3F799FE02460B4643EC21
:10C82000102B09F091FB03461A469949D7F80402E8
:10C8300009F04EFB974B1B6807EE903AB8EE677B0A
:10C84000B0EE470B09F080FB03461A469249D7F831
:10C85000040209F03DFB4FF4007200218F480AF0FA
:10C86000ACFD07F52073A3F5DE7300221A605A6051
:10C870009A60DA601A611A7507F1C4031A46D7E99B
:10C880007E01FFF7E0FA8048F9F7CCF80146814BCA
:10C890001B68744A069207F1C4020592744A049216
:10C8A0000393754B029307F144030193744B009378
:10C8B0000B467B4A40F2FF1178480AF025FC07F549
:10C8C0002073A3F50773184620231A4600210AF0A7
:10C8D00074FD07F58073202272491846FEF70BFBA2
:10C8E0006E48E4F741F8024607F580736B49184635
:10C8F000FEF784FB07F1640207F5807311461846C2
:10C90000FEF78DFB07F52073A3F5E47300221A6090
:10C910005A601A7207F52073A3F507731B781C463B
:10C9200007F52073A3F507735B781A4607F52073A4
:10C93000A3F507739B78194607F52073A3F50773D2
:10C94000DB7807F1B8000293019100922346564A22
:10C9500009210AF0D9FB07F1B8031A464FF46A71AE
:10C9600052480AF059FB07F1B803184609F00CFBCE
:10C9700003461A464E49D7F8040209F0A9FAD7F837
:10C98000040208F04FFBC7F8F401D7F8F431002B8C
:10C990005FD0D7F8F42140F2AF3146480AF03CFBB3
:10C9A000D7F8F401E3F7E0FF0346A7F8F231B7F850
:10C9B000F2310133A7F8F0313F4B1B684FF0FF31E4
:10C9C0001846EAF790FBB7F8F0314FF4C1721946F8
:10C9D0003620EFF76FFBC7F8EC01D7F8EC31002BEE
:10C9E00029D0D7F8EC315B68B7F8F221D7F8F41109
:10C9F00018460BF018FCD7F8EC315A68B7F8F2314A
:10CA000013440A221A702D4B18684CF250332C4AEA
:10CA1000D7F8EC11F6F77CFC034687F8EB3197F971
:10CA2000EB311A4640F2BB3126480AF0F5FAD7F846
:10CA3000EC01EFF723FE204B1B681846EAF71CFBBE
:10CA4000D7F8F40107F0E6FA124B1B680133114ADC
:10CA50001360D7F8040207F0C1FB33E32A79022000
:10CA6000A8D90208E0DC0208B8DA0208C0DA020835
:10CA7000606D0320C4DA020868DA0208C8DA020826
:10CA800078DA0208D0DA020804790220E0DA020833
:10CA9000FCDA02083800002000DB020804570320FB
:10CAA000F4DC020880DA0208A4DA020858DD020881
:10CAB00004DB02080CDB020804750320206D032050
:10CAC0008CFA020888DD0208D7F878321B696549BC
:10CAD0001846E3F73FFF0346002B40F0F28262491D
:10CAE000D7F87C0209F0A0F9C7F874025F49D7F8BB
:10CAF0007C0209F099F9C7F870025D49D7F87C0209
:10CB000009F092F9C7F86C025A49D7F87C0209F08B
:10CB10008BF9C7F868025849D7F87C0209F084F904
:10CB2000C7F864025549D7F87C0209F07DF9C7F8C7
:10CB300060025349D7F87C0209F076F9C7F85C0225
:10CB40005049D7F87C0209F06FF9C7F858024E49EE
:10CB5000D7F87C0209F068F9C7F854024B49D7F8B6
:10CB60007C0209F061F9C7F85002D7F87432002B43
:10CB700023D0D7F87032002B1FD0D7F86C32002B9F
:10CB80001BD0D7F86832002B17D0D7F86432002BAF
:10CB900013D0D7F86032002B0FD0D7F85C32002BBF
:10CBA0000BD0D7F85832002B07D0D7F85432002BCF
:10CBB00003D0D7F85032002B05D140F2D63134489B
:10CBC0000AF02AFA7EE207F52073A3F50F731846E0
:10CBD00020231A4600210AF0F0FB2E4B93F82A304E
:10CBE0001E462C4B93F82B301A462A4B93F82C30C8
:10CBF0001946284B93F82D301C46264B93F82E30BF
:10CC00001D46244B93F82F3007F1440004930395FD
:10CC100002940191009233461F4A20210AF074FACF
:10CC2000D7F874321B6907F1440211461846E3F73E
:10CC300091FE0346002B05D040F2E13117480AF07F
:10CC4000EBF93FE2D7F870321B6915491846E3F754
:10CC500081FE0346002B27D040F2E73111480AF04D
:10CC6000DBF92FE2A8DD0208B4DD0208C0DD02080E
:10CC7000CCDD0208D0DD0208D8DD0208E0DD0208C4
:10CC8000E8DD0208FCDA020800DB020804DB020827
:10CC9000F4DD020800790220A8D9020820DE02088B
:10CCA000606D032050DE0208FDF77EFCC7E99201AB
:10CCB000D7E99245D7F85832D3E9062310461946EA
:10CCC000E3F792FC02460B46B4EB020A65EB030B5A
:10CCD00052465B46002B06DA0021D2F1000861EBD8
:10CCE000030942464B46C7E99023D7E990233D2AE2
:10CCF00073F1000304DB40F2EF31B5480AF08CF920
:10CD0000D7F8543293ED067BFCEEC77B17EE903AD2
:10CD1000C7F83C32AF4B1B68D7F83C229A4204D18B
:10CD200040F2F631AC480AF077F9AA4AD7F83C321B
:10CD300013604FF400720021A8480AF03EFB07F58B
:10CD40002073A3F5F07300221A605A609A60DA60CB
:10CD50001A611A75D7F85832D3E9062310461946D6
:10CD6000E3F75AFC07F1A0031A46FFF76CF8D7F86F
:10CD700064321B69BB60D7F860321B69D7F85C224C
:10CD80001269D7F86C120969D7F868020069D7F8F8
:10CD900074422469D7F870522D69914E089607F1B4
:10CDA000A006079606950594D7F83C420494039094
:10CDB000029101920093BB688A4A40F2FF118748B2
:10CDC0000AF0A2F907F52073A3F50773184620238C
:10CDD0001A4600210AF0F1FA07F5807320228249F1
:10CDE0001846FEF788F87D48E3F7BEFD024607F5D2
:10CDF00080737A491846FEF701F907F1640207F5D6
:10CE0000807311461846FEF70AF907F52073A3F55B
:10CE1000F67300221A605A601A7207F52073A3F5A0
:10CE200007731B781C4607F52073A3F507735B781F
:10CE30001A4607F52073A3F507739B78194607F583
:10CE40002073A3F50773DB7807F194000293019137
:10CE500000922346654A09210AF056F9D7F8503264
:10CE60001B6907F1940211461846E3F773FD034668
:10CE7000002B0AD0D7F850321B6907F1940240F218
:10CE80001D415B480AF0C8F81CE1D7F86C321B69F9
:10CE900007F1900211461846F8F79AFCD7F8683265
:10CEA0001B6907F18C0211461846F8F791FCD7F878
:10CEB00064321B6907F1880211461846F8F788FCAE
:10CEC000D7F860321B6907F1840211461846F8F75B
:10CED0007FFC4848F9F72AFD07F1900319464648B8
:10CEE000EEF706FE07F18C0319464348EEF748FEBD
:10CEF00007F1880319464048EEF78AFE3F4A07F5D6
:10CF00002073A3F5FE731B6813603D4B01221A705A
:10CF100007F52073A3F5F8731B683A4A136007F509
:10CF20002073A3F5FA731B68364A536007F5207324
:10CF3000A3F5FC731B68334A936007F52073A3F5D0
:10CF4000FE731B682F4AD360FEF788FC2A48F6F769
:10CF50004BFE2948EEF74AFF2748EEF7DBFE25484F
:10CF6000F9F7F3FC244B93F8313043F00203DAB2C3
:10CF7000214B83F83120244B1B68002B11D040F249
:10CF80003E4122480AF048F8214B01221A70E6F788
:10CF90004DF902461F4B13441F4A13601F4B0122D9
:10CFA0001A7040F244411E480AF036F8FEF7F6F8CF
:10CFB0004FF49670ECF747FD1A4B1B78002B33D1DA
:10CFC0000E48FEF7DDF8174B01221A703BE000BF58
:10CFD00004DC0208246D03202CDC02080455032025
:10CFE000A8DD020878DE020880DA0208A4DA020866
:10CFF000A4DC0208089F012000790220486D03206C
:10D000002C6D03204C6D03201C6D032004DF0208EF
:10D010005D6D032078ECFFFF306D0320346D03203D
:10D0200034DF0208366D0320F9F77AFF2B48FEF74C
:10D03000A7F82A48F8F7F6FC03461A4640F2514191
:10D04000274809F0E9FF274B1B68002B27D0FEF784
:10D05000ADFC4FF4FA70ECF7F6FCFEF7DBFC034690
:10D06000002B16D140F6B830ECF7EDFC1D4B1B68D9
:10D070004FF0FF311846EAF736F81B4B1B680221C8
:10D080001846FEF737FF174B1B681846E9F7F4FF01
:10D0900018E040F26141154809F0BEFF12E040F28D
:10D0A0006641134809F0B8FF0CE000BF0AE000BF7A
:10D0B00008E000BF06E000BF04E000BF02E000BFE0
:10D0C00000E000BFD7F87C0207F088F800E000BF5E
:10D0D00007F52177BD46BDE8F08F00BF486D0320FE
:10D0E00074DF020804750320206D0320A4DF02080A
:10D0F000D8DF020890B5ADF20C6D00AF07F5C16442
:10D10000A4F2FC54206007F5C160A0F5C060016086
:10D1100007F5C161A1F204610A6007F5C162A2F5D9
:10D12000C162136007F5C163A3F204631B68002B9F
:10D130006ED03A4B1B68002B07D107F5C163A3F2F1
:10D1400004631868EFF79AFA63E007F5C163A3F286
:10D1500004631B681B89A7F80636B7F8063640F249
:10D16000DB52934228BF1346A7F80436B7F80426CB
:10D1700007F1140107F5C163A3F2046000230068FE
:10D18000EFF782FCB7F8043607F5C162A2F2F45259
:10D190000021D15407F5C163A3F2F453B7F8042674
:10D1A000A3F8DC2507F5C163A3F5C1631B68C7F8C5
:10D1B000003607F5C163A3F2F453D7F800261268CE
:10D1C000C3F8E02507F5C163A3F2F453B7F81826B6
:10D1D000A3F8E425114B186807F11401002300227D
:10D1E000EAF730F8C7F8FC05D7F8FC35012B07D073
:10D1F000B7F804361A4640F28B41094809F00CFF93
:10D2000007F5C163A3F204631868EFF737FA00E08B
:10D2100000BF07F20C67BD4690BD00BF2875032014
:10D2200008E0020880B584B000AF3C48F9F77EFB07
:10D230003B4B1B684FF0FF311846E9F754FF03469C
:10D24000012B03D03548F9F780FB64E0354B1B68B0
:10D25000002B2BD0334B1B68BB60324B00221A6073
:10D26000314B00221A70314B00221A70B868EFF768
:10D27000ADFF0346FB7197F90730002B0BD0B86860
:10D28000F0F78EF897F907301A4640F2B741284870
:10D2900009F0C2FE04E040F2BB41264809F0BCFEA2
:10D2A00040F2BE41244809F0B7FE00E000BF234B26
:10D2B00000221A701A4B1B681846E9F7DDFE174862
:10D2C000F9F743FB0023FB600BE03B68002B08D021
:10D2D0003B681846ECF7DAFEFB680133FB6000237D
:10D2E0003B60174B1B68394600221846EAF7F0F9F5
:10D2F0000346012BE9D0FB68002B03D1094B1B68C7
:10D30000002B05D0FA6840F2D5410E4809F084FEA2
:10D310001420EBF74BF81037BD4680BD089F012065
:10D32000087503201C6D0320356D0320406D03201C
:10D330003CE0020874E002089CE002085D6D0320F6
:10D340002C750320C0E0020890B58DB004AF786062
:10D350004FF4FA63FB6141F28833BB61E5F766FF86
:10D360000346834A1360834B1B78DBB2002B0FD03C
:10D37000FFF758FFE5F75AFF03467D4A1360E5F7CC
:10D3800055FF03467C4A13606420ECF75CFBEEE03B
:10D390007A4B1B78DBB2002B11D1794B00221A603B
:10D3A000754B00221A60E5F741FF0346704A13608F
:10D3B000FFF738FF4FF4FA70ECF745FBD7E0714BFD
:10D3C0001B68002B36D0704B1B78DBB2012B31D1A0
:10D3D0006A4B1B78DBB2012B2CD1E5F727FF786174
:10D3E000634B1B687A69D31A44F61F62934221D9B2
:10D3F0005F4A7B691360654B1B78DBB2012B08D950
:10D4000040F20C51624809F007FE5A4B01221A7093
:10D41000ADE05E4B1B78DBB20133DAB25B4B1A70C6
:10D420005A4B1B78DBB21A46022340F2145159487A
:10D4300009F0F2FD534B1B68002B40F09580504BD8
:10D440001B68002B09D1E5F7F1FE03464C4A136037
:10D45000E5F7ECFE0346484A1360E5F7E7FE38615E
:10D46000474B1B683A69D31AFA699A420BD8424B68
:10D470001B683A69D31ABA699A4208D9464B1B7895
:10D48000DBB2002B03D16420ECF7DDFA6FE0424BF6
:10D4900000221A704148F9F749FA3A4B1B68002BF1
:10D4A00003D03E48F9F751FA61E0F0F7ADFFF860BC
:10D4B000FB68002B47D0FB68394AC3F89020394BF2
:10D4C0001B781846384B1B781C46384B1B781A467D
:10D4D000374B1B7819464CF25A3302930191009254
:10D4E000234602464FF4A861324809F095FD324BBD
:10D4F0004CF25A322B49F868F0F74EF80346FB72AB
:10D5000097F90B30002B17D0F868EFF749FF00238D
:10D51000FB601D4B00221A70194B00221A60E5F7C0
:10D5200085FE0346144A13601C48F9F70EFA40F2D0
:10D53000DC50ECF788FA17E0124AFB6813601748D2
:10D54000F9F703FA10E040F25A511C4809F064FD63
:10D55000E5F76CFE0346084A13601048F9F7F5F941
:10D560004FF4FA60ECF76FFA0A20ECF76CFAFAE67F
:10D57000446D03205D6D0320306D03202C6D03206E
:10D58000946D03201C6D0320356D0320406D032036
:10D59000ECE002082CE10208346D0320089F012012
:10D5A000C1D50108486D0320496D03204A6D032051
:10D5B0004B6D032058E1020809D6010898E10208E2
:10D5C00080B582B000AF78600B46FB700A4B012239
:10D5D0001A700A4B00221A60094B00221A7097F940
:10D5E00003301A4640F27151064809F015FD00BF9C
:10D5F0000837BD4680BD00BF5D6D03201C6D032054
:10D60000356D0320C8E1020880B584B000AFF86032
:10D61000B9601346FB7197F90730002B33D0364BB6
:10D620001B680A211846E9F75EFD0346012B1FD14E
:10D63000BB68002B17D0314B1B68BA689A4212D1D5
:10D640002E4B00221A602E4B00221A702D4B002206
:10D650001A70E5F7EBFD03462B4A1360E5F7E6FD8C
:10D6600003462A4A1360244B1B681846E9F704FD59
:10D67000274B01221A7040F28A51264809F0CCFC4F
:10D6800097F9073033E01D4ABB6813601C4B012239
:10D690001A701C4B00221A70E5F7C8FD03461A4A9F
:10D6A000136040F294511C4809F0B6FCBB685B8BD8
:10D6B00043F040039AB2BB685A831849B868F0F740
:10D6C000ABFE01F007F8164B1B78002B02D1154B6F
:10D6D00001221A70134B1B78012B07D1FDF7D4FEE2
:10D6E000104B00221A700E4B01221A7000231846AC
:10D6F0001037BD4680BD00BF087503201C6D032098
:10D70000356D0320406D0320446D0320306D0320F0
:10D710005D6D0320F8E1020828E2020829D701081C
:10D72000916D0320906D032080B586B000AFF86046
:10D73000B9607A60FB7097F90330002B02D17B68E7
:10D74000002B0BD1184B01221A70184B00221A60C3
:10D75000174B00221A706FF00E0321E04FF40062A5
:10D760000021144809F029FE7B681B8940F2FF72F2
:10D77000934228BF1346FB82FA8A00230D4978683A
:10D78000EFF782F90B49B86800F0D8F87B681B897D
:10D790001946B868EFF76AFE7868EEF76FFF002366
:10D7A00018461837BD4680BD5D6D03201C6D0320F3
:10D7B000356D03201C65032080B586B000AF78600E
:10D7C00039607B681B687B613B681B683B617B69D8
:10D7D000002B02D07B691B6A00E00023FB603B69E1
:10D7E000002B02D03B691B6A00E00023BB60FA6893
:10D7F000BB689A4201D100230FE0FB68002B02D1E5
:10D800004FF0FF3309E0BB68002B01D1012304E096
:10D81000B968F868E3F79EF8034618461837BD461E
:10D8200080BD000080B588B000AF78607B68002BB9
:10D830007AD07B68DB68062B76D17B689B68FB61BE
:10D840000023BB610CE0BB690133BB61FB69DB6892
:10D85000062B02D1F869FFF7E5FFFB691B68FB6146
:10D86000FB69002BEFD1BB69012B5FD9BB699B0022
:10D870001846ECF739FBF860FB68002B58D07B6842
:10D880009B68FB6100237B610BE07B699B00FA686E
:10D890001344FA691A60FB691B68FB617B690133F9
:10D8A0007B617A69BB699A42EFD3234B0422B96941
:10D8B000F86809F0A6F9FB681A687B689A60FB684B
:10D8C0001B6800225A6000233B611AE03B69013368
:10D8D0009B00FA681A443B699B00F9680B441B687B
:10D8E00012681A603B699B00FA681A443B6901336D
:10D8F0009B00F9680B441B6812685A603B6901334E
:10D900003B61BB69013B3A699A42DFD3BA696FF068
:10D91000404313449B00FA6813441B6800221A60BA
:10D92000F868ECF7B3FB04E000BF02E000BF00E0E2
:10D9300000BF2037BD4680BDB9D701082DE9B043EF
:10D94000ADF5147D06AF07F50E73A3F50B731860E4
:10D9500007F50E73A3F50C7319600023C7F8343272
:10D960000023C7F83032002387F81F3207F50E7303
:10D97000A3F5E673184644231A46002109F01DFD5D
:10D98000002387F81E32002387F81D32002387F812
:10D990001C320023C7F82C320023C7F8283200239A
:10D9A00087F82732002387F82632002387F82532AC
:10D9B000002387F82432002387F8233207F50E73FB
:10D9C000A3F50C731A6840F23161B54809F024FBE5
:10D9D00007F50E73A3F50C73186807F015FBC7F86D
:10D9E0001802D7F81832002B00F06B86AD49D7F833
:10D9F000180208F019FAC7F81402AB49D7F8180250
:10DA000008F012FAC7F81002A849D7F8180208F06F
:10DA10000BFAC7F80C02A649D7F8180208F004FA66
:10DA2000C7F80802A349D7F8180208F0FDF9C7F8AB
:10DA30000402D7F81432002B00F0EF85D7F8143227
:10DA4000DB68042B40F0E985D7F81032002B00F09A
:10DA5000E685D7F81032DB68042B40F0E085D7F874
:10DA60000C32002B00F0DD85D7F80C32DB68032B7D
:10DA700040F0D785D7F80832002B00F0D485D7F8CE
:10DA80000832DB68032B40F0CE85D7F80432002B38
:10DA900000F0CB85D7F80432DB68042B40F0C58555
:10DAA000D7F810321B6984491846E2F753FF034642
:10DAB000002B06D040F24361804809F0ADFA00F037
:10DAC000E6BDD7F80C3293ED067BFCEEC77B17EE74
:10DAD000903AC7F80032D7F80832D3E90623104647
:10DAE0001946E2F799FD02460B46C7E97E23FCF78B
:10DAF0005BFDC7E97C01D7E97C01D7E97E23B0EB68
:10DB0000020861EB030942464B46002B05DA00216F
:10DB1000544261EB030522462B46C7E97A23D7E935
:10DB20007A233D2A73F1000304DB40F24E6164481E
:10DB300009F072FA634B1B68D7F800229A4204D1AD
:10DB400040F25461604809F067FA5E4AD7F8003243
:10DB5000136007F50E73A3F5F27300221A605A6082
:10DB60009A60DA601A611A7507F154031A46D7E908
:10DB70007E01FEF768F94FF400620021534809F076
:10DB80001CFCD7F814321B6951491846E2F7E2FE33
:10DB90000346002B35D14F49D7F8180208F044F955
:10DBA000C7F8A401D7F8A431002B04D0D7F8A431CA
:10DBB000DB68032B06D040F26361474809F02CFA7A
:10DBC00000F065BDD7F8A43193ED067BFCEEC77B72
:10DBD000C7ED017A3B7987F81F3297F81F3207F1BA
:10DBE00054020292D7F8002201920093324B3B4A32
:10DBF0004FF40061354809F087FA344BC7F83432E6
:10DC0000A6E3D7F814321B6935491846E2F7A2FE9D
:10DC10000346002B6AD13349D7F8180208F004F9FB
:10DC2000C7F8B001D7F8B031002B00F00085D7F865
:10DC3000B031DB68032B40F0FA84D7F8B031D3E978
:10DC4000062310461946E2F7E7FC02460B46C7E9F1
:10DC50006A2307F50E73A3F50A7300221A605A604F
:10DC60009A60DA601A611A7507F110021523D7E974
:10DC70006A01FEF781F807F15403029307F11003DC
:10DC80000193D7F8003200930B4B174A4FF4006111
:10DC90000E4809F039FA0D4BC7F8343258E300BF8B
:10DCA0004CE20208B8DA02086CE2020800DB020863
:10DCB000FCDA020804DB0208786D032078E202082F
:10DCC00004DC0208286D03202CDC0208045D03201C
:10DCD000A4E20208B4E20208C0E20208F0E202088C
:10DCE0003CE302084CE3020858E30208D7F8143278
:10DCF0001B69A0491846E2F72DFE0346002B40F0B1
:10DD0000BD809D49D7F8180208F08EF8C7F8B80111
:10DD10009A49D7F8180208F087F8C7F8B401D7F87D
:10DD2000B831002B11D0D7F8B831DB68032B0CD1F8
:10DD3000D7F8B83193ED067BFCEEC77B17EE902A3F
:10DD400007F50E73A3F5E6731A60D7F8B431002B0C
:10DD500015D0D7F8B431DB68042B10D1D7F8B43123
:10DD6000196907F16C0304333F22184609F04CFB94
:10DD700007F50E73A3F5E673002283F8432008F03D
:10DD80001BF9C7F83002D7F83032002B00F051846D
:10DD9000D7F8B831002B18D0D7F8B831DB68032B8F
:10DDA00013D107F50E73A3F5E6731B6807EE903ADF
:10DDB000B8EE677BB0EE470B08F0C6F803461A468C
:10DDC0006D49D7F8300208F083F86D4808F0DCF8A8
:10DDD00003461A466B49D7F8300208F079F8D7F8AD
:10DDE000B431002B11D0D7F8B431DB68042B0CD13F
:10DDF00007F16C030433184608F0C6F803461A46C8
:10DE00005E49D7F8300208F063F8D7F8003207EE21
:10DE1000903AB8EE677BB0EE470B08F095F80346F2
:10DE20001A465949D7F8300208F052F8D7E97E016E
:10DE3000E2F78CFB02460B4643EC102B08F084F80B
:10DE400003461A465149D7F8300208F041F84948CC
:10DE500008F09AF803461A464D49D7F8300208F000
:10DE600037F8D7F8300207F0DDF8C7F83402D7F8F2
:10DE70003432002B40F06C8200F009BCD7F8143229
:10DE80001B6944491846E2F765FD0346002B40F044
:10DE90008F804149D7F8180207F0C6FFC7F8C401C0
:10DEA0003E49D7F8180207F0BFFFC7F8C0013C4948
:10DEB000D7F8180207F0B8FFC7F8BC01D7F8C4318B
:10DEC000002B16D0D7F8C431DB68032B11D1D7F85B
:10DED000C031002B0DD0D7F8C031DB68032B08D13F
:10DEE000D7F8BC31002B04D0D7F8BC31DB68032B4A
:10DEF00005D040F2B6612B4809F08EF8C7E3D7F899
:10DF0000C43193ED067BFCEEC77BC7ED017A3B790C
:10DF100087F81E32D7F8C03193ED067BFDEEC77B44
:10DF2000C7ED017A3B7987F81D32D7F8BC3193ED04
:10DF3000067BFCEEC77BC7ED017A3B7987F81C3284
:10DF400097F81C3297F81E2297F91D12049107F1D9
:10DF5000540103910292D7F8002201920093084BDA
:10DF6000114A4FF40061114809F0CEF80F4BC7F881
:10DF70003432EDE1A8E30208B8E30208F4DA02085B
:10DF8000786D03206CE2020800DB0208FCDA02086C
:10DF9000B8DA0208C0E30208D0E30208DCE30208B2
:10DFA000E8E30208F8E3020824E40208045D032021
:10DFB000D7F814321B69B3491846E2F7CBFC034685
:10DFC000002B65D1B049D7F8180207F02DFFC7F82C
:10DFD000C80107F0F1FFC7F83002D7F83032002B44
:10DFE00000F02983A74807F0CFFF03461A46A74948
:10DFF000D7F8300207F06CFFA54807F0C5FF0346CD
:10E000001A46A449D7F8300207F062FFD7F8003269
:10E0100007EE903AB8EE677BB0EE470B07F094FF3F
:10E0200003461A469C49D7F8300207F051FFD7E95A
:10E030007E01E2F78BFA02460B4643EC102B07F009
:10E0400083FF03461A469549D7F8300207F040FF90
:10E05000D7F8C831002B0BD00121D7F8C80107F041
:10E06000BCFF03461A468849D7F8300207F030FF54
:10E07000D7F83002FFF7D6FBD7F8300206F0D2FF10
:10E08000C7F83402D7F83432002B40F06181FEE249
:10E09000D7F814321B6982491846E2F75BFC034645
:10E0A000002B50D17F49D7F8180207F0BDFEC7F802
:10E0B000D0017D49D7F8180207F0B6FEC7F8CC01A9
:10E0C000D7F8D031002B0DD0D7F8D031DB68032B37
:10E0D00008D1D7F8CC31002B04D0D7F8CC31DB688D
:10E0E000032B05D040F2EB61704808F095FFCEE2BB
:10E0F000D7F8D03193ED067BFCEEC77B17EE903A54
:10E10000C7F82C32D7F8CC3193ED067BFCEEC77BF9
:10E1100017EE903AC7F8283207F154030393D7F863
:10E1200000320293D7F82C320193D7F828320093AB
:10E13000574B5F4A4FF400615E4808F0E5FF5D4BC6
:10E14000C7F8343204E1D7F814321B695A4918462B
:10E15000E2F700FC0346002B52D15849D7F81802C9
:10E1600007F062FEC7F8D8015549D7F8180207F042
:10E170005BFEC7F8D401D7F8D831002B0DD0D7F803
:10E18000D831DB68032B08D1D7F8D431002B04D069
:10E19000D7F8D431DB68032B05D040F2067149482B
:10E1A00008F03AFF73E2D7F8D83193ED067BFCEE26
:10E1B000C77BC7ED017A3B7987F82732D7F8D4318E
:10E1C00093ED067BFCEEC77BC7ED017A3B7987F8C0
:10E1D000263297F8273297F8262207F15401039147
:10E1E0000292D7F8002201920093294B364A4FF44D
:10E1F0000061304808F088FF2E4BC7F83432A7E0A2
:10E20000D7F814321B6931491846E2F7A3FB0346DD
:10E21000002B40F012822949D7F8180207F004FEBB
:10E22000C7F8E4012A49D7F8180207F0FDFDC7F83E
:10E23000E0012849D7F8180207F0F6FDC7F8DC011D
:10E24000D7F8E431002B16D0D7F8E431DB68032B84
:10E2500011D1D7F8E031002B0DD0D7F8E031DB68D1
:10E26000032B08D1D7F8DC31002B04D0D7F8DC31F0
:10E27000DB68032B32D040F22271174808F0CCFE45
:10E2800005E200BF98E40208A8E40208B8DA020830
:10E29000786D03206CE2020800DB0208FCDA020859
:10E2A000B8E40208C8E40208D0E40208DCE402088A
:10E2B00008E50208045D032064E5020874E502082D
:10E2C00080E5020888E50208B4E5020810E60208C5
:10E2D00020E6020828E6020834E60208D7F8E4310E
:10E2E00093ED067BFCEEC77BC7ED017A3B7987F89F
:10E2F0002532D7F8E03193ED067BFCEEC77BC7ED06
:10E30000017A3B7987F82432D7F8DC3193ED067B2C
:10E31000FCEEC77BC7ED017A3B7987F8233297F88B
:10E32000243297F8232297F8251207F1540004901D
:10E33000D7F800020390029101920093C14BC24AA8
:10E340004FF40061C14808F0DFFEC04BC7F834321B
:10E35000D7F83432002B00F07281D7F834321B78B2
:10E36000002B00F06C8107F50E73A3F501731846BE
:10E3700020231A46002109F020F807F50E73A3F5B3
:10E38000047300221A605A601A7207F1B003202247
:10E39000AF491846FCF7AFFDD7F83402E2F7E4FACC
:10E3A000024607F1B003D7F834121846FCF726FEF0
:10E3B00007F1340207F1B00311461846FCF72FFEAF
:10E3C00007F50E73A3F501731B781C4607F50E7352
:10E3D000A3F501735B781A4607F50E73A3F5017375
:10E3E0009B78194607F50E73A3F50173DB7807F1E7
:10E3F00028000293019100922346964A092108F0D1
:10E4000083FED7F804321B6907F12802114618462B
:10E41000E2F7A0FA0346002B0AD0D7F804321B69B2
:10E4200007F128024FF4E9618B4808F0F5FD2EE171
:10E430008A4B00221A70D7F814321B698849184693
:10E44000E2F788FA0346002B0FD1864B186807F1D4
:10E450006C0100230022E8F7F5FE0346012B04D0EF
:10E4600040F25371804808F0D7FDD7F814321B6989
:10E470007E491846E2F76EFA0346002B16D1D7F80C
:10E480002812D7F82C0202F021FCC7F8A001D7F817
:10E49000A031002B05D13C227549002000F024FC5E
:10E4A00004E000227349012000F01EFCD7F814326A
:10E4B0001B6971491846E2F74DFA0346002B16D145
:10E4C00097F82732002B09D097F82732082B05D868
:10E4D00097F82732694997F82622CA5497F82722D5
:10E4E00097F8263240F26B71654808F095FDD7F831
:10E4F00014321B6963491846E2F72CFA0346002BD5
:10E5000040F0C480002387F82232002387F82132AC
:10E5100097F82432002B07D097F82432012B03D030
:10E52000012387F822326DE097F82532002B2FD196
:10E53000012387F8203226E097F8242297F820322A
:10E5400011461846FCF71AFF034687F89E3197F9E3
:10E550009E31002B06D197F820324B4997F82422A0
:10E56000CA540BE097F99E31032B03D1032387F89C
:10E5700022323AE0022387F8223236E097F820323E
:10E58000013387F8203297F82032082BD4D92CE0B9
:10E5900097F82532002B25D097F82532082B21D863
:10E5A00097F8242297F8253211461846FCF7E6FE24
:10E5B000034687F89F3197F99F31002B06D197F8D2
:10E5C0002532314997F82422CA540EE097F99F3139
:10E5D000032B03D1032387F8223206E0022387F8B6
:10E5E000223202E0012387F8223297F82232002BF0
:10E5F00008D197F82332012B04D1FCF7F7FE012351
:10E6000087F8213297F8213297F8242297F82212BE
:10E6100097F8250201F046F839E000BF37E000BF67
:10E6200035E000BF33E000BF31E000BF2FE000BFA6
:10E630002DE000BF2BE000BF29E000BF27E000BFB6
:10E6400025E000BF786D03205CE60208045D03202E
:10E6500080DA0208A4DA0208A4DC0208406D032074
:10E66000A8E3020830750320C0E60208B8E40208F7
:10E67000F4E602080CE7020864E5020810650320CE
:10E6800024E7020810E602080465032000BFD7F85B
:10E690003032002B03D0D7F8300205F09FFDD7F8B9
:10E6A00034320B4A934207D0D7F83432002B03D0D0
:10E6B000D7F8340205F0AEFCD7F8180205F08EFD4D
:10E6C00000E000BF07F50E77BD46BDE8B08300BF90
:10E6D000045D0320F0B5E1B006AFB44B1B68002B1E
:10E6E00000F05E81B24B1B78DBB2012B40F0588109
:10E6F00007F062FCC7F86401FBF756FFC7E9560153
:10E7000007F5987320220021184608F056FEA94B01
:10E71000C7F85431D7F854311B781E46D7F8543116
:10E7200001331B781A46D7F8543102331B78194647
:10E73000D7F8543103331B781C46D7F854310433CF
:10E740001B781D46D7F8543105331B7807F59870B0
:10E75000049303950294019100923346964A202136
:10E7600008F0D2FC4FF400720021944808F025FE16
:10E7700007F58C7300221A605A609A60DA601A6199
:10E780001A7507F58C731A46D7E95601FDF75BFB3E
:10E790008B4B01221A608A4B1B6807F58C7204921E
:10E7A0000393884B029307F598730193864B00936C
:10E7B000864B874A40F2FF11804808F0A5FC07F11C
:10E7C000F80320220021184608F0F7FD07F1100396
:10E7D000202280491846FCF78EFB7848E2F7C4F8FF
:10E7E000024607F1100375491846FCF707FC07F1CC
:10E7F000F80207F1100311461846FCF710FC07F564
:10E80000B473A3F5B27300221A605A601A7297F8B3
:10E81000F8301C4697F8F93097F8FA2097F8FB1073
:10E82000381D02910192009323466B4A092108F09A
:10E830006BFC6A4807F0A8FB03461A466849D7F8FC
:10E84000640107F045FB614807F09EFB03461A464A
:10E850006449D7F8640107F03BFB07F59873184645
:10E8600007F092FB03461A465F49D7F8640107F0A8
:10E870002FFB544807F088FB03461A465B49D7F83C
:10E88000640107F025FB504807F07EFB03461A465B
:10E890005749D7F8640107F01BFBD7E95601E1F7A8
:10E8A00055FE02460B4643EC102B07F04DFB03468A
:10E8B0001A465049D7F8640107F00AFB404B1B6821
:10E8C00007EE903AB8EE677BB0EE470B07F03CFBE3
:10E8D00003461A464849D7F8640107F0F9FA3B1D88
:10E8E000184607F051FB03461A464449D7F864011D
:10E8F00007F0EEFAD7F8640106F094FBC7F8500170
:10E90000D7F85031002B46D0D7F8502140F2F271A1
:10E910003B4808F081FBD7F85001E2F725F80346A1
:10E9200001331846EBF7E0FA024607F5B473A3F596
:10E93000B4731A6007F5B473A3F5B4731B68002BA6
:10E9400020D007F5B473A3F5B4731B68D7F8501142
:10E95000184609F060FC2B4B18683946002300224A
:10E96000E8F770FC0346012B0CD007F5B473A3F550
:10E97000B4731B681846EBF789FB40F2F971224823
:10E9800008F04AFBD7F8500105F044FB0C4B1B681C
:10E9900001330B4A1360D7F8640105F01FFC00E057
:10E9A00000BF07F5B677BD46F0BD00BF1C6D032064
:10E9B000356D03202A790220A8D90208045B0320C0
:10E9C0003400002068DA020878DA0208786D032043
:10E9D00058E7020880DA0208A4DA0208BCE7020855
:10E9E000B8DA02086CE20208C0DA0208C8DA0208E3
:10E9F000D0DA0208FCDA020800DB020804DB0208B5
:10EA0000C8E702082C750320E8E7020890B5D5B0E6
:10EA100004AF07F5A073A3F59C73196007F5A07305
:10EA2000A3F59E731A6007F5A073A3F23113024693
:10EA30001A709B4B1B68002B00F02D81994B1B78A3
:10EA4000DBB2012B40F0278107F0B6FAC7F83C0192
:10EA5000FBF7AAFDC7E94C01934807F095FA034676
:10EA60001A469249D7F83C0107F032FA07F5A0732D
:10EA7000A3F59E731B6807EE903AB8EE677BB0EE85
:10EA8000470B07F061FA03461A468949D7F83C015B
:10EA900007F01EFA07F5A073A3F59C73186807F03A
:10EAA00073FA03461A468349D7F83C0107F010FA77
:10EAB000814B1B6807EE903AB8EE677BB0EE470BD0
:10EAC00007F042FA03461A467C49D7F83C0107F0A2
:10EAD000FFF907F5A073A3F231131B7807EE903A04
:10EAE000B8EE677BB0EE470B07F02EFA03461A46E6
:10EAF0007349D7F83C0107F0EBF9D7E94C01E1F78E
:10EB000025FD02460B4643EC102B07F01DFA034689
:10EB10001A466C49D7F83C0107F0DAF96A4807F061
:10EB200033FA03461A466949D7F83C0107F0D0F991
:10EB3000D7F83C0106F076FAC7F82C01D7F82C314B
:10EB4000002B04D1D7F83C0105F048FBA4E007F501
:10EB5000847320220021184608F02FFC07F12003BF
:10EB600020225B491846FCF7C6F9D7F82C01E1F7DB
:10EB7000FBFE024607F12003D7F82C111846FCF7DC
:10EB80003DFA07F5847207F1200311461846FCF799
:10EB900046FA07F5A073A3F5967300221A605A602F
:10EBA0001A7297F808311C4697F8093197F80A212C
:10EBB00097F80B1107F1140002910192009323467C
:10EBC000444A092108F0A0FA07F11403184607F097
:10EBD000DBF903461A464049D7F83C0107F078F9BB
:10EBE000D7F83C0106F01EFAC7F82801D7F82831FB
:10EBF000002B47D0D7F8282140F63501374808F0D8
:10EC00000BFAD7F82801E1F7AFFE034601331846A7
:10EC1000EBF76AF9024607F5A073A3F598731A603B
:10EC200007F5A073A3F598731B68002B21D007F597
:10EC3000A073A3F598731B68D7F82811184609F03C
:10EC4000EAFA274B186807F1100100230022E8F7C1
:10EC5000F9FA0346012B0CD007F5A073A3F59873BE
:10EC60001B681846EBF712FA40F63C011D4808F005
:10EC7000D3F9D7F8280105F0CDF90F4B1B68013304
:10EC80000D4A1360D7F82C0105F0C4F9D7F83C0100
:10EC900005F0A4FA00E000BF07F5A277BD4690BDDD
:10ECA0001C6D0320356D0320786D03206CE2020893
:10ECB00018E802082CE802083400002000DB0208F3
:10ECC00080E50208FCDA020834E80208B8DA020833
:10ECD00080DA0208A4DA020804DB020848E8020825
:10ECE0002C75032074E8020890B5D5B004AF07F581
:10ECF000A073A3F59C73196007F5A073A3F59E7329
:10ED00001A6007F5A073A3F2311302461A709B4BE9
:10ED10001B68002B00F02D81994B1B78DBB2012B77
:10ED200040F0278107F048F9C7F83C01FBF73CFCAD
:10ED3000C7E94C01934807F027F903461A46924960
:10ED4000D7F83C0107F0C4F807F5A073A3F59E734C
:10ED50001B6807EE903AB8EE677BB0EE470B07F002
:10ED6000F3F803461A468949D7F83C0107F0B0F892
:10ED700007F5A073A3F59C73186807F005F903461F
:10ED80001A468349D7F83C0107F0A2F8814B1B686B
:10ED900007EE903AB8EE677BB0EE470B07F0D4F879
:10EDA00003461A467C49D7F83C0107F091F807F56D
:10EDB000A073A3F231131B7807EE903AB8EE677B8D
:10EDC000B0EE470B07F0C0F803461A467349D7F870
:10EDD0003C0107F07DF8D7E94C01E1F7B7FB0246AB
:10EDE0000B4643EC102B07F0AFF803461A466C496C
:10EDF000D7F83C0107F06CF86A4807F0C5F80346FD
:10EE00001A466949D7F83C0107F062F8D7F83C0187
:10EE100006F008F9C7F82C01D7F82C31002B04D1E3
:10EE2000D7F83C0105F0DAF9A4E007F58473202255
:10EE30000021184608F0C1FA07F1200320225B499F
:10EE40001846FCF758F8D7F82C01E1F78DFD02467B
:10EE500007F12003D7F82C111846FCF7CFF807F577
:10EE6000847207F1200311461846FCF7D8F807F51D
:10EE7000A073A3F5967300221A605A601A7297F86D
:10EE800008311C4697F8093197F80A2197F80B11B9
:10EE900007F114000291019200932346444A09218C
:10EEA00008F032F907F11403184607F06DF803462D
:10EEB0001A464049D7F83C0107F00AF8D7F83C0158
:10EEC00006F0B0F8C7F82801D7F82831002B47D052
:10EED000D7F8282140F67A01374808F09DF8D7F88E
:10EEE0002801E1F741FD034601331846EAF7FCFF2C
:10EEF000024607F5A073A3F598731A6007F5A0738F
:10EF0000A3F598731B68002B21D007F5A073A3F518
:10EF100098731B68D7F82811184609F07CF9274B1D
:10EF2000186807F1100100230022E8F78BF9034667
:10EF3000012B0CD007F5A073A3F598731B68184636
:10EF4000EBF7A4F840F681011D4808F065F8D7F802
:10EF5000280105F05FF80F4B1B6801330D4A136061
:10EF6000D7F82C0105F056F8D7F83C0105F036F932
:10EF700000E000BF07F5A277BD4690BD1C6D0320E1
:10EF8000356D0320786D03206CE2020818E8020852
:10EF90002CE802083400002000DB020880E50208AB
:10EFA000FCDA0208ACE80208B8DA020880DA0208E3
:10EFB000A4DA020804DB0208C0E802082C7503206A
:10EFC000ECE8020890B5D5B004AF044607F5A07090
:10EFD000A0F59C70016007F5A071A1F59E710A6013
:10EFE00007F5A072A2F5A072136007F5A073A3F253
:10EFF000311322461A70A24B1B68002B00F03B8194
:10F00000A04B1B78DBB2012B40F0358106F0D4FF1A
:10F01000C7F83C01FBF7C8FAC7E94C019A4806F06B
:10F02000B3FF03461A469949D7F83C0106F050FF52
:10F0300007F5A073A3F59C73186806F0A5FF0346B7
:10F040001A469349D7F83C0106F042FF07F5A07332
:10F05000A3F59E73186806F097FF03461A468D497C
:10F06000D7F83C0106F034FF07F5A073A3F2311383
:10F070001B7807EE903AB8EE677BB0EE470B06F0D0
:10F0800063FF03461A468449D7F83C0106F020FF87
:10F09000824B1B6807EE903AB8EE677BB0EE470BE9
:10F0A00006F052FF03461A467D49D7F83C0106F0A8
:10F0B0000FFFD7E94C01E1F749FA02460B4643EC52
:10F0C000102B06F041FF03461A467649D7F83C015B
:10F0D00006F0FEFE744806F057FF03461A467349D1
:10F0E000D7F83C0106F0F4FE07F5A073A3F5A07372
:10F0F0001B6807EE903AB8EE677BB0EE470B06F060
:10F1000023FF03461A466A49D7F83C0106F0E0FEA1
:10F11000D7F83C0105F086FFC7F82C01D7F82C3151
:10F12000002B04D1D7F83C0105F058F8A4E007F50E
:10F13000847320220021184608F03FF907F12003CC
:10F1400020225C491846FBF7D6FED7F82C01E1F7E0
:10F150000BFC024607F12003D7F82C111846FBF7E9
:10F160004DFF07F5847207F1200311461846FBF79F
:10F1700056FF07F5A073A3F5967300221A605A6034
:10F180001A7297F808311C4697F8093197F80A2146
:10F1900097F80B1107F11400029101920093234696
:10F1A000454A092107F0B0FF07F11403184606F09D
:10F1B000EBFE03461A464149D7F83C0106F088FEAB
:10F1C000D7F83C0105F02EFFC7F82801D7F8283101
:10F1D000002B47D0D7F8282140F6B301384807F074
:10F1E0001BFFD7F82801E1F7BFFB034601331846A0
:10F1F000EAF77AFE024607F5A073A3F598731A6042
:10F2000007F5A073A3F598731B68002B21D007F5B1
:10F21000A073A3F598731B68D7F82811184608F057
:10F22000FAFF284B186807F1100100230022E8F7C5
:10F2300009F80346012B0CD007F5A073A3F59873CA
:10F240001B681846EAF722FF40F6BB011E4807F08C
:10F25000E3FED7F8280104F0DDFE104B1B680133F4
:10F260000E4A1360D7F82C0104F0D4FED7F83C0105
:10F2700004F0B4FF00E000BF07F5A277BD4690BDE3
:10F280001C6D0320356D0320786D03206CE20208AD
:10F290002CE80208F4DA020824E90208340000200D
:10F2A00000DB0208FCDA02082CE90208B8DA0208DE
:10F2B00044E9020880DA0208A4DA020804DB020842
:10F2C0004CE902082C75032078E9020890B5D3B008
:10F2D00004AF07F59C73A3F59A731860D64B1B68AF
:10F2E000002B00F0A081D54B1B78DBB2012B40F046
:10F2F0009A8107F59C73A3F59A731B68002B00F0A5
:10F30000948106F059FEC7F83401D7F83431002B48
:10F3100000F08D81FBF748F9C7E94A01C84806F0BB
:10F3200033FE03461A46C749D7F8340106F0D0FD2C
:10F33000C54806F029FE03461A46C449D7F83401E9
:10F3400006F0C6FDC24806F01FFE03461A46C14934
:10F35000D7F8340106F0BCFD07F59C73A3F59A734A
:10F360001B689B7B07EE903AB8EE677BB0EE470BCD
:10F3700006F0EAFD03461A46B749D7F8340106F00D
:10F38000A7FD07F59C73A3F59A731B681B7807EE1E
:10F39000903AB8EE677BB0EE470B06F0D5FD03461A
:10F3A0001A46AE49D7F8340106F092FDAC4B1B6803
:10F3B00007EE903AB8EE677BB0EE470B06F0C4FD5F
:10F3C00003461A46A749D7F8340106F081FDA6483E
:10F3D00006F0DAFD03461A46A449D7F8340106F0D0
:10F3E00077FD07F59C73A3F59A731B685B7B07EEAB
:10F3F000903AB8EE677BB0EE470B06F0A5FD0346EA
:10F400001A469B49D7F8340106F062FD07F59C7354
:10F41000A3F59A731B685B6807EE903AB8EEE77B3A
:10F42000B0EE470B06F090FD03461A469149D7F817
:10F43000340106F04DFDD7E94A01E1F787F80246AD
:10F440000B4643EC102B06F07FFD03461A468A4913
:10F45000D7F8340106F03CFD884806F095FD0346D8
:10F460001A468749D7F8340106F032FD07F59C7338
:10F47000A3F59A731B689B6807EE903AB8EEE77B9A
:10F48000B0EE470B06F060FD03461A467D49D7F8FB
:10F49000340106F01DFD07F59C73A3F59A731B68F4
:10F4A0001B7B07EE903AB8EE677BB0EE470B06F099
:10F4B0004BFD03461A467449D7F8340106F008FD9F
:10F4C000D7F8340105F0AEFDC7F82401D7F8243190
:10F4D000002B04D1D7F8340104F080FEA8E007F532
:10F4E000807320220021184607F067FF07F11803F8
:10F4F000202266491846FBF7FEFCD7F82401E1F705
:10F5000033FA024607F11803D7F824111846FBF71F
:10F5100075FD07F5807207F1180311461846FBF7D1
:10F520007EFD07F59C73A3F5967300221A605A605E
:10F530001A7297F800311C4697F8013197F80221AA
:10F5400097F8031107F10C000291019200932346F2
:10F550004F4A092107F0D8FD07F10C03184606F0C1
:10F5600013FD03461A464B49D7F8340106F0B0FCA8
:10F57000D7F8340105F056FDC7F82001D7F820313F
:10F58000002B47D0D7F8202140F60511424807F05C
:10F5900043FDD7F82001E1F7E7F9034601331846A8
:10F5A000EAF7A2FC024607F59C73A3F598731A606C
:10F5B00007F59C73A3F598731B68002B21D007F502
:10F5C0009C73A3F598731B68D7F82011184608F0B0
:10F5D00022FE324B186807F1080100230022E7F7EA
:10F5E00031FE0346012B0CD007F59C73A3F59873ED
:10F5F0001B681846EAF74AFD40F60C11284807F048
:10F600000BFDD7F8200104F005FD154B1B680133F5
:10F61000134A1360D7F8240104F0FCFCD7F8340136
:10F6200004F0DCFD04E000BF02E000BF00E000BF2A
:10F6300007F59E77BD4690BD1C6D0320356D0320F8
:10F64000786D03206CE20208B4E90208BCE9020804
:10F65000C8E90208C8DA020820E6020874E50208D0
:10F660003400002000DB020878DA0208D8E902083A
:10F67000E4E90208F0E90208FCDA0208FCE9020801
:10F68000B8DA020808EA020810EA020880DA02087A
:10F69000A4DA020804DB020820EA02082C75032021
:10F6A00044EA0208B0B5D2B004AF05460C46104695
:10F6B000194607F59C73A3F231132A461A7007F511
:10F6C0009C73A3F5997322461A7007F59C73A3F2F5
:10F6D000331302461A7007F59C73A3F59A730A4612
:10F6E0001A70AC4B1B68002B00F04C81AA4B1B78A6
:10F6F000DBB2012B40F0468106F05EFCC7F8340116
:10F70000D7F83431002B00F03F81FAF74DFFC7E9FD
:10F710004A01A24806F038FC03461A46A049D7F829
:10F72000340106F0D5FB07F59C73A3F233131B7865
:10F7300007EE903AB8EE677BB0EE470B06F004FC9C
:10F7400003461A469749D7F8340106F0C1FB07F57E
:10F750009C73A3F59A731B7807EE903AB8EE677B1B
:10F76000B0EE470B06F0F0FB03461A468E49D7F879
:10F77000340106F0ADFB07F59C73A3F231131B783F
:10F7800007EE903AB8EE677BB0EE470B06F0DCFB75
:10F7900003461A468549D7F8340106F099FB844B95
:10F7A0001B6807EE903AB8EE677BB0EE470B06F0A9
:10F7B000CBFB03461A467F49D7F8340106F088FB95
:10F7C00007F59C73A3F599731B7807EE903AB8EE92
:10F7D000677BB0EE470B06F0B7FB03461A46764947
:10F7E000D7F8340106F074FBD7E94A01E0F7AEFE22
:10F7F00002460B4643EC102B06F0A6FB03461A46C6
:10F800006E49D7F8340106F063FB6D4806F0BCFB87
:10F8100003461A466B49D7F8340106F059FBD7F86E
:10F82000340105F0FFFBC7F82401D7F82431002B81
:10F8300004D1D7F8340104F0D1FCA6E007F58073B9
:10F8400020220021184607F0B8FD07F118032022F6
:10F850005D491846FBF74FFBD7F82401E1F784F820
:10F86000024607F11803D7F824111846FBF7C6FB28
:10F8700007F5807207F1180311461846FBF7CFFB16
:10F8800007F59C73A3F5967300221A605A601A72EA
:10F8900097F800311C4697F8013197F8022197F844
:10F8A000031107F10C000291019200932346474A8D
:10F8B000092107F029FC07F10C03184606F064FB48
:10F8C00003461A464249D7F8340106F001FBD7F83F
:10F8D000340105F0A7FBC7F82001D7F82031002B31
:10F8E00047D0D7F8202140F64E113A4807F094FB54
:10F8F000D7F82001E1F738F8034601331846EAF754
:10F90000F3FA024607F59C73A3F598731A6007F59E
:10F910009C73A3F598731B68002B21D007F59C738B
:10F92000A3F598731B68D7F82011184608F073FCEC
:10F93000294B186807F1080100230022E7F782FC31
:10F940000346012B0CD007F59C73A3F598731B6835
:10F950001846EAF79BFB40F65511204807F05CFB80
:10F96000D7F8200104F056FB114B1B680133104AF5
:10F970001360D7F8240104F04DFBD7F8340104F0EC
:10F980002DFC02E000BF00E000BF07F59C77BD46FC
:10F99000B0BD00BF1C6D0320356D0320786D0320C2
:10F9A0006CE2020820E6020878EA020874E5020820
:10F9B0003400002000DB020880E50208FCDA0208BF
:10F9C00084EA0208B8DA020880DA0208A4DA020837
:10F9D00004DB020894EA02082C750320BCEA020842
:10F9E0002DE9F043B9B004AF786007F18803202215
:10F9F0000021184607F0E1FC07F1680320220021EE
:10FA0000184607F0DAFC07F1500300221A605A602A
:10FA10009A60DA601A615A6107F1380300221A60AD
:10FA20005A609A60DA601A611A7507F120030022A1
:10FA30001A605A609A60DA601A615A6107F10C0321
:10FA400000221A605A609A60DA601A614FF4FA6212
:10FA50004FF00003C7E9302342F21073C7F8BC30FF
:10FA60004FF000024FF00003C7E92C234FF00002D3
:10FA70004FF00003C7E93223E3F7D8FBC7F8AC0027
:10FA80006E4B1B68D7F8AC20D31AD7F8BC209A422B
:10FA900000F2D0806A494FF000024FF00003C1E944
:10FAA0000023FBF7FFFE4FF47A70E9F7CCFF644BBD
:10FAB000D3E90023134351D0FAF78CFDC7E92C0199
:10FAC0005F4BD3E90023D7E92C01904271EB03038C
:10FAD0000AD25B4BD3E90001D7E92C23841A61EBEE
:10FAE0000305C7E932450AE0554BD3E90023D7E9BE
:10FAF0002C01B0EB020861EB0309C7E93289514BD5
:10FB00001B78002B07D0D7E93223D7E93001904288
:10FB100071EB030322D24A4BD3E900231046194666
:10FB2000FAF79AFC474B1B78002B08D1454B012272
:10FB30001A7040F68F11444807F06EFA0EE007F194
:10FB400050021823D7E93201FCF716F907F15003E8
:10FB50001A4640F694113D4807F05EFA0020F7F788
:10FB600041FAC7F8A800D7F8A8301B781E46D7F886
:10FB7000A83001331B781A46D7F8A83002331B7817
:10FB80001946D7F8A83003331B7807F10C0002930D
:10FB90000191009233462E4A142107F0B5FA07F17D
:10FBA0000C031A4640F69F112A4807F035FA244BF9
:10FBB000D3E90023134319D0214BD3E9000107F106
:10FBC00088022023FBF792FE1D4BD3E9000107F1C9
:10FBD00038021523FCF7D0F807F1380307F1880243
:10FBE00040F6A5111C4807F017FA04E040F6A911E9
:10FBF0001A4807F011FAFAF7EDFCC7E92C0107F1F2
:10FC000068022023D7E92C01FBF770FE07F12002E0
:10FC10001823D7E92C01FCF7AFF807F1200307F10F
:10FC2000680240F6AF110E4807F0F6F9034AD7F81C
:10FC3000AC3013606420E9F706FF1DE7986D0320E0
:10FC4000386D03209C6D0320F0EA020820EB0208C7
:10FC500054EB020860EB020888EB0208ACEB0208E8
:10FC6000CCEB020880B594B000AF7860234B1B68E2
:10FC700007F108014FF0FF321846E7F729FD034668
:10FC8000012B39D10023BB60BA681D4B1B6813449C
:10FC90001A461C490020FEF7B9FEBA6807F10803AE
:10FCA000043340F6C811184807F0B6F907F1080305
:10FCB00004331846FBF7AEFA4FF4FA70E8F776FB18
:10FCC000BB68002B0AD0BB68104A02FB03F3104A42
:10FCD000A2FB03239B091846E8F768FB4FF4FA7070
:10FCE000E8F764FB0123FB64FB6C83F3138800BF1C
:10FCF000E3F7F5F900BFFDE700BFB7E73075032074
:10FD0000703E0320F4EB020804EC020840420F00AE
:10FD1000D34D621080B5ADF6380D00AF07F638034D
:10FD2000A3F6340318601023C7F828381423C7F843
:10FD30002438A14B1B6807F501614FF0FF321846CC
:10FD4000E7F7C6FC0346012B40F03181D7F81038A5
:10FD5000002B00F02E81D7F810381846E0F704FE8B
:10FD6000C7F82008D7F82038B3F5006F0CD3D7F8C0
:10FD7000202840F60621914807F04EF9D7F81038B0
:10FD80001846EAF783F915E1D7F82038A7F81E38A6
:10FD9000B7F81E380133A7F81C38D7F81018B7F891
:10FDA0001E2807F11003184608F03DFAB7F81E3870
:10FDB00007F63802A2F628020A21D1547E4B1B68AE
:10FDC0001846E7F70DFFC7F81808D7F81828D7F82E
:10FDD00024389A422FD90023C7F8343813E007F6A5
:10FDE0003803A3F62C031B68002B07D007F6380353
:10FDF000A3F62C031B681846EAF748F9D7F83438FD
:10FE00000133C7F834386C4B1B6807F10C01002232
:10FE10001846E7F75DFC0346012B05D1D7F83428D7
:10FE2000D7F828389A42DAD3D7F834284FF4226129
:10FE3000634807F0F1F86348F6F778FD624B1B68FA
:10FE40004FF0FF311846E7F74EF9604B1B68002B67
:10FE500004D05F4B1B78DBB2012B12D040F62D2172
:10FE60005C4807F0D9F8D7F810381846EAF70EF9C9
:10FE7000554B1B681846E7F7FFF85248F6F765FD43
:10FE800098E0524B1B68B3F86430A7F8323800236F
:10FE9000C7F82C3829E0484B1B6807F108010022FD
:10FEA0001846E7F715FC0346012B2BD107F638035C
:10FEB000A3F503631B68002B0CD007F63803A3F5EA
:10FEC00003631B681846EAF7E1F84FF424614248DF
:10FED00007F0A2F8D7F82C380133C7F82C383B4B81
:10FEE0001B68B3F86430A7F83238B7F83228B7F88F
:10FEF0001C389A4207D2D7F82C28D7F828389A42CB
:10FF0000C9D300E000BFB7F83228B7F81C389A42CE
:10FF100016D2B7F81C28B7F8323840F64D212F48D2
:10FF200007F07AF8D7F810381846EAF7AFF8264BFA
:10FF30001B681846E7F7A0F82248F6F706FD39E0F7
:10FF4000224B1868B7F81C2807F110010123F1F7BC
:10FF50000BF9034687F8173897F91738002B0DD19E
:10FF6000D7F810381846EAF791F8174B1B6818466F
:10FF7000E7F782F81348F6F7E8FCDAE697F917385E
:10FF80001A464FF42661164807F046F8154B012231
:10FF90001A70D7F810381846EAF778F80A4B1B6839
:10FFA0001846E7F769F80748F6F7CFFC02E000BF0C
:10FFB000BFE600BFBDE600BF2C7503203CEC020885
:10FFC00068EC0208089F0120087503201C6D0320BF
:10FFD000356D032098EC0208C0EC0208ECEC020836
:10FFE00028ED02085D6D032080B500AF184B1B782B
:10FFF000002B28D1164B01221A70164B164A1749AE
:020000040802F0
:10000000082000F0F9FA154B1B68002B1DD0124B8D
:100010001B68104A118800221846E2F7C9FA01202D
:10002000E6F7F7FF03460E4A13600C4B1B685B684C
:100030001A4608210B4806F0EFFF4FF4C8310A4872
:1000400006F0EAFF02E000BF00E000BF80BD00BF95
:10005000B46E0320A86D0320A46D0320A06D0320BF
:10006000B06E032060ED020890ED020880B582B00A
:1000700000AF78600B467B80114B1B68002B1AD0B9
:100080007B88002B17D00F4B1B680F4A1188012269
:100090001846E2F78DFA0A4B18687A886423796863
:1000A000E4F711FF074B1B68074A11880022184626
:1000B000E2F77EFA00E000BF0837BD4680BD00BF12
:1000C000A06D0320A46D0320A86D032080B582B02D
:1000D00000AF154B1B88002B21D0144B1B68002B45
:1000E00006D0124B1B684FF0FF311846E7F7D8FBDC
:1000F0000D4B1B88FB800C4B00221A80FB88194695
:100100000B48FFF7B3FF094B1B68002B08D0074BC8
:100110001868002300220021E7F794F800E000BFF0
:100120000837BD4680BD00BFAC6E0320B06E032013
:10013000AC6D032080B582B000AF0346FB71104B5D
:100140001B68002B17D00F4B1B88FF2B09D80D4BBA
:100150001B885A1C91B20B4A118019460A4AFB7936
:100160005354FB790A2B03D0064B1B88FF2B03D972
:10017000FFF7ACFF00E000BF0837BD4680BD00BF01
:10018000A06D0320AC6E0320AC6D032080B586B05B
:1001900000AFF860B9607A603B60BB68012B04D0A7
:1001A000BB68022B01D03B6813E07B683B610023F6
:1001B0007B6109E03A697B6913441B781846FFF7B5
:1001C000B9FF7B6901337B617A693B689A42F1D35D
:1001D0003B6818461837BD4680BD000090B583B017
:1001E00000AF7860124B1B68002B1CD0114B1B68B2
:1001F000114A118801221846E2F7DAF90C4B1C6803
:100200007868E0F7B1FB03469AB264237968204628
:10021000E4F759FE074B1B68074A1188002218466D
:10022000E2F7C6F900E000BF0C37BD4690BD00BF45
:10023000A06D0320A46D0320A86D032080B58EB0AF
:1002400000AF78603960444B1B68002B7FD00023DF
:100250007B637B683B630AE03A6B531C3B637B6BBD
:10026000591C7963127838333B4403F8302C3B6BCC
:100270001B78002B02D07B6B0B2BEDDD7B6B5A1CAC
:100280007A6338333B443D2203F8302C7B6B5A1C95
:100290007A6338333B44302203F8302C7B6B5A1C92
:1002A0007A6338333B44782203F8302C0723FB620F
:1002B00020E0FB6A9B003A6822FA03F3DBB203F00A
:1002C0000F0387F82B3097F82B30092B04D897F8B9
:1002D0002B303033DAB203E097F82B303733DAB211
:1002E0007B6B591C796338333B4403F8302CFB6A31
:1002F000013BFB62FB6A002BDBDA7B6B5A1C7A63E7
:1003000038333B440D2203F8302C7B6B5A1C7A6344
:1003100038333B440A2203F8302C104B1B68104A38
:10032000118801221846E2F743F90B4B18687B6BE2
:100330009AB207F108016423E4F7C5FD074B1B6877
:10034000074A118800221846E2F732F900E000BFA0
:100350003837BD4680BD00BFA06D0320A46D0320CB
:10036000A86D032080B594B000AF03463960FB71DF
:100370001346BB80194B1B68002B28D0BB88002B71
:1003800027D0BB88402B24D8FB793B73BB88FB81EB
:10039000BA8807F10C0304333968184607F043FFA5
:1003A0000023BB600D4B186807F1080207F10C0130
:1003B0000023E7F751F8BB68002B0BD0084B4FF038
:1003C00080521A60BFF34F8FBFF36F8F02E000BF00
:1003D00000E000BF5037BD4680BD00BFB86E0320AF
:1003E00004ED00E080B485B000AF78600B467B8000
:1003F0004FF6FF73FB810023BB8122E0BB897A6843
:1004000013441B781A46FB895340FB810023FB727F
:1004100011E0FB8903F00103002B06D0FB895B0888
:100420009AB20D4B5340FB8102E0FB895B08FB81D4
:10043000FB7A0133FB72FB7A072BEAD9BB890133C4
:10044000BB81BA897B889A42D8D3FB891846143776
:10045000BD465DF8047B704701A0FFFF80B584B006
:1004600000AF78600B467B800023FB7347E0FB7B8B
:10047000274A4C2101FB03F313441B687A689A4214
:100480003AD17B88002B11D07B883F2B0ED8FB7B89
:100490000133D8B2FB7B4C2202FB03F308331C4A26
:1004A000134403337A881946FFF75CFFFB7B184A35
:1004B0004C2101FB03F313440A331B78002B0DD0AE
:1004C000FB7B4C2202FB03F30833114A1344033332
:1004D000402219467868E6F71AFA14E0FB7B4C22B2
:1004E00002FB03F308330A4A13440333402219463C
:1004F0007868E6F7BCF906E0FB7B0133FB73FB7B16
:10050000072BB4D900BF00BF1037BD4680BD00BF68
:100510003C00002080B582B000AF002244211020B2
:10052000E6F7F7FC0346324A13600023FB7155E0FF
:10053000FB79072B4ED0FB792E4A4C2101FB03F3AC
:1005400013441B683B60FB792A4A4C2101FB03F3EF
:10055000134404331868FB79264A4C2101FB03F34A
:10056000134408331B8800221946E2F721F8FB796F
:10057000204A4C2101FB03F313440A331B78002B60
:100580001AD03B685B6F002B16D03B685B6F002274
:10059000DA613B685B6F1846E2F73EF8FB794C2264
:1005A00002FB03F30833134A134403334022194672
:1005B0003868E6F7ACF90EE0FB794C2202FB03F356
:1005C00008330C4A13440333402219463868E6F7CF
:1005D0004EF900E000BFFB790133FB71FB79072B7B
:1005E000A6D9FFF701FD00BF0837BD4680BD00BF9B
:1005F000B86E03203C00002080B485B000AFB96025
:100600007A603B600346FB73BB6800221A607B681C
:1006100000221A603B6800221A80FB7B002B23D04B
:10062000FB7B082B20D8FB7B013B124A4C2101FBB2
:1006300003F313441A68BB681A60FB7B013B0D4A45
:100640004C2101FB03F3134404331A687B681A60DE
:10065000FB7B013B074A4C2101FB03F313440833A6
:100660001A883B681A8000E000BF1437BD465DF869
:10067000047B70473C00002080B58CB000AFB960AF
:100680007B600346FB731346BB81BB89042B01D8F7
:100690000023A9E0BB681B78012B01D00023A3E055
:1006A000BB6801331B78042B01D000239CE0BB689E
:1006B00002331B7887F8293097F82930FB84FB8CAC
:1006C00005339BB2BA899A4201D000238CE0BB89E2
:1006D000023B9BB21946B868FFF784FE0346BB8411
:1006E000BB89013BBA6813441B781BB21B021AB2C8
:1006F000BB89023BB9680B441B781BB213431BB286
:100700007B84BA8C7B8C9A4201D000236CE010224F
:100710000021786806F051FE7B68FA7B1A70FB8C2A
:100720005B083B840323FB850023BB8500237B857B
:100730004DE0FB8DBA6813441B781BB21B021AB242
:10074000FB8D0133B9680B441B781BB213431BB2FA
:10075000FB83FB8D0233FB857B8D002B09D1FB8B4B
:10076000002B14BF01230023DBB21A467B681A73E7
:100770002AE07B8D012B09D1FB8B002B14BF0123B9
:100780000023DBB21A467B685A731DE07B8D022B77
:1007900002D1FB8BBB8517E07B8D032B14D1BB8D66
:1007A0001A04FB8B13437B6107F114031B68BB61C5
:1007B000D7ED067A9FED0E7A67EE877AFDEEE77A3F
:1007C00017EE902A7B685A607B8D01337B857A8D8A
:1007D0003B8C9A42ADD3FB7B1846FAF7EFFD0346FC
:1007E0001A467B689A73012318463037BD4680BD90
:1007F0000000C84290B59BB002AF7860FFF78AFE58
:10080000264B1B6807F118014FF0FF321846E6F738
:100810005FFF0346012BF3D13B7E1946204806F0CB
:10082000FBFB0023A7F85E300EE0B7F85E306033C4
:100830003B4413F8443C19461A4806F0EDFBB7F860
:100840005E300133A7F85E307B8BB7F85E209A42AA
:10085000EBD3154806F050FC387E7A8B07F108047C
:1008600007F11803191D2346FFF706FF0346002B67
:1008700010D0F9683B7D1A467B7D1846BB7D0093FE
:1008800003460A4806F0C8FB07F108031846FEF7BE
:100890001DFDB5E7064806F02FFCB1E7B86E032052
:1008A000CCED0208D8ED0208E0ED0208E4ED020804
:1008B00010EE020880B582B000AF00237B601E4BB3
:1008C0005B6903F00053002B01D1012300E00023FA
:1008D0007B607B68002B04D11848FFF77FFC00BFCA
:1008E000FDE7174B174A9A61154B4FF48022DA61E6
:1008F000154B144A1A60144B4FF400325A60124BD5
:1009000011229A60104B114ADA600F4B4FF40032FB
:100910001A610D4B12225A610D4B02221A600D4BC7
:100920004FF400321A600B4B1B68054A1362002318
:1009300018460837BD4680BD003C024024EE020840
:100940009C02002000000A08C06E032000000C0872
:10095000D86E0320DC6E032080B586B000AFF8604F
:10096000B9607A600E4B9A69FB6813447B61FB683F
:10097000002B06DBFA687B681A44094BDB699A4254
:1009800002D94FF0FF3306E07B697A681946B868F0
:1009900007F049FC7B6818461837BD4680BD00BF8C
:1009A0009C02002080B586B002AF78600B467B8049
:1009B000304B1B78012B02D04FF0FF3356E07B8881
:1009C000002B01D1002351E07A882B4B1B681A447D
:1009D0002A4B1B689A420DD9274B1A687988274BF6
:1009E0001B6800930B464621254806F015FB4FF087
:1009F000FF333BE0234B1B68002B06D0214B1B68C9
:100A00004FF0FF311846E6F76EFB1F4B18681A4B84
:100A100019687B887A6800F04FFEF860194B1B68F4
:100A2000002B04D0174B1B681846E6F725FB7B8884
:100A3000FA689A4209D0104B1B681A46572113488E
:100A400006F0EAFA4FF0FF3310E0114B1B687A888A
:100A50007968184603F0EAF803460D4A13607A886D
:100A6000054B1B681344044A1360002318461037D3
:100A7000BD4680BDE06E0320EC6E0320E46E0320D3
:100A8000C4EE020800750320F46E0320FCEE020899
:100A9000F06E032080B500AF064B00221A70064BA3
:100AA00000221A60054B00221A60F6F727FE00BFED
:100AB00080BD00BFE06E0320EC6E0320F06E0320CB
:100AC00080B58CB002AF374B1B78012B66D1364B0B
:100AD0001A68364B1B689A4207D1354B1A68354B5A
:100AE0001B689A4201D1012300E000237B627B6AEC
:100AF000002B12D12C4B19682C4B18682C4B1B68FF
:100B00002C4A12680192009303460A4678212A482B
:100B100006F082FAFFF7BEFF41E0234B1A68244B30
:100B20001B688021254806F077FA3B1D2022002112
:100B3000184606F042FC224B7B600123BB601B4B36
:100B40001B68FB601B4B1B683B611E4B1B68002B2B
:100B500006D01C4B1B684FF0FF311846E6F7C3FA6E
:100B6000194B1B684FF480320021184600F02AFE12
:100B7000154B18683A1D2023002100F09DFD114BF4
:100B80001B68002B04D00F4B1B681846E6F774FA5D
:100B9000044B02221A70E2F7A2FA00E000BF2837E5
:100BA000BD4680BDE06E0320EC6E0320E46E0320A2
:100BB000F06E0320E86E032028EF020864EF0208BD
:100BC0004F42554C00750320F86E032080B584B069
:100BD00000AFF860B9601346FB71FB79002B05D1BB
:100BE000A521114806F018FA002319E00F49F8680A
:100BF000DFF7B0FE0346002B07D00C4BFA68AA21A2
:100C00000B4806F009FA00230AE00A4B1B78012B77
:100C100005D0AF21084806F0FFF9002300E00123CA
:100C200018461037BD4680BDA8EF0208D4EF020871
:100C3000ECEF0208E06E032020F0020880B485B0DB
:100C400000AFF860B9607A604FF0FF331846143790
:100C5000BD465DF8047B704780B584B000AF786016
:100C60003960134B1B78012B02D04FF0FF331BE090
:100C70003B681B89FB81FB89002B01D1002313E01A
:100C8000FA8900230B493868EBF7FEFE03461A4643
:100C9000FB89934202D04FF0FF3305E0FB891946F0
:100CA0000448FFF77FFE034618461037BD4680BD57
:100CB000E06E0320FC6E032080B582B000AF786048
:100CC000FFF7FEFE00BF0837BD4680BD80B584B08B
:100CD00000AF78603960464B1B78002B06D0E121CD
:100CE000444806F099F94FF0FF337DE07B68002B14
:100CF00003D07B68B3F5801F07D97A68E6213E48A8
:100D000006F08AF96FF001036EE03B68002B06D114
:100D1000EB213A4806F080F96FF0020364E03848AE
:100D200000F0C8FB0346374A1360374800F0C2FBA7
:100D30000346364A1360334B1B68002B03D0334BFA
:100D40001B68002B06D1F321314806F065F96FF0DE
:100D5000030349E02F4B1B68002B06D02D4B1B686B
:100D60004FF0FF311846E6F7BEF9264B1B684FF4EB
:100D700080120021184600F025FD264B1B68002B31
:100D800004D0244B1B681846E6F776F9224A7B68A4
:100D90001360224A3B681360214B00221A60214BEA
:100DA00000221A60124B01221A701F48F6F764FCE9
:100DB0000346FB7397F90F30002B0DD097F90F30D6
:100DC0001A4640F21111194806F026F9084B002284
:100DD0001A706FF0040307E03B687A6840F215115F
:100DE000134806F019F9002318461037BD4680BD98
:100DF000E06E032054F0020884F00208ACF0020810
:100E0000D0F00208F46E0320DCF00208F86E032034
:100E1000E8F0020800750320E46E0320E86E03206A
:100E2000EC6E0320F06E0320A4FB020810F1020810
:100E300034F1020880B500AF002201210120E6F75D
:100E400068F80346264A1360002221210120E6F7B4
:100E500060F80346234A1360002201210120E6F7CF
:100E600058F80346204A1360002204210120E6F7C7
:100E700050F803461D4A1360002201210120E6F7C5
:100E800048F803461A4A136000220C210420E6F7B2
:100E900040F80346174A136000220C210420E6F7AD
:100EA00038F80346144A136000224FF4BD6108204D
:100EB000E6F72FF80346114A136000220421202090
:100EC000E6F727F803460E4A13600022442101206A
:100ED000E6F71FF803460B4A136000BF80BD00BF52
:100EE0000C7503201075032018750320147503205A
:100EF0001C7503202075032024750320287503200A
:100F00002C7503203075032080B500AF0420E6F770
:100F100080F803460A4A13600420E6F77AF803468D
:100F2000084A13600420E6F774F80346064A136083
:100F30000420E6F76EF80346044A136000BF80BD44
:100F4000FC7403200075032004750320087503203A
:100F500080B582B000AF7860074B1B68002B07D0CC
:100F6000054B1B684FF0FF311846E6F7BCF800E070
:100F700000BF0837BD4680BD0075032080B582B034
:100F800000AF7860064B1B68002B05D0044B1B6834
:100F90001846E6F771F800E000BF0837BD4680BD8F
:100FA0000075032080B584B002AF164B1B78002B70
:100FB00001D0012321E0144B2122C3F86823134AF6
:100FC0000221114802F00AFD114A03210E4802F0E5
:100FD00005FD0023009300230E4A0F490A4802F042
:100FE00051FD0346FB71FB79002B02D04FF0FF331C
:100FF00003E0044B01221A70012318460837BD464E
:1010000080BD00BFA478032034750320510F02086F
:101010007D0F020820F202082CF2020880B582B08F
:1010200000AF00F045F878607B68002B03DB00F030
:1010300013FA786000E000BF7B68002B11DD144BD1
:101040001B78002B0DD1124B01221A70114805F0AC
:10105000E3FF1149114805F0DFFF114806F04CF895
:1010600011E07B68002B0EDC094B00221A70302245
:101070000C490D4805F0D0FF07490C4805F0CCFF9E
:10108000074806F039F87B6818460837BD4680BD2A
:10109000A578032094F20208A8F20208B0F2020830
:1010A000E4F20208B4FB0208ECF2020808F30208BA
:1010B00080B586B004AF2C4B1B78002B01D00023E9
:1010C0004EE000237B6043E0284B9B6A002B06D157
:1010D000274A2849284805F09FFF00BFFDE7234B1A
:1010E000DB6A002B06D1224A2449234805F094FFED
:1010F00000BFFDE71D4B1B6B002B06D11C4A20498E
:101100001D4805F089FF00BFFDE7184B5B6A002B07
:1011100002D0164B5B6A98472F221549194805F0F3
:101120007BFF124B1846114B9B69104AD2690F493D
:10113000096A02910192009303461822182112486D
:1011400005F06AFF0A2005F079FF7B6801337B60B8
:1011500001227B689342B7D3034B01221A7000230C
:1011600018460837BD4680BDA67803209C020020A3
:10117000C0FB02083CF3020858F3020878F30208A7
:1011800094F30208B0F30208C4F3020880B584B0F7
:1011900000AF7860174B1B78002B06D1164A174911
:1011A000174805F039FF00BFFDE77B68002B06D12B
:1011B000114A1449124805F02FFF00BFFDE7002334
:1011C000FB600DE0104B18221946786806F00AF90A
:1011D0000346002B01D10C4B07E0FB680133FB6099
:1011E0000122FB689342EDD3002318461037BD4619
:1011F00080BD00BFA6780320D0FB020820F40208BF
:1012000058F3020828F402089C02002080B58CB034
:1012100006AF4E4BBB604E4B7B60B868DFF7A4FB5C
:1012200038617868DFF7A0FBF8604A4B1B68002B39
:101230002ED000237B6126E0474B1A687B699B0117
:1012400013443B603B6804331846DFF78DFB0246CE
:101250003B69934205D23B6804331846DFF784FBB1
:1012600038613B681C331846DFF77EFB0246FB689B
:10127000934205D23B681C331846DFF775FBF860D4
:101280007B6901337B61334B1B687A699A42D3D304
:10129000324805F0C1FE324805F0BEFE314805F087
:1012A0002BFF2E4805F0B8FE7B68029318230193AC
:1012B000FB680093BB68182239692B4805F0ACFE27
:1012C000284805F019FF254805F0A6FE274805F037
:1012D000A3FE244805F010FF00237B6123E01E4B92
:1012E0001A687B699B0113443B601C4805F094FE1F
:1012F0003B68181D3B681C333A68526B3968896B30
:1013000004910392029318230193FB680093034610
:1013100018223969164805F07FFE124805F0ECFEE8
:101320007B6901337B610B4B1B687A699A42D6D388
:101330000A4805F071FE0F4805F06EFE094805F0F9
:10134000DBFE00BF1837BD4680BD00BF30F4020889
:1013500038F40208B4780320A878032044F4020883
:1013600058F4020898F40208A0F40208D0F4020825
:1013700010F5020838F5020880B584B000AF786037
:1013800039600023BB600023FB604BE0FB689B01DE
:101390007A6813441C331846FFF7F8FEB860BB6840
:1013A000002B11D18A222449244805F035FEFB6820
:1013B0009B017A6813441C331946214805F02CFE22
:1013C0000A2005F03BFE2AE0FB689B017A68134483
:1013D0005B6BBA68D26993421CDB902216491948AC
:1013E00005F01AFEFB689B017A681344191DFB681F
:1013F0009B017A6813445A6BBB68DB69124805F09D
:101400000BFE124805F078FE114B00221A604FF0D7
:10141000FF330CE00F49FB68BA6841F82320FB68F2
:101420000133FB60FA683B689A42AFD30023184649
:101430001037BD4680BD00BF28FC020878F50208C1
:101440008CF50208B8F50208D4F5020898F40208F1
:10145000B4780320AC78032080B500AF114B1B7823
:10146000002B02D0104B1B6819E0104B104A1A6079
:101470000D4B01221A600D4B1B680B4A1268114676
:101480001846FFF779FF0346002B03D1054B0122D5
:101490001A7000E000BFFFF7B9FE034B1B68184647
:1014A00080BD00BFB0780320B4780320A878032063
:1014B000E8FB020880B584B000AF7860164B1B785B
:1014C000002B06D1154A1649164805F0A5FD00BFA8
:1014D000FDE70023FB6015E0134B1A68FB689B01D6
:1014E0001344043319467868DFF734FA0346002BB7
:1014F00005D10D4B1A68FB689B01134408E0FB689B
:101500000133FB60094B1B68FA689A42E4D300235D
:1015100018461037BD4680BDB078032044FC020851
:1015200024F602082CF60208A8780320B4780320D9
:1015300080B582B000AF7860154B1B687A689A421C
:1015400006D2144A1449154805F066FD00BFFDE7B0
:101550000F4B1A68124B19686FF07C430B449B01C8
:1015600013447A689A4206D90A4A0E490B4805F094
:1015700053FD00BFFDE7064B1B687A68D31A9B1129
:101580001A46094B53F8223018460837BD4680BD2D
:10159000A878032058FC02084CF602082CF6020832
:1015A000B478032064F60208AC78032080B586B0D6
:1015B00000AFF860B9607A603B6000237B61002374
:1015C0003B61FB68002B06D1324A3349334805F0B2
:1015D00023FD00BFFDE77B68002B06D12D4A304973
:1015E0002E4805F019FD00BFFDE7BA683B681A44B4
:1015F000FB689B6B9A420ED94FF4CF72254929485C
:1016000005F00AFD284805F007FD284805F074FD9F
:101610004FF0FF333AE0F868FFF78AFF38613B6923
:10162000002B14D140F2A5121A491E4805F0F4FC13
:10163000FB6803F11C01FB6804331A461C4805F0E3
:10164000EBFC1A4805F058FD4FF0FF331EE03B69F4
:101650009B6AFA68526B1146BA680A4410463A68A7
:101660007968984778617B69002B0EDA4FF4D6725F
:1016700008490C4805F0D0FCFB681C3319460D489E
:1016800005F0CAFC094805F037FD7B691846183794
:10169000BD4680BD74FC0208A4F602082CF60208C0
:1016A000ACF60208B8F50208B0F6020898F4020891
:1016B000E8F6020834F7020880B586B000AFF8609B
:1016C000B9607A603B6000237B6100233B61FB686B
:1016D000002B06D1324A3349334805F09DFC00BF48
:1016E000FDE77B68002B06D12D4A30492E4805F0D6
:1016F00093FC00BFFDE7BA683B681A44FB689B6B2C
:101700009A420ED940F2C7122549294805F084FCB7
:10171000284805F081FC284805F0EEFC4FF0FF3327
:101720003AE0F868FFF704FF38613B69002B14D1F9
:101730004FF4E7721A491E4805F06EFCFB6803F18E
:101740001C01FB6804331A461C4805F065FC1A4866
:1017500005F0D2FC4FF0FF331EE03B69DB6AFA680C
:10176000526B1146BA680A4410463A68796898473D
:1017700078617B69002B0EDA40F2D51208490C48DB
:1017800005F04AFCFB681C3319460D4805F044FC83
:10179000094805F0B1FC7B6918461837BD4680BD85
:1017A00088FC0208A4F602082CF60208ACF602082F
:1017B000B8F5020868F7020898F40208A0F70208D2
:1017C000ECF7020880B586B000AFF860B9607A60C7
:1017D00000237B6100233B61FB68002B06D12D4A6F
:1017E0002D492E4805F018FC00BFFDE7BA687B685C
:1017F0001A44FB689B6B9A420ED94FF4F772254945
:10180000274805F009FC274805F006FC264805F0A6
:1018100073FC4FF0FF3339E0F868FFF789FE386159
:101820003B69002B14D140F2F5121A491C4805F00F
:10183000F3FBFB6803F11C01FB6804331A461B48E9
:1018400005F0EAFB184805F057FC4FF0FF331DE0A8
:101850003B691B6BFA68526B1146BA680A44796897
:101860001046984778617B69002B0EDA4FF4FE72C0
:1018700008490B4805F0D0FBFB681C3319460C489F
:1018800005F0CAFB084805F037FC7B691846183795
:10189000BD4680BD9CFC0208A4F602082CF6020896
:1018A000B8F5020824F8020898F402085CF8020867
:1018B000A8F8020880B586B000AFF860B9607A6019
:1018C000FB70FB68002B01D100BFFDE7BB68002B5C
:1018D00001D100BFFDE77B68002B01D100BFFDE710
:1018E000FB681B7E002B01D000235FE0FB68BA6819
:1018F0001A60FB68FA781A71FB683A6A5A62FB68E8
:101900005B7E002B30D1FFF789FB7868FFF7D2FDB3
:101910000246FB689A60FB689B68002B01D1042398
:1019200044E0FB689B681C331846FFF72FFC034616
:101930001B6A7B61FB68DB68002B03D1FB687A695B
:10194000DA600CE0FB68DB687A69B3FBF2F2796974
:1019500001FB02F29B1A002B01D0082326E0FB6852
:101960009B689A6BFB681A61FB68DA68FB68DB6846
:10197000013B1340002B01D000BFFDE7FB681B6952
:10198000FA68D268B3FBF2F101FB02F29B1A002B5A
:1019900001D008230AE0FB681A69FB68DB68B2FB28
:1019A000F3F3012B01D8082300E000231846183771
:1019B000BD4680BD80B483B000AF78600B46FB703D
:1019C000FB78002B0CD17B6801221A76074B1B7821
:1019D00083F00103DBB2002B02D0044B01221A700A
:1019E00000BF0C37BD465DF8047B7047B878032014
:1019F00080B584B000AF786039600823BB600023F5
:101A0000FB603FE07968FA6813465B001344DB0033
:101A10000B4403F52B731A683B685B689A421FD12D
:101A20003B681B78002B0ED0FA6813465B0013440A
:101A3000DB0003F52A737A681344182239681846C4
:101A400006F0F1FB36E07968FA6813465B00134450
:101A5000DB000B4403F52B734FF0FF321A6029E0D3
:101A60007968FA6813465B001344DB000B4403F506
:101A70002B731B68B3F1FF3F01D1FB68BB60FB68B0
:101A80000133FB60FB68072BBCD93B681B78002B3C
:101A900010D0BB68072B0DD8BA6813465B001344FF
:101AA000DB0003F52A737A68134418223968184654
:101AB00006F0B9FB1037BD4680BD80B485B000AFDD
:101AC000786039600023FB6019E07968FA68134692
:101AD0005B001344DB000B4403F52B731B683A686F
:101AE0009A4209D1FA6813465B001344DB0003F500
:101AF0002A737A68134406E0FB680133FB60FB68D5
:101B0000072BE2D9002318461437BD465DF8047B45
:101B1000704780B586B000AFF860B9607A60B96888
:101B2000F868FFF7CAFF78617B69002B0CD07B69EE
:101B30007A685A61FB68DA687B6959687B695B6916
:101B4000CB1A1A447B691A6100BF1837BD4680BDA5
:101B500080B586B000AFF860B9601346FB71B96814
:101B6000F868FFF7AAFF78617B69002B02D07B69D8
:101B7000FA795A7000BF1837BD4680BD80B588B06D
:101B800000AFF860B9607A603B604023BB614023DE
:101B90007B617A68B968002002F048F803461B0CA4
:101BA0003B824FF6FF737B820023FB6170E03B6852
:101BB000B3F1FF3F51D0FB68FA69153233F8323088
:101BC0003A8A9A4207D1FA68FB691533DB0013445D
:101BD0003A685A608EE0FA68FB691533DB001344FB
:101BE0005B68B3F1FF3F05D1BB69402B02D1FB69B4
:101BF000BB614AE0FA68FB691533DB0013445B689C
:101C0000B3F1FF3F41D0FA68FB691533DB001344A1
:101C10005B88002B0ED0FA68FB691533DB00134498
:101C20005B88013B99B2FA68FB691533DB0013440A
:101C30000A465A80FA68FB691533DB0013445B8857
:101C40007A8A9A4221D9FB697B61FA68FB6915336C
:101C5000DB0013445B887B8217E0FB68FA6915326E
:101C600033F832303A8A9A420FD1FA68FB69153359
:101C7000DB0013444FF0FF325A60FA68FB691533FA
:101C8000DB00134400225A8034E0FB690133FB611E
:101C9000FB693F2B8BD9BB693F2B14D8FA68BB6912
:101CA0001533DB0013443A685A60FB68BA69153291
:101CB000398A23F83210FA68BB691533DB00134404
:101CC00040225A8016E07B693F2B13D8FA687B6963
:101CD0001533DB0013443A685A60FB687A691532A1
:101CE000398A23F83210FA687B691533DB00134414
:101CF00040225A802037BD4680BD80B596B000AFE7
:101D0000F860B9607A603B607A68B968002001F0D9
:101D10008DFF03461B0CA7F8523000237B655FE064
:101D2000FA687B6D1533DB0013445B68B3F1FF3F4A
:101D300053D0FB687A6D153233F83230B7F8522041
:101D40009A424AD107F1100340220021184605F0BB
:101D500034FBFA687B6D1533DB0013445B6803F1D9
:101D6000400107F110024023F86802F07AF807F109
:101D700010037A681946B86805F034FB0346002B57
:101D80002BD1FA687B6D1533DB0013445A683B682E
:101D90001A60FA687B6D1533DB0013445B884FF6DD
:101DA000BE72934208D9FA687B6D1533DB00134489
:101DB0004FF6FF725A800EE0FA687B6D1533DB0038
:101DC00013445B88403399B2FA687B6D1533DB00AE
:101DD00013440A465A80012306E07B6D01337B657C
:101DE0007B6D3F2B9CD9002318465837BD4680BDDC
:101DF00080B590B000AFF860B9607A60BB68BB6333
:101E0000FB68DB68BA68B2FBF3F3FA68D26802FBDE
:101E100003F31946F868FFF750FE78637B6B002BDD
:101E200055D07B6B5B69BA689A4250D14FF0FF3353
:101E300058E007F110022023B968F86802F011F8A1
:101E40000346002B02D04FF0FF334BE00023FB632F
:101E500031E007F11002FB6B13441B781A46FB6B51
:101E6000013340333B4413F8303C1B021A44FB6BF4
:101E7000023340333B4413F8303C1B041A44FB6BE1
:101E8000033340333B4413F8303C1B0613443B639D
:101E90003B6B164A93420BD1BA68FB6B1344283B49
:101EA000BA6B9A4204D8BA68FB6B1344283B19E01A
:101EB000FB6B0133FB63FB6B1B2B05D8BA68FB6B19
:101EC00013447A689A42C4D8BB681C33BB60BA68B2
:101ED0007B689A4204D2BB6820337A689A42A8D8B9
:101EE0004FF0FF3318464037BD4680BD4B5630306B
:101EF00080B586B000AFF860B9607A604FF0FF330C
:101F00007B61BB685B78012B02D14FF0FF3344E06B
:101F10007B681B6DB3F1FF3F04D1BB685B68403346
:101F20007B6139E07B681A6DBB685968FB68DB68C8
:101F30000B449A422DD87B685B78002B06D07B68D7
:101F40001A6D7B689B6813447B6103E07B681B6DA3
:101F500008337B61BB685A68FB68DB681344403B0D
:101F60001A467969F868FFF743FF78617B69B3F136
:101F7000FF3F0BD0BB685A68FB68DB6813447A6983
:101F80009A4203D87B689B68002B05D14FF0FF3342
:101F900003E04FF0FF3300E07B6918461837BD4679
:101FA00080BD80B5A4B002AF786039600023C7F867
:101FB0008430002387F883303B68196D07F12C02C9
:101FC0004023786801F04DFF07F12C0306211846E5
:101FD00001F079FE0346DAB23B681A70BA6D3B68CD
:101FE0009A603B689B68B3F1FF3F09D03B689A68F1
:101FF0007B681B699A4203D83B689B683F2B1AD8C1
:102000003B6840229A603B681B78052B0ED03B68EA
:1020100005221A703B68196D07F12C020123019308
:10202000052300930623786801F075FE3B680022C3
:102030005A700223B4E007F12C033433042219460A
:10204000D7F8840001F0F2FDC7F8840007F12C03F3
:10205000383304221946D7F8840001F0E7FDC7F8A9
:1020600084003B689B68403B7B670023FB67002341
:10207000BB6728E0FB6F20337A6F9A4202D9202396
:10208000BB6703E07A6FFB6FD31ABB673B681A6DBF
:10209000FB6F134403F14001BB6F073323F00703C9
:1020A00007F10C02786801F0DCFE07F10C03BA6F4F
:1020B0001946D7F8840001F0B9FDC7F88400FA6F1B
:1020C000BB6F1344FB67FA6F7B6F9A42D2D3FB6DF1
:1020D000D7F884209A421CD097F86030402B28BF54
:1020E0004023DBB2FB663B6800225A70022387F86C
:1020F00083303B681B6D40333B673B6803F1100244
:10210000FB6E073323F00703396F786801F0A9FEEF
:1021100044E03B6801225A703B681B6D40333B67CB
:102120003B6803F1100097F86030DA1D97F86030D3
:102130000733594203F0070301F0070158BF4B4230
:10214000D31A0246396F786801F08BFE97F8603039
:10215000DA1D97F860300733594203F0070301F0A6
:10216000070158BF4B42D31A1A463B6F1A443B68CB
:102170005A657A6E3B68DA6097F860203B689A701F
:1021800097F860303F2B02D93F2387F8603097F8EB
:1021900060301A463B68134400221A7497F8833063
:1021A00018468837BD4680BD80B5AEB000AFF86038
:1021B000B9607A60FB70002387F8B73007F16803D5
:1021C00040220021184605F0F8F8FB68DA68BB6881
:1021D000B3FBF2F101FB02F29B1A002B01D000BF0E
:1021E000FDE77B68002B01D100BFFDE7B968F86807
:1021F000FFF763FCC7F8B000D7F8B030002B17D05A
:10220000FB7883F00103DBB2002B08D1FB78002BB5
:102210000ED0D7F8B0305B69B3F1FF3F08D0182279
:10222000D7F8B010786805F0FEFF97F8B730DCE01B
:1022300007F168024023B968F86801F012FE7B6874
:1022400000225A707B6800229A707B68BA685A60D4
:10225000D7F898207B689A607B689B68654A9342B0
:1022600008D1D7F89C30B3F1FF3F0CD0D7F89C30A1
:10227000002B08D07B6800221A707B684FF0FF3279
:10228000DA600823B1E07B6801221A70D7F89C203D
:102290007B68DA6007F168030421184601F013FD3A
:1022A0000346DAB27B685A7007F1680318330421D9
:1022B000184601F008FD0346DAB27B689A70FB7895
:1022C000002B79D07B6800221A617B685B6803F180
:1022D00040027B685A617B685B78012B06D1FB6802
:1022E000DB68A3F140027B681A6160E07B685B7881
:1022F000022B5CD1FB68DB68A3F140027B681A61AA
:102300007B685B6840333B6607F110031946F86849
:10231000FFF747FE7B7C83F00103DBB2002B0CD080
:102320003B7C012B09D03B7C052B06D07B6800222F
:102330001A61022387F8B73018E07B685A69BB69D5
:102340001A447B685A617B681A69BB69D21A7B6838
:102350001A6107F110031A467968F868FFF7C8FD9B
:1023600003463B663B6EB3F1FF3FCDD17B685969B5
:102370007B685A68FB68DB6813441A46F86801F00A
:102380001CFDC7F8A8007B685B69D7F8A8209A42B3
:102390000DD07B68D7F8A8205A61FB68DA687B68A3
:1023A0005968D7F8A830CB1A1A447B681A61796843
:1023B000F868FFF71DFB16E07B685B681946F86854
:1023C000FFF77BFBC7F8AC00D7F8AC30002B0AD185
:1023D0007B684FF0FF325A617B6800221A6179688E
:1023E000F868FFF705FB97F8B7301846B837BD46D1
:1023F00080BD00BF4644423080B487B000AFF86073
:10240000B9607A60BB68DB68B3F1FF3F03D1FB685A
:10241000DB687B6106E0BB68DB68FA68D26802FBB8
:1024200003F37B617A687B691A44FB681B699A42F3
:102430000ED8BB685A687B691A44FB681B699A42CC
:1024400004D2BB685A687B69134403E0002301E0AF
:102450004FF0FF3318461C37BD465DF8047B7047CC
:1024600080B58CB000AFF860B9607A603B60002343
:10247000BB62FB685B69FB62FB68DB68BA6A13449A
:10248000BB6207F110020023F96AF868FFF78CFEBF
:102490000346002B29D1BB6B002B28D07B7C022B61
:1024A00002D07B7C032B23D17B6903F14002BB6804
:1024B0001A65B968F868FFF774FDBB6B3A6879680C
:1024C000B86898470346002B1FD107F11003BA687C
:1024D0001946F868FFF70CFD0246BB681A65BB6831
:1024E0001B6DB3F1FF3FE4D102E000BF00E000BF8D
:1024F00007F11003BA6A1946F868FFF77DFFF86222
:10250000FB6AB3F1FF3FB7D100E000BF3037BD46F3
:1025100080BD80B588B000AFF860B9607A60BB68F4
:10252000FB617B68BB61F869DEF71EFA7861FB68C6
:102530009B781A467B69934201D0002317E0FB6821
:102540005B78002B12D0FB681B78022B0ED1FB6846
:1025500010337A69F969184604F044FF0346002BEA
:1025600004D1BB6901221A70012300E00023184640
:102570002037BD4680BD000080B588B002AFF8604E
:10258000B9607A600023FB7507F11703054A0092D2
:10259000BA687968F868FFF763FFFB7D184618375B
:1025A000BD4680BD1325020880B586B000AFF86037
:1025B000B9607A600023FB75B868DEF7D5F9386139
:1025C0007B6850333A69B968F868FFF796FB0346B1
:1025D000002B05D07968F868FFF7E3FC012311E0D0
:1025E0007A68B968F868FFF7C7FF0346FB75FB7D9B
:1025F000002B06D07B681B6D3A69B968F868FFF755
:10260000BDFAFB7D18461837BD4680BD80B59CB02D
:1026100000AFF860B9607A603B600023FB6607F1A9
:1026200014031A46B968F868FFF7BEFF0346002B8B
:1026300018D0BB6F002B02D03A6ABB6F1A603B6A9E
:102640003A689A4202D93B6AFB6601E03B68FB6646
:102650007B68002B0CD0B96EFB6E7A68F86801F0CD
:1026600000FC05E0BB6F002B02D0BB6F00221A609C
:10267000FB6E18467037BD4680BD80B588B002AF8E
:10268000F860B9607A6000237B61FB681B7E83F091
:102690000103DBB2002B01D000231DE0FB68DB69E6
:1026A000002B03D0FB68DB69F86898477B681A68E1
:1026B0007B6859687B68103300930B46B968F868EB
:1026C000FFF7A4FF7861FB681B6A002B03D0FB684F
:1026D0001B6AF86898477B6918461837BD4680BD65
:1026E00080B588B002AFF860B9607A600023FB75EE
:1026F0007A6800230193012300930623B968F868E0
:1027000001F009FB0346FB75FB7D002B01D0FB7D2F
:102710000EE0BB6803F128017B6803F12802002367
:1027200000931823F86801F0DBFB0346FB75FB7D83
:1027300018461837BD4680BD80B59EB002AFF86020
:10274000B9607A60002387F86F3007F12C034022CC
:102750000021184604F031FEFB68DA68BB68B3FB61
:10276000F2F101FB02F29B1A002B01D000BFFDE742
:10277000FB68DB681A46B968F86801F092FB03460B
:1027800087F86F3097F86F30002B4BD107F12C038F
:102790004022FF21184604F010FE07F12C0201230D
:1027A0000193012300930423B968F86801F0B3FA98
:1027B000BB6803F1180107F12C0303F11802012390
:1027C0000193012300930423F86801F0A4FA184B45
:1027D000FB657B683B664FF0FF337B66BB6803F1AC
:1027E000300107F12C0303F1300201230093102381
:1027F000F86801F075FB034687F86F3007F11403A2
:1028000000221A605A609A60DA601A615A61BB68E5
:10281000BB614FF0FF33BB6207F114031946F86840
:10282000FFF7E6F897F86F3018467037BD4680BD61
:102830004644423080B58EB002AFF860B9607A602D
:102840003B60002387F82F30BB685B78012B16D1E3
:10285000BB68596807F11402012301930223009316
:102860000423F86801F057FA034687F82F30BB6855
:102870005B6802221946F868FFF76AF930E0BB6826
:102880005B78022B2CD1BB681B697F2B05D9BB68F9
:102890001A697B68D31A7F2B1CD8BB68596807F16B
:1028A000140201230193032300930423F86801F029
:1028B00032FA034687F82F30BB685B68032219465B
:1028C000F868FFF745F93B68002B09D03B68012207
:1028D0001A7005E03B68002B02D03B6800221A709A
:1028E00097F82F3018463037BD4680BD80B586B08A
:1028F00000AFF860B9603B601346FB7100233B6199
:10290000FB685B697B61FB68DB683A6913443B6188
:102910000023BA687969F868FFF746FCFB79002B59
:1029200004D0BB685B78FA799A4214D197F82830C2
:10293000002B05D00123BA687969F868FFF734FCE9
:102940007B6A002B07D07B6A3A6A3968B868984777
:102950000346002B0AD13A69B968F868FFF74CFDC5
:1029600078617B69B3F1FF3FCDD100E000BF18373C
:10297000BD4680BD80B487B000AFF860B9607A60B2
:10298000BB687B617B683B61FB681B78002B09D0CF
:10299000FB685B78012B05D17B691B685A1C7B693E
:1029A0001A600CE0FB681B78002B08D0FB685B7892
:1029B000022B04D13B691B685A1C3B691A60002337
:1029C00018461C37BD465DF8047B704780B487B05D
:1029D00000AFF860B9607A60BB687B61FB681B7808
:1029E000002B1ED0FB681A697B695B6880339A42B2
:1029F00017D9FB689B78012B0CD0FB689B78022BC6
:102A00000FD17B691B6893F8303083F00103DBB290
:102A1000002B06D07B699B68FA6852691A60012313
:102A200000E0002318461C37BD465DF8047B704764
:102A300080B58EB004AFF860B9607A604FF0FF33B4
:102A40007B6200233B620023FB61FB683B617B6888
:102A50007B6107F12403BB6107F12002002302938D
:102A6000204B019307F11C03009313460022B96821
:102A7000F868FFF73BFFFB69002B0CD007F1100350
:102A800001220292184A0192002200920222B968A1
:102A9000F868FFF72BFF3B6A002B1DD07B6AB3F170
:102AA000FF3F19D13B6A012B04D8FB6893F8303003
:102AB000002B0DD007F11003012202920A4A019265
:102AC000002200920122B968F868FFF70FFF03E0C7
:102AD000FB68012283F830207B6A18462837BD4600
:102AE00080BD00BF75290208CD29020880B5AAB0B3
:102AF00002AFF860B9607A60FB70002387F89F30FE
:102B000007F13C0358220021184604F056FC7B686C
:102B1000002B0FD107F13C031A46B968F868FFF79C
:102B200043FD0346002B03D007F13C037B6001E02B
:102B3000052399E0FB7883F00103DBB2002B13D06F
:102B40007B68196D07F1140200230193032300939E
:102B50000623F86801F0DFF8034687F89F30FB682A
:102B6000012283F8A4203AE07B68196D07F1140272
:102B700001230193042300930623F86801F0CBF8A6
:102B8000034687F89F30FB6893F8A43083F0010375
:102B9000DBB2002B1FD097F89F30002B1BD1BB68F6
:102BA000002B0AD0B868DDF7DFFE02464FF0FF3396
:102BB000B968F868FEF7E2FF0DE07B68002B0AD0E9
:102BC0007B6803F110017B689B781A464FF0FF3356
:102BD000F868FEF7D3FFFB68002283F8A4207B6827
:102BE0001A6DFB68DB68B2FBF3F3FA68D26802FB8C
:102BF00003F31833C7F8983097F89F30002B31D182
:102C000007F114020423D7F89810F86801F0B7F818
:102C10000346012B26D107F114020123019302235D
:102C200000930423D7F89810F86801F074F803466D
:102C300087F89F307B681A6DFB68DB68B2FBF3F3A3
:102C4000FA68D26802FB03F31946F868FEF735FF0D
:102C5000C7F89400D7F89430002B03D0D7F89430FD
:102C600002229A7097F89F301846A037BD4680BD63
:102C700080B5C0B002AF78603960002387F8F730C4
:102C80003B681B78022B05D100233A680021786845
:102C9000FFF72CFF3B689A6807F1A4031946786890
:102CA000FFF7C6FEC7F8E800D7F8E830B3F1FF3FFA
:102CB00029D07B6893F83130002B26D03B681B78F5
:102CC000032B22D107F1080341220021184604F00A
:102CD00074FB3B6803F110013B689B781A4607F1CF
:102CE0000803184604F090FB07F14C0207F10803B3
:102CF00019467868FFF740FC0346002B05D00023F7
:102D000087F8F730A7E00723ADE03B689B68C7F87A
:102D1000E4303B689A6807F1A40100237868FFF764
:102D200089FD07F1BC0200230193012300930623D0
:102D3000D7F8E810786800F0EEFFD7F8E430283BC9
:102D4000C7F8E4300023C7F8F0300023C7F8EC30B0
:102D50003CE0D7F8F0302033D7F8E4209A4203D98A
:102D60002023C7F8EC3006E0D7F8E420D7F8F0309D
:102D7000D31AC7F8EC303B681A6DD7F8F03013441B
:102D800003F12801D7F8EC30073323F0070307F1EC
:102D90004C02786801F065F8D7F8E820D7F8F030F1
:102DA000134403F1280107F14C0201230093D7F8E3
:102DB000EC30786801F094F8034687F8F730D7F8DC
:102DC000F020D7F8EC301344C7F8F030D7F8F020F3
:102DD000D7F8E4309A42BCD307F1BC020123019337
:102DE000022300930623D7F8E810786800F093FFD9
:102DF0007B68DB68D7F8E820B2FBF3F37A68D26827
:102E000002FB03F03B689B78DA1D3B689B78073335
:102E1000594203F0070301F0070158BF4B42D31A90
:102E20001A46D7F8E8301A443B68DB68073323F0CA
:102E30000703134440331A4601467868FEF769FEDB
:102E40003B6803F110013B689B781A46D7F8E830DD
:102E50007868FEF793FE01233A6800217868FFF74F
:102E600045FE97F8F7301846F837BD4680BD80B567
:102E700086B000AFF860B9607A600023FB754FF050
:102E8000FF333B617A68B968F868FFF7D1FD3861B4
:102E90003B69B3F1FF3F18D1FB6893F83030002B4A
:102EA0000CD0FB7D83F00103DBB2002B06D07968E8
:102EB000F86800F0DBF80123FB75E3E7FB7D002BEE
:102EC00003D0FB68002283F830203B69184618378E
:102ED000BD4680BD80B586B000AFF860B9607A604D
:102EE0003B607B68073323F007023B68073323F01E
:102EF0000703134440337B617A69B968F868FFF7C8
:102F0000B6FF034618461837BD4680BD80B487B06B
:102F100000AFF860B9607A60BB687B617B683B6139
:102F2000FB681B78002B08D07B691B685A1C7B69E7
:102F30001A60FB685A683B691A60002318461C3700
:102F4000BD465DF8047B704780B5ACB002AFF86059
:102F5000B9607A60BB68C7F8A430D7F8A4301B68A2
:102F6000C7F8A0300023C7F89C30FB681B78002B03
:102F700077D0FB689B78022B03D0FB689B78032BF0
:102F80006FD1FB685B6803F1180107F12C02012384
:102F90000193032300930423D7F8A00000F0BBFEA5
:102FA000FB685B684033C7F8943007F14403194667
:102FB000D7F8A000FEF7F5FF97F84530002B0FD0AB
:102FC00097F84430022B03D097F84430032B07D1F5
:102FD00007F144031946D7F8A000FFF749FE00BFE8
:102FE00007F144031A46F968D7F8A000FEF780FFFE
:102FF0000346C7F89430D7F89430B3F1FF3FD4D1EB
:10300000FB685B684FF0FF321946D7F8A000FFF766
:1030100093FBD7F8A4309B68C7F89C30FB685A68CC
:10302000D7F8A4309A600022F968D7F8A000FFF71B
:10303000E3F90246D7F8A0305A6107F114020123E0
:10304000D7F89C10D7F8A000FFF7AEF80346002B86
:1030500007D17A6AD7F8A4305B689A4201D9012374
:1030600000E000231846A837BD4680BD80B592B069
:1030700004AF786039600023FB610023BB6107F176
:103080001C0207F1200100230293144B019307F166
:1030900018030093134601227868FFF727FCFB69A9
:1030A000012B13D87B68FB603B683B61BB697B618C
:1030B00007F10C0307F1200100220292084A019255
:1030C0000022009200227868FFF710FC7B68002243
:1030D00083F8302000BF3837BD4680BD0D2F020871
:1030E000492F020880B582B000AF78607B681B6909
:1030F00019467868FFF7BAFF00BF0837BD4680BDA4
:1031000080B59AB002AFF860B9607A603B60002386
:1031100087F85F300023FB74BB685B69BB65786828
:10312000DDF722FC0346402B01D905233BE107F1E3
:1031300014034022FF21184604F03FF99C4BFB6327
:103140007868DDF711FC0346DBB287F84830BB6EC8
:10315000FB6497F84830DA1D97F848300733594236
:1031600003F0070301F0070158BF4B42D31A1A4678
:10317000FB6C073323F00703134440333B643A6C82
:10318000FB68DB68403B9A4201D907230BE1BB6D2A
:10319000B3F1FF3F0BD13B6C1A46B968F868FFF7F3
:1031A00066FEB865BB6DB3F1FF3F00F0F58097F8A0
:1031B0005F30002B09D13A6C07F11303B968F86846
:1031C000FFF738FB034687F85F3097F85F30002B36
:1031D00069D1FF23BB7400237B64786C07F114036F
:1031E00034330422194600F021FD03467B64786CD9
:1031F00007F1140338330422194600F017FD034683
:103200007B647B6C97F848207968184600F00EFDC7
:1032100003467B6497F84830DA1D97F84830073347
:10322000594203F0070301F0070158BF4B42D31A7C
:1032300097F848209B1A7B6508E07B6C07F1120128
:103240000122184600F0F2FC03467B647B6D5A1E97
:103250007A65002BF1D17B6CFA6C3968184600F066
:10326000E5FC03467B64FB6C073323F00702FB6C31
:10327000D31A7B6508E07B6C07F112010122184626
:1032800000F0D4FC03467B647B6D5A1E7A65002BEC
:10329000F1D107F114031A46B96DF868FFF720FA67
:1032A000034687F85F3097F85F30002B37D1BB6D4E
:1032B00003F1400197F848307A68F86800F030FE72
:1032C000034687F85F30FB7C83F00103DBB2002B01
:1032D0001DD0BB68586897F84830DA1D97F8483019
:1032E0000733594203F0070301F0070158BF4B426F
:1032F000D31A1A46BB6D1A44FB6C073323F007033D
:10330000134440331A460146F868FEF702FC97F86A
:1033100048301A46BB6D7968F868FEF72FFC97F8BD
:103320005F30002B1AD197F84830DA1D97F84830F3
:103330000733594203F0070301F0070158BF4B421E
:10334000D31A1A46BB6D134403F14001FB6C3A6873
:10335000F86800F0E5FD034687F85F3097F85F30C6
:10336000002B0DD107F114020123019302230093D6
:103370000623B96DF86800F0CEFC034687F85F308D
:1033800097F85F30002B0BD1FB7C002B08D0FB683B
:10339000012283F8302003E0072387F85F3000E044
:1033A00000BF97F85F3018466037BD4680BD00BF4C
:1033B0004B56303080B584B000AF78603960002360
:1033C000FB737B681B7E83F00103DBB2002B01D013
:1033D000082318E07B68DB69002B03D07B68DB697E
:1033E000786898470123002239687868FFF77EFBE8
:1033F0000346FB737B681B6A002B03D07B681B6A48
:1034000078689847FB7B18461037BD4680BD90B55D
:1034100089B002AFF860B9607A603B600023FB7549
:103420000023BB757B68002B08D101230022B968FB
:10343000F868FFF75BFB0346FB7561E0FB6803F18F
:103440008C04B868DDF790FA02463B682146F868BC
:10345000FFF740FD0346B3F1FF3F01D1072350E0E2
:10346000FB6834331A46B968F868FFF79DF80346DD
:10347000BB75BB7D002B09D0FB6803F13402002330
:10348000B968F868FFF732FB0346FB75FB7D002B3C
:103490000BD1FB6803F18C013B6800937B68BA6831
:1034A000F868FFF72DFE0346FB75BB7D002B0CD0A3
:1034B000FB7D002B09D1FB6803F134020123B968BD
:1034C000F868FFF713FB0346FB75FB6893F8303091
:1034D000002B15D0B868DDF747FA0446B868DDF769
:1034E00043FA0346073303F00703E21A3B68073346
:1034F00023F00703134447331946F868FFF7B6FD76
:10350000FB7D18461C37BD4690BD80B586B000AF28
:10351000F860B9607A600023FB75FB681B7E83F05E
:103520000103DBB2002B01D008231AE0FB68DB6942
:10353000002B03D0FB68DB69F86898477B681A6842
:103540007B685B68B968F868FFF761FF0346FB7545
:10355000FB681B6A002B03D0FB681B6AF86898475E
:10356000FB7D18461837BD4680BD80B58EB002AFD2
:103570007860002387F82F307B68DB69002B03D04D
:103580007B68DB697868984700237B620AE07A6889
:103590007B6A1533DB0013444FF0FF325A607B6ABD
:1035A00001337B627B6A3F2BF1D90023BB6211E0C0
:1035B0004FF0FF32B96A7868FFF7BEF8034687F824
:1035C0002F3097F82F30002B5AD17B68DB68BA6A0E
:1035D0001344BB627B681B69BA6A9A42E8D3002332
:1035E0007B6247E07B68996A7A6A13465B00134402
:1035F0009B000B449B68002B0DD17B68996A7A6A0B
:1036000013465B0013449B000B445B681846DDF7D0
:10361000ABF9386209E07B68996A7A6A13465B0005
:1036200013449B000B449B683B624FF0FF33FB61EC
:103630007B68996A7A6A13465B0013449B000B44CB
:1036400018687B68996A7A6A13465B0013449B008A
:103650000B445A6807F108013B6A0093134602467F
:103660007868FFF74DFD97F82F30002B0AD17B6A61
:1036700001337B627B68DB6A7A6A9A42B2D302E0EA
:1036800000BF00E000BF7B6800225A617B681B6AB4
:10369000002B03D07B681B6A7868984797F82F3017
:1036A00018463037BD4680BD90B589B002AF78600E
:1036B0007B68D3F86833BB6007F10C0200230093EA
:1036C00004233E497868FEF7A1FF0346002B68D02B
:1036D000FA68BB689A426CD000237B615CE07B682F
:1036E000996A7A6913465B0013449B000B4419687E
:1036F0007B6834331A467868FEF756FF034683F03A
:103700000103DBB2002B44D07B68996A7A691346C7
:103710005B0013449B000B449B68002B0DD17B681E
:10372000996A7A6913465B0013449B000B445B68FB
:103730001846DDF719F9386109E07B68996A7A69FA
:1037400013465B0013449B000B449B683B617B6802
:103750004FF0FF32C3F8A0207B6803F18C007B6838
:10376000996A7A6913465B0013449B000B441C68FA
:103770007B68996A7A6913465B0013449B000B448B
:103780005A683B6900931346224601467868FFF762
:10379000B7FC7B6901337B617B68DB6A7A699A429B
:1037A0009DD307F10802042304497868FFF72FFE30
:1037B00000E000BF1C37BD4690BD00BFE0F8020826
:1037C00080B487B000AFF860B9607A60BB687B6195
:1037D0007B683B613B691B78012B0BD1FB685B78F5
:1037E000032B03D0FB685B78022B03D1FB685A687C
:1037F0007B691A60FB685A783B691A700023184687
:103800001C37BD465DF8047B704780B586B000AFBD
:10381000F860B9607A60FB681B7883F00103DBB263
:10382000002B16D0BB687B617B683B617B691B68A2
:103830005A1C7B691A603B699B7E002B01D00123D7
:1038400008E0FB685B684FF0FF3219463869FEF705
:1038500073FF002318461837BD4680BD80B586B07B
:1038600000AFF860B9607A60BB687B61FB681B7869
:10387000002B0AD0FB689B78032B06D17B690122C1
:1038800083F830207869FFF72DFC0023184618379D
:10389000BD4680BD80B592B002AFF860B9607A6075
:1038A000BB68FB63FB685B78002B0CD0FB681B7864
:1038B000032B08D1F968F86BFFF7DAF90346002B00
:1038C00026D0012325E0FB681B78012B0DD1FB6876
:1038D000196D07F1140201230193052300930623B8
:1038E000F86B00F018FA012313E0FB685B78002BFB
:1038F0000ED0FB681B78022B0AD1FB6803F1100184
:10390000FB689B781A46FB681B6DF86BFEF736F96F
:10391000002318464037BD4680BD000080B5A4B0E6
:1039200004AF7860002387F87F300023BB607B689A
:10393000012283F8312007F1080207F10C0100236E
:103940000293234B01937B6800931346002278680F
:10395000FEF7CCFF7B689B7E002B04D0BB68002B5E
:1039600001D0022330E07B681A697B68DB68B2FB18
:10397000F3F2BB689A4202D17868FFF7F6FD07F1CF
:103980000C0100230293134B0193002300937B68E7
:1039900000227868FEF7AAFF07F124010E4B00937E
:1039A00000237A687868FEF75BFD7B6893F8303017
:1039B000002B03D07868FFF795FBEDE77B680022CA
:1039C00083F8312097F87F3018468037BD4680BD98
:1039D0000B3802085D3802089538020880B485B0BB
:1039E00000AFF860B9607A60FB68002B01D100BFBE
:1039F000FDE7BB680B2B3FD801A252F823F000BFB4
:103A0000313A0208473A0208513A0208593A020884
:103A1000793A0208793A0208793A0208793A0208B2
:103A2000793A0208773A0208773A0208613A0208BE
:103A3000FB681B7E002B01D000BFFDE77B681A6886
:103A4000FB68DA6018E0FB68DA687B681A6013E0EC
:103A50007A68FB68DA610FE07A68FB681A620BE04B
:103A6000FB681B7E002B01D000BFFDE77B681A7846
:103A7000FB689A7600E000BF00BF1437BD465DF8D2
:103A8000047B704780B592B004AFF860B9607A608B
:103A90003B60002387F837303B6C009300237A6843
:103AA000B968F868FDF706FF034687F8373097F8DE
:103AB0003730002B40F0A880FB68DB69002B03D077
:103AC000FB68DB69F8689847FB68002283F83020C0
:103AD000FB68002283F831203B68002B07D0FB688D
:103AE0003A68283392E8030083E8030005E0FB68A6
:103AF0000022DA62FB6800229A6200237B610023C5
:103B0000FB74FB6800225A6107F1140207F11801E7
:103B100000230293444B019307F1130300931346D0
:103B20000022F868FEF7E2FE7A69FB685A61FB68DA
:103B30001A69FB68DB68B2FBF3F3012B01D800BF05
:103B4000FDE700233B6325E0F9683A6B13465B0011
:103B50001344DB000B4403F52A7300221A70F96842
:103B60003A6B13465B001344DB000B4403F52F73E1
:103B70004FF0FF321A60F9683A6B13465B0013444A
:103B8000DB000B4403F52B734FF0FF321A603B6BE5
:103B900001333B633B6B072BD6D900233B630AE021
:103BA000FA683B6B1533DB0013444FF0FF325A6069
:103BB0003B6B01333B633B6B3F2BF1D9FB681B6ACB
:103BC000002B03D0FB681B6AF8689847F868FFF77A
:103BD000A5FE034687F83730FB68DB69002B03D06E
:103BE000FB68DB69F868984797F83730002B02D1FB
:103BF000F868FFF759FDFB681B6A002B06D0FB68CD
:103C00001B6AF868984702E000BF00E000BF97F821
:103C100037301946F868FDF7CDFE97F8373018466B
:103C20003837BD4680BD00BFC137020880B487B0B9
:103C300000AFF860B9607A60BB687B61FB68DB430A
:103C4000FB600EE07B695A1C7A611B781A46FB68A0
:103C50005340DBB2094A52F82320FB681B0A534049
:103C6000FB607B685A1E7A60002BEBD1FB68DB435C
:103C700018461C37BD465DF8047B7047B0FC02084F
:103C800080B586B000AFF860B9607A604FF0FF335E
:103C90007B61BB689B01393BDB081A46FF21F86852
:103CA00003F08BFB7B68002B08D07B68013BDB00BB
:103CB0007B61FA687B69134400221A707B6918469D
:103CC0001837BD4680BD80B485B000AF78603960DC
:103CD0000023FB603B68013B3B603B68BB600AE044
:103CE0003B689B01DB087A6813441B78002B08D0E3
:103CF000FB680133FB603B685A1E3A60002BEFD132
:103D000000E000BFBA68FB68D31A18461437BD46F6
:103D10005DF8047B704780B588B002AFF860B96089
:103D20007A603B600023FB753A6A3B689A4201D394
:103D300000BFFDE77B68002B01D100BFFDE73A6AB9
:103D400039687868FFF79CFF38613B69B3F1FF3F42
:103D500001D100230FE0BA683B69D1187A683B694A
:103D60001A4497F8243000930823F86800F0B8F854
:103D70000346FB75FB7D18461837BD4680BD80B5F0
:103D800084B000AFF860B9607A603B607B68002B5C
:103D900001D100BFFDE73B689B01393BDB087A6836
:103DA000B968F86800F05DF839687868FFF78BFF4C
:103DB000034618461037BD4680BD80B590B000AFB1
:103DC000F860B9607A60002387F83F30BB687B6396
:103DD00035E0BB6820337A689A4202D920233B63DE
:103DE00003E07A68BB68D31A3B6307F110023B6BB0
:103DF000B968F86800F035F80023BB6318E097F85D
:103E00003F30FF2B0AD007F11002BB6B13441B7825
:103E1000FF2B03D1BA68BB6B13447B6307F110021D
:103E2000BB6B13441B7887F83F30BB6B0133BB631C
:103E3000BA6B3B6B9A42E2D3BB682033BB60BA6873
:103E40007B689A42C5D397F83F30FF2B04D17B6B38
:103E5000073323F0070300E07B6818464037BD4670
:103E600080BD80B586B000AFF860B9607A603B6015
:103E70000023FB75FB685B7E002B01D002230CE066
:103E8000FB6898683B687A68B968FDF78FFB034662
:103E9000002B01DA0223FB75FB7D18461837BD465F
:103EA00080BD80B586B000AFF860B9607A6000234D
:103EB000FB75FB685B7E002B01D001230CE0FB68E7
:103EC0009B687A68B9681846FDF77CFC0346002BAE
:103ED00001DA0123FB75FB7D18461837BD4680BD0E
:103EE00080B586B000AFF860B9607A603B600023AF
:103EF000FB75FB685B7E002B01D003230CE0FB68A5
:103F000098683B687A68B968FDF7D6FB0346002BD2
:103F100001DA0323FB75FB7D18461837BD4680BDCB
:103F200080B58CB002AFF860B9607A603B60002366
:103F300087F8273008233B6207F114033A6AFF2110
:103F4000184603F03AFA3B68072B0CD93B6823F07C
:103F50000703002200927A68B968F868FFF7C0FF8B
:103F6000034687F827303B6803F00703FB6197F8A7
:103F70002730002B1DD1FB69002B1AD03B6823F0A2
:103F800007037A68D11807F11403FA69184604F098
:103F90004AF93B6823F00702BB68D11807F1140205
:103FA000002300933B6AF868FFF79AFF034687F8FF
:103FB000273097F8273018462837BD4680BD80B592
:103FC00082B000AF78607868E5F78EFF0346184648
:103FD0000837BD4680BD80B582B000AF7860786894
:103FE000E6F754F800BF0837BD4680BD80B582B003
:103FF00000AF064B3B60064B7B603B46184600F02B
:10400000A5F800BF0837BD4680BD00BFBF3F02080E
:10401000D73F020880B582B000AF78607B68002B84
:1040200002D07868FFF7D7FF00BF0837BD4680BDD4
:1040300080B485B000AF786039607B68002B07D111
:104040007A683B689A4214BF01230023DBB255E033
:104050003B68002B0DD1012350E07B681B78002BBF
:1040600001D100234AE07B6801337B603B68013368
:104070003B607B681B78FB73FB7B0133224A134454
:104080001B7803F00303012B03D1FB7B03F1200218
:1040900000E0FA7B3B681B78BB73BB7B01331A499A
:1040A0000B441B7803F00303012B02D1BB7B2033AD
:1040B00000E0BB7B9A42D0D07B681B787B737B7B14
:1040C0000133114A13441B7803F00303012B03D17E
:1040D0007B7B03F1200200E07A7B3B681B783B731B
:1040E0003B7B013308490B441B7803F00303012B8E
:1040F00002D13B7B203300E03B7BD31A18461437B8
:10410000BD465DF8047B7047101B030880B584B082
:1041100000AF78607868DCF727FC03460133FB606A
:10412000094B1B68F8689847B860BB68002B01D141
:10413000002305E0FA687968B86804F074F8BB6891
:1041400018461037BD4680BDD402002080B483B02D
:1041500000AF78607B68002B06D1104B104A1A60C4
:10416000104B114A1A6013E07B681B68002B02D0C9
:104170007B681B6800E00A4B084A13607B685B6839
:10418000002B02D07B685B6800E0074B054A136098
:104190000C37BD465DF8047B704700BFD402002099
:1041A000B9680208D8020020C968020880B582B048
:1041B00000AF094B1B682820984778607B68002B6C
:1041C00004D028220021786803F0F7F87B681846AD
:1041D0000837BD4680BD00BFD402002080B584B042
:1041E00000AF786037E07B681B68FB607B68DB684A
:1041F00003F48073002B08D17B689B68002B04D0EC
:104200007B689B681846FFF7E9FF7B68DB6803F46F
:104210008073002B09D17B681B69002B05D0124BE2
:104220001B687A681269104698477B68DB6803F45C
:104230000073002B09D17B681B6A002B05D00A4B49
:104240001B687A68126A10469847074B1B687868A3
:104250009847FB687B607B68002BC4D100BF00BF20
:104260001037BD4680BD00BFD802002080B52DEDBF
:10427000028B8AB000AF786039604FF000024FF0D7
:104280000003C7E908234FF000026F4BC7E906237C
:104290004FF000024FF00003C7E904230023FB6046
:1042A0000123BB603B681B782D2B07D14FF0000228
:1042B000664BC7E906233B6801333B603B681B78CC
:1042C000302B02D13B6801333B603B681B78302BBD
:1042D0001ED93B681B78392B1AD897ED087BB2EEB4
:1042E000046B27EE066B3B685A1C3A601B78303B28
:1042F00007EE903AB8EEE77B36EE077B87ED087B5A
:104300003B681B782F2B03D93B681B78392BE4D9EA
:104310003B681B782E2B2FD13B6801331B782F2B4A
:104320002AD93B6801331B78392B25D83B680133E8
:104330003B6097ED087BB2EE046B27EE066B3B68A3
:104340005A1C3A601B78303B07EE903AB8EEE77B98
:1043500036EE077B87ED087B97ED047BB7EE006BAD
:1043600037EE467B87ED047B3B681B782F2B03D908
:104370003B681B78392BDCD93B681B78652B03D055
:104380003B681B78452B2AD13B6801333B603B6877
:104390001B782B2B03D13B6801333B6017E03B6854
:1043A0001B782D2B13D14FF0FF33BB603B680133DB
:1043B0003B600CE0FA6813469B0013445B0019460F
:1043C0003B685A1C3A601B78303B0B44FB603B68EF
:1043D0001B782F2B03D93B681B78392BEAD997ED33
:1043E000066B97ED087B26EE078BFB68BA6802FB2D
:1043F00003F307EE903AB8EEE76B97ED047B36EEE9
:10440000077BB0EE471BB2EE040B01F069FEB0EE85
:10441000407B28EE077B87ED087B7968D7E9082386
:10442000C1E9062397ED087BFDEEC77B17EE902AC6
:104430007B685A617B680322DA603B68184628373C
:10444000BD46BDEC028B80BD0000F03F0000F0BF18
:1044500080B483B000AF78607B68013B7B607B6891
:104460005B107A6813437B607B689B107A68134308
:104470007B607B681B117A6813437B607B681B122F
:104480007A6813437B607B681B147A6813437B60F4
:104490007B68013318460C37BD465DF8047B7047D6
:1044A00080B584B000AF786039607B68002B03D0A2
:1044B0007B681B68002B01D1002346E07B689B686A
:1044C0003A6813443B607B685B683A689A4205DC53
:1044D0007B681B687A689268134436E03868FFF797
:1044E000B7FFF8601B4B1B68FA6810469847B86026
:1044F000BB68002B0DD1184B1B687A6812681046F8
:1045000098477B6800225A607B6800221A6000236B
:104510001BE0BB68002B07D07B6819687B685B6871
:104520001A46B86803F07FFE0B4B1B687A68126866
:10453000104698477B68FA685A607B68BA681A60C8
:104540007B689B681A46BB68134418461037BD4603
:1045500080BD00BFD4020020D802002090B585B0F5
:1045600000AF78607B68002B03D07B681B68002B52
:1045700001D100230DE07B681B687A6892681344C0
:10458000FB607B689B681C46F868DCF7EDF9034626
:10459000234418461437BD4690BD000000000000BB
:1045A00080B586B000AF7860396000237B617B689E
:1045B000D3E90623C7E9022397ED027BB5EE407BE2
:1045C000F1EE10FA18D13B68002B05D002213868B3
:1045D000FFF766FF786104E0614B1B680220984793
:1045E00078617B69002B00F09E807B695D491A46EB
:1045F0000B461B88138096E07B685B6907EE903A58
:10460000B8EEE76B97ED027B36EE477BB0EEC77BEB
:104610009FED476BB4EEC67BF1EE10FA2AD897ED0A
:10462000027B9FED456BB4EEC67BF1EE10FA21D80C
:1046300097ED027B9FED426BB4EEC67BF1EE10FA74
:1046400018DB3B68002B05D015213868FFF728FFE1
:10465000786104E0424B1B681520984778617B69BC
:10466000002B60D07B685B691A463F49786902F08D
:1046700081FD58E03B68002B05D040213868FFF7EA
:104680000FFF786104E0364B1B6840209847786143
:104690007B69002B47D097ED020B02F00DF8B0EECE
:1046A000406B97ED027B36EE477BB0EEC77B9FED0C
:1046B000206BB4EEC67BF1EE10FA11D897ED027BB9
:1046C000B0EEC77B9FED206BB4EEC67BF1EE10FA27
:1046D00006D5D7E902232549786902F04BFD22E08F
:1046E00097ED027BB0EEC77B9FED196BB4EEC67BF6
:1046F000F1EE10FA0AD497ED027BB0EEC77B9FED86
:10470000166BB4EEC67BF1EE10FA06DDD7E9022394
:104710001749786902F02EFD05E0D7E90223154913
:10472000786902F027FD7B6918461837BD4680BDC1
:10473000000000000000B03C0000C0FFFFFFDF41B0
:10474000000000000000E0C144F3C2E4E4E9634C6F
:104750008DEDB5A0F7C6B03E0000000065CDCD419F
:10476000D4020020ECF80208F0F80208F4F802087D
:10477000FCF8020800F9020880B485B000AF786048
:104780000023FB607B681B782F2B0BD97B681B7881
:10479000392B07D87B681B781A46FB681344303BDB
:1047A000FB6021E07B681B78402B0BD97B681B7872
:1047B000462B07D87B681B781A46FB681344373BA7
:1047C000FB6011E07B681B78602B0BD97B681B7842
:1047D000662B07D87B681B781A46FB681344573B47
:1047E000FB6001E00023A8E0FB681B01FB607B6825
:1047F00001337B607B681B782F2B0BD97B681B7880
:10480000392B07D87B681B781A46FB681344303B6A
:10481000FB6021E07B681B78402B0BD97B681B7801
:10482000462B07D87B681B781A46FB681344373B36
:10483000FB6011E07B681B78602B0BD97B681B78D1
:10484000662B07D87B681B781A46FB681344573BD6
:10485000FB6001E0002370E0FB681B01FB607B68EC
:1048600001337B607B681B782F2B0BD97B681B780F
:10487000392B07D87B681B781A46FB681344303BFA
:10488000FB6021E07B681B78402B0BD97B681B7891
:10489000462B07D87B681B781A46FB681344373BC6
:1048A000FB6011E07B681B78602B0BD97B681B7861
:1048B000662B07D87B681B781A46FB681344573B66
:1048C000FB6001E0002338E0FB681B01FB607B68B4
:1048D00001337B607B681B782F2B0BD97B681B789F
:1048E000392B07D87B681B781A46FB681344303B8A
:1048F000FB6021E07B681B78402B0BD97B681B7821
:10490000462B07D87B681B781A46FB681344373B55
:10491000FB6011E07B681B78602B0BD97B681B78F0
:10492000662B07D87B681B781A46FB681344573BF5
:10493000FB6001E0002300E0FB6818461437BD4629
:104940005DF8047B7047000080B588B000AF7860E8
:1049500039603B680133FB6100237B613B681B7856
:10496000222B0DD09F4A3B681360002366E1FB6950
:104970005A1CFA611B785C2B02D1FB690133FB6185
:10498000FB691B78222B09D0FB691B78002B05D013
:104990007B6901337B617B69002BE8D1924B1B68FB
:1049A0007A69013210469847F860FB68002B01D104
:1049B000002343E13B680133FB61FB68BB6123E1FA
:1049C000FB691B785C2B08D0FA69531CFB61BB693F
:1049D000591CB96112781A7016E1FB690133FB6149
:1049E000FB691B78623B132B00F2048101A252F891
:1049F00023F000BF454A0208F54B0208F54B0208B8
:104A0000F54B0208514A0208F54B0208F54B020823
:104A1000F54B0208F54B0208F54B0208F54B02086E
:104A2000F54B02085D4A0208F54B0208F54B0208F7
:104A3000F54B0208694A0208F54B0208754A02085C
:104A4000814A0208BB695A1CBA6108221A70D8E070
:104A5000BB695A1CBA610C221A70D2E0BB695A1C9D
:104A6000BA610A221A70CCE0BB695A1CBA610D22E5
:104A70001A70C6E0BB695A1CBA6109221A70C0E0FC
:104A8000FB6901331846FFF777FE3861FB69043391
:104A9000FB613B69B3F55C4F04D33B69B3F5604FF1
:104AA000C0F0AF803B69002B00F0AB803B69B3F5F1
:104AB000584F2DD33B69B3F55C4F29D2FB690133C5
:104AC0001B785C2B40F09D80FB6902331B78752BB3
:104AD00040F09780FB6903331846FFF74DFEB8603E
:104AE000FB690633FB61BB68B3F55C4FC0F089809E
:104AF000BB68B3F5604F80F084803B699A023B4B02
:104B00001340BA68C2F30902134303F580333B61D3
:104B100004237B613B697F2B02D801237B610CE07E
:104B20003B69B3F5006F02D202237B6105E03B696C
:104B3000B3F5803F01D203237B617B69BA691344DB
:104B4000BB617B69013B032B47D801A252F823F0DC
:104B5000C14B0208A14B0208814B0208614B0208BD
:104B60003B69DBB203F03F03DBB2BA69013ABA61D9
:104B700063F07F03DAB2BB691A703B699B093B6142
:104B80003B69DBB203F03F03DBB2BA69013ABA61B9
:104B900063F07F03DAB2BB691A703B699B093B6122
:104BA0003B69DBB203F03F03DBB2BA69013ABA6199
:104BB00063F07F03DAB2BB691A703B699B093B6102
:104BC0000B4A7B6913441A783B69DBB2B969013936
:104BD000B9611343DAB2BB691A707B69BA691344CD
:104BE000BB610EE0BC780320D402002000FC0F0063
:104BF000B0000308BB695A1CBA61FA6912781A70CE
:104C000000BFFB690133FB61FB691B78222B04D0D9
:104C1000FB691B78002B7FF4D3AEBB6900221A70AE
:104C2000FB691B78222B02D1FB690133FB617B6896
:104C3000FA681A617B680422DA60FB69184620373B
:104C4000BD4680BD80B588B000AF78603960002374
:104C50003B610023FB607B68FB6118E0FB691B780C
:104C6000002B03D0FB691B781F2B07D9FB691B782E
:104C7000222B03D0FB691B785C2B01D1012300E0C0
:104C80000023FA681343FB60FB690133FB61FB6996
:104C90001B78002BE2D1FB68002B32D1FA697B68CC
:104CA000D31A3B613B68002B07D03B69033319469D
:104CB0003868FFF7F5FB786106E0984B1B683A69A6
:104CC00003321046984778617B69002B01D100239D
:104CD00020E17B69BB61BB695A1CBA6122221A7050
:104CE0007968B86903F097FA3B69BA6913442222DC
:104CF0001A703B690133BA69134400221A707B6948
:104D000008E17B68002B1AD13B68002B05D00321FA
:104D10003868FFF7C5FB786104E0804B1B6803200F
:104D2000984778617B69002B01D10023F2E07B6911
:104D30007B4A1188927819809A707B69EAE07B68D7
:104D4000FB6114E0FB7A1946764802F03EFB03460D
:104D5000002B03D03B6901333B6105E0FB7A1F2B3D
:104D600002D83B6905333B61FB690133FB61FB6999
:104D70001B78FB72FB7A002B05D03B6901333B614A
:104D80003B69002BDED13B68002B07D03B69033326
:104D900019463868FFF784FB786106E05F4B1B68B3
:104DA0003A6903321046984778617B69002B01D13C
:104DB0000023AFE07B69BB617B68FB61BB695A1C68
:104DC000BA6122221A7095E0FB691B781F2B10D95B
:104DD000FB691B78222B0CD0FB691B785C2B08D05D
:104DE000FA69531CFB61BB69591CB96112781A70CE
:104DF00080E0BB695A1CBA615C221A70FB695A1CBC
:104E0000FA611B78FB72FB7A222B3DDC082B67DBF7
:104E1000083B1A2B64D801A252F823F0A54E0208D1
:104E2000D54E0208BD4E0208E14E0208B14E0208FE
:104E3000C94E0208E14E0208E14E0208E14E0208A6
:104E4000E14E0208E14E0208E14E0208E14E02087E
:104E5000E14E0208E14E0208E14E0208E14E02086E
:104E6000E14E0208E14E0208E14E0208E14E02085E
:104E7000E14E0208E14E0208E14E0208E14E02084E
:104E8000E14E0208994E02085C2B29D1BB695A1CDD
:104E9000BA615C221A702DE0BB695A1CBA612222E9
:104EA0001A7027E0BB695A1CBA6162221A7021E0AD
:104EB000BB695A1CBA6166221A701BE0BB695A1C96
:104EC000BA616E221A7015E0BB695A1CBA6172226F
:104ED0001A700FE0BB695A1CBA6174221A7009E09B
:104EE000FB7A1A461049B86902F044F9BB690533E8
:104EF000BB6100BFFB691B78002B7FF465AFBB690A
:104F00005A1CBA6122221A70BB695A1CBA6100226B
:104F10001A707B6918462037BD4680BDD402002038
:104F200004F9020808F9020810F9020880B582B0F5
:104F300000AF786039607B681B6939681846FFF7F5
:104F400081FE034618460837BD4680BD80B483B055
:104F500000AF786002E07B6801337B607B68002BE8
:104F600007D07B681B78002B03D07B681B78202B35
:104F7000F1D97B6818460C37BD465DF8047B704755
:104F800080B586B000AFF860B9607A6000237B61BD
:104F9000FFF70CF938611B4B00221A603B69002BAC
:104FA00001D100232AE0F868FFF7D0FF0346194635
:104FB000386900F047F878617B69002B04D13869C3
:104FC000FFF70CF9002319E07B68002B0FD07869FC
:104FD000FFF7BCFF78617B691B78002B07D038692D
:104FE000FFF7FCF8074A7B691360002306E0BB6803
:104FF000002B02D0BB687A691A603B6918461837E3
:10500000BD4680BDBC78032080B582B000AF78601B
:10501000002200217868FFF7B3FF034618460837DF
:10502000BD4680BD80B582B000AF7860002300220D
:105030000021786800F07EF8034618460837BD4620
:1050400080BD000080B582B000AF786039603B68F9
:10505000002B01D1002360E004223249386802F0BD
:10506000C1F90346002B05D17B680222DA603B6858
:10507000043352E005222C49386802F0B3F90346A4
:10508000002B05D17B680022DA603B68053344E0E1
:1050900004222649386802F0A5F90346002B08D1FE
:1050A0007B680122DA607B6801225A613B68043325
:1050B00033E03B681B78222B05D139687868FFF70D
:1050C00043FC034629E03B681B782D2B07D03B6847
:1050D0001B782F2B09D93B681B78392B05D83968E9
:1050E0007868FFF7C3F8034617E03B681B785B2B33
:1050F00005D13968786800F0E1F803460DE03B68B7
:105100001B787B2B05D13968786800F0DBFA034601
:1051100003E0074A3B681360002318460837BD4682
:1051200080BD00BF18F9020820F9020828F902081A
:10513000BC78032080B586B000AFF860B9607A60B3
:105140003B6000237B61FB68002B01D10023AAE0B8
:105150003B68002B60D0FB68DB68DBB2062B00F2FB
:10516000A18001A252F823F0A5510208C351020800
:1051700085510208E1510208ED510208F951020877
:105180000952020805213868FFF78AF978617B69BE
:10519000002B00F082807B69454A10681860127904
:1051A0001A717AE006213868FFF77AF978617B692D
:1051B000002B74D07B693F4A1068186092889A80EF
:1051C0006DE005213868FFF76BF978617B69002B8A
:1051D00067D07B69384A1068186012791A7160E0EC
:1051E0003968F868FFF7DCF978615BE03968F868DE
:1051F000FFF79CFE786155E03B687A68B968F8680B
:1052000000F0D2F878614DE03B687A68B968F868D8
:1052100000F016FB786145E0FB68DB68DBB2062B2B
:1052200040D801A252F823F04F5202085952020806
:1052300045520208635202086F5202087B5202086C
:105240008B5202081A48FEF761FF78612AE019487C
:10525000FEF75CFF786125E01748FEF757FF78619D
:1052600020E00021F868FFF79BF978611AE000213F
:10527000F868FFF75BFE786114E000237A68B9688C
:10528000F86800F091F878610CE000237A68B9685A
:10529000F86800F0D5FA786104E000BF02E000BFD2
:1052A00000E000BF7B6918461837BD4680BD00BFCF
:1052B00018F9020820F9020828F9020880B584B01C
:1052C00000AF786039603B681B785B2B04D0354AAF
:1052D0003B681360002360E07B680522DA603B686E
:1052E00001331846FFF732FE38603B681B785D2BB0
:1052F00002D13B68013350E0FEF758FFF8607B684D
:10530000FA689A607B689B68002B01D1002344E017
:105310003868FFF71BFE03461946F868FFF792FE50
:1053200003461846FFF712FE38603B68002B25D174
:10533000002332E0FEF73AFFB860BB68002B01D1D2
:1053400000232AE0FB68BA681A60BB68FA685A60F2
:10535000BB68FB603B6801331846FFF7F7FD034667
:105360001946F868FFF76EFE03461846FFF7EEFD94
:1053700038603B68002B01D100230EE03B681B78AE
:105380002C2BD7D03B681B785D2B02D13B680133B7
:1053900003E0044A3B681360002318461037BD46FB
:1053A00080BD00BFBC78032080B58EB000AFF86030
:1053B000B9607A603B6000237B630523FB62FB6876
:1053C0009B68BB6200237B6200233B620023FB617E
:1053D0000023BB6105E07B6A01337B62BB6A1B680B
:1053E000BB62BB6A002BF6D17B6A002B18D13B68ED
:1053F000002B05D003213868FFF752F8786304E0EA
:10540000844B1B680320984778637B6B002B05D087
:105410007B6B814A1188927819809A707B6B4AE184
:105420003B68002B73D03B689B683B620121386866
:10543000FFF736F838633B6B002B01D100233AE1CC
:105440003B6B5B221A703B689B685A1C3B689A60F6
:10545000FB689B68BB623CE0BB68591C3B687A6890
:10546000B86AFFF767FE3868FFF778F802463B68CE
:105470009A60BB6A1B68002B28D07B68002B01D088
:10548000022300E00123FB62FB6A013319463868FE
:10549000FFF706F838633B6B002B01D100230AE1CC
:1054A0003B6B5A1C3A632C221A707B68002B04D089
:1054B0003B6B5A1C3A6320221A703B6B00221A7015
:1054C0003B689A68FB6A1A443B689A60BB6A1B682F
:1054D000BB62BB6A002B02D0FB69002BBCD002214F
:1054E0003868FEF7DDFF38633B6B002B01D10023EA
:1054F000E1E03B6B5A1C3A635D221A703B6B002261
:105500001A703B681A683B6A13447B63D2E0414BD4
:105510001B687A6A92001046984778617B69002B75
:1055200001D10023C7E07B6A9B001A4600217869FD
:1055300001F043FFFB689B68BB6227E0BB68591C16
:1055400000237A68B86AFFF7F5FD38613B6A5A1C98
:105550003A629B007A6913443A691A603B69002BEE
:105560000FD03869DBF700FA02467B68002B01D0C8
:10557000012300E000231A44FB6A13440233FB6258
:1055800001E00123FB61BB6A1B68BB62BB6A002BA5
:1055900002D0FB69002BD1D0FB69002B05D11D4B3C
:1055A0001B68FA6A1046984778637B6B002B01D121
:1055B0000123FB61FB69002B1FD000233B6212E03B
:1055C0003B6A9B007A6913441B68002B08D0134B7D
:1055D0001B683A6A920079690A4412681046984733
:1055E0003B6A01333B623A6A7B6A9A42E8DB0B4BC7
:1055F0001B687869984700235DE07B6B5B221A701B
:105600007B6B01333B633B6B00221A7000233B62D0
:105610003EE000BFD402002030F90208D80200208A
:105620003B6A9B007A6913441B681846DBF79CF9B8
:10563000B8613B6A9B007A6913441B68BA691946D2
:10564000386B02F0F0FD3A6BBB6913443B637B6A35
:10565000013B3A6A9A420FD03B6B5A1C3A632C22A8
:105660001A707B68002B04D03B6B5A1C3A632022D3
:105670001A703B6B00221A70114B1B683A6A920039
:1056800079690A441268104698473B6A01333B62C5
:105690003A6A7B6A9A42C3DB094B1B687869984770
:1056A0003B6B5A1C3A635D221A703B6B5A1C3A637F
:1056B00000221A707B6B18463837BD4680BD00BF8C
:1056C000D802002080B584B000AF786039603B68B4
:1056D0001B787B2B04D0594A3B6813600023A8E059
:1056E0007B680622DA603B6801331846FFF72EFC20
:1056F00038603B681B787D2B02D13B68013398E012
:10570000FEF754FDF8607B68FA689A607B689B68D6
:10571000002B01D100238CE03868FFF717FC03460B
:105720001946F868FFF710F903461846FFF70EFC14
:1057300038603B68002B01D100237AE0FB681A69CE
:10574000FB681A62FB6800221A613B681B783A2BDF
:1057500004D03A4A3B68136000236AE03B68013397
:105760001846FFF7F3FB03461946F868FFF76AFC93
:1057700003461846FFF7EAFB38603B68002B49D127
:10578000002356E0FEF712FDB860BB68002B01D184
:1057900000234EE0FB68BA681A60BB68FA685A607A
:1057A000BB68FB603B6801331846FFF7CFFB03463D
:1057B0001946F868FFF7C8F803461846FFF7C6FB16
:1057C00038603B68002B01D1002332E0FB681A6986
:1057D000FB681A62FB6800221A613B681B783A2B4F
:1057E00004D0164A3B681360002322E03B68013373
:1057F0001846FFF7ABFB03461946F868FFF722FC93
:1058000003461846FFF7A2FB38603B68002B01D126
:1058100000230EE03B681B782C2BB3D03B681B7831
:105820007D2B02D13B68013303E0044A3B681360DF
:10583000002318461037BD4680BD00BFBC7803204A
:1058400090B593B000AFF860B9607A603B60002318
:105850007B6200233B6200237B640723FB630023FE
:10586000BB63FB689B683B630023FB620023BB6256
:105870000023FB6105E0FB6A0133FB623B6B1B68A5
:105880003B633B6B002BF6D1FB6A002B4BD13B6893
:10589000002B0CD07B68002B02D0BB68043300E0E7
:1058A000032319463868FEF7FBFD78640BE0924B42
:1058B0001B687A68002A02D0BA68043200E003222A
:1058C0001046984778647B6C002B01D10023A4E23A
:1058D0007B6C3B643B6C5A1C3A647B221A707B687D
:1058E000002B14D03B6C5A1C3A640A221A70002315
:1058F000BB6307E03B6C5A1C3A6409221A70BB6B0D
:105900000133BB63BB68013BBA6B9A42F2DB3B6C71
:105910005A1C3A647D221A703B6C5A1C3A6400226D
:105920001A707B6C79E23B68002B00F002813B68C7
:105930009B68BB637B68002B01D0022300E001233E
:10594000FB63FB6B013319463868FEF7A9FD386429
:105950003B6C002B01D100235FE23B6C5A1C3A6484
:105960007B221A707B68002B04D03B6C5A1C3A6473
:105970000A221A703B6C00221A703B689A68FB6B13
:105980001A443B689A60FB689B683B63BB680133C1
:10599000BB6096E07B68002B1ED0B9683868FEF7C4
:1059A0007FFD38643B6C002B01D1002335E20023DE
:1059B0007B6307E03B6C5A1C3A6409221A707B6BCC
:1059C00001337B637A6BBB689A42F3DB3B689A686E
:1059D000BB681A443B689A603B6B1B6A396818467F
:1059E000FFF730F93868FEF7B9FD02463B689A6068
:1059F0007B68002B01D0022300E00123FB63F96BDD
:105A00003868FEF74DFD38643B6C002B01D1002354
:105A100003E23B6C5A1C3A643A221A707B68002BF2
:105A200004D03B6C5A1C3A6409221A703B689A688D
:105A3000FB6B1A443B689A603B687A68B968386BBC
:105A4000FFF778FB3868FEF789FD02463B689A60ED
:105A50007B68002B14BF01230023DBB21A463B6B8B
:105A60001B68002B14BF01230023DBB21344FB632C
:105A7000FB6B013319463868FEF712FD38643B6C46
:105A8000002B01D10023C8E13B6B1B68002B04D025
:105A90003B6C5A1C3A642C221A707B68002B04D091
:105AA0003B6C5A1C3A640A221A703B6C00221A7032
:105AB0003B689A68FB6B1A443B689A603B6B1B68B7
:105AC0003B633B6B002B7FF465AF7B68002B02D000
:105AD000BB68013300E0022319463868FEF7E0FC9A
:105AE00038643B6C002B01D1002396E17B68002BCE
:105AF00011D00023BB6309E0D40200203B6C5A1C88
:105B00003A6409221A70BB6B0133BB63BB68013B6B
:105B1000BA6B9A42F2DB3B6C5A1C3A647D221A70D3
:105B20003B6C00221A703B681A68BB6B13447B64A1
:105B300072E16B4B1B68FA6A9200104698477862D4
:105B40007B6A002B01D1002367E1654B1B68FA6A71
:105B500092001046984738623B6A002B05D1614B92
:105B60001B68786A9847002357E1FB6A9B001A4636
:105B70000021786A01F021FCFB6A9B001A46002193
:105B8000386A01F01AFCFB689B683B63BB68013311
:105B9000BB607B68002B41D0FA6BBB681344FB638E
:105BA0003CE03B6B1B6A00211846FFF74BF8B861DD
:105BB000BB6B9B003A6A1344BA691A6000237A6887
:105BC000B968386BFFF7B6FA7861BB6B5A1CBA63D9
:105BD0009B007A6A13447A691A60BB69002B18D05B
:105BE0007B69002B15D07869DAF7BEFE0446B869E8
:105BF000DAF7BAFE034623447A68002A02D0BA686C
:105C0000023200E000221A44FB6B13440233FB63B0
:105C100001E00123BB623B6B1B683B633B6B002BCA
:105C2000BFD1BB6A002B05D12D4B1B68FA6B104608
:105C3000984778647B6C002B01D10123BB62BB6A5F
:105C4000002B33D00023BB6322E0BB6B9B003A6A7E
:105C500013441B68002B08D0224B1B68BA6B9200C0
:105C6000396A0A44126810469847BB6B9B007A6AEF
:105C700013441B68002B08D01A4B1B68BA6B9200A8
:105C8000796A0A44126810469847BB6B0133BB63BC
:105C9000BA6BFB6A9A42D8DB124B1B68386A98478A
:105CA000104B1B68786A98470023B6E07B6C7B2218
:105CB0001A707B6C01333B647B68002B04D03B6C17
:105CC0005A1C3A640A221A703B6C00221A70002394
:105CD000BB6378E07B68002B12D000237B630BE072
:105CE000D4020020D80200203B6C5A1C3A640922DE
:105CF0001A707B6B01337B637A6BBB689A42F3DB70
:105D0000BB6B9B003A6A13441B681846DAF72CFEFB
:105D1000F861BB6B9B003A6A13441B68FA69194629
:105D2000386C02F080FA3A6CFB6913443B643B6CBC
:105D30005A1C3A643A221A707B68002B04D03B6CE0
:105D40005A1C3A6409221A70BB6B9B007A6A13448E
:105D50001B681946386C02F05EFABB6B9B007A6ACE
:105D600013441B681846DAF7FFFD02463B6C1344E8
:105D70003B64FB6A013BBA6B9A4204D03B6C5A1CF1
:105D80003A642C221A707B68002B04D03B6C5A1C9E
:105D90003A640A221A703B6C00221A70214B1B686D
:105DA000BA6B9200396A0A441268104698471D4B34
:105DB0001B68BA6B9200796A0A44126810469847C9
:105DC000BB6B0133BB63BA6BFB6A9A4282DB154B38
:105DD0001B68386A9847134B1B68786A98477B683A
:105DE000002B0FD00023BB6307E03B6C5A1C3A64C6
:105DF00009221A70BB6B0133BB63BB68013BBA6BF2
:105E00009A42F2DB3B6C5A1C3A647D221A703B6C5E
:105E10005A1C3A6400221A707B6C18464C37BD46F7
:105E200090BD00BFD802002080B584B000AF78607C
:105E300039607B689B68FB6002E0FB681B68FB6065
:105E4000FB68002B08D0FB681B6A39681846FEF710
:105E5000EFF80346002BF0D1FB6818461037BD461B
:105E600080BD80B483B000AF786039607B683A68E9
:105E70001A603B687A685A6000BF0C37BD465DF80F
:105E8000047B704780B584B000AF786039607B6870
:105E90009B68FB603B68002B15D0FB68002B06D18C
:105EA0007B683A689A600FE0FB681B68FB60FB68E0
:105EB000002B03D0FB681B68002BF5D13968F8680C
:105EC000FFF7CFFF00E000BF1037BD4680BD0000E8
:105ED00080B584B000AFF860B9607A607B68002B51
:105EE00014D07B681B6A002B05D00A4B1B687A68AC
:105EF000126A10469847B868FEF708F902467B68B0
:105F00001A627968F868FFF7BDFF00E000BF10373C
:105F1000BD4680BDD802002080B584B000AF786057
:105F2000FEF744F9F860FB68002B08D07B68002B73
:105F300014BF01230023DBB21A46FB68DA60FB685A
:105F400018461037BD4680BD80B584B000AF87EDE0
:105F5000000BFEF72BF9F860FB68002B0FD0FB68F5
:105F60000322DA60F968D7E90023C1E9062397ED37
:105F7000007BFDEEC77B17EE902AFB685A61FB6839
:105F800018461037BD4680BD80B584B000AF78603C
:105F9000FEF70CF9F860FB68002B08D0FB680422C0
:105FA000DA607868FEF7B2F80246FB681A61FB68AF
:105FB00018461037BD4680BD80B582B000AFFEF7F1
:105FC000F5F878607B68002B02D07B680622DA60E7
:105FD0007B6818460837BD4680BD80B586B000AFE7
:105FE0007860396000233B617B68002B01D100237E
:105FF0006FE0FEF7DBF8F860FB68002B01D10023AF
:1060000067E07B68DB6823F48072FB68DA607B689A
:106010005A69FB685A617B68D3E90623F968C1E9CC
:1060200006237B681B69002B10D07B681B69184610
:10603000FEF76CF80246FB681A61FB681B69002BCF
:1060400004D1F868FEF7CAF8002342E07B681B6AB7
:10605000002B10D07B681B6A1846FEF757F80246E3
:10606000FB681A62FB681B6A002B04D1F868FEF714
:10607000B5F800232DE03B68002B01D1FB6828E038
:106080007B689B687B6120E001217869FFF7A5FFB1
:10609000B860BB68002B04D1F868FEF79FF80023B6
:1060A00017E03B69002B08D03B69BA681A60BB68EF
:1060B0003A695A60BB683B6104E0FB68BA689A6061
:1060C000BB683B617B691B687B617B69002BDBD113
:1060D000FB6818461837BD4680BD00000000000070
:1060E0002DE9F04F55EC104B2DED0A8B2E0D11EED6
:1060F00090CA06F1FF3E40F2FD7089B086452A46FF
:1061000021468DED001A4FEA1C5700F2C780C7F3F5
:106110000A0EAEF2BE307F2898BF002000F22F8119
:10612000BFEE000BD24CD34B1444C4F3463503EB03
:10613000451693ED006B93ED027B251596ED189BAC
:1061400096ED162B05EE105A6FF3130496ED128B95
:1061500093ED0C4BB8EEC55B93ED04ABA5EE062BAF
:10616000A5EE079B93ED08BB93ED105B93ED067BCB
:1061700093ED0A6B93ED0E3B0E1E171B47EC1C6B49
:10618000ACEE080BA0EE053BA0EE046B20EE0A5B24
:1061900030EE024B20EE058BA0EE0B7BA8EE036BDE
:1061A00032EE442BA8EE067B32EE002BB0EE483BDD
:1061B00039EE022B90EE053B34EE085B20EE080B27
:1061C00034EE454B32EE036B34EE084B36EE046B87
:1061D000A0EE076B35EE064B21EE048B18EE902AED
:1061E000B0EE487BC2F30A556FF47273EB183E2B86
:1061F00091EE047B35EE445B35EE065BA1EE057B4C
:1062000000F2EF809C4B93ED024B93ED005BB0EE00
:10621000441B93ED042BA8EE051B93ED066B11EECA
:10622000101A31EE441B01F07F0293ED0E4BA1EEEC
:10623000028BA1EE068B93ED0C6B37EE087B27EEFD
:10624000072B921802F10F0403EBC202A7EE046BB6
:1062500092ED1C4B03EBC40293ED0A3B93ED085BFC
:1062600053F834605768A7EE035B4018002422EE11
:10627000023B37EE047BA219A2EE057B07EB40330D
:10628000A3EE067B002D00F0BB8043EC102BA7EEA5
:10629000000B09B0BDEC0A8BBDE8F08F11EE103A8F
:1062A000D8184CEB0C0A6FF0010910F1FF3B4AF1D2
:1062B000FF3E6FF40018D94578EB0E0EC0F0548104
:1062C00014EB040E45EB050A1EF1FF3B6AF10000DA
:1062D000D94578EB0000C0F01F81002DC7F30A0EEE
:1062E00080F2778140F2FE30864540F3F58040F23F
:1062F0003340864500F37481A0EB0E004FF0FF3968
:10630000A0F1200309FA03FB09FA00F8C0F1200A02
:1063100048EA0B08019329FA0AFB009B48EA0B089C
:1063200009FA00F923EA09092CEA080859EA0808D9
:1063300040F0D280C34001980CFA0AFA2CFA00F01F
:1063400043EA0A03034303F001039804AEF2BE33A9
:106350007F2B22F00042C6F30A0621D8002E7FF4DC
:10636000DFAE9FED3F7B45EC164B26EE077B55ECF1
:10637000174B25F000422146A2F15072D0E6009B57
:10638000D8184CEB0C086FF0010B10F1FF3A48F1F4
:10639000FF396FF40016D34576EB0906C0F0228171
:1063A000364B9A4208BF002900F0B38040F2BD335B
:1063B0009E45324B48D9012972EB030334BF0123B8
:1063C0000023B7F5006F2CBF00270127BB424FF019
:1063D00000000ED109B0BDEC0A8BBDE8F04F00F013
:1063E00013BA002BC0F28180B5F5816F2AD9002A3B
:1063F000F0DB09B0BDEC0A8BBDE8F04F00F00CBA41
:10640000A14280F29D80B7EE004B03F17F5101F570
:106410000011104641EC150B27EE057B35EE076B9E
:10642000B0EEC63BB4EEC43BF1EE10FA28D49FEDBB
:106430000E0B26EE000B09B0BDEC0A8BBDE8F04F49
:1064400000F01ABA0025DDE6002088429341B7EE3D
:10645000000B34BF31EE000B30EE410B19E700BFEB
:1064600000000000000030430000000000001000A9
:10647000AB6A19C0B8000308001103080000F03F20
:10648000B5EEC06BF1EE10FA01D5BFEE004B36EE63
:10649000042B35EE465B34EE423B35EE075B33EEC4
:1064A000067B37EE057B37EE027B37EE446BB5EEAD
:1064B000406BF1EE10FA04D1002201F0004343ECEE
:1064C000162B9FED735B8DED045B9DED047B27EE3A
:1064D000057B8DED067BAAE745EC104B09B0BDECC2
:1064E0000A8BBDE8F04F00F0B7B9B7EE000B38EEFD
:1064F000000B00283FF4CDAEB1EE400BC9E64918C1
:10650000694B82F400224FF00000524188429341CF
:106510005AD3B7EE000BBCE6002D20EE000B73DB68
:1065200000205EEA0A0A40F09C80BCF1000FBFF632
:10653000B0AE09B0BDEC0A8BBDE8F04F00F074B905
:1065400003F140419FED546B01F57001104641ECA1
:10655000100BA7EE000B20EE060B09B0BDEC0A8B6A
:10656000BDE8F04F00F094B950EA0A03C7D02119F2
:106570004E4F4FF0000645EB05038E4277EB030EBE
:106580001A4621D3BA4508BFB0421DD148488342BC
:1065900008BFB142BDD0464B6FEA0C0C9A424FEA9D
:1065A000DC7C34BF0022012262456BD09FED3C0BA6
:1065B0006FE6009B8CF4002CDB183B4B4CEB0C0C77
:1065C000864273EB0C03A4D245EC174B37EE010B5C
:1065D0005FE6AEF2BE337F2B3FF6E8AE0020BDE6AD
:1065E0000020B3E650EA080689D0324F0026BD42AB
:1065F00008BFB442DDD018F5001F08BFB042E3D198
:10660000491845EB0202C6E7C7F30A02A2F2FF31BE
:10661000342985D8C2F586624FF0FF31A2F11D04FE
:10662000033201FA04F601FA02F0C2F12005304308
:10663000009B21FA05F63043914023EA01012CEA40
:10664000000001437FF46CAFD3401A460CFA05F505
:106650002A432CFA04F4224312F001020ED1104610
:106660005FE7BCF1000FBFF614AEB7EE006B86EE2D
:10667000007B8DED027B9DED020B0AE60120B1EE61
:10668000400B4EE721EE010B03E600BFAFF30080A5
:106690000000000000001000000000000000007F6B
:1066A00000000000000000000000F0FF0000E0FF1C
:1066B0000000E07F0000F03F00B583B08DED000BDF
:1066C00001990098C1F30A52A2F2FF33132B24DC84
:1066D000002B44DB3A4A1A4101EA020E5EEA000E40
:1066E0008C461FD09FED347B9DED006B36EE077B13
:1066F000B5EEC07BF1EE10FA09DD002904DA4FF4A3
:10670000801141FA03F39C442CEA020100200B465D
:10671000024643EC102B03B000BD332B06DDB3F56E
:10672000806F2AD09DED000B03B000BDA2F2134292
:106730004FF0FF3C2CFA02F21042F3D09FED1E7B8B
:106740009DED006B36EE077BB5EEC07BF1EE10FAE7
:10675000DDDD002984461CDB2CEA0200D7E79FED33
:10676000167B30EE077BB5EEC07BF1EE10FACEDD86
:10677000002907DB00200146C9E79DED007B37EECD
:10678000070BD1E721F0004108430FD14FF0004142
:10679000BDE7142B0DD04FF0010EC3F134030EFAF8
:1067A00003F39C44604588BF7144D5E70549002048
:1067B000ADE70131D0E700BF9C7500883CE4377E2F
:1067C000FFFF0F000000F0BF10B52DED028BB0EE03
:1067D000408B044601F0F0FCB0EE480BBDEC028BA0
:1067E000046010BD82B058B1B1EE407B8DED007BEE
:1067F0009DED007B222020EE070B02B0FFF7E4BFE7
:10680000B0EE407BF2E700BF9FED010BFFF7EABF60
:1068100000000000000000109FED010BFFF7E2BF39
:10682000000000000000007082B00028BFEE006B86
:10683000B7EE007B07FE067B8DED007B9DED000B28
:106840009FED037B222080EE070B02B0FFF7BCBF59
:106850000000000000000000B0EE407BB4EE477B7B
:10686000F1EE10FA30EE406B86EE060B02D62120D8
:10687000FFF7AABF704700BFB5EE400BF1EE10FA6C
:1068800000D070472220FFF79FBF00BF000000002C
:106890009FED076BB0EEC07BB4EE467BF1EE10FAD5
:1068A00000DC70472220FFF78FBF00BFAFF30080EE
:1068B000FFFFFFFFFFFFEF7F024B0146186800F06C
:1068C0002DB800BFF0020020024B0146186801F00D
:1068D000DFBC00BFF002002070B50F4E0C463168DF
:1068E000054611B901F058FC30602146284601F0F8
:1068F00053FC431C03D14FF0FF34204670BDC41C31
:1069000024F00304A042F8D0211A284601F044FCE8
:106910000130F2D1EFE700BFC07803202DE9F84342
:10692000CD1C25F0030508350C2D38BF0C25002D96
:10693000064601DBA94204D90C2333600020BDE8E0
:10694000F883DFF8D480F3F785FCD8F800301C46D4
:1069500044BB29463046FFF7BFFF431C044658D1CD
:10696000D8F800402746002F43D1002C4BD0236895
:106970003946304604EB030901F00EFC814542D153
:1069800021686D1A29463046FFF7A6FF01303AD03C
:1069900023682B442360D8F800305A6862BBC8F8DB
:1069A00000700FE02268521B20D40B2A17D96119FE
:1069B000A342256018BF5960636808BFC8F800107B
:1069C00062514B603046F3F775FC04F10B00231D58
:1069D00020F00700C21A1CBF1B1AA350AFE7626861
:1069E000A3420CBFC8F800205A60EBE72346646856
:1069F000AEE73C467F68B6E71A465B68A342FBD128
:106A000000235360DEE70C2333603046F3F752FC7B
:106A100094E70560D6E700BFC4780320164B10B595
:106A20001C68226BB2B91820FFF746FF02462063AC
:106A300020B9124B1248522101F004FC1149124BAB
:106A4000C0E90013114B83600B23838100210120D7
:106A5000C2E9040113690E4854690E49584301FB09
:106A60000400A3FB0131013340EB0100C2E9043013
:106A700020F0004010BD00BFF00200207019030894
:106A8000871903080E33CDAB34126DE6ECDE05003A
:106A90002DF451582D7F954C242B2DE9F047864637
:106AA000904601D8012B06D101F086FB1623036026
:106AB0000020BDE8F08734480D462A4615F8014B02
:106AC000065D16F00806F8D12D2C10D12C78012681
:106AD000951C33F0100215D1302C0DD12A7802F01C
:106AE000DF02582A08D16C78023510230AE02B2CDB
:106AF00004BF2C78951CECE7002BF6D1302C14BF8A
:106B00000A23082306F1004C0CF1FF3C0022BCFBD9
:106B1000F3F9104603FB19CAA4F13007092F0FD867
:106B20003C46A3421BDD571C07D0814514D301D13D
:106B3000A24511DB00FB0340012215F8014BEBE7F6
:106B4000A4F14107192F01D8373CEAE7A4F1610706
:106B5000192F04D8573CE4E74FF0FF32EDE7531C00
:106B600008D12223CEF800306046B8F1000FA0D043
:106B7000691E06E006B14042B8F1000F99D0002A24
:106B8000F6D1C8F8001094E7111B0308FFF784BF83
:106B9000022B10B50AD09208013A03680C6840F83D
:106BA000044B002A41F8043BF6DC10BD02440C788B
:106BB000037800F8014B01F8013B131A002BF6DCB7
:106BC000F3E7F8B50F46164604461D4698470028D9
:106BD000314638460CDAA847002802DA3C462046FF
:106BE000F8BD31462046A8470028F8DA3446F6E7D3
:106BF000A8470028F2DC31462046A8470028F5DAED
:106C0000EDE72DE9F04F95B00746009340EA020307
:106C10009B07154618D1B2F1040818BF4FF00108C0
:106C20000023019305FB01F43B19062907EB050B33
:106C3000029328D8029B9B4510D3019B002B40F068
:106C4000178115B0BDE8F08F4FF00208E8E7434622
:106C50002A4631462046FFF79BFF0FE05C460EE0D8
:106C6000661B009B214630469847002809DDB8F195
:106C7000000FECD123683268226033603446A742AB
:106C8000EED3AB44D6E74FEA5109641B072905FB55
:106C900009793C4421D0282944D9CE086E43009B71
:106CA00007EB4602B9193846FFF78BFF494609EB57
:106CB0000602009B8246881BFFF783FF2246009B4B
:106CC0008146A11BA4EB4600FFF77BFF0246494625
:106CD000009B5046FFF775FF8146B8F1000F24D1A5
:106CE0003B68D9F800203A60C9F80030D946A2467E
:106CF0005E460023A14536D803933946009B48469B
:106D000098470028039B2CDC0AD1B8F1000F13D15F
:106D10003368D9F800203260C9F800302E440123CE
:106D2000A944E7E72246BA46D1E743462A46494600
:106D30003846FFF72DFFD9E743462A4649463046F5
:106D4000FFF726FFEAE70BD1B8F1000F13D1236854
:106D5000DAF800202260CAF80030AAEB050A012305
:106D6000641BA1450ED9002B40D1029B9B45BFF46B
:106D700064AF5C4636E043462A4651462046FFF75C
:106D800007FFEAE703933946009B2046984700280F
:106D9000039BD8DAB8F1000F07D1D9F80030226888
:106DA000C9F800202360641BB9E743462A46214600
:106DB0004846FFF7EDFEF6E743462A4631462046B1
:106DC000FFF7E6FE0DE0661B009B21463046984724
:106DD000002809DDB8F1000FEED123683268226087
:106DE00033603446A742EED3AB44BEE7A9EB060BB3
:106DF000F21B5A45A8BF5A462AB14346A9EB0201E5
:106E00003846FFF7C5FE029BA3EB0A02AAEB040477
:106E1000521BA24228BF22462AB102994346891A30
:106E20004846FFF7B5FE029B5C45A3EB040605D878
:106E300023465C469B4633463E461F46AB4520D91B
:106E4000BBFBF5F1019B072B0BD8B4FBF5F414AA9F
:106E500002EBC30343F8406C43F83C4C019B013305
:106E6000DFE6009B2A463846FFF7CBFEAC420BD844
:106E7000019B14AA013B019302EBC30353E9107178
:106E8000D0E6AC427FF6D9AEB4FBF5F13746C9E6A1
:106E9000002310B50446C0E90033C0E90433836021
:106EA00081814366C2818361194608225C3000F00B
:106EB00084FA0D4B63620D4BA3620D4BE3620D4BE5
:106EC00023630D4B24629C4206D003F16802944276
:106ED00002D0D0339C4205D104F15800BDE81040E7
:106EE00001F094B910BD00BFB9710208DF7102084A
:106EF000177202083D720208C8780320024A03494B
:106F0000034800F06BB800BFDC020020F58D0208DA
:106F1000F402002041680C4B994210B5044601D0A0
:106F200001F068FFA168094B994202D0204601F0A8
:106F300061FFE168064B994204D02046BDE810404D
:106F400001F058BF10BD00BFC8780320307903207E
:106F5000987903200C4B0D4A0D4810B504211A6096
:106F60000022FFF795FF0A4B01221C46092103F17D
:106F70006800FFF78DFF04F1D0000222BDE8104049
:106F80001221FFF785BF00BF007A0320FD6E0208C3
:106F9000C8780320014801F03BB900BF2A7A0320DA
:106FA000014801F037B900BF2A7A032010B5044622
:106FB000FFF7F0FF236A1BB1BDE81040FFF7F0BFF9
:106FC000044B2362044B1B68002BF5D1FFF7C2FF73
:106FD000F2E700BF156F0208007A03202DE9F8439D
:106FE0000746884614460026D4E90195B9F10109FF
:106FF00005D52468002CF7D13046BDE8F883AB896D
:10700000012B07D9B5F90E30013303D02946384694
:10701000C04706436835E9E70FB407B5064904AB36
:10702000086853F8042B8168019301F0B9FB03B0A1
:107030005DF804EB04B07047F0020020024B0146FB
:107040001868826801F06DBFF0020020036A70B515
:10705000846805460E460BB9FFF7A8FF636EDB0791
:1070600005D4A389980502D4A06D01F0D1F8A389B5
:10707000190702D52369002B35D12146284600F097
:107080001FF980B34FF0FF35636EDA0705D4A3898B
:107090009B0502D4A06D01F0BDF8284670BD002B01
:1070A00004DAA269934217DB0A2915D023685A1C17
:1070B00022601970A36816F8011F013BA360002924
:1070C000EDD1002B11DA22460A21284600F0BAF849
:1070D0000130D7D00A25D7E72246284600F0B2F87B
:1070E0000130E7D1CEE7013EE4E723685A1C226075
:1070F0000A221A70EEE70000024B01461868FFF7FB
:10710000A5BF00BFF00200200CB430B5184B0C1E18
:107110001D689DB008DA8B232B604FF0FF301DB047
:10712000BDE8304002B070474FF40273ADF8143040
:107130004FF000031B9314BF04F1FF332346049365
:1071400007934FF6FF7302900690ADF81630209A21
:1071500021AB02A92846019301F000FA431CBCBFF1
:107160008B232B60002CDAD0029B00221A70D6E70A
:10717000F00200200EB410B59DB01FAB0290069037
:107180006FF000410A48079104910A4953F8042B13
:107190000591002402A9006801931B9401F0DEF917
:1071A000029B1C701DB0BDE8104003B0704700BFCB
:1071B000F00200200802FFFF10B50C46B1F90E10D6
:1071C00000F0D8FF0028ABBF636DA3891B1823F420
:1071D0008053ACBF6365A38110BD002070472DE9CB
:1071E000F0411F468B89DB0505460C46164605D542
:1071F000B1F90E100223002200F0AAFFA389B4F90E
:107200000E1023F48053A38132463B462846BDE846
:10721000F041F8F7BBBF10B50C46B1F90E1000F005
:1072200097FFB4F90C30421C0BBF23F4805343F496
:107230008053A381A38118BF606510BDB1F90E1002
:1072400000F076BFF8B50E461446054618B1036A3D
:107250000BB9FFF7ABFEA369A360A3891A0701D599
:10726000236943B92146284600F02AF818B14FF0A7
:10727000FF373846F8BD23682269981A6369F6B269
:107280008342374605DC2146284601F0B3FD00283D
:10729000EDD1A368013BA36023685A1C22601E70D5
:1072A0006269431C9A4204D0A389DB07E1D50A2E08
:1072B000DFD12146284601F09DFD0028D9D0D6E730
:1072C00038B5284B054618680C4618B1036A0BB947
:1072D000FFF76CFEB4F90C301A0721D4D80607D496
:1072E00009222A6043F04003A3814FF0FF3030E0D1
:1072F000590712D5616B41B104F14403994202D0A0
:10730000284600F0C5FF002363630022B4F90C3067
:1073100062602269226023F0240343F00803A38102
:1073200022693AB99A0501D5180603D5214628469F
:1073300001F0BEFDB4F90C3013F001020AD00022B6
:10734000A26062695242A261226942B913F08000D0
:10735000C8D138BD990758BF6269A260F4E7002020
:10736000F7E700BFF002002010B501390244904257
:1073700001D1002005E0037811F8014FA34201D0AC
:10738000181B10BD0130F2E7884210B501EB020472
:1073900002D98442234607D8431EA14207D011F8E0
:1073A000012B03F8012FF8E70244824200D110BDFF
:1073B00013F8011D02F8011DF7E70244034693424A
:1073C00000D1704703F8011BF9E7C9B2034618461C
:1073D00013F8012B12B18A42F9D17047002918BF66
:1073E0000020704710B56AB10139841810F8012BDC
:1073F00011F8013F9A4203D1A04201D0002AF5D1F1
:10740000D01A10BD1046FCE710B50139034632B161
:1074100011F8014F03F8014B013A002CF7D11A443F
:107420000021934200D110BD03F8011BF9E70000D1
:1074300038B50B4B1D686A6B044652B92420FFF720
:107440003BFA0246686320B9064B0748322100F038
:10745000F9FE20461146BDE8384000F007B800BFED
:10746000F002002070190308DF1903082DE9F0412C
:107470000C46074601F0B6FD21460646384601F0A7
:10748000B5FD43699907044603F26C7806D164227E
:1074900098FBF2F302FB1383002B6FD14FF4C873F8
:1074A00098FBF3F503FB1585B5FA85F56D09644B7B
:1074B0006D4205F030051D4400F002FC00F00CFCAC
:1074C000604B1B68002B68D07368434558D1D7E9DF
:1074D00000233768D6E90801002F59D1824273EBA7
:1074E00001015CDB01232362336D21684FF461628B
:1074F00093FBF2F002FB10333C2293FBF2F602FB0B
:107500001633C91A6268A3682160921B1B1A3B29B3
:107510006260A3604FDD013262603C3921603B2A2A
:107520004FDD0133A3603C3A6260172B4FDDE26907
:107530000132E261A2690132072AA8BF0022A261DA
:10754000E268183B0132A3602369E26055F823101A
:107550008A420EDD0B2BA2EB0102E26003F1010275
:1075600009BF636922610022013302BF22616361A6
:10757000E26100F0ABFB2046BDE8F081012596E713
:10758000404600F0EBFA0028A1D14FF0FF3304E0B1
:10759000824273EB010102DA0023236209E0D6E99B
:1075A000120182428B41B4BF012300232362002BCE
:1075B0009AD1B36A99E70029B1DA013A62603C31A5
:1075C000ACE7002AB1DA013BA3603C32ACE7002B08
:1075D000CFDAE269013AE261A269013A48BF0622C4
:1075E000A261E2681833013AE260A360002AC0D1C8
:1075F0002369013B04D4236155F82330E360B8E7E5
:107600000B23236163695A1E6261920703F26B7355
:1076100005D1642193FBF1F201FB12326AB94FF4F8
:10762000C87293FBF2F102FB1133B3FA83F35B09E7
:1076300003F5B673E3610B23DEE70123F8E700BF30
:10764000741C0308247A0320F7B501683B2904461B
:1076500011D93C22684600F013FE019A6368009934
:10766000002A0B446360BBBF3C3203F1FF3322604E
:107670002260B8BF636061683B2911D93C2268462B
:1076800000F0FEFD019AA3680099002A0B44A36054
:10769000BBBF3C3203F1FF3362606260B8BFA360DE
:1076A000A168172911D91822684600F0E9FD019A4E
:1076B000E3680099002A0B44E360BBBF183203F172
:1076C000FF33A260A260B8BFE36021690B2911D922
:1076D0000C22684600F0D4FD019A63690099002AE3
:1076E0000B446361BBBF0C3203F1FF3322612261A3
:1076F000B8BF636163699A073FD1642193FBF1F2DC
:1077000001FB1232002A3AD103F26C734FF4C872B3
:1077100093FBF2F102FB1133002B0CBF1D231C2342
:10772000E268002A2DDD304D2169012914BF55F88A
:107730002100184682424DDD0131121A0C29E26007
:107740002161F1D163690020591C206188076161C2
:1077500046D1642091FBF0F600FB1611002941D1BF
:1077600003F26D734FF4C87193FBF1F001FB10331A
:10777000002B0CBF1D231C23D6E71C23D0E71D23A1
:10778000CEE7194E0B2564202169013921610131B1
:1077900016D16369591E8F07C4E904511CD191FBAE
:1077A000F0F700FB1711C9B903F26B734FF4C871FE
:1077B00093FBF1F701FB1733002B0CBF1D231C2398
:1077C0002169012914BF56F8211019460A44002ADC
:1077D000E260D9DD03B0F0BD1C23F1E71D23EFE724
:1077E0001C23A1E71D239FE7441C03082DE9F04F4C
:1077F00085B0074601F0F6FB81463846FFF724FFC7
:10780000D7E900433C2202FB0344BB687D694FF487
:10781000616202FB0344D7E90363C34A52F82320A1
:10782000013E012B164411DDA9070FD1642295FBFF
:10783000F2F302FB135343B905F26C734FF4C872B1
:1078400093FBF2F102FB113303B9013605F51C532A
:10785000103344F620629342FE6100F27081462D9F
:1078600040F3B680462340F26D1C64214FF4C8708B
:107870009A0740F0A78093FBF1F201FB1232002A35
:1078800040F0A38003F26C7292FBF0FE00FB1E221C
:10789000002A0CBF4FF4B77262460133AB42164464
:1078A000E6D1A24B4FEAE478C6FB034800F008FAA1
:1078B00000F012FA9E4B1B68002B00F04781D7F8AE
:1078C00020A078695346012BA8BF01230193D9F862
:1078D000043000F26C70834240F0BD80D9E9082189
:1078E000D9F85000D9F84CC0131A0393D9F848308E
:1078F0000293029AD9F8283061EBE07BB2EB030ED9
:107900006CEBE371744578EB010280F2C780D9F823
:107910000020002A00F0D080039A944278EB0B02FA
:10792000C0F21181744578EB0101B4BF4FF0010B37
:107930004FF0000BBAF1000FC0F29480019A82EA76
:107940000B0ABAF1010F40F08D80BBF1000F00F07F
:10795000C2801B1A3A681A441C193A603846FA6801
:10796000019248EBE378FFF76FFEFB68019A9B1AE0
:1079700078D0012B00F3B180B3F1FF3FA8BF9A4646
:10798000FB691AEB0303564440F1B0806B1E990764
:1079900040F0A680642293FBF2F102FB1133002B2E
:1079A00040F0A1804FF4C87305F26B7595FBF3F2BC
:1079B00003FB1255002D40F26D1318BF4FF4B67340
:1079C000FB614FE040F26D1267E74FF4B77264E776
:1079D0003FF467AF452340F26D1C64214FF4C8703B
:1079E00012E062BB93FBF1F201FB123252BB03F2D5
:1079F0006C7292FBF0FE00FB1E22002A0CBF4FF4BB
:107A0000B7726246B61A013BAB4203F00302E8DCF0
:107A1000DAB9642295FBF2F302FB1353C3B905F202
:107A20006C734FF4C87293FBF2F102FB1133002B1D
:107A300040F26D1308BF4FF4B773F61A31E740F206
:107A40006D12DFE74FF4B772DCE740F26D13F4E735
:107A50004FF4B773F1E700F081F800287FF43EAFF0
:107A6000DDF804B0BBF1010F72D1D9F850301C1908
:107A700048EBE3784FF0010B00F028F904360723B8
:107A800096FBF3F3C3EBC303F61A56D4C7F820B042
:107A9000BE612046414605B0BDE8F08F029A121A39
:107AA00002924FEAE0726CEB020C029A944278EB7D
:107AB0000C0CBFF62CAFD3E7039A944278EB0B0281
:107AC000FFF630AFBAF1000FCFDB4FF0010B35E717
:107AD0004FF0000B32E7C31A3CE74FF0FF3A4FE795
:107AE0004FF4B6736CE740F26D1369E7AA0717D13C
:107AF000642195FBF1F201FB1252DAB94FF4C8721E
:107B000005F26C7595FBF2F102FB1155002D40F268
:107B10006D1208BF4FF4B7729342A8BF9B1A4FE78C
:107B200040F26D12F8E700BF141C030880510100F9
:107B3000247A03204FF4B772EEE70736A6E74FF03A
:107B4000FF34A046A5E7BAF1000FC1DA4FF0000BF1
:107B5000D9F828301C1948EBE3788DE72DE9F0417E
:107B6000044601F03FFA40F2B1739C4240F3A28018
:107B70006FF4F662A618A4F2B27340F26D12B6105A
:107B800002FB03666FF4C8616FF06302A4F26D73C9
:107B900093FBF2F34FF4C8721E446318B3FBF2F385
:107BA000454A44601E44054600F150072B7A4A2B93
:107BB0003AD1696914F0030F01EB060308D14FF0C5
:107BC000640E94FBFEFC0EFB1C4CBCF1000F08D1B4
:107BD0004FF4C87E94FBFEFC0EFB1C4CBCF1000F66
:107BE00020D13B29D4BF002101210B44013BA969CD
:107BF0004FEAE17CC3FB021CAB6AC9184CEBE37390
:107C0000C5E908132835AF42D0D1D0E90843D0E9FF
:107C100012128C429341B4BF012300230360012060
:107C2000BDE8F0810021E0E7442B02D16B693344C9
:107C3000DDE7A30705D1642194FBF1F301FB1343B6
:107C400093BB4FF4C87194FBF1F301FB1343B3FAF8
:107C500083F35B095942DFF864C0D5F80C8001F06A
:107C6000300133464FF0000E61440EF1010EF04535
:107C700051F82EC01ADC03F1040E07219EFBF1F12E
:107C8000C1EBC101AEEB010E6969B1EB0E0E2969C2
:107C900001F1FF3148BF0EF1070EC1EBC101714484
:107CA000614505DA0B44A2E70123D3E76344DCE72F
:107CB0000739F5E70020B3E780510100701C030885
:107CC000014800F0A4BA00BF287A0320014800F060
:107CD000A0BA00BF287A0320014B186800F002B850
:107CE000F00200202DE9F04F8DB0054601F07AF941
:107CF000BC49BD4F0446284600F050FB3968064693
:107D000010BBBA4BBA4A1860BA4BA6621860BA4B9D
:107D10002665C3E900224A2000220023207284F84D
:107D20003000C4E90366C4E90566C4E90823C4E970
:107D30000D66C4E90F66C4E912230846FEF7C4FDC8
:107D40003E600DB0BDE8F08F002940F08F803868AC
:107D5000FEF7BAFD3046D8F707FE411C2846FEF76D
:107D6000DDFD3860002840F08780A24AA24FDFF88E
:107D70007CA200231360A14ACAF800300020002131
:107D8000C7E90022C4E90333C4E90533C4E90801A3
:107D9000C4E90D33C4E90F33C4E912014A22227247
:107DA000A36284F83020236533783A2B08BF01366C
:107DB0000DF1280B33783C2B62D1751C904A914908
:107DC0005B46284601F0E2F80028BADD0A9BDA1E7D
:107DD000072AB6D8EA5C3E2AB3D10236F518F35C1E
:107DE0002D2B5BD101354FF0FF380023ADF81E304D
:107DF000ADF820300DF120090DF11E030093CDE9FF
:107E000001B98149CDF80CB05B4607AA284601F0BC
:107E1000BDF8002895DDBDF81E30BDF820603C227D
:107E200002FB0366BDF81C304FF4616202FB03667F
:107E30000A9B08FB06F605EB0308EB5C3C2B40F0C5
:107E4000ED8008F10105714A6E495B46284601F054
:107E50009DF8002828DC98F801303E2B24D1684B8F
:107E6000A662C7E90033CAF800606AE7D8F772FD76
:107E700000287FF46CAF64E7314600F0CCF974E77A
:107E80005F4A63495B46304601F080F800287FF77F
:107E900058AF0A9BDA1E072AA0D952E72B2B08BF3E
:107EA00001354FF00108A0E70A9BDA1E072A3FF6CA
:107EB00048AFEA5C3E2A7FF444AF08F1020808EBC1
:107EC000030518F803302D2B40F0B78001354FF033
:107ED000FF380023ADF81C30ADF81E30ADF820306F
:107EE0000A930DF11E030093CDE9029B4649CDF89C
:107EF00004B05B4607AA284601F048F8002800F3C2
:107F0000A280A6F5616304930A9BA0461D444FF02E
:107F1000000B2B782C2B08BF013595F80090B9F198
:107F20004D0F40F0A0800AAB0DF12602CDE90132E1
:107F300009AA0092374903930DF12202284601F065
:107F400025F803287FF4FDAEBDF822104B1E0B2B45
:107F50003FF6F7AEBDF82420531E042B3FF6F1AEDA
:107F6000BDF82630062B3FF6ECAEC8E9031288F8C0
:107F70000890C8F814300A9B05EB030900254FF060
:107F80000203ADF81C30ADF81E50ADF820500A9534
:107F900099F800302F2B40F094800AAB08AACDE965
:107FA00001320DF11E0200921B49039307AA4846B5
:107FB00000F0ECFFA84200F384804A210022002355
:107FC000C4E90355C4E90555C4E90823C4E90D55BE
:107FD000C4E90F55C4E912232172A56284F8301058
:107FE0002565AEE6381A0308047A0320207A0320B8
:107FF0003B1A0308247A0320E8020020C11A030870
:10800000147A03203F1A0308741A0308087A03201D
:10801000521A0308601A0308731A0308404A4149B8
:108020005B46404600F0B2FF00287FF718AF0A9B7E
:10803000DA1E072A7FF643AF83E62B2B08BF0135F4
:108040004FF0010845E7BDF81E20BDF820303C2167
:1080500001FB0233BDF81C204FF4616101FB0233C8
:1080600008FB03F34FE7B9F14A0F06BF01354B4652
:1080700044230A220BA92846059300F005FADDF8EF
:108080002C90059BADF82600A94514D14D23BBF1DA
:10809000000F07D1237203210223C4E90313C4F89C
:1080A00014B06BE784F830300B220123C4E90D23B0
:1080B0000023E36362E780B288F80830C8F8140050
:1080C0005CE7BDF81E20BDF820303C2101FB0233E7
:1080D000BDF81C204FF4616101FB0233C8F8183071
:1080E0000A9D0BF10103022B4D4408F128084FF0C3
:1080F000010B7FF40EAF049B23650B4B3B60606864
:10810000074BA6627B60FFF729FDA26A236DCAF8C0
:1081100000209B1A054A18BF0123136011E600BF17
:10812000087A0320521A0308147A0320247A0320C1
:1081300038B5064D0023044608462B60F2F710F9C7
:10814000431C02D12B6803B1236038BDAC780220F8
:1081500038B5074D04460846114600222A601A46E3
:10816000F2F725F9431C02D12B6803B1236038BD17
:10817000AC78022038B5074D044608461146002267
:108180002A601A46F2F7CFF8431C02D12B6803B1DC
:10819000236038BDAC78022038B5064D0023044674
:1081A00008462B60F2F71EF8431C02D12B6803B17E
:1081B000236038BDAC780220014B1868704700BFBF
:1081C000F002002070B50D4B0D4D5B1B9C1000267E
:1081D000A64209D101F0F8FB0A4D0B4B5B1B9C102A
:1081E0000026A64205D170BD55F8043B98470136DC
:1081F000EEE755F8043B98470136F2E7DC1C03082C
:10820000DC1C0308DC1C0308E01C030870477047F3
:10821000704770477047034611F8012B03F8012B94
:10822000002AF9D170470A44914200F1FF3300D18E
:10823000704710B511F8014B03F8014F9142F9D185
:1082400010BD00001FB514461A46094B1B680546B1
:10825000D8684CB1074B0091CDE9013406492B4653
:1082600000F0F0FD00F08AFF044B1C46F3E700BF6E
:10827000F0020020861A0308931A0308C11A0308A3
:1082800010B591FBF2F402FB14110460416010BDC3
:1082900038B50546002941D051F8043C0C1F002B8D
:1082A000B8BFE418F1F7D6FF1D4A136833B963600D
:1082B00014602846BDE83840F1F7FCBFA34208D956
:1082C000206821188B4201BF19685B68091821607A
:1082D000EDE71A465B680BB1A342FAD91168501852
:1082E000A0420BD120680144501883421160E0D1B4
:1082F00018685B68536008441060DAE702D90C2301
:108300002B60D6E7206821188B4204BF19685B6890
:10831000636004BF091821605460CAE738BD00BF1C
:10832000C47803202DE9F84FDFF86CA00646894693
:10833000174600F02BFFDAF8004034B14B46984660
:1083400013F8012B3AB13D2AF9D1304600F024FF51
:108350000020BDE8F88FA8EB0908A34654F8040BE9
:108360000028F2D042464946FFF73CF80028F4D1F5
:1083700054F8043C03EB080513F808303D2BECD10E
:10838000DAF80030ABEB03039B1030463B6000F0A3
:1083900003FF681CDDE700BF3000002007B501AA1D
:1083A000FFF7C0FF03B000BD2DE9F043344E864611
:1083B0000D46284615F8014B375D17F00807F8D130
:1083C0002D2C10D12C780127851C33F0100015D1ED
:1083D000302C0DD1287800F0DF00582808D16C78B7
:1083E000023510230AE02B2C04BF2C78851CECE707
:1083F000002BF6D1302C14BF0A2308234FF0FF388E
:108400000026B8FBF3F803FB08F96FEA09093046C8
:10841000A4F1300CBCF1090F10D86446A3421EDD54
:10842000B6F1FF3F07D0804516D301D1A14513DB3C
:1084300000FB0340012615F8014BE9E7A4F1410CCC
:10844000BCF1190F01D8373CE8E7A4F1610CBCF18D
:10845000190F04D8573CE1E74FF0FF36EBE7731CE8
:1084600006D12223CEF80030304632B9BDE8F08381
:1084700007B14042002AF9D006B1691E1160F5E744
:10848000111B0308FFF790BF13460A460146024836
:108490000068FFF789BF00BFF00200202DE9F04718
:1084A0008E681F46BE4282460C469046334653D8DD
:1084B000B1F90C0010F4906F2BD06569236809693D
:1084C00005EB4505A3EB010905EBD5757B1C6D108C
:1084D0004B44AB422A4684BF1D462A46430527D556
:1084E00011465046FEF71AFA064658B321694A4625
:1084F000FFF799FEA38923F4906343F08003A381DF
:10850000266165614E44A5EB09052660A5603E46DF
:108510003B461F4620683A464146FEF735FFA368B2
:108520009B1BA36023683B4423600020BDE8F087C9
:10853000504600F037FE06460028E1D1216950463A
:10854000FFF7A6FE0C23CAF80030A38943F04003CE
:10855000A3814FF0FF30E9E73E46DBE72DE9F04726
:108560001F468B891B069CB006460D46144610D547
:108570000B6973B94021FEF7D1F92860286130B941
:108580000C2333604FF0FF301CB0BDE8F087402370
:108590006B610023099320238DF829300397302342
:1085A000654F8DF82A304FF001082346994613F89D
:1085B000012B0AB1252AF9D1B9EB040A0BD0534695
:1085C000224629463046FFF769FF013000F0A480BB
:1085D000099A5244099299F80030002B00F09C80CF
:1085E00000234FF0FF32CDE9052309F1010904937F
:1085F00007938DF853301A934C464F4814F8011BDB
:108600000522D8F7BDF9049BD0B9D80644BF202273
:108610008DF85320190744BF2B228DF8532099F869
:1086200000202A2A13D0079A4C4600204FF00A0C4B
:10863000214611F8013B303B092B49D968B913E0B9
:10864000C01B08FA00F018430490A146D4E7039A2F
:10865000111D12680391002A01DB079204E05242C7
:1086600043F002030792049323782E2B0AD16378F8
:108670002A2B32D1039B1A1D1B68039243EAE37332
:1086800002340593DFF8C090217803224846D8F7DA
:1086900077F938B1049BA0EB0900402282401343D4
:1086A0000134049314F8011B24488DF82810062285
:1086B000D8F766F9002835D0214818BB039B07334B
:1086C00023F0070308330393099B034409936CE7E2
:1086D0000CFB02320C460120AAE70023013405936B
:1086E00019464FF00A0C204610F8012B303A092A9F
:1086F00003D9002BC6D00591C4E70CFB0121044629
:108700000123F0E703AB00932A460E4B04A9304641
:10871000AFF30080421CD7D1AB895B063FF532AF87
:10872000099831E703AB00932A46064B04A930466B
:1087300000F0B8F9EEE700BFC21A0308CC1A03082C
:10874000000000009D840208C81A03089368013BDA
:10875000002B10B4936008DA9469A34201DB0A2964
:1087600003D15DF8044BFEF76DBD1368581C106013
:10877000197008465DF8044B7047F8B506460F4679
:108780001446D518AC4201D1002007E014F8011BB3
:108790003A463046FFF7DAFF431CF3D1F8BD00003C
:1087A0002DE9F0470D469CB014461F46064618B109
:1087B000036A0BB9FEF7FAFB6B6ED90705D4AB89D8
:1087C0009A0502D4A86DFFF723FDAB891B0701D5DD
:1087D0002B699BB929463046FEF772FD70B16B6E6E
:1087E000DC0704D54FF0FF301CB0BDE8F087AB8943
:1087F0009805F7D4A86DFFF70DFDF3E70023099363
:1088000020238DF82930039730236A4F8DF82A30C2
:108810004FF001082346994613F8012B0AB1252A87
:10882000F9D1B9EB040A0BD053462246294630460B
:10883000FFF7A3FF013000F0A480099A5244099287
:1088400099F80030002B00F09C8000234FF0FF329D
:10885000CDE9052309F10109049307938DF85330FD
:108860001A934C46534814F8011B0522D8F788F890
:10887000049BD0B9D90644BF20228DF853201A0793
:1088800044BF2B228DF8532099F800202A2A13D0B8
:10889000079A4C4600204FF00A0C214611F8013B84
:1088A000303B092B49D968B913E0C01B08FA00F026
:1088B00018430490A146D4E7039A111D126803914E
:1088C000002A01DB079204E0524243F002030792C0
:1088D000049323782E2B0AD163782A2B32D1039B61
:1088E0001A1D1B68039243EAE37302340593DFF811
:1088F000D490217803224846D8F742F838B1049B37
:10890000A0EB09004022824013430134049314F881
:10891000011B29488DF828100622D8F731F80028C5
:108920003ED0264818BB039B073323F007030833C8
:108930000393099B034409936CE70CFB02320C463A
:108940000120AAE700230134059319464FF00A0CD1
:10895000204610F8012B303A092A03D9002BC6D043
:108960000591C4E70CFB012104460123F0E703ABAA
:1089700000932A46124B04A93046AFF30080431CF3
:10898000D7D16B6ED90705D4AB899A0502D4A86DEF
:10899000FFF740FCAB895B063FF524AF099823E75E
:1089A00003AB00932A46064B04A9304600F07AF840
:1089B000E5E700BFC21A0308CC1A03080000000054
:1089C0007B870208C81A03082DE9F0471646984627
:1089D0008A680B69DDF820909342B8BF1346336074
:1089E00091F8432007460C460AB1013333602368EF
:1089F000990642BF336802333360256815F00605D7
:108A000006D104F1190AE36832689B1AAB4226DCEE
:108A100094F843302268003B18BF012392062BD400
:108A200004F1430241463846C84701301ED023684E
:108A3000226903F00603042B02BFE5683368ED1AD0
:108A4000A3680CBF25EAE57500259342C4BF9B1AB5
:108A5000ED1800261A34B5421AD1002008E001238F
:108A6000524641463846C847013003D14FF0FF30E7
:108A7000BDE8F0870135C6E7E1185A1C302081F8BF
:108A80004300224494F8451082F843100233C7E7AC
:108A90000123224641463846C8470130E6D0013618
:108AA000D9E700002DE9F0430D7E85B0782D904682
:108AB0000C9E07460C46994601F1430207D8622DE9
:108AC0000AD8002D00F0D780582D00F0BC8004F1AA
:108AD000420684F842503BE0A5F16303152BF6D81B
:108AE00001A151F823F000BF418B0208558B020809
:108AF000CF8A0208CF8A0208CF8A0208CF8A0208EA
:108B0000558B0208CF8A0208CF8A0208CF8A020852
:108B1000CF8A02085D8C02087F8B02080F8C020846
:108B2000CF8A0208CF8A02087F8C0208CF8A020807
:108B30007F8B0208CF8A0208CF8A0208178C0208AE
:108B400033681A1D1B68326004F1420684F8423013
:108B50000123A1E033682068191D3160060601D5A4
:108B60001D6803E04506FBD5B3F90050002D03DA7C
:108B70002D236D4284F843305B480A2311E02168BD
:108B80003368080653F8045B02D4490648BFADB207
:108B90003360237E54486F2B5CD10823002184F876
:108BA00043106668A660002E05DB21682E4321F085
:108BB0000401216050D01646B5FBF3F103FB115CB4
:108BC00010F80CC006F801CDAC4663450D46F3D94C
:108BD000082B0BD12368DB0708D52369616899420C
:108BE000DEBF302306F8013C06F1FF36921B2261FE
:108BF000CDF80090434603AA21463846FFF7E4FE2D
:108C000001304ED14FF0FF3005B0BDE8F08323684E
:108C100043F0200323603548782584F845502368C5
:108C2000316813F0800F51F8045B03D113F0400F4B
:108C300018BFADB23160D90744BF43F020032360B1
:108C40001DB11023AAE72848E7E7236823F0200393
:108C50002360F6E70A23A1E71646B9E733682568DB
:108C60006169181D30602E061B6801D5196002E08D
:108C70006806FBD51980002323611646B8E73368E0
:108C80001A1D32601E68626800213046D7F778FEF0
:108C900008B1801B606063682361002384F843305F
:108CA000A6E72369324641463846C8470130A9D075
:108CB00023689B0713D4E068039B9842B8BF18460B
:108CC000A2E70123324641463846C847013099D0D1
:108CD0000135E36803995B1AAB42F2DCEBE7002550
:108CE00004F11906F5E700BFD31A0308E41A0308D4
:108CF000B1F90C202DE9F041160705460C4651D478
:108D00004B68002B02DC0B6C002B49DDE66A002E61
:108D100046D0002312F480522F682B6031D0626D50
:108D2000A389590705D56368D21A636B0BB1236C0D
:108D3000D21A0023E66A216A2846B047421CB4F9D9
:108D40000C3006D129681D2946D8294ACA40D607C1
:108D500042D500226260D9042269226004D5421CF7
:108D600001D12B6803B96065616B2F60C1B104F15B
:108D70004403994202D02846FFF78AFA002363632E
:108D80000EE0216A01232846B0470246501CC7D195
:108D90002B68002BC4D01D2B01D0162B1AD12F60AD
:108DA00000201EE00F69002FFAD093070E6808BF5D
:108DB0004B690F6018BF0023A6EB07088B60B8F162
:108DC000000FEDDD216AA66A43463A462846B047C1
:108DD000002808DCB4F90C3043F04003A3814FF0C5
:108DE000FF30BDE8F0810744A8EB0008E7E700BFCB
:108DF0000100402038B50B6905460C4613B9002523
:108E0000284638BD18B1036A0BB9FEF7CFF8B4F99C
:108E10000C30002BF3D0626ED00704D4990502D435
:108E2000A06DFFF7F5F928462146FFF761FF636E55
:108E3000DA070546E4D4A3899B05E1D4A06DFFF7CA
:108E4000E9F9DDE70EB403B5014603AB054853F875
:108E5000042B00680193FFF7A3FC02B05DF804EB5C
:108E600003B07047F002002070B50C46B1F90E1047
:108E7000002996B015461E460ADAA18911F0800134
:108E800013D14FF48062002031602A6016B070BDAB
:108E90006A4600F051F90028EFDB019901F47041B6
:108EA000A1F5005359425941EBE700214022EAE77E
:108EB0008B8973B59E0705460C4607D504F1470319
:108EC000236023610123636102B070BD01AB6A4678
:108ED000FFF7CAFF009E28463146FDF71FFDB4F993
:108EE0000C3038B99A05EFD423F0030343F00203A2
:108EF000A381E3E743F08003A381019B2060C4E9E1
:108F00000406002BE0D0B4F90E10284600F026F934
:108F10000028D9D0A38923F0030343F00103A381E0
:108F2000D2E770B50D461446064618B1036A0BB970
:108F3000FEF73CF8636ED80705D4A389990502D4DF
:108F4000A06DFFF765F9A368013B002BA36005DA6C
:108F5000A269934212DBEBB20A2B0FD023685A1C92
:108F600022601D70EDB2636EDA0705D4A3899B05FC
:108F700002D4A06DFFF74EF9284670BD294622465F
:108F80003046FEF75FF90546EDE700000EB470B518
:108F90009DB021AC00254FF4017254F8046BADF87C
:108FA00014201B9502900690D7F7DEFC0B4B039024
:108FB00007900B480B934FF6FF73ADF8163032460F
:108FC000234602A900680F951495019400F072F9E8
:108FD0001DB0BDE8704003B0704700BFDB710208F0
:108FE000F002002000487047400300202DE9F041C6
:108FF0004D4A0C460023D0E90001D7F711FD002AA5
:10900000BCBF02F5A83202F5C0724FF4616100F5F1
:109010002F20B2FBF1F301FB13224FF03C01ACBF58
:1090200000F66C2000F66B20A360B2FBF1F301FBAD
:10903000132263602260C31C072293FBF2F2C2EB8F
:10904000C2029B1A394955D50733A361A0F50E33E7
:10905000A3F52C7393FBF1F1354B03FB010048F6AC
:10906000AC63B0FBF3F3034440F2B45CB0FBFCF23E
:109070009B1A40F26D172F4AB0FBF2F264269B1A3E
:10908000B3FBF7F2B3FBFCF3B2FBF6F5EB1A0344C8
:1090900007FB1233992003EB8307023703F1010E1C
:1090A000B7FBF0FC00FB0CF002304FF00508B0FB02
:1090B000F8F0AEEB000040F2F95E77458CBF6FF040
:1090C0000907022767444FF4C87C0CFB0121012FDC
:1090D00098BF0131B3F5997F12D3A3F59973E3617A
:1090E000A1F26C710023E060C4E9047123622046A0
:1090F000BDE8F0810028A361A8DB90FBF1F1ABE7AC
:1091000012F0030F02D106FB15255DB94FF4C875A7
:10911000B2FBF5F605FB1622B2FA82F252093B3396
:109120001344DCE70122FAE780510100B13A020062
:109130004FC5FDFFB03A020038B5074D0023044685
:10914000084611462B60F1F717F9431C02D12B6832
:1091500003B1236038BD00BFAC78022038B5064D9E
:109160000023044608462B60F1F716F9431C02D190
:109170002B6803B1236038BDAC78022008B5062007
:1091800000F0FEFB0120F1F7C3F800000148FFF7F3
:109190003FB800BF297A03200148FFF73BB800BF62
:1091A000297A03202DE9F041074614460D4621B9DE
:1091B000BDE8F0411146FDF7B1BB2AB9FFF768F8E9
:1091C00025462846BDE8F08100F0F6FB84420646BD
:1091D00002D8B4EB500FF4D821463846FDF79EFB79
:1091E000804608B94546ECE7B4422246294628BFE6
:1091F0003246FFF718F829463846FFF749F8F1E7F5
:1092000038B54B1C144603D14FF0FF35284638BD06
:10921000938923F020039381636B5268CDB28BB1A5
:10922000A36B934208DD23685A1E226003F8015C99
:10923000636801336360E9E7214600F03EFB0028E4
:10924000F1D0E1E72169236851B1994208D213F8BE
:10925000011CA94204D1013B013223606260D5E7C1
:10926000C4E90F3204F1440363630323A363234679
:1092700003F8465F23600123DCE710B50C46496B19
:1092800069B104F14403994201D0FFF701F8236C5E
:1092900063600020606313B1E36B236010BD23693A
:1092A000236000236360A38943F02003A3814FF070
:1092B000FF30F3E72DE9F04FADF5237D41AC0D46CE
:1092C0000021C4E9031101A96161AF49C4F87C110F
:1092D000DFF8C4B2AD49C4F880110746E8460093F0
:1092E00092F80090B9F1000F00F060811BF809308E
:1092F00013F0080302F101061BD06B68002B10DD90
:109300002B681A781BF80220120701D43246E7E7CF
:109310002269013222616A680133013A6A602B6076
:10932000EBE7D4F880312946384698470028E7D043
:10933000ECE7B9F1250F40F084802360A3605378F7
:109340002A2B02BF1023961C23600A22B2461AF869
:10935000011BA1F13003092B1DD98D4B03221846A7
:10936000D7F70EFB38B18A4B2268C01A012383401D
:1093700013432360564616F8013B782B06D8572B2B
:1093800010D8252B5DD057D8002B76D00323A361AE
:109390000A23636089E0A36802FB03113039A160EE
:1093A0005646D3E7A3F15802202AEFD801A151F87D
:1093B00022F000BF899402088D9302088D93020861
:1093C000E59402088D9302088D9302088D9302089C
:1093D0008D9302088D9302088D9302088D930208E5
:1093E000FB940208E19402083F9402083F940208AB
:1093F0003F9402088D9302089B9402088D93020803
:109400008D9302088D9302088D9302080B95020834
:10941000A3940208819402088D9302088D93020898
:10942000079502088D930208E19402088D930208C3
:109430008D93020889940208453B022BA6D8052388
:1094400032E06B68002B0DDD2B681A784A4540F03E
:10945000AD8001336A682B602369013A01336A6089
:10946000236153E7D4F880312946384698470028CD
:10947000EAD0E068002840F091804FF0FF3091E0A2
:10948000226842F020022260226842F400722260C8
:1094900010226E2B626006D801E000236360032374
:1094A00002E0082363600423A3616B68002B3CDDAA
:1094B0002368590605D42B681A781BF80220120776
:1094C0003BD4A369022B4BDC43462A46214638464F
:1094D00000F06EF8012869D002287FF417AFC8E7C2
:1094E0000A22D6E7314601A800F0AEF9236843F01E
:1094F0004003236006460123D6E7236843F0400378
:1095000023600023D0E70223CEE72068C3063FF59F
:10951000FDAED8F800302269191DC8F800101B688C
:10952000C0074CBF1A801A60F0E6D4F88031294693
:10953000384698470028BBD09BE722690132226158
:109540006A68013A002A6A6002DD01332B60B2E7E3
:10955000D4F880312946384698470028ABD088E7B0
:10956000042B06DC43462A462146384600F07AF8AA
:10957000B0E7084B002B3FF4C9AE43462A462146CC
:109580003846AFF30080A5E7019202087B920208FB
:10959000C81A030800000000111B0308AB895B0612
:1095A0003FF56BAF0DF5237DBDE8F08FE068F9E77F
:1095B0002DE9F84315468A6880460C4632B98A6917
:1095C000002A14BF4FF0FF3201228A602268DFF8C0
:1095D0009090D1065FBF1A68111D196016680027A8
:1095E000A06988B1012807D12B681A7863699B5C50
:1095F00053B9002F32D023E0022821D12B681B78E9
:1096000019F803301B071BD42368DA065EBF2B68EA
:109610001B7806F8013B6B68013B6B602B680133DC
:109620002B60A368013B0137A3604BB16B68002B33
:10963000D6DCD4F880312946404698470028CFD060
:10964000236813F0100305D1E2680132E260A269D9
:1096500002B1337023693B4423610020BDE8F883E5
:10966000111B03082DE9F04F9846734B0C468246B8
:10967000164693E8070087B003AB83E807006F4BFB
:10968000A1696F4A032908BF1A46A36801925A1EAE
:10969000B2F5AE7F84BF6FF4AE7503EB05092746C4
:1096A00084BF40F25D13A36057F81C3B43F4506342
:1096B00098BF4FF0000923603D464FF0000B316822
:1096C00003AB097853F82B000222D7F759F928B3D6
:1096D000BBF1010F58D162682AB92268082142F40F
:1096E000007261602260226822F4A0622260A26897
:1096F000511EA16092B13268511C3160127805F898
:10970000012B7268013A002A726007DCD4F88021CC
:10971000314650469047002840F083800BF1010B02
:10972000BBF1030FCBD1616809B90A216160454BD8
:109730006069591A00F088F84FF0000BA36822689E
:10974000002B3DD03168606991F800C010F80C0022
:10975000002835D0BCF1300F24D1100522D50BF1F3
:10976000010BB9F1000F03D0013309F1FF39A360F8
:109770007368013B002B73601BDD3368013333607A
:10978000A368013BA360D9E7BBF1020FAFD1226808
:1097900002F4C061B1F5007FC5D11021616042F4CF
:1097A0008072A3E722F4106222600B7805F8013B77
:1097B000DEE7D4F880313146504698470028DFD0A4
:1097C0002368DB050DD5BD4209D915F8011CD4F875
:1097D0007C3132465046984705F1FF394D46BD422F
:1097E00027D0226812F0100212D12A706368019EFD
:1097F00039465046B047D8F8003021681A1DC8F8DD
:1098000000208E061B680FD51860E3680133E36003
:109810002369ED1B5D442B442361002007B0BDE8A4
:10982000F08F4FF0000BCBE7CA074CBF18801860D1
:10983000EBE70120F2E700BF34F902088D6B020864
:1098400085840208051B030870B50B7804465E2B5F
:109850000BBF4B784A1C8A1C002108BF012101382C
:1098600004F1FF0500F8011FA842FBD10BB9501EFF
:1098700070BD81F00101E1541046024612F8015B0F
:109880002D2D05D05D2D16D0002DF1D02B46F2E701
:1098900046785D2EFAD0B342F8DC02301A46013227
:1098A0009642A154FBDCF21A013AB342A8BF00224F
:1098B00001331344E1E71046DAE72DE9F0410C46A5
:1098C000496B04F1440399421DD14FF48061FDF7C7
:1098D00025F818B94FF0FF30BDE8F0814FF48063F0
:1098E000A36394F84630606380F8FF3394F8453002
:1098F00080F8FE3394F8443080F8FD3300F2FD30F8
:1099000020600020E8E7A66B77003A46FFF74AFCA4
:1099100005460028DED000EB0608014632464046E8
:10992000FEF781FCC4E90D57C4F80080E9E71F2960
:1099300038B505460C4604D9162303604FF0FF30B6
:1099400038BDC26B12B152F821304BB9284600F035
:1099500031F8224601462846BDE8384000F018B8E4
:10996000012B0AD0591C03D1162303600120E7E71D
:10997000002142F82410204698470020E0E700002C
:10998000024B01461868FFF7D2BF00BFF00200206B
:1099900038B5074D00230446084611462B60F0F702
:1099A000A5FC431C02D12B6803B1236038BD00BF66
:1099B000AC780220F0F792BC51F8043C181F002B41
:1099C000BCBF0B58C0187047F8B500BFF8BC08BC46
:1099D0009E467047F8B500BFF8BC08BC9E4670476D
:1099E00049444C4500000000546D722053766300DA
:1099F000546D725100000000443A2F4465736B743B
:109A00006F702F53656E736F72436F6E63656E7404
:109A10007261746F722F4D6964646C6577617265F1
:109A2000732F54686972645F50617274792F4C7738
:109A300049502F7372632F6E657469662F65746861
:109A400065726E65742E63006E657469662D3E687E
:109A500077616464725F6C656E206D7573742062EB
:109A600065203620666F722065746865726E657455
:109A70005F6F757470757421000000004173736529
:109A80007274696F6E2022257322206661696C658D
:109A900064206174206C696E6520256420696E20E5
:109AA00025730A00443A2F4465736B746F702F530B
:109AB000656E736F72436F6E63656E747261746FFF
:109AC000722F4D6964646C6577617265732F546899
:109AD0006972645F50617274792F4C7749502F73AB
:109AE00072632F6170692F74637069702E63000058
:109AF00074637069705F7468726561643A20696E3E
:109B000076616C6964206D65737361676500000040
:109B1000417373657274696F6E202225732220660B
:109B200061696C6564206174206C696E65202564D0
:109B300020696E2025730A00496E76616C69642085
:109B40006D626F78000000006661696C6564207466
:109B50006F206372656174652074637069705F74EF
:109B60006872656164206D626F7800006661696C7F
:109B7000656420746F20637265617465206C6F6327
:109B80006B5F74637069705F636F726500000000E3
:109B900074637069705F74687265616400000000CE
:109BA000443A2F4465736B746F702F53656E736FF7
:109BB00072436F6E63656E747261746F722F4D695C
:109BC00064646C6577617265732F54686972645F51
:109BD00050617274792F4C7749502F7372632F63E1
:109BE0006F72652F6D656D2E63000000706C756778
:109BF0005F686F6C65733A206D656D203E3D207225
:109C0000616D0000417373657274696F6E20222567
:109C10007322206661696C6564206174206C696ED2
:109C20006520256420696E2025730A00706C7567B5
:109C30005F686F6C65733A206D656D203C207261C2
:109C40006D5F656E64000000706C75675F686F6CB7
:109C500065733A206D656D2D3E75736564203D3DDD
:109C600020300000706C75675F686F6C65733A2018
:109C70006D656D2D3E6E657874203C3D204D454DE3
:109C80005F53495A455F414C49474E4544000000E7
:109C90006661696C656420746F20637265617465C8
:109CA000206D656D5F6D7574657800006D656D5F25
:109CB000667265653A2073616E69747920636865C0
:109CC000636B20616C69676E6D656E7400000000E7
:109CD0006D656D5F667265653A20696C6C6567617C
:109CE0006C206D656D6F7279000000006D656D5FB1
:109CF000667265653A20696C6C6567616C206D659C
:109D00006D6F72793A20646F75626C65206672655A
:109D1000650000006D656D5F667265653A20696C6F
:109D20006C6567616C206D656D6F72793A206E6F3E
:109D30006E2D6C696E6B65643A20646F75626C653C
:109D400020667265650000006D656D5F7472696DF7
:109D50003A206C6567616C206D656D6F72790000EB
:109D60006D656D5F7472696D2063616E206F6E6CDE
:109D70007920736872696E6B206D656D6F72790002
:109D8000696E76616C6964206E6578742070747297
:109D9000000000006D656D5F6D616C6C6F633A2053
:109DA000216C667265652D3E757365640000000068
:109DB0006D656D5F6D616C6C6F633A20616C6C6F8B
:109DC0006361746564206D656D6F7279206E6F7468
:109DD0002061626F76652072616D5F656E642E0032
:109DE0006D656D5F6D616C6C6F633A20616C6C6F5B
:109DF0006361746564206D656D6F72792070726F38
:109E00007065726C7920616C69676E65642E000004
:109E10006D656D5F6D616C6C6F633A2073616E6927
:109E2000747920636865636B20616C69676E6D652A
:109E30006E740000443A2F4465736B746F702F5337
:109E4000656E736F72436F6E63656E747261746F6B
:109E5000722F4D6964646C6577617265732F546805
:109E60006972645F50617274792F4C7749502F7317
:109E700072632F636F72652F6D656D702E630000C6
:109E80006D656D705F6D616C6C6F633A206D656DB3
:109E9000702070726F7065726C7920616C69676E8A
:109EA00065640000417373657274696F6E202225CA
:109EB0007322206661696C6564206174206C696E30
:109EC0006520256420696E2025730A00696E76611D
:109ED0006C696420706F6F6C2064657363000000B0
:109EE0006D656D705F6D616C6C6F633A2074797035
:109EF00065203C204D454D505F4D4158000000000D
:109F00006D656D705F667265653A206D656D207078
:109F1000726F7065726C7920616C69676E65640040
:109F20006D656D705F667265653A20747970652045
:109F30003C204D454D505F4D41580000443A2F4460
:109F400065736B746F702F53656E736F72436F6EB2
:109F500063656E747261746F722F4D6964646C65B1
:109F600077617265732F54686972645F50617274AF
:109F7000792F4C7749502F7372632F636F72652F5F
:109F80006E657469662E63006E657469665F696EDE
:109F90007075743A20696E76616C696420706275C0
:109FA00066000000417373657274696F6E2022252C
:109FB0007322206661696C6564206174206C696E2F
:109FC0006520256420696E2025730A006E6574691A
:109FD000665F696E7075743A20696E76616C69644B
:109FE000206E6574696600006E657469665F616401
:109FF000643A20696E76616C6964206E6574696686
:10A00000000000006E657469665F6164643A204E0A
:10A010006F20696E69742066756E6374696F6E2057
:10A02000676976656E0000006E6574696620616C14
:10A03000726561647920616464656400746F6F2087
:10A040006D616E79206E65746966732C206D617820
:10A050002E20737570706F72746564206E756D62FA
:10A06000657220697320323535000000696E7661B3
:10A070006C696420706F696E746572006E657469D6
:10A08000665F7365745F6970616464723A20696EBB
:10A0900076616C6964206E65746966006E657469CA
:10A0A000665F7365745F6E65746D61736B3A20698A
:10A0B0006E76616C6964206E6574696600000000EC
:10A0C0006E657469665F7365745F67773A20696E61
:10A0D00076616C6964206E65746966006E6574698A
:10A0E000665F7365745F75703A20696E76616C693E
:10A0F00064206E65746966006E657469665F697375
:10A100007375655F7265706F7274733A20696E76ED
:10A11000616C6964206E6574696600006E657469BF
:10A12000665F7365745F646F776E3A20696E7661FF
:10A130006C6964206E657469660000006E65746900
:10A14000665F7365745F6C696E6B5F75703A2069EA
:10A150006E76616C6964206E65746966000000004B
:10A160006E657469665F7365745F6C696E6B5F645E
:10A170006F776E3A20696E76616C6964206E6574E3
:10A1800069660000443A2F4465736B746F702F53F7
:10A19000656E736F72436F6E63656E747261746F18
:10A1A000722F4D6964646C6577617265732F5468B2
:10A1B0006972645F50617274792F4C7749502F73C4
:10A1C00072632F636F72652F706275662E63000075
:10A1D000706275665F616C6C6F633A207062756661
:10A1E00020712D3E7061796C6F61642070726F70A8
:10A1F00065726C7920616C69676E656400000000AF
:10A20000417373657274696F6E2022257322206614
:10A2100061696C6564206174206C696E65202564D9
:10A2200020696E2025730A00504255465F504F4FFB
:10A230004C5F42554653495A45206D7573742062F0
:10A240006520626967676572207468616E204D459C
:10A250004D5F414C49474E4D454E54007062756606
:10A260005F616C6C6F633A20706275662D3E706141
:10A27000796C6F61642070726F7065726C792061A7
:10A280006C69676E65640000706275665F616C6C16
:10A290006F633A206572726F6E656F7573207479A3
:10A2A00070650000696E76616C6964207062756625
:10A2B0005F74797065000000706275665F72656139
:10A2C0006C6C6F633A207020213D204E554C4C0041
:10A2D000706275665F7265616C6C6F633A207120A5
:10A2E000213D204E554C4C006D656D5F7472696D5B
:10A2F0002072657475726E65642071203D3D204E3C
:10A30000554C4C007020213D204E554C4C00000017
:10A31000696E6372656D656E745F6D61676E697499
:10A32000756465203C3D20702D3E6C656E0000001C
:10A33000706275665F667265653A20702D3E726563
:10A3400066203E203000000070632D3E63757374FC
:10A350006F6D5F667265655F66756E6374696F6E5B
:10A3600020213D204E554C4C00000000696E766166
:10A370006C696420706275662074797065000000F5
:10A380007062756620726566206F766572666C6FA6
:10A3900077000000286820213D204E554C4C292094
:10A3A000262620287420213D204E554C4C2920285B
:10A3B00070726F6772616D6D65722076696F6C6126
:10A3C000746573204150492900000000702D3E74CF
:10A3D0006F745F6C656E203D3D20702D3E6C656E28
:10A3E00020286F66206C6173742070627566206926
:10A3F0006E20636861696E2900000000702D3E6E5A
:10A40000657874203D3D204E554C4C00702D3E74B7
:10A410006F745F6C656E203D3D20702D3E6C656EE7
:10A42000202B20712D3E746F745F6C656E000000F0
:10A43000702D3E746F745F6C656E203D3D20702DF5
:10A440003E6C656E00000000706275665F636F7041
:10A45000793A20746172676574206E6F7420626946
:10A460006720656E6F75676820746F20686F6C6415
:10A4700020736F75726365006F66667365745F74D1
:10A480006F203C3D20705F746F2D3E6C656E000048
:10A490006F66667365745F66726F6D203C3D2070F9
:10A4A0005F66726F6D2D3E6C656E0000705F746F3D
:10A4B00020213D204E554C4C000000007062756616
:10A4C0005F636F7079282920646F6573206E6F74E5
:10A4D00020616C6C6F77207061636B65742071759F
:10A4E0006575657321000000706275665F636F704B
:10A4F000795F7061727469616C3A20696E76616C23
:10A500006964206275660000706275665F636F70D3
:10A51000795F7061727469616C3A20696E76616C02
:10A5200069642064617461707472000070627566A1
:10A530005F6765745F636F6E746967756F75733A93
:10A5400020696E76616C69642062756600000000A7
:10A55000706275665F6765745F636F6E7469677557
:10A560006F75733A20696E76616C696420646174FA
:10A570006170747200000000706275665F74616BD8
:10A58000653A20696E76616C6964206275660000C8
:10A59000706275665F74616B653A20696E76616C96
:10A5A0006964206461746170747200007062756621
:10A5B0005F74616B653A20627566206E6F74206C03
:10A5C0006172676520656E6F756768007062756699
:10A5D0005F74616B653A20696E76616C69642070A6
:10A5E00062756600646964206E6F7420636F7079B1
:10A5F00020616C6C206461746100000063686563B5
:10A600006B20706275665F736B697020726573751D
:10A610006C740000706275665F636F7079206661AC
:10A62000696C656400000000434C4F5345440000D2
:10A630004C495354454E000053594E5F53454E54B8
:10A640000000000053594E5F524356440000000082
:10A6500045535441424C49534845440046494E5F96
:10A66000574149545F31000046494E5F57414954B4
:10A670005F320000434C4F53455F5741495400003F
:10A68000434C4F53494E47004C4153545F41434B59
:10A690000000000054494D455F57414954000000F7
:10A6A000443A2F4465736B746F702F53656E736FEC
:10A6B00072436F6E63656E747261746F722F4D6951
:10A6C00064646C6577617265732F54686972645F46
:10A6D00050617274792F4C7749502F7372632F63D6
:10A6E0006F72652F7463702E630000007463705F77
:10A6F000667265653A204C495354454E000000008F
:10A70000417373657274696F6E202225732220660F
:10A7100061696C6564206174206C696E65202564D4
:10A7200020696E2025730A007463705F6672656528
:10A730005F6C697374656E3A20214C495354454EE1
:10A74000000000007463705F72656D6F76655F6C0A
:10A75000697374656E65723A20696E76616C6964BE
:10A76000206C697374656E6572000000706362200E
:10A77000213D204E554C4C007063622D3E73746138
:10A780007465203D3D204C495354454E0000000067
:10A790007463705F636C6F73655F73687574646F07
:10A7A000776E3A20696E76616C696420706362002E
:10A7B0007063622D3E666C61677320262054465F8D
:10A7C0005258434C4F534544000000007463705F7F
:10A7D000636C6F73653A20696E76616C6964207092
:10A7E000636200007463705F73687574646F776E82
:10A7F0003A20696E76616C696420706362000000C3
:10A800007463705F6162616E646F6E3A20696E7628
:10A81000616C69642070636200000000646F6E27E1
:10A82000742063616C6C207463705F61626F72741A
:10A830002F7463705F6162616E646F6E20666F7209
:10A84000206C697374656E2D706362730000000084
:10A850007463705F62696E643A20696E76616C69D8
:10A8600064207063620000007463705F62696E64EC
:10A870003A2063616E206F6E6C792062696E64208D
:10A88000696E20737461746520434C4F53454400D6
:10A890007463705F6163636570745F6E756C6C3A4E
:10A8A00020696E76616C696420706362000000004C
:10A8B0007463705F6C697374656E5F776974685FE9
:10A8C0006261636B6C6F675F616E645F6572723A41
:10A8D00020696E76616C696420706362000000001C
:10A8E0007463705F6C697374656E5F776974685FB9
:10A8F0006261636B6C6F675F616E645F6572723A11
:10A900002070636220616C726561647920636F6E90
:10A910006E656374656400007463705F7570646174
:10A9200074655F7263765F616E6E5F776E643A2006
:10A93000696E76616C696420706362006E65775F32
:10A940007263765F616E6E5F776E64203C3D20308F
:10A9500078666666660000007463705F7265637691
:10A9600065643A20696E76616C6964207063620088
:10A97000646F6E27742063616C6C207463705F7207
:10A98000656376656420666F72206C697374656EAA
:10A990002D706362730000007463705F636F6E6E8E
:10A9A0006563743A20696E76616C696420706362D5
:10A9B000000000007463705F636F6E6E6563743ACD
:10A9C00020696E76616C69642069706164647200EC
:10A9D0007463705F636F6E6E6563743A2063616E5B
:10A9E000206F6E6C7920636F6E6E65637420667283
:10A9F0006F6D20737461746520434C4F5345440060
:10AA00007463705F736C6F77746D723A20616374F6
:10AA1000697665207063622D3E73746174652021D0
:10AA20003D20434C4F5345440A0000007463705F5F
:10AA3000736C6F77746D723A206163746976652008
:10AA40007063622D3E737461746520213D204C4912
:10AA50005354454E0A0000007463705F736C6F7747
:10AA6000746D723A20616374697665207063622D3B
:10AA70003E737461746520213D2054494D452D5726
:10AA80004149540A000000007463705F736C6F7773
:10AA900074696D723A207065727369737420746999
:10AAA000636B696E67207769746820696E2D666CC8
:10AAB0006967687420646174610000007463705F8A
:10AAC000736C6F7774696D723A2070657273697315
:10AAD00074207469636B696E672077697468206598
:10AAE0006D7074792073656E642062756666657238
:10AAF000000000007463705F736C6F77746D723A5E
:10AB0000206D6964646C652074637020213D20743D
:10AB100063705F6163746976655F70636273000080
:10AB20007463705F736C6F77746D723A20666972CC
:10AB3000737420706362203D3D207463705F6163B5
:10AB4000746976655F706362730000007463705FA0
:10AB5000736C6F77746D723A2054494D452D57418F
:10AB60004954207063622D3E7374617465203D3DCD
:10AB70002054494D452D5741495400007463705F7E
:10AB8000736C6F77746D723A206D6964646C6520C4
:10AB900074637020213D207463705F74775F70630D
:10ABA000627300007463705F736C6F77746D723AD8
:10ABB00020666972737420706362203D3D20746367
:10ABC000705F74775F706362730000007463705F1E
:10ABD00070726F636573735F726566757365645FCA
:10ABE000646174613A20696E76616C696420706397
:10ABF000620000007463705F7365747072696F3A0D
:10AC000020696E76616C69642070636200000000E8
:10AC10007463705F7365675F636F70793A20696E04
:10AC200076616C6964207365670000007463705F0F
:10AC3000726563765F6E756C6C3A20696E76616CD6
:10AC40006964207063620000696E76616C696420DB
:10AC50007374617465000000696E76616C696420CC
:10AC6000736F636B657420737461746520666F72B3
:10AC700020726563762063616C6C6261636B0000B7
:10AC8000696E76616C696420736F636B65742073A1
:10AC90007461746520666F722073656E74206361E1
:10ACA0006C6C6261636B0000696E76616C69642034
:10ACB000736F636B657420737461746520666F7263
:10ACC000206572722063616C6C6261636B000000CE
:10ACD0007463705F706F6C6C3A20696E76616C693A
:10ACE0006420706362000000696E76616C696420A4
:10ACF000736F636B657420737461746520666F7223
:10AD000020706F6C6C0000007463705F7063625F32
:10AD100070757267653A20696E76616C696420703F
:10AD2000636200007463705F7063625F72656D6F71
:10AD300076653A20696E76616C69642070636200A2
:10AD40007463705F7063625F72656D6F76653A20E1
:10AD5000696E76616C6964207063626C69737400FB
:10AD6000756E73656E74207365676D656E747320A0
:10AD70006C65616B696E6700756E61636B656420FD
:10AD80007365676D656E7473206C65616B696E6762
:10AD9000000000006F6F736571207365676D656EED
:10ADA0007473206C65616B696E6700007463705F1B
:10ADB0006E6578745F6973733A20696E76616C6949
:10ADC00064207063620000007463705F6566665F94
:10ADD00073656E645F6D73735F6E657469663A2048
:10ADE000696E76616C6964206473745F69700000D9
:10ADF0007463705F6E657469665F69705F616464D7
:10AE0000725F6368616E6765645F7063626C6973CB
:10AE1000743A20696E76616C6964206F6C645F615E
:10AE200064647200443A2F4465736B746F702F53DF
:10AE3000656E736F72436F6E63656E747261746F6B
:10AE4000722F4D6964646C6577617265732F546805
:10AE50006972645F50617274792F4C7749502F7317
:10AE600072632F636F72652F7463705F696E2E63F8
:10AE7000000000007463705F696E7075743A206939
:10AE80006E76616C696420706275660041737365EB
:10AE90007274696F6E2022257322206661696C6569
:10AEA00064206174206C696E6520256420696E20C1
:10AEB00025730A00702D3E6E65787420213D204E6A
:10AEC000554C4C00702D3E6C656E203D3D20300091
:10AED000702D3E746F745F6C656E203D3D20702D4B
:10AEE0003E6E6578742D3E746F745F6C656E000005
:10AEF0007463705F696E7075743A2061637469760B
:10AF000065207063622D3E737461746520213D205D
:10AF1000434C4F53454400007463705F696E707515
:10AF2000743A20616374697665207063622D3E73A4
:10AF30007461746520213D2054494D452D57414988
:10AF4000540000007463705F696E7075743A20611C
:10AF50006374697665207063622D3E7374617465F5
:10AF600020213D204C495354454E00007463705FCE
:10AF7000696E7075743A207063622D3E6E657874E8
:10AF800020213D2070636220286265666F72652013
:10AF900063616368652900007463705F696E707532
:10AFA000743A207063622D3E6E65787420213D20D6
:10AFB00070636220286166746572206361636865EE
:10AFC000290000007463705F696E7075743A2054D4
:10AFD000494D452D57414954207063622D3E73748D
:10AFE000617465203D3D2054494D452D57414954DC
:10AFF000000000007063622D3E72656675736564C3
:10B000005F64617461203D3D204E554C4C00000052
:10B010007463705F696E7075745F64656C61796587
:10B02000645F636C6F73653A20696E76616C696406
:10B0300020706362000000007463705F6C69737459
:10B04000656E5F696E7075743A20696E76616C69C1
:10B0500064207063620000007463705F74696D65E2
:10B06000776169745F696E7075743A20696E766194
:10B070006C696420706362007463705F70726F63E8
:10B080006573733A20696E76616C696420706362DF
:10B09000000000007463705F696E7075743A207010
:10B0A00063622D3E737461746520213D20434C4FD3
:10B0B000534544007063622D3E736E645F71756525
:10B0C00075656C656E203E20300000006E6F207349
:10B0D00065676D656E7420746F206672656500002B
:10B0E0007063622D3E6C697374656E65722D3E618E
:10B0F000636365707420213D204E554C4C00000068
:10B100007463705F6F6F735F696E736572745F7382
:10B1100065676D656E743A20696E76616C6964204E
:10B1200063736567000000007063622D3E736E6498
:10B130005F71756575656C656E203E3D207062754A
:10B14000665F636C656E286E6578742D3E702900AD
:10B150007463705F726563656976653A2076616CC9
:10B160006964207175657565206C656E677468002B
:10B170007463705F726563656976653A20696E769F
:10B18000616C696420706362000000007463705F2A
:10B19000726563656976653A2077726F6E672073B2
:10B1A0007461746500000000756E61636B65640016
:10B1B000756E73656E740000696E7365672E70201E
:10B1C000213D204E554C4C00696E73616E65206FB9
:10B1D00066667365742100007062756620746F6F17
:10B1E0002073686F727421007463705F72656365A9
:10B1F0006976653A207365676D656E74206E6F744D
:10B20000207472696D6D656420636F72726563741A
:10B210006C7920746F207263765F776E640A000029
:10B220007463705F726563656976653A20736567FC
:10B230006D656E74206E6F74207472696D6D6564D7
:10B2400020636F72726563746C7920746F206F6F06
:10B250007365712071756575650A00007463705FB0
:10B26000726563656976653A207463706C656E20FB
:10B270003E207263765F776E640A00007463705FCD
:10B28000726563656976653A206F6F7365712074C6
:10B2900063706C656E203E207263765F776E640A21
:10B2A000000000007463705F70617273656F70748A
:10B2B0003A20696E76616C696420706362000000F8
:10B2C000443A2F4465736B746F702F53656E736FC0
:10B2D00072436F6E63656E747261746F722F4D6925
:10B2E00064646C6577617265732F54686972645F1A
:10B2F00050617274792F4C7749502F7372632F63AA
:10B300006F72652F7463705F6F75742E6300000039
:10B310007463705F6372656174655F7365676D65A3
:10B320006E743A20696E76616C69642070636200A5
:10B33000417373657274696F6E20222573222066D3
:10B3400061696C6564206174206C696E6520256498
:10B3500020696E2025730A007463705F63726561F3
:10B3600074655F7365676D656E743A20696E7661AA
:10B370006C6964207062756600000000702D3E7478
:10B380006F745F6C656E203E3D206F70746C656EEF
:10B39000000000007463705F706275665F707265B4
:10B3A000616C6C6F633A20696E76616C6964206FC2
:10B3B00076657273697A65007463705F7062756632
:10B3C0005F707265616C6C6F633A20696E76616C58
:10B3D00069642070636200006E65656420756E6349
:10B3E0006861696E65642070627566007463705F81
:10B3F00077726974655F636865636B733A20696E21
:10B4000076616C6964207063620000007463705F31
:10B4100077726974653A207062756673206F6E206A
:10B420007175657565203D3E206174206C656173A2
:10B4300074206F6E65207175657565206E6F6E2D59
:10B44000656D7074790000007463705F7772697461
:10B45000653A206E6F207062756673206F6E207182
:10B4600075657565203D3E20626F74682071756555
:10B4700075657320656D7074790000007463705F8A
:10B4800077726974653A20696E76616C69642070C0
:10B49000636200007463705F77726974653A20615B
:10B4A0007267203D3D204E554C4C202870726F67CE
:10B4B00072616D6D65722076696F6C617465732061
:10B4C00041504929000000006D73735F6C6F636128
:10B4D0006C20697320746F6F20736D616C6C000059
:10B4E000696E636F6E73697374656E74206F7665D1
:10B4F0007273697A652076732E20737061636500BC
:10B50000696E636F6E73697374656E74206F7665B0
:10B510007273697A652076732E206C656E00000068
:10B520007463705F77726974653A20524F4D207072
:10B53000627566732063616E6E6F74206265206F42
:10B5400076657273697A656400000000756E7365D4
:10B550006E745F6F76657273697A65206D69736D5D
:10B560006174636820287063622D3E756E73656E2A
:10B5700074206973204E554C4C2900007463705F31
:10B5800077726974653A20636865636B20746861DB
:10B590007420666972737420706275662063616ED0
:10B5A00020686F6C642074686520636F6D706C65D3
:10B5B0007465207365676C656E0000006F76657258
:10B5C00073697A65203D3D20300000007072657619
:10B5D0005F73656720213D204E554C4C00000000F4
:10B5E0007463705F77726974653A2063616E6E6F21
:10B5F0007420636F6E636174656E61746520776833
:10B60000656E207063622D3E756E73656E74206981
:10B610007320656D707479007463705F77726974FC
:10B62000653A20657874656E73696F6E206F662069
:10B630007265666572656E636520726571756972A3
:10B640006573207265666572656E63650000000053
:10B650007463705F77726974653A2076616C6964AF
:10B66000207175657565206C656E677468000000F3
:10B670007463705F73706C69745F756E73656E74FC
:10B680005F7365673A20696E76616C6964207063E8
:10B690006200000043616E27742073706C6974202F
:10B6A0007365676D656E7420696E746F206C656E6E
:10B6B000677468203000000073706C6974203C3D32
:10B6C000206D737300000000757365672D3E6C6517
:10B6D0006E203E2030000000736567203D3D204E07
:10B6E000554C4C007463705F73656E645F66696E81
:10B6F0003A20696E76616C696420706362000000B4
:10B700007463705F656E71756575655F666C6167A2
:10B71000733A206E656564206569746865722054AB
:10B7200043505F53594E206F72205443505F464937
:10B730004E20696E20666C616773202870726F6797
:10B7400072616D6D65722076696F6C6174657320CE
:10B7500041504929000000007463705F656E717587
:10B760006575655F666C6167733A20696E76616CBA
:10B7700069642070636200007463705F656E717548
:10B780006575655F666C6167733A20636865636BB6
:10B7900020746861742066697273742070627566C3
:10B7A0002063616E20686F6C64206F70746C656ECE
:10B7B000000000007365672D3E746370686472203A
:10B7C0006E6F7420616C69676E6564007463705F8E
:10B7D000656E71756575655F666C6167733A206942
:10B7E0006E76616C6964207365676D656E74206C3C
:10B7F000656E6774680000007463705F656E7175D4
:10B800006575655F666C6167733A20696E76616C19
:10B810006964207175657565206C656E6774680074
:10B820007463705F6F75747075743A20696E7661B9
:10B830006C69642070636200646F6E2774206361BA
:10B840006C6C207463705F6F757470757420666FB4
:10B8500072206C697374656E2D70636273000000F2
:10B86000525354206E6F74206578706563746564FC
:10B8700020686572652100007463705F6F75747075
:10B8800075745F7365676D656E745F627573793A21
:10B8900020696E76616C6964207365670000000042
:10B8A0007463705F6F75747075745F7365676D65D1
:10B8B0006E743A20696E76616C6964207365670006
:10B8C0007463705F6F75747075745F7365676D65B1
:10B8D0006E743A20696E76616C69642070636200F0
:10B8E0007463705F6F75747075745F7365676D6591
:10B8F0006E743A20696E76616C6964206E65746955
:10B90000660000006F7074696F6E73206E6F742034
:10B9100066696C6C656400007463705F7265786D55
:10B9200069745F72746F5F707265706172653A20DE
:10B93000696E76616C696420706362007463705F25
:10B940007265786D69745F72746F5F636F6D6D6936
:10B95000743A20696E76616C6964207063620000DD
:10B960007463705F7265786D69745F72746F3A208A
:10B97000696E76616C696420706362007463705FE5
:10B980007265786D69743A20696E76616C696420BD
:10B99000706362007463705F7265786D69745F666E
:10B9A0006173743A20696E76616C696420706362B9
:10B9B00000000000636865636B2074686174206632
:10B9C0006972737420706275662063616E20686F9F
:10B9D0006C6420737472756374207463705F686440
:10B9E000720000007463705F6F75747075745F61CE
:10B9F0006C6C6F635F6865616465723A20696E762E
:10BA0000616C696420706362000000007463705FA1
:10BA10006F75747075745F66696C6C5F6F70746954
:10BA20006F6E733A20696E76616C6964207062751E
:10BA3000660000007463705F6F75747075745F6387
:10BA40006F6E74726F6C5F7365676D656E743A20AC
:10BA5000696E76616C696420706275660000000032
:10BA60007463705F7273743A20696E76616C696496
:10BA7000206C6F63616C5F69700000007463705FBD
:10BA80007273743A20696E76616C69642072656DB8
:10BA90006F74655F697000007463705F73656E64D6
:10BAA0005F656D7074795F61636B3A20696E766172
:10BAB0006C696420706362007463705F6B656570AD
:10BAC000616C6976653A20696E76616C6964207094
:10BAD000636200007463705F7A65726F5F77696E8E
:10BAE000646F775F70726F62653A20696E76616C21
:10BAF0006964207063620000443A2F4465736B747C
:10BB00006F702F53656E736F72436F6E63656E74E3
:10BB10007261746F722F4D6964646C6577617265D0
:10BB2000732F54686972645F50617274792F4C7717
:10BB300049502F7372632F636F72652F74696D653F
:10BB40006F7574732E6300007379735F74696D652C
:10BB50006F75743A2074696D656F757420213D208E
:10BB60004E554C4C2C20706F6F6C204D454D505FE6
:10BB70005359535F54494D454F55542069732065BF
:10BB80006D70747900000000417373657274696FA1
:10BB90006E2022257322206661696C6564206174C1
:10BBA000206C696E6520256420696E2025730A006B
:10BBB00054696D656F75742074696D6520746F6F5D
:10BBC000206C6F6E672C206D6178206973204C5754
:10BBD00049505F55494E5433325F4D41582F342000
:10BBE0006D73656373000000696E76616C69642033
:10BBF000736C65657074696D65000000443A2F448C
:10BC000065736B746F702F53656E736F72436F6ED5
:10BC100063656E747261746F722F4D6964646C65D4
:10BC200077617265732F54686972645F50617274D2
:10BC3000792F4C7749502F7372632F636F72652F82
:10BC40007564702E630000007564705F696E7075B6
:10BC5000745F6C6F63616C5F6D617463683A2069D7
:10BC60006E76616C69642070636200004173736575
:10BC70007274696F6E2022257322206661696C657B
:10BC800064206174206C696E6520256420696E20D3
:10BC900025730A007564705F696E7075745F6C6FF0
:10BCA00063616C5F6D617463683A20696E76616C84
:10BCB0006964206E65746966000000007564705FD9
:10BCC000696E7075743A20696E76616C6964207073
:10BCD000627566007564705F696E7075743A20698C
:10BCE0006E76616C6964206E6574696600000000A0
:10BCF000706275665F72656D6F76655F68656164B9
:10BD00006572206661696C65640A00007564705F25
:10BD100073656E643A20696E76616C696420706345
:10BD2000620000007564705F73656E643A20696E2E
:10BD300076616C6964207062756600007564705F7E
:10BD400073656E64746F3A20696E76616C69642005
:10BD5000706362007564705F73656E64746F3A201F
:10BD6000696E76616C69642070627566000000001F
:10BD70007564705F73656E64746F3A20696E766186
:10BD80006C6964206473745F697000007564705F2F
:10BD900073656E64746F5F69663A20696E76616C74
:10BDA00069642070636200007564705F73656E641F
:10BDB000746F5F69663A20696E76616C69642070A1
:10BDC000627566007564705F73656E64746F5F6939
:10BDD000663A20696E76616C6964206473745F6989
:10BDE000700000007564705F73656E64746F5F69E6
:10BDF000663A20696E76616C6964206E6574696666
:10BE0000000000007564705F73656E64746F5F6935
:10BE1000665F7372633A20696E76616C6964207044
:10BE2000636200007564705F73656E64746F5F6950
:10BE3000665F7372633A20696E76616C6964207024
:10BE4000627566007564705F73656E64746F5F69B8
:10BE5000665F7372633A20696E76616C6964206410
:10BE600073745F69700000007564705F73656E6461
:10BE7000746F5F69665F7372633A20696E76616C96
:10BE80006964207372635F69700000007564705F9D
:10BE900073656E64746F5F69665F7372633A20697D
:10BEA0006E76616C6964206E6574696600000000DE
:10BEB000636865636B20746861742066697273746B
:10BEC00020706275662063616E20686F6C642073F9
:10BED0007472756374207564705F6864720000002A
:10BEE0007564705F62696E643A20696E76616C6930
:10BEF00064207063620000007564705F636F6E6E33
:10BF00006563743A20696E76616C6964207063625F
:10BF1000000000007564705F636F6E6E6563743A55
:10BF200020696E76616C6964206970616464720076
:10BF30007564705F646973636F6E6E6563743A20D5
:10BF4000696E76616C696420706362007564705F0D
:10BF5000726563763A20696E76616C6964207063FD
:10BF6000620000007564705F72656D6F76653A20DF
:10BF7000696E76616C69642070636200443A2F4494
:10BF800065736B746F702F53656E736F72436F6E52
:10BF900063656E747261746F722F4D6964646C6551
:10BFA00077617265732F54686972645F506172744F
:10BFB000792F4C7749502F7372632F636F72652FFF
:10BFC000697076342F6175746F69702E630000009C
:10BFD0006E6574696620213D204E554C4C00000072
:10BFE000417373657274696F6E2022257322206617
:10BFF00061696C6564206174206C696E65202564DC
:10C0000020696E2025730A006175746F69702021A4
:10C010003D204E554C4C00006E6574696620616C85
:10C020007265616479206861732061207374727530
:10C030006374206175746F6970207365740000000B
:10C040004155544F49502061646472657373206E8A
:10C050006F7420696E2072616E6765006E65746929
:10C0600066206973206E6F742075702C206F6C646D
:10C07000207374796C6520706F72743F000000004B
:10C08000443A2F4465736B746F702F53656E736FF2
:10C0900072436F6E63656E747261746F722F4D6957
:10C0A00064646C6577617265732F54686972645F4C
:10C0B00050617274792F4C7749502F7372632F63DC
:10C0C0006F72652F697076342F6574686172702E97
:10C0D000630000007374617465203D3D2045544841
:10C0E0004152505F53544154455F50454E44494E70
:10C0F00047207C7C207374617465203E3D2045544C
:10C10000484152505F53544154455F535441424C4F
:10C1100045000000417373657274696F6E202225BB
:10C120007322206661696C6564206174206C696E9D
:10C130006520256420696E2025730A006172705F96
:10C140007461626C655B695D2E71203D3D204E55CA
:10C150004C4C000069203C204152505F5441424CFD
:10C16000455F53495A4500006172705F7461626CAB
:10C17000655B695D2E7374617465203D3D20455497
:10C18000484152505F53544154455F454D505459B6
:10C19000000000006E657469662D3E687761646416
:10C1A000725F6C656E203D3D204554485F485741A5
:10C1B0004444525F4C454E006574685F726574205C
:10C1C000213D204E554C4C2026262069705F72651B
:10C1D0007420213D204E554C4C0000006970616474
:10C1E000647220213D204E554C4C00006E657469F0
:10C1F0006620213D204E554C4C0000006574685F60
:10C2000072657420213D204E554C4C006172705F68
:10C210007461626C655B6172705F6964785D2E73D6
:10C2200074617465203E3D204554484152505F532F
:10C23000544154455F535441424C45007120213DC7
:10C24000204E554C4C00000074797065206F766567
:10C2500072666C6F770000006172705F7461626C6F
:10C26000655B695D2E7374617465203D3D205045AA
:10C270004E44494E47206F7220535441424C450072
:10C280006E6F207061636B65742071756575657381
:10C2900020616C6C6F7765642100000063686563E2
:10C2A0006B207468617420666972737420706275A3
:10C2B000662063616E20686F6C64207374727563AE
:10C2C00074206574686172705F68647200000000B9
:10C2D0006E657469662D3E6877616464725F6C6533
:10C2E0006E206D75737420626520746865207361BB
:10C2F0006D65206173204554485F4857414444525E
:10C300005F4C454E20666F722065746861727021C3
:10C3100000000000443A2F4465736B746F702F5314
:10C32000656E736F72436F6E63656E747261746F66
:10C33000722F4D6964646C6577617265732F546800
:10C340006972645F50617274792F4C7749502F7312
:10C3500072632F636F72652F697076342F69636D16
:10C36000702E630069636D705F696E7075743A203A
:10C370006D6F76696E6720722D3E7061796C6F61AA
:10C380006420746F2069636D7020686561646572F4
:10C39000206661696C65640A000000004173736582
:10C3A0007274696F6E2022257322206661696C6544
:10C3B00064206174206C696E6520256420696E209C
:10C3C00025730A0069636D705F696E7075743A2039
:10C3D000726573746F72696E67206F726967696ED8
:10C3E000616C20702D3E7061796C6F6164206661B4
:10C3F000696C65640A000000636865636B2074689B
:10C40000617420666972737420706275662063615E
:10C410006E20686F6C642069636D70206D65737346
:10C4200061676500443A2F4465736B746F702F53D6
:10C43000656E736F72436F6E63656E747261746F55
:10C44000722F4D6964646C6577617265732F5468EF
:10C450006972645F50617274792F4C7749502F7301
:10C4600072632F636F72652F697076342F69703431
:10C470002E630000702D3E726566203D3D20310028
:10C48000417373657274696F6E2022257322206672
:10C4900061696C6564206174206C696E6520256437
:10C4A00020696E2025730A00636865636B207468D9
:10C4B00061742066697273742070627566206361AE
:10C4C0006E20686F6C642073747275637420697079
:10C4D0005F68647200000000443A2F4465736B7417
:10C4E0006F702F53656E736F72436F6E63656E74FA
:10C4F0007261746F722F4D6964646C6577617265E7
:10C50000732F54686972645F50617274792F4C772D
:10C5100049502F7372632F636F72652F6970763481
:10C520002F6970345F616464722E6300756E686198
:10C530006E646C6564000000417373657274696FAA
:10C540006E2022257322206661696C656420617407
:10C55000206C696E6520256420696E2025730A00B1
:10C56000443A2F4465736B746F702F53656E736F0D
:10C5700072436F6E63656E747261746F722F4D6972
:10C5800064646C6577617265732F54686972645F67
:10C5900050617274792F4C7749502F7372632F63F7
:10C5A0006F72652F697076342F6970345F667261BF
:10C5B000672E63007072657620213D2069707200DD
:10C5C000417373657274696F6E2022257322206631
:10C5D00061696C6564206174206C696E65202564F6
:10C5E00020696E2025730A00707265762D3E6E6597
:10C5F0007874203D3D20697072000000706275669D
:10C60000735F6672656564202B20636C656E203CE9
:10C610003D203078666666660000000069705F72D3
:10C62000656173735F70627566636F756E74203ECB
:10C630003D2070627566735F667265656400000018
:10C6400073616E69747920636865636B206C696ED1
:10C650006B6564206C697374000000006368656337
:10C660006B20667261676D656E747320646F6E27F0
:10C6700074206F7665726C61700000006E6F2070C0
:10C68000726576696F757320667261676D656E7429
:10C690002C2074686973206D757374206265207432
:10C6A000686520666972737420667261676D656E75
:10C6B0007421000073616E69747920636865636B2F
:10C6C0000000000076616C69646174655F64617488
:10C6D000616772616D3A6E6578745F70627566212C
:10C6E0003D4E554C4C00000069705F72656173737C
:10C6F0005F70627566636F756E74203E3D20636C7B
:10C70000656E000069707220213D204E554C4C0032
:10C710006E6F74206669727374616C74686F75678C
:10C7200068206A75737420656E717565756564003F
:10C730007020213D204E554C4C000000706372204B
:10C74000213D204E554C4C00706372203D3D2070C1
:10C75000000000006970345F6672616728293A2022
:10C760007062756620746F6F2073686F727400005A
:10C7700074686973206E65656473206120706275EA
:10C780006620696E206F6E652070696563652100A3
:10C79000702D3E6C656E203E3D20706F6666000019
:10C7A000443A2F4465736B746F702F53656E736FCB
:10C7B00072436F6E63656E747261746F722F4D6930
:10C7C00064646C6577617265732F54686972645F25
:10C7D00050617274792F4C7749502F7372632F61B7
:10C7E0007070732F736E74702F736E74702E63007D
:10C7F0007365727665725F6164647220213D204EBC
:10C80000554C4C00417373657274696F6E2022251C
:10C810007322206661696C6564206174206C696EA6
:10C820006520256420696E2025730A004661696CC5
:10C83000656420746F20616C6C6F63617465207532
:10C8400064702070636220666F7220736E74702053
:10C85000636C69656E740000496E76616C69642072
:10C860006F7065726174696E67206D6F646500003A
:10C870004F7065726174696E67206D6F6465206DBD
:10C88000757374206E6F74206265207365742077F1
:10C8900068696C6520534E545020636C69656E74F2
:10C8A0002069732072756E6E696E67004572726FD3
:10C8B00072206F636375726564207768696C6520A8
:10C8C00072656164696E67207468652066696C656D
:10C8D0002E0000004F6E6C79206F6E6520636F6EC6
:10C8E0006E656374696F6E20617420612074696D78
:10C8F0006520697320737570706F727465640000D1
:10C9000046696C656E616D6520746F6F206C6F6E2B
:10C91000672F6E6F74204E554C4C207465726D6994
:10C920006E617465640000004D6F646520746F6F04
:10C93000206C6F6E672F6E6F74204E554C4C2074B8
:10C9400065726D696E61746564000000556E6162A8
:10C950006C6520746F206F70656E207265717565EF
:10C96000737465642066696C652E00004E6F2063E9
:10C970006F6E6E656374696F6E0000004E6F742099
:10C980006120777269746520636F6E6E6563746988
:10C990006F6E00006572726F722077726974696ED3
:10C9A000672066696C65000057726F6E6720626C65
:10C9B0006F636B206E756D62657200004E6F742040
:10C9C00061207265616420636F6E6E656374696F68
:10C9D0006E000000556E6B6E6F776E206F70657223
:10C9E0006174696F6E000000443A2F4465736B7484
:10C9F0006F702F53656E736F72436F6E63656E74E5
:10CA00007261746F722F4D6964646C6577617265D1
:10CA1000732F54686972645F50617274792F4C7718
:10CA200049502F7372632F617070732F7466747026
:10CA30002F746674705F7365727665722E63000082
:10CA4000436C65616E75702063616C6C6564206F0A
:10CA50006E206E6F6E2D696E697469616C697A659E
:10CA60006420544654500000417373657274696FBA
:10CA70006E2022257322206661696C6564206174D2
:10CA8000206C696E6520256420696E2025730A007C
:10CA90004574684C696E6B0090CA020819820108DF
:10CAA000FFFF000000000000000200000000000086
:10CAB000000000004574684966000000B4CA02081E
:10CAC000397F010803000000000000005E01000043
:10CAD0000000000000000000524D49495F5761749A
:10CAE0006368646F67000000D8CA020831840108D7
:10CAF0000300000000000000000100000000000032
:10CB000000000000443A2F4465736B746F702F531C
:10CB1000656E736F72436F6E63656E747261746F6E
:10CB2000722F4C5749502F5461726765742F65748A
:10CB30006865726E657469662E6300006E6574695F
:10CB40006620213D204E554C4C000000417373651A
:10CB50007274696F6E2022257322206661696C658C
:10CB600064206174206C696E6520256420696E20E4
:10CB700025730A000D0A21212120535441434B20E3
:10CB80004F564552464C4F57204445544543544513
:10CB90004420696E207461736B3A20257320212133
:10CBA000210D0A005461736B20737461636B2068FC
:10CBB000696768207761746572206D61726B2028E7
:10CBC0006D696E206672656520776F726473293AAD
:10CBD00020256C750D0A000064656661756C7454DF
:10CBE00061736B00D8CB0208158A010800000000B1
:10CBF000000000000008000000000000000000002D
:10CC0000495744475461736B0000000000CC020890
:10CC1000758A010803000000000000008000000089
:10CC200000000000000000005461736B5F496E69F2
:10CC3000745461736B00000028CC0208998A0108C3
:10CC400000000000000000000004000000000000E0
:10CC5000000000005B5254533A25645D20696E6900
:10CC6000742072756E2074696D653A20256C75208C
:10CC70006D730D0A000000005B4442475D2068654B
:10CC80006170206C656674206166746572207461E1
:10CC9000736B733A2025752062797465730D0A00F1
:10CCA0004F4B00004641494C000000005B444247A6
:10CCB0005D207461736B5F6372656174653A2073A4
:10CCC000656E736F726875623D2573207463705F63
:10CCD000636C69656E743D2573207564703D2573C2
:10CCE0000D0A00005564705F646973636F76657246
:10CCF0005F7461736B000000E4CC020845BB01085F
:10CD0000000000000000000000080000000000001B
:10CD1000000000005463705F636C69656E745F743B
:10CD200061736B0014CD020849D3010800000000B4
:10CD300000000000000800000000000000000000EB
:10CD40007463705F73656E6465725F7461736B00AA
:10CD500040CD020815FD01080000000000000000A1
:10CD6000000800000000000000000000765265622C
:10CD70006F6F745461736B006CCD020865FC010821
:10CD800000000000000000000002000000000000A1
:10CD90000000000054696D6553796E635461736BD4
:10CDA0000000000094CD0208E1F901080000000035
:10CDB000000000000004000000000000000000006F
:10CDC00053656E736F724875625F5461736B0000D8
:10CDD000C0CD0208F50702080000000000000000B6
:10CDE0000008000000000000000000005B525453E7
:10CDF0003A25645D203D3D3D3D3D3D3D3D3D3D3D54
:10CE00003D3D3D3D3D3D3D3D3D2053797374656D58
:10CE1000205461736B20496E666F203D3D3D3D3D62
:10CE20003D3D3D3D3D3D3D3D3D3D3D3D3D3D3D0D62
:10CE30000A0000005B5254533A25645D20546F741D
:10CE4000616C2072756E6E696E67207461736B2001
:10CE5000636F756E743A20256C750D0A0000000032
:10CE60005B5254533A25645D202D2D2D2D2D2D2DF3
:10CE70002D2D2D2D2D2D2D2D2D2D2D2D2D2D2D2DE2
:10CE80002D2D2D2D2D2D2D2D2D2D2D2D2D2D2D2DD2
:10CE90002D2D2D2D2D2D2D2D2D2D2D2D2D2D2D2DC2
:10CEA0002D2D2D0D0A0000005B5254533A25645D70
:10CEB0002031202C64656661756C745461736B4815
:10CEC000616E646C652020202020202020206D6968
:10CED0006E20737461636B206C6566743A20256CF8
:10CEE000752062797465730D0A0000005B5254531B
:10CEF0003A25645D2032202C495744475461736BB6
:10CF000048616E646C652020202020202020202095
:10CF100020206D696E20737461636B206C6566748C
:10CF20003A20256C752062797465730D0A00000043
:10CF30005B5254533A25645D2033202C5461736B4B
:10CF40005F496E69745461736B48616E646C6520EF
:10CF50002020202020206D696E20737461636B2077
:10CF60006C6566743A20256C752062797465730D62
:10CF70000A0000005B5254533A25645D2034202C93
:10CF80005564705F646973636F7665725F74617313
:10CF90006B48616E646C652020206D696E2073742F
:10CFA00061636B206C6566743A20256C752062792C
:10CFB0007465730D0A0000005B5254533A25645D9A
:10CFC0002035202C5463705F636C69656E745F74E8
:10CFD00061736B48616E646C6520202020206D6950
:10CFE0006E20737461636B206C6566743A20256CE7
:10CFF000752062797465730D0A0000005B5254530A
:10D000003A25645D2036202C5463705F73656E642E
:10D0100065725F7461736B48616E646C652020207B
:10D0200020206D696E20737461636B206C6566747B
:10D030003A20256C752062797465730D0A00000032
:10D040005B5254533A25645D2037202C5265626F41
:10D050006F745461736B48616E646C65202020208E
:10D060002020202020206D696E20737461636B2066
:10D070006C6566743A20256C752062797465730D51
:10D080000A0000005B5254533A25645D2038202C7E
:10D0900054696D6553796E635461736B48616E6456
:10D0A0006C6520202020202020206D696E20737464
:10D0B00061636B206C6566743A20256C752062791B
:10D0C0007465730D0A0000005B5254533A25645D89
:10D0D0002039202C53656E736F72487562546173EA
:10D0E0006B48616E646C65202020202020206D69D3
:10D0F0006E20737461636B206C6566743A20256CD6
:10D10000752062797465730D0A0000005B525453F8
:10D110003A25645D2048656170204E6F7720467225
:10D1200065653A202575204279746573207C204D11
:10D13000696E204672656520486561703A202575E4
:10D140002042797465730D0A000000005B5254534D
:10D150003A25645D203D3D3D3D3D3D3D3D3D3D3DF0
:10D160003D3D3D3D3D3D3D3D3D3D3D3D3D3D3D3DEF
:10D170003D3D3D3D3D3D3D3D3D3D3D3D3D3D3D3DDF
:10D180003D3D3D3D3D3D3D3D3D3D3D3D3D3D3D0DFF
:10D190000A0D0A002D2D2D2D206661756C742066F8
:10D1A00072616D65202D2D2D2D0D0A004C52202011
:10D1B00020000000523020202000000052312020AA
:10D1C0002000000052322020200000005233202096
:10D1D0002000000052313220200000004558435FFB
:10D1E0004C52000050432020200000007850535241
:10D1F000200000004846535220000000434653528E
:10D20000200000004D4D4641520000004246415270
:10D21000200000002D2D2D2D20656E64202D2D2D3C
:10D220002D0D0A000D0A21212120486172644661FA
:10D23000756C74202121210D0A0000000D0A2121A6
:10D2400021204D656D4D616E616765202121210DA5
:10D250000A0000000D0A21212120427573466175E4
:10D260006C74202121210D0A000000000D0A2121EB
:10D27000212055736167654661756C7420212121F9
:10D280000D0A0000253032582530325825303258EA
:10D2900025303258253032582530325800000000F1
:10D2A0005B4E45543A25645D20436869702066757D
:10D2B0006C6C205549443A202530325820253032B4
:10D2C0005820253032582025303258202530325809
:10D2D0002025303258202530325820253032582031
:10D2E000253032582025303258202530325820251C
:10D2F0003032580D0A0000005B4E45543A25645DFB
:10D30000204175746F2067656E6572617465204495
:10D3100045564943455F534E3A2025730D0A000098
:10D320005B4E45543A25645D204175746F206765F6
:10D330006E6572617465204445564943455F4944B2
:10D340003A2025730D0A00005B4E45543A25645D72
:10D35000204C6F63616C2049503A2025730D0A0000
:10D360005B4E45543A25645D204554482064617401
:10D37000616261736520696E697469616C697A6163
:10D3800074696F6E206661696C65642C20657272C9
:10D390003D25640D0A0000005B4E45543A25645D4E
:10D3A0002045544820646174616261736520696E30
:10D3B000697469616C697A6174696F6E20737563F1
:10D3C0006365737366756C0D0A0000005B4E45540F
:10D3D0003A25645D205265626F6F742064617461E8
:10D3E0006261736520696E697469616C697A6174E0
:10D3F000696F6E206661696C65642C206572723D90
:10D4000025640D0A0D0A00005B4E45543A25645D03
:10D41000205265626F6F742064617461626173652C
:10D4200020696E697469616C697A6174696F6E20D4
:10D430007375636365737366756C0D0A0000000095
:10D440007265626F6F745F696E666F005B4E455404
:10D450003A25645D204661696C656420746F2073B1
:10D46000617665207265626F6F7420696E666F2CDD
:10D47000206572723D25642E2041626F72742072A5
:10D4800065626F6F742E0D0A0D0A00005B4E4554E5
:10D490003A25645D205265626F6F74207065727307
:10D4A000697374656E7420696E666F20736176654A
:10D4B000642C20726561736F6E3A25730D0A0D0A34
:10D4C000000000005B4E45543A25645D20726562A1
:10D4D0006F6F745F696E666F204B5620656D707458
:10D4E00079206F72206C656E6774682F6372632099
:10D4F0006572726F722C2064656C6574652064615E
:10D500006D61676564206B760D0A0D0A00000000EE
:10D510005B4E45543A25645D207265626F6F745F9F
:10D52000696E666F206D6167696320696E76616CF4
:10D5300069642C2064656C657465206B760D0A0D3A
:10D540000A0000005B4E45543A25645D2052656236
:10D550006F6F742070657273697374656E7420697F
:10D560006E666F20636C65617265640D0A0D0A005A
:10D5700073656E736F725F6D6F64655F636667007E
:10D580005B4E45543A25645D2053656E736F72207F
:10D590006D6F646520636F6E666967207361766581
:10D5A0006420746F20466C6173680D0A00000000EF
:10D5B0005B4E45543A25645D2053656E736F72204F
:10D5C0006D6F646520636F6E666967206C6F616460
:10D5D00065642066726F6D20466C6173680D0A0089
:10D5E0007265626F6F745F73756363657373000058
:10D5F0005B4E45543A25645D205265706F7274200D
:10D600007265626F6F7420737563636573732C202A
:10D61000726561736F6E3A25732C20757074696D35
:10D62000653A256C75730D0A0D0A00006E65745F0E
:10D63000636667005B4E45543A25645D20466C6125
:10D640007368206C6F6164696E67206E6574776FB4
:10D65000726B20636F6E66696775726174696F6E55
:10D66000207375636365656465642C2054435020A2
:10D67000737461727465640D0A0000005B4E45545A
:10D680003A25645D204E6F7420636F6E6E6563741F
:10D69000656420746F20746865206E6574776F729E
:10D6A0006B2C207374617274696E67204175746F9E
:10D6B00049500D0A000000005B4E45543A25645D58
:10D6C000204175746F4950204F4B2C207374617248
:10D6D0007420534E54500D0A000000005B4E455418
:10D6E0003A25645D205468652064697374726962C8
:10D6F0007574696F6E206E6574776F726B207061E0
:10D7000072616D657465727320686176652062650B
:10D71000656E20736176656420746F20466C61735A
:10D72000680D0A005B4E45543A25645D204E545006
:10D7300020736B69703A206E6574776F726B206E20
:10D740006F742072656164790D0A0D0A0000000093
:10D75000253034642D253032642D25303264202567
:10D760003032643A253032643A253032642E253026
:10D77000336400005B4E45543A25645D20554450A7
:10D78000206F6C64205043422064657374726F791B
:10D7900065640D0A000000005B4E45543A25645D47
:10D7A000207564705F6E65772829206661696C65F5
:10D7B000642C2070636220706F6F6C2065786861E4
:10D7C00075737465640D0A005B4E45543A25645DBB
:10D7D000207564705F62696E64206661696C2C20DC
:10D7E0006572723A25640D0A000000005B4E4554D4
:10D7F0003A25645D205544502050434220637265B1
:10D8000061746520737563636573732C20706F7228
:10D81000743A25640D0A0000594553004E4F00002C
:10D820005B4E45543A25645D20534F465F42524F4C
:10D830004144434153543A2573206E657469665FD1
:10D84000666C6167733A3078253038580D0A0000ED
:10D850005B4E45543A25645D2057616974696E6773
:10D8600020666F72206175746F206C696E6B206921
:10D87000702E2E2E0D0A00005B4E45543A25645D35
:10D880002056616C6964204950206F627461696E32
:10D8900065642C2073746172742055445020736544
:10D8A00072766963650D0A005B4E45543A25645DE6
:10D8B000207564705F6E65772829206661696C65E4
:10D8C000642C206E6F2070636220617661696C61E8
:10D8D000626C65210D0A00005B4E45543A25645D7B
:10D8E000205544502050434220696E76616C696433
:10D8F0002C20736B697020746869732075647020C4
:10D900007061636B65740D0A000000005B4E455446
:10D910003A25645D204C6F63616C20495020636838
:10D92000616E6765642C206D61726B2055445020D8
:10D9300072656275696C640D0A0000005B4E4554A7
:10D940003A25645D2055445020504342206372655F
:10D95000617465206661696C65642C2072657472FF
:10D96000792061667465722032730D0A0000000030
:10D970005B4E45543A25645D206E65746966206E81
:10D980006F742075702C20736B6970207564702023
:10D990006F6E6C696E652062726F6164636173742F
:10D9A0000D0A0D0A00000000253032583A253032A9
:10D9B000583A253032583A253032583A25303258C4
:10D9C0003A2530325800000074727565000000007E
:10D9D00066616C73650000007B226375725F69701D
:10D9E000223A222573222C226669726D7761726554
:10D9F0005F766572223A222573222C2269735F7248
:10DA000065626F6F74223A25732C226D6163223A2E
:10DA1000222573222C226D6F64656C223A222573B5
:10DA2000222C22726561736F6E223A25642C227358
:10DA30006571223A256C752C22736E223A22257369
:10DA4000222C227473223A25732C22747970652259
:10DA50003A222573227D00006465766963655F6FF5
:10DA60006E6C696E6500000050554D502D43545248
:10DA70004C2D56312E300000312E302E3500000056
:10DA80003031323334353637383961626364656634
:10DA90003031323334353637383961626364656624
:10DAA00000000000253032582530325825303258D9
:10DAB00025303258000000007479706500000000C5
:10DAC0006D616300736E00006D6F64656C00000033
:10DAD0006669726D776172655F766572000000003D
:10DAE0006375725F6970000069735F7265626F6F62
:10DAF00074000000726561736F6E00007473000043
:10DB0000736571007369676E000000005B4E4554D9
:10DB10003A25645D205544502053656E64204A5375
:10DB20004F4E3A0D0A25730D0A0D0A005B4E4554FF
:10DB30003A25645D20756470206A736F6E20746F7F
:10DB40006F206C6F6E672C2064726F700D0A0D0A67
:10DB5000000000005B4E45543A25645D205544505A
:10DB6000206465766963655F6F6E6C696E652073AE
:10DB7000656E64207374617475733A25640D0A0DC3
:10DB80000A0000005B4E45543A25645D20706275C2
:10DB90006620616C6C6F63206661696C65642C2023
:10DBA000706F6F6C20656D7074790D0A0D0A00003E
:10DBB0005B4E45543A25645D2055445020526563C0
:10DBC00076204A534F4E3A0D0A25730D0A0D0A006E
:10DBD000646973636F7665725F726571756573747E
:10DBE00000000000646F6D61696E0000676174651C
:10DBF0007761795F6D616300464143544F52595FCD
:10DC00004F494C005B4E45543A25645D2054696D84
:10DC10006520766572696669636174696F6E2066F6
:10DC200061696C6564210D0A0D0A00005B4E455464
:10DC30003A25645D2053657175656E6365206E7568
:10DC40006D62657220766572696669636174696F79
:10DC50006E206661696C6564210D0A0D0A00000082
:10DC60007B22646F6D61696E223A222573222C2219
:10DC7000676174657761795F6D6163223A2225730C
:10DC8000222C22736571223A256C752C2274732222
:10DC90003A25732C2274797065223A222573227DED
:10DCA000000000005B4E45543A25645D20736967AF
:10DCB0006E20636865636B206661696C6564210D25
:10DCC0000A45787065637465643A2025732C204199
:10DCD000637475616C3A2025730D0A0D0A0000000B
:10DCE000646973636F7665725F726573706F6E736C
:10DCF000650000007B226375725F6970223A2225FD
:10DD000073222C226669726D776172655F76657227
:10DD1000223A222573222C226D6163223A22257336
:10DD2000222C226D6F64656C223A222573222C22EC
:10DD3000736571223A25752C22736E223A2225735F
:10DD4000222C227473223A25732C22747970652256
:10DD50003A222573227D00005B4E45543A25645DCE
:10DD60002043616C6320646973636F7665725F72D0
:10DD70006573706F6E7365207369676E3A202573E3
:10DD80000D0A0D0A000000005B4E45543A25645D03
:10DD9000205544502073656E6420737461747573EC
:10DDA0003A25640D0A0D0A00636F6E6669675F733A
:10DDB000657400007461726765745F6D6163000073
:10DDC0007461726765745F736E00000069700000B3
:10DDD0006E65746D61736B0067617465776179005E
:10DDE000686F73745F697000686F73745F6D6163EF
:10DDF000000000005B4E45543A25645D204B4559B8
:10DE00002076616C756520766572696669636174F8
:10DE1000696F6E206661696C6564210D0A0D0A00E8
:10DE20005B4E45543A25645D204D41432061646456
:10DE30007265737320766572696669636174696F70
:10DE40006E206661696C6564210D0A0D0A00000090
:10DE50005B4E45543A25645D20534E2076657269C9
:10DE60006669636174696F6E206661696C656421BF
:10DE70000D0A0D0A000000007B226761746577615E
:10DE800079223A222573222C22686F73745F69709D
:10DE9000223A222573222C22686F73745F6D6163AE
:10DEA000223A222573222C226970223A22257322DB
:10DEB0002C226E65746D61736B223A222573222CBD
:10DEC00022736571223A256C752C22746172676524
:10DED000745F6D6163223A222573222C2274617271
:10DEE0006765745F736E223A222573222C22747345
:10DEF000223A25732C2274797065223A22257322E6
:10DF00007D0000005B4E45543A25645D20536572E8
:10DF1000766572204950206368616E6765642C20C5
:10DF20006D61726B206173796E6320636C6F7365D2
:10DF30000D0A00005B4E45543A25645D2044697328
:10DF4000747269627574696F6E206E6574776F7232
:10DF50006B207375636365737366756C6C79206190
:10DF60006E6420466C6173682073617665640D0A87
:10DF70000D0A00005B4E45543A25645D20534E5413
:10DF800050207570646174656420746F206E6577CD
:10DF9000207365727665722069703A2025730D0AC8
:10DFA000000000005B4E45543A25645D20526563D5
:10DFB000726561746520554450205043422061666B
:10DFC00074657220636F6E6669675F73657420663F
:10DFD00061696C65640D0A005B4E45543A25645DC9
:10DFE00020756470206D75746578206E6F7420697B
:10DFF0006E69742C20736B69702075647020726573
:10E000006275696C640D0A005B4E45543A25645D87
:10E01000205544502071756575652066756C6C2CB3
:10E020002064726F7020756470207061636B65741A
:10E030002C206C656E3A25750D0A00005B4E455428
:10E040003A25645D20544350207463705F636C6FA5
:10E050007365206661696C2025642C2066616C6C98
:10E060006261636B207463705F61626F72740D0A2A
:10E07000000000005B4E45543A25645D2054435037
:10E08000207463705F636C6F736520677261636592
:10E0900066756C20636C6F73650D0A005B4E4554AA
:10E0A0003A25645D2054435020706362207361669A
:10E0B000656C7920636C6F7365640D0A0000000065
:10E0C0005B4E45543A25645D2054435020636C6593
:10E0D000617220256C752070656E64696E672073AF
:10E0E000656E64206D73670D0A0000005B4E455439
:10E0F0003A25645D204865617274626561742074BC
:10E10000696D656F757420332074696D65732C209B
:10E110007265737461727420544350206E65747715
:10E120006F726B210D0A0D0A000000005B4E455412
:10E130003A25645D20486561727462656174206C83
:10E140006F737420636F756E743A2025642F256495
:10E150000D0A0D0A000000005B4E45543A25645D2F
:10E1600020537461727420636F6E6E6563742073E4
:10E1700065727665722049503A25642E25642E25F5
:10E18000642E256420504F52543A2564202E2E2EA2
:10E190002E2E2E0D0A0D0A005B4E45543A25645D65
:10E1A000207463705F6E65772829206661696C65ED
:10E1B000642C206F7574206F66206D656D6F7279A9
:10E1C000210D0A0D0A0000005B4E45543A25645D9E
:10E1D00020544350206572726F7220286D61726BFB
:10E1E000206173796E6320636C6F7365292C2065E1
:10E1F00072723A25640D0A005B4E45543A25645DFF
:10E20000205443502068616E647368616B652066BA
:10E2100061696C2C2064697265637420636C65614C
:10E220006E0D0A0D0A0000005B4E45543A25645DF0
:10E230002054435020636F6E6E6563742073756362
:10E2400063657373210D0A0D0A0000005B4E45548F
:10E250003A25645D205443502052656376204A532A
:10E260004F4E3A0D0A25730D0A0D0A006465766952
:10E2700063655F69640000005B4E45543A25645D48
:10E280002044657669636520494420766572696635
:10E2900069636174696F6E206661696C6564210DE4
:10E2A0000A0D0A0073746174655F72657175657338
:10E2B0007400000071756572795F74797065000093
:10E2C0005B4E45543A25645D2073746174655F72DA
:10E2D0006571756573742071756572795F74797095
:10E2E0006520696E76616C6964210D0A0D0A000073
:10E2F0007B226465766963655F6964223A222573CF
:10E30000222C2271756572795F74797065223A25C5
:10E31000752C22736571223A256C752C2274732238
:10E320003A25732C2274797065223A2273746174D1
:10E33000655F72657175657374227D0068656172D1
:10E3400074626561745F61636B000000736572766F
:10E3500065725F74696D65007B22646576696365CB
:10E360005F6964223A222573222C22736571223A56
:10E37000256C752C227365727665725F74696D65A4
:10E38000223A25732C227473223A25732C22747935
:10E390007065223A226865617274626561745F61BA
:10E3A000636B227D000000006465766963655F72BF
:10E3B00065626F6F7400000064656C617900000035
:10E3C00072656D6F74655F636F6E74726F6C000061
:10E3D0007379735F737461727400000076616C7698
:10E3E000655F7374617465006661756C745F7265F6
:10E3F0007365745F726571005B4E45543A25645DC8
:10E400002072656D6F74655F636F6E74726F6C20E0
:10E41000706172616D20696E76616C69640D0A0DC0
:10E420000A0000007B226465766963655F69642287
:10E430003A222573222C226661756C745F726573B3
:10E4400065745F726571223A25752C22736571229D
:10E450003A256C752C227379735F73746172742220
:10E460003A25752C227473223A25732C2274797004
:10E4700065223A2272656D6F74655F636F6E7472A8
:10E480006F6C222C2276616C76655F7374617465A3
:10E49000223A25647D000000636F6E6669675F73D2
:10E4A00065745F72657100006465766963655F63BA
:10E4B0006F6E666967000000757067726164655F02
:10E4C00073746172740000006E65775F6C656E0036
:10E4D0006E65775F63726333320000005B4E4554B4
:10E4E0003A25645D20757067726164655F7374615D
:10E4F000727420706172616D20696E76616C6964FE
:10E500000D0A0D0A000000007B22646576696365D0
:10E510005F6964223A222573222C226E65775F633D
:10E5200072633332223A256C752C226E65775F6CEC
:10E53000656E223A256C752C22736571223A256C22
:10E54000752C227473223A25732C227479706522FB
:10E550003A22757067726164655F737461727422C8
:10E560007D00000073656E736F725F646174615F3C
:10E5700061636B0073656E736F725F6964000000A6
:10E5800073746174757300005B4E45543A25645D85
:10E590002073656E736F725F646174615F61636B3A
:10E5A00020706172616D20696E76616C69640D0A1C
:10E5B0000D0A00007B226465766963655F696422E9
:10E5C0003A222573222C2273656E736F725F696421
:10E5D000223A25642C22736571223A256C752C220F
:10E5E000737461747573223A25642C227473223A11
:10E5F00025732C2274797065223A2273656E736FCD
:10E60000725F646174615F61636B227D0000000072
:10E610006D6F64655F7365745F7265710000000003
:10E620006D6F6465000000007065727369737465D6
:10E630006E7400005B4E45543A25645D206D6F6436
:10E64000655F7365745F72657120706172616D20C2
:10E65000696E76616C69640D0A0D0A007B2264653F
:10E66000766963655F6964223A222573222C226DE4
:10E670006F6465223A25642C227065727369737425
:10E68000656E74223A25642C2273656E736F725F17
:10E690006964223A25642C22736571223A256C75CF
:10E6A0002C227473223A25732C2274797065223AD5
:10E6B000226D6F64655F7365745F726571227D00A2
:10E6C0005B4E45543A25645D205265626F6F74203D
:10E6D000636D642071756575652066756C6C2C20A2
:10E6E00064726F7020636F6D6D616E640D0A0D0A48
:10E6F00000000000757067726164655F7374617219
:10E70000745F61636365707465640000757067723F
:10E710006164655F73746172745F72656A65637466
:10E72000656400005B4E45543A25645D2073656E58
:10E73000736F725F646174615F61636B2073656E98
:10E74000736F725F69643A257520737461747573B1
:10E750003A25750D0A0D0A007B22646576696365AA
:10E760005F6964223A222573222C226669726D77D2
:10E770006172655F766572223A222573222C226DC2
:10E780006163223A222573222C226D6F64656C220C
:10E790003A222573222C22736571223A256C752C3E
:10E7A000227473223A25732C2274797065223A22DE
:10E7B0007265676973746572227D000072656769AE
:10E7C00073746572000000005B4E45543A25645D29
:10E7D0002053656E642072656769737465723A0DC3
:10E7E0000A25730D0A0D0A005B4E45543A25645DF7
:10E7F000205443502073656E6420717565756520E3
:10E8000066756C6C2C2064726F702072656769731A
:10E810007465720D0A000000657374696D6174653A
:10E82000645F6475726174696F6E00006D65737307
:10E83000616765006465766963655F7265626F6FC5
:10E84000745F61636B0000005B4E45543A25645D64
:10E850002053656E64206465766963655F726562E6
:10E860006F6F745F61636B3A0D0A25730D0A0D0AB1
:10E87000000000005B4E45543A25645D205443502F
:10E880002073656E642071756575652066756C6CA6
:10E890002C2064726F70206465766963655F7265B1
:10E8A000626F6F745F61636B0D0A00007570677251
:10E8B0006164655F73746172745F61636B00000013
:10E8C0005B4E45543A25645D2053656E6420757037
:10E8D00067726164655F73746172745F61636B3AE0
:10E8E0000D0A25730D0A0D0A000000005B4E455409
:10E8F0003A25645D205443502073656E6420717521
:10E900006575652066756C6C2C2064726F7020755F
:10E910007067726164655F73746172745F61636B69
:10E920000D0A0000726573756C7400006465766989
:10E9300063655F7265626F6F745F726573756C7427
:10E9400000000000757074696D6500005B4E4554F1
:10E950003A25645D2053656E64206465766963655D
:10E960005F7265626F6F745F726573756C743A0D78
:10E970000A25730D0A0D0A005B4E45543A25645D65
:10E98000205443502073656E642071756575652051
:10E9900066756C6C2C2064726F7020646576696398
:10E9A000655F7265626F6F745F726573756C740D0D
:10E9B0000A00000056342E350000000068775F76AC
:10E9C000657273696F6E000053454E534F522D4868
:10E9D00055422D56312E300073775F76657273691C
:10E9E0006F6E000074656D705F666C61670000009B
:10E9F00074656D70657261747572650073656E73B0
:10EA00006F725F6461746100766F6C74616765003A
:10EA1000766F6C746167655F666C6167000000000B
:10EA20005B4E45543A25645D2053656E64207365E2
:10EA30006E736F725F646174613A0D0A25730D0A1B
:10EA40000D0A00005B4E45543A25645D2054435046
:10EA50002073656E642071756575652066756C6CD4
:10EA60002C2064726F702073656E736F725F6461C7
:10EA700074610D0A0000000070657273697374653B
:10EA8000640000006D6F64655F7365745F72657329
:10EA9000700000005B4E45543A25645D2053656E5E
:10EAA00064206D6F64655F7365745F726573703A3F
:10EAB0000D0A25730D0A0D0A000000005B4E455437
:10EAC0003A25645D205443502073656E642071754F
:10EAD0006575652066756C6C2C2064726F70206D96
:10EAE0006F64655F7365745F726573700D0A000013
:10EAF0005B4E45543A25645D20506F7765722D6FEB
:10EB00006E2066697273742073796E63204E545060
:10EB1000202D3E20525443204F4B0D0A0000000090
:10EB20005B4E45543A25645D2054696D65206469E7
:10EB300066663A202573206D73203E2074687265E6
:10EB400073686F6C642C2072652D73796E630D0A87
:10EB50000000000025642E25642E25642E25640007
:10EB60005B4E45543A25645D2043757272656E7440
:10EB7000204E5450205365727665722049503A20D9
:10EB800025730D0A000000005B4E45543A25645D74
:10EB9000204E545054696D653A202573207C204DD9
:10EBA000535F54533A2025730D0A00005B4E4554C1
:10EBB0003A25645D204E54502073796E632066615F
:10EBC000696C2C2074733D300D0A00005B4E455477
:10EBD0003A25645D2052544354696D653A2025738B
:10EBE000207C204D535F54533A2025730D0A0D0AA3
:10EBF000000000007265626F6F745F61636365702F
:10EC0000746564005B4E45543A25645D204163633E
:10EC1000657074207265626F6F743A2064656C6110
:10EC200079203D202575732C20726561736F6E20ED
:10EC30003D2025730D0A0D0A000000005B4E45546F
:10EC40003A25645D20544350206D736720746F6FC4
:10EC5000206C6F6E6720282575292C2064726F70D8
:10EC60000D0A0D0A000000005B4E45543A25645D14
:10EC7000205175657565206F766572666C6F7720BB
:10EC800070726520636C65617220256C7520706BF5
:10EC9000740D0A0D0A0000005B4E45543A25645D70
:10ECA00020544350206F66666C696E652C20647238
:10ECB0006F70206D6573736167650D0A0D0A000042
:10ECC0005B4E45543A25645D20544350206275667E
:10ECD0002066756C6C2C2064726F702070656E6499
:10ECE000696E6720706B740D0A0D0A005B4E455407
:10ECF0003A25645D205443502073656E642062752C
:10ED0000662066756C6C20286E6565642025642C11
:10ED10002066726565202564292C2064726F70203E
:10ED2000706B740D0A0D0A005B4E45543A25645D04
:10ED3000207463705F7772697465206661696C2CFA
:10ED4000206572723A25642C206D61726B206173AC
:10ED5000796E6320636C6F73650D0A0D0A00000005
:10ED60000D0A5B4442475D20525334383520232539
:10ED70007520646562756720706F727420726561BA
:10ED800064792C20256C7520384E310D0A00000066
:10ED90005B4442475D206865617020746F74616CEC
:10EDA0003A2025752062797465730D0A0000000011
:10EDB0005B25735D206C656E3D25753A2000000073
:10EDC00025303258200000000D0000005B532575EF
:10EDD0002052585D200000002530325820000000ED
:10EDE0000D00000020202D3E2074656D703D256CC7
:10EDF000642076666C61673D25752074666C61677A
:10EE00003D2575206D6F64653D25750D0A00000078
:10EE100020202D3E207061727365204641494C0DC3
:10EE2000000000000D0A5B46414C5D204552524FE8
:10EE3000523A2073696E676C652D62616E6B206D4E
:10EE40006F64652064657465637465642E20536522
:10EE500074206E4442414E4B3D3020286475616CF5
:10EE60002D62616E6B29207669612053544D3332D7
:10EE70004375626550726F6772616D6D65722C20AB
:10EE80007468656E2072657472792E0D0A00000038
:10EE90000D0A5B464C4153485D2070726F672066D7
:10EEA00061696C2053523D000D0A5B464C4153484A
:10EEB0005D206572617365206661696C2053523D07
:10EEC000000000005B4F54413A25645D206F74617F
:10EED0003A206368756E6B206F766572666C6F772B
:10EEE000206F66663D256C75206C656E3D2575202E
:10EEF0006578703D256C750D0A0D0A005B4F544115
:10EF00003A25645D206F74613A2066616C207772E7
:10EF1000697465206661696C206F66663D256C7555
:10EF20000D0A0D0A000000005B4F54413A25645D54
:10EF3000206F74613A2061626F7274206F66663D63
:10EF4000256C75206578703D256C75206372633D76
:10EF50002530386C58206578703D2530386C580D58
:10EF60000A0D0A005B4F54413A25645D206F7461BD
:10EF70003A20636F6D706C657465206C656E3D251D
:10EF80006C75206372633D2530386C582C20777285
:10EF9000697465206D6574612026207265626F6FEB
:10EFA000740D0A0D0A0000005B4F54413A25645D60
:10EFB000206F74615F746674703A207265616420BA
:10EFC0006E6F7420737570706F727465640D0A0DC6
:10EFD0000A0000004F696C5F50756D705F436F6E83
:10EFE00074726F6C2E62696E000000005B4F5441BA
:10EFF0003A25645D206F74615F746674703A2072A4
:10F00000656A6563742066696C65202573202865D0
:10F010007870656374202573290D0A0D0A000000BD
:10F020005B4F54413A25645D206F74615F74667470
:10F03000703A206E6F206163746976652075706721
:10F04000726164652073657373696F6E0D0A0D0AD2
:10F05000000000005B4F54413A25645D206F7461ED
:10F060003A20627573792C2069676E6F726520751E
:10F070007067726164655F73746172740D0A0D0A62
:10F08000000000005B4F54413A25645D206F7461BD
:10F090003A20696E76616C6964206E65775F6C6595
:10F0A0006E3D256C750D0A0D0A0000005B4F544142
:10F0B0003A25645D206F74613A20696E76616C69EF
:10F0C00064206E65775F63726333320D0A0D0A0048
:10F0D0006669726D776172655F6100006F74615F70
:10F0E0006D657461000000005B4F54413A25645D1A
:10F0F000206F74613A20706172746974696F6E2058
:10F100006E6F7420666F756E640D0A0D0A00000044
:10F110005B4F54413A25645D206F74613A207466F8
:10F1200074705F696E6974206661696C2025640D76
:10F130000A0D0A005B4F54413A25645D206F7461EB
:10F140003A20757067726164655F737461727420D0
:10F1500061636365707465642C20657870656374A1
:10F16000206C656E3D256C75206372633D253038DB
:10F170006C582C2054465450206C697374656E6929
:10F180006E670D0A0D0A00005B4F54413A25645D1D
:10F19000206F74613A206D657461206D61676963E9
:10F1A0003D30782530386C582073746174653D2586
:10F1B000642028303D4E4F4E452C313D50454E4445
:10F1C000494E472C323D444F4E452C333D434F4E24
:10F1D0004649524D45442C343D4641494C4544290D
:10F1E0000D0A0D0A000000005B4F54413A25645D92
:10F1F000206F74613A206E6577206669726D776161
:10F20000726520626F6F746564204F4B202D3E2025
:10F21000434F4E4649524D45440D0A0D0A00000029
:10F2200065665F6B76646231000000007379736419
:10F2300062000000443A2F4465736B746F702F5363
:10F24000656E736F72436F6E63656E747261746F17
:10F25000722F55736572436F64652F4C6F676963D6
:10F260002F73796E6369662E630000005B25733A25
:10F2700025645D20466C617368444220666F726D40
:10F28000617420616E64207265736574204F4B0D4C
:10F290000A0000001B5B33323B32326D5B492F4664
:10F2A000414C5D2000000000302E352E3939000021
:10F2B000466C617368204162737472616374696F34
:10F2C0006E204C6179657220285625732920696E5D
:10F2D000697469616C697A652073756363657373BA
:10F2E0002E0000001B5B306D000000001B5B333103
:10F2F0003B32326D5B452F46414C5D202825733AE9
:10F300002564292000000000466C6173682041627A
:10F31000737472616374696F6E204C6179657220D9
:10F32000285625732920696E697469616C697A654C
:10F33000206661696C65642E000000006465766972
:10F3400063655F7461626C655B695D2D3E6F7073B0
:10F350002E7265616400000028257329206861739E
:10F3600020617373657274206661696C65642061E5
:10F37000742025732E0A00006465766963655F74E6
:10F3800061626C655B695D2D3E6F70732E7772698B
:10F39000746500006465766963655F7461626C65BD
:10F3A0005B695D2D3E6F70732E6572617365000041
:10F3B0005B442F46414C5D202825733A256864291B
:10F3C00020000000466C617368206465766963659F
:10F3D000207C20252A2E2A73207C20616464723AC6
:10F3E0002030782530386C78207C206C656E3A208F
:10F3F000307825303878207C20626C6B5F73697AB6
:10F40000653A20307825303878207C696E697469D7
:10F41000616C697A65642066696E6973682E0000A4
:10F42000696E69745F6F6B006E616D65000000004E
:10F430006E616D6500000000666C6173685F6465F5
:10F44000760000001B5B33323B32326D5B492F4646
:10F45000414C5D20000000003D3D3D3D3D3D3D3DBA
:10F460003D3D3D3D3D3D3D3D3D3D3D3D2046414CCD
:10F4700020706172746974696F6E207461626C656A
:10F48000203D3D3D3D3D3D3D3D3D3D3D3D3D3D3DC9
:10F490003D3D3D3D3D0000001B5B306D0000000028
:10F4A0007C20252D2A2E2A73207C20252D2A2E2AE9
:10F4B00073207C2020206F66667365742020207C7A
:10F4C000202020206C656E67746820207C0000007E
:10F4D0002D2D2D2D2D2D2D2D2D2D2D2D2D2D2D2D5C
:10F4E0002D2D2D2D2D2D2D2D2D2D2D2D2D2D2D2D4C
:10F4F0002D2D2D2D2D2D2D2D2D2D2D2D2D2D2D2D3C
:10F500002D2D2D2D2D2D2D2D2D2D2D2D2D000000B2
:10F510007C20252D2A2E2A73207C20252D2A2E2A78
:10F5200073207C2030782530386C78207C2030782F
:10F5300025303878207C00003D3D3D3D3D3D3D3D42
:10F540003D3D3D3D3D3D3D3D3D3D3D3D3D3D3D3DEB
:10F550003D3D3D3D3D3D3D3D3D3D3D3D3D3D3D3DDB
:10F560003D3D3D3D3D3D3D3D3D3D3D3D3D3D3D3DCB
:10F570003D3D3D3D3D0000005B442F46414C5D203C
:10F580002825733A25686429200000005761726EAF
:10F59000696E673A20446F204E4F5420666F756E37
:10F5A000642074686520666C6173682064657669A0
:10F5B0006365282573292E001B5B33313B32326D86
:10F5C0005B452F46414C5D202825733A2564292050
:10F5D00000000000496E697469616C697A65206693
:10F5E00061696C65642120506172746974696F6E21
:10F5F00028257329206F66667365742061646472C0
:10F6000065737328256C6429206F7574206F6620DC
:10F61000666C61736820626F756E64283C2564298E
:10F620002E000000696E69745F6F6B0028257329D6
:10F630002068617320617373657274206661696C00
:10F6400065642061742025732E0A00007061727455
:10F65000203E3D20706172746974696F6E5F7461E1
:10F66000626C650070617274203C3D20267061728E
:10F67000746974696F6E5F7461626C655B706172EE
:10F68000746974696F6E5F7461626C655F6C656EDE
:10F69000202D20315D0000006C656E007461626C8D
:10F6A0006500000070617274000000006275660001
:10F6B000506172746974696F6E207265616420654F
:10F6C00072726F722120506172746974696F6E205A
:10F6D00061646472657373206F7574206F66206255
:10F6E0006F756E642E000000506172746974696FEA
:10F6F0006E2072656164206572726F722120446FA2
:10F700006E277420666F756E6420666C6173682066
:10F7100064657669636528257329206F662074689F
:10F720006520706172746974696F6E282573292E63
:10F7300000000000506172746974696F6E20726518
:10F740006164206572726F722120466C617368205B
:10F750006465766963652825732920726561642074
:10F760006572726F72210000506172746974696F02
:10F770006E207772697465206572726F72212050F5
:10F780006172746974696F6E206164647265737309
:10F79000206F7574206F6620626F756E642E000096
:10F7A000506172746974696F6E2077726974652034
:10F7B0006572726F72212020446F6E277420666F0D
:10F7C000756E6420666C6173682064657669636534
:10F7D00028257329206F6620746865207061727413
:10F7E0006974696F6E282573292E00005061727448
:10F7F0006974696F6E207772697465206572726FC3
:10F80000722120466C61736820646576696365289F
:10F81000257329207772697465206572726F722171
:10F8200000000000506172746974696F6E20657227
:10F83000617365206572726F722120506172746904
:10F8400074696F6E2061646472657373206F757480
:10F85000206F6620626F756E642E000050617274B6
:10F860006974696F6E206572617365206572726F6D
:10F87000722120446F6E277420666F756E64206657
:10F880006C61736820646576696365282573292037
:10F890006F662074686520706172746974696F6E38
:10F8A000282573292E000000506172746974696FF5
:10F8B0006E206572617365206572726F72212046D9
:10F8C0006C617368206465766963652825732920F7
:10F8D0006572617365206572726F722100000000AD
:10F8E0005F5F7665725F6E756D5F5F003000000070
:10F8F00025640000252E306600000000256500000C
:10F900002566000022220000225C080C0A0D090076
:10F9100075253034780000006E756C6C00000000B6
:10F9200066616C736500000074727565000000000C
:10F930005B5D0000071B03080A1B03080D1B03087F
:10F94000000000000000000001020304060708098F
:10F950000000000001020304000610160006101645
:10F96000FFFFFFFFFFFF000000000000000000009D
:10F9700020000C00349F0120B8A001209C0014003E
:10F98000BCA00120F0AC01201C000800F4AC012058
:10F99000D8AD012010001800DCAD012060AF0120BF
:10F9A0002000050064AF012008B0012018000F00FE
:10F9B0000CB0012078B10120100002007CB10120C0
:10F9C000A0B1012028000400A4B1012048B2012008
:10F9D000100008004CB20120D0B201201000080035
:10F9E000D4B2012058B30120100004005CB3012000
:10F9F000A0B3012010004000A4B30120A8B701204B
:10FA0000FC052000ACB701203077022070F9020815
:10FA10007CF9020888F9020894F90208A0F90208A2
:10FA2000ACF90208B8F90208C4F90208D0F90208D2
:10FA3000DCF90208E8F90208F4F9020800FA020801
:10FA40000102030405060707070707070700000070
:10FA500003060C18306078004877022044770220B3
:10FA60004C77022050770220FA00000041CE0008B7
:10FA7000E8030000455B0108E80300006D3F010852
:10FA8000640000002D3C010800000000FFFFFFFFA4
:10FA90000000000000000000200620005079022035
:10FAA000543D0320982F8A4291443771CFFBC0B553
:10FAB000A5DBB5E95BC25639F111F159A4823F9239
:10FAC000D55E1CAB98AA07D8015B8312BE85312492
:10FAD000C37D0C55745DBE72FEB1DE80A706DC9B53
:10FAE00074F19BC1C1699BE48647BEEFC69DC10FFF
:10FAF000CCA10C246F2CE92DAA84744ADCA9B05C3B
:10FB0000DA88F97652513E986DC631A8C82703B0FD
:10FB1000C77F59BFF30BE0C64791A7D55163CA060B
:10FB200067292914850AB72738211B2EFC6D2C4D17
:10FB3000130D385354730A65BB0A6A762EC9C28105
:10FB4000852C7292A1E8BFA24B661AA8708B4BC29B
:10FB5000A3516CC719E892D1240699D685350EF4C5
:10FB600070A06A1016C1A419086C371E4C7748277C
:10FB7000B5BCB034B30C1C394AAAD84E4FCA9C5BF2
:10FB8000F36F2E68EE828F746F63A5781478C88443
:10FB90000802C78CFAFFBE90EB6C50A4F7A3F9BE25
:10FBA000F27871C6CD0B0208B90C02083D0C0208B0
:10FBB000590C020866616C5F696E69740000000090
:10FBC00066616C5F666C6173685F696E6974000082
:10FBD00066616C5F666C6173685F646576696365B6
:10FBE0005F66696E640000003031504565665F6B8A
:10FBF0007664623100000000000000000000000098
:10FC00000000000073746D33325F6F6E636869705B
:10FC100000000000000000000000000000000000E4
:10FC20000000040000000000636865636B5F616EA4
:10FC3000645F7570646174655F706172745F636145
:10FC40006368650066616C5F706172746974696F86
:10FC50006E5F66696E640000666C6173685F646500
:10FC6000766963655F66696E645F62795F70617211
:10FC70007400000066616C5F706172746974696F12
:10FC80006E5F72656164000066616C5F70617274C2
:10FC90006974696F6E5F77726974650066616C5F25
:10FCA000706172746974696F6E5F6572617365000B
:10FCB00000000000963007772C610EEEBA510999CA
:10FCC00019C46D078FF46A7035A563E9A395649E26
:10FCD0003288DB0EA4B8DC791EE9D5E088D9D2974A
:10FCE0002B4CB609BD7CB17E072DB8E7911DBF90A6
:10FCF0006410B71DF220B06A4871B9F3DE41BE84CA
:10FD00007DD4DA1AEBE4DD6D51B5D4F4C785D38325
:10FD100056986C13C0A86B647AF962FDECC9658AC9
:10FD20004F5C0114D96C0663633D0FFAF50D088D25
:10FD3000C8206E3B5E10694CE44160D5727167A2C9
:10FD4000D1E4033C47D4044BFD850DD26BB50AA525
:10FD5000FAA8B5356C98B242D6C9BBDB40F9BCAC49
:10FD6000E36CD832755CDF45CF0DD6DC593DD1ABA5
:10FD7000AC30D9263A00DE518051D7C81661D0BFC9
:10FD8000B5F4B42123C4B3569995BACF0FA5BDB825
:10FD90009EB802280888055FB2D90CC624E90BB1C9
:10FDA000877C6F2F114C6858AB1D61C13D2D66B625
:10FDB0009041DC760671DB01BC20D2982A10D5EF89
:10FDC0008985B1711FB5B606A5E4BF9F33D4B8E8E5
:10FDD000A2C9077834F9000F8EA8099618980EE189
:10FDE000BB0D6A7F2D3D6D08976C6491015C63E6E5
:10FDF000F4516B6B62616C1CD83065854E0062F209
:10FE0000ED95066C7BA5011BC1F4088257C40FF564
:10FE1000C6D9B06550E9B712EAB8BE8B7C88B9FC88
:10FE2000DF1DDD62492DDA15F37CD38C654CD4FBE4
:10FE30005861B24DCE51B53A7400BCA3E230BBD488
:10FE400041A5DF4AD795D83D6DC4D1A4FBF4D6D3E4
:10FE50006AE96943FCD96E34468867ADD0B860DA88
:10FE6000732D0444E51D03335F4C0AAAC97C0DDDE4
:10FE70003C710550AA41022710100BBE86200CC908
:10FE800025B56857B3856F2009D466B99FE461CE64
:10FE90000EF9DE5E98C9D9292298D0B0B4A8D7C788
:10FEA000173DB359810DB42E3B5CBDB7AD6CBAC0E4
:10FEB0002083B8EDB6B3BF9A0CE2B6039AD2B17400
:10FEC0003947D5EAAF77D29D1526DB048316DC735C
:10FED000120B63E3843B64943E6A6D0DA85A6A7A00
:10FEE0000BCF0EE49DFF099327AE000AB19E077D5C
:10FEF00044930FF0D2A3088768F2011EFEC2066980
:10FF00005D5762F7CB67658071366C19E7066B6EDB
:10FF1000761BD4FEE02BD3895A7ADA10CC4ADD67FF
:10FF20006FDFB9F9F9EFBE8E43BEB717D58EB0605B
:10FF3000E8A3D6D67E93D1A1C4C2D83852F2DF4FFF
:10FF4000F167BBD16757BCA6DD06B53F4B36B2485B
:10FF5000DA2B0DD84C1B0AAFF64A0336607A0441FF
:10FF6000C3EF60DF55DF67A8EF8E6E3179BE69465B
:10FF70008CB361CB1A8366BCA0D26F2536E268527F
:10FF800095770CCC03470BBBB91602222F260555DB
:10FF9000BE3BBAC5280BBDB2925AB42B046AB35CFF
:10FFA000A7FFD7C231CFD0B58B9ED92C1DAEDE5B5B
:10FFB000B0C2649B26F263EC9CA36A750A936D023F
:10FFC000A906099C3F360EEB85670772135700059B
:10FFD000824ABF95147AB8E2AE2BB17B381BB60CBF
:10FFE0009B8ED2920DBED5E5B7EFDC7C21DFDB0B1B
:10FFF000D4D2D38642E2D4F1F8B3DD686E83DA1F3F
:020000040803EF
:10000000CD16BE815B26B9F6E177B06F7747B7189A
:10001000E65A0888706A0FFFCA3B06665C0B01113E
:10002000FF9E658F69AE62F8D3FF6B6145CF6C169A
:1000300078E20AA0EED20DD75483044EC2B303393E
:10004000612667A7F71660D04D476949DB776E3E9A
:100050004A6AD1AEDC5AD6D9660BDF40F03BD837BE
:1000600053AEBCA9C59EBBDE7FCFB247E9FFB5301A
:100070001CF2BDBD8AC2BACA3093B353A6A3B4243E
:100080000536D0BA9306D7CD2957DE54BF67D9239A
:100090002E7A66B3B84A61C4021B685D942B6F2A3E
:1000A00037BE0BB4A18E0CC31BDF055A8DEF022D9A
:1000B0000000C0E0F0F8FC000038FAFE422EE63FF7
:1000C0003067C79357F32E3D000000000000E0BFEB
:1000D000605555555555E5BF060000000000E03F4E
:1000E0004E5559999999E93F7AA429555555E5BF37
:1000F000E945489B5B49F2BFC33F268B2B00F03F8D
:100100000000000000A0F63F00000000000000001A
:1001100000C8B9F2822CD6BF8056372824B4FA3CE6
:10012000000000000080F63F00000000000000001A
:10013000000858BFBDD1D5BF20F7E0D808A51CBD29
:10014000000000000060F63F00000000000000001A
:10015000005845177776D5BF6D50B6D5A46223BD3C
:10016000000000000040F63F00000000000000001A
:1001700000F82D87AD1AD5BFD567B09EE484E6BCE4
:10018000000000000020F63F00000000000000001A
:10019000007877955FBED4BFE03E2993691B04BD0C
:1001A000000000000000F63F00000000000000001A
:1001B00000601CC28B61D4BFCC844C482FD8133D47
:1001C0000000000000E0F53F00000000000000001B
:1001D00000A886863004D4BF3A0B82EDF342DC3CA3
:1001E0000000000000C0F53F00000000000000001B
:1001F000004869554CA6D3BF60945186C6B1203DD6
:100200000000000000A0F53F00000000000000001A
:100210000080989ADD47D3BF9280C5D44D59253DC3
:10022000000000000080F53F00000000000000001A
:100230000020E1BAE2E8D2BFD82BB7991E7B263D59
:10024000000000000060F53F00000000000000001A
:100250000088DE135A89D2BF3FB0CFB614CA153D0D
:10026000000000000060F53F0000000000000000FA
:100270000088DE135A89D2BF3FB0CFB614CA153DED
:10028000000000000040F53F0000000000000000FA
:100290000078CFFB4129D2BF76DA5328245A16BD05
:1002A000000000000020F53F0000000000000000FA
:1002B000009869C198C8D1BF0454E768BCAF1FBD9E
:1002C000000000000000F53F0000000000000000FA
:1002D00000A8ABAB5C67D1BFF0A88233C61F1F3D3F
:1002E0000000000000E0F43F0000000000000000FB
:1002F0000048AEF98B05D1BF665A05FDC4A826BDDE
:100300000000000000C0F43F0000000000000000FA
:10031000009073E224A3D0BF0E03F47EEE6B0CBDFD
:100320000000000000A0F43F0000000000000000FA
:1003300000D0B4942540D0BF7F2DF49EB836F0BCD9
:100340000000000000A0F43F0000000000000000DA
:1003500000D0B4942540D0BF7F2DF49EB836F0BCB9
:10036000000000000080F43F0000000000000000DA
:1003700000405E6D18B9CFBF873C99AB2A570D3D41
:10038000000000000060F43F0000000000000000DA
:100390000060DCCBADF0CEBF24AF869CB7262B3DF2
:1003A000000000000040F43F0000000000000000DA
:1003B00000F02A6E0727CEBF10FF3F544F2F17BD06
:1003C000000000000020F43F0000000000000000DA
:1003D00000C04F6B215CCDBF1B68CABB91BA213DE9
:1003E000000000000000F43F0000000000000000DA
:1003F00000A09AC7F78FCCBF34849F684F79273D00
:10040000000000000000F43F0000000000000000B9
:1004100000A09AC7F78FCCBF34849F684F79273DDF
:100420000000000000E0F33F0000000000000000BA
:1004300000902D7486C2CBBF8FB78B31B04E193D63
:100440000000000000C0F33F0000000000000000BA
:1004500000C0804EC9F3CABF6690CD3F634EBA3C20
:100460000000000000A0F33F0000000000000000BA
:1004700000B0E21FBC23CABFEAC146DC648C25BDC4
:100480000000000000A0F33F00000000000000009A
:1004900000B0E21FBC23CABFEAC146DC648C25BDA4
:1004A000000000000080F33F00000000000000009A
:1004B0000050F49C5A52C9BFE3D4C104D9D12ABD1B
:1004C000000000000060F33F00000000000000009A
:1004D00000D02065A07FC8BF09FADB7FBFBD2B3DE0
:1004E000000000000040F33F00000000000000009A
:1004F00000E0100289ABC7BF584A537290DB2B3D16
:10050000000000000040F33F000000000000000079
:1005100000E0100289ABC7BF584A537290DB2B3DF5
:10052000000000000020F33F000000000000000079
:1005300000D019E70FD6C6BF66E2B2A36AE410BDC9
:10054000000000000000F33F000000000000000079
:100550000090A77030FFC5BF3950109F439E1EBD4D
:10056000000000000000F33F000000000000000059
:100570000090A77030FFC5BF3950109F439E1EBD2D
:100580000000000000E0F23F00000000000000005A
:1005900000B0A1E3E526C5BF8F5B07908BDE20BDD1
:1005A0000000000000C0F23F00000000000000005A
:1005B0000080CB6C2B4DC4BF3C783561C10C173D1E
:1005C0000000000000C0F23F00000000000000003A
:1005D0000080CB6C2B4DC4BF3C783561C10C173DFE
:1005E0000000000000A0F23F00000000000000003A
:1005F00000901E20FC71C3BF3A54274D8678F13C11
:10060000000000000080F23F000000000000000039
:1006100000F01FF85295C2BF08C47117308D24BD79
:10062000000000000060F23F000000000000000039
:1006300000602FD52AB7C1BF96A31118A4802EBD84
:10064000000000000060F23F000000000000000019
:1006500000602FD52AB7C1BF96A31118A4802EBD64
:10066000000000000040F23F000000000000000019
:100670000090D07C7ED7C0BFF45BE88896690A3DC5
:10068000000000000040F23F0000000000000000F9
:100690000090D07C7ED7C0BFF45BE88896690A3DA5
:1006A000000000000020F23F0000000000000000F9
:1006B00000E0DB3191ECBFBFF233A35C547525BD84
:1006C000000000000000F23F0000000000000000F9
:1006D00000002B6E0727BEBF3C00F02A2C342A3DB9
:1006E000000000000000F23F0000000000000000D9
:1006F00000002B6E0727BEBF3C00F02A2C342A3D99
:100700000000000000E0F13F0000000000000000D9
:1007100000C05B8F545EBCBF06BE5F58570C1DBD4A
:100720000000000000C0F13F0000000000000000D9
:1007300000E04A3A6D92BABFC8AA5BE83539253D58
:100740000000000000C0F13F0000000000000000B9
:1007500000E04A3A6D92BABFC8AA5BE83539253D38
:100760000000000000A0F13F0000000000000000B9
:1007700000A031D645C3B8BF68562F4D297C133D24
:100780000000000000A0F13F000000000000000099
:1007900000A031D645C3B8BF68562F4D297C133D04
:1007A000000000000080F13F000000000000000099
:1007B0000060E58AD2F0B6BFDA7333C9379726BD39
:1007C000000000000060F13F000000000000000099
:1007D0000020063F071BB5BF575EC6615B021F3D89
:1007E000000000000060F13F000000000000000079
:1007F0000020063F071BB5BF575EC6615B021F3D69
:10080000000000000040F13F000000000000000078
:1008100000E01B96D741B3BFDF13F9CCDA5E2C3D65
:10082000000000000040F13F000000000000000058
:1008300000E01B96D741B3BFDF13F9CCDA5E2C3D45
:10084000000000000020F13F000000000000000058
:100850000080A3EE3665B1BF09A38F765E7C143DA0
:10086000000000000000F13F000000000000000058
:10087000008011C0300AAFBF918E36839E592D3D46
:10088000000000000000F13F000000000000000038
:10089000008011C0300AAFBF918E36839E592D3D26
:1008A0000000000000E0F03F000000000000000039
:1008B00000801971DD42ABBF4C70D6E57A821C3DD9
:1008C0000000000000E0F03F000000000000000019
:1008D00000801971DD42ABBF4C70D6E57A821C3DB9
:1008E0000000000000C0F03F000000000000000019
:1008F00000C032F65874A7BFEEA1F23446FC2CBDFE
:100900000000000000C0F03F0000000000000000F8
:1009100000C032F65874A7BFEEA1F23446FC2CBDDD
:100920000000000000A0F03F0000000000000000F8
:1009300000C0FEB9879EA3BFAAFE26F5B702F53C0C
:100940000000000000A0F03F0000000000000000D8
:1009500000C0FEB9879EA3BFAAFE26F5B702F53CEC
:10096000000000000080F03F0000000000000000D8
:100970000000780E9B829FBFE4097E7C268029BD03
:10098000000000000080F03F0000000000000000B8
:100990000000780E9B829FBFE4097E7C268029BDE3
:1009A000000000000060F03F0000000000000000B8
:1009B0000080D5071BB997BF39A6FA93548D28BD7F
:1009C000000000000040F03F0000000000000000B8
:1009D0000000FCB0A8C08FBF9CA6D3F67C1EDFBC75
:1009E000000000000040F03F000000000000000098
:1009F0000000FCB0A8C08FBF9CA6D3F67C1EDFBC55
:100A0000000000000020F03F000000000000000097
:100A10000000106B2AE07FBFE440DA0D3FE219BD11
:100A2000000000000020F03F000000000000000077
:100A30000000106B2AE07FBFE440DA0D3FE219BDF1
:100A4000000000000000F03F000000000000000077
:100A50000000000000000000000000000000000096
:100A6000000000000000F03F000000000000000057
:100A70000000000000000000000000000000000076
:100A80000000000000C0EF3F000000000000000078
:100A9000000089751510803FE82B9D996BC710BD2C
:100AA000000000000080EF3F000000000000000098
:100AB000008093585620903FD2F7E2065BDC23BDBE
:100AC000000000000040EF3F0000000000000000B8
:100AD0000000C9282549983F340C5A32BAA02ABDD3
:100AE000000000000000EF3F0000000000000000D8
:100AF0000040E7895D41A03F53D7F15CC011013D43
:100B00000000000000C0EE3F0000000000000000F8
:100B100000002ED4AE66A43F28FDBD7573162CBD13
:100B2000000000000080EE3F000000000000000018
:100B300000C09F14AA94A83F7D265AD0957919BD6C
:100B4000000000000040EE3F000000000000000038
:100B500000C0DDCD73CBAC3F0728D847F2681ABD83
:100B6000000000000020EE3F000000000000000038
:100B700000C006C031EAAE3F7B3BC94F3E110EBDFF
:100B80000000000000E0ED3F000000000000000059
:100B9000006046D13B97B13F9B9E0D565D3225BD0F
:100BA0000000000000A0ED3F000000000000000079
:100BB00000E0D1A7F5BDB33FD74EDBA55EC82C3D05
:100BC000000000000060ED3F000000000000000099
:100BD00000A0974D5AE9B53F1E1D5D3C06692CBD2E
:100BE000000000000040ED3F000000000000000099
:100BF00000C0EA0AD300B73F32ED9DA98D1EEC3C40
:100C0000000000000000ED3F0000000000000000B8
:100C10000040595D5E33B93FDA47BD3A5C11233D70
:100C20000000000000C0EC3F0000000000000000D9
:100C30000060AD8DC86ABB3FE568F72B809013BD9F
:100C40000000000000A0EC3F0000000000000000D9
:100C50000040BC015888BC3FD3AC5AC6D146263DA3
:100C6000000000000060EC3F0000000000000000F9
:100C700000200A8339C7BE3FE045E6AF68C02DBDFE
:100C8000000000000040EC3F0000000000000000F9
:100C900000E0DB3991E8BF3FFD0AA14FD63425BD06
:100CA000000000000000EC3F000000000000000019
:100CB00000E027828E17C13FF2072DCE78EF213D4D
:100CC0000000000000E0EB3F00000000000000001A
:100CD00000F0237E2BAAC13F349938448EA72C3DC7
:100CE0000000000000A0EB3F00000000000000003A
:100CF0000080860C61D1C23FA1B481CB6C9D033DC5
:100D0000000000000080EB3F000000000000000039
:100D1000009015B0FC65C33F89724B23A82FC63CD9
:100D2000000000000040EB3F000000000000000059
:100D300000B033833D91C43F78B6FD547983253D9F
:100D4000000000000020EB3F000000000000000059
:100D500000B0A1E4E527C53FC77D69E5E833263D3E
:100D60000000000000E0EA3F00000000000000007A
:100D700000108CBE4E57C63F782E3C2C8BCF193DB1
:100D80000000000000C0EA3F00000000000000007A
:100D90000070758B12F0C63FE1219CE58D1125BDD9
:100DA0000000000000A0EA3F00000000000000007A
:100DB000005044858D89C73F0543917010661CBD66
:100DC000000000000060EA3F00000000000000009A
:100DD000000039EBAFBEC83FD12CE9AA543D07BD96
:100DE000000000000040EA3F00000000000000009A
:100DF0000000F7DC5A5AC93F6FFFA05828F2073DA0
:100E0000000000000000EA3F0000000000000000B9
:100E100000E08A3CED93CA3F69215650437228BDD9
:100E20000000000000E0E93F0000000000000000BA
:100E300000D05B57D831CB3FAAE1AC4E8D350CBD0D
:100E40000000000000C0E93F0000000000000000BA
:100E500000E03B3887D0CB3FB6125459C44B2DBD70
:100E60000000000000A0E93F0000000000000000BA
:100E70000010F0C6FB6FCC3FD22B96C572ECF1BCD4
:100E8000000000000060E93F0000000000000000DA
:100E90000090D4B03DB1CD3F35B015F72AFF2ABD43
:100EA000000000000040E93F0000000000000000DA
:100EB0000010E7FF0E53CE3F30F441602712C23CD2
:100EC000000000000020E93F0000000000000000DA
:100ED0000000DDE4ADF5CE3F118EBB651521CABC27
:100EE000000000000000E93F0000000000000000DA
:100EF00000B0B36C1C99CF3F30DF0CCAECCB1B3D6C
:100F00000000000000C0E83F0000000000000000FA
:100F100000584D603871D03F914EED16DB9CF83C87
:100F20000000000000A0E83F0000000000000000FA
:100F3000006061672DC4D03FE9EA3C168B18273D5D
:100F4000000000000080E83F0000000000000000FA
:100F500000E827828E17D13F1CF0A5630E212CBD1F
:100F6000000000000060E83F0000000000000000FA
:100F700000F8ACCB5C6BD13F8116A5F7CD9A2B3D29
:100F8000000000000040E83F0000000000000000FA
:100F900000685A6399BFD13FB7BD4751EDA62C3DBC
:100FA000000000000020E83F0000000000000000FA
:100FB00000B80E6D4514D23FEABA46BADE870A3D44
:100FC0000000000000E0E73F00000000000000001B
:100FD0000090DC7CF0BED23FF404504AFA9C2A3DDB
:100FE0000000000000C0E73F00000000000000001B
:100FF0000060D3E1F114D33FB83C21D37AE228BD9D
:101000000000000000A0E73F00000000000000001A
:101010000010BE76676BD33FC877F1B0CD6E113D3F
:10102000000000000080E73F00000000000000001A
:101030000030337752C2D33F5CBD06B6543B183DF7
:10104000000000000060E73F00000000000000001A
:1010500000E8D523B419D43F9DE090EC36E4083D78
:10106000000000000040E73F00000000000000001A
:1010700000C871C28D71D43F75D66709CE272FBDC8
:10108000000000000020E73F00000000000000001A
:101090000030179EE0C9D43FA4D80A1B89202EBD7A
:1010A000000000000000E73F00000000000000001A
:1010B00000A03807AE22D53F59C7648170BE2E3DCF
:1010C0000000000000E0E63F00000000000000001B
:1010D00000D0C853F77BD53FEF405DEEEDAD1F3D2F
:1010E0000000000000C0E63F00000000000000001B
:1010F000006059DFBDD5D53FDC65A4082A0B0ABDC9
:10110000FE822B6547156740000000000000384351
:101110000000FAFE422E76BF3A3B9EBC9AF70CBD09
:10112000BDFDFFFFFFFFDF3F3C5455555555C53F03
:10113000912B17CF5555A53F17D0A4671111813FAB
:10114000000000000000C842EF39FAFE422EE63FE0
:1011500024C482FFBDBFCE3FB5F40CD7086BAC3FB3
:10116000CC5046D2ABB2833F843A4E9BE0D7553F3A
:101170000000000000000000000000000000F03F40
:101180006EBF881A4F3B9B3C3533FBA93DF6EF3FC2
:101190005DDCD89C136071BC6180773E9AECEF3FB8
:1011A000D16687107A5E90BC857F6EE815E3EF3FCD
:1011B00013F6673552D28C3C748515D3B0D9EF3F06
:1011C000FA8EF92380CE8BBCDEF6DD296BD0EF3FA3
:1011D00061C8E6614EF7603CC89B751845C7EF3F94
:1011E00099D3335BE4A3903C83F3C6CA3EBEEF3F82
:1011F0006D7B835DA69A973C0F89F96C58B5EF3FDC
:10120000FCEFFD921AB58E3CF747722B92ACEF3F84
:10121000D19C2F703DBE3E3CA2D1D332ECA3EF3F18
:101220000B6E908934036ABC1BD3FEAF669BEF3F05
:101230000EBD2F2A525695BC515B12D00193EF3F41
:1012400055EA4E8CEF8050BCCC316CC0BD8AEF3F6C
:1012500016F4D5B923C991BCE02DA9AE9A82EF3F0F
:10126000AF555CE9E3D3803C518EA5C8987AEF3F37
:101270004893A5EA151B80BC7B517D3CB872EF3FBB
:101280003D32DE55F01F8FBCEA8D8C38F96AEF3F96
:10129000BF53133F8C898B3C75CB6FEB5B63EF3F88
:1012A00026EB11769CD996BCD45C0484E05BEF3FBE
:1012B000602F3A3EF7EC9A3CAAB968318754EF3F69
:1012C0009D3886CB82E78FBC1DD9FC22504DEF3F65
:1012D0008DC3A644416F8A3CD68C62883B46EF3F63
:1012E0007D04E4B0057A803C96DC7D91493FEF3F78
:1012F00094A8A8E3FD8E963C3862756E7A38EF3F6D
:101300007D4874F2185E873C3FA6B24FCE31EF3F66
:10131000F2E71F982B47803CDD7CE265452BEF3FD1
:101320005E08713F7BB896BC8163F5E1DF24EF3F37
:1013300031AB096DE1F7823CE1DE1FF59D1EEF3F09
:10134000FABF6F1A9B213DBC90D9DAD07F18EF3FCE
:10135000B40A0C7282378B3C0B03E4A68512EF3F74
:101360008FCBCE8992146E3C562F3EA9AF0CEF3F27
:10137000B6ABB04D754D833C15B7310AFE06EF3F55
:101380004C74ACE20142863C31D84CFC7001EF3F1A
:101390004AF8D35D39DD8F3CFF1664B208FCEE3F9E
:1013A000045B8E3B80A386BCF19F925FC5F6EE3F47
:1013B00068504BCCED4A92BCCBA93A37A7F1EE3F2F
:1013C0008E2D511BF80799BC66D8056DAEECEE3F2B
:1013D000D236943EE8D171BCF79FE534DBE7EE3FAF
:1013E000151BCEB3191999BCE5A813C32DE3EE3F25
:1013F0006D4C2AA7489F853C2234124CA6DEEE3F56
:101400008A69287A601293BC1C80AC0445DAEE3FEE
:101410005B8917488FA758BC2A2EF7210AD6EE3FC2
:101420001B9A49679B2C7CBC97A850D9F5D1EE3FFD
:1014300011ACC260ED63433C2D89616008CEEE3F84
:10144000EF64063B0966963C57001DED41CAEE3F2E
:101450007903A1DAE1CC6E3CD03CC1B5A2C6EE3F27
:1014600030120F3F8EFF933CDED3D7F02AC3EE3FFE
:10147000B0AF7ABBCE90763C272A36D5DABFEE3FA6
:1014800077E054EBBD1D933C0DDDFD99B2BCEE3F02
:101490008EA3710034948FBCA72C9D76B2B9EE3F19
:1014A00049A393DCCCDE87BC4266CFA2DAB6EE3F1E
:1014B0005F380FBDC6DE78BC824F9D562BB4EE3F21
:1014C000F65C7BEC461286BC0F925DCAA4B1EE3F7F
:1014D0008ED7FD180535933CDA27B53647AFEE3F7A
:1014E000059B8A2FB7987B3CFDC797D412ADEE3F82
:1014F00009541CE2E163903C295448DD07ABEE3F00
:10150000EAC6195085C7343CB746598A26A9EE3F2A
:1015100035C0642BE632943C4821AD156FA7EE3FF1
:101520009F7699614AE48CBC09DC76B9E1A5EE3F6F
:10153000A84DEF3BC5338CBC85553AB07EA4EE3F39
:10154000AEE92B89785384BC20C3CC3446A3EE3F4C
:1015500058585678DDCE93BC2522558238A2EE3FEE
:1015600064197E80AA10573C73A94CD455A1EE3F54
:1015700028225EBFEFB393BCCD3B7F669EA0EE3FBB
:1015800082B93487AD126ABCBFDA0B7512A0EE3F88
:10159000EEA96DB8EF6763BC2F1A653CB29FEE3FB2
:1015A0005188E0543DDC80BC849451F97D9FEE3F2E
:1015B000CF3E5A7E641F78BC745FECE8759FEE3FA7
:1015C000B07D8BC04AEE86BC7481A5489A9FEE3FE1
:1015D0008AE6551E321986BCC9674256EB9FEE3F1C
:1015E000D3D4095ECB9C903C3F5DDE4F69A0EE3FBB
:1015F0001DA54DB9DC327BBC8701EB7314A1EE3F16
:101600006BC06754FDEC943C32C13001EDA1EE3F5C
:10161000556CD6ABE1EB653C624ECF36F3A2EE3FA4
:1016200042CFB32FC5A188BC121A3E5427A4EE3F67
:1016300034373BF1B66993BC13CE4C9989A5EE3F84
:101640001EFF193A845E80BCADC723461AA7EE3F41
:101650006E5772D850D494BCED92449BD9A8EE3FFB
:10166000008A0E5B67AD903C99668AD9C7AAEE3FA7
:10167000B4EAF0C12FB78D3CDBA02A42E5ACEE3FC7
:10168000FFE7C59C60B665BC8C44B51632AFEE3F33
:10169000445FF35983F67B3C36771599AEB1EE3F44
:1016A000833D1EA71F0993BCC6FF910B5BB4EE3FA1
:1016B000291E6C8BB8A95DBCE5C5CDB037B7EE3F30
:1016C00059B9907CF9236CBC0F52C8CB44BAEE3F99
:1016D000AAF9F422434392BC504EDE9F82BDEE3FF6
:1016E0004B8E66D76CCA85BCBA07CA70F1C0EE3F94
:1016F00027CE912BFCAF713C90F0A38291C4EE3FBA
:10170000BB730AE135D26D3C2323E31963C8EE3F76
:101710006322622204C587BC65E55D7B66CCEE3F33
:10172000D531E2E3861C8B3C332D4AEC9BD0EE3F57
:1017300015BBBCD3D1BB91BC5D253EB203D5EE3FFA
:10174000D231EE9C31CC903C58B330139ED9EE3F51
:10175000B35A736E8469843CBFFD79556BDEEE3FEE
:10176000B49D8E97CDDF82BC7AF3D3BF6BE3EE3F9F
:101770008733CB92771A8C3CADD35A999FE8EE3FD2
:10178000FAD9D14A8F7B90BC66B68D2907EEEE3F21
:10179000BAAEDC56D9C355BCFB154FB8A2F3EE3F29
:1017A00040F6A63D0EA490BC3A59E58D72F9EE3F85
:1017B0003493AD38F4D668BC475EFBF276FFEE3F5B
:1017C000358A586BE2EE91BC4A06A130B005EF3F76
:1017D000CDDD5F0AD7FF743CD2C14B901E0CEF3FAA
:1017E000AC9892FAFBBD91BC091ED75BC212EF3FC9
:1017F000B30CAF30AE6E733C9C5285DD9B19EF3F4E
:1018000094FD9F5C32E38E3C7AD0FF5FAB20EF3FCC
:10181000AC5909D18FE0843C4BD1572EF127EF3FD3
:10182000671A4E38AFCD633CB5E706946D2FEF3F96
:101830006819926C2C6B673C6990EFDC2037EF3FA6
:10184000D2B5CC83188A80BCFAC35D550B3FEF3FFD
:101850006FFAFF3F5DAD8FBC7C89074A2D47EF3F94
:1018600049A97538AE0D90BCF2890D08874FEF3F3E
:10187000A7073DA685A3743C87A4FBDC1858EF3F5F
:101880000F2240209E9182BC9883C916E360EF3FEF
:10189000AC92C1D5505A8E3C8532DB03E669EF3FEE
:1018A0004B6B01AC593A843C60B401F32173EF3FB8
:1018B0001F3EB40721D582BC5F9B7B33977CEF3FF3
:1018C000C90D473BB92A89BC29A1F5144686EF3FCB
:1018D000D3883A6004B6743CF63F8BE72E90EF3F16
:1018E00071729D51ECC5833C834CC7FB519AEF3F0D
:1018F000F091D38F12F78FBCDA90A4A2AFA4EF3F80
:101900007D7423E298AE8DBCF1678E2D48AFEF3F1A
:101910000820AA41BCC38E3C275A61EE1BBAEF3F98
:1019200032EBA9C3942B843C97BA6B372BC5EF3F9E
:10193000EE85D131A9648A3C40456E5B76D0EF3F9D
:10194000EDE33BE4BA378EBC14BE9CADFDDBEF3F4C
:101950009DCD914D3B89773CD8909E81C1E7EF3F6B
:1019600089CC6041C105533CF1718F2BC2F3EF3F2D
:101970005245454E54206D616C6C6F6320737563E6
:10198000636565646564002F6275696C642F676EBA
:10199000752D746F6F6C732D666F722D73746D334C
:1019A000325F31342E332E72656C312E3230323547
:1019B000313032372D303730302F7372632F6E65F0
:1019C000776C69622F6E65776C69622F6C696263F0
:1019D0002F7374646C69622F72616E642E63002FC2
:1019E0006275696C642F676E752D746F6F6C732DE3
:1019F000666F722D73746D33325F31342E332E72F5
:101A0000656C312E32303235313032372D3037304F
:101A1000302F7372632F6E65776C69622F6E6577F6
:101A20006C69622F6C6962632F74696D652F6C63DA
:101A30006C74696D652E6300545A00474D5400253F
:101A400031315B2D2B302D39412D5A612D7A5D2599
:101A50006E002531315B412D5A612D7A5D256E0076
:101A60004D256875256E2E256875256E2E256875A1
:101A7000256E002F256875256E3A256875256E3A06
:101A8000256875256E002C2066756E6374696F6E0F
:101A90003A2000617373657274696F6E202225733A
:101AA00022206661696C65643A2066696C65202253
:101AB0002573222C206C696E65202564257325739F
:101AC0000A00232D302B2000686C4C0065666745AA
:101AD00046470030313233343536373839414243A6
:101AE0004445460030313233343536373839616257
:101AF0006364656600412D46612D663839303132A8
:101B000033343536375D002B2D00303000785800E7
:101B100000202020202020202020282828282820BD
:101B200020202020202020202020202020202020B5
:101B3000208810101010101010101010101010101D
:101B4000100404040404040404040410101010100D
:101B500010104141414141410101010101010101D7
:101B60000101010101010101010101011010101029
:101B700010104242424242420202020202020202A9
:101B800002020202020202020202020210101010FD
:101B90002000000000000000000000000000000025
:101BA0000000000000000000000000000000000035
:101BB0000000000000000000000000000000000025
:101BC0000000000000000000000000000000000015
:101BD0000000000000000000000000000000000005
:101BE00000000000000000000000000000000000F5
:101BF00000000000000000000000000000000000E5
:101C000000000000000000000000000000000000D4
:101C100000000000000000001F0000003B0000006A
:101C20005A0000007800000097000000B500000096
:101C3000D4000000F300000011010000300100009A
:101C40004E0100001F0000001C0000001F000000EB
:101C50001E0000001F0000001E0000001F0000000A
:101C60001F0000001E0000001F0000001E000000FA
:101C70001F0000001F0000001C0000001F000000EB
:101C80001E0000001F0000001E0000001F000000DA
:101C90001F0000001E0000001F0000001E000000CA
:101CA0001F0000001F0000001D0000001F000000BA
:101CB0001E0000001F0000001E0000001F000000AA
:101CC0001F0000001E0000001F0000001E0000009A
:041CD0001F000000F1
:081CD40084E9FC7F010000001F
:041CDC0025020008D5
:041CE00001020008F5
:101CE4000024F4001000000001000000AAAAAAAA1F
:101CF40000C000006E19000000C000007D810108D2
:101D040091810108D5810108A18101080982010896
:101D1400E45403200100000001000000804B032074
:101D240000000240008001000000000000000000EC
:101D3400000000000000000000000000000000009F
:101D4400000000000000000000000000000000008F
:101D5400000000000000000000000000000000007F
:101D64000000000000000000084C032000100240A6
:101D740000800100000000000000000000000000DE
:101D8400000000000000000000000000000000004F
:101D9400000000000000000000000000000000003F
:101DA400000000000000000000000000000000002F
:101DB40000000000A04D0320000C024000020100BE
:101DC400000000000000000000000000000000000F
:101DD40000000000000000000000000000000000FF
:101DE40000000000000000000000000000000000EF
:101DF40000000000000000000000000000000000DF
:101E0400284E0320000C02400200010000000000E4
:101E140000000000000000000000000000000000BE
:101E240000000000000000000000000000000000AE
:101E3400000000000000000000000000000000009E
:101E4400000000000000000000000000B04E03206D
:101E5400001002400020010000000000000000000B
:101E6400000000000000000000000000000000006E
:101E7400000000000000000000000000000000005E
:101E8400000000000000000000000000000000004E
:101E94000000000000000000384F0320001802403A
:101EA400200001000000000000000000000000000D
:101EB400000000000000000000000000000000001E
:101EC400000000000000000000000000000000000E
:101ED40000000000000000000000000000000000FE
:101EE40000000000904C032000000240200000008D
:101EF40000000000000000000000000000000000DE
:101F040000000000000000000000000000000000CD
:101F140000000000000000000000000000000000BD
:101F240000000000000000000000000000000000AD
:101F3400184D0320001002400400000000000000BF
:101F4400000000000000000000000000000000008D
:101F5400000000000000000000000000000000007D
:101F6400000000000000000000000000000000006D
:101F740000000000000000000000000073746D33D6
:101F8400325F6F6E6368697000000000000000003B
:101F94000000000000000A08000004000000020025
:101FA400B50802085909020851050020FD07002060
:101FB40040000000B9680208C96802080000000077
:101FC40003000000C87803203B1A03083B1A0308E7
:101FD400F402002000000000C878032030790320B8
:101FE40098790320000000000000000000000000B9
:101FF40000000000000000000000000000000000DD
:1020040000000000000000000000000000000000CC
:1020140000000000000000000000000000000000BC
:1020240001000000000000004A0000000000000061
:10203400000000000000000000000000000000009C
:10204400000000000000000000000000000000008C
:102054004A00000000000000000000000000000032
:10206400000000000000000000000000000000006C
:10207400000000000000000080B400AF00BF064B69
:10208400DB6803F48033002BF9D100BF00BFBD46E9
:102094005DF8047B704700BF003C024080B400AF91
:1020A400034BF322DA6000BFBD465DF8047B704742
:1020B400003C024080B400AF074B1B69002B05DADB
:1020C400054B064A5A60044B054A5A6000BFBD4698
:1020D4005DF8047B704700BF003C02402301674564
:1020E400AB89EFCD80B400AF054B1B69044A43F0C4
:1020F4000043136100BFBD465DF8047B704700BF19
:10210400003C024080B584B000AFF860C7E900230A
:10211400FFF7B2FF1E4B1B691D4A23F44073136182
:102124001B4B1B691A4A43F440731361184B1B6918
:10213400174A43F001031361FB683A681A60D7E950
:1021440000014FF000024FF000030A000023F96879
:10215400043113460B60FFF78FFF0D4B1B690C4ACC
:1021640023F0010313610A4BDB680A4A1360094B2D
:102174001B6803F0F203002B04D1054B0122DA6043
:10218400002301E04FF0FF3318461037BD4680BDF1
:10219400003C0240BC6E032080B582B000AF786082
:1021A400FFF76AFF204B1B691F4A23F44073136136
:1021B4001D4B1B691C4A43F4407313611A4B1B6982
:1021C400194A23F0F8031361174B1A697B68DB0083
:1021D400DBB21343144A43F002031361124B1B692D
:1021E400114A43F480331361BFF34F8F00BFFFF7ED
:1021F40043FF0D4B1B690C4A23F0FA0313610A4B8E
:10220400DB680A4A1360094B1B6803F0F203002BD6
:1022140004D1054B0122DA60002301E04FF0FF33C3
:1022240018460837BD4680BD003C0240BC6E032002
:102234002DE9F04FABB000AF78673967FA66A44B6D
:102244009A697B6F1344C7F89C30D7F89C20FB6EC7
:102254001344C7F898300023C7F8A0307B6F002BD5
:1022640008DB9B4B9A699A4BDB691A44D7F8983080
:10227400934202D94FF0FF3324E1FB6E002B01D1CE
:1022840000231FE1D7F89C3003F00703002B04D18F
:10229400FB6E03F00703002B02D04FF0FF3311E174
:1022A400EFF31083FB67FB6FC7F8943072B600BF7F
:1022B400FFF700FFFFF7F2FE0023C7F8A430EEE0BB
:1022C4004FF000024FF00003C7E922233A6FD7F81A
:1022D400A4301344C7F88430D7F884301B78DBB2B9
:1022E4000022BB63FA63D7E90E23C7E92223D7F898
:1022F400843001331B78DBB200229A4693464FF0B8
:1023040000004FF000014FEA0B2141EA1A614FEA45
:102314000A20D7E9222342EA00063E630B437B638B
:10232400D7E90C23C7E92223D7F8843002331B787A
:10233400DBB20022984691464FF000004FF00001B6
:102344004FEA094141EA18414FEA0840D7E92223FC
:1023540042EA0006BE620B43FB62D7E90A23C7E9DF
:102364002223D7F8843003331B78DBB200223B6688
:102374007A66D7E918120B461D0A0B461C06D7E9E4
:10238400222342EA040139622B437B62D7E9082302
:10239400C7E92223D7F8843004331B78DBB2002248
:1023A400BB65FA654FF000004FF00001BB6D1900EA
:1023B4000020D7E9222342EA0006BE610B43FB61F9
:1023C400D7E90623C7E92223D7F8843005331B78DD
:1023D400DBB200223B657A654FF000004FF000014C
:1023E4003B6D19020020D7E9222342EA00063E6130
:1023F4000B437B61D7E90423C7E92223D7F8843050
:1024040006331B78DBB20022BB64FA644FF0000091
:102414004FF00001BB6C19040020D7E9222342EAE3
:102424000006BE600B43FB60D7E90223C7E9222301
:10243400D7F8843007331B78DBB200223B647A641C
:102444004FF000004FF000013B6C19060020D7E963
:10245400222342EA00063E600B437B60D7E9002357
:10246400C7E92223D7F89C20D7F8A430D118D7E99C
:1024740022230846FFF746FE0346002B0AD04FF0FE
:10248400FF33C7F8A030134B1B681946124800F0FD
:10249400E3F80AE0D7F8A4300833C7F8A430D7F833
:1024A400A420FB6E9A42FFF40BAFFFF71BFED7F894
:1024B4009430C7F88030D7F8803083F3108800BF99
:1024C400D7F8A0301846AC37BD46BDE8F08F00BF42
:1024D4009C020020BC6E032090EE020880B58EB0F2
:1024E40000AF78603960574B9A697B6813443B624C
:1024F4003A6A3B681344FB614FF0FF337B634FF050
:10250400FF333B630023FB627B68002B07DB4D4BEF
:102514009A694C4BDB691344FA699A4202D94FF029
:10252400FF338BE03B68002B01D1002386E00023BE
:10253400BB623AE04449BA6A13465B0013449B0009
:102544000B4419684048BA6A13465B0013449B0065
:10255400034404331B680B447B613B49BA6A13464A
:102564005B0013449B000B441B683A6A9A4208D3ED
:102574003A6A7B699A4204D27B6B002B01DABB6A0C
:102584007B633149BA6A13465B0013449B000B44D6
:102594001B68FA699A4205D9FA697B699A4201D89B
:1025A400BB6A3B63BB6A0133BB62284B1B68BA6AD4
:1025B4009A42BFDB7B6B002B06DB3B6B002B03DB00
:1025C4003A6B7B6B9A4202DA4FF0FF3336E0EFF35B
:1025D40010833B613B69BB6172B600BFFFF76AFDC4
:1025E400FFF75CFD7B6B7B621BE017497A6A13463D
:1025F4005B0013449B000B4408331B681846FFF729
:10260400CBFD0346002B09D04FF0FF33FB62104B88
:102614001B6819460F4800F01FF806E07B6A013377
:102624007B627A6A3B6B9A42DFDDFFF75BFDBB6935
:10263400FB60FB6883F3108800BFFB6A18463837D9
:10264400BD4680BD9C020020C06E0320D86E0320CE
:10265400BC6E0320A8EE02085FF800F03D020208F9
:102664000000000000000000000000000000000066
:102674000000000000000000000000000000000056
:102684000000000000000000000000000000000046
:102694000000000000000000000000000000000036
:1026A4000000000000000000000000000000000026
:1026B4000000000000000000000000000000000016
:1026C4000000000000000000000000000000000006
:1026D40000000000000000000000000000000000F6
:1026E40000000000000000000000000000000000E6
:1026F40000000000000000000000000000000000D6
:1027040000000000000000000000000000000000C5
:1027140000000000000000000000000000000000B5
:1027240000000000000000000000000000000000A5
:102734000000000000000000000000000000000095
:102744000000000000000000000000000000000085
:102754000000000000000000000000000000000075
:102764000000000000000000000000000000000065
:102774000000000000000000000000000000000055
:102784000000000000000000000000000000000045
:102794000000000000000000000000000000000035
:040000050801A3C982
:00000001FF
