:020000040800F2
:100000000000082019A20108D19C0108D99C010810
:10001000ED9C0108019D0108159D010800000000EC
:1000200000000000000000000000000091A3000894
:10003000299D010800000000A1A5000809A60008EC
:1000400069A2010869A2010869A2010869A2010860
:1000500069A2010869A2010869A2010869A2010850
:1000600069A2010869A2010869A20108399D010875
:100070004D9D0108619D0108759D0108899D01083C
:100080009D9D0108B19D010869A2010869A20108AE
:1000900069A2010869A2010869A2010869A2010810
:1000A00069A2010869A2010869A2010869A2010800
:1000B00069A2010869A2010869A2010869A20108F0
:1000C00069A2010869A2010869A2010869A20108E0
:1000D00069A20108C59D0108D99D0108ED9D01088F
:1000E00069A2010869A2010869A2010869A20108C0
:1000F00069A2010869A2010869A20108019E01081C
:1001000069A2010869A2010869A2010869A201089F
:10011000159E0108299E010869A201083D9E01085B
:1001200069A20108519E0108659E010869A20108A3
:1001300069A20108799E010869A2010869A2010863
:1001400069A2010869A2010869A2010869A201085F
:1001500069A201088D9E0108A19E0108B59E0108B3
:1001600069A2010869A2010869A2010869A201083F
:1001700069A2010869A2010869A201080000000043
:1001800069A2010869A20108C99E0108DD9E010853
:1001900069A2010869A2010869A2010869A201080F
:1001A00069A2010869A2010869A2010869A20108FF
:1001B00069A2010869A2010869A2010869A20108EF
:1001C00069A2010869A201080000000069A20108F3
:1001D00069A2010869A2010869A2010869A20108CF
:1001E00069A2010869A2010869A2010869A20108BF
:0801F00069A2010869A20108DF
:1002000010B5054C237833B9044B13B10448AFF350
:1002100000800123237010BDC809022000000000E7
:10022000C094020808B5034B1BB103490348AFF360
:10023000008008BD00000000CC090220C094020824
:1002400081F0004102E000BF83F0004330B54FEA87
:1002500041044FEA430594EA050F08BF90EA020FF4
:100260001FBF54EA000C55EA020C7FEA645C7FEA87
:10027000655C00F0E2804FEA5454D4EB5555B8BFAA
:100280006D420CDD2C4480EA020281EA030382EA1B
:10029000000083EA010180EA020281EA0303362DAD
:1002A00088BF30BD11F0004F4FEA01314FF4801C80
:1002B0004CEA113102D0404261EB410113F0004F92
:1002C0004FEA03334CEA133302D0524263EB430349
:1002D00094EA050F00F0A780A4F10104D5F1200EE7
:1002E0000DDB02FA0EFC22FA05F2801841F1000142
:1002F00003FA0EF2801843FA05F359410EE0A5F116
:1003000020050EF1200E012A03FA0EFC28BF4CF046
:10031000020C43FA05F3C01851EBE37101F00045FC
:1003200007D54FF0000EDCF1000C7EEB00006EEB09
:100330000101B1F5801F1BD3B1F5001F0CD3490893
:100340005FEA30004FEA3C0C04F101044FEA4452EA
:1003500012F5800F80F09A80BCF1004F08BF5FEA71
:10036000500C50F1000041EB045141EA050130BD51
:100370005FEA4C0C404141EB0101013C28BFB1F563
:10038000801FE9D291F0000F04BF01460020B1FAAE
:1003900081F308BF2033A3F10B03B3F120020CDA81
:1003A0000C3208DD02F1140CC2F10C0201FA0CF05F
:1003B00021FA02F10CE002F11402D8BFC2F1200CC4
:1003C00001FA02F120FA0CFCDCBF41EA0C0190407A
:1003D000E41AA2BF01EB0451294330BD6FEA0404C3
:1003E0001F3C1CDA0C340EDC04F11404C4F12002AE
:1003F00020FA04F001FA02F340EA030021FA04F3C0
:1004000045EA030130BDC4F10C04C4F1200220FA16
:1004100002F001FA04F340EA0300294630BD21FA54
:1004200004F0294630BD94F0000F83F4801306BF1A
:1004300081F480110134013D4EE77FEA645C18BF0E
:100440007FEA655C29D094EA050F08BF90EA020FA5
:1004500005D054EA000C04BF1946104630BD91EA9D
:10046000030F1EBF0021002030BD5FEA545C05D1A0
:100470004000494128BF41F0004130BD14F58004DF
:100480003CBF01F5801130BD01F0004545F0FE4153
:1004900041F470014FF0000030BD7FEA645C1ABF88
:1004A000194610467FEA655C1CBF0B46024650EABF
:1004B000013406BF52EA033591EA030F41F40021EB
:1004C00030BD00BF90F0000F04BF0021704730B571
:1004D0004FF4806404F132044FF000054FF0000146
:1004E00050E700BF90F0000F04BF0021704730B507
:1004F0004FF4806404F1320410F0004548BF4042DC
:100500004FF000013EE700BF42004FEAE2014FEA30
:1005100031014FEA02701FBF12F07F4393F07F4F0B
:1005200081F06051704732F07F4208BF704793F00E
:100530007F4F04BF41F40021704730B54FF4607421
:1005400001F0004521F000411CE700BF50EA010224
:1005500008BF704730B54FF000050AE050EA0102CD
:1005600008BF704730B511F0004502D5404261EB3D
:1005700041014FF4806404F132045FEA915C3FF47E
:10058000D8AE4FF003025FEADC0C18BF03325FEA1B
:10059000DC0C18BF033202EBDC02C2F1200300FACC
:1005A00003FC20FA02F001FA03FE40EA0E0021FAF1
:1005B00002F11444BDE600BF53B94AB9002908BF8F
:1005C00000281CBF4FF0FF314FF0FF3000F0C0B9E2
:1005D000ADF1080C6DE904CE00F03EF8DDF804E062
:1005E000DDE9022304B0704708B502460B4643EC30
:1005F000172BB5EEC07BF1EE10FA03D4BDE808402E
:1006000000F00AB8B1EE477B51EC170B00F004F88C
:10061000404261EB410108BD9FED0B6B41EC170BB4
:100620009FED0B5B27EE066BBCEEC66BB8EE464B40
:10063000A4EE457BFCEEC77B16EE101A17EE900A6F
:10064000704700BFAFF30080000000000000F03DE5
:10065000000000000000F0412DE9F047089D0F4622
:1006600004468C46002B48D18A42164661D9B2FA1C
:1006700082F34BB1C3F1200201FA03FC20FA02F22B
:100680009E4042EA0C0C9C404FEA164EB7B2BCFBAF
:10069000FEF1220C0EFB11CC42EA0C4201FB07F0EA
:1006A000904209D9B21801F1FF3C80F0EE809042EF
:1006B00040F2EB8002393244121AA4B2B2FBFEF0CF
:1006C0000EFB102244EA024400FB07F7A74209D9B7
:1006D000341900F1FF3280F0DA80A74240F2D7806F
:1006E0003444023840EA0140E41B00211DB1DC40E3
:1006F0000023C5E90043BDE8F0878B4206D90DB160
:10070000C5E9000100210846BDE8F087B3FA83F18E
:10071000002948D1BB4202D3824200F20781841AE9
:1007200067EB030201209446002DE4D0C5E9004C9C
:10073000E1E7002A00F09280B2FA82F3002B40F049
:10074000A8808A1A4FEA164E1FFA86FC0121200C57
:10075000B2FBFEF70EFB172240EA02420CFB07F049
:10076000904207D9B21807F1FF3802D2904200F246
:10077000E2804746121AA4B2B2FBFEF00EFB102232
:1007800044EA02440CFB00FCA44507D9341900F1EB
:10079000FF3202D2A44500F2CB801046A4EB0C0439
:1007A00040EA0740A2E7C1F120068B4022FA06FC8E
:1007B0004CEA030C07FA01F420FA06F3F7404FEA7B
:1007C0001C49234300FA01F81FFA8CFEB7FBF9F02D
:1007D0001C0C09FB107744EA074400FB0EF7A74204
:1007E00002FA01F20AD91CEB040400F1FF3A80F08E
:1007F0009B80A74240F2988002386444E41B9FB279
:10080000B4FBF9F309FB134447EA044403FB0EFE6F
:10081000A64509D91CEB040403F1FF3780F0828060
:10082000A6457FD9023B644443EA0040A4EB0E0492
:10083000A0FB02E7BC427346B94663D360D05DB10A
:10084000B8EB030264EB090404FA06F622FA01F39A
:100850001E43CC40C5E9006400214CE7620848080B
:1008600042EAC1710B0C43EA00438AB242EA0342F6
:10087000B3FBF6F1E407B4463746B6461F23B0FB98
:10088000F6F0D21B41EA004161E7614614E71046E9
:1008900028E7C3F1200120FA01F29E4027FA01F176
:1008A0009F403A434FEA164E1FFA86FCB1FBFEF713
:1008B0000EFB1710110C41EA004107FB0CF88845AC
:1008C00004FA03F43AD9711807F1FF3001D28845D0
:1008D0001FD8A1EB0801B1FBFEF808FB0CF70EFBDB
:1008E000181192B242EA0142BA422FD2B21808F16C
:1008F000FF31C6D2BA42C4D2A8F102013244C0E7E5
:10090000F0459CD2BEEB020367EB0C070138B946F9
:1009100095E7A6EB08084144B81EB1FBFEF808FBBA
:100920000CF7DCE73B467FE7504667E70846FBE607
:100930003444023832E7023F32441BE7A1EB08019E
:100940003846B1FBFEF808FB0CF7C8E7414698E7CC
:10095000704700BF10F8012B11F8013B012A28BF96
:100960009A42F7D0D01A7047034613F8012B002A99
:10097000FBD1181A01387047000000000000000089
:1009800001F0FF01102A2BDB10F0070F08D010F840
:10099000013B013A8B422DD010F0070F42B3F6D144
:1009A000F0B441EA012141EA014122F007047FF05D
:1009B00000070023F0E80256083C85EA010586EAB4
:1009C000010685FA47F5A3FA87F586FA47F6A5FAF0
:1009D00087F68EB9EED1F0BC01F0FF0102F00702FC
:1009E00032B110F8013B013A83EA010313B1F8D1A7
:1009F0000020704701387047002D06BF3546033888
:100A0000073815F0010F07D1013015F4807F02BFC0
:100A1000013015F4C03F0130F0BC0138704700BF11
:100A20007BB972B90029BEBF00204FF0004106E03B
:100A300008BF00281CBF6FF000414FF0FF30FFF7E8
:100A400087BFADF1080C6DE904CE002909DB002B4E
:100A50001ADBFFF701FEDDF804E0DDE9022304B054
:100A60007047404261EB4101002B1BDBFFF7F4FDB7
:100A7000DDF804E0DDE9022304B0404261EB41010E
:100A8000524263EB43037047524263EB4303FFF769
:100A9000E3FDDDF804E0DDE9022304B0404261EB50
:100AA00041017047524263EB4303FFF7D5FDDDF888
:100AB00004E0DDE9022304B0524263EB43037047D4
:100AC00080B400AF064BD3F88830054A43F4700376
:100AD000C2F8883000BFBD465DF8047B704700BF98
:100AE00000ED00E080B582B000AF78607B68002B3D
:100AF00001D1012349E07B6893F83D30DBB2002B44
:100B000006D17B68002283F83C20786800F041F829
:100B10007B68022283F83D207B681A687B68043377
:100B20001946104600F0E8F97B68012283F8482056
:100B30007B68012283F83E207B68012283F83F20F6
:100B40007B68012283F840207B68012283F84120E2
:100B50007B68012283F842207B68012283F84320CE
:100B60007B68012283F844207B68012283F84520BA
:100B70007B68012283F846207B68012283F84720A6
:100B80007B68012283F83D20002318460837BD46C4
:100B900080BD80B483B000AF786000BF0C37BD4625
:100BA0005DF8047B7047000080B485B000AF7860CA
:100BB0007B6893F83D30DBB2012B01D0012354E078
:100BC0007B68022283F83D207B681B68DA687B68BB
:100BD0001B6842F00102DA607B681B68264A934278
:100BE00022D07B681B68B3F1804F1DD07B681B68E7
:100BF000224A934218D07B681B68214A934213D043
:100C00007B681B681F4A93420ED07B681B681E4A94
:100C1000934209D07B681B681C4A934204D07B68CE
:100C20001B681B4A934215D17B681B689A68194B55
:100C30001340FB60FB68062B15D0FB68B3F5803FC3
:100C400011D07B681B681A687B681B6842F0010240
:100C50001A6008E07B681B681A687B681B6842F0B2
:100C600001021A6000E000BF002318461437BD4699
:100C70005DF8047B704700BF0000014000040040A5
:100C800000080040000C004000040140004001400A
:100C9000001800400700010080B584B000AF786004
:100CA0007B681B68DB68FB607B681B681B69BB603B
:100CB000BB6803F00203002B20D0FB6803F00203A3
:100CC000002B1BD07B681B686FF002021A617B68E7
:100CD00001221A777B681B689B6903F00303002BD2
:100CE00003D0786800F0E9F805E0786800F0DBF8F8
:100CF000786800F0ECF87B6800221A77BB6803F094
:100D00000403002B20D0FB6803F00403002B1BD04E
:100D10007B681B686FF004021A617B6802221A77F5
:100D20007B681B689B6903F44073002B03D07868D1
:100D300000F0C3F805E0786800F0B5F8786800F0D6
:100D4000C6F87B6800221A77BB6803F00803002B03
:100D500020D0FB6803F00803002B1BD07B681B68C6
:100D60006FF008021A617B6804221A777B681B689F
:100D7000DB6903F00303002B03D0786800F09DF8D3
:100D800005E0786800F08FF8786800F0A0F87B68DC
:100D900000221A77BB6803F01003002B20D0FB68F9
:100DA00003F01003002B1BD07B681B686FF0100250
:100DB0001A617B6808221A777B681B68DB6903F479
:100DC0004073002B03D0786800F077F805E078686E
:100DD00000F069F8786800F07AF87B6800221A77EA
:100DE000BB6803F00103002B0CD0FB6803F0010388
:100DF000002B07D07B681B686FF001021A617868CE
:100E000017F078FCBB6803F08003002B04D1BB68AB
:100E100003F40053002B0CD0FB6803F08003002B7D
:100E200007D07B681B686FF402521A61786800F083
:100E300013F9BB6803F48073002B0CD0FB6803F03C
:100E40008003002B07D07B681B686FF480721A61E7
:100E5000786800F00BF9BB6803F04003002B0CD05E
:100E6000FB6803F04003002B07D07B681B686FF022
:100E700040021A61786800F034F8BB6803F0200380
:100E8000002B0CD0FB6803F02003002B07D07B68FD
:100E90001B686FF020021A61786800F0D3F800BF79
:100EA0001037BD4680BD80B483B000AF786000BF0E
:100EB0000C37BD465DF8047B704780B483B000AF4B
:100EC000786000BF0C37BD465DF8047B704780B486
:100ED00083B000AF786000BF0C37BD465DF8047B7F
:100EE000704780B483B000AF786000BF0C37BD4658
:100EF0005DF8047B7047000080B485B000AF786077
:100F000039607B681B68FB607B68434A934213D05F
:100F10007B68B3F1804F0FD07B68404A93420BD07F
:100F20007B683F4A934207D07B683E4A934203D096
:100F30007B683D4A934208D1FB6823F07003FB6055
:100F40003B685B68FA681343FB607B68324A9342F4
:100F50002BD07B68B3F1804F27D07B682F4A934218
:100F600023D07B682E4A93421FD07B682D4A934240
:100F70001BD07B682C4A934217D07B682B4A934244
:100F800013D07B682A4A93420FD07B68294A934248
:100F90000BD07B68284A934207D07B68274A93424C
:100FA00003D07B68264A934208D1FB6823F4407340
:100FB000FB603B68DB68FA681343FB60FB6823F067
:100FC00080023B685B691343FB603B689A687B68FF
:100FD000DA623B681A687B689A627B680E4A9342C1
:100FE00003D07B68104A934203D13B681A697B683F
:100FF0001A637B681B6843F004027B681A607B6895
:1010000001225A617B68FA681A6000BF1437BD4636
:101010005DF8047B704700BF000001400004004001
:1010200000080040000C0040000401400040014066
:10103000004401400048014000180040001C0040EE
:101040000020004080B483B000AF786000BF0C3750
:10105000BD465DF8047B704780B483B000AF786014
:1010600000BF0C37BD465DF8047B704780B483B089
:1010700000AF786000BF0C37BD465DF8047B704759
:1010800080B586B000AF78600023FB757B68002BCD
:1010900001D101239BE27B681B6803F00103002B55
:1010A00000F08780964B9B6803F00C03042B0CD058
:1010B000934B9B6803F00C03082B12D1904B5B6899
:1010C00003F48003B3F5800F0BD18D4B1B6803F441
:1010D0000033002B6CD07B685B68002B68D1012348
:1010E00075E27B685B68B3F5803F06D1844B1B6873
:1010F000834A43F4803313602EE07B685B68002BE7
:101100000CD17F4B1B687E4A23F4803313607C4BE9
:101110001B687B4A23F4802313601DE07B685B68B7
:10112000B3F5A02F0CD1764B1B68754A43F480238E
:101130001360734B1B68724A43F4803313600BE0F7
:101140006F4B1B686E4A23F4803313606C4B1B6833
:101150006B4A23F4802313607B685B68002B13D0F9
:1011600002F064F8386108E002F060F802463B697A
:10117000D31A642B01D9032329E2614B1B6803F4C2
:101180000033002BF0D014E002F050F8386108E092
:1011900002F04CF802463B69D31A642B01D90323B1
:1011A00015E2574B1B6803F40033002BF0D100E02D
:1011B00000BF7B681B6803F00203002B69D0504B13
:1011C0009B6803F00C03002B0BD04D4B9B6803F086
:1011D0000C03082B1CD14A4B5B6803F48003002BE3
:1011E00016D1474B1B6803F00203002B05D07B6828
:1011F000DB68012B01D00123E9E1414B1B6823F09F
:10120000F8027B681B69DB003D4913430B6040E03B
:101210007B68DB68002B23D0394B1B68384A43F0CE
:101220000103136002F002F8386108E001F0FEFFEC
:1012300002463B69D31A022B01D90323C7E1304B85
:101240001B6803F00203002BF0D02D4B1B6823F02A
:10125000F8027B681B69DB00294913430B6018E027
:10126000274B1B68264A23F00103136001F0DEFFC1
:10127000386108E001F0DAFF02463B69D31A022B1D
:1012800001D90323A3E11E4B1B6803F00203002BCB
:10129000F0D17B681B6803F00803002B38D07B6813
:1012A0005B69002B19D0164B5B6F154A43F00103A5
:1012B000536701F0BBFF386108E001F0B7FF024659
:1012C0003B69D31A022B01D9032380E10C4B5B6FDE
:1012D00003F00203002BF0D01AE0094B5B6F084AC1
:1012E00023F00103536701F0A1FF38610AE001F028
:1012F0009DFF02463B69D31A022B03D9032366E103
:1013000000380240924B5B6F03F00203002BEED1DA
:101310007B681B6803F00403002B00F0A4808C4B57
:101320001B6C03F08053002B0DD1894B1B6C884A3A
:1013300043F080531364864B1B6C03F08053BB60F7
:10134000BB680123FB75834B1B6803F48073002B80
:1013500018D1804B1B687F4A43F48073136001F0FF
:1013600065FF386108E001F061FF02463B69D31A6E
:10137000642B01D903232AE1764B1B6803F48073A5
:10138000002BF0D07B689B68012B06D1704B1B6F44
:101390006F4A43F0010313672DE07B689B68002BC5
:1013A0000CD16B4B1B6F6A4A23F001031367684B28
:1013B0001B6F674A23F0040313671CE07B689B687C
:1013C000052B0CD1624B1B6F614A43F0040313677A
:1013D0005F4B1B6F5E4A43F0010313670BE05C4BEE
:1013E0001B6F5B4A23F001031367594B1B6F584A6D
:1013F00023F0040313677B689B68002B15D001F072
:1014000015FF38610AE001F011FF02463B69D31A6B
:1014100041F28832934201D90323D8E04C4B1B6F31
:1014200003F00203002BEED014E001F0FFFE386160
:101430000AE001F0FBFE02463B69D31A41F2883212
:10144000934201D90323C2E0414B1B6F03F0020317
:10145000002BEED1FB7D012B05D13D4B1B6C3C4A93
:1014600023F0805313647B689B69002B00F0AE80EF
:10147000374B9B6803F00C03082B6DD07B689B698E
:10148000022B4BD1324B1B68314A23F0807313601F
:1014900001F0CCFE386108E001F0C8FE02463B696D
:1014A000D31A022B01D9032391E0294B1B6803F0C7
:1014B0000073002BF0D17B68DA697B681B6A1A43E2
:1014C0007B685B6A9B011A437B689B6A5B08013BF4
:1014D0001B041A437B68DB6A1B061A437B681B6B81
:1014E0001B071B4913434B60194B1B68184A43F0F9
:1014F0008073136001F09AFE386108E001F096FEF7
:1015000002463B69D31A022B01D903235FE0104B3B
:101510001B6803F00073002BF0D057E00C4B1B68E6
:101520000B4A23F08073136001F080FE386108E0FD
:1015300001F07CFE02463B69D31A022B01D903233A
:1015400045E0034B1B6803F00073002BF0D13DE036
:1015500000380240007000401F4B5B68FB607B68F6
:101560009B69012B30D0FB6803F480027B68DB6948
:101570009A4229D1FB6803F03F027B681B6A9A42BA
:1015800022D1FA6847F6C07313407A68526A920112
:10159000934219D1FB6803F440327B689B6A5B0875
:1015A000013B1B049A420FD1FB6803F070627B6819
:1015B000DB6A1B069A4207D1FB6803F0E0427B68B6
:1015C0001B6B1B079A4201D0012300E00023184641
:1015D0001837BD4680BD00BF0038024080B584B0DA
:1015E00000AF786039600023FB607B68002B01D17D
:1015F0000123D0E06A4B1B6803F00F033A689A425C
:1016000010D9674B1B6823F00F0265493B681343F1
:101610000B60634B1B6803F00F033A689A4201D0DA
:101620000123B8E07B681B6803F00203002B20D085
:101630007B681B6803F00403002B05D0594B9B68A3
:10164000584A43F4E05393607B681B6803F0080337
:10165000002B05D0534B9B68524A43F46043936080
:10166000504B9B6823F0F0027B689B684D49134305
:101670008B607B681B6803F00103002B40D07B6804
:101680005B68012B07D1474B1B6803F40033002B29
:1016900015D101237FE07B685B68022B07D1414BAA
:1016A0001B6803F00073002B09D1012373E03D4B4D
:1016B0001B6803F00203002B01D101236BE0394BBF
:1016C0009B6823F003027B685B68364913438B6099
:1016D00001F0ACFDF8600AE001F0A8FD0246FB68ED
:1016E000D31A41F28832934201D9032353E02D4BA0
:1016F0009B6803F00C027B685B689B009A42EBD10D
:10170000274B1B6803F00F033A689A4210D2244B10
:101710001B6823F00F0222493B6813430B60204BE8
:101720001B6803F00F033A689A4201D0012332E0AC
:101730007B681B6803F00403002B08D0194B9B68DF
:1017400023F4E0527B68DB68164913438B607B68A7
:101750001B6803F00803002B09D0124B9B6823F48D
:1017600060427B681B69DB000E4913438B6000F00D
:1017700021F802460B4B9B681B0903F00F030A4933
:10178000CB5C22FA03F3094A1360094B1B68184625
:1017900018F0D6FB002318461037BD4680BD00BFA9
:1017A000003C024000380240C4F102080000022060
:1017B000040002202DE9B04F90B000AF00237B63FE
:1017C0000023FB6300233B630023BB63584B9B68F0
:1017D00003F00C03082B0DD0082B00F2A080002B87
:1017E00002D0042B03D09AE0524BBB639AE0524BD9
:1017F000BB6397E04E4B5B6803F03F037B634C4B4E
:101800005B6803F48003002B27D0494B5B689B097E
:1018100000223B627A623B6AC3F308000021464B18
:1018200003FB01F2002300FB03F31344424AA0FB35
:101830000221F962BA62FA6A1344FB627B6B0022EE
:10184000BB61FA61D7E90623D7E90A01FEF7B4FEC6
:1018500002460B461346FB6353E0354B5B689B091E
:1018600000223B617A613B69C3F3080A4FF0000B29
:1018700052465B464FF000004FF00001590141EA2B
:10188000D261500102460B46B2EB0A0863EB0B092A
:101890004FF000024FF000034FEA891343EA9863C8
:1018A0004FEA8812B2EB080463EB09054FF000021F
:1018B0004FF00003EB0043EA5473E20014461D4668
:1018C00014EB0A033B6045EB0B037B604FF0000217
:1018D0004FF00003D7E9004529468B02214643EA31
:1018E000915321468A02104619467B6B0022BB6049
:1018F000FA60D7E90223FEF75FFE02460B46134665
:10190000FB630B4B5B681B0C03F0030301335B00B1
:101910003B63FA6B3B6BB2FBF3F3BB6302E0054B3B
:10192000BB6300BFBB6B18464037BD46BDE8B08FF8
:10193000003802400024F40040787D0180B400AFFC
:10194000034B1B681846BD465DF8047B704700BF1B
:101950000000022080B500AFFFF7F0FF0246054B04
:101960009B689B0A03F007030349CB5C22FA03F34D
:10197000184680BD00380240D4F1020880B500AF9F
:10198000FFF7DCFF0246054B9B685B0B03F0070388
:101990000349CB5C22FA03F3184680BD00380240AD
:1019A000D4F1020880B483B000AF786039607B68FE
:1019B0000F221A60124B9B6803F003027B685A6087
:1019C0000F4B9B6803F0F0027B689A600C4B9B689E
:1019D00003F4E0527B68DA60094B9B68DB0803F490
:1019E000E0527B681A61074B1B6803F00F023B68EB
:1019F0001A6000BF0C37BD465DF8047B704700BF1E
:101A000000380240003C024080B588B000AF7860EA
:101A100000237B6100233B610023FB600023FB610B
:101A20000023BB617B681B6803F00103002B12D00D
:101A3000694B9B68684A23F400039360664B9A687D
:101A40007B685B6B644913438B607B685B6B002B2B
:101A500001D10123FB617B681B6803F40023002B89
:101A600017D05D4BD3F88C3023F440127B68DB6BCE
:101A700059491343C1F88C307B68DB6BB3F5801F89
:101A800001D10123FB617B68DB6B002B01D10123BA
:101A9000BB617B681B6803F48013002B17D04E4B8F
:101AA000D3F88C3023F440027B681B6C4A49134303
:101AB000C1F88C307B681B6CB3F5800F01D101231A
:101AC000FB617B681B6C002B01D10123BB617B6830
:101AD0001B6803F08073002B01D00123FB617B683E
:101AE0001B6803F02003002B00F08B803A4B1B6C2B
:101AF000394A43F080531364374B1B6C03F0805317
:101B0000BB60BB68354B1B68344A43F48073136079
:101B100001F08CFB786108E001F088FB02467B69EC
:101B2000D31A642B01D903238FE32C4B1B6803F4D6
:101B30008073002BF0D0284B1B6F03F440733B6184
:101B40003B69002B35D07B681B6B03F440733A690B
:101B50009A422ED0204B1B6F23F440733B611E4BE7
:101B60001B6F1D4A43F4803313671B4B1B6F1A4ACC
:101B700023F480331367184A3B691367164B1B6FB6
:101B800003F00103012B14D101F050FB78610AE04E
:101B900001F04CFB02467B69D31A41F28832934232
:101BA00001D9032351E30C4B1B6F03F00203002BFD
:101BB000EED07B681B6B03F44073B3F5407F11D10B
:101BC000054B9B6823F4F8127B68196B044B0B40A0
:101BD000014913438B600BE0003802400070004065
:101BE000FFFCFF0FAC4B9B68AB4A23F4F8139360E8
:101BF000A94B1A6F7B681B6BC3F30B03A6491343F6
:101C00000B677B681B6803F01003002B10D0A24BFE
:101C1000D3F88C30A04A23F08073C2F88C309E4BEE
:101C2000D3F88C207B689B6B9B491343C1F88C30A5
:101C30007B681B6803F48043002B0AD0964BD3F8D3
:101C4000903023F440327B685B6E93491343C1F8B4
:101C500090307B681B6803F40043002B0AD08E4B46
:101C6000D3F8903023F440227B689B6E8A4913435B
:101C7000C1F890307B681B6803F48033002B0AD0D6
:101C8000854BD3F8903023F440127B68DB6E824999
:101C90001343C1F890307B681B6803F40033002BBA
:101CA0000AD07D4BD3F8903023F440027B681B6F41
:101CB00079491343C1F890307B681B6803F04003F7
:101CC000002B0AD0744BD3F8903023F003027B68CA
:101CD0005B6C71491343C1F890307B681B6803F05B
:101CE0008003002B0AD06C4BD3F8903023F00C0209
:101CF0007B689B6C68491343C1F890307B681B6814
:101D000003F48073002B0AD0634BD3F8903023F098
:101D100030027B68DB6C60491343C1F890307B680C
:101D20001B6803F40073002B0AD05B4BD3F8903090
:101D300023F0C0027B681B6D57491343C1F89030F4
:101D40007B681B6803F48063002B0AD0524BD3F8E6
:101D5000903023F440727B685B6D4F491343C1F8A8
:101D600090307B681B6803F40063002B0AD04A4B59
:101D7000D3F8903023F440627B689B6D464913434F
:101D8000C1F890307B681B6803F48053002B0AD0A5
:101D9000414BD3F8903023F440527B68DB6D3E49D1
:101DA0001343C1F890307B681B6803F40053002B89
:101DB0000AD0394BD3F8903023F440427B681B6E35
:101DC00035491343C1F890307B681B6803F48003E6
:101DD000002B0AD0304BD3F8903023F080627B6820
:101DE0009B6F2D491343C1F890307B681B6803F447
:101DF0000013002B11D0284BD3F8903023F0006251
:101E00007B68DB6F24491343C1F890307B68DB6F3C
:101E1000B3F1006F01D10123BB617B681B6803F044
:101E20000803002B01D00123BB617B681B6803F40E
:101E30008023002B0AD0184BD3F8903023F0407247
:101E40007B685B6F14491343C1F890307B681B6853
:101E500003F40003002B0BD00F4BD3F8903023F08A
:101E600080527B68D3F880300B491343C1F890301F
:101E70007B681B6803F08063002B0FD0064BD3F800
:101E8000903023F000527B68D3F88430024913432A
:101E9000C1F8903002E000BF003802407B681B6848
:101EA00003F00063002B0BD08A4BD3F88C3023F067
:101EB00000727B68D3F8883086491343C1F88C30B0
:101EC0007B681B6803F08053002B0BD0814BD3F849
:101ED0008C3023F080627B68D3F88C307D491343CB
:101EE000C1F88C30FB69012B06D07B681B6803F0BE
:101EF0000073002B00F0D680764B1B68754A23F0E8
:101F00008063136001F092F9786108E001F08EF9C6
:101F100002467B69D31A642B01D9032395E16D4BEB
:101F20001B6803F00063002BF0D17B681B6803F093
:101F30000103002B21D07B685B6B002B1DD1654B0F
:101F4000D3F884301B0C03F003033B61614BD3F8DF
:101F500084301B0E03F00F03FB607B685B689A0103
:101F60003B691B041A43FB681B061A437B689B688A
:101F70001B0758491343C1F884307B681B6803F47E
:101F80000023002B04D07B68DB6BB3F5801F0AD0E5
:101F90007B681B6803F48013002B2ED07B681B6CBE
:101FA000B3F5800F29D14B4BD3F884301B0C03F0D1
:101FB00003033B61474BD3F884301B0F03F0070347
:101FC000FB607B685B689A013B691B041A437B6872
:101FD000DB681B061A43FB681B073E491343C1F825
:101FE00084303C4BD3F88C3023F01F027B685B6A53
:101FF000013B38491343C1F88C307B681B6803F000
:102000008073002B1DD0334BD3F884301B0E03F0AC
:102010000F033B612F4BD3F884301B0F03F00703F2
:10202000FB607B685B689A017B681B691B041A4331
:102030003B691B061A43FB681B0726491343C1F87B
:1020400084307B681B6803F00073002B11D07B6821
:102050005B689A017B681B691B041A437B68DB6819
:102060001B061A437B689B681B071A491343C1F878
:102070008430184B1B68174A43F08063136001F0EB
:10208000D5F8786108E001F0D1F802467B69D31AEF
:10209000642B01D90323D8E00E4B1B6803F00063C7
:1020A000002BF0D0BB69012B40F0CE80094B1B68A0
:1020B000084A23F08053136001F0B8F878610BE010
:1020C00001F0B4F802467B69D31A642B04D90323C8
:1020D000BBE000BF003802405E4B1B6803F00053BA
:1020E000B3F1005FECD07B681B6803F40023002B86
:1020F00003D07B68DB6B002B09D07B681B6803F483
:102100008013002B2ED07B681B6C002B2AD1514BE7
:10211000D3F888301B0C03F003033B614D4BD3F81D
:1021200088301B0F03F00703FB607B685B699A0133
:102130003B691B041A437B689B691B061A43FB68B7
:102140001B0744491343C1F88830424BD3F88C3005
:1021500023F4F8527B689B6A013B1B023D49134301
:10216000C1F88C307B681B6803F40013002B22D06D
:102170007B68DB6FB3F1006F1DD1364BD3F888302D
:102180001B0E03F00F033B61324BD3F888301B0F5B
:1021900003F00703FB607B685B699A017B681B6A3D
:1021A0001B041A433B691B061A43FB681B0729499A
:1021B0001343C1F888307B681B6803F00803002BC9
:1021C00028D0244BD3F888301B0E03F00F033B615B
:1021D000204BD3F888301B0C03F00303FB607B68B3
:1021E0005B699A01FB681B041A433B691B061A438F
:1021F0007B68DB691B0717491343C1F88830154B0F
:10220000D3F88C3023F440327B68DB6A11491343E6
:10221000C1F88C300F4B1B680E4A43F0805313609B
:1022200001F004F8786108E001F000F802467B69EB
:10223000D31A642B01D9032307E0064B1B6803F074
:102240000053B3F1005FEFD1002318462037BD469D
:1022500080BD00BF0038024080B489B000AF786014
:1022600039600023FB6100237B6100233B61002375
:10227000BB610023FB6175E10122FB6902FA03F3F4
:102280007B613B681B687A6913403B613A697B69F3
:102290009A4240F064813B685B6803F00303012BC2
:1022A00005D03B685B6803F00303022B30D17B68E9
:1022B0009B68BB61FB695B00032202FA03F3DB430B
:1022C000BA691340BB613B68DA68FB695B0002FADC
:1022D00003F3BA691343BB617B68BA699A607B6890
:1022E0005B68BB610122FB6902FA03F3DB43BA6955
:1022F0001340BB613B685B681B0903F00102FB698B
:1023000002FA03F3BA691343BB617B68BA695A6086
:102310003B685B6803F00303032B17D07B68DB6823
:10232000BB61FB695B00032202FA03F3DB43BA697A
:102330001340BB613B689A68FB695B0002FA03F3D8
:10234000BA691343BB617B68BA69DA603B685B6852
:1023500003F00303022B23D1FB69DA087B68083200
:1023600053F82230BB61FB6903F007039B000F2287
:1023700002FA03F3DB43BA691340BB613B681A6995
:10238000FB6903F007039B0002FA03F3BA691343E6
:10239000BB61FB69DA087B680832B96943F822102F
:1023A0007B681B68BB61FB695B00032202FA03F3D5
:1023B000DB43BA691340BB613B685B6803F003020F
:1023C000FB695B0002FA03F3BA691343BB617B68E4
:1023D000BA691A603B685B6803F44033002B00F075
:1023E000BE80664B5B6C654A43F480435364634B29
:1023F0005B6C03F48043FB60FB68614AFB699B08EC
:10240000023352F82330BB61FB6903F003039B00E6
:102410000F2202FA03F3DB43BA691340BB617B6806
:10242000584A934237D07B68574A934231D07B68F1
:10243000564A93422BD07B68554A934225D07B68FD
:10244000544A93421FD07B68534A934219D07B6809
:10245000524A934213D07B68514A93420DD07B6815
:10246000504A934207D07B684F4A934201D10923D7
:1024700012E00A2310E008230EE007230CE00623F5
:102480000AE0052308E0042306E0032304E0022316
:1024900002E0012300E00023FA6902F00302920047
:1024A0009340BA691343BB613549FB699B0802330A
:1024B000BA6941F823203D4B9B68BB613B69DB4314
:1024C000BA691340BB613B685B6803F48013002B5F
:1024D00003D0BA693B691343BB61344ABB6993605B
:1024E000324BDB68BB613B69DB43BA691340BB61BC
:1024F0003B685B6803F40013002B03D0BA693B69A7
:102500001343BB61294ABB69D360284B5B68BB613D
:102510003B69DB43BA691340BB613B685B6803F40A
:102520000033002B03D0BA693B691343BB611F4AD8
:10253000BB6953601D4B1B68BB613B69DB43BA69D8
:102540001340BB613B685B6803F48033002B03D00E
:10255000BA693B691343BB61144ABB691360FB69E9
:102560000133FB61FB690F2B7FF686AE00BF00BF16
:102570002437BD465DF8047B704700BF0038024039
:102580000038014000000240000402400008024000
:10259000000C0240001002400014024000180240EB
:1025A000001C02400020024000240240003C014088
:1025B00080B483B000AF78600B467B8013467B709D
:1025C0007B78002B03D07A887B689A6103E07B8854
:1025D0001A047B689A6100BF0C37BD465DF8047B26
:1025E000704780B485B000AF78600B467B807B6815
:1025F0005B69FB607A88FB6813401A04FB68D94367
:102600007B880B401A437B689A6100BF1437BD4634
:102610005DF8047B7047000080B586B000AF78603D
:1026200000237B6100F002FE38617B68002B01D142
:10263000012399E07B68022283F835207B68002221
:1026400083F834207B681B681A687B681B6822F05B
:1026500001021A600FE000F0E9FD02463B69D31A5F
:10266000052B08D97B6820225A657B68032283F8F2
:102670003520032378E07B681B681B6803F00103A7
:10268000002BE8D17B681B681B687B617A69384B3B
:1026900013407B617B685A687B689B681A437B6840
:1026A000DB681A437B681B691A437B685B691A43C2
:1026B0007B689B691A437B68DB691A437B681B6AEA
:1026C00013437A6913437B617B685B6A042B07D1F0
:1026D0007B68DA6A7B681B6B13437A6913437B61FF
:1026E0007B681B687A691A607B681B685B697B6121
:1026F0007B6923F007037B617B685B6A7A6913431C
:102700007B617B685B6A042B17D17B689B6A7A6963
:1027100013437B617B68DB6A002B0ED0786800F086
:1027200009FB0346002B08D07B6840225A657B6872
:10273000002283F83520012316E07B681B687A6944
:102740005A61786800F0C0FA0346FB607B68DB6D75
:102750003F229A40FB689A607B6800225A657B683A
:10276000012283F83520002318461837BD4680BD66
:102770003F8010E080B586B000AFF860B9607A6045
:102780003B600023FB75FB689B6D3B61FB6893F826
:102790003430012B01D1022348E0FB68012283F889
:1027A0003420FB6893F83530DBB2012B37D1FB685E
:1027B000022283F83520FB6800225A653B687A685C
:1027C000B968F86800F052FAFB68DB6D3F229A4066
:1027D0003B699A60FB681B681A68FB681B6842F0DB
:1027E00016021A60FB681B685A69FB681B6842F096
:1027F00080025A61FB681B6C002B07D0FB681B68CA
:102800001A68FB681B6842F008021A60FB681B68C4
:102810001A68FB681B6842F001021A6005E0FB6859
:10282000002283F834200223FB75FB7D18461837FD
:10283000BD4680BD80B584B000AF78607B689B6D7D
:10284000FB6000F0F3FCB8607B6893F83530DBB2D6
:10285000022B08D07B6880225A657B68002283F8AF
:102860003420012352E07B681B681A687B681B6870
:1028700022F016021A607B681B685A697B681B6825
:1028800022F080025A617B681B6C002B03D17B68AD
:102890009B6C002B07D07B681B681A687B681B68E1
:1028A00022F008021A607B681B681A687B681B6844
:1028B00022F001021A6013E000F0B8FC0246BB6887
:1028C000D31A052B0CD97B6820225A657B6803221A
:1028D00083F835207B68002283F83420032315E039
:1028E0007B681B681B6803F00103002BE4D17B6845
:1028F000DB6D3F229A40FB689A607B68012283F877
:1029000035207B68002283F83420002318461037D6
:10291000BD4680BD80B483B000AF78607B6893F81B
:102920003530DBB2022B04D07B6880225A6501234C
:102930000CE07B68052283F835207B681B681A68E9
:102940007B681B6822F001021A60002318460C37CE
:10295000BD465DF8047B704780B586B000AF7860F7
:102960000023BB608E4B1B688E4AA2FB03239B0A8D
:102970007B617B689B6D3B613B691B68FB607B688F
:10298000DB6D08229A40FB681340002B1AD07B684D
:102990001B681B6803F00403002B13D07B681B68C3
:1029A0001A687B681B6822F004021A607B68DB6D82
:1029B00008229A403B699A607B685B6D43F0010294
:1029C0007B685A657B68DB6D01229A40FB68134087
:1029D000002B12D07B681B685B6903F08003002B1F
:1029E0000BD07B68DB6D01229A403B699A607B6863
:1029F0005B6D43F002027B685A657B68DB6D0422E5
:102A00009A40FB681340002B12D07B681B681B6840
:102A100003F00203002B0BD07B68DB6D04229A408D
:102A20003B699A607B685B6D43F004027B685A6582
:102A30007B68DB6D10229A40FB681340002B43D06B
:102A40007B681B681B6803F00803002B3CD07B6885
:102A5000DB6D10229A403B699A607B681B681B689B
:102A600003F48023002B18D07B681B681B6803F4D9
:102A70000023002B08D17B681B6C002B24D07B68C3
:102A80001B6C786898471FE07B689B6C002B1BD001
:102A90007B689B6C7868984716E07B681B681B68AE
:102AA00003F48073002B07D17B681B681A687B686E
:102AB0001B6822F008021A607B681B6C002B03D095
:102AC0007B681B6C786898477B68DB6D20229A4096
:102AD000FB681340002B00F08F807B681B681B682D
:102AE00003F01003002B00F087807B68DB6D202251
:102AF0009A403B699A607B6893F83530DBB2052BCE
:102B000036D17B681B681A687B681B6822F0160246
:102B10001A607B681B685A697B681B6822F0800218
:102B20005A617B681B6C002B03D17B689B6C002B6C
:102B300007D07B681B681A687B681B6822F0080254
:102B40001A607B68DB6D3F229A403B699A607B6824
:102B5000012283F835207B68002283F834207B68CB
:102B60001B6D002B7ED07B681B6D7868984779E0E1
:102B70007B681B681B6803F48023002B1DD07B68D7
:102B80001B681B6803F40023002B0DD17B685B6C72
:102B9000002B31D07B685B6C786898472CE000BFD5
:102BA00000000220B5814E1B7B68DB6B002B23D01D
:102BB0007B68DB6B786898471EE07B681B681B6846
:102BC00003F48073002B0FD17B681B681A687B6845
:102BD0001B6822F010021A607B68012283F83520FE
:102BE0007B68002283F834207B68DB6B002B03D0EA
:102BF0007B68DB6B786898477B685B6D002B32D015
:102C00007B685B6D03F00103002B22D07B680522FB
:102C100083F835207B681B681A687B681B6822F084
:102C200001021A60BB680133BB607A699A4207D31C
:102C30007B681B681B6803F00103002BF2D100E0E6
:102C400000BF7B68012283F835207B68002283F86F
:102C500034207B68DB6C002B05D07B68DB6C7868EC
:102C6000984700E000BF1837BD4680BD80B485B0EE
:102C700000AFF860B9607A603B60FB681B681A6857
:102C8000FB681B6822F480221A60FB681B683A68A4
:102C90005A60FB689B68402B08D1FB681B687A6808
:102CA0009A60FB681B68BA68DA6007E0FB681B681B
:102CB000BA689A60FB681B687A68DA6000BF1437EC
:102CC000BD465DF8047B704780B485B000AF786086
:102CD0007B681B68DBB2103B134AA2FB03231B0972
:102CE000FB60124AFB6813441B781A467B68DA655E
:102CF000FB68032B08D97B681B681A460C4B1340F2
:102D00001A1D7B689A6506E07B681B681A46084BAB
:102D100013407A6893657B689B6D18461437BD46EF
:102D20005DF8047B704700BFABAAAAAADCF10208D9
:102D300000FCFFFF80B485B000AF78600023FB7318
:102D40007B689B6ABB607B689B69002B1FD1BB685B
:102D5000032B56D801A252F823F000BF6D2D0008B6
:102D60007F2D00086D2D0008032E00087B68DB6AAC
:102D700003F08073002B46D00123FB7343E07B6894
:102D8000DB6AB3F1C07F40D10123FB733DE07B6878
:102D90009B69B3F5005F21D1BB68032B37D801A233
:102DA00052F823F0B52D0008BB2D0008B52D000802
:102DB000CD2D00080123FB7330E07B68DB6A03F054
:102DC0008073002B25D00123FB7322E07B68DB6A34
:102DD000B3F1C07F1FD10123FB731CE0BB68022B42
:102DE00003D9BB68032B03D018E00123FB7315E064
:102DF0007B68DB6A03F08073002B0ED00123FB732A
:102E00000BE000BF0AE000BF08E000BF06E000BF23
:102E100004E000BF02E000BF00E000BFFB7B1846FB
:102E20001437BD465DF8047B704700BF80B400AF27
:102E3000054B1B68044A43F48073136000BFBD4612
:102E40005DF8047B704700BF0070004080B582B021
:102E500000AF00237B60234B1B6C224A43F080535E
:102E60001364204B1B6C03F080533B603B681E4B8C
:102E70001B681D4A43F48033136000F0D7F9786073
:102E800009E000F0D3F902467B68D31AB3F57A7FE4
:102E900001D9032322E0144B5B6803F48033B3F5BC
:102EA000803FEED1104B1B680F4A43F40033136090
:102EB00000F0BCF9786009E000F0B8F902467B68E0
:102EC000D31AB3F57A7F01D9032307E0064B5B6879
:102ED00003F40033B3F5003FEED100231846083762
:102EE000BD4680BD003802400070004080B485B00F
:102EF00000AF78607B6803F00703FB600B4BDB6877
:102F0000BB60BA684FF6FF031340BB60FB681A0250
:102F1000BB681A43064B1343BB60044ABB68D360CB
:102F200000BF1437BD465DF8047B704700ED00E03C
:102F30000000FA0580B400AF044BDB681B0A03F005
:102F400007031846BD465DF8047B704700ED00E0BE
:102F500080B483B000AF0346FB7197F90730002BB4
:102F60000BDBFB7903F01F02074997F907305B0978
:102F7000012000FA02F241F8232000BF0C37BD46C1
:102F80005DF8047B704700BF00E100E080B483B0CF
:102F900000AF03463960FB7197F90730002B0ADB5D
:102FA0003B68DAB20C4997F907301201D2B20B44F0
:102FB00083F800230AE03B68DAB20849FB7903F0A2
:102FC0000F03043B1201D2B20B441A7600BF0C3738
:102FD000BD465DF8047B704700E100E000ED00E0D5
:102FE00080B489B000AFF860B9607A60FB6803F024
:102FF0000703FB61FB69C3F10703042B28BF04230C
:10300000BB61FB690433062B02D9FB69033B00E07B
:1030100000237B614FF0FF32BB6902FA03F3DA430E
:10302000BB681A407B699A404FF0FF317B6901FA17
:1030300003F3D9437B680B40134318462437BD463E
:103040005DF8047B7047000080B400AFBFF34F8F82
:1030500000BF064BDB6803F4E0620449044B1343F2
:10306000CB60BFF34F8F00BF00BFFDE700ED00E076
:103070000400FA0580B582B000AF78607868FFF789
:1030800035FF00BF0837BD4680BD80B586B000AFB4
:103090000346B9607A60FB7300237B61FFF74AFF48
:1030A00078617A68B9687869FFF79AFF024697F9FC
:1030B0000F3011461846FFF769FF00BF1837BD46AD
:1030C00080BD80B582B000AF0346FB7197F9073031
:1030D0001846FFF73DFF00BF0837BD4680BD80B5ED
:1030E00000AFFFF7B1FF000080B400AFBFF35F8F08
:1030F00000BF074B5B6A064A23F480335362054BDB
:1031000000225A6000BFBD465DF8047B704700BFD7
:1031100000ED00E090ED00E080B483B000AF786097
:103120000B4A7B6843F0010353600A4B5B6A094A10
:1031300043F480335362BFF34F8F00BFBFF36F8FF1
:1031400000BF00BF0C37BD465DF8047B704700BF71
:1031500090ED00E000ED00E080B483B000AF786057
:103160007B685A781B4B9A601A4B1B69194A23F0EB
:1031700001031361174A7B685B68D3607B681B7B24
:103180001A077B68DB7A1B061A437B689B7ADB0491
:103190001A437B685B7B9B041A437B689B7B5B04C5
:1031A0001A437B68DB7B1B041A437B685B7A1B0238
:1031B0001A437B681B7A5B0013437A6812781146C6
:1031C000044A0B43136100BF0C37BD465DF8047B16
:1031D000704700BF90ED00E080B500AF084B1B6862
:1031E000074A43F4007313600320FFF743FF0F20E7
:1031F00016F0A6FE16F07CFE0023184680BD00BF28
:10320000003C024080B400AF064B1B781A46064BC8
:103210001B681344044A136000BFBD465DF8047B7D
:10322000704700BF08000220E409022080B400AF0C
:10323000034B1B681846BD465DF8047B704700BF12
:10324000E409022080B584B000AF7860FFF7EEFF9C
:10325000B8607B68FB60FB68B3F1FF3F05D00A4BA9
:103260001B781A46FB681344FB6000BFFFF7DEFFC4
:103270000246BB68D31AFA689A42F7D800BF00BF6B
:103280001037BD4680BD00BF0800022080B400AFEB
:10329000034B1B681B0C1846BD465DF8047B70474A
:1032A000002004E080B584B000AF78607B68002B1C
:1032B00001D1012386E07B68D3F88430002B06D14E
:1032C0007B682022C3F88420786814F057FE3F4BB7
:1032D0005B6C3E4A43F4804353643C4B5B6C03F4A9
:1032E0008043BB60BB683A4B5B68394A23F40003F8
:1032F0005360374B5A687B689B68354913434B6072
:10330000334B5B687B681B6803F580531B687A68E6
:10331000126843F0010302F580521360FFF786FF45
:10332000F86011E0FFF782FF0246FB68D31AB3F59D
:10333000FA7F09D97B680422C3F888207B68E022E1
:10334000C3F8842001233DE07B681B6803F58053AC
:103350001B6803F00103002BE4D1786800F05CFFE8
:10336000786801F007F8786801F05DF87B685B68C1
:103370001A460021786800F0C5FF7B681B68DA6B8D
:103380007B681B6842F40272DA637B681B68D3F8BF
:103390000C117B681A680F4B0B43C2F80C317B6829
:1033A0001B68D3F810217B681B6842F40312C3F832
:1033B00010217B680022C3F888207B681022C3F8A4
:1033C0008420002318461037BD4680BD00380240D7
:1033D000003801406000020080B584B000AF786022
:1033E0007B68D3F88430102B5FD17B682022C3F830
:1033F00084207B6801229A657B680422DA667868FB
:1034000000F0F6F97B681B681B68FB600120FFF782
:1034100019FF7B681B68FA681A607B681B6803F5F4
:1034200080539B697A68126843F4005302F5805216
:1034300093617B681B6803F580539B697A68126807
:1034400043F0020302F580529361786800F080FD3A
:103450007B681B681A687B681B6842F008021A6068
:103460007B681B681B68FB600120FFF7EBFE7B6835
:103470001B68FA681A607B681B681A687B681B689F
:1034800042F004021A607B681B6803F58053D96917
:103490007B681A68074B0B4302F58052D3617B6847
:1034A0004022C3F88420002300E00123184610378F
:1034B000BD4680BDC1A0010080B586B000AF786078
:1034C0007B68D3F88430402B6ED17B682022C3F810
:1034D00084207B681B6803F58053D9697B681A6870
:1034E000344B0B4002F58052D3617B681B6803F5B7
:1034F00080539B697A68126823F4005302F5805266
:1035000093617B681B6803F580539B697A68126836
:1035100023F0020302F5805293617B681B681A68EE
:103520007B681B6822F004021A607B681B681B68BA
:103530003B610120FFF786FE7B681B683A691A60D1
:10354000786800F005FD7B681B681A687B681B685B
:1035500022F008021A607B681B681B683B6101202F
:10356000FFF770FE7B681B683A691A6000237B6175
:103570000EE07B687A69123253F82230FB60FB68F8
:103580005B6843F00042FB685A607B6901337B61F2
:103590007B69032BEDD97B6800229A657B6810223A
:1035A000C3F88420002300E0012318461837BD46E5
:1035B00080BD00BF3E5FFEFF80B582B000AF786087
:1035C00039603B68002B09D17B68D3F8883043F021
:1035D00001027B68C3F88820012345E07B68D3F8AB
:1035E0008430402B3FD13B685A6B7B68DA63012201
:1035F0003968786800F086FF0346002B09D07B68A5
:10360000D3F8883043F002027B68C3F88820012396
:103610002AE0BFF34F8F00BF7B689B6A5A1C7B6810
:103620009A627B689B6A032B04D97B689B6A1A1F8A
:103630007B689A627B681B6803F580535B6903F0C3
:103640000403002B0DD07B681B6803F580531A46DA
:10365000042353617B681B6803F580531A460023DB
:103660005360002300E0012318460837BD4680BDA3
:1036700080B588B000AF7860396000237B6100239B
:10368000FB743B68002B09D17B68D3F8883043F08A
:1036900001027B68C3F888200123A4E07B68D3F88B
:1036A0008430402B01D001239DE07B68DB6DFB6102
:1036B0007B68FA69123253F82230BB617B68DB6E9B
:1036C000C3F10403FB6066E0BB691B6803F480730D
:1036D000002B07D0BB69DA697B689A67BB699A6976
:1036E0007B685A67BB691B6803F40073002B03D126
:1036F0007B68DB6F002B3CD0BB691B6803F4007355
:10370000002B05D07B6800221A667B6800225A666F
:10371000BB691B681B0CC3F30D03BB60BB691B6853
:1037200003F48073002B05D0BB691A687B681A67A5
:103730000123FB74BB699A68BB691A627B6803F159
:103740007C007B6803F18001BB691B6A1A46BB6879
:103750009BB214F015FE7B681B6E5A1C7B681A66C0
:103760007B685A6EBB681A447B685A66BB69002244
:103770001A62FB690133FB61FB69032B02D9FB6908
:10378000043BFB617B68FA69123253F82230BB615B
:103790007B6901337B61BB691B68002B06DB7A699F
:1037A000FB689A4202D2FB7C002B8DD07B68DA6EDC
:1037B0007B691A447B68DA667B68DB6E002B02D07B
:1037C000786800F015F87B68FA69DA65FB7C012BF4
:1037D00008D17B68DA6F3B681A607B680022DA6781
:1037E000002300E0012318462037BD4680BD0000BD
:1037F00080B588B000AF78600023BB600123FB7404
:103800007B689B6EFB617B68FA69123253F8223049
:103810007B617B68DB6EBB6142E07B691B6A002BCE
:1038200012D107F10803184614F07AFDBB68002B8B
:1038300002D10023FB7407E0BB681A467B691A6259
:10384000BB681A467B699A60FB7C002B28D07B689A
:103850009B6D002B06D17B685A69264B13437A690E
:10386000536005E07B685B6943F480427B695A6082
:103870007B691B6843F000427B691A60FB69013376
:10388000FB61FB69032B02D9FB69043BFB617B688D
:10389000FA69123253F822307B61BB69013BBB618C
:1038A000BB69002B02D0FB7C002BB6D17B68DB6EA2
:1038B000BA699A421AD0FB69033303F00303FB6031
:1038C000BFF35F8F00BF7B681969FA6813469B00DE
:1038D0001344DB00CA187B681B6803F580539A60A9
:1038E0007B68FA699A667B68BA69DA6600BF203736
:1038F000BD4680BD0040008080B586B000AF7860D6
:103900007B681833BB60BB689B6A7B61BB68DB6A02
:103910003B610123FB7347E00123BB737B69013BE0
:103920007B61BA683B6904339B0013445B68002BDE
:103930000AD13B6901333B613B69032B02D93B69E7
:10394000043B3B610023BB73BB7B002B2CD07B680B
:10395000D9683A6913469B001344DB000B441B688B
:10396000002B1FDBBA683B6904339B0013445B6880
:10397000184614F047FDBA683B6904339B001344B2
:1039800000225A603B6901333B613B69032B02D93A
:103990003B69043B3B61BB687A699A62BB683A69E0
:1039A000DA6201E00023FB737B69002B02D0FB7B12
:1039B000002BB1D1002318461837BD4680BD00004A
:1039C00080B586B000AF78607B681B689B6B7B61BD
:1039D0007B681B6803F580535B693B617B681B68F0
:1039E00003F58053DB69FB604B4B5B69BB603B6954
:1039F00003F04003002B0ED0FB6803F04003002BC4
:103A000009D07B681B6803F580531A46434B53610A
:103A1000786813F09DFF3B6903F00103002B0FD082
:103A2000FB6803F00103002B0AD07B681B6803F5D9
:103A300080531A464FF001135361786813F098FFD2
:103A40003B6903F40043002B42D0FB6803F40043BE
:103A5000002B3DD07B68D3F8883043F008027B68A8
:103A6000C3F888203B6903F40053002B1AD07B680D
:103A70001B6803F580535A69294B13407A68C2F8D2
:103A80008C307B681B6803F58053DB697A681268A9
:103A900023F4C03302F58052D3617B68E022C3F87F
:103AA000842012E07B681B6803F580535A6948F252
:103AB000806313407A68C2F88C307B681B6803F51A
:103AC00080531A4648F280635361786813F060FFB0
:103AD0007B6903F00803002B0ED07B681B68DB6A50
:103AE00003F060027B68C3F89420786800F01AF84D
:103AF0007B680022C3F89420BB6803F40023002BEA
:103B000006D0054B4FF400225A61786800F014F893
:103B100000BF1837BD4680BD003C01404000010099
:103B200000207E0080B483B000AF786000BF0C3707
:103B3000BD465DF8047B704780B483B000AF786009
:103B400000BF0C37BD465DF8047B704780B586B07A
:103B500000AFF860B9607A603B60FB681B681B6966
:103B60007B617B6903F01C037B61BB68DB029BB25A
:103B70007A6913437B617B689B0103F4F8637A697C
:103B800013437B617B6923F002037B617B6943F014
:103B900001037B61FB681B687A691A61FFF746FBCA
:103BA00038610DE0FFF742FB02463B69D31AB3F5DB
:103BB000803F01D3012310E0FB681B681B697B6118
:103BC0007B6903F00103002BECD1FB681B685B6988
:103BD0009BB21A463B681A60002318461837BD4648
:103BE00080BD80B586B000AFF860B9607A603B6098
:103BF000FB681B681B697B617B6903F01C037B61AD
:103C0000BB68DB029BB27A6913437B617B689B01D3
:103C100003F4F8637A6913437B617B6943F0020321
:103C20007B617B6943F001037B613B689AB2FB686F
:103C30001B685A61FB681B687A691A61FFF7F6FA1C
:103C400038610DE0FFF7F2FA02463B69D31AB3F58B
:103C5000803F01D3012309E0FB681B681B697B617E
:103C60007B6903F00103002BECD1002318461837C1
:103C7000BD4680BD80B483B000AF786039603B68DA
:103C8000002B01D10123E6E07B681B681B6803F071
:103C90001003002B14BF01230023DBB21A463B683C
:103CA00083F828207B681B681B6803F060023B6870
:103CB0005A627B681B681B6803F40073002B0CBFFF
:103CC00001230023DBB21A463B6883F820207B687F
:103CD0001B681B6803F48033002B14BF01230023EF
:103CE000DBB21A463B68DA777B681B681B6803F413
:103CF0000053002B0CBF01230023DBB21A463B68A4
:103D00009A777B681B681B6803F48053002B14BFF1
:103D100001230023DBB21A463B681A777B681B68D5
:103D20001B6803F400623B689A617B681B681B6830
:103D300003F480423B685A617B681B681B6803F48C
:103D40008003002B0CBF01230023DBB21A463B6823
:103D50005A747B681B681B6803F40003002B0CBFBC
:103D600001230023DBB21A463B681A747B681B6888
:103D70001B6803F08003002B14BF01230023DBB278
:103D80001A463B68DA737B681B681B6803F4602281
:103D90003B689A607B681B681B6803F48063002B98
:103DA00014BF01230023DBB21A463B681A717B68FB
:103DB0001B681B6803F00073002B14BF0123002352
:103DC000DBB21A463B689A737B681B689B6903F0F9
:103DD0000203002B14BF01230023DBB21A463B6809
:103DE00083F854207B681B689B6903F08003002BD9
:103DF0000CBF01230023DBB21A463B6883F84C203A
:103E00007B681B689B6903F030023B681A657B681E
:103E10001B689B691B0C9AB23B689A647B681B68A1
:103E20009B6903F00403002B14BF01230023DBB2C2
:103E30001A463B6883F856207B681B689B6903F031
:103E40000803002B14BF01230023DBB21A463B6892
:103E500083F85520002318460C37BD465DF8047BD7
:103E6000704780B582B000AF786039603B68002B46
:103E700001D101230BE07B68D3F88430102B05D1EE
:103E80003968786800F08AF8002300E001231846BA
:103E90000837BD4680BD000080B584B000AF7860B3
:103EA0007B681B681B69FB60FB6823F01C03FB60DD
:103EB000FDF744FDB860BB68144A934204D8FB6820
:103EC00043F00803FB6019E0BB68114A934204D237
:103ED000FB6843F00C03FB6010E0BB680D4A9342A3
:103EE0000CD9BB680C4A934204D8FB6843F0040326
:103EF000FB6003E0FB6843F01003FB607B681B681A
:103F0000FA681A6100BF1037BD4680BDBF0E1602A9
:103F100000879303FFE0F5057FD1F00880B483B0FC
:103F200000AF78607B68D3F8883018460C37BD4600
:103F30005DF8047B704780B483B000AF78607B6825
:103F4000D3F88C3018460C37BD465DF8047B7047BB
:103F500080B584B000AF78600023FB607B681B688D
:103F600003F580539B697A68126843F4801302F565
:103F7000805293617B681B6803F580539B69FB60EB
:103F80000120FFF75FF97B681A68FB6802F5805231
:103F9000936100BF1037BD4680BD000080B584B07E
:103FA00000AF786039607B681B681B68FB60FA684B
:103FB000534B1340FB603B689B7B5B063A68127C6B
:103FC000002A02D14FF4000200E0002213433A68B5
:103FD000527C002A02D14FF4800200E000221A43F2
:103FE0003B689B681A433B68DB7F1B041A433B68B2
:103FF0005B6913433A68927F002A02D14FF4005262
:1040000000E000221A433B681B7F1B031A433B68F6
:104010009B691A433B681B799B0213433A6892F8E9
:104020002020002A02D14FF4007200E000221A433F
:104030003B68DB7BDB011A433B685B6A1A433B68E6
:1040400093F828301B011343FA681343FB607B6825
:104050001B68FA681A607B681B681B68FB6001209C
:10406000FFF7F0F87B681B68FA681A607B681B68CA
:104070009B69FB60FA684FF641731340FB603B6835
:104080009B6C1B043A6892F84C20002A01D18022D4
:1040900000E000221A433B681B6D13433A6892F814
:1040A0005520012A01D1082200E0002213433A687A
:1040B00092F85620012A01D1042200E00022134385
:1040C0003A6892F85420012A01D1022200E000222D
:1040D0001343FA681343FB607B681B68FA689A61B4
:1040E0007B681B689B69FB600120FFF7ABF87B686E
:1040F0001B68FA689A6100BF1037BD4680BD00BFDB
:104100000F8120FD80B584B000AF786039607B6896
:104110001B6803F580539B69FB60FA683D4B1340B5
:10412000FB603B681B7B002B02D14FF0806200E0FC
:1041300000223B685B7B5B0613433A68527F002A90
:1041400002D14FF4801200E000221A433B689B7BAF
:104150005B051A433B685B691A433B681B7FDB01C5
:104160001A433B689B7F9B011A433B681B6A1A43B7
:104170003B6893F824309B001343FA681343FB60B9
:104180007B681B6803F580531A46FB6893617B6864
:104190001B6803F580539B69FB600120FFF752F811
:1041A0007B681B6803F580531A46FB6893613B6884
:1041B0001B795A063B689B681A433B689B691A4304
:1041C0003B681B691A433B6893F82530DB011A43AF
:1041D0003B689B6A9B001A433B681B6813437A68E1
:1041E000126843F4000302F5805213607B681B6879
:1041F00003F580531B68FB600120FFF723F87B6801
:104200001B6803F580531A46FB68136000BF103724
:10421000BD4680BD233FDEF880B5A6B000AF786014
:10422000012387F84430012387F845300023FB63DE
:10423000002387F85330012387F85230002387F892
:104240005030012387F84230012387F838300023AB
:1042500087F85430002387F843300023BB650023E0
:1042600087F85C300023FB67002387F88030002349
:10427000C7F88430002387F88A30002387F8883015
:104280004FF48043BB644FF40063FB64002387F862
:10429000893007F1340319467868FFF77FFE012360
:1042A0003B7501237B75012387F825300123BB75FE
:1042B0000023FB61002387F82430002387F8263091
:1042C0000023BB62012387F82C3001233B734FF49A
:1042D00080333B614FF480033B624FF40053BB617A
:1042E000012387F82D3000233B630023BB6007F1D7
:1042F000080319467868FFF705FF00BF9837BD46E9
:1043000080BD000080B487B000AFF860B9607A600B
:104310007B6805331B781B027A68043212781343DA
:104320007B61BA68114B13441A467B6913607B6842
:1043300003331B781A067B6802331B781B041A436D
:104340007B6801331B781B0213437A68127813438E
:104350007B61BA68064B13441A467B69136000BF41
:104360001C37BD465DF8047B704700BF40800240AB
:104370004480024080B485B000AF78600023FB60C9
:104380003EE07B68D968FA6813469B001344DB0063
:104390000B44BB60BB6800221A60BB6800225A60F5
:1043A000BB6800229A60BB680022DA60B9687B684B
:1043B000FA68063243F82210BB681B6843F4801287
:1043C000BB681A60FB68022B0CD87B68D968FB6855
:1043D0005A1C13469B001344DB000B441A46BB686F
:1043E000DA6004E07B68DB681A46BB68DA60BB68A9
:1043F0001B6843F44002BB681A60FB680133FB6032
:10440000FB68032BBDD97B6800229A627B68DA685F
:104410007B681B6803F580531A6100BF1437BD46E3
:104420005DF8047B704780B485B000AF78600023EE
:10443000FB6048E07B681969FA6813469B001344E7
:10444000DB000B44BB60BB6800221A60BB68002223
:104450005A60BB6800229A60BB680022DA60BB68C1
:1044600000221A62BB6800225A62BB684FF0004209
:104470001A607B685B6943F48042BB685A60BB6822
:104480005B6823F00042BB685A60B9687B68FA68D1
:10449000123243F82210FB68022B0CD87B68196992
:1044A000FB685A1C13469B001344DB000B441A465E
:1044B000BB68DA6004E07B681B691A46BB68DA6097
:1044C000FB680133FB60FB68032BB3D97B680022D8
:1044D000DA657B6800221A667B6800229A667B6830
:1044E0000022DA667B6800229A657B681A697B681D
:1044F0001B6803F58053DA6000BF1437BD465DF8D2
:10450000047B704780B491B000AFF860B9607A6006
:10451000FB6818337B627B6A1B69FB637B6A1B69E0
:104520003B6200237B637B6AFA6B53F822303B6368
:10453000BB689B68FB620023BB623B6B1B6803F09C
:104540000043B3F1004F07D07A6AFB6B04339B0042
:1045500013445B68002B01D0022311E17B6B013314
:104560007B63FB6A1B681A463B6B9A603B6B5A681D
:10457000864B1340FA6A52681A433B6B5A60BB6819
:104580001B6803F00103002B08D03B6B1B6823F46E
:104590004002BB685B691A433B6B1A60BB681B68CF
:1045A00003F02003002B08D03B6B1B6823F0406214
:1045B000BB681B691A433B6B1A60BB681B6803F03E
:1045C0000403002B05D03B6B1B6843F080023B6B60
:1045D0001A603B6B1B6843F080523B6B1A6082E0B1
:1045E0003B6B1B6823F000523B6B1A607B68002B0F
:1045F00006D03B6B1B6843F080423B6B1A6005E0C2
:104600003B6B1B6823F080423B6B1A60FB6B0133F2
:10461000FB63FB6B032B02D9FB6B043BFB637B6AE5
:10462000FA6B53F822303B633B6B1B6803F000438B
:10463000B3F1004F07D07A6AFB6B04339B0013443D
:104640005B68002B29D03B6AFB637B6AFA6B53F8EB
:1046500022303B630023BB6319E0BFF35F8F00BFD1
:104660003B6B1B6823F000423B6B1A60FB6B013312
:10467000FB63FB6B032B02D9FB6B043BFB637B6A85
:10468000FA6B53F822303B63BB6B0133BB63BA6BED
:104690007B6B9A42E1D3022372E03B6B1B6823F0F1
:1046A00080523B6B1A607B6B01337B63FB6A9B68B8
:1046B000FB62FB6A1B681A463B6B9A603B6B5A684D
:1046C000324B1340FA6A52681A433B6B5A60BB6A1A
:1046D0000133BB62BFF35F8F00BF3B6B1B6843F0CE
:1046E00000423B6B1A60FB6A9B68002B7FF478AF3B
:1046F0007B68002B06D03B6B1B6843F080423B6B12
:104700001A6005E03B6B1B6823F080423B6B1A602C
:104710003B6B1B6843F000523B6B1A607B6A3A6A42
:1047200053F822303B63BFF35F8F00BF3B6B1B68C6
:1047300043F000423B6B1A607B6A5A6A796AFB6BF2
:1047400004339B000B445A607B6AFA6B1A61EFF3E7
:1047500010833B613B69FB6101237B617B6983F3D0
:10476000108800BF7B6A9A6ABB6A13445A1C7B6A32
:104770009A62FB69BB61BB6983F3108800BF0023A9
:1047800018464437BD465DF8047B704700E0FFFFE4
:1047900080B483B000AF78607B681B684AF6AA22B9
:1047A0001A60002318460C37BD465DF8047B70473D
:1047B00080B584B000AF78607B68002B01D1012305
:1047C00071E07B685B7FDBB2002B05D17B68002248
:1047D0001A77786814F014FB7B6802225A777B689A
:1047E0001B68DB6803F01003102B53D07B681B6839
:1047F000CA225A627B681B6853225A62786800F0AA
:104800004BFA0346FB73FB7B002B2AD17B681B68AA
:1048100099687B681A68264B0B4093607B681B681D
:1048200099687B685A687B681B691A437B685B6977
:104830001A437B681B680A439A607B681B687A6826
:10484000D2681A617B681B6819697B689B681A04C7
:104850007B681B680A431A61786800F054FA0346C3
:10486000FB73FB7B002B10D17B681B68DA6C7B68C9
:104870001B6822F00802DA647B681B68D96C7B68CD
:104880009A697B681B680A43DA647B681B68FF22AD
:104890005A6201E00023FB73FB7B002B02D17B6893
:1048A00001225A77FB7B18461037BD4680BD00BFFA
:1048B000BFFF8FFF90B587B000AFF860B9607A6036
:1048C00000237B61FB681B7F012B01D1022385E064
:1048D000FB6801221A77FB6802225A777B68002B5B
:1048E00026D1FB681B689B6803F04003002B02D1B4
:1048F000BB680022DA70BB681B78184600F028FA03
:1049000003461C04BB685B78184600F021FA034696
:104910001B021C43BB689B78184600F019FA03463B
:1049200044EA0302BB68DB789B0513437B6118E014
:10493000FB681B689B6803F04003002B02D1BB6837
:104940000022DA70BB681B781A04BB685B781B0214
:104950001343BA6892781A43BB68DB789B0513430C
:104960007B61FB681B68CA225A62FB681B68532282
:104970005A62F86800F090F90346FB74FB7C002B48
:104980001ED1FB681A687969164B0B401360FB68EF
:104990001B689A68FB681B6822F480229A60FB6897
:1049A0001B689968BB68DA68BB681B691A43FB68B7
:1049B0001B680A439A60F86800F0A5F90346FB7487
:1049C000FB7C002B02D1FB6801225A77FB681B6835
:1049D000FF225A62FB6800221A77FB7C18461C37BC
:1049E000BD4690BD7F7F7F0080B586B000AFF86088
:1049F000B9607A6000237B61FB681B689A6ABB68B8
:104A00005A60FB681B681B69C3F30E02BB689A609F
:104A1000FB681B681A68224B13407B617B691B0C87
:104A2000DBB203F03F03DAB2BB681A707B691B0A82
:104A3000DBB203F07F03DAB2BB685A707B69DBB28A
:104A400003F07F03DAB2BB689A707B699B0DDBB21F
:104A500003F00103DAB2BB68DA707B68002B1AD16D
:104A6000BB681B78184600F091F903461A46BB68EC
:104A70001A70BB685B78184600F088F903461A463E
:104A8000BB685A70BB689B78184600F07FF90346F4
:104A90001A46BB689A70002318461837BD4680BD79
:104AA0007F7F7F0090B587B000AFF860B9607A6013
:104AB00000237B61FB681B7F012B01D102236FE088
:104AC000FB6801221A77FB6802225A777B68002B69
:104AD0000ED1BB685B7803F01003002B08D0BB68D5
:104AE0005B7823F01003DBB20A33DAB2BB685A708A
:104AF0007B68002B1CD1BB68DB78184600F028F9D6
:104B000003461C04BB685B78184600F021F9034695
:104B10001B021C43BB689B78184600F019F903463A
:104B200044EA0302BB681B785B0313437B610EE01E
:104B3000BB68DB781A04BB685B781B021343BA6856
:104B400092781A43BB681B785B0313437B61FB6855
:104B50001B68CA225A62FB681B6853225A62F868B3
:104B600000F09AF80346FB74FB7C002B0AD1FB682B
:104B70001A6879690C4B0B405360F86800F0C3F871
:104B80000346FB74FB7C002B02D1FB6801225A77A1
:104B9000FB681B68FF225A62FB6800221A77FB7CC5
:104BA00018461C37BD4690BD3FFFFF0080B586B05C
:104BB00000AFF860B9607A6000237B61FB681B6816
:104BC0005A68214B13407B617B691B0CDAB2BB68CE
:104BD000DA707B691B0ADBB203F01F03DAB2BB6831
:104BE0005A707B69DBB203F03F03DAB2BB689A709C
:104BF0007B695B0BDBB203F00703DAB2BB681A70A8
:104C00007B68002B1AD1BB68DB78184600F0BEF831
:104C100003461A46BB68DA70BB685B78184600F03A
:104C2000B5F803461A46BB685A70BB689B781846AD
:104C300000F0ACF803461A46BB689A700023184689
:104C40001837BD4680BD00BF3FFFFF0080B584B070
:104C500000AF78600023FB607B681B680D4ADA6058
:104C6000FEF7E4FAF86009E0FEF7E0FA0246FB68B6
:104C7000D31AB3F57A7F01D9032307E07B681B6859
:104C8000DB6803F02003002BEED00023184610371A
:104C9000BD4680BD5FFF010080B584B000AF786085
:104CA0000023BB600023FB737B681B68DB6803F099
:104CB0004003002B22D17B681B68DA687B681B6885
:104CC00042F08002DA60FEF7B1FAB8600CE0FEF75D
:104CD000ADFA0246BB68D31AB3F57A7F04D97B6874
:104CE00004225A770123FB737B681B68DB6803F09F
:104CF0004003002B02D1FB7B012BE8D1FB7B184644
:104D00001037BD4680BD80B584B000AF7860002309
:104D1000FB737B681B68DA687B681B6822F0800283
:104D2000DA607B681B689B6803F02003002B0AD1C4
:104D30007868FFF78BFF0346002B04D07B680422C2
:104D40005A770123FB73FB7B18461037BD4680BDA5
:104D500080B485B000AF0346FB710023FB6005E023
:104D6000FB680133FB60FB790A3BFB71FB79092B84
:104D7000F6D8FB68DBB21B01DAB2FB791343DBB276
:104D800018461437BD465DF8047B704780B485B083
:104D900000AF0346FB710023FB60FB791B09DBB20C
:104DA0001A4613469B0013445B00FB60FB68DAB2B3
:104DB000FB7903F00F03DBB21344DBB21846143760
:104DC000BD465DF8047B704780B483B000AF786067
:104DD0007B681B7F012B01D1022320E07B6801222D
:104DE0001A777B6802225A777B681B68CA225A624C
:104DF0007B681B6853225A627B681B689A687B68D1
:104E00001B6842F020029A607B681B68FF225A628E
:104E10007B6801225A777B6800221A7700231846A4
:104E20000C37BD465DF8047B704780B582B000AF9B
:104E300078607B68002B01D1012340E07B68DB6F49
:104E4000002B06D17B68002283F87820786814F064
:104E500085F97B682422DA677B681B681A687B689F
:104E60001B6822F001021A607B685B6A002B02D08B
:104E7000786800F049FE786800F0E2FB0346012BF9
:104E800001D101231BE07B681B685A687B681B68A3
:104E900022F490425A607B681B689A687B681B68A2
:104EA00022F02A029A607B681B681A687B681B687C
:104EB00042F001021A60786800F0C8FE0346184606
:104EC0000837BD4680BD80B58AB002AFF860B960D2
:104ED0003B601346FB80FB68DB6F202B77D1BB6800
:104EE000002B02D0FB88002B01D1012370E0FB686E
:104EF0000022C3F88420FB682122DA67FEF796F9C6
:104F00007861FB68FA88A3F85020FB68FA88A3F858
:104F10005220FB689B68B3F5805F08D1FB681B6972
:104F2000002B04D10023FB61BB68BB6103E0BB68BD
:104F3000FB610023BB612FE03B6800937B6900228B
:104F40008021F86800F02AFF0346002B04D0FB689C
:104F50002022DA6703233BE0FB69002B0BD1BB69FE
:104F60001B881A46FB681B68C2F308029A62BB6979
:104F70000233BB6107E0FB691A78FB681B689A6221
:104F8000FB690133FB61FB68B3F852309BB2013B14
:104F90009AB2FB68A3F85220FB68B3F852309BB278
:104FA000002BC9D13B6800937B6900224021F8683F
:104FB00000F0F4FE0346002B04D0FB682022DA67E1
:104FC000032305E0FB682022DA67002300E00223C8
:104FD00018462037BD4680BD80B5BAB000AF7860B6
:104FE0007B681B68DB69C7F8E4307B681B681B685B
:104FF000C7F8E0307B681B689B68C7F8DC30D7F8DF
:10500000E42040F60F031340C7F8D830D7F8D83063
:10501000002B15D1D7F8E43003F02003002B0FD07C
:10502000D7F8E03003F02003002B09D07B689B6E9B
:10503000002B00F0C6827B689B6E78689847C0E2C0
:10504000D7F8D830002B00F01781D7F8DC3003F008
:105050000103002B06D1D7F8E020854B1340002B2D
:1050600000F00A81D7F8E43003F00103002B11D0DF
:10507000D7F8E03003F48073002B0BD07B681B68FB
:1050800001221A627B68D3F8843043F001027B6806
:10509000C3F88420D7F8E43003F00203002B11D0CA
:1050A000D7F8DC3003F00103002B0BD07B681B68C2
:1050B00002221A627B68D3F8843043F004027B68D2
:1050C000C3F88420D7F8E43003F00403002B11D098
:1050D000D7F8DC3003F00103002B0BD07B681B6892
:1050E00004221A627B68D3F8843043F002027B68A2
:1050F000C3F88420D7F8E43003F00803002B17D05E
:10510000D7F8E03003F02003002B05D1D7F8DC30CE
:1051100003F00103002B0BD07B681B6808221A6286
:105120007B68D3F8843043F008027B68C3F884209E
:10513000D7F8E43003F40063002B12D0D7F8E03046
:1051400003F08063002B0CD07B681B684FF4006277
:105150001A627B68D3F8843043F020027B68C3F87E
:1051600084207B68D3F88430002B00F02C82D7F8A1
:10517000E43003F02003002B0DD0D7F8E03003F02B
:105180002003002B07D07B689B6E002B03D07B682D
:105190009B6E786898477B68D3F88430C7F8D43022
:1051A0007B681B689B6803F04003402B05D0D7F851
:1051B000D43003F02803002B4FD0786800F0E8FFCC
:1051C0007B681B689B6803F04003402B41D17B68E0
:1051D0001B680833C7F89C30D7F89C3053E8003F71
:1051E000C7F89830D7F8983023F04003C7F8D0308C
:1051F0007B681B680833D7F8D020C7F8A820C7F809
:10520000A430D7F8A410D7F8A82041E80023C7F8A5
:10521000A030D7F8A030002BD9D17B685B6F002B72
:1052200013D07B685B6F134A1A657B685B6F184607
:10523000FDF770FB0346002B17D07B685B6F1B6D7F
:105240007A68526F104698470FE0786800F0E4F9EA
:105250000BE0786800F0E0F907E0786800F0DCF92E
:105260007B680022C3F88420ADE100BFABE100BF42
:1052700020010004A76400087B681B6E012B40F02E
:105280006681D7F8E43003F01003002B00F05F8153
:10529000D7F8E03003F01003002B00F058817B6852
:1052A0001B6810221A627B681B689B6803F040032E
:1052B000402B40F0D0807B685B6F1B685B68A7F871
:1052C000BE30B7F8BE30002B00F0AB807B68B3F87F
:1052D0005830B7F8BE209A4280F0A3807B68B7F8B8
:1052E000BE20A3F85A207B685B6FDB69B3F5807F33
:1052F00000F086807B681B68C7F88830D7F8883054
:1053000053E8003FC7F88430D7F8843023F4807323
:10531000C7F8B8307B681B681A46D7F8B830C7F8AA
:105320009430C7F89020D7F89010D7F8942041E82F
:105330000023C7F88C30D7F88C30002BDAD17B688B
:105340001B6808337B677B6F53E8003F3B673B6F0D
:1053500023F00103C7F8B4307B681B680833D7F823
:10536000B420C7F88020FB67F96FD7F8802041E8A8
:105370000023BB67BB6F002BE1D17B681B68083340
:105380003B663B6E53E8003FFB65FB6D23F040033B
:10539000C7F8B0307B681B680833D7F8B020FA66CE
:1053A000BB66B96EFA6E41E800237B667B6E002B0C
:1053B000E3D17B682022C3F880207B6800221A6634
:1053C0007B681B68FB64FB6C53E8003FBB64BB6CF1
:1053D00023F01003C7F8AC307B681B681A46D7F877
:1053E000AC30BB657A65796DBA6D41E800233B65E9
:1053F0003B6D002BE4D17B685B6F1846FDF71AFA12
:105400007B6802225A667B68B3F858207B68B3F841
:105410005A309BB2D31A9BB2194678681AF094FF9F
:10542000D3E07B68B3F85830B7F8BE209A4240F01A
:10543000CC807B685B6FDB69B3F5807F40F0C58013
:105440007B6802225A667B68B3F858301946786840
:105450001AF07AFFB9E07B68B3F858207B68B3F89C
:105460005A309BB2D31AA7F8CE307B68B3F85A30C3
:105470009BB2002B00F0AB80B7F8CE30002B00F0D1
:10548000A6807B681B68BB63BB6B53E8003F7B63F4
:105490007B6B23F49073C7F8C8307B681B681A468F
:1054A000D7F8C8307B643A64396C7A6C41E80023E1
:1054B000FB63FB6B002BE4D17B681B6808337B62CA
:1054C0007B6A53E8003F3B623B6A23F00103C7F865
:1054D000C4307B681B680833D7F8C4203A63FB628A
:1054E000F96A3A6B41E80023BB62BB6A002BE3D147
:1054F0007B682022C3F880207B6800221A667B68C4
:1055000000229A667B681B683B613B6953E8003F59
:10551000FB60FB6823F01003C7F8C0307B681B6892
:105520001A46D7F8C030FB61BA61B969FA6941E837
:1055300000237B617B69002BE4D17B6802225A66E1
:10554000B7F8CE30194678681AF0FEFE3FE0D7F87B
:10555000E43003F48013002B0ED0D7F8DC3003F4D2
:105560008003002B08D07B681B684FF480121A62FE
:10557000786800F05BF82DE0D7F8E43003F08003A2
:10558000002B0ED0D7F8E03003F08003002B08D0BA
:105590007B68DB6E002B1CD07B68DB6E78689847DD
:1055A00017E0D7F8E43003F04003002B12D0D7F80F
:1055B000E03003F04003002B0CD0786800F085FF4A
:1055C00008E000BF06E000BF04E000BF02E000BF4B
:1055D00000E000BFE837BD4680BD00BF80B483B0A7
:1055E00000AF786000BF0C37BD465DF8047B7047A4
:1055F00080B483B000AF786000BF0C37BD465DF863
:10560000047B704780B483B000AF786000BF0C3774
:10561000BD465DF8047B704780B483B000AF78600E
:1056200000BF0C37BD465DF8047B704780B483B083
:1056300000AF786000BF0C37BD465DF8047B704753
:1056400080B588B000AF78600023BB777B689A682C
:105650007B681B691A437B685B691A437B68DB695B
:1056600013437B617B681B681A68A64B13407A68FA
:10567000126879690B4313607B681B685B6823F4CD
:1056800040517B68DA687B681B680A435A607B6814
:105690009B697B617B681B6A7A6913437B617B68CA
:1056A0001B689B6823F430617B681B687A690A4336
:1056B0009A607B681B68944A934220D1934BD3F83D
:1056C000903003F00303032B16D801A252F823F005
:1056D000E1560008ED560008E7560008F3560008AA
:1056E0000123FB7750E10223FB774DE10423FB7795
:1056F0004AE10823FB7747E11023FB7744E17B680D
:105700001B68834A934232D1804BD3F8903003F028
:105710000C030C2B28D801A252F823F05157000893
:105720006957000869570008695700085D57000865
:10573000695700086957000869570008575700085B
:10574000695700086957000869570008635700083F
:105750000023FB7718E10223FB7715E10423FB7795
:1057600012E10823FB770FE11023FB770CE17B6844
:105770001B68684A934220D1644BD3F8903003F001
:105780003003302B13D0302B14D8202B09D0202BF2
:1057900010D8002B02D0102B06D00BE00023FB7793
:1057A000F2E00223FB77EFE00423FB77ECE0082331
:1057B000FB77E9E01023FB77E6E07B681B68564A3D
:1057C000934220D1514BD3F8903003F0C003C02B4B
:1057D00013D0C02B14D8802B09D0802B10D8002BCD
:1057E00002D0402B06D00BE00023FB77CCE0022355
:1057F000FB77C9E00423FB77C6E00823FB77C3E00F
:105800001023FB77C0E07B681B68444A934225D194
:105810003E4BD3F8903003F44073B3F5407F17D07C
:10582000B3F5407F17D8B3F5007F0BD0B3F5007FF9
:1058300011D8002B03D0B3F5807F06D00BE00023F6
:10584000FB77A1E00223FB779EE00423FB779BE03C
:105850000823FB7798E01023FB7795E07B681B68B3
:105860002F4A934225D1294BD3F8903003F440635B
:10587000B3F5406F17D0B3F5406F17D8B3F5006F8D
:105880000BD0B3F5006F11D8002B03D0B3F5806FA8
:1058900006D00BE00123FB7776E00223FB7773E071
:1058A0000423FB7770E00823FB776DE01023FB7780
:1058B0006AE07B681B681B4A934238D1134BD3F8CC
:1058C000903003F44053B3F5405F17D0B3F5405F19
:1058D0002AD8B3F5005F0BD0B3F5005F24D8002BB6
:1058E00003D0B3F5805F06D01EE00023FB774BE0CA
:1058F0000223FB7748E00423FB7745E00823FB778E
:1059000042E000BFF369FFEF0010014000380240A1
:105910000044004000480040004C0040005000405F
:1059200000140140007800401023FB772CE07B68D6
:105930001B68724A934225D1714BD3F8903003F41F
:105940004043B3F5404F17D0B3F5404F17D8B3F5E8
:10595000004F0BD0B3F5004F11D8002B03D0B3F597
:10596000804F06D00BE00023FB770DE00223FB778E
:105970000AE00423FB7707E00823FB7704E0102309
:10598000FB7701E01023FB777B68DB69B3F5004F01
:105990005BD1FB7F082B28D801A252F823F000BF6F
:1059A000C5590008CD590008D5590008EB59000821
:1059B000DB590008EB590008EB590008EB590008C7
:1059C000E3590008FBF7C6FFB86113E0FBF7D6FF09
:1059D000B8610FE04B4BBB610CE0FBF7EBFEB8612D
:1059E00008E04FF40043BB6104E00023BB610123E6
:1059F000BB7700BFBB69002B74D0BB695A007B68C2
:105A00005B685B081A447B685B68B2FBF3F33B613D
:105A10003B690F2B16D93B69B3F5803F12D23B6926
:105A20009BB223F00F03FB813B695B089BB203F041
:105A300007039AB2FB891343FB817B681B68FA89D1
:105A4000DA604FE00123BB774CE0FB7F082B28D8BE
:105A500001A252F823F000BF7D5A0008855A0008C1
:105A60008D5A0008A35A0008935A0008A35A000848
:105A7000A35A0008A35A00089B5A0008FBF76AFFC4
:105A8000B86113E0FBF77AFFB8610FE01D4BBB6113
:105A90000CE0FBF78FFEB86108E04FF40043BB61F8
:105AA00004E00023BB610123BB7700BFBB69002B6F
:105AB00018D07B685B685A08BB691A447B685B68CE
:105AC000B2FBF3F33B613B690F2B09D93B69B3F59B
:105AD000803F05D23B699AB27B681B68DA6001E0BF
:105AE0000123BB777B6800229A667B680022DA6616
:105AF000BB7F18462037BD4680BD00BF007C0040FC
:105B0000003802400024F40080B483B000AF786015
:105B10007B685B6A03F00803002B0AD07B681B6874
:105B20005B6823F400417B685A6B7B681B680A43FF
:105B30005A607B685B6A03F00103002B0AD07B6824
:105B40001B685B6823F400317B689A6A7B681B687A
:105B50000A435A607B685B6A03F00203002B0AD099
:105B60007B681B685B6823F480317B68DA6A7B683A
:105B70001B680A435A607B685B6A03F00403002BCE
:105B80000AD07B681B685B6823F480217B681A6BF2
:105B90007B681B680A435A607B685B6A03F01003EA
:105BA000002B0AD07B681B689B6823F480517B68BC
:105BB0009A6B7B681B680A439A607B685B6A03F098
:105BC0002003002B0AD07B681B689B6823F40051DC
:105BD0007B68DA6B7B681B680A439A607B685B6A48
:105BE00003F04003002B1AD07B681B685B6823F42A
:105BF00080117B681A6C7B681B680A435A607B685B
:105C00001B6CB3F5801F0AD17B681B685B6823F4AB
:105C1000C0017B685A6C7B681B680A435A607B68CA
:105C20005B6A03F08003002B0AD07B681B685B680B
:105C300023F400217B689A6C7B681B680A435A60D6
:105C400000BF0C37BD465DF8047B704780B598B047
:105C500002AF78607B680022C3F88420FDF7E6FA83
:105C600078657B681B681B6803F00803082B2ED13E
:105C70006FF07E4300937B6D00224FF40011786833
:105C800000F08CF80346002B21D07B681B68BB63B7
:105C9000BB6B53E8003F7B637B6B23F080033B656A
:105CA0007B681B681A463B6D7B643A64396C7A6C7E
:105CB00041E80023FB63FB6B002BE6D17B682022CD
:105CC000DA677B68002283F87820032362E07B6830
:105CD0001B681B6803F00403042B49D16FF07E435B
:105CE00000937B6D00224FF48001786800F056F835
:105CF0000346002B3CD07B681B687B627B6A53E8C1
:105D0000003F3B623B6A23F49073FB647B681B6833
:105D10001A46FB6C3B63FA62F96A3A6B41E800236E
:105D2000BB62BB6A002BE6D17B681B6808333B6112
:105D30003B6953E8003FFB60FB6823F00103BB6451
:105D40007B681B680833BA6CFA61BB61B969FA6990
:105D500041E800237B617B69002BE5D17B68202231
:105D6000C3F880207B68002283F87820032311E0A9
:105D70007B682022DA677B682022C3F880207B685A
:105D800000221A667B6800225A667B68002283F82C
:105D90007820002318465837BD4680BD80B584B0B2
:105DA00000AFF860B9603B601346FB714FE0BB6920
:105DB000B3F1FF3F4BD0FDF739FA02463B68D31AE7
:105DC000BA699A4202D3BB69002B01D103234EE08A
:105DD000FB681B681B6803F00403002B37D0BB680B
:105DE000802B34D0BB68402B31D0FB681B68DB694B
:105DF00003F00803082B10D1FB681B6808221A6205
:105E0000F86800F0C5F9FB680822C3F88420FB6835
:105E1000002283F87820012329E0FB681B68DB69F6
:105E200003F40063B3F5006F11D1FB681B684FF4F6
:105E300000621A62F86800F0ABF9FB682022C3F830
:105E40008420FB68002283F8782003230FE0FB689E
:105E50001B68DA69BB681340BA689A420CBF012319
:105E60000023DBB21A46FB799A42A0D000231846E1
:105E70001037BD4680BD000080B497B000AFF86019
:105E8000B9601346FB80FB68BA685A65FB68FA88FC
:105E9000A3F85820FB68FA88A3F85A20FB68002270
:105EA0009A66FB689B68B3F5805F0ED1FB681B693F
:105EB000002B05D1FB6840F2FF12A3F85C202DE017
:105EC000FB68FF22A3F85C2028E0FB689B68002B9E
:105ED0000DD1FB681B69002B04D1FB68FF22A3F8DE
:105EE0005C201BE0FB687F22A3F85C2016E0FB68C7
:105EF0009B68B3F1805F0DD1FB681B69002B04D157
:105F0000FB687F22A3F85C2008E0FB683F22A3F82F
:105F10005C2003E0FB680022A3F85C20FB68002201
:105F2000C3F88420FB682222C3F88020FB681B682A
:105F30000833FB63FB6B53E8003FBB63BB6B43F071
:105F400001037B65FB681B6808337A6DBA647B6468
:105F5000796CBA6C41E800233B643B6C002BE5D1C3
:105F6000FB689B68B3F5805F07D1FB681B69002B5A
:105F700003D1FB68214A9A6602E0FB68204A9A66D0
:105F8000FB681B69002B19D0FB681B68BB62BB6AEE
:105F900053E8003F7B627B6A43F49073FB64FB68C9
:105FA0001B681A46FB6C7B633A63396B7A6B41E87A
:105FB0000023FB62FB6A002BE6D118E0FB681B683C
:105FC0007B617B6953E8003F3B613B6943F0200301
:105FD0003B65FB681B681A463B6D3B62FA61F969D9
:105FE0003A6A41E80023BB61BB69002BE6D100237C
:105FF00018465C37BD465DF8047B7047C7660008ED
:106000001F65000880B596B000AFF860B960134610
:10601000FB80FB68BA685A65FB68FA88A3F85820C9
:10602000FB680022C3F88420FB682222C3F880208A
:10603000FB685B6F002B28D0FB685B6F3E4ADA631E
:10604000FB685B6F3D4A1A64FB685B6F3C4ADA642D
:10605000FB685B6F00221A65FB68586FFB681B6862
:1060600024331946FB685B6D1A46FB88FCF782FBFC
:106070000346002B09D0FB681022C3F88420FB687C
:106080002022C3F88020012351E0FB681B69002B0C
:1060900018D0FB681B68FB63FB6B53E8003FBB63D6
:1060A000BB6B43F480737B65FB681B681A467B6D92
:1060B000BB647A64796CBA6C41E800233B643B6C46
:1060C000002BE6D1FB681B680833BB62BB6A53E850
:1060D000003F7B627B6A43F001033B65FB681B6802
:1060E00008333A6D7A633B63396B7A6B41E800237E
:1060F000FB62FB6A002BE5D1FB681B6808337B6100
:106100007B6953E8003F3B613B6943F04003FB641C
:10611000FB681B680833FA6C3A62FB61F9693A6AFA
:1061200041E80023BB61BB69002BE5D10023184681
:106130005837BD4680BD00BF59620008B7630008EC
:106140002964000880B489B000AF78607B681B6860
:10615000FB60FB6853E8003FBB60BB6823F0C003F3
:10616000FB617B681B681A46FB69BB617A617969D0
:10617000BA6941E800233B613B69002BE6D17B68AB
:106180002022DA6700BF2437BD465DF8047B7047E4
:1061900080B495B000AF78607B681B687B637B6BD5
:1061A00053E8003F3B633B6B23F49073FB647B68D5
:1061B0001B681A46FB6C3B64FA63F96B3A6C41E866
:1061C0000023BB63BB6B002BE6D17B681B680833E5
:1061D0003B623B6A53E8003FFB61FB6923F001032C
:1061E000BB647B681B680833BA6CFA62BB62B96A2D
:1061F000FA6A41E800237B627B6A002BE5D17B6869
:106200001B6E012B18D17B681B68FB60FB6853E891
:10621000003FBB60BB6823F010037B647B681B6896
:106220001A467B6CBB617A617969BA6941E80023DF
:106230003B613B69002BE6D17B682022C3F88020BC
:106240007B6800221A667B6800229A6600BF54377A
:10625000BD465DF8047B704780B59CB000AF7860A8
:106260007B689B6BFB667B68DB69B3F5807F71D0D5
:10627000FB6E0022A3F85A20FB6E1B68BB64BB6C4C
:1062800053E8003F7B647B6C23F48073BB66FB6E3A
:106290001B681A46BB6E7B653A65396D7A6D41E8BD
:1062A0000023FB64FB6C002BE6D1FB6E1B680833FC
:1062B0007B637B6B53E8003F3B633B6B23F0010345
:1062C0007B66FB6E1B6808337A6E3A64FB63F96B7E
:1062D0003A6C41E80023BB63BB6B002BE5D1FB6E3E
:1062E0001B6808333B623B6A53E8003FFB61FB6974
:1062F00023F040033B66FB6E1B6808333A6EFA627C
:10630000BB62B96AFA6A41E800237B627B6A002BB0
:10631000E5D1FB6E2022C3F88020FB6E1B6E012BA3
:1063200018D1FB6E1B68FB60FB6853E8003FBB6045
:10633000BB6823F01003FB65FB6E1B681A46FB6D00
:10634000BB617A617969BA6941E800233B613B69C5
:10635000002BE6D1FB6E00225A66FB6E1B6E012BF2
:1063600022D1FB6E0022A3F85A207B681B685B6871
:10637000A7F85A30FB6EB3F85830B7F85A209A4253
:1063800004D2FB6EB7F85A20A3F85A20FB6EB3F87C
:106390005820FB6EB3F85A309BB2D31A9BB2194601
:1063A000F86E19F0D1FF02E0F86EFFF721F900BF97
:1063B0007037BD4680BD80B584B000AF78607B6823
:1063C0009B6BFB60FB6801225A66FB681B6E012B0E
:1063D00023D1FB68B3F858305B089AB2FB68A3F886
:1063E0005A207B681B685B687B81FB68B3F8583078
:1063F0007A899A4203D8FB687A89A3F85A20FB6805
:10640000B3F85820FB68B3F85A309BB2D31A9BB24A
:106410001946F86819F098FF02E0F868FFF7F2F8FB
:1064200000BF1037BD4680BD80B586B000AF786034
:106430007B689B6B7B617B69DB6F3B617B69D3F81E
:106440008030FB607B691B689B6803F08003802BB6
:1064500009D13B69212B06D17B690022A3F8522088
:106460007869FFF76FFE7B691B689B6803F0400348
:10647000402B09D1FB68222B06D17B690022A3F8AF
:106480005A207869FFF784FE7B69D3F8843043F0A3
:1064900010027B69C3F884207869FFF7BDF800BF5C
:1064A0001837BD4680BD80B584B000AF78607B688A
:1064B0009B6BFB60FB680022A3F85A20F868FFF78B
:1064C000ABF800BF1037BD4680BD80B588B000AFC7
:1064D00078607B681B68FB60FB6853E8003FBB602B
:1064E000BB6823F04003FB617B681B681A46FB69AD
:1064F000BB617A617969BA6941E800233B613B6914
:10650000002BE6D17B682022DA677B680022DA66FE
:106510007868FFF763F800BF2037BD4680BD80B5BF
:106520009CB000AF78607B68B3F85C30A7F86E3041
:106530007B68D3F88030222B40F0B9807B681B68E1
:106540005B6AA7F86C30B7F86C30D9B2B7F86E3028
:10655000DAB27B685B6D0A40D2B21A707B685B6D01
:106560005A1C7B685A657B68B3F85A309BB2013B72
:106570009AB27B68A3F85A207B68B3F85A309BB272
:10658000002B40F09C807B681B68FB64FB6C53E82D
:10659000003FBB64BB6C23F49073BB667B681B68D5
:1065A0001A46BB6EBB657A65796DBA6D41E800230A
:1065B0003B653B6D002BE6D17B681B680833BB63F2
:1065C000BB6B53E8003F7B637B6B23F001037B666F
:1065D0007B681B6808337A6E7A643B64396C7A6C2A
:1065E00041E80023FB63FB6B002BE5D17B68202295
:1065F000C3F880207B6800229A667B6800225A6676
:106600007B681B685B6803F40003002B18D07B6871
:106610001B687B627B6A53E8003F3B623B6A23F066
:1066200080633B667B681B681A463B6E3B63FA627D
:10663000F96A3A6B41E80023BB62BB6A002BE6D1E2
:106640007B681B6E012B2ED17B6800221A667B684B
:106650001B683B613B6953E8003FFB60FB6823F02C
:106660001003FB657B681B681A46FB6DFB61BA6112
:10667000B969FA6941E800237B617B69002BE6D1A7
:106680007B681B68DB6903F01003102B03D17B6868
:106690001B6810221A627B68B3F858301946786874
:1066A00019F052FE0BE07868FEF7A2FF07E07B6866
:1066B0001B689A697B681B6842F008029A6100BFF8
:1066C0007037BD4680BD80B59CB000AF78607B68F8
:1066D000B3F85C30A7F86E307B68D3F88030222B9B
:1066E00040F0B9807B681B685B6AA7F86C307B68F8
:1066F0005B6DBB66B7F86C20B7F86E3013409AB28A
:10670000BB6E1A807B685B6D9A1C7B685A657B68E0
:10671000B3F85A309BB2013B9AB27B68A3F85A2077
:106720007B68B3F85A309BB2002B40F09C807B68AA
:106730001B68BB64BB6C53E8003F7B647B6C23F439
:1067400090737B667B681B681A467B6E7B653A6537
:10675000396D7A6D41E80023FB64FB6C002BE6D1B8
:106760007B681B6808337B637B6B53E8003F3B63AC
:106770003B6B23F001033B667B681B6808333A6E72
:106780003A64FB63F96B3A6C41E80023BB63BB6B73
:10679000002BE5D17B682022C3F880207B68002293
:1067A0009A667B6800225A667B681B685B6803F404
:1067B0000003002B18D07B681B683B623B6A53E8E0
:1067C000003FFB61FB6923F08063FB657B681B680E
:1067D0001A46FB6DFB62BA62B96AFA6A41E80023A5
:1067E0007B627B6A002BE6D17B681B6E012B2ED16E
:1067F0007B6800221A667B681B68FB60FB6853E8B5
:10680000003FBB60BB6823F01003BB657B681B685F
:106810001A46BB6DBB617A617969BA6941E80023A8
:106820003B613B69002BE6D17B681B68DB6903F0A9
:106830001003102B03D17B681B6810221A627B683F
:10684000B3F858301946786819F07EFD0BE0786887
:10685000FEF7CEFE07E07B681B689A697B681B68C1
:1068600042F008029A6100BF7037BD4680BD80B516
:106870008CB000AFF860B9601346FB80002387F846
:106880002F30FB68D3F88030202B3BD1BB68002B26
:1068900002D0FB88002B01D1012334E0FB680122E8
:1068A0001A66FB6800225A66FB881A46B968F868BF
:1068B000FFF7E2FAFB681B6E012B1DD1FB681B681A
:1068C00010221A62FB681B68BB61BB6953E8003F7A
:1068D0007B617B6943F01003BB62FB681B681A464F
:1068E000BB6A7B623A62396A7A6A41E80023FB61DB
:1068F000FB69002BE6D102E0012387F82F3097F8DF
:106900002F3000E0022318463037BD4680BD80B5E9
:106910008CB000AFF860B9601346FB80FB68D3F819
:106920008030202B42D1BB68002B02D0FB88002B8B
:1069300001D101233BE0FB6801221A66FB680022BB
:106940005A66FB881A46B968F868FFF75BFB03468E
:1069500087F82F3097F82F30002B24D1FB681B6E5F
:10696000012B1DD1FB681B6810221A62FB681B6893
:10697000BB61BB6953E8003F7B617B6943F0100357
:10698000BB62FB681B681A46BB6A7B623A62396A63
:106990007A6A41E80023FB61FB69002BE6D102E043
:1069A000012387F82F3097F82F3000E00223184694
:1069B0003037BD4680BD80B483B000AF78603960A9
:1069C0007B68002B0BD03B68DB68002B07D03B6853
:1069D0009B68002B03D03B681B69002B02D14FF052
:1069E000FF3314E03B681A687B689A603B685A681A
:1069F0007B68DA603B68DA687B685A613B689A6852
:106A00007B681A613B681A697B689A6100231846A3
:106A10000C37BD465DF8047B704780B586B000AF8B
:106A200078600023FB6000237B6100233B617B686F
:106A30005B68002B39D17B689B68002B02D07B6898
:106A40009B6898477B6820221A6000237B611CE0CA
:106A50007B685B6907F10C0212217869984703464D
:106A6000002B03DA6FF004033B610BE0FB6803F0DB
:106A70001F037A699A4205D17B687A691A600023FC
:106A80003B6105E07B6901337B617B691F2BDFD9AB
:106A90007B681B681F2B02D96FF002033B613B69C7
:106AA000002B02D17B6801225A603B6918461837D7
:106AB000BD4680BD80B584B000AF78600023FB6028
:106AC0007B685B697A68106807F10C0201219847BE
:106AD0000346002B02DA6FF004036EE07B685B690B
:106AE0007A68106807F10C02012198470346002BD1
:106AF00002DA6FF0040360E0FB6803F00403002B8C
:106B000001D1012359E07B685B697A68106807F15D
:106B10000C02002198470346002B02DA6FF00403B1
:106B20004BE0FB6803F48053002B1BD1FB6803F49C
:106B30000053002B06D0FB6803F48073002B01D0B8
:106B400002233AE0FB6803F40053002B01D0032337
:106B500033E0FB6803F48073002B01D004232CE0A6
:106B600005232AE07B685B697A68106807F10C02EC
:106B70001F2198470346002B02DA6FF004031CE044
:106B8000FB6803F48053002B01D1062315E0FB685A
:106B900003F01C03182B01D102230EE0FB6803F065
:106BA0001C03082B01D1032307E0FB6803F01C033F
:106BB000142B01D1042300E0052318461037BD46ED
:106BC00080BD80B483B000AF78607B6803F10802B9
:106BD0007B685A607B684FF0FF329A607B6803F1F4
:106BE00008027B68DA607B6803F108027B681A613F
:106BF0007B6800221A6000BF0C37BD465DF8047B3D
:106C0000704780B483B000AF78607B6800221A615F
:106C100000BF0C37BD465DF8047B704780B485B07B
:106C200000AF786039607B685B68FB603B68FA683E
:106C30005A60FB689A683B689A60FB689B683A6890
:106C40005A60FB683A689A603B687A681A617B68A8
:106C50001B685A1C7B681A6000BF1437BD465DF87C
:106C6000047B704780B485B000AF786039603B68C2
:106C70001B68BB60BB68B3F1FF3F03D17B681B6936
:106C8000FB600CE07B680833FB6002E0FB685B683C
:106C9000FB60FB685B681B68BA689A42F6D2FB68C7
:106CA0005A683B685A603B685B683A689A603B6820
:106CB000FA689A60FB683A685A603B687A681A61B9
:106CC0007B681B685A1C7B681A6000BF1437BD467E
:106CD0005DF8047B704780B485B000AF78607B6856
:106CE0001B69FB607B685B687A6892689A607B6866
:106CF0009B687A6852685A60FB685B687A689A4257
:106D000003D17B689A68FB685A607B6800221A612D
:106D1000FB681B685A1EFB681A60FB681B681846F4
:106D20001437BD465DF8047B7047000080B584B021
:106D300000AF786039607B68FB60FB68002B0DD189
:106D40004FF0500372B683F31188BFF36F8FBFF318
:106D50004F8F62B6BB6000BF00BFFDE703F0BEFB14
:106D6000FB681A68FB68DB6BF968096C01FB03F3CD
:106D70001A44FB689A60FB6800229A63FB681A68F1
:106D8000FB685A60FB681A68FB68DB6B013BF968BB
:106D9000096C01FB03F31A44FB68DA60FB68FF220D
:106DA00083F84420FB68FF2283F845203B68002BD2
:106DB00014D1FB681B69002B1AD0FB6810331846EE
:106DC00001F0FEFD0346002B12D00D4B4FF0805218
:106DD0001A60BFF34F8FBFF36F8F09E0FB6810336A
:106DE0001846FFF7EEFEFB6824331846FFF7E9FE6E
:106DF00003F0AAFB012318461037BD4680BD00BF33
:106E000004ED00E080B58EB002AFF860B9607A6042
:106E10003B60FB68002B0DD14FF0500372B683F33B
:106E20001188BFF36F8FBFF34F8F62B6BB6200BF95
:106E300000BFFDE73B68002B0DD14FF0500372B649
:106E400083F31188BFF36F8FBFF34F8F62B67B62FE
:106E500000BF00BFFDE77B68002B02D0BB68002BA2
:106E600001D0012300E00023002B0DD14FF050038F
:106E700072B683F31188BFF36F8FBFF34F8F62B683
:106E80003B6200BF00BFFDE77B68002B02D1BB68FF
:106E9000002B01D1012300E00023002B0DD14FF086
:106EA000500372B683F31188BFF36F8FBFF34F8F18
:106EB00062B6FB6100BF00BFFDE750237B617B69C9
:106EC000502B0DD04FF0500372B683F31188BFF3EF
:106ED0006F8FBFF34F8F62B6BB6100BF00BFFDE78E
:106EE0007B693B68FB62FB6A002B0DD0FB6A0122C9
:106EF00083F8462097F83820FB6A009313467A6897
:106F0000B968F86800F048F8FB6A18463037BD46A3
:106F100080BD80B58AB002AFF860B9601346FB71DE
:106F2000FB68002B0DD14FF0500372B683F311882C
:106F3000BFF36F8FBFF34F8F62B63B6100BF00BFDF
:106F4000FDE7BB68002B02D10023FB6104E0FB6876
:106F5000BA6802FB03F3FB61FB695033184602F089
:106F6000B7FFB861BB69002B11D0BB697B617B693E
:106F700050337B61BB69002283F84620FA79BB69F4
:106F8000009313467A69B968F86800F005F8BB69A0
:106F900018462037BD4680BD80B584B000AFF8608C
:106FA000B9607A60FB70BB68002B03D1BB69BA691A
:106FB0001A6002E0BB697A681A60BB69FA68DA6332
:106FC000BB69BA681A640121B869FFF7AFFEBB69F3
:106FD000FA7883F84C2000BF1037BD4680BD80B5DD
:106FE00082B000AF78607B68002B0ED07B680022F7
:106FF0009A607B6800221A607B680022DA600023B6
:1070000000220021786800F01DF900BF0837BD4656
:1070100080BD80B586B000AF0346FB7101237B6164
:1070200000233B61FB791A4639697869FFF771FFE4
:10703000F860F868FFF7D3FFFB6818461837BD46BD
:1070400080BD80B588B002AF03463960FB71012373
:107050007B6100233B61FB7900933B680022396927
:107060007869FFF7CFFEF860F868FFF7B8FFFB68B4
:1070700018461837BD4680BD90B587B000AF786020
:107080007B683B613B69002B0DD14FF0500372B61A
:1070900083F31188BFF36F8FBFF34F8F62B6FB602E
:1070A00000BF00BFFDE73B699C6801F089FE034615
:1070B0009C4211D13B69DB685A1E3B69DA603B692F
:1070C000DB68002B05D1002300220021386900F085
:1070D000B9F801237B6101E000237B617B691846DD
:1070E0001C37BD4690BD90B587B000AF7860396061
:1070F0007B683B613B69002B0DD14FF0500372B6AA
:1071000083F31188BFF36F8FBFF34F8F62B6FB60BD
:1071100000BF00BFFDE73B699C6801F051FE0346DC
:107120009C4207D13B69DB685A1C3B69DA6001234A
:107130007B610CE03968386900F0B2FB78617B69EB
:10714000002B04D03B69DB685A1C3B69DA607B6921
:1071500018461C37BD4690BD80B58AB002AFF860B6
:10716000B9607A60FB68002B0DD14FF0500372B606
:1071700083F31188BFF36F8FBFF34F8F62B6BB618C
:1071800000BF00BFFDE7BA68FB689A420DD94FF017
:10719000500372B683F31188BFF36F8FBFF34F8F25
:1071A00062B67B6100BF00BFFDE7022300937B68EE
:1071B00000220021F868FFF725FEF861FB69002B2B
:1071C00002D0FB69BA689A63FB6918462037BD464E
:1071D00080BD80B586B000AF786039607B68002BD9
:1071E0000DD14FF0500372B683F31188BFF36F8F48
:1071F000BFF34F8F62B63B6100BF00BFFDE73A6847
:107200007B689A420DD94FF0500372B683F3118810
:10721000BFF36F8FBFF34F8F62B6FB6000BF00BF3D
:10722000FDE7022200217868FFF773FE78617B6931
:10723000002B02D07B693A689A637B69184618373D
:10724000BD4680BD80B58EB000AFF860B9607A6091
:107250003B6000237B63FB683B633B6B002B0DD1E2
:107260004FF0500372B683F31188BFF36F8FBFF3F3
:107270004F8F62B6BB6200BF00BFFDE7BB68002B4B
:1072800003D13B6B1B6C002B01D1012300E00023D9
:10729000002B0DD14FF0500372B683F31188BFF36A
:1072A0006F8FBFF34F8F62B67B6200BF00BFFDE7F9
:1072B0003B68022B03D13B6BDB6B012B01D101231C
:1072C00000E00023002B0DD14FF0500372B683F382
:1072D0001188BFF36F8FBFF34F8F62B63B6200BF61
:1072E00000BFFDE701F07CFD0346002B02D17B6867
:1072F000002B01D1012300E00023002B0DD14FF022
:10730000500372B683F31188BFF36F8FBFF34F8FB3
:1073100062B6FB6100BF00BFFDE703F0DFF83B6B27
:107320009A6B3B6BDB6B9A4202D33B68022B29D1F1
:107330003A68B968386B00F08CFCF8623B6B5B6AAA
:10734000002B10D03B6B2433184601F039FB034669
:10735000002B13D03F4B4FF080521A60BFF34F8F7A
:10736000BFF36F8F0AE0FB6A002B07D0394B4FF059
:1073700080521A60BFF34F8FBFF36F8F03F0E4F8B2
:10738000012363E07B68002B03D103F0DDF80023C9
:107390005CE07B6B002B06D107F11403184601F06B
:1073A00075FB01237B6303F0CFF801F0A3F803F032
:1073B00095F83B6B93F844305BB2B3F1FF3F03D1D8
:1073C0003B6B002283F844203B6B93F845305BB263
:1073D000B3F1FF3F03D13B6B002283F8452003F05C
:1073E000B3F83A1D07F114031146184601F064FB87
:1073F0000346002B24D1386B00F023FD0346002BFD
:1074000018D03B6B10337A681146184601F082FAA7
:10741000386B00F0AEFC01F07BF80346002B7FF4E4
:107420007CAF0C4B4FF080521A60BFF34F8FBFF30D
:107430006F8F72E7386B00F09CFC01F069F86CE725
:10744000386B00F096FC01F063F8002318463837DB
:10745000BD4680BD04ED00E080B58EB000AFF860A1
:10746000B9607A603B60FB683B633B6B002B0DD1DE
:107470004FF0500372B683F31188BFF36F8FBFF3E1
:107480004F8F62B67B6200BF00BFFDE7BB68002B79
:1074900003D13B6B1B6C002B01D1012300E00023C7
:1074A000002B0DD14FF0500372B683F31188BFF358
:1074B0006F8FBFF34F8F62B63B6200BF00BFFDE727
:1074C0003B68022B03D13B6BDB6B012B01D101230A
:1074D00000E00023002B0DD14FF0500372B683F370
:1074E0001188BFF36F8FBFF34F8F62B6FB6100BF90
:1074F00000BFFDE703F0DAF8EFF311824FF050031D
:1075000072B683F31188BFF36F8FBFF34F8F62B6EC
:10751000BA617B61BB69FB623B6B9A6B3B6BDB6B5C
:107520009A4202D33B68022B2CD13B6B93F8453037
:1075300087F82B303A68B968386B00F08AFB97F906
:107540002B30B3F1FF3F12D13B6B5B6A002B16D09F
:107550003B6B2433184601F033FA0346002B0ED060
:107560007B68002B0BD07B6801221A6007E097F83C
:107570002B300133DBB25AB23B6B83F84520012339
:107580007B6301E000237B63FB6A3B613B6983F320
:10759000118800BF7B6B18463837BD4680BD80B56B
:1075A0008EB000AF786039607B683B633B6B002B2B
:1075B0000DD14FF0500372B683F31188BFF36F8F74
:1075C000BFF34F8F62B63B6200BF00BFFDE73B6B6E
:1075D0001B6C002B0DD04FF0500372B683F3118853
:1075E000BFF36F8FBFF34F8F62B6FB6100BF00BF69
:1075F000FDE73B6B1B68002B03D13B6B9B68002BAB
:1076000001D1012300E00023002B0DD14FF05003E6
:1076100072B683F31188BFF36F8FBFF34F8F62B6DB
:10762000BB6100BF00BFFDE703F040F8EFF311823C
:107630004FF0500372B683F31188BFF36F8FBFF31F
:107640004F8F62B67A613B617B69FB623B6B9B6BE0
:10765000BB623B6BDB6BBA6A9A422BD23B6B93F8F3
:10766000453087F82730BB6A5A1C3B6B9A6397F901
:107670002730B3F1FF3F12D13B6B5B6A002B16D072
:107680003B6B2433184601F09BF90346002B0ED0C8
:107690003B68002B0BD03B6801221A6007E097F88B
:1076A00027300133DBB25AB23B6B83F8452001230C
:1076B0007B6301E000237B63FB6AFB60FB6883F371
:1076C000118800BF7B6B18463837BD4680BD00006F
:1076D00080B58CB000AFF860B9607A600023FB62BF
:1076E000FB68BB62BB6A002B0DD14FF0500372B632
:1076F00083F31188BFF36F8FBFF34F8F62B63B6286
:1077000000BF00BFFDE7BB68002B03D1BB6A1B6C49
:10771000002B01D1012300E00023002B0DD14FF0FD
:10772000500372B683F31188BFF36F8FBFF34F8F8F
:1077300062B6FB6100BF00BFFDE701F051FB0346ED
:10774000002B02D17B68002B01D1012300E0002334
:10775000002B0DD14FF0500372B683F31188BFF3A5
:107760006F8FBFF34F8F62B6BB6100BF00BFFDE7F5
:1077700002F0B4FEBB6A9B6B7B627B6A002B1FD05E
:10778000B968B86A00F0CFFA7B6A5A1EBB6A9A637E
:10779000BB6A1B69002B0FD0BB6A1033184601F07F
:1077A0000FF90346002B07D03C4B4FF080521A6074
:1077B000BFF34F8FBFF36F8F02F0C6FE012369E066
:1077C0007B68002B03D102F0BFFE002362E0FB6A5E
:1077D000002B06D107F11003184601F057F90123D9
:1077E000FB6202F0B1FE00F085FE02F077FEBB6A9C
:1077F00093F844305BB2B3F1FF3F03D1BB6A002280
:1078000083F84420BB6A93F845305BB2B3F1FF3F85
:1078100003D1BB6A002283F8452002F095FE3A1D91
:1078200007F110031146184601F046F90346002BF4
:1078300023D1B86A00F0EFFA0346002B17D0BB6AD9
:1078400024337A681146184601F064F8B86A00F0EB
:1078500090FA00F05DFE0346002B89D10F4B4FF0EC
:1078600080521A60BFF34F8FBFF36F8F80E7B86A03
:1078700000F07FFA00F04CFE7AE7B86A00F079FA7F
:1078800000F046FEB86A00F0C6FA0346002B3FF44B
:107890006FAF002318463037BD4680BD04ED00E0D1
:1078A00080B58EB000AF7860396000237B637B6861
:1078B000FB6200233B63FB6A002B0DD14FF05003AA
:1078C00072B683F31188BFF36F8FBFF34F8F62B629
:1078D0003B6200BF00BFFDE7FB6A1B6C002B0DD0B5
:1078E0004FF0500372B683F31188BFF36F8FBFF36D
:1078F0004F8F62B6FB6100BF00BFFDE701F070FA79
:107900000346002B02D13B68002B01D1012300E08C
:107910000023002B0DD14FF0500372B683F3118872
:10792000BFF36F8FBFF34F8F62B6BB6100BF00BF65
:10793000FDE702F0D3FDFB6A9B6BBB62BB6A002BC9
:1079400024D0BB6A5A1EFB6A9A63FB6A1B68002B31
:1079500004D101F00FFC0246FB6A9A60FB6A1B69C6
:10796000002B0FD0FB6A1033184601F029F80346AC
:10797000002B07D0554B4FF080521A60BFF34F8F4A
:10798000BFF36F8F02F0E0FD01239AE03B68002B0C
:1079900014D13B6B002B0DD04FF0500372B683F324
:1079A0001188BFF36F8FBFF34F8F62B67B6100BF4B
:1079B00000BFFDE702F0C8FD002382E07B6B002BD7
:1079C00006D107F10C03184601F060F801237B6330
:1079D00002F0BAFD00F08EFD02F080FDFB6A93F824
:1079E00044305BB2B3F1FF3F03D1FB6A002283F85E
:1079F0004420FB6A93F845305BB2B3F1FF3F03D1FB
:107A0000FB6A002283F8452002F09EFD3A4607F10A
:107A10000C031146184601F04FF80346002B32D1F3
:107A2000F86A00F0F8F90346002B26D0FB6A1B68C1
:107A3000002B09D102F052FDFB6A9B68184601F049
:107A4000EDF9386302F080FDFB6A24333A68114691
:107A5000184600F05FFFF86A00F08BF900F058FD5F
:107A60000346002B7FF465AF184B4FF080521A602D
:107A7000BFF34F8FBFF36F8F5BE7F86A00F079F9C0
:107A800000F046FD55E7F86A00F073F900F040FD9C
:107A9000F86A00F0C0F90346002B3FF44AAF3B6B95
:107AA000002B0DD002F01AFDF86A00F0BAF87862E7
:107AB000FB6A9B68796A184601F0BCFA02F044FD43
:107AC000002318463837BD4680BD00BF04ED00E0F6
:107AD00080B58EB000AFF860B9607A60FB683B6338
:107AE0003B6B002B0DD14FF0500372B683F311881E
:107AF000BFF36F8FBFF34F8F62B63B6200BF00BF13
:107B0000FDE7BB68002B03D13B6B1B6C002B01D145
:107B1000012300E00023002B0DD14FF0500372B67B
:107B200083F31188BFF36F8FBFF34F8F62B6FB6192
:107B300000BF00BFFDE702F0B9FDEFF311824FF087
:107B4000500372B683F31188BFF36F8FBFF34F8F6B
:107B500062B6BA617B61BB69FB623B6B9B6BBB62CC
:107B6000BB6A002B2FD03B6B93F8443087F827304B
:107B7000B968386B00F0D7F8BB6A5A1E3B6B9A6342
:107B800097F92730B3F1FF3F12D13B6B1B69002BF4
:107B900016D03B6B1033184600F012FF0346002B43
:107BA0000ED07B68002B0BD07B6801221A6007E0A7
:107BB00097F827300133DBB25AB23B6B83F844208D
:107BC00001237B6301E000237B63FB6A3B613B692C
:107BD00083F3118800BF7B6B18463837BD4680BDE4
:107BE00080B584B000AF78607B68002B0DD14FF07A
:107BF000500372B683F31188BFF36F8FBFF34F8FBB
:107C000062B6BB6000BF00BFFDE702F067FC7B68A7
:107C10009B6BFB6002F098FCFB6818461037BD4672
:107C200080BD80B485B000AF78607B685B6A002B54
:107C300006D07B681B6B1B68C3F11403FB6001E07B
:107C40000023FB60FB6818461437BD465DF8047BD3
:107C5000704780B586B000AFF860B9607A600023E5
:107C60007B61FB689B6B3B61FB681B6C002B0DD140
:107C7000FB681B68002B4DD1FB689B68184601F020
:107C80004DF97861FB6800229A6043E07B68002B25
:107C900019D1FB685868FB681B6C1A46B96820F05C
:107CA00072F8FB685A68FB681B6C1A44FB685A60E0
:107CB000FB685A68FB689B689A422BD3FB681A687A
:107CC000FB685A6026E0FB68D868FB681B6C1A46A4
:107CD000B96820F058F8FB68DA68FB681B6C5B42F7
:107CE0001A44FB68DA60FB68DA68FB681B689A4232
:107CF00007D2FB689A68FB681B6C5B421A44FB68FE
:107D0000DA607B68022B05D13B69002B02D03B690E
:107D1000013B3B613B695A1CFB689A637B691846CF
:107D20001837BD4680BD80B582B000AF786039603D
:107D30007B681B6C002B18D07B68DA687B681B6C37
:107D40001A447B68DA607B68DA687B689B689A42D1
:107D500003D37B681A687B68DA607B68D9687B68C4
:107D60001B6C1A46386820F00EF800BF0837BD4675
:107D700080BD80B584B000AF786002F0AFFB7B6857
:107D800093F84530FB7311E07B685B6A002B12D0DF
:107D90007B682433184600F013FE0346002B01D005
:107DA00000F0F2FEFB7B013BDBB2FB7397F90F3077
:107DB000002BE9DC00E000BF7B68FF2283F8452050
:107DC00002F0C2FB02F08AFB7B6893F84430BB737D
:107DD00011E07B681B69002B12D07B6810331846BA
:107DE00000F0EEFD0346002B01D000F0CDFEBB7B82
:107DF000013BDBB2BB7397F90E30002BE9DC00E0EE
:107E000000BF7B68FF2283F8442002F09DFB00BF87
:107E10001037BD4680BD80B584B000AF786002F0F9
:107E20005DFB7B689B6B002B02D10123FB6001E0B3
:107E30000023FB6002F088FBFB6818461037BD4644
:107E400080BD80B584B000AF786002F047FB7B68EE
:107E50009A6B7B68DB6B9A4202D10123FB6001E0E5
:107E60000023FB6002F070FBFB6818461037BD462C
:107E700080BD000080B485B000AF78603960002319
:107E8000FB6014E00F4AFB6852F83330002B0BD133
:107E90000C49FB683A6841F833200A4AFB68DB006A
:107EA00013447A685A6006E0FB680133FB60FB68A4
:107EB0000F2BE7D900BF00BF1437BD465DF8047B28
:107EC000704700BFE809022080B586B000AFF860B7
:107ED000B9607A60FB687B6102F000FB7B6993F814
:107EE00044305BB2B3F1FF3F03D17B69002283F8DA
:107EF00044207B6993F845305BB2B3F1FF3F03D177
:107F00007B69002283F8452002F01EFB7B699B6B96
:107F1000002B06D17B6924337A68B968184600F0D3
:107F200021FD7869FFF725FF00BF1837BD4680BDEA
:107F300080B58EB004AFF860B9607A603B607B6B4F
:107F4000002B0DD14FF0500372B683F31188BFF3AD
:107F50006F8FBFF34F8F62B63B6200BF00BFFDE77C
:107F6000BB6B002B0DD14FF0500372B683F3118819
:107F7000BFF36F8FBFF34F8F62B6FB6100BF00BFCF
:107F8000FDE75C233B613B695C2B0DD04FF0500358
:107F900072B683F31188BFF36F8FBFF34F8F62B652
:107FA000BB6100BF00BFFDE73B69BB6B002B1ED070
:107FB0007B6B002B1BD0BB6B7B627B6A7A6B1A637B
:107FC0007B6A022283F85920002303937B6A029381
:107FD00007F1140301933B6B00933B687A68B9681F
:107FE000F86800F050F8786A00F0E0F801E000234B
:107FF0007B617B6918462837BD4680BD80B58CB053
:1080000004AFF860B9603B601346FB80FB889B00BF
:10801000184601F05DFF78617B69002B0ED05C2073
:1080200001F056FFF861FB69002B03D0FB697A6908
:108030001A6305E0786902F01DF801E00023FB6196
:10804000FB69002B17D0FB69002283F85920FA88BE
:1080500000230393FB690293FB6A0193BB6A0093BD
:108060003B68B968F86800F00EF8F86900F09EF80F
:108070000123BB6102E04FF0FF33BB61BB691846CF
:108080002037BD4680BD80B588B000AFF860B960CC
:108090007A603B603B6B186B7B689B001A46A5219E
:1080A0001EF03BFF3B6B1A6B79686FF040430B444B
:1080B0009B001344BB61BB6923F00703BB61BB6931
:1080C00003F00703002B0DD04FF0500372B683F37B
:1080D0001188BFF36F8FBFF34F8F62B67B6100BF14
:1080E00000BFFDE7BB68002B1FD00023FB6112E03F
:1080F000BA68FB69134419783A6BFB69134434334B
:108100000A461A70BA68FB6913441B78002B06D024
:10811000FB690133FB61FB690F2BE9D900E000BF6C
:108120003B6B002283F8432003E03B6B002283F883
:108130003420BB6A132B01D91323BB623B6BBA6A91
:10814000DA623B6BBA6ADA643B6B00221A653B6BFE
:1081500004331846FEF755FD3B6B18331846FEF7FF
:1081600050FD3B6B3A6B1A61BB6AC3F114023B6B67
:108170009A613B6B3A6B5A623B6B00225A653B6BD0
:10818000002283F858203A68F968B86902F09AF832
:1081900002463B6B1A60FB6A002B02D0FB6A3A6B0B
:1081A0001A6000BF2037BD4680BD000080B582B098
:1081B00000AF786002F092F92C4B1B6801332B4A18
:1081C00013602B4B1B68002B09D1294A7B68136075
:1081D000264B1B68012B10D100F0FAFC0DE0254B5B
:1081E0001B68002B09D1224B1B68DA6A7B68DB6AAB
:1081F0009A4202D81E4A7B6813601F4B1B680133EA
:108200001D4A13601C4B1A687B685A647B68DB6AE2
:1082100001229A40194B1B681343184A13607B686C
:10822000DA6A13469B0013449B00154A1A447B6884
:10823000043319461046FEF7F1FC02F085F90D4BA8
:108240001B68002B0ED00A4B1B68DA6A7B68DB6A5E
:108250009A4207D20B4B4FF080521A60BFF34F8FF8
:10826000BFF36F8F00BF0837BD4680BD6C0C022086
:10827000680A0220780C0220880C0220740C02206C
:108280006C0A022004ED00E080B584B000AF786095
:1082900002F024F97B68002B02D13A4B1B6800E006
:1082A0007B68FB60FB6804331846FEF714FD034649
:1082B000002B15D1FB68DA6A334913469B0013443F
:1082C0009B000B441B68002B0AD1FB68DB6A012270
:1082D00002FA03F3DA432D4B1B6813402B4A136059
:1082E000FB689B6A002B04D0FB6818331846FEF726
:1082F000F2FC274B1B680133254A1360214B1B6896
:10830000FA689A420BD1FB68043319462148FEF7FC
:1083100085FC214B1B6801331F4A136009E01F4B8A
:108320001B68013B1D4A1360F86800F0F7FC00F081
:1083300027FD02F009F91A4B1B68002B1ED0114BC8
:108340001B68FA689A4219D1164B1B68002B0DD096
:108350004FF0500372B683F31188BFF36F8FBFF3F2
:108360004F8F62B6BB6000BF00BFFDE70E4B4FF002
:1083700080521A60BFF34F8FBFF36F8F00BF10376B
:10838000BD4680BD680A02206C0A0220740C0220DF
:10839000880C0220400C0220540C02206C0C02209D
:1083A000780C0220940C022004ED00E080B584B02B
:1083B00000AF78600023FB607B68002B1AD0154B60
:1083C0001B68002B0DD04FF0500372B683F3118859
:1083D000BFF36F8FBFF34F8F62B6BB6000BF00BFAC
:1083E000FDE700F087F80021786800F0D7FE00F084
:1083F0008FF8F860FB68002B07D1074B4FF08052D5
:108400001A60BFF34F8FBFF36F8F00BF1037BD46A9
:1084100080BD00BF940C022004ED00E080B58AB05E
:1084200004AF0023BB6000237B603A46391D07F18F
:108430000803184610F072FA39687B68BA6802922D
:1084400001930023009300230A4624492448FFF7A0
:108450006FFD0346234A1360224B1B68002B02D09A
:1084600001237B6101E000237B617B69012B02D149
:1084700000F0FAFE78617B69012B18D14FF05003B0
:1084800072B683F31188BFF36F8FBFF34F8F62B65D
:108490003B6100BF144B4FF0FF321A60134B0122B7
:1084A0001A60134B00221A6001F09AFF11E07B69F9
:1084B000B3F1FF3F0DD14FF0500372B683F3118833
:1084C000BFF36F8FBFF34F8F62B6FB6000BF00BF7B
:1084D000FDE700BF1837BD4680BD00BFD894020835
:1084E000A18B0008900C02208C0C0220780C02203A
:1084F000700C022080B400AF044B1B680133034AA8
:10850000136000BFBD465DF8047B7047940C0220E9
:1085100080B584B000AF0023FB600023BB60434BF9
:108520001B68002B0DD14FF0500372B683F31188F6
:10853000BFF36F8FBFF34F8F62B63B6000BF00BFCA
:10854000FDE701F0CBFF394B1B68013B374A136055
:10855000364B1B68002B61D1354B1B68002B5DD05F
:108560002EE0344BDB68DB68FB60FB681833184691
:10857000FEF7B1FBFB6804331846FEF7ACFBFB6863
:10858000DB6A01229A402C4B1B6813432A4A136072
:10859000FB68DA6A13469B0013449B00274A1A447F
:1085A000FB68043319461046FEF738FBFB68DA6AAD
:1085B000234B1B68DB6A9A4202D3224B01221A60CA
:1085C0001C4B1B68002BCCD1FB68002B01D000F0AA
:1085D000D7FB1D4B1B687B607B68002B10D000F025
:1085E00059F80346002B02D0164B01221A607B6813
:1085F000013B7B607B68002BF1D1134B00221A609A
:10860000104B1B68002B09D00123BB600F4B4FF0B0
:1086100080521A60BFF34F8FBFF36F8F01F094FF4A
:10862000BB6818461037BD4680BD00BF940C0220C1
:108630006C0C02202C0C0220740C02206C0A02200C
:10864000680A0220800C02207C0C022004ED00E06D
:1086500080B483B000AF054B1B687B607B68184615
:108660000C37BD465DF8047B704700BF700C0220DC
:1086700080B582B000AF02F019F800237B60044B94
:108680001B683B603B6818460837BD4680BD00BF8D
:10869000700C022080B586B000AF00237B61504B88
:1086A0001B68002B40F08B804E4B1B6801333B61F5
:1086B0004C4A3B6913603B69002B23D14A4B1B6832
:1086C0001B68002B0DD04FF0500372B683F3118856
:1086D000BFF36F8FBFF34F8F62B63B6000BF00BF29
:1086E000FDE7414B1B68FB60404B1B683E4A136033
:1086F0003E4AFB6813603E4B1B6801333C4A1360E3
:1087000000F03EFB3B4B1B683A699A4248D3364B1C
:108710001B681B68002B04D1364B4FF0FF321A60E8
:108720003EE0314B1B68DB68DB68BB60BB685B68A5
:108730007B603A697B689A4203D22E4A7B68136059
:108740002EE0BB6804331846FEF7C5FABB689B6A87
:10875000002B04D0BB6818331846FEF7BCFABB6880
:10876000DB6A01229A40244B1B681343224A1360A0
:10877000BB68DA6A13469B0013449B001F4A1A44E5
:10878000BB68043319461046FEF748FABB68DA6A3C
:108790001B4B1B68DB6A9A42B9D301237B61B6E7A6
:1087A000174B1B68DA6A154913469B0013449B005C
:1087B0000B441B68012B07D901237B6104E0114B9B
:1087C0001B6801330F4A13600F4B1B68002B01D04D
:1087D00001237B617B6918461837BD4680BD00BF09
:1087E000940C0220700C0220240C0220280C022081
:1087F000840C02208C0C0220740C02206C0A0220D3
:10880000680A02207C0C0220800C022080B588B00F
:1088100000AF3B4B1B68002B03D03A4B01221A6080
:1088200069E0384B00221A60374B1B681B6BFB61F9
:108830004FF0A533BB61FB691B68BA699A4211D13D
:10884000FB6904331B68BA699A420BD1FB69083390
:108850001B68BA699A4205D1FB690C331B68BA6977
:108860009A4208D0284B1A68274B1B6834331946A4
:10887000104610F027F8254B1B68FB60FB68B3FA25
:1088800083F3FB72FB7AC3F11F037B6120497A6992
:1088900013469B0013449B000B441B68002B0DD117
:1088A0004FF0500372B683F31188BFF36F8FBFF39D
:1088B0004F8F62B67B6000BF00BFFDE77A69134649
:1088C0009B0013449B00124A13443B613B695B6865
:1088D0005A683B695A603B695A683B6908339A4257
:1088E00004D13B695B685A683B695A603B695B68C5
:1088F000DB68054A136000BF2037BD4680BD00BF5E
:10890000940C0220800C0220680A0220740C0220C1
:108910006C0A022080B584B000AF786039607B6853
:10892000002B0DD14FF0500372B683F31188BFF3C3
:108930006F8FBFF34F8F62B6FB6000BF00BFFDE7D4
:10894000074B1B68183319467868FEF78BF901212D
:10895000386800F023FC00BF1037BD4680BD00BF63
:10896000680A022080B586B000AFF860B9607A600E
:10897000FB68002B0DD14FF0500372B683F31188C2
:10898000BFF36F8FBFF34F8F62B67B6100BF00BF35
:10899000FDE70A4B1B6818331946F868FEF73EF9E5
:1089A0007B68002B02D04FF0FF33BB607968B8685A
:1089B00000F0F4FB00BF1837BD4680BD680A0220F6
:1089C00080B586B000AF78607B68DB68DB683B61B0
:1089D0003B69002B0DD14FF0500372B683F3118821
:1089E000BFF36F8FBFF34F8F62B6FB6000BF00BF56
:1089F000FDE73B6918331846FEF76DF91D4B1B6800
:108A0000002B1CD13B6904331846FEF764F93B691F
:108A1000DB6A01229A40184B1B681343164A136005
:108A20003B69DA6A13469B0013449B00134A1A44BD
:108A30003B69043319461046FEF7F0F805E03B6940
:108A4000183319460E48FEF7E9F83B69DA6A0D4B10
:108A50001B68DB6A9A4205D901237B610A4B01221C
:108A60001A6001E000237B617B6918461837BD4618
:108A700080BD00BF940C0220740C02206C0A0220FE
:108A80002C0C0220680A0220800C022080B483B0E3
:108A900000AF7860064B1A687B681A60054B1A684D
:108AA0007B685A6000BF0C37BD465DF8047B704799
:108AB000840C0220700C022080B588B000AF786072
:108AC00039607B68002B0DD14FF0500372B683F3F1
:108AD0001188BFF36F8FBFF34F8F62B63B6100BF4A
:108AE00000BFFDE73B68002B0DD14FF0500372B67D
:108AF00083F31188BFF36F8FBFF34F8F62B6FB60B4
:108B000000BF00BFFDE701F0E9FC1D4B1B68BB6126
:108B10007B685B68BA69D31A7B613B681B68B3F1F9
:108B2000FF3F02D10023FB6123E07B681A68154BED
:108B30001B689A4207D07B685B68BA699A4202D385
:108B40000123FB6115E03B681B687A699A420BD2EE
:108B50003B681A687B69D21A3B681A607868FFF72D
:108B600095FF0023FB6104E03B6800221A600123AB
:108B7000FB6101F0E9FCFB6918462037BD4680BD6A
:108B8000700C0220840C022080B400AF034B012241
:108B90001A6000BFBD465DF8047B7047800C022060
:108BA00080B582B000AF786000F052F8064B1B68C9
:108BB000012BF9D9054B4FF080521A60BFF34F8F4C
:108BC000BFF36F8FF0E700BF6C0A022004ED00E0F6
:108BD00080B582B000AF00237B600CE07A6813465A
:108BE0009B0013449B00124A13441846FDF7E9FF0B
:108BF0007B6801337B607B68132BEFD90D48FDF751
:108C0000E0FF0D48FDF7DDFF0C48FDF7DAFF0C48EB
:108C1000FDF7D7FF0B48FDF7D4FF0B4B054A1A6051
:108C20000A4B054A1A6000BF0837BD4680BD00BF29
:108C30006C0A0220FC0B0220100C02202C0C0220DB
:108C4000400C0220580C0220240C0220280C022088
:108C500080B582B000AF19E001F040FC104BDB683A
:108C6000DB687B607B6804331846FEF734F80D4BF5
:108C70001B68013B0B4A13600B4B1B68013B0A4A04
:108C8000136001F061FC786800F048F8064B1B683F
:108C9000002BE1D100BF00BF0837BD4680BD00BF3B
:108CA000400C02206C0C0220540C022080B485B0D1
:108CB00000AF78600023FB6005E07B6801337B60D8
:108CC000FB680133FB607B681B78A52BF5D0FB6844
:108CD0009B08FB60FB689BB218461437BD465DF8E5
:108CE000047B704780B586B000AF78607B68002B4E
:108CF00002D1094B1B6800E07B687B617B691B6BC1
:108D00003B613869FFF7D2FF0346FB60FB681846FA
:108D10001837BD4680BD00BF680A022080B584B008
:108D200000AF78607B6893F85930002B08D17B68DE
:108D30001B6B184601F09EF9786801F09BF91BE067
:108D40007B6893F85930012B03D1786801F092F9D0
:108D500012E07B6893F85930022B0DD04FF050038E
:108D600072B683F31188BFF36F8FBFF34F8F62B674
:108D7000FB6000BF00BFFDE700BF1037BD4680BDF0
:108D800080B483B000AF0C4B1B681B68002B04D170
:108D90000A4B4FF0FF321A6008E0074B1B68DB6894
:108DA000DB687B607B685B68044A136000BF0C373C
:108DB000BD465DF8047B7047240C02208C0C022019
:108DC00080B483B000AF054B1B687B607B6818469E
:108DD0000C37BD465DF8047B704700BF680A02206F
:108DE00080B483B000AF0B4B1B68002B02D1012372
:108DF0007B6008E0084B1B68002B02D102237B60DC
:108E000001E000237B607B6818460C37BD465DF8A7
:108E1000047B7047780C0220940C022080B584B04B
:108E200000AF78607B68BB600023FB607B68002B31
:108E300069D0BB68DA6A364B1B68DB6A9A4259D242
:108E4000BB689B69002B06DB314B1B68DB6AC3F1F7
:108E50001402BB689A61BB685969BB68DA6A134639
:108E60009B0013449B002B4A134499423AD1BB68A0
:108E700004331846FDF72FFF0346002B15D1BB68BE
:108E8000DA6A244913469B0013449B000B441B6879
:108E9000002B0AD1BB68DB6A012202FA03F3DA4332
:108EA0001D4B1B6813401C4A1360194B1B68DA6A80
:108EB000BB68DA62BB68DB6A01229A40164B1B680A
:108EC0001343154A1360BB68DA6A13469B001344C8
:108ED0009B00104A1A44BB68043319461046FDF73C
:108EE0009DFE04E00A4B1B68DA6ABB68DA62012364
:108EF000FB6008E0BB68DA6C054B1B68DB6A9A42D2
:108F000001D20123FB60FB6818461037BD4680BDC7
:108F1000680A02206C0A0220740C022080B586B018
:108F200000AF78607B683B6100237B617B68002B2E
:108F300074D03D4B1B683A699A420DD04FF05003F4
:108F400072B683F31188BFF36F8FBFF34F8F62B692
:108F5000FB6000BF00BFFDE73B691B6D002B0DD11F
:108F60004FF0500372B683F31188BFF36F8FBFF3D6
:108F70004F8F62B6BB6000BF00BFFDE73B691B6D52
:108F80005A1E3B691A653B69DA6A3B69DB6C9A4297
:108F900044D03B691B6D002B40D13B69043318461C
:108FA000FDF799FE0346002B15D13B69DA6A1F498C
:108FB00013469B0013449B000B441B68002B0AD1F3
:108FC0003B69DB6A012202FA03F3DA43184B1B68A0
:108FD0001340174A13603B69DA6C3B69DA623B69FC
:108FE000DB6AC3F114023B699A613B69DB6A0122C7
:108FF0009A400F4B1B6813430D4A13603B69DA6AB2
:1090000013469B0013449B00084A1A443B690433EF
:1090100019461046FDF702FE01237B617B69184665
:109020001837BD4680BD00BF680A02206C0A0220C6
:10903000740C022080B588B000AF786039607B681E
:10904000BB6101237B617B68002B00F08980BB69D9
:109050001B6D002B0DD14FF0500372B683F31188B6
:10906000BFF36F8FBFF34F8F62B6FB6000BF00BFCF
:10907000FDE7BB69DB6C3A689A4202D93B68FB6149
:1090800002E0BB69DB6CFB61BB69DB6AFA699A428F
:1090900066D0BB691B6D7A699A4261D1324B1B68FD
:1090A000BA699A420DD14FF0500372B683F311881A
:1090B000BFF36F8FBFF34F8F62B6BB6000BF00BFBF
:1090C000FDE7BB69DB6A3B61BB69FA69DA62BB69D0
:1090D0009B69002B04DBFB69C3F11402BB699A6135
:1090E000BB6959693A6913469B0013449B001F4AA8
:1090F0001344994234D1BB6904331846FDF7EBFDA4
:109100000346002B15D1BB69DA6A184913469B0048
:1091100013449B000B441B68002B0AD1BB69DB6A1C
:10912000012202FA03F3DA43114B1B681340104A81
:109130001360BB69DB6A01229A400D4B1B68134325
:109140000B4A1360BB69DA6A13469B0013449B0009
:10915000064A1A44BB69043319461046FDF75EFD02
:1091600000BF2037BD4680BD680A02206C0A02207D
:10917000740C022080B400AF074B1B68002B04D096
:10918000054B1B681A6D01321A65034B1B681846A4
:10919000BD465DF8047B7047680A022080B584B044
:1091A00000AF78603960294B1B68FB60284B1B6857
:1091B00004331846FDF78FFD0346002B0BD1244BDB
:1091C0001B68DB6A012202FA03F3DA43214B1B68B6
:1091D0001340204A13607B68B3F1FF3F0AD13B681C
:1091E000002B07D01A4B1B68043319461A48FDF7A9
:1091F00015FD26E0FA687B681344BB60144B1B68BE
:10920000BA685A60BA68FB689A4209D2134B1A6866
:109210000F4B1B68043319461046FDF723FD10E081
:109220000F4B1A680A4B1B68043319461046FDF7AA
:1092300019FD0C4B1B68BA689A4202D2094ABB68F6
:10924000136000BF1037BD4680BD00BF700C022008
:10925000680A0220740C0220580C0220280C0220FC
:10926000240C02208C0C022080B58AB004AF0023AD
:109270007B6100F003FB1E4B1B68002B21D00023F9
:10928000FB600023BB603A1D07F1080107F10C03E6
:1092900018460FF05DFB7968BB68FA68029201938B
:1092A0000423009300230A4612491348FEF740FEA8
:1092B0000346124A1360114B1B68002B01D0012397
:1092C0007B617B69002B0DD14FF0500372B683F3A5
:1092D0001188BFF36F8FBFF34F8F62B63B6100BF42
:1092E00000BFFDE77B6918461837BD4680BD00BF4B
:1092F000C80C0220E094020841940008CC0C022023
:1093000080B58AB000AFF860B9607A603B60002336
:109310007B62FB68002B0DD14FF0500372B683F3D4
:109320001188BFF36F8FBFF34F8F62B63B6200BFF0
:1093300000BFFDE7194B1B68002B2AD0BB687B617F
:109340007B68BB61FB68FB61BB68052B18DCFFF722
:1093500047FD0346022B09D1104B186807F1140191
:1093600000233A6BFDF76EFF786212E00B4B186832
:1093700007F1140100230022FDF764FF786208E082
:10938000064B186807F1140100233A68FEF764F8E9
:1093900078627B6A18462837BD4680BDC80C02201B
:1093A00080B588B002AF78603960244B1B68DB68F9
:1093B000DB687B617B6904331846FDF78CFC7B69B5
:1093C00093F8283003F00403002B25D07B699A69B9
:1093D0007B68D1187B683A68786900F0D7F8034653
:1093E000002B22D00023009300237A6800217869A3
:1093F000FFF786FF38613B69002B16D14FF0500311
:1094000072B683F31188BFF36F8FBFF34F8F62B6CD
:10941000FB6000BF00BFFDE77B6993F8283023F0B5
:109420000103DAB27B6983F828207B691B6A7869BB
:10943000984700BF1837BD4680BD00BFC00C022052
:1094400080B584B000AF786007F10803184600F0DB
:1094500059F8F860BB681946F86800F005F800F0A4
:10946000D7F800BFF0E7000080B584B000AF7860A7
:109470003960FFF73FF807F10803184600F066F877
:10948000F860BB68002B30D13B68002B0AD17A68AA
:10949000FB689A4206D8FFF73BF8F9687868FFF74F
:1094A0007FFF24E03B68002B08D0134B1B681B6830
:1094B000002B01D1012300E000233B600F4B186813
:1094C0007A68FB68D31A3A681946FEF7FDFCFFF785
:1094D0001FF80346002B0AD1094B4FF080521A6047
:1094E000BFF34F8FBFF36F8F01E0FFF711F800BF9D
:1094F0001037BD4680BD00BFC40C0220C80C02203E
:1095000004ED00E080B485B000AF78600E4B1B68BE
:109510001B68002B01D1012200E000227B681A6049
:109520007B681B68002B05D1074B1B68DB681B6839
:10953000FB6001E00023FB60FB6818461437BD4662
:109540005DF8047B704700BFC00C022080B584B07A
:1095500000AF7860FFF77CF8F8600B4B1B68FA6887
:109560009A4205D200F022F97B6801221A6002E0DB
:109570007B6800221A60044AFB681360FB68184687
:109580001037BD4680BD00BFD00C022080B586B02C
:1095900000AFF860B9607A603B6000237B61FB68D4
:1095A000BA685A60FB68FA681A61BA687B689A42BE
:1095B00012D87A683B68D21AFB689B699A4202D338
:1095C00001237B611BE0104B1A68FB6804331946CA
:1095D0001046FDF747FB12E07A683B689A4206D2D4
:1095E000BA683B689A4202D301237B6107E0074BCC
:1095F0001A68FB68043319461046FDF733FB7B6994
:1096000018461837BD4680BDC40C0220C00C02208D
:1096100080B58CB002AFB6E0BB68002BC0F2B3805F
:109620003B697B627B6A5B69002B04D07B6A0433F5
:109630001846FDF750FB3B1D1846FFF787FF3862C1
:10964000BB68092B00F29C8001A252F823F000BFF6
:10965000799600087996000879960008F396000834
:109660000797000857970008799600087996000830
:10967000F3960008079700087B6A93F8283043F0B8
:109680000103DAB27B6A83F82820FA687B6A9B6957
:10969000D118FB683A6A786AFFF778FF0346002B17
:1096A00070D07B6A1B6A786A98477B6A93F8283087
:1096B00003F00403002B65D0FA687B6A9B691A44A7
:1096C0000023009300230021786AFFF719FEF86158
:1096D000FB69002B56D14FF0500372B683F311880B
:1096E000BFF36F8FBFF34F8F62B6BB6100BF00BF88
:1096F000FDE77B6A93F8283023F00103DAB27B6A36
:1097000083F828203FE07B6A93F8283043F0010378
:10971000DAB27B6A83F82820FA687B6A9A617B6AEE
:109720009B69002B0DD14FF0500372B683F3118863
:10973000BFF36F8FBFF34F8F62B67B6100BF00BF77
:10974000FDE77B6A9A693B6AD1183B6A3A6A786A94
:10975000FFF71CFF17E07B6A93F8283003F0020341
:10976000002B03D1786A00F085FC0CE07B6A93F84B
:10977000283023F00103DAB27B6A83F8282002E064
:1097800000BF00E000BF084B1B6807F10801002282
:109790001846FDF79DFF0346002B7FF43DAF00BF49
:1097A00000BF2837BD4680BDC80C022080B588B0F8
:1097B00002AF4BE02F4B1B68DB681B683B612D4BF6
:1097C0001B68DB68DB68FB60FB6804331846FDF749
:1097D00082FAFB681B6AF8689847FB6893F82830A0
:1097E00003F00403002B31D0FB689B693A691344F2
:1097F000BB60BA683B699A420ED9FB68BA685A6086
:10980000FB68FA681A611B4B1A68FB680433194637
:109810001046FDF727FA19E00023009300233A6968
:109820000021F868FFF76CFD78607B68002B0DD194
:109830004FF0500372B683F31188BFF36F8FBFF3FD
:109840004F8F62B63B6000BF00BFFDE7094B1B684E
:109850001B68002BAED1074B1B687B61064B1B6856
:10986000044A1360044A7B69136000BF1837BD4681
:1098700080BD00BFC00C0220C40C022080B582B0A5
:1098800002AF00F02BFE154B1B68002B20D11448B3
:10989000FDF797F91348FDF794F9134B104A1A6036
:1098A000124B104A1A6000230093114B114A0C21ED
:1098B0001020FDF7A7FA0346084A1360074B1B6800
:1098C000002B05D0054B1B680B491846FEF7D2FA52
:1098D00000F03AFE00BFBD4680BD00BFC80C0220AC
:1098E000980C0220AC0C0220C00C0220C40C0220F8
:1098F000940D0220D40C0220E894020880B485B0B4
:1099000000AF0346FB800023FB60B7F90630842BD1
:1099100005D0B7F90620FB6813440333FB60FB68EE
:1099200018461437BD465DF8047B704780B483B099
:1099300000AFEFF305837B607B68002B14BF01232E
:109940000023DBB218460C37BD465DF8047B704738
:1099500080B500AFFEF762FD0023184680BD80B5DC
:1099600000AFFFF7E3FF0346002B03D0FEF780FEB6
:10997000034602E0FEF76CFE0346184680BDF0B5D4
:1099800089B004AF786039607B685B69002B20D0B8
:109990007B689B69002B1CD07B685C687B681D68BA
:1099A0007B681E697B68B3F908301846FFF7A6FF8D
:1099B00001467B685B697A68926902920193009123
:1099C0003B68324629462046FEF7B2FA0346FB6062
:1099D0001CE07B685C687B681D687B681B699EB2C5
:1099E0007B68B3F908301846FFF788FF024607F195
:1099F0000C03019300923B68324629462046FEF74D
:109A0000FDFA0346012B01D0002300E0FB68184655
:109A10001437BD46F0BD80B582B000AF786078687D
:109A2000FEF732FC002318460837BD4680BD80B5DE
:109A300084B000AF78607B68FB60FB68002B01D0CE
:109A4000FB6800E001231846FEF7B0FC002318462F
:109A50001037BD4680BD80B582B000AF78607B68AE
:109A60005B68002B07D07B685B6819460120FDF717
:109A7000E8FA034603E00120FDF7CBFA0346184657
:109A80000837BD4680BD000080B584B000AF786067
:109A900039600023BB607B68002B01D180233AE052
:109AA0000023FB603B68B3F1FF3F03D14FF0FF336E
:109AB000FB6009E03B68002B06D03B68FB60FB685D
:109AC000002B01D10123FB60FFF730FF0346002B81
:109AD00017D007F108031A4600217868FDF7F8FF50
:109AE0000346012B01D0FF2315E0BB68002B11D0EA
:109AF0000B4B4FF080521A60BFF34F8FBFF36F8F45
:109B000008E0F9687868FDF7CBFE0346012B01D029
:109B1000FF2300E0002318461037BD4680BD00BF7C
:109B200004ED00E080B584B000AF78600023FB60F6
:109B30000023BB60FFF7FAFE0346002B16D007F1A7
:109B4000080319467868FDF72AFD0346012B01D06A
:109B5000FF2317E0BB68002B13D00C4B4FF0805253
:109B60001A60BFF34F8FBFF36F8F0AE0002300220C
:109B700000217868FDF766FB0346012B01D0FF2327
:109B8000FB60FB6818461037BD4680BD04ED00E061
:109B900080B586B002AF786039607B685B68002B67
:109BA00016D03B68012B0AD17B685B6803220092C8
:109BB000002200210120FDF725F9034623E0386843
:109BC00039687B685B681A46FDF7C6FA03461AE0F7
:109BD0003B68012B10D1032200210120FDF799F9E8
:109BE000F860FB68002B05D0002300220021F868F4
:109BF000FDF728FBFB6806E03B683A68114618460B
:109C0000FDF7E7FA034618461037BD4680BD000051
:109C100080B584B000AF786039600023BB607B689A
:109C2000002B01D180233AE00023FB603B68B3F1B5
:109C3000FF3F03D14FF0FF33FB6009E03B68002B8F
:109C400006D03B68FB60FB68002B01D10123FB6061
:109C5000FFF76CFE0346002B17D007F108031A46E6
:109C600000217868FDF734FF0346012B01D0FF2364
:109C700015E0BB68002B11D00B4B4FF080521A60DF
:109C8000BFF34F8FBFF36F8F08E0F9687868FDF777
:109C900007FE0346012B01D0FF2300E000231846F6
:109CA0001037BD4680BD00BF04ED00E080B584B034
:109CB00000AF78600023FB600023BB60FFF736FE37
:109CC0000346002B16D007F1080319467868FDF704
:109CD00066FC0346012B01D0FF2317E0BB68002B75
:109CE00013D00C4B4FF080521A60BFF34F8FBFF36D
:109CF0006F8F0AE00023002200217868FDF7A2FAA6
:109D00000346012B01D0FF23FB60FB681846103788
:109D1000BD4680BD04ED00E090B585B002AF78602F
:109D200039607B689B68002B11D07B68DB68002B57
:109D30000DD07B6818687B6859687B689A687B6877
:109D4000DB6800240094FDF75DF8034608E07B68BB
:109D500018687B685B6800221946FDF7DAF803464D
:109D600018460C37BD4690BD80B586B000AFF86090
:109D7000B9607A6000233B617B687B617B69002B63
:109D800001D101237B61FFF7D1FD0346002B18D0E1
:109D900007F1100207F108010023F868FDF75CFBEA
:109DA0000346012B01D0FF2318E03B69002B14D0A0
:109DB0000C4B4FF080521A60BFF34F8FBFF36F8F81
:109DC0000BE007F1080100237A69F868FDF73AFA19
:109DD0000346012B01D0FF2300E00023184618376B
:109DE000BD4680BD04ED00E090B58BB000AFF860DB
:109DF000B9607A60BB68FB610023BB61BB68002B64
:109E00000AD180237B61FB681C4607F1140393E8A9
:109E1000070084E8070054E000233B6200237B62D4
:109E20007B68B3F1FF3F03D14FF0FF337B6209E062
:109E30007B68002B06D07B687B627B6A002B01D19C
:109E400001237B62FFF772FD0346002B1CD007F154
:109E5000200207F1140304331946B868FDF738FEF1
:109E60000346012B02D110237B6101E000237B61BB
:109E70003B6A002B1DD0154B4FF080521A60BFF388
:109E80004F8FBFF36F8F14E007F1140304337A6A26
:109E90001946B868FDF71CFC0346012B02D11023BC
:109EA0007B6106E07B6A002B01D1002300E04023A8
:109EB0007B61FB681C4607F1140393E8070084E804
:109EC0000700F8682C37BD4690BD00BF04ED00E0E8
:109ED00080B58AB000AF78600023FB61FEF70AFB13
:109EE0005F4B1B68002B01D100F030F95D4B1A6805
:109EF0007B681340002B40F094807B68002B20D0BF
:109F000008227B6813447B607B6803F00703002B07
:109F100017D07B6823F0070308337B607B6803F06E
:109F20000703002B0DD04FF0500372B683F3118856
:109F3000BFF36F8FBFF34F8F62B67B6100BF00BF6F
:109F4000FDE77B68002B6CD0474B1B687A689A4210
:109F500067D8464B3B62454B1B687B6204E07B6ADB
:109F60003B627B6A1B687B627B6A5B687A689A42A9
:109F700003D97B6A1B68002BF1D1394B1B687A6AC5
:109F80009A424ED03B6A1B6808221344FB617B6AED
:109F90001A683B6A1A607B6A5A687B68D21A08237F
:109FA0005B009A4222D97A6A7B681344BB61BB6921
:109FB00003F00703002B0DD04FF0500372B683F36C
:109FC0001188BFF36F8FBFF34F8F62B63B6100BF45
:109FD00000BFFDE77B6A5A687B68D21ABB695A608A
:109FE0007B6A7A685A60B86900F012F91E4B1A68E9
:109FF0007B6A5B68D31A1C4A13601B4B1A681C4BA4
:10A000001B689A4203D2184B1B68194A13607B6A7B
:10A010005A68144B1B681A437B6A5A607B6A002299
:10A020001A60FEF775FAFB69002B01D10EF06EFC89
:10A03000FB6903F00703002B0DD04FF0500372B6FD
:10A0400083F31188BFF36F8FBFF34F8F62B6FB604E
:10A0500000BF00BFFDE7FB6918462837BD4680BD3D
:10A06000EC9D0320F89D0320F09D0320E49D032038
:10A07000F49D032080B586B000AF78607B687B617B
:10A080007B68002B4ED008235B427A6913447B61C6
:10A090007B693B613B695A68244B1B681340002B6A
:10A0A0000DD14FF0500372B683F31188BFF36F8F59
:10A0B000BFF34F8F62B6FB6000BF00BFFDE73B6997
:10A0C0001B68002B0DD04FF0500372B683F311883C
:10A0D000BFF36F8FBFF34F8F62B6BB6000BF00BF8F
:10A0E000FDE73B695A68114B1B681340002B19D0E0
:10A0F0003B691B68002B15D13B695A680B4B1B68E9
:10A10000DB431A403B695A60FEF7F4F93B695A6831
:10A11000074B1B681344064A1360386900F078F84F
:10A12000FEF7F6F900BF1837BD4680BDF89D032045
:10A13000F09D032080B400AF034B1B681846BD465A
:10A140005DF8047B704700BFF09D032080B485B0AC
:10A1500000AF4FF4C833BB60274BFB60FB6803F0D4
:10A160000703002B0CD0FB680733FB60FB6823F070
:10A170000703FB60BA68FB68D31A1F4A1344BB602D
:10A18000FB687B601D4A7B6813601C4B00225A6091
:10A190007B68BA681344FB600822FB689B1AFB606B
:10A1A000FB6823F00703FB60FB68154A1360144B40
:10A1B0001B6800225A60124B1B6800221A607B68E1
:10A1C0003B603B68FA68D21A3B685A600C4B1A68CD
:10A1D0003B681A603B685B680A4A13603B685B68CF
:10A1E000094A1360094B4FF000421A6000BF143750
:10A1F000BD465DF8047B7047E40D0220E49D03201A
:10A20000EC9D0320F49D0320F09D0320F89D032086
:10A2100080B485B000AF7860284BFB6002E0FB683B
:10A220001B68FB60FB681B687A689A42F7D8FB687A
:10A23000BB60FB685B68BA6813447A689A4208D1CD
:10A24000FB685A687B685B681A44FB685A60FB6865
:10A250007B607B68BB607B685B68BA681A44FB689C
:10A260001B689A4218D1FB681A68154B1B689A4202
:10A270000DD07B685A68FB681B685B681A447B6872
:10A280005A60FB681B681A687B681A6008E00C4B10
:10A290001A687B681A6003E0FB681A687B681A60BA
:10A2A000FA687B689A4202D0FB687A681A6000BF3D
:10A2B0001437BD465DF8047B704700BFE49D032062
:10A2C000EC9D032080B485B000AFF860B9607A607F
:10A2D000FB68043BFB60FB684FF080721A60FB6810
:10A2E000043BFB60BB6823F00102FB681A60FB685B
:10A2F000043BFB600C4AFB681A60FB68143BFB6084
:10A300007A68FB681A60FB68043BFB60FB686FF0CF
:10A3100002021A60FB68203BFB60FB68184614379A
:10A32000BD465DF8047B70472DA3000880B485B05E
:10A3300000AF00237B60154B1B68B3F1FF3F0DD0CE
:10A340004FF0500372B683F31188BFF36F8FBFF3E2
:10A350004F8F62B6FB6000BF00BFFDE74FF05003B8
:10A3600072B683F31188BFF36F8FBFF34F8F62B65E
:10A37000BB6000BF00BF7B68002BFCD000BF00BFEC
:10A380001437BD465DF8047B704700BF0C00022007
:10A39000074B19680868B0E8F04F80F30988BFF3ED
:10A3A0006F8F4FF0000080F311887047AFF300808B
:10A3B000680A022000BF00BF08480068006880F3F8
:10A3C00008884FF0000080F3148862B661B6BFF3CE
:10A3D0004F8FBFF36F8F00DF00BF00BF08ED00E0BD
:10A3E00080B584B000AF374BFB60FB681B78DBB2F5
:10A3F0007B60FB68FF221A70FB681B78DBB2FB7086
:10A40000FB78DBB203F05003DAB22F4B1A702F4BFC
:10A4100007221A6009E02D4B1B68013B2B4A136091
:10A42000FB78DBB25B00DBB2FB70FB78DBB203F0E6
:10A430008003802BEFD0254B1B68C3F10703042B4F
:10A440000DD04FF0500372B683F31188BFF36F8FB6
:10A45000BFF34F8F62B6BB6000BF00BFFDE71B4B71
:10A460001B681B02194A1360184B1B6803F4E06356
:10A47000164A13607B68DAB2FB681A70144B1B68CB
:10A48000134A43F470031360114B1B68104A43F0E6
:10A490007043136000F0DCF80E4B00221A6000F0ED
:10A4A000FBF80D4B1B680C4A43F040431360FFF769
:10A4B00083FFFEF7ABF9FFF739FF0023184610378B
:10A4C000BD4680BD00E400E0FC9D0320009E03200B
:10A4D00020ED00E00C00022034EF00E080B483B0F7
:10A4E00000AF4FF0500372B683F31188BFF36F8F44
:10A4F000BFF34F8F62B67B6000BF114B1B68013307
:10A500000F4A13600E4B1B68012B12D10D4B1B68B9
:10A51000DBB2002B0DD04FF0500372B683F31188DD
:10A52000BFF36F8FBFF34F8F62B63B6000BF00BFBA
:10A53000FDE700BF0C37BD465DF8047B704700BFE8
:10A540000C00022004ED00E080B483B000AF134B98
:10A550001B68002B0DD14FF0500372B683F31188A6
:10A56000BFF36F8FBFF34F8F62B67B6000BF00BF3A
:10A57000FDE70A4B1B68013B084A1360074B1B6849
:10A58000002B05D100233B603B6883F3118800BF9B
:10A5900000BF0C37BD465DF8047B70470C000220FD
:10A5A000EFF30980BFF36F8F154B1A681EF0100F81
:10A5B00008BF20ED108A20E9F04F106009B44FF079
:10A5C000500072B680F31188BFF34F8FBFF36F8FC7
:10A5D00062B6FEF71BF94FF0000080F3118809BC4A
:10A5E00019680868B0E8F04F1EF0100F08BFB0EC13
:10A5F000108A80F30988BFF36F8F7047AFF3008034
:10A60000680A022000BF00BF80B582B000AF4FF0E3
:10A61000500372B683F31188BFF36F8FBFF34F8F70
:10A6200062B67B6000BFFEF735F80346002B03D00F
:10A63000064B4FF080521A6000233B603B6883F367
:10A64000118800BF00BF0837BD4680BD04ED00E0A3
:10A6500080B400AF0B4B00221A600B4B00221A6033
:10A660000A4B1B680A4AA2FB03239B09094A013BC8
:10A670001360044B07221A6000BFBD465DF8047BDF
:10A68000704700BF10E000E018E000E0000002208A
:10A69000D34D621014E000E0DFF80C00016841F4D3
:10A6A00070010160704700BF88ED00E080B485B0A4
:10A6B00000AFEFF30583FB60FB680F2B17D91A4A35
:10A6C000FB6813441B78FB72184B1B78FA7A9A428A
:10A6D0000DD24FF0500372B683F31188BFF36F8F22
:10A6E000BFF34F8F62B67B6000BF00BFFDE7104B2A
:10A6F0001B6803F4E0620F4B1B689A420DD94FF0C0
:10A70000500372B683F31188BFF36F8FBFF34F8F7F
:10A7100062B63B6000BF00BFFDE700BF1437BD4617
:10A720005DF8047B704700BFF0E300E0FC9D032070
:10A730000CED00E0009E032080B586B000AF78608D
:10A7400039600E23FB827B685B890E2B6ED97B6898
:10A75000DB7B002B06D13B6893F834300133DAB24F
:10A760007B68DA737B685B683B613B691A7B5B7B68
:10A770001B021343FB813B691B7803F00103002B91
:10A7800023D03B691B78012B0FD13B695B78002BF1
:10A790001BD13B699B785E2B17D17B685B7B43F0B9
:10A7A0001003DAB27B685A730FE03B69062228492E
:10A7B00018461CF089FB0346002B06D17B685B7BA7
:10A7C00043F00803DAB27B685A73FB89082B03D085
:10A7D000B3F5C16F14D032E03B6893F8313003F029
:10A7E0000803002B24D0FB8A1946786801F0D0FEBC
:10A7F0000346002B1ED1396878680AF027FD13E064
:10A800003B6893F8313003F00803002B14D0FB8A27
:10A810001946786801F0BCFE0346002B0ED139685A
:10A82000786809F073FE00BF00230CE000BF06E06B
:10A8300000BF04E000BF02E000BF00E000BF786896
:10A8400001F02CFF002318461837BD4680BD00BF1D
:10A85000E4F1020880B586B000AFF860B9607A60B4
:10A860003B603B8C184600F079FA0346FB820E21D0
:10A87000B86801F07DFE0346002B25D1BB685B68FC
:10A880003B613B69FA8A9A813B690622396818461E
:10A890001DF079FA3B6906330622796818461DF0E7
:10A8A00072FAFB6893F83030062B06D00A4B4FF44F
:10A8B00099720A490A481CF067F9FB689B69B968F4
:10A8C000F8689847034602E000BF6FF0010318469E
:10A8D0001837BD4680BD00BFF094020840950208BD
:10A8E0007495020880B584B000AF78607B68FB6027
:10A8F000FB685868FB689968FB68DA68FB681B6945
:10A9000001F0BEF9002318461037BD4680BD80B562
:10A9100084B000AF78607B68FB60FB68DB68002B6D
:10A9200007D0FB68DB68FA68526810469847034610
:10A9300006E0FB689B68FA68526810469847002357
:10A9400018461037BD4680BD80B58EB000AFF860A8
:10A95000B9607A603B60BB68002B01D1114BBB60D2
:10A960007B68002B01D10F4B7B603B68002B01D132
:10A970000C4B3B60FB68BB61BB68FB617B683B6267
:10A980003B687B6207F114031946074800F084F91D
:10A99000034687F8373097F9373018463837BD46C1
:10A9A00080BD00BF0CF30208E5A8000880B58EB09A
:10A9B00000AFF860B9607A60FB68BB61BB68FB619F
:10A9C0007B683B6207F114031946064800F064F9FE
:10A9D000034687F8373097F9373018463837BD4681
:10A9E00080BD00BF0FA9000880B584B000AF7860BB
:10A9F000396008F0A3FAF860FB68B3F1FF3F0BD1B0
:10AA000013480BF01EFF0022396878680BF090FEA7
:10AA10000F480BF007FF18E0FB68002B02D108F08D
:10AA200053FAE6E70A480BF00CFFFA6839687868D1
:10AA30000BF07EFEB86006480BF0F4FEBB68B3F185
:10AA4000FF3F02D108F040FAD3E71037BD4680BD82
:10AA5000109E032080B584B000AF786010480BF0E2
:10AA6000E1FE104B1B68002B05D00E4B1B680E4AF5
:10AA700012681046984707F10C0319460B48FFF778
:10AA8000B3FFFB68002B06D1094B912209490A4804
:10AA90001CF07AF803E0FB68184600F00FF8EAE7CC
:10AAA000109E0320049E0320089E03200C9E03207A
:10AAB0009C950208E89502080896020880B582B0C5
:10AAC00000AF78607B681B78022B26D0022B2BDC32
:10AAD000002B02D0012B15D026E07B68DB687A685A
:10AAE00050687A689268114698470346002B04D054
:10AAF0007B685B68184601F0D1FD7968092000F099
:10AB0000A3FE18E07B685B687A68926810469847F5
:10AB10007968082000F098FE0DE07B685B687A6831
:10AB200092681046984706E0054BCF220549064833
:10AB30001CF02AF800BF00BF0837BD4680BD00BF2B
:10AB40009C950208E89502080896020880B586B030
:10AB500000AFF860B9607A601A480BF028FE03462F
:10AB6000002B05D1184BFC22184919481CF00CF891
:10AB7000092000F0F3FD78617B69002B02D14FF0D2
:10AB8000FF331AE07B6900221A707B69FA685A6009
:10AB90007B69BA689A607B697A68DA607969094882
:10ABA0000BF0ACFD0346002B06D07969092000F0BC
:10ABB0004BFE4FF0FF3300E0002318461837BD4628
:10ABC00080BD00BF0C9E03209C95020830960208B1
:10ABD0000896020880B582B000AF786039603B68A3
:10ABE00093F8313003F01803002B06D0084A396877
:10ABF0007868FFF7ABFF034605E0064A39687868D6
:10AC0000FFF7A4FF034618460837BD4680BD00BFC6
:10AC100039A700084D52010880B584B000AF7860B4
:10AC2000396019480BF0C3FD0346002B06D1174BC2
:10AC300040F25D12164917481BF0A6FF082000F0ED
:10AC40008DFDF860FB68002B02D14FF0FF3317E059
:10AC5000FB6801221A70FB687A685A60FB683A68E0
:10AC60009A60F96808480BF049FD0346002B06D0AE
:10AC7000F968082000F0E8FD4FF0FF3300E0002302
:10AC800018461037BD4680BD0C9E03209C950208D7
:10AC9000309602080896020880B584B000AF78604C
:10ACA000396008480BF0BEFD7B683868984703465A
:10ACB000FB7304480BF0C5FD97F90F3018461037A9
:10ACC000BD4680BD109E032080B584B002AF786081
:10ACD000396000F072F8174A7B681360164A3B68C7
:10ACE0001360062115480BF0E7FC0346002B06D045
:10ACF000134B40F26122134913481BF045FF1348E0
:10AD00000BF074FD0346002B06D00D4B40F265227C
:10AD10000F490D481BF038FF002300934FF4805378
:10AD200000220C490C480BF099FD00BF0837BD46C6
:10AD300080BD00BF049E0320089E03200C9E0320BC
:10AD40009C9502084096020808960208109E03206F
:10AD50006496020855AA00088896020880B483B059
:10AD600000AF0346FB80B7F906301B021AB2FB881E
:10AD70001B0A9BB21BB213431BB29BB218460C3783
:10AD8000BD465DF8047B704780B483B000AF786047
:10AD90007B681A067B681B0203F47F031A437B68F7
:10ADA0001B0A03F47F431A437B681B0E13431846A8
:10ADB0000C37BD465DF8047B704780B582B000AFAC
:10ADC00000237B600BF004FD00F0D4F800F058FC89
:10ADD00000F064FD08F0EAF801F0F8FF07F0F2FF78
:10ADE00000BF0837BD4680BD80B483B000AF0346C6
:10ADF000FB80054B1A68FB88134418460C37BD4688
:10AE00005DF8047B704700BF44FE032080B483B02C
:10AE100000AF7860054B1B687A68D31A9BB218465E
:10AE20000C37BD465DF8047B704700BF44FE03202D
:10AE300090B585B000AF7860454B1B687A689A4240
:10AE400006D2444B40F2DF12434944481BF09CFEBB
:10AE5000434B1B687A689A4206D33E4B4FF4F0721C
:10AE600040493E481BF090FE7B681B79002B06D0C2
:10AE7000384B40F2E1123C4938481BF085FE7B68B4
:10AE80001B88B3F5C04F06D9324B4FF4F2723749E5
:10AE900032481BF079FE7B681B881846FFF7A4FF39
:10AEA000F8607A68FB689A4224D0FB681B79002B13
:10AEB00020D12B4B1B68FA689A421BD02C4B1B6885
:10AEC000FA689A4202D12A4A7B681360FB681A88A2
:10AED0007B681A80FB681B88B3F5C04F0AD0FB68FB
:10AEE0001B881846FFF780FF04467868FFF78EFF3F
:10AEF000034663807B685B881846FFF775FFB86080
:10AF0000BA687B689A421FD0BB681B79002B1BD1A3
:10AF1000174B1B687A689A4202D1154ABB681360C6
:10AF20007B681A88BB681A807B681B88B3F5C04FA2
:10AF30000AD07B681B881846FFF756FF0446B8689E
:10AF4000FFF764FF0346638000BF1437BD4690BD22
:10AF500044FE032098960208E4960208FC96020834
:10AF600048FE032024970208409702085C970208D5
:10AF700050FE032080B582B000AF1F4B073323F093
:10AF800007031A461D4B1A601C4B1B687B607B68CD
:10AF90004FF4C0421A807B6800225A807B680022EE
:10AFA0001A714FF4C040FFF71FFF0346144A1360A5
:10AFB000134B1B6801221A71114B1B684FF4C042DE
:10AFC0001A800F4B1B684FF4C0425A800B4B1B6812
:10AFD0000C4A13600C480BF009FC0346002B06D00A
:10AFE0000A4B40F21F220A490A481BF0CDFD00BF60
:10AFF0000837BD4680BD00BF2C9E032044FE0320C1
:10B0000048FE032050FE03204CFE032098960208C1
:10B0100088970208FC96020880B586B000AF786079
:10B020007868FFF7F3FE0346FB827B681B881846AF
:10B03000FFF7DAFE38617B685B881846FFF7D4FEBD
:10B04000F8607B681B88B3F5C04F18D87B685B88B5
:10B05000B3F5C04F13D87B685B88FA8A9A4204D054
:10B06000FB681B88FA8A9A4209D1084B1B683A6927
:10B070009A4206D03B695B88FA8A9A4201D0002343
:10B0800000E0012318461837BD4680BD48FE032066
:10B0900080B588B000AF78607B68002B70D07B688B
:10B0A00003F00703002B0DD0374B40F273223749D2
:10B0B00037481BF069FD0BF0F7FBF860F8680BF000
:10B0C00001FC5EE07B68083BFB61324B1B68FA6960
:10B0D0009A4206D37B6803F110022F4B1B689A42F9
:10B0E0000DD9294B40F27F222C4929481BF04CFDF9
:10B0F0000BF0DAFB386138690BF0E4FB41E02848DB
:10B100000BF090FBFB691B79002B10D11E4B4FF409
:10B11000237224491E481BF037FD21480BF091FB98
:10B120000BF0C2FB786178690BF0CCFB29E0F86981
:10B13000FFF772FF0346002B10D1134B40F295220C
:10B14000194913481BF020FD15480BF07AFB0BF052
:10B15000ABFBB861B8690BF0B5FB12E0FB690022EC
:10B160001A71124B1B68FA699A4202D20F4AFB69A4
:10B170001360F869FFF75CFE09480BF062FB00E022
:10B1800000BF2037BD4680BD98960208A4970208EC
:10B19000FC96020844FE032048FE0320C8970208DC
:10B1A0004CFE0320E49702080C98020850FE03208E
:10B1B00080B588B000AF78600B467B807B88073312
:10B1C0009BB223F00703FB83FB8B0F2B01D81023CB
:10B1D000FB83FB8BB3F5C04F03D8FA8B7B889A4275
:10B1E00001D20023D8E06E4B1B687A689A4204D3E0
:10B1F0006C4B1B687A689A4206D36B4B40F2D122A3
:10B200006A496B481BF0C0FC654B1B687A689A4220
:10B2100004D3644B1B687A689A4207D30BF044FB53
:10B22000B860B8680BF04EFB7B68B5E07B68083B04
:10B23000BB61B869FFF7EAFD0346FB82BB691A8868
:10B24000FB8AD31A9BB2083BBB82FA8BBB8A9A4219
:10B2500006D9554B4FF43972564955481BF094FCAA
:10B26000FA8BBB8A9A4201D9002395E0FA8BBB8AFC
:10B270009A4201D17B688FE04F480BF0D3FABB694B
:10B280001B881846FFF7B0FD38613B691B79002B1E
:10B290003FD1BB691B88B3F5C04F06D1424B40F28A
:10B2A000F522464942481BF06FFC3B691B88BB8175
:10B2B000FA8AFB8B13449BB20833FB81404B1B681B
:10B2C0003A699A4206D1FB891846FFF78DFD03467D
:10B2D0003B4A1360FB891846FFF786FD38613B69DE
:10B2E00000221A713B69BA891A803B69FA8A5A802E
:10B2F000BB69FA891A803B691B88B3F5C04F47D0F8
:10B300003B691B881846FFF76FFD0246FB89538097
:10B310003EE0FB8B03F11802BB8A9A4238D8FA8AC6
:10B32000FB8B13449BB20833FB81BB691B88B3F5CD
:10B33000C04F06D11C4B40F2163220491C481BF06E
:10B3400023FCFB891846FFF74FFD38611C4B1B6837
:10B350003A699A4202D21A4A3B6913603B69002259
:10B360001A71BB691A883B691A803B69FA8A5A804C
:10B37000BB69FA891A803B691B88B3F5C04F07D0B7
:10B380003B691B881846FFF72FFD0246FB89538057
:10B3900009480BF056FA7B6818462037BD4680BD39
:10B3A00044FE032048FE03209896020840980208B5
:10B3B000FC960208589802084CFE03207898020870
:10B3C00050FE032080B588B000AF0346FB80FB88A9
:10B3D000002B01D10023E2E0FB8807339BB223F06E
:10B3E0000703BB83BB8B0F2B01D81023BB83BB8B05
:10B3F000B3F5C04F03D8BA8BFB889A4201D2002321
:10B40000CDE069480BF00EFA684B1B681846FFF751
:10B41000FDFC0346FB83B7E0FB8B1846FFF7E4FC1B
:10B4200078617B691B79002B40F0A7807B691B88C2
:10B430001A46FB8BD31AA3F10802BB8B9A42C0F0C9
:10B440009C807B691B881A46FB8BD31AA3F10802E8
:10B45000BB8B18339A4233D3FA8BBB8B13449BB20A
:10B4600008337B827B8AB3F5C04F06D1504B40F244
:10B470008732504950481BF087FB7B8A1846FFF7FC
:10B48000B3FCF860FB6800221A717B691A88FB68BC
:10B490001A80FB68FA8B5A807B697A8A1A807B69EA
:10B4A00001221A71FB681B88B3F5C04F0BD0FB68F3
:10B4B0001B881846FFF798FC02467B8A538002E0FF
:10B4C0007B6901221A71394B1B687A699A4227D12C
:10B4D000364B1B68BB6105E0BB691B881846FFF74C
:10B4E00083FCB861BB691B79002B04D0334B1B680C
:10B4F000BA699A42F0D12D4ABB6913602B4B1A6886
:10B500002E4B1B689A420BD0284B1B681B79002BD3
:10B5100006D0274B40F2B532294927481BF034FBAF
:10B5200021480BF08EF9BA8B7B6913440833234A08
:10B530001268934206D91E4B40F2B93221491E4887
:10B540001BF022FB7B6903F00703002B06D0184B8E
:10B5500040F2BB321C4918481BF016FB7B6903F014
:10B560000703002B06D0124B40F2BD321749124898
:10B570001BF00AFB7B69083311E0FB8B1846FFF7D1
:10B5800033FC03461B88FB83FA8BBB8BC3F5C0439C
:10B590009A42FFF441AF04480BF053F900231846D8
:10B5A0002037BD4680BD00BF4CFE032050FE032067
:10B5B0009896020878980208FC96020848FE032034
:10B5C0008C980208A8980208D898020808990208DE
:10B5D00080B584B000AF03460A46FB801346BB80AB
:10B5E000FB88BA8802FB03F3FB60FB689BB21A4638
:10B5F000FB68934201D000230EE0FB689BB2184623
:10B60000FFF7E0FEB860BB68002B04D0FA680021A9
:10B61000B8681BF082FCBB6818461037BD4680BD79
:10B6200080B485B000AF78607B689B6800221A60A8
:10B630007B685B68073323F00703BB600023FB6074
:10B6400011E07B689B681A68BB681A607B689B681E
:10B65000BA681A607B681B881A46BB681344BB60D3
:10B66000FB680133FB607B685B881A46FB6893428A
:10B67000E7DB00BF00BF1437BD465DF8047B7047B1
:10B6800080B582B000AF0023FB8009E0FB88084A48
:10B6900052F823301846FFF7C3FFFB880133FB80C5
:10B6A000FB880C2BF2D900BF00BF0837BD4680BD18
:10B6B00090F2020880B584B000AF78600BF0F4F827
:10B6C000F8607B689B681B68BB60BB68002B15D06B
:10B6D0007B689B68BA6812681A60BB6803F007034E
:10B6E000002B06D0094B4FF48C72094909481BF016
:10B6F0004BFAF8680BF0E6F8BB6803E0F8680BF06B
:10B70000E1F8002318461037BD4680BD2C99020889
:10B71000789902089C99020880B582B000AF7860E1
:10B720007B68002B06D10A4B4FF49E7209490A48E8
:10B730001BF02AFA7B68002B01D1002303E0786814
:10B74000FFF7B8FF034618460837BD4680BD00BF67
:10B750002C990208C49902089C99020880B584B00B
:10B7600000AF0346FB71FB790C2B08D90A4B40F262
:10B7700057120A490A481BF007FA002308E0FB7930
:10B78000084A52F823301846FFF794FFF860FB6828
:10B7900018461037BD4680BD2C990208D89902087A
:10B7A0009C99020890F2020880B584B000AF7860DE
:10B7B00039603B6803F00703002B06D00D4B4FF4B4
:10B7C000B6720D490D481BF0DFF93B68FB600BF0CA
:10B7D0006BF8B8607B689B681A68FB681A607B68C6
:10B7E0009B68FA681A60B8680BF06CF800BF1037F5
:10B7F000BD4680BD2C990208F89902089C99020860
:10B8000080B582B000AF786039607B68002B06D1CC
:10B810000A4B40F295120A490A481BF0B5F97B68B9
:10B82000002B07D03B68002B04D039687868FFF7FD
:10B83000BBFF00E000BF0837BD4680BD2C99020861
:10B84000C49902089C99020880B582B000AF0346F3
:10B850003960FB71FB790C2B07D90C4B4FF4D57277
:10B860000B490C481BF090F90CE03B68002B08D00A
:10B87000FB79094A52F8233039681846FFF794FFDC
:10B8800000E000BF0837BD4680BD00BF2C9902080C
:10B89000189A02089C99020890F2020880B400AF3E
:10B8A00000BFBD465DF8047B7047000080B586B0E0
:10B8B00000AFF860B9607A603B60FB68002B08D18C
:10B8C0005B4B40F227125B495B481BF05DF900239C
:10B8D000A9E07B6A002B08D1554B4FF4947257496D
:10B8E00055481BF051F900239DE0BB68002B01D1A6
:10B8F000534BBB607B68002B01D1514B7B603B6895
:10B90000002B01D14E4B3B60FB6800225A60FB6864
:10B9100000229A60FB680022DA60FB68494A5A619B
:10B92000FB6800221A85FB68002283F83120FB683F
:10B9300024330422002118461BF0EFFAFB68002292
:10B94000DA61FB683A6A1A623F4B1A78FB6883F83F
:10B950003420FB68BA6A1A613B687A68B968F8688B
:10B9600000F08EF97B6AF86898470346002B01D0F7
:10B97000002358E0FB6893F83430FF2B03D1FB68B9
:10B98000002283F8342000233B61304B1B687B612D
:10B990002BE07A69FB689A4206D1254B40F28B1264
:10B9A0002B4925481BF0F0F83B6901333B613B69AB
:10B9B000FF2B06DD1E4B40F28D1226491E481BF060
:10B9C000E3F87B6993F83420FB6893F834309A42AB
:10B9D00008D1FB6893F834300133DAB2FB6883F89E
:10B9E000342005E07B691B687B617B69002BD0D12B
:10B9F0007B69002BBED1FB6893F83430FE2B03D15A
:10BA0000114B00221A7006E0FB6893F834300133C2
:10BA1000DAB20D4B1A700D4B1A68FB681A600B4AAC
:10BA2000FB681360FB6818461837BD4680BD00BF31
:10BA3000349A0208E09A02089C9A0208FC9A0208CA
:10BA40000CF3020863BF000800D80420F8D70420D4
:10BA5000209B0208349B020880B582B000AF78605A
:10BA600039603968786802F087FE3968786807F0CD
:10BA700023FF00BF0837BD4680BD000080B586B0FB
:10BA800000AFF860B9607A60BB68002B06D11D4B2F
:10BA900040F2CB121C491D481BF076F87B68002B46
:10BAA00006D1184B4FF4E672174918481BF06CF892
:10BAB000BB681A68FB6804331B689A421CD0BB68D9
:10BAC0001B687B61FB6804331A687B681A6007F1A6
:10BAD000140319467868FFF7BFFFBB68002B02D03C
:10BAE000BB681B6800E00023FA6853600121F86816
:10BAF00000F04CF9012300E0002318461837BD463A
:10BB000080BD00BF349A0208649B02089C9A020818
:10BB100080B584B000AF786039607B68002B07D1B6
:10BB20000B4B4FF4FC720B490B481BF02DF80BE04C
:10BB30003B68002B01D1094B3B6007F10C031A460F
:10BB400039687868FFF79AFF1037BD4680BD00BF9F
:10BB5000349A0208749B02089C9A02080CF30208AB
:10BB600080B485B000AFF860B9607A60BB681A68CD
:10BB7000FB6808331B689A420AD0BB68002B02D0CE
:10BB8000BB681B6800E00023FA689360012300E0B3
:10BB9000002318461437BD465DF8047B704700004B
:10BBA00080B584B000AF786039600023FB607B68AB
:10BBB000002B07D10A4B40F23A220A490A481AF0F0
:10BBC000E3FF09E03B68002B01D1084B3B60FA68BA
:10BBD00039687868FFF7C4FF1037BD4680BD00BFE5
:10BBE000349A0208949B02089C9A02080CF30208FB
:10BBF00080B485B000AFF860B9607A60BB681A683D
:10BC0000FB680C331B689A420AD0BB68002B02D039
:10BC1000BB681B6800E00023FA68D360012300E0E2
:10BC2000002318461437BD465DF8047B70470000BA
:10BC300080B584B000AF786039600023FB607B681A
:10BC4000002B07D10A4B40F277220A490A481AF022
:10BC50009BFF09E03B68002B01D1084B3B60FA6871
:10BC600039687868FFF7C4FF1037BD4680BD00BF54
:10BC7000349A0208B89B02089C9A02080CF3020846
:10BC800080B588B000AFF860B9607A603B6000238F
:10BC9000FB610023BB61BB68002B01D11C4BBB6067
:10BCA0007B68002B01D11A4B7B603B68002B01D1D4
:10BCB000174B3B60BB68002B03D0BB681B68002B95
:10BCC00001D1012300E000237B617B69002B06D0BA
:10BCD00007F110031A46B968F868FFF7CFFEFA6952
:10BCE0007968F868FFF73CFFBA693968F868FFF7C8
:10BCF0007FFF7B69002B06D107F110031A46B96854
:10BD0000F868FFF7BBFE00BF2037BD4680BD00BF0F
:10BD10000CF3020880B483B000AF7860044A7B68FB
:10BD2000136000BF0C37BD465DF8047B704700BF51
:10BD3000FCD7042080B582B000AF78607B68002B10
:10BD400007D10F4B4FF454720E490F481AF01CFFE5
:10BD500013E07B6893F8313003F00103002B0CD122
:10BD60007B6893F8313043F00103DAB27B6883F8E3
:10BD700031200321786800F009F80837BD4680BDFE
:10BD8000349A0208D49B02089C9A020880B582B0BB
:10BD900000AF78600B46FB707B68002B06D1184B18
:10BDA00040F26D32174918481AF0EEFE7B6893F89E
:10BDB000313003F00403002B1ED07B6893F8313040
:10BDC00003F00103002B17D0FB7803F00103002BD5
:10BDD00013D07B6804331B68002B0ED07B6893F86C
:10BDE000313003F00803002B07D07B680433194679
:10BDF000786808F0E5FF00E000BF0837BD4680BD69
:10BE0000349A0208F09B02089C9A020880B582B01E
:10BE100000AF78607B68002B07D1124B40F29B3259
:10BE2000114912481AF0B0FE19E07B6893F83130DE
:10BE300003F00103002B12D07B6893F8313023F01C
:10BE40000103DAB27B6883F831207B6893F83130E4
:10BE500003F00803002B02D0786808F027FB0837AE
:10BE6000BD4680BD349A0208149C02089C9A0208C0
:10BE700080B582B000AF78607B68002B07D1154B8E
:10BE80004FF47872144915481AF07EFE1EE07B6864
:10BE900093F8313003F00403002B17D17B6893F83B
:10BEA000313043F00403DAB27B6883F831207868DC
:10BEB00007F094FE03217868FFF768FF7B68DB6971
:10BEC000002B03D07B68DB69786898470837BD464C
:10BED00080BD00BF349A0208349C02089C9A020874
:10BEE00080B582B000AF78607B68002B07D1114B22
:10BEF00040F20642104911481AF046FE17E07B68EE
:10BF000093F8313003F00403002B10D07B6893F8D2
:10BF1000313023F00403DAB27B6883F831207B6888
:10BF2000DB69002B03D07B68DB69786898470837AA
:10BF3000BD4680BD349A0208589C02089C9A0208AB
:10BF400080B483B000AF786039607B68002B02D08A
:10BF50007B683A68DA6100BF0C37BD465DF8047B48
:10BF6000704780B485B000AFF860B9607A606FF058
:10BF70000B0318461437BD465DF8047B704700007C
:10BF800080B485B000AF0346FB71FB79002B13D062
:10BF90000D4B1B68FB600CE0FB6893F834300133F9
:10BFA000DBB2FA799A4201D1FB6806E0FB681B68B4
:10BFB000FB60FB68002BEFD1002318461437BD4609
:10BFC0005DF8047B704700BFF8D7042080B582B0CD
:10BFD00000AF0AF069FC38600D4B00221A70386817
:10BFE0000AF070FC0B4B1B687B600AE07B685B6FA0
:10BFF000002B03D0786802F0FDFB05E07B68DB686E
:10C000007B607B68002BF1D10837BD4680BD00BF47
:10C0100001D8042010D8042080B582B000AF786029
:10C02000FFF7D4FF00BF0837BD4680BD80B582B0A2
:10C0300000AF0AF039FC78600F4B1B78FB700E4B99
:10C0400001221A7078680AF03DFCFB78002B0FD1B2
:10C0500000210A48FEF7E0FD0346002B08D00AF055
:10C0600023FC7860044B00221A7078680AF02AFCDE
:10C0700000BF0837BD4680BD01D8042019C00008A4
:10C0800080B485B000AFF860B96011461A460B461F
:10C09000FB801346BB80FB6800221A60FB68BA680D
:10C0A0005A60FB68FA881A81FB68BA885A813B8B10
:10C0B000DAB2FB681A73FB683A7F5A73FB68012295
:10C0C0009A73FB680022DA7300BF1437BD465DF82F
:10C0D000047B704780B58CB002AF0346FB710B4602
:10C0E000BB8013467B80FB797B847B88B3F5207F04
:10C0F0007FD0B3F5207F00F3C880B3F5C17F10D0A7
:10C10000B3F5C17F00F3C180012B02D0412B40F079
:10C11000BC807A88BB881946002000F0D1F878628C
:10C12000BDE000237B620023FB61BB887B830C2086
:10C13000FFF714FB38613B69002B09D1FFF776FF4D
:10C140007B6A002B02D0786A00F0A8FA0023A7E0EF
:10C150007B8C07339BB223F007039BB2C3F5BE630E
:10C160009BB27A8B934228BF1346FB817B8C1033A2
:10C170003A691344073323F007031846F9897A8B89
:10C18000002301937B8800930B4601463869FFF733
:10C1900077FF3B695B6803F00703002B06D0424B37
:10C1A0004FF48072414942481AF0EEFC7B8C073311
:10C1B00023F00703B3F5BE6F06D13B4B4FF48172FA
:10C1C0003C493B481AF0E0FC7B6A002B02D13B69FA
:10C1D0007B6202E0FB693A691A603B69FB617A8B1A
:10C1E000FB89D31A7B8300237B847B8B002B9ED11E
:10C1F00055E07B8C07339BB223F007039AB2BB88D0
:10C2000007339BB223F007039BB213443B833B8B62
:10C210001033FB823A8BBB88073323F007039A4223
:10C2200006D3FA8ABB88073323F007039A4201D268
:10C23000002335E0FB8A1846FFF7C4F878627B6A72
:10C24000002B01D100232BE07B8C10337A6A13443E
:10C25000073323F007031846B988BA8800230193EF
:10C260007B8800930B460146786AFFF709FF7B6ADB
:10C270005B6803F00703002B10D00B4B4FF4917257
:10C280000D490B481AF080FC08E0074B40F22712DA
:10C290000A4907481AF078FC002301E000BF7B6AD6
:10C2A00018462837BD4680BD7C9C0208C89C020801
:10C2B000F89C0208209D0208549D0208809D0208F7
:10C2C00080B586B002AF78600B467B8013463B801A
:10C2D0003B88412B09D03B88012B06D00F4B4FF4F4
:10C2E000A5720F490F481AF04FFC0B20FFF736FAE2
:10C2F000F860FB68002B01D100230BE079887A8875
:10C30000002301933B8800930B467968F868FFF798
:10C31000B7FEFB6818461037BD4680BD7C9C0208FE
:10C320009C9D0208F89C020880B588B002AF7B6033
:10C330000346FB730B46BB8113467B81FB7B7B82F1
:10C340007B8A073323F00702BB891A44BB8C9A42CD
:10C3500001D9002318E03B6A002B07D07B8A073302
:10C3600023F007033A6A13447B6101E000237B61F9
:10C370007868B989BA89022301937B8900930B46B7
:10C380007969FFF77DFE7B6818461837BD4680BD8A
:10C3900080B584B000AF78600B467B807B68002B53
:10C3A00006D13A4B4FF4CC7239493A481AF0ECFBBB
:10C3B0007B681B897A889A4263D27B681A897B885A
:10C3C000D31A3B817B887B817B68FB6018E0FB682C
:10C3D0005B897A89D31A7B81FB681A893B89D31AD6
:10C3E0009AB2FB681A81FB681B68FB60FB68002B34
:10C3F00006D1264B40F2AF12274926481AF0C4FB5B
:10C40000FB685B897A899A42E1D8FB681B7B03F061
:10C410000F03002B21D1FB685B897A899A421CD0DB
:10C42000FB685B7B03F00203002B16D1FB685A68A4
:10C43000FB68D31A9AB27B8913449BB21946F868F9
:10C44000FEF7B6FEF860FB68002B06D10F4B40F2FA
:10C45000BD1212490F481AF097FBFB687A895A817E
:10C46000FB685A89FB681A81FB681B68002B04D0A3
:10C47000FB681B68184600F011F9FB6800221A607F
:10C4800000E000BF1037BD4680BD00BF7C9C0208A5
:10C49000B09D0208F89C0208C89D0208E09D0208B1
:10C4A00080B586B000AFF860B9601346FB71FB68D9
:10C4B000002B06D12B4B40F2DF122B492B481AF0F0
:10C4C00063FBFB68002B03D0BB68B3F5803F01D34F
:10C4D000012343E0BB68002B01D100233EE0BB6891
:10C4E0007B82FB681A897B8A13449BB27A8A9A42C0
:10C4F00001D9012332E0FB681B7B3B823B8A03F0BE
:10C500008003002B0CD0FB685A68BB685B42134465
:10C510007B61FB6810337A699A420DD201231DE0DA
:10C52000FB79002B06D0FB685A68BB685B4213445A
:10C530007B6101E0012311E0FB687A695A60FB68C6
:10C540005A897B8A13449AB2FB685A81FB681A891C
:10C550007B8A13449AB2FB681A8100231846183765
:10C56000BD4680BD7C9C0208FC9D0208F89C020828
:10C5700080B582B000AF7860396000223968786891
:10C58000FFF78EFF034618460837BD4680BD000002
:10C5900080B584B000AF786039607B68002B06D12D
:10C5A000204B40F24B22204920481AF0EDFA7B68DC
:10C5B000002B03D03B68B3F5803F01D301232CE06F
:10C5C0003B68002B01D1002327E03B68FB817B689F
:10C5D0005B89FA899A4208D9124B40F255221449D4
:10C5E00012481AF0D1FA012317E07B685B68BB6040
:10C5F0007B685A683B681A447B685A607B685A8932
:10C60000FB89D31A9AB27B685A817B681A89FB89A5
:10C61000D31A9AB27B681A81002318461037BD4698
:10C6200080BD00BF7C9C0208FC9D0208F89C0208AB
:10C63000089E020880B582B000AF78600B467B8010
:10C6400013467B70B7F90230002B08DAB7F90230D5
:10C650005B4219467868FFF79BFF034607E0B7F98E
:10C6600002307A7819467868FFF71AFF03461846B1
:10C670000837BD4680BD80B582B000AF78600B46FC
:10C680007B80B7F90230012219467868FFF7D2FFA4
:10C69000034618460837BD4680BD000080B588B007
:10C6A00000AF78607B68002B0BD17B68002B06D134
:10C6B0003B4B4FF437723B493B481AF065FA002375
:10C6C00069E00023FB7762E00AF0EEF8B8617B686E
:10C6D0009B7B002B06D1324B40F2F122334932488A
:10C6E0001AF052FA7B689B7B013BDAB27B689A7343
:10C6F0007B689B7BFB75B8690AF0E4F8FB7D002B37
:10C7000043D17B681B683B617B681B7B03F00F0395
:10C71000FB737B685B7B03F00203002B11D07B680B
:10C72000BB60BB681B69002B06D11D4B40F2FF228A
:10C730001F491D481AF028FABB681B69786898479A
:10C740001DE0FB7B022B04D179680C20FFF77CF8FD
:10C7500015E0FB7B012B04D179680B20FFF774F8FF
:10C760000DE0FB7B002B03D17868FEF791FC06E01F
:10C770000B4B40F20F320F490B481AF005FAFB7FC2
:10C780000133FB773B697B6001E000237B607B68C2
:10C79000002B99D1FB7F18462037BD4680BD00BFD6
:10C7A0007C9C0208FC9D0208F89C0208289E020856
:10C7B000409E0208649E020880B485B000AF786095
:10C7C0000023FB8105E0FB890133FB817B681B684B
:10C7D0007B607B68002BF6D1FB8918461437BD4679
:10C7E0005DF8047B7047000080B584B000AF7860CE
:10C7F0007B68002B16D00AF057F8F8607B689B7BAB
:10C800000133DAB27B689A73F8680AF05BF87B68E8
:10C810009B7B002B06D1054B40F242320449054870
:10C820001AF0B2F900BF1037BD4680BD7C9C0208EB
:10C83000789E0208F89C020880B584B000AF78604A
:10C8400039607B68002B02D03B68002B07D1204B5E
:10C8500040F259321F4920481AF096F934E07B68BB
:10C86000FB600AE0FB681A893B681B8913449AB293
:10C87000FB681A81FB681B68FB60FB681B68002B68
:10C88000F0D1FB681A89FB685B899A4206D0104B8D
:10C8900040F26232114910481AF076F9FB681B68C1
:10C8A000002B06D00A4B40F263320D490A481AF0B9
:10C8B0006BF9FB681A893B681B8913449AB2FB68C1
:10C8C0001A81FB683A681A601037BD4680BD00BF08
:10C8D0007C9C02088C9E0208F89C0208C49E0208F8
:10C8E000F49E020880B582B000AF78603960396884
:10C8F0007868FFF7A1FF3868FFF776FF00BF0837B9
:10C90000BD4680BD80B586B000AF78603960002339
:10C910007B6100233B617B68002B08D03B68002BC8
:10C9200005D07B681A893B681B899A4209D2574B0C
:10C9300040F2C932564957481AF026F96FF00F03F2
:10C940009FE07B685B891A467B69D21A3B685B89EA
:10C9500019463B69CB1A9A4206D33B685B891A4653
:10C960003B69D31AFB6005E07B685B891A467B69EB
:10C97000D31AFB607B685A687B69D0183B685A6899
:10C980003B691344FA6819461BF0FDF97A69FB68A4
:10C9900013447B613A69FB6813443B617B685B89A4
:10C9A0001A467B69934206D9384B40F2D9323A494C
:10C9B00038481AF0E9F83B685B891A463B699342AC
:10C9C00006D9324B40F2DA32344932481AF0DCF8F8
:10C9D0003B685B891A463B69934204D300233B6161
:10C9E0003B681B683B607B685B891A467B699342A6
:10C9F00014D100237B617B681B687B607B68002B04
:10CA00000CD13B68002B09D0204B4FF4797224499C
:10CA100020481AF0B9F86FF00F0332E03B68002BA2
:10CA200013D03B685A893B681B899A420DD13B68F9
:10CA30001B68002B09D0154B40F2E9321949154803
:10CA40001AF0A2F86FF005031BE07B68002B13D0EF
:10CA50007B685A897B681B899A420DD17B681B6869
:10CA6000002B09D0094B40F2EE320E4909481AF06A
:10CA70008BF86FF0050304E03B68002B7FF461AF97
:10CA8000002318461837BD4680BD00BF7C9C0208B5
:10CA9000409F0208F89C0208709F0208889F0208C5
:10CAA000A49F0208B49F020880B588B000AFF86068
:10CAB000B96011461A460B46FB801346BB80002323
:10CAC0007B830023FB82FB68002B08D12B4B40F2B9
:10CAD0000A422B492B481AF057F800234AE0BB685A
:10CAE000002B08D1254B40F20B42274925481AF06C
:10CAF0004BF800233EE0FB68FB6134E0BB88002B71
:10CB00000AD0FB695B89BA889A4205D3FB695B89C5
:10CB1000BA88D31ABB8023E0FB695A89BB88D31A31
:10CB20003B833A8BFB889A4201D9FB883B837B8B02
:10CB3000BA68D018FB695A68BB8813443A8B194607
:10CB40001BF021F9FA8A3B8B1344FB827A8B3B8BD7
:10CB500013447B83FA883B8BD31AFB800023BB8072
:10CB6000FB691B68FB61FB88002B02D0FB69002B73
:10CB7000C4D1FB8A18462037BD4680BD7C9C020884
:10CB8000E09F0208F89C020800A0020880B487B069
:10CB900000AFF8600B467A607B817B89FB82FB6883
:10CBA0003B6107E03B695B89FA8AD31AFB823B69E8
:10CBB0001B683B613B69002B04D03B695B89FA8AA7
:10CBC0009A42EFD27B68002B02D07B68FA8A1A80E7
:10CBD0003B6918461C37BD465DF8047B7047000072
:10CBE00080B584B000AF03463A60FB710B46BB8052
:10CBF0003B681989BA88FB791846FFF76BFAF86029
:10CC0000FB68002B01D1002311E03968F868FFF7B9
:10CC100079FE0346FB7297F90B30002B06D0064BCA
:10CC200040F224520549064819F0AEFFFB68184649
:10CC30001037BD4680BD00BF7C9C02080CA10208D5
:10CC4000F89C020880B584B000AF78600B467B800A
:10CC50007B881946786800F00CF8F860FB68002BB8
:10CC600002DBFB68DBB200E0002318461037BD464C
:10CC700080BD80B584B000AF78600B467B8007F143
:10CC80000A027B8819467868FFF780FFF860FB6826
:10CC9000002B0AD0FB685A897B899A4205D9FB6828
:10CCA0005B687A8913441B7801E04FF0FF33184624
:10CCB0001037BD4680BD80B588B000AFF8607A609F
:10CCC0001A460B467B8113463B817B89FB83FB68BD
:10CCD000BB61FB681B8919467A893B8913449942D9
:10CCE0000ADA4FF6FF7337E0BB695B89FA8BD31A18
:10CCF000FB83BB691B68BB61BB69002B04D0BB69AC
:10CD00005B89FA8B9A42EFD20023FB821FE0FA8BF9
:10CD1000FB8A13449BB21946B869FFF793FF034699
:10CD20007B75FB8A7A6813441B783B757A7D3B7D63
:10CD30009A4209D0FB8A4FF6FE72934228BF1346EF
:10CD40009BB201339BB207E0FB8A0133FB82FA8A74
:10CD50003B899A42DBD3002318462037BD4680BD6D
:10CD600080B586B000AFF860B96011461A460B4630
:10CD7000FB801346BB80FB681A89FB88D31ABB82F1
:10CD8000FB681B891946FA88BB881344994216DB55
:10CD9000BB88FB820FE0FB88F98ABA68F868FFF766
:10CDA0008AFF03467B827B8A002B01D1FB8A08E045
:10CDB000FB8A0133FB82FA8ABB8A9A42EBD94FF68F
:10CDC000FF7318461837BD4680BD000080B500AF20
:10CDD00019F0DCFB03469BB2C3F30D039BB2A3F532
:10CDE00080439AB2014B1A8000BF80BD1000022020
:10CDF00080B582B000AF78607B681B7D012B05D1C8
:10CE0000064BD4220649074819F0BEFE7968012076
:10CE1000FEF71AFD00BF0837BD4680BD98A1020885
:10CE2000E4A10208F8A1020880B582B000AF7860E2
:10CE30007B681B7D012B05D1064BDF220649074885
:10CE400019F0A2FE79680220FEF7FEFC00BF083749
:10CE5000BD4680BD98A1020820A20208F8A10208E0
:10CE600080B500AF01F000F8074B1B780133DAB250
:10CE7000054B1A70044B1B7803F00103002B01D003
:10CE800000F0B2FC00BF80BD19D8042080B584B08A
:10CE900000AF786039603B68002B05D10D4BFF2255
:10CEA0000D490E4819F070FE7B68FB600AE0FB68D4
:10CEB000DB6F3A689A4202D1FB680022DA67FB68AE
:10CEC000DB68FB60FB68002BF1D100BF00BF1037AF
:10CED000BD4680BD98A102083CA20208F8A1020844
:10CEE00080B584B000AF78607B68002B06D1144B0E
:10CEF00040F211121349144819F046FE7B681B7D5D
:10CF0000012B06D00E4B4FF4897210490E4819F0D0
:10CF10003BFE0123FB600BE00D4AFB6852F8233017
:10CF20001B6879681846FFF7B1FFFB680133FB60A7
:10CF3000FB68032BF0D900BF00BF1037BD4680BD92
:10CF400098A1020864A20208F8A1020870A20208CF
:10CF5000DCF20208B0B588B004AF78600B46FB7015
:10CF60007B68002B06D1634B4FF4AF726249634874
:10CF700019F00AFEFB78002B66D07B681B7D042B22
:10CF800003D07B681B7D072B5ED17B689B6F002BDA
:10CF900004D17B681B8DB3F5804F55D07B685B8BCC
:10CFA00003F01003002B06D1524B4FF4B2725449D8
:10CFB000524819F0E9FD7B68186D7B685C6A7D68F2
:10CFC0007B6804337A68D28A7968098B029101926E
:10CFD00000932B4622460146786805F073FC78687A
:10CFE00001F04CFA474B1B687A689A4205D1454BD1
:10CFF0001B68DB68434A136013E0424B1B68FB600D
:10D000000CE0FB68DB687A689A4204D17B68DA68D6
:10D01000FB68DA6005E0FB68DB68FB60FB68002BFF
:10D02000EFD17B680022DA60374B01221A70374B50
:10D030001B687A689A4202D103F0EAFE02E078683F
:10D04000FFF7D6FE002350E07B681B7D022B3BD010
:10D05000022B44DC002B02D0012B2AD03FE07B685E
:10D06000DB8A002B21D02A4B1B687A689A4205D1B3
:10D07000274B1B68DB68264A136013E0244B1B68B0
:10D08000BB600CE0BB68DB687A689A4204D17B68BD
:10D09000DA68BB68DA6005E0BB68DB68BB60BB6868
:10D0A000002BEFD17B680022DA607868FFF7A0FEE2
:10D0B0001AE07868FFF714FF7968164801F02EFA35
:10D0C0007868FFF7B1FE0FE079680E4801F026FAA4
:10D0D0000D4B01221A707868FFF78AFE04E0786829
:10D0E00000F01AF8034600E0002318461037BD464A
:10D0F000B0BD00BF98A1020888A20208F8A10208EA
:10D10000A8A2020810D8042018D8042050D804205F
:10D1100008D804200CD8042080B584B000AF786013
:10D120007B68002B06D12E4B4FF4CE722D492E4832
:10D1300019F02AFD7B681B7D072B20D0072B2BDCE9
:10D14000032B02D0042B0DD026E0786804F0C8FC35
:10D150000346FB7397F90F30002B1FD17B68052224
:10D160001A751BE0786804F0BBFC0346FB7397F963
:10D170000F30002B14D17B6805221A7510E07868F7
:10D1800004F0AEFC0346FB7397F90F30002B09D176
:10D190007B6809221A7505E000231CE000BF02E04D
:10D1A00000BF00E000BF97F90F30002B03D1786873
:10D1B00004F0D4FD0DE097F90F30B3F1FF3F08D133
:10D1C0007B685B8B43F008039AB27B685A83002329
:10D1D00001E097F90F3018461037BD4680BD00BFFB
:10D1E00098A1020864A20208F8A1020880B582B0E2
:10D1F00000AF78607B68002B09D10F4B4FF4F472BD
:10D200000E490F4819F0C0FC6FF00F030FE07B6868
:10D210001B7D012B06D07B685B8B43F010039AB219
:10D220007B685A8301217868FFF794FE034618460D
:10D230000837BD4680BD00BF98A10208C4A20208FD
:10D24000F8A1020880B58EB004AF786039607B68C1
:10D25000002B07D1524B40F23D225249524819F05F
:10D2600093FC99E07B681B7D012B06D14C4B4FF45E
:10D2700010724E494C4819F087FC7B681B7D0A2BC5
:10D2800007D179684A4801F049F97868FFF7B0FD9D
:10D2900082E000237B6200237B847B681B6DBB6183
:10D2A0007B685B6A7B617B68D3F890303B617B680D
:10D2B0001B69FB607B681B7D002B26D17B68DB8AAA
:10D2C000002B2ED03B4B1B687A689A4205D1394B14
:10D2D0001B68DB68374A136013E0364B1B68FB6141
:10D2E0000CE0FB69DB687A689A4204D17B68DA68F3
:10D2F000FB69DA6005E0FB69DB68FB61FB69002B19
:10D30000EFD17B680022DA600BE03B687B627B68D0
:10D31000DB8A7B847968284801F000F9274B0122D9
:10D320001A707B681B6F002B04D07B681B6F18463C
:10D3300000F07AFE7B68DB6E002B04D07B68DB6E2E
:10D34000184600F071FE7B685B6F002B04D07B6891
:10D350005B6F184600F068FE7B6A002B0ED0796880
:10D360007B6804337A68128B02927A8C0192009364
:10D370000B467A69B969786805F0A4FA7B681B7D69
:10D38000FB727868FFF734FD3B69002B04D03B69E2
:10D390006FF00C01F86898472837BD4680BD00BF84
:10D3A00098A10208F8A20208F8A1020814A3020832
:10D3B00014D8042008D8042010D8042018D8042039
:10D3C00080B582B000AF786001217868FFF73AFF3E
:10D3D00000BF0837BD4680BD80B584B000AF78601F
:10D3E0007B68002B06D1254B40F2A6322449254804
:10D3F00019F0CAFB7B685B6A7A68128D1344FB6084
:10D400007B68DB6A7A68528EB2F5005F28BF4FF402
:10D41000005292B21344FA68D31A002B08DB7B68DF
:10D420001A8D7B685A857B68DB6AFA68D31A20E01C
:10D430007B685A6A7B68DB6AD31A002B03DD7B6842
:10D4400000225A8514E07B68DA6A7B685B6AD31A2B
:10D45000BB60BB68B3F5803F06D3084B40F2B632E1
:10D460000949084819F090FBBB689AB27B685A8555
:10D47000002318461037BD4680BD00BF98A10208A2
:10D4800010A40208F8A1020834A4020880B584B0F0
:10D4900000AF78600B467B807B68002B07D11F4B69
:10D4A00040F2CF321E491F4819F06EFB32E07B6814
:10D4B0001B7D012B06D1194B40F2D2321A49194873
:10D4C00019F062FB7B681A8D7B881344FB81FB8912
:10D4D000B3F5804F04D87B681B8DFA899A4204D239
:10D4E0007B684FF480421A8502E07B68FA891A85CE
:10D4F0007868FFF771FFB860BB68B3F5067F09D3A2
:10D500007B685B8B43F002039AB27B685A8378682E
:10D5100004F024FC1037BD4680BD00BF98A102086E
:10D5200050A40208F8A1020868A4020880B483B0DD
:10D5300000AF0023BB801E4B1B8801339AB21C4BEB
:10D540001A801B4B1B884FF6FF72934203D1184B76
:10D550004FF440421A800023FB711EE0FB79154A0C
:10D5600052F823301B683B6011E03B68DA8A104BAD
:10D570001B889A4208D1BB880133BB80BB88B3F5B6
:10D58000804FD8D300230DE03B68DB683B603B68ED
:10D59000002BEAD1FB790133FB71FB79032BDDD939
:10D5A000034B1B8818460C37BD465DF8047B70475B
:10D5B00010000220DCF2020880B58AB000AFF860EB
:10D5C000B9603B601346FB8000237B62FB68002B45
:10D5D00009D17D4B40F235427C497D4819F0D4FA9F
:10D5E0006FF00F03ECE0BB68002B09D1764B40F2E3
:10D5F00036427849764819F0C7FA6FF00F03DFE03A
:10D60000FB681B7D002B09D06F4B4FF4876272497A
:10D610006F4819F0B9FA6FF00903D1E0BB68002B2D
:10D6200002D0BB681B6800E00023FA685360FB6807
:10D63000FA881A83FB681B7A002B06D0FB681B7ADA
:10D640001846FEF79DFC786205E0FB680433184637
:10D6500007F056FD78627B6A002B02D16FF003035E
:10D66000AEE0FB68002B03D0FB681B68002B11D1D8
:10D670007B6A002B02D07B6A043300E00023FB614D
:10D68000FB69002B02D16FF0030399E0FB691A6874
:10D69000FB681A60FB68DB8A7B83FB68DB8A002BF4
:10D6A0000CD1FFF743FF03461A46FB68DA82FB689A
:10D6B000DB8A002B02D16FF0010381E0F86800F0F3
:10D6C000C1FF7861FB6800225A62FB687A691A65BB
:10D6D0007B695A1EFB685A647B695A1EFB689A650F
:10D6E0007B695A1EFB68DA65FB684FF480425A85F5
:10D6F000FB685A8DFB681A85FB685A6AFB68DA6218
:10D70000FB684FF48042A3F86020FB684FF4067278
:10D710005A86FB68588EFB6804331A46796A00F013
:10D72000B7FF03461A46FB685A86FB680122A3F836
:10D730004820FB683A68C3F888200221F86804F0A2
:10D740001FFA0346FB7497F91330002B36D1FB68A0
:10D7500002221A757B8B002B21D0204B1B68FA68A4
:10D760009A4205D11D4B1B68DB681C4A136013E00D
:10D770001A4B1B683B620CE03B6ADB68FA689A4212
:10D7800004D1FB68DA683B6ADA6005E03B6ADB6873
:10D790003B623B6A002BEFD1FB680022DA60104B42
:10D7A0001A68FB68DA600E4AFB68136005F04AFAF3
:10D7B0000C4B01221A70F86804F0D0FA97F9133074
:10D7C00018462837BD4680BD98A1020890A40208DB
:10D7D000F8A10208ACA40208C8A4020808D80420D2
:10D7E00010D8042018D80420B0B590B004AF00239E
:10D7F00087F82530954B1B680133944A1360944B8E
:10D800001B780133DAB2924B1A7000E000BF00239C
:10D81000BB62904B1B68FB629FE2FB6A1B7D002B87
:10D8200006D18D4B40F2BE428C498D4819F0ACF9BF
:10D83000FB6A1B7D012B06D1874B40F2BF42894911
:10D84000874819F0A1F9FB6A1B7D0A2B06D1824B90
:10D850004FF498628449824819F096F9FB6A9A7FDE
:10D860007B4B1B789A4205D1FB6ABB62FB6ADB6883
:10D87000FB6272E2764B1A78FB6A9A77002387F88C
:10D880002730002387F82630FB6A1B7D022B0AD144
:10D89000FB6A93F84230052B05D997F827300133FE
:10D8A00087F827301EE1FB6A93F842300B2B05D92D
:10D8B00097F82730013387F8273013E1FB6A93F894
:10D8C0009930002B75D0FB6A1B6F002B06D0624B82
:10D8D00040F2D4426549624819F056F9FB6ADB6EA2
:10D8E000002B06D15C4B40F2D54261495C4819F0EF
:10D8F0004BF9FB6A93F89A300B2B05D997F8273030
:10D90000013387F82730EDE0FB6A93F89930013B4B
:10D91000584AD35C7B74FB6A93F898307A7C9A42BD
:10D9200007D9FB6A93F898300133DAB2FB6A83F8BF
:10D930009820FB6A93F898307A7C9A4200F2D28061
:10D9400001233B62FB6AB3F86030002B08D1F86A10
:10D9500005F0AAF80346002B14D000233B6211E027
:10D96000FB6AB3F860301946F86A03F071FF0346AA
:10D97000002B07D1F86A04F0F1F90346002B01D11E
:10D9800000233B623B6A002B00F0AC80FB6A002264
:10D9900083F89820FB6A93F89930062B00F2A28056
:10D9A000FB6A93F899300133DAB2FB6A83F8992065
:10D9B00098E0FB6AB3F93030002B0FDBFB6AB3F958
:10D9C000303047F6FF72934208D0FB6AB3F930302B
:10D9D0009BB201339BB21AB2FB6A1A86FB6AB3F997
:10D9E0003020FB6AB3F940309A427BDBF86A04F0DE
:10D9F000A9FC0346002B07D0FB6A1B6F002B71D1DB
:10DA0000FB6ADB6E002B6DD0FB6A1B7D022B3AD0CC
:10DA1000FB6A93F842300C2B28BF0C23FB76FB6A81
:10DA2000B3F93C30DB101BB21A46FB6AB3F93E3047
:10DA30001344FA7E10498A5C93407B617B6947F608
:10DA4000FE7293421ADC7B691AB219E004D80420F2
:10DA50001AD8042010D8042098A10208F8A40208BB
:10DA6000F8A1020824A5020850A5020880A5020812
:10DA7000B4A50208D4F20208C4F2020847F6FF7205
:10DA8000FB6AA3F84020FB6A00221A86FB6AB3F8FF
:10DA90006020FB6AB3F84830934228BF13467B826C
:10DAA0007B8A5B089AB2FB6AA3F84A20FB6AB3F848
:10DAB0004A20FB6A5B8E5B009BB29A4206D2FB6AED
:10DAC0005B8E5B009AB2FB6AA3F84A20FB6A5A8E0F
:10DAD000FB6AA3F84820FB6A0022A3F86A20F86AD0
:10DAE00004F0A0FCFB6A1B7D062B11D1FB6A5B8B4B
:10DAF00003F01003002B0BD09D4B1A68FB6A1B6AC6
:10DB0000D31A282B04D997F82730013387F8273008
:10DB1000FB6A5B7A03F00803002B4CD0FB6A1B7D89
:10DB2000042B03D0FB6A1B7D072B44D1904B1A6852
:10DB3000FB6A1B6AD21AFB6AD3F8941043F6982347
:10DB40000B448C49A1FB03135B099A420AD997F84D
:10DB50002730013387F8273097F82630013387F8CC
:10DB6000263028E0824B1A68FB6A1B6AD21AFB6ACD
:10DB7000D3F89410FB6A93F89B30184640F6B833FC
:10DB800000FB03F30B447B49A1FB03135B099A429F
:10DB900011D9F86A04F048FF034687F8253097F951
:10DBA0002530002B07D1FB6A93F89B300133DAB2A2
:10DBB000FB6A83F89B20FB6A5B6F002B11D06C4BD8
:10DBC0001A68FB6A1B6AD21AFB6AB3F9403019461D
:10DBD0000B465B000B445B009A4202D3F86A00F0EC
:10DBE00009FEFB6A1B7D032B0BD1614B1A68FB6A94
:10DBF0001B6AD31A282B04D997F82730013387F8EA
:10DC00002730FB6A1B7D092B0BD1594B1A68FB6A25
:10DC10001B6AD31AF02B04D997F82730013387F801
:10DC2000273097F82730002B60D0FB6AD3F890306C
:10DC3000FB60F86A00F022FCBB6A002B10D04E4B50
:10DC40001B68FA6A9A4206D14C4B40F26D524C491D
:10DC50004C4818F099FFFB6ADA68BB6ADA600FE09B
:10DC6000454B1B68FA6A9A4206D0444B40F2715207
:10DC70004549444818F088FFFB6ADB683E4A136058
:10DC800097F82630002B13D0FB6A186DFB6A5C6A8C
:10DC9000FD6AFB6A0433FA6AD28AF96A098B029137
:10DCA000019200932B4622460146F86A04F00AFED0
:10DCB000FB6A1B69BB60FB6A1B7DFB71FB6A3B60F7
:10DCC000FB6ADB68FB623868FFF792F82F4B002293
:10DCD0001A70FB68002B04D0FB686FF00C01B86869
:10DCE00098472A4B1B78002B37D090E5FB6ABB6224
:10DCF000FB6ADB68FB62BB6A1B7F0133DAB2BB6A7B
:10DD00001A77BB6A1A7FBB6A5B7F9A4225D3BB6ACC
:10DD100000221A771D4B00221A70BB6AD3F88C3090
:10DD2000002B0BD0BB6AD3F88C30BA6A1269B96A7F
:10DD300010469847034687F8253002E0002387F80D
:10DD40002530124B1B78002B7FF460AD97F92530FE
:10DD5000002B02D1B86A04F001F8FB6A002B7FF4B3
:10DD60005CAD0023BB620A4B1B68FB6265E000BF31
:10DD700004D80420D34D621010D8042098A10208C2
:10DD8000ECA50208F8A1020818A6020818D8042079
:10DD900014D80420FB6A1B7D0A2B06D02B4B40F2C3
:10DDA000A1522B492B4818F0EFFE002387F82730AB
:10DDB000294B1A68FB6A1B6AD31AF02B04D997F80F
:10DDC0002730013387F8273097F82730002B2FD0E2
:10DDD000F86A00F053FBBB6A002B10D01F4B1B6886
:10DDE000FA6A9A4206D1194B40F2AF521C491948BF
:10DDF00018F0CAFEFB6ADA68BB6ADA600FE0174BFC
:10DE00001B68FA6A9A4206D0104B40F2B352154989
:10DE1000104818F0B9FEFB6ADB68104A1360FB6A11
:10DE2000FB61FB6ADB68FB62F869FEF7E1FF04E077
:10DE3000FB6ABB62FB6ADB68FB62FB6A002BA9D151
:10DE400000BF00BF3037BD46B0BD00BF98A102087B
:10DE500044A60208F8A1020804D8042014D804201B
:10DE600074A602089CA6020880B582B000AF2D4BB4
:10DE70001B780133DAB22B4B1A702B4B1B687B607B
:10DE800048E07B689A7F274B1B789A423FD0254B0E
:10DE90001A787B689A777B685B8B03F00103002B11
:10DEA00010D07B685B8B43F002039AB27B685A8385
:10DEB000786803F053FF7B685B8B23F003039AB20F
:10DEC0007B685A837B685B8B03F00803002B09D0C7
:10DED0007B685B8B23F008039AB27B685A8378686F
:10DEE000FFF71AF97B68DB683B607B689B6F002B50
:10DEF0000AD00E4B00221A70786800F019F80B4B0C
:10DF00001B78002B00D0B8E73B687B6002E07B68A1
:10DF1000DB687B607B68002BB3D100BF00BF083794
:10DF2000BD4680BD1AD8042010D8042018D804207B
:10DF300090B585B000AF78607B68002B09D1374B76
:10DF400040F209623649374818F01EFE6FF00F03A1
:10DF500060E07B689B6F5B7BBB737B689B6FBB6088
:10DF60007B6800229A677B68D3F88430002B0BD043
:10DF70007B68D3F884407B6818690023BA687968A5
:10DF8000A0470346FB7307E00023BA6879680020C6
:10DF900000F0A4F80346FB7397F90F30002B2AD149
:10DFA000BB7B03F02003002B33D07B681B8DB3F5C4
:10DFB000804F05D07B681B8D01339AB27B681A8530
:10DFC0007B68D3F88430002B0BD07B68D3F8844077
:10DFD0007B681869002300227968A0470346FB7319
:10DFE00001E00023FB7397F90F3013F10D0F10D1EF
:10DFF0006FF00C030EE097F90F3013F10D0F02D103
:10E000006FF00C0306E07B68BA689A676FF0040350
:10E0100000E0002318461437BD4690BD98A10208C1
:10E02000C4A60208F8A1020880B584B000AF7860E9
:10E0300007E07B681B68FB60786800F00AF8FB6803
:10E040007B607B68002BF4D100BF00BF1037BD465A
:10E0500080BD80B582B000AF78607B68002B0CD0AB
:10E060007B685B68002B04D07B685B681846FEF712
:10E0700015FB79680320FDF7E7FB00BF0837BD46B5
:10E0800080BD000080B584B000AF78607B68002B55
:10E0900006D10F4B40F282620E490F4818F074FD12
:10E0A0000320FDF75BFBF860FB68002B01D1002328
:10E0B0000AE010227968F86819F065FEFB685B6871
:10E0C0001846FEF791FBFB6818461037BD4680BD29
:10E0D00098A1020808A70208F8A1020880B584B038
:10E0E00000AFF860B9607A60FB70BB68002B09D1A3
:10E0F000124B4FF4D3621249124818F045FD6FF0ED
:10E100000F0316E07B68002B09D07B681B8919463A
:10E11000B868FFF7BBF97868FEF7C0FA08E097F92E
:10E120000330002B04D1B868FFF760F8034600E025
:10E13000002318461037BD4680BD00BF98A10208D5
:10E1400024A70208F8A1020880B586B000AF0346F4
:10E15000FB7197F90730002B01DBFB7900E07F238F
:10E16000FB72FB7A002B34D0FB7A013BFB7200235D
:10E17000FB6000233B61194B1B687B611FE07B69DF
:10E180005B7DFA7A9A420CD87B695B7DFA7A9A4277
:10E1900012D1134B1A687B691B6AD31AFA689A4228
:10E1A0000AD80F4B1A687B691B6AD31AFB607B691C
:10E1B0003B617B695B7DFB727B69DB687B617B69B3
:10E1C000002BDCD13B69002B04D03869FFF7F8F84D
:10E1D00000E000BF1837BD4680BD00BF10D8042046
:10E1E00004D8042080B586B000AF0346FB71FB79EC
:10E1F000082B09D0FB79092B06D01A4B40F2DD62BF
:10E2000019491A4818F0C0FC0023FB6000233B6149
:10E21000174B1B687B6117E07B691B7DFA799A427B
:10E220000FD1144B1A687B691B6AD31AFA689A4299
:10E2300007D8104B1A687B691B6AD31AFB607B698D
:10E240003B617B69DB687B617B69002BE4D13B69C7
:10E25000002B03D000213869FEF7F4FF00BF183708
:10E26000BD4680BD98A1020840A70208F8A1020897
:10E2700010D8042004D8042080B584B000AF002357
:10E280007B600023BB60124B1B68FB6012E0114BEC
:10E290001A68FB681B6AD31A7A689A4207D80D4B32
:10E2A0001A68FB681B6AD31A7B60FB68BB60FB685B
:10E2B000DB68FB60FB68002BE9D1BB68002B02D058
:10E2C000B868FFF77DF800BF1037BD4680BD00BFBE
:10E2D00014D8042004D8042080B582B000AF104BBD
:10E2E0001B687B6014E07B68DB683B607B685B8B52
:10E2F00003F00803002B09D07B685B8B23F0080335
:10E300009AB27B685A837868FEF706FF3B687B60A9
:10E310007B68002BE7D100BF00BF0837BD4680BD3A
:10E3200010D8042080B584B000AF0346FB710120F3
:10E33000FDF714FAF860FB68002B26D1FFF7CCFF3D
:10E34000FFF79AFF0120FDF709FAF860FB68002B40
:10E350001BD10920FFF746FF0120FDF7FFF9F86008
:10E36000FB68002B11D10820FFF73CFF0120FDF7CF
:10E37000F5F9F860FB68002B07D1FB791846FFF729
:10E38000E3FE0120FDF7EAF9F860FB68002B40D0BE
:10E390009C220021F86818F0C0FDFB68FA795A75D4
:10E3A000FB684FF48042A3F86420FB684FF480427E
:10E3B0005A85FB685A8DFB681A85FB68FF22DA7262
:10E3C000FB684FF406725A86FB680622A3F84020C9
:10E3D000FB680622DA87FB684FF6FF721A86FB6835
:10E3E0000122A3F848200D4B1A68FB681A620C4BF7
:10E3F0001A78FB689A77FB684FF48042A3F84A20AA
:10E40000FB68084AC3F88420FB6842F21072C3F824
:10E410009420FB6818461037BD4680BD04D8042000
:10E420001AD80420DDE0000880B500AF4020FFF7D7
:10E4300079FF0346184680BD80B582B000AF786092
:10E4400039607B68002B0ED07B681B7D012B06D1C9
:10E45000074B40F2DF720749074818F095FB7B68CD
:10E460003A68C3F8842000BF0837BD4680BD00BFAE
:10E4700098A1020850A70208F8A1020880B582B04E
:10E4800000AF78607B68002B07D1214B40F651022A
:10E490002049214818F078FB37E07B681B7D002B72
:10E4A00033D07B681B7D0A2B2FD07B681B7D012B13
:10E4B0002BD07B689B6F002B07D07B689B6F184627
:10E4C000FEF7ECF87B6800229A677B685B6F002B95
:10E4D00002D0786800F08EF97B684FF6FF721A86DA
:10E4E0007B68DB6E1846FFF79FFD7B681B6F184645
:10E4F000FFF79AFD7B680022DA667B68DA6E7B683C
:10E500001A677B680022A3F868200837BD4680BDE3
:10E5100098A1020800A80208F8A1020880B584B0FA
:10E5200000AF786039603B68002B06D13E4B40F667
:10E5300083023E493E4818F027FB7B68002B06D13A
:10E54000394B40F684023B49394818F01DFB7B6883
:10E550001B683A689A4205D17B681B68DA687B6859
:10E560001A6013E07B681B68FB600CE0FB68DB68EB
:10E570003A689A4204D13B68DA68FB68DA6005E0E1
:10E58000FB68DB68FB60FB68002BEFD13B68002277
:10E59000DA603868FFF772FF3B681B7D0A2B13D0E7
:10E5A0003B681B7D012B0FD03B685B8B03F00103A5
:10E5B000002B09D03B685B8B43F002039AB23B68A7
:10E5C0005A83386803F0CAFB3B681B7D012B20D0BF
:10E5D0003B68DB6E002B06D0134B40F693021649C6
:10E5E000134818F0D1FA3B681B6F002B06D00E4B76
:10E5F00040F6940211490E4818F0C6FA3B685B6F6A
:10E60000002B06D0084B40F696020D49084818F03A
:10E61000BBFA3B6800221A753B680022DA8200BF11
:10E620001037BD4680BD00BF98A102081CA8020893
:10E63000F8A1020838A8020858A8020870A8020821
:10E640008CA8020880B582B000AF78607B68002B90
:10E6500006D10A4B40F6AF0209490A4818F094FA6D
:10E66000094B1A68094B1B681344074A1360064B91
:10E670001B6818460837BD4680BD00BF98A1020838
:10E68000A4A80208F8A102081400022004D804205B
:10E6900080B586B000AF0346B9607A60FB817B68C5
:10E6A000002B06D1144B40F6C5021449144818F04B
:10E6B0006BFABB68002B01D1FB8919E0BB681B8D8D
:10E6C000FB82FB8A002B12D02823BB82FA8ABB8AEA
:10E6D0009A4204D9FA8ABB8AD31A9BB200E000237B
:10E6E0007B827A8AFB89934228BF1346FB81FB8990
:10E6F00018461837BD4680BD98A10208C0A8020878
:10E70000F8A1020880B584B000AF786039603B683A
:10E71000FB607B68002B20D1144B4FF4106214492E
:10E72000144818F031FA18E0FB681A687B681B6817
:10E730009A420FD1FB681B689BB24FF6A9629342C5
:10E7400008D0FB68DB68BB60F868FEF739FEBB6881
:10E75000FB6002E0FB68DB68FB60FB68002BE3D139
:10E7600000BF00BF1037BD4680BD00BF98A10208A2
:10E77000E8A80208F8A1020880B584B000AF78606C
:10E7800039607B68002B2AD07B681B68002B26D061
:10E79000154B1B6819467868FFF7B4FF134B1B68CD
:10E7A00019467868FFF7AEFF3B68002B17D03B682F
:10E7B0001B68002B13D00E4B1B68FB600CE0FB6842
:10E7C0001A687B681B689A4203D13B681A68FB6829
:10E7D0001A60FB68DB68FB60FB68002BEFD100BFB1
:10E7E0001037BD4680BD00BF10D8042008D80420D3
:10E7F0000CD8042080B582B000AF78607B685B6F76
:10E80000002B07D07B685B6F1846FFF70DFC7B6819
:10E8100000225A6700BF0837BD4680BD90B58DB055
:10E8200004AF786039607B68002B05D19B4B832255
:10E830009B499C4818F0A8F97B685B689A4A13606A
:10E840007B685B89132B40F2D183984B5B69974AB5
:10E8500012681146184606F0F5FE0346002B40F0FC
:10E86000C783924B5B6903F0F003E02B00F0C08399
:10E870008D4B1B689B899BB21846FCF76FFA0346C9
:10E880001B0B9BB2DBB29B00BB74BB7C132B40F217
:10E89000B183BB7C9AB27B681B899A4200F2AA833F
:10E8A000BB7C9BB2143B9AB2814B1A80814B0022F5
:10E8B0001A607B685A89BB7C9BB29A4209D37C4B15
:10E8C0001A887D4B1A80BB7C19467868FDF760FE7C
:10E8D0004EE07B681B68002B05D1704BC222774944
:10E8E000704818F051F914217868FDF751FE7B68E3
:10E8F0005A89714B1A806E4B1A886F4B1B88D31A3A
:10E900003B826D4B1B8819467868FDF741FE7B689A
:10E910001B685B893A8A9A4200F26E837B681B68A7
:10E920005B68644A13607B681B683A8A1146184624
:10E93000FDF72EFE7B681A893B8AD31A9AB27B6850
:10E940001A817B685B89002B05D0544BDF225C4920
:10E95000544818F019F97B681A897B681B681B8971
:10E960009A4205D04D4BE02256494E4818F00CF91A
:10E970004D4B1B681B889BB24B4A14681846FCF72A
:10E98000EDF903462380484B1B685B889BB2464ADF
:10E9900014681846FCF7E2F903466380424B1B6893
:10E9A0005B68414A14681846FCF7EEF90346636059
:10E9B0006368454A13603C4B1B689B683A4A14687D
:10E9C0001846FCF7E1F90346A360A3683F4A1360C9
:10E9D000354B1B68DB899BB2334A14681846FCF739
:10E9E000BDF90346E381304B1B689B899BB21846F7
:10E9F000FCF7B4F90346DBB203F03F03DAB2344B61
:10EA00001A707B681A89334B1A80314B1B7803F0DC
:10EA10000303002B0CD02F4B1B8801339AB22D4BD4
:10EA20001A807B681A892B4B1B889A4200F2E68277
:10EA30000023BB61284B1B68FB619DE0FB691B7DCC
:10EA4000002B05D1154BFB222449164818F09CF8E1
:10EA5000FB691B7D0A2B05D1104BFC222049114874
:10EA600018F092F8FB691B7D012B05D10B4BFD22A1
:10EA70001C490C4818F088F8FB691B7A002B33D02E
:10EA8000FB691A7A094B5B6893F834300133DBB2C7
:10EA90009A4229D0FB69BB616BE000BF1CA9020848
:10EAA0006CA9020884A902082CD80420149E032013
:10EAB00030D8042034D8042032D80420ACA902086D
:10EAC000BCA90208C8A902083CD8042040D80420E8
:10EAD00048D8042046D8042010D80420E8A9020809
:10EAE00010AA02083CAA0208FB691A8B724B1B6829
:10EAF0001B889BB29A423AD1FB69DA8A6E4B1B683B
:10EB00005B889BB29A4232D1FB695A686B4B1B6996
:10EB10009A422CD1FB691A68684B5B699A4226D1EC
:10EB2000FB69DB68FA699A4206D1654B40F20D1227
:10EB30006449654818F028F8BB69002B0AD0FB69C6
:10EB4000DA68BB69DA60614B1A68FB69DA605F4AB0
:10EB5000FB691360FB69DB68FA699A4211D1584B73
:10EB600040F215125A49584818F00EF809E0FB69AE
:10EB7000BB61FB69DB68FB61FB69002B7FF45EAF67
:10EB800000E000BFFB69002B40F0AA80514B1B68DE
:10EB9000FB613FE0FB691B7D0A2B06D0484B40F22E
:10EBA0001F124D49484817F0EFFFFB691B7A002BF5
:10EBB00009D0FB691A7A414B5B6893F83430013312
:10EBC000DBB29A4222D1FB691A8B3B4B1B681B8834
:10EBD0009BB29A421BD1FB69DA8A374B1B685B8870
:10EBE0009BB29A4213D1FB695A68344B1B699A4213
:10EBF0000DD1FB691A68314B5B699A4207D1F869FC
:10EC000000F056FB7868FDF749FDFDE100BFFB69A8
:10EC1000DB68FB61FB69002BBCD10023BB612F4B80
:10EC20001B687B612AE07B691B7A002B0CD07B6917
:10EC30001A7A224B5B6893F834300133DBB29A4284
:10EC400002D07B69BB6116E07B69DA8A1A4B1B68CC
:10EC50005B889BB29A420CD17B691A68174B5B693F
:10EC60009A420FD07B69002B0DD07B691B68002B6B
:10EC700009D07B69BB617B69DB687B617B69002BA9
:10EC8000D1D100E000BF7B69002B29D0BB69002BEC
:10EC90000AD07B69DA68BB69DA60104B1A687B6955
:10ECA000DA600E4A7B691360786900F003FA7868CD
:10ECB000FDF7F4FCA8E100BF2CD80420149E03202B
:10ECC0001CA9020864AA020884A9020810D804201A
:10ECD00090AA020814D80420BCAA02080CD8042068
:10ECE000FB69002B00F05881954B00221A607B686D
:10ECF0001A89934B1A81924A7B685360914B1B6827
:10ED00008F4AD360904B00221A60904B00221A70F9
:10ED10008F4B00221A808F4B1B7803F00803002BC7
:10ED200006D07B685B7B43F00103DAB27B685A73E1
:10ED3000FB699B6F002B17D0F869FFF7F9F80346C2
:10ED400013F10D0F07D0FB699B6F002B0CD0824B8A
:10ED50001B88002B08D0FB695B8D002B40F0E38003
:10ED6000F86903F0FFFDDEE07C4AFB691360F86997
:10ED700000F018FB0346FB7497F9133013F10D0FE5
:10ED800000F0D380714B1B7803F00803002B15D0E3
:10ED9000FB69D3F89030002B08D0FB69D3F8903092
:10EDA000FA6912696FF00D0110469847F9696C48CD
:10EDB000FFF7B4FBF869FEF71BF8DAE00023FB74F9
:10EDC000634B1B88002B1DD0614B1B88FB81FB69AB
:10EDD000D3F88030002B0AD0FB69D3F88030FA6971
:10EDE0001069FA89F96998470346FB7401E000232A
:10EDF000FB7497F9133013F10D0F00F09880544B0A
:10EE000000221A80F86900F015F90346002B40F043
:10EE100090804D4B1B68002B41D0FB699B6F002BF2
:10EE200006D0504B4FF4F3724F49504817F0ACFEE8
:10EE3000FB695B8B03F01003002B08D0424B1B686F
:10EE40001846FDF72BFCF869FEF7BAFA91E0FB696A
:10EE5000D3F88430002B0CD0FB69D3F88440FB69D5
:10EE60001869394B1A680023F969A0470346FB74F7
:10EE700008E0354B1A680023F9690020FFF72EF9E6
:10EE80000346FB7497F9133013F10D0F53D097F924
:10EE90001330002B03D02C4B1A68FB699A672B4B5D
:10EEA0001B7803F02003002B30D0FB699B6F002BF5
:10EEB00009D0FB699B6F5A7BFB699B6F42F0200274
:10EEC000D2B25A7322E0FB691B8DB3F5804F05D097
:10EED000FB691B8D01339AB2FB691A85FB69D3F874
:10EEE0008430002B0BD0FB69D3F88440FB69186990
:10EEF00000230022F969A0470346FB7401E00023C8
:10EF0000FB7497F9133013F10D0F16D0134B002239
:10EF10001A60F86900F08EF80346002B28D1F869D2
:10EF200002F01CFF25E000BF23E000BF21E000BF8E
:10EF30001FE000BF1DE000BF1BE000BF19E000BFE5
:10EF40001CD804202CD804204CD8042049D80420F4
:10EF500044D8042048D8042046D8042050D804209F
:10EF600010D804201CA90208ECAA020884A90208EF
:10EF700000BF274B00221A60264B00221A60264B46
:10EF80005B68002B3FD0244B5B681846FDF786FB7F
:10EF9000214B00225A6036E0204B1B689B899BB2B4
:10EFA0001846FBF7DBFE0346DBB203F00403002B3D
:10EFB00018D11B4B19681B4B1B881A461A4B1B6830
:10EFC000D018164B1B685B889BB2144A12681288D3
:10EFD00092B202920193154B0093154B024600200A
:10EFE00003F070FC7868FDF759FB0CE000BF06E009
:10EFF00000BF04E000BF02E000BF00E000BF78688F
:10F00000FDF74CFB00E000BF2437BD4690BD00BFBC
:10F0100050D804204CD804201CD804202CD804201C
:10F0200040D8042046D804203CD80420249E032045
:10F03000289E032080B582B000AF78607B68002BEB
:10F0400006D1174B40F25A221649174817F09CFD7B
:10F05000164B1B7803F01003002B1CD07B685B8BD6
:10F0600003F01003002B0DD17B68D3F89030002BF8
:10F0700008D07B68D3F890307A6812696FF00E017F
:10F080001046984779680A48FFF748FA7868FDF70C
:10F09000AFFE012300E0002318460837BD4680BDBF
:10F0A0001CA9020808AB020884A9020849D8042058
:10F0B00010D8042090B58BB004AF78606F4B1B78EC
:10F0C00003F00403002B40F0D2807B68002B06D1B4
:10F0D0006B4B40F281226B496B4817F055FD674B33
:10F0E0001B7803F01003002B19D0684B1968684B8C
:10F0F0001B881A46674B1B68D018674B1B685B88D8
:10F100009BB2654A1268128892B202920193634BD5
:10F110000093634B0246786803F0D4FBA9E0574B99
:10F120001B7803F00203002B00F0A3807B685B7D5B
:10F130001846FFF7F7F878617B69002B11D17B68DF
:10F140009B69002B0AD07B689B697A6810694FF035
:10F15000FF32002198470346BB738BE0F023BB735B
:10F1600088E0504B5A697B691A604E4B1A697B697B
:10F170005A607B68DA8A7B69DA82474B1B681B8896
:10F180009AB27B691A837B6903221A75414B1B680B
:10F190005A1C7B695A627B695A6A7B69DA627869B0
:10F1A000FFF750FA38617B693A699A657B693A6979
:10F1B0001A657B693A695A647B693A69DA65354B45
:10F1C0001B685A1E7B695A657B681A697B691A61DC
:10F1D0007B697A68DA677B685B7A03F00C03DAB2E2
:10F1E0007B695A727B681A7A7B691A722E4B1A688D
:10F1F0007B69DA602C4A7B69136003F023FD2B4B9B
:10F2000001221A70786901F08BFD234B1B68DB89A2
:10F210009AB27B69A3F860207B69B3F860207B69B0
:10F22000A3F862207B695C8E7B690433184605F085
:10F2300067FF01467B6904331A462046FFF728FA28
:10F2400003461A467B695A861221786902F098FCB7
:10F250000346FB7397F90F30002B04D00021786927
:10F26000FDF7F0FF06E0786902F078FD01E000BFED
:10F2700000E000BF1C37BD4690BD00BF48D8042049
:10F280001CA9020830AB020884A9020840D8042057
:10F2900046D804203CD804202CD80420249E0320E7
:10F2A000289E0320149E032010D8042018D8042080
:10F2B00080B586B004AF78602F4B1B7803F0040351
:10F2C000002B53D17B68002B06D12C4B40F2EE2251
:10F2D0002B492C4817F058FC274B1B7803F00203EE
:10F2E000002B2AD0284B1A687B685B6AD31A002B44
:10F2F0002DDB254B1A687B685B6A7968098D0B44A6
:10F30000D31A002B23DC214B1968214B1B881A468A
:10F310001D4B1B68D0181F4B1B685B889BB21D4A96
:10F320001268128892B2029201931B4B00931B4BFE
:10F330000246786803F0C6FA1BE00F4B1B7803F017
:10F340000103002B03D0164B1A687B681A62104B1E
:10F350001B88002B0CD07B685B8B43F002039AB2B6
:10F360007B685A83786802F0F9FC01E000BF00E096
:10F3700000BF0837BD4680BD48D804201CA902083C
:10F3800050AB020884A902083CD8042040D80420CD
:10F3900046D804202CD80420249E0320289E032035
:10F3A00004D8042090B58DB004AF78600023FB76BC
:10F3B0000023BB767B68002B06D19D4B4FF4477230
:10F3C0009C499D4817F0E0FB9C4B1B7803F004031D
:10F3D000002B4ED07B681B7D022B08D17B681A6DF9
:10F3E000974B1B689A4223D10123FB7620E07B6870
:10F3F0005A6A944B1B689A4202D10123FB7617E0AC
:10F40000904B1A687B685B6AD31A002B10DB8D4B1C
:10F410001A687B685B6A7968098D0B44D31A002BE4
:10F4200006DC7B685B8B43F002039AB27B685A83ED
:10F43000FB7E002B1BD07B681B7D002B06D17C4BF9
:10F440004FF44E7280497C4817F09EFB7F4B1B782F
:10F4500043F00803DAB27D4B1A707B685B8B23F0B4
:10F4600001039AB27B685A836FF00D037AE300239D
:10F4700078E3724B1B7803F00203002B10D07B68FB
:10F480001B7D022B0CD07B681B7D032B08D07B6877
:10F490005B8B43F002039AB27B685A83002361E3DB
:10F4A0007B685B8B03F01003002B03D1684B1A6859
:10F4B0007B681A627B68002283F89B207B680022AD
:10F4C00083F89A20786801F02BFC7B681B7D023B57
:10F4D000072B00F2378301A252F823F0FDF4000855
:10F4E0002DF70008A5F80008CFF80008F3F9000888
:10F4F000A5F800087FFA00080FFB00084F4B1B78A7
:10F5000003F01003002B00F0E4804C4B1B7803F059
:10F510000203002B00F0DD807B685B6C5A1C484BBB
:10F520001B689A4240F0D580464B1B685A1C7B688A
:10F530005A627B685A6A7B68DA62414B1A687B6858
:10F540005A64444B1B68DB899AB27B68A3F860203D
:10F550007B68B3F860207B68A3F86220394B1B6896
:10F560005A1E7B685A657B6804221A757B685C8E1C
:10F570007B680433184605F0C3FD01467B680433FD
:10F580001A462046FFF784F803461A467B685A86D7
:10F590007B685B8E9A007B685B8E5B0041F21C117E
:10F5A0008B4238BF0B469A4204D27B685B8E9B002D
:10F5B0009BB20DE07B685B8E5B0041F21C129342B4
:10F5C00004D97B685B8E5B009BB201E041F21C13A7
:10F5D0007A68A2F848307B68B3F86630002B06D111
:10F5E000134B4FF45B721C49134817F0CDFA7B683C
:10F5F000B3F86630013B9AB27B68A3F866207B685B
:10F600001B6FFB61FB69002B2AD17B68DB6EFB6102
:10F61000FB69002B06D1064B4FF45D720F4906487B
:10F6200017F0B2FAFB691A687B68DA661CE000BF63
:10F630001CA9020870AB020884A9020848D804205B
:10F6400040D804203CD804208CAB020849D80420C0
:10F6500004D804202CD80420ACAB0208C4AB0208A8
:10F66000FB691A687B681A67F869FEF7F2FC7B6829
:10F670001B6F002B04D17B684FF6FF721A8606E0E1
:10F680007B6800221A867B68002283F842207B6810
:10F69000D3F88830002B0AD07B68D3F888307A689A
:10F6A00010690022796898470346BB7601E0002381
:10F6B000BB7697F91A3013F10D0F02D16FF00C03DE
:10F6C00050E27B685B8B43F002039AB27B685A83FB
:10F6D0003AE2984B1B7803F01003002B00F03482C1
:10F6E000954B1968954B1B881A46954B1B68D0188B
:10F6F000944B1B685B889BB2924A1268128892B244
:10F7000002920193904B0093904B0246786803F06D
:10F71000D9F87B6893F84230052B00F215827B689C
:10F7200000221A86786802F0A5FE0DE2814B1B7854
:10F7300003F01003002B00F0A1807F4B1A687B6858
:10F740005B6CD31A013B002B7EDB7B4B1A687B681A
:10F750001B6DD31A002B77DC7B6804221A757B683B
:10F76000DB6F002B02D1FA23BB761DE07B68DB6FD9
:10F770009B69002B06D1764B4FF46A727549764827
:10F7800017F002FA7B68DB6F9B69002B0AD07B685D
:10F79000DB6F9B697A681069002279689847034695
:10F7A000BB7601E0F023BB7697F91A30002B0AD024
:10F7B00097F91A3013F10D0F02D07868FDF700FEAB
:10F7C0006FF00C03CEE1786800F0E0FA634B1B8821
:10F7D000002B05D0614B1B88013B9AB25F4B1A800E
:10F7E0007B685B8E9A007B685B8E5B0041F21C112C
:10F7F0008B4238BF0B469A4204D27B685B8E9B00DB
:10F800009BB20DE07B685B8E5B0041F21C12934261
:10F8100004D97B685B8E5B009BB201E041F21C1354
:10F820007A68A2F848304E4B1B7803F02003002B77
:10F8300037D07B685B8B43F002039AB27B685A83B4
:10F840007B6807221A752CE03B4B19683B4B1B88E1
:10F850001A463B4B1B68D0183A4B1B685B889BB21F
:10F86000384A1268128892B202920193364B009382
:10F87000364B0246786803F025F867E12D4B1B787C
:10F8800003F00203002B00F061817B685B6A5A1E63
:10F890002B4B1B689A4240F05981786802F00CFEAD
:10F8A00054E153E1786800F071FA2D4B1B7803F0B6
:10F8B0002003002B00F04C817B685B8B43F002033C
:10F8C0009AB27B685A837B6807221A7540E1786890
:10F8D00000F05CFA224B1B7803F02003002B71D060
:10F8E000144B1B7803F01003002B60D07B681A6D5B
:10F8F000114B1B689A425AD17B68DB6E002B56D1A4
:10F900007B685B8B43F002039AB27B685A8378680A
:10F91000FEF7B4FD134B1B687A689A4205D1114B70
:10F920001B68DB680F4A13602EE00E4B1B687B617F
:10F9300027E000BF48D8042040D8042046D804203F
:10F940003CD804202CD80420249E0320289E032089
:10F950001CA90208D8AB020884A9020844D80420D4
:10F9600049D8042010D804207B69DB687A689A4261
:10F9700004D17B68DA687B69DA6005E07B69DB6863
:10F980007B617B69002BEFD17B680022DA60774BCB
:10F9900001221A707B680A221A75754B1A687B68F7
:10F9A000DA60734A7B68136003F04CF9D2E07B683D
:10F9B0005B8B43F002039AB27B685A837B68082210
:10F9C0001A75C7E06B4B1B7803F01003002B00F097
:10F9D000C1807B681A6D684B1B689A4240F0BA8000
:10F9E0007B68DB6E002B40F0B5807B6806221A75C1
:10F9F000B0E0786800F0CAF9604B1B7803F0200390
:10FA0000002B00F0A9807B685B8B43F002039AB265
:10FA10007B685A837868FEF731FD594B1B687A681A
:10FA20009A4205D1564B1B68DB68554A136013E0B8
:10FA3000534B1B683B610CE03B69DB687A689A4278
:10FA400004D17B68DA683B69DA6005E03B69DB6812
:10FA50003B613B69002BEFD17B680022DA60434BAE
:10FA600001221A707B680A221A75414B1A687B685A
:10FA7000DA603F4A7B68136003F0E4F86CE0786872
:10FA800000F084F93B4B1B7803F01003002B65D08A
:10FA90007B681A6D384B1B689A425FD17B68DB6EBE
:10FAA000002B5BD17868FEF7E9FC354B1B687A6860
:10FAB0009A4205D1324B1B68DB68314A136013E070
:10FAC0002F4B1B68FB600CE0FB68DB687A689A428E
:10FAD00004D17B68DA68FB68DA6005E0FB68DB6804
:10FAE000FB60FB68002BEFD17B680022DA601F4BC4
:10FAF00001221A707B680A221A751D4B1A687B68EE
:10FB0000DA601B4A7B68136003F09CF826E0786893
:10FB100000F03CF9174B1B7803F01003002B1FD0AB
:10FB20007B681A6D144B1B689A4219D17B68DB6E97
:10FB3000002B15D1114B1B7843F01003DAB20F4B99
:10FB40001A700DE000BF0CE000BF0AE000BF08E043
:10FB500000BF06E000BF04E000BF02E000BF00E01D
:10FB600000BF002318462437BD4690BD18D8042096
:10FB700014D8042048D8042040D8042049D80420B0
:10FB800010D8042090B585B000AF786039607B68EC
:10FB9000002B06D13B4B40F21F423B493B4816F03D
:10FBA000F3FF7B68DB689B899BB21846FBF7D6F8AE
:10FBB0000346DBB203F00103002B28D03868FEF7C0
:10FBC00033FA00233B6056E03B68DB689B899BB2BD
:10FBD0001846FBF7C3F80346DBB203F00103002B22
:10FBE0000DD07B68DB689B899CB20120FBF7B6F8DF
:10FBF00003461A467B68DB68224392B29A813B68CF
:10FC0000FB603B681B683B60F868FEF722FA3B68C4
:10FC1000002B0ED07B681B891A461D4B1B681A44AB
:10FC20003B68DB685B68396809890B44D31A002B91
:10FC3000CADA3B68002B1ED07B681B891A46144B1E
:10FC40001B681A443B68DB685B68D31A002B12DD23
:10FC50003B68DB685B689AB20D4B1B689BB2D31A9A
:10FC60009AB27B681A817B685A687B681B8919463F
:10FC70001046FCF78DFB7B683A681A6000BF1437AA
:10FC8000BD4690BD1CA90208F8AB020884A9020871
:10FC90003CD80420B0B586B000AFF860B9607A6097
:10FCA0003B603EE0BB687B61BB681B68BB607B69F7
:10FCB0005B681846FCF780FD03467B82FB68B3F85F
:10FCC00066307A8A9A4206D92A4B40F257422A492C
:10FCD0002A4816F059FFFB68B3F866207B8AD31ACE
:10FCE0009AB2FB68A3F866207B691A89244B1B88AB
:10FCF00013449AB2224B1A807869FEF7AAF9FB687E
:10FD0000B3F86630002B0CD0BB68002B09D13B68E0
:10FD1000002B06D1174B40F261421A49174816F0E2
:10FD200033FFBB68002B20D0BB68DB685B681846DC
:10FD3000FBF72AF80446BB681B891D46BB68DB68D5
:10FD40009B899BB21846FBF709F80346DBB203F028
:10FD50000303002B01D0012300E000232B44E21811
:10FD6000094B1B68D31A002B9CDDBB68184618375B
:10FD7000BD46B0BD1CA9020820AC020884A9020837
:10FD800044D8042048AC020840D80420B0B594B050
:10FD900000AF78600023BB647B68002B06D1914BD9
:10FDA00040F27B429049914816F0EEFE7B681B7D45
:10FDB000032B06D88B4B40F27C428D498B4816F0C2
:10FDC000E3FE8C4B1B7803F01003002B00F06482E1
:10FDD0007B68B3F860301A467B689B6D13443B63C5
:10FDE0007B685A6D844B1B68D31A002B1BDB7B6826
:10FDF0005A6D814B1B689A4206D17B689A6D7F4B86
:10FE00001B68D31A002B0EDB7B689A6D7B4B1B683B
:10FE10009A4225D17A4B1B68DB899AB27B68B3F88A
:10FE200060309A421CD9764B1B68DB899AB27B689A
:10FE3000A3F860207B68B3F862207B68B3F8603079
:10FE40009A4205D27B68B3F860207B68A3F86220F1
:10FE5000694B1A687B685A65684B1A687B689A65B3
:10FE6000664B1A687B685B6CD31A002B58DC654BB9
:10FE70001B88002B4BD17B689B6D7A68B2F86020A1
:10FE800013443A6B9A4242D17B68B3F93030002B6D
:10FE90003DDB7B685A6C594B1B689A4237D1012372
:10FEA000BB647B6893F84330FF2B07D07B6893F8E3
:10FEB00043300133DAB27B6883F843207B6893F8E0
:10FEC0004330032B1BD97B68B3F848207B685B8EDB
:10FED00013449AB27B68B3F848309A420AD37B68DD
:10FEE000B3F848207B685B8E13449AB27B68A3F812
:10FEF000482004E07B684FF6FF72A3F848207B6837
:10FF000093F84330022B02D9786802F041FBBB6CB6
:10FF1000002B40F061817B68002283F843205BE185
:10FF2000364B1A687B685B6CD31A013B002BC0F21E
:10FF30004E81324B1A687B681B6DD31A002B00F37D
:10FF400046817B685B8B03F00403002B10D07B6839
:10FF50005B8B23F004039AB27B685A837B68B3F807
:10FF60004A207B68A3F848207B680022A3F86A2017
:10FF70007B68002283F842207B68B3F93C30DB10B9
:10FF80001BB29AB27B68B3F93E309BB213449BB26A
:10FF90001AB27B68A3F84020184B1B689AB27B68A2
:10FFA0005B6C9BB2D31AFB857B68002283F84320ED
:10FFB000124B1A687B685A647B681B7D032B40F2E6
:10FFC00097807B68B3F848207B68B3F84A309A4240
:10FFD00045D27B685B8B03F40063002B14D00123B4
:10FFE00013E000BF1CA9020868AC020884A902083B
:10FFF00084AC020848D804203CD8042040D804200F
:020000040801F1
:100000002CD8042046D80420022387F82D3097F8F6
:100010002D309AB27B685B8E12FB03F39BB2FA8D94
:10002000934228BF13467B857B68B3F848207B8DBD
:1000300013449AB27B68B3F848309A4209D37B687C
:10004000B3F848207B8D13449AB27B68A3F848200C
:100050004EE07B684FF6FF72A3F8482048E07B68CB
:10006000B3F86A20FB8D13449AB27B68B3F86A3008
:100070009A4209D37B68B3F86A20FB8D13449AB285
:100080007B68A3F86A2004E07B684FF6FF72A3F850
:100090006A207B68B3F86A207B68B3F848309A42DC
:1000A00026D37B68B3F86A207B68B3F84830D31A4C
:1000B0009AB27B68A3F86A207B68B3F848207B6813
:1000C0005B8E13449AB27B68B3F848309A420AD3E5
:1000D0007B68B3F848207B685B8E13449AB27B68D8
:1000E000A3F8482004E07B684FF6FF72A3F848208D
:1000F0007B68196F7B68DB6E984A7868FFF7CAFDEA
:1001000002467B681A677B68D96E7B681B6F944ACE
:100110007868FFF7BFFD02467B68DA667B681B6F75
:10012000002B04D17B684FF6FF721A8602E07B68D1
:1001300000221A867B6800221A777B68DB6E002B10
:1001400003D17B680022A3F868207B68B3F86420A1
:10015000844B1B8813449AB27B68A3F864207B68A5
:100160005B8B03F40063002B35D07B681B6F002B87
:1001700018D17B68DB6E002B0CD07B68DC6C7B6855
:10018000DB6EDB685B681846FAF7FEFD0346E31A90
:10019000002B20DC7B685B8B23F400639AB27B68C6
:1001A0005A8318E07B68DC6C7B681B6FDB685B68DC
:1001B0001846FAF7E9FD0346E31A002B0BDC7B68CF
:1001C0005B8B23F400639AB27B685A8303E0786800
:1001D00002F0C8FB00E000BF7B685B6B002B5BD0CC
:1001E0007B689A6B604B1B68D31A002B54DA5F4B09
:1001F0001B689AB27B685B6B9BB2D31A9BB2A7F861
:100200004E30B7F84E207B68B3F93C30DB101BB2A0
:100210009BB2D31A9BB2A7F84E307B68B3F93C303F
:100220009AB2B7F84E3013449BB21AB27B689A87E1
:10023000B7F94E30002B05DAB7F84E305B429BB26F
:10024000A7F84E30B7F84E207B68B3F93E309B10CC
:100250001BB29BB2D31A9BB2A7F84E307B68B3F99E
:100260003E309AB2B7F84E3013449BB21AB27B6854
:10027000DA877B68B3F93C30DB101BB29AB27B683B
:10028000B3F93E309BB213449BB21AB27B68A3F819
:1002900040207B6800225A63354B1B88002B00F0FE
:1002A000DF847B681B7D062B00F2DA847B685A6A48
:1002B000304B1B68D31A013B002BC0F28F807B6848
:1002C0005A6A2B4B1B8819462A4B1B680B44D31ABE
:1002D0000133002B00F38280274B5B687B647B68D3
:1002E0005A6A244B1B68D31A7B62234B5B68002B32
:1002F00006D1224B40F294522149224816F044FC88
:100300007B6A4FF6FE72934206D91C4B40F295521F
:100310001D491C4816F038FC7B6AA7F84230164B82
:100320005B681B89B7F842209A4206D9134B40F20A
:1003300097521649134816F027FC0F4B1A89B7F845
:100340004230D31A9AB20C4B1A810B4B5B681A8954
:10035000B7F84230D31A7B842AE000BFA0AC020871
:10036000A8AC020844D8042040D8042004D80420B3
:1003700046D804203CD804201CD804201CA902081C
:10038000B0AC020884A90208C0AC0208D0AC0208D4
:100390007B6C5B89B7F84220D31AA7F842307B6C9C
:1003A0007A8C1A817B6C00225A817B6C1B687B647F
:1003B0007B6C5B89B7F842209A42E9D8B7F84230A3
:1003C0001946786CFCF7E4F87B685B6A904A136026
:1003D000904BDB688E4A12685A600DE08C4B1A68AD
:1003E0007B685B6AD31A002B06DA7B685B8B43F071
:1003F00002039AB27B685A83854B1A687B685B6AF2
:10040000D31A002BC0F22784814B1A687B685B6A81
:100410007968098D0B44D31A0133002B00F31B8438
:100420007B685A6A7A4B1B689A4240F09882794BF3
:100430001C89784BDB689B899BB21846FAF78EFCC7
:100440000346DBB203F00303002B01D0012300E0DD
:10045000002323449AB2704B1A807B681A8D6E4B2E
:100460001B889A4274D26B4BDB689B899BB21846FF
:10047000FAF774FC0346DBB203F00103002B1ED035
:10048000644BDB689B899BB21BB223F47C531CB288
:10049000604BDB689B899BB21846FAF75FFC03460A
:1004A000DBB203F03E039BB21846FAF757FC034653
:1004B0001BB223431AB2574BDB6892B29A817B6816
:1004C0001A8D544B1A81534BDB689B899BB218469B
:1004D000FAF744FC0346DBB203F00203002B05D01D
:1004E0004C4B1B89013B9AB24A4B1A81494B5B68C2
:1004F000484A128911461846FBF74AFF454B1C89AA
:10050000444BDB689B899BB21846FAF727FC0346ED
:10051000DBB203F00303002B01D0012300E0002332
:1005200023449AB23C4B1A803B4B1B881A46384BEB
:100530001B681A447B685B6A7968098D0B449A4290
:1005400006D0364B40F2CB523549364816F01CFBEC
:100550007B685B6F002B00F0E6802E4BDB689B898D
:100560009BB21846FAF7FAFB0346DBB203F001032D
:10057000002B10D00AE07B685B6FFB607B685B6FD1
:100580001A687B685A67F868FDF763FD7B685B6FE4
:10059000002BF0D1C7E07B685B6FFB6351E0FB6B26
:1005A000DB689B899BB21846FAF7D8FB0346DBB29F
:1005B00003F00103002B3CD0164BDB689B899BB2F8
:1005C0001846FAF7CBFB0346DBB203F00203002B1D
:1005D0002FD1104BDB689B899CB20120FAF7BEFB40
:1005E00003461A460B4BDB68224392B29A81094BB1
:1005F0001C89084BDB689B899BB21846FAF7AEFB57
:100600000346DBB203F00303002B0DD001230CE003
:100610003CD804201CD8042046D804201CA9020879
:10062000E0AC020884A90208002323449AB2984B44
:100630001A80FB6B3B61FB6B1B68FB633869FDF742
:1006400008FDFB6B002B0ED0914B1B881A46914B7B
:100650001B681A44FB6BDB685B68F96B09890B4408
:10066000D31A002B9BDAFB6B002B59D0884B1B88CD
:100670001A46884B1B681A44FB6BDB685B68D31A0D
:10068000002B4DDDFB6BDB685B689AB2814B1B680E
:100690009BB2D31A9AB2804B1A817F4BDB689B893D
:1006A0009BB21846FAF75AFB0346DBB203F002038B
:1006B000002B05D0784B1B89013B9AB2764B1A81EF
:1006C000754B5B68744A128911461846FBF760FE49
:1006D000714B1C89704BDB689B899BB21846FAF7FB
:1006E0003DFB0346DBB203F00303002B01D00123E3
:1006F00000E0002323449AB2654B1A80644B1B88A8
:100700001A46644B1B681A44FB6BDB685B689A42B1
:1007100006D0624B40F2FC526149624816F034FA4E
:100720007B68FA6B5A675A4B1B881A46594B1B68F1
:100730001A447B685A627B681A8D554B1B889A4213
:1007400006D2564B40F207625749564816F01CFA3B
:100750007B681A8D4E4B1B88D31A9AB27B681A8518
:100760007868FCF739FE4C4B5B681B89002B06D080
:10077000494B5B684D4A1360474B00225A60464B19
:10078000DB689B899BB21846FAF7E8FA0346DBB2AE
:1007900003F00103002B00F0B880454B1B7843F0B9
:1007A0002003DAB2424B1A70AFE07B685B6FBB602C
:1007B0007B685B6FDB685B68364A1360BB681B89CC
:1007C0001C46BB68DB689B899BB21846FAF7C6FAE1
:1007D0000346DBB203F00303002B01D0012300E04A
:1007E00000231A197B685B6A1A447B685A627B682B
:1007F0001B8D1C46BB681B891D46BB68DB689B893B
:100800009BB21846FAF7AAFA0346DBB203F00303D9
:10081000002B01D0012300E000232B449C4206D290
:100820001E4B40F22B6223491E4816F0ADF9BB68FF
:100830001B891C46BB68DB689B899BB21846FAF78C
:100840008DFA0346DBB203F00303002B01D0012332
:1008500000E0002319197B681A8D8BB2D31A9AB263
:100860007B681A857868FCF7B7FDBB685B681B89F5
:10087000002B28D00D4B1B68002B1DD00B4B1A688A
:10088000BB685B6819461046FBF7D6FF18E000BF4F
:1008900046D804203CD804201CD804201CA90208F7
:1008A00018AD020884A9020854AD02084CD80420EF
:1008B00049D8042074AD0208BB685B68704A1360B5
:1008C000BB6800225A60BB68DB689B899BB21846F4
:1008D000FAF744FA0346DBB203F00103002B0DD014
:1008E000684B1B7843F02003DAB2664B1A707B68C2
:1008F0001B7D042B02D17B6807221A75BB681A681E
:100900007B685A67B868FDF7A4FB7B685B6F002BB8
:1009100008D07B685B6FDB685A687B685B6A9A42C9
:100920003FF443AF7B685B8B03F00103002B0ED0D9
:100930007B685B8B23F001039AB27B685A837B68E8
:100940005B8B43F002039AB27B685A8387E17B6832
:100950005B8B43F001039AB27B685A837FE17B682B
:100960005B6F002B06D14848FDF78CFB02467B6885
:100970005A676CE100237B637B685B6FBB6356E166
:10098000BB6BDB685A68414B1B689A421DD13E4BDA
:100990001A89BB6B1B899A4240F24E813A48FDF797
:1009A00071FB78617B69002B00F048817B6B002B29
:1009B00003D07B6B7A691A6002E07B687A695A67B8
:1009C000B96B7869FFF7DEF838E17B6B002B17D144
:1009D0002E4B1A68BB6BDB685B68D31A002B57DAA7
:1009E0002948FDF74FFBB861BB69002B00F0288157
:1009F0007B68BA695A67B96BB869FFF7C3F81FE13A
:100A0000224B1A687B6BDB685B68D31A013B002BB7
:100A10003EDB1E4B1A68BB6BDB685B68D31A013385
:100A2000002B35DC1848FDF72DFBF861FB69002B26
:100A300000F008817B6BDB685B687A6B12891A4473
:100A4000124B1B68D31A002B12DD104B1B689AB295
:100A50007B6BDB685B689BB2D31A9AB27B6B1A81A3
:100A60007B6B5A687B6B1B8919461046FBF790FC21
:100A70007B6BFA691A60B96BF869FFF783F8E1E0FC
:100A80004CD8042049D804201CD804203CD8042089
:100A9000BB6B7B63BB6B1B68002B40F0C5807F4B3F
:100AA0001A68BB6BDB685B68D31A002B40F3BC8011
:100AB000BB6BDB689B899BB21846FAF74FF903467C
:100AC000DBB203F00103002B40F0BE807448FDF759
:100AD000D9FA0246BB6B1A60BB6B1B68002B00F097
:100AE000B580BB6BDB685B68BA6B12891A446B4BD1
:100AF0001B68D31A002B12DD684B1B689AB2BB6BC4
:100B0000DB685B689BB2D31A9AB2BB6B1A81BB6B72
:100B10005A68BB6B1B8919461046FBF739FC614BC1
:100B20001B881A465D4B1B681A447B685B6A7968B0
:100B3000098D0B44D31A002B40F38880BB6B1B68D4
:100B4000DB689B899BB21846FAF708F90346DBB2CB
:100B500003F00103002B21D0BB6B1B68DB689B8972
:100B60009BB21BB223F47C531CB2BB6B1B68DB68CB
:100B70009B899BB21846FAF7F1F80346DBB203F003
:100B80003E039BB21846FAF7E9F803461BB223432B
:100B90001AB2BB6B1B68DB6892B29A817B685B6A96
:100BA0009AB27B681B8D134499B23C4B1B689AB276
:100BB000BB6B1B688A1A92B21A81BB6B1B685A689E
:100BC000BB6B1B681B8919461046FBF7E1FBBB6B2F
:100BD0001B681C89BB6B1B68DB689B899BB2184632
:100BE000FAF7BCF80346DBB203F00303002B01D095
:100BF000012300E0002323449AB22A4B1A80294B98
:100C00001B881A46254B1B681A447B685B6A796807
:100C1000098D0B449A4219D0234B4FF4DF622349CC
:100C2000234815F0B1FF11E0BB6B1B68BB63BB6BC6
:100C3000002B7FF4A5AE0AE000BF08E000BF06E08D
:100C400000BF04E000BF02E000BF00E000BF786822
:100C500001F088FE03E0786801F084FE1AE019E0F4
:100C60000E4B1A687B685B6AD31A002B0ADB0B4BAE
:100C70001A687B685B6A7968098D0B44D31A013363
:100C8000002B07DD7B685B8B43F002039AB27B6825
:100C90005A83FFE700BF5037BD46B0BD3CD80420A3
:100CA0001CD8042046D804201CA90208E0AC020885
:100CB00084A9020880B483B000AF154B1B885A1C6E
:100CC00091B2134A1180FB80124B1B68002B04D099
:100CD000114B1B88FA889A4208D2104B1B681433B8
:100CE0003B60FB883A6813441B780BE0FB88DAB260
:100CF000094B1B88DBB2D31A7B71064B1A687B79D0
:100D000013441B7818460C37BD465DF8047B7047CA
:100D100038D8042034D8042032D804202CD8042019
:100D200080B584B000AF78607B68002B06D1334B70
:100D300040F27D723249334815F026FF324B1B8852
:100D4000002B57D0314B00221A8047E0FFF7B2FF4B
:100D50000346FB73FB7B022B06D0022B2BDC002B04
:100D600043D0012B39D026E0FFF7A4FF0346042B24
:100D70003DD1264B1B880133234A1288934236DA31
:100D8000FFF798FF03461B02BB81FFF793FF034663
:100D90001A46BB891343BB81BB8940F2B4529342CC
:100DA00004D8BB89002B01D0BA8901E040F2B452CB
:100DB0007B685A8612E0FFF77DFF0346FB72FB7AE1
:100DC000012B16D9FB7A9AB2104B1B8813449BB2A5
:100DD000023B9AB20D4B1A8000E000BF0B4B1A8801
:100DE000094B1B889A42B1D304E000BF02E000BF68
:100DF00000E000BF1037BD4680BD00BF1CA902083F
:100E00009CAD020884A9020830D8042038D80420F8
:100E100080B400AF054B1B7843F01003DAB2034BEC
:100E20001A7000BFBD465DF8047B704749D80420A6
:100E300080B584B000AFF860B9607A60FB68002BC1
:100E40000AD0FB681B7A002B06D0FB681B7A184679
:100E5000FBF796F8034603E0786804F051F903467F
:100E600018461037BD4680BD90B587B000AFF8601A
:100E7000B9603B601346FB71FB68002B05D1434B07
:100E8000A3224349434815F07FFEBB68002B05D1E0
:100E90003E4BA42240493F4815F076FE97F8283093
:100EA0009B00DBB203F00403FB750320FAF756FC4A
:100EB00038613B69002B04D1B868FBF7EFFB0023D6
:100EC00060E03B6997F828209A723B6900221A601B
:100ED0003B69BA685A60BB681A89FB7D9BB29A422B
:100EE00005D22A4BB0222D492A4815F04DFEBB6889
:100EF0001A89FB7D9BB2D31A9AB23B691A811421DD
:100F0000B868FBF735FB0346002B04D03869FDF7C2
:100F1000A0F8002336E03B695B685A683B69DA60F9
:100F2000FB68DA8A3B69DC681046F9F717FF03466D
:100F30002380FB681A8B3B69DC681046F9F70EFFCB
:100F4000034663803B69DC683868F9F71DFF034698
:100F50006360FB7D9B08DBB205339BB21B039AB237
:100F6000FB799BB213439AB23B69DC681046F9F7F0
:100F7000F5FE0346A3813B69DB6800229A740022D8
:100F8000DA743B6918461C37BD4690BDB8AD0208FF
:100F900008AE020828AE020850AE020874AE02087D
:100FA00080B586B000AF7B600346FB730B46BB8108
:100FB00013467B81BB89FB827B68002B05D1304BBC
:100FC000E8223049304815F0DFFD3B6A002B05D19F
:100FD0002B4BE9222D492C4815F0D6FDBA897B8987
:100FE0009A4221D297F8243003F00203002B11D14A
:100FF0003B6A5B8B03F04003002B15D197F8283038
:10100000002B07D03B6ADB6E002B03D13B6A1B6FC2
:10101000002B09D0BB8903F2BB5323F007027B8965
:10102000934228BF1346FB82F98AFB7B4FF4207260
:101030001846FBF74FF838613B69002B01D10023BC
:1010400019E03B691B68002B06D00D4B40F20B12D8
:101050000F490D4815F098FD3B695A89BB89D31A91
:101060009AB27B681A803B69BA891A813B691A89EE
:101070003B695A813B6918461837BD4680BD00BFA1
:10108000B8AD02088CAE020828AE0208B0AE020865
:10109000D0AE020880B582B000AF78600B467B808E
:1010A0007B68002B06D1334B40F233123249334870
:1010B00015F06AFD7B681B7D042B0ED07B681B7DC1
:1010C000072B0AD07B681B7D022B06D07B681B7D1B
:1010D000032B02D06FF00A0348E07B88002B01D17C
:1010E000002343E07B68B3F864307A889A4209D9D8
:1010F0007B685B8B43F080039AB27B685A834FF026
:10110000FF3333E07B68B3F86630172B09D97B686F
:101110005B8B43F080039AB27B685A834FF0FF33B6
:1011200024E07B68B3F86630002B0FD07B681B6F20
:10113000002B1AD17B68DB6E002B16D10D4B40F2D1
:1011400055120F490D4815F01FFD0EE07B681B6F0F
:10115000002B03D17B68DB6E002B06D0054B4FF4D0
:10116000AC720849054815F00FFD002318460837F2
:10117000BD4680BDB8AD0208E4AE020828AE020844
:1011800004AF020840AF020890B59BB004AFF8600E
:10119000B96011461A460B46FB8013467B7100234B
:1011A0007B6500233B650023FB640023BB640023B5
:1011B0007B640023A7F84230002387F82730002300
:1011C0007B820023FB870023BB87FB68002B09D1B0
:1011D000A44B4FF4CF72A449A44815F0D5FC6FF08E
:1011E0000F032AE3FB68B3F862305B089AB2FB682E
:1011F0005B8E934228BF1346BB84BB8C002B02D16D
:10120000FB685B8E00E0BB8CBB84BB68002B09D104
:10121000944B40F2AD129649944815F0B5FC6FF02E
:101220000F030AE3FB881946F868FFF733FF03460C
:1012300087F8233097F92330002B02D097F9233019
:10124000FBE2FB68B3F86630A7F84030002387F86C
:101250002230FB68DB6E002B00F0F680FB68DB6E53
:101260003B6502E03B6D1B683B653B6D1B68002BDB
:10127000F8D13B6D9B7A9B009BB203F004033B8447
:10128000BA8C3B6D1B8919463B8C0B449A4206DA9B
:10129000744B4FF4F3727749744815F075FC3B6D4D
:1012A0001A893B8C13449BB2BA8CD31A7B87FB6898
:1012B000B3F868307B827B8A002B26D07B8A7A8FBA
:1012C0009A4206D2674B4FF4FC726B49674815F09F
:1012D0005BFC3B6DFB647B8AFA88934228BF134614
:1012E0009BB27A8F934228BF1346FB87B7F8422000
:1012F000FB8F1344A7F842307A8AFB8FD31A9BB234
:101300007B827A8FFB8FD31A7B877B8A002B0BD053
:10131000B7F84220FB889A4206D0524B4FF4007235
:101320005649524815F030FCB7F84220FB889A42E3
:1013300080F067817B8F002B00F063813B6D1B8900
:10134000002B00F05E81FA88B7F84230D21A7B8F0A
:101350009342A8BF1346FB833B6DFB647B7903F08C
:101360000103002B27D007F112007A8FF98B01239C
:1013700002937B790193FB68009303460020FFF7FB
:101380000FFE78657B6D002B00F025827B6D586821
:10139000B7F84230BA681344FA8B194616F0F3FCDA
:1013A000786DFBF709FA03461A46B7F84030134444
:1013B000A7F8403041E03B6D5B687B6302E07B6BEC
:1013C0001B687B637B6B1B68002BF8D17B6B1B7BE3
:1013D00003F0C003002B15D17B6B5B687A6B5289DD
:1013E0001344BA689A420DD1B7F84230002B06D0A8
:1013F0001C4B40F2312222491C4815F0C5FBFB8BE7
:10140000BB871AE0FB8B012219460020FAF762FE27
:1014100078657B6D002B00F0E081B7F84230BA6848
:101420001A447B6D5A60786DFBF7C6F903461A467D
:10143000B7F840301344A7F84030B7F84220FB8B90
:101440001344A7F84230DCE0FB68B3F86830002BA7
:1014500000F0D780034B40F24A220A49034815F0B6
:1014600093FBCEE0B8AD020874AF020828AE0208C4
:101470008CAF0208C0AF0208D8AF0208F8AF02086C
:1014800018B0020844B00208FA88B7F84230D31AFC
:10149000BB8397F822309BB2BA8CD31A7B837A8BAA
:1014A000BB8B934228BF13463B837B7903F0010338
:1014B000002B36D097F822309AB23B8B134499B266
:1014C0007B6C002B0CBF01230023DBB207F1120061
:1014D000BA8C02937B790193FB6800930346362014
:1014E000FFF75EFD38633B6B002B00F078813B6BB0
:1014F0005B893A8B9A4206D98C4B40F266228C4922
:101500008C4815F041FB3B6B5A6897F82230D01895
:10151000B7F84230BA6813443A8B194616F033FCD8
:101520002FE07B8A002B06D0804B40F2712282494B
:10153000804815F029FB3B8B012219463620FAF72B
:10154000C9FD78617B69002B00F04B81B7F8423010
:10155000BA681A447B695A6097F822309BB24FF4FC
:10156000207219463620FAF7B5FD38633B6B002B25
:1015700003D17869FBF792F836E17969386BFBF7AC
:101580005BF9386BFBF718F903461A46B7F8403099
:101590001344A7F84030B7F84030182B03D9386B04
:1015A000FBF77CF820E1FB68DA6DB7F842301A44AB
:1015B00097F82730009313460022396BF868FFF73D
:1015C00053FCF864FB6C002B00F00D817B6C002B4E
:1015D00002D1FB6C7B640CE0BB6C002B06D1534B3F
:1015E00040F2AB225549534815F0CEFABB6CFA6C69
:1015F0001A60FB6CBB64B7F842203B8B1344A7F81E
:101600004230B7F84220FB889A42FFF43DAFFB8F8F
:10161000002B2CD03B6D5B68FB621EE0FB6A1A89D5
:10162000FB8F13449AB2FB6A1A81FB6A1B68002B7A
:1016300010D1FB6A5B68FA6A52891344FA8FB96861
:10164000184616F0A0FBFB6A5A89FB8F13449AB226
:10165000FB6A5A81FB6A1B68FB62FB6A002BDDD1C7
:101660003B6D1A89FB8F13449AB23B6D1A817A8ABB
:10167000FB68A3F868207B6D002B18D03B6D002B16
:1016800006D12A4B4FF438722D492A4815F07CFABE
:101690003B6D5B68796D1846FBF7CEF83B6D1A8998
:1016A0007B6D1B8913449AB23B6D1A8137E0BB8F67
:1016B000002B34D03B6D002B03D03B6D5B68002BBF
:1016C00006D11A4B40F2E6221E491A4815F05CFA80
:1016D0003B6D5B68BB6209E0BB6A1A89BB8F134430
:1016E0009AB2BB6A1A81BB6A1B68BB62BB6A1B6881
:1016F000002BF1D1BB6A1A89BB8F13449AB2BB6A23
:101700001A81BB6A5A89BB8F13449AB2BB6A5A8149
:101710003B6D1A89BB8F13449AB23B6D1A813B6DA6
:10172000002B11D1FB687A6CDA6610E0B8AD0208C4
:1017300074B0020828AE0208B4B00208C4B00208AF
:10174000D8B0020810B102083B6D7A6C1A60FB68D1
:10175000DA6DFB881A44FB68DA65FB68B3F864202D
:10176000FB88D31A9AB2FB68A3F86420FB68B7F829
:101770004020A3F86620FB68B3F86630002B0ED03B
:10178000FB681B6F002B0AD1FB68DB6E002B06D1B8
:101790002C4B40F212322C492C4815F0F5F9FB6C19
:1017A000002B16D0FB6CDB68002B12D07B7903F08A
:1017B0000203002B0DD1FB6CDB689B899CB20820D7
:1017C000F9F7CCFA03461A46FB6CDB68224392B267
:1017D0009A81002331E000BF06E000BF04E000BFB3
:1017E00002E000BF00E000BFFB685B8B43F08003BA
:1017F0009AB2FB685A837B6D002B02D0786DFAF7A2
:101800004DFF7B6C002B02D0786CFCF70DFCFB6865
:10181000B3F86630002B0ED0FB681B6F002B0AD18B
:10182000FB68DB6E002B06D1064B40F227320649DF
:10183000064815F0A9F94FF0FF3318465C37BD464E
:1018400090BD00BFB8AD020848B1020828AE02083A
:1018500090B58BB002AF78600B467B800023FB61B4
:1018600000237B6100233B617B68002B06D1954BF5
:1018700040F24B329449954815F086F97B68DB6E4F
:101880007B617B69002B02D14FF0FF3316E17B882F
:10189000002B09D18B4B40F253328D498B4815F008
:1018A00073F96FF0050309E17B691B897A889A4215
:1018B00001D3002302E17B685B8E7A889A4206D9C5
:1018C000804B40F25B328349804815F05DF97B69BB
:1018D0001B89002B06D17B4B4FF457727E497B4806
:1018E00015F052F97B699B7AFB73FB7B9B00DBB2A3
:1018F00003F00403BB737B691A897B88D31ABB810D
:10190000BB7B9AB2BB8913449BB24FF42072194639
:101910003620FAF7DFFB38613B69002B00F0B78017
:101920007B695B681A897B691B89D31A9AB27B88A9
:1019300013447B817B6958683B695A68BB7BD1182B
:101940007B89BA89FBF7B0F803461A46BB899342F4
:1019500040F09F807B69DB689B899BB21846F9F752
:10196000FDF90346DBB203F03F03FB760023BB76B1
:10197000FB7E03F00803002B07D0FB7E23F0080357
:10198000FB76BB7E43F00803BB76FB7E03F00103CE
:10199000002B07D0FB7E23F00103FB76BB7E43F0D8
:1019A0000103BB767B69DB685B681846F9F7ECF9E5
:1019B00002467B88D118BA7EFB7B00930B463969BF
:1019C0007868FFF751FAF861FB69002B63D07B69F7
:1019D0005B681846FAF7F0FE03461A467B68B3F8D0
:1019E00066309B1A9AB27B68A3F866207B695868B8
:1019F0007B695B681A89BB89D31A9BB21946FAF7CF
:101A0000C7FC7B691A89BB89D31A9AB27B691A8190
:101A10007B69DB689B899CB2FB7E9BB21846F9F719
:101A20009DF903461A467B69DB68224392B29A818C
:101A30007B695B681846FAF7BFFE03461A467B6867
:101A4000B3F8663013449AB27B68A3F86620FB694A
:101A50005B681846FAF7B0FE03461A467B68B3F88F
:101A6000663013449AB27B68A3F866207B691A68D3
:101A7000FB691A607B69FA691A60FB691B68002BB5
:101A800003D17B680022A3F86820002316E000BF82
:101A900002E000BF00E000BFFB69002B06D0094B4D
:101AA0004FF476720D49094815F06EF83B69002B2A
:101AB00002D03869FAF7F2FD4FF0FF3318462437A9
:101AC000BD4690BDB8AD020868B1020828AE020854
:101AD0008CB10208B0B10208C0B10208D0B102084E
:101AE00090B585B000AF78607B68002B06D1214BA4
:101AF00040F2EB322049214815F046F87B68DB6E56
:101B0000002B2ED07B68DB6EFB6002E0FB681B685D
:101B1000FB60FB681B68002BF8D1FB68DB689B89C6
:101B20009BB21846F9F71AF90346DBB203F0070334
:101B3000002B16D1FB68DB689B899CB20120F9F76A
:101B40000DF903461A46FB68DB68224392B29A817C
:101B50007B685B8B43F020039AB27B685A83002337
:101B600004E00121786800F00BF8034618461437AA
:101B7000BD4690BDB8AD0208DCB1020828AE02082F
:101B800080B58AB002AF78600B46FB700023FB770C
:101B90000023FB75FB7803F00303002B06D1674B92
:101BA00040F211426649674814F0EEFF7B68002B53
:101BB00006D1624B40F213426349624814F0E4FFDD
:101BC000FB7803F00203002B01D00123FB77FB7F9E
:101BD0009B00DBB203F00403FB75FB7D9BB24FF46B
:101BE000207219463620FAF775FA38613B69002BE6
:101BF00009D17B685B8B43F080039AB27B685A8380
:101C00004FF0FF3395E03B695A89FB7D9BB29A42C6
:101C100006D24A4B40F239424C494A4814F0B4FFCC
:101C20007B68D96DFA78FB7F00930B463969786839
:101C3000FFF71AF9F860FB68002B09D17B685B8B12
:101C400043F080039AB27B685A834FF0FF3370E011
:101C5000FB68DB6803F00303002B06D0374B40F230
:101C600042423B49374814F08FFFFB681B89002B29
:101C700006D0324B40F243423649324814F084FFDA
:101C80007B68DB6E002B03D17B68FA68DA660DE0B7
:101C90007B68DB6EBB6102E0BB691B68BB61BB6933
:101CA0001B68002BF8D1BB69FA681A607B680022B8
:101CB000A3F86820FB7803F00203002B04D1FB7823
:101CC00003F00103002B04D07B68DB6D5A1C7B689A
:101CD000DA65FB7803F00103002B06D07B685B8B91
:101CE00043F020039AB27B685A83FB685B6818460E
:101CF000FAF762FD03461A467B68B3F86630134470
:101D00009AB27B68A3F866207B68B3F86630002B34
:101D10000ED07B681B6F002B0AD17B68DB6E002B1B
:101D200006D1064B40F265420B49064814F02CFFE1
:101D3000002318462037BD4680BD00BFB8AD02085D
:101D4000F8B1020828AE020850B2020870B20208C8
:101D5000ACB20208C4B20208F0B20208B0B58AB050
:101D600000AF78607B68002B06D18A4B40F2E142DD
:101D700089498A4814F008FF7B681B7D012B06D136
:101D8000844B40F2E3428649844814F0FDFE854BC3
:101D90001B687A689A4201D10023CEE17B68B3F8D0
:101DA00048207B68B3F86030934228BF13469BB24B
:101DB000BB617B68DB6E7B627B6A002B0BD17B682F
:101DC0005B8B03F00203002B00F0AA81786800F01F
:101DD000C9FD0346B1E179687B6804331A46786827
:101DE000FFF726F878617B69002B02D16FF00303BF
:101DF000A3E17B68002B03D07B681B68002B11D10B
:101E00007B69002B02D07B69043300E000233B6137
:101E10003B69002B02D16FF003038EE13B691A6826
:101E20007B681A607B6ADB685B681846F8F7ACFF72
:101E300002467B685B6CD31A7A6A12891344BA69CA
:101E40009A4227D27B68B3F860301A46BB69934246
:101E500014D17B681B6F002B10D17B6893F89930ED
:101E6000002B0BD17B68002283F898207B6801222D
:101E700083F899207B68002283F89A207B685B8B2B
:101E800003F00203002B00F04D81786800F06AFD3A
:101E9000034652E17B68002283F899207B681B6F20
:101EA0003B623B6A002B00F01C8102E03B6A1B682E
:101EB0003B623B6A1B68002BF8D112E17B6ADB684E
:101EC0009B899BB21846F8F749FF0346DBB203F043
:101ED0000403002B06D02F4B40F2365232492F48D4
:101EE00014F052FE7B681B6F002B1FD07B685B8B4E
:101EF00003F04403002B19D17B68DB6E002B0BD061
:101F00007B68DB6E1B68002B10D17B68DB6E1A8947
:101F10007B685B8E9A4209D27B68B3F86430002BF1
:101F200004D07B68B3F86630172B01D9012300E099
:101F30000023002B06D17B685B8B03F0A003002BF2
:101F400000F0E4807B681B7D022B0DD07B6ADB6890
:101F50009B899CB21020F8F701FF03461A467B6A62
:101F6000DB68224392B29A817A697968786A00F0D4
:101F700009F90346FB7397F90F30002B16D07B68E5
:101F80005B8B43F080039AB27B685A8397F90F30DA
:101F9000D3E000BFB8AD020818B3020828AE0208AB
:101FA00030B3020850D8042058B302087B6A1A687C
:101FB0007B68DA667B681B7D022B06D07B685B8BB7
:101FC00023F003039AB27B685A837B6ADB685B6801
:101FD0001846F8F7D9FE04467B6A1B891D467B6AC2
:101FE000DB689B899BB21846F8F7B8FE0346DBB264
:101FF00003F00303002B01D0012300E000232B4456
:102000002344BB607B681A6DBB68D31A002B02DACD
:102010007B68BA681A657B6A1B891C467B6ADB6829
:102020009B899BB21846F8F799FE0346DBB203F092
:102030000303002B01D0012300E000232344002BE5
:1020400049D07B6A00221A607B681B6F002B05D188
:102050007B687A6A1A677B6A3B623FE07B6ADB686F
:102060005B681846F8F790FE04463B6ADB685B68DD
:102070001846F8F789FE0346E31A002B24DA7B683A
:102080007033FB6102E0FB691B68FB61FB691B6845
:10209000002B11D0FB691B68DB685B681846F8F7FA
:1020A00073FE04467B6ADB685B681846F8F76CFED3
:1020B0000346E31A002BE6DBFB691A687B6A1A60A9
:1020C000FB697A6A1A6009E03B6A7A6A1A603B6ABD
:1020D0001B683B6202E0786AFBF7BBFF7B68DB6E44
:1020E0007B627B6A002B12D07B6ADB685B681846D8
:1020F000F8F74AFE02467B685B6CD31A7A6A12894B
:102100001344BA699A42BFF4D9AE00E000BF7B68BD
:10211000DB6E002B08D17B680022A3F8682004E066
:1021200000BF02E000BF00E000BF7B685B8B23F0D4
:1021300080039AB27B685A83002318462837BD462D
:10214000B0BD00BF80B582B000AF78607B68002B67
:1021500006D1094B40F29A520849094814F014FD7F
:102160007B685B689B7B012B01D0012300E000238F
:1021700018460837BD4680BDB8AD020870B30208E6
:1021800028AE0208B0B58CB004AFF860B9607A60D0
:10219000FB68002B06D1644B4FF4B7626349644877
:1021A00014F0F2FCBB68002B06D15F4B40F2B95231
:1021B00060495F4814F0E8FC7B68002B06D15A4B5D
:1021C00040F2BA525C495A4814F0DEFCF868FFF756
:1021D000B9FF0346002B01D00023A1E0BB685A6A77
:1021E000FB68DC681046F8F7CFFD0346A360BB68C8
:1021F0005A8DFB68DC681046F8F7B0FD0346E381B2
:10220000BB685B6ABA68528D1A44BB68DA62FB68C5
:10221000DB681433FB61FB689B7A03F00103002B3E
:1022200015D0BB6804331A46796840F2B450FCF705
:102230002FFA03467B837B8B43F001731846F8F734
:10224000A3FD0246FB691A60FB690433FB61BB68AE
:10225000B3F93030002B02DABB6800221A86BB6863
:102260005B6B002B0CD1354B1A68BB685A63FB685B
:10227000DB685B681846F8F787FD0246BB689A631F
:10228000FB68DA68FB685B685B68D31A3B83FB68B2
:102290005B685989FB685B683A8B8A1A92B25A81EB
:1022A000FB685B681989FB685B683A8B8A1A92B293
:1022B0001A81FB685B68FA68D2685A60FB68DB6861
:1022C00000221A7400225A74FB68DA68FB689B7A51
:1022D00003F00103002B01D0182300E01423134462
:1022E000FA699A4206D0104B40F21C621449104819
:1022F00014F04AFCFB685868B968BB681C1DBB68D1
:10230000DD7ABB689B7A7A6802920622019200937A
:102310002B46224603F0BEF80346FB7597F91730AB
:1023200018462037BD46B0BDB8AD020898B30208C4
:1023300028AE0208B8B30208D8B3020804D80420B3
:10234000FCB30208B0B584B000AF78607B68002BA6
:1023500006D1314B40F263623049314814F014FC2D
:102360007B681B6F002B02D16FF0050350E07B6888
:102370001B6FFB600BE0F868FFF7E4FE0346002BE1
:1023800002D06FF0050343E0FB681B68FB60FB684D
:102390001B68002BEFD1F868FFF7D4FE0346002B33
:1023A00002D06FF0050333E07B68DA6EFB681A60D9
:1023B0007B681A6F7B68DA667B6800221A677B6825
:1023C0005B8B43F400639AB27B685A83FB68DB68DB
:1023D0005B681846F8F7D8FC0446FB681B891D4665
:1023E000FB68DB689B899BB21846F8F7B7FC03468D
:1023F000DBB203F00303002B01D0012300E0002334
:102400002B44E2187B68DA647B6800225A6300235D
:1024100018461037BD46B0BDB8AD020810B402086A
:1024200028AE020880B582B000AF78607B68002BD0
:1024300006D10D4B4FF4D3620C490D4814F0A4FBA8
:102440007B6893F84230FF2B07D07B6893F84230CB
:102450000133DAB27B6883F842207868FFF77EFCAC
:1024600000BF0837BD4680BDB8AD020834B40208CD
:1024700028AE020880B582B000AF78607B68002B80
:1024800006D10A4B40F2AD6209490A4814F07CFBC0
:102490007868FFF757FF0346002B02D17868FFF7F3
:1024A000C1FF00BF0837BD4680BD00BFB8AD020800
:1024B00058B4020828AE020890B585B000AF786025
:1024C0007B68002B06D12F4B40F2C1622E492F486A
:1024D00014F05AFB7B681B6F002B02D16FF00503D1
:1024E0004CE07B681B6FBB60B868FFF72BFE0346B0
:1024F000002B02D06FF0050340E0BB681A687B68D0
:102500001A677B686C33FB6002E0FB681B68FB604A
:10251000FB681B68002B11D0FB681B68DB685B68DD
:102520001846F8F731FC0446BB68DB685B68184660
:10253000F8F72AFC0346E31A002BE6DBFB681A686F
:10254000BB681A60FB68BA681A60BB681B68002B1E
:1025500003D17B680022A3F868207B6893F842309F
:10256000FF2B07D07B6893F842300133DAB27B68E7
:1025700083F842207B6800225A63002318461437F0
:10258000BD4690BDB8AD020874B4020828AE02087A
:1025900080B582B000AF78607B68002B06D12A4BF3
:1025A00040F2F96229492A4814F0EEFA7B681B6F61
:1025B000002B45D07B685B8B03F00403002B3FD1DD
:1025C0007868FFF779FF0346002B39D17B68B3F8B1
:1025D00060207B68B3F84830934228BF13469BB213
:1025E000002B00DA01335B109AB27B68A3F84A2013
:1025F0007B68B3F84A301A467B685B8E5B009A4270
:1026000006D27B685B8E5B009AB27B68A3F84A2097
:102610007B68B3F84A207B685B8E194649000B44FF
:102620009BB213449AB27B68A3F848207B685B8B0B
:1026300043F004039AB27B685A837B6800221A86AF
:1026400000BF0837BD4680BDB8AD02088CB4020893
:1026500028AE020880B586B000AFF8607B600B46FC
:102660007B8113463B817A893B8913449BB21433A7
:102670009BB24FF4207219462220F9F72BFD7861A6
:102680007B69002B4DD07B8913337A695289934241
:1026900006DB264B40F223722549264814F074FAD3
:1026A0007B695B683B613B8C1846F8F757FB034638
:1026B0001A463B691A80BB8C1846F8F74FFB034655
:1026C0001A463B695A803B697A685A60F868F8F79D
:1026D0005BFB02463B699A607B899B089BB2053392
:1026E0009BB21B039AB297F828309BB213439BB25C
:1026F0001846F8F733FB03461A463B699A81BB8DAF
:102700001846F8F72BFB03461A463B69DA813B690A
:1027100000221A7400225A743B6900229A74002223
:10272000DA747B6918461837BD4680BDB8AD02081B
:10273000ACB4020828AE0208B0B58AB004AFF860A5
:102740007B600B467B8113463B81FB68002B06D1E7
:10275000154B40F242721549154814F015FAFB6802
:10276000586AFB68DB8AFA68128BF968498D3D89E3
:102770007C89039110210291019200937B682A4683
:102780002146FFF767FF78617B69002B06D0FB6865
:102790005B6AFA68528D1A44FB68DA627B691846F4
:1027A0001837BD46B0BD00BFB8AD0208DCB40208A2
:1027B00028AE020880B588B000AFF860B960114655
:1027C0001A460B46FB711346BB710023FB83BB68A3
:1027D000002B06D1124B40F256721249124814F0E7
:1027E000D3F9BB685B68BB61BB6914337B61FB8B4E
:1027F0009B001A46FB799B0003F004031344143337
:10280000BA6913447A699A4206D0054B40F2757250
:102810000649054814F0B8F900BF2037BD4680BD11
:10282000B8AD020804B5020828AE0208FCB30208DD
:1028300080B58AB004AFF860B9607A603B60BB686D
:10284000002B06D11C4B40F287721C491C4814F027
:102850009BF93A687968F868FEF7EAFA38613B69EB
:10286000002B02D1FC23FB751CE0FB68002B06D07B
:10287000FB68DB7ABB75FB689B7A7B7503E0FF2303
:10288000BB7500237B75BA7D3B69029306230193D8
:102890007B7D009313463A687968B86802F0FAFDC8
:1028A0000346FB75B868F9F7F9FE97F91730184633
:1028B0001837BD4680BD00BFB8AD02082CB5020870
:1028C00028AE020890B58BB004AFF860B9607A60AA
:1028D0003B603B68002B06D11E4B40F2C4721E4980
:1028E0001E4814F051F9BB6A002B06D1194B40F277
:1028F000C5721B49194814F047F90023FB754023A2
:10290000BB82FB7D9CB2B868F8F73EFA0246BB8AF0
:102910000393142302933B8E0193BB8D00931346C4
:10292000002221467868FFF795FE38613B69002B4D
:102930000CD0FB7D00223969F868FFF73BFFBB6ACA
:102940003A683969F868FFF773FF00E000BF1C3789
:10295000BD4690BDB8AD020858B5020828AE0208C1
:1029600074B5020890B587B000AF78600023FB759E
:102970000023BB757B68002B06D1284B40F2EA721E
:102980002749284814F000F9FB7D9B00DBB203F0D7
:1029900004037B757B7D9CB27B681B6D1846F8F742
:1029A000F3F90346002221467868FFF7C5FE386137
:1029B0003B69002B09D17B685B8B43F003039AB220
:1029C0007B685A836FF0010323E0BB7DFA7D396990
:1029D0007868FFF7EFFE7A687B68043339697868B6
:1029E000FFF726FF0346FB7397F90F30002B07D044
:1029F0007B685B8B43F003039AB27B685A8306E0E3
:102A00007B685B8B23F003039AB27B685A8397F948
:102A10000F3018461C37BD4690BD00BFB8AD020848
:102A200090B5020828AE020890B587B000AF786074
:102A30000023FB757B68002B06D1184B40F624025F
:102A40001749184814F0A0F8FB7D9CB27B681B6DF9
:102A5000013B1846F8F798F90346002221467868AA
:102A6000FFF76AFE38613B69002B02D14FF0FF335C
:102A700010E0FB7D002239697868FFF79BFE7A68D9
:102A80007B68043339697868FFF7D2FE0346FB732D
:102A900097F90F3018461C37BD4690BDB8AD0208F7
:102AA000B0B5020828AE020890B58BB000AF7860D0
:102AB000002387F827307B68002B06D14C4B40F66B
:102AC0004F024C494C4814F05FF87B68DB6E3B6268
:102AD0003B6A002B01D1002386E07B6893F89A3093
:102AE000FF2B07D07B6893F89A300133DAB27B680A
:102AF00083F89A203B6ADB689B899BB21846F8F7FB
:102B00002DF90346DBB203F00103002B05D03B6A2D
:102B10001B89002B01D1012300E00023FB77FB7F01
:102B2000002B0CBF01230023DBB2BB8397F82730B7
:102B300099B23B6ADB685B68BA8B7868FFF7FCFD8B
:102B4000B861BB69002B02D14FF0FF334CE0BB6989
:102B50005B687B61FB7F002B11D07B699B899BB2FB
:102B60001BB223F47C531CB21120F8F7F7F803468C
:102B70001BB223431BB29AB27B699A8110E0BB69F6
:102B80005B6814333B613B6A58683B6A5B681A892F
:102B90003B6A1B89D31A9BB201223969F9F784FF7A
:102BA0003B6ADB685B681846F8F7EEF803460133CA
:102BB000FB607B681A6DFB68D31A002B02DA7B6816
:102BC000FA681A6597F827300022B9697868FFF724
:102BD000F1FD7A687B680433B9697868FFF728FEED
:102BE0000346FB7297F90B3018462C37BD4690BD53
:102BF000B8AD0208CCB5020828AE020880B582B094
:102C000000AF7860FAF72CF90A4B1B68002B03D150
:102C1000094B1B68002B05D000220849FA2000F060
:102C2000F3F803E0064B00221A6000BF00BF08372C
:102C3000BD4680BD10D8042014D80420FD2B010807
:102C40005CD8042080B500AF0A4B1B68002B0FD165
:102C5000094B1B68002B03D1084B1B68002B07D0C6
:102C6000044B01221A6000220549FA2000F0CCF83A
:102C700000BF80BD5CD8042010D8042014D80420E4
:102C8000FD2B010880B586B000AFF860B9607A60AE
:102C90000A20F8F763FD38613B69002B09D13B69D5
:102CA000002B51D12A4BBE222A492B4813F06CFF2E
:102CB0004AE03B6900221A603B69BA689A603B6946
:102CC0007A68DA603B69FA685A60244B1B68002B0B
:102CD00003D1224A3B69136037E03B695A681F4BB6
:102CE0001B685B68D31ADB0F03F00103DBB2002B18
:102CF00007D01A4B1A683B691A60184A3B6913607F
:102D000023E0164B1B687B611AE07B691B68002B74
:102D10000BD03B695A687B691B685B68D31ADB0F71
:102D200003F00103DBB2002B07D07B691A683B6913
:102D30001A607B693A691A6007E07B691B687B61EE
:102D40007B69002BE1D100E000BF1837BD4680BD94
:102D5000F0B5020840B6020880B6020854D8042034
:102D600080B586B000AF78607B687B617B695B680B
:102D7000984705F0FBF838617B691A680F4B1B68B0
:102D80001344FB60FA683B69D31ADB0F03F00103BD
:102D9000DBB2002B09D07B691A683B6913447A685F
:102DA00007491846FFF76EFF04E07A680449F8689F
:102DB000FFF768FF00BF1837BD4680BD58D8042014
:102DC000612D010880B582B000AF01237B600EE069
:102DD0000B4A7B6852F833007B68DB00084A1344D7
:102DE0001A46084900F010F87B6801337B607B6865
:102DF000032BEDD900BF00BF0837BD4680BD00BF23
:102E0000ECF20208612D010880B586B000AFF860D1
:102E1000B9607A60FB68B3F1804F06D30A4B40F289
:102E200029120A490A4813F0AFFE05F09FF802463E
:102E3000FB6813447B617A68B9687869FFF722FF01
:102E400000BF1837BD4680BDF0B50208A8B602081D
:102E500080B6020880B584B000AF78603960194B45
:102E60001B68002B29D0174B1B68BB600023FB603D
:102E70001FE0BB689B687A689A4215D1BB68DB6823
:102E80003A689A4210D1FB68002B04D1BB681B68DA
:102E90000C4A136003E0BB681A68FB681A60B968E3
:102EA0000A20F8F7D1FC09E0BB68FB60BB681B682F
:102EB000BB60BB68002BDCD100E000BF1037BD4613
:102EC00080BD00BF54D8042080B584B000AF05F0A9
:102ED0004DF8F860174B1B68BB60BB68002B22D015
:102EE000BB685B68FA68D31ADB0F03F00103DBB23F
:102EF000002B1AD1BB681B680E4A1360BB689B6825
:102F00007B60BB68DB683B60BB685B680A4A136038
:102F1000B9680A20F8F798FC7B68002BDAD07B6848
:102F200038689847D6E700BF00E000BF1037BD46BD
:102F300080BD00BF54D8042058D8042080B582B08A
:102F400000AF164B1B68002B02D14FF0FF3320E07F
:102F500005F00CF87860114B1B685A687B68D31A2F
:102F6000DB0F03F00103DBB2002B01D0002310E0E4
:102F70000A4B1B685A687B68D31A3B603B68002B7E
:102F800006DA074B4FF4DC720649074813F0FCFDE4
:102F90003B6818460837BD4680BD00BF54D80420A2
:102FA000F0B50208E0B6020880B6020880B500AFAE
:102FB00013F0ECFA03469BB2C3F30D039BB2A3F5E7
:102FC00080439AB2014B1A8000BF80BD18000220D6
:102FD00080B483B000AF0023FB80174B1B885A1CC2
:102FE00091B2154A11804FF6FF72934203D1124BF2
:102FF0004FF440421A80114B1B683B6011E03B6864
:103000005A8A0D4B1B889A4208D1FB880133FB80FA
:10301000FB88B3F5804FE0D3002307E03B68DB6813
:103020003B603B68002BEAD1034B1B8818460C37EA
:10303000BD465DF8047B70471800022060D804206C
:1030400080B584B000AFF860B9601346FB71FB68CF
:10305000002B05D1274B87222749284813F094FDE0
:10306000BB68002B05D1234B88222549234813F048
:103070008BFDFB681B7A002B0BD0FB681A7A214B67
:103080005B6893F834300133DBB29A4201D00023FD
:103090002BE0FB79002B18D0FB68002B13D0FB68CA
:1030A0001B68002B0FD0174B5B69B3F1FF3F0AD0B1
:1030B000FB681A68134B5B695A40BB6808331B688E
:1030C0001340002B10D101230FE0FB68002B09D027
:1030D000FB681B68002B05D0FB681A68094B5B690D
:1030E0009A4201D1012300E0002318461037BD4663
:1030F00080BD00BFF4B6020840B7020864B70208FA
:103100008CB70208149E032090B58DB002AF786092
:1031100039600023FB767B68002B05D17C4BCF22E6
:103120007C497D4813F030FD3B68002B05D1784B7E
:10313000D0227A49784813F027FD7B685B89072BFA
:1031400003D87868F9F7AAFADEE07B685B687B61F0
:10315000734B5B69724A12681146184602F072FAA4
:103160000346FB747B691B889BB21846F7F7F6FD94
:1031700003463B827B695B889BB21846F7F7EEFDFE
:103180000346FB8100237B6200233B620023FB613B
:10319000644B1B687B6254E07B6A5B8AFA899A42C3
:1031A0004AD1FB7C1A463968786AFFF749FF034623
:1031B000002B41D07B6A1B7C03F00403002B1DD144
:1031C000FB69002B02D17B6AFB6117E0FB7C002BC3
:1031D00014D0534B5B69B3F1FF3F0FD1FB691A6801
:1031E0003B6804331B689A4208D07B6A1A683B68C4
:1031F00004331B689A4201D17B6AFB617B6A9B8A1C
:103200003A8A9A4218D17B6A5B68002B05D07B6AA8
:103210005A68434B1B699A420ED13B6A002B14D06B
:103220007B6ADA683B6ADA603E4B1A687B6ADA606E
:103230003C4A7B6A136008E07B6A3B627B6ADB681E
:103240007B627B6A002BA7D100E000BF7B6A002B6A
:1032500001D1FB697B627B6A002B02D00123FB76E4
:103260000AE03B6804331A682D4B5B699A420CBF35
:1032700001230023DBB2FB76FB7E002B41D008212B
:103280007868F9F785F90346002B0AD0204B4FF4F4
:10329000B8722549204813F077FC7868F9F7FEF9F1
:1032A00032E07B6A002B12D07B6A9B69002B0AD02C
:1032B0007B6A9C697B6AD8693B8A00931B4B7A685E
:1032C000796AA04721E07868F9F7E8F91CE0FB7C0F
:1032D000002B12D1124B5B6903F0F003E02B0CD0F2
:1032E0000F4B9B8908339BB21BB219467868F9F7DC
:1032F000C2F90321786801F079FE7868F9F7CEF910
:1033000003E07868F9F7CAF900BF2C37BD4690BDD5
:10331000F4B60208B4B7020864B70208CCB70208D2
:10332000149E032060D80420E8B70208249E0320DE
:1033300080B588B002AFF860B9607A607B80FB68C6
:10334000002B09D1234B4FF406722349234813F075
:103350001BFC6FF00F0338E0BB68002B09D11D4B3D
:1033600040F219221E491D4813F00EFC6FF00F03A6
:103370002BE07B68002B09D1164B40F21A22194929
:10338000164813F001FC6FF00F031EE0FB681B7A78
:10339000002B06D0FB681B7A1846F8F7F1FD786120
:1033A00003E0786801F0ACFE78617B69002B02D104
:1033B0006FF0030309E07A887B69009313467A680B
:1033C000B968F86800F010F8034618461837BD468B
:1033D00080BD00BFF4B6020834B8020864B7020822
:1033E0004CB8020868B8020880B588B002AFF8602F
:1033F000B9607A607B80FB68002B09D12E4B4FF4BB
:1034000020722E492E4813F0BFFB6FF00F034FE0E0
:10341000BB68002B09D1284B40F28122294928485A
:1034200013F0B2FB6FF00F0342E07B68002B09D171
:10343000214B40F282222449214813F0A5FB6FF072
:103440000F0335E03B6A002B09D11B4B40F283226E
:103450001E491B4813F098FB6FF00F0328E0FB6830
:10346000002B09D0FB681B68002B05D0FB681B688C
:1034700003F0F003E02B03D13B6A04337B610BE0E4
:10348000FB681A683B6A04331B689A4202D06FF0EB
:1034900003030DE0FB687B617A887B6901933B6ADB
:1034A000009313467A68B968F86800F011F803468B
:1034B00018461837BD4680BDF4B6020884B8020825
:1034C00064B70208A0B80208BCB80208DCB8020859
:1034D00080B58CB004AFF860B9607A607B80FB681F
:1034E000002B09D1654B40F2D1226549654813F0A4
:1034F0004BFB6FF00F03BCE0BB68002B09D15F4BA7
:1035000040F2D22260495F4813F03EFB6FF00F0398
:10351000AFE07B68002B09D1584B40F2D3225B49C6
:10352000584813F031FB6FF00F03A2E0FB6A002B49
:1035300009D1524B4FF435725549524813F024FBD0
:103540006FF00F0395E0BB6A002B09D14B4B40F2A3
:10355000D52250494B4813F017FB6FF00F0388E05A
:10356000FB685B8A002B0FD1F968FB685B8A1A46FF
:10357000F86800F093F80346FB7697F91B30002BB0
:1035800002D097F91B3074E0BB681B894FF6F772C5
:10359000934202D94FF0FF336BE00821B868F8F787
:1035A000E7FF0346002B15D04FF42072082122209C
:1035B000F8F790FDF861FB69002B02D14FF0FF3363
:1035C00057E0BB681B89002B06D0B968F869F9F78A
:1035D00089F901E0BB68FB61FB695B89072B06D8B1
:1035E000264B40F20D322C49264813F0CDFAFB69E8
:1035F0005B687B61FB685B8A1846F7F7AFFB0346A5
:103600001A467B691A807B881846F7F7A7FB0346A2
:103610001A467B695A807B6900229A710022DA710E
:10362000FB691B891846F7F799FB03461A467B6925
:103630009A801123FB74FB68DB7ABB74FB689B7A6E
:10364000B97CBA6A0292FA7C019200930B467A68BE
:10365000F96AF86901F048FF0346FB76FA69BB682E
:103660009A4204D0F869F9F719F80023FB6197F939
:103670001B3018462037BD4680BD00BFF4B6020897
:10368000FCB8020864B702081CB902083CB9020879
:1036900060B9020884B90208A8B9020880B586B0EA
:1036A00000AFF860B9601346FB80BB68002B01D106
:1036B000394BBB60FB68002B09D1384B40F2B73265
:1036C0003749384813F060FA6FF00F0360E00023C9
:1036D000FB74354B1B687B6109E0FA687B699A4291
:1036E00002D10123FB7405E07B69DB687B617B69A8
:1036F000002BF2D1FB88002B09D1FFF769FC0346B0
:10370000FB80FB88002B2CD16FF0070340E0264B99
:103710001B687B6122E0FA687B699A421BD07B6957
:103720005B8AFA889A4216D17B691A68BB681B6863
:103730009A420DD0BB68002B0AD0BB681B68002BD7
:1037400006D07B69002B03D07B691B68002B02D15C
:103750006FF007031CE07B69DB687B617B69002BF2
:10376000D9D1BB68002B02D0BB681B6800E00023E6
:10377000FA681360FB68FA885A82FB7C002B06D13A
:10378000094B1A68FB68DA60074AFB68136000237C
:1037900018461837BD4680BD0CF30208F4B602087F
:1037A000D8B9020864B7020860D8042080B584B094
:1037B00000AFF860B9607A60FB68002B07D1084B56
:1037C00040F28A420749084813F0DEF905E0FB6839
:1037D000BA689A61FB687A68DA611037BD4680BDC5
:1037E000F4B6020844BA020864B7020880B584B08F
:1037F00000AF78607B68002B07D1194B40F2A142E3
:103800001849194813F0C0F926E0184B1B687A686C
:103810009A4205D1154B1B68DB68144A136017E008
:10382000124B1B68FB6010E0FB68DB68002B09D0C3
:10383000FB68DB687A689A4204D17B68DA68FB68C7
:10384000DA6005E0FB68DB68FB60FB68002BEBD10E
:1038500079680020F7F7F8FF1037BD4680BD00BF3C
:10386000F4B602085CBA020864B7020860D8042003
:1038700080B582B000AF0020F7F770FF78607B68FA
:10388000002B07D020220021786813F046FB7B68CC
:10389000FF22DA727B6818460837BD4680BD80B5C6
:1038A00084B000AF0346FB71FFF7E2FFF860FB68EE
:1038B00018461037BD4680BD80B485B000AF786033
:1038C00039607B68002B1ED07B681B68002B1AD0E8
:1038D0003B68002B17D03B681B68002B13D00D4BA7
:1038E0001B68FB600CE0FB681A687B681B689A42E7
:1038F00003D13B681A68FB681A60FB68DB68FB60F1
:10390000FB68002BEFD100BF1437BD465DF8047B88
:10391000704700BF60D8042080B584B000AF7860E5
:103920007B685B6AFB60FB685B7A0133DAB2FB6839
:103930005A72786800F0B4F800BF1037BD4680BDF9
:1039400080B584B000AF78607B685B6AFB60FB6821
:103950001B7A002B03D07868FFF7DEFF05E078685C
:1039600000F075F8FB6864221A7200BF1037BD467C
:1039700080BD000080B584B000AF786039607B689E
:103980005B6ABB607B6893F82E301A467B6893F8BD
:103990002F301B021A431E4B13441846F7F7F4F955
:1039A00003461846F7F7F0F9F860BB685B7A1A46E9
:1039B000FB681344FB60FB689AB2164B1343FB6031
:1039C000FB68154A934203D8FB6803F57E43FB600E
:1039D000FB68124A934203D9FB68A3F57E43FB6060
:1039E000FB680D4A934203D9FB680C4A934205D900
:1039F0000B4BBC220B490C4813F0C6F8F868F7F7DC
:103A0000C3F902463B681A6000BF1037BD4680BD4F
:103A10000001FEA90000FEA9FF00FEA9FFFEFEA90D
:103A200074BA020838BB0208D8BA020880B584B05C
:103A300000AF78607B685B6AFB60FB68194678685A
:103A400001F0BEF9034618461037BD4680BD80B56B
:103A500082B000AF78607B6804331946786801F063
:103A6000AFF9034618460837BD4680BD80B586B01D
:103A700000AF78607B685B6A7B614FF6FF733B61E8
:103A80000023FB60796907F10C0307F110027868E5
:103A9000F8F7F6F8002318461837BD4680BD000039
:103AA00080B584B000AF78607B685B6AFB60002300
:103AB000FB727B6893F8313003F00103002B09D1CE
:103AC0001F4B40F205121F491F4813F05DF86FF0BD
:103AD0000F0330E01D4B1D4A1C497868F8F7D0F8F9
:103AE000FB68002B0ED10C210120F7F771FDF86067
:103AF000FB68002B02D14FF0FF331CE07B68FA68B3
:103B00005A620EE0FB6800221A71FB680022DA801C
:103B1000FB6800225A71FB6800221A60FB680022D1
:103B20001A72FB6819467868FFF724FF786800F07E
:103B30000FF897F90B3018461037BD4680BD00BF0F
:103B400074BA020854BB0208D8BA02080CF302087F
:103B500080B485B000AF78607B685B6AFB60FB680F
:103B600001221A71FB6800225A717B6893F82F308A
:103B70001A067B6893F82D301B041A437B6893F870
:103B80002C301B0213437A6892F82E2013437A6874
:103B9000526A002A03D07A68526A527A00E0002200
:103BA000D1180D4BA3FB0123DA0813469B001344E5
:103BB0005B00CA1A92B2FB68DA80FB685B7A0A2B58
:103BC00003D9FB684FF41672DA8000BF1437BD4684
:103BD0005DF8047B704700BFCDCCCCCC80B584B001
:103BE00000AF78607B685B6AFB60FB68002B06D0E7
:103BF000FB681B79002B02D07868FFF7A9FF00BF94
:103C00001037BD4680BD000080B584B000AF78603D
:103C10007B685B6AFB60FB68002B10D0FB680022AE
:103C20001A717B6804331B689BB24FF6A9629342FA
:103C300005D1054B044A04497868F8F721F80023B8
:103C400018461037BD4680BD0CF3020880B582B01F
:103C500000AF524B1B687B6096E07B685B6A3B6001
:103C60003B68002B00F08D803B681B7A002B05D051
:103C70003B681B7A013BDAB23B681A723B68DB880F
:103C8000002B05D03B68DB88013B9AB23B68DA80A9
:103C90003B681B79012B02D0022B51D071E03B68AD
:103CA000DB88002B6AD13B685B79022B0CD93B681F
:103CB00002221A717868FFF7D9FE3B6801225A7117
:103CC0003B681422DA8059E07868FFF7AFFE3B6862
:103CD0005B790133DAB23B685A713B685B79032B3D
:103CE00003D13B681422DA8048E07B6893F82F30D8
:103CF0001A067B6893F82D301B041A437B6893F8EF
:103D00002C301B0213437A6892F82E2013437A68F2
:103D1000526A002A03D07A68526A527A00E000227E
:103D2000D1181F4BA3FB0123DA0813469B00134451
:103D30005B00CA1A93B20A339AB23B68DA801DE07C
:103D40003B68DB88002B1BD17868FFF780FE3B685F
:103D50001422DA803B685B790133DAB23B685A712E
:103D60003B685B79012B0BD93B6803221A713B68D6
:103D700000225A713B680022DA8001E000BF00E0B7
:103D800000BF7B681B687B607B68002B7FF465AF9E
:103D900000BF00BF0837BD4680BD00BFF8D7042074
:103DA000CDCCCCCC80B58AB000AF786039607B6870
:103DB0005B6A7B627B6A002B61D07B6A1B79002B7C
:103DC0005DD07B6803F12A0207F10C0310681860CC
:103DD00092889A803B680E335B889BB21B043B62DF
:103DE0003B680E331B889BB21A463B6A13433B6207
:103DF0003B6ABB613B6818335B889BB21B04FB6169
:103E00003B6818331B889BB21A46FB691343FB615E
:103E1000FB697B617B6A1B79012B1CD1BA697B6AC8
:103E20001B689A4213D0BB69002B28D17A697B6A40
:103E30001B689A4223D13B6803F1080107F10C0388
:103E40000622184613F040F80346002B17D0786876
:103E5000FFF762FD13E0BA697B6A1B689A420ED1D4
:103E60003B6803F1080107F10C030622184613F022
:103E70002BF80346002B02D07868FFF761FD00BFE6
:103E80002837BD4680BD80B485B000AF786039600A
:103E90007B685B6AFB60FB68002B07D03B681A6895
:103EA000FB681B689A4201D1012300E00023DBB2CA
:103EB00018461437BD465DF8047B704780B582B064
:103EC00000AF786015497A6813465B001344DB0045
:103ED0000B441B68002B13D010497A6813465B0013
:103EE0001344DB000B441B681846F8F7D7FB0B495B
:103EF0007A6813465B001344DB000B4400221A600F
:103F000006497A6813465B001344DB000B44143304
:103F100000221A7000BF0837BD4680BD64D8042057
:103F200080B582B000AF00237B6096E04F497A688D
:103F300013465B001344DB000B4414331B78FB7007
:103F4000FB78002B00F0868048497A6813465B00B6
:103F50001344DB000B4412331B88013398B24349EE
:103F60007A6813465B001344DB000B4412330246AD
:103F70001A803E497A6813465B001344DB000B4409
:103F800012331B88B3F5967F15D238497A681346E9
:103F90005B001344DB000B4414331B78012B0ED160
:103FA00032497A6813465B001344DB000B4412333A
:103FB0001B88042B03D97868FFF780FF4AE02B4960
:103FC0007A6813465B001344DB000B4414331B7800
:103FD000032B0AD125497A6813465B001344DB00A2
:103FE0000B44143304221A7034E020497A681346D3
:103FF0005B001344DB000B4414331B78042B0AD101
:104000001A497A6813465B001344DB000B441433EF
:1040100002221A701EE015497A6813465B001344A9
:10402000DB000B4414331B78012B13D10F497A6842
:1040300013465B001344DB000B44083318687A68AE
:1040400013465B001344DB00084A1344043319464B
:1040500000F0B6FE7B6801337B607B68092B7FF73D
:1040600065AF00BF00BF0837BD4680BD64D80420DF
:1040700080B58AB000AFF8600B467A60FB720A2305
:10408000FB840A23BB840A237B8400233B840A230A
:10409000FB830023BB8300237B8300233B8300231C
:1040A0003B84AEE0B7F92020A64913465B001344D9
:1040B000DB000B4414331B78FB75B7F922300A2B55
:1040C00005D1FB7D002B02D13B8C7B8495E0FB7DF1
:1040D000002B00F09280FB7D012B09D0FB7D012B92
:1040E00006D8994B40F223129849994812F04CFD9A
:1040F000FB68002B20D0FB681968B7F92020914895
:1041000013465B001344DB00034404331B689942ED
:1041100012D17B68002B0CD0B7F9202089491346B7
:104120005B001344DB000B4408331B687A689A4237
:1041300002D1B7F9203000E1FB7D012B40D1B7F966
:104140002020804913465B001344DB000B441B68AE
:10415000002B1AD0B7F920207A4913465B0013448C
:10416000DB000B4412331B88BA8B9A4245D83B8C38
:10417000FB83B7F92020734913465B001344DB002F
:104180000B4412331B88BB8337E0B7F920206D49FD
:1041900013465B001344DB000B4412331B887A8BFD
:1041A0009A422AD83B8CFB84B7F9202065491346F4
:1041B0005B001344DB000B4412331B887B831CE041
:1041C000FB7D012B19D9B7F920205E4913465B000E
:1041D0001344DB000B4412331B883A8B9A420CD8F1
:1041E0003B8CBB84B7F92020564913465B0013442F
:1041F000DB000B4412331B883B833B8C01339BB2A7
:104200003B84B7F92030092B7FF74CAFFB7A03F0E2
:104210000203002B08D1B7F922300A2B07D1FB7A11
:1042200003F00103002B02D14FF0FF3385E0B7F913
:104230002230092B02DC7B8C3B8439E0B7F9243037
:10424000092B14DCBB8C3B84B7F920203D49134675
:104250005B001344DB000B441B68002B18D03A4B67
:1042600040F26D123B493A4812F08EFC10E0B7F96B
:104270002630092B02DCFB8C3B8409E0B7F91E30A9
:10428000092B02DCFB8B3B8402E04FF0FF3354E050
:10429000B7F92030092B06DD2B4B40F27F122E4957
:1042A0002B4812F071FCB7F920301846FFF706FED4
:1042B000B7F92030092B06DD234B40F28312264943
:1042C000234812F061FCB7F920201E4913465B0019
:1042D0001344DB000B4414331B78002B06D01A4B1D
:1042E0004FF4C2721D491A4812F04EFCFB68002BB5
:1042F0000BD0B7F92020FB681968124813465B0001
:104300001344DB00034404331960B7F920200D493E
:1043100013465B001344DB000B44123300221A8067
:10432000B7F92020074913465B001344DB000B4418
:1043300008337A681A60B7F9203018462837BD4626
:1043400080BD00BF64D8042078BB0208CCBB020843
:104350000CBC020834BC02084CBC020860BC020859
:1043600080B588B002AFF860B9607A60FB70FB6816
:1043700093F83030062B06D0484B40F2A91248493A
:10438000484812F001FCBB68002B12D0BB681B68C8
:10439000002B0ED0BB681B68F968184601F052F973
:1043A0000346002B05D1BB681B6803F0F003E02B2C
:1043B00002D16FF00F036CE0FB78FA681946B86819
:1043C000FFF756FE0346FB82B7F91630002B02DAE0
:1043D000FB8A5BB25DE0B7F91620334913465B00F8
:1043E0001344DB000B44143302221A70B7F9162071
:1043F0002D4913465B001344DB000B440833FA6875
:104400001A60B7F9162013465B001344DB0008332B
:10441000254A1344043306227968184613F0B3FC86
:10442000B7F91620204913465B001344DB000B4408
:10443000123300221A80B7F916201B4913465B007D
:104440001344DB000B441B68002B21D0B7F9162066
:10445000154913465B001344DB000B441B683B61AA
:10446000B7F91620104913465B001344DB000B44D8
:1044700000221A60FB6803F12A024FF400630093E4
:104480007B683969F868F6F7E5F93869F8F706F9ED
:10449000002318461837BD4680BD00BF78BB020810
:1044A0008CBC02080CBC020864D8042080B584B01F
:1044B00000AF78600023FB601EE01349FA681346E2
:1044C0005B001344DB000B4414331B78FB72FB7A54
:1044D000002B0ED00C49FA6813465B001344DB0036
:1044E0000B4408331B687A689A4202D1F868FFF7D8
:1044F000E5FCFB680133FB60FB68092BDDDD00BFD9
:1045000000BF1037BD4680BD64D80420B0B58CB064
:1045100004AF786039603B68002B07D14B4B40F209
:104520008A224B494B4812F02FFB8BE07B685B687B
:10453000BB61BB691B889BB2B3F5807F0CD1BB69A3
:104540001B79062B08D1BB695B79042B04D1BB69AD
:104550005B889BB2082B03D07868F8F79FF871E06E
:10456000B9693868FFF71EFCBB690E335B889BB2E4
:104570001B047B61BB690E331B889BB21A467B69A7
:1045800013437B617B69FB60BB6918335B889BB21B
:104590001B043B61BB6918331B889BB21A463B69FD
:1045A00013433B613B69BB603B6804331B68002BD2
:1045B00002D10023FB7709E0BA683B6804331B682B
:1045C0009A420CBF01230023DBB2FB77BB6903F1E6
:1045D0000802FB7F002B01D0012300E0022307F13A
:1045E0000C013868FFF7BCFEBB69DB889BB2B3F5F2
:1045F000807F03D0B3F5007F1ED020E0FB7F002B2F
:104600001CD03B6803F12A00BB6903F108043B6836
:1046100003F12A053B680433BA6908320221039189
:1046200007F10C010291019200932B4622460146AC
:10463000386800F0F5FA01E000BF00E000BF7868DC
:10464000F8F72CF82037BD46B0BD00BF78BB020894
:10465000E4BC02080CBC020880B586B002AFF8606A
:10466000B9601346FB71FA79444913465B00134461
:10467000DB000B4414331B78012B06D8404B40F26F
:10468000EE224049404812F07FFAFA793B4913463E
:104690005B001344DB000B4414331B78022B53D113
:1046A000FA79364913465B001344DB000B4412339E
:1046B0001B88B3F58E7F19D9FA7913465B00134432
:1046C000DB002E4A134404331946F86800F078FBE7
:1046D0000346002B38D1FA79284913465B0013446E
:1046E000DB000B44143303221A702DE0FA792349BE
:1046F00013465B001344DB000B4412331B88B3F5F5
:10470000877F21D3FA7913465B001344DB001B4AF1
:104710001344191DFA7913465B001344DB00083378
:10472000164A134404331A46F86800F027FB034680
:10473000002B09D1FA79114913465B001344DB00C1
:104740000B44143303221A70FB6803F12A01FA792F
:1047500013465B001344DB000833084A1344043358
:104760004FF4006200920A46B968F868F6F772F8EA
:10477000034618461037BD4680BD00BF64D80420EC
:1047800078BB020804BD02080CBC020880B58CB0DE
:1047900002AFF860B9607A607B683B62FB68002B0F
:1047A00006D1784B40F21E327749784812F0ECF986
:1047B000BB68002B06D1734B40F21F32744973481B
:1047C00012F0E2F97B68002B06D16E4B4FF4487271
:1047D00070496E4812F0D8F97B681B68F968184672
:1047E00000F030FF0346002B02D06B4B7B62B9E038
:1047F0007B681B6803F0F003E02B18D101233B74A6
:1048000000237B745E23BB747B6801331B7803F049
:104810007F03DBB2FB747B6802331B783B757B68DC
:1048200003331B787B7507F110037B629AE07B688A
:104830001A68FB6804331B685A40FB6808331B681E
:104840001340002B1CD07B681B689BB24FF6A962FB
:10485000934215D0BB685B68BB61BB69DB689BB2E8
:104860004FF6A96293420BD0FB680C331B68002BF8
:1048700003D0FB680C333B6202E06FF003037DE082
:10488000464B1B781946464A0B465B000B44DB003F
:10489000134414331B78012B25D9404B1B78194640
:1048A0003F4A0B465B000B44DB00134408331B6894
:1048B000FA689A4217D13B6A1A68384B1B78184637
:1048C000374903465B000344DB000B4404331B6899
:1048D0009A4208D1314B1B781A46B968F868FFF73D
:1048E000BBFE03464AE00023FB7731E0FA7F2C4908
:1048F00013465B001344DB000B4414331B78012B7D
:1049000023D9FA7F264913465B001344DB000B448E
:1049100008331B68FA689A4217D13B6A1968FA7F14
:104920001F4813465B001344DB00034404331B6839
:1049300099420AD1194AFB7F1370FB7F1A46B96866
:10494000F868FFF789FE034618E0FB7F0133FB7729
:10495000FB7F092BCAD9BA68396AF86800F022F8D7
:1049600003460BE0FB6803F12A024FF40063009357
:104970007B6AB968F868F5F76DFF03461846283773
:10498000BD4680BD78BB0208E4BC02080CBC02082E
:1049900034BD0208D4BC0208E4F1020854D9042052
:1049A00064D8042080B58CB002AFF860B9607A603A
:1049B000FB682A337B61FF2387F8273000233B62A3
:1049C000BB681B68F968184600F03CFE0346002BE4
:1049D0000CD1BB681B6803F0F003E02B06D0BB686A
:1049E000002B03D0BB681B68002B02D16FF00F03B4
:1049F00001E1FA680121B868FFF73AFB03467B82C0
:104A0000B7F91230002B02DA7B8A5BB2F3E07B8AC3
:104A10007E2B06D97A4B40F2C1327A497A4812F09D
:104A2000B3F87B8A7B747A7C784913465B00134425
:104A3000DB000B4414331B78002B15D101233B62A0
:104A40007A7C724913465B001344DB000B44143339
:104A500001221A707A7C6D4913465B001344DB0017
:104A60000B440833FA681A607A7C684913465B0085
:104A70001344DB000B4414331B78012B11D07A7CD8
:104A8000624913465B001344DB000B4414331B786C
:104A9000012B06D85A4B40F2CD325D495A4812F0EC
:104AA00073F83B6A002B02D17B68002B0CD1B968EC
:104AB000F86800F085F9034687F827307B68002BFB
:104AC00002D197F9273096E07B68002B06D14C4B3A
:104AD00040F2E1324F494C4812F056F87A7C4B498B
:104AE00013465B001344DB000B4414331B78012B8B
:104AF00017D9494A7B7C13707A7C13465B001344B8
:104B0000DB000833414A134404334FF4006200923F
:104B10007A697968F868F5F79DFE034687F82730CB
:104B200067E07A7C394913465B001344DB000B4491
:104B300014331B78012B5CD10023BB617B68FB61C4
:104B40001CE0FB695A89FB691B899A420AD1FB69FF
:104B50001B68002B06D02A4B40F2F1322F492A481D
:104B600012F012F8FB691B7B03F04003002B02D00C
:104B70000123BB6105E0FB691B68FB61FB69002B3E
:104B8000DFD1BB69002B07D07A684FF420710E206B
:104B9000F8F726F8F86104E07B68FB61F869F7F73D
:104BA00023FEFB69002B21D07A7C184913465B0059
:104BB0001344DB000B441B68002B0AD07A7C13499A
:104BC00013465B001344DB000B441B681846F7F7E1
:104BD00065FD7A7C0D4913465B001344DB000B44F2
:104BE000FA691A60002387F8273002E0FF2387F86C
:104BF000273097F9273018462837BD4680BD00BFBB
:104C000078BB020840BD02080CBC020864D804202E
:104C100050BD020834BD020854D9042078BD0208F2
:104C200080B58CB002AFF860B9607A603B60002359
:104C300087F82730FB68002B06D14A4B40F25742D9
:104C400049494A4811F0A0FF4FF420721C210E2060
:104C5000F7F740FA38623B6A002B02D14FF0FF337E
:104C60007CE03B6A5B891B2B06D83E4B40F26242DC
:104C70003F493E4811F088FF3B6A5B68FB61BB8F90
:104C80001846F6F76BF803461A46FB69DA80FB68AC
:104C900093F83030062B06D0324B40F2694235494A
:104CA000324811F071FFFB69083306223968184653
:104CB00013F069F8FB6912330622796B184613F07A
:104CC00062F83B6B1B68BB61BB699AB2FB69DA8116
:104CD000BB691B0C9AB2FB691A82BB6B1B687B61B8
:104CE0007B699AB2FB691A837B691B0C9AB2FB69D8
:104CF0005A83FB6900221A70002242F001025A70A6
:104D0000FB69002242F008029A700022DA70FB6907
:104D100006221A71FB6904225A713B6B1B689BB215
:104D20004FF6A962934209D140F606030093124B55
:104D3000BA68396AF868F5F78DFD08E040F60603B1
:104D400000937B68BA68396AF868F5F783FD386ABA
:104D5000F7F7A4FC00233B6297F927301846283761
:104D6000BD4680BD78BB0208E4BC02080CBC02084A
:104D700094BD0208C8BD0208E4F1020880B588B0FD
:104D800004AFF860B9607A60FB6803F12A01FB6840
:104D900003F12A00FB68043301220392BA680292ED
:104DA000064A0192009303467A68F868FFF738FFD5
:104DB000034618461037BD4680BD00BFECF102081F
:104DC00080B582B000AF78603960054A396878688C
:104DD000FFF7D4FF034618460837BD4680BD00BF25
:104DE000E4F1020880B58EB004AF78603960794B89
:104DF0009B687B627B6A1B7803F00F03DBB29B002E
:104E0000DBB27B847B8C132B40F2CD807B685B898B
:104E1000032B40F2CA807B685B681B7887F82130DF
:104E200097F82130002B00F0B780082B40F0B780B6
:104E3000694BFB61674B5B6903F0F003E02B00F00B
:104E4000BB80644B5B69634A12681146184600F0E8
:104E5000F9FB0346002B40F0B1807B681B89072BD0
:104E600040F2A5807B8C0E3319467868F7F780FBFB
:104E70000346002B4BD07B681A897B8C13447B83C1
:104E80007B681B897A8B9A42C0F09A807B8B4FF4A7
:104E9000207219460E20F7F71DF978617B69002B07
:104EA00000F090807B695B891A467B8C08339A42BC
:104EB00003D27869F7F7F2FB85E07B695B687A8C4F
:104EC000796A184612F05FFF7B8C19467869F7F70C
:104ED0005FFB0346002B09D0404BB62240494148B6
:104EE00011F052FE7869F7F7D9FB6CE079687869C0
:104EF000F7F708FD0346002B03D07869F7F7CEFBE0
:104F000061E07868F7F7CAFB7B697B600FE07B8C18
:104F10000E3319467868F7F73BFB0346002B06D0A3
:104F20002E4BC72230492F4811F02EFE4BE07B68F4
:104F30005B683B617B8C19467868F7F719FB034681
:104F4000002B2BD17B685B68FB60FB691A68FB68F0
:104F5000DA60204B1A69FB681A613B6900221A70FB
:104F60003B6900229A700022DA70FB68FF221A72F5
:104F7000FB6800229A720022DA723B6802930123D6
:104F8000019300230093FF230022F969786800F061
:104F900081FA0346FB7201E000BF00E000BF7868C1
:104FA000F7F77CFB13E000BF02E000BF00E000BFAA
:104FB0007868F7F773FB0AE000BF04E000BF02E087
:104FC00000BF00E000BF7868F7F768FB00BF283734
:104FD000BD4680BD149E0320289E03200CBE0208FF
:104FE0005CBE020894BE0208BCBE020880B582B056
:104FF00000AF78600B46FB70FB781A460321786897
:1050000000F014F800BF0837BD4680BD80B582B0FF
:1050100000AF78600B46FB70FB781A460B2178686E
:1050200000F004F800BF0837BD4680BD80B58CB0E5
:1050300004AF78600B46FB701346BB704FF42072D0
:1050400024212220F7F746F8F861FB69002B4CD0A9
:10505000FB695B89232B06D8264B4FF4B472264993
:10506000264811F091FD7B685B68BB61FB695B685A
:105070007B617B69FA781A707B69BA785A707B69B0
:1050800000221A7100225A717B6900229A71002253
:10509000DA71FB695B6803F108007B685B681C22BE
:1050A000194612F070FEBB69DB68FB6007F10C0368
:1050B000184600F025F838613B69002B11D07B6958
:1050C00000229A700022DA7007F10C023B69029309
:1050D0000123019300230093FF230021F86900F0CE
:1050E000D9F9F869F7F7DAFA00E000BF2037BD46D2
:1050F00080BD00BF0CBE0208F0BE020894BE0208CC
:1051000080B485B000AF7860334B1B68FB6036E03D
:10511000FB6893F8313003F00103DBB2002B2BD096
:10512000FB6893F831309B0803F00103DBB2002BDE
:1051300022D0FB6804331B68002B1DD07B681A68E3
:10514000FB6804331B685A40FB6808331B68134034
:10515000002B01D1FB6838E0FB6893F8313003F095
:105160000203002B08D17B681A68FB680C331B68AC
:105170009A4201D1FB6828E0FB681B68FB60FB6872
:10518000002BC5D1154B1B68002B1AD0134B1B6885
:1051900093F8313003F00103002B12D00F4B1B6842
:1051A00093F8313003F00403002B0AD00B4B1B683B
:1051B00004331B68002B04D07B681B68DBB27F2B99
:1051C00001D1002301E0054B1B6818461437BD468A
:1051D0005DF8047B704700BFF8D70420FCD704209B
:1051E00080B582B000AF78607B6893F8313003F00F
:1051F0000103DBB2002B1FD07B6804331B68002B3C
:105200001AD0104B5A697B6804331B689A4208D045
:105210000C4B5B697968184600F014FA0346002BC2
:1052200001D0012309E008497868FEF72CFE034607
:10523000002B01D0012300E0002318460837BD46AB
:1052400080BD00BF149E0320289E032080B586B039
:1052500000AF786039607B685B687B617B691B7835
:105260001B09DBB2042B04D07868F7F717FA002388
:1052700007E17B691B7803F00F03DBB29B00DBB215
:10528000FB817B695B889BB21846F5F767FD034697
:10529000BB817B681B89BA899A4204D2BB891946B3
:1052A0007868F7F775F87B685B89FA899A4207D8BE
:1052B0007B681B89BA899A4202D8FB89132B04D8D0
:1052C0007868F7F7EBF90023DBE07B691B696F4A2D
:1052D00053617B69DB686D4A13616C4B5B6903F05A
:1052E000F003E02B12D13B6893F8313003F0010357
:1052F000DBB2002B07D03B6804331B68002B02D0C5
:105300003B683B612AE000233B6127E03868FFF7F8
:1053100067FF0346002B02D03B683B611EE0002381
:105320003B615A4B5B69DBB27F2B17D0584B1B6834
:105330003B610EE03A693B689A4206D03869FFF754
:105340004FFF0346002B08D100E000BF3B691B68FC
:105350003B613B69002BEDD100E000BF4B4B1B696B
:105360003968184600F06EF90346002B05D1474B0B
:105370001B6903F0F003E02B04D17868F7F78EF98E
:1053800000237EE03B69002B04D17868F7F786F9AB
:10539000002376E07B69DB889BB21A464FF63F73A9
:1053A0001340002B0BD0786800F04CFE78607B68CF
:1053B000002B01D1002364E07B685B687B61334A8A
:1053C0003B691360314A3B685360304A7B699360A4
:1053D0007B691B7803F00F03DBB29B00DBB21A463C
:1053E0002A4B9A81FB8919467868F7F7D1F87B69CF
:1053F0005B7A112B06D0112B13DC012B0CD0062B62
:1054000005D00EE039687868FDF77EFE26E0396841
:105410007868F9F703FA21E039687868FFF7E2FC69
:105420001CE01A4B5B693969184600F00BF903461A
:10543000002B0FD1154B5B6903F0F003E02B09D073
:10544000B7F90E3019467868F7F715F90221786830
:10545000FFF7CCFD7868F7F721F900BF0B4B00226E
:105460001A600A4B00225A60084B00229A60074BD0
:1054700000229A81054B00221A61044B00225A61D6
:10548000002318461837BD4680BD00BF149E032078
:10549000F8D7042080B58AB004AFF860B9607A60AC
:1054A000FB70BB687B617B68002B09D0BB68002B5D
:1054B00003D0BB681B68002B02D1BB6A04337B613D
:1054C000FA78BB6A029397F82430019397F820305A
:1054D000009313467A687969F86800F005F8034686
:1054E00018461837BD4680BD80B588B000AFF8605B
:1054F000B9607A60FB70FB689B7B012B06D04B4B3D
:105500004FF455724A494B4811F03EFB7B68002B23
:1055100060D014237B831421F868F7F729F8034639
:10552000002B02D06FF001037CE0FB685B68FB613D
:10553000FB685B89132B06D83C4B4FF462723E49E3
:105540003C4811F021FBFB69FA781A72FB6997F865
:105550002C205A727B681A68FB691A617B8B9B0846
:105560009BB2DBB243F04003DAB2FB691A70FB690D
:1055700097F828205A70FB681B891846F5F7EEFB50
:1055800003461A46FB695A80FB6900229A71002281
:10559000DA712A4B1B881846F5F7E0FB03461A46DA
:1055A000FB699A80254B1B8801339AB2234B1A80E2
:1055B000BB68002B04D1224B1A68FB69DA6003E058
:1055C000BB681A68FB69DA60FB6900229A720022E4
:1055D000DA720FE0FB685B89132B02D86FF00103CE
:1055E00020E0FB685B68FB61FB691B697B6107F17D
:1055F00014037B603B6B1B8D002B0CD0FB681A895E
:105600003B6B1B8D9A4206D97A68396BF86800F0BB
:105610000DFF034606E03B6B5B697A68F968386BFF
:105620009847034618462037BD4680BD1CBF020878
:105630006CBF020878BF0208A0BF020856D9042038
:105640000CF3020880B485B000AF786039607B68E5
:10565000FB607B68B3F1FF3F02D07B68002B01D178
:1056600001232AE03B6893F8313003F00203002B5A
:1056700001D1002321E03B6804331B687A689A4219
:1056800001D1002319E0FA683B6804331B685A40D3
:105690003B6808331B681340002B0DD13B6808336F
:1056A0001B68DA437B681A403B6808331B68DB439E
:1056B0009A4201D1012300E0002318461437BD4669
:1056C0005DF8047B7047000080B58AB000AF786059
:1056D000396007F10C03FB617B681B7887F8223087
:1056E00097F822300133894A13441B7803F00403EE
:1056F000002B01D1002305E100237B620A2387F8F8
:10570000233097F82230302B1CD17B6801337B602B
:105710007B681B7887F8223097F82230782B03D0EB
:1057200097F82230582B0AD1102387F823307B6852
:1057300001337B607B681B7887F8223002E0082306
:1057400087F8233097F822300133704A13441B78CE
:1057500003F00403002B11D097F823307A6A03FB7F
:1057600002F297F822301344303B7B627B680133AE
:105770007B607B681B7887F82230E3E797F823305B
:10578000102B27D197F822300133604A13441B783D
:1057900003F04403002B1DD07B6A1B0197F82220E5
:1057A00002F10A0197F82220013258480244127887
:1057B00002F00302022A01D1612200E041228A1A8A
:1057C00013437B627B6801337B607B681B7887F8BF
:1057D0002230B7E797F822302E2B14D107F10C03B3
:1057E0000C33FA699A4201D300238BE0FB691A1D3E
:1057F000FA617A6A1A607B6801337B607B681B7888
:1058000087F822306CE700BF97F82230002B0BD0CE
:1058100097F8223001333D4A13441B7803F0080304
:10582000002B01D100236DE007F10C03FA69D31AB4
:105830009B100133042B53D801A252F823F000BF70
:1058400055580108EF580108595801087B580108BC
:10585000A9580108002355E07B6AB3F1807F01D38A
:1058600000234FE0FB68FF2B01D900234AE0FB68CF
:105870001B067A6A13437B623AE07B6AB3F5803F8A
:1058800001D300233EE0FB68FF2B02D83B69FF2BCE
:1058900001D9002336E0FB681A063B691B04134359
:1058A0007A6A13437B6223E07B6AFF2B01D90023D2
:1058B00028E0FB68FF2B05D83B69FF2B02D87B69EA
:1058C000FF2B01D900231DE0FB681A063B691B046E
:1058D0001A437B691B0213437A6A13437B6207E016
:1058E0000B4BF9220B490C4811F04EF900E000BFB8
:1058F0003B68002B05D0786AF5F746FA02463B680C
:105900001A60012318462837BD4680BD401303089E
:10591000D0BF020824C0020830C0020880B582B09F
:1059200000AF786010220449786800F007F8034659
:1059300018460837BD4680BD58D9042080B48DB0C4
:1059400000AFF860B9607A6000233B62FB681B68B7
:10595000BB61BB68FB6207F11803BB62002387F8D9
:10596000273058E0002387F82630BB6A1A78324B7C
:10597000A3FB0213D9080B469B000B445B00D31A10
:10598000FB77BB6A1B782C4AA2FB0323DB08DAB245
:10599000BB6A1A7097F826305A1C87F826201946D9
:1059A000FB7F3033DAB201F130033B4403F81C2CA7
:1059B000BB6A1B78002BD8D111E03B6A5A1C3A62B3
:1059C0007A689A4201DC002330E097F82620FB6ACF
:1059D000591CF96230323A4412F81C2C1A7097F8AC
:1059E00026305A1E87F82620002BE6D13B6A5A1C27
:1059F0003A627A689A4201DC002317E0FB6A5A1C7B
:105A0000FA622E221A70BB6A0133BB6297F8273004
:105A1000013387F8273097F82730032BA2D9FB6A88
:105A2000013BFB62FB6A00221A70BB6818463437E0
:105A3000BD465DF8047B7047CDCCCCCC80B584B03E
:105A400000AF0023BB60124B1B68FB6018E0FB68D3
:105A5000DB7F002B0BD0FB68DB7F013BDAB2FB68FE
:105A6000DA77FB68BB60FB681B68FB6008E0FB68DB
:105A70007B60FB681B68FB60B968786800F00AF817
:105A8000FB68002BE3D100BF00BF1037BD4680BDCF
:105A900068D9042080B588B000AF786039600023F1
:105AA000FB833A687B689A4205D1454BAB22454956
:105AB000454811F069F83B68002B0AD03B681B6829
:105AC0007A689A4205D03E4BAD2240493E4811F0DB
:105AD0005BF87B685B685B687B617B699B889BB2DA
:105AE000002B2AD17B685B68BB617B691A687B6885
:105AF0005A60BB6958687B6808331422194612F053
:105B000042F90121B869FFF781FAB869F6F754FE46
:105B100003467B82FA8B7B8A1344B3F5803F05DB17
:105B2000274BBC222A49284811F02EF8FA8B7B8A91
:105B30001344FB83B869F6F7B1FD7B685B68BB6112
:105B40001FE0BB695B687B61BB69FB607B691B68AD
:105B5000BB61F868F6F730FE03467B82FA8B7B8ADE
:105B60001344B3F5803F05DB154BCC22184916488A
:105B700011F00AF8FA8B7B8A1344FB83F868F6F776
:105B80008DFDBB69002BDCD13968786800F0C2F864
:105B9000104B1B88FA8B9A4205D9094BD2220E4929
:105BA000094810F0F1FF0B4B1A88FB8BD31A9AB2FD
:105BB000084B1A80FB8B18462037BD4680BD00BFBE
:105BC00058C00208ACC00208B8C00208E0C0020811
:105BD000F4C002086CD9042014C1020880B58AB050
:105BE00000AF7860396000237B6100233B620023B3
:105BF000FB610023BB6100233B61284B1B687B6278
:105C000030E07B6A5A697B68DB689A420CD17B6A18
:105C10009A697B681B699A4206D17B6A9A897B687C
:105C20009B889BB29A4214D03B6901333B613B6A2B
:105C3000002B04D17B6A3B62FB69BB6109E07B6A94
:105C4000DA7F3B6ADB7F9A4203D87B6A3B62FB695F
:105C5000BB617B6A1B68002B01D07B6AFB617B6A9E
:105C60001B687B627B6A002BCBD13B6A002B08D080
:105C7000B969386AFFF70EFFF8607A69FB68134468
:105C80007B617A693B689A4202DA3B69012BACDCA2
:105C90007B6918462837BD4680BD00BF68D90420FF
:105CA00080B584B000AF786039600420F5F756FD08
:105CB000F860FB68002B10D139687868FFF78EFF19
:105CC00002463B68934203DC0420F5F747FDF86089
:105CD000FB68002B01D1002316E020220021F86888
:105CE00011F01BF9FB680F22DA77094B1A68FB6881
:105CF0001A60074AFB681360FB680833142279684E
:105D0000184612F040F8FB6818461037BD4680BDB3
:105D100068D9042080B582B000AF78603960104B3C
:105D20001B687A689A4204D17B681B680C4A13602E
:105D30000DE03B68002B06D10A4B40F245120A49A0
:105D40000A4810F021FF7B681A683B681A6079687E
:105D50000420F5F779FD00BF0837BD4680BD00BFC0
:105D600068D9042058C0020838C10208B8C0020827
:105D700080B58CB000AFF860B9607A600023BB6278
:105D800001233B62BB685B68FB61FB695B889BB27C
:105D90001846F4F7E3FF03467B83FB691B7803F0A7
:105DA0000F03DBB29B007B767B7E9BB27A8B9A42A1
:105DB00002D24FF0FF3335E17B7E9BB27A8BD31A50
:105DC0007B83FB69DB889BB21846F4F7C7FF034669
:105DD000C3F30C039BB2DB00FB82BB685B68FB6216
:105DE000FB6A00221A7000225A7000229A70002268
:105DF000DA70FB6AFA8A9A80FA8A7B8B13449AB229
:105E0000FB6ADA80FB6ADB889BB2FA8A9A4202D983
:105E10004FF0FF3306E1FB685B687B6268E07B6AFA
:105E20005B683B61FB6A9B889AB23B699B889BB22B
:105E30009A4235D2FB6A7A6A1A60BB6A002B20D07C
:105E4000FB6A9B889AB2BB6ADB889BB29A4207D3F3
:105E5000FB6ADB889AB23B699B889BB29A4202D963
:105E60004FF0FF33DEE0BB6ABA681A60BB6ADB88BA
:105E70009AB2FB6A9B889BB29A423DD000233B6258
:105E80003AE0FB6ADB889AB23B699B889BB29A42F4
:105E900002D94FF0FF33C5E0FB68BA685A602BE0C7
:105EA000FB6A9B889AB23B699B889BB29A4202D15B
:105EB0004FF0FF33B6E0FB6A9B889AB23B69DB8800
:105EC0009BB29A4202D24FF0FF33ABE0BB6A002B89
:105ED00009D0BB6ADB889AB23B699B889BB29A4225
:105EE00001D000233B623B691B687B623B69BB625C
:105EF0007B6A002B93D100E000BF7B6A002B2DD181
:105F0000BB6A002B1CD0BB6ADB889AB2FB6A9B88F9
:105F10009BB29A4206D9454B4FF4DB72444945483F
:105F200010F032FEBB6ABA681A60BB6ADB889AB2AC
:105F3000FB6A9B889BB29A4210D000233B620DE023
:105F4000FB685B68002B06D0384B4FF4DF723A4990
:105F5000384810F019FEFB68BA685A607B68002B5D
:105F600005D1FB689B7F03F00103002B59D03B6AEE
:105F7000002B4FD0FB685B68002B06D0FB685B688A
:105F80005B689B889BB2002B02D000233B6241E000
:105F9000FB6ABB62FB6A1B687B6212E07B6A5B6820
:105FA000FB62BB6ADB889AB2FB6A9B889BB29A420F
:105FB00002D000233B6207E0FB6ABB62FB6A1B68FE
:105FC0007B627B6A002BE9D13B6A002B22D0FB6805
:105FD0005B68002B06D1154B40F2DF1217491548BC
:105FE00010F0D2FDFB685B685B68FA6A9A4206D1E2
:105FF0000E4B4FF4F07211490E4810F0C5FDFB6ACC
:106000001B68002B06D0094B4FF4F1720C4909486C
:1060100010F0BAFD3B6A002B14BF01230023DBB252
:1060200000E0002318463037BD4680BD58C0020846
:1060300054C10208B8C0020874C10208ACC1020809
:10604000BCC1020880B58EB000AF78607B685B6829
:10605000BB62BB6A1B7803F00F03DBB29B00DBB2B1
:10606000142B40F07181BB6ADB889BB21846F4F7B1
:1060700075FE0346C3F30C039BB2DB00FB84BB6AD3
:106080005B889BB21846F4F769FE0346BB84BB6A83
:106090001B7803F00F03DBB29B0087F8233097F8DF
:1060A00023309BB2BA8C9A42C0F0508197F82330CB
:1060B0009BB2BA8CD31ABB847868F6F77DFB034693
:1060C0003B848C4B1B881A463B8C13440A2B10DDF7
:1060D0003B8C1946B86AFFF781FD0346002B00F0A0
:1060E0003781844B1B881A463B8C13440A2B00F3E0
:1060F0002F81814B1B683B6315E03B6B5A69BB6A80
:10610000DB689A420CD13B6B9A69BB6A1B699A4265
:1061100006D13B6B9A89BB6A9B889BB29A4206D098
:106120003B6B1B683B633B6B002BE6D100E000BF81
:106130003B6B002B09D13B8C1946B86AFFF7B0FDC9
:1061400038633B6B002B1CD105E1BB6ADB889BB23B
:106150001846F4F703FE0346C3F30C03002B10D1DB
:106160003B6BDB891846F4F7F9FD0346C3F30C03D8
:10617000002B06D03B6B08331422B96A184611F085
:1061800002FEBB6ADB889BB203F02003002B0CBF2E
:1061900001230023DBB2FB61FB69002B0ED0FA8CDC
:1061A000BB8C13447B837A8BFB8C9A42C0F0A0801B
:1061B0007B8B4FF6EB72934200F29A80FA69796812
:1061C000386BFFF7D5FD78617B69B3F1FF3F00F0D5
:1061D0009B80484B1A883B8C13449AB2454B1A80DB
:1061E000FB69002B0DD0FA8CBB8C13447B823B6B7C
:1061F0007A8A9A833B6B9B7F43F00103DAB23B6B55
:106200009A777B69012B71D13B6B9B8B14333B825B
:106210003B6B5B685B681B687B633B6B5B685B68C5
:10622000BB623B6B083314221946B86A11F0ABFD10
:106230003B8A1846F4F792FD03461A46BB6A5A8019
:10624000BB6A00229A710022DA71BB6A00229A723C
:106250000022DA723B6B5B687B600DE07B6B5B68F6
:10626000FB601421786BF6F793F9796B7868F6F791
:10627000E3FAFB681B687B637B6B002BEED11E4B44
:106280001B683A6B9A4202D10023FB6210E01A4B62
:106290001B68FB6207E0FB6A1B683A6B9A4206D0F8
:1062A000FB6A1B68FB62FB6A002BF4D100E000BFB5
:1062B000F96A386BFFF72EFD7868F6F77DFA03462A
:1062C0003B840C4B1B883A8C9A4206D90B4B40F20C
:1062D0009B220B490B4810F057FC064B1A883B8C4D
:1062E000D31A9AB2034B1A807B6838E0002336E059
:1062F00000BF0AE06CD9042068D9042058C0020805
:10630000E0C10208B8C0020800BF3B6B002B06D1F9
:10631000154B4FF42A721549154810F035FC3B6BAC
:106320005B68002B16D1134B1B683A6B9A4206D060
:106330000D4B40F2AB2210490D4810F025FC002116
:10634000386BFFF7E7FC06E000BF04E000BF02E0A7
:1063500000BF00E000BF7868F6F7A0F900231846F8
:106360003837BD4680BD00BF58C00208FCC10208D6
:10637000B8C0020868D9042008C2020880B500AF7E
:106380000520F5F7EBF90346184680BD80B582B0CD
:1063900000AF78607B68002B06D1074B4FF4317259
:1063A0000649074810F0F0FB79680520F5F74CFA2C
:1063B00000BF0837BD4680BD58C0020828C2020889
:1063C000B8C0020880B584B000AF78607B68FB601D
:1063D000FB68002B06D1114B40F2CE221049114828
:1063E00010F0D2FBFA687B689A4206D00B4B40F261
:1063F000CF220D490B4810F0C7FBFB685B69002BEF
:1064000004D0FB685B691846F6F748F9F868FFF7AF
:10641000BDFF00BF1037BD4680BD00BF58C0020899
:1064200034C20208B8C0020840C2020880B594B065
:1064300002AFF860B9607A600023A7F84630BB6805
:106440001B8D143B002B00DA0733DB107B871423F2
:10645000FB87FB685B687B637B6B3B633B6B1B78F9
:1064600003F00F03DBB29B00DBB2142B02D06FF002
:10647000050310E1FB685B89132B09D8884B4FF4A7
:106480003F728849884810F07FFB6FF0050302E1F6
:106490003B6BDB889BB21846F4F760FC0346BB8776
:1064A000BB8FC3F30C03A7F84030BB8F03F400533A
:1064B000FB62FB681B89143BA7F84230E1E07B8F4D
:1064C000DB009BB2B7F84220934228BF13467B857E
:1064D0004FF4207214210E20F5F7FCFD78627B6AE0
:1064E000002B00F0D5807B6A5B89132B06D86C4BA0
:1064F0004FF449726D496C4810F046FB7B6A5B684B
:106500001422796B184611F03EFC7B6A5B683B6392
:106510007B8DA7F8443064E0FB685A89FB8FD31A5F
:10652000FB83FB685B89FA8F9A4206D95C4B40F289
:106530002D325F495C4810F027FBFA8BB7F84430E6
:10654000934228BF1346A7F84630B7F84630002BD1
:1065500005D10023FB87FB681B68FB6041E0FFF768
:106560000DFFB861BB69002B03D1786AF6F796F886
:106570008FE0B869FB685A68FB8F1344B7F8461080
:10658000B7F8462001920093034641220020F5F718
:10659000CBFE78617B69002B06D1B869FFF7F6FE68
:1065A000786AF6F77BF874E0F868F6F71DF9BB69CE
:1065B000FA685A61BB693F4A1A617969786AF6F7E5
:1065C0003BF9B7F84420B7F84630D31AA7F844305F
:1065D000B7F84430002B04D00023FB87FB681B680E
:1065E000FB60B7F84430002B96D1FA8FB7F84630ED
:1065F0001344FB87BB681B8DA3F11302B7F842302D
:106600009A42CCBF01230023DBB23B62B7F8403093
:10661000C3F30C03BB873B6A002B02D0FB6A002B41
:1066200003D0BB8F43F40053BB87BB8F1846F4F7EE
:1066300095FB03461A463B6BDA807B8D14339BB285
:106640001846F4F78BFB03461A463B6B5A803B6BAC
:1066500000229A720022DA72BB685B697A68796AF2
:10666000B8689847786AF6F719F8B7F842207B8D32
:10667000D31AA7F84230B7F840207B8F1344A7F80D
:106680004030B7F84230002B7FF419AF002302E00E
:1066900000BF4FF0FF3318464837BD4680BD00BFEE
:1066A00058C002084CC20208B8C0020868C20208FA
:1066B00088C20208C563010880B586B000AF786063
:1066C00039603B68BB600423FB6000233B6100230F
:1066D0007B6107F1080300211846F3F71DFB024612
:1066E0007B681A607B681B68002B02D14FF0FF3378
:1066F00000E0002318461837BD4680BD80B584B041
:1067000000AF786039607B681B68396800221846E2
:10671000F3F72AFB0346002B02D10023FB7301E0B1
:10672000FF23FB7397F90F3018461037BD4680BD25
:1067300080B58CB000AFF861B9617A61F3F70FF9F9
:10674000F8627B69002B17D0FB69196807F12003F9
:106750007A691846F3F748FB3B6A102B09D17B6A2C
:106760001A46BB691A60F3F7FAF80246FB6AD31AB5
:1067700019E04FF0FF3316E0FB6919683B464FF014
:10678000FF321846F3F730FB07F120033A4607CAF9
:1067900083E807007B6A1A46BB691A60F3F7DFF8E3
:1067A0000246FB6AD31A18463037BD4680BD80B416
:1067B00083B000AF78607B681B68002B01D1002399
:1067C00000E0012318460C37BD465DF8047B704796
:1067D00080B500AF0348F3F73EF90346024A136061
:1067E00000BF80BD14F3020874D9042080B584B0C2
:1067F00000AF78600023BB600023FB6007F1080353
:106800001846F3F728F902467B681A607B681B6814
:10681000002B02D14FF0FF3300E000231846103761
:10682000BD4680BD80B582B000AF78607B681B68D4
:106830004FF0FF311846F3F727F900BF0837BD4680
:1068400080BD80B582B000AF78607B681B68184659
:10685000F3F768F900BF0837BD4680BD80B58CB03E
:1068600000AFF860B9607A603B6007F11403002262
:106870001A605A609A60DA601A615A619A61FB681C
:106880007B61BB68BB61BB6B1BB2BB833B687B623C
:1068900007F1140379681846F3F771F803461846B0
:1068A0003037BD4680BD000080B500AF044B1B688B
:1068B0004FF0FF311846F3F7E7F80123184680BD83
:1068C00074D9042080B582B000AF7860044B1B6897
:1068D0001846F3F727F900BF0837BD4680BD00BF53
:1068E00074D904202DE9B04F94B000AFF863FB6B6E
:1068F0001B681846F4F748FA0346FB64FB6B5B68B9
:106900001846F4F741FAB864FB6C534A1A44002362
:1069100014461D46C7E91045D7E9104522462B46C7
:106920004FF000004FF00001590141EAD2615001DF
:1069300002460B46B2EB040863EB05094FF0000278
:106940004FF000034FEA890343EA98734FEA880245
:106950009046994618EB04033B6149EB05037B61C4
:106960004FF000024FF00003D7E904452946CB0061
:10697000214643EA51732146CA0014461D46BB6CAA
:1069800000223B637A63D7E90C8942464B464FF0BD
:1069900000004FF00001590141EAD2615001024666
:1069A0000B464146B2EB010A494663EB010B4FF03F
:1069B00000024FF000034FEA4B2343EADA534FEA59
:1069C0004A2292469B4643461AEB0303BB604B4662
:1069D0004BEB0303FB604FF000024FF00003D7E9DD
:1069E00002AB59468B01514643EA916351468A01F5
:1069F0005146511A3960594663EB01037B60D7E970
:106A00000001034642469B18BB624B460A4642EBD6
:106A10000303FB624FF000024FF00003F96A0A0023
:106A200000230E4BA3FB02239B0900223B627A62E8
:106A3000D7E908120B46E318BB61134645EB030385
:106A4000FB61074BD7E90612C3E9001200BF5037BC
:106A5000BD46BDE8B08F00BF8081557CD34D62102C
:106A600000CE052080B582B000AF786030220021D2
:106A7000786810F052FA7B6823221A7000BF08373A
:106A8000BD4680BD80B584B000AF78600D4B1B68FB
:106A900000220D491846FCF7B7F90A4B1B685B004A
:106AA000FB60FB68094A934207D8064B1B68FA68EB
:106AB0009A4202D9034AFB68136000BF1037BD46F3
:106AC00080BD00BF9CD90420156D0108F04902006B
:106AD00080B584B000AF7860184B1B78BB7300237F
:106AE000FB731FE0154B1B780133DAB2134B1A709E
:106AF000124B1B78022B02D9104B00221A700F4B3D
:106B00001B781A460E4B53F83230002B07D00D4B32
:106B100043F698221A60002000F0FCF80BE0FB7BA3
:106B20000133FB73FB7B012BDCD9044ABB7B137065
:106B30000020FFF7A7FF1037BD4680BD98D904207D
:106B400080D904209CD9042080B588B000AFF860BB
:106B5000B9607A603B60F023FB777B681B89302B40
:106B60002DD100217868F6F76DF8034603F007038E
:106B7000BB77354B1B78002B02D1BB7F042B06D093
:106B8000314B1B78012B18D1BB7F052B15D101216F
:106B90007868F6F757F803467B777B7F002B02D1A6
:106BA0000123FB770BE007F1100128230822786806
:106BB000F5F77AFF0023FB7701E0FD23FB77786888
:106BC000F5F76CFD97F91F30002B2ED107F110035C
:106BD0001846FFF787FE1D4B1B781D4ADB00134448
:106BE0001B791A4A1278104643F00103D9B2184AA9
:106BF000C30013440A461A71134B1B78002B1FD194
:106C000000211448FCF726F900211348FCF722F96B
:106C1000124B43F698221A6043F69823BB61002278
:106C20000D49B869FCF7F0F80AE097F91F30012B1D
:106C300006D1054B1B78002B02D10020FFF748FF3F
:106C400000BF2037BD4680BD78D9042098D90420E4
:106C500080D90420D16A0108156D01089CD904204F
:106C600080B584B000AF78607B68002B06D1214BE3
:106C70004FF40872204921480FF086FF4FF420722C
:106C800030213620F5F726FAF860FB68002B26D075
:106C9000FB685B68BB60B868FFF7E4FE184B1868D8
:106CA0007B237A68F968FCF743FBF868F5F7F6FC94
:106CB000144B1B78144ADB0013441B79114A1278D9
:106CC00010465B00D9B2104AC30013440A461A7139
:106CD00000220E4943F69820FCF796F805E00022C2
:106CE0000B4943F69820FCF78FF800BF1037BD46DC
:106CF00080BD00BF98C20208E8C20208FCC20208B8
:106D00007CD9042098D9042080D90420D16A0108B4
:106D1000156D010880B584B000AF7860114B1B7809
:106D20001A46114B53F83230BB60BB68002B02D1BE
:106D30006FF00F0300E00023FB7397F90F30002B77
:106D400005D107F108031846FFF78AFF05E0002286
:106D5000064943F69820FCF757F800BF1037BD46A8
:106D600080BD00BF98D9042080D90420D16A0108D1
:106D700080B500AF204B1B68002B3BD12E20FCF7C9
:106D80008EFD03461C4A13601B4B1B68002B06D16B
:106D90001A4B40F296221A491A480FF0F5FE164B8C
:106DA0001B68002B26D0144B1B680022164918467E
:106DB000FCF7FCFC154B1B78002B07D1144B43F65A
:106DC00098221A600020FFF7A5FF13E00F4B1B78F5
:106DD000012B0FD1084B1B685A7A074B1B6842F0F6
:106DE0002002D2B25A72044B1B687B220949184612
:106DF000FCF754FC00BF80BD7CD9042098C2020877
:106E000024C30208FCC20208496B010878D9042097
:106E10009CD904200CF3020880B582B000AF134B5C
:106E20001B68002B1ED00023FB7108E0FB79104A81
:106E3000DB00134400221A71FB790133FB71FB79EB
:106E4000022BF3D900210B48FCF704F800210A4873
:106E5000FCF700F8054B1B681846FCF7C7FC034B12
:106E600000221A6000BF0837BD4680BD7CD90420CF
:106E700080D90420156D0108D16A010880B400AFE3
:106E8000054B1B68002B14BF01230023DBB21846FF
:106E9000BD465DF8047B70477CD9042080B483B084
:106EA00000AF03463960FB71FB79022B0ED83B68BB
:106EB000002B06D0FB7908493A68126841F8332064
:106EC00004E0FB79044A002142F8331000BF0C377C
:106ED000BD465DF8047B704780D9042080B483B040
:106EE00000AF0346FB71FB79022B04D8FB79DB0072
:106EF000044A134400E0044B18460C37BD465DF8C5
:106F0000047B704780D904200CF3020880B500AFE1
:106F1000124B00229A82114B00221A610F4B9B6880
:106F2000002B07D00D4B9B681846F5F7B7FB0B4BB2
:106F300000229A6000210A48FBF78CFF074B5B6830
:106F4000002B09D0054B1B685B68044A5268104649
:106F50009847024B00225A6000BF80BDA0D9042090
:106F6000FD74010890B589B000AFF8607B600B46F6
:106F70007B8113467B727868E9F7F6FC0346FB6178
:106F8000FB699BB205339BB24FF420721946362041
:106F9000F5F7A0F8B861BB69002B22D0BB695B682C
:106FA0007B617B694FF4A0621A807B7A9AB27B691D
:106FB0009C1C1046F3F7D2FE034623807B69181D04
:106FC000FB6901331A46796810F0DDFE074BD8687B
:106FD0007B89FA68B969FCF7ABF9B869F5F75EFB2C
:106FE00000E000BF2437BD4690BD00BFA0D90420FB
:106FF00090B585B000AF0346FB804FF420720421AA
:107000003620F5F767F8F860FB68002B1AD0FB68AC
:107010005B68BB60BB684FF480621A80BB689C1CD5
:10702000FB881846F3F79AFE03462380074BD8687F
:10703000064B9B8A064AF968FCF77AF9F868F5F777
:107040002DFB00E000BF1437BD4690BDA0D9042041
:10705000B0D9042080B582B000AF154B9B685B8926
:107060004FF4207219463620F5F734F878607B68C3
:10707000002B18D00E4B9B6819467868F5F742FC38
:107080000346002B03D07868F5F708FB0CE0084BAB
:10709000D868074B9B8A074A7968FCF749F97868F2
:1070A000F5F7FCFA00E000BF0837BD4680BD00BF21
:1070B000A0D90420B0D9042090B583B000AF284BEC
:1070C0009B68002B04D0264B9B681846F5F7E6FA20
:1070D0004FF420724FF401713620F4F7FBFF0346A2
:1070E0001F4A93601E4B9B68002B35D01C4B9B683E
:1070F0005B687B607B684FF440721A80184B1A8C77
:107100007B689C1C1046F3F729FE03462380144B32
:107110001B689B68124A50687A68111D4FF4007210
:10712000984738603B68002B09DA0D4B998A0D4B64
:1071300002220D48FFF716FFFFF7E8FE0DE0084BAF
:107140009A683B689BB204339BB219461046F5F728
:107150001FF9FFF77FFF00E000BF0C37BD4690BD71
:10716000A0D90420A4C30208B0D9042080B592B0ED
:1071700000AFF860B9607A603B607B685B683B6435
:10718000A14B9B8A002B05D09F4B9B8AB7F85020C0
:107190009A4209D19C4B1B69002B10D09A4B1A695B
:1071A0003B681B689A420AD0B7F85010974B0222EE
:1071B0003868FFF7D7FE7868F5F770FA90E13B6C16
:1071C0001B88FB63904B9B698F4AD3618E4B0022D7
:1071D00083F82220FB6BB3F5806F00F02981FB6BF5
:1071E000B3F5806F00F37181FB6BB3F5407F00F066
:1071F000A380FB6BB3F5407F00F36781FB6BB3F5B6
:10720000807F04D0FB6BB3F5007F40F05E810023EC
:1072100087F82F307C4B5B68002B07D0B7F85010F5
:107220007A4B02223868FFF79DFE56E1002278492A
:107230004FF47A70FBF7E8FD07F12F0102230122DA
:107240007868F5F78DFD03467B867B8E013B9BB20C
:10725000152B07D9B7F850106E4B02223868FFF78C
:1072600081FE3AE17B8E013B9AB207F118010223BD
:107270007868F5F719FC7B8E01339BB207F12F017B
:1072800001227868F5F76CFD03463B863A8E7B8ECB
:10729000D31A9BB2082B07D9B7F850105E4B0222C5
:1072A0003868FFF75FFE18E13A8E7B8ED31A9AB2E8
:1072B0007B8E01339BB207F110017868F5F7F4FB80
:1072C000514B1B681B68FA6BB2F5007F0CBF0122A3
:1072D0000022D2B207F1100107F1180098470346C7
:1072E000494A5360484B01221A84474B5B68002B84
:1072F00007D1B7F85010494B01223868FFF732FE2A
:10730000EBE03B681B68404A13613F4AB7F85030D6
:107310009382FB6BB3F5007F07D13B4B012283F8CF
:1073200023200020FFF764FED7E0374B002283F8CC
:107330002320FFF7C1FED0E0334B5B68002B07D161
:10734000B7F85010364B02223868FFF70BFEC4E046
:107350002D4B93F82330012B07D0B7F85010314B49
:1073600002223868FFF7FEFDB7E03B6C02331B8852
:107370001846F3F7F3FC03463B87234B1B8C3A8FED
:107380009A422CD104217868F5F702F91E4B1B684C
:10739000DB681D4A526879681046984778637B6BB2
:1073A000002B09DAB7F850101F4B02223868FFF79C
:1073B000D9FDFFF7ABFD03E03B8F1846FFF718FE42
:1073C0007B681B89B3F5007F02D2FFF79FFD84E045
:1073D0000D4B1B8C01339AB20B4B1A847DE03B8F13
:1073E00001339AB2084B1B8C9A4204D13B8F18464A
:1073F000FFF7FEFD71E0B7F850100C4B052238681E
:10740000FFF7B0FD69E000BFA0D90420CCC302089B
:10741000FD740108F8C3020820C4020844C402082D
:1074200064C4020874C402088CC40208A0C4020820
:107430002D4B5B68002B07D1B7F850102B4B022265
:107440003868FFF78FFD48E0274B93F82330002B77
:1074500007D0B7F85010264B02223868FFF782FD9C
:107460003BE03B6C02331B881846F3F777FC03467E
:107470007B871D4B1B8C7A8F9A4207D0B7F8501030
:107480001C4B05223868FFF76DFD26E000237B6466
:10749000154B9B68002B09D0134B9B681B89B3F5D8
:1074A000017F14BF01230023DBB27B647B6C002BC4
:1074B00008D10D4B1B8C01339AB20B4B1A84FFF78A
:1074C000FBFD0AE0FFF722FD07E0B7F850100A4B7A
:1074D00004223868FFF746FD00BF7868F5F7DEF84C
:1074E0004837BD4680BD00BFA0D9042064C402084F
:1074F000B4C40208A0C40208CCC4020880B582B09B
:1075000000AF7860184B9B690133174A9361164BA3
:107510005B68002B23D0002214494FF47A70FBF7EC
:1075200073FC114B9A69104BDB69D31A0A2B17DDD8
:107530000D4B9B68002B0FD00B4B93F82230042B84
:107540000AD8FFF787FD084B93F822300133DAB2EF
:10755000054B83F8222003E0FFF7D8FC00E000BFD2
:107560000837BD4680BD00BFA0D90420FD740108C6
:1075700080B584B000AF78602E20FCF790F9F860F9
:10758000FB68002B02D14FF0FF3328E0452216495B
:10759000F868FCF783F80346FB7297F90B30002B71
:1075A00005D0F868FCF722F997F90B3017E00F4B7C
:1075B00000225A600D4B00229A820C4A7B681360AD
:1075C0000A4B00229A61094B00229A60074AFB6825
:1075D000D36000220649F868FCF7E8F80023184653
:1075E0001037BD4680BD00BF0CF30208A0D90420AF
:1075F0006D71010880B500AF0C4BDB68002B06D124
:107600000B4B40F2AD120B490B480FF0BDFA074B84
:10761000DB681846FCF7EAF8FFF778FC2422002123
:1076200002480FF07AFC00BF80BD00BFA0D9042043
:10763000E0C4020838C5020860C5020880B500AF82
:10764000002201210748EAF7B3FF0A20F2F7EFF919
:10765000012201210348EAF7ABFF6420F2F7E7F9C2
:1076600000BF80BD00000240B0B58CB004AF924BAB
:1076700000221A70904B00225A708F4B00229A7091
:107680008D4B0022DA708D4B00221A708B4B00223A
:107690005A708A4B00229A70884B0022DA70884B0D
:1076A00000221A70864B00225A70854B00229A7075
:1076B000834B0022DA70FFF7C1FF4FF4FA60F2F754
:1076C000B6F900210020F3F7FFFA7B4B1B781A066E
:1076D000794B5B781B041A43774B9B781B0213434F
:1076E000754AD27813431A06734B1B781906724BEE
:1076F0005B781B041943704B9B781B020B436E494C
:10770000C9780B431B0203F47F031A436A4B1B78AF
:107710001906694B5B781B041943674B9B781B0266
:107720000B436549C9780B431B0A03F47F431A4393
:10773000614B1B781906604B5B781B0419435E4B49
:107740009B781B020B435C49C9780B431B0E134308
:107750005C4A1360594B1B781A06584B5B781B0424
:107760001A43564B9B781B021343544AD278134357
:107770001A06524B1B781906504B5B781B041943B1
:107780004E4B9B781B020B434C49C9780B431B02A1
:1077900003F47F031A43494B1B781906474B5B7868
:1077A0001B041943454B9B781B020B434349C97883
:1077B0000B431B0A03F47F431A43404B1B78190603
:1077C0003E4B5B781B0419433C4B9B781B020B43DD
:1077D0003A49C9780B431B0E13433B4A1360384B9D
:1077E0001B781A06364B5B781B041A43344B9B7884
:1077F0001B021343324AD27813431A06304B1B78CC
:1078000019062F4B5B781B0419432D4B9B781B02E9
:107810000B432B49C9780B431B0203F47F031A4324
:10782000274B1B781906264B5B781B041943244B06
:107830009B781B020B432249C9780B431B0A03F4B4
:107840007F431A431E4B1B7819061D4B5B781B04A4
:1078500019431B4B9B781B020B431949C9780B43F7
:107860001B0E1343194A1360194B0293194B0193D2
:1078700000230093154B144A12491748F4F716F8E1
:107880001548F4F747FA1448F4F754FA1349124824
:10789000F4F756FB124B3C1D1D460FCD0FC495E867
:1078A000070084E807003B1D0B491846F2F767F80C
:1078B00000BF2037BD46B0BD08DA04200CDA042032
:1078C00010DA0420FCD9042000DA042004DA0420B1
:1078D000D5AB0008D17E0108C4D90420E5780108A1
:1078E00090C5020880B483B000AF786000BF0C3749
:1078F000BD465DF8047B704780B487B000AF786008
:1079000039603B687B617B683B612023FB60BFF390
:107910004F8F00BF0BE00D4A3B69C2F85C32FB6839
:107920003A6913443B617A69FB68D31A7B617B69CE
:10793000002BF0DCBFF34F8F00BFBFF36F8F00BF92
:1079400000BF1C37BD465DF8047B704700ED00E0CA
:1079500080B582B000AF7860044B1B681846F2F720
:10796000A5F900BF0837BD4680BD00BF249E052095
:1079700080B582B000AF7860044B1B681846F2F700
:1079800095F900BF0837BD4680BD00BF289E052081
:1079900080B582B000AF78607868ECF7CCFA034627
:1079A00003F08003802B04D1044B1B681846F2F7C8
:1079B0007DF900BF0837BD4680BD00BF249E05206D
:1079C000B0B5B4B000AF7860002387F8C7300023AB
:1079D000C7F8C8300023C7F8C03007F15C03642241
:1079E000002118460FF099FAB04BB14A1A600023F3
:1079F00087F85430802387F85530E12387F85630D4
:107A0000002387F85730002387F85830002387F881
:107A10005930A64A07F154035360A44B4FF40002B7
:107A20009A60A24BA34ADA60A04BA34A1A619F4B0B
:107A30004FF4C0625A61A14B1B78DAB2A04BDA70E6
:107A4000A04B1B78DAB29E4B1A719F4B1B78DAB2AF
:107A50009B4B5A719A4BDB7887F85730984B1B79C0
:107A600087F85830964B5B7987F859308F4B944A9A
:107A70005A608E48EBF716FC034687F8C730382269
:107A8000002192480FF049FA904B21221A608F4B47
:107A90004FF440025A618D4B00221A618C48F3F773
:107AA000BFFD7B68062283F83020804B5B681A7824
:107AB0007B6883F82A207D4B5B6801331A787B68EA
:107AC00083F82B20794B5B6802331A787B6883F844
:107AD0002C20764B5B6803331A787B6883F82D2063
:107AE000724B5B6804331A787B6883F82E206F4BE7
:107AF0005B6805331A787B6883F82F207B6840F237
:107B0000DC521A857B6893F8313043F00A03DAB20D
:107B10007B6883F831200023FB6400233B6507F179
:107B20004C0301211846F2F733F80346694A136003
:107B300000237B640023BB6407F144030121184642
:107B4000F2F726F80346644A1360624B1B68002173
:107B50001846F2F75DF8604B1B6800211846F2F7F3
:107B600057F85E4B07F128041D460FCD0FC495E86A
:107B7000070084E8070007F1280379681846F1F741
:107B8000FEFE57495748EEF716FF5648EEF745FFF9
:107B90000346002B06D07868F4F7A2F97868F4F76A
:107BA00035F980E097F8C730002B64D14D48EEF7E7
:107BB00081FFC7F8C000D7F8C030012B06DC786819
:107BC000F4F78EF97868F4F721F956E0D7F8C03069
:107BD000023B032B2AD801A252F823F0ED7B0108C7
:107BE000FF7B01080F7C01081F7C01084FF4006334
:107BF000C7F8CC304FF48043C7F8C8301FE00023EB
:107C0000C7F8CC304FF48043C7F8C83017E04FF4C2
:107C10000063C7F8CC300023C7F8C8300FE000235A
:107C2000C7F8CC300023C7F8C83008E04FF4006331
:107C3000C7F8CC304FF48043C7F8C83000BF07F115
:107C40005C0319461948ECF715F8D7F8CC307B6778
:107C5000D7F8C8303B6707F15C0319461348ECF7C7
:107C600000F91248EBF7B8FB7868F4F763F8786826
:107C7000F4F7FEF801E000F04FFDEBF707FB0346D9
:107C8000B3F5805F0FD1184B07F10C041D460FCDE3
:107C90000FC495E8070084E8070007F10C030021F2
:107CA0001846F1F76CFED037BD46B0BD2C9E0520BE
:107CB00000800240A0DB052000DB052020F4F01F3F
:107CC0003000022021F4F01F22F4F01FDC9E05207A
:107CD0001CF30208249E0520289E0520B4C5020836
:107CE0001C000220149F0520E0C5020880B592B058
:107CF00000AF7860396000237B6400233B6400237D
:107D000087F83F3007F10C033022002118460FF0AE
:107D100004F907F10C033022002118460FF0FDF89A
:107D20003B683B6445E07B6C032B02D96FF00B038F
:107D30007FE03B6C59687A6C13465B0013449B00F0
:107D400048333B443C3B19603B6C5B8919467A6C79
:107D500013465B0013449B0048333B44383B196097
:107D60007B6C002B11D07B6C5A1E07F10C00796CD8
:107D70000B465B000B449B00C11813465B00134489
:107D80009B0048333B44343B19603B6C1B68002B21
:107D900009D17A6C13465B0013449B0048333B4483
:107DA000343B00221A607B6C01337B643B6C1B68A4
:107DB0003B643B6C002BB6D13B681B891A461F4BBA
:107DC0005A601E4A07F10C0393601C4A3B685363D8
:107DD0003868F4F709FD19491948EBF7EDFB03463C
:107DE000002B03D1002387F83F301BE01448ECF749
:107DF00095F8034603F00203002B0DD0114B1B68CE
:107E00004FF4FA611846F1F703FF0D48EBF774FDE4
:107E1000FE2387F83F3005E03868F4F73FFCF42391
:107E200087F83F3097F93F3013F1020FD3D097F91D
:107E30003F3018464837BD4680BD00BFDC9E052058
:107E40002C9E0520289E052080B584B000AF786068
:107E50000023FB60074B1B78002B05D107F10C03B7
:107E600019460548EBF704FCFB6818461037BD4679
:107E700080BD00BF209E05202C9E052080B584B0CB
:107E800000AF78600023FB607B68BB600F4B1B6812
:107E90004FF0FF311846F1F7BBFE0346002BF5D13A
:107EA000B868FFF7D1FFF860FB68002B0AD0BB6809
:107EB0001B69B968F86898470346002B02D0F86838
:107EC000F4F7ECFBFB68002BEAD1DFE7249E0520EA
:107ED00080B582B000AF78607B68002B06D10E4B76
:107EE00040F231220D490E480EF04EFE7B6873229F
:107EF00083F832207B68742283F833207B68094A38
:107F00005A617B68084A9A617868FFF759FD002337
:107F100018460837BD4680BDFCC5020834C60208B5
:107F200044C602088D470108ED7C010880B584B085
:107F300000AF78607B68FB60F9680948F3F760FC84
:107F4000084B1B78012B07D1064B00221A70064BF9
:107F50001B681846F1F7AAFE00BF1037BD4680BD6A
:107F60001CF30208209E0520249E052080B500AF4A
:107F7000EBF75CF90346184680BD000080B58EB073
:107F800000AF786007F1240300221A605A609A60FB
:107F9000DA601A617B681B68444A934240F0818032
:107FA000434B1B6B424A43F000731363404B1B6B04
:107FB00003F000733B623B6A3D4B1B6B3C4A43F052
:107FC000806313633A4B1B6B03F08063FB61FB69B7
:107FD000374B1B6B364A43F000631363344B1B6B08
:107FE00003F00063BB61BB69314B1B6B304A43F04C
:107FF000040313632E4B1B6B03F004037B617B694B
:108000002B4B1B6B2A4A43F001031363284B1B6B5A
:1080100003F001033B613B69254B1B6B244A43F092
:1080200040031363224B1B6B03F04003FB60FB68B0
:1080300032237B620223BB620023FB6202233B6389
:108040000B237B6307F1240319461A48EAF704F966
:1080500086237B620223BB620023FB6202233B6315
:108060000B237B6307F1240319461348EAF7F4F85E
:108070004FF4D0437B620223BB620023FB620223E6
:108080003B630B237B6307F1240319460B48EAF794
:10809000E3F8002205213D20EAF7F7FF3D20EBF74A
:1080A00010F800BF3837BD4680BD00BF00800240D9
:1080B0000038024000080240000002400018024060
:1080C00080B500AF0248EBF7E7FE0023184680BDFD
:1080D0002C9E052080B400AF00231846BD465DF8F5
:1080E000047B704780B584B000AFF860B9607A60F7
:1080F0007B68BA68F9680748EBF728FD0346002B50
:1081000002D04FF0FF3300E0002318461037BD4681
:1081100080BD00BF2C9E052080B584B000AFF86004
:10812000B9607A607B68BA68F9680748EBF759FD6F
:108130000346002B02D04FF0FF3300E00023184627
:108140001037BD4680BD00BF2C9E052080B500AF16
:10815000EBF76CF80346184680BD000080B5A2B06E
:1081600000AF786007F10C036422002118460EF07E
:10817000D4FE0023BB670023C7F884300023C7F870
:1081800080300023FB677B687B675A48EEF792FCE0
:10819000B8677B6F93F831309B0803F00103DBB2C3
:1081A000002B10D0BB6F012B0DDC5348EBF784F98B
:1081B00000225249786FF2F7F9FB00225049786F9C
:1081C000F2F7F4FB63E07B6F93F8313003F00403C4
:1081D000002B5CD1BB6F012B59DDBB6F023B032B26
:1081E00032D801A252F823F0F98101080F82010868
:1081F00023820108378201084FF40063FB674FF4C4
:108200008043C7F880300123C7F884301DE0002385
:10821000FB674FF48043C7F880300123C7F88430F0
:1082200013E04FF40063FB670023C7F8803001239D
:10823000C7F8843009E00023FB670023C7F88030CB
:108240000123C7F8843000E000BFD7F88430002B4A
:108250001DD007F10C0319462748EBF70BFDFB6F08
:108260007B62D7F880303B6207F10C031946224845
:10827000EBF7F7FD2048EBF7AFF800222149786FC4
:10828000F2F794FB00222049786FF2F78FFB7B6FA7
:1082900093F831309B0803F001033B671B4B1B68CD
:1082A000002B1FDB194B1B683A6F9A421AD03B6FA9
:1082B000002B13D0D7F88030B3F5804F01D1642262
:1082C00000E00A22FB6FB3F5006F01D1104B00E014
:1082D000104BB96F10480EF057FC03E0B96F0F4810
:1082E0000EF052FC094A3B6F13606420F1F79FFBCC
:1082F0004BE700BF149F05202C9E05200DBE0008F3
:10830000E1BE000835BD000871BE0008380002203B
:108310006CC6020870C6020874C60208A4C6020829
:1083200080B586B002AF78601248F3F7F5F9F860CF
:10833000FB68002B14D0FB6803F120027B681A60F5
:10834000FB680D4A1A617B681B684FF4C06201929A
:108350000093FB68412200210020F3F7E5FF05E0D0
:10836000064B01221A707B6800221A6000BF10378A
:10837000BD4680BD1CF302082D7F0108209E05200C
:1083800080B588B000AFF860B9607A607B80FB6828
:10839000BB61BB687B610023FB617B68203BFB61A9
:1083A000FB6900221A60FB6900221A81FB697A8846
:1083B0005A81BB691B68002B03D1BB69FA691A603B
:1083C00003E07B691B68FA691A607B69FA691A60C5
:1083D000BB691B68FB6109E0FB691A897B88134450
:1083E0009AB2FB691A81FB691B68FB61FB69002B70
:1083F000F2D17B8819467868FFF77EFA00BF2037F4
:10840000BD4680BD80B582B000AF78607868F4F773
:1084100045F900BF0837BD4680BD000080B582B079
:1084200000AF7860154B1B68D3F8C431002B03D024
:108430000020F1F7F0FAF5E7104B1B68D3F8943100
:108440000A2B16D90E4B5B680D4A23F400035360C8
:108450000B4B5B680A4A43F400035360074B1B68ED
:10846000D3F80021054B1B6842F00102C3F800213C
:10847000D8E7C820F1F7DBFAD4E700BF2C9E05202F
:108480000038014080B400AFBFF34F8F00BFBFF38F
:108490006F8F00BF0D4B0022C3F85022BFF34F8FE8
:1084A00000BFBFF36F8F00BF084B5B69074A43F4FF
:1084B00000335361BFF34F8F00BFBFF36F8F00BF17
:1084C00000BFBD465DF8047B704700BF00ED00E0D3
:1084D00080B485B000AF1F4B0022C3F88420BFF3E7
:1084E0004F8F00BF1B4BD3F880307B607B685B0BEA
:1084F000C3F30E03FB607B68DB08C3F30903BB60B7
:10850000FB685A0143F6E0731340BA6892071149B9
:108510001343C1F86032BB685A1EBA60002BEFD11A
:10852000FB685A1EFA60002BE5D1BFF34F8F00BFE6
:10853000084B5B69074A43F480335361BFF34F8FA5
:1085400000BFBFF36F8F00BF00BF1437BD465DF89B
:10855000047B704700ED00E080B500AF00F09CF8B0
:10856000FFF790FFFFF7B4FFEAF736FE00F020F8C0
:1085700000F0D8F800F068FB00F070FC00F09EFC02
:1085800000F0CCFC00F0FAFC00F028FD00F056FDF5
:1085900000F084FD00F0B2FD00F0D8FB07F09AFC7B
:1085A0000BF0DEFA00F0EEF9F1F7D2F900BFFDE7CB
:1085B00080B594B000AF07F11C03342200211846A7
:1085C0000EF0ABFC07F1080300221A605A609A60B3
:1085D000DA601A61EAF72AFC2D4B1B6C2C4A43F037
:1085E000805313642A4B1B6C03F080537B607B68C1
:1085F000284B1B68274A43F440431360254B1B68F4
:1086000003F440433B603B680923FB614FF4803334
:108610003B6201233B6302237B634FF48003BB6314
:108620001923FB634FF4D8733B6402237B6402235A
:10863000BB640223FB6407F11C031846E8F720FD26
:108640000346002B01D000F067F8EAF7FFFB034672
:10865000002B01D000F060F80F23BB600223FB6009
:1086600000233B614FF4A0537B614FF48053BB6107
:1086700007F1080307211846E8F7B0FF0346002B6F
:1086800001D000F049F800BF5037BD4680BD00BFA3
:10869000003802400070004080B584B000AF3B4617
:1086A00000221A605A609A60DA60EAF71DFD012321
:1086B0003B7000237B704FF000537B6012233B72B2
:1086C00000237B720123BB720323FB7200233B73E5
:1086D00001237B730023BB730023FB733B461846C7
:1086E000EAF73AFD0420EAF717FD00BF1037BD4650
:1086F00080BD000080B582B000AF78607B681B68E9
:10870000044A934201D1EAF77DFD00BF0837BD4618
:1087100080BD00BF0014004080B400AF72B600BF3F
:1087200000BFFDE780B58EB000AF07F12403002243
:108730001A605A609A60DA601A615D4B1B6B5C4A82
:1087400043F0100313635A4B1B6B03F010033B629F
:108750003B6A574B1B6B564A43F004031363544B5D
:108760001B6B03F00403FB61FB69514B1B6B504A0D
:1087700043F0200313634E4B1B6B03F02003BB61DC
:10878000BB694B4B1B6B4A4A43F080031363484B56
:108790001B6B03F080037B617B69454B1B6B444A79
:1087A00043F001031363424B1B6B03F001033B6176
:1087B0003B693F4B1B6B3E4A43F0020313633C4B48
:1087C0001B6B03F00203FB60FB68394B1B6B384AE1
:1087D00043F008031363364B1B6B03F00803BB60C5
:1087E000BB68334B1B6B324A43F040031363304B7F
:1087F0001B6B03F040037B607B6800224AF204118C
:108800002C48E9F7D5FE012201212B48E9F7D0FEDB
:10881000002248F220012848E9F7CAFE002240F26F
:1088200002212648E9F7C4FE002220212448E9F766
:10883000BFFE4AF204137B620123BB620023FB628A
:1088400000233B6307F1240319461A48E9F704FDA6
:1088500048F221037B620123BB620023FB620023F9
:108860003B6307F1240319461348E9F7F5FC40F28E
:1088700002237B620123BB620023FB6200233B6374
:1088800007F1240319460D48E9F7E6FC20237B6233
:108890000123BB620023FB6200233B6307F1240337
:1088A00019460748E9F7D8FC00BF3837BD4680BDF8
:1088B000003802400010024000000240000C02405C
:1088C0000018024080B584B000AF78603960396824
:1088D0000C480EF059F97868F0F704FA0346194687
:1088E00009480EF051F94FF0500372B683F3118826
:1088F000BFF36F8FBFF34F8F62B6FB6000BF00BF47
:10890000FDE700BFCCC60208FCC6020880B400AF79
:1089100000BFBD465DF8047B7047000080B485B0A1
:1089200000AFF860B9607A60FB68074A1A60BB68FC
:10893000064A1A607B684FF480721A6000BF1437D1
:10894000BD465DF8047B7047609F0520BC9F0520F5
:1089500080B485B000AFF860B9607A60FB68074A00
:108960001A60BB68064A1A607B684FF400721A608E
:1089700000BF1437BD465DF8047B7047BCA30520DB
:1089800018A40520B0B58EB000AF08F0BDFA184BA2
:1089900007F11C041D460FCD0FC495E8070084E8BD
:1089A000070007F11C0300211846F0F7E8FF034613
:1089B000104A1360104B3C461D460FCD0FC495E87E
:1089C000070084E807003B4600211846F0F7D7FF70
:1089D00003460A4A136008F00DFA08F0A1F940F6C0
:1089E000B830F1F724F800BF3837BD46B0BD00BF3E
:1089F0003CC702083C9F052064C70208409F052031
:108A0000B0B58AB000AF7860FEF72EFE02F006FB2C
:108A100002F066FA02F096FC0E4B07F10C041D46BC
:108A20000FCD0FC495E8070084E8070007F10C0399
:108A300000211846F0F7A3FF0346074A13604FF4DE
:108A400080710648E9F7CDFD4FF4FA70F0F7EFFFBB
:108A500000BFF4E790C70208449F052000100240C1
:108A600080B582B000AF7860054B1B68002B02D048
:108A70000348EBF78DFEC820EFF798FCF4E700BF42
:108A800018AC0520B0B5ACB000AF78605A4B07F118
:108A900094041D460FCD0FC495E8070084E8070035
:108AA00007F1940300211846F0F769FF0346534A83
:108AB0001360534B07F178041D460FCD0FC495E8A2
:108AC000070084E8070007F1780300211846F0F753
:108AD00056FF03464B4A13604B4B07F15C041D469F
:108AE0000FCD0FC495E8070084E8070007F15C0389
:108AF00000211846F0F743FF0346444A1360444BF5
:108B000007F140041D460FCD0FC495E8070084E827
:108B1000070007F1400300211846F0F730FF034635
:108B20003C4A13603C4B07F124041D460FCD0FC493
:108B300095E8070084E8070007F1240300211846A0
:108B4000F0F71DFF0346354A1360354B07F1080463
:108B50001D460FCD0FC495E8070084E8070007F114
:108B6000080300211846F0F70AFF03462D4A136058
:108B7000EAF75CFB02462C4B1B68D31A1A464FF4EB
:108B800082712A480EF000F8F1F7D4FA034619462C
:108B900027480DF0F9FF234B1B68002B01D0254916
:108BA00000E02549174B1B68002B01D0214A00E04B
:108BB000214A124B1B68002B01D01E4B00E01E4BBC
:108BC0001E480DF0E1FFEAF731FB0246164B1B6829
:108BD000D21A42F210731344194AA2FB03239B09D1
:108BE000184A136041F28830EFF7E0FB42F2107050
:108BF000EFF7DCFBFAE700BF50C80208489F0520EA
:108C00007CC802084C9F0520A8C80208509F052078
:108C1000D0C80208549F0520FCC80208589F0520B0
:108C200028C902085C9F0520349F0520ACC70208B4
:108C3000D0C70208F8C70208FCC7020804C8020827
:108C4000D34D6210389F052080B582B000AF3E4BF7
:108C50001B6B3D4A43F4800313633B4B1B6B03F4D4
:108C600080037B607B68384B1B6B374A43F40013EF
:108C70001363354B1B6B03F400133B603B6800220E
:108C800005210B20EAF701FA0B20EAF71AFA002275
:108C900005210C20EAF7F9F90C20EAF712FA002274
:108CA00005210D20EAF7F1F90D20EAF70AFA002272
:108CB00005210E20EAF7E9F90E20EAF702FA002270
:108CC00005210F20EAF7E1F90F20EAF7FAF900226F
:108CD00005211020EAF7D9F91020EAF7F2F900226D
:108CE00005211120EAF7D1F91120EAF7EAF900226B
:108CF00005212F20EAF7C9F92F20EAF7E2F900222F
:108D000005213920EAF7C1F93920EAF7DAF900221A
:108D100005213A20EAF7B9F93A20EAF7D2F9002218
:108D200005214520EAF7B1F94520EAF7CAF9002202
:108D300005214620EAF7A9F94620EAF7C2F900BF63
:108D40000837BD4680BD00BF0038024080B586B000
:108D500000AF3B1D00221A605A609A60DA601A6107
:108D600000233B60244B254A1A60234B00225A60A3
:108D7000214B7F229A60204BFF22DA601E4B00229B
:108D80001A611D4B00225A611B4B00229A611A483E
:108D9000EBF70EFD0346002B01D0FFF7BDFC0023CF
:108DA0003B7100237B710023BB7100233B610023D7
:108DB0007B613B1D012219460F48EBF77BFD034603
:108DC000002B01D0FFF7A8FC05233B7009237B7023
:108DD0000123BB702623FB703B460122194606483F
:108DE000EBF760FE0346002B01D0FFF795FC00BFB8
:108DF0001837BD4680BD00BF28AC052000280040C4
:108E000080B5A6B000AF786007F10803902200217A
:108E100018460EF082F87B681B680E4A934214D104
:108E20002023BB604FF40073BB6307F108031846AF
:108E3000E8F7EAFD0346002B01D0FFF76DFC064B77
:108E40001B6F054A43F40043136700BF9837BD46C4
:108E500080BD00BF002800400038024080B500AF50
:108E6000144B154A1A60134B4FF4E1325A60114B00
:108E700000229A600F4B0022DA600E4B00221A612A
:108E80000C4B0C225A610B4B00229A61094B0022B9
:108E9000DA61084B00221A62064B00225A6205482A
:108EA000EBF7C3FF0346002B01D0FFF735FC00BFF3
:108EB00080BD00BF48AC0520004C004080B500AF2D
:108EC000144B154A1A60134B4FF4E1325A60114BA0
:108ED00000229A600F4B0022DA600E4B00221A61CA
:108EE0000C4B0C225A610B4B00229A61094B002259
:108EF000DA61084B00221A62064B00225A620548CA
:108F0000EBF793FF0346002B01D0FFF705FC00BFF2
:108F100080BD00BFD0AC05200050004080B500AF40
:108F2000144B154A1A60134B4FF4E1325A60114B3F
:108F300000229A600F4B0022DA600E4B00221A6169
:108F40000C4B0C225A610B4B00229A61094B0022F8
:108F5000DA61084B00221A62064B00225A62054869
:108F6000EBF763FF0346002B01D0FFF7D5FB00BFF3
:108F700080BD00BF58AD05200078004080B500AF2F
:108F8000144B154A1A60134B4FF4E1325A60114BDF
:108F900000229A600F4B0022DA600E4B00221A6109
:108FA0000C4B0C225A610B4B00229A61094B002298
:108FB000DA61084B00221A62064B00225A62054809
:108FC000EBF733FF0346002B01D0FFF7A5FB00BFF3
:108FD00080BD00BFE0AD0520007C004080B500AF43
:108FE000144B154A1A60134B4FF4E1325A60114B7F
:108FF00000229A600F4B0022DA600E4B00221A61A9
:109000000C4B0C225A610B4B00229A61094B002237
:10901000DA61084B00221A62064B00225A620548A8
:10902000EBF703FF0346002B01D0FFF775FB00BFF2
:1090300080BD00BF68AE05200010014080B500AFC4
:10904000144B154A1A60134B4FF4E1325A60114B1E
:1090500000229A600F4B0022DA600E4B00221A6148
:109060000C4B0C225A610B4B00229A61094B0022D7
:10907000DA61084B00221A62064B00225A62054848
:10908000EBF7D3FE0346002B01D0FFF745FB00BFF3
:1090900080BD00BFF0AE05200044004080B500AFA9
:1090A000144B154A1A60134B4FF4E1325A60114BBE
:1090B00000229A600F4B0022DA600E4B00221A61E8
:1090C0000C4B0C225A610B4B00229A61094B002277
:1090D000DA61084B00221A62064B00225A620548E8
:1090E000EBF7A3FE0346002B01D0FFF715FB00BFF3
:1090F00080BD00BF78AF05200048004080B500AFBC
:10910000144B154A1A60134B4FF4E1325A60114B5D
:1091100000229A600F4B0022DA600E4B00221A6187
:109120000C4B0C225A610B4B00229A61094B002216
:10913000DA61084B00221A62064B00225A62054887
:10914000EBF773FE0346002B01D0FFF7E5FA00BFF3
:1091500080BD00BF00B005200014014080B5BCB048
:1091600000AF786007F1DC0300221A605A609A6051
:10917000DA601A6107F14C039022002118460DF0C5
:10918000CCFE7B681B68654A934240F0D7804FF461
:109190000073FB640023C7F89C3007F14C031846AA
:1091A000E8F732FC0346002B01D0FFF7B5FA5C4B21
:1091B0001B6C5B4A43F400231364594B1B6C03F490
:1091C0000023BB64BB6C564B1B6B554A43F0010339
:1091D0001363534B1B6B03F001037B647B6C504B9D
:1091E0001B6B4F4A43F0040313634D4B1B6B03F09F
:1091F00004033B643B6C4FF48053C7F8DC3002231C
:10920000C7F8E0300023C7F8E4300323C7F8E8309C
:109210000623C7F8EC3007F1DC0319464148E9F7AB
:109220001BF84FF40063C7F8DC300223C7F8E030C6
:109230000023C7F8E4300323C7F8E8300823C7F851
:10924000EC3007F1DC0319463748E9F705F8374BEE
:10925000374A1A60354B4FF000625A60334B002298
:109260009A60324B0022DA60304B4FF480621A6110
:109270002E4B00225A612D4B00229A612B4B4FF44A
:109280008072DA61294B00221A62284B00225A624E
:109290002648E9F7C1F90346002B01D0FFF73CFA55
:1092A0007B68224A5A67214A7B689363214B224A92
:1092B0001A60204B4FF000625A601E4B40229A60A9
:1092C0001C4B0022DA601B4B4FF480621A61194B71
:1092D00000225A61174B00229A61164B0022DA6174
:1092E000144B00221A62134B00225A621148E9F70C
:1092F00093F90346002B01D0FFF70EFA7B680D4A65
:109300001A670C4A7B689363002205213420E9F731
:10931000BCFE3420E9F7D5FE00F024BC004C004030
:1093200000380240000002400008024088B00520DA
:1093300040600240E8B00520706002407B681B6816
:109340009E4A934240F0A4804FF48063FB64002364
:10935000C7F8A03007F14C031846E8F755FB034661
:10936000002B01D0FFF7D8F9954B1B6C944A43F4BE
:1093700080131364924B1B6C03F48013FB63FB6B31
:109380008F4B1B6B8E4A43F0020313638C4B1B6B9A
:1093900003F00203BB63BB6B4FF44053C7F8DC30F0
:1093A0000223C7F8E0300023C7F8E4300323C7F8EE
:1093B000E8300823C7F8EC3007F1DC031946814890
:1093C000E8F74AFF804B814A1A607F4B4FF00062FA
:1093D0005A607D4B00229A607B4B0022DA607A4B08
:1093E0004FF480621A61784B00225A61764B00225A
:1093F0009A61754B4FF48072DA61734B00221A62E6
:10940000714B00225A627048E9F706F90346002BB7
:1094100001D0FFF781F97B686B4A5A676A4A7B681B
:1094200093636B4B6B4A1A60694B4FF000625A6052
:10943000674B40229A60664B0022DA60644B4FF41F
:1094400080621A61624B00225A61614B00229A616C
:109450005F4B0022DA615E4B00221A625C4B0022F5
:109460005A625B48E9F7D8F80346002B01D0FFF7B2
:1094700053F97B68564A1A67554A7B689363002202
:1094800005213520E9F701FE3520E9F71AFE69E3E9
:109490007B681B68504A934245D14FF48053FB646C
:1094A0000023C7F8A83007F14C031846E8F7ACFAD8
:1094B0000346002B01D0FFF72FF9414B1B6C404AAC
:1094C00043F0804313643E4B1B6C03F080437B638B
:1094D0007B6B3B4B1B6B3A4A43F020031363384BC7
:1094E0001B6B03F020033B633B6BC023C7F8DC30EE
:1094F0000223C7F8E0300023C7F8E4300323C7F89D
:10950000E8300823C7F8EC3007F1DC03194633488C
:10951000E8F7A2FE002205215220E9F7B6FD52200D
:10952000E9F7CFFD1EE37B681B682D4A93425BD1B0
:109530004FF40053FB640023C7F8AC3007F14C0331
:109540001846E8F761FA0346002B01D0FFF7E4F86C
:109550001B4B1B6C1A4A43F000431364184B1B6CE3
:1095600003F00043FB62FB6A154B1B6B144A43F08C
:1095700010031363124B1B6B03F01003BB62BB6A37
:109580000323C7F8DC300223C7F8E0300023C7F814
:10959000E4300323C7F8E8300823C7F8EC3007F1BC
:1095A000DC0319460F48E8F757FE00220521532037
:1095B000E9F76BFD5320E9F784FDD3E2005000404A
:1095C000003802400004024048B10520106002400B
:1095D000A8B10520B86002400078004000140240A5
:1095E000007C0040001002407B681B68A74A934241
:1095F00040F0A3804023FB640023C7F8903007F1BC
:109600004C031846E8F700FA0346002B01D0FFF799
:1096100083F89F4B5B6C9E4A43F0100353649C4B52
:109620005B6C03F010037B627B6A994B1B6B984A5F
:1096300043F002031363964B1B6B03F002033B6280
:109640003B6A4FF44043C7F8DC300223C7F8E030F0
:109650000023C7F8E4300323C7F8E8300423C7F831
:10966000EC3007F1DC0319468A48E8F7F5FD8A4B30
:109670008A4A1A60884B4FF000625A60864B00227B
:109680009A60854B0022DA60834B4FF480621A6146
:10969000814B00225A61804B00229A617E4B4FF42D
:1096A0008072DA617C4B00221A627B4B00225A6284
:1096B0007948E8F7B1FF0346002B01D0FFF72CF8FB
:1096C0007B68754A5A67744A7B689363744B754A22
:1096D0001A60734B4FF000625A60714B40229A60DF
:1096E0006F4B0022DA606E4B4FF480621A616C4B54
:1096F00000225A616A4B00229A61694B0022DA61AA
:10970000674B00221A62664B00225A626448E8F7EF
:1097100083FF0346002B01D0FEF7FEFF7B68604A03
:109720001A675F4A7B689363002205212520E9F7C9
:10973000ACFC2520E9F7C5FC14E27B681B685A4A9B
:10974000934240F0BD808023FB640023C7F894302F
:1097500007F14C031846E8F757F90346002B01D0F0
:10976000FEF7DAFF4A4B1B6C494A43F4003313649B
:10977000474B1B6C03F40033FB61FB69444B1B6BD1
:10978000434A43F008031363414B1B6B03F0080388
:10979000BB61BB696023C7F8DC300223C7F8E03047
:1097A0000023C7F8E4300323C7F8E8300723C7F8DD
:1097B000EC3007F1DC0319463C48E8F74DFD3C4B23
:1097C0003C4A1A603A4B4FF000625A60384B002214
:1097D0009A60374B0022DA60354B4FF480621A6191
:1097E000334B00225A61324B00229A61304B4FF4C6
:1097F0008072DA612E4B00221A622D4B00225A62CF
:109800002B48E8F709FF0346002B01D0FEF784FF41
:109810007B68274A5A67264A7B689363264B274A08
:109820001A60254B4FF000625A60234B40229A6029
:10983000214B0022DA60204B4FF480621A611E4BEC
:1098400000225A611C4B00229A611B4B0022DA61F4
:10985000194B00221A62184B00225A621648E8F788
:10986000DBFE0346002B01D0FEF756FF7B68124A51
:109870001A67114A7B689363002205212620E9F7C5
:1098800004FC2620E9F71DFC6CE100BF001001403C
:10989000003802400004024008B205204064024043
:1098A00068B20520B864024000440040000C024049
:1098B000C8B205208860024028B30520A06002409D
:1098C0007B681B68A94A934240F0A4804FF48073E0
:1098D000FB640023C7F8983007F14C031846E8F7FB
:1098E00093F80346002B01D0FEF716FFA04B1B6C2C
:1098F0009F4A43F4802313649D4B1B6C03F4802325
:109900007B617B699A4B1B6B994A43F0020313639B
:10991000974B1B6B03F002033B613B694FF44063C1
:10992000C7F8DC300223C7F8E0300023C7F8E43082
:109930000323C7F8E8300723C7F8EC3007F1DC034E
:1099400019468C48E8F788FC8B4B8C4A1A608A4B86
:109950004FF000625A60884B00229A60864B0022CA
:10996000DA60854B4FF480621A61834B00225A61A2
:10997000814B00229A61804B4FF48072DA617E4BFA
:1099800000221A627C4B00225A627B48E8F744FEB0
:109990000346002B01D0FEF7BFFE7B68764A5A676C
:1099A000754A7B689363764B764A1A60744B4FF026
:1099B00000625A60724B40229A60714B0022DA605A
:1099C0006F4B4FF480621A616D4B00225A616C4BF1
:1099D00000229A616A4B0022DA61694B00221A6206
:1099E000674B00225A626648E8F716FE0346002BD2
:1099F00001D0FEF791FE7B68614A1A67604A7B6876
:109A00009363002205212720E9F73FFB2720E9F790
:109A100058FBA7E07B681B685B4A934240F0A2803A
:109A20004FF40063FB640023C7F8A43007F14C0334
:109A30001846E7F7E9FF0346002B01D0FEF76CFE5E
:109A40004B4B5B6C4A4A43F020035364484B5B6CBE
:109A500003F02003FB60FB68454B1B6B444A43F05B
:109A600004031363424B1B6B03F00403BB60BB682E
:109A7000C023C7F8DC300223C7F8E0300023C7F862
:109A8000E4300323C7F8E8300823C7F8EC3007F1C7
:109A9000DC0319463D48E8F7DFFB3D4B3D4A1A60C1
:109AA0003B4B4FF020625A60394B00229A60384B92
:109AB0000022DA60364B4FF480621A61344B002288
:109AC0005A61334B00229A61314B4FF48072DA6154
:109AD0002F4B00221A622E4B00225A622C48E8F7C4
:109AE0009BFD0346002B01D0FEF716FE7B68284A3B
:109AF0005A67274A7B689363274B284A1A60264B8C
:109B00004FF020625A60244B40229A60224B002280
:109B1000DA60214B4FF480621A611F4B00225A61B8
:109B20001D4B00229A611C4B0022DA611A4B002265
:109B30001A62194B00225A621748E8F76DFD034676
:109B4000002B01D0FEF7E8FD7B68134A1A67124A22
:109B50007B689363002205214720E9F796FA4720A6
:109B6000E9F7AFFA00BFF037BD4680BD00480040BE
:109B7000003802400004024088B3052028600240FB
:109B8000E8B305205860024000140140000802407C
:109B900048B4052028640240A8B40520A06402400F
:109BA00080B58EB000AF786000233B6373463B63A3
:109BB000EFF30883FB60FB687B633B6B03F00403FC
:109BC000002B04D0EFF30983BB60BB687B637B6B26
:109BD0001B68FB627B6B5B68BB627B6B9B687B6219
:109BE0007B6BDB683B627B6B1B69FB617B6B5B693F
:109BF000BB617B6B9B697B617B6BDB693B617868DD
:109C000006F062FA224806F05FFA396B214806F046
:109C10008BFAF96A204806F087FAB96A1F4806F0FD
:109C200083FA796A1E4806F07FFA396A1D4806F001
:109C30007BFAF9691C4806F077FAB9691B4806F007
:109C400073FA79691A4806F06FFA3969194806F00B
:109C50006BFA194BDB6A1946184806F065FA164B81
:109C60009B6A1946164806F05FFA134B5B6B194660
:109C7000144806F059FA104B9B6B1946124806F02F
:109C800053FA124806F020FA00BF3837BD4680BDAF
:109C9000ECCC020804CD02080CCD020814CD020859
:109CA0001CCD020824CD02082CCD020834CD0208B8
:109CB0003CCD020844CD020800ED00E04CCD020886
:109CC00054CD02085CCD020864CD02086CCD0208B8
:109CD00080B400AF00BFFDE780B500AF0248FFF7DA
:109CE0005FFF00BFFDE700BF7CCD020880B500AF7D
:109CF0000248FFF755FF00BFFDE700BF94CD020803
:109D000080B500AF0248FFF74BFF00BFFDE700BF83
:109D1000ACCD020880B500AF0248FFF741FF00BF9D
:109D2000FDE700BFC4CD020880B400AF00BFBD4650
:109D30005DF8047B7047000080B500AF0248E8F78B
:109D40000BFE00BF80BD00BF48B1052080B500AF4D
:109D50000248E8F701FE00BF80BD00BF88B30520C0
:109D600080B500AF0248E8F7F7FD00BF80BD00BF37
:109D700088B0052080B500AF0248E8F7EDFD00BFD0
:109D800080BD00BFE8B3052080B500AF0248E8F70A
:109D9000E3FD00BF80BD00BFE8B0052080B500AF87
:109DA0000248E8F7D9FD00BF80BD00BFC8B205205A
:109DB00080B500AF0248E8F7CFFD00BF80BD00BF0F
:109DC00028B3052080B500AF0248EBF705F900BFC6
:109DD00080BD00BF68AE052080B500AF0248EBF73C
:109DE000FBF800BF80BD00BFF0AE052080B500AF1E
:109DF0000248EBF7F1F800BF80BD00BF78AF052047
:109E000080B500AF0248E8F7A7FD00BF80BD00BFE6
:109E1000A8B1052080B500AF0248EBF7DDF800BF20
:109E200080BD00BF48AC052080B500AF0248EBF70D
:109E3000D3F800BF80BD00BFD0AC052080B500AF17
:109E40000248E6F729FF00BF80BD00BF08B5052026
:109E500080B500AF0248E8F77FFD00BF80BD00BFBE
:109E600048B4052080B500AF0248E8F775FD00BF93
:109E700080BD00BF08B2052080B500AF0248E9F7F9
:109E80009FFD00BF80BD00BF2C9E052080B500AFA8
:109E90000248E8F761FD00BF80BD00BFA8B40520FF
:109EA00080B500AF0248E8F757FD00BF80BD00BF96
:109EB00068B2052080B500AF0248EBF78DF800BF0F
:109EC00080BD00BF00B0052080B500AF0248EBF7B1
:109ED00083F800BF80BD00BF58AD052080B500AF3E
:109EE0000248EBF779F800BF80BD00BFE0AD052068
:109EF00080B582B000AF114B1B6C104A43F0805309
:109F000013640E4B1B6C03F080537B607B680B4B20
:109F10005B6C0A4A43F480435364084B5B6C03F464
:109F200080433B603B6800220F216FF00100E9F79E
:109F3000ACF800BF0837BD4680BD00BF0038024006
:109F400080B58EB000AF78600023FB620023BB6257
:109F5000334B1B6C324A43F020031364304B1B6CB1
:109F600003F02003FB60FB6807F1100207F1140304
:109F700011461846E7F716FD3B6AFB62FB6A002BA9
:109F800003D1E7F7E7FC786304E0E7F7E3FC034677
:109F90005B007B637B6B234AA2FB03239B0C013B8F
:109FA000BB62214B214A1A601F4B40F2E732DA6054
:109FB0001D4ABB6A53601C4B00221A611A4B0022D7
:109FC0009A60194B00229A611748E6F78BFD034609
:109FD00087F8333097F83330002B1BD11248E6F75F
:109FE000E3FD034687F8333097F83330002B11D167
:109FF0003720E9F766F87B680F2B08D800227968CC
:10A000003720E9F742F80A4A7B68136002E001232F
:10A0100087F8333097F8333018463837BD4680BD5F
:10A020000038024083DE1B4308B5052000140040C1
:10A030000400022080B487B000AF7860144A154B4A
:10A04000D31A7B617B693B61134B1B68002B02D1E8
:10A05000114B124A1A60104B1A687B6813443A6914
:10A060009A4205D20E4B0C221A604FF0FF3309E0E2
:10A07000094B1B68FB60084B1A687B681344064A4F
:10A080001360FB6818461C37BD465DF8047B7047BB
:10A09000000008200010000054B5052040DC052019
:10A0A00070D9042080B582B000AF7860EEF798FEDA
:10A0B0000346012B1ED0114B1B68002B0ED1F0F76D
:10A0C0000DFA0E4B1B68002B06D10D490420ECF74E
:10A0D000B8FF0346094A1360F0F736FA074B1B68CE
:10A0E000002B08D0054B1B684FF0FF311846ECF7EA
:10A0F000FAFF00E000BF0837BD4680BD58B5052017
:10A100005CB5052080B582B000AF7860064B1B6857
:10A11000002B04D0044B1B681846ECF7ADFF00BFC2
:10A120000837BD4680BD00BF58B5052080B400AFDC
:10A1300001231846BD465DF8047B704780B483B0A8
:10A1400000AF78603960054B16221A604FF0FF337C
:10A1500018460C37BD465DF8047B704770D9042063
:10A1600080B582B000AF78604FF0FF317868FFF7BC
:10A17000E5FF00BFFDE780B586B000AFF860B960CD
:10A180007A6000237B610AE0AFF300800146BB6880
:10A190005A1CBA60CAB21A707B6901337B617A6952
:10A1A0007B689A42F0DB7B6818461837BD4680BD55
:10A1B00080B483B000AF78604FF0FF3318460C379F
:10A1C000BD465DF8047B704780B483B000AF786013
:10A1D00039603B684FF400525A60002318460C3730
:10A1E000BD465DF8047B704780B483B000AF7860F3
:10A1F000012318460C37BD465DF8047B704780B4D8
:10A2000085B000AFF860B9607A6000231846143753
:10A21000BD465DF8047B7047DFF834D0E6F750FCAC
:10A220000C480D490D4A002302E0D458C4500433B1
:10A23000C4188C42F9D30A4A0A4C002301E0136087
:10A240000432A242FBD30DF06DFDFEF785F9704795
:10A250000000082000000220C8090220141503088D
:10A26000C8090220F4DA0520FEE7000080B500AF3F
:10A27000002208490848EAF7B7FB002207490648C8
:10A28000EAF794FC064B9B6A9AB2064B1A8000BF11
:10A2900080BD00BFB0B5052028AC0520C4B50520A1
:10A2A00000280040C8B505202DE9B04F90B000AFA0
:10A2B000C7E90201D7E902014FF47A724FF00003B7
:10A2C000E6F77AF902460B461346FB63D7E902012B
:10A2D0004FF47A724FF00003E6F76EF913467B876E
:10A2E0000023FB6207F1180300221A605A609A608B
:10A2F000DA601A61FB6B00223B607A60D7E90023C9
:10A30000C7E9042307F1100318460CF041FE7863F7
:10A310007B6B002B66D07B6B5B69DBB2643BDBB293
:10A3200087F82F307B6B1B69DBB20133DBB287F818
:10A330002D307B6BDB68DBB287F82E307B6B9B6844
:10A34000DBB20833DBB23B767B6B5B68DBB27B76E0
:10A350007B6B1B68DBB2BB7607F12C03002219462E
:10A360002348EAF79FFB07F118030022194620480B
:10A37000EAF7A0FA7B8F002298469146404649466C
:10A380004FF000024FF000034FEA092343EA18633D
:10A390004FEA0822841A61EB0305164B14EB030AFB
:10A3A00045F1000B4FF47A724FF0000350465946C6
:10A3B000E6F702F902460B4613467B860C48EAF79D
:10A3C00003FD0B4B1B68CA225A62094B1B685322C0
:10A3D0005A62074B1B687A8E9A62054B1B68FF22F4
:10A3E0005A6200E000BF4037BD46BDE8B08F00BFF5
:10A3F00028AC052018E4030080B582B000AF00F05F
:10A4000011F8C7E90001D7E900014FF47A724FF063
:10A410000003E6F7D1F802460B4610461946083706
:10A42000BD4680BD2DE9B04F96B000AFFFF71EFFCF
:10A430005B4BDB786433FB63594B5B78013BBB635D
:10A44000574B9B787B63574B1B78083B3B63554BC3
:10A450005B78FB62534B9B78BB6207F1280318467D
:10A460000CF074FFC7E91401D7E91423B3F1FF3FDF
:10A4700008BFB2F1FF3F06D14FF000034FF00004D8
:10A48000C7E9083483E0484B1B889BB200229A46F8
:10A490009346504659464FF000024FF000034FEAF2
:10A4A0004B1343EADA634FEA4A12841A61EB03055D
:10A4B0004FF000024FF00003AB0043EA9473A20098
:10A4C00014461D46B4EB0A03BB6065EB0B03FB604F
:10A4D0004FF000024FF00003D7E902452946CB00B8
:10A4E000214643EA51732146CA0030495118B961E7
:10A4F00043F10003FB614FF0FF024FF00003D7E987
:10A500000601E6F759F802460B461346A7F84E3007
:10A51000D7E9140102460B464FF000044FF0000546
:10A520005D0145EAD265540122462B46B2EB000894
:10A5300063EB01094FF000024FF000034FEA89037B
:10A5400043EA98734FEA88029046994618EB000355
:10A550003B6049EB01037B604FF000024FF00003CA
:10A56000D7E900452946CB00214643EA51732146ED
:10A57000CA00B7F84E10002039617861D7E9044568
:10A58000214651183962294643EB01017962D7E926
:10A590000823104619465837BD46BDE8B08F00BFA6
:10A5A000C4B50520B0B50520C8B5052018E40300E2
:10A5B00080B483B000AF786039607A683B6862FA33
:10A5C00003F318460C37BD465DF8047B7047000066
:10A5D000B0B5CEB000AF07F59C73A3F59A731860C1
:10A5E00007F59C73A3F59C7319600023C7F8143119
:10A5F0000023C7F810313FE007F59C73A3F59C7367
:10A600001A68D7F8103113441B781A06D7F810319E
:10A61000013307F59C71A1F59C7109680B441B7807
:10A620001B041A43D7F81031023307F59C71A1F5CA
:10A630009C7109680B441B781B021343D7F8102147
:10A64000033207F59C71A1F59C7109680A441278E0
:10A6500043EA020107F59C73A3F59873D7F8142118
:10A6600043F82210D7F814310133C7F81431D7F862
:10A6700010310433C7F81031D7F814310F2BBBD980
:10A6800077E0D7F814319A1E07F59C73A3F59873F9
:10A6900053F8223011211846FFF78AFF0446D7F8F5
:10A6A00014319A1E07F59C73A3F5987353F8223062
:10A6B00013211846FFF77CFF034684EA0302D7F80C
:10A6C0001431991E07F59C73A3F5987353F8213044
:10A6D0009B0A5A40D7F81431D91F07F59C73A3F58C
:10A6E000987353F82130D418D7F81431A3F10F021E
:10A6F00007F59C73A3F5987353F822300721184689
:10A70000FFF756FF0546D7F81431A3F10F0207F5FE
:10A710009C73A3F5987353F8223012211846FFF763
:10A7200047FF034685EA0302D7F81431A3F10F016E
:10A7300007F59C73A3F5987353F82130DB08534059
:10A74000E218D7F81431A3F1100107F59C73A3F5B3
:10A75000987353F82130D11807F59C73A3F59873BB
:10A76000D7F8142143F82210D7F814310133C7F871
:10A770001431D7F814313F2B83D907F59C73A3F517
:10A780009A731B689B68C7F8343107F59C73A3F56F
:10A790009A731B68DB68C7F8303107F59C73A3F523
:10A7A0009A731B681B69C7F82C3107F59C73A3F5D6
:10A7B0009A731B685B69C7F8283107F59C73A3F58A
:10A7C0009A731B689B69C7F8243107F59C73A3F53E
:10A7D0009A731B68DB69C7F8203107F59C73A3F5F2
:10A7E0009A731B681B6AC7F81C3107F59C73A3F5A5
:10A7F0009A731B685B6AC7F818310023C7F81431D5
:10A8000085E00621D7F82401FFF7D2FE04460B218C
:10A81000D7F82401FFF7CCFE03465C401921D7F896
:10A820002401FFF7C5FE034684EA0302D7F8183176
:10A830001A44D7F82011D7F81C315940D7F82431E1
:10A840001940D7F81C314B401A447249D7F81431DB
:10A8500051F823301A4407F59C73A3F59873D7F881
:10A86000141153F821301344C7F80C310221D7F8E2
:10A870003401FFF79DFE04460D21D7F83401FFF7A0
:10A8800097FE03465C401621D7F83401FFF790FE8F
:10A89000034684EA0302D7F83411D7F8303119405F
:10A8A000D7F83401D7F830311843D7F82C310340AA
:10A8B0000B431344C7F80831D7F81C31C7F81831D7
:10A8C000D7F82031C7F81C31D7F82431C7F8203128
:10A8D000D7F82821D7F80C311344C7F82431D7F81A
:10A8E0002C31C7F82831D7F83031C7F82C31D7F8D8
:10A8F0003431C7F83031D7F80C21D7F80831134478
:10A90000C7F83431D7F814310133C7F81431D7F808
:10A9100014313F2B7FF675AF07F59C73A3F59A733F
:10A920001B689A68D7F834311A4407F59C73A3F56D
:10A930009A731B689A6007F59C73A3F59A731B685A
:10A94000DA68D7F830311A4407F59C73A3F59A7387
:10A950001B68DA6007F59C73A3F59A731B681A6984
:10A96000D7F82C311A4407F59C73A3F59A731B682A
:10A970001A6107F59C73A3F59A731B685A69D7F897
:10A9800028311A4407F59C73A3F59A731B685A6122
:10A9900007F59C73A3F59A731B689A69D7F824315D
:10A9A0001A4407F59C73A3F59A731B689A6107F51F
:10A9B0009C73A3F59A731B68DA69D7F820311A449F
:10A9C00007F59C73A3F59A731B68DA6107F59C730E
:10A9D000A3F59A731B681A6AD7F81C311A4407F555
:10A9E0009C73A3F59A731B681A6207F59C73A3F511
:10A9F0009A731B685A6AD7F818311A4407F59C7382
:10AA0000A3F59A731B685A6200BF07F59C77BD4691
:10AA1000B0BD00BF28F3020880B483B000AF7860F7
:10AA200079684FF000024FF00003C1E900237B6812
:10AA30000E4A9A607B680E4ADA607B680D4A1A619A
:10AA40007B680D4A5A617B680C4A9A617B680C4AA4
:10AA5000DA617B680B4A1A627B680B4A5A6200BF54
:10AA60000C37BD465DF8047B704700BF67E6096A96
:10AA700085AE67BB72F36E3C3AF54FA57F520E511F
:10AA80008C68059BABD9831F19CDE05B80B584B082
:10AA900000AF786039607B68D3E90023134603F088
:10AAA0003F03FB60FB685A1CFA607A6813448022FB
:10AAB00083F82820FB68382B13D97B6803F1280220
:10AAC000FB68D018FB68C3F140031A4600210CF064
:10AAD00024FA0023FB607B68283319467868FFF767
:10AAE00077FD7B6803F12802FB68D018FB68C3F18F
:10AAF00038031A4600210CF010FA7B68D3E90001F4
:10AB00004FF000024FF00003CB0043EA5073C20045
:10AB10007968C1E900237B68D3E900014FF00002A6
:10AB20004FF000030A0E0023D2B27B6883F8602046
:10AB30007B68D3E900014FF000024FF000030A0CDC
:10AB40000023D2B27B6883F861207B68D3E90001DF
:10AB50004FF000024FF000030A0A0023D2B27B68D4
:10AB600083F862207B68D3E900014FF000024FF0C8
:10AB700000030A000023D2B27B6883F863207B685D
:10AB8000D3E900014FF000024FF00003020E42EA49
:10AB900001220B0ED2B27B6883F864207B68D3E974
:10ABA00000014FF000024FF00003020C42EA0142A4
:10ABB0000B0CD2B27B6883F865207B68D3E9000177
:10ABC0004FF000024FF00003020A42EA01620B0A52
:10ABD000D2B27B6883F866207B68D3E90023D2B2C7
:10ABE0007B6883F867207B68283319467868FFF70D
:10ABF000EFFC0023BB6035E07B68BA68023253F893
:10AC000022301A0EBB689B0019463B680B44D2B237
:10AC10001A707B68BA68023253F82230190CBB688C
:10AC20009B0001333A681344CAB21A707B68BA6851
:10AC3000023253F82230190ABB689B0002333A688B
:10AC40001344CAB21A707B68BA68023253F82210F1
:10AC5000BB689B0003333A681344CAB21A70BB68DE
:10AC60000133BB60BB68072BC6D97868FFF7D4FEF9
:10AC700000BF1037BD4680BD2DE9B04386B000AFA0
:10AC8000F860B9607A60BB687B61FB68D3E9002338
:10AC9000134603F03F033B61FB68D3E90023796867
:10ACA00000200C46054612EB040843EB0509FB683F
:10ACB000C3E900893B69002B37D07A683B691344AC
:10ACC0003F2B0AD8FB6803F128023B6913447A68DA
:10ACD000796918460DF057F831E0FB6803F1280256
:10ACE0003B69D0183B69C3F140031A4679690DF0FE
:10ACF0004AF83A697B681344403B7B603B69C3F187
:10AD000040037A6913447B61FB6828331946F8686D
:10AD1000FFF75EFC09E07969F868FFF759FC7B688A
:10AD2000403B7B607B6940337B617B683F2BF2D883
:10AD3000FB6828337A68796918460DF024F81837CB
:10AD4000BD46BDE8B08380B586B000AFF860B9609D
:10AD50007A60FB6880333B617B68402B10D8FB68CE
:10AD60007A68B96818460DF00EF8FA687B68D01852
:10AD70007B68C3F140031A4600210CF0CEF813E0C3
:10AD80003869FFF749FE7A68B9683869FFF774FFD8
:10AD9000FB6819463869FFF779FEFB6820332022EB
:10ADA000002118460CF0B9F800237B610EE0FA6828
:10ADB0007B6913441B7883F05C03D9B2FA687B6922
:10ADC00013440A461A707B6901337B617B693F2B10
:10ADD000EDD93869FFF720FEFB6840221946386933
:10ADE000FFF74AFFFB6803F160003B69083320224C
:10ADF00019460CF0C8FF00237B610EE0FA687B69FE
:10AE000013441B7883F06A03D9B2FA687B69134450
:10AE10000A461A707B6901337B617B693F2BEDD950
:10AE20003869FFF7F9FDFB68402219463869FFF7DA
:10AE300023FFFB6803F140003B69083320221946D9
:10AE40000CF0A1FF00BF1837BD4680BD80B584B0AF
:10AE500000AFF860B9607A60FB6880337A68B968DF
:10AE60001846FFF709FF00BF1037BD4680BD80B50B
:10AE700084B000AF786039607B688033FB603968EC
:10AE8000F868FFF703FEFB6803F108007B68603396
:10AE9000202219460CF077FFF9684FF040024FF07E
:10AEA0000003C1E9002320223968F868FFF7E4FEB7
:10AEB0003968F868FFF7EAFDFB6803F108007B6872
:10AEC0004033202219460CF05EFFF9684FF0400233
:10AED0004FF00003C1E9002300BF1037BD4680BD1D
:10AEE0002DE9F04192B00AAF0023FB770FE0FA7F23
:10AEF000304B13441A46FB7F1278D2B2103307F15D
:10AF000010010B4403F8102CFB7F0133FB77FB7F10
:10AF10000B2BECD97B7D1D463B7DFA7CB97C787C84
:10AF20003C7C049403900291019200932B46224AA8
:10AF3000182122480BF098FE204921480CF01BFFF5
:10AF40003B7C9E467B7C9846BB7CFB60FA7C397DD3
:10AF5000787DBC7DFD7D3E7E97F819C0C7F808C09E
:10AF600097F81AC0C7F804C097F81BC06346099346
:10AF70007B680893BB680793069605950494039035
:10AF800002910192FB6800934346724660210D488E
:10AF90000BF0FAFD094A62210B480BF0F5FD084A57
:10AFA00063210A480BF0F0FD00BF2037BD46BDE825
:10AFB000F08100BF20F4F01FDCCD020828CE052070
:10AFC00040CE0520F8CD020850CE020878CE020807
:10AFD00080B582B000AF786079680020FBF75EFF33
:10AFE000FBF7C6FE00BF0837BD4680BD80B584B004
:10AFF00000AF3B46102219460648FAF79FFC3B4635
:10B000001A468A2104480BF0BFFD00BF1037BD4629
:10B0100080BD00BFC8D90420A0CE020880B582B090
:10B0200000AF05F035FF0346FB7197F90730002BA1
:10B0300009DA97F907301A46952108480BF0A4FD64
:10B040004FF0FF3306E0982105480BF09DFD00F01E
:10B0500017F9002318460837BD4680BDB8CE020850
:10B06000F0CE020880B59AB000AF786007F11C03FB
:10B070004422002118460BF050FF07F108037B66BD
:10B08000194BFB6107F11C0304333F227968184612
:10B090000BF06AFF002387F85F307B6E07F11C021C
:10B0A0001A607B6E44225A60EFF718FA7A6E0F49E5
:10B0B0000F4807F0E4FF034687F86330EFF744FAE0
:10B0C00097F86330002B07D097F863301A46C121F8
:10B0D00008480BF059FD04E07A68C62106480BF0D9
:10B0E00053FD6837BD4680BD5442455298CF020893
:10B0F000FCD50520A4CF0208E4CF020880B59AB0A1
:10B1000000AF7860396007F11C0344220021184623
:10B110000BF003FF07F108037B667B6E07F11C024F
:10B120001A607B6E44225A607A6E1A491A4807F0F8
:10B130005EF838663B6E002B09D1DE2117480BF014
:10B1400023FD1449144807F0EFFE00231DE0FB69BE
:10B15000134A934209D0E62112480BF015FD0D4920
:10B160000D4807F0E1FE00230FE03B685A1E07F18F
:10B170001C030433194678680BF0F6FE3B68013B6C
:10B180007A68134400221A70012318466837BD46B6
:10B1900080BD00BF98CF0208FCD5052018D002085A
:10B1A0005442455260D0020880B500AF04490548BA
:10B1B00007F0BAFEF82104480BF0E6FC00BF80BDA2
:10B1C00098CF0208FCD5052094D0020880B483B043
:10B1D00000AF03460A46FB711346BB71FB79002B97
:10B1E00002D0FB79082B01D9022308E0BB79002BA0
:10B1F00004D0BB79012B01D0012300E000231846C5
:10B200000C37BD465DF8047B7047000080B483B006
:10B2100000AF0346FB71FB79002B02D0FB79082BB2
:10B2200001D9002302E0FB79034AD35C18460C37AE
:10B23000BD465DF8047B7047CCC5052080B586B05F
:10B2400000AF3B467B617B69094A1A607B69092232
:10B250005A607A690749084807F011FF4FF4947162
:10B2600006480BF091FC00BF1837BD4680BD00BFFB
:10B27000CCC50520C0D00208FCD50520D0D00208DE
:10B2800080B588B000AF3B1DFB61FB690E4A1A60B8
:10B29000FB6909225A60FA690C490D4806F0A7FFBC
:10B2A000B861BB69092B05D140F2351109480BF093
:10B2B0006BFC04E00922002103480BF02EFE00BFC6
:10B2C0002037BD4680BD00BFCCC50520C0D00208D8
:10B2D000FCD5052000D1020880B592B000AF3B46F6
:10B2E0004022002118460BF018FE3B46402118462C
:10B2F000FFF704FF034687F8473097F84730002BE5
:10B3000016D0E7F793FF03460B4AA2FB03239B09E2
:10B310003B643A463B6C0949002003F0C9FD3A46BC
:10B320003B6C40F2491106480BF02EFCFFF73CFF46
:10B3300000BF4837BD4680BDD34D621034D10208EE
:10B3400044D1020880B58CB000AF07F11403FB6252
:10B3500011220021AB480BF0E0FDFB6AA94A1A60FC
:10B36000FB6A11225A60FA6AA749A84806F03FFF13
:10B37000B862BB6A112B40F06381A24B1B7C012B8E
:10B3800040F05E819F4B1B781A069E4B5B781B0436
:10B390001A439C4B9B781B0213439A4AD27813435F
:10B3A0001A06984B1B781906964B5B781B041943B9
:10B3B000944B9B781B020B439249C9780B431B02A9
:10B3C00003F47F031A438F4B1B7819068D4B5B7870
:10B3D0001B0419438B4B9B781B020B438949C9788B
:10B3E0000B431B0A03F47F431A43864B1B78190651
:10B3F000844B5B781B041943824B9B781B020B43E5
:10B400008049C9780B431B0E13433B617D4B1B796D
:10B410001A067C4B5B791B041A437A4B9B791B02FF
:10B420001343784AD27913431A06764B1B791906CF
:10B43000744B5B791B041943724B9B791B020B43C2
:10B440007049C9790B431B0203F47F031A436D4B08
:10B450001B7919066B4B5B791B041943694B9B796C
:10B460001B020B436749C9790B431B0A03F47F4353
:10B470001A43644B1B791906624B5B791B04194311
:10B48000604B9B791B020B435E49C9790B431B0E32
:10B490001343FB605B4B1B7A1A065A4B5B7A1B0407
:10B4A0001A43584B9B7A1B021343564AD27A1343D2
:10B4B0001A06544B1B7A1906524B5B7A1B0419432C
:10B4C000504B9B7A1B020B434E49C97A0B431B021C
:10B4D00003F47F031A434B4B1B7A1906494B5B7AE3
:10B4E0001B041943474B9B7A1B020B434549C97AFE
:10B4F0000B431B0A03F47F431A43424B1B7A190682
:10B50000404B5B7A1B0419433E4B9B7A1B020B4357
:10B510003C49C97A0B431B0E1343BB60394B1B7B61
:10B520001A06384B5B7B1B041A43364B9B7B1B0272
:10B530001343344AD27B13431A06324B1B7B190642
:10B54000304B5B7B1B0419432E4B9B7B1B020B4335
:10B550002C49C97B0B431B0203F47F031A43294B7D
:10B560001B7B1906274B5B7B1B041943254B9B7BDD
:10B570001B020B432349C97B0B431B0A03F47F4384
:10B580001A43204B1B7B19061E4B5B7B1B04194384
:10B590001C4B9B7B1B020B431A49C97B0B431B0EA5
:10B5A00013437B6007F1080307F10C0207F1100158
:10B5B0001748EFF7C9F9174A00211548EFF7F6F9D0
:10B5C000002215491248EFF7F1F9002213491048FB
:10B5D000EFF7ECF90E4B93F8313043F00203DAB297
:10B5E0000B4B83F831200E4A7B6813600D4B012210
:10B5F0001A7040F279110C480BF0C6FA0B4B1B780D
:10B60000002B15E014CE052080D10208FCD50520C2
:10B61000C4D90420093C01080DBE000835BD00084E
:10B6200010CE0520F4CD052088D10208FECD0520DE
:10B6300026D11648FFF7CCFC154B01221A701FE0EB
:10B64000144A00211448EFF7B1F9144B00221A7084
:10B650004FF4C27112480BF097FA124B3B600C4B3F
:10B660001B78002B0DD13B461846FFF7B1FC084B69
:10B6700001221A7040F28B110B480BF085FA00E0A2
:10B6800000BF00BF3037BD4680BD00BF10CE0520D3
:10B69000FECD0520A13A0108C4D90420F4CD05202F
:10B6A000D0D10208C0A8000A0CD2020880B586B02A
:10B6B00000AF0C4B01221A743B467B617B69094A3F
:10B6C0001A607B6911225A607A690749074807F0B6
:10B6D000D6FC40F29D1106480BF056FA00BF183711
:10B6E000BD4680BD14CE052080D10208FCD50520C2
:10B6F00030D2020880B500AF0D4B1B78DBB2002BB7
:10B7000005D14FF4D3710B480BF03EFA0FE00A4914
:10B710004FF000024FF00003C1E90023FBF7AEFB3E
:10B720000346002B01D0FBF777FBFBF721FB80BD25
:10B73000F4CD05207CD2020800CE0520F0B591B0F2
:10B7400006AFC7E902017A607B807B68002B02D0DC
:10B750007B88152B06D87B68002B48D07B6800229D
:10B760001A7044E0D7E902014FF47A724FF00003F7
:10B77000E4F722FF02460B46C7E90823D7E9020196
:10B780004FF47A724FF00003E4F716FF1346FB61A3
:10B79000D7E90823C7E9042307F1100318460BF083
:10B7A000F7FBB861BB69002B03D17B6800221A70DC
:10B7B0001EE07E88BB695B6903F26C7CBB691B6918
:10B7C0000133BA69D268B9698968B8694068BC69E7
:10B7D0002468FD69059504940390029101920093F9
:10B7E0006346054A314678680BF03EFA00E000BF38
:10B7F0002C37BD46F0BD00BFA4D2020880B500AF13
:10B80000154B1B68002B24D0134B1B684FF0FF31E6
:10B810001846EBF768FC114B1B68002B13D00F4B3D
:10B820001B68002200211846F7F7C0FF0B4B1B686E
:10B830001846F7F7DBFF094B00221A6040F2D911D6
:10B8400007480BF0A1F9044B1B681846EBF714FCF2
:10B8500000E000BF80BD00BFCCD50520E8CD0520AD
:10B86000C8D2020880B582B000AFFFF7C7FF3E4BD9
:10B870001B684FF0FF311846EBF735FC3B4B93F854
:10B88000313043F00203DAB2384B83F83120F7F756
:10B89000EFFF78607B68002B0CD14FF4F5713448D2
:10B8A0000BF072F9304B1B681846EBF7E5FB4FF0D5
:10B8B000FF3355E04CF250322E497868F7F7EEFE30
:10B8C0000346FB7097F90330002B12D097F9033031
:10B8D0001A464FF4F97128480BF056F97868F7F7D3
:10B8E00085FF214B1B681846EBF7C6FB4FF0FF3373
:10B8F00036E07B685B7A43F02003DAB27B685A72E9
:10B900001A4B93F8313043F00203DAB2174B83F845
:10B910003120002219497868F7F748FF184A7B68F8
:10B9200013607B685B8A1A464FF4FF7115480BF071
:10B930002BF97B685B7A03F02003002B01D0124ABD
:10B9400000E0124A094B93F8313040F2FF111048E1
:10B950000BF01AF9044B1B681846EBF78DFB00231C
:10B9600018460837BD4680BDCCD50520C4D9042073
:10B97000ECD202080CF3020820D3020845CF0108DC
:10B98000E8CD052044D3020870D3020874D302081E
:10B9900078D3020880B5ADF5C06D00AF07F5C06380
:10B9A000A3F2FC53186007F5C063A3F2F45300221E
:10B9B0001A607B4A07F5C063A3F5BE6312681A607C
:10B9C00007F5C063A3F5BE631B68002B17D007F50E
:10B9D000C063A3F2F45307F5C062A2F5BE62126819
:10B9E0001A6000BFFFF702FB40F21E216D480BF00A
:10B9F000CBF8FFF737FF0346002B21D109E040F2D7
:10BA00001A2169480BF0C0F84FF47A70EEF70FF87E
:10BA1000CFE740F6B830EEF70AF8644B1B684FF0FA
:10BA2000FF311846EBF75FFB614B1B68002118469E
:10BA300000F088F95D4B1B681846EBF71DFB04E02E
:10BA400040F22A215B480BF09FF85B4B1B6807F123
:10BA5000140164221846EBF73BFE0346012B24D168
:10BA6000534B1B68002B05D140F2462153480BF085
:10BA70008BF894E04D4B1B684FF0FF311846EBF705
:10BA800032FB07F5C063A3F2EC53B3F8E42507F1EA
:10BA9000140303F5BC6107F11403184600F0B8FB6A
:10BAA000424B1B681846EBF7E7FA3D4A07F5C063BF
:10BAB000A3F5BF6312681A6007F5C063A3F5BF63FF
:10BAC0001A6807F5C063A3F2F4531B689A4214BFC7
:10BAD00001230023DBB287F8FE3507F5C063A3F529
:10BAE000BF631B68002B14BF01230023DBB287F860
:10BAF000FD35002387F8FF3597F8FE35002B13D06E
:10BB000040F256212E480BF03FF8012387F8FF350D
:10BB100007F5C063A3F2F45307F5C062A2F5BF6254
:10BB200012681A60FFF762FA97F8FD35002B06D10C
:10BB3000FFF764FE4FF47A70EDF779FF2FE097F886
:10BB4000FF35002B81D0FFF759FE4FF44870EDF719
:10BB50006EFFFFF787FE0346002B16D140F6B83084
:10BB6000EDF765FF114B1B684FF0FF311846EBF7FF
:10BB7000BAFA0F4B1B680021184600F0E3F80B4B94
:10BB80001B681846EBF778FA5FE740F272210D4820
:10BB90000AF0FAFF4FF4FA60EDF749FF00BF54E7EF
:10BBA000C8D90420D0D30208A8D30208CCD50520D8
:10BBB000E8CD052004D40208F0D5052034D40208CD
:10BBC00068D4020898D4020880B58CB000AFC7E9E9
:10BBD00002017A603B603B68002B58D03B68012B28
:10BBE00003D17B6800221A7052E00023FB62D7E980
:10BBF0000223134308D1FB6A5A1CFA621A467B6877
:10BC0000134430221A703CE00023BB621DE0D7E9E8
:10BC100002014FF00A024FF00003E4F7CDFCD2B26C
:10BC2000BB6A591CB9623032D2B230333B4403F89C
:10BC3000202CD7E902014FF00A024FF00003E4F78D
:10BC4000BBFC02460B46C7E90223D7E90223134394
:10BC5000DDD10EE0BB6A013BBB62FB6A5A1CFA6293
:10BC60001A467B68134407F11001BA6A0A44127835
:10BC70001A70BB6A002B04DD3B68013BFA6A9A42EA
:10BC8000E8DBFB6A7A68134400221A7000E000BF08
:10BC90003037BD4680BD80B58CB000AFC7E902012A
:10BCA0007A600023FB62D7E90223134308D1FB6AC1
:10BCB0005A1CFA621A467B68134430221A7037E025
:10BCC0000023BB621DE0D7E902014FF00A024FF0EA
:10BCD0000003E4F771FCD2B2BB6A591CB96230327E
:10BCE000D2B230333B4403F8202CD7E902014FF0A5
:10BCF0000A024FF00003E4F75FFC02460B46C7E977
:10BD00000223D7E902231343DDD10EE0BB6A013BD6
:10BD1000BB62FB6A5A1CFA621A467B68134407F13D
:10BD20001001BA6A0A4412781A70BB6A002BEDDC63
:10BD3000FB6A7A68134400221A7000BF3037BD4690
:10BD400080BD0000F0B5EDB00AAF07F5C473A3F5F0
:10BD5000C27318600A4607F5C473A3F5C3731A804B
:10BD6000454B1B684FF0FF311846EBF7BCF907F560
:10BD7000C473A3F5C2731B68002B05D13E4B1B682F
:10BD80001846EBF779F906E23C4B93F8313003F0B3
:10BD90000103002B0AD140F2BB2139480AF0F4FE1E
:10BDA000354B1B681846EBF767F9F4E1334B93F812
:10BDB000313043F00203DAB2304B83F8312009F01E
:10BDC000B3FEC7F87C01FEF717FBC7E95C0107F576
:10BDD0009E732022002118460BF09FF8294BC7F8CC
:10BDE0006C31D7F86C311B781E46D7F86C310133B3
:10BDF0001B781A46D7F86C3102331B781946D7F8EE
:10BE00006C3103331B781C46D7F86C3104331B7834
:10BE10001D46D7F86C3105331B7807F59E700493E7
:10BE200003950294019100923346174A20210AF0AB
:10BE30001BFF4FF40072002114480BF06EF807F559
:10BE4000927300221A605A609A60DA601A611A7559
:10BE500007F592731A46D7E95C01FFF71CFF0C4BFC
:10BE60001B78DBB2002B17D00A4BC7F884310123B3
:10BE7000C7F8803116E000BFCCD50520C4D9042016
:10BE8000CCD40208EED9042004D50208CCB9052090
:10BE9000F4CD052024D50208C14BC7F88431002316
:10BEA000C7F88031BF4B01221A60BF48F9F736FD51
:10BEB00007F5C473A3F5C3731B88BA4A1268BB495C
:10BEC000089107F592710791B9490691059204937B
:10BED000B84B039307F59E730293D7F8843101930F
:10BEE000B54B00930346B54A40F2FF11B4480AF03F
:10BEF000BBFE07F582732022002118460BF00DF8D7
:10BF000007F118032022AF491846FEF71CFFAC4882
:10BF1000E4F72AFD024607F11803A9491846FEF77F
:10BF200095FF07F5827207F1180311461846FEF7D0
:10BF30009EFF07F5C473A3F5BE7300221A605A6012
:10BF40001A7297F804311C4697F8053197F80621C4
:10BF500097F8071107F10C00029101920093234614
:10BF6000994A09210AF080FE904809F0C5FD034670
:10BF70001A469649D7F87C0109F062FD07F59E73D1
:10BF8000184609F0B9FD03461A469149D7F87C01D5
:10BF900009F056FD864809F0AFFD03461A468D4963
:10BFA000D7F87C0109F04CFD824809F0A5FD034655
:10BFB0001A468949D7F87C0109F042FD7E4809F00C
:10BFC0009BFD03461A468549D7F87C0109F038FDE8
:10BFD0007548F9F7A3FC0346184609F08DFD0346A2
:10BFE0001A467F49D7F87C0109F02AFDD7F880016D
:10BFF00009F04AFD03461A467A49D7F87C0109F050
:10C000001FFD07F5C473A3F5C3731B8807EE903AB1
:10C01000B8EE677BB0EE470B09F04EFD03461A46BB
:10C020007149D7F87C0109F00BFDD7E95C01E4F711
:10C030008DFA02460B4643EC102B09F03DFD0346FA
:10C040001A466A49D7F87C0109F0FAFC554B1B687F
:10C0500007EE903AB8EE677BB0EE470B09F02CFD87
:10C0600003461A466249D7F87C0109F0E9FC07F15A
:10C070000C03184609F040FD03461A465D49D7F8FF
:10C080007C0109F0DDFCD7F87C0108F083FDC7F8DE
:10C090006801D7F86831002B74D0D7F8682140F2D6
:10C0A000033155480AF070FDD7F86801E4F75CFCED
:10C0B0000346A7F86631B7F866310133A7F8643153
:10C0C000B7F864314FF4C17219463620F0F702F820
:10C0D000C7F86001B7F86431B3F5B86F12D940F210
:10C0E000093146480AF050FDD7F8680107F04CFDC9
:10C0F000D7F87C0107F02CFE414B1B681846EAF785
:10C10000BBFF48E0D7F86031002B2DD0D7F8603165
:10C110005B68B7F86621D7F8681118460BF033FE54
:10C12000D7F860315A68B7F8663113440A221A709A
:10C1300007F5C473A3F5C2704CF25033314AD7F8F7
:10C1400060110068F7F7F4F8034687F85F3197F954
:10C150005F311A4640F217312B480AF015FDD7F827
:10C160006001F0F79BFA04E040F21D3127480AF025
:10C170000BFDD7F8680107F007FD0A4B1B68013378
:10C18000084A1360D7F87C0107F0E2FD1C4B1B68DE
:10C190001846EAF771FF07F5C677BD46F0BD00BF48
:10C1A0002CD5020844000220C8D90420B4D50208C6
:10C1B00028CE0520C4D50208D4D5020834D50208FB
:10C1C000CCB90520DCD5020800D6020814D6020836
:10C1D0001CD6020820D6020824D602082CD6020853
:10C1E0003CD6020844D6020850D6020858D60208A7
:10C1F0005CD6020860D6020868D6020888D6020813
:10C20000CCD5052010F30208B0D60208E0D602080B
:10C210002DE9F04FADF52B7D0AAF07F52073A3F59F
:10C220001973186007F52073A3F51A73196007F5E1
:10C230002073A3F26A231A8007F52073A3F51973FC
:10C240001A6840F22B31BB480AF09EFC07F52073B8
:10C25000A3F51973186808F08FFCC7F87C02D7F8AB
:10C260007C32002B00F05B86B349D7F87C0209F0E2
:10C2700093FBC7F87802D7F87832002B05D1D7F8AE
:10C280007C0207F065FD00F04BBED7F878321B69E1
:10C29000AA491846E4F75EFB0346002B40F03C83B6
:10C2A000A749D7F87C0209F077FBC7F83802A549FF
:10C2B000D7F87C0209F070FBC7F83402A249D7F81E
:10C2C0007C0209F069FBC7F83002A049D7F87C026C
:10C2D00009F062FBC7F82C029D49D7F87C0209F0EF
:10C2E0005BFBC7F82802D7F83832002B00F0058630
:10C2F000D7F83832DB68042B40F0FF85D7F83432AA
:10C30000002B00F0FC85D7F83432DB68042B40F0BA
:10C31000F685D7F83032002B00F0F385D7F83032AD
:10C32000DB68032B40F0ED85D7F82C32002B00F0B2
:10C33000EA85D7F82C32DB68032B40F0E485D7F888
:10C340002832002B00F0E185D7F82832DB68042B77
:10C3500040F0DB85D7F838321B697E491846E4F790
:10C36000F9FA0346002B40F0D285FEF745F8C7E9FD
:10C370008801D7E98845D7F83032D3E9062310463B
:10C380001946E4F731F902460B46A11AB96065EB8C
:10C390000303FB60D7E90223002B07DA0021504298
:10C3A000386061EB03037B60D7E90023C7E986238C
:10C3B000D7E986233D2A73F1000304DB4FF4537160
:10C3C00065480AF0E1FBD7F82C3293ED067BFCEED2
:10C3D000C77B17EE903AC7F81432604B1B68D7F84A
:10C3E00014229A4204D140F252315D480AF0CCFB4B
:10C3F0005A4AD7F8143213604FF40072002159489A
:10C400000AF08BFD07F52073A3F5CC7300221A60A8
:10C410005A609A60DA601A611A75D7F83032D3E937
:10C42000062310461946E4F7F7F802460B46C7E91B
:10C43000822307F1E8031A46D7E98201FFF72BFCB4
:10C44000D7F838321969D7F834321B693B4A03925E
:10C4500007F1E8020292D7F81422019200930B46EA
:10C46000414A40F2FF113F480AF0FEFB07F52073F6
:10C47000A3F51773184620231A4600210AF04DFD34
:10C4800007F58073202239491846FEF75CFC3548D1
:10C49000E4F76AFA024607F5807332491846FEF758
:10C4A000D5FC07F1240207F5807311461846FEF704
:10C4B000DEFC07F52073A3F5D27300221A605A60E0
:10C4C0001A7207F52073A3F517731B781C4607F53E
:10C4D0002073A3F517735B781A4607F52073A3F54D
:10C4E00017739B78194607F52073A3F51773DB784C
:10C4F00007F1DC0002930191009223461C4A0921B6
:10C500000AF0B2FBD7F828321B6907F1DC021146AA
:10C510001846E4F71FFA0346002B2DD0D7F828322F
:10C520001B6907F1DC024FF45D7112480AF02CFB25
:10C5300000F0F0BC0CD7020814D602082CD7020871
:10C5400040D7020848D7020858D602085CD602082D
:10C5500060D6020854D7020860D70208ECCD052047
:10C5600088D70208CCB50520BCD70208DCD5020864
:10C5700000D6020800D8020809F0D6FAC7F804026B
:10C58000CA4BC7F80032D7F800321B781E46D7F8DE
:10C59000003201331B781A46D7F8003202331B7879
:10C5A0001946D7F8003203331B781C46D7F80032FF
:10C5B00004331B781D46D7F8003205331B7807F18A
:10C5C0004400049303950294019100923346B84AC3
:10C5D00020210AF049FBB74809F08EFA03461A46B3
:10C5E000B549D7F8040209F02BFA07F144031846BD
:10C5F00009F082FA03461A46B049D7F8040209F056
:10C600001FFAAF4809F078FA03461A46AD49D7F841
:10C61000040209F015FAAC4809F06EFA03461A460E
:10C62000AA49D7F8040209F00BFAA94809F064FAFC
:10C6300003461A46A749D7F8040209F001FAA648AA
:10C64000F9F76CF90346184609F056FA03461A46FC
:10C65000A249D7F8040209F0F3F9FDF7CDFEC7E9C6
:10C660007E01D7E97E01E3F771FF02460B4643ECFA
:10C67000102B09F021FA03461A469949D7F804020B
:10C6800009F0DEF9974B1B6807EE903AB8EE677B2E
:10C69000B0EE470B09F010FA03461A469249D7F854
:10C6A000040209F0CDF94FF4007200218F480AF01E
:10C6B00034FC07F52073A3F5DE7300221A605A607C
:10C6C0009A60DA601A611A7507F1C4031A46D7E94D
:10C6D0007E01FFF7E0FA8048F9F720F90146814B27
:10C6E0001B68744A069207F1C4020592744A0492C8
:10C6F0000393754B029307F144030193744B00932A
:10C700000B467B4A40F2FF1178480AF0ADFA07F574
:10C710002073A3F50773184620231A4600210AF058
:10C72000FCFB07F58073202272491846FEF70BFBCD
:10C730006E48E4F719F9024607F580736B4918460D
:10C74000FEF784FB07F1640207F580731146184673
:10C75000FEF78DFB07F52073A3F5E47300221A6042
:10C760005A601A7207F52073A3F507731B781C46ED
:10C7700007F52073A3F507735B781A4607F5207356
:10C78000A3F507739B78194607F52073A3F5077384
:10C79000DB7807F1B8000293019100922346564AD4
:10C7A00009210AF061FA07F1B8031A464FF46A71D9
:10C7B00052480AF0E9F907F1B803184609F09CF964
:10C7C00003461A464E49D7F8040209F039F9D7F85A
:10C7D000040208F0DFF9C7F8F401D7F8F431002BB0
:10C7E0005FD0D7F8F42140F2AF3146480AF0CCF9D7
:10C7F000D7F8F401E4F7B8F80346A7F8F231B7F830
:10C80000F2310133A7F8F0313F4B1B684FF0FF3195
:10C810001846EAF768FCB7F8F0314FF4C1721946D0
:10C820003620EFF757FCC7F8EC01D7F8EC31002BB6
:10C8300029D0D7F8EC315B68B7F8F221D7F8F411BA
:10C8400018460BF0A0FAD7F8EC315A68B7F8F23175
:10C8500013440A221A702D4B18684CF250332C4A9C
:10C86000D7F8EC11F6F764FD034687F8EB3197F93A
:10C87000EB311A4640F2BB3126480AF085F9D7F869
:10C88000EC01EFF70BFF204B1B681846EAF7F4FBAF
:10C89000D7F8F40107F078F9124B1B680133114AFD
:10C8A0001360D7F8040207F053FA33E3EED90420FB
:10C8B00004D502083CD8020814D602081CD6020887
:10C8C00028CE052020D60208C4D5020824D60208A6
:10C8D000D4D502082CD60208C8D904203CD60208B8
:10C8E00058D60208440002205CD60208CCB70520C6
:10C8F00050D80208DCD5020800D60208B4D80208D5
:10C9000060D6020868D60208CCD50520E8CD0520FF
:10C9100010F30208E4D80208D7F878321B69654999
:10C920001846E4F717F80346002B40F0F2826249FC
:10C93000D7F87C0209F030F8C7F874025F49D7F8DD
:10C940007C0209F029F8C7F870025D49D7F87C022B
:10C9500009F022F8C7F86C025A49D7F87C0209F0AE
:10C960001BF8C7F868025849D7F87C0209F014F898
:10C97000C7F864025549D7F87C0209F00DF8C7F8EA
:10C9800060025349D7F87C0209F006F8C7F85C0248
:10C990005049D7F87C0208F0FFFFC7F858024E490B
:10C9A000D7F87C0208F0F8FFC7F854024B49D7F8D3
:10C9B0007C0208F0F1FFC7F85002D7F87432002B60
:10C9C00023D0D7F87032002B1FD0D7F86C32002B51
:10C9D0001BD0D7F86832002B17D0D7F86432002B61
:10C9E00013D0D7F86032002B0FD0D7F85C32002B71
:10C9F0000BD0D7F85832002B07D0D7F85432002B81
:10CA000003D0D7F85032002B05D140F2D63134484C
:10CA10000AF0BAF87EE207F52073A3F50F73184603
:10CA200020231A4600210AF078FA2E4B93F82A3078
:10CA30001E462C4B93F82B301A462A4B93F82C3079
:10CA40001946284B93F82D301C46264B93F82E3070
:10CA50001D46244B93F82F3007F1440004930395AF
:10CA600002940191009233461F4A20210AF0FCF8FB
:10CA7000D7F874321B6907F1440211461846E3F7F0
:10CA800069FF0346002B05D040F2E13117480AF058
:10CA90007BF83FE2D7F870321B6915491846E3F777
:10CAA00059FF0346002B27D040F2E73111480AF026
:10CAB0006BF82FE204D9020810D902081CD9020829
:10CAC00028D902082CD9020834D902083CD9020816
:10CAD00044D9020858D602085CD6020860D602087B
:10CAE00050D90208C4D9042004D502087CD9020810
:10CAF00028CE0520ACD90208FDF77EFCC7E99201DB
:10CB0000D7E99245D7F85832D3E90623104619469B
:10CB1000E3F76AFD02460B46B4EB020A65EB030B32
:10CB200052465B46002B06DA0021D2F1000861EB89
:10CB3000030942464B46C7E99023D7E990233D2A93
:10CB400073F1000304DB40F2EF31B5480AF01CF842
:10CB5000D7F8543293ED067BFCEEC77B17EE903A84
:10CB6000C7F83C32AF4B1B68D7F83C229A4204D13D
:10CB700040F2F631AC480AF007F8AA4AD7F83C323E
:10CB800013604FF400720021A8480AF0C6F907F5B7
:10CB90002073A3F5F07300221A605A609A60DA607D
:10CBA0001A611A75D7F85832D3E906231046194688
:10CBB000E3F732FD07F1A0031A46FFF76CF8D7F848
:10CBC00064321B69BB60D7F860321B69D7F85C22FE
:10CBD0001269D7F86C120969D7F868020069D7F8AA
:10CBE00074422469D7F870522D69914E089607F166
:10CBF000A006079606950594D7F83C420494039046
:10CC0000029101920093BB688A4A40F2FF11874863
:10CC10000AF02AF807F52073A3F5077318462023B6
:10CC20001A4600210AF079F907F58073202282491B
:10CC30001846FEF788F87D48E3F796FE024607F5AA
:10CC400080737A491846FEF701F907F1640207F587
:10CC5000807311461846FEF70AF907F52073A3F50D
:10CC6000F67300221A605A601A7207F52073A3F552
:10CC700007731B781C4607F52073A3F507735B78D1
:10CC80001A4607F52073A3F507739B78194607F535
:10CC90002073A3F50773DB7807F1940002930191E9
:10CCA00000922346654A092109F0DEFFD7F8503289
:10CCB0001B6907F1940211461846E3F74BFE034641
:10CCC000002B0AD0D7F850321B6907F1940240F2CA
:10CCD0001D415B4809F058FF1CE1D7F86C321B6915
:10CCE00007F1900211461846F8F7EEFCD7F86832C3
:10CCF0001B6907F18C0211461846F8F7E5FCD7F8D6
:10CD000064321B6907F1880211461846F8F7DCFC0B
:10CD1000D7F860321B6907F1840211461846F8F70C
:10CD2000D3FC4848F9F77EFD07F1900319464648C1
:10CD3000EEF7EEFE07F18C0319464348EEF730FF9D
:10CD400007F1880319464048EEF772FF3F4A07F59E
:10CD50002073A3F5FE731B6813603D4B01221A700C
:10CD600007F52073A3F5F8731B683A4A136007F5BB
:10CD70002073A3F5FA731B68364A536007F52073D6
:10CD8000A3F5FC731B68334A936007F52073A3F582
:10CD9000FE731B682F4AD360FEF788FC2A48F6F71B
:10CDA00033FF2948EFF732F82748EEF7C3FF25484D
:10CDB000F9F747FD244B93F8313043F00203DAB220
:10CDC000214B83F83120244B1B68002B11D040F2FB
:10CDD0003E41224809F0D8FE214B01221A70E6F7A5
:10CDE00025FA02461F4B13441F4A13601F4B0122B2
:10CDF0001A7040F244411E4809F0C6FEFEF7F6F8EC
:10CE00004FF49670ECF713FE1A4B1B78002B33D1BE
:10CE10000E48FEF7DDF8174B01221A703BE000BF09
:10CE200060D70208ECCD052088D70208CCB50520D4
:10CE300004D90208D4D90208DCD5020800D60208B9
:10CE400000D80208109E0320C4D9042010CE05206B
:10CE5000F4CD052014CE0520E4CD052060DA0208CB
:10CE600025CE052078ECFFFFF8CD0520FCCD052070
:10CE700090DA0208FECD0520F9F7CEFF2B48FEF729
:10CE8000A7F82A48F8F74AFD03461A4640F25141EE
:10CE9000274809F079FE274B1B68002B27D0FEF7A7
:10CEA000ADFC4FF4FA70ECF7C2FDFEF7DBFC034675
:10CEB000002B16D140F6B830ECF7B9FD1D4B1B68BE
:10CEC0004FF0FF311846EAF70EF91B4B1B680221A1
:10CED0001846FEF737FF174B1B681846EAF7CCF8E1
:10CEE00018E040F26141154809F04EFE12E040F2B0
:10CEF0006641134809F048FE0CE000BF0AE000BF9D
:10CF000008E000BF06E000BF04E000BF02E000BF91
:10CF100000E000BFD7F87C0206F01AFF00E000BF77
:10CF200007F52177BD46BDE8F08F00BF10CE052084
:10CF3000D0DA0208CCD50520E8CD052000DB0208B8
:10CF400034DB020890B5ADF20C6D00AF07F5C1649B
:10CF5000A4F2FC54206007F5C160A0F5C060016038
:10CF600007F5C161A1F204610A6007F5C162A2F58B
:10CF7000C162136007F5C163A3F204631B68002B51
:10CF80006ED03A4B1B68002B07D107F5C163A3F2A3
:10CF900004631868EFF782FB63E007F5C163A3F24F
:10CFA00004631B681B89A7F80636B7F8063640F2FB
:10CFB000DB52934228BF1346A7F80436B7F804267D
:10CFC00007F1140107F5C163A3F2046000230068B0
:10CFD000EFF76AFDB7F8043607F5C162A2F2F45222
:10CFE0000021D15407F5C163A3F2F453B7F8042626
:10CFF000A3F8DC2507F5C163A3F5C1631B68C7F877
:10D00000003607F5C163A3F2F453D7F8002612687F
:10D01000C3F8E02507F5C163A3F2F453B7F8182667
:10D02000A3F8E425114B186807F11401002300222E
:10D03000EAF708F9C7F8FC05D7F8FC35012B07D04B
:10D04000B7F804361A4640F28B41094809F09CFDB6
:10D0500007F5C163A3F204631868EFF71FFB00E054
:10D0600000BF07F20C67BD4690BD00BFF0D505209C
:10D0700064DB020880B584B000AF3C48F9F7D2FB0E
:10D080003B4B1B684FF0FF311846EAF72CF803467C
:10D09000012B03D03548F9F7D4FB64E0354B1B680E
:10D0A000002B2BD0334B1B68BB60324B00221A6025
:10D0B000314B00221A70314B00221A70B868F0F719
:10D0C00095F80346FB7197F90730002B0BD0B86831
:10D0D000F0F776F997F907301A4640F2B741284839
:10D0E00009F052FD04E040F2BB41264809F04CFD36
:10D0F00040F2BE41244809F047FD00E000BF234B49
:10D1000000221A701A4B1B681846E9F7B5FF17483A
:10D11000F9F797FB0023FB600BE03B68002B08D07E
:10D120003B681846ECF7A6FFFB680133FB60002361
:10D130003B60174B1B68394600221846EAF7C8FACD
:10D140000346012BE9D0FB68002B03D1094B1B6878
:10D15000002B05D0FA6840F2D5410E4809F014FDC5
:10D160001420EBF723F91037BD4680BD109E032035
:10D17000D0D50520E4CD0520FDCD052008CE052025
:10D1800098DB0208D0DB0208F8DB020825CE052078
:10D19000F4D505201CDC020890B58FB004AF786090
:10D1A0004FF4FA637B6241F288333B62E6F73EF864
:10D1B0000346A64A1360A64B93F831309B0803F050
:10D1C0000103DBB2002B01D0012300E00023FB7739
:10D1D000A04B1B78FA7F9A422BD09E4AFB7F13709C
:10D1E000FB7F002B0FD140F2F6419B4809F0CCFCAD
:10D1F0009A4B00221A709A4B1B68002B19D0994B3E
:10D2000001221A7015E040F2FF41974809F0BCFC7A
:10D21000924B00221A70E6F709F803468B4A136016
:10D22000924B00221A60924B00221A60914B01220D
:10D230001A708C4B1B78DBB2002B0FD0FFF71AFF54
:10D24000E5F7F4FF0346814A1360E5F7EFFF034675
:10D25000874A13606420ECF7EAFBF5E0864B1B7805
:10D26000DBB2002B11D1814B00221A60804B0022CF
:10D270001A60E5F7DBFF0346744A1360FFF7FAFE16
:10D280004FF4FA70ECF7D3FBDEE0FB7F002B03D109
:10D29000C820ECF7CCFBD7E0714B1B68002B36D0D5
:10D2A000764B1B78DBB2012B31D1734B1B78DBB291
:10D2B000012B2CD1E5F7BAFFB861644B1B68BA6942
:10D2C000D31A44F61F62934221D9604ABB691360A6
:10D2D000624B1B78DBB2012B08D940F2345168480D
:10D2E00009F052FC5F4B01221A70ADE05B4B1B78DA
:10D2F000DBB20133DAB2594B1A70584B1B78DBB2F0
:10D300001A46022340F23C515E4809F03DFC544B62
:10D310001B68002B40F09580544B1B68002B09D1F3
:10D32000E5F784FF0346514A1360E5F77FFF0346A4
:10D330004F4A1360E5F77AFF78614C4B1B687A69B6
:10D34000D31A7A6A9A420BD8494B1B687A69D31A66
:10D350003A6A9A4208D9474B1B78DBB2002B03D1BB
:10D360006420ECF764FB6FE0424B00221A704648E1
:10D37000F9F758FA3A4B1B68002B03D04248F9F7EB
:10D3800060FA61E0F1F750F838613B69002B47D053
:10D390003B693E4AC3F890203D4B1B7818463D4BF5
:10D3A0001B781C463C4B1B781A463C4B1B78194695
:10D3B0004CF25A33029301910092234602464FF4F5
:10D3C000AD61374809F0E0FB364B4CF25A32304938
:10D3D0003869F0F7F1F80346FB7397F90F30002B2B
:10D3E00017D03869EFF7ECFF00233B61234B002295
:10D3F0001A701E4B00221A60E5F718FF03461C4AFC
:10D4000013602148F9F71DFA40F2DC50ECF70FFBEE
:10D4100017E0134A3B6913601B48F9F712FA10E052
:10D4200040F28251204809F0AFFBE5F7FFFE0346CA
:10D430000F4A13601448F9F704FA4FF4FA60ECF756
:10D44000F6FA0A20ECF7F3FAB5E600BF0CCE052099
:10D45000C4D904204800022048DC020808CE052078
:10D46000E4CD052025CE052078DC02085CCE052021
:10D47000F8CD0520FCCD0520F4CD0520FDCD0520FF
:10D48000A4DC0208E4DC0208109E0320ADD40108ED
:10D4900010CE052011CE052012CE052013CE05207A
:10D4A00010DD0208F5D4010850DD020880B582B015
:10D4B00000AF78600B46FB700A4B01221A700A4BD2
:10D4C00000221A60094B00221A7097F903301A469D
:10D4D00040F29951064809F057FB00BF0837BD4696
:10D4E00080BD00BF25CE0520E4CD0520FDCD052063
:10D4F00080DD020880B584B000AFF860B9601346E3
:10D50000FB7197F90730002B33D0364B1B680A218B
:10D510001846E9F7E8FD0346012B1FD1BB68002B35
:10D5200017D0314B1B68BA689A4212D12E4B002299
:10D530001A602E4B00221A702D4B00221A70E5F74C
:10D5400075FE03462B4A1360E5F770FE03462A4A30
:10D550001360244B1B681846E9F78EFD274B012208
:10D560001A7040F2B251264809F00EFB97F90730C5
:10D5700033E01D4ABB6813601C4B01221A701C4B20
:10D5800000221A70E5F752FE03461A4A136040F271
:10D59000BC511C4809F0F8FABB685B8B43F04003B0
:10D5A0009AB2BB685A831849B868F0F745FF01F092
:10D5B00007F8164B1B78002B02D1154B01221A706D
:10D5C000134B1B78012B07D1FDF786FE104B002271
:10D5D0001A700E4B01221A70002318461037BD46F0
:10D5E00080BD00BFD0D50520E4CD0520FDCD0520B0
:10D5F00008CE05200CCE0520F8CD052025CE05202F
:10D60000B0DD0208E0DD020815D6010859CE05207C
:10D6100058CE052080B586B000AFF860B9607A605A
:10D62000FB7097F90330002B02D17B68002B0BD1E4
:10D63000184B01221A70184B00221A60174B002257
:10D640001A706FF00E0321E04FF4006200211448BD
:10D6500009F063FC7B681B8940F2FF72934228BF8C
:10D660001346FB82FA8A00230D497868EFF71CFA0B
:10D670000B49B86800F0D8F87B681B891946B86870
:10D68000EFF704FF7868EFF709F80023184618371A
:10D69000BD4680BD25CE0520E4CD0520FDCD05206D
:10D6A000E4C5052080B586B000AF786039607B683E
:10D6B0001B687B613B681B683B617B69002B02D068
:10D6C0007B691B6A00E00023FB603B69002B02D0F2
:10D6D0003B691B6A00E00023BB60FA68BB689A42A2
:10D6E00001D100230FE0FB68002B02D14FF0FF3384
:10D6F00009E0BB68002B01D1012304E0B968F86898
:10D70000E3F728F9034618461837BD4680BD0000E8
:10D7100080B588B000AF78607B68002B7AD07B68DA
:10D72000DB68062B76D17B689B68FB610023BB61BD
:10D730000CE0BB690133BB61FB69DB68062B02D1DE
:10D74000F869FFF7E5FFFB691B68FB61FB69002BCC
:10D75000EFD1BB69012B5FD9BB699B001846ECF781
:10D76000B7FBF860FB68002B58D07B689B68FB61B7
:10D7700000237B610BE07B699B00FA681344FA6924
:10D780001A60FB691B68FB617B6901337B617A6905
:10D79000BB699A42EFD3234B0422B969F86808F0B9
:10D7A000E8FFFB681A687B689A60FB681B680022C8
:10D7B0005A6000233B611AE03B6901339B00FA6821
:10D7C0001A443B699B00F9680B441B6812681A6095
:10D7D0003B699B00FA681A443B6901339B00F96876
:10D7E0000B441B6812685A603B6901333B61BB699B
:10D7F000013B3A699A42DFD3BA696FF04043134460
:10D800009B00FA6813441B6800221A60F868ECF762
:10D8100031FC04E000BF02E000BF00E000BF2037A1
:10D82000BD4680BDA5D601082DE9B043ADF5147DF8
:10D8300006AF07F50E73A3F50B73186007F50E73AB
:10D84000A3F50C7319600023C7F834320023C7F81E
:10D850003032002387F81F3207F50E73A3F5E67305
:10D86000184644231A46002109F057FB002387F885
:10D870001E32002387F81D32002387F81C32002354
:10D88000C7F82C320023C7F82832002387F8273244
:10D89000002387F82632002387F82532002387F8F3
:10D8A0002432002387F8233207F50E73A3F50C7397
:10D8B0001A6840F25961B54809F066F907F50E7328
:10D8C000A3F50C73186807F057F9C7F81802D7F8D2
:10D8D0001832002B00F06B86AD49D7F8180208F01B
:10D8E0005BF8C7F81402AB49D7F8180208F054F8EF
:10D8F000C7F81002A849D7F8180208F04DF8C7F881
:10D900000C02A649D7F8180208F046F8C7F8080232
:10D91000A349D7F8180208F03FF8C7F80402D7F86F
:10D920001432002B00F0EF85D7F81432DB68042B9B
:10D9300040F0E985D7F81032002B00F0E685D7F8E3
:10D940001032DB68042B40F0E085D7F80C32002B56
:10D9500000F0DD85D7F80C32DB68032B40F0D7856B
:10D96000D7F80832002B00F0D485D7F80832DB68EE
:10D97000032B40F0CE85D7F80432002B00F0CB8586
:10D98000D7F80432DB68042B40F0C585D7F8103295
:10D990001B6984491846E2F7DDFF0346002B06D0D9
:10D9A00040F26B61804809F0EFF800F0E6BDD7F86F
:10D9B0000C3293ED067BFCEEC77B17EE903AC7F86E
:10D9C0000032D7F80832D3E9062310461946E2F7A9
:10D9D00023FE02460B46C7E97E23FCF70DFDC7E98F
:10D9E0007C01D7E97C01D7E97E23B0EB020861EB2B
:10D9F000030942464B46002B05DA0021544261EBF5
:10DA0000030522462B46C7E97A23D7E97A233D2A24
:10DA100073F1000304DB40F27661644809F0B4F866
:10DA2000634B1B68D7F800229A4204D140F27C6114
:10DA3000604809F0A9F85E4AD7F80032136007F58C
:10DA40000E73A3F5F27300221A605A609A60DA60CE
:10DA50001A611A7507F154031A46D7E97E01FEF7D9
:10DA60001AF94FF400620021534809F056FAD7F82A
:10DA700014321B6951491846E2F76CFF0346002B2C
:10DA800035D14F49D7F8180207F086FFC7F8A4012F
:10DA9000D7F8A431002B04D0D7F8A431DB68032BCE
:10DAA00006D040F28B61474809F06EF800F065BD82
:10DAB000D7F8A43193ED067BFCEEC77BC7ED017A66
:10DAC0003B7987F81F3297F81F3207F15402029210
:10DAD000D7F8002201920093324B3B4A4FF4006189
:10DAE000354809F0C1F8344BC7F83432A6E3D7F80B
:10DAF00014321B6935491846E2F72CFF0346002B08
:10DB00006AD13349D7F8180207F046FFC7F8B001C9
:10DB1000D7F8B031002B00F00085D7F8B031DB68C2
:10DB2000032B40F0FA84D7F8B031D3E9062310462E
:10DB30001946E2F771FD02460B46C7E96A2307F56D
:10DB40000E73A3F50A7300221A605A609A60DA60B5
:10DB50001A611A7507F110021523D7E96A01FEF759
:10DB600033F807F15403029307F110030193D7F838
:10DB7000003200930B4B174A4FF400610E4809F036
:10DB800073F80D4BC7F8343258E300BF04DE0208C7
:10DB900014D6020824DE02085CD6020858D6020811
:10DBA00060D6020840CE052030DE020860D70208A9
:10DBB000F0CD052088D70208CCBD05205CDE020828
:10DBC0006CDE020878DE0208A8DE0208F4DE020835
:10DBD00004DF020810DF0208D7F814321B69A049DD
:10DBE0001846E2F7B7FE0346002B40F0BD809D4982
:10DBF000D7F8180207F0D0FEC7F8B8019A49D7F84D
:10DC0000180207F0C9FEC7F8B401D7F8B831002BE5
:10DC100011D0D7F8B831DB68032B0CD1D7F8B83165
:10DC200093ED067BFCEEC77B17EE902A07F50E738B
:10DC3000A3F5E6731A60D7F8B431002B15D0D7F8E6
:10DC4000B431DB68042B10D1D7F8B431196907F16E
:10DC50006C0304333F22184609F086F907F50E736A
:10DC6000A3F5E673002283F8432007F05DFFC7F8B1
:10DC70003002D7F83032002B00F05184D7F8B83199
:10DC8000002B18D0D7F8B831DB68032B13D107F578
:10DC90000E73A3F5E6731B6807EE903AB8EE677B48
:10DCA000B0EE470B07F008FF03461A466D49D7F858
:10DCB000300207F0C5FE6D4807F01EFF03461A4606
:10DCC0006B49D7F8300207F0BBFED7F8B431002B10
:10DCD00011D0D7F8B431DB68042B0CD107F16C03F9
:10DCE0000433184607F008FF03461A465E49D7F882
:10DCF000300207F0A5FED7F8003207EE903AB8EEF2
:10DD0000677BB0EE470B07F0D7FE03461A4659492A
:10DD1000D7F8300207F094FED7E97E01E2F716FC4F
:10DD200002460B4643EC102B07F0C6FE03461A468C
:10DD30005149D7F8300207F083FE494807F0DCFE6E
:10DD400003461A464D49D7F8300207F079FED7F856
:10DD5000300206F01FFFC7F83402D7F83432002B28
:10DD600040F06C8200F009BCD7F814321B694449BA
:10DD70001846E2F7EFFD0346002B40F08F80414943
:10DD8000D7F8180207F008FEC7F8C4013E49D7F8D3
:10DD9000180207F001FEC7F8C0013C49D7F8180285
:10DDA00007F0FAFDC7F8BC01D7F8C431002B16D034
:10DDB000D7F8C431DB68032B11D1D7F8C031002B61
:10DDC0000DD0D7F8C031DB68032B08D1D7F8BC31B0
:10DDD000002B04D0D7F8BC31DB68032B05D040F210
:10DDE000DE612B4808F0D0FEC7E3D7F8C43193EDCD
:10DDF000067BFCEEC77BC7ED017A3B7987F81E32C4
:10DE0000D7F8C03193ED067BFDEEC77BC7ED017AF5
:10DE10003B7987F81D32D7F8BC3193ED067BFCEED9
:10DE2000C77BC7ED017A3B7987F81C3297F81C3223
:10DE300097F81E2297F91D12049107F154010391DE
:10DE40000292D7F8002201920093084B114A4FF436
:10DE50000061114808F008FF0F4BC7F83432EDE1BC
:10DE600060DF020870DF020850D6020840CE0520AD
:10DE700024DE02085CD6020858D6020814D602082E
:10DE800078DF020888DF020894DF0208A0DF0208BA
:10DE9000B0DF0208DCDF0208CCBD0520D7F8143261
:10DEA0001B69B3491846E2F755FD0346002B65D1BF
:10DEB000B049D7F8180207F06FFDC7F8C80107F09E
:10DEC00033FEC7F83002D7F83032002B00F0298338
:10DED000A74807F011FE03461A46A749D7F83002B3
:10DEE00007F0AEFDA54807F007FE03461A46A44911
:10DEF000D7F8300207F0A4FDD7F8003207EE903AC9
:10DF0000B8EE677BB0EE470B07F0D6FD03461A4626
:10DF10009C49D7F8300207F093FDD7E97E01E2F77C
:10DF200015FB02460B4643EC102B07F0C5FD0346DC
:10DF30001A469549D7F8300207F082FDD7F8C83164
:10DF4000002B0BD00121D7F8C80107F0FEFD0346D6
:10DF50001A468849D7F8300207F072FDD7F8300228
:10DF6000FFF7D6FBD7F8300206F014FEC7F83402EC
:10DF7000D7F83432002B40F06181FEE2D7F814323A
:10DF80001B6982491846E2F7E5FC0346002B50D195
:10DF90007F49D7F8180207F0FFFCC7F8D0017D4988
:10DFA000D7F8180207F0F8FCC7F8CC01D7F8D03141
:10DFB000002B0DD0D7F8D031DB68032B08D1D7F870
:10DFC000CC31002B04D0D7F8CC31DB68032B05D043
:10DFD00040F21371704808F0D7FDCEE2D7F8D03187
:10DFE00093ED067BFCEEC77B17EE903AC7F82C3218
:10DFF000D7F8CC3193ED067BFCEEC77B17EE903A59
:10E00000C7F8283207F154030393D7F8003202937C
:10E01000D7F82C320193D7F828320093574B5F4A38
:10E020004FF400615E4808F01FFE5D4BC7F83432C4
:10E0300004E1D7F814321B695A491846E2F78AFC02
:10E040000346002B52D15849D7F8180207F0A4FC18
:10E05000C7F8D8015549D7F8180207F09DFCC7F852
:10E06000D401D7F8D831002B0DD0D7F8D831DB68E0
:10E07000032B08D1D7F8D431002B04D0D7F8D431F2
:10E08000DB68032B05D040F22E71494808F07CFD77
:10E0900073E2D7F8D83193ED067BFCEEC77BC7ED72
:10E0A000017A3B7987F82732D7F8D43193ED067B94
:10E0B000FCEEC77BC7ED017A3B7987F8263297F8EB
:10E0C000273297F8262207F1540103910292D7F8DC
:10E0D000002201920093294B364A4FF400613048E8
:10E0E00008F0C2FD2E4BC7F83432A7E0D7F814323F
:10E0F0001B6931491846E2F72DFC0346002B40F01E
:10E1000012822949D7F8180207F046FCC7F8E40143
:10E110002A49D7F8180207F03FFCC7F8E001284960
:10E12000D7F8180207F038FCC7F8DC01D7F8E4315B
:10E13000002B16D0D7F8E431DB68032B11D1D7F8C8
:10E14000E031002B0DD0D7F8E031DB68032B08D18C
:10E15000D7F8DC31002B04D0D7F8DC31DB68032B97
:10E1600032D040F24A71174808F00EFD05E200BFB8
:10E1700050E0020860E0020814D6020840CE0520F4
:10E1800024DE02085CD6020858D6020870E00208B5
:10E1900080E0020888E0020894E00208C0E002087B
:10E1A000CCBD05201CE102082CE1020838E1020880
:10E1B00040E102086CE10208C8E10208D8E1020867
:10E1C000E0E10208ECE10208D7F8E43193ED067BC8
:10E1D000FCEEC77BC7ED017A3B7987F82532D7F88B
:10E1E000E03193ED067BFCEEC77BC7ED017A3B790E
:10E1F00087F82432D7F8DC3193ED067BFCEEC77B41
:10E20000C7ED017A3B7987F8233297F8243297F8E3
:10E21000232297F8251207F154000490D7F8000242
:10E220000390029101920093C14BC24A4FF40061E6
:10E23000C14808F019FDC04BC7F83432D7F8343262
:10E24000002B00F07281D7F834321B78002B00F0DD
:10E250006C8107F50E73A3F50173184620231A4647
:10E26000002108F05AFE07F50E73A3F5047300228F
:10E270001A605A601A7207F1B0032022AF4918469B
:10E28000FCF761FDD7F83402E2F76EFB024607F1B6
:10E29000B003D7F834121846FCF7D8FD07F1340262
:10E2A00007F1B00311461846FCF7E1FD07F50E73C0
:10E2B000A3F501731B781C4607F50E73A3F50173D4
:10E2C0005B781A4607F50E73A3F501739B78194620
:10E2D00007F50E73A3F50173DB7807F128000293AD
:10E2E000019100922346964A092108F0BDFCD7F817
:10E2F00004321B6907F1280211461846E2F72AFB8F
:10E300000346002B0AD0D7F804321B6907F1280214
:10E310004FF4EE618B4808F037FC2EE18A4B002267
:10E320001A70D7F814321B6988491846E2F712FBB5
:10E330000346002B0FD1864B186807F16C010023B0
:10E340000022E8F77FFF0346012B04D040F27B71E7
:10E35000804808F019FCD7F814321B697E4918462A
:10E36000E2F7F8FA0346002B16D1D7F82812D7F8AF
:10E370002C0202F021FCC7F8A001D7F8A031002B35
:10E3800005D13C227549002000F024FC04E0002265
:10E390007349012000F01EFCD7F814321B69714943
:10E3A0001846E2F7D7FA0346002B16D197F8273222
:10E3B000002B09D097F82732082B05D897F8273279
:10E3C000694997F82622CA5497F8272297F82632E7
:10E3D00040F29371654808F0D7FBD7F814321B69F7
:10E3E00063491846E2F7B6FA0346002B40F0C480B2
:10E3F000002387F82232002387F8213297F824324D
:10E40000002B07D097F82432012B03D0012387F883
:10E4100022326DE097F82532002B2FD1012387F8A7
:10E42000203226E097F8242297F820321146184629
:10E43000FCF7CCFE034687F89E3197F99E31002BFE
:10E4400006D197F820324B4997F82422CA540BE0A2
:10E4500097F99E31032B03D1032387F822323AE048
:10E46000022387F8223236E097F82032013387F80A
:10E47000203297F82032082BD4D92CE097F8253297
:10E48000002B25D097F82532082B21D897F8242285
:10E4900097F8253211461846FCF798FE034687F890
:10E4A0009F3197F99F31002B06D197F825323149DA
:10E4B00097F82422CA540EE097F99F31032B03D119
:10E4C000032387F8223206E0022387F8223202E093
:10E4D000012387F8223297F82232002B08D197F8CF
:10E4E0002332012B04D1FCF7A9FE012387F8213246
:10E4F00097F8213297F8242297F8221297F82502EC
:10E5000001F046F839E000BF37E000BF35E000BF5A
:10E5100033E000BF31E000BF2FE000BF2DE000BFBF
:10E520002BE000BF29E000BF27E000BF25E000BFCF
:10E5300040CE052014E20208CCBD0520DCD502083F
:10E5400000D6020800D8020808CE052060DF0208C5
:10E55000F8D5052078E2020870E00208ACE2020873
:10E56000C4E202081CE10208D8C50520DCE202086A
:10E57000C8E10208CCC5052000BFD7F83032002B17
:10E5800003D0D7F8300205F0E3FBD7F834320B4A5A
:10E59000934207D0D7F83432002B03D0D7F8340297
:10E5A00005F0F2FAD7F8180205F0D2FB00E000BF40
:10E5B00007F50E77BD46BDE8B08300BFCCBD052092
:10E5C000F0B5E1B006AFB44B1B68002B00F05E81E4
:10E5D000B24B1B78DBB2012B40F0588107F0A4FA54
:10E5E000C7F86401FBF708FFC7E9560107F5987300
:10E5F00020220021184608F090FCA94BC7F854319E
:10E60000D7F854311B781E46D7F8543101331B78A4
:10E610001A46D7F8543102331B781946D7F85431CB
:10E6200003331B781C46D7F8543104331B781D463E
:10E63000D7F8543105331B7807F598700493039588
:10E640000294019100923346964A202108F00CFB77
:10E650004FF400720021944808F05FFC07F58C73BA
:10E6600000221A605A609A60DA601A611A7507F51A
:10E670008C731A46D7E95601FDF70DFB8B4B01222F
:10E680001A608A4B1B6807F58C7204920393884BBF
:10E69000029307F598730193864B0093864B874A44
:10E6A00040F2FF11804808F0DFFA07F1F80320225A
:10E6B0000021184608F031FC07F1100320228049A0
:10E6C0001846FCF740FB7848E2F74EF9024607F19E
:10E6D000100375491846FCF7B9FB07F1F80207F17A
:10E6E000100311461846FCF7C2FB07F5B473A3F5F7
:10E6F000B27300221A605A601A7297F8F8301C46FA
:10E7000097F8F93097F8FA2097F8FB10381D029126
:10E710000192009323466B4A092108F0A5FA6A4842
:10E7200007F0EAF903461A466849D7F8640107F08A
:10E7300087F9614807F0E0F903461A466449D7F8BB
:10E74000640107F07DF907F59873184607F0D4F9CE
:10E7500003461A465F49D7F8640107F071F9544837
:10E7600007F0CAF903461A465B49D7F8640107F077
:10E7700067F9504807F0C0F903461A465749D7F8D9
:10E78000640107F05DF9D7E95601E1F7DFFE0246C3
:10E790000B4643EC102B07F08FF903461A465049FD
:10E7A000D7F8640107F04CF9404B1B6807EE903A2C
:10E7B000B8EE677BB0EE470B07F07EF903461A46CA
:10E7C0004849D7F8640107F03BF93B1D184607F0AC
:10E7D00093F903461A464449D7F8640107F030F923
:10E7E000D7F8640106F0D6F9C7F85001D7F85031D0
:10E7F000002B46D0D7F8502140F61A013B4808F0CC
:10E80000C3F9D7F85001E2F7AFF8034601331846D1
:10E81000EBF75EFB024607F5B473A3F5B4731A6019
:10E8200007F5B473A3F5B4731B68002B20D007F56C
:10E83000B473A3F5B4731B68D7F85011184609F0E8
:10E840009AFA2B4B1868394600230022E8F7FAFCA5
:10E850000346012B0CD007F5B473A3F5B4731B6802
:10E860001846EBF707FC40F62101224808F08CF926
:10E87000D7F8500105F088F90C4B1B6801330B4A9F
:10E880001360D7F8640105F063FA00E000BF07F5F4
:10E89000B677BD46F0BD00BFE4CD0520FDCD052017
:10E8A000EED9042004D50208CCBB0520400002208C
:10E8B000C4D50208D4D5020840CE052010E30208D2
:10E8C000DCD5020800D6020874E3020814D6020858
:10E8D00024DE02081CD6020824D602082CD6020820
:10E8E00058D602085CD6020860D6020880E3020807
:10E8F000F4D50520A0E3020890B5D5B004AF07F524
:10E90000A073A3F59C73196007F5A073A3F59E731C
:10E910001A6007F5A073A3F2311302461A709B4BDD
:10E920001B68002B00F02D81994B1B78DBB2012B6B
:10E9300040F0278107F0F8F8C7F83C01FBF75CFDD1
:10E94000C7E94C01934807F0D7F803461A469249A5
:10E95000D7F83C0107F074F807F5A073A3F59E7390
:10E960001B6807EE903AB8EE677BB0EE470B07F0F6
:10E97000A3F803461A468949D7F83C0107F060F826
:10E9800007F5A073A3F59C73186807F0B5F8034664
:10E990001A468349D7F83C0107F052F8814B1B68AF
:10E9A00007EE903AB8EE677BB0EE470B07F084F8BD
:10E9B00003461A467C49D7F83C0107F041F807F5B1
:10E9C000A073A3F231131B7807EE903AB8EE677B81
:10E9D000B0EE470B07F070F803461A467349D7F8B4
:10E9E0003C0107F02DF8D7E94C01E1F7AFFD0246F5
:10E9F0000B4643EC102B07F05FF803461A466C49B0
:10EA0000D7F83C0107F01CF86A4807F075F8034690
:10EA10001A466949D7F83C0107F012F8D7F83C01CB
:10EA200006F0B8F8C7F82C01D7F82C31002B04D128
:10EA3000D7F83C0105F08CF9A4E007F58473202297
:10EA40000021184608F069FA07F1200320225B49EB
:10EA50001846FCF778F9D7F82C01E1F785FF024654
:10EA600007F12003D7F82C111846FCF7EFF907F54A
:10EA7000847207F1200311461846FCF7F8F907F5F0
:10EA8000A073A3F5967300221A605A601A7297F861
:10EA900008311C4697F8093197F80A2197F80B11AD
:10EAA00007F114000291019200932346444A092180
:10EAB00008F0DAF807F11403184607F01DF80346CA
:10EAC0001A464049D7F83C0106F0BAFFD7F83C0196
:10EAD00006F060F8C7F82801D7F82831002B47D096
:10EAE000D7F8282140F65D01374808F04DF8D7F8EF
:10EAF0002801E1F739FF034601331846EBF7E8F93F
:10EB0000024607F5A073A3F598731A6007F5A07382
:10EB1000A3F598731B68002B21D007F5A073A3F50C
:10EB200098731B68D7F82811184609F024F9274B69
:10EB3000186807F1100100230022E8F783FB034661
:10EB4000012B0CD007F5A073A3F598731B6818462A
:10EB5000EBF790FA40F664011D4808F015F8D7F875
:10EB6000280105F011F80F4B1B6801330D4A1360A3
:10EB7000D7F82C0105F008F8D7F83C0105F0E8F8C3
:10EB800000E000BF07F5A277BD4690BDE4CD0520AB
:10EB9000FDCD052040CE052024DE0208D0E302088A
:10EBA000E4E30208400002205CD6020838E10208D3
:10EBB00058D60208ECE3020814D60208DCD5020895
:10EBC00000D6020860D6020800E40208F4D5052049
:10EBD0002CE4020890B5D5B004AF07F5A073A3F5F7
:10EBE0009C73196007F5A073A3F59E731A6007F56F
:10EBF000A073A3F2311302461A709B4B1B68002BC3
:10EC000000F02D81994B1B78DBB2012B40F027815E
:10EC100006F08AFFC7F83C01FBF7EEFBC7E94C01A1
:10EC2000934806F069FF03461A469249D7F83C011B
:10EC300006F006FF07F5A073A3F59E731B6807EEA9
:10EC4000903AB8EE677BB0EE470B06F035FF03460F
:10EC50001A468949D7F83C0106F0F2FE07F5A07381
:10EC6000A3F59C73186806F047FF03461A468349CC
:10EC7000D7F83C0106F0E4FE814B1B6807EE903AA2
:10EC8000B8EE677BB0EE470B06F016FF03461A4658
:10EC90007C49D7F83C0106F0D3FE07F5A073A3F238
:10ECA00031131B7807EE903AB8EE677BB0EE470B56
:10ECB00006F002FF03461A467349D7F83C0106F0F6
:10ECC000BFFED7E94C01E1F741FC02460B4643EC9D
:10ECD000102B06F0F1FE03461A466C49D7F83C01AA
:10ECE00006F0AEFE6A4806F007FF03461A46694979
:10ECF000D7F83C0106F0A4FED7F83C0105F04AFF26
:10ED0000C7F82C01D7F82C31002B04D1D7F83C01DF
:10ED100005F01EF8A4E007F58473202200211846B0
:10ED200008F0FBF807F1200320225B491846FCF7A6
:10ED30000AF8D7F82C01E1F717FE024607F1200385
:10ED4000D7F82C111846FCF781F807F5847207F103
:10ED5000200311461846FCF78AF807F5A073A3F5BF
:10ED6000967300221A605A601A7297F808311C468E
:10ED700097F8093197F80A2197F80B1107F1140059
:10ED80000291019200932346444A092107F06CFF47
:10ED900007F11403184606F0AFFE03461A46404931
:10EDA000D7F83C0106F04CFED7F83C0105F0F2FE26
:10EDB000C7F82801D7F82831002B47D0D7F82821E9
:10EDC00040F6A201374807F0DFFED7F82801E1F747
:10EDD000CBFD034601331846EBF77AF8024607F5F8
:10EDE000A073A3F598731A6007F5A073A3F5987341
:10EDF0001B68002B21D007F5A073A3F598731B683F
:10EE0000D7F82811184608F0B6FF274B186807F105
:10EE1000100100230022E8F715FA0346012B0CD05D
:10EE200007F5A073A3F598731B681846EBF722F952
:10EE300040F6A9011D4807F0A7FED7F8280104F005
:10EE4000A3FE0F4B1B6801330D4A1360D7F82C014A
:10EE500004F09AFED7F83C0104F07AFF00E000BF0E
:10EE600007F5A277BD4690BDE4CD0520FDCD052078
:10EE700040CE052024DE0208D0E30208E4E30208C5
:10EE8000400002205CD6020838E1020858D6020889
:10EE900064E4020814D60208DCD5020800D6020891
:10EEA00060D6020878E40208F4D50520A4E402083C
:10EEB00090B5D5B004AF044607F5A070A0F59C70DE
:10EEC000016007F5A071A1F59E710A6007F5A072B7
:10EED000A2F5A072136007F5A073A3F231132246C6
:10EEE0001A70A24B1B68002B00F03B81A04B1B78D3
:10EEF000DBB2012B40F0358106F016FEC7F83C016D
:10EF0000FBF77AFAC7E94C019A4806F0F5FD03468B
:10EF10001A469949D7F83C0106F092FD07F5A0730F
:10EF2000A3F59C73186806F0E7FD03461A4693495B
:10EF3000D7F83C0106F084FD07F5A073A3F59E7396
:10EF4000186806F0D9FD03461A468D49D7F83C01EA
:10EF500006F076FD07F5A073A3F231131B7807EED8
:10EF6000903AB8EE677BB0EE470B06F0A5FD03467E
:10EF70001A468449D7F83C0106F062FD824B1B68B3
:10EF800007EE903AB8EE677BB0EE470B06F094FDC3
:10EF900003461A467D49D7F83C0106F051FDD7E9F2
:10EFA0004C01E1F7D3FA02460B4643EC102B06F076
:10EFB00083FD03461A467649D7F83C0106F040FD2A
:10EFC000744806F099FD03461A467349D7F83C0188
:10EFD00006F036FD07F5A073A3F5A0731B6807EED6
:10EFE000903AB8EE677BB0EE470B06F065FD03463E
:10EFF0001A466A49D7F83C0106F022FDD7F83C01D1
:10F0000005F0C8FDC7F82C01D7F82C31002B04D12E
:10F01000D7F83C0104F09CFEA4E007F5847320229D
:10F020000021184607F079FF07F1200320225C49F0
:10F030001846FBF788FED7F82C01E1F795FC02464D
:10F0400007F12003D7F82C111846FBF7FFFE07F550
:10F05000847207F1200311461846FBF708FF07F5F5
:10F06000A073A3F5967300221A605A601A7297F87B
:10F0700008311C4697F8093197F80A2197F80B11C7
:10F0800007F114000291019200932346454A092199
:10F0900007F0EAFD07F11403184606F02DFD0346BC
:10F0A0001A464149D7F83C0106F0CAFCD7F83C01A2
:10F0B00005F070FDC7F82801D7F82831002B47D09C
:10F0C000D7F8282140F6DB01384807F05DFDD7F876
:10F0D0002801E1F749FC034601331846EAF7F8FE38
:10F0E000024607F5A073A3F598731A6007F5A0739D
:10F0F000A3F598731B68002B21D007F5A073A3F527
:10F1000098731B68D7F82811184608F034FE284B6E
:10F11000186807F1100100230022E8F793F803466E
:10F12000012B0CD007F5A073A3F598731B68184644
:10F13000EAF7A0FF40F6E3011E4807F025FDD7F8E7
:10F14000280104F021FD104B1B6801330E4A1360A7
:10F15000D7F82C0104F018FDD7F83C0104F0F8FDB5
:10F1600000E000BF07F5A277BD4690BDE4CD0520C5
:10F17000FDCD052040CE052024DE0208E4E3020890
:10F1800050D60208DCE40208400002205CD60208E7
:10F1900058D60208E4E4020814D60208FCE4020887
:10F1A000DCD5020800D6020860D6020804E5020891
:10F1B000F4D5052030E5020890B5D3B004AF07F5CB
:10F1C0009C73A3F59A731860D64B1B68002B00F054
:10F1D000A081D54B1B78DBB2012B40F09A8107F55B
:10F1E0009C73A3F59A731B68002B00F0948106F0C2
:10F1F0009BFCC7F83401D7F83431002B00F08D8127
:10F20000FBF7FAF8C7E94A01C84806F075FC03465F
:10F210001A46C749D7F8340106F012FCC54806F073
:10F220006BFC03461A46C449D7F8340106F008FCC3
:10F23000C24806F061FC03461A46C149D7F83401BA
:10F2400006F0FEFB07F59C73A3F59A731B689B7B86
:10F2500007EE903AB8EE677BB0EE470B06F02CFC59
:10F2600003461A46B749D7F8340106F0E9FB07F51B
:10F270009C73A3F59A731B681B7807EE903AB8EE5F
:10F28000677BB0EE470B06F017FC03461A46AE4903
:10F29000D7F8340106F0D4FBAC4B1B6807EE903A6C
:10F2A000B8EE677BB0EE470B06F006FC03461A4645
:10F2B000A749D7F8340106F0C3FBA64806F01CFCAA
:10F2C00003461A46A449D7F8340106F0B9FB07F5FE
:10F2D0009C73A3F59A731B685B7B07EE903AB8EEBC
:10F2E000677BB0EE470B06F0E7FB03461A469B49E7
:10F2F000D7F8340106F0A4FB07F59C73A3F59A73C5
:10F300001B685B6807EE903AB8EEE77BB0EE470B00
:10F3100006F0D2FB03461A469149D7F8340106F0AD
:10F320008FFBD7E94A01E1F711F902460B4643EC9E
:10F33000102B06F0C1FB03461A468A49D7F8340160
:10F3400006F07EFB884806F0D7FB03461A4687493D
:10F35000D7F8340106F074FB07F59C73A3F59A7394
:10F360001B689B6807EE903AB8EEE77BB0EE470B60
:10F3700006F0A2FB03461A467D49D7F8340106F091
:10F380005FFB07F59C73A3F59A731B681B7B07EE65
:10F39000903AB8EE677BB0EE470B06F08DFB034664
:10F3A0001A467449D7F8340106F04AFBD7F83401FD
:10F3B00005F0F0FBC7F82401D7F82431002B04D165
:10F3C000D7F8340104F0C4FCA8E007F580732022CC
:10F3D0000021184607F0A1FD07F118032022664915
:10F3E0001846FBF7B0FCD7F82401E1F7BDFA024656
:10F3F00007F11803D7F824111846FBF727FD07F586
:10F40000807207F1180311461846FBF730FD07F527
:10F410009C73A3F5967300221A605A601A7297F8CB
:10F4200000311C4697F8013197F8022197F8031133
:10F4300007F10C0002910192009323464F4A0921E3
:10F4400007F012FC07F10C03184606F055FB0346C3
:10F450001A464B49D7F8340106F0F2FAD7F83401CE
:10F4600005F098FBC7F82001D7F82031002B47D0D2
:10F47000D7F8202140F62D11424807F085FBD7F838
:10F480002001E1F771FA034601331846EAF720FD3F
:10F49000024607F59C73A3F598731A6007F59C73F1
:10F4A000A3F598731B68002B21D007F59C73A3F577
:10F4B00098731B68D7F82011184608F05CFC324B93
:10F4C000186807F1080100230022E7F7BBFE034696
:10F4D000012B0CD007F59C73A3F598731B68184695
:10F4E000EAF7C8FD40F63411284807F04DFBD7F87D
:10F4F000200104F049FB154B1B680133134A1360CC
:10F50000D7F8240104F040FBD7F8340104F020FCC4
:10F5100004E000BF02E000BF00E000BF07F59E77F7
:10F52000BD4690BDE4CD0520FDCD052040CE052093
:10F5300024DE02086CE5020874E5020880E5020892
:10F5400024D60208D8E102082CE10208400002207B
:10F550005CD60208D4D5020890E502089CE50208B2
:10F56000A8E5020858D60208B4E5020814D6020835
:10F57000C0E50208C8E50208DCD5020800D602088A
:10F5800060D60208D8E50208F4D50520FCE502089B
:10F59000B0B5D2B004AF05460C461046194607F583
:10F5A0009C73A3F231132A461A7007F59C73A3F5D6
:10F5B000997322461A7007F59C73A3F2331302461F
:10F5C0001A7007F59C73A3F59A730A461A70AC4B30
:10F5D0001B68002B00F04C81AA4B1B78DBB2012B7F
:10F5E00040F0468106F0A0FAC7F83401D7F834316C
:10F5F000002B00F03F81FAF7FFFEC7E94A01A2485D
:10F6000006F07AFA03461A46A049D7F8340106F004
:10F6100017FA07F59C73A3F233131B7807EE903AA1
:10F62000B8EE677BB0EE470B06F046FA03461A4683
:10F630009749D7F8340106F003FA07F59C73A3F550
:10F640009A731B7807EE903AB8EE677BB0EE470BE3
:10F6500006F032FA03461A468E49D7F8340106F00E
:10F66000EFF907F59C73A3F231131B7807EE903A7C
:10F67000B8EE677BB0EE470B06F01EFA03461A465B
:10F680008549D7F8340106F0DBF9844B1B6807EE97
:10F69000903AB8EE677BB0EE470B06F00DFA0346E2
:10F6A0001A467F49D7F8340106F0CAF907F59C736A
:10F6B000A3F599731B7807EE903AB8EE677BB0EE2E
:10F6C000470B06F0F9F903461A467649D7F8340194
:10F6D00006F0B6F9D7E94A01E0F738FF02460B46D3
:10F6E00043EC102B06F0E8F903461A466E49D7F8AA
:10F6F000340106F0A5F96D4806F0FEF903461A46F6
:10F700006B49D7F8340106F09BF9D7F8340105F0BE
:10F7100041FAC7F82401D7F82431002B04D1D7F8D7
:10F72000340104F015FBA6E007F5807320220021C8
:10F73000184607F0F2FB07F1180320225D4918462E
:10F74000FBF701FBD7F82401E1F70EF9024607F1B8
:10F750001803D7F824111846FBF778FB07F58072D9
:10F7600007F1180311461846FBF781FB07F59C7358
:10F77000A3F5967300221A605A601A7297F8003146
:10F780001C4697F8013197F8022197F8031107F109
:10F790000C000291019200932346474A092107F089
:10F7A00063FA07F10C03184606F0A6F903461A4659
:10F7B0004249D7F8340106F043F9D7F8340105F08F
:10F7C000E9F9C7F82001D7F82031002B47D0D7F846
:10F7D000202140F676113A4807F0D6F9D7F82001F3
:10F7E000E1F7C2F8034601331846EAF771FB024617
:10F7F00007F59C73A3F598731A6007F59C73A3F53E
:10F8000098731B68002B21D007F59C73A3F59873A0
:10F810001B68D7F82011184608F0ADFA294B186874
:10F8200007F1080100230022E7F70CFD0346012B36
:10F830000CD007F59C73A3F598731B681846EAF77C
:10F8400019FC40F67D11204807F09EF9D7F82001F9
:10F8500004F09AF9114B1B680133104A1360D7F872
:10F86000240104F091F9D7F8340104F071FA02E0B0
:10F8700000BF00E000BF07F59C77BD46B0BD00BFEC
:10F88000E4CD0520FDCD052040CE052024DE020874
:10F89000D8E1020830E602082CE10208400002200C
:10F8A0005CD6020838E1020858D602083CE6020895
:10F8B00014D60208DCD5020800D6020860D6020879
:10F8C0004CE60208F4D5052074E602082DE9F04361
:10F8D000B9B004AF786007F18803202200211846F0
:10F8E00007F01BFB07F1680320220021184607F0F0
:10F8F00014FB07F1500300221A605A609A60DA6024
:10F900001A615A6107F1380300221A605A609A603E
:10F91000DA601A611A7507F1200300221A605A6032
:10F920009A60DA601A615A6107F10C0300221A60CA
:10F930005A609A60DA601A614FF4FA624FF000037D
:10F94000C7E9302342F21073C7F8BC304FF0000211
:10F950004FF00003C7E92C234FF000024FF00003E3
:10F96000C7E93223E3F762FCC7F8AC006E4B1B68B3
:10F97000D7F8AC20D31AD7F8BC209A4200F2D08036
:10F980006A494FF000024FF00003C1E90023FBF782
:10F99000B1FE4FF47A70EAF74AF8644BD3E90023DA
:10F9A000134351D0FAF73EFDC7E92C015F4BD3E971
:10F9B0000023D7E92C01904271EB03030AD25B4B81
:10F9C000D3E90001D7E92C23841A61EB0305C7E9C9
:10F9D00032450AE0554BD3E90023D7E92C01B0EBBF
:10F9E000020861EB0309C7E93289514B1B78002BF0
:10F9F00007D0D7E93223D7E93001904271EB0303F6
:10FA000022D24A4BD3E9002310461946FAF74CFCA0
:10FA1000474B1B78002B08D1454B01221A7040F64A
:10FA2000B711444807F0B0F80EE007F15002182370
:10FA3000D7E93201FCF7C8F807F150031A4640F63F
:10FA4000BC113D4807F0A0F80020F7F747FAC7F8C7
:10FA5000A800D7F8A8301B781E46D7F8A830013385
:10FA60001B781A46D7F8A83002331B781946D7F806
:10FA7000A83003331B7807F10C0002930191009228
:10FA800033462E4A142107F0EFF807F10C031A460B
:10FA900040F6C7112A4807F077F8244BD3E9002332
:10FAA000134319D0214BD3E9000107F18802202329
:10FAB000FBF744FE1D4BD3E9000107F13802152383
:10FAC000FCF782F807F1380307F1880240F6CD1100
:10FAD0001C4807F059F804E040F6D1111A4807F025
:10FAE00053F8FAF79FFCC7E92C0107F168022023BD
:10FAF000D7E92C01FBF722FE07F120021823D7E9F2
:10FB00002C01FCF761F807F1200307F1680240F6C9
:10FB1000D7110E4807F038F8034AD7F8AC30136015
:10FB20006420E9F784FF1DE760CE052000CE0520A4
:10FB300064CE0520A8E60208D8E602080CE7020811
:10FB400018E7020840E7020864E7020884E70208B1
:10FB500080B594B000AF7860234B1B6807F10801B3
:10FB60004FF0FF321846E7F7B3FD0346012B39D1BA
:10FB70000023BB60BA681D4B1B6813441A461C491E
:10FB80000020FEF7B9FEBA6807F1080304334FF40A
:10FB90001F61184806F0F8FF07F108030433184600
:10FBA000FBF760FA4FF4FA70E8F700FCBB68002B33
:10FBB0000AD0BB68104A02FB03F3104AA2FB0323DE
:10FBC0009B091846E8F7F2FB4FF4FA70E8F7EEFBF2
:10FBD0000123FB64FB6C83F3138800BFE3F77FFA18
:10FBE00000BFFDE700BFB7E7F8D50520389F052027
:10FBF000ACE70208BCE7020840420F00D34D621098
:10FC000080B5ADF6380D00AF07F63803A3F6340320
:10FC100018601023C7F828381423C7F82438A14BDC
:10FC20001B6807F501614FF0FF321846E7F750FDFA
:10FC30000346012B40F03181D7F81038002B00F03B
:10FC40002E81D7F810381846E0F78EFEC7F8200846
:10FC5000D7F82038B3F5006F0CD3D7F8202840F63A
:10FC60002E21914806F090FFD7F810381846EAF791
:10FC700001FA15E1D7F82038A7F81E38B7F81E3872
:10FC80000133A7F81C38D7F81018B7F81E2807F169
:10FC90001003184608F077F8B7F81E3807F6380250
:10FCA000A2F628020A21D1547E4B1B681846E7F7BA
:10FCB00097FFC7F81808D7F81828D7F824389A42B9
:10FCC0002FD90023C7F8343813E007F63803A3F61A
:10FCD0002C031B68002B07D007F63803A3F62C0370
:10FCE0001B681846EAF7C6F9D7F834380133C7F865
:10FCF00034386C4B1B6807F10C0100221846E7F7FB
:10FD0000E7FC0346012B05D1D7F83428D7F828386B
:10FD10009A42DAD3D7F8342840F64821634806F0EF
:10FD200033FF6348F6F77EFD624B1B684FF0FF31EF
:10FD30001846E7F7D8F9604B1B68002B04D05F4BDF
:10FD40001B78DBB2012B12D040F655215C4806F03F
:10FD50001BFFD7F810381846EAF78CF9554B1B688B
:10FD60001846E7F789F95248F6F76BFD98E0524BD1
:10FD70001B68B3F86430A7F832380023C7F82C3872
:10FD800029E0484B1B6807F1080100221846E7F7F5
:10FD90009FFC0346012B2BD107F63803A3F5036321
:10FDA0001B68002B0CD007F63803A3F503631B6810
:10FDB0001846EAF75FF940F66821424806F0E4FE8B
:10FDC000D7F82C380133C7F82C383B4B1B68B3F8F5
:10FDD0006430A7F83238B7F83228B7F81C389A429E
:10FDE00007D2D7F82C28D7F828389A42C9D300E090
:10FDF00000BFB7F83228B7F81C389A4216D2B7F8C5
:10FE00001C28B7F8323840F675212F4806F0BCFEA2
:10FE1000D7F810381846EAF72DF9264B1B68184614
:10FE2000E7F72AF92248F6F70CFD39E0224B18686B
:10FE3000B7F81C2807F110010123F1F7A5F90346D3
:10FE400087F8173897F91738002B0DD1D7F81038E5
:10FE50001846EAF70FF9174B1B681846E7F70CF935
:10FE60001348F6F7EEFCDAE697F917381A4640F62B
:10FE70008821164806F088FE154B01221A70D7F823
:10FE800010381846EAF7F6F80A4B1B681846E7F7E9
:10FE9000F3F80748F6F7D5FC02E000BFBFE600BF65
:10FEA000BDE600BFF4D50520F4E7020820E802080B
:10FEB000109E0320D0D50520E4CD0520FDCD0520E2
:10FEC00050E8020878E80208A4E80208E0E802081E
:10FED00025CE052080B500AF184B1B78002B28D10C
:10FEE000164B01221A70164B164A1749082000F0CB
:10FEF000F9FA154B1B68002B1DD0124B1B68104ADA
:10FF0000118800221846E2F753FB0120E7F781F839
:10FF100003460E4A13600C4B1B685B681A460821A7
:10FF20000B4806F031FE4FF4C8310A4806F02CFEAB
:10FF300002E000BF00E000BF80BD00BF7CCF052015
:10FF400070CE05206CCE052068CE052078CF052028
:10FF500018E9020848E9020880B582B000AF78606D
:10FF60000B467B80114B1B68002B1AD07B88002B23
:10FF700017D00F4B1B680F4A118801221846E2F771
:10FF800017FB0A4B18687A8864237968E4F79BFFAB
:10FF9000074B1B68074A118800221846E2F708FB46
:10FFA00000E000BF0837BD4680BD00BF68CE052019
:10FFB0006CCE052070CE052080B582B000AF154B09
:10FFC0001B88002B21D0144B1B68002B06D0124B32
:10FFD0001B684FF0FF311846E7F762FC0D4B1B889A
:10FFE000FB800C4B00221A80FB8819460B48FFF758
:10FFF000B3FF094B1B68002B08D0074B1868002380
:020000040802F0
:1000000000220021E7F71EF900E000BF0837BD46D7
:1000100080BD00BF74CF052078CF052074CE0520A9
:1000200080B582B000AF0346FB71104B1B68002BFC
:1000300017D00F4B1B88FF2B09D80D4B1B885A1C60
:1000400091B20B4A118019460A4AFB795354FB7945
:100050000A2B03D0064B1B88FF2B03D9FFF7ACFFFD
:1000600000E000BF0837BD4680BD00BF68CE052058
:1000700074CF052074CE052080B586B000AFF8603F
:10008000B9607A603B60BB68012B04D0BB68022B6F
:1000900001D03B6813E07B683B6100237B6109E092
:1000A0003A697B6913441B781846FFF7B9FF7B69EF
:1000B00001337B617A693B689A42F1D33B68184609
:1000C0001837BD4680BD000090B583B000AF7860A2
:1000D000124B1B68002B1CD0114B1B68114A118856
:1000E00001221846E2F764FA0C4B1C687868E0F7C6
:1000F0003BFC03469AB2642379682046E4F7E3FEAA
:10010000074B1B68074A118800221846E2F750FA8D
:1001100000E000BF0C37BD4690BD00BF68CE052093
:100120006CCE052070CE052080B58EB000AF786013
:100130003960444B1B68002B7FD000237B637B68B6
:100140003B630AE03A6B531C3B637B6B591C79633E
:10015000127838333B4403F8302C3B6B1B78002B70
:1001600002D07B6B0B2BEDDD7B6B5A1C7A63383333
:100170003B443D2203F8302C7B6B5A1C7A633833A6
:100180003B44302203F8302C7B6B5A1C7A633833A3
:100190003B44782203F8302C0723FB6220E0FB6A03
:1001A0009B003A6822FA03F3DBB203F00F0387F8EF
:1001B0002B3097F82B30092B04D897F82B3030339D
:1001C000DAB203E097F82B303733DAB27B6B591C85
:1001D000796338333B4403F8302CFB6A013BFB6204
:1001E000FB6A002BDBDA7B6B5A1C7A6338333B44A7
:1001F0000D2203F8302C7B6B5A1C7A6338333B4456
:100200000A2203F8302C104B1B68104A1188012277
:100210001846E2F7CDF90B4B18687B6B9AB207F1E1
:1002200008016423E4F74FFE074B1B68074A118857
:1002300000221846E2F7BCF900E000BF3837BD469F
:1002400080BD00BF68CE05206CCE052070CE052095
:1002500080B594B000AF03463960FB711346BB8094
:10026000194B1B68002B28D0BB88002B27D0BB88DC
:10027000402B24D8FB793B73BB88FB81BA8807F1FC
:100280000C0304333968184607F07DFD0023BB607A
:100290000D4B186807F1080207F10C010023E7F77E
:1002A000DBF8BB68002B0BD0084B4FF080521A6074
:1002B000BFF34F8FBFF36F8F02E000BF00E000BFBE
:1002C0005037BD4680BD00BF80CF052004ED00E063
:1002D00080B485B000AF78600B467B804FF6FF732B
:1002E000FB810023BB8122E0BB897A6813441B7821
:1002F0001A46FB895340FB810023FB7211E0FB8906
:1003000003F00103002B06D0FB895B089AB20D4B6A
:100310005340FB8102E0FB895B08FB81FB7A0133E0
:10032000FB72FB7A072BEAD9BB890133BB81BA89FF
:100330007B889A42D8D3FB8918461437BD465DF8AE
:10034000047B704701A0FFFF80B584B000AF7860E8
:100350000B467B800023FB7347E0FB7B274A4C2145
:1003600001FB03F313441B687A689A423AD17B88F5
:10037000002B11D07B883F2B0ED8FB7B0133D8B2EA
:10038000FB7B4C2202FB03F308331C4A1344033368
:100390007A881946FFF75CFFFB7B184A4C2101FB6A
:1003A00003F313440A331B78002B0DD0FB7B4C2244
:1003B00002FB03F30833114A134403334022194666
:1003C0007868E6F7A4FA14E0FB7B4C2202FB03F307
:1003D00008330A4A13440333402219467868E6F783
:1003E00046FA06E0FB7B0133FB73FB7B072BB4D99A
:1003F00000BF00BF1037BD4680BD00BF4C000220CB
:1004000080B582B000AF002244211020E6F781FDC4
:100410000346324A13600023FB7155E0FB79072B3A
:100420004ED0FB792E4A4C2101FB03F313441B6889
:100430003B60FB792A4A4C2101FB03F3134404334C
:100440001868FB79264A4C2101FB03F31344083357
:100450001B8800221946E2F7ABF8FB79204A4C21B1
:1004600001FB03F313440A331B78002B1AD03B68BB
:100470005B6F002B16D03B685B6F0022DA613B6834
:100480005B6F1846E2F7C8F8FB794C2202FB03F3D6
:100490000833134A13440333402219463868E6F7F9
:1004A00036FA0EE0FB794C2202FB03F308330C4AC8
:1004B00013440333402219463868E6F7D8F900E0C0
:1004C00000BFFB790133FB71FB79072BA6D9FFF73E
:1004D00001FD00BF0837BD4680BD00BF80CF0520AD
:1004E0004C00022080B485B000AFB9607A603B60F8
:1004F0000346FB73BB6800221A607B6800221A6007
:100500003B6800221A80FB7B002B23D0FB7B082B4F
:1005100020D8FB7B013B124A4C2101FB03F313441F
:100520001A68BB681A60FB7B013B0D4A4C2101FB3A
:1005300003F3134404331A687B681A60FB7B013BA6
:10054000074A4C2101FB03F3134408331A883B6824
:100550001A8000E000BF1437BD465DF8047B704789
:100560004C00022080B58CB000AFB9607B600346C0
:10057000FB731346BB81BB89042B01D80023A9E080
:10058000BB681B78012B01D00023A3E0BB680133BB
:100590001B78042B01D000239CE0BB6802331B783E
:1005A00087F8293097F82930FB84FB8C05339BB200
:1005B000BA899A4201D000238CE0BB89023B9BB2EE
:1005C0001946B868FFF784FE0346BB84BB89013B2C
:1005D000BA6813441B781BB21B021AB2BB89023BD8
:1005E000B9680B441B781BB213431BB27B84BA8CD3
:1005F0007B8C9A4201D000236CE0102200217868A5
:1006000006F08BFC7B68FA7B1A70FB8C5B083B84E2
:100610000323FB850023BB8500237B854DE0FB8DF9
:10062000BA6813441B781BB21B021AB2FB8D01334C
:10063000B9680B441B781BB213431BB2FB83FB8DC1
:100640000233FB857B8D002B09D1FB8B002B14BF64
:1006500001230023DBB21A467B681A732AE07B8DE4
:10066000012B09D1FB8B002B14BF01230023DBB22C
:100670001A467B685A731DE07B8D022B02D1FB8BDF
:10068000BB8517E07B8D032B14D1BB8D1A04FB8B2C
:1006900013437B6107F114031B68BB61D7ED067A36
:1006A0009FED0E7A67EE877AFDEEE77A17EE902AD5
:1006B0007B685A607B8D01337B857A8D3B8C9A42B7
:1006C000ADD3FB7B1846FAF7A1FD03461A467B68BB
:1006D0009A73012318463037BD4680BD0000C842DA
:1006E00090B59BB002AF7860FFF78AFE264B1B687F
:1006F00007F118014FF0FF321846E6F7E9FF03460D
:10070000012BF3D13B7E1946204806F03DFA002329
:10071000A7F85E300EE0B7F85E3060333B4413F864
:10072000443C19461A4806F02FFAB7F85E300133F8
:10073000A7F85E307B8BB7F85E209A42EBD3154862
:1007400006F08AFA387E7A8B07F1080407F118035D
:10075000191D2346FFF706FF0346002B10D0F9684A
:100760003B7D1A467B7D1846BB7D009303460A48B5
:1007700006F00AFA07F108031846FEF71DFDB5E773
:10078000064806F069FAB1E780CF052084E902083F
:1007900090E9020898E902089CE90208C8E9020801
:1007A00080B582B000AF00237B601E4B5B6903F015
:1007B0000053002B01D1012300E000237B607B6804
:1007C000002B04D11848FFF77FFC00BFFDE7174B53
:1007D000174A9A61154B4FF48022DA61154B144A7F
:1007E0001A60144B4FF400325A60124B11229A6077
:1007F000104B114ADA600F4B4FF400321A610D4B67
:1008000012225A610D4B02221A600D4B4FF4003236
:100810001A600B4B1B68054A136200231846083701
:10082000BD4680BD003C0240DCE90208AC0202206B
:1008300000000A0888CF052000000C08A0CF052082
:10084000A4CF052080B586B000AFF860B9607A60AB
:100850000E4B9A69FB6813447B61FB68002B06DB37
:10086000FA687B681A44094BDB699A4202D94FF057
:10087000FF3306E07B697A681946B86807F083FAA7
:100880007B6818461837BD4680BD00BFAC02022009
:1008900080B586B002AF78600B467B80304B1B780A
:1008A000012B02D04FF0FF3356E07B88002B01D1A3
:1008B000002351E07A882B4B1B681A442A4B1B6893
:1008C0009A420DD9274B1A687988274B1B680093E9
:1008D0000B464621254806F057F94FF0FF333BE021
:1008E000234B1B68002B06D0214B1B684FF0FF31B8
:1008F0001846E6F7F8FB1F4B18681A4B19687B88F7
:100900007A6800F0BBFCF860194B1B68002B04D020
:10091000174B1B681846E6F7AFFB7B88FA689A42CC
:1009200009D0104B1B681A465721134806F02CF9C2
:100930004FF0FF3310E0114B1B687A887968184636
:1009400002F02EFF03460D4A13607A88054B1B68A0
:100950001344044A1360002318461037BD4680BD77
:10096000A8CF0520B4CF0520ACCF05207CEA020833
:10097000C8D50520BCCF0520B4EA0208B8CF0520B1
:1009800080B500AF064B00221A70064B00221A6099
:10099000054B00221A60F6F72DFE00BF80BD00BF98
:1009A000A8CF0520B4CF0520B8CF052080B58CB0E6
:1009B00002AF374B1B78012B66D1364B1A68364B8A
:1009C0001B689A4207D1354B1A68354B1B689A420F
:1009D00001D1012300E000237B627B6A002B12D14E
:1009E0002C4B19682C4B18682C4B1B682C4A12682E
:1009F0000192009303460A4678212A4806F0C4F87B
:100A0000FFF7BEFF41E0234B1A68244B1B6880218F
:100A1000254806F0B9F83B1D20220021184606F0B3
:100A20007CFA224B7B600123BB601B4B1B68FB6085
:100A30001B4B1B683B611E4B1B68002B06D01C4BDD
:100A40001B684FF0FF311846E6F74DFB194B1B684A
:100A50004FF480320021184600F07CFC154B1868DA
:100A60003A1D2023002100F009FC114B1B68002BCC
:100A700004D00F4B1B681846E6F7FEFA044B02221F
:100A80001A70E2F72CFB00E000BF2837BD4680BD9E
:100A9000A8CF0520B4CF0520ACCF0520B8CF0520C6
:100AA000B0CF0520E0EA02081CEB02084F42554C8B
:100AB000C8D50520C0CF052080B584B000AFF86050
:100AC000B9601346FB71FB79002B05D1A5211148B4
:100AD00006F05AF8002319E00F49F868DFF73AFFEB
:100AE0000346002B07D00C4BFA68AA210B4806F0EE
:100AF0004BF800230AE00A4B1B78012B05D0AF21ED
:100B0000084806F041F8002300E00123184610379A
:100B1000BD4680BD60EB02088CEB0208A4EB020826
:100B2000A8CF0520D8EB020880B485B000AFF860EC
:100B3000B9607A604FF0FF3318461437BD465DF850
:100B4000047B704780B584B000AF78603960134B88
:100B50001B78012B02D04FF0FF331BE03B681B8951
:100B6000FB81FB89002B01D1002313E0FA890023CC
:100B70000B493868EBF798FF03461A46FB89934206
:100B800002D04FF0FF3305E0FB8919460448FFF718
:100B90007FFE034618461037BD4680BDA8CF05200E
:100BA000C4CF052080B582B000AF7860FFF7FEFEAD
:100BB00000BF0837BD4680BD80B584B000AF786007
:100BC0003960464B1B78002B06D0E121444805F0E4
:100BD000DBFF4FF0FF337DE07B68002B03D07B68A9
:100BE000B3F5801F07D97A68E6213E4805F0CCFFAF
:100BF0006FF001036EE03B68002B06D1EB213A4811
:100C000005F0C2FF6FF0020364E0384800F086FA96
:100C10000346374A1360374800F080FA0346364AE5
:100C20001360334B1B68002B03D0334B1B68002B26
:100C300006D1F321314805F0A7FF6FF0030349E027
:100C40002F4B1B68002B06D02D4B1B684FF0FF313C
:100C50001846E6F748FA264B1B684FF4801200212D
:100C6000184600F077FB264B1B68002B04D0244B62
:100C70001B681846E6F700FA224A7B681360224A8E
:100C80003B681360214B00221A60214B00221A603E
:100C9000124B01221A701F48F6F76AFC0346FB73D9
:100CA00097F90F30002B0DD097F90F301A4640F20C
:100CB0001111194805F068FF084B00221A706FF0F7
:100CC000040307E03B687A6840F21511134805F009
:100CD0005BFF002318461037BD4680BDA8CF052016
:100CE0000CEC02083CEC020864EC020888EC0208F8
:100CF000BCCF052094EC0208C0CF0520A0EC020870
:100D0000C8D50520ACCF0520B0CF0520B4CF052035
:100D1000B8CF052028F40208C8EC0208ECEC020861
:100D200080B500AF002201210120E6F7F2F803466A
:100D3000264A1360002221210120E6F7EAF8034643
:100D4000234A1360002201210120E6F7E2F803465E
:100D5000204A1360002204210120E6F7DAF8034656
:100D60001D4A1360002201210120E6F7D2F8034654
:100D70001A4A136000220C210420E6F7CAF8034641
:100D8000174A136000220C210420E6F7C2F803463C
:100D9000144A136000224FF4BD610820E6F7B9F849
:100DA0000346114A1360002204212020E6F7B1F81F
:100DB00003460E4A1360002244210120E6F7A9F8F9
:100DC00003460B4A136000BF80BD00BFD4D5052089
:100DD000D8D50520E0D50520DCD50520E4D50520B3
:100DE000E8D50520ECD50520F0D50520F4D5052063
:100DF000F8D5052080B500AF0420E6F70AF90346D0
:100E00000A4A13600420E6F704F90346084A13600F
:100E10000420E6F7FEF80346064A13600420E6F7CE
:100E2000F8F80346044A136000BF80BDC4D505200E
:100E3000C8D50520CCD50520D0D5052080B582B0F9
:100E400000AF7860074B1B68002B07D0054B1B6871
:100E50004FF0FF311846E6F746F900E000BF0837CB
:100E6000BD4680BDC8D5052080B582B000AF786092
:100E7000064B1B68002B05D0044B1B681846E6F791
:100E8000FBF800E000BF0837BD4680BDC8D505208F
:100E900080B584B002AF164B1B78002B01D0012324
:100EA00021E0144B2122C3F86823134A0221114880
:100EB00002F04EFB114A03210E4802F049FB0023C9
:100EC000009300230E4A0F490A4802F095FB03469F
:100ED000FB71FB79002B02D04FF0FF3303E0044B92
:100EE00001221A70012318460837BD4680BD00BF95
:100EF0006CD90520FCD505203D0E0208690E0208BC
:100F0000D8ED0208E4ED020880B582B000AF00F031
:100F100037F878607B68002B03DB00F0D3F878604B
:100F200000E000BF7B68002B07DD0F4B1B78002B18
:100F300003D10D4B01221A7011E07B68002B0EDCEF
:100F4000094B00221A7030220849094805F01CFE9E
:100F50000849094805F018FE084805F07DFE7B6841
:100F600018460837BD4680BD6DD9052038F4020803
:100F70004CEE020868EE020870EE0208A4EE0208C9
:100F800080B582B000AF0F4B1B78002B01D000233F
:100F900014E000237B6009E00B4B5B6A002B02D05E
:100FA000094B5B6A98477B6801337B6001227B6851
:100FB0009342F1D3034B01221A70002318460837DD
:100FC000BD4680BD6ED90520AC02022080B584B03C
:100FD00000AF78600023FB600DE00B4B1822194630
:100FE000786805F0AFFF0346002B01D1064B07E000
:100FF000FB680133FB600122FB689342EDD30023C1
:1010000018461037BD4680BDAC02022080B584B0C2
:1010100000AF786039600023BB600023FB603BE0D9
:10102000FB689B017A6813441C331846FFF7CEFF18
:10103000B860BB68002B2BD0FB689B017A68134417
:101040005B6BBA68D26993421CDB9022174918483F
:1010500005F09AFDFB689B017A681344191DFB6833
:101060009B017A6813445A6BBB68DB69114805F031
:101070008BFD114805F0F0FD104B00221A604FF077
:10108000FF330EE00E49FB68BA6841F8232000E008
:1010900000BFFB680133FB60FA683B689A42BFD32C
:1010A000002318461037BD4680BD00BF84F40208F7
:1010B000C0EE0208DCEE02082CEF02087CD9052005
:1010C00074D9052080B500AF104B1B78002B02D0DF
:1010D0000F4B1B6817E00F4B0F4A1A600C4B012295
:1010E0001A600C4B1B680A4A126811461846FFF733
:1010F0008DFF0346002B03D1044B01221A7000E040
:1011000000BF034B1B68184680BD00BF78D905207F
:101110007CD9052070D9052044F4020880B584B03C
:1011200000AF78600023FB6015E0104B1A68FB6885
:101130009B011344043319467868DFF70BFC034620
:10114000002B05D1094B1A68FB689B01134408E08A
:10115000FB680133FB60064B1B68FA689A42E4D3D4
:10116000002318461037BD4680BD00BF70D905204A
:101170007CD9052080B483B000AF7860074B1B6832
:101180007A68D31A9B111A46054B53F82230184639
:101190000C37BD465DF8047B704700BF70D9052051
:1011A00074D9052080B586B000AFF860B9607A6068
:1011B0003B6000237B6100233B61BA683B681A44B3
:1011C000FB689B6B9A420ED94FF4CF722549264893
:1011D00005F0DAFC254805F0D7FC254805F03CFD74
:1011E0004FF0FF333AE0F868FFF7C4FF38613B691E
:1011F000002B14D140F2A5121A491B4805F0C4FC7B
:10120000FB6803F11C01FB6804331A46194805F01A
:10121000BBFC174805F020FD4FF0FF331EE03B6993
:101220009B6AFA68526B1146BA680A4410463A68DB
:101230007968984778617B69002B0EDA4FF4D67293
:101240000849094805F0A0FCFB681C3319460A4808
:1012500005F09AFC064805F0FFFC7B691846183734
:10126000BD4680BDA0F40208C0EE020834EF0208BB
:101270002CEF02086CEF0208B8EF020880B586B0C8
:1012800000AFF860B9607A603B6000237B610023A7
:101290003B61BA683B681A44FB689B6B9A420ED963
:1012A00040F2C7122549264805F06EFC254805F096
:1012B0006BFC254805F0D0FC4FF0FF333AE0F868AE
:1012C000FFF758FF38613B69002B14D14FF4E772E8
:1012D0001A491B4805F058FCFB6803F11C01FB6828
:1012E00004331A46194805F04FFC174805F0B4FCC2
:1012F0004FF0FF331EE03B69DB6AFA68526B114620
:10130000BA680A4410463A687968984778617B69F8
:10131000002B0EDA40F2D5120849094805F034FCDA
:10132000FB681C3319460A4805F02EFC064805F0F8
:1013300093FC7B6918461837BD4680BDB4F402089B
:10134000C0EE0208ECEF02082CEF020824F00208BD
:1013500070F0020880B586B000AFF860B9607A60BE
:1013600000237B6100233B61BA687B681A44FB68F9
:101370009B6B9A420ED94FF4F7722549254805F028
:1013800003FC254805F000FC244805F065FC4FF0FF
:10139000FF3339E0F868FFF7EDFE38613B69002B59
:1013A00014D140F2F5121A491A4805F0EDFBFB681A
:1013B00003F11C01FB6804331A46194805F0E4FBED
:1013C000164805F049FC4FF0FF331DE03B691B6BED
:1013D000FA68526B1146BA680A4479681046984711
:1013E00078617B69002B0EDA4FF4FE7208490948D8
:1013F00005F0CAFBFB681C3319460A4805F0C4FB1C
:10140000064805F029FC7B6918461837BD4680BDA3
:10141000C8F40208C0EE0208A8F002082CEF020887
:10142000E0F002082CF1020880B586B000AFF86049
:10143000B9607A60FB70FB68002B01D100BFFDE74B
:10144000BB68002B01D100BFFDE77B68002B01D1F9
:1014500000BFFDE7FB681B7E002B01D000235FE08F
:10146000FB68BA681A60FB68FA781A71FB683A6A16
:101470005A62FB685B7E002B30D1FFF745FD786830
:10148000FFF74CFE0246FB689A60FB689B68002BE6
:1014900001D1042344E0FB689B681C331846FFF726
:1014A00095FD03461B6A7B61FB68DB68002B03D15B
:1014B000FB687A69DA600CE0FB68DB687A69B3FB89
:1014C000F2F2796901FB02F29B1A002B01D008238A
:1014D00026E0FB689B689A6BFB681A61FB68DA6818
:1014E000FB68DB68013B1340002B01D000BFFDE728
:1014F000FB681B69FA68D268B3FBF2F101FB02F2E8
:101500009B1A002B01D008230AE0FB681A69FB68CC
:10151000DB68B2FBF3F3012B01D8082300E00023C2
:1015200018461837BD4680BD80B483B000AF7860E0
:101530000B46FB70FB78002B0CD17B6801221A76DE
:10154000074B1B7883F00103DBB2002B02D0044B66
:1015500001221A7000BF0C37BD465DF8047B70474E
:1015600080D9052080B584B000AF78603960082349
:10157000BB600023FB603FE07968FA6813465B00BC
:101580001344DB000B4403F52B731A683B685B685C
:101590009A421FD13B681B78002B0ED0FA68134685
:1015A0005B001344DB0003F52A737A6813441822A6
:1015B0003968184606F0E7FB36E07968FA681346A2
:1015C0005B001344DB000B4403F52B734FF0FF3239
:1015D0001A6029E07968FA6813465B001344DB005F
:1015E0000B4403F52B731B68B3F1FF3F01D1FB687C
:1015F000BB60FB680133FB60FB68072BBCD93B6811
:101600001B78002B10D0BB68072B0DD8BA68134687
:101610005B001344DB0003F52A737A681344182235
:101620003968184606F0AFFB1037BD4680BD80B460
:1016300085B000AF786039600023FB6019E07968FD
:10164000FA6813465B001344DB000B4403F52B736D
:101650001B683A689A4209D1FA6813465B00134442
:10166000DB0003F52A737A68134406E0FB68013354
:10167000FB60FB68072BE2D9002318461437BD46F0
:101680005DF8047B704780B586B000AFF860B96044
:101690007A60B968F868FFF7CAFF78617B69002B48
:1016A0000CD07B697A685A61FB68DA687B69596893
:1016B0007B695B69CB1A1A447B691A6100BF1837D2
:1016C000BD4680BD80B586B000AFF860B9601346F6
:1016D000FB71B968F868FFF7AAFF78617B69002B96
:1016E00002D07B69FA795A7000BF1837BD4680BDB9
:1016F00080B588B000AFF860B9607A603B60402385
:10170000BB6140237B617A68B968002002F048F829
:1017100003461B0C3B824FF6FF737B820023FB6169
:1017200070E03B68B3F1FF3F51D0FB68FA691532B6
:1017300033F832303A8A9A4207D1FA68FB69153396
:10174000DB0013443A685A608EE0FA68FB6915338F
:10175000DB0013445B68B3F1FF3F05D1BB69402B4D
:1017600002D1FB69BB614AE0FA68FB691533DB0013
:1017700013445B68B3F1FF3F41D0FA68FB6915334E
:10178000DB0013445B88002B0ED0FA68FB6915332D
:10179000DB0013445B88013B99B2FA68FB6915339F
:1017A000DB0013440A465A80FA68FB691533DB00F4
:1017B00013445B887A8A9A4221D9FB697B61FA6873
:1017C000FB691533DB0013445B887B8217E0FB6801
:1017D000FA69153233F832303A8A9A420FD1FA68F0
:1017E000FB691533DB0013444FF0FF325A60FA688F
:1017F000FB691533DB00134400225A8034E0FB6997
:101800000133FB61FB693F2B8BD9BB693F2B14D89C
:10181000FA68BB691533DB0013443A685A60FB6809
:10182000BA691532398A23F83210FA68BB69153360
:10183000DB00134440225A8016E07B693F2B13D80B
:10184000FA687B691533DB0013443A685A60FB6819
:101850007A691532398A23F83210FA687B691533B0
:10186000DB00134440225A802037BD4680BD80B53E
:1018700096B000AFF860B9607A603B607A68B9688A
:10188000002001F08DFF03461B0CA7F85230002307
:101890007B655FE0FA687B6D1533DB0013445B68A2
:1018A000B3F1FF3F53D0FB687A6D153233F8323015
:1018B000B7F852209A424AD107F110034022002182
:1018C000184605F02AFBFA687B6D1533DB001344DC
:1018D0005B6803F1400107F110024023F86802F051
:1018E0007AF807F110037A681946B86805F02AFB00
:1018F0000346002B2BD1FA687B6D1533DB001344B4
:101900005A683B681A60FA687B6D1533DB00134434
:101910005B884FF6BE72934208D9FA687B6D153327
:10192000DB0013444FF6FF725A800EE0FA687B6DBD
:101930001533DB0013445B88403399B2FA687B6D42
:101940001533DB0013440A465A80012306E07B6D01
:1019500001337B657B6D3F2B9CD90023184658379C
:10196000BD4680BD80B590B000AFF860B9607A60C8
:10197000BB68BB63FB68DB68BA68B2FBF3F3FA6869
:10198000D26802FB03F31946F868FFF750FE78634C
:101990007B6B002B55D07B6B5B69BA689A4250D148
:1019A0004FF0FF3358E007F110022023B968F868C0
:1019B00002F011F80346002B02D04FF0FF334BE04A
:1019C0000023FB6331E007F11002FB6B13441B782B
:1019D0001A46FB6B013340333B4413F8303C1B0287
:1019E0001A44FB6B023340333B4413F8303C1B0476
:1019F0001A44FB6B033340333B4413F8303C1B0663
:101A000013443B633B6B164A93420BD1BA68FB6BA2
:101A10001344283BBA6B9A4204D8BA68FB6B134450
:101A2000283B19E0FB6B0133FB63FB6B1B2B05D8D9
:101A3000BA68FB6B13447A689A42C4D8BB681C33FB
:101A4000BB60BA687B689A4204D2BB6820337A686C
:101A50009A42A8D84FF0FF3318464037BD4680BDA4
:101A60004B56303080B586B000AFF860B9607A6010
:101A70004FF0FF337B61BB685B78012B02D14FF0E5
:101A8000FF3344E07B681B6DB3F1FF3F04D1BB68BB
:101A90005B6840337B6139E07B681A6DBB685968CD
:101AA000FB68DB680B449A422DD87B685B78002B7F
:101AB00006D07B681A6D7B689B6813447B6103E0EA
:101AC0007B681B6D08337B61BB685A68FB68DB6809
:101AD0001344403B1A467969F868FFF743FF786181
:101AE0007B69B3F1FF3F0BD0BB685A68FB68DB68CA
:101AF00013447A699A4203D87B689B68002B05D10E
:101B00004FF0FF3303E04FF0FF3300E07B691846EE
:101B10001837BD4680BD80B5A4B002AF786039608B
:101B20000023C7F88430002387F883303B68196DA1
:101B300007F12C024023786801F04DFF07F12C03D8
:101B40000621184601F079FE0346DAB23B681A70A6
:101B5000BA6D3B689A603B689B68B3F1FF3F09D060
:101B60003B689A687B681B699A4203D83B689B680C
:101B70003F2B1AD83B6840229A603B681B78052BA4
:101B80000ED03B6805221A703B68196D07F12C02D4
:101B900001230193052300930623786801F075FE65
:101BA0003B6800225A700223B4E007F12C0334335F
:101BB00004221946D7F8840001F0F2FDC7F884002A
:101BC00007F12C03383304221946D7F8840001F0BA
:101BD000E7FDC7F884003B689B68403B7B670023B8
:101BE000FB670023BB6728E0FB6F20337A6F9A42C4
:101BF00002D92023BB6703E07A6FFB6FD31ABB6760
:101C00003B681A6DFB6F134403F14001BB6F073350
:101C100023F0070307F10C02786801F0DCFE07F1FE
:101C20000C03BA6F1946D7F8840001F0B9FDC7F864
:101C30008400FA6FBB6F1344FB67FA6F7B6F9A42A5
:101C4000D2D3FB6DD7F884209A421CD097F860302D
:101C5000402B28BF4023DBB2FB663B6800225A7052
:101C6000022387F883303B681B6D40333B673B683A
:101C700003F11002FB6E073323F00703396F786816
:101C800001F0A9FE44E03B6801225A703B681B6DDD
:101C900040333B673B6803F1100097F86030DA1D72
:101CA00097F860300733594203F0070301F007014A
:101CB00058BF4B42D31A0246396F786801F08BFE49
:101CC00097F86030DA1D97F860300733594203F017
:101CD000070301F0070158BF4B42D31A1A463B6F66
:101CE0001A443B685A657A6E3B68DA6097F8602060
:101CF0003B689A7097F860303F2B02D93F2387F8F2
:101D0000603097F860301A463B68134400221A741A
:101D100097F8833018468837BD4680BD80B5AEB091
:101D200000AFF860B9607A60FB70002387F8B730C5
:101D300007F1680340220021184605F0EEF8FB6821
:101D4000DA68BB68B3FBF2F101FB02F29B1A002BCD
:101D500001D000BFFDE77B68002B01D100BFFDE78C
:101D6000B968F868FFF763FCC7F8B000D7F8B0307F
:101D7000002B17D0FB7883F00103DBB2002B08D1D6
:101D8000FB78002B0ED0D7F8B0305B69B3F1FF3F82
:101D900008D01822D7F8B010786805F0F4FF97F84B
:101DA000B730DCE007F168024023B968F86801F059
:101DB00012FE7B6800225A707B6800229A707B6852
:101DC000BA685A60D7F898207B689A607B689B68ED
:101DD000654A934208D1D7F89C30B3F1FF3F0CD04D
:101DE000D7F89C30002B08D07B6800221A707B68E3
:101DF0004FF0FF32DA600823B1E07B6801221A70ED
:101E0000D7F89C207B68DA6007F168030421184644
:101E100001F013FD0346DAB27B685A7007F16803DC
:101E200018330421184601F008FD0346DAB27B6836
:101E30009A70FB78002B79D07B6800221A617B684E
:101E40005B6803F140027B685A617B685B78012B19
:101E500006D1FB68DB68A3F140027B681A6160E091
:101E60007B685B78022B5CD1FB68DB68A3F14002E6
:101E70007B681A617B685B6840333B6607F110033F
:101E80001946F868FFF747FE7B7C83F00103DBB25D
:101E9000002B0CD03B7C012B09D03B7C052B06D0C2
:101EA0007B6800221A61022387F8B73018E07B684C
:101EB0005A69BB691A447B685A617B681A69BB69B5
:101EC000D21A7B681A6107F110031A467968F8681C
:101ED000FFF7C8FD03463B663B6EB3F1FF3FCDD134
:101EE0007B6859697B685A68FB68DB6813441A464B
:101EF000F86801F01CFDC7F8A8007B685B69D7F89B
:101F0000A8209A420DD07B68D7F8A8205A61FB68B8
:101F1000DA687B685968D7F8A830CB1A1A447B680E
:101F20001A617968F868FFF71DFB16E07B685B684B
:101F30001946F868FFF77BFBC7F8AC00D7F8AC3060
:101F4000002B0AD17B684FF0FF325A617B68002278
:101F50001A617968F868FFF705FB97F8B7301846FB
:101F6000B837BD4680BD00BF4644423080B487B01C
:101F700000AFF860B9607A60BB68DB68B3F1FF3F1F
:101F800003D1FB68DB687B6106E0BB68DB68FA684D
:101F9000D26802FB03F37B617A687B691A44FB68B1
:101FA0001B699A420ED8BB685A687B691A44FB6861
:101FB0001B699A4204D2BB685A687B69134403E0E8
:101FC000002301E04FF0FF3318461C37BD465DF893
:101FD000047B704780B58CB000AFF860B9607A6060
:101FE0003B600023BB62FB685B69FB62FB68DB68EC
:101FF000BA6A1344BB6207F110020023F96AF86859
:10200000FFF78CFE0346002B29D1BB6B002B28D099
:102010007B7C022B02D07B7C032B23D17B6903F1D9
:102020004002BB681A65B968F868FFF774FDBB6BBE
:102030003A687968B86898470346002B1FD107F1C2
:102040001003BA681946F868FFF70CFD0246BB6832
:102050001A65BB681B6DB3F1FF3FE4D102E000BF1E
:1020600000E000BF07F11003BA6A1946F868FFF7ED
:102070007DFFF862FB6AB3F1FF3FB7D100E000BF1C
:102080003037BD4680BD80B588B000AFF860B9601C
:102090007A60BB68FB617B68BB61F869DEF764FC52
:1020A0007861FB689B781A467B69934201D00023D4
:1020B00017E0FB685B78002B12D0FB681B78022BC3
:1020C0000ED1FB6810337A69F969184604F03AFFBB
:1020D0000346002B04D1BB6901221A70012300E0E2
:1020E000002318462037BD4680BD000080B588B06B
:1020F00002AFF860B9607A600023FB7507F117033F
:10210000054A0092BA687968F868FFF763FFFB7DBB
:1021100018461837BD4680BD8720020880B586B0B6
:1021200000AFF860B9607A600023FB75B868DEF72D
:102130001BFC38617B6850333A69B968F868FFF76F
:1021400096FB0346002B05D07968F868FFF7E3FC9F
:10215000012311E07A68B968F868FFF7C7FF034602
:10216000FB75FB7D002B06D07B681B6D3A69B96857
:10217000F868FFF7BDFAFB7D18461837BD4680BDED
:1021800080B59CB000AFF860B9607A603B60002316
:10219000FB6607F114031A46B968F868FFF7BEFF3B
:1021A0000346002B18D0BB6F002B02D03A6ABB6FDE
:1021B0001A603B6A3A689A4202D93B6AFB6601E0C0
:1021C0003B68FB667B68002B0CD0B96EFB6E7A68AF
:1021D000F86801F000FC05E0BB6F002B02D0BB6F7C
:1021E00000221A60FB6E18467037BD4680BD80B570
:1021F00088B002AFF860B9607A6000237B61FB6849
:102200001B7E83F00103DBB2002B01D000231DE015
:10221000FB68DB69002B03D0FB68DB69F868984733
:102220007B681A687B6859687B68103300930B469B
:10223000B968F868FFF7A4FF7861FB681B6A002B98
:1022400003D0FB681B6AF86898477B691846183703
:10225000BD4680BD80B588B002AFF860B9607A60D5
:102260000023FB757A680023019301230093062362
:10227000B968F86801F009FB0346FB75FB7D002B8C
:1022800001D0FB7D0EE0BB6803F128017B6803F100
:102290002802002300931823F86801F0DBFB0346B3
:1022A000FB75FB7D18461837BD4680BD80B59EB0D6
:1022B00002AFF860B9607A60002387F86F3007F1E9
:1022C0002C0340220021184604F027FEFB68DA6840
:1022D000BB68B3FBF2F101FB02F29B1A002B01D0A9
:1022E00000BFFDE7FB68DB681A46B968F86801F0D3
:1022F00092FB034687F86F3097F86F30002B4BD175
:1023000007F12C034022FF21184604F006FE07F1D6
:102310002C0201230193012300930423B968F86878
:1023200001F0B3FABB6803F1180107F12C0303F1C4
:10233000180201230193012300930423F86801F09C
:10234000A4FA184BFB657B683B664FF0FF337B6656
:10235000BB6803F1300107F12C0303F130020123C4
:1023600000931023F86801F075FB034687F86F307F
:1023700007F1140300221A605A609A60DA601A6149
:102380005A61BB68BB614FF0FF33BB6207F11403B6
:102390001946F868FFF7E6F897F86F301846703777
:1023A000BD4680BD4644423080B58EB002AFF86075
:1023B000B9607A603B60002387F82F30BB685B7898
:1023C000012B16D1BB68596807F114020123019350
:1023D000022300930423F86801F057FA034687F8B4
:1023E0002F30BB685B6802221946F868FFF76AF96C
:1023F00030E0BB685B78022B2CD1BB681B697F2B5C
:1024000005D9BB681A697B68D31A7F2B1CD8BB68B7
:10241000596807F114020123019303230093042355
:10242000F86801F032FA034687F82F30BB685B6822
:1024300003221946F868FFF745F93B68002B09D0DD
:102440003B6801221A7005E03B68002B02D03B6814
:1024500000221A7097F82F3018463037BD4680BDDD
:1024600080B586B000AFF860B9603B601346FB7181
:1024700000233B61FB685B697B61FB68DB683A6951
:1024800013443B610023BA687969F868FFF746FC9A
:10249000FB79002B04D0BB685B78FA799A4214D19F
:1024A00097F82830002B05D00123BA687969F868BD
:1024B000FFF734FC7B6A002B07D07B6A3A6A3968E5
:1024C000B86898470346002B0AD13A69B968F8689A
:1024D000FFF74CFD78617B69B3F1FF3FCDD100E0A0
:1024E00000BF1837BD4680BD80B487B000AFF8602C
:1024F000B9607A60BB687B617B683B61FB681B7875
:10250000002B09D0FB685B78012B05D17B691B6828
:102510005A1C7B691A600CE0FB681B78002B08D002
:10252000FB685B78022B04D13B691B685A1C3B6932
:102530001A60002318461C37BD465DF8047B7047BF
:1025400080B487B000AFF860B9607A60BB687B6127
:10255000FB681B78002B1ED0FB681A697B695B68DF
:1025600080339A4217D9FB689B78012B0CD0FB680B
:102570009B78022B0FD17B691B6893F8303083F076
:102580000103DBB2002B06D07B699B68FA685269B5
:102590001A60012300E0002318461C37BD465DF891
:1025A000047B704780B58EB004AFF860B9607A6084
:1025B0004FF0FF337B6200233B620023FB61FB682B
:1025C0003B617B687B6107F12403BB6107F120025B
:1025D00000230293204B019307F11C030093134641
:1025E0000022B968F868FFF73BFFFB69002B0CD0AD
:1025F00007F1100301220292184A01920022009270
:102600000222B968F868FFF72BFF3B6A002B1DD048
:102610007B6AB3F1FF3F19D13B6A012B04D8FB68F9
:1026200093F83030002B0DD007F1100301220292F5
:102630000A4A0192002200920122B968F868FFF765
:102640000FFF03E0FB68012283F830207B6A184605
:102650002837BD4680BD00BFE92402084125020895
:1026600080B5AAB002AFF860B9607A60FB70002351
:1026700087F89F3007F13C0358220021184604F0E8
:102680004CFC7B68002B0FD107F13C031A46B9685C
:10269000F868FFF743FD0346002B03D007F13C0326
:1026A0007B6001E0052399E0FB7883F00103DBB256
:1026B000002B13D07B68196D07F1140200230193DE
:1026C000032300930623F86801F0DFF8034687F838
:1026D0009F30FB68012283F8A4203AE07B68196DE3
:1026E00007F1140201230193042300930623F868E1
:1026F00001F0CBF8034687F89F30FB6893F8A430CD
:1027000083F00103DBB2002B1FD097F89F30002B22
:102710001BD1BB68002B0AD0B868DEF725F902464A
:102720004FF0FF33B968F868FEF7E2FF0DE07B6811
:10273000002B0AD07B6803F110017B689B781A4656
:102740004FF0FF33F868FEF7D3FFFB68002283F8F1
:10275000A4207B681A6DFB68DB68B2FBF3F3FA68B0
:10276000D26802FB03F31833C7F8983097F89F300C
:10277000002B31D107F114020423D7F89810F86820
:1027800001F0B7F80346012B26D107F1140201230B
:102790000193022300930423D7F89810F86801F0FE
:1027A00074F8034687F89F307B681A6DFB68DB6816
:1027B000B2FBF3F3FA68D26802FB03F31946F86838
:1027C000FEF735FFC7F89400D7F89430002B03D0FC
:1027D000D7F8943002229A7097F89F301846A037A5
:1027E000BD4680BD80B5C0B002AF786039600023BF
:1027F00087F8F7303B681B78022B05D100233A6835
:1028000000217868FFF72CFF3B689A6807F1A40362
:1028100019467868FFF7C6FEC7F8E800D7F8E83031
:10282000B3F1FF3F29D07B6893F83130002B26D0DD
:102830003B681B78032B22D107F1080341220021BA
:10284000184604F06AFB3B6803F110013B689B7873
:102850001A4607F10803184604F086FB07F14C02FC
:1028600007F1080319467868FFF740FC0346002B80
:1028700005D0002387F8F730A7E00723ADE03B68D9
:102880009B68C7F8E4303B689A6807F1A40100230D
:102890007868FFF789FD07F1BC020023019301234B
:1028A00000930623D7F8E810786800F0EEFFD7F819
:1028B000E430283BC7F8E4300023C7F8F0300023A9
:1028C000C7F8EC303CE0D7F8F0302033D7F8E420FC
:1028D0009A4203D92023C7F8EC3006E0D7F8E42069
:1028E000D7F8F030D31AC7F8EC303B681A6DD7F838
:1028F000F030134403F12801D7F8EC30073323F00C
:10290000070307F14C02786801F065F8D7F8E82072
:10291000D7F8F030134403F1280107F14C020123EA
:102920000093D7F8EC30786801F094F8034687F804
:10293000F730D7F8F020D7F8EC301344C7F8F03070
:10294000D7F8F020D7F8E4309A42BCD307F1BC02A4
:1029500001230193022300930623D7F8E810786837
:1029600000F093FF7B68DB68D7F8E820B2FBF3F355
:102970007A68D26802FB03F03B689B78DA1D3B68FB
:102980009B780733594203F0070301F0070158BF52
:102990004B42D31A1A46D7F8E8301A443B68DB6832
:1029A000073323F00703134440331A46014678687F
:1029B000FEF769FE3B6803F110013B689B781A46FD
:1029C000D7F8E8307868FEF793FE01233A680021D3
:1029D0007868FFF745FE97F8F7301846F837BD4698
:1029E00080BD80B586B000AFF860B9607A60002322
:1029F000FB754FF0FF333B617A68B968F868FFF701
:102A0000D1FD38613B69B3F1FF3F18D1FB6893F802
:102A10003030002B0CD0FB7D83F00103DBB2002BA8
:102A200006D07968F86800F0DBF80123FB75E3E76E
:102A3000FB7D002B03D0FB68002283F830203B692C
:102A400018461837BD4680BD80B586B000AFF86027
:102A5000B9607A603B607B68073323F007023B680C
:102A6000073323F00703134440337B617A69B96865
:102A7000F868FFF7B6FF034618461837BD4680BD15
:102A800080B487B000AFF860B9607A60BB687B61E2
:102A90007B683B61FB681B78002B08D07B691B6857
:102AA0005A1C7B691A60FB685A683B691A600023EC
:102AB00018461C37BD465DF8047B704780B5ACB046
:102AC00002AFF860B9607A60BB68C7F8A430D7F885
:102AD000A4301B68C7F8A0300023C7F89C30FB68FF
:102AE0001B78002B77D0FB689B78022B03D0FB6808
:102AF0009B78032B6FD1FB685B6803F1180107F12A
:102B00002C0201230193032300930423D7F8A00090
:102B100000F0BBFEFB685B684033C7F8943007F1F8
:102B200044031946D7F8A000FEF7F5FF97F84530A3
:102B3000002B0FD097F84430022B03D097F8443085
:102B4000032B07D107F144031946D7F8A000FFF77C
:102B500049FE00BF07F144031A46F968D7F8A00000
:102B6000FEF780FF0346C7F89430D7F89430B3F1EE
:102B7000FF3FD4D1FB685B684FF0FF321946D7F8AE
:102B8000A000FFF793FBD7F8A4309B68C7F89C30F0
:102B9000FB685A68D7F8A4309A600022F968D7F821
:102BA000A000FFF7E3F90246D7F8A0305A6107F119
:102BB00014020123D7F89C10D7F8A000FFF7AEF855
:102BC0000346002B07D17A6AD7F8A4305B689A4293
:102BD00001D9012300E000231846A837BD4680BD77
:102BE00080B592B004AF786039600023FB610023A8
:102BF000BB6107F11C0207F1200100230293144B73
:102C0000019307F118030093134601227868FFF738
:102C100027FCFB69012B13D87B68FB603B683B6199
:102C2000BB697B6107F10C0307F1200100220292CE
:102C3000084A01920022009200227868FFF710FCF7
:102C40007B68002283F8302000BF3837BD4680BD46
:102C5000812A0208BD2A020880B582B000AF7860E0
:102C60007B681B6919467868FFF7BAFF00BF083711
:102C7000BD4680BD80B59AB002AFF860B9607A6099
:102C80003B60002387F85F300023FB74BB685B69FF
:102C9000BB657868DDF768FE0346402B01D9052344
:102CA0003BE107F114034022FF21184604F035F9F7
:102CB0009C4BFB637868DDF757FE0346DBB287F871
:102CC0004830BB6EFB6497F84830DA1D97F84830FF
:102CD0000733594203F0070301F0070158BF4B4285
:102CE000D31A1A46FB6C073323F00703134440330F
:102CF0003B643A6CFB68DB68403B9A4201D907238E
:102D00000BE1BB6DB3F1FF3F0BD13B6C1A46B968C9
:102D1000F868FFF766FEB865BB6DB3F1FF3F00F0E2
:102D2000F58097F85F30002B09D13A6C07F1130357
:102D3000B968F868FFF738FB034687F85F3097F803
:102D40005F30002B69D1FF23BB7400237B64786C58
:102D500007F1140334330422194600F021FD034621
:102D60007B64786C07F1140338330422194600F0B1
:102D700017FD03467B647B6C97F8482079681846FA
:102D800000F00EFD03467B6497F84830DA1D97F893
:102D900048300733594203F0070301F0070158BFD9
:102DA0004B42D31A97F848209B1A7B6508E07B6C4E
:102DB00007F112010122184600F0F2FC03467B6481
:102DC0007B6D5A1E7A65002BF1D17B6CFA6C3968E9
:102DD000184600F0E5FC03467B64FB6C073323F0E8
:102DE0000702FB6CD31A7B6508E07B6C07F11201CC
:102DF0000122184600F0D4FC03467B647B6D5A1E0A
:102E00007A65002BF1D107F114031A46B96DF86801
:102E1000FFF720FA034687F85F3097F85F30002B02
:102E200037D1BB6D03F1400197F848307A68F868F4
:102E300000F030FE034687F85F30FB7C83F001032F
:102E4000DBB2002B1DD0BB68586897F84830DA1DFC
:102E500097F848300733594203F0070301F00701A0
:102E600058BF4B42D31A1A46BB6D1A44FB6C07334A
:102E700023F00703134440331A460146F868FEF76F
:102E800002FC97F848301A46BB6D7968F868FEF77F
:102E90002FFC97F85F30002B1AD197F84830DA1DD5
:102EA00097F848300733594203F0070301F0070150
:102EB00058BF4B42D31A1A46BB6D134403F140016D
:102EC000FB6C3A68F86800F0E5FD034687F85F3070
:102ED00097F85F30002B0DD107F114020123019305
:102EE000022300930623B96DF86800F0CEFC034678
:102EF00087F85F3097F85F30002B0BD1FB7C002BFD
:102F000008D0FB68012283F8302003E0072387F80C
:102F10005F3000E000BF97F85F3018466037BD466D
:102F200080BD00BF4B56303080B584B000AF7860B4
:102F300039600023FB737B681B7E83F00103DBB2E7
:102F4000002B01D0082318E07B68DB69002B03D03D
:102F50007B68DB69786898470123002239687868C4
:102F6000FFF77EFB0346FB737B681B6A002B03D0D5
:102F70007B681B6A78689847FB7B18461037BD460C
:102F800080BD90B589B002AFF860B9607A603B60EF
:102F90000023FB750023BB757B68002B08D1012340
:102FA0000022B968F868FFF75BFB0346FB7561E038
:102FB000FB6803F18C04B868DDF7D6FC02463B6879
:102FC0002146F868FFF740FD0346B3F1FF3F01D10A
:102FD000072350E0FB6834331A46B968F868FFF7F6
:102FE0009DF80346BB75BB7D002B09D0FB6803F140
:102FF00034020023B968F868FFF732FB0346FB751B
:10300000FB7D002B0BD1FB6803F18C013B68009327
:103010007B68BA68F868FFF72DFE0346FB75BB7D39
:10302000002B0CD0FB7D002B09D1FB6803F134028F
:103030000123B968F868FFF713FB0346FB75FB68CB
:1030400093F83030002B15D0B868DDF78DFC0446BE
:10305000B868DDF789FC0346073303F00703E21A7B
:103060003B68073323F00703134447331946F868D6
:10307000FFF7B6FDFB7D18461C37BD4690BD80B5F9
:1030800086B000AFF860B9607A600023FB75FB681A
:103090001B7E83F00103DBB2002B01D008231AE072
:1030A000FB68DB69002B03D0FB68DB69F868984795
:1030B0007B681A687B685B68B968F868FFF761FF2E
:1030C0000346FB75FB681B6A002B03D0FB681B6A79
:1030D000F8689847FB7D18461837BD4680BD80B517
:1030E0008EB002AF7860002387F82F307B68DB69F1
:1030F000002B03D07B68DB697868984700237B62EC
:103100000AE07A687B6A1533DB0013444FF0FF3224
:103110005A607B6A01337B627B6A3F2BF1D90023C3
:10312000BB6211E04FF0FF32B96A7868FFF7BEF872
:10313000034687F82F3097F82F30002B5AD17B6841
:10314000DB68BA6A1344BB627B681B69BA6A9A423D
:10315000E8D300237B6247E07B68996A7A6A13466A
:103160005B0013449B000B449B68002B0DD17B68D4
:10317000996A7A6A13465B0013449B000B445B68B0
:103180001846DDF7F1FB386209E07B68996A7A6AD4
:1031900013465B0013449B000B449B683B624FF05B
:1031A000FF33FB617B68996A7A6A13465B001344BC
:1031B0009B000B4418687B68996A7A6A13465B0027
:1031C00013449B000B445A6807F108013B6A0093C3
:1031D000134602467868FFF74DFD97F82F30002B15
:1031E0000AD17B6A01337B627B68DB6A7A6A9A4226
:1031F000B2D302E000BF00E000BF7B6800225A614A
:103200007B681B6A002B03D07B681B6A7868984731
:1032100097F82F3018463037BD4680BD90B589B03D
:1032200002AF78607B68D3F86833BB6007F10C02AB
:103230000023009304233E497868FEF7A1FF03466C
:10324000002B68D0FA68BB689A426CD000237B617F
:103250005CE07B68996A7A6913465B0013449B00C3
:103260000B4419687B6834331A467868FEF756FFBA
:10327000034683F00103DBB2002B44D07B68996ADC
:103280007A6913465B0013449B000B449B68002B38
:103290000DD17B68996A7A6913465B0013449B00E1
:1032A0000B445B681846DDF75FFB386109E07B681B
:1032B000996A7A6913465B0013449B000B449B6830
:1032C0003B617B684FF0FF32C3F8A0207B6803F1BD
:1032D0008C007B68996A7A6913465B0013449B00F3
:1032E0000B441C687B68996A7A6913465B00134437
:1032F0009B000B445A683B690093134622460146E3
:103300007868FFF7B7FC7B6901337B617B68DB6A18
:103310007A699A429DD307F1080204230449786828
:10332000FFF72FFE00E000BF1C37BD4690BD00BF79
:1033300064F1020880B487B000AFF860B9607A60C9
:10334000BB687B617B683B613B691B78012B0BD1C0
:10335000FB685B78032B03D0FB685B78022B03D1FF
:10336000FB685A687B691A60FB685A783B691A7077
:10337000002318461C37BD465DF8047B704780B5B6
:1033800086B000AFF860B9607A60FB681B7883F0A4
:103390000103DBB2002B16D0BB687B617B683B610D
:1033A0007B691B685A1C7B691A603B699B7E002BFA
:1033B00001D0012308E0FB685B684FF0FF3219463B
:1033C0003869FEF773FF002318461837BD4680BDE5
:1033D00080B586B000AFF860B9607A60BB687B6189
:1033E000FB681B78002B0AD0FB689B78032B06D167
:1033F0007B69012283F830207869FFF72DFC0023D8
:1034000018461837BD4680BD80B592B002AFF8604F
:10341000B9607A60BB68FB63FB685B78002B0CD0FB
:10342000FB681B78032B08D1F968F86BFFF7DAF912
:103430000346002B26D0012325E0FB681B78012BD7
:103440000DD1FB68196D07F11402012301930523C7
:1034500000930623F86B00F018FA012313E0FB68D1
:103460005B78002B0ED0FB681B78022B0AD1FB681F
:1034700003F11001FB689B781A46FB681B6DF86B23
:10348000FEF736F9002318464037BD4680BD0000E0
:1034900080B5A4B004AF7860002387F87F300023A4
:1034A000BB607B68012283F8312007F1080207F135
:1034B0000C0100230293234B01937B680093134676
:1034C00000227868FEF7CCFF7B689B7E002B04D03F
:1034D000BB68002B01D0022330E07B681A697B684F
:1034E000DB68B2FBF3F2BB689A4202D17868FFF75F
:1034F000F6FD07F10C0100230293134B0193002307
:1035000000937B6800227868FEF7AAFF07F1240188
:103510000E4B009300237A687868FEF75BFD7B68AA
:1035200093F83030002B03D07868FFF795FBEDE778
:103530007B68002283F8312097F87F301846803767
:10354000BD4680BD7F330208D1330208093402082A
:1035500080B485B000AFF860B9607A60FB68002B7A
:1035600001D100BFFDE7BB680B2B3FD801A252F889
:1035700023F000BFA5350208BB350208C535020897
:10358000CD350208ED350208ED350208ED350208AB
:10359000ED350208ED350208EB350208EB3502087F
:1035A000D5350208FB681B7E002B01D000BFFDE76C
:1035B0007B681A68FB68DA6018E0FB68DA687B6889
:1035C0001A6013E07A68FB68DA610FE07A68FB68DA
:1035D0001A620BE0FB681B7E002B01D000BFFDE7E9
:1035E0007B681A78FB689A7600E000BF00BF14374A
:1035F000BD465DF8047B704780B592B004AFF860BB
:10360000B9607A603B60002387F837303B6C0093E9
:1036100000237A68B968F868FDF706FF034687F863
:10362000373097F83730002B40F0A880FB68DB6913
:10363000002B03D0FB68DB69F8689847FB68002221
:1036400083F83020FB68002283F831203B68002B90
:1036500007D0FB683A68283392E8030083E8030048
:1036600005E0FB680022DA62FB6800229A62002310
:103670007B610023FB74FB6800225A6107F114028E
:1036800007F1180100230293444B019307F1130340
:10369000009313460022F868FEF7E2FE7A69FB68A1
:1036A0005A61FB681A69FB68DB68B2FBF3F3012B14
:1036B00001D800BFFDE700233B6325E0F9683A6BC2
:1036C00013465B001344DB000B4403F52A7300220E
:1036D0001A70F9683A6B13465B001344DB000B4425
:1036E00003F52F734FF0FF321A60F9683A6B1346F7
:1036F0005B001344DB000B4403F52B734FF0FF32E8
:103700001A603B6B01333B633B6B072BD6D900231D
:103710003B630AE0FA683B6B1533DB0013444FF060
:10372000FF325A603B6B01333B633B6B3F2BF1D95C
:10373000FB681B6A002B03D0FB681B6AF86898477C
:10374000F868FFF7A5FE034687F83730FB68DB69AA
:10375000002B03D0FB68DB69F868984797F837308F
:10376000002B02D1F868FFF759FDFB681B6A002B9C
:1037700006D0FB681B6AF868984702E000BF00E0CB
:1037800000BF97F837301946F868FDF7CDFE97F877
:10379000373018463837BD4680BD00BF3533020884
:1037A00080B487B000AFF860B9607A60BB687B61B5
:1037B000FB68DB43FB600EE07B695A1C7A611B7877
:1037C0001A46FB685340DBB2094A52F82320FB68D3
:1037D0001B0A5340FB607B685A1E7A60002BEBD1BA
:1037E000FB68DB4318461C37BD465DF8047B704719
:1037F000DCF4020880B586B000AFF860B9607A608A
:103800004FF0FF337B61BB689B01393BDB081A46F5
:10381000FF21F86803F081FB7B68002B08D07B68F0
:10382000013BDB007B61FA687B69134400221A705C
:103830007B6918461837BD4680BD80B485B000AF9F
:10384000786039600023FB603B68013B3B603B686C
:10385000BB600AE03B689B01DB087A6813441B7875
:10386000002B08D0FB680133FB603B685A1E3A60AE
:10387000002BEFD100E000BFBA68FB68D31A1846EE
:103880001437BD465DF8047B704780B588B002AF41
:10389000F860B9607A603B600023FB753A6A3B6868
:1038A0009A4201D300BFFDE77B68002B01D100BF26
:1038B000FDE73A6A39687868FFF79CFF38613B6931
:1038C000B3F1FF3F01D100230FE0BA683B69D11883
:1038D0007A683B691A4497F8243000930823F86803
:1038E00000F0B8F80346FB75FB7D18461837BD4657
:1038F00080BD80B584B000AFF860B9607A603B608D
:103900007B68002B01D100BFFDE73B689B01393B81
:10391000DB087A68B968F86800F05DF8396878689B
:10392000FFF78BFF034618461037BD4680BD80B5B4
:1039300090B000AFF860B9607A60002387F83F303C
:10394000BB687B6335E0BB6820337A689A4202D952
:1039500020233B6303E07A68BB68D31A3B6307F11B
:1039600010023B6BB968F86800F035F80023BB63C0
:1039700018E097F83F30FF2B0AD007F11002BB6B1D
:1039800013441B78FF2B03D1BA68BB6B13447B63D2
:1039900007F11002BB6B13441B7887F83F30BB6BF9
:1039A0000133BB63BA6B3B6B9A42E2D3BB682033F3
:1039B000BB60BA687B689A42C5D397F83F30FF2B4B
:1039C00004D17B6B073323F0070300E07B681846C4
:1039D0004037BD4680BD80B586B000AFF860B960A5
:1039E0007A603B600023FB75FB685B7E002B01D097
:1039F00002230CE0FB6898683B687A68B968FDF7B9
:103A0000D1FB0346002B01DA0223FB75FB7D184630
:103A10001837BD4680BD80B586B000AFF860B9608C
:103A20007A600023FB75FB685B7E002B01D00123CD
:103A30000CE0FB689B687A68B9681846FDF78AFC59
:103A40000346002B01DA0123FB75FB7D184618376E
:103A5000BD4680BD80B586B000AFF860B9607A60C1
:103A60003B600023FB75FB685B7E002B01D00323CA
:103A70000CE0FB6898683B687A68B968FDF7FEFB64
:103A80000346002B01DA0323FB75FB7D184618372C
:103A9000BD4680BD80B58CB002AFF860B9607A6079
:103AA0003B60002387F8273008233B6207F11403AB
:103AB0003A6AFF21184603F030FA3B68072B0CD90D
:103AC0003B6823F00703002200927A68B968F8681F
:103AD000FFF7C0FF034687F827303B6803F0070372
:103AE000FB6197F82730002B1DD1FB69002B1AD002
:103AF0003B6823F007037A68D11807F11403FA69C9
:103B0000184604F040F93B6823F00702BB68D1185F
:103B100007F11402002300933B6AF868FFF79AFF4D
:103B2000034687F8273097F8273018462837BD46D0
:103B300080BD80B582B000AF78607868E6F7C8F9DC
:103B4000034618460837BD4680BD80B582B000AF39
:103B500078607868E6F78EFA00BF0837BD4680BD0A
:103B600080B582B000AF064B3B60064B7B603B46A6
:103B7000184600F0A5F800BF0837BD4680BD00BF5D
:103B8000333B02084B3B020880B582B000AF78603F
:103B90007B68002B02D07868FFF7D7FF00BF08379B
:103BA000BD4680BD80B485B000AF786039607B6869
:103BB000002B07D17A683B689A4214BF0123002387
:103BC000DBB255E03B68002B0DD1012350E07B6850
:103BD0001B78002B01D100234AE07B6801337B6016
:103BE0003B6801333B607B681B78FB73FB7B0133D5
:103BF000224A13441B7803F00303012B03D1FB7B00
:103C000003F1200200E0FA7B3B681B78BB73BB7BAF
:103C100001331A490B441B7803F00303012B02D133
:103C2000BB7B203300E0BB7B9A42D0D07B681B7803
:103C30007B737B7B0133114A13441B7803F003032E
:103C4000012B03D17B7B03F1200200E07A7B3B68F0
:103C50001B783B733B7B013308490B441B7803F013
:103C60000303012B02D13B7B203300E03B7BD31AC3
:103C700018461437BD465DF8047B704740130308AF
:103C800080B584B000AF78607868DCF76DFE0346DD
:103C90000133FB60094B1B68F8689847B860BB6844
:103CA000002B01D1002305E0FA687968B86804F0B8
:103CB0006AF8BB6818461037BD4680BDE402022092
:103CC00080B483B000AF78607B68002B06D1104BC6
:103CD000104A1A60104B114A1A6013E07B681B6887
:103CE000002B02D07B681B6800E00A4B084A136077
:103CF0007B685B68002B02D07B685B6800E0074B49
:103D0000054A13600C37BD465DF8047B704700BF61
:103D1000E402022029640208E80202203964020851
:103D200080B582B000AF094B1B68282098477860A7
:103D30007B68002B04D028220021786803F0EDF87E
:103D40007B6818460837BD4680BD00BFE4020220EC
:103D500080B584B000AF786037E07B681B68FB609B
:103D60007B68DB6803F48073002B08D17B689B6859
:103D7000002B04D07B689B681846FFF7E9FF7B683F
:103D8000DB6803F48073002B09D17B681B69002B6F
:103D900005D0124B1B687A681269104698477B68F9
:103DA000DB6803F40073002B09D17B681B6A002BCE
:103DB00005D00A4B1B687A68126A10469847074B71
:103DC0001B6878689847FB687B607B68002BC4D1D0
:103DD00000BF00BF1037BD4680BD00BFE802022013
:103DE00080B52DED028B8AB000AF786039604FF05E
:103DF00000024FF00003C7E908234FF000026F4BA9
:103E0000C7E906234FF000024FF00003C7E904237F
:103E10000023FB600123BB603B681B782D2B07D17F
:103E20004FF00002664BC7E906233B6801333B6055
:103E30003B681B78302B02D13B6801333B603B6809
:103E40001B78302B1ED93B681B78392B1AD897ED7D
:103E5000087BB2EE046B27EE066B3B685A1C3A6097
:103E60001B78303B07EE903AB8EEE77B36EE077BE7
:103E700087ED087B3B681B782F2B03D93B681B78A9
:103E8000392BE4D93B681B782E2B2FD13B680133AB
:103E90001B782F2B2AD93B6801331B78392B25D867
:103EA0003B6801333B6097ED087BB2EE046B27EE75
:103EB000066B3B685A1C3A601B78303B07EE903A21
:103EC000B8EEE77B36EE077B87ED087B97ED047B4A
:103ED000B7EE006B37EE467B87ED047B3B681B78C3
:103EE0002F2B03D93B681B78392BDCD93B681B7817
:103EF000652B03D03B681B78452B2AD13B680133E7
:103F00003B603B681B782B2B03D13B6801333B6044
:103F100017E03B681B782D2B13D14FF0FF33BB60AC
:103F20003B6801333B600CE0FA6813469B00134486
:103F30005B0019463B685A1C3A601B78303B0B44C7
:103F4000FB603B681B782F2B03D93B681B78392B10
:103F5000EAD997ED066B97ED087B26EE078BFB6899
:103F6000BA6802FB03F307EE903AB8EEE76B97ED01
:103F7000047B36EE077BB0EE471BB2EE040B01F07C
:103F800067FEB0EE407B28EE077B87ED087B796803
:103F9000D7E90823C1E9062397ED087BFDEEC77B2F
:103FA00017EE902A7B685A617B680322DA603B68CF
:103FB00018462837BD46BDEC028B80BD0000F03F9F
:103FC0000000F0BF80B483B000AF78607B68013B35
:103FD0007B607B685B107A6813437B607B689B1017
:103FE0007A6813437B607B681B117A6813437B609C
:103FF0007B681B127A6813437B607B681B147A68AA
:1040000013437B607B68013318460C37BD465DF86F
:10401000047B704780B584B000AF786039607B68FE
:10402000002B03D07B681B68002B01D1002346E0E6
:104030007B689B683A6813443B607B685B683A68BE
:104040009A4205DC7B681B687A689268134436E004
:104050003868FFF7B7FFF8601B4B1B68FA6810461B
:104060009847B860BB68002B0DD1184B1B687A6865
:104070001268104698477B6800225A607B680022CD
:104080001A6000231BE0BB68002B07D07B6819680F
:104090007B685B681A46B86803F075FE0B4B1B68BB
:1040A0007A681268104698477B68FA685A607B689D
:1040B000BA681A607B689B681A46BB681344184646
:1040C0001037BD4680BD00BFE4020220E802022096
:1040D00090B585B000AF78607B68002B03D07B681B
:1040E0001B68002B01D100230DE07B681B687A68F8
:1040F00092681344FB607B689B681C46F868DCF799
:1041000033FC0346234418461437BD4690BD0000D7
:1041100080B586B000AF7860396000237B617B6832
:10412000D3E90623C7E9022397ED027BB5EE407B76
:10413000F1EE10FA18D13B68002B05D00221386847
:10414000FFF768FF786104E0614B1B680220984725
:1041500078617B69002B00F09E807B695D491A467F
:104160000B461B88138096E07B685B6907EE903AEC
:10417000B8EEE76B97ED027B36EE477BB0EEC77B80
:104180009FED476BB4EEC67BF1EE10FA2AD897ED9F
:10419000027B9FED456BB4EEC67BF1EE10FA21D8A1
:1041A00097ED027B9FED426BB4EEC67BF1EE10FA09
:1041B00018DB3B68002B05D015213868FFF72AFF74
:1041C000786104E0424B1B681520984778617B6951
:1041D000002B60D07B685B691A463F49786902F022
:1041E00079FD58E03B68002B05D040213868FFF787
:1041F00011FF786104E0364B1B68402098477861D6
:104200007B69002B47D097ED020B02F00DF8B0EE62
:10421000406B97ED027B36EE477BB0EEC77B9FEDA0
:10422000206BB4EEC67BF1EE10FA11D897ED027B4D
:10423000B0EEC77B9FED206BB4EEC67BF1EE10FABB
:1042400006D5D7E902232549786902F043FD22E02B
:1042500097ED027BB0EEC77B9FED196BB4EEC67B8A
:10426000F1EE10FA0AD497ED027BB0EEC77B9FED1A
:10427000166BB4EEC67BF1EE10FA06DDD7E9022329
:104280001749786902F026FD05E0D7E902231549B0
:10429000786902F01FFD7B6918461837BD4680BD5E
:1042A000000000000000B03C0000C0FFFFFFDF4145
:1042B000000000000000E0C144F3C2E4E4E9634C04
:1042C0008DEDB5A0F7C6B03E0000000065CDCD4134
:1042D000E402022070F1020874F1020878F1020889
:1042E00080F1020884F1020880B485B000AF7860E4
:1042F0000023FB607B681B782F2B0BD97B681B7816
:10430000392B07D87B681B781A46FB681344303B6F
:10431000FB6021E07B681B78402B0BD97B681B7806
:10432000462B07D87B681B781A46FB681344373B3B
:10433000FB6011E07B681B78602B0BD97B681B78D6
:10434000662B07D87B681B781A46FB681344573BDB
:10435000FB6001E00023A8E0FB681B01FB607B68B9
:1043600001337B607B681B782F2B0BD97B681B7814
:10437000392B07D87B681B781A46FB681344303BFF
:10438000FB6021E07B681B78402B0BD97B681B7896
:10439000462B07D87B681B781A46FB681344373BCB
:1043A000FB6011E07B681B78602B0BD97B681B7866
:1043B000662B07D87B681B781A46FB681344573B6B
:1043C000FB6001E0002370E0FB681B01FB607B6881
:1043D00001337B607B681B782F2B0BD97B681B78A4
:1043E000392B07D87B681B781A46FB681344303B8F
:1043F000FB6021E07B681B78402B0BD97B681B7826
:10440000462B07D87B681B781A46FB681344373B5A
:10441000FB6011E07B681B78602B0BD97B681B78F5
:10442000662B07D87B681B781A46FB681344573BFA
:10443000FB6001E0002338E0FB681B01FB607B6848
:1044400001337B607B681B782F2B0BD97B681B7833
:10445000392B07D87B681B781A46FB681344303B1E
:10446000FB6021E07B681B78402B0BD97B681B78B5
:10447000462B07D87B681B781A46FB681344373BEA
:10448000FB6011E07B681B78602B0BD97B681B7885
:10449000662B07D87B681B781A46FB681344573B8A
:1044A000FB6001E0002300E0FB6818461437BD46BE
:1044B0005DF8047B7047000080B588B000AF78607D
:1044C00039603B680133FB6100237B613B681B78EB
:1044D000222B0DD09F4A3B681360002366E1FB69E5
:1044E0005A1CFA611B785C2B02D1FB690133FB611A
:1044F000FB691B78222B09D0FB691B78002B05D0A8
:104500007B6901337B617B69002BE8D1924B1B688F
:104510007A69013210469847F860FB68002B01D198
:10452000002343E13B680133FB61FB68BB6123E18E
:10453000FB691B785C2B08D0FA69531CFB61BB69D3
:10454000591CB96112781A7016E1FB690133FB61DD
:10455000FB691B78623B132B00F2048101A252F825
:1045600023F000BFB5450208654702086547020809
:1045700065470208C1450208654702086547020809
:104580006547020865470208654702086547020853
:1045900065470208CD4502086547020865470208DD
:1045A00065470208D945020865470208E545020843
:1045B000F1450208BB695A1CBA6108221A70D8E09A
:1045C000BB695A1CBA610C221A70D2E0BB695A1C32
:1045D000BA610A221A70CCE0BB695A1CBA610D227A
:1045E0001A70C6E0BB695A1CBA6109221A70C0E091
:1045F000FB6901331846FFF777FE3861FB69043326
:10460000FB613B69B3F55C4F04D33B69B3F5604F85
:10461000C0F0AF803B69002B00F0AB803B69B3F585
:10462000584F2DD33B69B3F55C4F29D2FB69013359
:104630001B785C2B40F09D80FB6902331B78752B47
:1046400040F09780FB6903331846FFF74DFEB860D2
:10465000FB690633FB61BB68B3F55C4FC0F0898032
:10466000BB68B3F5604F80F084803B699A023B4B96
:104670001340BA68C2F30902134303F580333B6168
:1046800004237B613B697F2B02D801237B610CE013
:104690003B69B3F5006F02D202237B6105E03B6901
:1046A000B3F5803F01D203237B617B69BA69134470
:1046B000BB617B69013B032B47D801A252F823F071
:1046C0003147020811470208F1460208D1460208A4
:1046D0003B69DBB203F03F03DBB2BA69013ABA616E
:1046E00063F07F03DAB2BB691A703B699B093B61D7
:1046F0003B69DBB203F03F03DBB2BA69013ABA614E
:1047000063F07F03DAB2BB691A703B699B093B61B6
:104710003B69DBB203F03F03DBB2BA69013ABA612D
:1047200063F07F03DAB2BB691A703B699B093B6196
:104730000B4A7B6913441A783B69DBB2B9690139CA
:10474000B9611343DAB2BB691A707B69BA69134461
:10475000BB610EE084D90520E402022000FC0F00BA
:10476000DCF80208BB695A1CBA61FA6912781A703F
:1047700000BFFB690133FB61FB691B78222B04D06E
:10478000FB691B78002B7FF4D3AEBB6900221A7043
:10479000FB691B78222B02D1FB690133FB617B682B
:1047A000FA681A617B680422DA60FB6918462037D0
:1047B000BD4680BD80B588B000AF78603960002309
:1047C0003B610023FB607B68FB6118E0FB691B78A1
:1047D000002B03D0FB691B781F2B07D9FB691B78C3
:1047E000222B03D0FB691B785C2B01D1012300E055
:1047F0000023FA681343FB60FB690133FB61FB692B
:104800001B78002BE2D1FB68002B32D1FA697B6860
:10481000D31A3B613B68002B07D03B690333194631
:104820003868FFF7F7FB786106E0984B1B683A6938
:1048300003321046984778617B69002B01D1002331
:1048400020E17B69BB61BB695A1CBA6122221A70E4
:104850007968B86903F08FFA3B69BA691344222278
:104860001A703B690133BA69134400221A707B69DC
:1048700008E17B68002B1AD13B68002B05D003218F
:104880003868FFF7C7FB786104E0804B1B680320A2
:10489000984778617B69002B01D10023F2E07B69A6
:1048A0007B4A1188927819809A707B69EAE07B686C
:1048B000FB6114E0FB7A1946764802F036FB0346AA
:1048C000002B03D03B6901333B6105E0FB7A1F2BD2
:1048D00002D83B6905333B61FB690133FB61FB692E
:1048E0001B78FB72FB7A002B05D03B6901333B61DF
:1048F0003B69002BDED13B68002B07D03B690333BB
:1049000019463868FFF786FB786106E05F4B1B6845
:104910003A6903321046984778617B69002B01D1D0
:104920000023AFE07B69BB617B68FB61BB695A1CFC
:10493000BA6122221A7095E0FB691B781F2B10D9EF
:10494000FB691B78222B0CD0FB691B785C2B08D0F1
:10495000FA69531CFB61BB69591CB96112781A7062
:1049600080E0BB695A1CBA615C221A70FB695A1C50
:10497000FA611B78FB72FB7A222B3DDC082B67DB8C
:10498000083B1A2B64D801A252F823F0154A0208FA
:10499000454A02082D4A0208514A0208214A0208E3
:1049A000394A0208514A0208514A0208514A02088B
:1049B000514A0208514A0208514A0208514A020863
:1049C000514A0208514A0208514A0208514A020853
:1049D000514A0208514A0208514A0208514A020843
:1049E000514A0208514A0208514A0208514A020833
:1049F000514A0208094A02085C2B29D1BB695A1C9A
:104A0000BA615C221A702DE0BB695A1CBA6122227D
:104A10001A7027E0BB695A1CBA6162221A7021E041
:104A2000BB695A1CBA6166221A701BE0BB695A1C2A
:104A3000BA616E221A7015E0BB695A1CBA61722203
:104A40001A700FE0BB695A1CBA6174221A7009E02F
:104A5000FB7A1A461049B86902F03CF9BB69053384
:104A6000BB6100BFFB691B78002B7FF465AFBB699E
:104A70005A1CBA6122221A70BB695A1CBA61002200
:104A80001A707B6918462037BD4680BDE4020220BB
:104A900088F102088CF1020894F1020880B582B016
:104AA00000AF786039607B681B6939681846FFF78A
:104AB00081FE034618460837BD4680BD80B483B0EA
:104AC00000AF786002E07B6801337B607B68002B7D
:104AD00007D07B681B78002B03D07B681B78202BCA
:104AE000F1D97B6818460C37BD465DF8047B7047EA
:104AF00080B586B000AFF860B9607A6000237B6152
:104B0000FFF70EF938611B4B00221A603B69002B3E
:104B100001D100232AE0F868FFF7D0FF03461946C9
:104B2000386900F047F878617B69002B04D1386957
:104B3000FFF70EF9002319E07B68002B0FD078698E
:104B4000FFF7BCFF78617B691B78002B07D03869C1
:104B5000FFF7FEF8074A7B691360002306E0BB6895
:104B6000002B02D0BB687A691A603B691846183777
:104B7000BD4680BD84D9052080B582B000AF786085
:104B8000002200217868FFF7B3FF03461846083774
:104B9000BD4680BD80B582B000AF786000230022A2
:104BA0000021786800F07EF8034618460837BD46B5
:104BB00080BD000080B582B000AF786039603B688E
:104BC000002B01D1002360E004223249386802F052
:104BD000B9F90346002B05D17B680222DA603B68F5
:104BE000043352E005222C49386802F0ABF9034641
:104BF000002B05D17B680022DA603B68053344E076
:104C000004222649386802F09DF90346002B08D19A
:104C10007B680122DA607B6801225A613B680433B9
:104C200033E03B681B78222B05D139687868FFF7A1
:104C300043FC034629E03B681B782D2B07D03B68DB
:104C40001B782F2B09D93B681B78392B05D839687D
:104C50007868FFF7C5F8034617E03B681B785B2BC5
:104C600005D13968786800F0E1F803460DE03B684B
:104C70001B787B2B05D13968786800F0DBFA034696
:104C800003E0074A3B681360002318460837BD4617
:104C900080BD00BF9CF10208A4F10208ACF102083B
:104CA00084D9052080B586B000AFF860B9607A601D
:104CB0003B6000237B61FB68002B01D10023AAE04D
:104CC0003B68002B60D0FB68DB68DBB2062B00F290
:104CD000A18001A252F823F0154D0208334D0208BD
:104CE000F54C0208514D02085D4D0208694D02085D
:104CF000794D020805213868FFF78CF978617B69E6
:104D0000002B00F082807B69454A10681860127998
:104D10001A717AE006213868FFF77CF978617B69BF
:104D2000002B74D07B693F4A1068186092889A8083
:104D30006DE005213868FFF76DF978617B69002B1C
:104D400067D07B69384A1068186012791A7160E080
:104D50003968F868FFF7DCF978615BE03968F86872
:104D6000FFF79CFE786155E03B687A68B968F8689F
:104D700000F0D2F878614DE03B687A68B968F8686D
:104D800000F016FB786145E0FB68DB68DBB2062BC0
:104D900040D801A252F823F0BF4D0208C94D0208C5
:104DA000B54D0208D34D0208DF4D0208EB4D020855
:104DB000FB4D02081A48FEF763FF78612AE01948A4
:104DC000FEF75EFF786125E01748FEF759FF78612E
:104DD00020E00021F868FFF79BF978611AE00021D4
:104DE000F868FFF75BFE786114E000237A68B96821
:104DF000F86800F091F878610CE000237A68B968EF
:104E0000F86800F0D5FA786104E000BF02E000BF66
:104E100000E000BF7B6918461837BD4680BD00BF63
:104E20009CF10208A4F10208ACF1020880B584B03C
:104E300000AF786039603B681B785B2B04D0354A43
:104E40003B681360002360E07B680522DA603B6802
:104E500001331846FFF732FE38603B681B785D2B44
:104E600002D13B68013350E0FEF75AFFF8607B68DF
:104E7000FA689A607B689B68002B01D1002344E0AC
:104E80003868FFF71BFE03461946F868FFF792FEE5
:104E900003461846FFF712FE38603B68002B25D109
:104EA000002332E0FEF73CFFB860BB68002B01D165
:104EB00000232AE0FB68BA681A60BB68FA685A6087
:104EC000BB68FB603B6801331846FFF7F7FD0346FC
:104ED0001946F868FFF76EFE03461846FFF7EEFD29
:104EE00038603B68002B01D100230EE03B681B7843
:104EF0002C2BD7D03B681B785D2B02D13B6801334C
:104F000003E0044A3B681360002318461037BD468F
:104F100080BD00BF84D9052080B58EB000AFF86099
:104F2000B9607A603B6000237B630523FB62FB680A
:104F30009B68BB6200237B6200233B620023FB6112
:104F40000023BB6105E07B6A01337B62BB6A1B689F
:104F5000BB62BB6A002BF6D17B6A002B18D13B6881
:104F6000002B05D003213868FFF754F8786304E07C
:104F7000844B1B680320984778637B6B002B05D01C
:104F80007B6B814A1188927819809A707B6B4AE119
:104F90003B68002B73D03B689B683B6201213868FB
:104FA000FFF738F838633B6B002B01D100233AE15F
:104FB0003B6B5B221A703B689B685A1C3B689A608B
:104FC000FB689B68BB623CE0BB68591C3B687A6825
:104FD000B86AFFF767FE3868FFF77AF802463B6861
:104FE0009A60BB6A1B68002B28D07B68002B01D01D
:104FF000022300E00123FB62FB6A01331946386893
:10500000FFF708F838633B6B002B01D100230AE15E
:105010003B6B5A1C3A632C221A707B68002B04D01D
:105020003B6B5A1C3A6320221A703B6B00221A70A9
:105030003B689A68FB6A1A443B689A60BB6A1B68C3
:10504000BB62BB6A002B02D0FB69002BBCD00221E3
:105050003868FEF7DFFF38633B6B002B01D100237C
:10506000E1E03B6B5A1C3A635D221A703B6B0022F5
:105070001A703B681A683B6A13447B63D2E0414B69
:105080001B687A6A92001046984778617B69002B0A
:1050900001D10023C7E07B6A9B001A460021786992
:1050A00001F03BFFFB689B68BB6227E0BB68591CB3
:1050B00000237A68B86AFFF7F5FD38613B6A5A1C2D
:1050C0003A629B007A6913443A691A603B69002B83
:1050D0000FD03869DBF748FC02467B68002B01D013
:1050E000012300E000231A44FB6A13440233FB62ED
:1050F00001E00123FB61BB6A1B68BB62BB6A002B3A
:1051000002D0FB69002BD1D0FB69002B05D11D4BD0
:105110001B68FA6A1046984778637B6B002B01D1B5
:105120000123FB61FB69002B1FD000233B6212E0CF
:105130003B6A9B007A6913441B68002B08D0134B11
:105140001B683A6A920079690A44126810469847C7
:105150003B6A01333B623A6A7B6A9A42E8DB0B4B5B
:105160001B687869984700235DE07B6B5B221A70AF
:105170007B6B01333B633B6B00221A7000233B6265
:105180003EE000BFE4020220B4F10208E80202207F
:105190003B6A9B007A6913441B681846DBF7E4FB03
:1051A000B8613B6A9B007A6913441B68BA69194667
:1051B000386B02F0E8FD3A6BBB6913443B637B6AD2
:1051C000013B3A6A9A420FD03B6B5A1C3A632C223D
:1051D0001A707B68002B04D03B6B5A1C3A63202268
:1051E0001A703B6B00221A70114B1B683A6A9200CE
:1051F00079690A441268104698473B6A01333B625A
:105200003A6A7B6A9A42C3DB094B1B687869984704
:105210003B6B5A1C3A635D221A703B6B5A1C3A6313
:1052200000221A707B6B18463837BD4680BD00BF20
:10523000E802022080B584B000AF786039603B6836
:105240001B787B2B04D0594A3B6813600023A8E0ED
:105250007B680622DA603B6801331846FFF72EFCB4
:1052600038603B681B787D2B02D13B68013398E0A6
:10527000FEF756FDF8607B68FA689A607B689B6869
:10528000002B01D100238CE03868FFF717FC0346A0
:105290001946F868FFF710F903461846FFF70EFCA9
:1052A00038603B68002B01D100237AE0FB681A6963
:1052B000FB681A62FB6800221A613B681B783A2B74
:1052C00004D03A4A3B68136000236AE03B6801332C
:1052D0001846FFF7F3FB03461946F868FFF76AFC28
:1052E00003461846FFF7EAFB38603B68002B49D1BC
:1052F000002356E0FEF714FDB860BB68002B01D117
:1053000000234EE0FB68BA681A60BB68FA685A600E
:10531000BB68FB603B6801331846FFF7CFFB0346D1
:105320001946F868FFF7C8F803461846FFF7C6FBAA
:1053300038603B68002B01D1002332E0FB681A691A
:10534000FB681A62FB6800221A613B681B783A2BE3
:1053500004D0164A3B681360002322E03B68013307
:105360001846FFF7ABFB03461946F868FFF722FC27
:1053700003461846FFF7A2FB38603B68002B01D1BB
:1053800000230EE03B681B782C2BB3D03B681B78C6
:105390007D2B02D13B68013303E0044A3B68136074
:1053A000002318461037BD4680BD00BF84D90520B4
:1053B00090B593B000AFF860B9607A603B600023AD
:1053C0007B6200233B6200237B640723FB63002393
:1053D000BB63FB689B683B630023FB620023BB62EB
:1053E0000023FB6105E0FB6A0133FB623B6B1B683A
:1053F0003B633B6B002BF6D1FB6A002B4BD13B6828
:10540000002B0CD07B68002B02D0BB68043300E07B
:10541000032319463868FEF7FDFD78640BE0924BD4
:105420001B687A68002A02D0BA68043200E00322BE
:105430001046984778647B6C002B01D10023A4E2CE
:105440007B6C3B643B6C5A1C3A647B221A707B6811
:10545000002B14D03B6C5A1C3A640A221A700023A9
:10546000BB6307E03B6C5A1C3A6409221A70BB6BA1
:105470000133BB63BB68013BBA6B9A42F2DB3B6C06
:105480005A1C3A647D221A703B6C5A1C3A64002202
:105490001A707B6C79E23B68002B00F002813B685C
:1054A0009B68BB637B68002B01D0022300E00123D3
:1054B000FB63FB6B013319463868FEF7ABFD3864BC
:1054C0003B6C002B01D100235FE23B6C5A1C3A6419
:1054D0007B221A707B68002B04D03B6C5A1C3A6408
:1054E0000A221A703B6C00221A703B689A68FB6BA8
:1054F0001A443B689A60FB689B683B63BB68013356
:10550000BB6096E07B68002B1ED0B9683868FEF758
:1055100081FD38643B6C002B01D1002335E2002370
:105520007B6307E03B6C5A1C3A6409221A707B6B60
:1055300001337B637A6BBB689A42F3DB3B689A6802
:10554000BB681A443B689A603B6B1B6A3968184613
:10555000FFF730F93868FEF7BBFD02463B689A60FA
:105560007B68002B01D0022300E00123FB63F96B71
:105570003868FEF74FFD38643B6C002B01D10023E7
:1055800003E23B6C5A1C3A643A221A707B68002B87
:1055900004D03B6C5A1C3A6409221A703B689A6822
:1055A000FB6B1A443B689A603B687A68B968386B51
:1055B000FFF778FB3868FEF78BFD02463B689A6080
:1055C0007B68002B14BF01230023DBB21A463B6B20
:1055D0001B68002B14BF01230023DBB21344FB63C1
:1055E000FB6B013319463868FEF714FD38643B6CD9
:1055F000002B01D10023C8E13B6B1B68002B04D0BA
:105600003B6C5A1C3A642C221A707B68002B04D025
:105610003B6C5A1C3A640A221A703B6C00221A70C6
:105620003B689A68FB6B1A443B689A603B6B1B684B
:105630003B633B6B002B7FF465AF7B68002B02D094
:10564000BB68013300E0022319463868FEF7E2FC2C
:1056500038643B6C002B01D1002396E17B68002B62
:1056600011D00023BB6309E0E40202203B6C5A1C0A
:105670003A6409221A70BB6B0133BB63BB68013B00
:10568000BA6B9A42F2DB3B6C5A1C3A647D221A7068
:105690003B6C00221A703B681A68BB6B13447B6436
:1056A00072E16B4B1B68FA6A920010469847786269
:1056B0007B6A002B01D1002367E1654B1B68FA6A06
:1056C00092001046984738623B6A002B05D1614B27
:1056D0001B68786A9847002357E1FB6A9B001A46CB
:1056E0000021786A01F019FCFB6A9B001A46002130
:1056F000386A01F012FCFB689B683B63BB680133AE
:10570000BB607B68002B41D0FA6BBB681344FB6322
:105710003CE03B6B1B6A00211846FFF74BF8B86171
:10572000BB6B9B003A6A1344BA691A6000237A681B
:10573000B968386BFFF7B6FA7861BB6B5A1CBA636D
:105740009B007A6A13447A691A60BB69002B18D0EF
:105750007B69002B15D07869DBF706F90446B86938
:10576000DBF702F9034623447A68002A02D0BA68BC
:10577000023200E000221A44FB6B13440233FB6345
:1057800001E00123BB623B6B1B683B633B6B002B5F
:10579000BFD1BB6A002B05D12D4B1B68FA6B10469D
:1057A000984778647B6C002B01D10123BB62BB6AF4
:1057B000002B33D00023BB6322E0BB6B9B003A6A13
:1057C00013441B68002B08D0224B1B68BA6B920055
:1057D000396A0A44126810469847BB6B9B007A6A84
:1057E00013441B68002B08D01A4B1B68BA6B92003D
:1057F000796A0A44126810469847BB6B0133BB6351
:10580000BA6BFB6A9A42D8DB124B1B68386A98471E
:10581000104B1B68786A98470023B6E07B6C7B22AC
:105820001A707B6C01333B647B68002B04D03B6CAB
:105830005A1C3A640A221A703B6C00221A70002328
:10584000BB6378E07B68002B12D000237B630BE006
:10585000E4020220E80202203B6C5A1C3A6409224E
:105860001A707B6B01337B637A6BBB689A42F3DB04
:10587000BB6B9B003A6A13441B681846DBF774F84D
:10588000F861BB6B9B003A6A13441B68FA691946BE
:10589000386C02F078FA3A6CFB6913443B643B6C59
:1058A0005A1C3A643A221A707B68002B04D03B6C75
:1058B0005A1C3A6409221A70BB6B9B007A6A134423
:1058C0001B681946386C02F056FABB6B9B007A6A6B
:1058D00013441B681846DBF747F802463B6C134439
:1058E0003B64FB6A013BBA6B9A4204D03B6C5A1C86
:1058F0003A642C221A707B68002B04D03B6C5A1C33
:105900003A640A221A703B6C00221A70214B1B6801
:10591000BA6B9200396A0A441268104698471D4BC8
:105920001B68BA6B9200796A0A441268104698475D
:10593000BB6B0133BB63BA6BFB6A9A4282DB154BCC
:105940001B68386A9847134B1B68786A98477B68CE
:10595000002B0FD00023BB6307E03B6C5A1C3A645A
:1059600009221A70BB6B0133BB63BB68013BBA6B86
:105970009A42F2DB3B6C5A1C3A647D221A703B6CF3
:105980005A1C3A6400221A707B6C18464C37BD468C
:1059900090BD00BFE802022080B584B000AF7860FF
:1059A00039607B689B68FB6002E0FB681B68FB60FA
:1059B000FB68002B08D0FB681B6A39681846FEF7A5
:1059C000F1F80346002BF0D1FB6818461037BD46AE
:1059D00080BD80B483B000AF786039607B683A687E
:1059E0001A603B687A685A6000BF0C37BD465DF8A4
:1059F000047B704780B584B000AF786039607B6805
:105A00009B68FB603B68002B15D0FB68002B06D120
:105A10007B683A689A600FE0FB681B68FB60FB6874
:105A2000002B03D0FB681B68002BF5D13968F868A0
:105A3000FFF7CFFF00E000BF1037BD4680BD00007C
:105A400080B584B000AFF860B9607A607B68002BE5
:105A500014D07B681B6A002B05D00A4B1B687A6840
:105A6000126A10469847B868FEF70AF902467B6842
:105A70001A627968F868FFF7BDFF00E000BF1037D1
:105A8000BD4680BDE802022080B584B000AF7860DA
:105A9000FEF746F9F860FB68002B08D07B68002B06
:105AA00014BF01230023DBB21A46FB68DA60FB68EF
:105AB00018461037BD4680BD80B584B000AF87ED75
:105AC000000BFEF72DF9F860FB68002B0FD0FB6888
:105AD0000322DA60F968D7E90023C1E9062397EDCC
:105AE000007BFDEEC77B17EE902AFB685A61FB68CE
:105AF00018461037BD4680BD80B584B000AF7860D1
:105B0000FEF70EF9F860FB68002B08D0FB68042252
:105B1000DA607868FEF7B4F80246FB681A61FB6841
:105B200018461037BD4680BD80B582B000AFFEF785
:105B3000F7F878607B68002B02D07B680622DA6079
:105B40007B6818460837BD4680BD80B586B000AF7B
:105B50007860396000233B617B68002B01D1002312
:105B60006FE0FEF7DDF8F860FB68002B01D1002341
:105B700067E07B68DB6823F48072FB68DA607B682F
:105B80005A69FB685A617B68D3E90623F968C1E961
:105B900006237B681B69002B10D07B681B691846A5
:105BA000FEF76EF80246FB681A61FB681B69002B62
:105BB00004D1F868FEF7CCF8002342E07B681B6A4A
:105BC000002B10D07B681B6A1846FEF759F8024676
:105BD000FB681A62FB681B6A002B04D1F868FEF7A9
:105BE000B7F800232DE03B68002B01D1FB6828E0CB
:105BF0007B689B687B6120E001217869FFF7A5FF46
:105C0000B860BB68002B04D1F868FEF7A1F8002348
:105C100017E03B69002B08D03B69BA681A60BB6883
:105C20003A695A60BB683B6104E0FB68BA689A60F5
:105C3000BB683B617B691B687B617B69002BDBD1A7
:105C4000FB6818461837BD4680BD00000000000004
:105C50002DE9F04F55EC104B2DED0A8B2E0D11EE6A
:105C600090CA06F1FF3E40F2FD7089B086452A4693
:105C700021468DED001A4FEA1C5700F2C780C7F38A
:105C80000A0EAEF2BE307F2898BF002000F22F81AE
:105C9000BFEE000BD24CD34B1444C4F3463503EB98
:105CA000451693ED006B93ED027B251596ED189B41
:105CB00096ED162B05EE105A6FF3130496ED128B2A
:105CC00093ED0C4BB8EEC55B93ED04ABA5EE062B44
:105CD000A5EE079B93ED08BB93ED105B93ED067B60
:105CE00093ED0A6B93ED0E3B0E1E171B47EC1C6BDE
:105CF000ACEE080BA0EE053BA0EE046B20EE0A5BB9
:105D000030EE024B20EE058BA0EE0B7BA8EE036B72
:105D100032EE442BA8EE067B32EE002BB0EE483B71
:105D200039EE022B90EE053B34EE085B20EE080BBB
:105D300034EE454B32EE036B34EE084B36EE046B1B
:105D4000A0EE076B35EE064B21EE048B18EE902A81
:105D5000B0EE487BC2F30A556FF47273EB183E2B1A
:105D600091EE047B35EE445B35EE065BA1EE057BE0
:105D700000F2EF809C4B93ED024B93ED005BB0EE95
:105D8000441B93ED042BA8EE051B93ED066B11EE5F
:105D9000101A31EE441B01F07F0293ED0E4BA1EE81
:105DA000028BA1EE068B93ED0C6B37EE087B27EE92
:105DB000072B921802F10F0403EBC202A7EE046B4B
:105DC00092ED1C4B03EBC40293ED0A3B93ED085B91
:105DD00053F834605768A7EE035B4018002422EEA6
:105DE000023B37EE047BA219A2EE057B07EB4033A2
:105DF000A3EE067B002D00F0BB8043EC102BA7EE3A
:105E0000000B09B0BDEC0A8BBDE8F08F11EE103A23
:105E1000D8184CEB0C0A6FF0010910F1FF3B4AF166
:105E2000FF3E6FF40018D94578EB0E0EC0F0548198
:105E300014EB040E45EB050A1EF1FF3B6AF100006E
:105E4000D94578EB0000C0F01F81002DC7F30A0E82
:105E500080F2778140F2FE30864540F3F58040F2D3
:105E60003340864500F37481A0EB0E004FF0FF39FC
:105E7000A0F1200309FA03FB09FA00F8C0F1200A97
:105E800048EA0B08019329FA0AFB009B48EA0B0831
:105E900009FA00F923EA09092CEA080859EA08086E
:105EA00040F0D280C34001980CFA0AFA2CFA00F0B4
:105EB00043EA0A03034303F001039804AEF2BE333E
:105EC0007F2B22F00042C6F30A0621D8002E7FF471
:105ED000DFAE9FED3F7B45EC164B26EE077B55EC86
:105EE000174B25F000422146A2F15072D0E6009BEC
:105EF000D8184CEB0C086FF0010B10F1FF3A48F189
:105F0000FF396FF40016D34576EB0906C0F0228105
:105F1000364B9A4208BF002900F0B38040F2BD33EF
:105F20009E45324B48D9012972EB030334BF01234C
:105F30000023B7F5006F2CBF00270127BB424FF0AD
:105F400000000ED109B0BDEC0A8BBDE8F04F00F0A7
:105F500013BA002BC0F28180B5F5816F2AD9002ACF
:105F6000F0DB09B0BDEC0A8BBDE8F04F00F00CBAD5
:105F7000A14280F29D80B7EE004B03F17F5101F505
:105F80000011104641EC150B27EE057B35EE076B33
:105F9000B0EEC63BB4EEC43BF1EE10FA28D49FED50
:105FA0000E0B26EE000B09B0BDEC0A8BBDE8F04FDE
:105FB00000F01ABA0025DDE6002088429341B7EED2
:105FC000000B34BF31EE000B30EE410B19E700BF80
:105FD000000000000000304300000000000010003E
:105FE000AB6A19C0E8F80208300903080000F03F66
:105FF000B5EEC06BF1EE10FA01D5BFEE004B36EEF8
:10600000042B35EE465B34EE423B35EE075B33EE58
:10601000067B37EE057B37EE027B37EE446BB5EE41
:10602000406BF1EE10FA04D1002201F0004343EC82
:10603000162B9FED735B8DED045B9DED047B27EECE
:10604000057B8DED067BAAE745EC104B09B0BDEC56
:106050000A8BBDE8F04F00F0B7B9B7EE000B38EE91
:10606000000B00283FF4CDAEB1EE400BC9E6491855
:10607000694B82F400224FF0000052418842934164
:106080005AD3B7EE000BBCE6002D20EE000B73DBFD
:1060900000205EEA0A0A40F09C80BCF1000FBFF6C7
:1060A000B0AE09B0BDEC0A8BBDE8F04F00F074B99A
:1060B00003F140419FED546B01F57001104641EC36
:1060C000100BA7EE000B20EE060B09B0BDEC0A8BFF
:1060D000BDE8F04F00F094B950EA0A03C7D0211987
:1060E0004E4F4FF0000645EB05038E4277EB030E53
:1060F0001A4621D3BA4508BFB0421DD14848834251
:1061000008BFB142BDD0464B6FEA0C0C9A424FEA31
:10611000DC7C34BF0022012262456BD09FED3C0B3A
:106120006FE6009B8CF4002CDB183B4B4CEB0C0C0B
:10613000864273EB0C03A4D245EC174B37EE010BF0
:106140005FE6AEF2BE337F2B3FF6E8AE0020BDE641
:106150000020B3E650EA080689D0324F0026BD423F
:1061600008BFB442DDD018F5001F08BFB042E3D12C
:10617000491845EB0202C6E7C7F30A02A2F2FF3153
:10618000342985D8C2F586624FF0FF31A2F11D0493
:10619000033201FA04F601FA02F0C2F1200530439D
:1061A000009B21FA05F63043914023EA01012CEAD5
:1061B000000001437FF46CAFD3401A460CFA05F59A
:1061C0002A432CFA04F4224312F001020ED11046A5
:1061D0005FE7BCF1000FBFF614AEB7EE006B86EEC2
:1061E000007B8DED027B9DED020B0AE60120B1EEF6
:1061F000400B4EE721EE010B03E600BFAFF300803A
:106200000000000000001000000000000000007FFF
:1062100000000000000000000000F0FF0000E0FFB0
:106220000000E07F0000F03F00B583B08DED000B73
:1062300001990098C1F30A52A2F2FF33132B24DC18
:10624000002B44DB3A4A1A4101EA020E5EEA000ED4
:106250008C461FD09FED347B9DED006B36EE077BA7
:10626000B5EEC07BF1EE10FA09DD002904DA4FF437
:10627000801141FA03F39C442CEA020100200B46F2
:10628000024643EC102B03B000BD332B06DDB3F503
:10629000806F2AD09DED000B03B000BDA2F2134227
:1062A0004FF0FF3C2CFA02F21042F3D09FED1E7B20
:1062B0009DED006B36EE077BB5EEC07BF1EE10FA7C
:1062C000DDDD002984461CDB2CEA0200D7E79FEDC8
:1062D000167B30EE077BB5EEC07BF1EE10FACEDD1B
:1062E000002907DB00200146C9E79DED007B37EE62
:1062F000070BD1E721F0004108430FD14FF00041D7
:10630000BDE7142B0DD04FF0010EC3F134030EFA8C
:1063100003F39C44604588BF7144D5E705490020DC
:10632000ADE70131D0E700BF9C7500883CE4377EC3
:10633000FFFF0F000000F0BF10B52DED028BB0EE97
:10634000408B044601F0E8FCB0EE480BBDEC028B3C
:10635000046010BD82B058B1B1EE407B8DED007B82
:106360009DED007B222020EE070B02B0FFF7E4BF7B
:10637000B0EE407BF2E700BF9FED010BFFF7EABFF5
:1063800000000000000000109FED010BFFF7E2BFCE
:10639000000000000000007082B00028BFEE006B1B
:1063A000B7EE007B07FE067B8DED007B9DED000BBD
:1063B0009FED037B222080EE070B02B0FFF7BCBFEE
:1063C0000000000000000000B0EE407BB4EE477B10
:1063D000F1EE10FA30EE406B86EE060B02D621206D
:1063E000FFF7AABF704700BFB5EE400BF1EE10FA01
:1063F00000D070472220FFF79FBF00BF00000000C1
:106400009FED076BB0EEC07BB4EE467BF1EE10FA69
:1064100000DC70472220FFF78FBF00BFAFF3008082
:10642000FFFFFFFFFFFFEF7F024B0146186800F000
:106430002DB800BF00030220024B0146186801F08E
:10644000D7BC00BF0003022070B50F4E0C46316868
:10645000054611B901F050FC30602146284601F094
:106460004BFC431C03D14FF0FF34204670BDC41CCD
:1064700024F00304A042F8D0211A284601F03CFC85
:106480000130F2D1EFE700BF88D905202DE9F843AC
:10649000CD1C25F0030508350C2D38BF0C25002D2B
:1064A000064601DBA94204D90C2333600020BDE875
:1064B000F883DFF8D480F3F7F5FDD8F800301C46F8
:1064C00044BB29463046FFF7BFFF431C044658D162
:1064D000D8F800402746002F43D1002C4BD023682A
:1064E0003946304604EB030901F006FC814542D1F0
:1064F00021686D1A29463046FFF7A6FF01303AD0D1
:1065000023682B442360D8F800305A6862BBC8F86F
:1065100000700FE02268521B20D40B2A17D9611992
:10652000A342256018BF5960636808BFC8F800100F
:1065300062514B603046F3F7E5FD04F10B00231D7B
:1065400020F00700C21A1CBF1B1AA350AFE76268F5
:10655000A3420CBFC8F800205A60EBE723466468EA
:10656000AEE73C467F68B6E71A465B68A342FBD1BC
:1065700000235360DEE70C2333603046F3F7C2FD9F
:1065800094E70560D6E700BF8CD90520164B10B5FF
:106590001C68226BB2B91820FFF746FF0246206341
:1065A00020B9124B1248522101F0FCFB1149124B49
:1065B000C0E90013114B83600B238381002101206C
:1065C000C2E9040113690E4854690E49584301FB9E
:1065D0000400A3FB0131013340EB0100C2E90430A8
:1065E00020F0004010BD00BF00030220A0110308EE
:1065F000B71103080E33CDAB34126DE6ECDE0500A7
:106600002DF451582D7F954C242B2DE9F0478646CB
:10661000904601D8012B06D101F07EFB16230360C2
:106620000020BDE8F08734480D462A4615F8014B96
:10663000065D16F00806F8D12D2C10D12C78012615
:10664000951C33F0100215D1302C0DD12A7802F0B0
:10665000DF02582A08D16C78023510230AE02B2C6F
:1066600004BF2C78951CECE7002BF6D1302C14BF1E
:106670000A23082306F1004C0CF1FF3C0022BCFB6E
:10668000F3F9104603FB19CAA4F13007092F0FD8FC
:106690003C46A3421BDD571C07D0814514D301D1D2
:1066A000A24511DB00FB0340012215F8014BEBE78B
:1066B000A4F14107192F01D8373CEAE7A4F161079B
:1066C000192F04D8573CE4E74FF0FF32EDE7531C95
:1066D00008D12223CEF800306046B8F1000FA0D0D8
:1066E000691E06E006B14042B8F1000F99D0002AB9
:1066F000F6D1C8F8001094E741130308FFF784BFF0
:10670000022B10B50AD09208013A03680C6840F8D1
:10671000044B002A41F8043BF6DC10BD02440C781F
:10672000037800F8014B01F8013B131A002BF6DC4B
:10673000F3E7F8B50F46164604461D46984700286D
:10674000314638460CDAA847002802DA3C46204693
:10675000F8BD31462046A8470028F8DA3446F6E767
:10676000A8470028F2DC31462046A8470028F5DA81
:10677000EDE72DE9F04F95B00746009340EA02039C
:106780009B07154618D1B2F1040818BF4FF0010855
:106790000023019305FB01F43B19062907EB050BC8
:1067A000029328D8029B9B4510D3019B002B40F0FD
:1067B000178115B0BDE8F08F4FF00208E8E74346B7
:1067C0002A4631462046FFF79BFF0FE05C460EE06D
:1067D000661B009B214630469847002809DDB8F12A
:1067E000000FECD123683268226033603446A74240
:1067F000EED3AB44D6E74FEA5109641B072905FBEA
:1068000009793C4421D0282944D9CE086E43009B05
:1068100007EB4602B9193846FFF78BFF494609EBEB
:106820000602009B8246881BFFF783FF2246009BDF
:106830008146A11BA4EB4600FFF77BFF02464946B9
:10684000009B5046FFF775FF8146B8F1000F24D139
:106850003B68D9F800203A60C9F80030D946A24612
:106860005E460023A14536D803933946009B48462F
:1068700098470028039B2CDC0AD1B8F1000F13D1F4
:106880003368D9F800203260C9F800302E44012363
:10689000A944E7E72246BA46D1E743462A46494695
:1068A0003846FFF72DFFD9E743462A46494630468A
:1068B000FFF726FFEAE70BD1B8F1000F13D12368E9
:1068C000DAF800202260CAF80030AAEB050A01239A
:1068D000641BA1450ED9002B40D1029B9B45BFF400
:1068E00064AF5C4636E043462A4651462046FFF7F1
:1068F00007FFEAE703933946009B204698470028A4
:10690000039BD8DAB8F1000F07D1D9F8003022681C
:10691000C9F800202360641BB9E743462A46214694
:106920004846FFF7EDFEF6E743462A463146204645
:10693000FFF7E6FE0DE0661B009B214630469847B8
:10694000002809DDB8F1000FEED12368326822601B
:1069500033603446A742EED3AB44BEE7A9EB060B47
:10696000F21B5A45A8BF5A462AB14346A9EB020179
:106970003846FFF7C5FE029BA3EB0A02AAEB04040C
:10698000521BA24228BF22462AB102994346891AC5
:106990004846FFF7B5FE029B5C45A3EB040605D80D
:1069A00023465C469B4633463E461F46AB4520D9B0
:1069B000BBFBF5F1019B072B0BD8B4FBF5F414AA34
:1069C00002EBC30343F8406C43F83C4C019B01339A
:1069D000DFE6009B2A463846FFF7CBFEAC420BD8D9
:1069E000019B14AA013B019302EBC30353E910710D
:1069F000D0E6AC427FF6D9AEB4FBF5F13746C9E636
:106A0000002310B50446C0E90033C0E904338360B5
:106A100081814366C2818361194608225C3000F09F
:106A20007CFA0D4B63620D4BA3620D4BE3620D4B81
:106A300023630D4B24629C4206D003F1680294420A
:106A400002D0D0339C4205D104F15800BDE810407B
:106A500001F08CB910BD00BF196D02083F6D02082E
:106A6000776D02089D6D020890D90520024A0349FE
:106A7000034800F06BB800BFEC0202205589020801
:106A80000403022041680C4B994210B5044601D022
:106A900001F060FFA168094B994202D0204601F045
:106AA00059FFE168064B994204D02046BDE81040EA
:106AB00001F050BF10BD00BF90D90520F8D90520C6
:106AC00060DA05200C4B0D4A0D4810B504211A6000
:106AD0000022FFF795FF0A4B01221C46092103F112
:106AE0006800FFF78DFF04F1D0000222BDE81040DE
:106AF0001221FFF785BF00BFC8DA05206D6A0208C2
:106B000090D90520014801F033B900BFF2DA052021
:106B1000014801F02FB900BFF2DA052010B5044694
:106B2000FFF7F0FF236A1BB1BDE81040FFF7F0BF8D
:106B3000044B2362044B1B68002BF5D1FFF7C2FF07
:106B4000F2E700BF856A0208C8DA05202DE9F8439C
:106B50000746884614460026D4E90195B9F1010993
:106B600005D52468002CF7D13046BDE8F883AB8901
:106B7000012B07D9B5F90E30013303D02946384629
:106B8000C04706436835E9E70FB407B5064904ABCB
:106B9000086853F8042B8168019301F0B1FB03B03E
:106BA0005DF804EB04B0704700030220036A70B57F
:106BB000846805460E460BB9FFF7B0FF636EDB072E
:106BC00005D4A389980502D4A06D01F0D1F8A3895A
:106BD000190702D52369002B35D12146284600F03C
:106BE0001FF980B34FF0FF35636EDA0705D4A38930
:106BF0009B0502D4A06D01F0BDF8284670BD002BA6
:106C000004DAA269934217DB0A2915D023685A1CBB
:106C100022601970A36816F8011F013BA3600029C8
:106C2000EDD1002B11DA22460A21284600F0BAF8ED
:106C30000130D7D00A25D7E72246284600F0B2F81F
:106C40000130E7D1CEE7013EE4E723685A1C226019
:106C50000A221A70EEE70000024B01461868FFF79F
:106C6000A5BF00BF000302200CB430B5184B0C1EAA
:106C70001D689DB008DA8B232B604FF0FF301DB0EC
:106C8000BDE8304002B070474FF40273ADF81430E5
:106C90004FF000031B9314BF04F1FF33234604930A
:106CA00007934FF6FF7302900690ADF81630209AC6
:106CB00021AB02A92846019301F000FA431CBCBF96
:106CC0008B232B60002CDAD0029B00221A70D6E7AF
:106CD000000302200EB410B59DB01FAB02900690C9
:106CE0006FF000410A48079104910A4953F8042BB8
:106CF0000591002402A9006801931B9401F0DEF9BC
:106D0000029B1C701DB0BDE8104003B0704700BF6F
:106D1000000302200802FFFF10B50C46B1F90E1067
:106D200000F0D8FF0028ABBF636DA3891B1823F4C4
:106D30008053ACBF6365A38110BD002070472DE96F
:106D4000F0411F468B89DB0505460C46164605D5E6
:106D5000B1F90E100223002200F0AAFFA389B4F9B2
:106D60000E1023F48053A38132463B462846BDE8EB
:106D7000F041F9F781B910B50C46B1F90E1000F0E9
:106D800097FFB4F90C30421C0BBF23F4805343F43B
:106D90008053A381A38118BF606510BDB1F90E10A7
:106DA00000F076BFF8B50E461446054618B1036AE2
:106DB0000BB9FFF7B3FEA369A360A3891A0701D536
:106DC000236943B92146284600F02AF818B14FF04C
:106DD000FF373846F8BD23682269981A6369F6B20E
:106DE0008342374605DC2146284601F0B3FD0028E2
:106DF000EDD1A368013BA36023685A1C22601E707A
:106E00006269431C9A4204D0A389DB07E1D50A2EAC
:106E1000DFD12146284601F09DFD0028D9D0D6E7D4
:106E200038B5284B054618680C4618B1036A0BB9EB
:106E3000FFF774FEB4F90C301A0721D4D80607D432
:106E400009222A6043F04003A3814FF0FF3030E075
:106E5000590712D5616B41B104F14403994202D044
:106E6000284600F0C5FF002363630022B4F90C300C
:106E700062602269226023F0240343F00803A381A7
:106E800022693AB99A0501D5180603D52146284644
:106E900001F0BEFDB4F90C3013F001020AD000225B
:106EA000A26062695242A261226942B913F0800075
:106EB000C8D138BD990758BF6269A260F4E70020C5
:106EC000F7E700BF0003022010B5013902449042E9
:106ED00001D1002005E0037811F8014FA34201D051
:106EE000181B10BD0130F2E7884210B501EB020417
:106EF00002D98442234607D8431EA14207D011F885
:106F0000012B03F8012FF8E70244824200D110BDA3
:106F100013F8011D02F8011DF7E7024403469342EE
:106F200000D1704703F8011BF9E7C9B203461846C0
:106F300013F8012B12B18A42F9D17047002918BF0A
:106F40000020704710B56AB10139841810F8012B80
:106F500011F8013F9A4203D1A04201D0002AF5D195
:106F6000D01A10BD1046FCE710B50139034632B106
:106F700011F8014F03F8014B013A002CF7D11A44E4
:106F80000021934200D110BD03F8011BF9E7000076
:106F900038B50B4B1D686A6B044652B92420FFF7C5
:106FA00043FA0246686320B9064B0748322100F0D5
:106FB000F9FE20461146BDE8384000F007B800BF92
:106FC00000030220A01103080F1203082DE9F0416D
:106FD0000C46074601F082FD21460646384601F080
:106FE00081FD43699907044603F26C7806D1642257
:106FF00098FBF2F302FB1383002B6FD14FF4C8739D
:1070000098FBF3F503FB1585B5FA85F56D09644B1F
:107010006D4205F030051D4400F002FC00F00CFC50
:10702000604B1B68002B68D07368434558D1D7E983
:1070300000233768D6E90801002F59D1824273EB4B
:1070400001015CDB01232362336D21684FF461622F
:1070500093FBF2F002FB10333C2293FBF2F602FBAF
:107060001633C91A6268A3682160921B1B1A3B2958
:107070006260A3604FDD013262603C3921603B2ACF
:107080004FDD0133A3603C3A6260172B4FDDE269AC
:107090000132E261A2690132072AA8BF0022A2617F
:1070A000E268183B0132A3602369E26055F82310BF
:1070B0008A420EDD0B2BA2EB0102E26003F101021A
:1070C00009BF636922610022013302BF226163614B
:1070D000E26100F0ABFB2046BDE8F081012596E7B8
:1070E000404600F0EBFA0028A1D14FF0FF3304E056
:1070F000824273EB010102DA0023236209E0D6E940
:10710000120182428B41B4BF012300232362002B72
:107110009AD1B36A99E70029B1DA013A62603C3149
:10712000ACE7002AB1DA013BA3603C32ACE7002BAC
:10713000CFDAE269013AE261A269013A48BF062268
:10714000A261E2681833013AE260A360002AC0D16C
:107150002369013B04D4236155F82330E360B8E789
:107160000B23236163695A1E6261920703F26B73FA
:1071700005D1642193FBF1F201FB12326AB94FF49D
:10718000C87293FBF2F102FB1133B3FA83F35B098C
:1071900003F5B673E3610B23DEE70123F8E700BFD5
:1071A000A4140308ECDA0520F7B501683B2904466E
:1071B00011D93C22684600F013FE019A63680099D9
:1071C000002A0B446360BBBF3C3203F1FF332260F3
:1071D0002260B8BF636061683B2911D93C226846D0
:1071E00000F0FEFD019AA3680099002A0B44A360F9
:1071F000BBBF3C3203F1FF3362606260B8BFA36083
:10720000A168172911D91822684600F0E9FD019AF2
:10721000E3680099002A0B44E360BBBF183203F116
:10722000FF33A260A260B8BFE36021690B2911D9C6
:107230000C22684600F0D4FD019A63690099002A87
:107240000B446361BBBF0C3203F1FF332261226147
:10725000B8BF636163699A073FD1642193FBF1F280
:1072600001FB1232002A3AD103F26C734FF4C87258
:1072700093FBF2F102FB1133002B0CBF1D231C23E7
:10728000E268002A2DDD304D2169012914BF55F82F
:107290002100184682424DDD0131121A0C29E260AC
:1072A0002161F1D163690020591C20618807616167
:1072B00046D1642091FBF0F600FB1611002941D164
:1072C00003F26D734FF4C87193FBF1F001FB1033BF
:1072D000002B0CBF1D231C23D6E71C23D0E71D2346
:1072E000CEE7194E0B256420216901392161013156
:1072F00016D16369591E8F07C4E904511CD191FB53
:10730000F0F700FB1711C9B903F26B734FF4C871A2
:1073100093FBF1F701FB1733002B0CBF1D231C233C
:107320002169012914BF56F8211019460A44002A80
:10733000E260D9DD03B0F0BD1C23F1E71D23EFE7C8
:107340001C23A1E71D239FE7741403082DE9F04FC8
:1073500085B0074601F0C2FB81463846FFF724FF9F
:10736000D7E900433C2202FB0344BB687D694FF42C
:10737000616202FB0344D7E90363C34A52F8232046
:10738000013E012B164411DDA9070FD1642295FBA4
:10739000F2F302FB135343B905F26C734FF4C87256
:1073A00093FBF2F102FB113303B9013605F51C53CF
:1073B000103344F620629342FE6100F27081462D44
:1073C00040F3B680462340F26D1C64214FF4C87030
:1073D0009A0740F0A78093FBF1F201FB1232002ADA
:1073E00040F0A38003F26C7292FBF0FE00FB1E22C1
:1073F000002A0CBF4FF4B77262460133AB42164409
:10740000E6D1A24B4FEAE478C6FB034800F008FA45
:1074100000F012FA9E4B1B68002B00F04781D7F852
:1074200020A078695346012BA8BF01230193D9F806
:10743000043000F26C70834240F0BD80D9E908212D
:10744000D9F85000D9F84CC0131A0393D9F8483032
:107450000293029AD9F8283061EBE07BB2EB030E7D
:107460006CEBE371744578EB010280F2C780D9F8C8
:107470000020002A00F0D080039A944278EB0B029F
:10748000C0F21181744578EB0101B4BF4FF0010BDC
:107490004FF0000BBAF1000FC0F29480019A82EA1B
:1074A0000B0ABAF1010F40F08D80BBF1000F00F024
:1074B000C2801B1A3A681A441C193A603846FA68A6
:1074C000019248EBE378FFF76FFEFB68019A9B1A85
:1074D00078D0012B00F3B180B3F1FF3FA8BF9A46EB
:1074E000FB691AEB0303564440F1B0806B1E990709
:1074F00040F0A680642293FBF2F102FB1133002BD3
:1075000040F0A1804FF4C87305F26B7595FBF3F260
:1075100003FB1255002D40F26D1318BF4FF4B673E4
:10752000FB614FE040F26D1267E74FF4B77264E71A
:107530003FF467AF452340F26D1C64214FF4C870DF
:1075400012E062BB93FBF1F201FB123252BB03F279
:107550006C7292FBF0FE00FB1E22002A0CBF4FF45F
:10756000B7726246B61A013BAB4203F00302E8DC95
:10757000DAB9642295FBF2F302FB1353C3B905F2A7
:107580006C734FF4C87293FBF2F102FB1133002BC2
:1075900040F26D1308BF4FF4B773F61A31E740F2AB
:1075A0006D12DFE74FF4B772DCE740F26D13F4E7DA
:1075B0004FF4B773F1E700F081F800287FF43EAF95
:1075C000DDF804B0BBF1010F72D1D9F850301C19AD
:1075D00048EBE3784FF0010B00F028F9043607235D
:1075E00096FBF3F3C3EBC303F61A56D4C7F820B0E7
:1075F000BE612046414605B0BDE8F08F029A121ADE
:1076000002924FEAE0726CEB020C029A944278EB21
:107610000C0CBFF62CAFD3E7039A944278EB0B0225
:10762000FFF630AFBAF1000FCFDB4FF0010B35E7BB
:107630004FF0000B32E7C31A3CE74FF0FF3A4FE739
:107640004FF4B6736CE740F26D1369E7AA0717D1E0
:10765000642195FBF1F201FB1252DAB94FF4C872C2
:1076600005F26C7595FBF2F102FB1155002D40F20D
:107670006D1208BF4FF4B7729342A8BF9B1A4FE731
:1076800040F26D12F8E700BF441403088051010076
:10769000ECDA05204FF4B772EEE70736A6E74FF0B5
:1076A000FF34A046A5E7BAF1000FC1DA4FF0000B96
:1076B000D9F828301C1948EBE3788DE72DE9F04123
:1076C000044601F00BFA40F2B1739C4240F3A280F1
:1076D0006FF4F662A618A4F2B27340F26D12B610FF
:1076E00002FB03666FF4C8616FF06302A4F26D736E
:1076F00093FBF2F34FF4C8721E446318B3FBF2F32A
:10770000454A44601E44054600F150072B7A4A2B37
:107710003AD1696914F0030F01EB060308D14FF069
:10772000640E94FBFEFC0EFB1C4CBCF1000F08D158
:107730004FF4C87E94FBFEFC0EFB1C4CBCF1000F0A
:1077400020D13B29D4BF002101210B44013BA96971
:107750004FEAE17CC3FB021CAB6AC9184CEBE37334
:10776000C5E908132835AF42D0D1D0E90843D0E9A4
:1077700012128C429341B4BF012300230360012005
:10778000BDE8F0810021E0E7442B02D16B6933446E
:10779000DDE7A30705D1642194FBF1F301FB13435B
:1077A00093BB4FF4C87194FBF1F301FB1343B3FA9D
:1077B00083F35B095942DFF864C0D5F80C8001F00F
:1077C000300133464FF0000E61440EF1010EF045DA
:1077D00051F82EC01ADC03F1040E07219EFBF1F1D3
:1077E000C1EBC101AEEB010E6969B1EB0E0E296967
:1077F00001F1FF3148BF0EF1070EC1EBC101714429
:10780000614505DA0B44A2E70123D3E76344DCE7D3
:107810000739F5E70020B3E780510100A014030801
:10782000014800F0A4BA00BFF0DA0520014800F0DA
:10783000A0BA00BFF0DA0520014B186800F002B8CA
:10784000000302202DE9F04F8DB0054601F046F906
:10785000BC49BD4F0446284600F050FB3968064637
:1078600010BBBA4BBA4A1860BA4BA6621860BA4B42
:107870002665C3E900224A2000220023207284F8F2
:107880003000C4E90366C4E90566C4E90823C4E915
:107890000D66C4E90F66C4E912230846FEF7CCFD65
:1078A0003E600DB0BDE8F08F002940F08F80386851
:1078B000FEF7C2FD3046D9F757F8411C2846FEF7BF
:1078C000E5FD3860002840F08780A24AA24FDFF82B
:1078D0007CA200231360A14ACAF8003000200021D6
:1078E000C7E90022C4E90333C4E90533C4E9080148
:1078F000C4E90D33C4E90F33C4E912014A222272EC
:10790000A36284F83020236533783A2B08BF013610
:107910000DF1280B33783C2B62D1751C904A9149AC
:107920005B46284601F0AEF80028BADD0A9BDA1E55
:10793000072AB6D8EA5C3E2AB3D10236F518F35CC2
:107940002D2B5BD101354FF0FF380023ADF81E30F1
:10795000ADF820300DF120090DF11E030093CDE9A3
:1079600001B98149CDF80CB05B4607AA284601F061
:1079700089F8002895DDBDF81E30BDF820603C2256
:1079800002FB0366BDF81C304FF4616202FB036624
:107990000A9B08FB06F605EB0308EB5C3C2B40F06A
:1079A000ED8008F10105714A6E495B46284601F0F9
:1079B00069F8002828DC98F801303E2B24D1684B68
:1079C000A662C7E90033CAF800606AE7D8F7C2FFC9
:1079D00000287FF46CAF64E7314600F0CCF974E71F
:1079E0005F4A63495B46304601F04CF800287FF758
:1079F00058AF0A9BDA1E072AA0D952E72B2B08BFE3
:107A000001354FF00108A0E70A9BDA1E072A3FF66E
:107A100048AFEA5C3E2A7FF444AF08F1020808EB65
:107A2000030518F803302D2B40F0B78001354FF0D7
:107A3000FF380023ADF81C30ADF81E30ADF8203013
:107A40000A930DF11E030093CDE9029B4649CDF840
:107A500004B05B4607AA284601F014F8002800F39A
:107A6000A280A6F5616304930A9BA0461D444FF0D3
:107A7000000B2B782C2B08BF013595F80090B9F13D
:107A80004D0F40F0A0800AAB0DF12602CDE9013286
:107A900009AA0092374903930DF12202284600F00B
:107AA000F1FF03287FF4FDAEBDF822104B1E0B2B17
:107AB0003FF6F7AEBDF82420531E042B3FF6F1AE7F
:107AC000BDF82630062B3FF6ECAEC8E9031288F865
:107AD0000890C8F814300A9B05EB030900254FF005
:107AE0000203ADF81C30ADF81E50ADF820500A95D9
:107AF00099F800302F2B40F094800AAB08AACDE90A
:107B000001320DF11E0200921B49039307AA484659
:107B100000F0B8FFA84200F384804A21002200232D
:107B2000C4E90355C4E90555C4E90823C4E90D5562
:107B3000C4E90F55C4E912232172A56284F83010FC
:107B40002565AEE668120308CCDA0520E8DA0520E0
:107B50006B120308ECDA0520F8020220F112030888
:107B6000DCDA05206F120308A4120308D0DA05201E
:107B70008212030890120308A3120308404A4149E5
:107B80005B46404600F07EFF00287FF718AF0A9B57
:107B9000DA1E072A7FF643AF83E62B2B08BF013599
:107BA0004FF0010845E7BDF81E20BDF820303C210C
:107BB00001FB0233BDF81C204FF4616101FB02336D
:107BC00008FB03F34FE7B9F14A0F06BF01354B46F7
:107BD00044230A220BA92846059300F005FADDF894
:107BE0002C90059BADF82600A94514D14D23BBF17F
:107BF000000F07D1237203210223C4E90313C4F841
:107C000014B06BE784F830300B220123C4E90D2354
:107C10000023E36362E780B288F80830C8F81400F4
:107C20005CE7BDF81E20BDF820303C2101FB02338B
:107C3000BDF81C204FF4616101FB0233C8F8183015
:107C40000A9D0BF10103022B4D4408F128084FF067
:107C5000010B7FF40EAF049B23650B4B3B60606808
:107C6000074BA6627B60FFF729FDA26A236DCAF865
:107C700000209B1A054A18BF0123136011E600BFBC
:107C8000D0DA052082120308DCDA0520ECDA0520C0
:107C900038B5064D0023044608462B60F2F788FAF3
:107CA000431C02D12B6803B1236038BD70D9042076
:107CB00038B5074D04460846114600222A601A4688
:107CC000F2F79DFA431C02D12B6803B1236038BD43
:107CD00070D9042038B5074D0446084611460022E5
:107CE0002A601A46F2F747FA431C02D12B6803B107
:107CF000236038BD70D9042038B5064D00230446F2
:107D000008462B60F2F796F9431C02D12B6803B1A9
:107D1000236038BD70D90420014B1868704700BF3C
:107D20000003022070B50D4B0D4D5B1B9C1000260F
:107D3000A64209D101F0C4FB0A4D0B4B5B1B9C1002
:107D40000026A64205D170BD55F8043B9847013680
:107D5000EEE755F8043B98470136F2E70C150308A7
:107D60000C1503080C15030810150308704770471D
:107D7000704770477047034611F8012B03F8012B39
:107D8000002AF9D170470A44914200F1FF3300D133
:107D9000704710B511F8014B03F8014F9142F9D12A
:107DA00010BD00001FB514461A46094B1B68054656
:107DB000D8684CB1074B0091CDE9013406492B46F8
:107DC00000F0F0FD00F056FF044B1C46F3E700BF47
:107DD00000030220B6120308C3120308F1120308BD
:107DE00010B591FBF2F402FB14110460416010BD68
:107DF00038B50546002941D051F8043C0C1F002B32
:107E0000B8BFE418F2F74EF91D4A136833B963603E
:107E100014602846BDE83840F2F774B9A34208D987
:107E2000206821188B4201BF19685B68091821601E
:107E3000EDE71A465B680BB1A342FAD911685018F6
:107E4000A0420BD120680144501883421160E0D158
:107E500018685B68536008441060DAE702D90C23A5
:107E60002B60D6E7206821188B4204BF19685B6835
:107E7000636004BF091821605460CAE738BD00BFC1
:107E80008CD905202DE9F84FDFF86CA0064689460D
:107E9000174600F0F7FEDAF8004034B14B4698463A
:107EA00013F8012B3AB13D2AF9D1304600F0F0FE2B
:107EB0000020BDE8F88FA8EB0908A34654F8040B8E
:107EC0000028F2D042464946FFF73CF80028F4D19A
:107ED00054F8043C03EB080513F808303D2BECD1B3
:107EE000DAF80030ABEB03039B1030463B6000F048
:107EF000CFFE681CDDE700BF3C00022007B501AAE9
:107F0000FFF7C0FF03B000BD2DE9F043344E8646B5
:107F10000D46284615F8014B375D17F00807F8D1D4
:107F20002D2C10D12C780127851C33F0100015D191
:107F3000302C0DD1287800F0DF00582808D16C785B
:107F4000023510230AE02B2C04BF2C78851CECE7AB
:107F5000002BF6D1302C14BF0A2308234FF0FF3832
:107F60000026B8FBF3F803FB08F96FEA090930466D
:107F7000A4F1300CBCF1090F10D86446A3421EDDF9
:107F8000B6F1FF3F07D0804516D301D1A14513DBE1
:107F900000FB0340012615F8014BE9E7A4F1410C71
:107FA000BCF1190F01D8373CE8E7A4F1610CBCF132
:107FB000190F04D8573CE1E74FF0FF36EBE7731C8D
:107FC00006D12223CEF80030304632B9BDE8F08326
:107FD00007B14042002AF9D006B1691E1160F5E7E9
:107FE00041130308FFF790BF13460A4601460248B3
:107FF0000068FFF789BF00BF000302202DE9F047AA
:108000008E681F46BE4282460C469046334653D881
:10801000B1F90C0010F4906F2BD0656923680969E1
:1080200005EB4505A3EB010905EBD5757B1C6D1030
:108030004B44AB422A4684BF1D462A46430527D5FA
:1080400011465046FEF722FA064658B321694A46C1
:10805000FFF799FEA38923F4906343F08003A38183
:10806000266165614E44A5EB09052660A5603E4684
:108070003B461F4620683A464146FEF735FFA36857
:108080009B1BA36023683B4423600020BDE8F0876E
:10809000504600F003FE06460028E1D12169504613
:1080A000FFF7A6FE0C23CAF80030A38943F0400373
:1080B000A3814FF0FF30E9E73E46DBE72DE9F047CB
:1080C0001F468B891B069CB006460D46144610D5EC
:1080D0000B6973B94021FEF7D9F92860286130B9DE
:1080E0000C2333604FF0FF301CB0BDE8F087402315
:1080F0006B610023099320238DF8293003973023E7
:10810000654F8DF82A304FF001082346994613F841
:10811000012B0AB1252AF9D1B9EB040A0BD0534639
:10812000224629463046FFF769FF013000F0A4805F
:10813000099A5244099299F80030002B00F09C8073
:1081400000234FF0FF32CDE9052309F10109049323
:1081500007938DF853301A934C464F4814F8011B7F
:108160000522D8F70DFC049BD0B9D80644BF2022C5
:108170008DF85320190744BF2B228DF8532099F80E
:1081800000202A2A13D0079A4C4600204FF00A0CF0
:10819000214611F8013B303B092B49D968B913E05E
:1081A000C01B08FA00F018430490A146D4E7039AD4
:1081B000111D12680391002A01DB079204E052426C
:1081C00043F002030792049323782E2B0AD163789D
:1081D0002A2B32D1039B1A1D1B68039243EAE373D7
:1081E00002340593DFF8C090217803224846D8F77F
:1081F000C7FB38B1049BA0EB090040228240134327
:108200000134049314F8011B24488DF82810062229
:10821000D8F7B6FB002835D0214818BB039B07339D
:1082200023F0070308330393099B034409936CE786
:108230000CFB02320C460120AAE70023013405930F
:1082400019464FF00A0C204610F8012B303A092A43
:1082500003D9002BC6D00591C4E70CFB01210446CD
:108260000123F0E703AB00932A460E4B04A93046E6
:10827000AFF30080421CD7D1AB895B063FF532AF2C
:10828000099831E703AB00932A46064B04A9304610
:1082900000F0B8F9EEE700BFF2120308FC12030881
:1082A00000000000FD7F0208F81203089368013BFC
:1082B000002B10B4936008DA9469A34201DB0A2909
:1082C00003D15DF8044BFEF76DBD1368581C1060B8
:1082D000197008465DF8044B7047F8B506460F461E
:1082E0001446D518AC4201D1002007E014F8011B58
:1082F0003A463046FFF7DAFF431CF3D1F8BD0000E1
:108300002DE9F0470D469CB014461F46064618B1AD
:10831000036A0BB9FEF702FC6B6ED90705D4AB8973
:108320009A0502D4A86DFFF723FDAB891B0701D581
:108330002B699BB929463046FEF772FD70B16B6E12
:10834000DC0704D54FF0FF301CB0BDE8F087AB89E7
:108350009805F7D4A86DFFF70DFDF3E70023099307
:1083600020238DF82930039730236A4F8DF82A3067
:108370004FF001082346994613F8012B0AB1252A2C
:10838000F9D1B9EB040A0BD05346224629463046B0
:10839000FFF7A3FF013000F0A480099A524409922C
:1083A00099F80030002B00F09C8000234FF0FF3242
:1083B000CDE9052309F10109049307938DF85330A2
:1083C0001A934C46534814F8011B0522D8F7D8FAE3
:1083D000049BD0B9D90644BF20228DF853201A0738
:1083E00044BF2B228DF8532099F800202A2A13D05D
:1083F000079A4C4600204FF00A0C214611F8013B29
:10840000303B092B49D968B913E0C01B08FA00F0CA
:1084100018430490A146D4E7039A111D12680391F2
:10842000002A01DB079204E0524243F00203079264
:10843000049323782E2B0AD163782A2B32D1039B05
:108440001A1D1B68039243EAE37302340593DFF8B5
:10845000D490217803224846D8F792FA38B1049B89
:10846000A0EB09004022824013430134049314F826
:10847000011B29488DF828100622D8F781FA002818
:108480003ED0264818BB039B073323F0070308336D
:108490000393099B034409936CE70CFB02320C46DF
:1084A0000120AAE700230134059319464FF00A0C76
:1084B000204610F8012B303A092A03D9002BC6D0E8
:1084C0000591C4E70CFB012104460123F0E703AB4F
:1084D00000932A46124B04A93046AFF30080431C98
:1084E000D7D16B6ED90705D4AB899A0502D4A86D94
:1084F000FFF740FCAB895B063FF524AF099823E703
:1085000003AB00932A46064B04A9304600F07AF8E4
:10851000E5E700BFF2120308FC12030800000000A8
:10852000DB820208F81203082DE9F0471646984648
:108530008A680B69DDF820909342B8BF1346336018
:1085400091F8432007460C460AB101333360236893
:10855000990642BF336802333360256815F006057B
:1085600006D104F1190AE36832689B1AAB4226DC93
:1085700094F843302268003B18BF012392062BD4A5
:1085800004F1430241463846C84701301ED02368F3
:10859000226903F00603042B02BFE5683368ED1A75
:1085A000A3680CBF25EAE57500259342C4BF9B1A5A
:1085B000ED1800261A34B5421AD1002008E0012334
:1085C000524641463846C847013003D14FF0FF308C
:1085D000BDE8F0870135C6E7E1185A1C302081F864
:1085E0004300224494F8451082F843100233C7E751
:1085F0000123224641463846C8470130E6D00136BD
:10860000D9E700002DE9F0430D7E85B0782D904626
:108610000C9E07460C46994601F1430207D8622D8D
:108620000AD8002D00F0D780582D00F0BC8004F14E
:10863000420684F842503BE0A5F16303152BF6D8BF
:1086400001A151F823F000BFA1860208B5860208F7
:108650002F8602082F8602082F8602082F8602081E
:10866000B58602082F8602082F8602082F86020888
:108670002F860208BD870208DF8602086F8702087E
:108680002F8602082F860208DF8702082F8602083D
:10869000DF8602082F8602082F86020877870208E5
:1086A00033681A1D1B68326004F1420684F84230B8
:1086B0000123A1E033682068191D3160060601D549
:1086C0001D6803E04506FBD5B3F90050002D03DA21
:1086D0002D236D4284F843305B480A2311E0216862
:1086E0003368080653F8045B02D4490648BFADB2AC
:1086F0003360237E54486F2B5CD10823002184F81B
:1087000043106668A660002E05DB21682E4321F029
:108710000401216050D01646B5FBF3F103FB115C58
:1087200010F80CC006F801CDAC4663450D46F3D9F0
:10873000082B0BD12368DB0708D5236961689942B0
:10874000DEBF302306F8013C06F1FF36921B2261A2
:10875000CDF80090434603AA21463846FFF7E4FED1
:1087600001304ED14FF0FF3005B0BDE8F0832368F3
:1087700043F0200323603548782584F8455023686A
:10878000316813F0800F51F8045B03D113F0400FF0
:1087900018BFADB23160D90744BF43F02003236056
:1087A0001DB11023AAE72848E7E7236823F0200338
:1087B0002360F6E70A23A1E71646B9E73368256880
:1087C0006169181D30602E061B6801D5196002E032
:1087D0006806FBD51980002323611646B8E7336885
:1087E0001A1D32601E68626800213046D8F7C8F84A
:1087F00008B1801B606063682361002384F8433004
:10880000A6E72369324641463846C8470130A9D019
:1088100023689B0713D4E068039B9842B8BF1846AF
:10882000A2E70123324641463846C847013099D075
:108830000135E36803995B1AAB42F2DCEBE70025F4
:1088400004F11906F5E700BF031303081413030826
:10885000B1F90C202DE9F041160705460C4651D41C
:108860004B68002B02DC0B6C002B49DDE66A002E06
:1088700046D0002312F480522F682B6031D0626DF5
:10888000A389590705D56368D21A636B0BB1236CB2
:10889000D21A0023E66A216A2846B047421CB4F97E
:1088A0000C3006D129681D2946D8294ACA40D60766
:1088B00042D500226260D9042269226004D5421C9C
:1088C00001D12B6803B96065616B2F60C1B104F100
:1088D0004403994202D02846FFF78AFA00236363D3
:1088E0000EE0216A01232846B0470246501CC7D13A
:1088F0002B68002BC4D01D2B01D0162B1AD12F6052
:1089000000201EE00F69002FFAD093070E6808BF01
:108910004B690F6018BF0023A6EB07088B60B8F106
:10892000000FEDDD216AA66A43463A462846B04765
:10893000002808DCB4F90C3043F04003A3814FF069
:10894000FF30BDE8F0810744A8EB0008E7E700BF6F
:108950000100402038B50B6905460C4613B90025C7
:10896000284638BD18B1036A0BB9FEF7D7F8B4F939
:108970000C30002BF3D0626ED00704D4990502D4DA
:10898000A06DFFF7F5F928462146FFF761FF636EFA
:10899000DA070546E4D4A3899B05E1D4A06DFFF76F
:1089A000E9F9DDE70EB403B5014603AB054853F81A
:1089B000042B00680193FFF7A3FC02B05DF804EB01
:1089C00003B070470003022070B50C46B1F90E10D9
:1089D000002996B015461E460ADAA18911F08001D9
:1089E00013D14FF48062002031602A6016B070BD50
:1089F0006A4600F01DF90028EFDB019901F470418F
:108A0000A1F5005359425941EBE700214022EAE722
:108A10008B8973B59E0705460C4607D504F14703BD
:108A2000236023610123636102B070BD01AB6A461C
:108A3000FFF7CAFF009E28463146FDF727FDB4F92F
:108A40000C3038B99A05EFD423F0030343F0020346
:108A5000A381E3E743F08003A381019B2060C4E985
:108A60000406002BE0D0B4F90E10284600F0F2F80E
:108A70000028D9D0A38923F0030343F00103A38185
:108A8000D2E700000EB470B59DB021AC00254FF4C4
:108A9000017254F8046BADF814201B9502900690F7
:108AA000D7F762FF0B4B039007900B480B934FF6E1
:108AB000FF73ADF816303246234602A900680F95C1
:108AC0001495019400F072F91DB0BDE8704003B038
:108AD000704700BF3B6D020800030220004870474A
:108AE000500302202DE9F0414D4A0C460023D0E905
:108AF0000001D7F795FF002ABCBF02F5A83202F5A6
:108B0000C0724FF4616100F52F20B2FBF1F301FB5D
:108B100013224FF03C01ACBF00F66C2000F66B2036
:108B2000A360B2FBF1F301FB132263602260C31C5C
:108B3000072293FBF2F2C2EBC2029B1A394955D5C8
:108B40000733A361A0F50E33A3F52C7393FBF1F16A
:108B5000354B03FB010048F6AC63B0FBF3F3034471
:108B600040F2B45CB0FBFCF29B1A40F26D172F4A46
:108B7000B0FBF2F264269B1AB3FBF7F2B3FBFCF3F3
:108B8000B2FBF6F5EB1A034407FB1233992003EB13
:108B90008307023703F1010EB7FBF0FC00FB0CF07A
:108BA00002304FF00508B0FBF8F0AEEB000040F2E9
:108BB000F95E77458CBF6FF00907022767444FF4D1
:108BC000C87C0CFB0121012F98BF0131B3F5997FBF
:108BD00012D3A3F59973E361A1F26C710023E060F5
:108BE000C4E9047123622046BDE8F0810028A36136
:108BF000A8DB90FBF1F1ABE712F0030F02D106FB0B
:108C000015255DB94FF4C875B2FBF5F605FB1622C4
:108C1000B2FA82F252093B331344DCE70122FAE74D
:108C200080510100B13A02004FC5FDFFB03A020089
:108C300038B5074D00230446084611462B60F1F76E
:108C4000C3FA431C02D12B6803B1236038BD00BFB7
:108C500070D9042038B5064D0023044608462B6021
:108C6000F1F7C2FA431C02D12B6803B1236038BD6F
:108C700070D9042008B5062000F0FEFB0120F1F7B2
:108C80006FFA00000148FFF773B800BFF1DA052062
:108C90000148FFF76FB800BFF1DA05202DE9F04178
:108CA000074614460D4621B9BDE8F0411146FDF7CF
:108CB000EDBB2AB9FFF79CF825462846BDE8F081B0
:108CC00000F0F6FB8442064602D8B4EB500FF4D80D
:108CD00021463846FDF7DAFB804608B94546ECE701
:108CE000B4422246294628BF3246FFF74CF82946AF
:108CF0003846FFF77DF8F1E738B54B1C144603D131
:108D00004FF0FF35284638BD938923F02003938127
:108D1000636B5268CDB28BB1A36B934208DD2368BD
:108D20005A1E226003F8015C636801336360E9E75F
:108D3000214600F03EFB0028F1D0E1E721692368DD
:108D400051B1994208D213F8011CA94204D1013B48
:108D5000013223606260D5E7C4E90F3204F14403B5
:108D600063630323A363234603F8465F2360012361
:108D7000DCE710B50C46496B69B104F14403994234
:108D800001D0FFF735F8236C63600020606313B1F6
:108D9000E36B236010BD2369236000236360A38914
:108DA00043F02003A3814FF0FF30F3E72DE9F04FAC
:108DB000ADF5237D41AC0D460021C4E9031101A9A5
:108DC0006161AF49C4F87C11DFF8C4B2AD49C4F8A1
:108DD00080110746E846009392F80090B9F1000F21
:108DE00000F060811BF8093013F0080302F101065E
:108DF0001BD06B68002B10DD2B681A781BF8022043
:108E0000120701D43246E7E72269013222616A681B
:108E10000133013A6A602B60EBE7D4F880312946D0
:108E2000384698470028E7D0ECE7B9F1250F40F025
:108E300084802360A36053782A2B02BF1023961CE2
:108E400023600A22B2461AF8011BA1F13003092B54
:108E50001DD98D4B03221846D7F792FD38B18A4BA6
:108E60002268C01A0123834013432360564616F834
:108E7000013B782B06D8572B10D8252B5DD057D81F
:108E8000002B76D00323A3610A23636089E0A368E3
:108E900002FB03113039A1605646D3E7A3F1580213
:108EA000202AEFD801A151F822F000BF818F0208DB
:108EB000858E0208858E0208DD8F0208858E0208E5
:108EC000858E0208858E0208858E0208858E02082E
:108ED000858E0208858E0208F38F0208D98F02085A
:108EE000378F0208378F0208378F0208858E0208F5
:108EF000938F0208858E0208858E0208858E0208EF
:108F0000858E0208039002089B8F0208798F020861
:108F1000858E0208858E0208FF8F0208858E020862
:108F2000D98F0208858E0208858E0208818F02087B
:108F3000453B022BA6D8052332E06B68002B0DDDE4
:108F40002B681A784A4540F0AD8001336A682B607F
:108F50002369013A01336A60236153E7D4F8803111
:108F60002946384698470028EAD0E068002840F0B3
:108F700091804FF0FF3091E0226842F020022260A1
:108F8000226842F40072226010226E2B626006D8C2
:108F900001E000236360032302E0082363600423ED
:108FA000A3616B68002B3CDD2368590605D42B6850
:108FB0001A781BF8022012073BD4A369022B4BDC62
:108FC00043462A462146384600F06EF8012869D00B
:108FD00002287FF417AFC8E70A22D6E7314601A876
:108FE00000F0AEF9236843F04003236006460123F6
:108FF000D6E7236843F0400323600023D0E7022331
:10900000CEE72068C3063FF5FDAED8F800302269F0
:10901000191DC8F800101B68C0074CBF1A801A60E1
:10902000F0E6D4F880312946384698470028BBD06E
:109030009BE72269013222616A68013A002A6A606C
:1090400002DD01332B60B2E7D4F88031294638467F
:1090500098470028ABD088E7042B06DC43462A4615
:109060002146384600F07AF8B0E7084B002B3FF471
:10907000C9AE43462A4621463846AFF30080A5E7ED
:10908000F98C0208738D0208F81203080000000032
:1090900041130308AB895B063FF56BAF0DF5237DEC
:1090A000BDE8F08FE068F9E72DE9F84315468A68D6
:1090B00080460C4632B98A69002A14BF4FF0FF324D
:1090C00001228A602268DFF89090D1065FBF1A689B
:1090D000111D196016680027A06988B1012807D101
:1090E0002B681A7863699B5C53B9002F32D023E058
:1090F000022821D12B681B7819F803301B071BD4D9
:109100002368DA065EBF2B681B7806F8013B6B68A4
:10911000013B6B602B6801332B60A368013B013777
:10912000A3604BB16B68002BD6DCD4F880312946A4
:10913000404698470028CFD0236813F0100305D18C
:10914000E2680132E260A26902B1337023693B44F4
:1091500023610020BDE8F883411303082DE9F04F97
:109160009846734B0C468246164693E8070087B034
:1091700003AB83E807006F4BA1696F4A032908BF5F
:109180001A46A36801925A1EB2F5AE7F84BF6FF4EF
:10919000AE7503EB0509274684BF40F25D13A3605B
:1091A00057F81C3B43F4506398BF4FF0000923600D
:1091B0003D464FF0000B316803AB097853F82B00A4
:1091C0000222D7F7DDFB28B3BBF1010F58D162684B
:1091D0002AB92268082142F4007261602260226884
:1091E00022F4A0622260A268511EA16092B132688E
:1091F000511C3160127805F8012B7268013A002A7F
:10920000726007DCD4F88021314650469047002830
:1092100040F083800BF1010BBBF1030FCBD16168F0
:1092200009B90A216160454B6069591A00F088F854
:109230004FF0000BA3682268002B3DD031686069B5
:1092400091F800C010F80C00002835D0BCF1300FA8
:1092500024D1100522D50BF1010BB9F1000F03D079
:10926000013309F1FF39A3607368013B002B736080
:109270001BDD336801333360A368013BA360D9E78A
:10928000BBF1020FAFD1226802F4C061B1F5007FDB
:10929000C5D11021616042F48072A3E722F410620C
:1092A00022600B7805F8013BDEE7D4F880313146C7
:1092B000504698470028DFD02368DB050DD5BD4216
:1092C00009D915F8011CD4F87C313246504698472C
:1092D00005F1FF394D46BD4227D0226812F0100239
:1092E00012D12A706368019E39465046B047D8F8BB
:1092F000003021681A1DC8F800208E061B680FD5A3
:109300001860E3680133E3602369ED1B5D442B447F
:109310002361002007B0BDE8F08F4FF0000BCBE7D2
:10932000CA074CBF18801860EBE70120F2E700BFC6
:10933000B8F10208FD660208E57F0208351303084C
:1093400070B50B7804465E2B0BBF4B784A1C8A1C09
:10935000002108BF0121013804F1FF0500F8011FB9
:10936000A842FBD10BB9501E70BD81F00101E15440
:109370001046024612F8015B2D2D05D05D2D16D04A
:10938000002DF1D02B46F2E746785D2EFAD0B3429D
:10939000F8DC02301A4601329642A154FBDCF21A84
:1093A000013AB342A8BF002201331344E1E710465B
:1093B000DAE72DE9F0410C46496B04F14403994288
:1093C0001DD14FF48061FDF761F818B94FF0FF30FF
:1093D000BDE8F0814FF48063A36394F84630606386
:1093E00080F8FF3394F8453080F8FE3394F8443029
:1093F00080F8FD3300F2FD3020600020E8E7A66B26
:1094000077003A46FFF74AFC05460028DED000EB1D
:109410000608014632464046FEF7B5FCC4E90D5742
:10942000C4F80080E9E71F2938B505460C4604D981
:10943000162303604FF0FF3038BDC26B12B152F8F3
:1094400021304BB9284600F031F822460146284623
:10945000BDE8384000F018B8012B0AD0591C03D1E0
:10946000162303600120E7E7002142F8241020467C
:1094700098470020E0E70000024B01461868FFF71C
:10948000D2BF00BF0003022038B5074D00230446B9
:10949000084611462B60F0F751FE431C02D12B68A1
:1094A00003B1236038BD00BF70D90420F0F73EBE81
:1094B00051F8043C181F002BBCBF0B58C018704754
:1094C000F8B500BFF8BC08BC9E467047F8B500BFB1
:0894D000F8BC08BC9E46704781
:1094D80049444C4500000000546D722053766300E7
:1094E800546D725100000000443A2F4465736B7448
:1094F8006F702F53656E736F72436F6E63656E7412
:109508007261746F722F4D6964646C6577617265FE
:10951800732F54686972645F50617274792F4C7745
:1095280049502F7372632F6E657469662F6574686E
:1095380065726E65742E63006E657469662D3E688B
:1095480077616464725F6C656E206D7573742062F8
:1095580065203620666F722065746865726E657462
:109568005F6F757470757421000000004173736536
:109578007274696F6E2022257322206661696C659A
:1095880064206174206C696E6520256420696E20F2
:1095980025730A00443A2F4465736B746F702F5318
:1095A800656E736F72436F6E63656E747261746F0C
:1095B800722F4D6964646C6577617265732F5468A6
:1095C8006972645F50617274792F4C7749502F73B8
:1095D80072632F6170692F74637069702E63000065
:1095E80074637069705F7468726561643A20696E4B
:1095F80076616C6964206D6573736167650000004E
:10960800417373657274696F6E2022257322206618
:1096180061696C6564206174206C696E65202564DD
:1096280020696E2025730A00496E76616C69642092
:109638006D626F78000000006661696C6564207473
:109648006F206372656174652074637069705F74FC
:109658006872656164206D626F7800006661696C8C
:10966800656420746F20637265617465206C6F6334
:109678006B5F74637069705F636F726500000000F0
:1096880074637069705F74687265616400000000DB
:10969800443A2F4465736B746F702F53656E736F04
:1096A80072436F6E63656E747261746F722F4D6969
:1096B80064646C6577617265732F54686972645F5E
:1096C80050617274792F4C7749502F7372632F63EE
:1096D8006F72652F6D656D2E63000000706C756785
:1096E8005F686F6C65733A206D656D203E3D207232
:1096F800616D0000417373657274696F6E20222575
:109708007322206661696C6564206174206C696EDF
:109718006520256420696E2025730A00706C7567C2
:109728005F686F6C65733A206D656D203C207261CF
:109738006D5F656E64000000706C75675F686F6CC4
:1097480065733A206D656D2D3E75736564203D3DEA
:1097580020300000706C75675F686F6C65733A2025
:109768006D656D2D3E6E657874203C3D204D454DF0
:109778005F53495A455F414C49474E4544000000F4
:109788006661696C656420746F20637265617465D5
:10979800206D656D5F6D7574657800006D656D5F32
:1097A800667265653A2073616E69747920636865CD
:1097B800636B20616C69676E6D656E7400000000F4
:1097C8006D656D5F667265653A20696C6C65676189
:1097D8006C206D656D6F7279000000006D656D5FBE
:1097E800667265653A20696C6C6567616C206D65A9
:1097F8006D6F72793A20646F75626C652066726568
:10980800650000006D656D5F667265653A20696C7C
:109818006C6567616C206D656D6F72793A206E6F4B
:109828006E2D6C696E6B65643A20646F75626C6549
:1098380020667265650000006D656D5F7472696D04
:109848003A206C6567616C206D656D6F72790000F8
:109858006D656D5F7472696D2063616E206F6E6CEB
:109868007920736872696E6B206D656D6F7279000F
:10987800696E76616C6964206E65787420707472A4
:10988800000000006D656D5F6D616C6C6F633A2060
:10989800216C667265652D3E757365640000000075
:1098A8006D656D5F6D616C6C6F633A20616C6C6F98
:1098B8006361746564206D656D6F7279206E6F7475
:1098C8002061626F76652072616D5F656E642E003F
:1098D8006D656D5F6D616C6C6F633A20616C6C6F68
:1098E8006361746564206D656D6F72792070726F45
:1098F8007065726C7920616C69676E65642E000012
:109908006D656D5F6D616C6C6F633A2073616E6934
:10991800747920636865636B20616C69676E6D6537
:109928006E740000443A2F4465736B746F702F5344
:10993800656E736F72436F6E63656E747261746F78
:10994800722F4D6964646C6577617265732F546812
:109958006972645F50617274792F4C7749502F7324
:1099680072632F636F72652F6D656D702E630000D3
:109978006D656D705F6D616C6C6F633A206D656DC0
:10998800702070726F7065726C7920616C69676E97
:1099980065640000417373657274696F6E202225D7
:1099A8007322206661696C6564206174206C696E3D
:1099B8006520256420696E2025730A00696E76612A
:1099C8006C696420706F6F6C2064657363000000BD
:1099D8006D656D705F6D616C6C6F633A2074797042
:1099E80065203C204D454D505F4D4158000000001A
:1099F8006D656D705F667265653A206D656D207086
:109A0800726F7065726C7920616C69676E6564004D
:109A18006D656D705F667265653A20747970652052
:109A28003C204D454D505F4D41580000443A2F446D
:109A380065736B746F702F53656E736F72436F6EBF
:109A480063656E747261746F722F4D6964646C65BE
:109A580077617265732F54686972645F50617274BC
:109A6800792F4C7749502F7372632F636F72652F6C
:109A78006E657469662E63006E657469665F696EEB
:109A88007075743A20696E76616C696420706275CD
:109A980066000000417373657274696F6E20222539
:109AA8007322206661696C6564206174206C696E3C
:109AB8006520256420696E2025730A006E65746927
:109AC800665F696E7075743A20696E76616C696458
:109AD800206E6574696600006E657469665F61640E
:109AE800643A20696E76616C6964206E6574696693
:109AF800000000006E657469665F6164643A204E18
:109B08006F20696E69742066756E6374696F6E2064
:109B1800676976656E0000006E6574696620616C21
:109B2800726561647920616464656400746F6F2094
:109B38006D616E79206E65746966732C206D61782D
:109B48002E20737570706F72746564206E756D6207
:109B5800657220697320323535000000696E7661C0
:109B68006C696420706F696E746572006E657469E3
:109B7800665F7365745F6970616464723A20696EC8
:109B880076616C6964206E65746966006E657469D7
:109B9800665F7365745F6E65746D61736B3A206997
:109BA8006E76616C6964206E6574696600000000F9
:109BB8006E657469665F7365745F67773A20696E6E
:109BC80076616C6964206E65746966006E65746997
:109BD800665F7365745F75703A20696E76616C694B
:109BE80064206E65746966006E657469665F697382
:109BF8007375655F7265706F7274733A20696E76FB
:109C0800616C6964206E6574696600006E657469CC
:109C1800665F7365745F646F776E3A20696E76610C
:109C28006C6964206E657469660000006E6574690D
:109C3800665F7365745F6C696E6B5F75703A2069F7
:109C48006E76616C6964206E657469660000000058
:109C58006E657469665F7365745F6C696E6B5F646B
:109C68006F776E3A20696E76616C6964206E6574F0
:109C780069660000443A2F4465736B746F702F5304
:109C8800656E736F72436F6E63656E747261746F25
:109C9800722F4D6964646C6577617265732F5468BF
:109CA8006972645F50617274792F4C7749502F73D1
:109CB80072632F636F72652F706275662E63000082
:109CC800706275665F616C6C6F633A20706275666E
:109CD80020712D3E7061796C6F61642070726F70B5
:109CE80065726C7920616C69676E656400000000BC
:109CF800417373657274696F6E2022257322206622
:109D080061696C6564206174206C696E65202564E6
:109D180020696E2025730A00504255465F504F4F08
:109D28004C5F42554653495A45206D7573742062FD
:109D38006520626967676572207468616E204D45A9
:109D48004D5F414C49474E4D454E54007062756613
:109D58005F616C6C6F633A20706275662D3E70614E
:109D6800796C6F61642070726F7065726C792061B4
:109D78006C69676E65640000706275665F616C6C23
:109D88006F633A206572726F6E656F7573207479B0
:109D980070650000696E76616C6964207062756632
:109DA8005F74797065000000706275665F72656146
:109DB8006C6C6F633A207020213D204E554C4C004E
:109DC800706275665F7265616C6C6F633A207120B2
:109DD800213D204E554C4C006D656D5F7472696D68
:109DE8002072657475726E65642071203D3D204E49
:109DF800554C4C007020213D204E554C4C00000025
:109E0800696E6372656D656E745F6D61676E6974A6
:109E1800756465203C3D20702D3E6C656E00000029
:109E2800706275665F667265653A20702D3E726570
:109E380066203E203000000070632D3E6375737409
:109E48006F6D5F667265655F66756E6374696F6E68
:109E580020213D204E554C4C00000000696E766173
:109E68006C69642070627566207479706500000002
:109E78007062756620726566206F766572666C6FB3
:109E880077000000286820213D204E554C4C2920A1
:109E9800262620287420213D204E554C4C29202868
:109EA80070726F6772616D6D65722076696F6C6133
:109EB800746573204150492900000000702D3E74DC
:109EC8006F745F6C656E203D3D20702D3E6C656E35
:109ED80020286F66206C6173742070627566206933
:109EE8006E20636861696E2900000000702D3E6E67
:109EF800657874203D3D204E554C4C00702D3E74C5
:109F08006F745F6C656E203D3D20702D3E6C656EF4
:109F1800202B20712D3E746F745F6C656E000000FD
:109F2800702D3E746F745F6C656E203D3D20702D02
:109F38003E6C656E00000000706275665F636F704E
:109F4800793A20746172676574206E6F7420626953
:109F58006720656E6F75676820746F20686F6C6422
:109F680020736F75726365006F66667365745F74DE
:109F78006F203C3D20705F746F2D3E6C656E000055
:109F88006F66667365745F66726F6D203C3D207006
:109F98005F66726F6D2D3E6C656E0000705F746F4A
:109FA80020213D204E554C4C000000007062756623
:109FB8005F636F7079282920646F6573206E6F74F2
:109FC80020616C6C6F77207061636B6574207175AC
:109FD8006575657321000000706275665F636F7058
:109FE800795F7061727469616C3A20696E76616C30
:109FF8006964206275660000706275665F636F70E1
:10A00800795F7061727469616C3A20696E76616C0F
:10A0180069642064617461707472000070627566AE
:10A028005F6765745F636F6E746967756F75733AA0
:10A0380020696E76616C69642062756600000000B4
:10A04800706275665F6765745F636F6E7469677564
:10A058006F75733A20696E76616C69642064617407
:10A068006170747200000000706275665F74616BE5
:10A07800653A20696E76616C6964206275660000D5
:10A08800706275665F74616B653A20696E76616CA3
:10A09800696420646174617074720000706275662E
:10A0A8005F74616B653A20627566206E6F74206C10
:10A0B8006172676520656E6F7567680070627566A6
:10A0C8005F74616B653A20696E76616C69642070B3
:10A0D80062756600646964206E6F7420636F7079BE
:10A0E80020616C6C206461746100000063686563C2
:10A0F8006B20706275665F736B697020726573752B
:10A108006C740000706275665F636F7079206661B9
:10A11800696C656400000000434C4F5345440000DF
:10A128004C495354454E000053594E5F53454E54C5
:10A138000000000053594E5F52435644000000008F
:10A1480045535441424C49534845440046494E5FA3
:10A15800574149545F31000046494E5F57414954C1
:10A168005F320000434C4F53455F5741495400004C
:10A17800434C4F53494E47004C4153545F41434B66
:10A188000000000054494D455F5741495400000004
:10A19800443A2F4465736B746F702F53656E736FF9
:10A1A80072436F6E63656E747261746F722F4D695E
:10A1B80064646C6577617265732F54686972645F53
:10A1C80050617274792F4C7749502F7372632F63E3
:10A1D8006F72652F7463702E630000007463705F84
:10A1E800667265653A204C495354454E000000009C
:10A1F800417373657274696F6E202225732220661D
:10A2080061696C6564206174206C696E65202564E1
:10A2180020696E2025730A007463705F6672656535
:10A228005F6C697374656E3A20214C495354454EEE
:10A23800000000007463705F72656D6F76655F6C17
:10A24800697374656E65723A20696E76616C6964CB
:10A25800206C697374656E6572000000706362201B
:10A26800213D204E554C4C007063622D3E73746145
:10A278007465203D3D204C495354454E0000000074
:10A288007463705F636C6F73655F73687574646F14
:10A29800776E3A20696E76616C696420706362003B
:10A2A8007063622D3E666C61677320262054465F9A
:10A2B8005258434C4F534544000000007463705F8C
:10A2C800636C6F73653A20696E76616C696420709F
:10A2D800636200007463705F73687574646F776E8F
:10A2E8003A20696E76616C696420706362000000D0
:10A2F8007463705F6162616E646F6E3A20696E7636
:10A30800616C69642070636200000000646F6E27EE
:10A31800742063616C6C207463705F61626F727427
:10A328002F7463705F6162616E646F6E20666F7216
:10A33800206C697374656E2D706362730000000091
:10A348007463705F62696E643A20696E76616C69E5
:10A3580064207063620000007463705F62696E64F9
:10A368003A2063616E206F6E6C792062696E64209A
:10A37800696E20737461746520434C4F53454400E3
:10A388007463705F6163636570745F6E756C6C3A5B
:10A3980020696E76616C6964207063620000000059
:10A3A8007463705F6C697374656E5F776974685FF6
:10A3B8006261636B6C6F675F616E645F6572723A4E
:10A3C80020696E76616C6964207063620000000029
:10A3D8007463705F6C697374656E5F776974685FC6
:10A3E8006261636B6C6F675F616E645F6572723A1E
:10A3F8002070636220616C726561647920636F6E9E
:10A408006E656374656400007463705F7570646181
:10A4180074655F7263765F616E6E5F776E643A2013
:10A42800696E76616C696420706362006E65775F3F
:10A438007263765F616E6E5F776E64203C3D20309C
:10A4480078666666660000007463705F726563769E
:10A4580065643A20696E76616C6964207063620095
:10A46800646F6E27742063616C6C207463705F7214
:10A47800656376656420666F72206C697374656EB7
:10A488002D706362730000007463705F636F6E6E9B
:10A498006563743A20696E76616C696420706362E2
:10A4A800000000007463705F636F6E6E6563743ADA
:10A4B80020696E76616C69642069706164647200F9
:10A4C8007463705F636F6E6E6563743A2063616E68
:10A4D800206F6E6C7920636F6E6E65637420667290
:10A4E8006F6D20737461746520434C4F534544006D
:10A4F8007463705F736C6F77746D723A2061637404
:10A50800697665207063622D3E73746174652021DD
:10A518003D20434C4F5345440A0000007463705F6C
:10A52800736C6F77746D723A206163746976652015
:10A538007063622D3E737461746520213D204C491F
:10A548005354454E0A0000007463705F736C6F7754
:10A55800746D723A20616374697665207063622D48
:10A568003E737461746520213D2054494D452D5733
:10A578004149540A000000007463705F736C6F7780
:10A5880074696D723A2070657273697374207469A6
:10A59800636B696E67207769746820696E2D666CD5
:10A5A8006967687420646174610000007463705F97
:10A5B800736C6F7774696D723A2070657273697322
:10A5C80074207469636B696E6720776974682065A5
:10A5D8006D7074792073656E642062756666657245
:10A5E800000000007463705F736C6F77746D723A6B
:10A5F800206D6964646C652074637020213D20744B
:10A6080063705F6163746976655F7063627300008D
:10A618007463705F736C6F77746D723A20666972D9
:10A62800737420706362203D3D207463705F6163C2
:10A63800746976655F706362730000007463705FAD
:10A64800736C6F77746D723A2054494D452D57419C
:10A658004954207063622D3E7374617465203D3DDA
:10A668002054494D452D5741495400007463705F8B
:10A67800736C6F77746D723A206D6964646C6520D1
:10A6880074637020213D207463705F74775F70631A
:10A69800627300007463705F736C6F77746D723AE5
:10A6A80020666972737420706362203D3D20746374
:10A6B800705F74775F706362730000007463705F2B
:10A6C80070726F636573735F726566757365645FD7
:10A6D800646174613A20696E76616C6964207063A4
:10A6E800620000007463705F7365747072696F3A1A
:10A6F80020696E76616C69642070636200000000F6
:10A708007463705F7365675F636F70793A20696E11
:10A7180076616C6964207365670000007463705F1C
:10A72800726563765F6E756C6C3A20696E76616CE3
:10A738006964207063620000696E76616C696420E8
:10A748007374617465000000696E76616C696420D9
:10A75800736F636B657420737461746520666F72C0
:10A7680020726563762063616C6C6261636B0000C4
:10A77800696E76616C696420736F636B65742073AE
:10A788007461746520666F722073656E74206361EE
:10A798006C6C6261636B0000696E76616C69642041
:10A7A800736F636B657420737461746520666F7270
:10A7B800206572722063616C6C6261636B000000DB
:10A7C8007463705F706F6C6C3A20696E76616C6947
:10A7D8006420706362000000696E76616C696420B1
:10A7E800736F636B657420737461746520666F7230
:10A7F80020706F6C6C0000007463705F7063625F40
:10A8080070757267653A20696E76616C696420704C
:10A81800636200007463705F7063625F72656D6F7E
:10A8280076653A20696E76616C69642070636200AF
:10A838007463705F7063625F72656D6F76653A20EE
:10A84800696E76616C6964207063626C6973740008
:10A85800756E73656E74207365676D656E747320AD
:10A868006C65616B696E6700756E61636B6564200A
:10A878007365676D656E7473206C65616B696E676F
:10A88800000000006F6F736571207365676D656EFA
:10A898007473206C65616B696E6700007463705F28
:10A8A8006E6578745F6973733A20696E76616C6956
:10A8B80064207063620000007463705F6566665FA1
:10A8C80073656E645F6D73735F6E657469663A2055
:10A8D800696E76616C6964206473745F69700000E6
:10A8E8007463705F6E657469665F69705F616464E4
:10A8F800725F6368616E6765645F7063626C6973D9
:10A90800743A20696E76616C6964206F6C645F616B
:10A9180064647200443A2F4465736B746F702F53EC
:10A92800656E736F72436F6E63656E747261746F78
:10A93800722F4D6964646C6577617265732F546812
:10A948006972645F50617274792F4C7749502F7324
:10A9580072632F636F72652F7463705F696E2E6305
:10A96800000000007463705F696E7075743A206946
:10A978006E76616C696420706275660041737365F8
:10A988007274696F6E2022257322206661696C6576
:10A9980064206174206C696E6520256420696E20CE
:10A9A80025730A00702D3E6E65787420213D204E77
:10A9B800554C4C00702D3E6C656E203D3D2030009E
:10A9C800702D3E746F745F6C656E203D3D20702D58
:10A9D8003E6E6578742D3E746F745F6C656E000012
:10A9E8007463705F696E7075743A20616374697618
:10A9F80065207063622D3E737461746520213D206B
:10AA0800434C4F53454400007463705F696E707522
:10AA1800743A20616374697665207063622D3E73B1
:10AA28007461746520213D2054494D452D57414995
:10AA3800540000007463705F696E7075743A206129
:10AA48006374697665207063622D3E737461746502
:10AA580020213D204C495354454E00007463705FDB
:10AA6800696E7075743A207063622D3E6E657874F5
:10AA780020213D2070636220286265666F72652020
:10AA880063616368652900007463705F696E70753F
:10AA9800743A207063622D3E6E65787420213D20E3
:10AAA80070636220286166746572206361636865FB
:10AAB800290000007463705F696E7075743A2054E1
:10AAC800494D452D57414954207063622D3E73749A
:10AAD800617465203D3D2054494D452D57414954E9
:10AAE800000000007063622D3E72656675736564D0
:10AAF8005F64617461203D3D204E554C4C00000060
:10AB08007463705F696E7075745F64656C61796594
:10AB1800645F636C6F73653A20696E76616C696413
:10AB280020706362000000007463705F6C69737466
:10AB3800656E5F696E7075743A20696E76616C69CE
:10AB480064207063620000007463705F74696D65EF
:10AB5800776169745F696E7075743A20696E7661A1
:10AB68006C696420706362007463705F70726F63F5
:10AB78006573733A20696E76616C696420706362EC
:10AB8800000000007463705F696E7075743A20701D
:10AB980063622D3E737461746520213D20434C4FE0
:10ABA800534544007063622D3E736E645F71756532
:10ABB80075656C656E203E20300000006E6F207356
:10ABC80065676D656E7420746F2066726565000038
:10ABD8007063622D3E6C697374656E65722D3E619B
:10ABE800636365707420213D204E554C4C00000075
:10ABF8007463705F6F6F735F696E736572745F7390
:10AC080065676D656E743A20696E76616C6964205B
:10AC180063736567000000007063622D3E736E64A5
:10AC28005F71756575656C656E203E3D2070627557
:10AC3800665F636C656E286E6578742D3E702900BA
:10AC48007463705F726563656976653A2076616CD6
:10AC58006964207175657565206C656E6774680038
:10AC68007463705F726563656976653A20696E76AC
:10AC7800616C696420706362000000007463705F37
:10AC8800726563656976653A2077726F6E672073BF
:10AC98007461746500000000756E61636B65640023
:10ACA800756E73656E740000696E7365672E70202B
:10ACB800213D204E554C4C00696E73616E65206FC6
:10ACC80066667365742100007062756620746F6F24
:10ACD8002073686F727421007463705F72656365B6
:10ACE8006976653A207365676D656E74206E6F745A
:10ACF800207472696D6D656420636F727265637428
:10AD08006C7920746F207263765F776E640A000036
:10AD18007463705F726563656976653A2073656709
:10AD28006D656E74206E6F74207472696D6D6564E4
:10AD380020636F72726563746C7920746F206F6F13
:10AD48007365712071756575650A00007463705FBD
:10AD5800726563656976653A207463706C656E2008
:10AD68003E207263765F776E640A00007463705FDA
:10AD7800726563656976653A206F6F7365712074D3
:10AD880063706C656E203E207263765F776E640A2E
:10AD9800000000007463705F70617273656F707497
:10ADA8003A20696E76616C69642070636200000005
:10ADB800443A2F4465736B746F702F53656E736FCD
:10ADC80072436F6E63656E747261746F722F4D6932
:10ADD80064646C6577617265732F54686972645F27
:10ADE80050617274792F4C7749502F7372632F63B7
:10ADF8006F72652F7463705F6F75742E6300000047
:10AE08007463705F6372656174655F7365676D65B0
:10AE18006E743A20696E76616C69642070636200B2
:10AE2800417373657274696F6E20222573222066E0
:10AE380061696C6564206174206C696E65202564A5
:10AE480020696E2025730A007463705F6372656100
:10AE580074655F7365676D656E743A20696E7661B7
:10AE68006C6964207062756600000000702D3E7485
:10AE78006F745F6C656E203E3D206F70746C656EFC
:10AE8800000000007463705F706275665F707265C1
:10AE9800616C6C6F633A20696E76616C6964206FCF
:10AEA80076657273697A65007463705F706275663F
:10AEB8005F707265616C6C6F633A20696E76616C65
:10AEC80069642070636200006E65656420756E6356
:10AED8006861696E65642070627566007463705F8E
:10AEE80077726974655F636865636B733A20696E2E
:10AEF80076616C6964207063620000007463705F3F
:10AF080077726974653A207062756673206F6E2077
:10AF18007175657565203D3E206174206C656173AF
:10AF280074206F6E65207175657565206E6F6E2D66
:10AF3800656D7074790000007463705F777269746E
:10AF4800653A206E6F207062756673206F6E20718F
:10AF580075657565203D3E20626F74682071756562
:10AF680075657320656D7074790000007463705F97
:10AF780077726974653A20696E76616C69642070CD
:10AF8800636200007463705F77726974653A206168
:10AF98007267203D3D204E554C4C202870726F67DB
:10AFA80072616D6D65722076696F6C61746573206E
:10AFB80041504929000000006D73735F6C6F636135
:10AFC8006C20697320746F6F20736D616C6C000066
:10AFD800696E636F6E73697374656E74206F7665DE
:10AFE8007273697A652076732E20737061636500C9
:10AFF800696E636F6E73697374656E74206F7665BE
:10B008007273697A652076732E206C656E00000075
:10B018007463705F77726974653A20524F4D20707F
:10B02800627566732063616E6E6F74206265206F4F
:10B0380076657273697A656400000000756E7365E1
:10B048006E745F6F76657273697A65206D69736D6A
:10B058006174636820287063622D3E756E73656E37
:10B0680074206973204E554C4C2900007463705F3E
:10B0780077726974653A20636865636B20746861E8
:10B088007420666972737420706275662063616EDD
:10B0980020686F6C642074686520636F6D706C65E0
:10B0A8007465207365676C656E0000006F76657265
:10B0B80073697A65203D3D20300000007072657626
:10B0C8005F73656720213D204E554C4C0000000001
:10B0D8007463705F77726974653A2063616E6E6F2E
:10B0E8007420636F6E636174656E61746520776840
:10B0F800656E207063622D3E756E73656E7420698F
:10B108007320656D707479007463705F7772697409
:10B11800653A20657874656E73696F6E206F662076
:10B128007265666572656E636520726571756972B0
:10B138006573207265666572656E63650000000060
:10B148007463705F77726974653A2076616C6964BC
:10B15800207175657565206C656E67746800000000
:10B168007463705F73706C69745F756E73656E7409
:10B178005F7365673A20696E76616C6964207063F5
:10B188006200000043616E27742073706C6974203C
:10B198007365676D656E7420696E746F206C656E7B
:10B1A800677468203000000073706C6974203C3D3F
:10B1B800206D737300000000757365672D3E6C6524
:10B1C8006E203E2030000000736567203D3D204E14
:10B1D800554C4C007463705F73656E645F66696E8E
:10B1E8003A20696E76616C696420706362000000C1
:10B1F8007463705F656E71756575655F666C6167B0
:10B20800733A206E656564206569746865722054B8
:10B2180043505F53594E206F72205443505F464944
:10B228004E20696E20666C616773202870726F67A4
:10B2380072616D6D65722076696F6C6174657320DB
:10B2480041504929000000007463705F656E717594
:10B258006575655F666C6167733A20696E76616CC7
:10B2680069642070636200007463705F656E717555
:10B278006575655F666C6167733A20636865636BC3
:10B2880020746861742066697273742070627566D0
:10B298002063616E20686F6C64206F70746C656EDB
:10B2A800000000007365672D3E7463706864722047
:10B2B8006E6F7420616C69676E6564007463705F9B
:10B2C800656E71756575655F666C6167733A20694F
:10B2D8006E76616C6964207365676D656E74206C49
:10B2E800656E6774680000007463705F656E7175E1
:10B2F8006575655F666C6167733A20696E76616C27
:10B308006964207175657565206C656E6774680081
:10B318007463705F6F75747075743A20696E7661C6
:10B328006C69642070636200646F6E2774206361C7
:10B338006C6C207463705F6F757470757420666FC1
:10B3480072206C697374656E2D70636273000000FF
:10B35800525354206E6F7420657870656374656409
:10B3680020686572652100007463705F6F75747082
:10B3780075745F7365676D656E745F627573793A2E
:10B3880020696E76616C696420736567000000004F
:10B398007463705F6F75747075745F7365676D65DE
:10B3A8006E743A20696E76616C6964207365670013
:10B3B8007463705F6F75747075745F7365676D65BE
:10B3C8006E743A20696E76616C69642070636200FD
:10B3D8007463705F6F75747075745F7365676D659E
:10B3E8006E743A20696E76616C6964206E65746962
:10B3F800660000006F7074696F6E73206E6F742042
:10B4080066696C6C656400007463705F7265786D62
:10B4180069745F72746F5F707265706172653A20EB
:10B42800696E76616C696420706362007463705F32
:10B438007265786D69745F72746F5F636F6D6D6943
:10B44800743A20696E76616C6964207063620000EA
:10B458007463705F7265786D69745F72746F3A2097
:10B46800696E76616C696420706362007463705FF2
:10B478007265786D69743A20696E76616C696420CA
:10B48800706362007463705F7265786D69745F667B
:10B498006173743A20696E76616C696420706362C6
:10B4A80000000000636865636B207468617420663F
:10B4B8006972737420706275662063616E20686FAC
:10B4C8006C6420737472756374207463705F68644D
:10B4D800720000007463705F6F75747075745F61DB
:10B4E8006C6C6F635F6865616465723A20696E763B
:10B4F800616C696420706362000000007463705FAF
:10B508006F75747075745F66696C6C5F6F70746961
:10B518006F6E733A20696E76616C6964207062752B
:10B52800660000007463705F6F75747075745F6394
:10B538006F6E74726F6C5F7365676D656E743A20B9
:10B54800696E76616C69642070627566000000003F
:10B558007463705F7273743A20696E76616C6964A3
:10B56800206C6F63616C5F69700000007463705FCA
:10B578007273743A20696E76616C69642072656DC5
:10B588006F74655F697000007463705F73656E64E3
:10B598005F656D7074795F61636B3A20696E76617F
:10B5A8006C696420706362007463705F6B656570BA
:10B5B800616C6976653A20696E76616C69642070A1
:10B5C800636200007463705F7A65726F5F77696E9B
:10B5D800646F775F70726F62653A20696E76616C2E
:10B5E8006964207063620000443A2F4465736B7489
:10B5F8006F702F53656E736F72436F6E63656E74F1
:10B608007261746F722F4D6964646C6577617265DD
:10B61800732F54686972645F50617274792F4C7724
:10B6280049502F7372632F636F72652F74696D654C
:10B638006F7574732E6300007379735F74696D6539
:10B648006F75743A2074696D656F757420213D209B
:10B658004E554C4C2C20706F6F6C204D454D505FF3
:10B668005359535F54494D454F55542069732065CC
:10B678006D70747900000000417373657274696FAE
:10B688006E2022257322206661696C6564206174CE
:10B69800206C696E6520256420696E2025730A0078
:10B6A80054696D656F75742074696D6520746F6F6A
:10B6B800206C6F6E672C206D6178206973204C5761
:10B6C80049505F55494E5433325F4D41582F34200D
:10B6D8006D73656373000000696E76616C69642040
:10B6E800736C65657074696D65000000443A2F4499
:10B6F80065736B746F702F53656E736F72436F6EE3
:10B7080063656E747261746F722F4D6964646C65E1
:10B7180077617265732F54686972645F50617274DF
:10B72800792F4C7749502F7372632F636F72652F8F
:10B738007564702E630000007564705F696E7075C3
:10B74800745F6C6F63616C5F6D617463683A2069E4
:10B758006E76616C69642070636200004173736582
:10B768007274696F6E2022257322206661696C6588
:10B7780064206174206C696E6520256420696E20E0
:10B7880025730A007564705F696E7075745F6C6FFD
:10B7980063616C5F6D617463683A20696E76616C91
:10B7A8006964206E65746966000000007564705FE6
:10B7B800696E7075743A20696E76616C6964207080
:10B7C800627566007564705F696E7075743A206999
:10B7D8006E76616C6964206E6574696600000000AD
:10B7E800706275665F72656D6F76655F68656164C6
:10B7F8006572206661696C65640A00007564705F33
:10B8080073656E643A20696E76616C696420706352
:10B81800620000007564705F73656E643A20696E3B
:10B8280076616C6964207062756600007564705F8B
:10B8380073656E64746F3A20696E76616C69642012
:10B84800706362007564705F73656E64746F3A202C
:10B85800696E76616C69642070627566000000002C
:10B868007564705F73656E64746F3A20696E766193
:10B878006C6964206473745F697000007564705F3C
:10B8880073656E64746F5F69663A20696E76616C81
:10B8980069642070636200007564705F73656E642C
:10B8A800746F5F69663A20696E76616C69642070AE
:10B8B800627566007564705F73656E64746F5F6946
:10B8C800663A20696E76616C6964206473745F6996
:10B8D800700000007564705F73656E64746F5F69F3
:10B8E800663A20696E76616C6964206E6574696673
:10B8F800000000007564705F73656E64746F5F6943
:10B90800665F7372633A20696E76616C6964207051
:10B91800636200007564705F73656E64746F5F695D
:10B92800665F7372633A20696E76616C6964207031
:10B93800627566007564705F73656E64746F5F69C5
:10B94800665F7372633A20696E76616C696420641D
:10B9580073745F69700000007564705F73656E646E
:10B96800746F5F69665F7372633A20696E76616CA3
:10B978006964207372635F69700000007564705FAA
:10B9880073656E64746F5F69665F7372633A20698A
:10B998006E76616C6964206E6574696600000000EB
:10B9A800636865636B207468617420666972737478
:10B9B80020706275662063616E20686F6C64207306
:10B9C8007472756374207564705F68647200000037
:10B9D8007564705F62696E643A20696E76616C693D
:10B9E80064207063620000007564705F636F6E6E40
:10B9F8006563743A20696E76616C6964207063626D
:10BA0800000000007564705F636F6E6E6563743A62
:10BA180020696E76616C6964206970616464720083
:10BA28007564705F646973636F6E6E6563743A20E2
:10BA3800696E76616C696420706362007564705F1A
:10BA4800726563763A20696E76616C69642070630A
:10BA5800620000007564705F72656D6F76653A20EC
:10BA6800696E76616C69642070636200443A2F44A1
:10BA780065736B746F702F53656E736F72436F6E5F
:10BA880063656E747261746F722F4D6964646C655E
:10BA980077617265732F54686972645F506172745C
:10BAA800792F4C7749502F7372632F636F72652F0C
:10BAB800697076342F6175746F69702E63000000A9
:10BAC8006E6574696620213D204E554C4C0000007F
:10BAD800417373657274696F6E2022257322206624
:10BAE80061696C6564206174206C696E65202564E9
:10BAF80020696E2025730A006175746F69702021B2
:10BB08003D204E554C4C00006E6574696620616C92
:10BB1800726561647920686173206120737472753D
:10BB28006374206175746F69702073657400000018
:10BB38004155544F49502061646472657373206E97
:10BB48006F7420696E2072616E6765006E65746936
:10BB580066206973206E6F742075702C206F6C647A
:10BB6800207374796C6520706F72743F0000000058
:10BB7800443A2F4465736B746F702F53656E736FFF
:10BB880072436F6E63656E747261746F722F4D6964
:10BB980064646C6577617265732F54686972645F59
:10BBA80050617274792F4C7749502F7372632F63E9
:10BBB8006F72652F697076342F6574686172702EA4
:10BBC800630000007374617465203D3D204554484E
:10BBD8004152505F53544154455F50454E44494E7D
:10BBE80047207C7C207374617465203E3D20455459
:10BBF800484152505F53544154455F535441424C5D
:10BC080045000000417373657274696F6E202225C8
:10BC18007322206661696C6564206174206C696EAA
:10BC28006520256420696E2025730A006172705FA3
:10BC38007461626C655B695D2E71203D3D204E55D7
:10BC48004C4C000069203C204152505F5441424C0A
:10BC5800455F53495A4500006172705F7461626CB8
:10BC6800655B695D2E7374617465203D3D204554A4
:10BC7800484152505F53544154455F454D505459C3
:10BC8800000000006E657469662D3E687761646423
:10BC9800725F6C656E203D3D204554485F485741B2
:10BCA8004444525F4C454E006574685F7265742069
:10BCB800213D204E554C4C2026262069705F726528
:10BCC8007420213D204E554C4C0000006970616481
:10BCD800647220213D204E554C4C00006E657469FD
:10BCE8006620213D204E554C4C0000006574685F6D
:10BCF80072657420213D204E554C4C006172705F76
:10BD08007461626C655B6172705F6964785D2E73E3
:10BD180074617465203E3D204554484152505F533C
:10BD2800544154455F535441424C45007120213DD4
:10BD3800204E554C4C00000074797065206F766574
:10BD480072666C6F770000006172705F7461626C7C
:10BD5800655B695D2E7374617465203D3D205045B7
:10BD68004E44494E47206F7220535441424C45007F
:10BD78006E6F207061636B6574207175657565738E
:10BD880020616C6C6F7765642100000063686563EF
:10BD98006B207468617420666972737420706275B0
:10BDA800662063616E20686F6C64207374727563BB
:10BDB80074206574686172705F68647200000000C6
:10BDC8006E657469662D3E6877616464725F6C6540
:10BDD8006E206D75737420626520746865207361C8
:10BDE8006D65206173204554485F4857414444526B
:10BDF8005F4C454E20666F722065746861727021D1
:10BE080000000000443A2F4465736B746F702F5321
:10BE1800656E736F72436F6E63656E747261746F73
:10BE2800722F4D6964646C6577617265732F54680D
:10BE38006972645F50617274792F4C7749502F731F
:10BE480072632F636F72652F697076342F69636D23
:10BE5800702E630069636D705F696E7075743A2047
:10BE68006D6F76696E6720722D3E7061796C6F61B7
:10BE78006420746F2069636D702068656164657201
:10BE8800206661696C65640A00000000417373658F
:10BE98007274696F6E2022257322206661696C6551
:10BEA80064206174206C696E6520256420696E20A9
:10BEB80025730A0069636D705F696E7075743A2046
:10BEC800726573746F72696E67206F726967696EE5
:10BED800616C20702D3E7061796C6F6164206661C1
:10BEE800696C65640A000000636865636B207468A8
:10BEF800617420666972737420706275662063616C
:10BF08006E20686F6C642069636D70206D65737353
:10BF180061676500443A2F4465736B746F702F53E3
:10BF2800656E736F72436F6E63656E747261746F62
:10BF3800722F4D6964646C6577617265732F5468FC
:10BF48006972645F50617274792F4C7749502F730E
:10BF580072632F636F72652F697076342F6970343E
:10BF68002E630000702D3E726566203D3D20310035
:10BF7800417373657274696F6E202225732220667F
:10BF880061696C6564206174206C696E6520256444
:10BF980020696E2025730A00636865636B207468E6
:10BFA80061742066697273742070627566206361BB
:10BFB8006E20686F6C642073747275637420697086
:10BFC8005F68647200000000443A2F4465736B7424
:10BFD8006F702F53656E736F72436F6E63656E7407
:10BFE8007261746F722F4D6964646C6577617265F4
:10BFF800732F54686972645F50617274792F4C773B
:10C0080049502F7372632F636F72652F697076348E
:10C018002F6970345F616464722E6300756E6861A5
:10C028006E646C6564000000417373657274696FB7
:10C038006E2022257322206661696C656420617414
:10C04800206C696E6520256420696E2025730A00BE
:10C05800443A2F4465736B746F702F53656E736F1A
:10C0680072436F6E63656E747261746F722F4D697F
:10C0780064646C6577617265732F54686972645F74
:10C0880050617274792F4C7749502F7372632F6304
:10C098006F72652F697076342F6970345F667261CC
:10C0A800672E63007072657620213D2069707200EA
:10C0B800417373657274696F6E202225732220663E
:10C0C80061696C6564206174206C696E6520256403
:10C0D80020696E2025730A00707265762D3E6E65A4
:10C0E8007874203D3D2069707200000070627566AA
:10C0F800735F6672656564202B20636C656E203CF7
:10C108003D203078666666660000000069705F72E0
:10C11800656173735F70627566636F756E74203ED8
:10C128003D2070627566735F667265656400000025
:10C1380073616E69747920636865636B206C696EDE
:10C148006B6564206C697374000000006368656344
:10C158006B20667261676D656E747320646F6E27FD
:10C1680074206F7665726C61700000006E6F2070CD
:10C17800726576696F757320667261676D656E7436
:10C188002C2074686973206D75737420626520743F
:10C19800686520666972737420667261676D656E82
:10C1A8007421000073616E69747920636865636B3C
:10C1B8000000000076616C69646174655F64617495
:10C1C800616772616D3A6E6578745F706275662139
:10C1D8003D4E554C4C00000069705F726561737389
:10C1E8005F70627566636F756E74203E3D20636C88
:10C1F800656E000069707220213D204E554C4C0040
:10C208006E6F74206669727374616C74686F756799
:10C2180068206A75737420656E717565756564004C
:10C228007020213D204E554C4C0000007063722058
:10C23800213D204E554C4C00706372203D3D2070CE
:10C24800000000006970345F6672616728293A202F
:10C258007062756620746F6F2073686F7274000067
:10C2680074686973206E65656473206120706275F7
:10C278006620696E206F6E652070696563652100B0
:10C28800702D3E6C656E203E3D20706F6666000026
:10C29800443A2F4465736B746F702F53656E736FD8
:10C2A80072436F6E63656E747261746F722F4D693D
:10C2B80064646C6577617265732F54686972645F32
:10C2C80050617274792F4C7749502F7372632F61C4
:10C2D8007070732F736E74702F736E74702E63008A
:10C2E8007365727665725F6164647220213D204EC9
:10C2F800554C4C00417373657274696F6E2022252A
:10C308007322206661696C6564206174206C696EB3
:10C318006520256420696E2025730A004661696CD2
:10C32800656420746F20616C6C6F6361746520753F
:10C3380064702070636220666F7220736E74702060
:10C34800636C69656E740000496E76616C6964207F
:10C358006F7065726174696E67206D6F6465000047
:10C368004F7065726174696E67206D6F6465206DCA
:10C37800757374206E6F74206265207365742077FE
:10C3880068696C6520534E545020636C69656E74FF
:10C398002069732072756E6E696E67004572726FE0
:10C3A80072206F636375726564207768696C6520B5
:10C3B80072656164696E67207468652066696C657A
:10C3C8002E0000004F6E6C79206F6E6520636F6ED3
:10C3D8006E656374696F6E20617420612074696D85
:10C3E8006520697320737570706F727465640000DE
:10C3F80046696C656E616D6520746F6F206C6F6E39
:10C40800672F6E6F74204E554C4C207465726D69A1
:10C418006E617465640000004D6F646520746F6F11
:10C42800206C6F6E672F6E6F74204E554C4C2074C5
:10C4380065726D696E61746564000000556E6162B5
:10C448006C6520746F206F70656E207265717565FC
:10C45800737465642066696C652E00004E6F2063F6
:10C468006F6E6E656374696F6E0000004E6F7420A6
:10C478006120777269746520636F6E6E6563746995
:10C488006F6E00006572726F722077726974696EE0
:10C49800672066696C65000057726F6E6720626C72
:10C4A8006F636B206E756D62657200004E6F74204D
:10C4B80061207265616420636F6E6E656374696F75
:10C4C8006E000000556E6B6E6F776E206F70657230
:10C4D8006174696F6E000000443A2F4465736B7491
:10C4E8006F702F53656E736F72436F6E63656E74F2
:10C4F8007261746F722F4D6964646C6577617265DF
:10C50800732F54686972645F50617274792F4C7725
:10C5180049502F7372632F617070732F7466747033
:10C528002F746674705F7365727665722E6300008F
:10C53800436C65616E75702063616C6C6564206F17
:10C548006E206E6F6E2D696E697469616C697A65AB
:10C558006420544654500000417373657274696FC7
:10C568006E2022257322206661696C6564206174DF
:10C57800206C696E6520256420696E2025730A0089
:10C588004574684C696E6B0088C502085D810108B6
:10C59800FFFF000000000000000200000000000093
:10C5A800000000004574684966000000ACC5020838
:10C5B8007D7E010803000000000000000004000068
:10C5C8000000000000000000524D49495F576174A7
:10C5D8006368646F67000000D0C502081D84010805
:10C5E800030000000000000000010000000000003F
:10C5F80000000000443A2F4465736B746F702F532A
:10C60800656E736F72436F6E63656E747261746F7B
:10C61800722F4C5749502F5461726765742F657497
:10C628006865726E657469662E6300006E6574696C
:10C638006620213D204E554C4C0000004173736527
:10C648007274696F6E2022257322206661696C6599
:10C6580064206174206C696E6520256420696E20F1
:10C6680025730A0046440000484400005B455448CE
:10C678005D206C696E6B20555020287068793D25C7
:10C688006C642C20256C754D2F2573292C206E6524
:10C698007469662075700D0A000000005B455448F7
:10C6A8005D206C696E6B20444F574E202870687966
:10C6B8003D256C64292C206E6574696620646F774B
:10C6C8006E0D0A000D0A21212120535441434B20AD
:10C6D8004F564552464C4F572044455445435445C0
:10C6E8004420696E207461736B3A202573202121E0
:10C6F800210D0A005461736B20737461636B2068A9
:10C70800696768207761746572206D61726B202893
:10C718006D696E206672656520776F726473293A59
:10C7280020256C750D0A000064656661756C74548B
:10C7380061736B0030C70208018A0108000000001D
:10C7480000000000000400000000000000000000DD
:10C75800495744475461736B0000000058C70208EA
:10C76800618A01080300000000000000800000004A
:10C7780000000000000000005461736B5F496E699F
:10C78800745461736B00000080C70208858A010831
:10C79800000000000000000000040000000000008D
:10C7A800000000005B5254533A25645D20696E69AD
:10C7B800742072756E2074696D653A20256C752039
:10C7C8006D730D0A000000005B4442475D206865F8
:10C7D8006170206C6566742061667465722074618E
:10C7E800736B733A2025752062797465730D0A009E
:10C7F8004F4B00004641494C000000005B44424753
:10C808005D207461736B5F6372656174653A207350
:10C81800656E736F726875623D2573207463705F0F
:10C82800636C69656E743D2573207564703D25736E
:10C838000D0A00005564705F646973636F766572F2
:10C848005F7461736B0000003CC8020895B9010869
:10C8580000000000000000000008000000000000C8
:10C86800000000005463705F636C69656E745F74E8
:10C8780061736B006CC8020899D1010800000000C0
:10C888000000000000080000000000000000000098
:10C898007463705F73656E6465725F7461736B0057
:10C8A80098C8020801FC0108000000000000000010
:10C8B80000080000000000000000000076526562D9
:10C8C8006F6F745461736B00C4C8020851FB010890
:10C8D800000000000000000000020000000000004E
:10C8E8000000000054696D6553796E635461736B81
:10C8F80000000000ECC80208CDF8010800000000A4
:10C90800000000000004000000000000000000001B
:10C9180053656E736F724875625F5461736B000084
:10C9280018C90208E1060208000000000000000023
:10C938000008000000000000000000005B52545393
:10C948003A25645D203D3D3D3D3D3D3D3D3D3D3D00
:10C958003D3D3D3D3D3D3D3D3D2053797374656D05
:10C96800205461736B20496E666F203D3D3D3D3D0F
:10C978003D3D3D3D3D3D3D3D3D3D3D3D3D3D3D0D0F
:10C988000A0000005B5254533A25645D20546F74CA
:10C99800616C2072756E6E696E67207461736B20AE
:10C9A800636F756E743A20256C750D0A00000000DF
:10C9B8005B5254533A25645D202D2D2D2D2D2D2DA0
:10C9C8002D2D2D2D2D2D2D2D2D2D2D2D2D2D2D2D8F
:10C9D8002D2D2D2D2D2D2D2D2D2D2D2D2D2D2D2D7F
:10C9E8002D2D2D2D2D2D2D2D2D2D2D2D2D2D2D2D6F
:10C9F8002D2D2D0D0A0000005B5254533A25645D1D
:10CA08002031202C64656661756C745461736B48C1
:10CA1800616E646C652020202020202020206D6914
:10CA28006E20737461636B206C6566743A20256CA4
:10CA3800752062797465730D0A0000005B525453C7
:10CA48003A25645D2032202C495744475461736B62
:10CA580048616E646C652020202020202020202042
:10CA680020206D696E20737461636B206C65667439
:10CA78003A20256C752062797465730D0A000000F0
:10CA88005B5254533A25645D2033202C5461736BF8
:10CA98005F496E69745461736B48616E646C65209C
:10CAA8002020202020206D696E20737461636B2024
:10CAB8006C6566743A20256C752062797465730D0F
:10CAC8000A0000005B5254533A25645D2034202C40
:10CAD8005564705F646973636F7665725F746173C0
:10CAE8006B48616E646C652020206D696E207374DC
:10CAF80061636B206C6566743A20256C75206279D9
:10CB08007465730D0A0000005B5254533A25645D46
:10CB18002035202C5463705F636C69656E745F7494
:10CB280061736B48616E646C6520202020206D69FC
:10CB38006E20737461636B206C6566743A20256C93
:10CB4800752062797465730D0A0000005B525453B6
:10CB58003A25645D2036202C5463705F73656E64DB
:10CB680065725F7461736B48616E646C6520202028
:10CB780020206D696E20737461636B206C65667428
:10CB88003A20256C752062797465730D0A000000DF
:10CB98005B5254533A25645D2037202C5265626FEE
:10CBA8006F745461736B48616E646C65202020203B
:10CBB8002020202020206D696E20737461636B2013
:10CBC8006C6566743A20256C752062797465730DFE
:10CBD8000A0000005B5254533A25645D2038202C2B
:10CBE80054696D6553796E635461736B48616E6403
:10CBF8006C6520202020202020206D696E20737411
:10CC080061636B206C6566743A20256C75206279C7
:10CC18007465730D0A0000005B5254533A25645D35
:10CC28002039202C53656E736F7248756254617396
:10CC38006B48616E646C65202020202020206D697F
:10CC48006E20737461636B206C6566743A20256C82
:10CC5800752062797465730D0A0000005B525453A5
:10CC68003A25645D2048656170204E6F77204672D2
:10CC780065653A202575204279746573207C204DBE
:10CC8800696E204672656520486561703A20257591
:10CC98002042797465730D0A000000005B525453FA
:10CCA8003A25645D203D3D3D3D3D3D3D3D3D3D3D9D
:10CCB8003D3D3D3D3D3D3D3D3D3D3D3D3D3D3D3D9C
:10CCC8003D3D3D3D3D3D3D3D3D3D3D3D3D3D3D3D8C
:10CCD8003D3D3D3D3D3D3D3D3D3D3D3D3D3D3D0DAC
:10CCE8000A0D0A002D2D2D2D206661756C742066A5
:10CCF80072616D65202D2D2D2D0D0A004C522020BE
:10CD08002000000052302020200000005231202056
:10CD18002000000052322020200000005233202042
:10CD28002000000052313220200000004558435FA7
:10CD38004C520000504320202000000078505352ED
:10CD4800200000004846535220000000434653523A
:10CD5800200000004D4D464152000000424641521D
:10CD6800200000002D2D2D2D20656E64202D2D2DE9
:10CD78002D0D0A000D0A21212120486172644661A7
:10CD8800756C74202121210D0A0000000D0A212153
:10CD980021204D656D4D616E616765202121210D52
:10CDA8000A0000000D0A2121212042757346617591
:10CDB8006C74202121210D0A000000000D0A212198
:10CDC800212055736167654661756C7420212121A6
:10CDD8000D0A000025303258253032582530325897
:10CDE800253032582530325825303258000000009E
:10CDF8005B4E45543A25645D20436869702066752A
:10CE08006C6C205549443A20253032582025303260
:10CE180058202530325820253032582025303258B5
:10CE280020253032582025303258202530325820DD
:10CE380025303258202530325820253032582025C8
:10CE48003032580D0A0000005B4E45543A25645DA7
:10CE5800204175746F2067656E6572617465204442
:10CE680045564943455F534E3A2025730D0A000045
:10CE78005B4E45543A25645D204175746F206765A3
:10CE88006E6572617465204445564943455F49445F
:10CE98003A2025730D0A00005B4E45543A25645D1F
:10CEA800204C6F63616C2049503A2025730D0A00AD
:10CEB8005B4E45543A25645D2045544820646174AE
:10CEC800616261736520696E697469616C697A6110
:10CED80074696F6E206661696C65642C2065727276
:10CEE8003D25640D0A0000005B4E45543A25645DFB
:10CEF8002045544820646174616261736520696EDD
:10CF0800697469616C697A6174696F6E207375639D
:10CF18006365737366756C0A0D0A00005B4E4554B1
:10CF28003A25645D205265626F6F74206461746194
:10CF38006261736520696E697469616C697A61748C
:10CF4800696F6E206661696C65642C206572723D3C
:10CF580025640D0A0D0A00005B4E45543A25645DB0
:10CF6800205265626F6F74206461746162617365D9
:10CF780020696E697469616C697A6174696F6E2081
:10CF88007375636365737366756C0A0D0A00000038
:10CF98007265626F6F745F696E666F005B4E4554B1
:10CFA8003A25645D204661696C656420746F20735E
:10CFB800617665207265626F6F7420696E666F2C8A
:10CFC800206572723D25642E2041626F7274207252
:10CFD80065626F6F742E0A0D0A0000005B4E45549F
:10CFE8003A25645D205265626F6F742070657273B4
:10CFF800697374656E7420696E666F2073617665F7
:10D00800642C20726561736F6E3A25730A0D0A00ED
:10D018005B4E45543A25645D207265626F6F745F9C
:10D02800696E666F204B5620656D707479206F723B
:10D03800206C656E6774682F637263206572726F07
:10D04800722C2064656C6574652064616D61676528
:10D0580064206B760A0D0A005B4E45543A25645DE0
:10D06800207265626F6F745F696E666F206D6167AD
:10D07800696320696E76616C69642C2064656C65EF
:10D088007465206B760A0D0A000000005B4E45545B
:10D098003A25645D205265626F6F74207065727303
:10D0A800697374656E7420696E666F20636C656160
:10D0B8007265640A0D0A000073656E736F725F6DA6
:10D0C8006F64655F636667005B4E45543A25645D2F
:10D0D8002053656E736F72206D6F646520636F6E89
:10D0E80066696720736176656420746F20466C6199
:10D0F80073680A0D0A0000005B4E45543A25645DCA
:10D108002053656E736F72206D6F646520636F6E58
:10D11800666967206C6F616465642066726F6D2054
:10D12800466C6173680A0D0A000000007265626F40
:10D138006F745F7375636365737300005B4E45546A
:10D148003A25645D205265706F7274207265626F53
:10D158006F7420737563636573732C2072656173D4
:10D168006F6E3A25732C20757074696D653A256C5D
:10D1780075730A0D0A0000006E65745F63666700C8
:10D188005B4E45543A25645D20466C617368206C9B
:10D198006F6164696E67206E6574776F726B206368
:10D1A8006F6E66696775726174696F6E20737563F7
:10D1B8006365656465642C20544350207374617200
:10D1C8007465640A0D0A00005B4E45543A25645D97
:10D1D800204E6F7420636F6E6E656374656420748F
:10D1E8006F20746865206E6574776F726B2C20737E
:10D1F80074617274696E67204175746F49500A0DC5
:10D208000A0000005B4E45543A25645D2041757460
:10D218006F4950204F4B2C20737461727420534E09
:10D2280054500A0D0A0000005B4E45543A25645DCF
:10D238002054686520646973747269627574696FD3
:10D248006E206E6574776F726B20706172616D65A8
:10D25800746572732068617665206265656E2073F7
:10D268006176656420746F20466C6173680A0D0AE4
:10D27800000000005B4E45543A25645D204E545032
:10D2880020736B69703A206E6574776F726B206ECD
:10D298006F742072656164790A0D0A002530346460
:10D2A8002D253032642D2530326420253032643A01
:10D2B800253032643A253032642E2530336400003C
:10D2C8005B4E45543A25645D20554450206F6C648C
:10D2D800205043422064657374726F7965640A0D47
:10D2E8000A0000005B4E45543A25645D2075647061
:10D2F8005F6E65772829206661696C65642C2070EB
:10D30800636220706F6F6C206578686175737465EF
:10D31800640A0D0A000000005B4E45543A25645D1E
:10D32800207564705F62696E64206661696C2C2088
:10D338006572723A25640D0A000000005B4E455480
:10D348003A25645D2055445020504342206372655D
:10D3580061746520737563636573732C20706F72D5
:10D36800743A25640D0A0000594553004E4F0000D9
:10D378005B4E45543A25645D20534F465F42524FF9
:10D388004144434153543A2573206E657469665F7E
:10D39800666C6167733A3078253038580D0A00009A
:10D3A8005B4E45543A25645D2057616974696E6720
:10D3B80020666F72206175746F206C696E6B2069CE
:10D3C800702E2E2E0A0D0A005B4E45543A25645DD8
:10D3D8002056616C6964204950206F627461696EDF
:10D3E80065642C20737461727420554450207365F1
:10D3F80072766963650A0D0A000000005B4E4554A9
:10D408003A25645D207564705F6E6577282920660B
:10D4180061696C65642C206E6F2070636220617690
:10D4280061696C61626C65210A0D0A005B4E4554A6
:10D438003A25645D205544502050434220696E7659
:10D44800616C69642C20736B69702074686973203F
:10D45800756470207061636B65740A0D0A000000C2
:10D468005B4E45543A25645D204C6F63616C2049DE
:10D4780050206368616E6765642C206D61726B2053
:10D488005544502072656275696C640A0D0A000083
:10D498005B4E45543A25645D205544502050434224
:10D4A80020637265617465206661696C65642C200F
:10D4B80072657472792061667465722032730A0D20
:10D4C8000A0000005B4E45543A25645D206E657481
:10D4D8006966206E6F742075702C20736B697020DC
:10D4E800756470206F6E6C696E652062726F61641E
:10D4F800636173740D0A0D0A00000000253032586C
:10D508003A253032583A253032583A253032583A8E
:10D51800253032583A25303258000000747275654B
:10D528000000000066616C73650000007B22637573
:10D53800725F6970223A222573222C226669726D05
:10D54800776172655F766572223A222573222C22F2
:10D5580069735F7265626F6F74223A25732C226D4E
:10D568006163223A222573222C226D6F64656C2236
:10D578003A222573222C22726561736F6E223A2536
:10D58800642C22736571223A256C752C22736E22E5
:10D598003A222573222C227473223A25732C227482
:10D5A800797065223A222573227D000064657669C8
:10D5B80063655F6F6E6C696E6500000050554D5075
:10D5C8002D4354524C2D56312E300000312E302E22
:10D5D800350000003031323334353637383961623E
:10D5E80063646566303132333435363738396162D1
:10D5F80063646566000000002530325825303258D3
:10D608002530325825303258000000007479706592
:10D61800000000006D616300736E00006D6F64654B
:10D628006C0000006669726D776172655F7665727D
:10D63800000000006375725F6970000069735F72B3
:10D6480065626F6F74000000726561736F6E000031
:10D6580074730000736571007369676E00000000E1
:10D668005B4E45543A25645D205544502053656E01
:10D6780064204A534F4E3A0D0A25730D0A0D0A00CD
:10D688005B4E45543A25645D20756470206A736F5B
:10D698006E20746F6F206C6F6E672C2064726F70D1
:10D6A8000D0A0D0A000000005B4E45543A25645DE2
:10D6B80020554450206465766963655F6F6E6C69B8
:10D6C8006E652073656E64207374617475733A2592
:10D6D800640D0A0D0A0000005B4E45543A25645D4E
:10D6E800207062756620616C6C6F63206661696C7E
:10D6F80065642C20706F6F6C20656D7074790D0AED
:10D708000D0A00005B4E45543A25645D205544508F
:10D718002052656376204A534F4E3A0D0A25730D01
:10D728000A0D0A00646973636F7665725F726571CA
:10D738007565737400000000646F6D61696E0000A8
:10D74800676174657761795F6D6163004641435431
:10D758004F52595F4F494C005B4E45543A25645D22
:10D768002054696D652076657269666963617469BC
:10D778006F6E206661696C6564210D0A0D0A0000F0
:10D788005B4E45543A25645D2053657175656E633B
:10D7980065206E756D62657220766572696669636B
:10D7A8006174696F6E206661696C6564210D0A0D8C
:10D7B8000A0000007B22646F6D61696E223A22259F
:10D7C80073222C22676174657761795F6D616322CA
:10D7D8003A222573222C22736571223A256C752C06
:10D7E800227473223A25732C2274797065223A22A6
:10D7F8002573227D000000005B4E45543A25645D88
:10D80800207369676E20636865636B206661696C65
:10D818006564210D0A45787065637465643A20254E
:10D82800732C2041637475616C3A2025730D0A0DC1
:10D838000A000000646973636F7665725F726573CE
:10D84800706F6E73650000007B226375725F69708C
:10D85800223A222573222C226669726D77617265DD
:10D868005F766572223A222573222C226D6163222B
:10D878003A222573222C226D6F64656C223A222588
:10D8880073222C22736571223A25752C22736E221D
:10D898003A222573222C227473223A25732C22747F
:10D8A800797065223A222573227D00005B4E45542B
:10D8B8003A25645D2043616C6320646973636F7605
:10D8C80065725F726573706F6E7365207369676EDA
:10D8D8003A2025730D0A0D0A000000005B4E4554DE
:10D8E8003A25645D205544502073656E6420737436
:10D8F800617475733A25640D0A0D0A00636F6E66CC
:10D9080069675F73657400007461726765745F6D41
:10D91800616300007461726765745F736E00000074
:10D92800697000006E65746D61736B006761746582
:10D9380077617900686F73745F697000686F7374DA
:10D948005F6D6163000000005B4E45543A25645DDD
:10D95800204B45592076616C75652076657269663D
:10D9680069636174696F6E206661696C6564210D15
:10D978000A0D0A005B4E45543A25645D204D41432B
:10D988002061646472657373207665726966696381
:10D998006174696F6E206661696C6564210D0A0D9A
:10D9A8000A0000005B4E45543A25645D20534E2022
:10D9B800766572696669636174696F6E206661690C
:10D9C8006C6564210D0A0D0A000000007B22676166
:10D9D8007465776179223A222573222C22686F7345
:10D9E800745F6970223A222573222C22686F73743F
:10D9F8005F6D6163223A222573222C226970223AD4
:10DA0800222573222C226E65746D61736B223A2273
:10DA18002573222C22736571223A256C752C227489
:10DA280061726765745F6D6163223A222573222CE7
:10DA3800227461726765745F736E223A22257322BD
:10DA48002C227473223A25732C2274797065223A39
:10DA5800222573227D0000005B4E45543A25645D03
:10DA680020536572766572204950206368616E673D
:10DA780065642C206D61726B206173796E6320631D
:10DA88006C6F73650D0A00005B4E45543A25645D62
:10DA980020446973747269627574696F6E206E656B
:10DAA80074776F726B207375636365737366756CD7
:10DAB8006C7920616E6420466C61736820736176AE
:10DAC80065640D0A0D0A00005B4E45543A25645DF5
:10DAD80020534E5450207570646174656420746FCF
:10DAE800206E6577207365727665722069703A20BA
:10DAF80025730D0A000000005B4E45543A25645D0D
:10DB08002052656372656174652055445020504306
:10DB18004220616674657220636F6E6669675F7321
:10DB28006574206661696C65640D0A005B4E455436
:10DB38003A25645D20756470206D75746578206E73
:10DB48006F7420696E69742C20736B69702075641A
:10DB5800702072656275696C640D0A005B4E4554ED
:10DB68003A25645D205544502071756575652066B9
:10DB7800756C6C2C2064726F7020756470207061F5
:10DB8800636B65742C206C656E3A25750D0A000070
:10DB98005B4E45543A25645D2054435020746370AD
:10DBA8005F636C6F7365206661696C2025642C2047
:10DBB80066616C6C6261636B207463705F61626F35
:10DBC80072740D0A000000005B4E45543A25645DEE
:10DBD80020544350207463705F636C6F73652067D3
:10DBE8007261636566756C20636C6F73650D0A00FE
:10DBF8005B4E45543A25645D20544350207063625F
:10DC080020736166656C7920636C6F7365640D0AB7
:10DC1800000000005B4E45543A25645D2054435093
:10DC280020636C65617220256C752070656E64696F
:10DC38006E672073656E64206D73670D0A000000BF
:10DC48005B4E45543A25645D20455448206C696E06
:10DC58006B20444F574E202D3E20666F726365201F
:10DC680054435020636C6F73650D0A0D0A00000061
:10DC78005B4E45543A25645D20455448206C696ED6
:10DC88006B205550202D3E206661737420726563A9
:10DC98006F6E6E6563740D0A0D0A00005B4E455485
:10DCA8003A25645D20486561727462656174207408
:10DCB800696D656F757420332074696D65732C20E8
:10DCC8007265737461727420544350206E65747762
:10DCD8006F726B210D0A0D0A000000005B4E45545F
:10DCE8003A25645D20486561727462656174206CD0
:10DCF8006F737420636F756E743A2025642F2564E2
:10DD08000D0A0D0A000000005B4E45543A25645D7B
:10DD180020537461727420636F6E6E656374207330
:10DD280065727665722049503A25642E25642E2541
:10DD3800642E256420504F52543A2564202E2E2EEE
:10DD48002E2E2E0D0A0D0A005B4E45543A25645DB1
:10DD5800207463705F6E65772829206661696C6539
:10DD6800642C206F7574206F66206D656D6F7279F5
:10DD7800210D0A0D0A0000005B4E45543A25645DEA
:10DD880020544350206572726F7220286D61726B47
:10DD9800206173796E6320636C6F7365292C20652D
:10DDA80072723A25640D0A005B4E45543A25645D4B
:10DDB800205443502068616E647368616B65206607
:10DDC80061696C2C2064697265637420636C656199
:10DDD8006E0D0A0D0A0000005B4E45543A25645D3D
:10DDE8002054435020636F6E6E65637420737563AF
:10DDF80063657373210D0A0D0A0000005B4E4554DC
:10DE08003A25645D205443502052656376204A5376
:10DE18004F4E3A0D0A25730D0A0D0A00646576699E
:10DE280063655F69640000005B4E45543A25645D94
:10DE38002044657669636520494420766572696681
:10DE480069636174696F6E206661696C6564210D30
:10DE58000A0D0A0073746174655F72657175657384
:10DE68007400000071756572795F747970650000DF
:10DE78005B4E45543A25645D2073746174655F7226
:10DE88006571756573742071756572795F747970E1
:10DE98006520696E76616C6964210D0A0D0A0000BF
:10DEA8007B226465766963655F6964223A2225731B
:10DEB800222C2271756572795F74797065223A2512
:10DEC800752C22736571223A256C752C2274732285
:10DED8003A25732C2274797065223A22737461741E
:10DEE800655F72657175657374227D00686561721E
:10DEF80074626561745F61636B00000073657276BC
:10DF080065725F74696D65007B2264657669636517
:10DF18005F6964223A222573222C22736571223AA2
:10DF2800256C752C227365727665725F74696D65F0
:10DF3800223A25732C227473223A25732C22747981
:10DF48007065223A226865617274626561745F6106
:10DF5800636B227D000000006465766963655F720B
:10DF680065626F6F7400000064656C617900000081
:10DF780072656D6F74655F636F6E74726F6C0000AD
:10DF88007379735F737461727400000076616C76E4
:10DF9800655F7374617465006661756C745F726542
:10DFA8007365745F726571005B4E45543A25645D14
:10DFB8002072656D6F74655F636F6E74726F6C202D
:10DFC800706172616D20696E76616C69640D0A0D0D
:10DFD8000A0000007B226465766963655F696422D4
:10DFE8003A222573222C226661756C745F72657300
:10DFF80065745F726571223A25752C2273657122EA
:10E008003A256C752C227379735F7374617274226C
:10E018003A25752C227473223A25732C2274797050
:10E0280065223A2272656D6F74655F636F6E7472F4
:10E038006F6C222C2276616C76655F7374617465EF
:10E04800223A25647D000000636F6E6669675F731E
:10E0580065745F72657100006465766963655F6306
:10E068006F6E666967000000757067726164655F4E
:10E0780073746172740000006E65775F6C656E0082
:10E088006E65775F63726333320000005B4E455400
:10E098003A25645D20757067726164655F737461A9
:10E0A800727420706172616D20696E76616C69644A
:10E0B8000D0A0D0A000000007B226465766963651D
:10E0C8005F6964223A222573222C226E65775F638A
:10E0D80072633332223A256C752C226E65775F6C39
:10E0E800656E223A256C752C22736571223A256C6F
:10E0F800752C227473223A25732C22747970652248
:10E108003A22757067726164655F73746172742214
:10E118007D00000073656E736F725F646174615F88
:10E1280061636B0073656E736F725F6964000000F2
:10E1380073746174757300005B4E45543A25645DD1
:10E148002073656E736F725F646174615F61636B86
:10E1580020706172616D20696E76616C69640D0A68
:10E168000D0A00007B226465766963655F69642235
:10E178003A222573222C2273656E736F725F69646D
:10E18800223A25642C22736571223A256C752C225B
:10E19800737461747573223A25642C227473223A5D
:10E1A80025732C2274797065223A2273656E736F19
:10E1B800725F646174615F61636B227D00000000BF
:10E1C8006D6F64655F7365745F7265710000000050
:10E1D8006D6F646500000000706572736973746523
:10E1E8006E7400005B4E45543A25645D206D6F6483
:10E1F800655F7365745F72657120706172616D200F
:10E20800696E76616C69640D0A0D0A007B2264658B
:10E21800766963655F6964223A222573222C226D30
:10E228006F6465223A25642C227065727369737471
:10E23800656E74223A25642C2273656E736F725F63
:10E248006964223A25642C22736571223A256C751B
:10E258002C227473223A25732C2274797065223A21
:10E26800226D6F64655F7365745F726571227D00EE
:10E278005B4E45543A25645D205265626F6F742089
:10E28800636D642071756575652066756C6C2C20EE
:10E2980064726F7020636F6D6D616E640D0A0D0A94
:10E2A80000000000757067726164655F7374617265
:10E2B800745F61636365707465640000757067728C
:10E2C8006164655F73746172745F72656A656374B3
:10E2D800656400005B4E45543A25645D2073656EA5
:10E2E800736F725F646174615F61636B2073656EE5
:10E2F800736F725F69643A257520737461747573FE
:10E308003A25750D0A0D0A007B22646576696365F6
:10E318005F6964223A222573222C226669726D771E
:10E328006172655F766572223A222573222C226D0E
:10E338006163223A222573222C226D6F64656C2258
:10E348003A222573222C22736571223A256C752C8A
:10E35800227473223A25732C2274797065223A222A
:10E368007265676973746572227D000072656769FA
:10E3780073746572000000005B4E45543A25645D75
:10E388002053656E642072656769737465723A0D0F
:10E398000A25730D0A0D0A005B4E45543A25645D43
:10E3A800205443502073656E64207175657565202F
:10E3B80066756C6C2C2064726F7020726567697367
:10E3C8007465720D0A000000657374696D61746587
:10E3D800645F6475726174696F6E00006D65737354
:10E3E800616765006465766963655F7265626F6F12
:10E3F800745F61636B0000005B4E45543A25645DB1
:10E408002053656E64206465766963655F72656232
:10E418006F6F745F61636B3A0D0A25730D0A0D0AFD
:10E42800000000005B4E45543A25645D205443507B
:10E438002073656E642071756575652066756C6CF2
:10E448002C2064726F70206465766963655F7265FD
:10E45800626F6F745F61636B0D0A0000757067729D
:10E468006164655F73746172745F61636B0000005F
:10E478005B4E45543A25645D2053656E6420757083
:10E4880067726164655F73746172745F61636B3A2C
:10E498000D0A25730D0A0D0A000000005B4E455455
:10E4A8003A25645D205443502073656E642071756D
:10E4B8006575652066756C6C2C2064726F702075AC
:10E4C8007067726164655F73746172745F61636BB6
:10E4D8000D0A0000726573756C74000064657669D6
:10E4E80063655F7265626F6F745F726573756C7474
:10E4F80000000000757074696D6500005B4E45543E
:10E508003A25645D2053656E6420646576696365A9
:10E518005F7265626F6F745F726573756C743A0DC4
:10E528000A25730D0A0D0A005B4E45543A25645DB1
:10E53800205443502073656E64207175657565209D
:10E5480066756C6C2C2064726F70206465766963E4
:10E55800655F7265626F6F745F726573756C740D59
:10E568000A00000056342E350000000068775F76F8
:10E57800657273696F6E000053454E534F522D48B4
:10E5880055422D56312E300073775F766572736968
:10E598006F6E000074656D705F666C6167000000E7
:10E5A80074656D70657261747572650073656E73FC
:10E5B8006F725F6461746100766F6C746167650087
:10E5C800766F6C746167655F666C61670000000058
:10E5D8005B4E45543A25645D2053656E642073652F
:10E5E8006E736F725F646174613A0D0A25730D0A68
:10E5F8000D0A00005B4E45543A25645D2054435093
:10E608002073656E642071756575652066756C6C20
:10E618002C2064726F702073656E736F725F646113
:10E6280074610D0A00000000706572736973746587
:10E63800640000006D6F64655F7365745F72657375
:10E64800700000005B4E45543A25645D2053656EAA
:10E6580064206D6F64655F7365745F726573703A8B
:10E668000D0A25730D0A0D0A000000005B4E455483
:10E678003A25645D205443502073656E642071759B
:10E688006575652066756C6C2C2064726F70206DE2
:10E698006F64655F7365745F726573700D0A00005F
:10E6A8005B4E45543A25645D20506F7765722D6F37
:10E6B8006E2066697273742073796E63204E5450AD
:10E6C800202D3E20525443204F4B0D0A00000000DD
:10E6D8005B4E45543A25645D2054696D6520646934
:10E6E80066663A202573206D73203E207468726533
:10E6F80073686F6C642C2072652D73796E630D0AD4
:10E708000000000025642E25642E25642E25640053
:10E718005B4E45543A25645D2043757272656E748C
:10E72800204E5450205365727665722049503A2025
:10E7380025730D0A000000005B4E45543A25645DC0
:10E74800204E545054696D653A202573207C204D25
:10E75800535F54533A2025730D0A00005B4E45540D
:10E768003A25645D204E54502073796E63206661AB
:10E77800696C2C2074733D300D0A00005B4E4554C3
:10E788003A25645D2052544354696D653A202573D7
:10E79800207C204D535F54533A2025730D0A0D0AEF
:10E7A800000000007265626F6F745F61636365707B
:10E7B800746564005B4E45543A25645D204163638B
:10E7C800657074207265626F6F743A2064656C615D
:10E7D80079203D202575732C20726561736F6E203A
:10E7E8003D2025730D0A0D0A000000005B4E4554BC
:10E7F8003A25645D20544350206D736720746F6F11
:10E80800206C6F6E6720282575292C2064726F7024
:10E818000D0A0D0A000000005B4E45543A25645D60
:10E82800205175657565206F766572666C6F772007
:10E8380070726520636C65617220256C7520706B41
:10E84800740D0A0D0A0000005B4E45543A25645DBC
:10E8580020544350206F66666C696E652C20647284
:10E868006F70206D6573736167650D0A0D0A00008E
:10E878005B4E45543A25645D2054435020627566CA
:10E888002066756C6C2C2064726F702070656E64E5
:10E89800696E6720706B740D0A0D0A005B4E455453
:10E8A8003A25645D205443502073656E6420627578
:10E8B800662066756C6C20286E6565642025642C5E
:10E8C8002066726565202564292C2064726F70208B
:10E8D800706B740D0A0D0A005B4E45543A25645D51
:10E8E800207463705F7772697465206661696C2C47
:10E8F800206572723A25642C206D61726B206173F9
:10E90800796E6320636C6F73650D0A0D0A00000051
:10E918000D0A5B4442475D20525334383520232585
:10E928007520646562756720706F72742072656106
:10E9380064792C20256C7520384E310D0A000000B2
:10E948005B4442475D206865617020746F74616C38
:10E958003A2025752062797465730D0A000000005D
:10E968005B25735D206C656E3D25753A20000000BF
:10E9780025303258200000000D0000005B5325753B
:10E988002052585D20000000253032582000000039
:10E998000D00000020202D3E2074656D703D256C13
:10E9A800642076666C61673D25752074666C6167C6
:10E9B8003D2575206D6F64653D25750D0A000000C5
:10E9C80020202D3E207061727365204641494C0D10
:10E9D800000000000D0A5B46414C5D204552524F35
:10E9E800523A2073696E676C652D62616E6B206D9B
:10E9F8006F64652064657465637465642E2053656F
:10EA080074206E4442414E4B3D3020286475616C41
:10EA18002D62616E6B29207669612053544D333223
:10EA28004375626550726F6772616D6D65722C20F7
:10EA38007468656E2072657472792E0D0A00000084
:10EA48000D0A5B464C4153485D2070726F67206623
:10EA580061696C2053523D000D0A5B464C41534896
:10EA68005D206572617365206661696C2053523D53
:10EA7800000000005B4F54413A25645D206F7461CB
:10EA88003A206368756E6B206F766572666C6F7777
:10EA9800206F66663D256C75206C656E3D2575207A
:10EAA8006578703D256C750D0A0D0A005B4F544161
:10EAB8003A25645D206F74613A2066616C20777234
:10EAC800697465206661696C206F66663D256C75A2
:10EAD8000D0A0D0A000000005B4F54413A25645DA1
:10EAE800206F74613A2061626F7274206F66663DB0
:10EAF800256C75206578703D256C75206372633DC3
:10EB08002530386C58206578703D2530386C580DA4
:10EB18000A0D0A005B4F54413A25645D206F746109
:10EB28003A20636F6D706C657465206C656E3D2569
:10EB38006C75206372633D2530386C582C207772D1
:10EB4800697465206D6574612026207265626F6F37
:10EB5800740D0A0D0A0000005B4F54413A25645DAC
:10EB6800206F74615F746674703A20726561642006
:10EB78006E6F7420737570706F727465640D0A0D12
:10EB88000A0000004F696C5F50756D705F436F6ECF
:10EB980074726F6C2E62696E000000005B4F544106
:10EBA8003A25645D206F74615F746674703A2072F0
:10EBB800656A6563742066696C652025732028651D
:10EBC8007870656374202573290D0A0D0A0000000A
:10EBD8005B4F54413A25645D206F74615F746674BD
:10EBE800703A206E6F20616374697665207570676E
:10EBF800726164652073657373696F6E0D0A0D0A1F
:10EC0800000000005B4F54413A25645D206F746139
:10EC18003A20627573792C2069676E6F726520756A
:10EC28007067726164655F73746172740D0A0D0AAE
:10EC3800000000005B4F54413A25645D206F746109
:10EC48003A20696E76616C6964206E65775F6C65E1
:10EC58006E3D256C750D0A0D0A0000005B4F54418E
:10EC68003A25645D206F74613A20696E76616C693B
:10EC780064206E65775F63726333320D0A0D0A0094
:10EC88006669726D776172655F6100006F74615FBC
:10EC98006D657461000000005B4F54413A25645D66
:10ECA800206F74613A20706172746974696F6E20A4
:10ECB8006E6F7420666F756E640D0A0D0A00000091
:10ECC8005B4F54413A25645D206F74613A20746645
:10ECD80074705F696E6974206661696C2025640DC3
:10ECE8000A0D0A005B4F54413A25645D206F746138
:10ECF8003A20757067726164655F7374617274201D
:10ED080061636365707465642C20657870656374ED
:10ED1800206C656E3D256C75206372633D25303827
:10ED28006C582C2054465450206C697374656E6975
:10ED38006E670D0A0D0A00005B4F54413A25645D69
:10ED4800206F74613A206D657461206D6167696335
:10ED58003D30782530386C582073746174653D25D2
:10ED6800642028303D4E4F4E452C313D50454E4491
:10ED7800494E472C323D444F4E452C333D434F4E70
:10ED88004649524D45442C343D4641494C45442959
:10ED98000D0A0D0A000000005B4F54413A25645DDE
:10EDA800206F74613A206E6577206669726D7761AD
:10EDB800726520626F6F746564204F4B202D3E2072
:10EDC800434F4E4649524D45440D0A0D0A00000076
:10EDD80065665F6B76646231000000007379736466
:10EDE80062000000443A2F4465736B746F702F53B0
:10EDF800656E736F72436F6E63656E747261746F64
:10EE0800722F55736572436F64652F4C6F67696322
:10EE18002F73796E6369662E630000005B25733A71
:10EE280025645D20466C617368444220666F726D8C
:10EE3800617420616E64207265736574204F4B0D98
:10EE48000A0000001B5B33313B32326D5B452F46B5
:10EE5800414C5D202825733A2564292000000000D4
:10EE6800302E352E39390000466C617368204162B6
:10EE7800737472616374696F6E204C617965722076
:10EE8800285625732920696E697469616C697A65E9
:10EE9800206661696C65642E000000001B5B306DA4
:10EEA800000000006E616D6500000000666C617313
:10EEB800685F6465760000001B5B33313B32326D5E
:10EEC8005B452F46414C5D202825733A256429204F
:10EED80000000000496E697469616C697A65206692
:10EEE80061696C65642120506172746974696F6E20
:10EEF80028257329206F66667365742061646472BF
:10EF080065737328256C6429206F7574206F6620DB
:10EF1800666C61736820626F756E64283C2564298D
:10EF28002E0000001B5B306D000000005061727401
:10EF38006974696F6E2072656164206572726F72A0
:10EF48002120506172746974696F6E206164647203
:10EF5800657373206F7574206F6620626F756E64B9
:10EF68002E000000506172746974696F6E207265BA
:10EF78006164206572726F722120446F6E2774205D
:10EF8800666F756E6420666C617368206465766967
:10EF9800636528257329206F662074686520706171
:10EFA80072746974696F6E282573292E0000000039
:10EFB800506172746974696F6E207265616420654E
:10EFC80072726F722120466C61736820646576697D
:10EFD8006365282573292072656164206572726FE4
:10EFE80072210000506172746974696F6E207772C3
:10EFF800697465206572726F72212050617274693C
:10F0080074696F6E2061646472657373206F7574C0
:10F01800206F6620626F756E642E000050617274F6
:10F028006974696F6E207772697465206572726F92
:10F0380072212020446F6E277420666F756E6420DD
:10F04800666C617368206465766963652825732931
:10F05800206F662074686520706172746974696FC6
:10F068006E282573292E0000506172746974696FC7
:10F078006E207772697465206572726F72212046FE
:10F088006C61736820646576696365282573292037
:10F098007772697465206572726F722100000000D2
:10F0A800506172746974696F6E206572617365204E
:10F0B8006572726F722120506172746974696F6E23
:10F0C8002061646472657373206F7574206F6620A5
:10F0D800626F756E642E0000506172746974696F96
:10F0E8006E206572617365206572726F72212044AB
:10F0F8006F6E277420666F756E6420666C61736826
:10F108002064657669636528257329206F662074F5
:10F11800686520706172746974696F6E2825732937
:10F128002E000000506172746974696F6E206572F8
:10F13800617365206572726F722120466C61736815
:10F148002064657669636528257329206572617373
:10F1580065206572726F7221000000005F5F76653E
:10F16800725F6E756D5F5F003000000025640000FF
:10F17800252E306600000000256500002566000089
:10F1880022220000225C080C0A0D09007525303483
:10F19800780000006E756C6C0000000066616C738E
:10F1A8006500000074727565000000005B5D00007A
:10F1B800371303083A1303083D130308000000003F
:10F1C800000000000102030406070809000000000F
:10F1D800010203040006101600061016FFFFFFFFC9
:10F1E800FFFF0000000000000000000020000C00ED
:10F1F80054FE0320DCFF0320A0001400E0FF0320DE
:10F20800680C0420200008006C0C0420740D0420F5
:10F2180010001800780D0420000F042020000500BD
:10F22800040F0420AC0F042018000F00B00F0420B6
:10F238002011042010000200241104204C11042085
:10F248002800040050110420F811042010000800C0
:10F25800FC110420841204201000080088120420E5
:10F268001013042010000C0014130420DC130420D5
:10F2780010004000E0130420E817042000062000D6
:10F28800EC170420F4D70420F4F1020800F2020875
:10F298000CF2020818F2020824F2020830F20208FE
:10F2A8003CF2020848F2020854F2020860F202082E
:10F2B8006CF2020878F2020884F2020801020304E0
:10F2C80005060707070707070700000003060C18CD
:10F2D800306078000CD8042008D8042010D8042006
:10F2E80014D80420FA00000061CE0008E8030000EA
:10F2F8003D5A0108E8030000213F010864000000AE
:10F308004D3C010800000000FFFFFFFF0000000067
:10F31800000000002006200014DA04201C9E0520AE
:10F32800982F8A4291443771CFFBC0B5A5DBB5E968
:10F338005BC25639F111F159A4823F92D55E1CABDC
:10F3480098AA07D8015B8312BE853124C37D0C556A
:10F35800745DBE72FEB1DE80A706DC9B74F19BC1B2
:10F36800C1699BE48647BEEFC69DC10FCCA10C24A2
:10F378006F2CE92DAA84744ADCA9B05CDA88F97686
:10F3880052513E986DC631A8C82703B0C77F59BFF0
:10F39800F30BE0C64791A7D55163CA06672929141C
:10F3A800850AB72738211B2EFC6D2C4D130D3853B9
:10F3B80054730A65BB0A6A762EC9C281852C72927B
:10F3C800A1E8BFA24B661AA8708B4BC2A3516CC7A9
:10F3D80019E892D1240699D685350EF470A06A10E2
:10F3E80016C1A419086C371E4C774827B5BCB03431
:10F3F800B30C1C394AAAD84E4FCA9C5BF36F2E68CF
:10F40800EE828F746F63A5781478C8840802C78C5D
:10F41800FAFFBE90EB6C50A4F7A3F9BEF27871C660
:10F42800B90A0208A50B0208290B0208450B0208B5
:10F4380066616C5F696E6974000000003031504588
:10F4480065665F6B766462310000000000000000B2
:10F45800000000000000000073746D33325F6F6EAF
:10F4680063686970000000000000000000000000F0
:10F4780000000000000004000000000063686563ED
:10F488006B5F616E645F7570646174655F706172F3
:10F49800745F63616368650066616C5F7061727454
:10F4A8006974696F6E5F72656164000066616C5FA4
:10F4B800706172746974696F6E5F777269746500E0
:10F4C80066616C5F706172746974696F6E5F657292
:10F4D8006173650000000000963007772C610EEE1E
:10F4E800BA51099919C46D078FF46A7035A563E993
:10F4F800A395649E3288DB0EA4B8DC791EE9D5E0BA
:10F5080088D9D2972B4CB609BD7CB17E072DB8E7B8
:10F51800911DBF906410B71DF220B06A4871B9F30D
:10F52800DE41BE847DD4DA1AEBE4DD6D51B5D4F446
:10F53800C785D38356986C13C0A86B647AF962FDAB
:10F54800ECC9658A4F5C0114D96C0663633D0FFAF8
:10F55800F50D088DC8206E3B5E10694CE44160D5FE
:10F56800727167A2D1E4033C47D4044BFD850DD2E8
:10F578006BB50AA5FAA8B5356C98B242D6C9BBDBFB
:10F5880040F9BCACE36CD832755CDF45CF0DD6DCF6
:10F59800593DD1ABAC30D9263A00DE518051D7C89D
:10F5A8001661D0BFB5F4B42123C4B3569995BACF28
:10F5B8000FA5BDB89EB802280888055FB2D90CC649
:10F5C80024E90BB1877C6F2F114C6858AB1D61C1C2
:10F5D8003D2D66B69041DC760671DB01BC20D298E1
:10F5E8002A10D5EF8985B1711FB5B606A5E4BF9F6E
:10F5F80033D4B8E8A2C9077834F9000F8EA8099661
:10F6080018980EE1BB0D6A7F2D3D6D08976C6491CB
:10F61800015C63E6F4516B6B62616C1CD8306585E4
:10F628004E0062F2ED95066C7BA5011BC1F40882C1
:10F6380057C40FF5C6D9B06550E9B712EAB8BE8B02
:10F648007C88B9FCDF1DDD62492DDA15F37CD38C8B
:10F65800654CD4FB5861B24DCE51B53A7400BCA389
:10F66800E230BBD441A5DF4AD795D83D6DC4D1A4BB
:10F67800FBF4D6D36AE96943FCD96E34468867AD92
:10F68800D0B860DA732D0444E51D03335F4C0AAA31
:10F69800C97C0DDD3C710550AA41022710100BBE34
:10F6A80086200CC925B56857B3856F2009D466B97B
:10F6B8009FE461CE0EF9DE5E98C9D9292298D0B0B0
:10F6C800B4A8D7C7173DB359810DB42E3B5CBDB75D
:10F6D800AD6CBAC02083B8EDB6B3BF9A0CE2B603DE
:10F6E8009AD2B1743947D5EAAF77D29D1526DB0493
:10F6F8008316DC73120B63E3843B64943E6A6D0DDE
:10F70800A85A6A7A0BCF0EE49DFF099327AE000A28
:10F71800B19E077D44930FF0D2A3088768F2011EBB
:10F72800FEC206695D5762F7CB67658071366C1952
:10F73800E7066B6E761BD4FEE02BD3895A7ADA1073
:10F74800CC4ADD676FDFB9F9F9EFBE8E43BEB71754
:10F75800D58EB060E8A3D6D67E93D1A1C4C2D838DE
:10F7680052F2DF4FF167BBD16757BCA6DD06B53F44
:10F778004B36B248DA2B0DD84C1B0AAFF64A033683
:10F78800607A0441C3EF60DF55DF67A8EF8E6E3102
:10F7980079BE69468CB361CB1A8366BCA0D26F254B
:10F7A80036E2685295770CCC03470BBBB916022298
:10F7B8002F260555BE3BBAC5280BBDB2925AB42BAD
:10F7C800046AB35CA7FFD7C231CFD0B58B9ED92CC2
:10F7D8001DAEDE5BB0C2649B26F263EC9CA36A7527
:10F7E8000A936D02A906099C3F360EEB85670772DE
:10F7F80013570005824ABF95147AB8E2AE2BB17B45
:10F80800381BB60C9B8ED2920DBED5E5B7EFDC7CCB
:10F8180021DFDB0BD4D2D38642E2D4F1F8B3DD6822
:10F828006E83DA1FCD16BE815B26B9F6E177B06F1D
:10F838007747B718E65A0888706A0FFFCA3B06660A
:10F848005C0B0111FF9E658F69AE62F8D3FF6B6197
:10F8580045CF6C1678E20AA0EED20DD75483044E39
:10F86800C2B30339612667A7F71660D04D476949C7
:10F87800DB776E3E4A6AD1AEDC5AD6D9660BDF40DA
:10F88800F03BD83753AEBCA9C59EBBDE7FCFB2478D
:10F89800E9FFB5301CF2BDBD8AC2BACA3093B35372
:10F8A800A6A3B4240536D0BA9306D7CD2957DE547B
:10F8B800BF67D9232E7A66B3B84A61C4021B685D54
:10F8C800942B6F2A37BE0BB4A18E0CC31BDF055ACD
:10F8D8008DEF022D0000C0E0F0F8FC0000000000F1
:10F8E8000038FAFE422EE63F3067C79357F32E3DA5
:10F8F800000000000000E0BF605555555555E5BFB4
:10F90800060000000000E03F4E5559999999E93FDB
:10F918007AA429555555E5BFE945489B5B49F2BF8F
:10F92800C33F268B2B00F03F0000000000A0F63FED
:10F93800000000000000000000C8B9F2822CD6BF09
:10F948008056372824B4FA3C000000000080F63FB7
:10F958000000000000000000000858BFBDD1D5BF5E
:10F9680020F7E0D808A51CBD000000000060F63FA5
:10F978000000000000000000005845177776D5BF4A
:10F988006D50B6D5A46223BD000000000040F63FCC
:10F99800000000000000000000F82D87AD1AD5BF58
:10F9A800D567B09EE484E6BC000000000020F63F66
:10F9B8000000000000000000007877955FBED4BF0B
:10F9C800E03E2993691B04BD000000000000F63FDB
:10F9D800000000000000000000601CC28B61D4BF62
:10F9E800CC844C482FD8133D0000000000E0F53FC0
:10F9F800000000000000000000A886863004D4BF84
:10FA08003A0B82EDF342DC3C0000000000C0F53FF9
:10FA18000000000000000000004869554CA6D3BF54
:10FA280060945186C6B1203D0000000000A0F53F5B
:10FA380000000000000000000080989ADD47D3BF56
:10FA48009280C5D44D59253D000000000080F53F47
:10FA580000000000000000000020E1BAE2E8D2BF88
:10FA6800D82BB7991E7B263D000000000060F53FAB
:10FA780000000000000000000088DE135A89D2BF91
:10FA88003FB0CFB614CA153D000000000060F53F36
:10FA980000000000000000000088DE135A89D2BF71
:10FAA8003FB0CFB614CA153D000000000040F53F36
:10FAB80000000000000000000078CFFB4129D2BF01
:10FAC80076DA5328245A16BD000000000020F53FBE
:10FAD8000000000000000000009869C198C8D1BF6C
:10FAE8000454E768BCAF1FBD000000000000F53FEC
:10FAF800000000000000000000A8ABAB5C67D1BFAD
:10FB0800F0A88233C61F1F3D0000000000E0F43F4C
:10FB180000000000000000000048AEF98B05D1BFCE
:10FB2800665A05FDC4A826BD0000000000C0F43FC9
:10FB38000000000000000000009073E224A3D0BF82
:10FB48000E03F47EEE6B0CBD0000000000A0F43F35
:10FB5800000000000000000000D0B4942540D0BF91
:10FB68007F2DF49EB836F0BC0000000000A0F43FE2
:10FB7800000000000000000000D0B4942540D0BF71
:10FB88007F2DF49EB836F0BC000000000080F43FE2
:10FB9800000000000000000000405E6D18B9CFBFF3
:10FBA800873C99AB2A570D3D000000000060F43FE8
:10FBB80000000000000000000060DCCBADF0CEBF0C
:10FBC80024AF869CB7262B3D000000000040F43F80
:10FBD800000000000000000000F02A6E0727CEBFDA
:10FBE80010FF3F544F2F17BD000000000020F43FC6
:10FBF800000000000000000000C04F6B215CCDBF7A
:10FC08001B68CABB91BA213D000000000000F43F08
:10FC1800000000000000000000A09AC7F78FCCBFCA
:10FC280034849F684F79273D000000000000F43FAE
:10FC3800000000000000000000A09AC7F78FCCBFAA
:10FC480034849F684F79273D0000000000E0F33FAF
:10FC5800000000000000000000902D7486C2CBBF99
:10FC68008FB78B31B04E193D0000000000C0F33F44
:10FC7800000000000000000000C0804EC9F3CABFA9
:10FC88006690CD3F634EBA3C0000000000A0F33FF1
:10FC9800000000000000000000B0E21FBC23CABF43
:10FCA800EAC146DC648C25BD0000000000A0F33FDB
:10FCB800000000000000000000B0E21FBC23CABF23
:10FCC800EAC146DC648C25BD000000000080F33FDB
:10FCD80000000000000000000050F49C5A52C9BF08
:10FCE800E3D4C104D9D12ABD000000000060F33F6D
:10FCF800000000000000000000D02065A07FC8BF01
:10FD080009FADB7FBFBD2B3D000000000040F33F38
:10FD1800000000000000000000E0100289ABC7BF2F
:10FD2800584A537290DB2B3D000000000040F33F1F
:10FD3800000000000000000000E0100289ABC7BF0F
:10FD4800584A537290DB2B3D000000000020F33F1F
:10FD5800000000000000000000D019E70FD6C6BF61
:10FD680066E2B2A36AE410BD000000000000F33FA1
:10FD780000000000000000000090A77030FFC5BF21
:10FD88003950109F439E1EBD000000000000F33F45
:10FD980000000000000000000090A77030FFC5BF01
:10FDA8003950109F439E1EBD0000000000E0F23F46
:10FDB800000000000000000000B0A1E3E526C5BF78
:10FDC8008F5B07908BDE20BD0000000000C0F23F73
:10FDD80000000000000000000080CB6C2B4DC4BF69
:10FDE8003C783561C10C173D0000000000C0F23FAF
:10FDF80000000000000000000080CB6C2B4DC4BF49
:10FE08003C783561C10C173D0000000000A0F23FAE
:10FE1800000000000000000000901E20FC71C3BF1D
:10FE28003A54274D8678F13C000000000080F23FEC
:10FE3800000000000000000000F01FF85295C2BF4B
:10FE480008C47117308D24BD000000000060F23F27
:10FE5800000000000000000000602FD52AB7C1BFD5
:10FE680096A31118A4802EBD000000000060F23F88
:10FE7800000000000000000000602FD52AB7C1BFB5
:10FE880096A31118A4802EBD000000000040F23F88
:10FE980000000000000000000090D07C7ED7C0BFAA
:10FEA800F45BE88896690A3D000000000040F23FD4
:10FEB80000000000000000000090D07C7ED7C0BF8A
:10FEC800F45BE88896690A3D000000000020F23FD4
:10FED800000000000000000000E0DB3191ECBFBF33
:10FEE800F233A35C547525BD000000000000F23F0A
:10FEF800000000000000000000002B6E0727BEBFB6
:10FF08003C00F02A2C342A3D000000000000F23F9B
:10FF1800000000000000000000002B6E0727BEBF95
:10FF28003C00F02A2C342A3D0000000000E0F13F9C
:10FF3800000000000000000000C05B8F545EBCBFE2
:10FF480006BE5F58570C1DBD0000000000C0F13F01
:10FF5800000000000000000000E04A3A6D92BABFBD
:10FF6800C8AA5BE83539253D0000000000C0F13F14
:10FF7800000000000000000000E04A3A6D92BABF9D
:10FF8800C8AA5BE83539253D0000000000A0F13F14
:10FF9800000000000000000000A031D645C3B8BF33
:10FFA80068562F4D297C133D0000000000A0F13F4A
:10FFB800000000000000000000A031D645C3B8BF13
:10FFC80068562F4D297C133D000000000080F13F4A
:10FFD80000000000000000000060E58AD2F0B6BF13
:10FFE800DA7333C9379726BD000000000060F13F7F
:08FFF800000000000000000001
:020000040803EF
:100000000020063F071BB5BF575EC6615B021F3D60
:10001000000000000060F13F000000000000000050
:100020000020063F071BB5BF575EC6615B021F3D40
:10003000000000000040F13F000000000000000050
:1000400000E01B96D741B3BFDF13F9CCDA5E2C3D3D
:10005000000000000040F13F000000000000000030
:1000600000E01B96D741B3BFDF13F9CCDA5E2C3D1D
:10007000000000000020F13F000000000000000030
:100080000080A3EE3665B1BF09A38F765E7C143D78
:10009000000000000000F13F000000000000000030
:1000A000008011C0300AAFBF918E36839E592D3D1E
:1000B000000000000000F13F000000000000000010
:1000C000008011C0300AAFBF918E36839E592D3DFE
:1000D0000000000000E0F03F000000000000000011
:1000E00000801971DD42ABBF4C70D6E57A821C3DB1
:1000F0000000000000E0F03F0000000000000000F1
:1001000000801971DD42ABBF4C70D6E57A821C3D90
:100110000000000000C0F03F0000000000000000F0
:1001200000C032F65874A7BFEEA1F23446FC2CBDD5
:100130000000000000C0F03F0000000000000000D0
:1001400000C032F65874A7BFEEA1F23446FC2CBDB5
:100150000000000000A0F03F0000000000000000D0
:1001600000C0FEB9879EA3BFAAFE26F5B702F53CE4
:100170000000000000A0F03F0000000000000000B0
:1001800000C0FEB9879EA3BFAAFE26F5B702F53CC4
:10019000000000000080F03F0000000000000000B0
:1001A0000000780E9B829FBFE4097E7C268029BDDB
:1001B000000000000080F03F000000000000000090
:1001C0000000780E9B829FBFE4097E7C268029BDBB
:1001D000000000000060F03F000000000000000090
:1001E0000080D5071BB997BF39A6FA93548D28BD57
:1001F000000000000040F03F000000000000000090
:100200000000FCB0A8C08FBF9CA6D3F67C1EDFBC4C
:10021000000000000040F03F00000000000000006F
:100220000000FCB0A8C08FBF9CA6D3F67C1EDFBC2C
:10023000000000000020F03F00000000000000006F
:100240000000106B2AE07FBFE440DA0D3FE219BDE9
:10025000000000000020F03F00000000000000004F
:100260000000106B2AE07FBFE440DA0D3FE219BDC9
:10027000000000000000F03F00000000000000004F
:10028000000000000000000000000000000000006E
:10029000000000000000F03F00000000000000002F
:1002A000000000000000000000000000000000004E
:1002B0000000000000C0EF3F000000000000000050
:1002C000000089751510803FE82B9D996BC710BD04
:1002D000000000000080EF3F000000000000000070
:1002E000008093585620903FD2F7E2065BDC23BD96
:1002F000000000000040EF3F000000000000000090
:100300000000C9282549983F340C5A32BAA02ABDAA
:10031000000000000000EF3F0000000000000000AF
:100320000040E7895D41A03F53D7F15CC011013D1A
:100330000000000000C0EE3F0000000000000000D0
:1003400000002ED4AE66A43F28FDBD7573162CBDEB
:10035000000000000080EE3F0000000000000000F0
:1003600000C09F14AA94A83F7D265AD0957919BD44
:10037000000000000040EE3F000000000000000010
:1003800000C0DDCD73CBAC3F0728D847F2681ABD5B
:10039000000000000020EE3F000000000000000010
:1003A00000C006C031EAAE3F7B3BC94F3E110EBDD7
:1003B0000000000000E0ED3F000000000000000031
:1003C000006046D13B97B13F9B9E0D565D3225BDE7
:1003D0000000000000A0ED3F000000000000000051
:1003E00000E0D1A7F5BDB33FD74EDBA55EC82C3DDD
:1003F000000000000060ED3F000000000000000071
:1004000000A0974D5AE9B53F1E1D5D3C06692CBD05
:10041000000000000040ED3F000000000000000070
:1004200000C0EA0AD300B73F32ED9DA98D1EEC3C17
:10043000000000000000ED3F000000000000000090
:100440000040595D5E33B93FDA47BD3A5C11233D48
:100450000000000000C0EC3F0000000000000000B1
:100460000060AD8DC86ABB3FE568F72B809013BD77
:100470000000000000A0EC3F0000000000000000B1
:100480000040BC015888BC3FD3AC5AC6D146263D7B
:10049000000000000060EC3F0000000000000000D1
:1004A00000200A8339C7BE3FE045E6AF68C02DBDD6
:1004B000000000000040EC3F0000000000000000D1
:1004C00000E0DB3991E8BF3FFD0AA14FD63425BDDE
:1004D000000000000000EC3F0000000000000000F1
:1004E00000E027828E17C13FF2072DCE78EF213D25
:1004F0000000000000E0EB3F0000000000000000F2
:1005000000F0237E2BAAC13F349938448EA72C3D9E
:100510000000000000A0EB3F000000000000000011
:100520000080860C61D1C23FA1B481CB6C9D033D9C
:10053000000000000080EB3F000000000000000011
:10054000009015B0FC65C33F89724B23A82FC63CB1
:10055000000000000040EB3F000000000000000031
:1005600000B033833D91C43F78B6FD547983253D77
:10057000000000000020EB3F000000000000000031
:1005800000B0A1E4E527C53FC77D69E5E833263D16
:100590000000000000E0EA3F000000000000000052
:1005A00000108CBE4E57C63F782E3C2C8BCF193D89
:1005B0000000000000C0EA3F000000000000000052
:1005C0000070758B12F0C63FE1219CE58D1125BDB1
:1005D0000000000000A0EA3F000000000000000052
:1005E000005044858D89C73F0543917010661CBD3E
:1005F000000000000060EA3F000000000000000072
:10060000000039EBAFBEC83FD12CE9AA543D07BD6D
:10061000000000000040EA3F000000000000000071
:100620000000F7DC5A5AC93F6FFFA05828F2073D77
:10063000000000000000EA3F000000000000000091
:1006400000E08A3CED93CA3F69215650437228BDB1
:100650000000000000E0E93F000000000000000092
:1006600000D05B57D831CB3FAAE1AC4E8D350CBDE5
:100670000000000000C0E93F000000000000000092
:1006800000E03B3887D0CB3FB6125459C44B2DBD48
:100690000000000000A0E93F000000000000000092
:1006A0000010F0C6FB6FCC3FD22B96C572ECF1BCAC
:1006B000000000000060E93F0000000000000000B2
:1006C0000090D4B03DB1CD3F35B015F72AFF2ABD1B
:1006D000000000000040E93F0000000000000000B2
:1006E0000010E7FF0E53CE3F30F441602712C23CAA
:1006F000000000000020E93F0000000000000000B2
:100700000000DDE4ADF5CE3F118EBB651521CABCFE
:10071000000000000000E93F0000000000000000B1
:1007200000B0B36C1C99CF3F30DF0CCAECCB1B3D43
:100730000000000000C0E83F0000000000000000D2
:1007400000584D603871D03F914EED16DB9CF83C5F
:100750000000000000A0E83F0000000000000000D2
:10076000006061672DC4D03FE9EA3C168B18273D35
:10077000000000000080E83F0000000000000000D2
:1007800000E827828E17D13F1CF0A5630E212CBDF7
:10079000000000000060E83F0000000000000000D2
:1007A00000F8ACCB5C6BD13F8116A5F7CD9A2B3D01
:1007B000000000000040E83F0000000000000000D2
:1007C00000685A6399BFD13FB7BD4751EDA62C3D94
:1007D000000000000020E83F0000000000000000D2
:1007E00000B80E6D4514D23FEABA46BADE870A3D1C
:1007F0000000000000E0E73F0000000000000000F3
:100800000090DC7CF0BED23FF404504AFA9C2A3DB2
:100810000000000000C0E73F0000000000000000F2
:100820000060D3E1F114D33FB83C21D37AE228BD74
:100830000000000000A0E73F0000000000000000F2
:100840000010BE76676BD33FC877F1B0CD6E113D17
:10085000000000000080E73F0000000000000000F2
:100860000030337752C2D33F5CBD06B6543B183DCF
:10087000000000000060E73F0000000000000000F2
:1008800000E8D523B419D43F9DE090EC36E4083D50
:10089000000000000040E73F0000000000000000F2
:1008A00000C871C28D71D43F75D66709CE272FBDA0
:1008B000000000000020E73F0000000000000000F2
:1008C0000030179EE0C9D43FA4D80A1B89202EBD52
:1008D000000000000000E73F0000000000000000F2
:1008E00000A03807AE22D53F59C7648170BE2E3DA7
:1008F0000000000000E0E63F0000000000000000F3
:1009000000D0C853F77BD53FEF405DEEEDAD1F3D06
:100910000000000000C0E63F0000000000000000F2
:10092000006059DFBDD5D53FDC65A4082A0B0ABDA0
:10093000FE822B6547156740000000000000384329
:100940000000FAFE422E76BF3A3B9EBC9AF70CBDE1
:10095000BDFDFFFFFFFFDF3F3C5455555555C53FDB
:10096000912B17CF5555A53F17D0A4671111813F83
:10097000000000000000C842EF39FAFE422EE63FB8
:1009800024C482FFBDBFCE3FB5F40CD7086BAC3F8B
:10099000CC5046D2ABB2833F843A4E9BE0D7553F12
:1009A0000000000000000000000000000000F03F18
:1009B0006EBF881A4F3B9B3C3533FBA93DF6EF3F9A
:1009C0005DDCD89C136071BC6180773E9AECEF3F90
:1009D000D16687107A5E90BC857F6EE815E3EF3FA5
:1009E00013F6673552D28C3C748515D3B0D9EF3FDE
:1009F000FA8EF92380CE8BBCDEF6DD296BD0EF3F7B
:100A000061C8E6614EF7603CC89B751845C7EF3F6B
:100A100099D3335BE4A3903C83F3C6CA3EBEEF3F59
:100A20006D7B835DA69A973C0F89F96C58B5EF3FB3
:100A3000FCEFFD921AB58E3CF747722B92ACEF3F5C
:100A4000D19C2F703DBE3E3CA2D1D332ECA3EF3FF0
:100A50000B6E908934036ABC1BD3FEAF669BEF3FDD
:100A60000EBD2F2A525695BC515B12D00193EF3F19
:100A700055EA4E8CEF8050BCCC316CC0BD8AEF3F44
:100A800016F4D5B923C991BCE02DA9AE9A82EF3FE7
:100A9000AF555CE9E3D3803C518EA5C8987AEF3F0F
:100AA0004893A5EA151B80BC7B517D3CB872EF3F93
:100AB0003D32DE55F01F8FBCEA8D8C38F96AEF3F6E
:100AC000BF53133F8C898B3C75CB6FEB5B63EF3F60
:100AD00026EB11769CD996BCD45C0484E05BEF3F96
:100AE000602F3A3EF7EC9A3CAAB968318754EF3F41
:100AF0009D3886CB82E78FBC1DD9FC22504DEF3F3D
:100B00008DC3A644416F8A3CD68C62883B46EF3F3A
:100B10007D04E4B0057A803C96DC7D91493FEF3F4F
:100B200094A8A8E3FD8E963C3862756E7A38EF3F44
:100B30007D4874F2185E873C3FA6B24FCE31EF3F3E
:100B4000F2E71F982B47803CDD7CE265452BEF3FA9
:100B50005E08713F7BB896BC8163F5E1DF24EF3F0F
:100B600031AB096DE1F7823CE1DE1FF59D1EEF3FE1
:100B7000FABF6F1A9B213DBC90D9DAD07F18EF3FA6
:100B8000B40A0C7282378B3C0B03E4A68512EF3F4C
:100B90008FCBCE8992146E3C562F3EA9AF0CEF3FFF
:100BA000B6ABB04D754D833C15B7310AFE06EF3F2D
:100BB0004C74ACE20142863C31D84CFC7001EF3FF2
:100BC0004AF8D35D39DD8F3CFF1664B208FCEE3F76
:100BD000045B8E3B80A386BCF19F925FC5F6EE3F1F
:100BE00068504BCCED4A92BCCBA93A37A7F1EE3F07
:100BF0008E2D511BF80799BC66D8056DAEECEE3F03
:100C0000D236943EE8D171BCF79FE534DBE7EE3F86
:100C1000151BCEB3191999BCE5A813C32DE3EE3FFC
:100C20006D4C2AA7489F853C2234124CA6DEEE3F2D
:100C30008A69287A601293BC1C80AC0445DAEE3FC6
:100C40005B8917488FA758BC2A2EF7210AD6EE3F9A
:100C50001B9A49679B2C7CBC97A850D9F5D1EE3FD5
:100C600011ACC260ED63433C2D89616008CEEE3F5C
:100C7000EF64063B0966963C57001DED41CAEE3F06
:100C80007903A1DAE1CC6E3CD03CC1B5A2C6EE3FFF
:100C900030120F3F8EFF933CDED3D7F02AC3EE3FD6
:100CA000B0AF7ABBCE90763C272A36D5DABFEE3F7E
:100CB00077E054EBBD1D933C0DDDFD99B2BCEE3FDA
:100CC0008EA3710034948FBCA72C9D76B2B9EE3FF1
:100CD00049A393DCCCDE87BC4266CFA2DAB6EE3FF6
:100CE0005F380FBDC6DE78BC824F9D562BB4EE3FF9
:100CF000F65C7BEC461286BC0F925DCAA4B1EE3F57
:100D00008ED7FD180535933CDA27B53647AFEE3F51
:100D1000059B8A2FB7987B3CFDC797D412ADEE3F59
:100D200009541CE2E163903C295448DD07ABEE3FD7
:100D3000EAC6195085C7343CB746598A26A9EE3F02
:100D400035C0642BE632943C4821AD156FA7EE3FC9
:100D50009F7699614AE48CBC09DC76B9E1A5EE3F47
:100D6000A84DEF3BC5338CBC85553AB07EA4EE3F11
:100D7000AEE92B89785384BC20C3CC3446A3EE3F24
:100D800058585678DDCE93BC2522558238A2EE3FC6
:100D900064197E80AA10573C73A94CD455A1EE3F2C
:100DA00028225EBFEFB393BCCD3B7F669EA0EE3F93
:100DB00082B93487AD126ABCBFDA0B7512A0EE3F60
:100DC000EEA96DB8EF6763BC2F1A653CB29FEE3F8A
:100DD0005188E0543DDC80BC849451F97D9FEE3F06
:100DE000CF3E5A7E641F78BC745FECE8759FEE3F7F
:100DF000B07D8BC04AEE86BC7481A5489A9FEE3FB9
:100E00008AE6551E321986BCC9674256EB9FEE3FF3
:100E1000D3D4095ECB9C903C3F5DDE4F69A0EE3F92
:100E20001DA54DB9DC327BBC8701EB7314A1EE3FED
:100E30006BC06754FDEC943C32C13001EDA1EE3F34
:100E4000556CD6ABE1EB653C624ECF36F3A2EE3F7C
:100E500042CFB32FC5A188BC121A3E5427A4EE3F3F
:100E600034373BF1B66993BC13CE4C9989A5EE3F5C
:100E70001EFF193A845E80BCADC723461AA7EE3F19
:100E80006E5772D850D494BCED92449BD9A8EE3FD3
:100E9000008A0E5B67AD903C99668AD9C7AAEE3F7F
:100EA000B4EAF0C12FB78D3CDBA02A42E5ACEE3F9F
:100EB000FFE7C59C60B665BC8C44B51632AFEE3F0B
:100EC000445FF35983F67B3C36771599AEB1EE3F1C
:100ED000833D1EA71F0993BCC6FF910B5BB4EE3F79
:100EE000291E6C8BB8A95DBCE5C5CDB037B7EE3F08
:100EF00059B9907CF9236CBC0F52C8CB44BAEE3F71
:100F0000AAF9F422434392BC504EDE9F82BDEE3FCD
:100F10004B8E66D76CCA85BCBA07CA70F1C0EE3F6B
:100F200027CE912BFCAF713C90F0A38291C4EE3F91
:100F3000BB730AE135D26D3C2323E31963C8EE3F4E
:100F40006322622204C587BC65E55D7B66CCEE3F0B
:100F5000D531E2E3861C8B3C332D4AEC9BD0EE3F2F
:100F600015BBBCD3D1BB91BC5D253EB203D5EE3FD2
:100F7000D231EE9C31CC903C58B330139ED9EE3F29
:100F8000B35A736E8469843CBFFD79556BDEEE3FC6
:100F9000B49D8E97CDDF82BC7AF3D3BF6BE3EE3F77
:100FA0008733CB92771A8C3CADD35A999FE8EE3FAA
:100FB000FAD9D14A8F7B90BC66B68D2907EEEE3FF9
:100FC000BAAEDC56D9C355BCFB154FB8A2F3EE3F01
:100FD00040F6A63D0EA490BC3A59E58D72F9EE3F5D
:100FE0003493AD38F4D668BC475EFBF276FFEE3F33
:100FF000358A586BE2EE91BC4A06A130B005EF3F4E
:10100000CDDD5F0AD7FF743CD2C14B901E0CEF3F81
:10101000AC9892FAFBBD91BC091ED75BC212EF3FA0
:10102000B30CAF30AE6E733C9C5285DD9B19EF3F25
:1010300094FD9F5C32E38E3C7AD0FF5FAB20EF3FA4
:10104000AC5909D18FE0843C4BD1572EF127EF3FAB
:10105000671A4E38AFCD633CB5E706946D2FEF3F6E
:101060006819926C2C6B673C6990EFDC2037EF3F7E
:10107000D2B5CC83188A80BCFAC35D550B3FEF3FD5
:101080006FFAFF3F5DAD8FBC7C89074A2D47EF3F6C
:1010900049A97538AE0D90BCF2890D08874FEF3F16
:1010A000A7073DA685A3743C87A4FBDC1858EF3F37
:1010B0000F2240209E9182BC9883C916E360EF3FC7
:1010C000AC92C1D5505A8E3C8532DB03E669EF3FC6
:1010D0004B6B01AC593A843C60B401F32173EF3F90
:1010E0001F3EB40721D582BC5F9B7B33977CEF3FCB
:1010F000C90D473BB92A89BC29A1F5144686EF3FA3
:10110000D3883A6004B6743CF63F8BE72E90EF3FED
:1011100071729D51ECC5833C834CC7FB519AEF3FE4
:10112000F091D38F12F78FBCDA90A4A2AFA4EF3F57
:101130007D7423E298AE8DBCF1678E2D48AFEF3FF2
:101140000820AA41BCC38E3C275A61EE1BBAEF3F70
:1011500032EBA9C3942B843C97BA6B372BC5EF3F76
:10116000EE85D131A9648A3C40456E5B76D0EF3F75
:10117000EDE33BE4BA378EBC14BE9CADFDDBEF3F24
:101180009DCD914D3B89773CD8909E81C1E7EF3F43
:1011900089CC6041C105533CF1718F2BC2F3EF3F05
:1011A0005245454E54206D616C6C6F6320737563BE
:1011B000636565646564002F6275696C642F676E92
:1011C000752D746F6F6C732D666F722D73746D3324
:1011D000325F31342E332E72656C312E323032351F
:1011E000313032372D303730302F7372632F6E65C8
:1011F000776C69622F6E65776C69622F6C696263C8
:101200002F7374646C69622F72616E642E63002F99
:101210006275696C642F676E752D746F6F6C732DBA
:10122000666F722D73746D33325F31342E332E72CC
:10123000656C312E32303235313032372D30373027
:10124000302F7372632F6E65776C69622F6E6577CE
:101250006C69622F6C6962632F74696D652F6C63B2
:101260006C74696D652E6300545A00474D54002517
:1012700031315B2D2B302D39412D5A612D7A5D2571
:101280006E002531315B412D5A612D7A5D256E004E
:101290004D256875256E2E256875256E2E25687579
:1012A000256E002F256875256E3A256875256E3ADE
:1012B000256875256E002C2066756E6374696F6EE7
:1012C0003A2000617373657274696F6E2022257312
:1012D00022206661696C65643A2066696C6520222B
:1012E0002573222C206C696E652025642573257377
:1012F0000A00232D302B2000686C4C006566674582
:10130000464700303132333435363738394142437D
:10131000444546003031323334353637383961622E
:101320006364656600412D46612D6638393031327F
:1013300033343536375D002B2D00303000785800BF
:101340000020202020202020202028282828282095
:10135000202020202020202020202020202020208D
:1013600020881010101010101010101010101010F5
:1013700010040404040404040404041010101010E5
:1013800010104141414141410101010101010101AF
:101390000101010101010101010101011010101001
:1013A0001010424242424242020202020202020281
:1013B00002020202020202020202020210101010D5
:1013C00020000000000000000000000000000000FD
:1013D000000000000000000000000000000000000D
:1013E00000000000000000000000000000000000FD
:1013F00000000000000000000000000000000000ED
:1014000000000000000000000000000000000000DC
:1014100000000000000000000000000000000000CC
:1014200000000000000000000000000000000000BC
:1014300000000000000000000000000000000000AC
:1014400000000000000000001F0000003B00000042
:101450005A0000007800000097000000B50000006E
:10146000D4000000F3000000110100003001000072
:101470004E0100001F0000001C0000001F000000C3
:101480001E0000001F0000001E0000001F000000E2
:101490001F0000001E0000001F0000001E000000D2
:1014A0001F0000001F0000001C0000001F000000C3
:1014B0001E0000001F0000001E0000001F000000B2
:1014C0001F0000001E0000001F0000001E000000A2
:1014D0001F0000001F0000001D0000001F00000092
:1014E0001E0000001F0000001E0000001F00000082
:1014F0001F0000001E0000001F0000001E00000072
:041500001F000000C8
:0815040054F1FC7F010000001E
:04150C0025020008AC
:0415100001020008CC
:101514000024F4001000000001000000AAAAAAAAF6
:1015240000C000006E19000000C00000C180010866
:10153400D580010819810108E58001084D81010861
:101544000080E10000000000FFFFFFFFACB50520B4
:1015540001000000010000000100000048AC05206B
:1015640000000240008001000000000000000000B4
:101574000000000000000000000000000000000067
:101584000000000000000000000000000000000057
:101594000000000000000000000000000000000047
:1015A4000000000000000000D0AC05200010024044
:1015B40000800100000000000000000000000000A6
:1015C4000000000000000000000000000000000017
:1015D4000000000000000000000000000000000007
:1015E40000000000000000000000000000000000F7
:1015F4000000000068AE0520000C0240000201005B
:1016040000000000000000000000000000000000D6
:1016140000000000000000000000000000000000C6
:1016240000000000000000000000000000000000B6
:1016340000000000000000000000000000000000A6
:10164400F0AE0520000C0240020001000000000082
:101654000000000000000000000000000000000086
:101664000000000000000000000000000000000076
:101674000000000000000000000000000000000066
:1016840000000000000000000000000078AF05200A
:1016940000100240002001000000000000000000D3
:1016A4000000000000000000000000000000000036
:1016B4000000000000000000000000000000000026
:1016C4000000000000000000000000000000000016
:1016D400000000000000000000B0052000180240D7
:1016E40020000100000000000000000000000000D5
:1016F40000000000000000000000000000000000E6
:1017040000000000000000000000000000000000D5
:1017140000000000000000000000000000000000C5
:101724000000000058AD0520000002402000000029
:1017340000000000000000000000000000000000A5
:101744000000000000000000000000000000000095
:101754000000000000000000000000000000000085
:101764000000000000000000000000000000000075
:10177400E0AD05200010024004000000000000005D
:101784000000000000000000000000000000000055
:101794000000000000000000000000000000000045
:1017A4000000000000000000000000000000000035
:1017B40000000000000000000000000073746D339E
:1017C400325F6F6E63686970000000000000000003
:1017D4000000000000000A080000040000000200ED
:1017E400A1070208450802089905022045080220BD
:1017F4004000000029640208396402080000000067
:101804000300000090D905206B1203086B12030833
:10181400040302200000000090D90520F8D9052017
:1018240060DA052000000000000000000000000055
:1018340000000000000000000000000000000000A4
:101844000000000000000000000000000000000094
:101854000000000000000000000000000000000084
:1018640001000000000000004A0000000000000029
:101874000000000000000000000000000000000064
:101884000000000000000000000000000000000054
:101894004A000000000000000000000000000000FA
:1018A4000000000000000000000000000000000034
:1018B400000000000000000080B400AF00BF064B31
:1018C400DB6803F48033002BF9D100BF00BFBD46B1
:1018D4005DF8047B704700BF003C024080B400AF59
:1018E400034BF322DA6000BFBD465DF8047B70470A
:1018F400003C024080B400AF074B1B69002B05DAA3
:10190400054B064A5A60044B054A5A6000BFBD465F
:101914005DF8047B704700BF003C0240230167452B
:10192400AB89EFCD80B400AF054B1B69044A43F08B
:101934000043136100BFBD465DF8047B704700BFE0
:10194400003C024080B582B000AF78603960FFF798
:10195400B3FFFFF7C3FF1A4B1B69194A23F4407303
:101964001361174B1B69164A43F400731361144B3C
:101974001B69134A43F0010313617B683A681A60D8
:10198400BFF34F8F00BFFFF797FF0D4B1B690C4A46
:1019940023F0010313610A4BDB680A4A1360094B05
:1019A4001B6803F0F203002B04D1054B0122DA601B
:1019B400002301E04FF0FF3318460837BD4680BDD1
:1019C400003C024084CF052090B587B000AFF8609A
:1019D400C7E900233B681946F868FFF7B3FF78614D
:1019E4007B69002B0FD1FB681C1DD7E900014FF068
:1019F40000024FF000030A00002313461946204654
:101A0400FFF7A0FF78617B6918461C37BD4690BD7F
:101A140080B582B000AF7860FFF74EFF204B1B69A2
:101A24001F4A23F4407313611D4B1B691C4A43F482
:101A3400407313611A4B1B69194A23F0F8031361AD
:101A4400174B1A697B68DB00DBB21343144A43F07B
:101A540002031361124B1B69114A43F4803313616F
:101A6400BFF34F8F00BFFFF727FF0D4B1B690C4AD5
:101A740023F0FA0313610A4BDB680A4A1360094B2B
:101A84001B6803F0F203002B04D1054B0122DA603A
:101A9400002301E04FF0FF3318460837BD4680BDF0
:101AA400003C024084CF05202DE9F04FABB000AFDD
:101AB40078673967FA66A44B9A697B6F1344C7F851
:101AC4009C30D7F89C20FB6E1344C7F89830002351
:101AD400C7F8A0307B6F002B08DB9B4B9A699A4BAD
:101AE400DB691A44D7F89830934202D94FF0FF3398
:101AF40024E1FB6E002B01D100231FE1D7F89C30B9
:101B040003F00703002B04D1FB6E03F00703002B43
:101B140002D04FF0FF3311E1EFF31083FB67FB6F4B
:101B2400C7F8943072B600BFFFF7E4FEFFF7D6FEA5
:101B34000023C7F8A430EEE04FF000024FF000039A
:101B4400C7E922233A6FD7F8A4301344C7F8843086
:101B5400D7F884301B78DBB20022BB63FA63D7E981
:101B64000E23C7E92223D7F8843001331B78DBB274
:101B740000229A4693464FF000004FF000014FEACE
:101B84000B2141EA1A614FEA0A20D7E9222342EAEB
:101B940000063E630B437B63D7E90C23C7E922238A
:101BA400D7F8843002331B78DBB200229846914682
:101BB4004FF000004FF000014FEA094141EA18419B
:101BC4004FEA0840D7E9222342EA0006BE620B43EB
:101BD400FB62D7E90A23C7E92223D7F88430033309
:101BE4001B78DBB200223B667A66D7E918120B46F3
:101BF4001D0A0B461C06D7E9222342EA0401396276
:101C04002B437B62D7E90823C7E92223D7F8843022
:101C140004331B78DBB20022BB65FA654FF0000089
:101C24004FF00001BB6D19000020D7E9222342EADE
:101C34000006BE610B43FB61D7E90623C7E92223F3
:101C4400D7F8843005331B78DBB200223B657A6514
:101C54004FF000004FF000013B6D19020020D7E95E
:101C6400222342EA00063E610B437B61D7E9042349
:101C7400C7E92223D7F8843006331B78DBB200226D
:101C8400BB64FA644FF000004FF00001BB6C190410
:101C94000020D7E9222342EA0006BE600B43FB6022
:101CA400D7E90223C7E92223D7F8843007331B7806
:101CB400DBB200223B647A644FF000004FF0000175
:101CC4003B6C19060020D7E9222342EA00063E6055
:101CD4000B437B60D7E90023C7E92223D7F89C2074
:101CE400D7F8A430D118D7E922230846FFF76CFEB1
:101CF4000346002B0AD04FF0FF33C7F8A030134B34
:101D04001B681946124800F0E3F80AE0D7F8A4303B
:101D14000833C7F8A430D7F8A420FB6E9A42FFF426
:101D24000BAFFFF7FFFDD7F89430C7F88030D7F832
:101D3400803083F3108800BFD7F8A0301846AC3742
:101D4400BD46BDE8F08F00BFAC02022084CF052061
:101D540048EA020880B58EB000AF78603960574B0E
:101D64009A697B6813443B623A6A3B681344FB619B
:101D74004FF0FF337B634FF0FF333B630023FB6281
:101D84007B68002B07DB4D4B9A694C4BDB69134492
:101D9400FA699A4202D94FF0FF338BE03B68002B7B
:101DA40001D1002386E00023BB623AE04449BA6AC9
:101DB40013465B0013449B000B4419684048BA6AFD
:101DC40013465B0013449B00034404331B680B4419
:101DD4007B613B49BA6A13465B0013449B000B4486
:101DE4001B683A6A9A4208D33A6A7B699A4204D2D7
:101DF4007B6B002B01DABB6A7B633149BA6A1346F9
:101E04005B0013449B000B441B68FA699A4205D992
:101E1400FA697B699A4201D8BB6A3B63BB6A0133A6
:101E2400BB62284B1B68BA6A9A42BFDB7B6B002BF0
:101E340006DB3B6B002B03DB3A6B7B6B9A4202DACB
:101E44004FF0FF3336E0EFF310833B613B69BB6136
:101E540072B600BFFFF74EFDFFF740FD7B6B7B6260
:101E64001BE017497A6A13465B0013449B000B443A
:101E740008331B681846FFF7CBFD0346002B09D037
:101E84004FF0FF33FB62104B1B6819460F4800F0FC
:101E94001FF806E07B6A01337B627A6A3B6B9A42E5
:101EA400DFDDFFF73FFDBB69FB60FB6883F3108850
:101EB40000BFFB6A18463837BD4680BDAC0202201D
:101EC40088CF0520A0CF052084CF052060EA020832
:081ED4005FF800F0290102088B
:040000050801A21933
:00000001FF
