:020000040800F2
:1000000000000824B5410208B93D0208C13D0208BC
:10001000C93D0208D13D0208D93D02080000000098
:10002000000000000000000000000000E14B01089B
:10003000E13D020800000000314E01088D3D01083D
:10004000094202080942020809420208094202085C
:10005000094202080942020809420208094202084C
:100060000942020809420208EF3D0208FD3D02086C
:10007000113E0208253E0208393E02084D3E0208A4
:10008000613E0208753E020809420208893E0208E4
:100090009D3E02080942020809420208B13E0208D8
:1000A00009420208094202080942020809420208FC
:1000B00009420208094202080942020809420208EC
:1000C00009420208094202080942020809420208DC
:1000D00009420208D9690308C93E0208313F0208F3
:1000E000DD3E020809420208000000000942020841
:1000F00009420208094202080942020809420208AC
:10010000094202080942020809420208094202089B
:10011000094202080942020809420208F53E0208A3
:10012000094202080942020809420208094202087B
:1001300009420208093F020809420208094202086E
:1001400000000000000000000000000000000000AF
:10015000094202080942020809420208094202084B
:10016000094202080942020809420208094202083B
:100170000942020809420208094202080000000080
:10018000094202080942020809420208094202081B
:10019000094202080942020809420208094202080B
:1001A00009420208094202080942020809420208FB
:1001B00009420208094202080942020809420208EB
:1001C00009420208094202080942020809420208DB
:1001D00009420208094202080942020809420208CB
:1001E00009420208094202080942020809420208BB
:1001F00009420208094202080942020809420208AB
:10020000094202080942020809420208094202089A
:10021000094202080942020809420208094202088A
:1002200009420208094202080942020800000000CF
:1002300009420208094202080000000009420208BF
:10024000094202081D3F0208094202080942020849
:10025000094202080942020809420208094202084A
:10026000094202080942020809420208094202083A
:10027000094202080942020809420208000000007F
:10028000094202080942020809420208000000006F
:08029000000000000942020811
:1002A00010B5054C237833B9044B13B10448AFF3B0
:1002B00000800123237010BDA00500240000000071
:1002C000085B040808B5034B1BB103490348AFF3AF
:1002D000008008BD00000000A4050024085B04089D
:1002E00081F0004102E000BF83F0004330B54FEAE7
:1002F00041044FEA430594EA050F08BF90EA020F54
:100300001FBF54EA000C55EA020C7FEA645C7FEAE6
:10031000655C00F0E2804FEA5454D4EB5555B8BF09
:100320006D420CDD2C4480EA020281EA030382EA7A
:10033000000083EA010180EA020281EA0303362D0C
:1003400088BF30BD11F0004F4FEA01314FF4801CDF
:100350004CEA113102D0404261EB410113F0004FF1
:100360004FEA03334CEA133302D0524263EB4303A8
:1003700094EA050F00F0A780A4F10104D5F1200E46
:100380000DDB02FA0EFC22FA05F2801841F10001A1
:1003900003FA0EF2801843FA05F359410EE0A5F175
:1003A00020050EF1200E012A03FA0EFC28BF4CF0A6
:1003B000020C43FA05F3C01851EBE37101F000455C
:1003C00007D54FF0000EDCF1000C7EEB00006EEB69
:1003D0000101B1F5801F1BD3B1F5001F0CD34908F3
:1003E0005FEA30004FEA3C0C04F101044FEA44524A
:1003F00012F5800F80F09A80BCF1004F08BF5FEAD1
:10040000500C50F1000041EB045141EA050130BDB0
:100410005FEA4C0C404141EB0101013C28BFB1F5C2
:10042000801FE9D291F0000F04BF01460020B1FA0D
:1004300081F308BF2033A3F10B03B3F120020CDAE0
:100440000C3208DD02F1140CC2F10C0201FA0CF0BE
:1004500021FA02F10CE002F11402D8BFC2F1200C23
:1004600001FA02F120FA0CFCDCBF41EA0C019040D9
:10047000E41AA2BF01EB0451294330BD6FEA040422
:100480001F3C1CDA0C340EDC04F11404C4F120020D
:1004900020FA04F001FA02F340EA030021FA04F31F
:1004A00045EA030130BDC4F10C04C4F1200220FA76
:1004B00002F001FA04F340EA0300294630BD21FAB4
:1004C00004F0294630BD94F0000F83F4801306BF7A
:1004D00081F480110134013D4EE77FEA645C18BF6E
:1004E0007FEA655C29D094EA050F08BF90EA020F05
:1004F00005D054EA000C04BF1946104630BD91EAFD
:10050000030F1EBF0021002030BD5FEA545C05D1FF
:100510004000494128BF41F0004130BD14F580043E
:100520003CBF01F5801130BD01F0004545F0FE41B2
:1005300041F470014FF0000030BD7FEA645C1ABFE7
:10054000194610467FEA655C1CBF0B46024650EA1E
:10055000013406BF52EA033591EA030F41F400214A
:1005600030BD00BF90F0000F04BF0021704730B5D0
:100570004FF4806404F132044FF000054FF00001A5
:1005800050E700BF90F0000F04BF0021704730B566
:100590004FF4806404F1320410F0004548BF40423B
:1005A0004FF000013EE700BF42004FEAE2014FEA90
:1005B00031014FEA02701FBF12F07F4393F07F4F6B
:1005C00081F06051704732F07F4208BF704793F06E
:1005D0007F4F04BF41F40021704730B54FF4607481
:1005E00001F0004521F000411CE700BF50EA010284
:1005F00008BF704730B54FF000050AE050EA01022D
:1006000008BF704730B511F0004502D5404261EB9C
:1006100041014FF4806404F132045FEA915C3FF4DD
:10062000D8AE4FF003025FEADC0C18BF03325FEA7A
:10063000DC0C18BF033202EBDC02C2F1200300FA2B
:1006400003FC20FA02F001FA03FE40EA0E0021FA50
:1006500002F11444BDE600BF53B94AB9002908BFEE
:1006600000281CBF4FF0FF314FF0FF3000F0C0B941
:10067000ADF1080C6DE904CE00F03EF8DDF804E0C1
:10068000DDE9022304B0704708B502460B4643EC8F
:10069000172BB5EEC07BF1EE10FA03D4BDE808408D
:1006A00000F00AB8B1EE477B51EC170B00F004F8EC
:1006B000404261EB410108BD9FED0B6B41EC170B14
:1006C0009FED0B5B27EE066BBCEEC66BB8EE464BA0
:1006D000A4EE457BFCEEC77B16EE101A17EE900ACF
:1006E000704700BFAFF30080000000000000F03D45
:1006F000000000000000F0412DE9F047089D0F4682
:1007000004468C46002B48D18A42164661D9B2FA7B
:1007100082F34BB1C3F1200201FA03FC20FA02F28A
:100720009E4042EA0C0C9C404FEA164EB7B2BCFB0E
:10073000FEF1220C0EFB11CC42EA0C4201FB07F049
:10074000904209D9B21801F1FF3C80F0EE8090424E
:1007500040F2EB8002393244121AA4B2B2FBFEF02E
:100760000EFB102244EA024400FB07F7A74209D916
:10077000341900F1FF3280F0DA80A74240F2D780CE
:100780003444023840EA0140E41B00211DB1DC4042
:100790000023C5E90043BDE8F0878B4206D90DB1BF
:1007A000C5E9000100210846BDE8F087B3FA83F1EE
:1007B000002948D1BB4202D3824200F20781841A49
:1007C00067EB030201209446002DE4D0C5E9004CFC
:1007D000E1E7002A00F09280B2FA82F3002B40F0A9
:1007E000A8808A1A4FEA164E1FFA86FC0121200CB7
:1007F000B2FBFEF70EFB172240EA02420CFB07F0A9
:10080000904207D9B21807F1FF3802D2904200F2A5
:10081000E2804746121AA4B2B2FBFEF00EFB102291
:1008200044EA02440CFB00FCA44507D9341900F14A
:10083000FF3202D2A44500F2CB801046A4EB0C0498
:1008400040EA0740A2E7C1F120068B4022FA06FCED
:100850004CEA030C07FA01F420FA06F3F7404FEADA
:100860001C49234300FA01F81FFA8CFEB7FBF9F08C
:100870001C0C09FB107744EA074400FB0EF7A74263
:1008800002FA01F20AD91CEB040400F1FF3A80F0ED
:100890009B80A74240F2988002386444E41B9FB2D8
:1008A000B4FBF9F309FB134447EA044403FB0EFECF
:1008B000A64509D91CEB040403F1FF3780F08280C0
:1008C000A6457FD9023B644443EA0040A4EB0E04F2
:1008D000A0FB02E7BC427346B94663D360D05DB16A
:1008E000B8EB030264EB090404FA06F622FA01F3FA
:1008F0001E43CC40C5E9006400214CE7620848086B
:1009000042EAC1710B0C43EA00438AB242EA034255
:10091000B3FBF6F1E407B4463746B6461F23B0FBF7
:10092000F6F0D21B41EA004161E7614614E7104648
:1009300028E7C3F1200120FA01F29E4027FA01F1D5
:100940009F403A434FEA164E1FFA86FCB1FBFEF772
:100950000EFB1710110C41EA004107FB0CF888450B
:1009600004FA03F43AD9711807F1FF3001D288452F
:100970001FD8A1EB0801B1FBFEF808FB0CF70EFB3A
:10098000181192B242EA0142BA422FD2B21808F1CB
:10099000FF31C6D2BA42C4D2A8F102013244C0E744
:1009A000F0459CD2BEEB020367EB0C070138B94659
:1009B00095E7A6EB08084144B81EB1FBFEF808FB1A
:1009C0000CF7DCE73B467FE7504667E70846FBE667
:1009D0003444023832E7023F32441BE7A1EB0801FE
:1009E0003846B1FBFEF808FB0CF7C8E7414698E72C
:1009F000704700BF10F8012B11F8013B012A28BFF6
:100A00009A42F7D0D01A70470000000000000000A2
:100A100001F0FF01102A2BDB10F0070F08D010F8AF
:100A2000013B013A8B422DD010F0070F42B3F6D1B3
:100A3000F0B441EA012141EA014122F007047FF0CC
:100A400000070023F0E80256083C85EA010586EA23
:100A5000010685FA47F5A3FA87F586FA47F6A5FA5F
:100A600087F68EB9EED1F0BC01F0FF0102F007026B
:100A700032B110F8013B013A83EA010313B1F8D116
:100A80000020704701387047002D06BF35460338F7
:100A9000073815F0010F07D1013015F4807F02BF30
:100AA000013015F4C03F0130F0BC0138704700BF81
:100AB000034613F8012B002AFBD1181A013870479E
:100AC0007BB972B90029BEBF00204FF0004106E09B
:100AD00008BF00281CBF6FF000414FF0FF30FFF748
:100AE00087BFADF1080C6DE904CE002909DB002BAE
:100AF0001ADBFFF701FEDDF804E0DDE9022304B0B4
:100B00007047404261EB4101002B1BDBFFF7F4FD16
:100B1000DDF804E0DDE9022304B0404261EB41016D
:100B2000524263EB43037047524263EB4303FFF7C8
:100B3000E3FDDDF804E0DDE9022304B0404261EBAF
:100B400041017047524263EB4303FFF7D5FDDDF8E7
:100B500004E0DDE9022304B0524263EB4303704733
:100B600080B400AF434BD3F88830424A43F470035B
:100B7000C2F88830404B1B6803F00F03062B07D8E0
:100B80003D4B1B6823F00F033B4A43F00703136000
:100B90003A4B1B68394A43F001031360374B00227C
:100BA0001A61364B1A683549354B13400B60324B8E
:100BB0001B6803F00803002B07D02F4B1B6823F0A2
:100BC0000F032D4A43F0070313602C4B00229A6158
:100BD0002A4B0022DA61294B00221A62274B294A4C
:100BE0009A62264B284ADA62244B284A1A63234B1E
:100BF00000225A63214B254A9A63204B0022DA6374
:100C00001E4B224A1A641D4B00225A641B4B1B6860
:100C10001A4A23F480231360184B00221A661C4BD7
:100C20001A681C4B1340B3F1005F02D21A4B012229
:100C30001A60124BD3F8D43003F48053002B13D135
:100C40000E4BD3F8D4300D4A43F48053C2F8D4305D
:100C5000124B43F2D2021A60084BD3F8D430074A41
:100C600023F48053C2F8D43000BFBD465DF8047B46
:100C7000704700BF00ED00E0002000520044025821
:100C80007FEDF6EA000202020000FF01800201018E
:100C90000010005C0000FFFF08810051004000527E
:100CA00080B400AF094BDB68084A43F00203D3600D
:100CB00000BF064B5B6803F40053002BF9D000BF64
:100CC00000BFBD465DF8047B704700BF0048025876
:100CD00080B582B000AF78607B68002B01D1012322
:100CE00049E07B6893F83D30DBB2002B06D17B688E
:100CF000002283F83C20786822F08CFC7B6802227A
:100D000083F83D207B681A687B68043319461046D7
:100D100000F0D6FA7B68012283F848207B68012224
:100D200083F83E207B68012283F83F207B68012204
:100D300083F840207B68012283F841207B680122F0
:100D400083F842207B68012283F843207B680122DC
:100D500083F844207B68012283F845207B680122C8
:100D600083F846207B68012283F847207B680122B4
:100D700083F83D20002318460837BD4680BD00009B
:100D800080B485B000AF78607B6893F83D30DBB20B
:100D9000012B01D0012354E07B68022283F83D201F
:100DA0007B681B68DA687B681B6842F00102DA60C6
:100DB0007B681B68264A934222D07B681B68B3F18C
:100DC000804F1DD07B681B68224A934218D07B68F5
:100DD0001B68214A934213D07B681B681F4A9342C9
:100DE0000ED07B681B681E4A934209D07B681B6843
:100DF0001C4A934204D07B681B681B4A934215D15E
:100E00007B681B689A68194B1340FB60FB68062BD4
:100E100015D0FB68B3F5803F11D07B681B681A685A
:100E20007B681B6842F001021A6008E07B681B685F
:100E30001A687B681B6842F001021A6000E000BF7C
:100E4000002318461437BD465DF8047B704700BF89
:100E5000000001400004004000080040000C004079
:100E6000000401400018004000400140070001005C
:100E700080B584B000AF78607B681B68DB68FB607E
:100E80007B681B681B69BB60BB6803F00203002B17
:100E900020D0FB6803F00203002B1BD07B681B688B
:100EA0006FF002021A617B6801221A777B681B6867
:100EB0009B6903F00303002B03D0786800F0E2F98C
:100EC00005E0786800F0D4F9786800F0E5F97B680F
:100ED00000221A77BB6803F00403002B20D0FB68C4
:100EE00003F00403002B1BD07B681B686FF0040227
:100EF0001A617B6802221A777B681B689B6903F47E
:100F00004073002B03D0786800F0BCF905E07868E6
:100F100000F0AEF9786800F0BFF97B6800221A771C
:100F2000BB6803F00803002B20D0FB6803F0080324
:100F3000002B1BD07B681B686FF008021A617B686E
:100F400004221A777B681B68DB6903F00303002B1C
:100F500003D0786800F096F905E0786800F088F929
:100F6000786800F099F97B6800221A77BB6803F073
:100F70001003002B20D0FB6803F01003002B1BD0C4
:100F80007B681B686FF010021A617B6808221A7771
:100F90007B681B68DB6903F44073002B03D078681F
:100FA00000F070F905E0786800F062F9786800F008
:100FB00073F97B6800221A77BB6803F00103002BEA
:100FC0000CD0FB6803F00103002B07D07B681B6883
:100FD0006FF001021A61786821F014F9BB6803F020
:100FE0008003002B04D1BB6803F40053002B0CD00A
:100FF000FB6803F08003002B07D07B681B686FF44D
:1010000002521A61786800F031FBBB6803F4807308
:10101000002B0CD0FB6803F08003002B07D07B680B
:101020001B686FF480721A61786800F029FBBB6856
:1010300003F04003002B0CD0FB6803F04003002BAF
:1010400007D07B681B686FF040021A61786800F077
:101050002DF9BB6803F02003002B0CD0FB6803F0D4
:101060002003002B07D07B681B686FF020021A61F9
:10107000786800F0F1FA00BF1037BD4680BD00006F
:1010800080B584B000AF786039600023FB737B6863
:1010900093F83C30012B01D10223DCE07B68012274
:1010A00083F83C207B68022283F83D207B681B6824
:1010B0009B68BB60BA686A4B1340BB60BB6823F493
:1010C0007F43BB607B681B68BA689A603B681B689B
:1010D000644A934200F0A980624A934200F2AE80D3
:1010E000614A934200F0A1805F4A934200F2A680D9
:1010F0005E4A934200F099805C4A934200F29E80DF
:10110000B3F1101F00F09180B3F1101F00F2968030
:10111000B3F5801F00F08980B3F5801F00F28E8048
:10112000B3F5005F3ED0B3F5005F00F28780B3F502
:10113000805F00F08680B3F5805F7FD8702B1AD077
:10114000702B7BD8602B50D0602B77D8502B3CD0A5
:10115000502B73D8402B58D0402B6FD8302B64D0F5
:10116000302B6BD8202B60D0202B67D8002B5CD085
:10117000102B5AD062E07B6818683B6899683B681E
:101180005A683B68DB6800F0B9F97B681B689B68AC
:10119000BB60BB6843F07703BB607B681B68BA68C1
:1011A0009A604FE07B6818683B6899683B685A68AA
:1011B0003B68DB6800F0A2F97B681B689A687B6873
:1011C0001B6842F480429A603CE07B6818683B6888
:1011D00059683B68DB681A4600F012F97B681B68A7
:1011E0005021184600F06CF92CE07B6818683B68C9
:1011F00059683B68DB681A4600F031F97B681B6868
:101200006021184600F05CF91CE07B6818683B68B8
:1012100059683B68DB681A4600F0F2F87B681B6887
:101220004021184600F04CF90CE07B681A683B68D6
:101230001B681946104600F043F903E00123FB73D5
:1012400000E000BF7B68012283F83D207B6800221C
:1012500083F83C20FB7B18461037BD4680BD00BF9D
:1012600088FFCEFF4000100030001000200010006A
:1012700080B483B000AF786000BF0C37BD465DF826
:10128000047B704780B483B000AF786000BF0C3738
:10129000BD465DF8047B704780B483B000AF7860D2
:1012A00000BF0C37BD465DF8047B704780B483B047
:1012B00000AF786000BF0C37BD465DF8047B704717
:1012C00080B485B000AF786039607B681B68FB60D4
:1012D0007B68434A934213D07B68B3F1804F0FD0B1
:1012E0007B68404A93420BD07B683F4A934207D0C9
:1012F0007B683E4A934203D07B683D4A934208D1C3
:10130000FB6823F07003FB603B685B68FA6813437B
:10131000FB607B68324A93421FD07B68B3F1804FF9
:101320001BD07B682F4A934217D07B682E4A93428A
:1013300013D07B682D4A93420FD07B682C4A93428E
:101340000BD07B682B4A934207D07B682A4A934292
:1013500003D07B68294A934208D1FB6823F4407389
:10136000FB603B68DB68FA681343FB60FB6823F0B3
:1013700080023B685B691343FB603B689A687B684B
:10138000DA623B681A687B689A627B68144A934207
:101390000FD07B68164A93420BD07B68154A934264
:1013A00007D07B68144A934203D07B68134A934268
:1013B00003D13B681A697B681A637B681B6843F03A
:1013C00004027B681A607B6801225A617B68FA68B4
:1013D0001A6000BF1437BD465DF8047B704700BF3C
:1013E000000001400004004000080040000C0040E4
:1013F0000004014000400140004401400048014019
:1014000080B487B000AFF860B9607A60FB681B6A8F
:101410007B61FB681B6A23F00102FB681A62FB68B0
:101420009B693B613B6923F0F0033B617B681B01D7
:101430003A6913433B617B6923F00A037B617A6954
:10144000BB6813437B61FB683A699A61FB687A6900
:101450001A6200BF1C37BD465DF8047B704780B43C
:1014600087B000AFF860B9607A60FB681B6A7B6187
:10147000FB681B6A23F01002FB681A62FB689B6919
:101480003B613B6923F470433B617B681B033A6912
:1014900013433B617B6923F0A0037B61BB681B01A5
:1014A0007A6913437B61FB683A699A61FB687A69E0
:1014B0001A6200BF1C37BD465DF8047B7047000010
:1014C00080B485B000AF786039607B689B68FB6052
:1014D000FA68094B1340FB603A68FB68134343F01A
:1014E0000703FB607B68FA689A6000BF1437BD464B
:1014F0005DF8047B704700BF8FFFCFFF80B487B0DB
:1015000000AFF860B9607A603B60FB689B687B6104
:101510007B6923F47F437B613B681A027B681A4333
:10152000BB6813437A6913437B61FB687A699A60ED
:1015300000BF1C37BD465DF8047B704780B485B0A2
:1015400000AF786039607B6893F83C30012B01D1A3
:1015500002236DE07B68012283F83C207B68022235
:1015600083F83D207B681B685B68FB607B681B68B9
:101570009B68BB607B681B68304A934204D07B68E1
:101580001B682F4A934208D1FB6823F47003FB6069
:101590003B685B68FA681343FB60FB6823F07003E9
:1015A000FB603B681B68FA681343FB607B681B6841
:1015B000FA685A607B681B68204A934222D07B6895
:1015C0001B68B3F1804F1DD07B681B681D4A934296
:1015D00018D07B681B681C4A934213D07B681B6839
:1015E0001A4A93420ED07B681B68154A934209D071
:1015F0007B681B68164A934204D07B681B68154AB7
:1016000093420CD1BB6823F08003BB603B689B68AE
:10161000BA681343BB607B681B68BA689A607B68D2
:10162000012283F83D207B68002283F83C200023C0
:1016300018461437BD465DF8047B70470000014032
:10164000000401400004004000080040000C00407D
:10165000001800400040014080B483B000AF7860C3
:1016600000BF0C37BD465DF8047B704780B483B083
:1016700000AF786000BF0C37BD465DF8047B704753
:1016800080B483B000AF786000BF0C37BD465DF812
:10169000047B704780B584B000AF78607B68002B16
:1016A00001D10123E3E07B68D3F88430002B06D11D
:1016B0007B682022C3F88420786820F021F96E4BE3
:1016C000D3F8F4306C4A43F00203C2F8F4306A4BAA
:1016D000D3F8F43003F00203BB60BB687B681B7A6D
:1016E000002B03D1002008F0A3FF03E04FF400001B
:1016F00008F09EFF614B5B687B681B6803F58053B5
:101700001B687A68126843F0010302F58052136087
:1017100008F076FFF86011E008F072FF0246FB68FF
:10172000D31AB3F5FA7F09D97B680422C3F888205D
:101730007B68E022C3F88420012398E07B681B6863
:1017400003F580531B6803F00103002BE4D1786894
:1017500000F01CFF02F090FC0346494AA2FB032361
:101760009A0C7B681B68013AC3F8DC20786801F0AA
:1017700019F97B681B6803F58053D3F8003123F413
:10178000E0137A68126843F4002302F58052C2F82D
:1017900000317B685B6903F00303002B09D07B6891
:1017A0000122C3F888207B68E022C3F8842001234B
:1017B0005DE07B681B6803F58053D3F80821314B4B
:1017C00013407A68526951007A6812680B4302F537
:1017D0008052C2F80831786801F081F9786801F028
:1017E000C7F97B685B6805331B781A027B685B6806
:1017F00004331B7819467B681B680A43C3F800232F
:101800007B685B6803331B781A067B685B6802336E
:101810001B781B041A437B685B6801331B781B022F
:101820001A437B685B681B7819467B681B680A4310
:10183000C3F804237B681B68D3F80C177B681A680D
:10184000114B0B43C2F80C377B681B68D3F8101799
:101850007B681A680D4B0B43C2F810377B68002277
:10186000C3F888207B681022C3F884200023184620
:101870001037BD4680BD00BF004402580004005828
:1018800083DE1B430180FFFF6000020C00C0200CC0
:1018900080B582B000AF78607B68D3F88430102BBD
:1018A00065D17B682022C3F884207B6801229A6579
:1018B0007B680422DA66786800F0E4F97B681B68CC
:1018C00003F58053D3F804317A68126843F00103BA
:1018D00002F58052C2F804317B681B6803F580531F
:1018E000D3F808317A68126843F0010302F5805298
:1018F000C2F808317B681B6803F58053D3F8603168
:101900007A68126843F4817302F58052C2F860313C
:101910007B681B68D3F8002D7B681B6842F00102CE
:10192000C3F8002D7B681B681A687B681B6842F04F
:1019300002021A607B681B681A687B681B6842F0A9
:1019400001021A607B681B6803F58053D3F83411D9
:101950007B681A684DF2C1030B4302F58052C2F84E
:1019600034317B684022C3F88420002300E0012347
:1019700018460837BD4680BD80B485B000AF78609A
:101980007B68D3F88430402B65D17B682022C3F874
:1019900084207B681B6803F58053D3F834117B687F
:1019A0001A68304B0B4002F58052C2F834317B6824
:1019B0001B6803F58053D3F804317A68126823F06A
:1019C000010302F58052C2F804317B681B6803F5FD
:1019D0008053D3F808317A68126823F0010302F5C6
:1019E0008052C2F808317B681B681A687B681B68E4
:1019F00022F001021A607B681B68D3F8002D7B6817
:101A00001B6842F00102C3F8002D7B681B681A684E
:101A10007B681B6822F002021A600023FB600EE064
:101A20007B68FA68123253F82230BB60BB68DB680F
:101A300023F08042BB68DA60FB680133FB60FB681F
:101A4000032BEDD97B6800229A657B681022C3F8CE
:101A50008420002300E0012318461437BD465DF8BA
:101A6000047B70473E2FFFFF80B582B000AF7860E7
:101A700039603B68002B09D17B68D3F8883043F08C
:101A800001027B68C3F8882001233AE07B68D3F821
:101A90008430402B34D13B685A6B7B68DA63012277
:101AA0003968786801F0C2F80346002B09D07B68DA
:101AB000D3F8883043F002027B68C3F88820012302
:101AC0001FE0BFF34F8F00BF7B689B6A5A1C7B6887
:101AD0009A627B689B6A032B04D97B689B6A1A1FF6
:101AE0007B689A627B68996A7B681A687B680631B2
:101AF00053F8213002F58052C2F82031002300E073
:101B0000012318460837BD4680BD80B588B000AFB8
:101B10007860396000237B610023FB743B68002BF5
:101B200009D17B68D3F8883043F001027B68C3F8A1
:101B300088200123A2E07B68D3F88430402B01D0B9
:101B400001239BE07B68DB6DFB617B68FA691232E5
:101B500053F82230BB617B68DB6EC3F10403FB608A
:101B600064E0BB69DB6803F08043002B07D0BB69EE
:101B70005A687B689A67BB691A687B685A67BB6951
:101B8000DB6803F00053002B03D17B68DB6F002B75
:101B90003AD0BB69DB6803F00053002B05D07B68AB
:101BA00000221A667B6800225A66BB69DB68C3F3B1
:101BB0000E027B685B6ED31ABB60BB69DB6803F007
:101BC0008053002B05D0BB69DA687B681A67012354
:101BD000FB747B6803F17C007B6803F18001BB69C7
:101BE0001B691A46BB689BB220F04AF87B681B6EE3
:101BF0005A1C7B681A667B685A6EBB681A447B68FD
:101C00005A66BB6900221A61FB690133FB61FB69FB
:101C1000032B02D9FB69043BFB617B68FA69123232
:101C200053F82230BB617B6901337B61BB69DB68A0
:101C3000002B06DB7A69FB689A4202D2FB7C002B00
:101C40008FD07B68DA6E7B691A447B68DA667B68C2
:101C5000DB6E002B02D0786800F014F87B68FA691C
:101C6000DA65FB7C012B08D17B68DA6F3B681A6070
:101C70007B680022DA67002300E001231846203742
:101C8000BD4680BD80B588B000AF78600023BB60E2
:101C90000123FB747B689B6EFB617B68FA691232DF
:101CA00053F822307B617B68DB6EBB6138E07B6977
:101CB0001B69002B12D107F1080318461FF0B0FF73
:101CC000BB68002B02D10023FB7407E0BB681A46F7
:101CD0007B691A61BB681A467B691A60FB7C002B22
:101CE0001ED07B689B6D002B04D07B694FF0414276
:101CF000DA6003E07B694FF00142DA60FB6901338F
:101D0000FB61FB69032B02D9FB69043BFB617B6828
:101D1000FA69123253F822307B61BB69013BBB6127
:101D2000BB69002B02D0FB7C002BC0D17B68DB6E33
:101D3000BA699A421BD0FB69033303F00303FB60CB
:101D4000BFF35F8F00BF7B681969FA6813465B00B9
:101D50001344DB00CA187B681B6803F58053C3F883
:101D600028217B68FA699A667B68BA69DA6600BFDF
:101D70002037BD4680BD80B586B000AF78607B68F7
:101D80001833BB60BB689B6A7B61BB68DB6A3B61E5
:101D90000123FB7347E00123BB737B69013B7B613C
:101DA000BA683B6904339B0013445B68002B0AD17B
:101DB0003B6901333B613B69032B02D93B69043B1F
:101DC0003B610023BB73BB7B002B2CD07B68D968A5
:101DD0003A6913465B001344DB000B44DB68002BBD
:101DE0001FDBBA683B6904339B0013445B681846E9
:101DF0001FF0AEFFBA683B6904339B001344002216
:101E00005A603B6901333B613B69032B02D93B6953
:101E1000043B3B61BB687A699A62BB683A69DA62E3
:101E200001E00023FB737B69002B02D0FB7B002BBE
:101E3000B1D1002318461837BD4680BD80B586B0A5
:101E400000AF78607B681B68D3F8B0307B617B683B
:101E50001B6803F58053D3F860313B617B681B68D6
:101E600003F58053D3F83431FB606D4B9B6ABB6044
:101E70003B6903F04003002B10D0FB6803F04003E4
:101E8000002B0BD07B681B6803F580531A4648F281
:101E90004003C2F8603178681FF05CFA3B6903F0D8
:101EA0000103002B10D0FB6803F00103002B0BD0C3
:101EB0007B681B6803F580531A4648F20103C2F899
:101EC000603178681FF056FA3B6903F48043002BB9
:101ED00047D0FB6803F48043002B42D07B68D3F8E3
:101EE000883043F008027B68C3F888203B6903F41C
:101EF0008053002B1ED07B681B6803F58053D3F8FA
:101F0000602141F2021313407A68C2F88C307B687A
:101F10001B6803F58053D3F834317A68126823F4D0
:101F2000404302F58052C2F834317B68E022C3F8A6
:101F3000842013E07B681B6803F58053D3F860317D
:101F400003F4CD427B68C3F88C207B681B6803F5E3
:101F500080531A464FF4CD43C2F8603178681FF0C1
:101F600019FA7B6903F48043002B04D17B6903F4E5
:101F70000053002B19D07B68D3F8883043F010024F
:101F80007B68C3F888207B681B68D3F8B8207B681F
:101F9000C3F890207B68E022C3F8842078681FF0A3
:101FA000F9F97B680022C3F890207B6903F01003E5
:101FB000002B0FD07B681B68D3F8C03003F06002A1
:101FC0007B68C3F89420786800F02CF87B680022C6
:101FD000C3F894207B6903F02003002B0FD07B68AB
:101FE0001B68D3F8D03003F00F027B68C3F8982049
:101FF000786800F021F87B680022C3F89820BB685D
:1020000003F48003002B06D0054B4FF480029A6244
:10201000786800F01BF800BF1837BD4680BD00BFD0
:102020008000005880B483B000AF786000BF0C37E8
:10203000BD465DF8047B704780B483B000AF786024
:1020400000BF0C37BD465DF8047B704780B483B099
:1020500000AF786000BF0C37BD465DF8047B704769
:1020600080B586B000AFF860B9607A603B60FB680D
:102070001B68D3F8003203F00103002B01D00123C9
:102080003EE0FB681B68D3F800327B617B6923F07C
:102090007872BB685B0513437B617B6923F4F8129C
:1020A0007B681B0413437B617B6943F00C037B61FA
:1020B0007B6943F001037B61FB681B687A69C3F8A5
:1020C000002208F09DFA386109E008F099FA02460A
:1020D0003B69D31AB3F57A7F01D9012310E0FB687D
:1020E0001B68D3F8003203F00103002BEDD1FB682D
:1020F0001B68D3F804329BB21A463B681A6000236F
:1021000018461837BD4680BD80B586B000AFF86070
:10211000B9607A603B60FB681B68D3F8003203F05B
:102120000103002B01D001233CE0FB681B68D3F8BE
:1021300000327B617B6923F07872BB685B051343D7
:102140007B617B6923F4F8127B681B0413437B617A
:102150007B6923F00C0343F004037B617B6943F04C
:1021600001037B613B689AB2104BC3F804220F4A0B
:102170007B69C2F8003208F043FA386109E008F0E0
:102180003FFA02463B69D31AB3F57A7F01D901239E
:1021900008E0FB681B68D3F8003203F00103002B52
:1021A000EDD1002318461837BD4680BD008002409F
:1021B00080B483B000AF786039603B68002B01D1F8
:1021C0000123C3E17B681B681B6803F00C023B68BA
:1021D000DA627B681B681B6803F01003002B14BFD6
:1021E00001230023DBB21A463B6883F828207B6872
:1021F0001B681B6803F060023B685A627B681B68BF
:102200001B6803F48073002B0CBF01230023DBB297
:102210001A463B6883F820207B681B681B6803F420
:102220000073002B14BF01230023DBB21A463B6866
:10223000DA777B681B681B6803F48063002B0CBF94
:1022400001230023DBB21A463B689A777B681B6840
:102250001B6803F40063002B14BF01230023DBB2CF
:102260001A463B685A777B681B681B6803F48053E7
:10227000002B14BF01230023DBB21A463B681A77F8
:102280007B681B681B6803F400523B689A617B689B
:102290001B681B6803F480423B685A617B681B68BB
:1022A0001B6803F48033002B14BF01230023DBB22F
:1022B0001A463B689A747B681B681B6803F40033FA
:1022C000002B0CBF01230023DBB21A463B685A7473
:1022D0007B681B681B6803F40023002B0CBF0123E1
:1022E0000023DBB21A463B681A747B681B681B68C4
:1022F00003F48013002B14BF01230023DBB21A4622
:102300003B68DA737B681B681B6803F40013002BBF
:1023100014BF01230023DBB21A463B689A737B6823
:102320001B681B6803F48003002B14BF01230023E8
:10233000DBB21A463B685A737B681B681B6803F460
:102340000003002B14BF01230023DBB21A463B68B5
:102350001A737B681B681B6803F0E0623B689A6035
:102360007B681B681B6803F00063002B14BF01230C
:102370000023DBB21A463B681A717B681B681B6836
:1023800003F0E0423B681A607B681B685B68C3F33C
:102390000D023B685A637B681B685B6803F48033FB
:1023A000002B0CBF01230023DBB21A463B6883F8E5
:1023B00032207B681B685B6803F40033002B14BF7A
:1023C00001230023DBB21A463B6883F831207B6887
:1023D0001B685B6803F48023002B14BF01230023D8
:1023E000DBB21A463B6883F830207B681B685B6869
:1023F00003F08073002B14BF01230023DBB21A46C5
:102400003B6883F838207B681B685B685B0E03F0D1
:102410001F023B68DA637B681B68DB6803F4807328
:10242000002B14BF01230023DBB21A463B6883F85C
:1024300040207B681B68DB6803F00F023B685A642E
:102440007B681B681B6F03F00203002B14BF012382
:102450000023DBB21A463B6883F854207B681B6874
:102460001B6F03F08003002B0CBF01230023DBB2A2
:102470001A463B6883F84C207B681B681B6F03F08F
:1024800070023B681A657B681B681B6F1B0C9AB255
:102490003B689A647B681B68D3F8903003F00103B3
:1024A000002B14BF01230023DBB21A463B6883F8DC
:1024B00056207B681B68D3F8903003F00203002B92
:1024C00014BF01230023DBB21A463B6883F8552072
:1024D0007B681B68D3F8003D03F072023B689A6585
:1024E0007B681B68D3F8303D03F023023B68DA6554
:1024F0007B681B68D3F8303D03F00803002B14BF42
:1025000001230023DBB21A463B6883F862207B6814
:102510001B68D3F8303D03F01003002B14BF0123D8
:102520000023DBB21A463B6883F861207B681B6896
:10253000D3F8303D03F04003002B0CBF01230023F0
:10254000DBB21A463B6883F86020002318460C373C
:10255000BD465DF8047B704780B582B000AF7860FF
:1025600039603B68002B01D101230BE07B68D3F875
:102570008430102B05D13968786800F071F8002399
:1025800000E0012318460837BD4680BD80B584B001
:1025900000AF78607B681B68D3F80032FB60FB6893
:1025A00023F47063FB6001F067FDB860BB681A4AF2
:1025B000934204D8FB6843F40073FB6022E0BB68DD
:1025C000164A934204D2FB6843F44073FB6019E05F
:1025D000BB68134A934215D9BB68124A934204D888
:1025E000FB6843F48073FB600CE0BB680E4A9342C7
:1025F00004D8FB6843F48063FB6003E0FB6843F4AA
:10260000A063FB607B681B68FA68C3F8002200BF08
:102610001037BD4680BD00BFBF0E16020087930372
:10262000FFE0F5057FD1F0087FB2E60E80B483B0FD
:1026300000AF78607B68D3F8883018460C37BD4609
:102640005DF8047B704780B483B000AF78607B682E
:10265000D3F88C3018460C37BD465DF8047B7047C4
:1026600080B485B000AF786039603B689A683B6899
:102670001B681A433B681B79DB061A433B681B7BCC
:10268000DB051A433B685B7B9B051A433B689B7BDE
:102690005B051A433B68DB7B1B0513433A68127CDE
:1026A000002A02D14FF4002200E0002213433A68CE
:1026B000527C002A02D14FF4003200E000221A437B
:1026C0003B689B7C1B041A433B685B691A433B686D
:1026D0009B691A433B681B7F1B031A433B685B7F64
:1026E000DB0213433A68927F002A02D14FF48062E2
:1026F00000E000221A433B68DB7F5B0213433A6829
:1027000092F82020002A02D14FF4807200E00022CB
:102710001A433B685B6A1A433B6893F828301B01F5
:102720001A433B68DB6A1343FB607B681B681A68CB
:10273000564B13407A681268F9680B4313603B6884
:10274000DB6B5A063B6893F838301B061A433B682C
:1027500093F830309B041A433B6893F831305B04A4
:1027600013433A6892F83220002A02D14FF48032A3
:1027700000E000221A433B685B6B1343FB607B68FD
:102780001B685A68424B13407A681268F9680B4319
:1027900053603B6893F840301A023B685B6C13430C
:1027A000FB607B681B68DA683A4B13407A681268F2
:1027B000F9680B43D3603B6893F854305A003B6888
:1027C0001B6D13433A6892F84C20002A01D18022F5
:1027D00000E000221A433B689B6C1B041343FB6020
:1027E0007B681B681A6F4FF60D7313407A68126886
:1027F000F9680B4313673B6893F856301A463B68F9
:1028000093F855305B001343FB607B681B68D3F87B
:10281000903023F003017B681B68FA680A43C3F811
:1028200090207B681B68D3F8003D23F072013B6861
:102830009A6D7B681B680A43C3F8002D3B68DB6D0B
:102840003A6892F86020002A01D1402200E000227C
:102850001A433B6893F861301B011A433B6893F8B5
:102860006230DB001343FB607B681B68D3F8303DAC
:1028700023F07B017B681B68FA680A43C3F8302D9C
:1028800000BF1437BD465DF8047B704783800400A9
:102890000080F8C0F0FEFFFF80B485B000AF786024
:1028A00039607B681B6803F580531A68384B134006
:1028B0003A6811687A6812680B4302F58052136017
:1028C0003B681B791A033B689B681A433B681B7B78
:1028D000DB031343FB607B681B6803F580535A6876
:1028E0002C4B13407A681268F9680B4302F580524A
:1028F00053603B685B7B1A043B681B6A1343FB60B5
:102900007B681B6803F58053D3F80021224B1340EA
:102910007A681268F9680B4302F58052C2F80031F8
:102920003B681A693B681B7D1B011A433B685B7F50
:102930001B031343FB607B681B6803F58053D3F8CC
:102940000421164B13407A681268F9680B4302F5AC
:102950008052C2F804313B681B7FDA073B689B69F1
:102960001343FB607B681B6803F58053D3F8082191
:102970000B4B13407A681268F9680B4302F58052DA
:10298000C2F8083100BF1437BD465DF8047B7047BC
:10299000FD87FFFFFE2FFFFF00C0FEFFEFEFC0FF30
:1029A000FFFFC07F80B5A4B000AF7860012387F837
:1029B0003B3000233B65002387F84930002387F82C
:1029C0004B30012387F83030012387F85E30012334
:1029D00087F83A30002387F85430012387F88C3089
:1029E0004FF400537B64002387F864300023BB66F8
:1029F000002387F88D30002387F88E304FF4C363AF
:102A00003B66002387F8383000237B63012387F877
:102A10003D30002387F83E30002387F848300023FC
:102A2000FB6700237B670023BB65002387F86C30BE
:102A3000002387F88230012387F84A302023C7F823
:102A40008830012387F84C30002387F85D304FF041
:102A50004053FB624FF480433B64002387F83930D6
:102A60000223C7F88430002387F88030002387F8DA
:102A70008130002387F85C30012387F83C30002345
:102A80003B67012387F8783007F12C0319467868F3
:102A9000FFF7E6FD01233B7301233B610023BB608D
:102AA000002387F8243000237B7500233B754FF407
:102AB00000133B6200233B774FF40013BB610023FC
:102AC00087F825304FF40673BB6207F108031946F7
:102AD0007868FFF7E1FE00BF9037BD4680BD80B447
:102AE00085B000AF78600023FB601DE07B68D9688B
:102AF000FA6813465B001344DB000B44BB60BB6801
:102B000000221A60BB6800225A60BB6800229A60EB
:102B1000BB680022DA60B9687B68FA68063243F85D
:102B20002210FB680133FB60FB68032BDED97B6856
:102B300000229A627B681B6803F580531A460323C0
:102B4000C2F82C317B68DA687B681B6803F5805318
:102B5000C3F814217B68DA687B681B6803F580532F
:102B6000C3F8202100BF1437BD465DF8047B7047D1
:102B700080B485B000AF78600023FB6023E07B6801
:102B80001969FA6813465B001344DB000B44BB6011
:102B9000BB6800221A60BB6800225A60BB68002232
:102BA0009A60BB680022DA60BB6800221A61BB68C9
:102BB00000225A61B9687B68FA68123243F8221021
:102BC000FB680133FB60FB68032BD8D97B680022CC
:102BD000DA657B6800221A667B6800229A667B6849
:102BE0000022DA667B6800229A657B681B6803F521
:102BF00080531A460323C2F830317B681A697B6818
:102C00001B6803F58053C3F81C217B681B6903F123
:102C100048027B681B6803F58053C3F8282100BF76
:102C20001437BD465DF8047B7047000080B491B056
:102C300000AFF860B9607A60FB6818337B627B6A2A
:102C40001B69FB637B6A1B693B6200237B637B6AB6
:102C5000FA6B53F822303B63BB689B68FB6200232E
:102C6000BB623B6BDB6803F00043B3F1004F07D05E
:102C70007A6AFB6B04339B0013445B68002B01D022
:102C8000022366E2BB681B6803F00403002B44D0F8
:102C90003B6BDA68754B1340BA68526A1A433B6B58
:102CA000DA603B6BDB6843F480323B6BDA60FB68D5
:102CB0001B681A6EFB681B6842F480121A66BB68B8
:102CC0001B6803F00803002B27D03B6B9B689AB26C
:102CD000BB68DB6A1B041A433B6B9A603B6BDB6887
:102CE00043F400323B6BDA603B6BDB6823F4402239
:102CF000BB681B6B1A433B6BDA60FB681B685A6E40
:102D0000FB681B6842F480125A66FB681B681A6DE8
:102D1000FB681B6842F080621A65BB681B6803F0A1
:102D20001003002B0ED03B6B9A68514B1340BA68CE
:102D300092691A433B6B9A603B6BDB6843F080629D
:102D40003B6BDA60BB681B6803F00403002B05D102
:102D5000BB681B6803F01003002B36D03B6BDB68AD
:102D600043F080423B6BDA60BFF35F8F00BF3B6B89
:102D7000DB6843F000423B6BDA60FB6B0133FB63C3
:102D8000FB6B032B02D9FB6B043BFB637B6AFA6B87
:102D900053F822303B637B6B01337B633B6BDB6817
:102DA00003F00043B3F1004F0FD17B6A3A6A53F846
:102DB00022303B63BFF35F8F00BF3B6BDB6823F0C8
:102DC00000423B6BDA600223C3E17B6B01337B6320
:102DD000FB6A1B681A463B6B1A603B6B9A68244B74
:102DE0001340FA6A52681A433B6B9A60FB6A9B680D
:102DF000002B12D0FB6A9B68FB62FB6A1B681A46B9
:102E00003B6B5A603B6B9A681A4B1340FA6A5268E4
:102E100012041A433B6B9A6008E03B6B00225A6035
:102E20003B6B9A68134B13403A6B9360BB681B680B
:102E300003F01003002B21D03B6BDB6823F4F0027E
:102E4000BB681B6ADB041A433B6BDA603B6BDA68D6
:102E5000094B1340BA68D2691A433B6BDA603B6B8B
:102E6000DB6843F480223B6BDA602EE00000FFFF5A
:102E700000C0FFFFFFFF00C00000FCFF3B6BDA68F3
:102E80007B4B1340BA6852681A433B6BDA60BB68ED
:102E90001B6803F00103002B08D03B6BDB6823F4B5
:102EA0004032BB685B691A433B6BDA60BB681B68E6
:102EB00003F02003002B08D03B6BDB6823F040625B
:102EC000BB681B691A433B6BDA60BB681B6803F085
:102ED0000403002B08D03B6B9B6823F44042BB6883
:102EE0009B6A1A433B6B9A603B6BDB6843F0005272
:102EF0003B6BDA603B6BDB6823F080423B6BDA6054
:102F0000BFF35F8F00BF3B6BDB6843F000423B6B5E
:102F1000DA60BB681B6803F00203002B00F0DA8064
:102F20003B6BDB6823F06072BB68DB681A433B6B6A
:102F3000DA60CFE03B6BDB6823F080523B6BDA60FA
:102F4000FB6B0133FB63FB6B032B02D9FB6B043B75
:102F5000FB637B6AFA6B53F822303B633B6BDB68A5
:102F600023F000523B6BDA603B6BDB6803F00043FD
:102F7000B3F1004F07D07A6AFB6B04339B00134414
:102F80005B68002B29D03B6AFB637B6AFA6B53F8C2
:102F900022303B630023BB6319E0BFF35F8F00BFA8
:102FA0003B6BDB6823F000423B6BDA60FB6B013369
:102FB000FB63FB6B032B02D9FB6B043BFB637B6A5C
:102FC000FA6B53F822303B63BB6B0133BB63BA6BC4
:102FD0007B6B9A42E1D30223BBE07B6B01337B63C3
:102FE000FB6A9B68FB62FB6A1B681A463B6B1A60B4
:102FF0003B6B9A681F4B1340FA6A52681A433B6B4B
:103000009A60FB6A9B68002B12D0FB6A9B68FB628C
:10301000FB6A1B681A463B6B5A603B6B9A68164BFF
:103020001340FA6A526812041A433B6B9A6008E034
:103030003B6B00225A603B6B9A680F4B13403A6B14
:103040009360BB681B6803F01003002B18D03B6B28
:10305000DA680A4B1340BA68D2691A433B6BDA60EC
:103060003B6BDB6843F480223B6BDA6020E000BFFF
:103070000080FFFF00C0FFFFFFFF00C00000FCFF5B
:103080003B6BDA68364B1340BA6852681A433B6BA5
:10309000DA60BB681B6803F00103002B08D03B6BB0
:1030A000DB6823F44032BB685B691A433B6BDA6030
:1030B000BB6A0133BB62BFF35F8F00BF3B6BDB6852
:1030C00043F000423B6BDA603B6BDB6823F08042ED
:1030D0003B6BDA60FB6A9B68002B7FF42BAF7B684D
:1030E000002B06D03B6B9B6843F000423B6B9A6021
:1030F00005E03B6B9B6823F000423B6B9A603B6BA7
:10310000DB6843F080523B6BDA607B6A5A6A796A0B
:10311000FB6B04339B000B445A607B6AFA6B1A61A9
:10312000EFF31083BB61BB69FB6101237B617B69AA
:1031300083F3108800BF7B6A9A6ABB6A13445A1CE7
:103140007B6A9A62FB693B613B6983F3108800BF2D
:10315000002318464437BD465DF8047B704700BF26
:103160000080FFFF80B58CB000AF78607B68002BDB
:1031700002D1012300F048BC7B681B6803F0010307
:10318000002B00F08880994B1B6903F03803FB6229
:10319000964B9B6ABB62FB6A102B07D0FB6A182B0D
:1031A00011D1BB6A03F00303022B0CD18F4B1B68B8
:1031B00003F40033002B6DD07B685B68002B69D172
:1031C000012300F021BC7B685B68B3F5803F06D12A
:1031D000864B1B68854A43F4803313602EE07B687E
:1031E0005B68002B0CD1814B1B68804A23F4803331
:1031F00013607E4B1B687D4A23F4802313601DE01F
:103200007B685B68B3F5A02F0CD1784B1B68774ABD
:1032100043F480231360754B1B68744A43F4803376
:1032200013600BE0714B1B68704A23F4803313600A
:103230006E4B1B686D4A23F4802313607B685B68C8
:10324000002B13D007F0DCF9786208E007F0D8F91A
:1032500002467B6AD31A642B01D90323D4E3634B60
:103260001B6803F40033002BF0D014E007F0C8F91A
:10327000786208E007F0C4F902467B6AD31A642B2F
:1032800001D90323C0E3594B1B6803F40033002B1F
:10329000F0D100E000BF7B681B6803F00203002B45
:1032A00000F0CA80514B1B6903F038033B624F4B5F
:1032B0009B6AFB613B6A002B07D03B6A182B56D1F7
:1032C000FB6903F00303002B51D1484B1B6803F04B
:1032D0000403002B05D07B68DB68002B01D10123A0
:1032E00092E3424B1B6823F019027B68DB683F497D
:1032F00013430B6007F084F9786208E007F080F967
:1033000002467B6AD31A022B01D903237CE3374B95
:103310001B6803F00403002BF0D007F07DF903468F
:1033200041F20302934217D87B681B69402B08D1F6
:103330002E4B5B6823F47C332C4A43F400335360F8
:103340007AE02A4B5B6823F47C327B681B691B03A1
:10335000264913434B606FE0244B5B6823F0FE4229
:103360007B681B691B06214913434B6064E07B6843
:10337000DB68002B47D01D4B1B6823F019027B68CC
:10338000DB681A4913430B6007F03AF9786208E0EA
:1033900007F036F902467B6AD31A022B01D90323C0
:1033A00032E3124B1B6803F00403002BF0D007F04C
:1033B00033F9034641F20302934219D87B681B6933
:1033C000402B08D1094B5B6823F47C33074A43F454
:1033D0000033536030E0054B5B6823F47C327B683C
:1033E0001B691B03014913434B6025E0004402584D
:1033F0009A4B5B6823F0FE427B681B691B0697496A
:1034000013434B6018E0954B1B68944A23F001036B
:10341000136007F0F5F8786208E007F0F1F802466B
:103420007B6AD31A022B01D90323EDE28B4B1B6875
:1034300003F00403002BF0D17B681B6803F010033A
:10344000002B00F0A980854B1B6903F03803BB619A
:10345000824B9B6A7B61BB69082B07D0BB69182B29
:103460003AD17B6903F00303012B35D17B4B1B68F9
:1034700003F48073002B05D07B68DB69802B01D0BF
:103480000123C1E207F0C8F8034641F20302934268
:1034900017D87B681B6A202B08D1704B5B6823F020
:1034A000F8436E4A43F08043536075E06B4B5B68B2
:1034B00023F0F8427B681B6A9B06684913434B6004
:1034C0006AE0664BDB6823F07C527B681B6A1B0654
:1034D00062491343CB605FE07B68DB69002B42D01D
:1034E0005E4B1B685D4A43F08003136007F088F869
:1034F000786208E007F084F802467B6AD31A022B50
:1035000001D9032380E2554B1B6803F48073002B21
:10351000F0D007F081F8034641F20302934217D836
:103520007B681B6A202B08D14C4B5B6823F0F84367
:103530004A4A43F0804353602EE0484B5B6823F0D7
:10354000F8427B681B6A9B06444913434B6023E0A7
:10355000424BDB6823F07C527B681B6A1B063F49A9
:103560001343CB6018E03D4B1B683C4A23F08003BB
:10357000136007F045F8786208E007F041F802466A
:103580007B6AD31A022B01D903233DE2334B1B681C
:1035900003F48073002BF0D17B681B6803F00803F1
:1035A000002B36D07B685B69002B19D02B4B5B6FEF
:1035B0002A4A43F00103536707F022F8786208E0D3
:1035C00007F01EF802467B6AD31A022B01D90323A7
:1035D0001AE2224B5B6F03F00203002BF0D018E0DD
:1035E0001E4B5B6F1D4A23F00103536707F008F879
:1035F000786208E007F004F802467B6AD31A022BCF
:1036000001D9032300E2154B5B6F03F00203002B8B
:10361000F0D17B681B6803F02003002B39D07B6856
:103620009B69002B1CD00D4B1B680C4A43F4805344
:10363000136006F0E5FF786208E006F0E1FF02465D
:103640007B6AD31A022B01D90323DDE1034B1B68EC
:1036500003F40053002BF0D01BE000BF00440258DD
:103660009B4B1B689A4A23F48053136006F0C8FFF3
:10367000786208E006F0C4FF02467B6AD31A022B88
:1036800001D90323C0E1924B1B6803F40053002BC4
:10369000F0D17B681B6803F00403002B00F08180ED
:1036A0008C4B1B688B4A43F48073136006F0A8FFB1
:1036B000786208E006F0A4FF02467B6AD31A642B06
:1036C00001D90323A0E1834B1B6803F48073002B13
:1036D000F0D07B689B68012B06D17D4B1B6F7C4A29
:1036E00043F0010313672DE07B689B68002B0CD12E
:1036F000774B1B6F764A23F001031367744B1B6FE4
:10370000734A23F0040313671CE07B689B68052B56
:103710000CD16F4B1B6F6E4A43F0040313676C4B65
:103720001B6F6B4A43F0010313670BE0684B1B6F81
:10373000674A23F001031367654B1B6F644A23F04C
:10374000040313677B689B68002B15D006F058FFB5
:1037500078620AE006F054FF02467B6AD31A41F20F
:103760008832934201D903234EE1594B1B6F03F07A
:103770000203002BEED014E006F042FF78620AE06C
:1037800006F03EFF02467B6AD31A41F2883293422A
:1037900001D9032338E14E4B1B6F03F00203002BCA
:1037A000EED17B685B6A002B00F02D81484B1B69D2
:1037B00003F03803182B00F0BD807B685B6A022B96
:1037C00040F09E80424B1B68414A23F08073136097
:1037D00006F016FF786208E006F012FF02467B6AE8
:1037E000D31A022B01D903230EE1394B1B6803F0D6
:1037F0000073002BF0D1364B9A6A374B13407A682E
:10380000916A7A68D26A12010A43314913438B6282
:103810007B681B6B013BC3F308027B685B6B013B5E
:103820005B029BB21A437B689B6B013B1B0403F456
:10383000FE031A437B68DB6B013B1B0603F0FE4370
:10384000234913430B63224BDB6A214A23F0010314
:10385000D3621F4B5A6B214B13407A68926CD20093
:103860001B4913434B631A4BDB6A23F00C027B6842
:103870001B6C17491343CB62154BDB6A23F0020222
:103880007B685B6C12491343CB62114BDB6A104AB5
:1038900043F48033D3620E4BDB6A0D4A43F40033AA
:1038A000D3620B4BDB6A0A4A43F48023D362084B92
:1038B000DB6A074A43F00103D362054B1B68044AE5
:1038C00043F08073136006F09BFE786211E000BF46
:1038D00000440258004802580CFCFFFF0700FFFF9D
:1038E00006F08EFE02467B6AD31A022B01D903230F
:1038F0008AE0474B1B6803F00073002BF0D082E096
:10390000434B1B68424A23F08073136006F078FE35
:10391000786208E006F074FE02467B6AD31A022B36
:1039200001D9032370E03A4B1B6803F00073002BAE
:10393000F0D168E0364B9B6A3B61354B1B6BFB60FB
:103940007B685B6A012B31D03B6903F003027B6823
:103950009B6A9A422AD13B691B0903F03F027B68AC
:10396000DB6A9A4222D1FB68C3F308027B681B6BB7
:10397000013B9A421AD1FB685B0A03F07F027B6825
:103980005B6B013B9A4211D1FB681B0C03F07F0279
:103990007B689B6B013B9A4208D1FB681B0E03F0CE
:1039A0007F027B68DB6B013B9A4201D001232BE055
:1039B000174B5B6BDB08C3F30C033B617B689B6CB1
:1039C0003A699A421FD0124BDB6A114A23F0010375
:1039D000D36206F015FE786200BF06F011FE0246C3
:1039E0007B6A9342F9D00A4B5A6B0A4B13407A68B0
:1039F000926CD200064913434B63054BDB6A044AC1
:103A000043F00103D362002318463037BD4680BD22
:103A1000004402580700FFFF80B586B000AF786011
:103A200039607B68002B01D101239CE18A4B1B6824
:103A300003F00F033A689A4210D9874B1B6823F0B2
:103A40000F0285493B6813430B60834B1B6803F0EF
:103A50000F033A689A4201D0012384E17B681B6816
:103A600003F00403002B10D07B681A697B4B9B6921
:103A700003F070039A4208D9784B9B6923F07002D7
:103A80007B681B69754913438B617B681B6803F076
:103A90000803002B10D07B685A69704BDB6903F078
:103AA00070039A4208D96D4BDB6923F070027B6882
:103AB0005B696A491343CB617B681B6803F01003A1
:103AC000002B10D07B689A69644BDB6903F4E063D8
:103AD0009A4208D9614BDB6923F4E0627B689B69F9
:103AE0005E491343CB617B681B6803F02003002B06
:103AF00010D07B68DA69594B1B6A03F070039A4255
:103B000008D9564B1B6A23F070027B68DB69534966
:103B100013430B627B681B6803F00203002B10D079
:103B20007B68DA684D4B9B6903F00F039A4208D912
:103B30004A4B9B6923F00F027B68DB6847491343BC
:103B40008B617B681B6803F00103002B55D0434B4E
:103B50009B6923F470627B689B68404913438B61C7
:103B60007B685B68022B07D13C4B1B6803F4003376
:103B7000002B21D10123F6E07B685B68032B07D182
:103B8000364B1B6803F00073002B15D10123EAE0CC
:103B90007B685B68012B07D1304B1B6803F4807393
:103BA000002B09D10123DEE02C4B1B6803F004033A
:103BB000002B01D10123D6E0284B1B6923F007021B
:103BC0007B685B68254913430B6106F019FD78613A
:103BD0000AE006F015FD02467B69D31A41F28832ED
:103BE000934201D90323BEE01C4B1B6903F038024A
:103BF0007B685B68DB009A42EBD17B681B6803F053
:103C00000203002B10D07B68DA68144B9B6903F029
:103C10000F039A4208D2114B9B6923F00F027B6875
:103C2000DB680E4913438B610B4B1B6803F00F03DA
:103C30003A689A4214D2084B1B6823F00F020649D7
:103C40003B6813430B60044B1B6803F00F033A6897
:103C50009A4205D0012386E0002000520044025819
:103C60007B681B6803F00403002B10D07B681A6983
:103C70003F4B9B6903F070039A4208D23C4B9B690F
:103C800023F070027B681B69394913438B617B68A1
:103C90001B6803F00803002B10D07B685A69344B73
:103CA000DB6903F070039A4208D2314BDB6923F0E1
:103CB00070027B685B692E491343CB617B681B688C
:103CC00003F01003002B10D07B689A69284BDB6946
:103CD00003F4E0639A4208D2254BDB6923F4E062E7
:103CE0007B689B6922491343CB617B681B6803F0A7
:103CF0002003002B10D07B68DA691D4B1B6A03F090
:103D000070039A4208D21A4B1B6A23F070027B6838
:103D1000DB69174913430B6200F034F80246144B79
:103D20009B691B0A03F00F031249CB5C03F01F03CE
:103D300022FA03F33B610E4B9B6903F00F030D4A1C
:103D4000D35C03F01F033A6922FA03F30A4A1360B3
:103D50000A4A3B6913600A4B1B68184620F010F9A9
:103D60000346FB73FB7B18461837BD4680BD00BF7A
:103D7000004402587CDF04080400002400000024F2
:103D80000800002480B489B000AFB34B1B6903F076
:103D90003803182B00F2558101A252F823F000BF1E
:103DA000053E000843400008434000084340000827
:103DB00043400008434000084340000843400008D7
:103DC0002B3E0008434000084340000843400008E1
:103DD00043400008434000084340000843400008B7
:103DE000313E0008434000084340000843400008BB
:103DF0004340000843400008434000084340000897
:103E0000373E0008944B1B6803F02003002B09D0B9
:103E1000914B1B68DB0803F00303904A22FA03F37B
:103E2000BB6111E18D4BBB610EE18D4BBB610BE1C1
:103E30008C4BBB6108E1884B9B6A03F003037B61F9
:103E4000854B9B6A1B0903F03F033B61824BDB6A96
:103E500003F00103FB60804B5B6BDB08C3F30C03D7
:103E6000FA6802FB03F307EE903AF8EE677AC7EDC3
:103E7000027A3B69002B00F0E1807B69022B00F0A5
:103E800083807B69022B00F2A1807B69002B03D029
:103E90007B69012B56D099E06F4B1B6803F0200320
:103EA000002B2DD06C4B1B68DB0803F003036B4A1F
:103EB00022FA03F37B607B6807EE903AF8EE676ABC
:103EC0003B6907EE903AF8EE677A86EEA77A624B86
:103ED0001B6BC3F3080307EE903AF8EE676A97EDA1
:103EE000026ADFED615AC6EE257A76EEA77AF7EE22
:103EF000006A77EEA67A67EE277AC7ED077A87E041
:103F00003B6907EE903AF8EE677ADFED586A86EE85
:103F1000A77A514B1B6BC3F3080307EE903AF8EEF8
:103F2000676A97ED026ADFED505AC6EE257A76EEA3
:103F3000A77AF7EE006A77EEA67A67EE277AC7EDE2
:103F4000077A65E03B6907EE903AF8EE677ADFEDB5
:103F5000486A86EEA77A404B1B6BC3F3080307EE53
:103F6000903AF8EE676A97ED026ADFED3F5AC6EEC7
:103F7000257A76EEA77AF7EE006A77EEA67A67EEF4
:103F8000277AC7ED077A43E03B6907EE903AF8EEEF
:103F9000677ADFED386A86EEA77A2F4B1B6BC3F387
:103FA000080307EE903AF8EE676A97ED026ADFEDD4
:103FB0002E5AC6EE257A76EEA77AF7EE006A77EEED
:103FC000A67A67EE277AC7ED077A21E03B6907EE0C
:103FD000903AF8EE677ADFED266A86EEA77A1E4BF6
:103FE0001B6BC3F3080307EE903AF8EE676A97ED90
:103FF000026ADFED1D5AC6EE257A76EEA77AF7EE55
:10400000006A77EEA67A67EE277AC7ED077A00BFD7
:10401000114B1B6B5B0A03F07F0301333B603B6872
:1040200007EE903AB8EE677AD7ED076AC6EE877A60
:10403000FCEEE77A17EE903ABB6105E00023BB6126
:1040400002E0074BBB6100BFBB6918462437BD4681
:104050005DF8047B704700BF004402580090D00315
:1040600000093D0040787D01000000460024744CAA
:104070000024744A20BCBE4B80B582B000AFFFF76D
:1040800081FE0246104B9B691B0A03F00F030F4988
:10409000CB5C03F01F0322FA03F37B600A4B9B699E
:1040A00003F00F03094AD35C03F01F037A6822FA76
:1040B00003F3074A1360074A7B681360044B1B68CD
:1040C00018460837BD4680BD004402587CDF04080E
:1040D000040000240000002480B500AFFFF7CCFFEF
:1040E0000246064BDB691B0903F007030449CB5C5E
:1040F00003F01F0322FA03F3184680BD0044025860
:104100007CDF040880B500AFFFF7B6FF0246064B20
:10411000DB691B0A03F007030449CB5C03F01F03B0
:1041200022FA03F3184680BD004402587CDF0408DD
:1041300080B483B000AF786039607B683F221A603A
:104140001A4B1B6903F007027B685A60174B9B6987
:1041500003F470627B689A60144B9B6903F00F0252
:104160007B68DA60114B9B6903F070027B681A610F
:104170000E4BDB6903F070027B685A610B4BDB6905
:1041800003F4E0627B689A61084B1B6A03F07002DB
:104190007B68DA61064B1B6803F00F023B681A600C
:1041A00000BF0C37BD465DF8047B704700440258E1
:1041B000002000522DE9B04FCAB000AFC7F814017B
:1041C000002387F82731002387F82631D7F81431E8
:1041D000D3E9002302F00064002554EA050349D026
:1041E000D7F814319B6EB3F5401F2FD0B3F5401FA5
:1041F00028D8B3F5001F1AD0B3F5001F22D8002B22
:1042000003D0B3F5801F07D01CE0B84BDB6AB74A78
:1042100043F40033D3621AE0D7F814310833022193
:10422000184602F061FB034687F827310FE0D7F804
:10423000143128330221184602F008FC034687F89F
:10424000273104E0012387F8273100E000BF97F809
:104250002731002B0AD1A54B1B6D23F44011D7F851
:1042600014319B6EA14A0B43136503E097F8273185
:1042700087F82631D7F81431D3E9002302F4807887
:104280004FF0000958EA090347D0D7F814319B6D65
:10429000042B2AD801A252F823F000BFB142000833
:1042A000BF420008D5420008F3420008F34200086C
:1042B0008E4BDB6A8D4A43F40033D3621AE0D7F8A1
:1042C000143108330021184602F00EFB034687F82C
:1042D00027310FE0D7F8143128330021184602F0B7
:1042E000B5FB034687F8273104E0012387F827311F
:1042F00000E000BF97F82731002B0AD17B4B1B6DE4
:1043000023F00701D7F814319B6D784A0B431365EE
:1043100003E097F8273187F82631D7F81431D3E92D
:10432000002302F4007A4FF0000B5AEA0B034CD042
:10433000D7F81431DB6DB3F5807F30D0B3F5807FD3
:1043400029D8C02B2DD0C02B25D8802B18D0802B5E
:1043500021D8002B02D0402B07D01CE0634BDB6A36
:10436000624A43F40033D3621CE0D7F814310833B7
:104370000021184602F0B8FA034687F8273111E009
:10438000D7F8143128330021184602F05FFB0346AA
:1043900087F8273106E0012387F8273102E000BFC4
:1043A00000E000BF97F82731002B0AD14F4B1B6D5F
:1043B00023F4E071D7F81431DB6D4C4A0B431365DD
:1043C00003E097F8273187F82631D7F81431D3E97D
:1043D000002302F48063C7F808310023C7F80C31CA
:1043E000D7E942120B46134353D0D7F81431D3F810
:1043F000A830B3F5000F35D0B3F5000F2ED8B3F5C4
:10440000C00F31D0B3F5C00F28D8B3F5800F1AD044
:10441000B3F5800F22D8002B03D0B3F5001F07D0CF
:104420001CE0324BDB6A314A43F40033D3621CE0B8
:10443000D7F8143108330021184602F055FA034624
:1044400087F8273111E0D7F81431283300211846B6
:1044500002F0FCFA034687F8273106E0012387F8CB
:10446000273102E000BF00E000BF97F82731002BA2
:104470000BD11E4B9B6D23F46001D7F81431D3F898
:10448000A8301A4A0B43936503E097F8273187F861
:104490002631D7F81431D3E9002302F40063C7F8BA
:1044A00000310023C7F80431D7E940120B4613430B
:1044B00056D0D7F81431D3F8AC30B3F1806F38D080
:1044C000B3F1806F31D8B3F1407F34D0B3F1407F86
:1044D0002BD8B3F1007F1DD0B3F1007F25D8002B7E
:1044E00006D0B3F1807F0AD01FE000BF004402581D
:1044F000A24BDB6AA14A43F40033D3621CE0D7F835
:10450000143108330021184602F0EEF9034687F80B
:10451000273111E0D7F8143128330021184602F072
:1045200095FA034687F8273106E0012387F82731FB
:1045300002E000BF00E000BF97F82731002B0BD14D
:104540008E4B9B6D23F0E061D7F81431D3F8AC307B
:104550008A4A0B43936503E097F8273187F82631A1
:10456000D7F81431D3E9002302F00073C7F8F8300C
:104570000023C7F8FC30D7E93E120B4613433AD06C
:10458000D7F81431DB6C302B1FD0302B19D8202BEF
:104590000CD0202B15D8002B19D0102B11D1774B14
:1045A000DB6A764A43F40033D36211E0D7F8143162
:1045B00008330221184602F097F9034687F827319D
:1045C00006E0012387F8273102E000BF00E000BFCA
:1045D00097F82731002B0AD1684BDB6C23F03001B0
:1045E000D7F81431DB6C654A0B43D36403E097F8CA
:1045F000273187F82631D7F81431D3E9002302F4A4
:104600008053C7F8F0300023C7F8F430D7E93C12E4
:104610000B46134351D0D7F814311B6EB3F5804FBE
:1046200035D0B3F5804F2ED8B3F5405F31D0B3F518
:10463000405F28D8B3F5005F1AD0B3F5005F22D8E9
:10464000002B03D0B3F5805F07D01CE04B4BDB6A37
:104650004A4A43F40033D3621CE0D7F814310833DC
:104660000021184602F040F9034687F8273111E08F
:10467000D7F8143128330021184602F0E7F9034631
:1046800087F8273106E0012387F8273102E000BFD1
:1046900000E000BF97F82731002B0AD1374B1B6D84
:1046A00023F4E041D7F814311B6E344A0B431365F1
:1046B00003E097F8273187F82631D7F81431D3E98A
:1046C000002302F40053C7F8E8300023C7F8EC30A9
:1046D000D7E93A120B46134356D0D7F814315B6E24
:1046E000B3F5A02F33D0B3F5A02F2CD8B3F5802F7E
:1046F0002FD0B3F5802F26D8B3F5403F2BD0B3F59C
:10470000403F20D8B3F5003F12D0B3F5003F1AD890
:10471000002B22D0B3F5803F15D1D7F814310833E0
:104720000121184602F0E0F8034687F8273115E02A
:10473000D7F8143128330121184602F087F90346CF
:1047400087F827310AE0012387F8273106E000BF08
:1047500004E000BF02E000BF00E000BF97F827318F
:10476000002B0DD1054B1B6D23F4E021D7F814313C
:104770005B6E024A0B43136506E000BF004402581B
:1047800097F8273187F82631D7F81431D3E9002379
:1047900002F48043C7F8E0300023C7F8E430D7E9DB
:1047A00038120B46134355D0D7F81431D3F8B03034
:1047B000B3F1A04F33D0B3F1A04F2CD8B3F1804F59
:1047C0002FD0B3F1804F26D8B3F1405F2BD0B3F197
:1047D000405F20D8B3F1005F12D0B3F1005F1AD868
:1047E000002B22D0B3F1805F15D1D7F814310833F4
:1047F0000121184602F078F8034687F8273115E0C2
:10480000D7F8143128330121184602F01FF9034666
:1048100087F827310AE0012387F8273106E000BF37
:1048200004E000BF02E000BF00E000BF97F82731BE
:10483000002B0BD1A34B9B6D23F0E041D7F8143133
:10484000D3F8B0309F4A0B43936503E097F82731C4
:1048500087F82631D7F81431D3E9002302F4004356
:10486000C7F8D8300023C7F8DC30D7E936120B463A
:10487000134337D0D7F814311B6FB3F1005F0ED05C
:10488000B3F1005F16D8002B18D0B3F1805F11D1BF
:104890008C4BDB6A8B4A43F40033D3620FE0D7F8CA
:1048A000143108330121184602F01EF8034687F838
:1048B000273104E0012387F8273100E000BF97F893
:1048C0002731002B0AD17F4B1B6D23F04051D7F8C5
:1048D00014311B6F7B4A0B43136503E097F82731B4
:1048E00087F82631D7F81431D3E9002302F080731A
:1048F000C7F8D0300023C7F8D430D7E934120B46BC
:10490000134339D0D7F814319B6C032B1CD801A268
:1049100052F823F05149000825490008334900089E
:1049200051490008674BDB6A664A43F40033D3629F
:104930000FE0D7F8143108330221184601F0D4FFF4
:10494000034687F8273104E0012387F8273100E088
:1049500000BF97F82731002B0AD15A4BDB6C23F0AC
:104960000301D7F814319B6C564A0B43D36403E020
:1049700097F8273187F82631D7F81431D3E9002387
:1049800002F48003C7F8C8300023C7F8CC30D7E959
:1049900032120B46134300F09F804B4B1B684A4A70
:1049A00043F48073136005F02BFEC7F820010BE081
:1049B00005F026FE0246D7F82031D31A642B03D91E
:1049C000032387F8273105E03F4B1B6803F480730E
:1049D000002BEDD097F82731002B79D1394B1A6F86
:1049E000D7F81431D3F8B430534003F44073002B9C
:1049F00015D0344B1B6F23F44073C7F81C31314B77
:104A00001B6F304A43F4803313672E4B1B6F2D4AC4
:104A100023F4803313672B4AD7F81C311367D7F878
:104A20001431D3F8B430B3F5807F18D105F0E8FD28
:104A3000C7F820010DE005F0E3FD0246D7F820316C
:104A4000D21A41F288339A4203D9032387F82731D7
:104A500005E01C4B1B6F03F00203002BEBD097F813
:104A60002731002B29D1D7F81431D3F8B43003F40F
:104A70004073B3F5407F0ED1124B1B6923F47C5178
:104A8000D7F81431D3F8B4301A09104B13400D4A3B
:104A90000B43136105E00B4B1B690A4A23F47C535B
:104AA0001361084B196FD7F81431D3F8B430C3F33E
:104AB0000B03044A0B4313670EE097F8273187F87E
:104AC000263109E00044025800480258CFFFFF0099
:104AD00097F8273187F82631D7F81431D3E9002326
:104AE00002F00103C7F8C0300023C7F8C430D7E98B
:104AF00030120B46134300F08980D7F81431DB6F76
:104B0000282B6BD801A252F823F000BFE54B000818
:104B1000DD4B0008DD4B0008DD4B0008DD4B0008D5
:104B2000DD4B0008DD4B0008DD4B0008B14B0008F1
:104B3000DD4B0008DD4B0008DD4B0008DD4B0008B5
:104B4000DD4B0008DD4B0008DD4B0008C74B0008BB
:104B5000DD4B0008DD4B0008DD4B0008DD4B000895
:104B6000DD4B0008DD4B0008DD4B0008E54B00087D
:104B7000DD4B0008DD4B0008DD4B0008DD4B000875
:104B8000DD4B0008DD4B0008DD4B0008E54B00085D
:104B9000DD4B0008DD4B0008DD4B0008DD4B000855
:104BA000DD4B0008DD4B0008DD4B0008E54B00083D
:104BB000D7F8143108330121184601F095FE034659
:104BC00087F827310FE0D7F8143128330121184630
:104BD00001F03CFF034687F8273104E0012387F802
:104BE000273100E000BF97F82731002B0AD1BF4BD7
:104BF0005B6D23F03801D7F81431DB6FBB4A0B43F0
:104C0000536503E097F8273187F82631D7F8143138
:104C1000D3E9002302F00203C7F8B8300023C7F835
:104C2000BC30D7E92E120B46134341D0D7F81431CC
:104C30009B6F052B24D801A252F823F0894C000861
:104C4000554C00086B4C0008894C0008894C000842
:104C5000894C0008D7F8143108330121184601F0B7
:104C600043FE034687F827310FE0D7F81431283385
:104C70000121184601F0EAFE034687F8273104E0D7
:104C8000012387F8273100E000BF97F82731002B78
:104C90000AD1964B5B6D23F00701D7F814319B6F57
:104CA000924A0B43536503E097F8273187F8263182
:104CB000D7F81431D3E9002302F00403C7F8B03069
:104CC0000023C7F8B430D7E92C120B46134344D065
:104CD000D7F81431D3F89430052B25D801A252F817
:104CE00023F000BF314D0008FD4C0008134D0008B3
:104CF000314D0008314D0008314D0008D7F814310E
:104D000008330121184601F0EFFD034687F82731EB
:104D10000FE0D7F8143128330121184601F096FE30
:104D2000034687F8273104E0012387F8273100E0A4
:104D300000BF97F82731002B0BD16C4B9B6D23F0F4
:104D40000701D7F81431D3F89430684A0B439365C0
:104D500003E097F8273187F82631D7F81431D3E9E3
:104D6000002302F02003C7F8A8300023C7F8AC30B6
:104D7000D7E92A120B46134355D0D7F81431D3F88C
:104D80009030B3F1A04F33D0B3F1A04F2CD8B3F192
:104D9000804F2FD0B3F1804F26D8B3F1405F2BD096
:104DA000B3F1405F20D8B3F1005F12D0B3F1005FE0
:104DB0001AD8002B22D0B3F1805F15D1D7F8143167
:104DC00008330021184601F08FFD034687F827318C
:104DD00015E0D7F8143128330221184601F036FEC9
:104DE000034687F827310AE0012387F8273106E0D8
:104DF00000BF04E000BF02E000BF00E000BF97F882
:104E00002731002B0BD1394B5B6D23F0E041D7F8F4
:104E10001431D3F89030354A0B43536503E097F8CB
:104E2000273187F82631D7F81431D3E9002302F06F
:104E30004003C7F8A0300023C7F8A430D7E92812F0
:104E40000B46134358D0D7F81431D3F89C30B3F540
:104E5000A05F33D0B3F5A05F2CD8B3F5805F2FD01F
:104E6000B3F5805F26D8B3F5406F2BD0B3F5406F14
:104E700020D8B3F5006F12D0B3F5006F1AD8002B0D
:104E800022D0B3F5806F15D1D7F814310833002143
:104E9000184601F029FD034687F8273115E0D7F8B9
:104EA000143128330221184601F0D0FD034687F85B
:104EB00027310AE0012387F8273106E000BF04E02C
:104EC00000BF02E000BF00E000BF97F82731002BD1
:104ED0000ED1064B9B6D23F4E051D7F81431D3F873
:104EE0009C30024A0B43936506E000BF0044025821
:104EF00097F8273187F82631D7F81431D3E9002302
:104F000002F08003C7F898300023C7F89C30D7E937
:104F100026120B46134355D0D7F81431D3F8A030DE
:104F2000B3F5204F33D0B3F5204F2CD8B3F5004F55
:104F30002FD0B3F5004F26D8B3F5C04F2BD0B3F523
:104F4000C04F20D8B3F5804F12D0B3F5804F1AD898
:104F5000002B22D0B3F5005F15D1D7F814310833F8
:104F60000021184601F0C0FC034687F8273115E000
:104F7000D7F8143128330221184601F067FD0346A3
:104F800087F827310AE0012387F8273106E000BFC0
:104F900004E000BF02E000BF00E000BF97F8273147
:104FA000002B0BD1A14B9B6D23F46041D7F814313A
:104FB000D3F8A0309D4A0B43936503E097F827315F
:104FC00087F82631D7F81431D3E9002302F008031B
:104FD000C7F890300023C7F89430D7E924120B4665
:104FE00013431ED0D7F81431D3F88430B3F5805F63
:104FF0000CD1D7F8143128330221184601F026FDD0
:105000000346002B02D0012387F82631874B5B6DC6
:1050100023F44051D7F81431D3F88430834A0B433A
:105020005365D7F81431D3E9002302F01003C7F811
:1050300088300023C7F88C30D7E922120B4613437F
:105040001ED0D7F81431D3F89830B3F5807F0CD147
:10505000D7F8143128330221184601F0F7FC034633
:10506000002B02D0012387F82631704B9B6D23F46F
:105070004071D7F81431D3F898306C4A0B439365DC
:10508000D7F81431D3E9002302F40023C7F88030A5
:105090000023C7F88430D7E920120B4613433ED0D3
:1050A000D7F81431D3F8A430B3F5003F22D0B3F5CC
:1050B000003F1BD8002B03D0B3F5803F0BD015E089
:1050C000D7F8143108330021184601F00DFC0346CF
:1050D00087F827310FE0D7F814312833022118461A
:1050E00001F0B4FC034687F8273104E0012387F878
:1050F000273100E000BF97F82731002B0BD14B4B35
:105100009B6D23F44031D7F81431D3F8A430474ACB
:105110000B43936503E097F8273187F82631D7F8DA
:105120001431D3E9002302F48023BB670023FB671B
:10513000D7E91E120B4613433BD0D7F81431D3F8EE
:105140008830B3F5401F1FD0B3F5401F18D8B3F512
:10515000801F03D0B3F5001F07D011E0334BDB6A8B
:10516000324A43F40033D3620FE0D7F814312833C6
:105170000121184601F06AFC034687F8273104E054
:10518000012387F8273100E000BF97F82731002B73
:105190000BD1264B5B6D23F44011D7F81431D3F8B3
:1051A0008830224A0B43536503E097F8273187F88C
:1051B0002631D7F81431D3E9002302F480333B675A
:1051C00000237B67D7E91C120B46134334D0D7F872
:1051D00014311B6D002B03D0B3F5803F07D011E0D5
:1051E000124BDB6A114A43F40033D3620EE0D7F866
:1051F000143108330221184601F076FB034687F884
:10520000273103E0012387F8273100BF97F82731C2
:10521000002B0DD1054BDB6C23F48031D7F8143112
:105220001B6D024A0B43D36406E000BF00440258E2
:1052300097F8273187F82631D7F81431D3E90023BE
:1052400002F00053BB660023FB66D7E91A120B4637
:1052500013430CD0D7F8143128330221184601F03B
:10526000F5FB0346002B02D0012387F82631D7F83F
:105270001431D3E9002302F400333B6600237B663C
:10528000D7E918120B46134338D0D7F81431D3F8A6
:105290008030B3F5407F18D0B3F5407F11D8B3F517
:1052A000007F14D0B3F5007F0BD8002B11D0B3F5DD
:1052B000807F06D1C34BDB6AC24A43F40033D3621A
:1052C00008E0012387F8273104E000BF02E000BFB7
:1052D00000E000BF97F82731002B0BD1B94B5B6D75
:1052E00023F44071D7F81431D3F88030B54A0B431A
:1052F000536503E097F8273187F82631D7F8143142
:10530000D3E9002302F48013BB650023FB65D7E9D2
:1053100016120B46134309D0AA4B1B6D23F0004114
:10532000D7F814315B6FA74A0B431365D7F81431D4
:10533000D3E9002302F080533B6500237B65D7E966
:1053400014120B4613430AD09E4B1B6923F4804171
:10535000D7F81431D3F8B8309A4A0B431361D7F811
:105360001431D3E9002302F40013BB640023FB646F
:10537000D7E912120B46134309D0924B1B6D23F051
:105380008071D7F81431DB6E8E4A0B431365D7F862
:105390001431D3E9002302F080433B6400237B6493
:1053A000D7E910120B4613430ED0864B1B69854A72
:1053B00023F400431361834B1969D7F81431D3F8F0
:1053C000BC30804A0B431361D7F81431D3E9002372
:1053D00002F00043BB630023FB63D7E90E120B46C8
:1053E000134309D0774BDB6C23F04051D7F81431CD
:1053F0005B6D744A0B43D364D7F81431D3E90023AF
:1054000002F400033B6300237B63D7E90C120B46D5
:1054100013430AD06B4B5B6D23F44001D7F8143172
:10542000D3F88C30674A0B435365D7F81431D3E96E
:1054300000230021B96203F00103FB62D7E90A12DD
:105440000B46134311D0D7F8143108330021184606
:1054500001F04AFA034687F8273197F82731002BE5
:1054600003D097F8273187F82631D7F81431D3E9DC
:1054700000230021396203F002037B62D7E908129E
:105480000B46134311D0D7F81431083301211846C5
:1054900001F02AFA034687F8273197F82731002BC5
:1054A00003D097F8273187F82631D7F81431D3E99C
:1054B00000230021B96103F00403FB61D7E9061260
:1054C0000B46134311D0D7F8143108330221184684
:1054D00001F00AFA034687F8273197F82731002BA5
:1054E00003D097F8273187F82631D7F81431D3E95C
:1054F00000230021396103F008037B61D7E904121E
:105500000B46134311D0D7F8143128330021184625
:1055100001F09CFA034687F8273197F82731002BD2
:1055200003D097F8273187F82631D7F81431D3E91B
:1055300000230021B96003F01003FB60D7E90212D9
:105540000B46134311D0D7F81431283301211846E4
:1055500001F07CFA034687F8273197F82731002BB2
:1055600003D097F8273187F82631D7F81431D3E9DB
:1055700000230021396003F020037B60D7E900128B
:105580000B46134311D0D7F81431283302211846A3
:1055900001F05CFA034687F8273197F82731002B92
:1055A00003D097F8273187F8263197F82631002B5A
:1055B00001D1002300E00123184607F59477BD468A
:1055C000BDE8B08F0044025880B590B000AFC7E985
:1055D0000001D7E90023A2F580710B4340F09480CD
:1055E0009E4B1B6D03F007033B633B6B042B00F2E8
:1055F000878001A252F823F00D56000835560008A6
:105600005D560008F956000885560008934B1B6844
:1056100003F00073B3F1007F08D107F124031846AB
:1056200001F010F8BB6AFB6300F045BD0023FB638B
:1056300000F041BD894B1B6803F00063B3F1006FBC
:1056400008D107F11803184600F054FDBB69FB634D
:1056500000F031BD0023FB6300F02DBD7F4B1B68C4
:1056600003F00053B3F1005F08D107F10C031846B3
:1056700000F094FEFB68FB6300F01DBD0023FB639C
:1056800000F019BD754BDB6C03F040537B63734B2B
:105690001B6803F00403042B0CD17B6B002B09D196
:1056A0006E4B1B68DB0803F003036D4A22FA03F319
:1056B000FB631FE0694B1B6803F48073B3F5807FC5
:1056C00006D17B6BB3F1805F02D1664BFB6311E0C7
:1056D000624B1B6803F40033B3F5003F06D17B6BCC
:1056E000B3F1005F02D1604BFB6303E00023FB6377
:1056F00000F0E1BC00F0DFBC5C4BFB6300F0DBBC06
:105700000023FB6300F0D7BCD7E90023A2F50071AA
:105710000B4340F0AD80514B1B6D03F4E0733B63D2
:105720003B6BB3F5807F56D03B6BB3F5807F00F2C7
:1057300090803B6BC02B00F088803B6BC02B00F24D
:1057400088803B6B802B32D03B6B802B00F28180BA
:105750003B6B002B03D03B6B402B14D079E03F4BCD
:105760001B6803F00073B3F1007F08D107F1240335
:10577000184600F067FFBB6AFB6300F09CBC002387
:10578000FB6300F098BC354B1B6803F00063B3F17A
:10579000006F08D107F11803184600F0ABFCBB6995
:1057A000FB6300F088BC0023FB6300F084BC2B4B40
:1057B0001B6803F00053B3F1005F08D107F10C033D
:1057C000184600F0EBFDFB68FB6300F074BC00239F
:1057D000FB6300F070BC214BDB6C03F040537B6338
:1057E0001E4B1B6803F00403042B0CD17B6B002BB6
:1057F00009D11A4B1B68DB0803F00303184A22FA8D
:1058000003F3FB631FE0154B1B6803F48073B3F5D0
:10581000807F06D17B6BB3F1805F02D1114BFB63BC
:1058200011E00E4B1B6803F40033B3F5003F06D1C3
:105830007B6BB3F1005F02D10B4BFB6303E00023F2
:10584000FB6300F038BC00F036BC084BFB6300F093
:1058500032BC0023FB6300F02EBC00BF00440258A2
:105860000090D00300093D0040787D010080BB001E
:10587000D7E90023A2F580610B4340F09C809E4B4A
:105880009B6D03F460033B633B6BB3F5000F54D097
:105890003B6BB3F5000F00F28B803B6BB3F5C00F91
:1058A00000F083803B6BB3F5C00F00F281803B6B4F
:1058B000B3F5800F2FD03B6BB3F5800F78D83B6BDF
:1058C000002B04D03B6BB3F5001F12D070E08A4B65
:1058D0001B6803F00073B3F1007F07D107F12403C5
:1058E000184600F0AFFEBB6AFB63E4E30023FB63F2
:1058F000E1E3814B1B6803F00063B3F1006F07D154
:1059000007F11803184600F0F5FBBB69FB63D2E30F
:105910000023FB63CFE3784B1B6803F00053B3F124
:10592000005F07D107F10C03184600F037FDFB6854
:10593000FB63C0E30023FB63BDE36F4BDB6C03F051
:1059400040537B636C4B1B6803F00403042B0CD1A6
:105950007B6B002B09D1684B1B68DB0803F003034A
:10596000664A22FA03F3FB631EE0634B1B6803F4F1
:105970008073B3F5807F06D17B6BB3F1805F02D17A
:105980005F4BFB6310E05C4B1B6803F40033B3F523
:10599000003F06D17B6BB3F1005F02D1594BFB6333
:1059A00002E00023FB6386E385E3574BFB6382E35E
:1059B0000023FB637FE3D7E90023A2F500610B43DB
:1059C00040F0A7804C4B9B6D03F0E0633B633B6B67
:1059D000B3F1806F55D03B6BB3F1806F00F29680CE
:1059E0003B6BB3F1407F00F084803B6BB3F1407FB1
:1059F00000F28C803B6BB3F1007F30D03B6BB3F196
:105A0000007F00F283803B6B002B04D03B6BB3F133
:105A1000807F12D07AE0384B1B6803F00073B3F13B
:105A2000007F07D107F12403184600F00BFEBB6A84
:105A3000FB6340E30023FB633DE32F4B1B6803F054
:105A40000063B3F1006F07D107F11803184600F0A7
:105A500051FBBB69FB632EE30023FB632BE3264B67
:105A60001B6803F00053B3F1005F07D107F10C038B
:105A7000184600F093FCFB68FB631CE30023FB6308
:105A800019E31D4BDB6C03F040537B631A4B1B681F
:105A900003F00403042B0CD17B6B002B09D1164BB4
:105AA0001B68DB0803F00303144A22FA03F3FB63C9
:105AB0001EE0114B1B6803F48073B3F5807F06D1A1
:105AC0007B6BB3F1805F02D10D4BFB6310E00A4B9F
:105AD0001B6803F40033B3F5003F06D17B6BB3F1D1
:105AE000005F02D1074BFB6302E00023FB63E2E2AD
:105AF000E1E2054BFB63DEE2004402580090D00374
:105B000000093D0040787D010080BB000023FB635D
:105B1000D1E2D7E90023A2F580510B4340F09C80ED
:105B2000934B1B6D03F4E043BB63BB6BB3F5804F3A
:105B300054D0BB6BB3F5804F00F28B80BB6BB3F5D9
:105B4000405F00F08380BB6BB3F5405F00F2818063
:105B5000BB6BB3F5005F2FD0BB6BB3F5005F78D89C
:105B6000BB6B002B04D0BB6BB3F5805F12D070E031
:105B70007F4B1B6803F00073B3F1007F07D107F17F
:105B80002403184600F05EFDBB6AFB6393E200232A
:105B9000FB6390E2764B1B6803F00063B3F1006F88
:105BA00007D107F11803184600F0A4FABB69FB639C
:105BB00081E20023FB637EE26D4B1B6803F0005320
:105BC000B3F1005F07D107F10C03184600F0E6FBC4
:105BD000FB68FB636FE20023FB636CE2644BDB6CEE
:105BE00003F040537B63624B1B6803F00403042BF8
:105BF0000CD17B6B002B09D15D4B1B68DB0803F0DC
:105C000003035C4A22FA03F3FB631EE0584B1B6854
:105C100003F48073B3F5807F06D17B6BB3F1805FB3
:105C200002D1554BFB6310E0514B1B6803F400336A
:105C3000B3F5003F06D17B6BB3F1005F02D14F4B50
:105C4000FB6302E00023FB6335E234E24C4BFB6371
:105C500031E20023FB632EE2D7E90023A2F50051D5
:105C60000B4340F08F80424B1B6D03F4E023BB637A
:105C7000BB6BB3F5A02F6BD0BB6BB3F5A02F74D863
:105C8000BB6BB3F5802F56D0BB6BB3F5802F6CD8B0
:105C9000BB6BB3F5403F3BD0BB6BB3F5403F64D823
:105CA000BB6BB3F5003F21D0BB6BB3F5003F5CD8B5
:105CB000BB6B002B04D0BB6BB3F5803F04D054E02A
:105CC000FEF70AFAF863F6E1294B1B6803F000635C
:105CD000B3F1006F07D107F11803184600F00AFA74
:105CE000FB69FB63E7E10023FB63E4E1204B1B68F6
:105CF00003F00053B3F1005F07D107F10C0318461E
:105D000000F04CFB3B69FB63D5E10023FB63D2E170
:105D1000174B1B6803F00403042B09D1144B1B68B9
:105D2000DB0803F00303134A22FA03F3FB63C2E127
:105D30000023FB63BFE10E4B1B6803F48073B3F5D4
:105D4000807F02D10C4BFB63B5E10023FB63B2E122
:105D5000074B1B6803F40033B3F5003F02D1074B38
:105D6000FB63A8E10023FB63A5E10023FB63A2E141
:105D7000004402580090D00300093D0040787D01A6
:105D80000080BB00D7E90023A2F500210B4373D1AB
:105D90009C4B9B6D03F44033BB63BB6BB3F5003F7F
:105DA0002FD0BB6BB3F5003F63D8BB6B002B04D087
:105DB000BB6BB3F5803F12D05BE0924B1B6803F0E6
:105DC0000063B3F1006F07D107F11803184600F024
:105DD00091F9BB69FB636EE10023FB636BE1894BC7
:105DE0001B6803F00053B3F1005F07D107F10C0308
:105DF000184600F0D3FA7B69FB635CE10023FB6388
:105E000059E1804BDB6C03F040537B637D4B1B6897
:105E100003F00403042B0CD17B6B002B09D1794BCD
:105E20001B68DB0803F00303774A22FA03F3FB63E2
:105E30001EE0744B1B6803F48073B3F5807F06D1BA
:105E40007B6BB3F1805F02D1704BFB6310E06D4B55
:105E50001B6803F40033B3F5003F06D17B6BB3F14D
:105E6000005F02D16A4BFB6302E00023FB6322E187
:105E700021E10023FB631EE1D7E90023A2F5803175
:105E80000B4333D15F4BDB6C03F48033BB63BB6BE1
:105E9000002B04D0BB6BB3F5803F12D023E0594BED
:105EA0001B6803F00073B3F1007F07D107F12403EF
:105EB000184600F0C7FBBB6AFB63FCE00023FB63F2
:105EC000F9E0504B1B6803F00063B3F1006F07D19A
:105ED00007F11803184600F00DF93B6AFB63EAE08E
:105EE0000023FB63E7E00023FB63E4E0D7E9002342
:105EF000A2F580410B4340F08D80424B9B6D03F037
:105F0000E043BB63BB6BB3F1A04F6BD0BB6BB3F192
:105F1000A04F74D8BB6BB3F1804F56D0BB6BB3F1BD
:105F2000804F6CD8BB6BB3F1405F3BD0BB6BB3F120
:105F3000405F64D8BB6BB3F1005F21D0BB6BB3F1A2
:105F4000005F5CD8BB6B002B04D0BB6BB3F1805FF0
:105F500004D054E000F0B8F8F863ACE0294B1B68BB
:105F600003F00063B3F1006F07D107F1180318467F
:105F700000F0C0F8FB69FB639DE00023FB639AE03F
:105F8000204B1B6803F00053B3F1005F07D107F10A
:105F90000C03184600F002FA3B69FB638BE0002318
:105FA000FB6388E0174B1B6803F00403042B09D143
:105FB000144B1B68DB0803F00303134A22FA03F3B4
:105FC000FB6378E00023FB6375E00E4B1B6803F472
:105FD0008073B3F5807F02D10C4BFB636BE0002331
:105FE000FB6368E0074B1B6803F40033B3F5003F25
:105FF00002D1074BFB635EE00023FB635BE0002301
:10600000FB6358E0004402580090D00300093D00B3
:1060100040787D01D7E90023A2F500410B4348D128
:10602000274B1B6D03F04053BB63BB6BB3F1005FA9
:106030002AD0BB6BB3F1005F38D8BB6B002B04D008
:10604000BB6BB3F1805F0DD030E01D4B1B6803F4D8
:106050000033B3F5003F02D11A4BFB632BE0002362
:10606000FB6328E0164B1B6803F00073B3F1007F5D
:1060700007D107F12403184600F0E4FABB6AFB637A
:1060800019E00023FB6316E00D4B1B6803F000636F
:10609000B3F1006F07D107F11803184600F02AF892
:1060A000FB69FB6307E00023FB6304E00023FB6361
:1060B00001E00023FB63FB6B18464037BD4680BD03
:1060C0000044025840787D0180B500AFFDF7D4FF51
:1060D0000246064B1B6A1B0903F007030449CB5C0D
:1060E00003F01F0322FA03F3184680BD0044025850
:1060F0007CDF040880B489B000AF7860A14B9B6A54
:1061000003F00303BB619F4B9B6A1B0B03F03F0330
:106110007B619C4BDB6A1B0903F001033B61994BDC
:10612000DB6BDB08C3F30C033A6902FB03F307EEF6
:10613000903AF8EE677AC7ED037A7B69002B00F09E
:106140001181BB69022B00F08380BB69022B00F236
:10615000A180BB69002B03D0BB69012B56D099E00D
:10616000884B1B6803F02003002B2DD0854B1B6848
:10617000DB0803F00303844A22FA03F3BB60BB6825
:1061800007EE903AF8EE676A7B6907EE903AF8EE10
:10619000677A86EEA77A7B4B9B6BC3F3080307EE07
:1061A000903AF8EE676A97ED036ADFED785AC6EE2B
:1061B000257A76EEA77AF7EE006A77EEA67A67EE92
:1061C000277AC7ED077A87E07B6907EE903AF8EE09
:1061D000677ADFED6F6A86EEA77A6A4B9B6BC3F333
:1061E000080307EE903AF8EE676A97ED036ADFED71
:1061F000675AC6EE257A76EEA77AF7EE006A77EE52
:10620000A67A67EE277AC7ED077A65E07B6907EE25
:10621000903AF8EE677ADFED5F6A86EEA77A594B1F
:106220009B6BC3F3080307EE903AF8EE676A97EDAD
:10623000036ADFED565AC6EE257A76EEA77AF7EEB8
:10624000006A77EEA67A67EE277AC7ED077A43E011
:106250007B6907EE903AF8EE677ADFED4F6A86EEDB
:10626000A77A484B9B6BC3F3080307EE903AF8EE0E
:10627000676A97ED036ADFED455AC6EE257A76EE3A
:10628000A77AF7EE006A77EEA67A67EE277AC7ED6F
:10629000077A21E07B6907EE903AF8EE677ADFED46
:1062A0003D6A86EEA77A374B9B6BC3F3080307EE74
:1062B000903AF8EE676A97ED036ADFED345AC6EE5E
:1062C000257A76EEA77AF7EE006A77EEA67A67EE81
:1062D000277AC7ED077A00BF2A4B9B6B5B0A03F056
:1062E0007F0307EE903AF8EE677AB7EE007A37EE62
:1062F000877AD7ED076AC6EE877AFCEEE77A17EE63
:10630000902A7B681A601F4B9B6B1B0C03F07F036A
:1063100007EE903AF8EE677AB7EE007A37EE877AB2
:10632000D7ED076AC6EE877AFCEEE77A17EE902A79
:106330007B685A60134B9B6B1B0E03F07F0307EEC9
:10634000903AF8EE677AB7EE007A37EE877AD7EDB3
:10635000076AC6EE877AFCEEE77A17EE902A7B682A
:106360009A6008E07B6800221A607B6800225A600D
:106370007B6800229A6000BF2437BD465DF8047B2D
:10638000704700BF004402580090D0030000004650
:106390000024744C0024744A20BCBE4B80B489B0E5
:1063A00000AF7860A14B9B6A03F00303BB619F4B76
:1063B0009B6A1B0D03F03F037B619C4BDB6A1B0A4E
:1063C00003F001033B61994B5B6CDB08C3F30C03E7
:1063D0003A6902FB03F307EE903AF8EE677AC7EDED
:1063E000037A7B69002B00F01181BB69022B00F05E
:1063F0008380BB69022B00F2A180BB69002B03D014
:10640000BB69012B56D099E0884B1B6803F0200331
:10641000002B2DD0854B1B68DB0803F00303844A57
:1064200022FA03F3BB60BB6807EE903AF8EE676AA6
:106430007B6907EE903AF8EE677A86EEA77A7B4B97
:106440001B6CC3F3080307EE903AF8EE676A97ED0A
:10645000036ADFED785AC6EE257A76EEA77AF7EE74
:10646000006A77EEA67A67EE277AC7ED077A87E0AB
:106470007B6907EE903AF8EE677ADFED6F6A86EE99
:10648000A77A6A4B1B6CC3F3080307EE903AF8EE49
:10649000676A97ED036ADFED675AC6EE257A76EEF6
:1064A000A77AF7EE006A77EEA67A67EE277AC7ED4D
:1064B000077A65E07B6907EE903AF8EE677ADFEDE0
:1064C0005F6A86EEA77A594B1B6CC3F3080307EE8D
:1064D000903AF8EE676A97ED036ADFED565AC6EE1A
:1064E000257A76EEA77AF7EE006A77EEA67A67EE5F
:1064F000277AC7ED077A43E07B6907EE903AF8EE1A
:10650000677ADFED4F6A86EEA77A484B1B6CC3F3C0
:10651000080307EE903AF8EE676A97ED036ADFED3D
:10652000455AC6EE257A76EEA77AF7EE006A77EE40
:10653000A67A67EE277AC7ED077A21E07B6907EE36
:10654000903AF8EE677ADFED3D6A86EEA77A374B30
:106550001B6CC3F3080307EE903AF8EE676A97EDF9
:10656000036ADFED345AC6EE257A76EEA77AF7EEA7
:10657000006A77EEA67A67EE277AC7ED077A00BF42
:106580002A4B1B6C5B0A03F07F0307EE903AF8EE90
:10659000677AB7EE007A37EE877AD7ED076AC6EEEC
:1065A000877AFCEEE77A17EE902A7B681A601F4B19
:1065B0001B6C1B0C03F07F0307EE903AF8EE677A32
:1065C000B7EE007A37EE877AD7ED076AC6EE877A9C
:1065D000FCEEE77A17EE902A7B685A60134B1B6C2F
:1065E0001B0E03F07F0307EE903AF8EE677AB7EEE2
:1065F000007A37EE877AD7ED076AC6EE877AFCEE27
:10660000E77A17EE902A7B689A6008E07B680022A0
:106610001A607B6800225A607B6800229A6000BF83
:106620002437BD465DF8047B704700BF0044025824
:106630000090D003000000460024744C0024744AEB
:1066400020BCBE4B80B489B000AF7860A04B9B6A81
:1066500003F00303BB619E4B9B6A1B0903F03F03DE
:106660007B619B4BDB6A03F001033B61984B5B6BE7
:10667000DB08C3F30C033A6902FB03F307EE903A1D
:10668000F8EE677AC7ED037A7B69002B00F0118181
:10669000BB69022B00F08380BB69022B00F2A18052
:1066A000BB69002B03D0BB69012B56D099E0884B06
:1066B0001B6803F02003002B2DD0854B1B68DB08E3
:1066C00003F00303834A22FA03F3BB60BB6807EEBF
:1066D000903AF8EE676A7B6907EE903AF8EE677ACF
:1066E00086EEA77A7A4B1B6BC3F3080307EE903A4A
:1066F000F8EE676A97ED036ADFED775AC6EE257A02
:1067000076EEA77AF7EE006A77EEA67A67EE277A3A
:10671000C7ED077A87E07B6907EE903AF8EE677A73
:10672000DFED6E6A86EEA77A694B1B6BC3F3080335
:1067300007EE903AF8EE676A97ED036ADFED665A66
:10674000C6EE257A76EEA77AF7EE006A77EEA67A9D
:1067500067EE277AC7ED077A65E07B6907EE903A26
:10676000F8EE677ADFED5E6A86EEA77A584B1B6B10
:10677000C3F3080307EE903AF8EE676A97ED036AF1
:10678000DFED555AC6EE257A76EEA77AF7EE006A67
:1067900077EEA67A67EE277AC7ED077A43E07B6942
:1067A00007EE903AF8EE677ADFED4E6A86EEA77A4A
:1067B000474B1B6BC3F3080307EE903AF8EE676A8A
:1067C00097ED036ADFED445AC6EE257A76EEA77A96
:1067D000F7EE006A77EEA67A67EE277AC7ED077ABA
:1067E00021E07B6907EE903AF8EE677ADFED3B6ACD
:1067F00086EEA77A364B1B6BC3F3080307EE903A7D
:10680000F8EE676A97ED036ADFED335AC6EE257A34
:1068100076EEA77AF7EE006A77EEA67A67EE277A29
:10682000C7ED077A00BF2A4B1B6B5B0A03F07F039F
:1068300007EE903AF8EE677AB7EE007A37EE877A8D
:10684000D7ED076AC6EE877AFCEEE77A17EE902A54
:106850007B681A601E4B1B6B1B0C03F07F0307EE5B
:10686000903AF8EE677AB7EE007A37EE877AD7ED8E
:10687000076AC6EE877AFCEEE77A17EE902A7B6805
:106880005A60134B1B6B1B0E03F07F0307EE903A0D
:10689000F8EE677AB7EE007A37EE877AD7ED076AB7
:1068A000C6EE877AFCEEE77A17EE902A7B689A604C
:1068B00008E07B6800221A607B6800225A607B68CF
:1068C00000229A6000BF2437BD465DF8047B704704
:1068D000004402580090D003000000460024744C8D
:1068E0000024744A20BCBE4B80B584B000AF7860F1
:1068F00039600023FB73534B9B6A03F00303032BA4
:1069000001D1012399E04F4B1B684E4A23F080636D
:10691000136003F075FEB86008E003F071FE0246F4
:10692000BB68D31A022B01D9032386E0454B1B68B1
:1069300003F00063002BF0D1424B9B6A23F47C32BE
:106940007B681B681B033F4913438B627B685B6852
:10695000013BC3F308027B689B68013B5B029BB26F
:106960001A437B68DB68013B1B0403F4FE031A43F4
:106970007B681B69013B1B0603F0FE43314913434F
:106980008B63304BDB6A23F0C0027B685B692D4967
:106990001343CB622B4BDB6A23F020027B689B699D
:1069A00028491343CB62274BDB6A264A23F01003A6
:1069B000D362244BDA6B244B13407A68D269D2003D
:1069C00020491343CB631F4BDB6A1E4A43F010037D
:1069D000D3623B68002B06D11A4BDB6A194A43F499
:1069E0000023D3620FE03B68012B06D1154BDB6A15
:1069F000144A43F48013D36205E0124BDB6A114A58
:106A000043F40013D3620F4B1B680E4A43F08063BC
:106A1000136003F0F5FDB86008E003F0F1FD0246F5
:106A2000BB68D31A022B01D9032306E0054B1B6870
:106A300003F00063002BF0D0FB7B18461037BD46F7
:106A400080BD00BF004402580700FFFF80B584B03E
:106A500000AF786039600023FB73534B9B6A03F0EF
:106A60000303032B01D1012399E04F4B1B684E4ACE
:106A700023F08053136003F0C3FDB86008E003F017
:106A8000BFFD0246BB68D31A022B01D9032386E05F
:106A9000454B1B6803F00053002BF0D1424B9B6A1F
:106AA00023F07C727B681B681B053F4913438B6294
:106AB0007B685B68013BC3F308027B689B68013B12
:106AC0005B029BB21A437B68DB68013B1B0403F447
:106AD000FE031A437B681B69013B1B0603F0FE4360
:106AE000314913430B64304BDB6A23F440627B680B
:106AF0005B692D491343CB622B4BDB6A23F4007295
:106B00007B689B6928491343CB62274BDB6A264A83
:106B100023F48073D362244B5A6C244B13407A685D
:106B2000D269D200204913434B641F4BDB6A1E4AD3
:106B300043F48073D3623B68002B06D11A4BDB6AA7
:106B4000194A43F48003D3620FE03B68012B06D15E
:106B5000154BDB6A144A43F40003D36205E0124B81
:106B6000DB6A114A43F08073D3620F4B1B680E4AF5
:106B700043F08053136003F043FDB86008E003F076
:106B80003FFD0246BB68D31A022B01D9032306E05E
:106B9000054B1B6803F00053002BF0D0FB7B18461D
:106BA0001037BD4680BD00BF004402580700FFFFFC
:106BB00080B489B000AF786039600023FB61894BF5
:106BC0007B6194E13B681A680121FB6901FA03F3D8
:106BD00013403B613B69002B00F086813B685B689A
:106BE00003F00303012B05D03B685B6803F003034C
:106BF000022B30D17B689B68BB61FB695B00032281
:106C000002FA03F3DB43BA691340BB613B68DA68FD
:106C1000FB695B0002FA03F3BA691343BB617B684B
:106C2000BA699A607B685B68BB610122FB6902FA02
:106C300003F3DB43BA691340BB613B685B681B0924
:106C400003F00102FB6902FA03F3BA691343BB6163
:106C50007B68BA695A603B685B6803F00303032BE7
:106C600017D07B68DB68BB61FB695B00032202FA1B
:106C700003F3DB43BA691340BB613B689A68FB6965
:106C80005B0002FA03F3BA691343BB617B68BA691C
:106C9000DA603B685B6803F00303022B23D1FB69D6
:106CA000DA087B68083253F82230BB61FB6903F0D5
:106CB00007039B000F2202FA03F3DB43BA69134078
:106CC000BB613B681A69FB6903F007039B0002FA8A
:106CD00003F3BA691343BB61FB69DA087B680832C6
:106CE000B96943F822107B681B68BB61FB695B00D4
:106CF000032202FA03F3DB43BA691340BB613B682A
:106D00005B6803F00302FB695B0002FA03F3BA69F4
:106D10001343BB617B68BA691A603B685B6803F424
:106D20004033002B00F0E0802F4BD3F8F4302E4A94
:106D300043F00203C2F8F4302B4BD3F8F43003F0E5
:106D40000203FB60FB68294AFB699B08023352F887
:106D50002330BB61FB6903F003039B000F2202FA9F
:106D600003F3DB43BA691340BB617B68204A93425B
:106D700052D07B681F4A934231D07B681E4A9342AF
:106D80002BD07B681D4A934225D07B681C4A9342D6
:106D90001FD07B681B4A934219D07B681A4A9342E2
:106DA00013D07B68194A93420DD07B68184A9342EE
:106DB00007D07B68174A934201D109232DE00A23AB
:106DC0002BE0082329E0072327E0062325E00523FD
:106DD00023E0042321E003231FE002231DE001231D
:106DE0001BE000BF80000058004402580004005817
:106DF000000002580004025800080258000C025813
:106E0000001002580014025800180258001C0258C2
:106E100000200258002402580023FA6902F00302FD
:106E200092009340BA691343BB613849FB699B08E0
:106E30000233BA6941F823204FF0B0431B68BB61AD
:106E40003B69DB43BA691340BB613B685B6803F491
:106E50008013002B03D0BA693B691343BB614FF029
:106E6000B042BB6913604FF0B0435B68BB613B69E4
:106E7000DB43BA691340BB613B685B6803F40013F2
:106E8000002B03D0BA693B691343BB614FF0B0429A
:106E9000BB6953607B695B68BB613B69DB43BA6973
:106EA0001340BB613B685B6803F40033002B03D0E5
:106EB000BA693B691343BB617B69BA695A607B69F4
:106EC0001B68BB613B69DB43BA691340BB613B682C
:106ED0005B6803F48033002B03D0BA693B6913432A
:106EE000BB617B69BA691A60FB690133FB613B686E
:106EF0001A68FB6922FA03F3002B7FF463AE00BF2C
:106F000000BF2437BD465DF8047B7047000400587D
:106F100080B487B000AF7860396000237B61754B27
:106F20003B61D9E001227B6902FA03F33A6813401E
:106F3000FB60FB68002B00F0CC806F4A7B699B08EC
:106F4000023352F82330BB607B6903F003039B00DC
:106F50000F2202FA03F3BA681340BB607B68674AEA
:106F6000934237D07B68664A934231D07B68654A4A
:106F700093422BD07B68644A934225D07B68634A56
:106F800093421FD07B68624A934219D07B68614A62
:106F9000934213D07B68604A93420DD07B685F4A6E
:106FA000934207D07B685E4A934201D1092312E0E5
:106FB0000A2310E008230EE007230CE006230AE072
:106FC000052308E0042306E0032304E0022302E093
:106FD000012300E000237A6902F00302920093404B
:106FE000BA689A4236D13B691A68FB68DB431A409B
:106FF0003B691A603B695A68FB68DB431A403B698E
:107000005A604FF0B0435A68FB68DB434FF0B04121
:1070100013404B604FF0B0431A68FB68DB434FF0FE
:10702000B04113400B607B6903F003039B000F2208
:1070300002FA03F3BB60304A7B699B08023352F8C3
:107040002310BB68DA432C487B699B080A40023353
:1070500040F823207B681A687B695B00032101FAF2
:1070600003F31A437B681A607B69DA087B6808328D
:1070700053F822107B6903F007039B000F2202FAEA
:1070800003F3DB437A69D20819407B68083243F87E
:1070900022107B68DA687B695B00032101FA03F345
:1070A000DB431A407B68DA607B685A6801217B69A0
:1070B00001FA03F3DB431A407B685A607B689A68E5
:1070C0007B695B00032101FA03F3DB431A407B6811
:1070D0009A607B6901337B613A687B6922FA03F32A
:1070E000002B7FF41FAF00BF00BF1C37BD465DF80B
:1070F000047B7047800000580004005800000258CC
:107100000004025800080258000C025800100258EF
:107110000014025800180258001C0258002002589F
:107120000024025880B485B000AF78600B467B80A5
:107130007B681A697B881340002B02D00123FB7304
:1071400001E00023FB73FB7B18461437BD465DF856
:10715000047B704780B483B000AF78600B467B80BF
:1071600013467B707B78002B03D07A887B689A610A
:1071700003E07B881A047B689A6100BF0C37BD4628
:107180005DF8047B704780B582B000AF0346FB809A
:107190004FF0B043D3F88820FB881340002B08D071
:1071A0004FF0B042FB88C2F88830FB88184623F0C5
:1071B00037FA00BF0837BD4680BD000080B586B0F5
:1071C00000AF786003F01CFA38617B68002B01D1B6
:1071D000012316E37B681B68664A93424AD07B68AA
:1071E0001B68654A934245D07B681B68634A93429B
:1071F00040D07B681B68624A93423BD07B681B6827
:10720000604A934236D07B681B685F4A934231D014
:107210007B681B685D4A93422CD07B681B685C4A84
:10722000934227D07B681B685A4A934222D07B68DE
:107230001B68594A93421DD07B681B68574A93428A
:1072400018D07B681B68564A934213D07B681B6832
:10725000544A93420ED07B681B68534A934209D02C
:107260007B681B68514A934204D07B681B68504A74
:10727000934201D1012300E00023002B00F03B8169
:107280007B68022283F835207B68002283F8342053
:107290007B681B68374A93424AD07B681B68364A32
:1072A000934245D07B681B68344A934240D07B6848
:1072B0001B68334A93423BD07B681B68314A934238
:1072C00036D07B681B68304A934231D07B681B689C
:1072D0002E4A93422CD07B681B682D4A934227D0BC
:1072E0007B681B682B4A934222D07B681B682A4A22
:1072F00093421DD07B681B68284A934218D07B6854
:107300001B68274A934213D07B681B68254A934227
:107310000ED07B681B68244A934209D07B681B68A7
:10732000224A934204D07B681B68214A934208D1C9
:107330007B681B681A687B681B6822F001021A6070
:1073400007E07B681B681A687B681B6822F00102F3
:107350001A602FE003F054F902463B69D31A052B5B
:1073600028D97B6820225A657B68032283F8352060
:10737000012346E210000240280002404000024083
:10738000580002407000024088000240A000024005
:10739000B8000240100402402804024040040240A9
:1073A000580402407004024088040240A0040240D5
:1073B000B80402407B681B681B6803F00103002BC4
:1073C000C8D17B681B681B687B617A69834B13405B
:1073D0007B617B689A687B68DB681A437B681B6902
:1073E0001A437B685B691A437B689B691A437B6815
:1073F000DB691A437B681B6A13437A6913437B6119
:107400007B685B6A042B07D17B68DA6A7B681B6B3D
:1074100013437A6913437B61714B1A68714B1340B4
:10742000B3F1005F28D37B685B68282B03D97B68A6
:107430005B682E2B17D97B685B683E2B03D97B6872
:107440005B68422B0FD97B685B68462B03D97B684E
:107450005B68482B07D97B685B684E2B05D97B6836
:107460005B68522B01D8012300E00023002B03D0DE
:107470007B6943F480137B617B681B687A691A60BF
:107480007B681B685B697B617B6923F007037B6119
:107490007B685B6A7A6913437B617B685B6A042B58
:1074A00017D17B689B6A7A6913437B617B68DB6ACF
:1074B000002B0ED0786802F0F5FC0346002B08D0B4
:1074C0007B6840225A657B68012283F835200123BE
:1074D00097E17B681B687A695A61786802F030FC32
:1074E0000346BB607B68DB6D03F01F033F229A40BD
:1074F000BB689A60CDE07B681B683B4A934222D010
:107500007B681B68394A93421DD07B681B68384AE8
:10751000934218D07B681B68364A934213D07B682D
:107520001B68354A93420ED07B681B68334A9342EE
:1075300009D07B681B68324A934204D07B681B6881
:10754000304A934201D1012300E00023002B00F0D8
:1075500097807B681B68244A934221D07B681B6814
:10756000224A93421CD07B681B68214A934217D061
:107570007B681B681F4A934212D07B681B681E4AB7
:1075800093420DD07B681B681C4A934208D07B68ED
:107590001B681B4A934203D07B681B68194A9342BD
:1075A0007B68022283F835207B68002283F8342030
:1075B0007B681B681B687B617A69134B13407B6196
:1075C0007B689B68402B21D07B689B68802B02D115
:1075D0004FF480431BE0002319E000BF3F8010FE02
:1075E0000010005C0000FFFF085402581C540258B1
:1075F0003054025844540258585402586C5402589B
:1076000080540258945402580F00FEFF10237A68E9
:10761000D268D2081A437B681B69DB081A437B686F
:107620005B69DB081A437B689B69DB081A437B684C
:10763000DB69DB081A437B681B6A1B0913437A6901
:1076400013437B617B681B687A691A607B681B68DF
:107650001A466E4B13446E4AA2FB03231B099A0081
:107660007B68DA65786802F06BFB0346FB607B6839
:10767000DB6D03F01F0301229A40FB685A6008E0AB
:107680007B6840225A657B68032283F835200123FA
:10769000B7E07B681B685F4A934272D07B681B68C7
:1076A0005D4A93426DD07B681B685C4A934268D008
:1076B0007B681B685A4A934263D07B681B68594AAF
:1076C00093425ED07B681B68574A934259D07B68CF
:1076D0001B68564A934254D07B681B68544A9342B5
:1076E0004FD07B681B68534A93424AD07B681B6823
:1076F000514A934245D07B681B68504A934240D020
:107700007B681B684E4A93423BD07B681B684D4A9E
:10771000934236D07B681B684B4A934231D07B68DA
:107720001B684A4A93422CD07B681B68484A9342A4
:1077300027D07B681B68474A934222D07B681B682E
:10774000454A93421DD07B681B68444A934218D037
:107750007B681B68424A934213D07B681B68414A8E
:1077600093420ED07B681B683F4A934209D07B68E6
:107770001B683E4A934204D07B681B683C4A934294
:1077800001D1012300E00023002B32D0786802F001
:1077900005FC7B689B68802B02D17B6800225A60C5
:1077A0007B685A687B681B6ED2B21A607B685B6E1E
:1077B0007A68926E5A607B685B68002B10D07B6899
:1077C0005B68082B0CD8786802F082FC7B68DB6E63
:1077D00000221A607B681B6F7A68526F5A6008E05B
:1077E0007B680022DA667B6800221A677B680022C9
:1077F0005A677B6800225A657B68012283F835202E
:10780000002318461837BD4680BD00BFF8ABFDA762
:10781000CDCCCCCC100002402800024040000240F9
:10782000580002407000024088000240A000024060
:10783000B800024010040240280402404004024004
:10784000580402407004024088040240A004024030
:10785000B8040240085402581C54025830540258CC
:1078600044540258585402586C54025880540258D8
:107870009454025880B584B000AF78607B68002BC8
:1078800001D10123A8E17B681B68824A93424AD058
:107890007B681B68804A934245D07B681B687F4A9F
:1078A000934240D07B681B687D4A93423BD07B6803
:1078B0001B687C4A934236D07B681B687A4A9342A5
:1078C00031D07B681B68794A93422CD07B681B6857
:1078D000774A934227D07B681B68764A934222D02E
:1078E0007B681B68744A93421DD07B681B68734A8F
:1078F000934218D07B681B68714A934213D07B680F
:107900001B68704A93420ED07B681B686E4A934294
:1079100009D07B681B686D4A934204D07B681B6862
:107920006B4A934208D17B681B681A687B681B68A6
:1079300022F001021A6007E07B681B681A687B6806
:107940001B6822F001021A607B681B68514A93424F
:107950004AD07B681B68504A934245D07B681B68BD
:107960004E4A934240D07B681B684D4A93423BD0BD
:107970007B681B684B4A934236D07B681B684A4A37
:10798000934231D07B681B68484A93422CD07B6875
:107990001B68474A934227D07B681B68454A93423D
:1079A00022D07B681B68444A93421DD07B681B68C9
:1079B000424A934218D07B681B68414A934213D0D5
:1079C0007B681B683F4A93420ED07B681B683E4A27
:1079D000934209D07B681B683C4A934204D07B6881
:1079E0001B683B4A934201D1012300E00023002B96
:1079F00025D07B681B6800221A607B681B68002208
:107A00005A607B681B6800229A607B681B680022B2
:107A1000DA607B681B6800221A617B681B68212280
:107A20005A61786802F08CF90346BB607B68DB6DB5
:107A300003F01F033F229A40BB689A6081E07B6895
:107A40001B68244A934222D07B681B68224A9342D7
:107A50001DD07B681B68214A934218D07B681B6845
:107A60001F4A934213D07B681B681E4A93420ED074
:107A70007B681B681C4A934209D07B681B681B4AC1
:107A8000934204D07B681B68194A934232D1012388
:107A900031E000BF100002402800024040000240D8
:107AA000580002407000024088000240A0000240DE
:107AB000B800024010040240280402404004024082
:107AC000580402407004024088040240A0040240AE
:107AD000B8040240085402581C540258305402584A
:107AE00044540258585402586C5402588054025856
:107AF000945402580023002B21D07B681B6800227D
:107B00001A607B681B6800225A607B681B68002231
:107B10009A607B681B680022DA607B681B68002221
:107B20001A61786802F00CF90346FB607B68DB6D34
:107B300003F01F0301229A40FB685A6001E0012311
:107B40004AE0786802F02AFA7B681B6E002B08D0A6
:107B50007B681B6E00221A607B685B6E7A68926E8F
:107B60005A607B685B68002B0FD07B685B68082BD2
:107B70000BD8786802F0ACFA7B68DB6E00221A60E2
:107B80007B681B6F7A68526F5A607B680022DA66E6
:107B90007B6800221A677B6800225A677B68002294
:107BA000DA637B6800221A647B6800225A647B686F
:107BB00000229A647B680022DA647B6800221A65DE
:107BC0007B6800225A657B68002283F835207B6839
:107BD000002283F83420002318461037BD4680BDAC
:107BE00080B586B000AFF860B9607A603B60002372
:107BF000FB75FB68002B01D1012326E2FB6893F89B
:107C00003430012B01D102231FE2FB68012283F8EB
:107C10003420FB6893F83530DBB2012B40F00A8248
:107C2000FB68022283F83520FB6800225A65FB6856
:107C30001B68684A93424AD0FB681B68664A9342B5
:107C400045D0FB681B68654A934240D0FB681B68BF
:107C5000634A93423BD0FB681B68624A934236D02A
:107C6000FB681B68604A934231D0FB681B685F4A1F
:107C700093422CD0FB681B685D4A934227D0FB6877
:107C80001B685C4A934222D0FB681B685A4A9342A5
:107C90001DD0FB681B68594A934218D0FB681B68CB
:107CA000574A934213D0FB681B68564A93420ED042
:107CB000FB681B68544A934209D0FB681B68534A0F
:107CC000934204D0FB681B68514A934208D1FB6879
:107CD0001B681A68FB681B6822F001021A6007E043
:107CE000FB681B681A68FB681B6822F001021A60B7
:107CF0003B687A68B968F86801F076FEFB681B6833
:107D0000344A93424AD0FB681B68334A934245D0B9
:107D1000FB681B68314A934240D0FB681B68304ABD
:107D200093423BD0FB681B682E4A934236D0FB68D7
:107D30001B682D4A934231D0FB681B682B4A934243
:107D40002CD0FB681B682A4A934227D0FB681B682B
:107D5000284A934222D0FB681B68274A93421DD0D1
:107D6000FB681B68254A934218D0FB681B68244AAD
:107D7000934213D0FB681B68224A93420ED0FB68E3
:107D80001B68214A934209D0FB681B681F4A934233
:107D900004D0FB681B681E4A934201D1012300E016
:107DA0000023002B36D0FB681B681B6823F01E02E3
:107DB000FB681B6842F016021A60FB681B6C002B04
:107DC0003ED0FB681B681A68FB681B6842F008021B
:107DD0001A6035E0100002402800024040000240D6
:107DE000580002407000024088000240A00002409B
:107DF000B80002401004024028040240400402403F
:107E0000580402407004024088040240A00402406A
:107E1000B8040240FB681B681B6823F00E02FB6875
:107E20001B6842F00A021A60FB681B6C002B07D02B
:107E3000FB681B681A68FB681B6842F004021A6042
:107E4000FB681B68834A934272D0FB681B68824AB6
:107E500093426DD0FB681B68804A934268D0FB68F0
:107E60001B687F4A934263D0FB681B687D4A93423C
:107E70005ED0FB681B687C4A934259D0FB681B6844
:107E80007A4A934254D0FB681B68794A93424FD098
:107E9000FB681B68774A93424AD0FB681B68764AA6
:107EA000934245D0FB681B68744A934240D0FB68FC
:107EB0001B68734A93423BD0FB681B68714A93422C
:107EC00036D0FB681B68704A934231D0FB681B6850
:107ED0006E4A93422CD0FB681B686D4A934227D0B0
:107EE000FB681B686B4A934222D0FB681B686A4A96
:107EF00093421DD0FB681B68684A934218D0FB6808
:107F00001B68674A934213D0FB681B68654A93421B
:107F10000ED0FB681B68644A934209D0FB681B685B
:107F2000624A934204D0FB681B68614A934201D1C4
:107F3000012300E00023002B1AD0FB681B6E1B6896
:107F400003F48033002B07D0FB681B6E1A68FB68B4
:107F50001B6E42F480721A60FB68DB6E002B07D048
:107F6000FB68DB6E1A68FB68DB6E42F480721A6095
:107F7000FB681B68374A93424AD0FB681B68364A45
:107F8000934245D0FB681B68344A934240D0FB685B
:107F90001B68334A93423BD0FB681B68314A9342CB
:107FA00036D0FB681B68304A934231D0FB681B68AF
:107FB0002E4A93422CD0FB681B682D4A934227D04F
:107FC000FB681B682B4A934222D0FB681B682A4A35
:107FD00093421DD0FB681B68284A934218D0FB6867
:107FE0001B68274A934213D0FB681B68254A9342BB
:107FF0000ED0FB681B68244A934209D0FB681B68BB
:10800000224A934204D0FB681B68214A934208D15C
:10801000FB681B681A68FB681B6842F001021A6063
:1080200012E0FB681B681A68FB681B6842F00102DB
:108030001A6009E0FB684FF400625A65FB68002291
:1080400083F834200123FB75FB7D18461837BD46A5
:1080500080BD00BF100002402800024040000240E6
:10806000580002407000024088000240A000024018
:10807000B8000240100402402804024040040240BC
:10808000580402407004024088040240A0040240E8
:10809000B8040240085402581C5402583054025884
:1080A00044540258585402586C5402588054025890
:1080B0009454025880B586B000AF786002F0A0FA00
:1080C00038617B68002B01D10123DCE27B6893F8E7
:1080D0003530DBB2022B08D07B6880225A657B6882
:1080E000002283F834200123CDE27B681B68764AA6
:1080F00093424AD07B681B68744A934245D07B68A0
:108100001B68734A934240D07B681B68714A934254
:108110003BD07B681B68704A934236D07B681B68F3
:108120006E4A934231D07B681B686D4A93422CD0D3
:108130007B681B686B4A934227D07B681B686A4A3E
:10814000934222D07B681B68684A93421DD07B68AB
:108150001B68674A934218D07B681B68654A934244
:1081600013D07B681B68644A93420ED07B681B68FF
:10817000624A934209D07B681B68614A934204D0EB
:108180007B681B685F4A934201D1012300E0002312
:10819000002B13D07B681B681A687B681B6822F071
:1081A0001E021A607B681B685A697B681B6822F094
:1081B00080025A617B681B687B610AE07B681B68F0
:1081C0001A687B681B6822F00E021A607B681B68C5
:1081D0007B617B681B683C4A934272D07B681B685A
:1081E0003A4A93426DD07B681B68394A934268D003
:1081F0007B681B68374A934263D07B681B68364AAA
:1082000093425ED07B681B68344A934259D07B68A6
:108210001B68334A934254D07B681B68314A9342AF
:108220004FD07B681B68304A93424AD07B681B68FA
:108230002E4A934245D07B681B682D4A934240D01A
:108240007B681B682B4A93423BD07B681B682A4A99
:10825000934236D07B681B68284A934231D07B68B2
:108260001B68274A93422CD07B681B68254A93429F
:1082700027D07B681B68244A934222D07B681B6806
:10828000224A93421DD07B681B68214A934218D032
:108290007B681B681F4A934213D07B681B681E4A89
:1082A00093420ED07B681B681C4A934209D07B68BE
:1082B0001B681B4A934204D07B681B68194A93428F
:1082C00032D1012331E000BF1000024028000240FB
:1082D0004000024058000240700002408800024006
:1082E000A0000240B80002401004024028040240EE
:1082F00040040240580402407004024088040240D6
:10830000A0040240B8040240085402581C54025809
:108310003054025844540258585402586C5402586D
:1083200080540258945402580023002B07D07B68D5
:108330001B6E1A687B681B6E22F480721A607B6861
:108340001B686D4A93424AD07B681B686B4A934214
:1083500045D07B681B686A4A934240D07B681B68A3
:10836000684A93423BD07B681B68674A934236D089
:108370007B681B68654A934231D07B681B68644AFE
:1083800093422CD07B681B68624A934227D07B685B
:108390001B68614A934222D07B681B685F4A934204
:1083A0001DD07B681B685E4A934218D07B681B68AF
:1083B0005C4A934213D07B681B685B4A93420ED0A1
:1083C0007B681B68594A934209D07B681B68584AEE
:1083D000934204D07B681B68564A934208D17B685D
:1083E0001B681A687B681B6822F001021A6007E0AC
:1083F0007B681B681A687B681B6822F001021A60A0
:1084000013E002F0FDF802463B69D31A052B0CD9A4
:108410007B6820225A657B68032283F835207B68BD
:10842000002283F8342001232DE17B691B6803F0CF
:108430000103002BE5D17B681B682F4A93424AD089
:108440007B681B682D4A934245D07B681B682C4A89
:10845000934240D07B681B682A4A93423BD07B689A
:108460001B68294A934236D07B681B68274A93428F
:1084700031D07B681B68264A93422CD07B681B68EE
:10848000244A934227D07B681B68234A934222D018
:108490007B681B68214A93421DD07B681B68204A79
:1084A000934218D07B681B681E4A934213D07B68A6
:1084B0001B681D4A93420ED07B681B681B4A93427F
:1084C00009D07B681B681A4A934204D07B681B68FA
:1084D000184A934201D1012300E00023002B2BD046
:1084E0007B689B6DBB607B68DB6D03F01F033F22E5
:1084F0009A40BB689A602AE01000024028000240BF
:1085000040000240580002407000024088000240D3
:10851000A0000240B80002401004024028040240BB
:1085200040040240580402407004024088040240A3
:10853000A0040240B80402407B689B6DFB607B682E
:10854000DB6D03F01F0301229A40FB685A607B68D1
:108550001B684F4A934272D07B681B684D4A934216
:108560006DD07B681B684C4A934268D07B681B685F
:108570004A4A934263D07B681B68494A93425ED063
:108580007B681B68474A934259D07B681B68464A00
:10859000934254D07B681B68444A93424FD07B6817
:1085A0001B68434A93424AD07B681B68414A934206
:1085B00045D07B681B68404A934240D07B681B686B
:1085C0003E4A93423BD07B681B683D4A934236D07B
:1085D0007B681B683B4A934231D07B681B683A4AF0
:1085E00093422CD07B681B68384A934227D07B6823
:1085F0001B68374A934222D07B681B68354A9342F6
:108600001DD07B681B68344A934218D07B681B6876
:10861000324A934213D07B681B68314A93420ED092
:108620007B681B682F4A934209D07B681B682E4ADF
:10863000934204D07B681B682C4A934201D10123EA
:1086400000E00023002B15D07B685B6E7A68926E89
:108650005A607B68DB6E002B0CD07B68DB6E1A687F
:108660007B68DB6E22F480721A607B681B6F7A680D
:10867000526F5A607B68012283F835207B680022A4
:1086800083F83420002318461837BD4680BD00BF4C
:108690001000024028000240400002405800024002
:1086A0007000024088000240A0000240B800024072
:1086B00010040240280402404004024058040240D2
:1086C0007004024088040240A0040240B804024042
:1086D000085402581C54025830540258445402584A
:1086E000585402586C5402588054025894540258FA
:1086F00080B584B000AF78607B68002B01D1012386
:1087000037E27B6893F83530DBB2022B04D07B680C
:1087100080225A6501232CE27B681B685C4A9342E5
:108720004AD07B681B685B4A934245D07B681B68D4
:10873000594A934240D07B681B68584A93423BD0C9
:108740007B681B68564A934236D07B681B68554A43
:10875000934231D07B681B68534A93422CD07B688C
:108760001B68524A934227D07B681B68504A934249
:1087700022D07B681B684F4A93421DD07B681B68E0
:108780004D4A934218D07B681B684C4A934213D0E1
:108790007B681B684A4A93420ED07B681B68494A33
:1087A000934209D07B681B68474A934204D07B6898
:1087B0001B68464A934201D1012300E00023002BAD
:1087C00000F086807B68042283F835207B681B6874
:1087D0002F4A93424AD07B681B682E4A934245D069
:1087E0007B681B682C4A934240D07B681B682B4AED
:1087F00093423BD07B681B68294A934236D07B6802
:108800001B68284A934231D07B681B68264A9342F2
:108810002CD07B681B68254A934227D07B681B6855
:10882000234A934222D07B681B68224A93421DD080
:108830007B681B68204A934218D07B681B681F4ADC
:10884000934213D07B681B681D4A93420ED07B680D
:108850001B681C4A934209D07B681B681A4A9342E2
:1088600004D07B681B68194A934208D17B681B6857
:108870001A687B681B6822F001021A6078E17B6845
:108880001B681A687B681B6822F001021A606FE19E
:108890001000024028000240400002405800024000
:1088A0007000024088000240A0000240B800024070
:1088B00010040240280402404004024058040240D0
:1088C0007004024088040240A0040240B804024040
:1088D0007B681B681A687B681B6822F00E021A60AE
:1088E0007B681B686C4A93424AD07B681B686B4A62
:1088F000934245D07B681B68694A934240D07B68AD
:108900001B68684A93423BD07B681B68664A934267
:1089100036D07B681B68654A934231D07B681B6800
:10892000634A93422CD07B681B68624A934227D0EB
:108930007B681B68604A934222D07B681B685F4A51
:1089400093421DD07B681B685D4A934218D07B68B8
:108950001B685C4A934213D07B681B685A4A934257
:108960000ED07B681B68594A934209D07B681B680C
:10897000574A934204D07B681B68564A934208D1F9
:108980007B681B681A687B681B6822F001021A600A
:1089900007E07B681B681A687B681B6822F001028D
:1089A0001A607B681B683C4A934272D07B681B68E4
:1089B0003A4A93426DD07B681B68394A934268D02B
:1089C0007B681B68374A934263D07B681B68364AD2
:1089D00093425ED07B681B68344A934259D07B68CF
:1089E0001B68334A934254D07B681B68314A9342D8
:1089F0004FD07B681B68304A93424AD07B681B6823
:108A00002E4A934245D07B681B682D4A934240D042
:108A10007B681B682B4A93423BD07B681B682A4AC1
:108A2000934236D07B681B68284A934231D07B68DA
:108A30001B68274A93422CD07B681B68254A9342C7
:108A400027D07B681B68244A934222D07B681B682E
:108A5000224A93421DD07B681B68214A934218D05A
:108A60007B681B681F4A934213D07B681B681E4AB1
:108A700093420ED07B681B681C4A934209D07B68E6
:108A80001B681B4A934204D07B681B68194A9342B7
:108A900032D1012331E000BF100002402800024023
:108AA000400002405800024070000240880002402E
:108AB000A0000240B8000240100402402804024016
:108AC00040040240580402407004024088040240FE
:108AD000A0040240B8040240085402581C54025832
:108AE0003054025844540258585402586C54025896
:108AF00080540258945402580023002B28D07B68DD
:108B00001B6E1A687B681B6E22F480721A607B6889
:108B10009B6DFB607B68DB6D03F01F0301229A40B5
:108B2000FB685A607B685B6E7A68926E5A607B68FD
:108B3000DB6E002B0CD07B68DB6E1A687B68DB6E0B
:108B400022F480721A607B681B6F7A68526F5A60D9
:108B50007B68012283F835207B68002283F834206B
:108B60007B681B6D002B03D07B681B6D7868984772
:108B7000002318461037BD4680BD00BF80B58AB0BF
:108B800000AF78600023FB60674B1B68674AA2FB5D
:108B900003239B0A7B627B689B6D3B627B689B6DBA
:108BA000FB613B6A1B68BB61FB691B687B617B687F
:108BB0001B685F4A93424AD07B681B685D4A9342B8
:108BC00045D07B681B685C4A934240D07B681B6839
:108BD0005A4A93423BD07B681B68594A934236D02D
:108BE0007B681B68574A934231D07B681B68564AA2
:108BF00093422CD07B681B68544A934227D07B68F1
:108C00001B68534A934222D07B681B68514A9342A7
:108C10001DD07B681B68504A934218D07B681B6844
:108C20004E4A934213D07B681B684D4A93420ED044
:108C30007B681B684B4A934209D07B681B684A4A91
:108C4000934204D07B681B68484A934201D10123B8
:108C500000E00023002B00F02B847B68DB6D03F029
:108C60001F0308229A40BB691340002B00F0A2802A
:108C70007B681B682E4A93424AD07B681B682D4A4A
:108C8000934245D07B681B682B4A934240D07B6857
:108C90001B682A4A93423BD07B681B68284A934250
:108CA00036D07B681B68274A934231D07B681B68AB
:108CB000254A93422CD07B681B68244A934227D0D4
:108CC0007B681B68224A934222D07B681B68214A3A
:108CD00093421DD07B681B681F4A934218D07B6863
:108CE0001B681E4A934213D07B681B681C4A934240
:108CF0000ED07B681B681B4A934209D07B681B68B7
:108D0000194A934204D07B681B68184A93422FD1BA
:108D10007B681B681B6803F00403002B14BF01234E
:108D20000023DBB22EE000BF00000024B5814E1B03
:108D3000100002402800024040000240580002405B
:108D40007000024088000240A0000240B8000240CB
:108D5000100402402804024040040240580402402B
:108D60007004024088040240A0040240B80402409B
:108D70007B681B681B6803F00803002B14BF0123EA
:108D80000023DBB2002B15D07B681B681A687B6858
:108D90001B6822F004021A607B68DB6D03F01F037E
:108DA00008229A403B6A9A607B685B6D43F001023F
:108DB0007B685A657B68DB6D03F01F03BA6922FA92
:108DC00003F303F00103002B6ED07B681B68694A34
:108DD00093424AD07B681B68674A934245D07B68C0
:108DE0001B68664A934240D07B681B68644A934282
:108DF0003BD07B681B68634A934236D07B681B6814
:108E0000614A934231D07B681B68604A93422CD000
:108E10007B681B685E4A934227D07B681B685D4A6B
:108E2000934222D07B681B685B4A93421DD07B68CB
:108E30001B685A4A934218D07B681B68584A934271
:108E400013D07B681B68574A93420ED07B681B681F
:108E5000554A934209D07B681B68544A934204D018
:108E60007B681B68524A93420AD17B681B685B6926
:108E700003F08003002B14BF01230023DBB203E0C7
:108E80007B681B681B680023002B0DD07B68DB6DA3
:108E900003F01F0301229A403B6A9A607B685B6D76
:108EA00043F002027B685A657B68DB6D03F01F03A9
:108EB00004229A40BB691340002B00F08F807B682E
:108EC0001B682C4A93424AD07B681B682A4A93420B
:108ED00045D07B681B68294A934240D07B681B6859
:108EE000274A93423BD07B681B68264A934236D080
:108EF0007B681B68244A934231D07B681B68234AF5
:108F000093422CD07B681B68214A934227D07B6810
:108F10001B68204A934222D07B681B681E4A9342FA
:108F20001DD07B681B681D4A934218D07B681B6864
:108F30001B4A934213D07B681B681A4A93420ED097
:108F40007B681B68184A934209D07B681B68174AE4
:108F5000934204D07B681B68154A93422AD17B68F0
:108F60001B681B6803F00203002B14BF01230023BE
:108F7000DBB223E010000240280002404000024023
:108F8000580002407000024088000240A0000240E9
:108F9000B80002401004024028040240400402408D
:108FA000580402407004024088040240A0040240B9
:108FB000B80402407B681B681B680023002B0DD09F
:108FC0007B68DB6D03F01F0304229A403B6A9A60C2
:108FD0007B685B6D43F004027B685A657B68DB6DE0
:108FE00003F01F0310229A40BB691340002B00F0CE
:108FF000A6807B681B68854A93424AD07B681B68C1
:10900000834A934245D07B681B68824A934240D092
:109010007B681B68804A93423BD07B681B687F4A11
:10902000934236D07B681B687D4A934231D07B687F
:109030001B687C4A93422CD07B681B687A4A934217
:1090400027D07B681B68794A934222D07B681B68D3
:10905000774A93421DD07B681B68764A934218D0AA
:109060007B681B68744A934213D07B681B68734A01
:1090700093420ED07B681B68714A934209D07B688B
:109080001B68704A934204D07B681B686E4A934207
:109090000AD17B681B681B6803F00803002B14BF10
:1090A00001230023DBB209E07B681B681B6803F027
:1090B0000403002B14BF01230023DBB2002B3ED09E
:1090C0007B68DB6D03F01F0310229A403B6A9A60B5
:1090D0007B681B681B6803F48023002B18D07B6817
:1090E0001B681B6803F40023002B08D17B681B6CF2
:1090F000002B24D07B681B6C786898471FE07B6846
:109100009B6C002B1BD07B689B6C7868984716E0A3
:109110007B681B681B6803F48073002B07D17B6896
:109120001B681A687B681B6822F008021A607B685B
:109130001B6C002B03D07B681B6C786898477B689E
:10914000DB6D03F01F0320229A40BB691340002B04
:1091500000F010817B681B682C4A93424AD07B68E0
:109160001B682B4A934245D07B681B68294A93426F
:1091700040D07B681B68284A93423BD07B681B68C1
:10918000264A934236D07B681B68254A934231D0E9
:109190007B681B68234A93422CD07B681B68224A59
:1091A000934227D07B681B68204A934222D07B6879
:1091B0001B681F4A93421DD07B681B681D4A93425F
:1091C00018D07B681B681C4A934213D07B681B68CD
:1091D0001A4A93420ED07B681B68194A934209D001
:1091E0007B681B68174A934204D07B681B68164A49
:1091F00093422BD17B681B681B6803F01003002B84
:1092000014BF01230023DBB22AE000BF100002409C
:109210002800024040000240580002407000024016
:1092200088000240A0000240B80002401004024042
:1092300028040240400402405804024070040240E6
:1092400088040240A0040240B80402407B681B6806
:109250001B6803F00203002B14BF01230023DBB2C1
:10926000002B00F087807B68DB6D03F01F0320225A
:109270009A403B6A9A607B6893F83530DBB2042BE6
:1092800039D17B681B681A687B681B6822F016025C
:109290001A607B681B685A697B681B6822F0800231
:1092A0005A617B681B6C002B03D17B689B6C002B85
:1092B00007D07B681B681A687B681B6822F008026D
:1092C0001A607B68DB6D03F01F033F229A403B6A04
:1092D0009A607B68012283F835207B68002283F83E
:1092E00034207B681B6D002B00F04A837B681B6D6C
:1092F0007868984744E37B681B681B6803F4802305
:10930000002B18D07B681B681B6803F40023002B1C
:1093100008D17B685B6C002B2CD07B685B6C786819
:10932000984727E07B68DB6B002B23D07B68DB6BE7
:10933000786898471EE07B681B681B6803F480739D
:10934000002B0FD17B681B681A687B681B6822F0B2
:1093500010021A607B68012283F835207B680022A6
:1093600083F834207B68DB6B002B03D07B68DB6BDE
:10937000786898477B685B6D002B00F006837B68FC
:109380005B6D03F00103002B00F088807B680422F2
:1093900083F835207B681B687A4A93424AD07B6801
:1093A0001B68794A934245D07B681B68774A934291
:1093B00040D07B681B68764A93423BD07B681B6831
:1093C000744A934236D07B681B68734A934231D00B
:1093D0007B681B68714A93422CD07B681B68704A7B
:1093E000934227D07B681B686E4A934222D07B68E9
:1093F0001B686D4A93421DD07B681B686B4A934281
:1094000018D07B681B686A4A934213D07B681B683C
:10941000684A93420ED07B681B68674A934209D022
:109420007B681B68654A934204D07B681B68644A6A
:10943000934208D17B681B681A687B681B6822F01E
:1094400001021A6007E07B681B681A687B681B686A
:1094500022F001021A60FB680133FB607A6A9A42CB
:1094600007D37B681B681B6803F00103002BF2D154
:1094700000E000BF7B681B681B6803F00103002B42
:1094800004D07B68032283F8352003E07B68012247
:1094900083F835207B68002283F834207B68DB6CFE
:1094A000002B00F072827B68DB6C786898476CE276
:1094B0007B681B68434A934222D07B681B68424A00
:1094C00093421DD07B681B68404A934218D07B684A
:1094D0001B683F4A934213D07B681B683D4A934206
:1094E0000ED07B681B683C4A934209D07B681B689E
:1094F0003A4A934204D07B681B68394A934201D1AF
:10950000012300E00023002B00F03F827B681B68F2
:109510001B683B617B68DB6D03F01F0304229A40EC
:109520007B691340002B00F0CD803B6903F00403FE
:10953000002B00F0C7807B68DB6D03F01F03042263
:109540009A40FB695A603B6903F40043002B49D001
:109550003B6903F48033002B09D17B689B6C002BA3
:1095600000F010827B689B6C786898470AE27B6801
:109570001B6C002B00F006827B681B6C7868984798
:1095800000E200BF100002402800024040000240FC
:10959000580002407000024088000240A0000240D3
:1095A000B800024010040240280402404004024077
:1095B000580402407004024088040240A0040240A3
:1095C000B8040240085402581C540258305402583F
:1095D00044540258585402586C540258805402584B
:1095E000945402583B6903F02003002B60D17B6840
:1095F0001B687F4A93424AD07B681B687D4A93422E
:1096000045D07B681B687C4A934240D07B681B68CE
:109610007A4A93423BD07B681B68794A934236D0A2
:109620007B681B68774A934231D07B681B68764A17
:1096300093422CD07B681B68744A934227D07B6886
:109640001B68734A934222D07B681B68714A93421D
:109650001DD07B681B68704A934218D07B681B68DA
:109660006E4A934213D07B681B686D4A93420ED0BA
:109670007B681B686B4A934209D07B681B686A4A07
:10968000934204D07B681B68684A934208D17B6888
:109690001B681A687B681B6822F008021A6007E0E2
:1096A0007B681B681A687B681B6822F004021A60DA
:1096B0007B681B6C002B00F065817B681B6C7868F5
:1096C00098475FE17B68DB6D03F01F0302229A403D
:1096D0007B691340002B00F0C5803B6903F0020357
:1096E000002B00F0BF807B68DB6D03F01F030222BC
:1096F0009A40FB695A603B6903F40043002B18D081
:109700003B6903F48033002B09D17B685B6C002B31
:1097100000F03A817B685B6C7868984734E17B683D
:10972000DB6B002B00F030817B68DB6B786898473F
:109730002AE13B6903F02003002B40F089807B681D
:109740001B682B4A93424AD07B681B68294A934284
:1097500045D07B681B68284A934240D07B681B68D1
:10976000264A93423BD07B681B68254A934236D0F9
:109770007B681B68234A934231D07B681B68224A6E
:1097800093422CD07B681B68204A934227D07B6889
:109790001B681F4A934222D07B681B681D4A934274
:1097A0001DD07B681B681C4A934218D07B681B68DD
:1097B0001A4A934213D07B681B68194A93420ED011
:1097C0007B681B68174A934209D07B681B68164A5E
:1097D000934204D07B681B68144A934228D17B686B
:1097E0001B681A687B681B6822F014021A6027E065
:1097F0001000024028000240400002405800024091
:109800007000024088000240A0000240B800024000
:109810001004024028040240400402405804024060
:109820007004024088040240A0040240B8040240D0
:109830007B681B681A687B681B6822F00A021A6042
:109840007B68012283F835207B68002283F834206E
:109850007B68DB6B002B00F097807B68DB6B7868A4
:10986000984791E07B68DB6D03F01F0308229A4064
:109870007B691340002B00F088803B6903F00803EC
:10988000002B00F082807B681B68414A93424AD0DB
:109890007B681B683F4A934245D07B681B683E4A01
:1098A000934240D07B681B683C4A93423BD07B6824
:1098B0001B683B4A934236D07B681B68394A934207
:1098C00031D07B681B68384A93422CD07B681B6878
:1098D000364A934227D07B681B68354A934222D090
:1098E0007B681B68334A93421DD07B681B68324AF1
:1098F000934218D07B681B68304A934213D07B6830
:109900001B682F4A93420ED07B681B682D4A9342F6
:1099100009D07B681B682C4A934204D07B681B6883
:109920002A4A934208D17B681B681A687B681B68C7
:1099300022F01C021A6007E07B681B681A687B68CB
:109940001B6822F00E021A607B68DB6D03F01F03B8
:1099500001229A40FB695A607B6801225A657B6844
:10996000012283F835207B68002283F834207B684D
:10997000DB6C002B09D07B68DB6C7868984704E0CF
:1099800000BF02E000BF00E000BF2837BD4680BD39
:1099900010000240280002404000024058000240EF
:1099A0007000024088000240A0000240B80002405F
:1099B00010040240280402404004024058040240BF
:1099C0007004024088040240A0040240B80402402F
:1099D00080B483B000AF78607B685B6D18460C374D
:1099E000BD465DF8047B704780B487B000AFF86077
:1099F000B9607A603B60FB689B6D7B61FB689B6D27
:109A00003B61FB681B687F4A934272D0FB681B680E
:109A10007D4A93426DD0FB681B687C4A934268D0B4
:109A2000FB681B687A4A934263D0FB681B68794ADB
:109A300093425ED0FB681B68774A934259D0FB681B
:109A40001B68764A934254D0FB681B68744A934261
:109A50004FD0FB681B68734A93424AD0FB681B686F
:109A6000714A934245D0FB681B68704A934240D0CC
:109A7000FB681B686E4A93423BD0FB681B686D4ACB
:109A8000934236D0FB681B686B4A934231D0FB6827
:109A90001B686A4A93422CD0FB681B68684A934251
:109AA00027D0FB681B68674A934222D0FB681B687B
:109AB000654A93421DD0FB681B68644A934218D0E4
:109AC000FB681B68624A934213D0FB681B68614ABB
:109AD00093420ED0FB681B685F4A934209D0FB6833
:109AE0001B685E4A934204D0FB681B685C4A934241
:109AF00001D1012300E00023002B0DD0FB685B6E39
:109B0000FA68926E5A60FB68DB6E002B04D0FB682B
:109B10001B6FFA68526F5A60FB681B68394A9342A0
:109B20004AD0FB681B68384A934245D0FB681B68E3
:109B3000364A934240D0FB681B68354A93423BD07B
:109B4000FB681B68334A934236D0FB681B68324A75
:109B5000934231D0FB681B68304A93422CD0FB689B
:109B60001B682F4A934227D0FB681B682D4A9342FB
:109B700022D0FB681B682C4A93421DD0FB681B68EF
:109B80002A4A934218D0FB681B68294A934213D093
:109B9000FB681B68274A93420ED0FB681B68264A65
:109BA000934209D0FB681B68244A934204D0FB68A7
:109BB0001B68234A934201D1012300E00023002BBC
:109BC00059D0FB68DB6D03F01F033F229A407B698D
:109BD0009A60FB681B681A68FB681B6822F4802285
:109BE0001A60FB681B683A685A60FB689B68402BE8
:109BF00038D1FB681B687A689A60FB681B68BA6892
:109C0000DA6086E010000240280002404000024076
:109C1000580002407000024088000240A00002404C
:109C2000B8000240100402402804024040040240F0
:109C3000580402407004024088040240A00402401C
:109C4000B8040240085402581C54025830540258B8
:109C500044540258585402586C54025880540258C4
:109C600094540258FB681B68BA689A60FB681B68CA
:109C70007A68DA604DE0FB681B68294A934222D07B
:109C8000FB681B68274A93421DD0FB681B68264A65
:109C9000934218D0FB681B68244A934213D0FB6898
:109CA0001B68234A93420ED0FB681B68214A9342EB
:109CB00009D0FB681B68204A934204D0FB681B68EC
:109CC0001E4A934201D1012300E00023002B20D043
:109CD000FB68DB6D03F01F0301229A403B695A6069
:109CE000FB681B683A685A60FB689B68402B08D188
:109CF000FB681B687A689A60FB681B68BA68DA6060
:109D000007E0FB681B68BA689A60FB681B687A68A2
:109D1000DA6000BF1C37BD465DF8047B704700BFAA
:109D2000085402581C5402583054025844540258E3
:109D3000585402586C540258805402589454025893
:109D400080B485B000AF78607B681B68424A93425C
:109D50004AD07B681B68414A934245D07B681B68A8
:109D60003F4A934240D07B681B683E4A93423BD0B7
:109D70007B681B683C4A934236D07B681B683B4A31
:109D8000934231D07B681B68394A93422CD07B6860
:109D90001B68384A934227D07B681B68364A934237
:109DA00022D07B681B68354A93421DD07B681B68B4
:109DB000334A934218D07B681B68324A934213D0CF
:109DC0007B681B68304A93420ED07B681B682F4A21
:109DD000934209D07B681B682D4A934204D07B686C
:109DE0001B682C4A934201D1012300E00023002B81
:109DF00024D07B681B68DBB2103B274AA2FB0323FD
:109E00001B09FB60FB6803F00703244AD35C1A4676
:109E10007B68DA65FB68032B08D97B681B681A46E8
:109E20001F4B13401A1D7B689A650DE07B681B6809
:109E30001A461B4B13407A68936505E07B681B68E4
:109E400023F0FF027B689A657B689B6D1846143788
:109E5000BD465DF8047B70471000024028000240B8
:109E6000400002405800024070000240880002405A
:109E7000A0000240B8000240100402402804024042
:109E8000400402405804024070040240880402402A
:109E9000A0040240B8040240ABAAAAAA8CDF0408BE
:109EA00000FCFFFF80B485B000AF78600023FB7337
:109EB0007B689B69002B20D17B689B6A032B58D859
:109EC00001A252F823F000BFD99E0008EB9E0008C3
:109ED000D99E0008739F00087B68DB6A03F08073DB
:109EE000002B48D00123FB7345E07B68DB6AB3F1AC
:109EF000C07F42D10123FB733FE07B689B69B3F5D0
:109F0000005F23D17B689B6A032B38D801A252F8EB
:109F100023F000BF259F00082B9F0008259F000805
:109F20003D9F00080123FB7330E07B68DB6A03F090
:109F30008073002B25D00123FB7322E07B68DB6A52
:109F4000B3F1C07F1FD10123FB731CE07B689B6AC8
:109F5000022B02D9032B03D018E00123FB7315E079
:109F60007B68DB6A03F08073002B0ED00123FB7348
:109F70000BE000BF0AE000BF08E000BF06E000BF42
:109F800004E000BF02E000BF00E000BFFB7B18461A
:109F90001437BD465DF8047B704700BF80B485B0C0
:109FA00000AF78607B681B68BB607B681B68384AC1
:109FB000934222D07B681B68364A93421DD07B684F
:109FC0001B68354A934218D07B681B68334A93421A
:109FD00013D07B681B68324A93420ED07B681B68A3
:109FE000304A934209D07B681B682F4A934204D0C1
:109FF0007B681B682D4A934201D1012300E00023B6
:10A00000002B1AD07B681B68DBB2083B284AA2FBF6
:10A0100003231B09FB60FA68264B13449B001A4676
:10A020007B681A667B68244A5A66FB6803F01F0344
:10A0300001229A407B689A6624E07B681B68DBB249
:10A04000103B1E4AA2FB03231B09FB60BB681C4A92
:10A05000934206D8BB681B4A934202D9FB68083377
:10A06000FB60FA68184B13449B001A467B681A661B
:10A070007B68164A5A66FB6803F01F0301229A4068
:10A080007B689A6600BF1437BD465DF8047B704755
:10A09000085402581C540258305402584454025870
:10A0A000585402586C540258805402589454025820
:10A0B000CDCCCCCC0096001680580258ABAAAAAAE8
:10A0C000B80402400F0402400082001080080240E1
:10A0D00080B485B000AF78607B685B68DBB2FB6002
:10A0E000FB68002B4AD0FB68082B47D87B681B68AD
:10A0F000254A934222D07B681B68244A93421DD094
:10A100007B681B68224A934218D07B681B68214AEF
:10A11000934213D07B681B681F4A93420ED07B6822
:10A120001B681E4A934209D07B681B681C4A9342F5
:10A1300004D07B681B681B4A934201D1012300E0D5
:10A140000023002B0AD0FA68174B13449B001A46D1
:10A150007B68DA667B68154A1A6709E0FA68144B6F
:10A1600013449B001A467B68DA667B68114A1A67BB
:10A17000FB68013B01229A407B685A6700BF143795
:10A18000BD465DF8047B7047085402581C540258C1
:10A190003054025844540258585402586C540258CF
:10A1A00080540258945402583F9600164059025861
:10A1B0003F8200104009024080B400AF054B1B688D
:10A1C000044A43F48073136000BFBD465DF8047B0E
:10A1D000704700BF0048025880B584B000AF786077
:10A1E000194BDB6803F00403042B0AD0164BDB6821
:10A1F00003F007037A689A4201D001231FE000238D
:10A200001DE0114BDB6823F007020F497B68134305
:10A21000CB6000F0F5F9F86009E000F0F1F90246D2
:10A22000FB68D31AB3F57A7F01D9012307E0064B07
:10A230005B6803F40053B3F5005FEED100231846CA
:10A240001037BD4680BD00BF0048025880B485B0BD
:10A2500000AF78607B6803F00703FB600B4BDB68A3
:10A26000BB60BA684FF6FF031340BB60FB681A027D
:10A27000BB681A43064B1343BB60044ABB68D360F8
:10A2800000BF1437BD465DF8047B704700ED00E069
:10A290000000FA0580B400AF044BDB681B0A03F032
:10A2A00007031846BD465DF8047B704700ED00E0EB
:10A2B00080B483B000AF0346FB80B7F90630002BB3
:10A2C0000BDBFB8803F01F020749B7F906305B0977
:10A2D000012000FA02F241F8232000BF0C37BD46EE
:10A2E0005DF8047B704700BF00E100E080B483B0FC
:10A2F00000AF0346FB80B7F90630002B12DBFB886A
:10A3000003F01F020A49B7F906305B09012000FA81
:10A3100002F2203341F82320BFF34F8F00BFBFF379
:10A320006F8F00BF00BF0C37BD465DF8047B7047E0
:10A3300000E100E080B483B000AF03463960FB80E9
:10A34000B7F90630002B0ADB3B68DAB20C49B7F9E3
:10A3500006301201D2B20B4483F800230AE03B68B6
:10A36000DAB20849FB8803F00F03043B1201D2B2B2
:10A370000B441A7600BF0C37BD465DF8047B70476E
:10A3800000E100E000ED00E080B489B000AFF860CB
:10A39000B9607A60FB6803F00703FB61FB69C3F1F6
:10A3A0000703042B28BF0423BB61FB690433062B7E
:10A3B00002D9FB69033B00E000237B614FF0FF32D1
:10A3C000BB6902FA03F3DA43BB681A407B699A401F
:10A3D0004FF0FF317B6901FA03F3D9437B680B40EF
:10A3E000134318462437BD465DF8047B704780B59B
:10A3F00082B000AF78607868FFF728FF00BF0837A9
:10A40000BD4680BD80B586B000AF0346B9607A60B6
:10A41000FB81FFF73FFF78617A68B9687869FFF7D9
:10A42000B3FF0246B7F90E3011461846FFF782FF18
:10A4300000BF1837BD4680BD80B582B000AF03466F
:10A44000FB80B7F906301846FFF732FF00BF083728
:10A45000BD4680BD80B582B000AF0346FB80B7F932
:10A4600006301846FFF742FF00BF0837BD4680BDE3
:10A4700080B400AFBFF35F8F00BF074B5B6A064A33
:10A4800023F480335362054B00225A6000BFBD465F
:10A490005DF8047B704700BF00ED00E090ED00E048
:10A4A00080B483B000AF78600B4A7B6843F001034F
:10A4B00053600A4B5B6A094A43F480335362BFF32B
:10A4C0004F8F00BFBFF36F8F00BF00BF0C37BD467B
:10A4D0005DF8047B704700BF90ED00E000ED00E008
:10A4E00080B483B000AF78607B685A781B4B9A6069
:10A4F0001A4B1B69194A23F001031361174A7B6841
:10A500005B68D3607B681B7B1A077B68DB7A1B0662
:10A510001A437B689B7ADB041A437B685B7B9B0452
:10A520001A437B689B7B5B041A437B68DB7B1B04C1
:10A530001A437B685B7A1B021A437B681B7A5B00B9
:10A5400013437A6812781146044A0B43136100BF23
:10A550000C37BD465DF8047B704700BF90ED00E00E
:10A5600080B582B000AF0320FFF741FFF9F70AFC86
:10A570000246154B9B691B0A03F00F031349CB5C82
:10A5800003F01F0322FA03F37B600F4B9B6903F078
:10A590000F030E4AD35C03F01F037A6822FA03F319
:10A5A0000B4A13600B4A7B6813600F2019F0E8FC1C
:10A5B0000346002B01D0012302E019F0C3FC002365
:10A5C00018460837BD4680BD004402587CDF0408A9
:10A5D000040000240000002480B400AF064B1B7868
:10A5E0001A46064B1B681344044A136000BFBD465D
:10A5F0005DF8047B704700BF0C000024BC050024FC
:10A6000080B400AF034B1B681846BD465DF8047B61
:10A61000704700BFBC05002480B400AF034B1B682B
:10A620001B0C1846BD465DF8047B70470010005CAB
:10A6300080B483B000AF7860064B5B6823F460029F
:10A6400004497B6813434B6000BF0C37BD465DF87F
:10A65000047B70470004005880B483B000AF78607A
:10A660003960074B5A687B68DB431A4004493B68F2
:10A6700013434B6000BF0C37BD465DF8047B704749
:10A680000004005880B582B000AF78607B68002B72
:10A6900001D101238BE07B6893F84130DBB2002BC2
:10A6A00006D17B68002283F84020786818F0ECFC23
:10A6B0007B68242283F841207B681B681A687B68CA
:10A6C0001B6822F001021A607B685A687B681B686D
:10A6D00022F070621A617B681B689A687B681B684D
:10A6E00022F400429A607B68DB68012B07D17B680B
:10A6F0009A687B681B6842F400429A6006E07B68B7
:10A700009A687B681B6842F404429A607B68DB6845
:10A71000022B08D17B681B685A687B681B6842F46F
:10A7200000625A6007E07B681B685A687B681B6898
:10A7300022F400625A607B681B6859687B681A685B
:10A740001D4B0B4353607B681B68DA687B681B6892
:10A7500022F40042DA607B681A697B685B6942EA2E
:10A7600003017B689B691A027B681B680A43DA60F5
:10A770007B68D9697B681A6A7B681B680A431A6020
:10A780007B681B681A687B681B6842F001021A60CC
:10A790007B6800225A647B68202283F841207B6812
:10A7A00000221A637B68002283F8422000231846A7
:10A7B0000837BD4680BD00BF0080000280B483B072
:10A7C00000AF786039607B6893F84130DBB2202BB2
:10A7D00038D17B6893F84030012B01D1022332E05D
:10A7E0007B68012283F840207B68242283F8412083
:10A7F0007B681B681A687B681B6822F001021A607C
:10A800007B681B681A687B681B6822F480521A6098
:10A810007B681B6819687B681B683A680A431A6082
:10A820007B681B681A687B681B6842F001021A602B
:10A830007B68202283F841207B68002283F8402037
:10A84000002300E0022318460C37BD465DF8047B68
:10A85000704780B485B000AF786039607B6893F84A
:10A860004130DBB2202B39D17B6893F84030012B8B
:10A8700001D1022333E07B68012283F840207B680A
:10A88000242283F841207B681B681A687B681B6858
:10A8900022F001021A607B681B681B68FB60FB6882
:10A8A00023F47063FB603B681B02FA681343FB6090
:10A8B0007B681B68FA681A607B681B681A687B688B
:10A8C0001B6842F001021A607B68202283F8412055
:10A8D0007B68002283F84020002300E00223184612
:10A8E0001437BD465DF8047B704780B483B000AF79
:10A8F000786039607B689B6823F47C123B681A435C
:10A900007B689A6000BF0C37BD465DF8047B7047DA
:10A9100080B483B000AF786039607B689B6823F0B7
:10A92000E0723B681A437B689A6000BF0C37BD46F3
:10A930005DF8047B704780B483B000AF78607B68BB
:10A940009B6803F0E07318460C37BD465DF8047B46
:10A95000704780B487B000AF786039603B68C3F35C
:10A960001303002B07D13B689B0E03F01F0301224A
:10A9700002FA03F315E03B683B613B6993FAA3F3EA
:10A98000FB60FB687B617B69002B01D1202303E026
:10A990007B69B3FA83F3DBB203F01F03012202FAEF
:10A9A00003F37A68D2691A437B68DA6100BF1C3707
:10A9B000BD465DF8047B704780B487B000AFF86097
:10A9C000B9607A603B60FB6860331A46BB689B00E5
:10A9D00013447B617B691B6803F000427B6803F0D2
:10A9E000F8413B680B431A437B691A6000BF1C3770
:10A9F000BD465DF8047B704780B485B000AFF86059
:10AA0000B9607A60FB681B6923F4F042BB6803F00D
:10AA10001F03796801FA03F31A43FB681A6100BF48
:10AA20001437BD465DF8047B704780B487B000AF33
:10AA3000F860B9607A60FB6860331A46BB689B00B7
:10AA400013447B617B691B6823F000427B681A43D7
:10AA50007B691A6000BF1C37BD465DF8047B7047F8
:10AA600080B483B000AF78607B68DB6803F4406338
:10AA7000002B01D1012300E0002318460C37BD460E
:10AA80005DF8047B704780B487B000AFF860B960B0
:10AA90007A60FB6830331A46BB681B0A9B0003F0E0
:10AAA0000C0313447B617B691A68BB6803F01F03C6
:10AAB0001F2101FA03F3DB431A407B689B0E03F06E
:10AAC0001F01BB6803F01F0301FA03F31A437B69FC
:10AAD0001A6000BF1C37BD465DF8047B704780B428
:10AAE00083B000AF786039607B68DB6823F00302D5
:10AAF0003B681A437B68DA6000BF0C37BD465DF8DF
:10AB0000047B704780B487B000AFF860B9607A60AA
:10AB1000FB6814331A46BB685B0E9B0003F004030A
:10AB200013447B617B691A68BB681B0D03F01F032C
:10AB3000072101FA03F3DB431A40BB681B0D03F046
:10AB40001F03796801FA03F31A437B691A6000BF97
:10AB50001C37BD465DF8047B7047000080B485B0AB
:10AB600000AFF860B9607A60FB68D3F8C020BB68BA
:10AB7000C3F31303DB431A407B6803F0180308494F
:10AB8000D940BB680B40C3F313031A43FB68C3F8F7
:10AB9000C02000BF1437BD465DF8047B704700BF7E
:10ABA000FFFF0F0080B483B000AF78607B689B68C4
:10ABB00003F01F0318460C37BD465DF8047B704751
:10ABC00080B483B000AF78607B689A68044B134010
:10ABD0007A68936000BF0C37BD465DF8047B704710
:10ABE000C0FFFF5F80B483B000AF78607B689B6874
:10ABF00003F00053B3F1005F01D1012300E0002313
:10AC000018460C37BD465DF8047B704780B483B0AE
:10AC100000AF78607B689A68054B134043F0805220
:10AC20007B689A6000BF0C37BD465DF8047B7047B7
:10AC3000C0FFFF6F80B483B000AF78607B689B6813
:10AC400003F08053B3F1805F01D1012300E00023C2
:10AC500018460C37BD465DF8047B704780B483B05E
:10AC600000AF78607B689A68054B134043F001029F
:10AC70007B689A6000BF0C37BD465DF8047B704767
:10AC8000C0FFFF7F80B483B000AF78607B689B68B3
:10AC900003F00103012B01D1012300E0002318463A
:10ACA0000C37BD465DF8047B7047000080B483B06C
:10ACB00000AF78607B689A68054B134043F004024C
:10ACC0007B689A6000BF0C37BD465DF8047B704717
:10ACD000C0FFFF7F80B483B000AF78607B689B6863
:10ACE00003F00403042B01D1012300E000231846E4
:10ACF0000C37BD465DF8047B704780B483B000AF6D
:10AD000078607B689B6803F00803082B01D101235E
:10AD100000E0002318460C37BD465DF8047B704701
:10AD200090B589B000AF78600023FB770023BB604B
:10AD30007B68002B01D101238FE17B68DB68002B4E
:10AD40007B685B6D002B09D1786817F003FF7B6887
:10AD500000229A657B68002283F850207B681B687C
:10AD60001846FFF73FFF0346002B04D07B681B68A3
:10AD70001846FFF725FF7B681B681846FFF75AFF48
:10AD80000346002B14D17B681B681846FFF73EFF73
:10AD9000874B1B689B09874AA2FB03239B0901334E
:10ADA000BB6002E0BB68013BBB60BB68002BF9D114
:10ADB0007B681B681846FFF73DFF0346002B0DD14B
:10ADC0007B685B6D43F010027B685A657B689B6D06
:10ADD00043F001027B689A650123FB777B681B685F
:10ADE0001846FFF777FF78617B685B6D03F010030F
:10ADF000002B40F029817B69002B40F025817B6886
:10AE00005B6D23F4817343F002027B685A657B68B3
:10AE10001B681846FFF736FF0346002B36D17B68C8
:10AE20001B68654A934204D07B681B68634A93425F
:10AE30000ED16148FFF726FF04466048FFF722FF66
:10AE400003462343002B0CBF01230023DBB208E0A1
:10AE50005B48FFF717FF0346002B0CBF01230023BD
:10AE6000DBB2002B12D07B681B68534A934204D09C
:10AE70007B681B68514A934201D1524A00E0524A12
:10AE80007B685B6819461046FFF72FFDFFF7C4FB90
:10AE9000034641F20302934214D97B689B68102B4E
:10AEA00010D17B685B7D5A037B681B6B1A437B6800
:10AEB0009B681A437B681B7F1B04134343F00C03FE
:10AEC000BB610DE07B685B7D5A037B681B6B1A439B
:10AED0007B689B681A437B681B7F1B041343BB6121
:10AEE0007B681B7F012B06D17B681B6A013B5B04DF
:10AEF000BA691343BB617B685B6A002B09D07B682E
:10AF00005B6A03F478727B689B6A1343BA691343E4
:10AF1000BB617B681B68DA682C4B13407A68126847
:10AF2000B9690B43D3607B681B681846FFF7D2FEF4
:10AF300038617B681B681846FFF7DFFEF8603B69E5
:10AF4000002B5FD1FB68002B5CD17B681B7D9A03D3
:10AF50007B68DB6A1343BB617B681B68DA681C4B48
:10AF600013407A681268B9690B43D3607B6893F821
:10AF70003830012B30D17B685B6A002B7B681B6803
:10AF80001A69144B13407A68D26B013A11047A683B
:10AF9000126C11437A68526C11437A68926C0A43BE
:10AFA0001A437B681B6842F001021A611CE000BF73
:10AFB00000000024632D3E050020024000210240D5
:10AFC00000600258002302400063025803C0F0FFF3
:10AFD000FCBFFFFF1EF800FC7B681B681A697B68DA
:10AFE0001B6822F001021A617B681B681B6923F051
:10AFF00070417B685A6B7B681B680A431A617868EA
:10B0000000F016FD7B68DB68012B0CD17B681B68A8
:10B010001B6B23F00F017B689B695A1E7B681B68C2
:10B020000A431A6307E07B681B681A6B7B681B681E
:10B0300022F00F021A637B685B6D23F0030343F079
:10B0400001027B685A6507E07B685B6D43F0100284
:10B050007B685A650123FB77FB7F18462437BD4682
:10B0600090BD00BF80B586B000AFF860B9607A606F
:10B07000FB681B68554A934204D0FB681B68544A1E
:10B08000934201D1534B00E0534B1846FFF78AFD22
:10B090003861FB681B681846FFF71CFE0346002B4F
:10B0A00040F08C80FB6893F85030012B01D10223D3
:10B0B00087E0FB68012283F850203B69002B05D014
:10B0C0003B69052B02D03B69092B70D1F86800F071
:10B0D00091FB0346FB75FB7D002B63D1FB685A6D2A
:10B0E0003E4B134043F48072FB685A65FB681B6853
:10B0F000374A934202D0FB681B6800E0334BFA6882
:10B100001268934202D03B69002B05D1FB685B6D4E
:10B1100023F48012FB685A65FB685B6D03F480536F
:10B12000002B06D0FB689B6D23F00602FB689A6536
:10B1300002E0FB6800229A65FB68DB6C284ADA6350
:10B14000FB68DB6C274A1A64FB68DB6C264ADA640E
:10B15000FB681B681C221A60FB68002283F85020E1
:10B16000FB681B685A68FB681B6842F010025A6053
:10B17000FB681A68FB68DB6A19461046FFF7AFFCEC
:10B18000FB68D86CFB681B6840331946BA687B685B
:10B19000FCF726FD0346FB75FB681B681846FFF7A6
:10B1A00085FD0DE0FB68002283F8502008E00123B4
:10B1B000FB75FB68002283F8502001E00223FB7539
:10B1C000FB7D18461837BD4680BD00BF00200240F9
:10B1D000002102400023024000630258FEF0FFFFFE
:10B1E00009B90008E1B90008FDB9000880B483B0CE
:10B1F00000AF786000BF0C37BD465DF8047B704738
:10B2000080B483B000AF786000BF0C37BD465DF8F6
:10B21000047B704790B58DB000AF78603960002333
:10B2200087F82F300023FB603B68DB68654A934258
:10B230007B6893F85030012B01D10223C7E27B6871
:10B24000012283F850207B681B681846FFF742FDF7
:10B250000346002B40F0AC823B681B68002B2CDBC4
:10B260003B681B68C3F31303002B08D13B681B68C2
:10B270009B0E03F01F03012202FA03F316E03B6862
:10B280001B687B617B6993FAA3F33B613B69BB61FC
:10B29000BB69002B01D1202303E0BB69B3FA83F320
:10B2A000DBB203F01F03012202FA03F37A6812688B
:10B2B000D1697A6812680B43D3617B6818683B6870
:10B2C00059683B681B681A46FFF7DDFB7B681B6803
:10B2D0001846FFF7FFFCB8627B681B681846FFF74B
:10B2E0000CFD7862BB6A002B40F0B8807B6A002BB3
:10B2F00040F0B4807B6818683B6819683B689B68BD
:10B300001A46FFF7FFFB304B1B6803F07043B3F1A5
:10B31000805F0BD13B685A697B681B68DB689B08C0
:10B3200003F007035B0002FA03F31DE07B681B6870
:10B33000DB6803F01003002B0BD13B685A697B6874
:10B340001B68DB689B0803F007035B0002FA03F34A
:10B350000AE03B685A697B681B68DB689B0803F05E
:10B3600004035B0002FA03F33B623B681B69042B96
:10B370002CD07B6818683B6819693B681A683B6A7F
:10B38000FFF71AFB7B6818683B6819693B685B7EAE
:10B39000012B02D14FF0004300E000231A46FFF7D3
:10B3A00044FB7B6818683B6819693B681B7E012B6E
:10B3B00002D14FF4006300E000231A46FFF71CFBA4
:10B3C0004CE000BF0000FF470010005C7B681B687A
:10B3D0001B6E03F0F8423B681B689B069A4207D13C
:10B3E0007B681B681A6E7B681B6822F000421A6635
:10B3F0007B681B685B6E03F0F8423B681B689B062A
:10B400009A4207D17B681B685A6E7B681B6822F0E2
:10B4100000425A667B681B689B6E03F0F8423B68EB
:10B420001B689B069A4207D17B681B689A6E7B68F3
:10B430001B6822F000429A667B681B68DB6E03F093
:10B44000F8423B681B689B069A4207D17B681B68E1
:10B45000DA6E7B681B6822F00042DA667B681B6844
:10B460001846FFF70FFC0346002B40F0AA817B68CB
:10B4700018683B6819683B68DB681A46FFF76EFB83
:10B480003B68DB68874A934240F09A807B681A6881
:10B490007B681B6884498B4247D13B681B688349A2
:10B4A0008B4240D03B681B6881498B4239D03B6856
:10B4B0001B6880498B4232D03B681B687E498B42B7
:10B4C0002BD03B681B687D498B4224D03B681B68AE
:10B4D0007B498B421DD03B681B687A498B4216D052
:10B4E0003B681B6878498B420FD03B681B687749E3
:10B4F0008B4208D03B681B6875498B4201D1754B64
:10B500005AE0002358E0744B56E0744B54E06E4B05
:10B5100052E06C4B50E0724B4EE0724B4CE0724B81
:10B520004AE0724B48E0012346E07B681B687049A3
:10B530008B4240D13B681B685C498B4239D03B68E9
:10B540001B685B498B4232D03B681B6859498B4270
:10B550002BD03B681B6858498B4224D03B681B6842
:10B5600056498B421DD03B681B6855498B4216D00B
:10B570003B681B6853498B420FD03B681B6852499C
:10B580008B4208D03B681B6851498B4201D1514B1B
:10B5900012E0002310E0514B0EE04B4B0CE0494B06
:10B5A0000AE04F4B08E04F4B06E04F4B04E04F4B97
:10B5B00002E0012300E0002319461046FFF7C9F915
:10B5C0003B681B68002B80F2FC807B681B68364A56
:10B5D000934204D07B681B68454A934201D1454B96
:10B5E00000E0454B1846FFF7A6F9F8617B681B6839
:10B5F0002D4A934204D07B681B683D4A93420ED18A
:10B600002948FFF73FFB04463948FFF73BFB034659
:10B610002343002B0CBF01230023DBB208E0374893
:10B62000FFF730FB0346002B0CBF01230023DBB2E6
:10B63000002B00F0B3803B681B68314A934265D110
:10B64000FB6903F40003002B60D17B681B682B4A65
:10B65000934240F0B6807B681B68134A934204D043
:10B660007B681B68224A934201D1224A00E0224AA9
:10B67000FB6943F4000319461046FFF749F9214BD3
:10B680001B689B09204AA2FB03239B0901335B0033
:10B69000FB6002E0FB68013BFB60FB68002BF9D11B
:10B6A0008FE000BF0000FF4700200240020030048E
:10B6B000040060080800900C1000C0102000F01476
:10B6C0000004002A0008302E0010603200002143E0
:10B6D0000000844B0000B84F000052470020903615
:10B6E0000002B025000180218000501D400020197B
:10B6F000002102400023024000630258006002580B
:10B70000000084CB00000024632D3E053B681B68CD
:10B71000314A93421ED1FB6903F08073002B19D18B
:10B720007B681B682D4A93424BD17B681B682C4A6F
:10B73000934204D07B681B682A4A934201D12A4A6B
:10B7400000E02A4AFB6943F0807319461046FFF770
:10B75000DFF836E03B681B68254A934231D1FB692C
:10B7600003F48003002B2CD17B681B681B4A934297
:10B7700027D17B681B681A4A934204D07B681B68F8
:10B78000184A934201D1184A00E0184AFB6943F471
:10B79000800319461046FFF7BBF812E07B685B6D2B
:10B7A00043F020027B685A65012387F82F3008E0B8
:10B7B0007B685B6D43F020027B685A65012387F844
:10B7C0002F307B68002283F8502097F82F301846DE
:10B7D0003437BD4690BD00BF000052C7006002581C
:10B7E0000020024000210240002302400063025872
:10B7F0000000B8CF80B584B000AF78607B681B686C
:10B800001846FFF73FFA0346002B6ED17B681B6892
:10B810009A68384B1340002B0DD07B685B6D43F06A
:10B8200010027B685A657B689B6D43F001027B6860
:10B830009A6501235AE07B681B681846FFF70EFAE9
:10B84000FEF7DEFEF8607B681B682B4A934204D04B
:10B850007B681B68294A934201D1294B00E0294BA0
:10B860001846FFF79FF9B8607B681B68234A93422C
:10B8700002D07B681B6800E01F4B7A681268934215
:10B880002CD0BB68002B30D128E07B681B681846A1
:10B89000FFF7F8F90346002B04D17B681B681846B4
:10B8A000FFF7DCF9FEF7ACFE0246FB68D31A022B69
:10B8B00014D97B681B681B6803F00103012B0DD0B2
:10B8C0007B685B6D43F010027B685A657B689B6DFB
:10B8D00043F001027B689A65012307E07B681B68DF
:10B8E0001B6803F00103012BCFD10023184610374A
:10B8F000BD4680BD3F000080002002400021024084
:10B90000002302400063025880B584B000AF786025
:10B910007B689B6BFB60FB685B6D03F05003002B47
:10B920004BD1FB685B6D43F40072FB685A65FB68A2
:10B930001B681B6803F00803002B21D0FB681B6801
:10B940001846FFF78DF80346002B32D0FB681B68C2
:10B95000DB6803F40053002B2BD1FB685B6D23F4F1
:10B960008072FB685A65FB685B6D03F48053002BA3
:10B970001FD1FB685B6D43F00102FB685A6518E05C
:10B98000FB681B68DB6803F00303002B11D1FB6825
:10B990005B6D23F48072FB685A65FB685B6D03F492
:10B9A0008053002B05D1FB685B6D43F00102FB68FF
:10B9B0005A65F86820F082FD0EE0FB685B6D03F0CD
:10B9C0001003002B03D0F868FFF71AFC04E0FB68B3
:10B9D000DB6CDB6C7868984700BF1037BD4680BDD4
:10B9E00080B584B000AF78607B689B6BFB60F868C3
:10B9F000FFF7FCFB00BF1037BD4680BD80B584B0AB
:10BA000000AF78607B689B6BFB60FB685B6D43F00D
:10BA10004002FB685A65FB689B6D43F00402FB68BB
:10BA20009A65F868FFF7ECFB00BF1037BD4680BD94
:10BA300080B584B000AF78607B681B687A4A934217
:10BA400004D07B681B68794A934209D1784B9B6884
:10BA500003F44033002B14BF01230023DBB208E0C2
:10BA6000744B9B6803F44033002B14BF0123002365
:10BA7000DBB2002B1CD0F8F7FFFAF8607B685B683C
:10BA8000B3F5403F10D0B3F5403F73D8B3F5803FD6
:10BA900002D0B3F5003F6DD17B685B681B0CFA6880
:10BAA000B2FBF3F3FB6068E0FB689B08FB6064E0BB
:10BAB0004FF400204FF00001F9F786FDF8607B6835
:10BAC0005B68B3F5301F51D0B3F5301F54D8B3F5D0
:10BAD000201F47D0B3F5201F4ED8B3F5101F3DD01F
:10BAE000B3F5101F48D8B3F5001F33D0B3F5001FCE
:10BAF00042D8B3F5E01F29D0B3F5E01F3CD8B3F529
:10BB0000C01F1AD0B3F5C01F36D8B3F5A01F14D08C
:10BB1000B3F5A01F30D8B3F5801F0ED0B3F5801F4A
:10BB20002AD8B3F5402F08D0B3F5402F24D8B3F569
:10BB3000802F02D0B3F5002F1ED17B685B689B0C71
:10BB40005B00FA68B2FBF3F3FB6016E0FB681B09CD
:10BB5000FB6012E0FB685B09FB600EE0FB689B0981
:10BB6000FB600AE0FB68DB09FB6006E0FB681B0A80
:10BB7000FB6002E000BF00E000BFFEF74DFD0346A2
:10BB800041F20302934215D8FB682B4A934208D92D
:10BB90007B681B689A687B681B6842F480729A60B5
:10BBA0003EE07B681B689A687B681B6822F48072A1
:10BBB0009A6035E0FB685B08FB60FB681F4A9342B4
:10BBC00008D87B681B689A687B681B6822F44072FF
:10BBD0009A6025E0FB681A4A93420AD87B681B6882
:10BBE0009B6823F440727B681B6842F480729A6001
:10BBF00016E0FB68134A93420AD87B681B689B686F
:10BC000023F440727B681B6842F400729A6007E07C
:10BC10007B681B689A687B681B6842F440729A6074
:10BC200000BF1037BD4680BD002002400021024009
:10BC30000023024000630258002D3101105E5F00B6
:10BC400020BCBE0040787D0180B598B000AF786020
:10BC5000844A07F10C0311464C22184637F0CFFBFB
:10BC60007B68002B01D10123C6E17B681B687E4AFB
:10BC7000934206D17B681B6803F580731A467B6884
:10BC80005A607B6893F89830DBB2002B06D17B6852
:10BC9000002283F89920786817F00EF97B681B68FA
:10BCA0009A697B681B6822F010029A61FEF7A8FC73
:10BCB000F86514E0FEF7A4FC0246FB6DD31A0A2BCC
:10BCC0000DD97B68D3F89C3043F001027B68C3F840
:10BCD0009C207B68032283F8982001238CE17B68F9
:10BCE0001B689B6903F00803082BE3D07B681B6883
:10BCF0009A697B681B6842F001029A61FEF780FC3A
:10BD0000F86514E0FEF77CFC0246FB6DD31A0A2BA3
:10BD10000DD97B68D3F89C3043F001027B68C3F8EF
:10BD20009C207B68032283F89820012364E17B68D0
:10BD30001B689B6903F00103002BE3D07B681B6841
:10BD40009A697B681B6842F002029A617B681B7CDF
:10BD5000012B08D17B681B689A697B681B6822F0FD
:10BD600040029A6107E07B681B689A697B681B68E0
:10BD700042F040029A617B685B7C012B08D17B68B2
:10BD80001B689A697B681B6842F480429A6107E0ED
:10BD90007B681B689A697B681B6822F480429A6101
:10BDA0007B689B7C012B08D17B681B689A697B6848
:10BDB0001B6822F480529A6107E07B681B689A69CD
:10BDC0007B681B6842F480529A617B681B689B69A0
:10BDD00023F440717B689A687B681B680A439A6108
:10BDE0007B681B689A697B681B6822F0A4029A61D1
:10BDF0007B681B681A697B681B6822F010021A6155
:10BE00007B68DB68012B08D17B681B689A697B68BB
:10BE10001B6842F004029A6130E07B68DB68002B0B
:10BE20002CD07B68DB68022B20D07B681B689A696A
:10BE30007B681B6842F080029A617B681B681A6904
:10BE40007B681B6842F010021A617B68DB68032B79
:10BE500014D17B681B689A697B681B6842F02002DA
:10BE60009A610BE0205B040800A000407B681B681F
:10BE70009A697B681B6842F020029A617B689B6923
:10BE8000013B5A067B68DB69013B1B021A437B6856
:10BE90001B6A013B42EA03017B685B69013B1A04B0
:10BEA0007B681B680A43DA617B689B68B3F5407F57
:10BEB00015D17B689B6A5A1E7B68DB6A013B1B02BB
:10BEC0001A437B681B6B013B1B0142EA03017B6841
:10BED0005B6A013B1A047B681B680A43DA607B6873
:10BEE0001B6E002B0AD07B681B68D3F8C0107B68E0
:10BEF0005A6E7B681B680A43C3F8C0207B68DA6D02
:10BF00007B681B6E1344002B11D07B681B68D3F831
:10BF1000C83023F007017B689B6E9B0060333B4475
:10BF200053F8542C7B681B680A43C3F8C8207B680D
:10BF30001B6C002B11D07B681B68D3F8BC3023F03E
:10BF400007017B685B6C9B0060333B4453F8542CC7
:10BF50007B681B680A43C3F8BC207B689B6C002B82
:10BF600012D07B681B68D3F8BC3023F070017B686B
:10BF7000DB6C9B0060333B4453F8543C1A017B68F4
:10BF80001B680A43C3F8BC207B681B6D002B12D0D2
:10BF90007B681B68D3F8BC3023F4E0617B685B6D81
:10BFA0009B0060333B4453F8543C1A027B681B6887
:10BFB0000A43C3F8BC207B681B68114A934207D12F
:10BFC0007B685B689A687B685B6822F003029A6012
:10BFD0007B680022C3F894207B680022C3F89C2071
:10BFE0007B68012283F89820786800F02BFE0346D6
:10BFF00087F85B3097F85B3018466037BD4680BDE8
:10C0000000A0004080B487B000AF786039607B68E2
:10C0100093F89830FB73FB7B012B02D0FB7B022B48
:10C0200057D13B681B68002B2BD13B68DB68072B83
:10C030000DD13B681B691A043B68DB691B021A437C
:10C040003B689B69134343F060537B610EE03B68A0
:10C050009B689A073B68DB68DB061A433B681B69F1
:10C060001B041A433B685B6913437B617B68DA6E90
:10C070003B685B689B001344BB60BB687A691A60CD
:10C0800025E03B68DB685A073B681B6913437B610B
:10C090003B68DB68072B03D13B689B693B6106E08B
:10C0A0003B689B689A073B685B6913433B617B680D
:10C0B0001A6F3B685B68DB001344BB60BB687A693E
:10C0C0001A60BB680433BB60BB683A691A6000231E
:10C0D00008E07B68D3F89C3043F002027B68C3F829
:10C0E0009C20012318461C37BD465DF8047B704731
:10C0F00080B485B000AFF860B9607A603B60FB68DF
:10C1000093F89830DBB2012B10D1BB681A017B6821
:10C110009B001A433B685B0042EA0301FB681B6813
:10C12000BA690A43C3F88020002308E0FB68D3F80B
:10C130009C3043F00402FB68C3F89C20012318469E
:10C140001437BD465DF8047B704780B483B000AF00
:10C1500078607B6893F89830DBB2012B11D17B6853
:10C16000022283F898207B681B689A697B681B68A9
:10C1700022F001029A617B680022C3F89C20002310
:10C1800008E07B68D3F89C3043F004027B68C3F876
:10C190009C20012318460C37BD465DF8047B704790
:10C1A00080B586B000AFF860B9607A60FB6893F83C
:10C1B0009830DBB2022B41D1FB681B68D3F8C0304A
:10C1C00003F07C53002B09D1FB68D3F89C3043F07B
:10C1D0002002FB68C3F89C20012338E0FB681B6841
:10C1E000D3F8C43003F40013002B09D0FB68D3F854
:10C1F0009C3043F40072FB68C3F89C20012326E0C6
:10C20000FB681B68D3F8C4301B0C03F01F037B6171
:10C210007B697A68B968F86800F09AFEFB681B6869
:10C2200001217A6901FA02F2C3F8D02001227B6968
:10C230009A40FB68C3F89420002308E0FB68D3F819
:10C240009C3043F00802FB68C3F89C200123184689
:10C250001837BD4680BD000080B48BB000AFF860D9
:10C26000B9607A603B600023FB61FB6893F898300B
:10C27000FB76FB7E022B40F04981BB68402B4CD102
:10C28000FB681B68D3F8A03003F4FE03002B09D130
:10C29000FB68D3F89C3043F02002FB68C3F89C2075
:10C2A00001233CE1FB681B68D3F8A43003F07F0353
:10C2B000002B09D1FB68D3F89C3043F48072FB68F3
:10C2C000C3F89C2001232AE1FB681B68D3F8A43043
:10C2D00003F08073B3F1807F0AD1FB681B68D3F849
:10C2E000A03003F00043B3F1004F01D10123FB6103
:10C2F000FB681B68D3F8A4301B0A03F03F03FA69FC
:10C300001344FB61FB685A6FFB685B6CF96901FBC6
:10C3100003F39B0013447B6268E0BB68412B4CD164
:10C32000FB681B68D3F8B03003F4FE03002B09D17F
:10C33000FB68D3F89C3043F02002FB68C3F89C20D4
:10C340000123ECE0FB681B68D3F8B43003F07F03F3
:10C35000002B09D1FB68D3F89C3043F48072FB6852
:10C36000C3F89C200123DAE0FB681B68D3F8B430E3
:10C3700003F08073B3F1807F0AD1FB681B68D3F8A8
:10C38000B03003F00043B3F1004F01D10123FB6152
:10C39000FB681B68D3F8B4301B0A03F03F03FA694B
:10C3A0001344FB61FB689A6FFB68DB6CF96901FB66
:10C3B00003F39B0013447B6218E0FB681B6DBA68B3
:10C3C0009A4209D3FB68D3F89C3043F02002FB6803
:10C3D000C3F89C200123A2E0FB68DA6FFB685B6D69
:10C3E000B96801FB03F39B0013447B627B6A1B6803
:10C3F00003F080427B685A607B685B68002B07D142
:10C400007B6A1B689B0CC3F30A027B681A6005E019
:10C410007B6A1B6823F060427B681A607B6A1B683A
:10C4200003F000527B689A607B6A1B6803F000424D
:10C430007B681A617B6A04337B627B6A1B689AB2F1
:10C440007B68DA617B6A1B681B0C03F00F027B6858
:10C45000DA607B6A1B6803F480127B685A617B6A2E
:10C460001B6803F400127B689A617B6A1B681B0ED1
:10C4700003F07F027B681A627B6A1B68DA0F7B68B5
:10C480005A627B6A04337B627B6A7B6100233B6276
:10C490000AE07A693B6A1A4439683B6A0B441278AD
:10C4A0001A703B6A01333B627B68DB681F4AD35CCE
:10C4B0001A463B6A9342ECD3BB68402B05D1FB681C
:10C4C0001B68FA69C3F8A8201EE0BB68412B05D1A0
:10C4D000FB681B68FA69C3F8B82015E0BB681F2B1E
:10C4E00008D8FB681B680121BA6801FA02F2C3F898
:10C4F000982009E0BB6803F01F02FB681B6801215C
:10C5000001FA02F2C3F89C20002308E0FB68D3F88C
:10C510009C3043F00802FB68C3F89C2001231846B6
:10C520002C37BD465DF8047B704700BF94DF0408DC
:10C5300080B485B000AF78607B681B68D3F8C430E6
:10C5400003F03F03FB60FB6818461437BD465DF8F7
:10C55000047B704780B487B000AFF860B9607A6040
:10C56000FB6893F89830FB75FB7D012B02D0FB7DB7
:10C57000022B55D1FB681B689A6DBB681340002BDA
:10C5800008D1FB681B68DA6DFB681B6842F001028A
:10C59000DA6514E0FB681B689A6DBB681340BA68E3
:10C5A0009A4208D1FB681B68DA6DFB681B6842F091
:10C5B0000202DA6503E0FB681B680322DA65BB68E8
:10C5C00003F40073002B09D0FB681B68D3F8E0105C
:10C5D000FB681B687A680A43C3F8E020BB6803F471
:10C5E0008063002B09D0FB681B68D3F8E410FB685C
:10C5F0001B687A680A43C3F8E420FB681B68596D1E
:10C60000BA680F4B1340FA6812680B4353650D4B21
:10C610005A69BB689B0F0B4913434B61002308E029
:10C62000FB68D3F89C3043F00202FB68C3F89C20FF
:10C63000012318461C37BD465DF8047B704700BFD8
:10C64000FFFFCF3F00A8004080B596B000AF7860F4
:10C650009A4B1B699B077B65984B5B699B077A6DBF
:10C6600013407B657B681B681B6D03F470433B655F
:10C670007B681B685B6D3A6D13403B657B681B688C
:10C680001B6D03F00F03FB647B681B685B6DFA6C2A
:10C690001340FB647B681B681B6D03F0F003BB64F5
:10C6A0007B681B685B6DBA6C1340BB647B681B685E
:10C6B0001B6D03F071537B647B681B685B6D7A6C48
:10C6C00013407B647B681B681B6D03F060733B64E5
:10C6D0007B681B685B6D3A6C13403B647B681B682E
:10C6E0005B6DFB637B681B681B6DBB63FB6B1B0A8D
:10C6F00003F00103002B10D0BB6B1B0A03F00103F6
:10C70000002B0AD07B681B684FF480721A656B4B54
:10C7100000221A61786800F049FAFB6B9B0A03F06B
:10C720000103002B1DD0BB6B9B0A03F00103002B00
:10C7300017D07B681B68D3F8DC307B637B681B6891
:10C74000D3F8E4307A6B13407B637B681B684FF44B
:10C7500080621A65594B00221A61796B786800F083
:10C76000FCF97B6D002B0DD07B681A68796D544BFA
:10C770000B401365514A7B6D9B0F1361796D78688F
:10C7800000F0C0F93B6D002B0DD07B681A68396D45
:10C790004B4B0B401365494A3B6D9B0F1361396D41
:10C7A000786800F0BAF9FB6C002B0DD07B681A6832
:10C7B000F96C434B0B401365404AFB6C9B0F1361B4
:10C7C000F96C78681FF070F8BB6C002B0DD07B689B
:10C7D0001A68B96C3A4B0B401365384ABB6C9B0F17
:10C7E0001361B96C78681FF0B7F8FB6BDB0A03F0D4
:10C7F0000103002B10D0BB6BDB0A03F00103002BFD
:10C800000AD07B681B684FF400621A652B4B00222C
:10C810001A61786800F08CF9FB6B5B0A03F0010386
:10C82000002B1DD0BB6B5B0A03F00103002B17D05C
:10C830007B681B68D3F8D8303B637B681B68D3F8F0
:10C84000E0303A6B13403B637B681B684FF4007227
:10C850001A651A4B00221A61396B786800F072F978
:10C86000FB6BDB0C03F00103002B10D0BB6BDB0C6C
:10C8700003F00103002B0AD07B681B684FF40022F1
:10C880001A650E4B00221A61786800F071F9FB6B93
:10C890001B0C03F00103002B16D0BB6B1B0C03F029
:10C8A0000103002B10D07B681B684FF480321A659F
:10C8B000024B00221A61786804E000BF00A8004023
:10C8C000FFFFCF3F00F05EF9FB6B9B0C03F0010311
:10C8D000002B10D0BB6B9B0C03F00103002B0AD084
:10C8E0007B681B684FF480221A65834B00221A6113
:10C8F000786800F051F9FB6B5B0C03F00103002B2F
:10C9000015D0BB6B5B0C03F00103002B0FD07B68D1
:10C910001B684FF400321A65774B00221A617B685E
:10C92000D3F89C3043F080027B68C3F89C203B6CBA
:10C93000002B0DD07B681A68396C704B0B40136567
:10C940006D4A3B6C9B0F1361396C786800F042F9BB
:10C950007B6C002B11D07B681A68796C674B0B409D
:10C960001365654A7B6C9B0F13617B68D3F89C2031
:10C970007B6C1A437B68C3F89C207B681B68604A09
:10C98000934240F0AC807B685B689B6803F00303D4
:10C99000002B00F0A4807B685B681B6A03F00F0328
:10C9A000FB627B685B685B6AFA6A1340FB627B68C8
:10C9B0005B681B6A03F03003BB627B685B685B6A81
:10C9C000BA6A1340BB627B685B681B6A03F4C0737E
:10C9D0007B627B685B685B6A7A6A13407B627B6818
:10C9E0005B681B6A03F4FC433B627B685B685B6AC1
:10C9F0003A6A13403B627B685B681B6A03F4F0236E
:10CA0000FB617B685B685B6AFA691340FB617B686A
:10CA10005B685B6ABB617B685B681B6A7B61FB6A06
:10CA2000002B07D07B685B68FA6A1A62F96A78683B
:10CA300000F0DBF8BB6A002B07D07B685B68BA6A42
:10CA40001A62B96A786800F0DBF8BB699B0903F0E9
:10CA50000103002B1AD07B699B0903F00103002B13
:10CA600014D07B685B68DB6B1B0C9BB23B617B6803
:10CA70005B68DB6B03F03F03FB607B685B68402215
:10CA80001A62FA683969786800F0C5F87B6A002B89
:10CA900007D07B685B687A6A1A62796A786800F006
:10CAA000C6F83B6A002B0BD07B685B683A6A1A6257
:10CAB0007B68D3F89C203B6A1A437B68C3F89C20B0
:10CAC000FB69002B0BD07B685B68FA691A627B6894
:10CAD000D3F89C20FB691A437B68C3F89C207B68D1
:10CAE000D3F89C30002B02D0786800F069F800BFC2
:10CAF0005837BD4680BD00BF00A80040FFFFCF3FB4
:10CB000000A0004080B483B000AF7860396000BFFF
:10CB10000C37BD465DF8047B704780B483B000AF2E
:10CB20007860396000BF0C37BD465DF8047B704704
:10CB300080B483B000AF786000BF0C37BD465DF8AD
:10CB4000047B704780B483B000AF7860396000BF69
:10CB50000C37BD465DF8047B704780B483B000AFEE
:10CB60007860396000BF0C37BD465DF8047B7047C4
:10CB700080B483B000AF786000BF0C37BD465DF86D
:10CB8000047B704780B483B000AF786000BF0C377F
:10CB9000BD465DF8047B704780B483B000AF786019
:10CBA00000BF0C37BD465DF8047B704780B483B08E
:10CBB00000AF786000BF0C37BD465DF8047B70475E
:10CBC00080B483B000AF786000BF0C37BD465DF81D
:10CBD000047B704780B483B000AF7860396000BFD9
:10CBE0000C37BD465DF8047B704780B483B000AF5E
:10CBF0007860396000BF0C37BD465DF8047B704734
:10CC000080B483B000AF7860396000BF0C37BD4698
:10CC10005DF8047B704780B485B000AFF860B96000
:10CC20007A6000BF1437BD465DF8047B704780B45E
:10CC300083B000AF7860396000BF0C37BD465DF847
:10CC4000047B704780B485B000AF78607B685B6B15
:10CC5000BB607B681B68D3F88420A74B1340BA687D
:10CC600091007A6812680B43C2F884307B681B68B5
:10CC7000D3F8843023F47F017B689B6B1A047B68B4
:10CC80001B680A43C3F884207B689B6BBA68134413
:10CC9000BB607B681B68D3F88820974B1340BA6849
:10CCA00091007A6812680B43C2F888307B681B6871
:10CCB000D3F8883023F4FE017B68DB6B1A047B68B1
:10CCC0001B680A43C3F888207B68DB6B5B00BA688B
:10CCD0001344BB607B681B68D3F8A020864B1340CD
:10CCE000BA6891007A6812680B43C2F8A0307B687A
:10CCF0001B68D3F8A03023F4FE017B681B6C1A0478
:10CD00007B681B680A43C3F8A0207B681B6C7A68A9
:10CD1000526C02FB03F3BA681344BB607B681B6868
:10CD2000D3F8B020744B1340BA6891007A68126847
:10CD30000B43C2F8B0307B681B68D3F8B03023F4E3
:10CD4000FE017B689B6C1A047B681B680A43C3F86E
:10CD5000B0207B689B6C7A68D26C02FB03F3BA68E4
:10CD60001344BB607B681B68D3F8AC20624B134054
:10CD7000BA6891007A6812680B43C2F8AC307B68DD
:10CD80001B6D7A68526D02FB03F3BA681344BB60F3
:10CD90007B681B68D3F8F020574B1340BA689100AA
:10CDA0007A6812680B43C2F8F0307B681B68D3F8CE
:10CDB000F03023F47C117B689B6D1A047B681B6840
:10CDC0000A43C3F8F0207B689B6D5B00BA6813448C
:10CDD000BB607B681B68D3F8C020474B1340BA6820
:10CDE00091007A6812680B43C2F8C0307B681B68F8
:10CDF000D3F8C03023F47C117B68DB6D1A047B68A8
:10CE00001B680A43C3F8C0207B681B68D3F8C03096
:10CE100023F07C517B681B6E1A067B681B680A43F3
:10CE2000C3F8C0207B685A6B344B13449A007B686C
:10CE3000DA667B68DA6E7B689B6B9B001A447B68C2
:10CE40001A677B681A6F7B68DB6BDB001A447B68B0
:10CE50005A677B685A6F7B681B6C7968496C01FB69
:10CE600003F39B001A447B689A677B689A6F7B6820
:10CE70009B6C7968C96C01FB03F39B001A447B68C7
:10CE8000DA677B68DA6F7B681B6D7968496D01FB37
:10CE900003F39B001A447B68C3F880207B68D3F8B7
:10CEA00080207B689B6DDB001A447B68C3F884207C
:10CEB0007B68D3F884207B68DB6D7968896E01FB21
:10CEC00003F39B001A447B68C3F888207B68D3F87F
:10CED00088207B681B6E7968896E01FB03F39B00D9
:10CEE0001A447B68C3F890207B68D3F89030044ADA
:10CEF000934215D906E000BF0300FFFF002B00108E
:10CF0000FCD300407B68D3F89C3043F020027B6860
:10CF1000C3F89C207B68032283F89820012310E04B
:10CF20007B68DB6EFB6005E0FB6800221A60FB6833
:10CF30000433FB607B68D3F89030FA689A42F3D3ED
:10CF4000002318461437BD465DF8047B704700BFC8
:10CF500080B489B000AFF860B9607A603B60BB68AC
:10CF60005B68002B0AD1BB681A69BB689B681A43CF
:10CF7000BB681B689B041343FB610AE0BB681A692A
:10CF8000BB689B681A43BB681B68134343F080432C
:10CF9000FB61BB681B6A1A06BB68DB691A43BB6886
:10CFA0009B691A43BB685B691A43BB68DB681B0457
:10CFB00013433B61FB68D3F88420FB689B6E3968A0
:10CFC00001FB03F39B001344BB61BB69FA691A6060
:10CFD000BB690433BB61BB693A691A60BB6904333E
:10CFE000BB6100237B6120E07B6903337A681344D3
:10CFF0001B781A067B69023379680B441B781B0483
:10D000001A437B69013379680B441B781B02134375
:10D0100079687A690A4412781A43BB691A60BB6955
:10D020000433BB617B6904337B61BB68DB68064A00
:10D03000D35C1A467B699342D6D300BF00BF243726
:10D04000BD465DF8047B704794DF040880B584B06A
:10D0500000AF78607B68002B01D1012343E07B683F
:10D060001B684CF6CC421A607B681B6845F255522F
:10D070001A607B681B687A6852685A607B681B6814
:10D080007A6892689A60FDF7BBFAF86011E0FDF7E4
:10D09000B7FA0246FB68D31A41F60102934208D957
:10D0A0007B681B68DB6803F00703002B01D00323B8
:10D0B00019E07B681B68DB6803F00703002BE6D1EF
:10D0C0007B681B681A697B68DB689A4205D07B68BD
:10D0D0001B687A68D2681A6104E07B681B684AF6AC
:10D0E000AA221A60002318461037BD4680BD80B4BE
:10D0F00083B000AF78607B681B684AF6AA221A608A
:10D10000002318460C37BD465DF8047B70470000CD
:10D1100080B584B000AF78600123FB737B68002B7F
:10D1200071D07B6893F82130DBB2002B06D17B688D
:10D13000002283F82020786816F09AF87B68022293
:10D1400083F821207B681B68DB6803F01003102B39
:10D1500050D07B681B68CA225A627B681B685322C6
:10D160005A62786800F04AFA0346FB73FB7B002B97
:10D1700024D17B681B6899687B681A68244B0B4034
:10D1800093607B681B6899687B685A687B681B6939
:10D190001A437B689B691A437B681B680A439A6041
:10D1A0007B689B6819047B68DA687B681B680A43A4
:10D1B0001A61786800F056FA0346FB73FB7B002B7C
:10D1C00013D17B681B68DA6C7B681B6822F0030252
:10D1D000DA647B681B68D96C7B68DA697B685B6999
:10D1E0001A437B681B680A43DA647B681B68FF226A
:10D1F0005A6201E00023FB73FB7B002B03D17B68A9
:10D20000012283F82120FB7B18461037BD4680BDE4
:10D21000BFFF8FFF90B587B000AFF860B9607A604C
:10D22000FB6893F82030012B01D1022389E0FB68D1
:10D23000012283F82020FB68022283F82120FB686A
:10D240001B68CA225A62FB681B6853225A62F8683C
:10D2500000F0D4F90346FB74FB7C002B61D17B68A2
:10D26000002B26D1FB681B689B6803F04003002B52
:10D2700002D1BB680022DA70BB681B78184600F048
:10D280002FFA03461C04BB685B78184600F028FAA6
:10D2900003461B021C43BB689B78184600F020FA2B
:10D2A000034644EA0302BB68DB789B0513437B61BA
:10D2B00018E0FB681B689B6803F04003002B02D159
:10D2C000BB680022DA70BB681B781A04BB685B7805
:10D2D0001B021343BA6892781A43BB68DB789B053C
:10D2E00013437B61FB681A687969184B0B40136024
:10D2F000FB681B689A68FB681B6822F480229A60AE
:10D30000FB681B689968BB68DA68BB681B691A43CD
:10D31000FB681B680A439A60F86800F0A3F90346AB
:10D32000FB74FB681B68FF225A62FB7C002B03D155
:10D33000FB68012283F82120FB68002283F820206B
:10D34000FB7C18461C37BD4690BD00BF7F7F7F0029
:10D3500080B586B000AFF860B9607A60FB681B6882
:10D360009A6ABB685A60FB681B681B69C3F30E02AC
:10D37000BB689A60FB681B681A68224B13407B618C
:10D380007B691B0CDBB203F03F03DAB2BB681A7097
:10D390007B691B0ADBB203F07F03DAB2BB685A7009
:10D3A0007B69DBB203F07F03DAB2BB689A707B69FA
:10D3B0009B0DDBB203F00103DAB2BB68DA707B6865
:10D3C000002B1AD1BB681B78184600F0A9F9034658
:10D3D0001A46BB681A70BB685B78184600F0A0F963
:10D3E00003461A46BB685A70BB689B78184600F023
:10D3F00097F903461A46BB689A70002318461837F7
:10D40000BD4680BD7F7F7F0090B587B000AFF860DC
:10D41000B9607A60FB6893F82030012B01D10223B8
:10D4200073E0FB68012283F82020FB68022283F866
:10D4300021207B68002B0ED1BB685B7803F01003C2
:10D44000002B08D0BB685B7823F01003DBB20A33F3
:10D45000DAB2BB685A707B68002B1CD1BB68DB78E2
:10D46000184600F03DF903461C04BB685B7818467B
:10D4700000F036F903461B021C43BB689B78184634
:10D4800000F02EF9034644EA0302BB681B785B03F5
:10D4900013437B610EE0BB68DB781A04BB685B78E2
:10D4A0001B021343BA6892781A43BB681B785B036C
:10D4B00013437B61FB681B68CA225A62FB681B68C6
:10D4C00053225A62F86800F099F80346FB74FB7C1B
:10D4D000002B0AD1FB681A6879690E4B0B40536028
:10D4E000F86800F0BFF80346FB74FB681B68FF2276
:10D4F0005A62FB7C002B03D1FB68012283F82120B8
:10D50000FB68002283F82020FB7C18461C37BD46B0
:10D5100090BD00BF3FFFFF0080B586B000AFF86050
:10D52000B9607A60FB681B685A68214B13407B61C5
:10D530007B691B0CDAB2BB68DA707B691B0ADBB251
:10D5400003F01F03DAB2BB685A707B69DBB203F0E9
:10D550003F03DAB2BB689A707B695B0BDBB203F006
:10D560000703DAB2BB681A707B68002B1AD1BB685C
:10D57000DB78184600F0D4F803461A46BB68DA7028
:10D58000BB685B78184600F0CBF803461A46BB68C8
:10D590005A70BB689B78184600F0C2F803461A46DA
:10D5A000BB689A70002318461837BD4680BD00BF7F
:10D5B0003FFFFF0080B584B000AF78607B681B68D8
:10D5C0000D4ADA60FDF71CF8F86009E0FDF718F87D
:10D5D0000246FB68D31AB3F57A7F01D9032307E02B
:10D5E0007B681B68DB6803F02003002BEED0002370
:10D5F00018461037BD4680BD5FFF030080B584B07C
:10D6000000AF78600023FB737B681B68DB6803F066
:10D610004003002B20D17B681B684FF0FF32DA609B
:10D62000FCF7EEFFB8600DE0FCF7EAFF0246BB68CE
:10D63000D31AB3F57A7F05D90323FB737B680322E2
:10D6400083F821207B681B68DB6803F04003002B14
:10D6500002D1FB7B032BE7D1FB7B18461037BD467D
:10D6600080BD000080B584B000AF78600023FB73FC
:10D670001A4BDB68194A23F08003D360174B9B6871
:10D6800003F02003002B0CD17868FFF793FF0346CB
:10D69000002B1ED07B68032283F821200323FB7319
:10D6A00017E00E4B9B680D4A23F0200393607868C7
:10D6B000FFF780FF0346002B05D07B68032283F829
:10D6C00021200323FB73054B9B68044A43F020038E
:10D6D0009360FB7B18461037BD4680BD0040005864
:10D6E00080B485B000AF0346FB710023FB60FB797B
:10D6F000FB7205E0FB680133FB60FB7A0A3BFB72BF
:10D70000FB7A092BF6D8FB68DBB21B01DAB2FB7A95
:10D710001343DBB218461437BD465DF8047B7047EF
:10D7200080B485B000AF0346FB71FB791B09DBB207
:10D730001A46920013445B00FB73FB7903F00F035E
:10D74000DAB2FB7B1344DBB218461437BD465DF8F2
:10D75000047B704780B483B000AF78607B6893F837
:10D760002030012B01D1022324E07B68012283F8C1
:10D7700020207B68022283F821207B681B68CA2254
:10D780005A627B681B6853225A627B681B689A68DE
:10D790007B681B6842F020029A607B681B68FF224E
:10D7A0005A627B68012283F821207B68002283F87B
:10D7B0002020002318460C37BD465DF8047B7047D7
:10D7C00080B584B000AF78607B68002B01D1012365
:10D7D0000FE17B6800229A627B681B68874A93424C
:10D7E0000FD07B681B68864A93420AD07B681B680F
:10D7F000844A934205D07B68DB680F2B01D9012353
:10D80000F7E0786800F02EFEF8607B681B687B4AC2
:10D8100093420CD07B681B68794A934207D07B689F
:10D820001B68784A934202D0FB68082B11D87B68AA
:10D830001B68724A934209D07B681B68704A934206
:10D8400004D07B681B686F4A934204D1FB68102B9D
:10D8500001D90123CDE07B6893F88130DBB2002B46
:10D8600006D17B68002283F88020786815F0E2FDFD
:10D870007B68022283F881207B681B681A687B68BA
:10D880001B6822F001021A607B681B689B6803F426
:10D89000F813BB607B689B69B3F1806F19D17B681B
:10D8A0005B68B3F5800F03D17B689B6B002B08D0BE
:10D8B0007B685B68002B0CD17B689B6BB3F1805F4E
:10D8C00007D17B681B681A687B681B6842F480522A
:10D8D0001A607B685B6803F48003002B0FD07B68C1
:10D8E000DB68062B0BD97B681B681B6823F48071EF
:10D8F0007B681A6D7B681B680A431A6007E07B68C7
:10D900001B681A687B681B6822F480721A607B6847
:10D91000DA697B689B6A1A43BB681A437B68DB6BD6
:10D9200042EA03017B68DA687B681B680A439A60F5
:10D930007B685A6B7B685B6A1A437B689B6B1A43F4
:10D940007B689B691A437B681B691A437B685B6928
:10D950001A437B681B6A1A437B685B681A437B68BF
:10D96000DB6C1A437B689B681A437B689B6C42EABA
:10D9700003017B689A6D7B681B680A43DA607B68E9
:10D980005B68002B13D17B681B689B6823F4C05233
:10D990007B681B6842F400629A607B681B689B6826
:10D9A00023F4C0627B681B6842F480629A607B68E3
:10D9B0001B681A6D7B681B6822F001021A657B6880
:10D9C0005B6803F48003002B0AD07B681B68DB686C
:10D9D00023F000417B685A6D7B681B680A43DA605C
:10D9E0007B680022C3F884207B68012283F88120B1
:10D9F000002318461037BD4680BD00BF00300140EF
:10DA000000380040003C004080B588B002AFF860AC
:10DA1000B9603B601346FB80FB681B6820337B6169
:10DA2000FCF7EEFD3861FB6893F88130DBB2012B27
:10DA300001D00223D1E1BB68002B02D0FB88002B70
:10DA400001D10123C9E1FB6893F88030012B01D19A
:10DA50000223C2E1FB68012283F88020FB680322D5
:10DA600083F88120FB680022C3F88420FB68BA6831
:10DA7000DA65FB68FA88A3F86020FB68FA88A3F8E7
:10DA80006220FB6800225A66FB680022A3F8682027
:10DA9000FB680022A3F86A20FB6800225A67FB6833
:10DAA00000221A67FB689B68B3F5C02F08D1FB689A
:10DAB0001B681A68FB681B6842F400621A6009E080
:10DAC000FB681B68DB6823F4C022FB681B6842F418
:10DAD0000032DA60FB681B685A68964B1340F9887D
:10DAE000FA6812680B435360FB681B681A68FB688E
:10DAF0001B6842F001021A60FB685B68B3F5800F97
:10DB000007D1FB681B681A68FB681B6842F4007247
:10DB10001A60FB68DB680F2B47D93FE0FB681B6886
:10DB20005B6903F00203022B14D1FB68DA6DFB681A
:10DB30001B6812681A62FB68DB6D1A1DFB68DA65E8
:10DB4000FB68B3F862309BB2013B9AB2FB68A3F862
:10DB5000622023E0FCF754FD02463B69D31A3A6881
:10DB60009A4203D83B68B3F1FF3F02D13B68002BD8
:10DB700014D1F86800F0A8FBFB68D3F8843043F4B4
:10DB80008072FB68C3F88420FB68012283F881203F
:10DB9000FB68002283F8802003231EE1FB68B3F8B2
:10DBA00062309BB2002BB9D1F1E0FB68DB68072B38
:10DBB00040F2E6805DE0FB681B685B6903F00203EE
:10DBC000022B32D1FB68B3F862309BB2012B18D91B
:10DBD000FB68DB6B002B14D0FB68DA6DFB681B68FD
:10DBE00012681A62FB68DB6D1A1DFB68DA65FB6858
:10DBF000B3F862309BB2023B9AB2FB68A3F8622092
:10DC000037E0FB68DB6D1A887B691A80FB68DB6D87
:10DC10009A1CFB68DA65FB68B3F862309BB2013B83
:10DC20009AB2FB68A3F8622023E0FCF7E9FC024605
:10DC30003B69D31A3A689A4203D83B68B3F1FF3F75
:10DC400002D13B68002B14D1F86800F03DFBFB6863
:10DC5000D3F8843043F48072FB68C3F88420FB68F7
:10DC6000012283F88120FB68002283F880200323AF
:10DC7000B3E0FB68B3F862309BB2002B9BD186E027
:10DC8000FB681B685B6903F00203022B54D1FB683D
:10DC9000B3F862309BB2032B18D9FB68DB6B402BC7
:10DCA00014D9FB68DA6DFB681B6812681A62FB689E
:10DCB000DB6D1A1DFB68DA65FB68B3F862309BB256
:10DCC000043B9AB2FB68A3F8622059E0FB68B3F802
:10DCD00062309BB2012B17D9FB68DB6B002B13D092
:10DCE000FB68DB6D1A887B691A80FB68DB6D9A1C08
:10DCF000FB68DA65FB68B3F862309BB2023B9AB20C
:10DD0000FB68A3F862203BE0FB68DA6DFB681B68E8
:10DD1000203312781A70FB68DB6D5A1CFB68DA65D9
:10DD2000FB68B3F862309BB2013B9AB2FB68A3F880
:10DD3000622025E00000FFFFFCF762FC02463B6921
:10DD4000D31A3A689A4203D83B68B3F1FF3F02D135
:10DD50003B68002B14D1F86800F0B6FAFB68D3F8E2
:10DD6000843043F48072FB68C3F88420FB6801228E
:10DD700083F88120FB68002283F8802003232CE0B5
:10DD8000FB68B3F862309BB2002B7FF479AF3B693C
:10DD900000933B6800220821F86800F035FB034639
:10DDA000002B07D0FB68D3F8843043F02002FB68D7
:10DDB000C3F88420F86800F087FAFB68012283F832
:10DDC0008120FB68002283F88020FB68D3F8843030
:10DDD000002B01D0012300E0002318461837BD4670
:10DDE00080BD00BF80B588B000AFF860B9603B600F
:10DDF0001346FB80FB68DB6B5B099BB20133FB8343
:10DE0000FB681B683033BB61FCF7FAFB7861FB6889
:10DE100093F88130DBB2012B01D0022350E2BB68C2
:10DE2000002B02D0FB88002B01D1012348E2FB68C4
:10DE300093F88030012B01D1022341E2FB680122DB
:10DE400083F88020FB68042283F88120FB6800228D
:10DE5000C3F88420FB68BA685A66FB68FA88A3F89E
:10DE60006820FB68FA88A3F86A20FB680022DA655C
:10DE7000FB680022A3F86020FB680022A3F8622060
:10DE8000FB6800221A67FB6800225A67FB689B68E0
:10DE9000B3F5C02F08D1FB681B681A68FB681B68C4
:10DEA00022F400621A6009E0FB681B68DB6823F457
:10DEB000C022FB681B6842F48022DA60FB681B68A2
:10DEC0005A68954B1340F988FA6812680B435360FF
:10DED000FB681B681A68FB681B6842F001021A6045
:10DEE000FB685B68B3F5800F07D1FB681B681A6895
:10DEF000FB681B6842F400721A60FB68DB680F2B3A
:10DF00006CD964E0FB681B685B693B61FB681B685C
:10DF10005B6903F00103012B14D1FB681A68FB68ED
:10DF20005B6E126B1A60FB685B6E1A1DFB685A66AB
:10DF3000FB68B3F86A309BB2013B9AB2FB68A3F866
:10DF40006A2044E0FB68B3F86A309BB2FA8B9A42CD
:10DF500019D93B6903F40043002B14D0FB681A68FD
:10DF6000FB685B6E126B1A60FB685B6E1A1DFB68C8
:10DF70005A66FB68B3F86A309BB2013B9AB2FB6801
:10DF8000A3F86A2023E0FCF73BFB02467B69D31A27
:10DF90003A689A4203D83B68B3F1FF3F02D13B682D
:10DFA000002B14D1F86800F08FF9FB68D3F88430A7
:10DFB00043F48072FB68C3F88420FB68012283F875
:10DFC0008120FB68002283F88020032378E1FB682E
:10DFD000B3F86A309BB2002B94D15EE1FB68DB683A
:10DFE000072B40F253818FE0FB681B685B693B6144
:10DFF000FB681B685B6903F00103012B14D1FB680C
:10E000005B6EBA69128892B21A80FB685B6E9A1CCA
:10E01000FB685A66FB68B3F86A309BB2013B9AB260
:10E02000FB68A3F86A206FE0FB68B3F86A309BB224
:10E03000FA8B9A4224D93B6903F40043002B1FD08A
:10E04000FB685B6EBA69128892B21A80FB685B6EDD
:10E050009A1CFB685A66FB685B6EBA69128892B2BA
:10E060001A80FB685B6E9A1CFB685A66FB68B3F803
:10E070006A309BB2023B9AB2FB68A3F86A2043E085
:10E08000FB68B3F86A309BB2012B19D13B6903F4EA
:10E090000053002B14D0FB685B6EBA69128892B2F1
:10E0A0001A80FB685B6E9A1CFB685A66FB68B3F8C3
:10E0B0006A309BB2013B9AB2FB68A3F86A2023E066
:10E0C000FCF79EFA02467B69D31A3A689A4203D853
:10E0D0003B68B3F1FF3F02D13B68002B14D1F868D5
:10E0E00000F0F2F8FB68D3F8843043F48072FB68E8
:10E0F000C3F88420FB68012283F88120FB6800229A
:10E1000083F880200323DBE0FB68B3F86A309BB21E
:10E11000002B7FF469AFC0E00000FFFFFB681B68C5
:10E120005B693B61FB681B685B6903F00103012BC2
:10E1300017D1FB681B6803F13002FB685B6E127835
:10E14000D2B21A70FB685B6E5A1CFB685A66FB6899
:10E15000B3F86A309BB2013B9AB2FB68A3F86A201D
:10E1600094E0FB68B3F86A309BB2FA8B9A4246D9C6
:10E170003B6903F40043002B41D0FB681B6803F1AB
:10E180003002FB685B6E1278D2B21A70FB685B6E6D
:10E190005A1CFB685A66FB681B6803F13002FB6877
:10E1A0005B6E1278D2B21A70FB685B6E5A1CFB6809
:10E1B0005A66FB681B6803F13002FB685B6E1278DD
:10E1C000D2B21A70FB685B6E5A1CFB685A66FB6819
:10E1D0001B6803F13002FB685B6E1278D2B21A70D2
:10E1E000FB685B6E5A1CFB685A66FB68B3F86A30C2
:10E1F0009BB2043B9AB2FB68A3F86A2046E0FB6836
:10E20000B3F86A309BB2032B1CD83B6903F4C043BC
:10E21000002B17D0FB681B6803F13002FB685B6EB4
:10E220001278D2B21A70FB685B6E5A1CFB685A6691
:10E23000FB68B3F86A309BB2013B9AB2FB68A3F863
:10E240006A2023E0FCF7DCF902467B69D31A3A68BE
:10E250009A4203D83B68B3F1FF3F02D13B68002BE1
:10E2600014D1F86800F030F8FB68D3F8843043F438
:10E270008072FB68C3F88420FB68012283F8812048
:10E28000FB68002283F88020032319E0FB68B3F8C1
:10E290006A309BB2002B7FF441AFF86800F014F8AD
:10E2A000FB68012283F88120FB68002283F880202C
:10E2B000FB68D3F88430002B01D0012300E0002359
:10E2C00018462037BD4680BD80B485B000AF786069
:10E2D0007B681B685B69FB607B681B689A697B686D
:10E2E0001B6842F008029A617B681B689A697B6828
:10E2F0001B6842F010029A617B681B681A687B6891
:10E300001B6822F001021A607B681B6819697B6830
:10E310001A683C4B0B4013617B681B689A687B68EA
:10E320001B6822F440429A607B6893F88130DBB22C
:10E33000042B14D0FB6803F02003002B0FD07B6864
:10E34000D3F8843043F080027B68C3F884207B6874
:10E350001B689A697B681B6842F020029A617B689F
:10E3600093F88130DBB2032B14D0FB6803F0400339
:10E37000002B0FD07B68D3F8843043F004027B6815
:10E38000C3F884207B681B689A697B681B6842F02D
:10E3900040029A61FB6803F40073002B0FD07B6886
:10E3A000D3F8843043F001027B68C3F884207B6893
:10E3B0001B689A697B681B6842F400729A61FB686B
:10E3C00003F48073002B0FD07B68D3F8843043F0C4
:10E3D00008027B68C3F884207B681B689A697B68A5
:10E3E0001B6842F480729A617B680022A3F8622065
:10E3F0007B680022A3F86A2000BF1437BD465DF891
:10E40000047B704790FCFFFF80B584B000AFF860DC
:10E41000B9603B601346FB7110E0FCF7F1F802466F
:10E42000BB69D31A3A689A4203D83B68B3F1FF3FFD
:10E4300002D13B68002B01D103230FE0FB681B686E
:10E440005A69BB681340BA689A420CBF0123002383
:10E45000DBB21A46FB799A42DFD000231846103708
:10E46000BD4680BD80B485B000AF78607B68DB6B53
:10E470005B090133FB607B68DB680133BB60BB6811
:10E480000733DB08BB60BB68FA6802FB03F318467E
:10E490001437BD465DF8047B704780B582B000AF8D
:10E4A00078607B68002B01D1012342E07B68D3F8C0
:10E4B0008830002B06D17B68002283F8842078689E
:10E4C00015F0B2F97B682422C3F888207B681B68AA
:10E4D0001A687B681B6822F001021A607B689B6ADD
:10E4E000002B02D0786801F0CBFB786800F060FE6A
:10E4F0000346012B01D101231BE07B681B685A688E
:10E500007B681B6822F490425A607B681B689A689B
:10E510007B681B6822F02A029A607B681B681A6875
:10E520007B681B6842F001021A60786801F04AFCBF
:10E53000034618460837BD4680BD80B582B000AF9F
:10E5400078607B68002B01D1012331E07B682422B5
:10E55000C3F888207B681B681A687B681B6822F0F8
:10E5600001021A607B681B6800221A607B681B68C6
:10E5700000225A607B681B6800229A60786815F058
:10E58000A5FB7B680022C3F890207B680022C3F8BB
:10E5900088207B680022C3F88C207B680022DA6622
:10E5A0007B6800221A677B68002283F8842000239E
:10E5B00018460837BD4680BD80B58AB002AFF86006
:10E5C000B9603B601346FB80FB68D3F88830202B92
:10E5D0007BD1BB68002B02D0FB88002B01D101232B
:10E5E00074E0FB680022C3F89020FB682122C3F886
:10E5F0008820FCF705F87861FB68FA88A3F85420B6
:10E60000FB68FA88A3F85620FB689B68B3F5805F27
:10E6100008D1FB681B69002B04D10023FB61BB6898
:10E62000BB6103E0BB68FB610023BB6130E03B687A
:10E6300000937B6900228021F86801F06DFC03469D
:10E64000002B05D0FB682022C3F8882003233DE07F
:10E65000FB69002B0BD1BB691B881A46FB681B6842
:10E66000C2F308029A62BB690233BB6107E0FB692F
:10E670001A78FB681B689A62FB690133FB61FB68CF
:10E68000B3F856309BB2013B9AB2FB68A3F8562010
:10E69000FB68B3F856309BB2002BC8D13B6800939F
:10E6A0007B6900224021F86801F036FC0346002B0C
:10E6B00005D0FB682022C3F88820032306E0FB680E
:10E6C0002022C3F88820002300E0022318462037C8
:10E6D000BD4680BD80B58AB000AFF860B960134612
:10E6E000FB80FB68D3F88830202B67D1BB68002BF8
:10E6F00002D0FB88002B01D1012360E0FB68BA68DF
:10E700001A65FB68FA88A3F85420FB68FA88A3F816
:10E710005620FB680022C3F89020FB682122C3F832
:10E720008820FB68DB6F002B28D0FB68DB6F264A54
:10E73000DA63FB68DB6F254A1A64FB68DB6F244AE7
:10E74000DA64FB68DB6F00221A65FB68D86FFB6830
:10E750001B6D1946FB681B6828331A46FB88F9F7BE
:10E760003FFA0346002B09D0FB681022C3F8902023
:10E77000FB682022C3F88820012320E0FB681B6887
:10E7800040221A62FB681B6808337B617B6953E88F
:10E79000003F3B613B6943F080037B62FB681B6881
:10E7A00008337A6A3A62FB61F9693A6A41E8002300
:10E7B000BB61BB69002BE5D1002300E002231846B2
:10E7C0002837BD4680BD00BF91020108270301081C
:10E7D000A904010880B58AB000AFF860B96013469B
:10E7E000FB80FB68D3F88C30202B37D1BB68002B23
:10E7F00002D0FB88002B01D1012330E0FB6800220E
:10E80000DA66FB681B68184A93421FD0FB681B68D6
:10E810005B6803F40003002B18D0FB681B687B6166
:10E820007B6953E8003F3B613B6943F080637B6257
:10E83000FB681B681A467B6A3B62FA61F9693A6AAF
:10E8400041E80023BB61BB69002BE6D1FB881A4677
:10E85000B968F86801F0CEFB034600E002231846D1
:10E860002837BD4680BD00BF000C005880B590B071
:10E8700000AF78607B68D3F88830FB637B68D3F89F
:10E880008C30BB637B681B689B6803F08003802B24
:10E8900039D1FB6B212B36D17B681B6808333B6277
:10E8A0003B6A53E8003FFB61FB6923F080037B6315
:10E8B0007B681B6808337A6BFA62BB62B96AFA6AD2
:10E8C00041E800237B627B6A002BE5D17B68DB6F2C
:10E8D000002B15D07B68DB6F1846F9F7EBFB03467E
:10E8E000002B0DD07B68DB6F1846FBF771F80346F1
:10E8F000202B05D17B681022C3F89020032347E02A
:10E90000786801F01DFC7B681B689B6803F040037E
:10E91000402B3CD1BB6B222B39D17B681B68083361
:10E92000FB60FB6853E8003FBB60BB6823F040031B
:10E930003B637B681B6808333A6BBA617B6179691A
:10E94000BA6941E800233B613B69002BE5D17B6854
:10E95000D3F88030002B17D07B68D3F8803018466E
:10E96000F9F7A8FB0346002B0ED07B68D3F8803064
:10E970001846FBF72DF80346202B05D17B681022A3
:10E98000C3F89020032303E0786801F01BFC002308
:10E9900018464037BD4680BD80B5BAB000AF78603C
:10E9A0007B681B68DB69C7F8E4307B681B681B6801
:10E9B000C7F8E0307B681B689B68C7F8DC30D7F885
:10E9C000E42040F60F031340C7F8D830D7F8D8300A
:10E9D000002B1BD1D7F8E43003F02003002B15D017
:10E9E000D7F8E03003F02003002B05D1D7F8DC3056
:10E9F00003F08053002B09D07B685B6F002B00F085
:10EA000093837B685B6F786898478DE3D7F8D8303D
:10EA1000002B00F02381D7F8DC208D4B1340002B16
:10EA200006D1D7F8E0208B4B1340002B00F0168165
:10EA3000D7F8E43003F00103002B11D0D7F8E03011
:10EA400003F48073002B0BD07B681B6801221A62D1
:10EA50007B68D3F8903043F001027B68C3F89020C4
:10EA6000D7F8E43003F00203002B11D0D7F8DC30E4
:10EA700003F00103002B0BD07B681B6802221A6293
:10EA80007B68D3F8903043F004027B68C3F8902091
:10EA9000D7F8E43003F00403002B11D0D7F8DC30B2
:10EAA00003F00103002B0BD07B681B6804221A6261
:10EAB0007B68D3F8903043F002027B68C3F8902063
:10EAC000D7F8E43003F00803002B17D0D7F8E03074
:10EAD00003F02003002B05D1D7F8DC205C4B13405A
:10EAE000002B0BD07B681B6808221A627B68D3F866
:10EAF000903043F008027B68C3F89020D7F8E430E8
:10EB000003F40063002B12D0D7F8E03003F08063E9
:10EB1000002B0CD07B681B684FF400621A627B6884
:10EB2000D3F8903043F020027B68C3F890207B68D4
:10EB3000D3F89030002B00F0F982D7F8E43003F0DE
:10EB40002003002B13D0D7F8E03003F02003002B74
:10EB500005D1D7F8DC3003F08053002B07D07B6859
:10EB60005B6F002B03D07B685B6F786898477B688E
:10EB7000D3F89030C7F8D4307B681B689B6803F0EB
:10EB80004003402B05D0D7F8D43003F02803002BE6
:10EB900054D0786801F016FB7B681B689B6803F013
:10EBA0004003402B46D17B681B680833C7F89C3074
:10EBB000D7F89C3053E8003FC7F89830D7F8983022
:10EBC00023F04003C7F8D0307B681B680833D7F8C0
:10EBD000D020C7F8A820C7F8A430D7F8A410D7F8D9
:10EBE000A82041E80023C7F8A030D7F8A030002BB8
:10EBF000D9D17B68D3F88030002B17D07B68D3F84D
:10EC00008030154A1A657B68D3F880301846F9F7CA
:10EC10006FFD0346002B19D07B68D3F880301B6D45
:10EC20007A68D2F88020104698470FE0786800F0A4
:10EC3000A7FA0BE0786800F0A3FA07E0786800F024
:10EC40009FFA7B680022C3F890206FE200BF6DE25C
:10EC50000100001020010004290501087B68DB6E1B
:10EC6000012B40F00382D7F8E43003F01003002BAF
:10EC700000F0FC81D7F8E03003F01003002B00F027
:10EC8000F5817B681B6810221A627B681B689B6891
:10EC900003F04003402B40F06D817B68D3F8803057
:10ECA0001B68A44A934268D07B68D3F880301B6805
:10ECB000A14A934261D07B68D3F880301B689F4A99
:10ECC00093425AD07B68D3F880301B689C4A9342A9
:10ECD00053D07B68D3F880301B689A4A93424CD05B
:10ECE0007B68D3F880301B68974A934245D07B6895
:10ECF000D3F880301B68954A93423ED07B68D3F8A6
:10ED000080301B68924A934237D07B68D3F88030BA
:10ED10001B68904A934230D07B68D3F880301B68E0
:10ED20008D4A934229D07B68D3F880301B688B4A88
:10ED3000934222D07B68D3F880301B68884A934284
:10ED40001BD07B68D3F880301B68864A934214D06E
:10ED50007B68D3F880301B68834A93420DD07B6870
:10ED6000D3F880301B68814A934206D07B68D3F881
:10ED700080301B687E4A934206D17B68D3F880308E
:10ED80001B685B689BB205E07B68D3F880301B682A
:10ED90005B689BB2A7F8BE30B7F8BE30002B00F01E
:10EDA000AD807B68B3F85C30B7F8BE209A4280F043
:10EDB000A5807B68B7F8BE20A3F85E207B68D3F8F7
:10EDC0008030DB69B3F5807F00F087807B681B684B
:10EDD000C7F88830D7F8883053E8003FC7F8843048
:10EDE000D7F8843023F48073C7F8B8307B681B6889
:10EDF0001A46D7F8B830C7F89430C7F89020D7F83B
:10EE00009010D7F8942041E80023C7F88C30D7F849
:10EE10008C30002BDAD17B681B6808337B677B6FF3
:10EE200053E8003F3B673B6F23F00103C7F8B43062
:10EE30007B681B680833D7F8B420C7F88020FB67CD
:10EE4000F96FD7F8802041E80023BB67BB6F002B28
:10EE5000E1D17B681B6808333B663B6E53E8003F9B
:10EE6000FB65FB6D23F04003C7F8B0307B681B687F
:10EE70000833D7F8B020FA66BB66B96EFA6E41E87F
:10EE800000237B667B6E002BE3D17B682022C3F8D6
:10EE90008C207B680022DA667B681B68FB64FB6C55
:10EEA00053E8003FBB64BB6C23F01003C7F8AC30E1
:10EEB0007B681B681A46D7F8AC30BB657A65796DFC
:10EEC000BA6D41E800233B653B6D002BE4D17B68C4
:10EED000D3F880301846F9F7EDF87B6802221A67FC
:10EEE0007B68B3F85C207B68B3F85E309BB2D31AC2
:10EEF0009BB2194678681CF083FA19E17B68B3F875
:10EF00005C30B7F8BE209A4240F012817B68D3F89B
:10EF10008030DB69B3F5807F40F00A817B68022294
:10EF20001A677B68B3F85C30194678681CF068FA99
:10EF3000FEE000BF100002402800024040000240F6
:10EF4000580002407000024088000240A0000240C9
:10EF5000B80002401004024028040240400402406D
:10EF6000580402407004024088040240A004024099
:10EF7000B80402407B68B3F85C207B68B3F85E306D
:10EF80009BB2D31AA7F8CE307B68B3F85E309BB241
:10EF9000002B00F0CF80B7F8CE30002B00F0CA80F5
:10EFA0007B681B68BB63BB6B53E8003F7B637B6B79
:10EFB00023F49073C7F8C8307B681B681A46D7F8EB
:10EFC000C8307B643A64396C7A6C41E80023FB6397
:10EFD000FB6B002BE4D17B681B6808337B627B6A88
:10EFE00053E8003F3B623A6A554B1340C7F8C430C0
:10EFF0007B681B680833D7F8C4203A63FB62F96A60
:10F000003A6B41E80023BB62BB6A002BE3D17B680B
:10F010002022C3F88C207B680022DA667B680022FD
:10F020005A677B681B683B613B6953E8003FFB60A4
:10F03000FB6823F01003C7F8C0307B681B681A46D2
:10F04000D7F8C030FB61BA61B969FA6941E80023B9
:10F050007B617B69002BE4D17B6802221A67B7F8D9
:10F06000CE30194678681CF0CBF963E0D7F8E4306D
:10F0700003F48013002B0ED0D7F8DC3003F48003A8
:10F08000002B08D07B681B684FF480121A627868E6
:10F0900001F087FA51E0D7F8E43003F08003002B49
:10F0A00014D0D7F8E03003F08003002B05D1D7F857
:10F0B000DC3003F40003002B08D07B689B6F002B2F
:10F0C0003AD07B689B6F7868984735E0D7F8E43092
:10F0D00003F04003002B09D0D7F8E03003F04003E1
:10F0E000002B03D0786801F031FA26E0D7F8E4303D
:10F0F00003F40003002B09D0D7F8E03003F080437D
:10F10000002B03D0786801F060FA16E0D7F8E430FD
:10F1100003F08073002B10D0D7F8E030002B0CDA0E
:10F12000786801F048FA08E000BF06E000BF04E09C
:10F1300000BF02E000BF00E000BFE837BD4680BD71
:10F14000FEFFFFEF80B483B000AF786000BF0C37E4
:10F15000BD465DF8047B704780B483B000AF786033
:10F1600000BF0C37BD465DF8047B704780B483B0A8
:10F1700000AF786000BF0C37BD465DF8047B704778
:10F1800080B483B000AF786000BF0C37BD465DF837
:10F19000047B704780B483B000AF78607B68D3F89D
:10F1A000903018460C37BD465DF8047B7047000070
:10F1B0002DE9B04F92B000AF7861002387F842305C
:10F1C0007B699A687B691B691A437B695B691A438F
:10F1D0007B69DB6913437B647B691B681A68BE4BE0
:10F1E00013407A691268796C0B4313607B691B6862
:10F1F0005B6823F440517B69DA687B691B680A43CA
:10F200005A607B699B697B647B691B68B34A934244
:10F2100004D07B691B6A7A6C13437B647B691B682F
:10F220009A68AF4B13407A691268796C0B4393600C
:10F230007B691B68DB6A23F00F017B695A6A7B6973
:10F240001B680A43DA627B691B68A64A934277D13E
:10F25000A54B5B6D03F03803282B6DD801A252F843
:10F2600023F000BF09F3000839F3000839F3000860
:10F2700039F3000839F3000839F3000839F30008BE
:10F2800039F3000811F3000839F3000839F30008D6
:10F2900039F3000839F3000839F3000839F300089E
:10F2A00039F3000819F3000839F3000839F30008AE
:10F2B00039F3000839F3000839F3000839F300087E
:10F2C00039F3000821F3000839F3000839F3000886
:10F2D00039F3000839F3000839F3000839F300085E
:10F2E00039F3000829F3000839F3000839F300085E
:10F2F00039F3000839F3000839F3000839F300083E
:10F3000039F3000831F30008012387F8433022E283
:10F31000042387F843301EE2082387F843301AE2BB
:10F32000102387F8433016E2202387F8433012E297
:10F33000402387F843300EE2802387F843300AE207
:10F340007B691B68694A934230D1674B5B6D03F060
:10F350000703052B26D801A252F823F075F3000805
:10F360007DF3000885F300088DF3000895F300088D
:10F370009DF30008002387F84330ECE1042387F86D
:10F380004330E8E1082387F84330E4E1102387F8AD
:10F390004330E0E1202387F84330DCE1402387F865
:10F3A0004330D8E1802387F84330D4E17B691B6880
:10F3B0004F4A934230D14C4B5B6D03F00703052B52
:10F3C00026D801A252F823F0E1F30008E9F300087F
:10F3D000F1F30008F9F3000801F4000809F400084B
:10F3E000002387F84330B6E1042387F84330B2E1C5
:10F3F000082387F84330AEE1102387F84330AAE1B1
:10F40000202387F84330A6E1402387F84330A2E168
:10F41000802387F843309EE17B691B68354A93421D
:10F4200030D1314B5B6D03F00703052B26D801A2C9
:10F4300052F823F04DF4000855F400085DF400087C
:10F4400065F400086DF4000875F40008002387F8DF
:10F45000433080E1042387F843307CE1082387F8B8
:10F46000433078E1102387F8433074E1202387F894
:10F47000433070E1402387F843306CE1802387F804
:10F48000433068E17B691B681B4A934242D1164BAB
:10F490005B6D03F00703052B38D801A252F823F067
:10F4A000B9F40008C1F40008C9F40008D1F4000858
:10F4B000FDF4000805F50008002387F843304AE111
:10F4C000042387F8433046E1082387F8433042E1BC
:10F4D000102387F843303EE1F369FFCF000C00585A
:10F4E000FFF4FF11001001400044025800440040A6
:10F4F00000480040004C004000500040202387F8A6
:10F50000433028E1402387F8433024E1802387F803
:10F51000433020E17B691B68CB4A934276D1CB4BC9
:10F520005B6D03F03803282B6CD801A252F823F04E
:10F53000D5F5000805F6000805F6000805F60008F0
:10F5400005F6000805F6000805F6000805F60008AF
:10F55000DDF5000805F6000805F6000805F60008C8
:10F5600005F6000805F6000805F6000805F600088F
:10F57000E5F5000805F6000805F6000805F60008A0
:10F5800005F6000805F6000805F6000805F600086F
:10F59000EDF5000805F6000805F6000805F6000878
:10F5A00005F6000805F6000805F6000805F600084F
:10F5B000F5F5000805F6000805F6000805F6000850
:10F5C00005F6000805F6000805F6000805F600082F
:10F5D000FDF50008012387F84330BCE0042387F8D9
:10F5E0004330B8E0082387F84330B4E0102387F8AD
:10F5F0004330B0E0202387F84330ACE0402387F865
:10F600004330A8E0802387F84330A4E07B691B687F
:10F610008F4A934230D18D4B5B6D03F00703052B6E
:10F6200026D801A252F823F041F6000849F6000856
:10F6300051F6000859F6000861F6000869F600085E
:10F64000002387F8433086E0042387F8433082E0C4
:10F65000082387F843307EE0102387F843307AE0B0
:10F66000202387F8433076E0402387F8433072E068
:10F67000802387F843306EE07B691B68754A9342AC
:10F6800030D1724B5B6D03F00703052B26D801A226
:10F6900052F823F0ADF60008B5F60008BDF60008F4
:10F6A000C5F60008CDF60008D5F60008002387F857
:10F6B000433050E0042387F843304CE0082387F8B8
:10F6C000433048E0102387F8433044E0202387F894
:10F6D000433040E0402387F843303CE0802387F804
:10F6E000433038E07B691B685B4A934230D1574B0B
:10F6F0009B6D03F00703052B26D801A252F823F0D7
:10F7000019F7000821F7000829F7000831F7000869
:10F7100039F7000841F70008022387F843301AE060
:10F72000042387F8433016E0082387F8433012E0BB
:10F73000102387F843300EE0202387F843300AE097
:10F74000402387F8433006E0802387F8433002E007
:10F75000802387F843307B691B683F4A934240F01F
:10F76000F88097F84330202B46DC022BC0F28280D1
:10F77000023B1E2B7ED801A252F823F0FFF70008AF
:10F7800075F8000807F8000875F8000875F8000813
:10F7900075F8000817F8000875F8000875F80008F3
:10F7A00075F8000875F8000875F8000875F8000885
:10F7B00075F8000827F8000875F8000875F80008C3
:10F7C00075F8000875F8000875F8000875F8000865
:10F7D00075F8000875F8000875F8000875F8000855
:10F7E00075F8000875F8000875F8000875F8000845
:10F7F00075F8000867F80008402B37D03AE0F6F7B4
:10F8000063FCF8633CE007F124031846F6F772FC4A
:10F81000BB6AFB6334E007F118031846F6F7BEFD38
:10F82000FB69FB632CE0094B1B6803F02003002BF2
:10F8300016D0064B1B68DB0803F00303074A22FAC5
:10F8400003F3FB631CE000BF0014014000440258B6
:10F8500000780040007C0040000C00580090D0036D
:10F860009D4BFB630CE09D4BFB6309E04FF40043B1
:10F87000FB6305E00023FB63012387F8423000BFF0
:10F88000FB6B002B00F0DE817B695B6A944A32F8E7
:10F8900013301A46FB6BB3FBF2F33B637B695A6888
:10F8A00013465B0013443A6B9A4205D37B695B684D
:10F8B0001B033A6B9A4203D9012387F84230C1E116
:10F8C000FB6B0022BB60FA607B695B6A844A32F89A
:10F8D00013309BB200223B607A60D7E90023D7E95E
:10F8E0000201F0F7B9FE02460B46104619464FF0EA
:10F8F00000024FF000030B0243EA10630202796931
:10F900004968490800200C46054612EB040843EB01
:10F9100005097B695B6800229A46934652465B461E
:10F9200040464946F0F798FE02460B461346BB6335
:10F93000BB6BB3F5407F08D3BB6BB3F5801F04D21C
:10F940007B691B68BA6BDA607CE1012387F842307F
:10F9500078E17B69DB69B3F5004F40F0C58097F82B
:10F960004330202B48DC002B7BDB202B79D801A2F5
:10F9700052F823F0FFF9000807FA000863FA0008BC
:10F9800063FA00080FFA000863FA000863FA000837
:10F9900063FA00081FFA000863FA000863FA000817
:10F9A00063FA000863FA000863FA000863FA0008C3
:10F9B00063FA00082FFA000863FA000863FA0008E7
:10F9C00063FA000863FA000863FA000863FA0008A3
:10F9D00063FA000863FA000863FA000863FA000893
:10F9E00063FA000863FA000863FA000863FA000883
:10F9F00063FA000855FA0008402B2ED031E0F4F7E6
:10FA00006BFBF86333E0F4F77DFBF8632FE007F15D
:10FA100024031846F6F76EFBBB6AFB6327E007F189
:10FA200018031846F6F7BAFCFB69FB631FE02D4B81
:10FA30001B6803F02003002B09D02A4B1B68DB084E
:10FA400003F00303244A22FA03F3FB630FE0224B83
:10FA5000FB630CE0214BFB6309E04FF40043FB63C5
:10FA600005E00023FB63012387F8423000BFFB6BF6
:10FA7000002B00F0E7807B695B6A194A32F813308B
:10FA80001A46FB6BB3FBF2F35A007B695B685B08B9
:10FA90001A447B695B68B2FBF3F3BB63BB6B0F2B50
:10FAA00016D9BB6BB3F5803F12D2BB6B9BB223F070
:10FAB0000F03FB86BB6B5B089BB203F007039AB294
:10FAC000FB8E1343FB867B691B68FA8EDA60B9E014
:10FAD000012387F84230B5E00090D00300093D00D3
:10FAE000A4DF04080044025897F84330202B49DC77
:10FAF000002B7CDB202B7AD801A252F823F000BF28
:10FB00008BFB000893FB0008EFFB0008EFFB0008ED
:10FB10009BFB0008EFFB0008EFFB0008EFFB000871
:10FB2000ABFB0008EFFB0008EFFB0008EFFB000851
:10FB3000EFFB0008EFFB0008EFFB0008EFFB0008FD
:10FB4000BBFB0008EFFB0008EFFB0008EFFB000821
:10FB5000EFFB0008EFFB0008EFFB0008EFFB0008DD
:10FB6000EFFB0008EFFB0008EFFB0008EFFB0008CD
:10FB7000EFFB0008EFFB0008EFFB0008EFFB0008BD
:10FB8000E1FB0008402B2ED031E0F4F7A5FAF86332
:10FB900033E0F4F7B7FAF8632FE007F124031846CF
:10FBA000F6F7A8FABB6AFB6327E007F118031846CB
:10FBB000F6F7F4FBFB69FB631FE02D4B1B6803F0BA
:10FBC0002003002B09D02A4B1B68DB0803F003033A
:10FBD000284A22FA03F3FB630FE0264BFB630CE099
:10FBE000254BFB6309E04FF40043FB6305E0002372
:10FBF000FB63012387F8423000BFFB6B002B21D051
:10FC00007B695B6A1D4A32F813301A46FB6BB3FB03
:10FC1000F2F27B695B685B081A447B695B68B2FB44
:10FC2000F3F3BB63BB6B0F2B09D9BB6BB3F5803F01
:10FC300005D2BB6B9AB27B691B68DA6002E00123D4
:10FC400087F842307B690122A3F86A207B69012290
:10FC5000A3F868207B6900225A677B6900229A67B3
:10FC600097F8423018464837BD46BDE8B08F00BF10
:10FC7000004402580090D00300093D00A4DF0408AE
:10FC800080B483B000AF78607B689B6A03F00803A0
:10FC9000002B0AD07B681B685B6823F400417B68FB
:10FCA0009A6B7B681B680A435A607B689B6A03F007
:10FCB0000103002B0AD07B681B685B6823F40031CA
:10FCC0007B68DA6A7B681B680A435A607B689B6AB8
:10FCD00003F00203002B0AD07B681B685B6823F4E7
:10FCE00080317B681A6B7B681B680A435A607B68AB
:10FCF0009B6A03F00403002B0AD07B681B685B68D7
:10FD000023F480217B685A6B7B681B680A435A6026
:10FD10007B689B6A03F01003002B0AD07B681B688A
:10FD20009B6823F480517B68DA6B7B681B680A430D
:10FD30009A607B689B6A03F02003002B0AD07B68E3
:10FD40001B689B6823F400517B681A6C7B681B68F6
:10FD50000A439A607B689B6A03F04003002B1AD029
:10FD60007B681B685B6823F480117B685A6C7B6836
:10FD70001B680A435A607B685B6CB3F5801F0AD12D
:10FD80007B681B685B6823F4C0017B689A6C7B68A6
:10FD90001B680A435A607B689B6A03F08003002B50
:10FDA0000AD07B681B685B6823F400217B68DA6CEF
:10FDB0007B681B680A435A6000BF0C37BD465DF87C
:10FDC000047B704780B598B002AF78607B680022F2
:10FDD000C3F89020FAF714FC78657B681B681B68F1
:10FDE00003F00803082B2FD16FF07E4300937B6D47
:10FDF00000224FF40011786800F08EF80346002BC3
:10FE000022D07B681B68BB63BB6B53E8003F7B63FE
:10FE10007B6B23F080033B657B681B681A463B6D58
:10FE20007B643A64396C7A6C41E80023FB63FB6BBA
:10FE3000002BE6D17B682022C3F888207B68002253
:10FE400083F88420032363E07B681B681B6803F04E
:10FE50000403042B49D16FF07E4300937B6D002295
:10FE60004FF48001786800F057F80346002B3CD02F
:10FE70007B681B687B627B6A53E8003F3B623B6A9E
:10FE800023F49073FB647B681B681A46FB6C3B632E
:10FE9000FA62F96A3A6B41E80023BB62BB6A002B45
:10FEA000E6D17B681B6808333B613B6953E8003F40
:10FEB000FB60FB6823F00103BB647B681B680833AD
:10FEC000BA6CFA61BB61B969FA6941E800237B61E8
:10FED0007B69002BE5D17B682022C3F88C207B68EE
:10FEE000002283F88420032312E07B682022C3F8D9
:10FEF00088207B682022C3F88C207B680022DA6689
:10FF00007B6800221A677B68002283F88420002324
:10FF100018465837BD4680BD80B584B000AFF86044
:10FF2000B9603B601346FB714FE0BB69B3F1FF3F23
:10FF30004BD0FAF765FB02463B68D31ABA699A427E
:10FF400002D3BB69002B01D103234EE0FB681B6881
:10FF50001B6803F00403002B37D0BB68802B34D020
:10FF6000BB68402B31D0FB681B68DB6903F00803DA
:10FF7000082B10D1FB681B6808221A62F86800F091
:10FF800021F9FB680822C3F89020FB68002283F85F
:10FF90008420012329E0FB681B68DB6903F400630C
:10FFA000B3F5006F11D1FB681B684FF400621A6251
:10FFB000F86800F007F9FB682022C3F89020FB687E
:10FFC000002283F8842003230FE0FB681B68DA69B2
:10FFD000BB681340BA689A420CBF01230023DBB20E
:10FFE0001A46FB799A42A0D0002318461037BD4626
:10FFF00080BD000080B596B000AFF860B9601346D0
:020000040801F1
:10000000FB80FB68BA689A65FB68FA88A3F85C20F5
:10001000FB680022C3F89020FB682222C3F88C20E2
:10002000FB68D3F88030002B2DD0FB68D3F88030EC
:10003000404ADA63FB68D3F880303F4A1A64FB68B1
:10004000D3F880303D4ADA64FB68D3F88030002270
:100050001A65FB68D3F88000FB681B6824331946D7
:10006000FB689B6D1A46FB88F7F7BAFD0346002B29
:1000700009D0FB681022C3F89020FB682022C3F847
:100080008C20012351E0FB681B69002B18D0FB6812
:100090001B68FB63FB6B53E8003FBB63BB6B43F424
:1000A00080737B65FB681B681A467B6DBB647A6452
:1000B000796CBA6C41E800233B643B6C002BE6D1C1
:1000C000FB681B680833BB62BB6A53E8003F7B6276
:1000D0007B6A43F001033B65FB681B6808333A6D9C
:1000E0007A633B63396B7A6B41E80023FB62FB6AFE
:1000F000002BE5D1FB681B6808337B617B6953E803
:10010000003F3B613B6943F04003FB64FB681B68B5
:100110000833FA6C3A62FB61F9693A6A41E80023F4
:10012000BB61BB69002BE5D1002318465837BD469B
:1001300080BD00BF430301086B040108A904010846
:1001400080B48FB000AF78607B681B683B623B6A0D
:1001500053E8003FFB61FB6923F0C0037B637B68CE
:100160001B681A467B6BFB62BA62B96AFA6A41E89D
:1001700000237B627B6A002BE6D17B681B68083317
:10018000FB60FB6853E8003FBB60BB6823F40003DF
:100190003B637B681B6808333A6BBA617B617969A2
:1001A000BA6941E800233B613B69002BE5D17B68DC
:1001B0002022C3F8882000BF3C37BD465DF8047B91
:1001C0007047000080B495B000AF78607B681B6812
:1001D0007B637B6B53E8003F3B633B6B23F4907383
:1001E000FB647B681B681A46FB6C3B64FA63F96B23
:1001F0003A6C41E80023BB63BB6B002BE6D17B6804
:100200001B6808333B623B6A53E8003FFB61FA69B5
:100210001E4B1340BB647B681B680833BA6CFA62E0
:10022000BB62B96AFA6A41E800237B627B6A002BF1
:10023000E5D17B68DB6E012B18D17B681B68FB6006
:10024000FB6853E8003FBB60BB6823F010037B648E
:100250007B681B681A467B6CBB617A617969BA69F5
:1002600041E800233B613B69002BE6D17B682022FB
:10027000C3F88C207B680022DA667B6800225A670C
:1002800000BF5437BD465DF8047B7047FEFFFFEFAB
:1002900080B590B000AF78607B689B6BFB637B6838
:1002A000DB69B3F5807F37D0FB6B0022A3F85620C3
:1002B000FB6B1B6808337B627B6A53E8003F3B6241
:1002C0003B6A23F08003BB63FB6B1B680833BA6B8C
:1002D0003A63FB62F96A3A6B41E80023BB62BB6A8E
:1002E000002BE5D1FB6B1B683B613B6953E8003F8A
:1002F000FB60FB6843F040037B63FB6B1B681A46A3
:100300007B6BFB61BA61B969FA6941E800237B61E3
:100310007B69002BE6D102E0F86B1BF05FF800BFB1
:100320004037BD4680BD80B584B000AF78607B6843
:100330009B6BFB60F868FEF705FF00BF1037BD46FA
:1003400080BD80B59CB000AF78607B689B6BFB661E
:100350007B68DB69B3F5807F71D0FB6E0022A3F868
:100360005E20FB6E1B68FB64FB6C53E8003FBB64C4
:10037000BB6C23F48073BB66FB6E1B681A46BB6EB6
:10038000BB657A65796DBA6D41E800233B653B6DCD
:10039000002BE6D1FB6E1B680833BB63BB6B53E8D5
:1003A000003F7B637B6B23F001037B66FB6E1B6866
:1003B00008337A6E7A643B64396C7A6C41E80023C6
:1003C000FB63FB6B002BE5D1FB6E1B6808337B6284
:1003D0007B6A53E8003F3B623B6A23F040033B6685
:1003E000FB6E1B6808333A6E3A63FB62F96A3A6B3C
:1003F00041E80023BB62BB6A002BE5D1FB6E2022E3
:10040000C3F88C20FB6EDB6E012B18D1FB6E1B68D2
:100410003B613B6953E8003FFB60FB6823F010033E
:10042000FB65FB6E1B681A46FB6DFB61BA61B9691F
:10043000FA6941E800237B617B69002BE6D1FB6E02
:1004400000221A67FB6EDB6E012B07D1FB6EB3F83F
:100450005C301946F86E1AF0D3FF02E0F86EFEF732
:100460007BFE00BF7037BD4680BD80B584B000AF55
:1004700078607B689B6BFB60FB6801221A67FB68F6
:10048000DB6E012B09D1FB68B3F85C305B089BB2D3
:100490001946F8681AF0B4FF02E0F868FEF766FE45
:1004A00000BF1037BD4680BD80B586B000AF786014
:1004B0007B689B6B7B617B69D3F888303B617B6990
:1004C000D3F88C30FB607B691B689B6803F080036A
:1004D000802B09D13B69212B06D17B690022A3F82F
:1004E00056207869FFF72CFE7B691B689B6803F038
:1004F0004003402B09D1FB68222B06D17B690022E7
:10050000A3F85E207869FFF75DFE7B69D3F8903031
:1005100043F010027B69C3F890207869FEF730FE43
:1005200000BF1837BD4680BD80B584B000AF78608D
:100530007B689B6BFB60FB680022A3F85E20F86879
:10054000FEF71EFE00BF1037BD4680BD80B588B0E7
:1005500000AF78607B681B68FB60FB6853E8003F76
:10056000BB60BB6823F04003FB617B681B681A46D5
:10057000FB69BB617A617969BA6941E800233B6133
:100580003B69002BE6D17B682022C3F888207B687A
:1005900000229A6778681AF021FF00BF2037BD4615
:1005A00080BD80B483B000AF786000BF0C37BD461B
:1005B0005DF8047B704780B483B000AF786000BF03
:1005C0000C37BD465DF8047B704780B483B000AF44
:1005D000786000BF0C37BD465DF8047B704780B47F
:1005E00085B000AF78607B6893F88430012B01D12F
:1005F000022327E07B68012283F884207B68242281
:10060000C3F888207B681B681B68FB607B681B68DD
:100610001A687B681B6822F001021A60FB6823F0ED
:100620000053FB607B6800225A667B681B68FA688F
:100630001A607B682022C3F888207B68002283F838
:100640008420002318461437BD465DF8047B7047AC
:1006500080B584B000AF786039607B6893F88430EF
:10066000012B01D102232DE07B68012283F8842035
:100670007B682422C3F888207B681B681B68FB60AA
:100680007B681B681A687B681B6822F001021A608D
:100690007B681B689B6823F060417B681B683A6835
:1006A0000A439A60786800F0A3F87B681B68FA68D0
:1006B0001A607B682022C3F888207B68002283F8B8
:1006C0008420002318461037BD4680BD80B584B015
:1006D00000AF786039607B6893F88430012B01D1DA
:1006E00002232DE07B68012283F884207B6824228A
:1006F000C3F888207B681B681B68FB607B681B68ED
:100700001A687B681B6822F001021A607B681B680C
:100710009B6823F060617B681B683A680A439A60B3
:10072000786800F065F87B681B68FA681A607B6877
:100730002022C3F888207B68002283F884200023CD
:1007400018461037BD4680BD80B58CB000AFF8604C
:10075000B9601346FB80FB68D3F88C30202B42D164
:10076000BB68002B02D0FB88002B01D101233BE0AA
:10077000FB680122DA66FB6800221A67FB881A46CA
:10078000B968F868FFF736FC034687F82F3097F80A
:100790002F30002B24D1FB68DB6E012B1DD1FB68B1
:1007A0001B6810221A62FB681B68BB61BB6953E8B7
:1007B000003F7B617B6943F01003BB62FB681B68F1
:1007C0001A46BB6A7B623A62396A7A6A41E8002358
:1007D000FB61FB69002BE6D102E0012387F82F3093
:1007E00097F82F3000E0022318463037BD4680BD11
:1007F00080B485B000AF78607B685B6E002B08D159
:100800007B680122A3F86A207B680122A3F8682094
:1008100031E01023FB731023BB737B681B689B685C
:100820005B0EDBB203F007037B737B681B689B687E
:100830005B0FDBB203F007033B73BB7B3A7B1149D1
:100840008A5C02FB03F33A7B0F498A5C93FBF2F369
:100850009AB27B68A3F86A20FB7B7A7B09498A5CA1
:1008600002FB03F37A7B08498A5C93FBF2F39AB2AA
:100870007B68A3F8682000BF1437BD465DF8047B91
:10088000704700BFBCDF0408C4DF040880B483B035
:1008900000AF786039607B68002B0BD03B68DB6869
:1008A000002B07D03B689B68002B03D03B681B697B
:1008B000002B02D14FF0FF3314E03B681A687B68CD
:1008C0009A603B685A687B68DA603B68DA687B68E4
:1008D0005A613B689A687B681A613B681A697B6851
:1008E0009A61002318460C37BD465DF8047B7047BB
:1008F00080B586B000AF78600023FB6000237B6189
:1009000000233B617B685B68002B39D17B689B6867
:10091000002B02D07B689B6898477B6820221A6076
:1009200000237B611CE07B685B6907F10C021221EC
:10093000786998470346002B03DA6FF004033B61A4
:100940000BE0FB6803F01F037A699A4205D17B68CC
:100950007A691A6000233B6105E07B6901337B61A2
:100960007B691F2BDFD97B681B681F2B02D96FF0B7
:1009700002033B613B69002B02D17B6801225A6074
:100980003B6918461837BD4680BD80B584B000AFBE
:1009900078600023FB607B685B697A68106807F108
:1009A0000C02012198470346002B02DA6FF0040382
:1009B0006EE07B685B697A68106807F10C020121C0
:1009C00098470346002B02DA6FF0040360E0FB68EF
:1009D00003F00403002B01D1012359E07B685B691C
:1009E0007A68106807F10C02002198470346002B33
:1009F00002DA6FF004034BE0FB6803F48053002B32
:100A00001BD1FB6803F40053002B06D0FB6803F4F2
:100A10008073002B01D002233AE0FB6803F40053FB
:100A2000002B01D0032333E0FB6803F48073002B19
:100A300001D004232CE005232AE07B685B697A68F7
:100A4000106807F10C021F2198470346002B02DAB9
:100A50006FF004031CE0FB6803F48053002B01D10A
:100A6000062315E0FB6803F01C03182B01D10223B9
:100A70000EE0FB6803F01C03082B01D1032307E001
:100A8000FB6803F01C03142B01D1042300E00523B1
:100A900018461037BD4680BD80B483B000AF786083
:100AA0007B6803F108027B685A607B684FF0FF3275
:100AB0009A607B6803F108027B68DA607B6803F167
:100AC00008027B681A617B6800221A6000BF0C373D
:100AD000BD465DF8047B704780B483B000AF78609A
:100AE0007B6800221A6100BF0C37BD465DF8047BAD
:100AF000704780B485B000AF786039607B685B6810
:100B0000FB603B68FA685A60FB689A683B689A60C9
:100B1000FB689B683A685A60FB683A689A603B6871
:100B20007A681A617B681B685A1C7B681A6000BF70
:100B30001437BD465DF8047B704780B485B000AFC4
:100B4000786039603B681B68BB60BB68B3F1FF3FEE
:100B500003D17B681B69FB600CE07B680833FB609A
:100B600002E0FB685B68FB60FB685B681B68BA6857
:100B70009A42F6D2FB685A683B685A603B685B68E9
:100B80003A689A603B68FA689A60FB683A685A600B
:100B90003B687A681A617B681B685A1C7B681A601C
:100BA00000BF1437BD465DF8047B704780B485B044
:100BB00000AF78607B681B69FB607B685B687A6864
:100BC00092689A607B689B687A6852685A60FB6892
:100BD0005B687A689A4203D17B689A68FB685A60BE
:100BE0007B6800221A61FB681B685A1EFB681A604A
:100BF000FB681B6818461437BD465DF8047B7047D8
:100C000080B584B000AF786039607B68FB60FB68BA
:100C1000002B0BD14FF0500383F31188BFF36F8F7C
:100C2000BFF34F8FBB6000BF00BFFDE704F0A4F827
:100C3000FB681A68FB68DB6BF968096C01FB03F35E
:100C40001A44FB689A60FB6800229A63FB681A6882
:100C5000FB685A60FB681A68FB68DB6B013BF9684C
:100C6000096C01FB03F31A44FB68DA60FB68FF229E
:100C700083F84420FB68FF2283F845203B68002B63
:100C800014D1FB681B69002B1AD0FB68103318467F
:100C900001F0D4FD0346002B12D00D4B4FF08052D3
:100CA0001A60BFF34F8FBFF36F8F09E0FB681033FB
:100CB0001846FFF7F1FEFB6824331846FFF7ECFEF9
:100CC00004F08CF8012318461037BD4680BD00BFE4
:100CD00004ED00E080B58EB002AFF860B9607A60D4
:100CE0003B60FB68002B0BD14FF0500383F311885E
:100CF000BFF36F8FBFF34F8FBB6200BF00BFFDE735
:100D00003B68002B0BD14FF0500383F31188BFF3E6
:100D10006F8FBFF34F8F7B6200BF00BFFDE77B6823
:100D2000002B02D0BB68002B01D0012300E0002380
:100D3000002B0BD14FF0500383F31188BFF36F8F5B
:100D4000BFF34F8F3B6200BF00BFFDE77B68002B06
:100D500002D1BB68002B01D1012300E00023002B4E
:100D60000BD14FF0500383F31188BFF36F8FBFF3A4
:100D70004F8FFB6100BF00BFFDE750237B617B69A4
:100D8000502B0BD04FF0500383F31188BFF36F8FBC
:100D9000BFF34F8FBB6100BF00BFFDE77B693B68BE
:100DA000FB62FB6A002B0DD0FB6A012283F8462010
:100DB00097F83820FB6A009313467A68B968F86898
:100DC00000F040F8FB6A18463037BD4680BD80B55C
:100DD0008AB002AFF860B9601346FB71FB68002B64
:100DE0000BD14FF0500383F31188BFF36F8FBFF324
:100DF0004F8F3B6100BF00BFFDE7FB68BA6802FB95
:100E000003F3FB61FB695033184603F07BFCB861C8
:100E1000BB69002B11D0BB697B617B6950337B615F
:100E2000BB69002283F84620FA79BB690093134618
:100E30007A69B968F86800F005F8BB691846203788
:100E4000BD4680BD80B584B000AFF860B9607A60FF
:100E5000FB70BB68002B03D1BB69BA691A6002E062
:100E6000BB697A681A60BB69FA68DA63BB69BA68F9
:100E70001A640121B869FFF7C3FEBB69FA7883F8E9
:100E80004C2000BF1037BD4680BD80B582B000AF9A
:100E900078607B68002B0ED07B6800229A607B68AC
:100EA00000221A607B680022DA6000230022002101
:100EB000786800F011F900BF0837BD4680BD80B5E5
:100EC00086B000AF0346FB7101237B6100233B61C9
:100ED000FB791A4639697869FFF779FFF860F86895
:100EE000FFF7D3FFFB6818461837BD4680BD80B5B5
:100EF00088B002AF03463960FB7101237B61002398
:100F00003B61FB7900933B68002239697869FFF700
:100F1000E1FEF860F868FFF7B8FFFB68184618377D
:100F2000BD4680BD90B587B000AF78607B683B61FF
:100F30003B69002B0BD14FF0500383F31188BFF3B3
:100F40006F8FBFF34F8FFB6000BF00BFFDE73B69B2
:100F50009C6801F0C9FE03469C4211D13B69DB68E5
:100F60005A1E3B69DA603B69DB68002B05D1002320
:100F700000220021386900F0AFF801237B6101E015
:100F800000237B617B6918461C37BD4690BD90B538
:100F900087B000AF786039607B683B613B69002BAC
:100FA0000BD14FF0500383F31188BFF36F8FBFF362
:100FB0004F8FFB6000BF00BFFDE73B699C6801F0FD
:100FC00093FE03469C4207D13B69DB685A1C3B6990
:100FD000DA6001237B610CE03968386900F08EFB30
:100FE00078617B69002B04D03B69DB685A1C3B6944
:100FF000DA607B6918461C37BD4690BD80B58AB063
:1010000002AFF860B9607A60FB68002B0BD14FF03B
:10101000500383F31188BFF36F8FBFF34F8FBB6112
:1010200000BF00BFFDE7BA68FB689A420BD94FF0DA
:10103000500383F31188BFF36F8FBFF34F8F7B6132
:1010400000BF00BFFDE7022300937B680022002160
:10105000F868FFF73FFEF861FB69002B02D0FB69DF
:10106000BA689A63FB6918462037BD4680BD80B5D3
:1010700086B000AF786039607B68002B0BD14FF0F1
:10108000500383F31188BFF36F8FBFF34F8F3B6122
:1010900000BF00BFFDE73A687B689A420BD94FF06A
:1010A000500383F31188BFF36F8FBFF34F8FFB6043
:1010B00000BF00BFFDE7022200217868FFF787FE2E
:1010C00078617B69002B02D07B693A689A637B69FF
:1010D00018461837BD4680BD80B58EB000AFF860A9
:1010E000B9607A603B6000237B63FB683B633B6BCA
:1010F000002B0BD14FF0500383F31188BFF36F8F98
:10110000BFF34F8FBB6200BF00BFFDE7BB68002B82
:1011100003D13B6B1B6C002B01D1012300E00023AA
:10112000002B0BD14FF0500383F31188BFF36F8F67
:10113000BFF34F8F7B6200BF00BFFDE73B68022B10
:1011400003D13B6BDB6B012B01D1012300E00023BA
:10115000002B0BD14FF0500383F31188BFF36F8F37
:10116000BFF34F8F3B6200BF00BFFDE701F0CCFD36
:101170000346002B02D17B68002B01D1012300E044
:101180000023002B0BD14FF0500383F31188BFF3E2
:101190006F8FBFF34F8FFB6100BF00BFFDE703F010
:1011A000EBFD3B6B9A6B3B6BDB6B9A4202D33B686C
:1011B000022B29D13A68B968386B00F06DFCF862EF
:1011C0003B6B5B6A002B10D03B6B2433184601F05D
:1011D00035FB0346002B13D03F4B4FF080521A6073
:1011E000BFF34F8FBFF36F8F0AE0FB6A002B07D06E
:1011F000394B4FF080521A60BFF34F8FBFF36F8FA0
:1012000003F0ECFD012363E07B68002B03D103F0C6
:10121000E5FD00235CE07B6B002B06D107F1140396
:10122000184601F071FB01237B6303F0D7FD01F049
:1012300059F803F0A1FD3B6B93F844305BB2B3F176
:10124000FF3F03D13B6B002283F844203B6B93F8B4
:1012500045305BB2B3F1FF3F03D13B6B002283F813
:10126000452003F0BBFD3A1D07F114031146184653
:1012700001F060FB0346002B24D1386B00F004FD25
:101280000346002B18D03B6B10337A681146184682
:1012900001F082FA386B00F08FFC01F069F8034628
:1012A000002B7FF47CAF0C4B4FF080521A60BFF3E1
:1012B0004F8FBFF36F8F72E7386B00F07DFC01F04A
:1012C00057F86CE7386B00F077FC01F051F8002319
:1012D00018463837BD4680BD04ED00E080B590B0BB
:1012E00000AFF860B9607A603B60FB68BB63BB6BC2
:1012F000002B0BD14FF0500383F31188BFF36F8F96
:10130000BFF34F8FBB6200BF00BFFDE7BB68002B80
:1013100003D1BB6B1B6C002B01D1012300E0002328
:10132000002B0BD14FF0500383F31188BFF36F8F65
:10133000BFF34F8F7B6200BF00BFFDE73B68022B0E
:1013400003D1BB6BDB6B012B01D1012300E0002338
:10135000002B0BD14FF0500383F31188BFF36F8F35
:10136000BFF34F8F3B6200BF00BFFDE703F0C8FE35
:10137000EFF311824FF0500383F31188BFF36F8FA7
:10138000BFF34F8FFA61BB61FB697B63BB6B9A6BE9
:10139000BB6BDB6B9A4202D33B68022B2FD1BB6B3A
:1013A00093F8453087F83330BB6B9B6BFB623A6830
:1013B000B968B86B00F070FB97F93330B3F1FF3FB9
:1013C00012D1BB6B5B6A002B16D0BB6B2433184663
:1013D00001F034FA0346002B0ED07B68002B0BD0B3
:1013E0007B6801221A6007E097F833300133DBB2E3
:1013F0005AB2BB6B83F845200123FB6301E0002355
:10140000FB637B6B7B617B6983F3118800BFFB6BA4
:1014100018464037BD4680BD80B58EB000AF7860BD
:1014200039607B683B633B6B002B0BD14FF0500363
:1014300083F31188BFF36F8FBFF34F8F3B6200BF01
:1014400000BFFDE73B6B1B6C002B0BD04FF0500334
:1014500083F31188BFF36F8FBFF34F8FFB6100BF22
:1014600000BFFDE73B6B1B68002B03D13B6B9B6808
:10147000002B01D1012300E00023002B0BD14FF002
:10148000500383F31188BFF36F8FBFF34F8FBB619E
:1014900000BF00BFFDE703F033FEEFF311824FF012
:1014A000500383F31188BFF36F8FBFF34F8F7A61BF
:1014B0003B617B69FB623B6B9B6BBB623B6BDB6B9A
:1014C000BA6A9A422BD23B6B93F8453087F82730A3
:1014D000BB6A5A1C3B6B9A6397F92730B3F1FF3F05
:1014E00012D13B6B5B6A002B16D03B6B2433184642
:1014F00001F0A4F90346002B0ED03B68002B0BD063
:101500003B6801221A6007E097F827300133DBB20D
:101510005AB23B6B83F8452001237B6301E0002333
:101520007B63FB6AFB60FB6883F3118800BF7B6B06
:1015300018463837BD4680BD80B58CB000AFF86026
:10154000B9607A600023FB62FB68BB62BB6A002B58
:101550000BD14FF0500383F31188BFF36F8FBFF3AC
:101560004F8F3B6200BF00BFFDE7BB68002B03D17C
:10157000BB6A1B6C002B01D1012300E00023002B70
:101580000BD14FF0500383F31188BFF36F8FBFF37C
:101590004F8FFB6100BF00BFFDE701F0B5FB0346C5
:1015A000002B02D17B68002B01D1012300E0002336
:1015B000002B0BD14FF0500383F31188BFF36F8FD3
:1015C000BFF34F8FBB6100BF00BFFDE703F0D4FB4B
:1015D000BB6A9B6B7B627B6A002B1FD0B968B86AC1
:1015E00000F0C4FA7B6A5A1EBB6A9A63BB6A1B6925
:1015F000002B0FD0BB6A1033184601F01FF90346C9
:10160000002B07D03C4B4FF080521A60BFF34F8F36
:10161000BFF36F8F03F0E2FB012369E07B68002BCF
:1016200003D103F0DBFB002362E0FB6A002B06D151
:1016300007F11003184601F067F90123FB6203F07C
:10164000CDFB00F04FFE03F097FBBB6A93F84430EC
:101650005BB2B3F1FF3F03D1BB6A002283F84420A1
:10166000BB6A93F845305BB2B3F1FF3F03D1BB6A6D
:10167000002283F8452003F0B1FB3A1D07F1100367
:101680001146184601F056F90346002B23D1B86ADB
:1016900000F0E4FA0346002B17D0BB6A24337A68C3
:1016A0001146184601F078F8B86A00F085FA00F0A3
:1016B0005FFE0346002B89D10F4B4FF080521A601A
:1016C000BFF34F8FBFF36F8F80E7B86A00F074FAF3
:1016D00000F04EFE7AE7B86A00F06EFA00F048FEBD
:1016E000B86A00F0BBFA0346002B3FF46FAF00234B
:1016F00018463037BD4680BD04ED00E080B58EB0A1
:1017000000AF7860396000237B637B68FB62002355
:101710003B63FB6A002B0BD14FF0500383F311881E
:10172000BFF36F8FBFF34F8F3B6200BF00BFFDE77A
:10173000FB6A1B6C002B0BD04FF0500383F3118816
:10174000BFF36F8FBFF34F8FFB6100BF00BFFDE79B
:1017500001F0DAFA0346002B02D13B68002B01D1DD
:10176000012300E00023002B0BD14FF0500383F343
:101770001188BFF36F8FBFF34F8FBB6100BF00BFF6
:10178000FDE703F0F9FAFB6A9B6BBB62BB6A002BB7
:1017900024D0BB6A5A1EFB6A9A63FB6A1B68002B43
:1017A00004D101F02BFC0246FB6A9A60FB6A1B69BC
:1017B000002B0FD0FB6A1033184601F03FF80346A8
:1017C000002B07D0544B4FF080521A60BFF34F8F5D
:1017D000BFF36F8F03F002FB012398E03B68002BFF
:1017E00012D13B6B002B0BD04FF0500383F31188C9
:1017F000BFF36F8FBFF34F8F7B6100BF00BFFDE76B
:1018000003F0ECFA002382E07B6B002B06D107F19A
:101810000C03184601F078F801237B6303F0DEFA2D
:1018200000F060FD03F0A8FAFB6A93F844305BB265
:10183000B3F1FF3F03D1FB6A002283F84420FB6A27
:1018400093F845305BB2B3F1FF3F03D1FB6A00224E
:1018500083F8452003F0C2FA3A4607F10C0311461B
:10186000184601F067F80346002B32D1F86A00F001
:10187000F5F90346002B26D0FB6A1B68002B09D123
:1018800003F07AFAFB6A9B68184601F05BFA38634A
:1018900003F0A4FAFB6A24333A681146184600F0B4
:1018A0007BFFF86A00F088F900F062FD0346002B28
:1018B0007FF467AF184B4FF080521A60BFF34F8F21
:1018C000BFF36F8F5DE7F86A00F076F900F050FD26
:1018D00057E7F86A00F070F900F04AFDF86A00F086
:1018E000BDF90346002B3FF44CAF3B6B002B0DD0F2
:1018F00003F042FAF86A00F0B7F87862FB6A9B6876
:10190000796A184601F0F6FA03F068FA00231846DF
:101910003837BD4680BD00BF04ED00E080B58EB015
:1019200000AFF860B9607A60FB683B633B6B002BEB
:101930000BD14FF0500383F31188BFF36F8FBFF3C8
:101940004F8F3B6200BF00BFFDE7BB68002B03D198
:101950003B6B1B6C002B01D1012300E00023002B0B
:101960000BD14FF0500383F31188BFF36F8FBFF398
:101970004F8FFB6100BF00BFFDE703F0C1FBEFF33A
:1019800011824FF0500383F31188BFF36F8FBFF3C1
:101990004F8FBA617B61BB69FB623B6B9B6BBB6228
:1019A000BB6A002B2FD03B6B93F8443087F827306D
:1019B000B968386B00F0DAF8BB6A5A1E3B6B9A6361
:1019C00097F92730B3F1FF3F12D13B6B1B69002B16
:1019D00016D03B6B1033184600F030FF0346002B47
:1019E0000ED07B68002B0BD07B6801221A6007E0C9
:1019F00097F827300133DBB25AB23B6B83F84420AF
:101A000001237B6301E000237B63FB6A3B613B694D
:101A100083F3118800BF7B6B18463837BD4680BD05
:101A200080B584B000AF78607B68FB60FB68002BFA
:101A30000BD14FF0500383F31188BFF36F8FBFF3C7
:101A40004F8FBB6000BF00BFFDE7F86800F05EF994
:101A5000FB6893F84630002B02D1F86802F020FFB3
:101A600000BF1037BD4680BD80B485B000AF786040
:101A70007B685B6A002B06D07B681B6B1B68C3F11D
:101A80003803FB6001E00023FB60FB681846143755
:101A9000BD465DF8047B704780B586B000AFF86046
:101AA000B9607A6000237B61FB689B6B3B61FB68DC
:101AB0001B6C002B0DD1FB681B68002B4DD1FB6804
:101AC0009B68184601F0A6F97861FB6800229A60CD
:101AD00043E07B68002B19D1FB685868FB681B6CDE
:101AE0001A46B96831F08BFCFB685A68FB681B6CBE
:101AF0001A44FB685A60FB685A68FB689B689A4204
:101B00002BD3FB681A68FB685A6026E0FB68D8682C
:101B1000FB681B6C1A46B96831F071FCFB68DA6827
:101B2000FB681B6C5B421A44FB68DA60FB68DA688E
:101B3000FB681B689A4207D2FB689A68FB681B6CBB
:101B40005B421A44FB68DA607B68022B05D13B6973
:101B5000002B02D03B69013B3B613B695A1CFB688F
:101B60009A637B6918461837BD4680BD80B582B040
:101B700000AF786039607B681B6C002B18D07B68E5
:101B8000DA687B681B6C1A447B68DA607B68DA6809
:101B90007B689B689A4203D37B681A687B68DA602B
:101BA0007B68D9687B681B6C1A46386831F027FC63
:101BB00000BF0837BD4680BD80B584B000AF7860F7
:101BC00003F0DAF87B6893F84530FB7311E07B682B
:101BD0005B6A002B12D07B682433184600F02EFE7F
:101BE0000346002B01D000F009FFFB7B013BDBB279
:101BF000FB7397F90F30002BE9DC00E000BF7B6836
:101C0000FF2283F8452003F0E9F803F0B5F87B687C
:101C100093F84430BB7311E07B681B69002B12D032
:101C20007B681033184600F009FE0346002B01D0F4
:101C300000F0E4FEBB7B013BDBB2BB7397F90E30D7
:101C4000002BE9DC00E000BF7B68FF2283F8442022
:101C500003F0C4F800BF1037BD4680BD80B584B026
:101C600000AF786003F088F87B689B6B002B02D193
:101C70000123FB6001E00023FB6003F0AFF8FB6889
:101C800018461037BD4680BD80B584B000AF78607F
:101C900003F072F87B689A6B7B68DB6B9A4202D127
:101CA0000123FB6001E00023FB6003F097F8FB6871
:101CB00018461037BD4680BD80B485B000AF78604F
:101CC00039600023FB6014E00F4AFB6852F83330A0
:101CD000002B0BD10C49FB683A6841F833200A4AC3
:101CE000FB68DB0013447A685A6006E0FB68013346
:101CF000FB60FB68072BE7D900BF00BF1437BD4668
:101D00005DF8047B704700BFC005002480B485B037
:101D100000AF78600023FB6016E0104AFB68DB0030
:101D200013445B687A689A420BD10C4AFB68002125
:101D300042F83310094AFB68DB00134400225A6062
:101D400006E0FB680133FB60FB68072BE5D900BFA9
:101D500000BF1437BD465DF8047B7047C005002402
:101D600080B586B000AFF860B9607A60FB687B61CF
:101D700003F002F87B6993F844305BB2B3F1FF3FA4
:101D800003D17B69002283F844207B6993F84530B6
:101D90005BB2B3F1FF3F03D17B69002283F845209A
:101DA00003F01CF87B699B6B002B06D17B69243305
:101DB0007A68B968184600F015FD7869FFF7FCFEEF
:101DC00000BF1837BD4680BD80B58EB004AFF86047
:101DD000B9607A603B607B6B002B0BD14FF05003F6
:101DE00083F31188BFF36F8FBFF34F8F3B6200BF48
:101DF00000BFFDE7BB6B002B0BD14FF0500383F30B
:101E00001188BFF36F8FBFF34F8FFB6100BF00BF1F
:101E1000FDE74FF4C0733B613B69B3F5C07F0BD066
:101E20004FF0500383F31188BFF36F8FBFF34F8FD1
:101E3000BB6100BF00BFFDE73B69BB6B002B1ED041
:101E40007B6B002B1BD0BB6B7B627B6A7A6B1A634C
:101E50007B6A022283F87D21002303937B6A02932D
:101E600007F1140301933B6B00933B687A68B968F0
:101E7000F86800F051F8786A00F01EF901E00023DC
:101E80007B617B6918462837BD4680BD80B58CB024
:101E900004AFF860B9603B601346FB80FB889B0091
:101EA000184602F02FFC78617B69002B0FD04FF4AD
:101EB000C07002F027FCF861FB69002B03D0FB69BE
:101EC0007A691A6305E0786902F0EAFC01E0002310
:101ED000FB61FB69002B17D0FB69002283F87D2191
:101EE000FA8800230393FB690293FB6A0193BB6AA0
:101EF00000933B68B968F86800F00EF8F86900F0E4
:101F0000DBF80123BB6102E04FF0FF33BB61BB692B
:101F100018462037BD4680BD80B588B000AFF86058
:101F2000B9607A603B603B6B186B7B689B001A461C
:101F3000A52130F0BAFA3B6B1A6B79686FF0404319
:101F40000B449B001344BB61BB6923F00703BB61D7
:101F5000BB6903F00703002B0BD04FF0500383F352
:101F60001188BFF36F8FBFF34F8F7B6100BF00BF3E
:101F7000FDE7BB68002B1FD00023FB6112E0BA68AD
:101F8000FB69134419783A6BFB69134434330A46EE
:101F90001A70BA68FB6913441B78002B06D0FB69E2
:101FA0000133FB61FB690F2BE9D900E000BF3B6BFC
:101FB000002283F8432003E03B6B002283F83420A7
:101FC000BB6A372B01D93723BB623B6BBA6ADA6233
:101FD0003B6BBA6ADA643B6B00221A653B6B0433D5
:101FE0001846FEF779FD3B6B18331846FEF774FD73
:101FF0003B6B3A6B1A61BB6AC3F138023B6B9A6167
:102000003B6B3A6B5A623B6B0022C3F878213B6B07
:10201000002283F87C213B6B58334FF490720021EF
:10202000184630F042FA3B6B204ADA653B6B204A97
:102030001A663B6B1F4A5A66396B4FF001024FF02C
:102040000003C1E93C233B6B43F20E32A3F8F820B6
:102050003B6B4AF6CD32A3F8FA203B6B41F23422B7
:10206000A3F8FC203B6B4EF26D62A3F8FE203B6BA5
:102070004DF6EC62A3F800213B6B0522A3F8022188
:102080003B6B0B22A3F804213A68F968B86902F0A7
:102090003FFD02463B6B1A60FB6A002B02D0FB6AD5
:1020A0003A6B1A6000BF2037BD4680BDF8C70424D4
:1020B00060C80424C8C8042480B582B000AF78602A
:1020C00002F05AFE2D4B1B6801332C4A13602C4B37
:1020D0001B68002B09D12A4A7B681360274B1B68B9
:1020E000012B10D100F004FD0DE0264B1B68002BE6
:1020F00009D1234B1B68DA6A7B68DB6A9A4202D8F3
:102100001F4A7B681360204B1B6801331E4A136013
:102110001D4B1A687B685A647B68DA6A1B4B1B6824
:102120009A4203D97B68DB6A184A13607B68DA6AD3
:1021300013469B0013449B00154A1A447B680433E2
:1021400019461046FEF7D5FC02F048FE0D4B1B6801
:10215000002B0ED00A4B1B68DA6A7B68DB6A9A4256
:1021600007D20C4B4FF080521A60BFF34F8FBFF372
:102170006F8F00BF0837BD4680BD00BFD40A002462
:1021800000060024E00A0024F00A0024DC0A0024EF
:102190000406002404ED00E080B584B000AF786050
:1021A0000023FB607B68002B18D0144B1B68002BAE
:1021B0000BD04FF0500383F31188BFF36F8FBFF341
:1021C0004F8FBB6000BF00BFFDE700F08BF8002120
:1021D000786801F01DF900F0CBF8F860FB68002B7F
:1021E00007D1074B4FF080521A60BFF34F8FBFF3F8
:1021F0006F8F00BF1037BD4680BD00BFFC0A0024B2
:1022000004ED00E080B58AB004AF0023BB6000237A
:102210007B603A46391D07F10803184602F03EFA82
:1022200039687B68BA680292019300230093002307
:102230000A4624492448FFF7C7FD0346234A136092
:10224000224B1B68002B02D001237B6101E000239D
:102250007B617B69012B02D101F02EF978617B69EA
:10226000012B1BD14FF0500383F31188BFF36F8F05
:10227000BFF34F8F3B6100BF154B1B685833154AA6
:102280001360154B4FF0FF321A60144B01221A6095
:10229000134B00221A6002F0CBFC0FE07B69B3F114
:1022A000FF3F0BD14FF0500383F31188BFF36F8FC3
:1022B000BFF34F8FFB6000BF00BFFDE700BF1837C3
:1022C000BD4680BD6C5B0408152A0108F80A00248D
:1022D0000006002488030024F40A0024E00A0024F5
:1022E000D80A002480B400AF044B1B680133034AB2
:1022F000136000BFBD465DF8047B7047FC0A0024F4
:1023000080B483B000AF00233B60144B1B68002BEC
:1023100001D001233B60124B1B68DB6A002B02D00B
:1023200000237B6012E00F4B1B68012B02D90023B6
:102330007B600BE03B68002B02D000237B6005E054
:10234000094B1A68094B1B68D31A7B607B681846D7
:102350000C37BD465DF8047B704700BFDC0A0024E3
:102360000006002404060024F40A0024D80A0024ED
:1023700080B584B000AF0023FB600023BB60424BFC
:102380001B68002B0BD14FF0500383F31188BFF370
:102390006F8FBFF34F8F3B6000BF00BFFDE702F0C0
:1023A000EBFC394B1B68013B374A1360364B1B680B
:1023B000002B62D1354B1B68002B5ED02FE0344BD5
:1023C000DB68DB68FB60FB6818331846FEF7EEFB42
:1023D000FB6804331846FEF7E9FBFB68DA6A2D4B0D
:1023E0001B689A4203D9FB68DB6A2A4A1360FB68C0
:1023F000DA6A13469B0013449B00274A1A44FB6881
:10240000043319461046FEF774FBFB68DA6A234B67
:102410001B68DB6A9A4202D3214B01221A601C4BD3
:102420001B68002BCBD1FB68002B01D000F03CFCDB
:102430001C4B1B687B607B68002B10D000F08CF875
:102440000346002B02D0164B01221A607B68013B29
:102450007B607B68002BF1D1124B00221A60104B7D
:102460001B68002B09D00123BB600F4B4FF080523B
:102470001A60BFF34F8FBFF36F8F02F0AFFCBB68E2
:1024800018461037BD4680BDFC0A0024D40A00243B
:10249000940A0024DC0A0024040600240006002418
:1024A000E80A0024E40A002404ED00E080B483B0CC
:1024B00000AF054B1B687B607B6818460C37BD4638
:1024C0005DF8047B704700BFD80A002480B582B055
:1024D00000AF02F015FE00237B60044B1B683B60DD
:1024E0003B6818460837BD4680BD00BFD80A0024A7
:1024F00080B400AF034B1B681846BD465DF8047BF3
:10250000704700BFD40A002480B485B000AF786063
:102510000F4B1A687B681A440E4B1B689A420BD902
:102520004FF0500383F31188BFF36F8FBFF34F8FCA
:10253000FB6000BF00BFFDE7054B1A687B681344D2
:10254000034A136000BF1437BD465DF8047B704733
:10255000D80A0024F40A002480B586B000AF002316
:102560007B614F4B1B68002B40F090804D4B1B68EC
:1025700001333B614B4A3B6913603B69002B21D11E
:10258000494B1B681B68002B0BD04FF0500383F3A3
:102590001188BFF36F8FBFF34F8F3B6000BF00BF49
:1025A000FDE7414B1B68FB60404B1B683E4A1360D4
:1025B0003E4AFB6813603E4B1B6801333C4A136084
:1025C00000F072FB3B4B1B683A699A4249D3364B89
:1025D0001B681B68002B04D1364B4FF0FF321A608A
:1025E0003FE0314B1B68DB68DB68BB60BB685B6846
:1025F0007B603A697B689A4203D22E4A7B681360FB
:102600002FE0BB6804331846FEF7D0FABB689B6A1C
:10261000002B04D0BB6818331846FEF7C7FABB6816
:10262000DA6A254B1B689A4203D9BB68DB6A224AE7
:102630001360BB68DA6A13469B0013449B001F4A71
:102640001A44BB68043319461046FEF752FABB68B9
:10265000DA6A1B4B1B68DB6A9A42B8D301237B61A1
:10266000B5E7174B1B68DA6A144913469B001344FD
:102670009B000B441B68012B01D901237B61114B8B
:102680001B68002B07D001237B6104E00E4B1B6805
:1026900001330D4A13607B6918461837BD4680BD6B
:1026A000FC0A0024D80A00248C0A0024900A002482
:1026B000EC0A0024F40A0024DC0A002404060024A6
:1026C00000060024E80A0024E40A002480B485B04F
:1026D00000AF2B4B1B68002B03D02A4B01221A6042
:1026E00047E0284B00221A60274B1B68FB6011E073
:1026F000FB68002B0BD14FF0500383F31188BFF31D
:102700006F8FBFF34F8F7B6000BF00BFFDE7FB689B
:10271000013BFB601D49FA6813469B0013449B0074
:102720000B441B68002BE3D0FA6813469B0013444C
:102730009B00164A1344BB60BB685B685A68BB6861
:102740005A60BB685A68BB6808339A4204D1BB68B8
:102750005B685A68BB685A60BB685B68DB680C4A98
:102760001360094AFB681360094B1B685833094A18
:10277000136000BF1437BD465DF8047B704700BF8F
:10278000FC0A0024E80A0024DC0A002404060024D1
:10279000000600248803002480B584B000AF786070
:1027A00039607B68002B0BD14FF0500383F3118805
:1027B000BFF36F8FBFF34F8FFB6000BF00BFFDE71C
:1027C000074B1B68183319467868FEF7B6F90121E4
:1027D000386800F01DFE00BF1037BD4680BD00BF49
:1027E0000006002480B586B000AFF860B9607A605A
:1027F000FB68002B0BD14FF0500383F31188BFF31C
:102800006F8FBFF34F8F7B6100BF00BFFDE70A4BA7
:102810001B6818331946F868FEF76BF97B68002BC4
:1028200002D04FF0FF33BB607968B86800F0F0FD6C
:1028300000BF1837BD4680BD0006002480B586B0B5
:1028400000AF78607B68DB68DB683B613B69002B2D
:102850000BD14FF0500383F31188BFF36F8FBFF399
:102860004F8FFB6000BF00BFFDE73B691833184680
:10287000FEF79CF91E4B1B68002B1FD13B690433EC
:102880001846FEF793F93B69DA6A1A4B1B689A42BD
:1028900003D93B69DB6A174A13603B69DA6A13465E
:1028A0009B0013449B00144A1A443B6904331946A5
:1028B0001046FEF71EF900F0F7F905E03B69183302
:1028C00019460E48FEF715F93B69DA6A0C4B1B688E
:1028D000DB6A9A4205D901237B610A4B01221A6007
:1028E00001E000237B617B6918461837BD4680BD37
:1028F000FC0A0024DC0A002404060024940A0024B4
:1029000000060024E80A002480B483B000AF786099
:10291000064B1A687B681A60054B1A687B685A6018
:1029200000BF0C37BD465DF8047B7047EC0A0024FD
:10293000D80A002480B588B000AF786039607B6821
:10294000002B0BD14FF0500383F31188BFF36F8F2F
:10295000BFF34F8F3B6100BF00BFFDE73B68002B1B
:102960000BD14FF0500383F31188BFF36F8FBFF388
:102970004F8FFB6000BF00BFFDE702F0FDF91D4B6C
:102980001B68BB617B685B68BA69D31A7B613B6873
:102990001B68B3F1FF3F02D10023FB6123E07B689A
:1029A0001A68154B1B689A4207D07B685B68BA6946
:1029B0009A4202D30123FB6115E03B681B687A69E8
:1029C0009A420BD23B681A687B69D21A3B681A603C
:1029D0007868FFF799FF0023FB6104E03B68002261
:1029E0001A600123FB6102F0F9F9FB6918462037F0
:1029F000BD4680BDD80A0024EC0A002480B400AF94
:102A0000034B01221A6000BFBD465DF8047B70478E
:102A1000E80A002480B584B000AF786000F0A8F820
:102A2000184B1B68012B07D9174B4FF080521A60C7
:102A3000BFF34F8FBFF36F8FFFF762FCF860FB6847
:102A4000012BEBD9FFF74EFC104B1A68104B1B689B
:102A50009A420BD24FF0500383F31188BFF36F8F6C
:102A6000BFF34F8FBB6000BF00BFFDE7FFF748FC1F
:102A7000F860FB68012B02D9F86802F02FFAFFF723
:102A800077FCCBE70406002404ED00E0F40A002400
:102A9000D80A002480B483B000AF01233B60012337
:102AA000FB710F4B1B68002B02D00023FB7110E061
:102AB0000C4B1B68002B02D00023FB7109E00A4B72
:102AC0001A680A4B19683B68CB1A9A4201D1022353
:102AD000FB71FB7918460C37BD465DF8047B7047E7
:102AE000940A0024E80A0024C00A0024D40A00241E
:102AF00080B582B000AF00237B600CE07A6813469B
:102B00009B0013449B00124A13441846FDF7C4FF70
:102B10007B6801337B607B68372BEFD90D48FDF76D
:102B2000BBFF0D48FDF7B8FF0C48FDF7B5FF0C489B
:102B3000FDF7B2FF0B48FDF7AFFF0B4B054A1A60DC
:102B40000A4B054A1A6000BF0837BD4680BD00BF6A
:102B500004060024640A0024780A0024940A00244D
:102B6000A80A0024C00A00248C0A0024900A002429
:102B700080B582B000AF19E002F0FEF8104BDB68C0
:102B8000DB687B607B6804331846FEF70FF80D4B5B
:102B90001B68013B0B4A13600B4B1B68013B0A4A45
:102BA000136002F01BF9786800F048F8064B1B68C8
:102BB000002BE1D100BF00BF0837BD4680BD00BF7C
:102BC000A80A0024D40A0024BC0A002480B485B0DA
:102BD00000AF78600023FB6005E07B6801337B6019
:102BE000FB680133FB607B681B78A52BF5D0FB6885
:102BF0009B08FB60FB689BB218461437BD465DF826
:102C0000047B704780B586B000AF78607B68002B8E
:102C100002D1094B1B6800E07B687B617B691B6B01
:102C20003B613869FFF7D2FF0346FB60FB6818463B
:102C30001837BD4680BD00BF0006002480B584B0B3
:102C400000AF78607B685833184630F0FDFA7B6837
:102C500093F87D31002B08D17B681B6B184601F07F
:102C60001FFE786801F01CFE19E07B6893F87D3147
:102C7000012B03D1786801F013FE10E07B6893F814
:102C80007D31022B0BD04FF0500383F31188BFF33B
:102C90006F8FBFF34F8FFB6000BF00BFFDE700BF2A
:102CA0001037BD4680BD000080B483B000AF0C4B30
:102CB0001B681B68002B04D10A4B4FF0FF321A60CF
:102CC00008E0074B1B68DB68DB687B607B685B6840
:102CD000044A136000BF0C37BD465DF8047B7047A3
:102CE0008C0A0024F40A002480B483B000AF054BA2
:102CF0001B687B607B6818460C37BD465DF8047B1B
:102D0000704700BF0006002480B483B000AF0B4BB7
:102D10001B68002B02D101237B6008E0084B1B6875
:102D2000002B02D102237B6001E000237B607B68E3
:102D300018460C37BD465DF8047B7047E00A002456
:102D4000FC0A002480B584B000AF78607B68BB606B
:102D50000023FB607B68002B51D0BB68DA6A2A4BEA
:102D60001B68DB6A9A4241D2BB689B69002B06DB79
:102D7000254B1B68DB6AC3F13802BB689A61BB68EC
:102D80005969BB68DA6A13469B0013449B001F4ACB
:102D90001344994222D1BB6804331846FDF706FF5D
:102DA000194B1B68DA6ABB68DA62BB68DA6A184BCF
:102DB0001B689A4203D9BB68DB6A154A1360BB687B
:102DC000DA6A13469B0013449B00104A1A44BB68FE
:102DD000043319461046FDF78CFE04E00A4B1B68CD
:102DE000DA6ABB68DA620123FB6008E0BB68DA6C70
:102DF000054B1B68DB6A9A4201D20123FB60FB682A
:102E000018461037BD4680BD000600240406002485
:102E1000DC0A002480B586B000AF78607B683B6137
:102E200000237B617B68002B58D02F4B1B683A69CD
:102E30009A420BD04FF0500383F31188BFF36F8F8A
:102E4000BFF34F8FFB6000BF00BFFDE73B691B6D09
:102E5000002B0BD14FF0500383F31188BFF36F8F1A
:102E6000BFF34F8FBB6000BF00BFFDE73B691B6D29
:102E70005A1E3B691A653B69DA6A3B69DB6C9A4208
:102E80002CD03B691B6D002B28D13B6904331846BD
:102E9000FDF78CFE3B69DA6C3B69DA623B69DB6A01
:102EA000C3F138023B699A613B69DA6A0F4B1B68D0
:102EB0009A4203D93B69DB6A0C4A13603B69DA6AC0
:102EC00013469B0013449B00094A1A443B69043390
:102ED00019461046FDF70DFE01237B617B691846FC
:102EE0001837BD4680BD00BF00060024DC0A002460
:102EF0000406002480B588B000AF786039607B6834
:102F0000BB6101237B617B68002B6CD0BB691B6DAF
:102F1000002B0BD14FF0500383F31188BFF36F8F59
:102F2000BFF34F8FFB6000BF00BFFDE7BB69DB6CE9
:102F30003A689A4202D93B68FB6102E0BB69DB6CEC
:102F4000FB61BB69DB6AFA699A424CD0BB691B6DB5
:102F50007A699A4247D1264B1B68BA699A420BD1CB
:102F60004FF0500383F31188BFF36F8FBFF34F8F80
:102F7000BB6000BF00BFFDE7BB69DB6A3B61BB69AB
:102F8000FA69DA62BB699B69002B04DBFB69C3F158
:102F90003802BB699A61BB6959693A6913469B005B
:102FA00013449B00134A134499421CD1BB69043358
:102FB0001846FDF7FBFDBB69DA6A0F4B1B689A42A6
:102FC00003D9BB69DB6A0C4A1360BB69DA6A134632
:102FD0009B0013449B00074A1A44BB6904331946FB
:102FE0001046FDF786FD00BF2037BD4680BD00BFFF
:102FF0000006002404060024DC0A002480B400AF8C
:10300000074B1B68002B04D0054B1B681A6D01325F
:103010001A65034B1B681846BD465DF8047B704774
:103020000006002480B584B000AF7860396001F0FC
:10303000A3FE204B1B68D3F87831002B13D11D4B16
:103040001B68012283F87C213B68002B0BD00121F7
:10305000386800F0DDF9184B4FF080521A60BFF36A
:103060004F8FBFF36F8F01F0B9FE01F085FE114B5A
:103070001B68D3F87831FB60FB68002B0ED07B68AF
:10308000002B05D00B4B1B680022C3F8782105E00C
:10309000084B1B68FA68013AC3F87821054B1B6896
:1030A000002283F87C2101F099FEFB681846103756
:1030B000BD4680BD0006002404ED00E080B58AB066
:1030C00000AFF860B9603B601346FB7101237B627F
:1030D000FB68002B0BD14FF0500383F31188BFF333
:1030E0006F8FBFF34F8FBB6100BF00BFFDE7FB6871
:1030F0003B6201F041FE3B68002B04D03B6AD3F8F1
:1031000078213B681A603B6A93F87C31FB773B6A15
:10311000022283F87C21FB79042B2ED801A252F8DD
:1031200023F000BF9F310108393101084B310108FC
:103130005B310108653101083B6AD3F87821BB682F
:103140001A433B6AC3F878212CE03B6AD3F8783104
:103150005A1C3B6AC3F8782124E03B6ABA68C3F87A
:1031600078211FE0FB7F022B04D03B6ABA68C3F8CA
:10317000782117E000237B6214E03B6AD3F87831B2
:10318000B3F1FF3F0DD04FF0500383F31188BFF32D
:103190006F8FBFF34F8F7B6100BF00BFFDE700BFA4
:1031A00000E000BFFB7F012B3DD13B6A0433184692
:1031B000FDF7FCFC3B6ADA6A1E4B1B689A4203D996
:1031C0003B6ADB6A1B4A13603B6ADA6A13469B0060
:1031D00013449B00184A1A443B6A043319461046AC
:1031E000FDF787FC3B6A9B6A002B0BD04FF0500326
:1031F00083F31188BFF36F8FBFF34F8F3B6100BF25
:1032000000BFFDE7FFF750FD3B6ADA6A0B4B1B6816
:10321000DB6A9A4207D90A4B4FF080521A60BFF31B
:103220004F8FBFF36F8F01F0D9FD7B6A18462837A7
:10323000BD4680BDDC0A00240406002400060024EC
:1032400004ED00E080B58EB000AFF860B9603B607F
:103250001346FB7101237B63FB68002B0BD14FF0FE
:10326000500383F31188BFF36F8FBFF34F8F7B62DF
:1032700000BF00BFFDE701F043FFFB683B63EFF3D6
:1032800011824FF0500383F31188BFF36F8FBFF3A8
:103290004F8F3A62FB613B6AFB623B68002B04D0B4
:1032A0003B6BD3F878213B681A603B6B93F87C3119
:1032B00087F82B303B6B022283F87C21FB79042BAF
:1032C0002ED801A252F823F045330108DD3201085F
:1032D000EF320108FF320108093301083B6BD3F8D4
:1032E0007821BB681A433B6BC3F878212DE03B6B18
:1032F000D3F878315A1C3B6BC3F8782125E03B6B3F
:10330000BA68C3F8782120E097F82B30022B04D05C
:103310003B6BBA68C3F8782117E000237B6314E0A5
:103320003B6BD3F87831B3F1FF3F0DD04FF0500332
:1033300083F31188BFF36F8FBFF34F8FBB6100BF63
:1033400000BFFDE700BF00E000BF97F82B30012B66
:1033500047D13B6B9B6A002B0BD04FF0500383F39C
:103360001188BFF36F8FBFF34F8F7B6100BF00BF2A
:10337000FDE7214B1B68002B1DD13B6B0433184626
:10338000FDF714FC3B6BDA6A1C4B1B689A4203D9AD
:103390003B6BDB6A194A13603B6BDA6A13469B008E
:1033A00013449B00164A1A443B6B043319461046DB
:1033B000FDF79FFB05E03B6B183319461148FDF7FD
:1033C00098FB3B6BDA6A104B1B68DB6A9A4208D9A0
:1033D0003B6C002B02D03B6C01221A600B4B01228C
:1033E0001A60FB6A3B613B6983F3118800BF7B6B0A
:1033F00018463837BD4680BDFC0A0024DC0A00248C
:1034000004060024940A002400060024E80A00248C
:1034100080B584B000AF78603960214B1B68FB60D9
:10342000204B1B6804331846FDF7C0FB7B68B3F1E3
:10343000FF3F0AD13B68002B07D01A4B1B680433AF
:1034400019461948FDF755FB26E0FA687B681344D6
:10345000BB60144B1B68BA685A60BA68FB689A4232
:1034600009D2124B1A680F4B1B68043319461046D9
:10347000FDF763FB10E00E4B1A680A4B1B68043320
:1034800019461046FDF759FB0A4B1B68BA689A4269
:1034900002D2084ABB68136000BF1037BD4680BD2A
:1034A000D80A002400060024C00A0024900A002440
:1034B0008C0A0024F40A002480B58AB004AF0023EB
:1034C0007B6100F0ADFB1D4B1B68002B21D000235E
:1034D000FB600023BB603A1D07F1080107F10C03F4
:1034E000184601F0F5F87968BB68FA680292019312
:1034F0001823009300230A4611491248FEF764FC82
:103500000346114A1360104B1B68002B01D00123A6
:103510007B617B69002B0BD14FF0500383F3118843
:10352000BFF36F8FBFF34F8F3B6100BF00BFFDE75D
:103530007B6918461837BD4680BD00BF300B00249C
:10354000745B0408B9370108340B002480B588B0D7
:1035500002AFF860B9607A603B602C2001F0D2F8CD
:1035600078617B69002B0DD07B69002283F82820CD
:103570007B6901933B6A00933B687A68B968F86895
:1035800000F005F87B6918461837BD4680BD80B548
:1035900086B000AFF860B9607A603B60BB68002B12
:1035A0000BD14FF0500383F31188BFF36F8FBFF33C
:1035B0004F8F7B6100BF00BFFDE77B6A002B1ED0F1
:1035C00000F02EFB7B6AFA681A607B6ABA689A611F
:1035D0007B6A3A68DA617B6A3A6A1A627B6A043308
:1035E0001846FDF779FA7B68002B08D07B6A93F8C0
:1035F000283043F00403DAB27B6A83F8282000BF46
:103600001837BD4680BD000080B58AB000AFF860B5
:10361000B9607A603B6000237B62FB68002B0BD1B2
:103620004FF0500383F31188BFF36F8FBFF34F8FB9
:103630003B6200BF00BFFDE7194B1B68002B2AD07F
:10364000BB683B617B687B61FB68BB61BB68052B2A
:1036500018DCFFF759FB0346022B09D1104B186801
:1036600007F1100100233A6BFDF736FD786212E096
:103670000B4B186807F1100100230022FDF72CFD09
:10368000786208E0064B186807F1100100233A68D9
:10369000FDF724FE78627B6A18462837BD4680BD58
:1036A000300B002480B485B000AF78607B68FB608D
:1036B0007B68002B0BD14FF0500383F31188BFF3CD
:1036C0006F8FBFF34F8FBB6000BF00BFFDE7FB688C
:1036D0009B6918461437BD465DF8047B704780B47B
:1036E00087B000AF78607B687B617B68002B0BD173
:1036F0004FF0500383F31188BFF36F8FBFF34F8FE9
:10370000FB6000BF00BFFDE77B695B683B613B6915
:1037100018461C37BD465DF8047B704780B588B0FD
:1037200002AF78603960234B1B68DB68DB687B6124
:103730007B6904331846FDF739FA7B6993F8283022
:1037400003F00403002B23D07B699A697B68D118AE
:103750007B683A68786900F0D5F80346002B20D0E2
:103760000023009300237A6800217869FFF74CFF5B
:1037700038613B69002B14D14FF0500383F311885B
:10378000BFF36F8FBFF34F8FFB6000BF00BFFDE73C
:103790007B6993F8283023F00103DAB27B6983F860
:1037A00028207B691B6A7869984700BF1837BD4697
:1037B00080BD00BF280B002480B584B000AF7860C6
:1037C00007F10803184600F059F8F860BB6819467D
:1037D000F86800F005F800F0D7F800BFF0E7000047
:1037E00080B584B000AF78603960FEF77BFD07F1EB
:1037F0000803184600F066F8F860BB68002B30D16B
:103800003B68002B0AD17A68FB689A4206D8FEF71B
:10381000AFFDF9687868FFF781FF24E03B68002B73
:1038200008D0134B1B681B68002B01D1012300E05B
:1038300000233B600F4B18687A68FB68D31A3A681C
:103840001946FEF78DFAFEF793FD0346002B0AD1C9
:10385000094B4FF080521A60BFF34F8FBFF36F8F49
:1038600001E0FEF785FD00BF1037BD4680BD00BFFB
:103870002C0B0024300B002404ED00E080B485B054
:1038800000AF78600E4B1B681B68002B01D1012232
:1038900000E000227B681A607B681B68002B05D162
:1038A000074B1B68DB681B68FB6001E00023FB60C3
:1038B000FB6818461437BD465DF8047B704700BFAF
:1038C000280B002480B584B000AF7860FEF7EEFDD1
:1038D000F8600B4B1B68FA689A4205D200F03AF97F
:1038E0007B6801221A6002E07B6800221A60044AA9
:1038F000FB681360FB6818461037BD4680BD00BFEB
:10390000380B002480B586B000AFF860B9607A60EB
:103910003B6000237B61FB68BA685A60FB68FA6809
:103920001A61BA687B689A4212D87A683B68D21AE0
:10393000FB689B699A4202D301237B611BE0104B19
:103940001A68FB68043319461046FDF7F6F812E0D2
:103950007A683B689A4206D2BA683B689A4202D3B8
:1039600001237B6107E0074B1A68FB6804331946A3
:103970001046FDF7E2F87B6918461837BD4680BD52
:103980002C0B0024280B002480B58EB002AFCEE0B3
:103990007B68002B19DA3B1D0433FB62FB6A002BAA
:1039A0000BD14FF0500383F31188BFF36F8FBFF338
:1039B0004F8FFB6100BF00BFFDE7FB6A1B68FA6A1F
:1039C0005068FA6A9268114698477B68002BC0F2EB
:1039D000AE80FB68BB62BB6A5B69002B04D0BB6A2C
:1039E00004331846FDF7E2F83B461846FFF76AFF36
:1039F00078627B68092B00F2978001A252F823F0CD
:103A0000293A0108293A0108293A01089F3A010890
:103A1000B33A0108FF3A0108293A0108293A010896
:103A20009F3A0108B33A0108BB6A93F8283043F083
:103A30000103DAB2BB6A83F82820BA68BB6A9B69C3
:103A4000D118BB687A6AB86AFFF75CFF0346002B9F
:103A50006CD0BB6A1B6AB86A9847BB6A93F8283077
:103A600003F00403002B61D0BA68BB6A9B691A4457
:103A70000023009300230021B86AFFF7C5FD3862D8
:103A80003B6A002B52D14FF0500383F31188BFF3F0
:103A90006F8FBFF34F8FBB6100BF00BFFDE7BB6AF5
:103AA00093F8283023F00103DAB2BB6A83F82820A8
:103AB0003DE0BB6A93F8283043F00103DAB2BB6AF9
:103AC00083F82820BA68BB6A9A61BB6A9B69002B9D
:103AD0000BD14FF0500383F31188BFF36F8FBFF307
:103AE0004F8F7B6100BF00BFFDE7BB6A9A697B6AAD
:103AF000D1187B6A7A6AB86AFFF704FF17E0BB6ADD
:103B000093F8283003F00203002B03D1B86A00F0C9
:103B1000C7FE0CE0BB6A93F8283023F00103DAB249
:103B2000BB6A83F8282002E000BF00E000BF084B1A
:103B30001B68391D00221846FDF7FEFC0346002BCA
:103B40007FF426AF00BF00BF3037BD4680BD00BF49
:103B5000300B002480B588B002AF49E02E4B1B68C3
:103B6000DB681B683B612C4B1B68DB68DB68FB6018
:103B7000FB6804331846FDF719F8FB681B6AF86800
:103B80009847FB6893F8283003F00403002B2FD0EC
:103B9000FB689B693A691344BB60BA683B699A4207
:103BA0000ED9FB68BA685A60FB68FA681A611A4B4A
:103BB0001A68FB68043319461046FCF7BEFF17E08D
:103BC0000023009300233A690021F868FFF71CFDE9
:103BD00078607B68002B0BD14FF0500383F3118882
:103BE000BFF36F8FBFF34F8F3B6000BF00BFFDE798
:103BF000094B1B681B68002BB0D1074B1B687B610E
:103C0000064B1B68044A1360044A7B69136000BFBB
:103C10001837BD4680BD00BF280B00242C0B0024A4
:103C200080B582B002AF01F0A7F8154B1B68002BDE
:103C300020D11448FCF730FF1348FCF72DFF134B3D
:103C4000104A1A60124B104A1A6000230093114B5D
:103C5000114A10211420FDF73DF80346084A13606D
:103C6000074B1B68002B05D0054B1B680B491846FA
:103C7000FEF722F801F0B2F800BFBD4680BD00BFDC
:103C8000300B0024000B0024140B0024280B00240C
:103C90002C0B00247C0C00243C0B00247C5B0408CF
:103CA00080B586B000AF78607B683B617B68002B95
:103CB0000BD14FF0500383F31188BFF36F8FBFF325
:103CC0004F8FFB6000BF00BFFDE701F055F83B6977
:103CD00093F8283003F00103002B02D100237B610D
:103CE00001E001237B6101F079F87B691846183700
:103CF000BD4680BD80B586B000AF78607B687B61D3
:103D00007B68002B0BD14FF0500383F31188BFF376
:103D10006F8FBFF34F8FFB6000BF00BFFDE701F067
:103D20002BF87B69DB693B6101F058F83B69184669
:103D30001837BD4680BD000080B483B000AF034695
:103D40003960FB80B7F90630002B0ADB3B68DAB23A
:103D50000C49B7F906301201D2B20B4483F80023A4
:103D60000AE03B68DAB20849FB8803F00F03043B22
:103D70001201D2B20B441A7600BF0C37BD465DF873
:103D8000047B704700E100E000ED00E080B500AF8B
:103D9000054B1B68FEF7B8FF0346012B01D001F06D
:103DA0007BF800BF80BD00BF10E000E080B500AF31
:103DB00000216FF00400FFF7BFFF00BF80BD0000CF
:103DC00080B483B000AFEFF305833B603B68002B0A
:103DD00003D06FF005037B600CE00A4B1B68002BDF
:103DE00005D1084B01221A6000237B6002E04FF0EE
:103DF000FF337B607B6818460C37BD465DF8047B5B
:103E0000704700BFCC0C002480B582B000AFEFF348
:103E100005833B603B68002B03D06FF005037B609C
:103E200010E00B4B1B68012B09D1FFF7BFFF084BBC
:103E300002221A60FEF7E6F900237B6002E04FF0F1
:103E4000FF337B607B6818460837BD4680BD00BFE6
:103E5000CC0C002480B582B000AFEFF305833B604B
:103E60003B68002B03D0FEF731FB786002E0FEF7E1
:103E70001DFB78607B6818460837BD4680BD80B55D
:103E80008EB004AFF860B9607A6000233B61EFF355
:103E900005837B617B69002B40F08180FB68002BF0
:103EA0007DD04FF480633B621823FB6100237B626B
:103EB0004FF0FF33BB617B68002B46D07B681B68EB
:103EC000002B02D07B681B687B627B689B69002BA0
:103ED00002D07B689B69FB61FB69002B08D0FB6902
:103EE000382B05D87B685B6803F00103002B01D0F9
:103EF000002355E07B685B69002B03D07B685B691E
:103F00009B083B627B689B68002B0FD07B68DB685B
:103F1000B3F5C07F0AD37B681B69002B06D07B6892
:103F20005B69002B02D00123BB6110E07B689B68BA
:103F3000002B0CD17B68DB68002B08D17B681B69E8
:103F4000002B04D10023BB6101E00023BB61BB69EE
:103F5000012B10D17B681B697A68926802920193E9
:103F6000FB690093BB683A6A796AF868FDF72CFF31
:103F700003463B6113E0BB69002B10D13B6A9AB248
:103F800007F110030193FB690093BB68796AF86835
:103F9000FDF77CFF0346012B01D000233B613B6909
:103FA00018462837BD4680BD80B584B000AF786024
:103FB000EFF30583BB60BB68002B03D06FF00503F4
:103FC000FB6007E00023FB607B68002B02D0786871
:103FD000FEF7E2F8FB6818461037BD4680BD80B595
:103FE00088B000AF78600023FB61EFF30583BB600E
:103FF000BB68002B74D17B68002B03D07B685B68A7
:10400000BB6101E00023BB61BB6903F00103002B2E
:1040100002D001237B6101E000237B61BB6903F0D7
:104020000803002B5CD14FF0FF333B617B68002B12
:1040300015D07B689B68002B06D07B68DB684F2B14
:1040400002D901233B610CE07B689B68002B08D1FF
:104050007B68DB68002B04D100233B6101E0002377
:104060003B613B69012B12D17B69002B07D07B6838
:104070009B6819460420FCF73AFFF86116E07B685C
:104080009B6819460120FCF732FFF8610EE03B699E
:10409000002B0BD17B69002B04D00420FCF70FFF11
:1040A000F86103E00120FCF70AFFF861FB69002BCF
:1040B0000CD07B68002B03D07B681B68FB6001E0A1
:1040C0000023FB60F968F869FDF7F6FDFB69002B3A
:1040D00006D07B69002B03D0FB6943F00103FB6131
:1040E000FB6918462037BD4680BD80B586B000AF5D
:1040F000786039607B6823F001033B617B6803F0E3
:104100000103FB6000237B61EFF30583BB60BB68A9
:10411000002B03D06FF005037B612CE03B69002B83
:1041200003D16FF003037B6125E0FB68002B11D006
:1041300039683869FCF72BFF0346012B1BD03B681D
:10414000002B03D06FF001037B6114E06FF00203DA
:104150007B6110E039683869FDF7D0FA0346012B1E
:1041600009D03B68002B03D06FF001037B6102E0B4
:104170006FF002037B617B6918461837BD4680BD2E
:1041800080B586B000AF78607B6823F001033B61A7
:104190007B6803F00103FB6000237B61EFF3058381
:1041A000BB60BB68002B03D06FF005037B611FE091
:1041B0003B69002B03D16FF003037B6118E0FB68C0
:1041C000002B09D03869FCF7ADFE0346012B0FD058
:1041D0006FF002037B610BE00023002200213869AD
:1041E000FCF77AFF0346012B02D06FF002037B61DC
:1041F0007B6918461837BD4680BD80B58AB002AFCE
:10420000F860B9607A600023FB61EFF305833B61DE
:104210003B69002B75D1FB68002B72D0BA68FB6834
:104220009A426ED84FF0FF33BB617B68002B15D0EC
:104230007B689B68002B06D07B68DB684F2B02D91C
:104240000123BB610CE07B689B68002B08D17B6875
:10425000DB68002B04D10023BB6101E00023BB61BC
:10426000BB69B3F1FF3F4CD0FB68012B28D1BB6980
:10427000012B0AD17B689B68032200920022002157
:104280000120FCF727FDF86105E003220021012051
:10429000FCF79DFDF861FB69002B22D0BB68002B69
:1042A0001FD0002300220021F869FCF715FF034608
:1042B000012B16D0F869FDF7B3FB0023FB6110E07A
:1042C000BB69012B08D17B689B681A46B968F868FE
:1042D000FCF794FEF86104E0B968F868FCF7C7FEE3
:1042E000F861FB69002B0CD07B68002B03D07B6846
:1042F0001B687B6101E000237B617969F869FDF748
:10430000DBFCFB6918462037BD4680BD80B586B012
:1043100000AF786039607B683B6100237B613B695B
:10432000002B03D16FF003037B6139E0EFF30583CA
:10433000FB60FB68002B22D03B68002B03D06FF0A2
:1043400003037B612CE00023BB6007F108031A46DE
:1043500000213869FDF7E2FA0346012B03D06FF024
:1043600002037B611CE0BB68002B19D00F4B4FF0A0
:1043700080521A60BFF34F8FBFF36F8F10E0396820
:104380003869FDF7BBF90346012B09D03B68002BC8
:1043900003D06FF001037B6102E06FF002037B61E9
:1043A0007B6918461837BD4680BD00BF04ED00E0AC
:1043B00080B586B000AF78607B683B6100237B618D
:1043C0003B69002B03D16FF003037B612CE0EFF31B
:1043D0000583FB60FB68002B1AD00023BB6007F14C
:1043E000080319463869FDF717F80346012B03D077
:1043F0006FF002037B6117E0BB68002B14D00D4BFC
:104400004FF080521A60BFF34F8FBFF36F8F0BE0F6
:104410000023002200213869FCF75EFE0346012BD1
:1044200002D06FF002037B617B6918461837BD46E6
:1044300080BD00BF04ED00E080B58AB002AFF86037
:10444000B9607A600023FB61EFF305833B613B6950
:10445000002B5FD1FB68002B5CD0BB68002B59D0D0
:104460004FF0FF33BB617B68002B29D07B689B68D2
:10447000002B12D07B68DB684F2B0ED97B681B6941
:10448000002B0AD07B685A69FB68B96801FB03F30B
:104490009A4202D30123BB6114E07B689B68002B26
:1044A00010D17B68DB68002B0CD17B681B69002B6B
:1044B00008D17B685B69002B04D10023BB6101E05C
:1044C0000023BB61BB69012B0BD17B681A697B6838
:1044D0009B6800210091B968F868FCF7FBFBF86164
:1044E00008E0BB69002B05D10022B968F868FCF729
:1044F0006EFCF861FB69002B0CD07B68002B03D0AD
:104500007B681B687B6101E000237B617969F86946
:10451000FDF7D2FBFB6918462037BD4680BD000081
:1045200080B588B000AFF860B9603B601346FB719E
:10453000FB68BB610023FB61EFF305837B617B6953
:10454000002B28D0BB69002B05D0BB68002B02D004
:104550003B68002B03D06FF00303FB6138E00023BE
:104560003B6107F110020023B968B869FCF7B6FE99
:104570000346012B03D06FF00203FB6128E03B6987
:10458000002B25D0154B4FF080521A60BFF34F8F90
:10459000BFF36F8F1CE0BB69002B02D0BB68002B00
:1045A00003D16FF00303FB6112E000233A68B9689E
:1045B000B869FCF791FD0346012B09D03B68002B3D
:1045C00003D06FF00103FB6102E06FF00203FB61B7
:1045D000FB6918462037BD4680BD00BF04ED00E0F2
:1045E00080B588B000AFF860B9607A603B60FB6866
:1045F000BB610023FB61EFF305837B617B69002BCB
:1046000028D0BB69002B05D0BB68002B02D03B68CB
:10461000002B03D06FF00303FB6137E000233B6105
:1046200007F110031A46B968B869FDF777F9034630
:10463000012B03D06FF00203FB6127E03B69002BE5
:1046400024D0154B4FF080521A60BFF34F8FBFF349
:104650006F8F1BE0BB69002B02D0BB68002B03D11E
:104660006FF00303FB6111E03A68B968B869FCF7C1
:1046700063FF0346012B09D03B68002B03D06FF08A
:104680000103FB6102E06FF00203FB61FB69184666
:104690002037BD4680BD00BF04ED00E080B485B08A
:1046A00000AFF860B9607A60FB68074A1A60BB68BF
:1046B000064A1A607B684FF480621A6000BF1437A4
:1046C000BD465DF8047B7047D00C0024500E0024DA
:1046D00080B485B000AFF860B9607A60FB68074AC3
:1046E0001A60BB68064A1A607B684FF4A0421A60E1
:1046F00000BF1437BD465DF8047B7047501E002490
:10470000D01F002480B58AB000AF78600023FB6121
:10471000FDF7E8FD5C4B1B68002B01D100F03CF974
:104720005A4B1A687B681340002B40F095807B68D9
:10473000002B1ED008227B6813447B607B6803F04B
:104740000703002B15D07B6823F0070308337B6039
:104750007B6803F00703002B0BD04FF0500383F36B
:104760001188BFF36F8FBFF34F8F7B6100BF00BF16
:10477000FDE77B68002B6FD0454B1B687A689A4237
:104780006AD8444B3B62434B1B687B6204E07B6A04
:104790003B627B6A1B687B627B6A5B687A689A42D1
:1047A00003D97B6A1B68002BF1D1374B1B687A6AEF
:1047B0009A4251D03B6A1B6808221344FB617B6A12
:1047C0001A683B6A1A607B6A5A687B68D21A0823A7
:1047D0005B009A4220D97A6A7B681344BB61BB694B
:1047E00003F00703002B0BD04FF0500383F3118825
:1047F000BFF36F8FBFF34F8F3B6100BF00BFFDE77B
:104800007B6A5A687B68D21ABB695A607B6A7A688D
:104810005A60B86900F022F91D4B1A687B6A5B6820
:10482000D31A1B4A13601A4B1A681B4B1B689A4217
:1048300003D2174B1B68184A13607B6A5A68134BE4
:104840001B681A437B6A5A607B6A00221A60134B0A
:104850001B680133114A1360FDF78AFDFB6903F001
:104860000703002B0BD04FF0500383F31188BFF3E5
:104870006F8FBFF34F8FFB6000BF00BFFDE7FB6989
:1048800018462837BD4680BDD87F0424EC7F042419
:10489000DC7F0424D07F0424E07F0424E47F04240C
:1048A00080B586B000AF78607B687B617B68002B49
:1048B0004FD008235B427A6913447B617B693B617B
:1048C0003B695A68254B1B681340002B0BD14FF0F6
:1048D000500383F31188BFF36F8FBFF34F8FFB60DB
:1048E00000BF00BFFDE73B691B68002B0BD04FF0FA
:1048F000500383F31188BFF36F8FBFF34F8FBB60FB
:1049000000BF00BFFDE73B695A68144B1B681340AA
:10491000002B1ED03B691B68002B1AD13B695A68DB
:104920000E4B1B68DB431A403B695A60FDF7DAFC0B
:104930003B695A680A4B1B681344094A136038697B
:1049400000F08CF8074B1B680133064A1360FDF733
:104950000FFD00BF1837BD4680BD00BFEC7F0424AB
:10496000DC7F0424E87F042480B400AF034B1B6881
:104970001846BD465DF8047B704700BFDC7F042409
:1049800080B400AF034B1B681846BD465DF8047B3E
:10499000704700BFE07F042480B485B000AF4FF4BF
:1049A0004833BB60274BFB60FB6803F00703002B19
:1049B0000CD0FB680733FB60FB6823F00703FB6048
:1049C000BA68FB68D31A1F4A1344BB60FB687B605C
:1049D0001D4A7B6813601C4B00225A607B68BA68D2
:1049E0001344FB600822FB689B1AFB60FB6823F002
:1049F0000703FB60FB68154A1360144B1B68002219
:104A00005A60124B1B6800221A607B683B603B684F
:104A1000FA68D21A3B685A600C4B1A683B681A60F5
:104A20003B685B680A4A13603B685B68094A13602D
:104A3000094B4FF000421A6000BF1437BD465DF8C5
:104A4000047B7047D05F0124D07F0424D87F0424E6
:104A5000E07F0424DC7F0424EC7F042480B485B050
:104A600000AF7860284BFB6002E0FB681B68FB60CE
:104A7000FB681B687A689A42F7D8FB68BB60FB68E2
:104A80005B68BA6813447A689A4208D1FB685A682E
:104A90007B685B681A44FB685A60FB687B607B68D4
:104AA000BB607B685B68BA681A44FB681B689A4203
:104AB00018D1FB681A68154B1B689A420DD07B68A9
:104AC0005A68FB681B685B681A447B685A60FB681D
:104AD0001B681A687B681A6008E00C4B1A687B68D0
:104AE0001A6003E0FB681A687B681A60FA687B68E2
:104AF0009A4202D0FB687A681A6000BF1437BD463C
:104B00005DF8047B704700BFD07F0424D87F042465
:104B100080B485B000AFF860B9607A60FB68043B90
:104B2000FB60FB684FF080721A60FB68043BFB601F
:104B3000BB6823F00102FB681A60FB68043BFB6062
:104B40000C4AFB681A60FB68143BFB607A68FB68E0
:104B50001A60FB68043BFB60FB686FF002021A609E
:104B6000FB68203BFB60FB6818461437BD465DF8C8
:104B7000047B7047794B010880B485B000AF0023F7
:104B80007B60134B1B68B3F1FF3F0BD04FF050031A
:104B900083F31188BFF36F8FBFF34F8FFB6000BFAC
:104BA00000BFFDE74FF0500383F31188BFF36F8F11
:104BB000BFF34F8FBB6000BF00BF7B68002BFCD0F2
:104BC00000BF00BF1437BD465DF8047B704700BFCF
:104BD00010000024000000000000000000000000A1
:104BE000074B19680868B0E8F04F80F30988BFF3F5
:104BF0006F8F4FF0000080F311887047AFF3008093
:104C00000006002400BF00BF08480068006880F369
:104C100008884FF0000080F3148862B661B6BFF3D5
:104C20004F8FBFF36F8F00DF00BF00BF08ED00E0C4
:104C300080B586B000AF474B1B68474A93420BD103
:104C40004FF0500383F31188BFF36F8FBFF34F8F83
:104C5000FB6000BF00BFFDE73E4B1B683F4A93422D
:104C60000BD14FF0500383F31188BFF36F8FBFF365
:104C70004F8F3B6100BF00BFFDE7394B7B617B6914
:104C80001B78DBB27B607B69FF221A707B691B7823
:104C9000DBB2FB70FB78DBB203F05003DAB2314BCE
:104CA0001A70314B07221A6009E02F4B1B68013B39
:104CB0002D4A1360FB78DBB25B00DBB2FB70FB7844
:104CC000DBB203F08003802BEFD0274B1B68C3F1CE
:104CD0000703042B0BD04FF0500383F31188BFF36D
:104CE0006F8FBFF34F8FBB6000BF00BFFDE71E4B50
:104CF0001B681B021C4A13601B4B1B6803F4E06318
:104D0000194A13607B68DAB27B691A70174B1B680B
:104D1000164A43F470031360144B1B68134A43F0A4
:104D20007043136000F0A6F9114B00221A6000F0E6
:104D3000DDF9104B1B680F4A43F040431360FFF747
:104D400063FFFDF7C3FCFFF717FF00231846183772
:104D5000BD4680BD00ED00E071C20F4170C20F4141
:104D600000E400E0FC7F04240080042420ED00E047
:104D70001000002434EF00E080B483B000AF4FF0A7
:104D8000500383F31188BFF36F8FBFF34F8F7B60A6
:104D900000BF104B1B6801330E4A13600D4B1B689C
:104DA000012B10D10C4B1B68DBB2002B0BD04FF04A
:104DB000500383F31188BFF36F8FBFF34F8F3B60B6
:104DC00000BF00BFFDE700BF0C37BD465DF8047BA8
:104DD000704700BF1000002404ED00E080B483B0F1
:104DE00000AF124B1B68002B0BD14FF0500383F325
:104DF0001188BFF36F8FBFF34F8F7B6000BF00BF81
:104E0000FDE70A4B1B68013B084A1360074B1B6810
:104E1000002B05D100233B603B6883F3118800BF62
:104E200000BF0C37BD465DF8047B704710000024BE
:104E3000EFF30980BFF36F8F154B1A681EF0100F48
:104E400008BF20ED108A20E9F04F106009B44FF040
:104E5000500080F31188BFF34F8FBFF36F8FFDF7C2
:104E600035FC4FF0000080F3118809BC1968086810
:104E7000B0E8F04F1EF0100F08BFB0EC108A80F3BE
:104E80000988BFF36F8F7047AFF30080AFF30080E6
:104E90000006002400BF00BF80B582B000AF4FF015
:104EA000500383F31188BFF36F8FBFF34F8F7B6085
:104EB00000BFFDF751FB0346002B03D0064B4FF01C
:104EC00080521A6000233B603B6883F3118800BF67
:104ED00000BF0837BD4680BD04ED00E080B588B056
:104EE00000AF78605D4B1B687A689A4202D95B4BD1
:104EF0001B687B605A4B1B68594A23F001031360FF
:104F0000584B1A687B68013B5749096801FB03F35A
:104F10001344FB61554B1B68FA699A4204D9534B01
:104F20001B68FA69D31AFB6172B6BFF34F8FBFF3E8
:104F30006F8FFDF7AFFD0346002B10D1494B4C4A54
:104F40001B681360464B1B68454A43F0010313601E
:104F5000454B1B68464A013B136062B679E0444A00
:104F6000FB6913603F4B00221A603D4B1B683C4AB3
:104F700043F0010313607B683B6100233B613869A8
:104F80000DF0D0FA3B69002B04D0BFF34F8F30BF38
:104F9000BFF36F8F78680DF0CFFA62B6BFF34F8F13
:104FA000BFF36F8F72B6BFF34F8FBFF36F8F2C4B72
:104FB00006221A602A4B1B6803F48033002B1DD095
:104FC000294B1A68274B1968FB69CB1A1344013B1C
:104FD0007B61264B1B687A699A4204D3224B1B687B
:104FE0007A699A4203D9204B1B68013B7B61204AB6
:104FF0007B6913607B68013BBB6118E01A4B1B683F
:105000007A6803FB02F2174B1B68D31AFB60164B3E
:105010001B68FA68B2FBF3F3BB61BB690133124A48
:10502000126803FB02F21249FB68D31A0B600D4BA6
:1050300000221A600A4B1B68094A43F001031360FF
:10504000B869FDF761FA084B1B68094A013B136018
:1050500062B600BF2037BD4680BD00BFF47F042488
:1050600010E000E018E000E0F07F0424F87F042462
:1050700014E000E080B400AF144B1B68144AA2FB9C
:1050800003239B09134A1360124B1B686FF07F4286
:10509000B2FBF3F3104A1360104B2D221A60104B31
:1050A00000221A600F4B00221A60084B1B68084A46
:1050B000A2FB03239B090C4A013B1360084B072208
:1050C0001A6000BFBD465DF8047B704700000024F5
:1050D000D34D6210F07F0424F47F0424F87F04246D
:1050E00010E000E018E000E014E000E0DFF80C0061
:1050F000016841F470010160704700BF88ED00E075
:1051000080B485B000AFEFF30583FB60FB680F2B25
:1051100015D9184AFB6813441B78FB72164B1B7891
:10512000FA7A9A420BD24FF0500383F31188BFF3FF
:105130006F8FBFF34F8F7B6000BF00BFFDE70F4B4A
:105140001B6803F4E0620E4B1B689A420BD94FF0C8
:10515000500383F31188BFF36F8FBFF34F8F3B6012
:1051600000BF00BFFDE700BF1437BD465DF8047BFC
:10517000704700BFF0E300E0FC7F04240CED00E08A
:105180000080042480B586B000AF786039600E23BB
:10519000FB827B685B890E2B6ED97B68DB7B002BE7
:1051A00006D13B6893F834300133DAB27B68DA73A6
:1051B0007B685B683B613B691A7B5B7B1B0213432B
:1051C000FB813B691B7803F00103002B23D03B6973
:1051D0001B78012B0FD13B695B78002B1BD13B69FE
:1051E0009B785E2B17D17B685B7B43F01003DAB2B0
:1051F0007B685A730FE03B690622284918462DF058
:105200002BF90346002B06D17B685B7B43F0080338
:10521000DAB27B685A73FB89082B03D0B3F5C16FF0
:1052200014D032E03B6893F8313003F00803002BD0
:1052300024D0FB8A1946786801F022FB0346002B34
:105240001ED1396878680AF0D7F813E03B6893F804
:10525000313003F00803002B14D0FB8A194678681C
:1052600001F00EFB0346002B0ED13968786809F077
:1052700023FA00BF00230CE000BF06E000BF04E0FB
:1052800000BF02E000BF00E000BF786801F07EFBD5
:10529000002318461837BD4680BD00BFCCDF040888
:1052A00080B586B000AFF860B9607A603B603B8C37
:1052B000184600F0DFF90346FB820E21B86801F0C2
:1052C000CFFA0346002B25D1BB685B683B613B6985
:1052D000FA8A9A813B690622396818462EF08FF8BF
:1052E0003B6906330622796818462EF088F8FB6879
:1052F00093F83030062B06D00A4B4FF499720A49C6
:105300000A482CF0C5FEFB689B69B968F8689847A5
:10531000034602E000BF6FF0010318461837BD4690
:1053200080BD00BF845B0408D45B0408085C0408EB
:1053300080B584B000AF7860396007F0EDFEF860AA
:10534000FB68B3F1FF3F0BD113480BF032FB002297
:10535000396878680BF0BAFA0F480BF01BFB18E0BD
:10536000FB68002B02D107F09DFEE6E70A480BF030
:1053700020FBFA68396878680BF0A8FAB86006482C
:105380000BF008FBBB68B3F1FF3F02D107F08AFEC8
:10539000D3E71037BD4680BD1080042480B584B0AB
:1053A00000AF786010480BF0F5FA104B1B68002B2B
:1053B00005D00E4B1B680E4A12681046984707F13D
:1053C0000C0319460B48FFF7B3FFFB68002B06D10F
:1053D000094B912209490A482CF05AFE03E0FB6868
:1053E000184600F00FF8EAE7108004240480042433
:1053F000088004240C800424305C04087C5C0408CD
:105400009C5C040880B582B000AF78607B681B7834
:10541000022B26D0022B2BDC002B02D0012B15D027
:1054200026E07B68DB687A6850687A689268114683
:1054300098470346002B04D07B685B68184601F050
:10544000A5FA7968092000F077FB18E07B685B68B3
:105450007A689268104698477968082000F06CFBDB
:105460000DE07B685B687A6892681046984706E0B2
:10547000054BCF22054906482CF00AFE00BF00BFAD
:105480000837BD4680BD00BF305C04087C5C040862
:105490009C5C040880B586B000AFF860B9607A60A3
:1054A0001A480BF044FA0346002B05D1184BFC2296
:1054B000184919482CF0ECFD092000F0CDFA78616C
:1054C0007B69002B02D14FF0FF331AE07B69002289
:1054D0001A707B69FA685A607B69BA689A607B695E
:1054E0007A68DA60796909480BF0D6F90346002B2F
:1054F00006D07969092000F01FFB4FF0FF3300E070
:10550000002318461837BD4680BD00BF0C80042418
:10551000305C0408C45C04089C5C040880B582B05C
:1055200000AF786039603B6893F8313003F01803BE
:10553000002B06D0084A39687868FFF7ABFF0346AE
:1055400005E0064A39687868FFF7A4FF0346184665
:105550000837BD4680BD00BF85510108F9F3010839
:1055600080B584B000AF7860396019480BF0DFF97E
:105570000346002B06D1174B40F25D12164917481F
:105580002CF086FD082000F067FAF860FB68002B1D
:1055900002D14FF0FF3317E0FB6801221A70FB685D
:1055A0007A685A60FB683A689A60F96808480BF0B4
:1055B00073F90346002B06D0F968082000F0BCFA06
:1055C0004FF0FF3300E0002318461037BD4680BD82
:1055D0000C800424305C0408C45C04089C5C04084F
:1055E00080B584B002AF7860396000F02EF9174AB8
:1055F0007B681360164A3B681360062115480BF060
:1056000031F90346002B06D0134B40F261221349B7
:1056100013482CF03DFD13480BF0A6F90346002B70
:1056200006D00D4B40F265220F490D482CF030FD9D
:10563000202300934FF4805300220C490C480BF0B8
:10564000C5F900BF0837BD4680BD00BF04800424F3
:10565000088004240C800424305C0408D45C040812
:105660009C5C040810800424F85C04089D53010825
:105670001C5D040880B483B000AF0346FB80B7F91B
:1056800006301B021AB2FB881B0A9BB21BB21343E3
:105690001BB29BB218460C37BD465DF8047B7047C1
:1056A00080B483B000AF78607B681A067B681B0209
:1056B00003F47F031A437B681B0A03F47F431A43F6
:1056C0007B681B0E134318460C37BD465DF8047B00
:1056D000704780B489B000AF786039607B68FB6147
:1056E0000023FB8100237B61FB6903F001033B6125
:1056F0003B69002B0DD03B68002B0ADDFA69531C77
:10570000FB6107F10E03013312781A703B68013B0D
:105710003B60FB69BB610AE0BB699A1CBA611B88EC
:105720001A467B6913447B613B68023B3B603B68E4
:10573000012BF1DC3B68002B04DD07F10E03BA6995
:1057400012781A70FB891A467B6913447B617B6966
:105750001A0C7B699BB213447B617B691A0C7B69D1
:105760009BB213447B613B69002B07D07B691B0212
:105770009AB27B691B0ADBB213437B617B699BB2E4
:1057800018462437BD465DF8047B704780B582B06B
:1057900000AF78600B467B807B8819467868FFF7FE
:1057A00098FF0346DB439BB218460837BD4680BDD1
:1057B00080B586B000AF78600023FB6000237B617A
:1057C0007B683B612BE03B695A683B695B89194602
:1057D0001046FFF77EFF03461A467B6913447B6140
:1057E0007B691A0C7B699BB213447B613B695B89C3
:1057F00003F001039BB2002B0ED0FB68002B0CBF03
:1058000001230023DBB2FB607B691B029AB27B6938
:105810001B0ADBB213437B613B691B683B613B693D
:10582000002BD0D1FB68002B07D07B691B029AB2FA
:105830007B691B0ADBB213437B617B699BB2DB4351
:105840009BB218461837BD4680BD80B582B000AF08
:1058500000237B600BF07CF800F00EF800F08EF86F
:1058600000F094F907F090FC01F09EFB07F098FB24
:1058700000BF0837BD4680BD80B400AF00BFBD4645
:105880005DF8047B704780B483B000AF7860396006
:105890007B6818460C37BD465DF8047B70470000F6
:1058A00080B584B000AF786078682BF065FD034662
:1058B000FB60FB68002B06D10BF0A8F8B860B86855
:1058C0000BF0B2F80DE0FB68033323F003031A4634
:1058D000FB68934205D0054BD522054905482CF0BD
:1058E000D7FBFB6818461037BD4680BD2C5D040809
:1058F000745D0408985D040880B582B000AF7860DC
:105900007B68002B05D10D4BE6220D490D482CF08C
:10591000BFFB7B68033323F003031A467B68934283
:1059200005D0064BE722084906482CF0B1FB786801
:105930002BF02AFD00BF0837BD4680BD2C5D040852
:10594000C05D0408985D0408D05D040880B582B08D
:1059500000AF78603960396878682BF0F1FC034655
:1059600018460837BD4680BD80B483B000AF78606C
:1059700000BF0C37BD465DF8047B704780B582B030
:1059800000AF0023FB8009E0FB88084A52F823306F
:105990001846FFF7E9FFFB880133FB80FB880C2BDF
:1059A000F2D900BF00BF0837BD4680BD10E0040833
:1059B00080B584B000AF78607B681B88033323F028
:1059C00003031846FFF76CFFF8600BF01FF8B86090
:1059D000FB68002B10D0FB6803F00303002B06D0FC
:1059E000094B4FF48C72094909482CF051FBB868F7
:1059F0000BF01AF8FB6803E0B8680BF015F8002309
:105A000018461037BD4680BDE85D0408345E0408C2
:105A1000585E040880B582B000AF78607B68002BC8
:105A200006D10A4B4FF49E7209490A482CF030FB0C
:105A30007B68002B01D1002303E07868FFF7B8FFF3
:105A4000034618460837BD4680BD00BFE85D040820
:105A5000805E0408585E040880B584B000AF034639
:105A6000FB71FB790C2B08D90A4B40F257120A49FB
:105A70000A482CF00DFB002308E0FB79084A52F895
:105A800023301846FFF794FFF860FB68184610377C
:105A9000BD4680BDE85D0408945E0408585E0408B5
:105AA00010E0040880B584B000AF786039603B68CE
:105AB00003F00303002B06D00A4B4FF4B6720A49D9
:105AC0000A482CF0E5FA3B68FB600AF09FFFB860DB
:105AD000B8680AF0A9FFF868FFF70EFF00BF10379B
:105AE000BD4680BDE85D0408B45E0408585E040845
:105AF00080B582B000AF786039607B68002B06D13A
:105B00000A4B40F295120A490A482CF0C1FA7B6808
:105B1000002B07D03B68002B04D039687868FFF76A
:105B2000C1FF00E000BF0837BD4680BDE85D040846
:105B3000805E0408585E040880B582B000AF03465A
:105B40003960FB71FB790C2B07D90C4B4FF4D572E4
:105B50000B490C482CF09CFA0CE03B68002B08D059
:105B6000FB79094A52F8233039681846FFF79AFF43
:105B700000E000BF0837BD4680BD00BFE85D0408F7
:105B8000D45E0408585E040810E0040880B400AF36
:105B900000BFBD465DF8047B7047000080B586B04D
:105BA00000AFF860B9607A603B60FB68002B08D1F9
:105BB0005B4B40F227125B495B482CF069FA0023EB
:105BC000A9E07B6A002B08D1554B4FF494725749DA
:105BD00055482CF05DFA00239DE0BB68002B01D1F5
:105BE000534BBB607B68002B01D1514B7B603B6802
:105BF000002B01D14E4B3B60FB6800225A60FB68D2
:105C000000229A60FB680022DA60FB68494A5A6108
:105C1000FB6800221A85FB68002283F83120FB68AC
:105C200024330422002118462CF03FFCFB6800229C
:105C3000DA61FB683A6A1A623F4B1A78FB6883F8AC
:105C40003420FB68BA6A1A613B687A68B968F868F8
:105C500000F08EF97B6AF86898470346002B01D064
:105C6000002358E0FB6893F83430FF2B03D1FB6826
:105C7000002283F8342000233B61304B1B687B619A
:105C80002BE07A69FB689A4206D1254B40F28B12D1
:105C90002B4925482CF0FCF93B6901333B613B69FA
:105CA000FF2B06DD1E4B40F28D1226491E482CF0BC
:105CB000EFF97B6993F83420FB6893F834309A420B
:105CC00008D1FB6893F834300133DAB2FB6883F80B
:105CD000342005E07B691B687B617B69002BD0D198
:105CE0007B69002BBED1FB6893F83430FE2B03D1C7
:105CF000114B00221A7006E0FB6893F83430013330
:105D0000DAB20D4B1A700D4B1A68FB681A600B4A19
:105D1000FB681360FB6818461837BD4680BD00BF9E
:105D2000F05E04089C5F0408585F0408B85F04082C
:105D30008CE0040853620108348004242C8004247D
:105D4000DC5F0408F05F040880B582B000AF7860C3
:105D500039603968786802F0FDFD3968786807F0C5
:105D600099FE00BF0837BD4680BD000080B586B0F3
:105D700000AFF860B9607A60BB68002B06D11D4B9C
:105D800040F2CB121C491D482CF082F97B68002B95
:105D900006D1184B4FF4E672174918482CF078F9E1
:105DA000BB681A68FB6804331B689A421CD0BB6846
:105DB0001B687B61FB6804331A687B681A6007F113
:105DC000140319467868FFF7BFFFBB68002B02D0A9
:105DD000BB681B6800E00023FA6853600121F86883
:105DE00000F04CF9012300E0002318461837BD46A7
:105DF00080BD00BFF05E040820600408585F0408FE
:105E000080B584B000AF786039607B68002B07D123
:105E10000B4B4FF4FC720B490B482CF039F90BE09B
:105E20003B68002B01D1094B3B6007F10C031A467C
:105E300039687868FFF79AFF1037BD4680BD00BF0C
:105E4000F05E040830600408585F04088CE0040821
:105E500080B485B000AFF860B9607A60BB681A683A
:105E6000FB6808331B689A420AD0BB68002B02D03B
:105E7000BB681B6800E00023FA689360012300E020
:105E8000002318461437BD465DF8047B70470000B8
:105E900080B584B000AF786039600023FB607B6818
:105EA000002B07D10A4B40F23A220A490A482CF04B
:105EB000EFF809E03B68002B01D1084B3B60FA6822
:105EC00039687868FFF7C4FF1037BD4680BD00BF52
:105ED000F05E040850600408585F04088CE0040871
:105EE00080B485B000AFF860B9607A60BB681A68AA
:105EF000FB680C331B689A420AD0BB68002B02D0A7
:105F0000BB681B6800E00023FA68D360012300E04F
:105F1000002318461437BD465DF8047B7047000027
:105F200080B584B000AF786039600023FB607B6887
:105F3000002B07D10A4B40F277220A490A482CF07D
:105F4000A7F809E03B68002B01D1084B3B60FA68D9
:105F500039687868FFF7C4FF1037BD4680BD00BFC1
:105F6000F05E040874600408585F04088CE00408BC
:105F700080B588B000AFF860B9607A603B600023FC
:105F8000FB610023BB61BB68002B01D11C4BBB60D4
:105F90007B68002B01D11A4B7B603B68002B01D141
:105FA000174B3B60BB68002B03D0BB681B68002B02
:105FB00001D1012300E000237B617B69002B06D027
:105FC00007F110031A46B968F868FFF7CFFEFA69BF
:105FD0007968F868FFF73CFFBA693968F868FFF735
:105FE0007FFF7B69002B06D107F110031A46B968C1
:105FF000F868FFF7BBFE00BF2037BD4680BD00BF7D
:106000008CE0040880B483B000AF7860044A7B68F9
:10601000136000BF0C37BD465DF8047B704700BFBE
:106020003080042480B582B000AF78607B68002B9C
:1060300007D10F4B4FF454720E490F482CF028F83B
:1060400013E07B6893F8313003F00103002B0CD18F
:106050007B6893F8313043F00103DAB27B6883F850
:1060600031200321786800F009F80837BD4680BD6B
:10607000F05E040890600408585F040880B582B0A0
:1060800000AF78600B46FB707B68002B06D1184B85
:1060900040F26D32174918482BF0FAFF7B6893F8ED
:1060A000313003F00403002B1ED07B6893F83130AD
:1060B00003F00103002B17D0FB7803F00103002B42
:1060C00013D07B6804331B68002B0ED07B6893F8D9
:1060D000313003F00803002B07D07B6804331946E6
:1060E000786808F01DFF00E000BF0837BD4680BD9E
:1060F000F05E0408AC600408585F040880B582B004
:1061000000AF78607B68002B07D1124B40F29B32C6
:10611000114912482BF0BCFF19E07B6893F831302D
:1061200003F00103002B12D07B6893F8313023F089
:106130000103DAB27B6883F831207B6893F8313051
:1061400003F00803002B02D0786808F085FA0837BE
:10615000BD4680BDF05E0408D0600408585F0408A6
:1061600080B582B000AF78607B68002B07D1154BFB
:106170004FF47872144915482BF08AFF1EE07B68B3
:1061800093F8313003F00403002B17D17B6893F8A8
:10619000313043F00403DAB27B6883F83120786849
:1061A00007F00AFE03217868FFF768FF7B68DB6968
:1061B000002B03D07B68DB69786898470837BD46B9
:1061C00080BD00BFF05E0408F0600408585F04085A
:1061D00080B582B000AF78607B68002B07D1114B8F
:1061E00040F20642104911482BF052FF17E07B683D
:1061F00093F8313003F00403002B10D07B6893F840
:10620000313023F00403DAB27B6883F831207B68F5
:10621000DB69002B03D07B68DB6978689847083717
:10622000BD4680BDF05E040814610408585F040890
:1062300080B483B000AF786039607B68002B02D0F7
:106240007B683A68DA6100BF0C37BD465DF8047BB5
:10625000704780B485B000AFF860B9607A606FF0C5
:106260000B0318461437BD465DF8047B70470000E9
:1062700080B485B000AF0346FB71FB79002B13D0CF
:106280000D4B1B68FB600CE0FB6893F83430013366
:10629000DBB2FA799A4201D1FB6806E0FB681B6821
:1062A000FB60FB68002BEFD1002318461437BD4676
:1062B0005DF8047B704700BF2C80042480B582B059
:1062C00000AF0AF0A3FB38600D4B00221A7038684B
:1062D0000AF0AAFB0B4B1B687B600AE07B685B6FD4
:1062E000002B03D0786802F073FB05E07B68DB6865
:1062F0007B607B68002BF1D10837BD4680BD00BFB5
:10630000358004244480042480B582B000AF7860D6
:10631000FFF7D4FF00BF0837BD4680BD80B582B00F
:1063200000AF0AF073FB78600F4B1B78FB700E4BCD
:1063300001221A7078680AF077FBFB78002B0FD1E6
:1063400000210A48FFF70CF90346002B08D00AF099
:106350005DFB7860044B00221A7078680AF064FBD9
:1063600000BF0837BD4680BD35800424096301089D
:1063700080B485B000AFF860B96011461A460B468C
:10638000FB801346BB80FB6800221A60FB68BA687A
:106390005A60FB68FA881A81FB68BA885A813B8B7D
:1063A000DAB2FB681A73FB683A7F5A73FB68012202
:1063B0009A73FB680022DA7300BF1437BD465DF89C
:1063C000047B704780B58CB002AF0346FB710B466F
:1063D000BB8013467B80FB797B847B88B3F5207F71
:1063E00000F08280B3F5207F00F3C980B3F5C17F50
:1063F00010D0B3F5C17F00F3C280012B02D0412B36
:1064000040F0BD807A88BB881946002000F0D2F8A1
:106410007862BEE000237B620023FB61BB887B8344
:106420000C20FFF719FB38613B69002B09D1FFF7FE
:1064300075FF7B6A002B02D0786A00F0A7FA002370
:10644000A8E07B8C03339BB223F003039AB240F2A3
:10645000EC539B1A9BB27A8B934228BF1346FB8165
:106460007B8C10333A691344033323F0030318463B
:10647000F9897A8B002301937B8800930B460146B0
:106480003869FFF775FF3B695B6803F00303002B76
:1064900006D0424B4FF48072414942482BF0F8FD40
:1064A0007B8C033323F0030340F2EC52934206D17A
:1064B0003A4B4FF481723C493A482BF0E9FD7B6A34
:1064C000002B02D13B697B6202E0FB693A691A60EA
:1064D0003B69FB617A8BFB89D31A7B8300237B8426
:1064E0007B8B002B9CD154E07B8C03339BB223F03D
:1064F00003039AB2BB8803339BB223F003039BB21E
:1065000013443B833B8B10337B613A8BBB88033353
:1065100023F003039A4206D3BB88033323F003031B
:106520007A699A4201D2002334E07869FFF7B8F91A
:1065300078627B6A002B01D100232BE07B8C103327
:106540007A6A1344033323F003031846B988BA88E0
:10655000002301937B8800930B460146786AFFF77E
:1065600007FF7B6A5B6803F00303002B10D00B4B23
:106570004FF491720D490B482BF08AFD08E0074B50
:1065800040F227120A4907482BF082FD002301E060
:1065900000BF7B6A18462837BD4680BD38610408B5
:1065A00084610408B4610408DC6104081062040812
:1065B0003C62040880B586B002AF78600B467B80F1
:1065C00013463B803B88412B09D03B88012B06D0EA
:1065D0000F4B4FF4A5720F490F482BF059FD0B20BC
:1065E000FFF73AFAF860FB68002B01D100230BE0BB
:1065F00079887A88002301933B8800930B46796859
:10660000F868FFF7B5FEFB6818461037BD4680BD39
:106610003861040858620408B461040880B588B081
:1066200002AF7B600346FB730B46BB8113467B8145
:10663000FB7B7B827B8A033323F00302BB891A44F2
:10664000BB8C9A4201D9002318E03B6A002B07D08B
:106650007B8A033323F003033A6A13447B6101E02E
:1066600000237B617868B989BA89022301937B8909
:1066700000930B467969FFF77BFE7B681846183755
:10668000BD4680BD80B584B000AF78600B467B808E
:106690007B68002B06D1394B4FF4CC72384939480E
:1066A0002BF0F6FC7B681B897A889A4261D27B6862
:1066B0001A897B88D31A3B817B887B817B68FB604E
:1066C00018E0FB685B897A89D31A7B81FB681A8999
:1066D0003B89D31A9AB2FB681A81FB681B68FB607E
:1066E000FB68002B06D1254B40F2AF122649254806
:1066F0002BF0CEFCFB685B897A899A42E1D8FB6873
:106700001B7B03F00F03002B1FD1FB685B897A8989
:106710009A421AD0FB685B7B03F00203002B14D172
:10672000FB685A68FB68D21A7B8913441946F868DB
:10673000FFF7A9F8F860FB68002B06D10F4B40F279
:10674000BD1212490F482BF0A3FCFB687A895A81CD
:10675000FB685A89FB681A81FB681B68002B04D010
:10676000FB681B68184600F011F9FB6800221A60EC
:1067700000E000BF1037BD4680BD00BF386104088F
:106780006C620408B4610408846204089C62040812
:1067900080B586B000AFF860B9601346FB71FB6846
:1067A000002B06D12B4B40F2DF122B492B482BF04C
:1067B0006FFCFB68002B03D0BB68B3F5803F01D3AF
:1067C000012343E0BB68002B01D100233EE0BB68FE
:1067D0007B82FB681A897B8A13449BB27A8A9A422D
:1067E00001D9012332E0FB681B7B3B823B8A03F02B
:1067F0008003002B0CD0FB685A68BB685B421344D3
:106800007B61FB6810337A699A420DD201231DE047
:10681000FB79002B06D0FB685A68BB685B421344C7
:106820007B6101E0012311E0FB687A695A60FB6833
:106830005A897B8A13449AB2FB685A81FB681A8989
:106840007B8A13449AB2FB681A81002318461837D2
:10685000BD4680BD38610408B8620408B46104080C
:1068600080B582B000AF78603960002239687868FE
:10687000FFF78EFF034618460837BD4680BD00006F
:1068800080B584B000AF786039607B68002B06D19A
:10689000204B40F24B22204920482BF0F9FB7B682B
:1068A000002B03D03B68B3F5803F01D301232CE0DC
:1068B0003B68002B01D1002327E03B68FB817B680C
:1068C0005B89FA899A4208D9124B40F25522144941
:1068D00012482BF0DDFB012317E07B685B68BB608F
:1068E0007B685A683B681A447B685A607B685A899F
:1068F000FB89D31A9AB27B685A817B681A89FB8913
:10690000D31A9AB27B681A81002318461037BD4605
:1069100080BD00BF38610408B8620408B46104088F
:10692000C462040880B582B000AF78600B467B80FB
:1069300013467B70B7F90230002B08DAB7F9023042
:106940005B4219467868FFF79BFF034607E0B7F9FB
:1069500002307A7819467868FFF71AFF034618461E
:106960000837BD4680BD80B582B000AF78600B4669
:106970007B80B7F90230012219467868FFF7D2FF11
:10698000034618460837BD4680BD000080B588B074
:1069900000AF78607B68002B0BD17B68002B06D1A1
:1069A0003B4B4FF437723B493B482BF071FB0023C4
:1069B00069E00023FB7762E00AF028F8B8617B68A1
:1069C0009B7B002B06D1324B40F2F12233493248F7
:1069D0002BF05EFB7B689B7B013BDAB27B689A7392
:1069E0007B689B7BFB75B8690AF01EF8FB7D002B6A
:1069F00043D17B681B683B617B681B7B03F00F0303
:106A0000FB737B685B7B03F00203002B11D07B6878
:106A1000BB60BB681B69002B06D11D4B40F2FF22F7
:106A20001F491D482BF034FBBB681B6978689847E9
:106A30001DE0FB7B022B04D179680C20FFF77CF86A
:106A400015E0FB7B012B04D179680B20FFF774F86C
:106A50000DE0FB7B002B03D17868FEF74DFF06E0CD
:106A60000B4B40F20F320F490B482BF011FBFB7F11
:106A70000133FB773B697B6001E000237B607B682F
:106A8000002B99D1FB7F18462037BD4680BD00BF43
:106A900038610408B8620408B4610408E4620408B8
:106AA000FC6204082063040880B485B000AF7860FD
:106AB0000023FB8105E0FB890133FB817B681B68B8
:106AC0007B607B68002BF6D1FB8918461437BD46E6
:106AD0005DF8047B7047000080B584B000AF78603B
:106AE0007B68002B16D009F091FFF8607B689B7BD8
:106AF0000133DAB27B689A73F86809F095FF7B6816
:106B00009B7B002B06D1054B40F2423204490548DD
:106B10002BF0BEFA00BF1037BD4680BD38610408B7
:106B200034630408B461040880B584B000AF7860B1
:106B300039607B68002B02D03B68002B07D1204BCB
:106B400040F259321F4920482BF0A2FA34E07B680A
:106B5000FB600AE0FB681A893B681B8913449AB200
:106B6000FB681A81FB681B68FB60FB681B68002BD5
:106B7000F0D1FB681A89FB685B899A4206D0104BFA
:106B800040F26232114910482BF082FAFB681B6810
:106B9000002B06D00A4B40F263320D490A482BF015
:106BA00077FAFB681A893B681B8913449AB2FB6821
:106BB0001A81FB683A681A601037BD4680BD00BF75
:106BC0003861040848630408B46104088063040859
:106BD000B063040880B582B000AF7860396039686E
:106BE0007868FFF7A1FF3868FFF776FF00BF083726
:106BF000BD4680BD80B586B000AF786039600023A7
:106C00007B6100233B617B68002B08D03B68002B35
:106C100005D07B681A893B681B899A4209D2574B79
:106C200040F2C932564957482BF032FA6FF00F0341
:106C30009FE07B685B891A467B69D21A3B685B8957
:106C400019463B69CB1A9A4206D33B685B891A46C0
:106C50003B69D31AFB6005E07B685B891A467B6958
:106C6000D31AFB607B685A687B69D0183B685A6806
:106C70003B691344FA6819462CF0C1FB7A69FB683A
:106C800013447B613A69FB6813443B617B685B8911
:106C90001A467B69934206D9384B40F2D9323A49B9
:106CA00038482BF0F5F93B685B891A463B699342FB
:106CB00006D9324B40F2DA32344932482BF0E8F947
:106CC0003B685B891A463B69934204D300233B61CE
:106CD0003B681B683B607B685B891A467B69934213
:106CE00014D100237B617B681B687B607B68002B71
:106CF0000CD13B68002B09D0204B4FF4797224490A
:106D000020482BF0C5F96FF00F0332E03B68002BF1
:106D100013D03B685A893B681B899A420DD13B6866
:106D20001B68002B09D0154B40F2E9321949154870
:106D30002BF0AEF96FF005031BE07B68002B13D03E
:106D40007B685A897B681B899A420DD17B681B68D6
:106D5000002B09D0094B40F2EE320E4909482BF0C6
:106D600097F96FF0050304E03B68002B7FF461AFF7
:106D7000002318461837BD4680BD00BF386104089F
:106D8000FC630408B46104082C6404084464040827
:106D9000606404087064040880B588B000AFF860CF
:106DA000B96011461A460B46FB801346BB80002390
:106DB0007B830023FB82FB68002B08D12B4B40F226
:106DC0000A422B492B482BF063F900234AE0BB68A9
:106DD000002B08D1254B40F20B42274925482BF0C8
:106DE00057F900233EE0FB68FB6134E0BB88002BD1
:106DF0000AD0FB695B89BA889A4205D3FB695B8933
:106E0000BA88D31ABB8023E0FB695A89BB88D31A9E
:106E10003B833A8BFB889A4201D9FB883B837B8B6F
:106E2000BA68D018FB695A68BB8813443A8B194674
:106E30002CF0E5FAFA8A3B8B1344FB827A8B3B8B6E
:106E400013447B83FA883B8BD31AFB800023BB80DF
:106E5000FB691B68FB61FB88002B02D0FB69002BE0
:106E6000C4D1FB8A18462037BD4680BD386104086E
:106E70009C640408B4610408BC64040880B487B04E
:106E800000AFF8600B467A607B817B89FB82FB68F0
:106E90003B6107E03B695B89FA8AD31AFB823B6955
:106EA0001B683B613B69002B04D03B695B89FA8A14
:106EB0009A42EFD27B68002B02D07B68FA8A1A8054
:106EC0003B6918461C37BD465DF8047B70470000DF
:106ED00080B584B000AF03463A60FB710B46BB80BF
:106EE0003B681989BA88FB791846FFF76BFAF86096
:106EF000FB68002B01D1002311E03968F868FFF727
:106F000079FE0346FB7297F90B30002B06D0064B37
:106F100040F22452054906482BF0BAF8FB6818469F
:106F20001037BD4680BD00BF38610408C86504083D
:106F3000B461040880B584B000AF78600B467B80F4
:106F40007B881946786800F00CF8F860FB68002B25
:106F500002DBFB68DBB200E0002318461037BD46B9
:106F600080BD80B584B000AF78600B467B8007F1B0
:106F70000A027B8819467868FFF780FFF860FB6893
:106F8000002B0AD0FB685A897B899A4205D9FB6895
:106F90005B687A8913441B7801E04FF0FF33184691
:106FA0001037BD4680BD000080B500AF2AF0A2FAC0
:106FB00003469BB2C3F30D039BB2A3F580439AB281
:106FC000014B1A8000BF80BD1400002480B582B040
:106FD00000AF78607B681B7D012B05D1064BD42266
:106FE000064907482BF054F879680120FEF7A4FD04
:106FF00000BF0837BD4680BD546604089C6604087F
:10700000B066040880B582B000AF78607B681B7DF5
:10701000012B05D1064BDF22064907482BF038F833
:1070200079680220FEF788FD00BF0837BD4680BDA5
:1070300054660408D8660408B066040880B500AF3A
:1070400001F000F8074B1B780133DAB2054B1A70D8
:10705000044B1B7803F00103002B01D000F0B2FCBD
:1070600000BF80BD4D80042480B584B000AF78603F
:1070700039603B68002B05D10D4BFF220D490E48AE
:107080002BF006F87B68FB600AE0FB68DB6F3A6870
:107090009A4202D1FB680022DA67FB68DB68FB607A
:1070A000FB68002BF1D100BF00BF1037BD4680BD8B
:1070B00054660408F4660408B066040880B584B019
:1070C00000AF78607B68002B06D1144B40F21112A0
:1070D000134914482AF0DCFF7B681B7D012B06D086
:1070E0000E4B4FF4897210490E482AF0D1FF01234C
:1070F000FB600BE00D4AFB6852F823301B6879688F
:107100001846FFF7B1FFFB680133FB60FB68032BF8
:10711000F0D900BF00BF1037BD4680BD54660408DB
:107120001C670408B0660408286704085CE00408CB
:10713000B0B588B004AF78600B46FB707B68002B5D
:1071400006D1634B4FF4AF72624963482AF0A0FF47
:10715000FB78002B66D07B681B7D042B03D07B68FB
:107160001B7D072B5ED17B689B6F002B04D17B6856
:107170001B8DB3F5804F55D07B685B8B03F01003FC
:10718000002B06D1524B4FF4B272544952482AF0A8
:107190007FFF7B68186D7B685C6A7D687B68043361
:1071A0007A68D28A7968098B0291019200932B4602
:1071B00022460146786805F073FC786801F04CFAC5
:1071C000474B1B687A689A4205D1454B1B68DB68C0
:1071D000434A136013E0424B1B68FB600CE0FB6802
:1071E000DB687A689A4204D17B68DA68FB68DA6007
:1071F00005E0FB68DB68FB60FB68002BEFD17B6878
:107200000022DA60374B01221A70374B1B687A680C
:107210009A4202D103F0EAFE02E07868FFF7D6FE58
:10722000002350E07B681B7D022B3BD0022B44DC0B
:10723000002B02D0012B2AD03FE07B68DB8A002B99
:1072400021D02A4B1B687A689A4205D1274B1B68CC
:10725000DB68264A136013E0244B1B68BB600CE01C
:10726000BB68DB687A689A4204D17B68DA68BB68DD
:10727000DA6005E0BB68DB68BB60BB68002BEFD160
:107280007B680022DA607868FFF7A0FE1AE0786871
:10729000FFF714FF7968164801F02EFA7868FFF7B7
:1072A000B1FE0FE079680E4801F026FA0D4B01227D
:1072B0001A707868FFF78AFE04E0786800F01AF820
:1072C000034600E0002318461037BD46B0BD00BF9E
:1072D0005466040840670408B06604086067040840
:1072E000448004244C800424848004243C800424AE
:1072F0004080042480B584B000AF78607B68002BA8
:1073000006D12E4B4FF4CE722D492E482AF0C0FEE6
:107310007B681B7D072B20D0072B2BDC032B02D097
:10732000042B0DD026E0786804F0C8FC0346FB73FC
:1073300097F90F30002B1FD17B6805221A751BE0CF
:10734000786804F0BBFC0346FB7397F90F30002B01
:1073500014D17B6805221A7510E0786804F0AEFC41
:107360000346FB7397F90F30002B09D17B68092284
:107370001A7505E000231CE000BF02E000BF00E03A
:1073800000BF97F90F30002B03D1786804F0D4FDCB
:107390000DE097F90F30B3F1FF3F08D17B685B8BAD
:1073A00043F008039AB27B685A83002301E097F9FF
:1073B0000F3018461037BD4680BD00BF5466040824
:1073C0001C670408B066040880B582B000AF78601E
:1073D0007B68002B09D10F4B4FF4F4720E490F4814
:1073E0002AF056FE6FF00F030FE07B681B7D012B28
:1073F00006D07B685B8B43F010039AB27B685A839C
:1074000001217868FFF794FE034618460837BD4609
:1074100080BD00BF546604087C670408B066040899
:1074200080B58EB004AF786039607B68002B07D1DF
:10743000524B40F23D22524952482AF029FE99E02F
:107440007B681B7D012B06D14C4B4FF410724E49CB
:107450004C482AF01DFE7B681B7D0A2B07D17968FA
:107460004A4801F049F97868FFF7B0FD82E000234F
:107470007B6200237B847B681B6DBB617B685B6ADE
:107480007B617B68D3F890303B617B681B69FB6054
:107490007B681B7D002B26D17B68DB8A002B2ED0DE
:1074A0003B4B1B687A689A4205D1394B1B68DB68F5
:1074B000374A136013E0364B1B68FB610CE0FB6935
:1074C000DB687A689A4204D17B68DA68FB69DA6023
:1074D00005E0FB69DB68FB61FB69002BEFD17B6892
:1074E0000022DA600BE03B687B627B68DB8A7B848E
:1074F0007968284801F000F9274B01221A707B684F
:107500001B6F002B04D07B681B6F184600F07AFEBF
:107510007B68DB6E002B04D07B68DB6E184600F0C6
:1075200071FE7B685B6F002B04D07B685B6F184635
:1075300000F068FE7B6A002B0ED079687B6804330C
:107540007A68128B02927A8C019200930B467A69C8
:10755000B969786805F0A4FA7B681B7DFB727868CE
:10756000FFF734FD3B69002B04D03B696FF00C0141
:10757000F86898472837BD4680BD00BF54660408A8
:10758000B0670408B0660408CC6704084880042487
:107590003C800424448004244C80042480B582B0C0
:1075A00000AF786001217868FFF73AFF00BF083725
:1075B000BD4680BD80B584B000AF78607B68002B8D
:1075C00006D1254B40F2A632244925482AF060FD19
:1075D0007B685B6A7A68128D1344FB607B68DB6AA8
:1075E0007A68528EB2F5005F28BF4FF4005292B213
:1075F0001344FA68D31A002B08DB7B681A8D7B686A
:107600005A857B68DB6AFA68D31A20E07B685A6A7D
:107610007B68DB6AD31A002B03DD7B6800225A8566
:1076200014E07B68DA6A7B685B6AD31ABB60BB686C
:10763000B3F5803F06D3084B40F2B63209490848FB
:107640002AF026FDBB689AB27B685A85002318464B
:107650001037BD4680BD00BF54660408C8680408E2
:10766000B0660408EC68040880B584B000AF7860A8
:107670000B467B807B68002B07D11F4B40F2CF323B
:107680001E491F482AF004FD32E07B681B7D012B58
:1076900006D1194B40F2D2321A4919482AF0F8FCA7
:1076A0007B681A8D7B881344FB81FB89B3F5804F7F
:1076B00004D87B681B8DFA899A4204D27B684FF408
:1076C00080421A8502E07B68FA891A857868FFF79C
:1076D00071FFB860BB68B3F5067F09D37B685B8B2D
:1076E00043F002039AB27B685A83786804F024FC62
:1076F0001037BD4680BD00BF546604080869040801
:10770000B06604082069040880B483B000AF002389
:10771000BB801E4B1B8801339AB21C4B1A801B4B3B
:107720001B884FF6FF72934203D1184B4FF440422F
:107730001A800023FB711EE0FB79154A52F82330B2
:107740001B683B6011E03B68DA8A104B1B889A4249
:1077500008D1BB880133BB80BB88B3F5804FD8D339
:1077600000230DE03B68DB683B603B68002BEAD1FF
:10777000FB790133FB71FB79032BDDD9034B1B88AC
:1077800018460C37BD465DF8047B70471400002492
:107790005CE0040880B58AB000AFF860B9603B6077
:1077A0001346FB8000237B62FB68002B09D17D4BD5
:1077B00040F235427C497D482AF06AFC6FF00F03A5
:1077C000ECE0BB68002B09D1764B40F23642784999
:1077D00076482AF05DFC6FF00F03DFE0FB681B7D4D
:1077E000002B09D06F4B4FF4876272496F482AF023
:1077F0004FFC6FF00903D1E0BB68002B02D0BB68DF
:107800001B6800E00023FA685360FB68FA881A835B
:10781000FB681B7A002B06D0FB681B7A1846FEF724
:1078200027FD786205E0FB680433184607F03EFD4B
:1078300078627B6A002B02D16FF00303AEE0FB6835
:10784000002B03D0FB681B68002B11D17B6A002B37
:1078500002D07B6A043300E00023FB61FB69002B4C
:1078600002D16FF0030399E0FB691A68FB681A60A4
:10787000FB68DB8A7B83FB68DB8A002B0CD1FFF77C
:1078800043FF03461A46FB68DA82FB68DB8A002B5B
:1078900002D16FF0010381E0F86800F0C1FF786168
:1078A000FB6800225A62FB687A691A657B695A1E76
:1078B000FB685A647B695A1EFB689A657B695A1E8D
:1078C000FB68DA65FB684FF480425A85FB685A8D85
:1078D000FB681A85FB685A6AFB68DA62FB684FF43A
:1078E0008042A3F86020FB684FF406725A86FB685A
:1078F000588EFB6804331A46796A00F0B7FF0346D6
:107900001A46FB685A86FB680122A3F84820FB68E8
:107910003A68C3F888200221F86804F01FFA034689
:10792000FB7497F91330002B36D1FB6802221A75CD
:107930007B8B002B21D0204B1B68FA689A4205D123
:107940001D4B1B68DB681C4A136013E01A4B1B6855
:107950003B620CE03B6ADB68FA689A4204D1FB6840
:10796000DA683B6ADA6005E03B6ADB683B623B6AE7
:10797000002BEFD1FB680022DA60104B1A68FB681D
:10798000DA600E4AFB68136005F04AFA0C4B0122DC
:107990001A70F86804F0D0FA97F9133018462837AF
:1079A000BD4680BD5466040848690408B0660408F2
:1079B00064690408806904083C8004244480042429
:1079C0004C800424B0B590B004AF002387F8253074
:1079D000954B1B680133944A1360944B1B78013319
:1079E000DAB2924B1A7000E000BF0023BB62904BEA
:1079F0001B68FB629FE2FB6A1B7D002B06D18D4B4F
:107A000040F2BE428C498D482AF042FBFB6A1B7D46
:107A1000012B06D1874B40F2BF42894987482AF0A3
:107A200037FBFB6A1B7D0A2B06D1824B4FF4986211
:107A3000844982482AF02CFBFB6A9A7F7B4B1B7897
:107A40009A4205D1FB6ABB62FB6ADB68FB6272E2A9
:107A5000764B1A78FB6A9A77002387F82730002341
:107A600087F82630FB6A1B7D022B0AD1FB6A93F84C
:107A70004230052B05D997F82730013387F8273096
:107A80001EE1FB6A93F842300B2B05D997F827309B
:107A9000013387F8273013E1FB6A93F89930002B04
:107AA00075D0FB6A1B6F002B06D0624B40F2D442AC
:107AB000654962482AF0ECFAFB6ADB6E002B06D1BE
:107AC0005C4B40F2D54261495C482AF0E1FAFB6A1E
:107AD00093F89A300B2B05D997F82730013387F8A4
:107AE0002730EDE0FB6A93F89930013B584AD35CAC
:107AF0007B74FB6A93F898307A7C9A4207D9FB6AC8
:107B000093F898300133DAB2FB6A83F89820FB6A65
:107B100093F898307A7C9A4200F2D28001233B623B
:107B2000FB6AB3F86030002B08D1F86A05F0AAF8B8
:107B30000346002B14D000233B6211E0FB6AB3F82C
:107B400060301946F86A03F071FF0346002B07D135
:107B5000F86A04F0F1F90346002B01D100233B62DF
:107B60003B6A002B00F0AC80FB6A002283F898206F
:107B7000FB6A93F89930062B00F2A280FB6A93F817
:107B800099300133DAB2FB6A83F8992098E0FB6AF6
:107B9000B3F93030002B0FDBFB6AB3F9303047F616
:107BA000FF72934208D0FB6AB3F930309BB20133C5
:107BB0009BB21AB2FB6A1A86FB6AB3F93020FB6AE1
:107BC000B3F940309A427BDBF86A04F0A9FC034623
:107BD000002B07D0FB6A1B6F002B71D1FB6ADB6E99
:107BE000002B6DD0FB6A1B7D022B3AD0FB6A93F809
:107BF00042300C2B28BF0C23FB76FB6AB3F93C30D8
:107C0000DB101BB21A46FB6AB3F93E301344FA7E0E
:107C100010498A5C93407B617B6947F6FE72934210
:107C20001ADC7B691AB219E0388004244E800424DF
:107C30004480042454660408B0690408B06604084B
:107C4000DC690408086A0408386A04086C6A0408D5
:107C500054E0040844E0040847F6FF72FB6AA3F806
:107C60004020FB6A00221A86FB6AB3F86020FB6A98
:107C7000B3F84830934228BF13467B827B8A5B0867
:107C80009AB2FB6AA3F84A20FB6AB3F84A20FB6A5F
:107C90005B8E5B009BB29A4206D2FB6A5B8E5B00F6
:107CA0009AB2FB6AA3F84A20FB6A5A8EFB6AA3F8D1
:107CB0004820FB6A0022A3F86A20F86A04F0A0FCBE
:107CC000FB6A1B7D062B11D1FB6A5B8B03F0100353
:107CD000002B0BD09D4B1A68FB6A1B6AD31A282B0A
:107CE00004D997F82730013387F82730FB6A5B7A8D
:107CF00003F00803002B4CD0FB6A1B7D042B03D040
:107D0000FB6A1B7D072B44D1904B1A68FB6A1B6AE8
:107D1000D21AFB6AD3F8941043F698230B448C498B
:107D2000A1FB03135B099A420AD997F82730013364
:107D300087F8273097F82630013387F8263028E077
:107D4000824B1A68FB6A1B6AD21AFB6AD3F894103A
:107D5000FB6A93F89B30184640F6B83300FB03F3F8
:107D60000B447B49A1FB03135B099A4211D9F86AC2
:107D700004F048FF034687F8253097F92530002B9B
:107D800007D1FB6A93F89B300133DAB2FB6A83F8C0
:107D90009B20FB6A5B6F002B11D06C4B1A68FB6A4F
:107DA0001B6AD21AFB6AB3F9403019460B465B00D6
:107DB0000B445B009A4202D3F86A00F009FEFB6AAA
:107DC0001B7D032B0BD1614B1A68FB6A1B6AD31A0C
:107DD000282B04D997F82730013387F82730FB6A1E
:107DE0001B7D092B0BD1594B1A68FB6A1B6AD31AEE
:107DF000F02B04D997F82730013387F8273097F80C
:107E00002730002B60D0FB6AD3F89030FB60F86A13
:107E100000F022FCBB6A002B10D04E4B1B68FA6AA4
:107E20009A4206D14C4B40F26D524C494C482AF0D4
:107E30002FF9FB6ADA68BB6ADA600FE0454B1B6812
:107E4000FA6A9A4206D0444B40F27152454944487E
:107E50002AF01EF9FB6ADB683E4A136097F8263069
:107E6000002B13D0FB6A186DFB6A5C6AFD6AFB6A23
:107E70000433FA6AD28AF96A098B0291019200935B
:107E80002B4622460146F86A04F00AFEFB6A1B698B
:107E9000BB60FB6A1B7DFB71FB6A3B60FB6ADB68B6
:107EA000FB623868FFF792F82F4B00221A70FB68CC
:107EB000002B04D0FB686FF00C01B86898472A4B80
:107EC0001B78002B37D090E5FB6ABB62FB6ADB684E
:107ED000FB62BB6A1B7F0133DAB2BB6A1A77BB6AEB
:107EE0001A7FBB6A5B7F9A4225D3BB6A00221A774E
:107EF0001D4B00221A70BB6AD3F88C30002B0BD0BC
:107F0000BB6AD3F88C30BA6A1269B96A10469847CE
:107F1000034687F8253002E0002387F82530124B0E
:107F20001B78002B7FF460AD97F92530002B02D130
:107F3000B86A04F001F8FB6A002B7FF45CAD002303
:107F4000BB620A4B1B68FB6265E000BF38800424FB
:107F5000D34D62104480042454660408A46A0408C3
:107F6000B0660408D06A04084C80042448800424C5
:107F7000FB6A1B7D0A2B06D02B4B40F2A1522B49EA
:107F80002B482AF085F8002387F82730294B1A68F8
:107F9000FB6A1B6AD31AF02B04D997F827300133F8
:107FA00087F8273097F82730002B2FD0F86A00F099
:107FB00053FBBB6A002B10D01F4B1B68FA6A9A4216
:107FC00006D1194B40F2AF521C4919482AF060F80B
:107FD000FB6ADA68BB6ADA600FE0174B1B68FA6A63
:107FE0009A4206D0104B40F2B352154910482AF07D
:107FF0004FF8FB6ADB68104A1360FB6AFB61FB6A9F
:10800000DB68FB62F869FEF7E1FF04E0FB6ABB6234
:10801000FB6ADB68FB62FB6A002BA9D100BF00BFD3
:108020003037BD46B0BD00BF54660408FC6A040882
:10803000B066040838800424488004242C6B0408AB
:10804000546B040880B582B000AF2D4B1B78013310
:10805000DAB22B4B1A702B4B1B687B6048E07B68B5
:108060009A7F274B1B789A423FD0254B1A787B6822
:108070009A777B685B8B03F00103002B10D07B6841
:108080005B8B43F002039AB27B685A83786803F0F3
:1080900053FF7B685B8B23F003039AB27B685A83A0
:1080A0007B685B8B03F00803002B09D07B685B8B3C
:1080B00023F008039AB27B685A837868FFF71AF9AD
:1080C0007B68DB683B607B689B6F002B0AD00E4BA4
:1080D00000221A70786800F019F80B4B1B78002BFF
:1080E00000D0B8E73B687B6002E07B68DB687B60C0
:1080F0007B68002BB3D100BF00BF0837BD4680BDF1
:108100004E800424448004244C80042490B585B01F
:1081100000AF78607B68002B09D1374B40F20962D1
:108120003649374829F0B4FF6FF00F0360E07B68F1
:108130009B6F5B7BBB737B689B6FBB607B68002224
:108140009A677B68D3F88430002B0BD07B68D3F818
:1081500084407B6818690023BA687968A0470346A1
:10816000FB7307E00023BA687968002000F0A4F8E8
:108170000346FB7397F90F30002B2AD1BB7B03F02A
:108180002003002B33D07B681B8DB3F5804F05D0C7
:108190007B681B8D01339AB27B681A857B68D3F8A4
:1081A0008430002B0BD07B68D3F884407B6818693F
:1081B000002300227968A0470346FB7301E00023F7
:1081C000FB7397F90F3013F10D0F10D16FF00C0303
:1081D0000EE097F90F3013F10D0F02D16FF00C0381
:1081E00006E07B68BA689A676FF0040300E000233A
:1081F00018461437BD4690BD546604087C6B0408CD
:10820000B066040880B584B000AF786007E07B6892
:108210001B68FB60786800F00AF8FB687B607B688D
:10822000002BF4D100BF00BF1037BD4680BD80B524
:1082300082B000AF78607B68002B0CD07B685B68F5
:10824000002B04D07B685B681846FEF79FFB7968BB
:108250000320FDF771FC00BF0837BD4680BD00005C
:1082600080B584B000AF78607B68002B06D10F4BDF
:1082700040F282620E490F4829F00AFF0320FDF701
:10828000EBFBF860FB68002B01D100230AE0102211
:108290007968F8682BF0B3F8FB685B681846FEF75E
:1082A0001BFCFB6818461037BD4680BD54660408A9
:1082B000C06B0408B066040880B584B000AFF860F5
:1082C000B9607A60FB70BB68002B09D1124B4FF488
:1082D000D3621249124829F0DBFE6FF00F0316E05B
:1082E0007B68002B09D07B681B891946B868FFF7AB
:1082F000BBF97868FEF74AFB08E097F90330002BDA
:1083000004D1B868FFF760F8034600E00023184680
:108310001037BD4680BD00BF54660408DC6B0408FE
:10832000B066040880B586B000AF0346FB7197F9CC
:108330000730002B01DBFB7900E07F23FB72FB7A27
:10834000002B34D0FB7A013BFB720023FB6000233F
:108350003B61194B1B687B611FE07B695B7DFA7A8F
:108360009A420CD87B695B7DFA7A9A4212D1134B00
:108370001A687B691B6AD31AFA689A420AD80F4BAB
:108380001A687B691B6AD31AFB607B693B617B6956
:108390005B7DFB727B69DB687B617B69002BDCD1D9
:1083A0003B69002B04D03869FFF7F8F800E000BF04
:1083B0001837BD4680BD00BF4480042438800424A3
:1083C00080B586B000AF0346FB71FB79082B09D05E
:1083D000FB79092B06D01A4B40F2DD6219491A4885
:1083E00029F056FE0023FB6000233B61174B1B68FE
:1083F0007B6117E07B691B7DFA799A420FD1144BA0
:108400001A687B691B6AD31AFA689A4207D8104B1C
:108410001A687B691B6AD31AFB607B693B617B69C5
:10842000DB687B617B69002BE4D13B69002B03D0C7
:1084300000213869FEF7F4FF00BF1837BD4680BD44
:1084400054660408F86B0408B066040844800424E9
:108450003880042480B584B000AF00237B60002303
:10846000BB60124B1B68FB6012E0114B1A68FB6883
:108470001B6AD31A7A689A4207D80D4B1A68FB68B0
:108480001B6AD31A7B60FB68BB60FB68DB68FB6020
:10849000FB68002BE9D1BB68002B02D0B868FFF75E
:1084A0007DF800BF1037BD4680BD00BF4880042462
:1084B0003880042480B582B000AF104B1B687B600D
:1084C00014E07B68DB683B607B685B8B03F0080330
:1084D000002B09D07B685B8B23F008039AB27B6882
:1084E0005A837868FEF706FF3B687B607B68002B49
:1084F000E7D100BF00BF0837BD4680BD44800424DB
:1085000080B584B000AF0346FB710120FDF7A4FAEB
:10851000F860FB68002B26D1FFF7CCFFFFF79AFF2E
:108520000120FDF799FAF860FB68002B1BD10920A8
:10853000FFF746FF0120FDF78FFAF860FB68002B7C
:1085400011D10820FFF73CFF0120FDF785FAF86004
:10855000FB68002B07D1FB791846FFF7E3FE0120EB
:10856000FDF77AFAF860FB68002B40D09C220021CE
:10857000F86829F09AFFFB68FA795A75FB684FF49E
:108580008042A3F86420FB684FF480425A85FB6860
:108590005A8DFB681A85FB68FF22DA72FB684FF47C
:1085A00006725A86FB680622A3F84020FB68062262
:1085B000DA87FB684FF6FF721A86FB680122A3F880
:1085C00048200D4B1A68FB681A620C4B1A78FB683E
:1085D0009A77FB684FF48042A3F84A20FB68084A68
:1085E000C3F88420FB6842F21072C3F89420FB6841
:1085F00018461037BD4680BD388004244E800424C0
:10860000B982010880B500AF4020FFF779FF03462B
:10861000184680BD80B582B000AF786039607B6855
:10862000002B0ED07B681B7D012B06D1074B40F23F
:10863000DF720749074829F02BFD7B683A68C3F8C9
:10864000842000BF0837BD4680BD00BF54660408C3
:10865000086C0408B066040880B582B000AF78608A
:108660007B68002B07D1214B40F65102204921485D
:1086700029F00EFD37E07B681B7D002B33D07B6833
:108680001B7D0A2B2FD07B681B7D012B2BD07B6899
:108690009B6F002B07D07B689B6F1846FEF776F91F
:1086A0007B6800229A677B685B6F002B02D078683A
:1086B00000F08EF97B684FF6FF721A867B68DB6EDE
:1086C0001846FFF79FFD7B681B6F1846FFF79AFD62
:1086D0007B680022DA667B68DA6E7B681A677B68E3
:1086E0000022A3F868200837BD4680BD5466040800
:1086F000B86C0408B066040880B584B000AF786038
:1087000039603B68002B06D13E4B40F683023E4960
:108710003E4829F0BDFC7B68002B06D1394B40F662
:1087200084023B49394829F0B3FC7B681B683A68EE
:108730009A4205D17B681B68DA687B681A6013E08F
:108740007B681B68FB600CE0FB68DB683A689A4258
:1087500004D13B68DA68FB68DA6005E0FB68DB6837
:10876000FB60FB68002BEFD13B680022DA603868C1
:10877000FFF772FF3B681B7D0A2B13D03B681B7D04
:10878000012B0FD03B685B8B03F00103002B09D05A
:108790003B685B8B43F002039AB23B685A833868AC
:1087A00003F0CAFB3B681B7D012B20D03B68DB6ECE
:1087B000002B06D0134B40F693021649134829F0BC
:1087C00067FC3B681B6F002B06D00E4B40F69402F3
:1087D00011490E4829F05CFC3B685B6F002B06D00A
:1087E000084B40F696020D49084829F051FC3B68B9
:1087F00000221A753B680022DA8200BF1037BD469E
:1088000080BD00BF54660408D46C0408B066040838
:10881000F06C0408106D0408286D0408446D040809
:1088200080B582B000AF78607B68002B06D10A4B20
:1088300040F6AF0209490A4829F02AFC094B1A6898
:10884000094B1B681344074A1360064B1B68184604
:108850000837BD4680BD00BF546604085C6D04083F
:10886000B0660408180000243880042480B586B05F
:1088700000AF0346B9607A60FB817B68002B06D1AC
:10888000144B40F6C5021449144829F001FCBB689A
:10889000002B01D1FB8919E0BB681B8DFB82FB8A91
:1088A000002B12D02823BB82FA8ABB8A9A4204D9B1
:1088B000FA8ABB8AD31A9BB200E000237B827A8AB1
:1088C000FB89934228BF1346FB81FB891846183762
:1088D000BD4680BD54660408786D0408B06604087F
:1088E00080B584B000AF786039603B68FB607B681E
:1088F000002B20D1144B4FF410621449144829F076
:10890000C7FB18E0FB681A687B681B689A420FD1A6
:10891000FB681B689BB24FF6A962934208D0FB68C4
:10892000DB68BB60F868FEF739FEBB68FB6002E0FD
:10893000FB68DB68FB60FB68002BE3D100BF00BF76
:108940001037BD4680BD00BF54660408A06D040802
:10895000B066040880B584B000AF786039607B6889
:10896000002B2AD07B681B68002B26D0154B1B6878
:1089700019467868FFF7B4FF134B1B6819467868EF
:10898000FFF7AEFF3B68002B17D03B681B68002B3E
:1089900013D00E4B1B68FB600CE0FB681A687B6809
:1089A0001B689A4203D13B681A68FB681A60FB682F
:1089B000DB68FB60FB68002BEFD100BF1037BD46C2
:1089C00080BD00BF448004243C80042440800424F3
:1089D00080B582B000AF78607B685B6F002B07D0FA
:1089E0007B685B6F1846FFF70DFC7B6800225A67B7
:1089F00000BF0837BD4680BD90B58DB004AF78602C
:108A000039607B68002B05D19B4B83229B499C4896
:108A100029F03EFB7B685B689A4A13607B685B8940
:108A2000132B40F2D183984B5B69974A1268114629
:108A3000184606F0DDFE0346002B40F0C783924B3C
:108A40005B6903F0F003E02B00F0C0838D4B1B68E3
:108A50009B899BB21846FCF70DFE03461B0B9BB28D
:108A6000DBB29B00BB74BB7C132B40F2B183BB7C9D
:108A70009AB27B681B899A4200F2AA83BB7C9BB2A4
:108A8000143B9AB2814B1A80814B00221A607B689A
:108A90005A89BB7C9BB29A4209D37C4B1A887D4B86
:108AA0001A80BB7C19467868FDF7EAFE4EE07B68C9
:108AB0001B68002B05D1704BC2227749704829F002
:108AC000E7FA14217868FDF7DBFE7B685A89714B61
:108AD0001A806E4B1A886F4B1B88D31A3B826D4BE2
:108AE0001B8819467868FDF7CBFE7B681B685B899D
:108AF0003A8A9A4200F26E837B681B685B68644A1C
:108B000013607B681B683A8A11461846FDF7B8FE69
:108B10007B681A893B8AD31A9AB27B681A817B6870
:108B20005B89002B05D0544BDF225C49544829F067
:108B3000AFFA7B681A897B681B681B899A4205D04B
:108B40004D4BE02256494E4829F0A2FA4D4B1B6886
:108B50001B889BB24B4A14681846FCF78BFD0346F2
:108B60002380484B1B685B889BB2464A14681846B2
:108B7000FCF780FD03466380424B1B685B68414AFB
:108B800014681846FCF78CFD034663606368454A29
:108B900013603C4B1B689B683A4A14681846FCF704
:108BA0007FFD0346A360A3683F4A1360354B1B68F3
:108BB000DB899BB2334A14681846FCF75BFD034619
:108BC000E381304B1B689B899BB21846FCF752FD32
:108BD0000346DBB203F03F03DAB2344B1A707B6812
:108BE0001A89334B1A80314B1B7803F00303002B97
:108BF0000CD02F4B1B8801339AB22D4B1A807B6807
:108C00001A892B4B1B889A4200F2E6820023BB6133
:108C1000284B1B68FB619DE0FB691B7D002B05D188
:108C2000154BFB222449164829F032FAFB691B7DBB
:108C30000A2B05D1104BFC222049114829F028FAB3
:108C4000FB691B7D012B05D10B4BFD221C490C48F8
:108C500029F01EFAFB691B7A002B33D0FB691A7AC4
:108C6000094B5B6893F834300133DBB29A4229D068
:108C7000FB69BB616BE000BFD46D0408206E040883
:108C8000386E040860800424148004246480042462
:108C90006880042466800424606E0408706E0408F2
:108CA0007C6E040870800424748004247C80042476
:108CB0007A800424448004249C6E0408C46E040852
:108CC000F06E0408FB691A8B724B1B681B889BB201
:108CD0009A423AD1FB69DA8A6E4B1B685B889BB279
:108CE0009A4232D1FB695A686B4B1B699A422CD16C
:108CF000FB691A68684B5B699A4226D1FB69DB689D
:108D0000FA699A4206D1654B40F20D1264496548F2
:108D100029F0BEF9BB69002B0AD0FB69DA68BB6990
:108D2000DA60614B1A68FB69DA605F4AFB691360BD
:108D3000FB69DB68FA699A4211D1584B40F215126F
:108D40005A49584829F0A4F909E0FB69BB61FB695D
:108D5000DB68FB61FB69002B7FF45EAF00E000BFC6
:108D6000FB69002B40F0AA80514B1B68FB613FE080
:108D7000FB691B7D0A2B06D0484B40F21F124D4960
:108D8000484829F085F9FB691B7A002B09D0FB695B
:108D90001A7A414B5B6893F834300133DBB29A4264
:108DA00022D1FB691A8B3B4B1B681B889BB29A42F2
:108DB0001BD1FB69DA8A374B1B685B889BB29A42EE
:108DC00013D1FB695A68344B1B699A420DD1FB6978
:108DD0001A68314B5B699A4207D1F86900F056FB7B
:108DE0007868FDF7D3FDFDE100BFFB69DB68FB613F
:108DF000FB69002BBCD10023BB612F4B1B687B613F
:108E00002AE07B691B7A002B0CD07B691A7A224BF3
:108E10005B6893F834300133DBB29A4202D07B694D
:108E2000BB6116E07B69DA8A1A4B1B685B889BB2D0
:108E30009A420CD17B691A68174B5B699A420FD032
:108E40007B69002B0DD07B691B68002B09D07B69E7
:108E5000BB617B69DB687B617B69002BD1D100E062
:108E600000BF7B69002B29D0BB69002B0AD07B692E
:108E7000DA68BB69DA60104B1A687B69DA600E4AFF
:108E80007B691360786900F003FA7868FDF77EFD6E
:108E9000A8E100BF6080042414800424D46D040879
:108EA000186F0408386E040844800424446F0408D2
:108EB00048800424706F040840800424FB69002B60
:108EC00000F05881954B00221A607B681A89934BF9
:108ED0001A81924A7B685360914B1B688F4AD3601A
:108EE000904B00221A60904B00221A708F4B002288
:108EF0001A808F4B1B7803F00803002B06D07B6889
:108F00005B7B43F00103DAB27B685A73FB699B6FAA
:108F1000002B17D0F869FFF7F9F8034613F10D0F8E
:108F200007D0FB699B6F002B0CD0824B1B88002B5A
:108F300008D0FB695B8D002B40F0E380F86903F0FB
:108F4000FFFDDEE07C4AFB691360F86900F018FB66
:108F50000346FB7497F9133013F10D0F00F0D38023
:108F6000714B1B7803F00803002B15D0FB69D3F875
:108F70009030002B08D0FB69D3F89030FA69126961
:108F80006FF00D0110469847F9696C48FFF7B4FB84
:108F9000F869FEF71BF8DAE00023FB74634B1B88CB
:108FA000002B1DD0614B1B88FB81FB69D3F88030FF
:108FB000002B0AD0FB69D3F88030FA691069FA896E
:108FC000F96998470346FB7401E00023FB7497F9A5
:108FD000133013F10D0F00F09880544B00221A80CB
:108FE000F86900F015F90346002B40F090804D4BD6
:108FF0001B68002B41D0FB699B6F002B06D0504BA8
:109000004FF4F3724F49504829F042F8FB695B8BEB
:1090100003F01003002B08D0424B1B681846FDF7E5
:10902000B5FCF869FEF7BAFA91E0FB69D3F8843031
:10903000002B0CD0FB69D3F88440FB691869394BCD
:109040001A680023F969A0470346FB7408E0354B12
:109050001A680023F9690020FFF72EF90346FB7414
:1090600097F9133013F10D0F53D097F91330002BEC
:1090700003D02C4B1A68FB699A672B4B1B7803F0C3
:109080002003002B30D0FB699B6F002B09D0FB69BC
:109090009B6F5A7BFB699B6F42F02002D2B25A73DE
:1090A00022E0FB691B8DB3F5804F05D0FB691B8D5A
:1090B00001339AB2FB691A85FB69D3F88430002B1F
:1090C0000BD0FB69D3F88440FB69186900230022A8
:1090D000F969A0470346FB7401E00023FB7497F98C
:1090E000133013F10D0F16D0134B00221A60F869DC
:1090F00000F08EF80346002B28D1F86902F01CFF1F
:1091000025E000BF23E000BF21E000BF1FE000BF5B
:109110001DE000BF1BE000BF19E000BF5080042429
:1091200060800424808004247D80042478800424CA
:109130007C8004247A8004248480042444800424D1
:10914000D46D0408A06F0408386E040800BF274BD4
:1091500000221A60264B00221A60264B5B68002B07
:109160003FD0244B5B681846FDF710FC214B0022D2
:109170005A6036E0204B1B689B899BB21846FCF76F
:1091800079FA0346DBB203F00403002B18D11B4B22
:1091900019681B4B1B881A461A4B1B68D018164BB4
:1091A0001B685B889BB2144A1268128892B20292C2
:1091B0000193154B0093154B0246002003F070FC01
:1091C0007868FDF7E3FB0CE000BF06E000BF04E0B9
:1091D00000BF02E000BF00E000BF7868FDF7D6FBEB
:1091E00000E000BF2437BD4690BD00BF848004244A
:1091F000808004245080042460800424748004242B
:109200007A80042470800424248004242880042488
:1092100080B582B000AF78607B68002B06D1174B19
:1092200040F25A221649174828F032FF164B1B7895
:1092300003F01003002B1CD07B685B8B03F0100342
:10924000002B0DD17B68D3F89030002B08D07B68C1
:10925000D3F890307A6812696FF00E011046984783
:1092600079680A48FFF748FA7868FDF7AFFE0123EE
:1092700000E0002318460837BD4680BDD46D0408C1
:10928000BC6F0408386E04087D80042444800424E4
:1092900090B58BB004AF78606F4B1B7803F004037C
:1092A000002B40F0D2807B68002B06D16B4B40F244
:1092B00081226B496B4828F0EBFE674B1B7803F06B
:1092C0001003002B19D0684B1968684B1B881A468D
:1092D000674B1B68D018674B1B685B889BB2654A5D
:1092E0001268128892B202920193634B0093634B0F
:1092F0000246786803F0D4FBA9E0574B1B7803F0D3
:109300000203002B00F0A3807B685B7D1846FFF70B
:10931000F7F878617B69002B11D17B689B69002B82
:109320000AD07B689B697A6810694FF0FF32002190
:1093300098470346BB738BE0F023BB7388E0504B28
:109340005A697B691A604E4B1A697B695A607B685F
:10935000DA8A7B69DA82474B1B681B889AB27B6981
:109360001A837B6903221A75414B1B685A1C7B695F
:109370005A627B695A6A7B69DA627869FFF750FA48
:1093800038617B693A699A657B693A691A657B69D4
:109390003A695A647B693A69DA65354B1B685A1E2B
:1093A0007B695A657B681A697B691A617B697A688F
:1093B000DA677B685B7A03F00C03DAB27B695A7276
:1093C0007B681A7A7B691A722E4B1A687B69DA609D
:1093D0002C4A7B69136003F023FD2B4B01221A708A
:1093E000786901F08BFD234B1B68DB899AB27B699E
:1093F000A3F860207B69B3F860207B69A3F8622042
:109400007B695C8E7B690433184605F04FFF01468B
:109410007B6904331A462046FFF728FA03461A46AA
:109420007B695A861221786902F098FC0346FB7327
:1094300097F90F30002B04D000217869FDF7F0FF79
:1094400006E0786902F078FD01E000BF00E000BFAF
:109450001C37BD4690BD00BF7C800424D46D040839
:10946000E46F0408386E0408748004247A800424AD
:109470007080042460800424248004242880042430
:1094800014800424448004244C80042480B586B0D5
:1094900004AF78602F4B1B7803F00403002B53D1EB
:1094A0007B68002B06D12C4B40F2EE222B492C4836
:1094B00028F0EEFD274B1B7803F00203002B2AD087
:1094C000284B1A687B685B6AD31A002B2DDB254B6F
:1094D0001A687B685B6A7968098D0B44D31A002B84
:1094E00023DC214B1968214B1B881A461D4B1B6836
:1094F000D0181F4B1B685B889BB21D4A12681288EC
:1095000092B2029201931B4B00931B4B0246786868
:1095100003F0C6FA1BE00F4B1B7803F00103002B8E
:1095200003D0164B1A687B681A62104B1B88002BFD
:109530000CD07B685B8B43F002039AB27B685A8342
:10954000786802F0F9FC01E000BF00E000BF0837D6
:10955000BD4680BD7C800424D46D040804700408DA
:10956000386E040870800424748004247A800424F3
:109570006080042424800424288004243880042467
:1095800090B58DB004AF78600023FB760023BB76E6
:109590007B68002B06D19D4B4FF447729C499D4838
:1095A00028F076FD9C4B1B7803F00403002B4ED073
:1095B0007B681B7D022B08D17B681A6D974B1B685B
:1095C0009A4223D10123FB7620E07B685A6A944BB0
:1095D0001B689A4202D10123FB7617E0904B1A6870
:1095E0007B685B6AD31A002B10DB8D4B1A687B6893
:1095F0005B6A7968098D0B44D31A002B06DC7B6803
:109600005B8B43F002039AB27B685A83FB7E002B8C
:109610001BD07B681B7D002B06D17C4B4FF44E7218
:1096200080497C4828F034FD7F4B1B7843F00803C9
:10963000DAB27D4B1A707B685B8B23F001039AB220
:109640007B685A836FF00D037AE3002378E3724B53
:109650001B7803F00203002B10D07B681B7D022BCC
:109660000CD07B681B7D032B08D07B685B8B43F0A1
:1096700002039AB27B685A83002361E37B685B8BA9
:1096800003F01003002B03D1684B1A687B681A6241
:109690007B68002283F89B207B68002283F89A2055
:1096A000786801F02BFC7B681B7D023B072B00F2E6
:1096B000378301A252F823F0D996010809990108CD
:1096C000819A0108AB9A0108CF9B0108819A010891
:1096D0005B9C0108EB9C01084F4B1B7803F01003C7
:1096E000002B00F0E4804C4B1B7803F00203002BAE
:1096F00000F0DD807B685B6C5A1C484B1B689A420B
:1097000040F0D580464B1B685A1C7B685A627B68C8
:109710005A6A7B68DA62414B1A687B685A64444B28
:109720001B68DB899AB27B68A3F860207B68B3F87A
:1097300060207B68A3F86220394B1B685A1E7B6847
:109740005A657B6804221A757B685C8E7B680433DB
:10975000184605F0ABFD01467B6804331A462046E7
:10976000FFF784F803461A467B685A867B685B8E4F
:109770009A007B685B8E5B0041F21C118B4238BF04
:109780000B469A4204D27B685B8E9B009BB20DE035
:109790007B685B8E5B0041F21C12934204D97B68AC
:1097A0005B8E5B009BB201E041F21C137A68A2F869
:1097B00048307B68B3F86630002B06D1134B4FF46A
:1097C0005B721C49134828F063FC7B68B3F8663071
:1097D000013B9AB27B68A3F866207B681B6FFB6134
:1097E000FB69002B2AD17B68DB6EFB61FB69002BD8
:1097F00006D1064B4FF45D720F49064828F048FC2D
:10980000FB691A687B68DA661CE000BFD46D040847
:1098100024700408386E04087C80042474800424B6
:1098200070800424407004087D800424388004245F
:10983000608004246070040878700408FB691A686A
:109840007B681A67F869FEF7F2FC7B681B6F002BD8
:1098500004D17B684FF6FF721A8606E07B6800220F
:109860001A867B68002283F842207B68D3F8883010
:10987000002B0AD07B68D3F888307A681069002200
:10988000796898470346BB7601E00023BB7697F9D9
:109890001A3013F10D0F02D16FF00C0350E27B6808
:1098A0005B8B43F002039AB27B685A833AE2984B8F
:1098B0001B7803F01003002B00F03482954B1968DD
:1098C000954B1B881A46954B1B68D018944B1B6808
:1098D0005B889BB2924A1268128892B202920193FC
:1098E000904B0093904B0246786803F0D9F87B6860
:1098F00093F84230052B00F215827B6800221A860D
:10990000786802F0A5FE0DE2814B1B7803F010038E
:10991000002B00F0A1807F4B1A687B685B6CD31A28
:10992000013B002B7EDB7B4B1A687B681B6DD31AD7
:10993000002B77DC7B6804221A757B68DB6F002BB9
:1099400002D1FA23BB761DE07B68DB6F9B69002B9D
:1099500006D1764B4FF46A727549764828F098FB29
:109960007B68DB6F9B69002B0AD07B68DB6F9B6990
:109970007A6810690022796898470346BB7601E04F
:10998000F023BB7697F91A30002B0AD097F91A30DA
:1099900013F10D0F02D07868FDF700FE6FF00C0395
:1099A000CEE1786800F0E0FA634B1B88002B05D00D
:1099B000614B1B88013B9AB25F4B1A807B685B8EC0
:1099C0009A007B685B8E5B0041F21C118B4238BFB2
:1099D0000B469A4204D27B685B8E9B009BB20DE0E3
:1099E0007B685B8E5B0041F21C12934204D97B685A
:1099F0005B8E5B009BB201E041F21C137A68A2F817
:109A000048304E4B1B7803F02003002B37D07B6887
:109A10005B8B43F002039AB27B685A837B68072210
:109A20001A752CE03B4B19683B4B1B881A463B4B85
:109A30001B68D0183A4B1B685B889BB2384A126887
:109A4000128892B202920193364B0093364B024633
:109A5000786803F025F867E12D4B1B7803F00203CB
:109A6000002B00F061817B685B6A5A1E2B4B1B68E0
:109A70009A4240F05981786802F00CFE54E153E1BB
:109A8000786800F071FA2D4B1B7803F02003002B4F
:109A900000F04C817B685B8B43F002039AB27B68D9
:109AA0005A837B6807221A7540E1786800F05CFAF7
:109AB000224B1B7803F02003002B71D0144B1B7832
:109AC00003F01003002B60D07B681A6D114B1B68EC
:109AD0009A425AD17B68DB6E002B56D17B685B8B38
:109AE00043F002039AB27B685A837868FEF7B4FDAC
:109AF000134B1B687A689A4205D1114B1B68DB68CF
:109B00000F4A13602EE00E4B1B687B6127E000BFFD
:109B10007C800424748004247A80042470800424CB
:109B2000608004242480042428800424D46D040844
:109B30008C700408386E0408788004247D80042426
:109B4000448004247B69DB687A689A4204D17B688C
:109B5000DA687B69DA6005E07B69DB687B617B69D9
:109B6000002BEFD17B680022DA60774B01221A705C
:109B70007B680A221A75754B1A687B68DA60734A2B
:109B80007B68136003F04CF9D2E07B685B8B43F099
:109B900002039AB27B685A837B6808221A75C7E071
:109BA0006B4B1B7803F01003002B00F0C1807B6827
:109BB0001A6D684B1B689A4240F0BA807B68DB6E76
:109BC000002B40F0B5807B6806221A75B0E07868FB
:109BD00000F0CAF9604B1B7803F02003002B00F063
:109BE000A9807B685B8B43F002039AB27B685A833F
:109BF0007868FEF731FD594B1B687A689A4205D1A7
:109C0000564B1B68DB68554A136013E0534B1B68C7
:109C10003B610CE03B69DB687A689A4204D17B685F
:109C2000DA683B69DA6005E03B69DB683B613B6908
:109C3000002BEFD17B680022DA60434B01221A70BF
:109C40007B680A221A75414B1A687B68DA603F4AC2
:109C50007B68136003F0E4F86CE0786800F084F946
:109C60003B4B1B7803F01003002B65D07B681A6D0B
:109C7000384B1B689A425FD17B68DB6E002B5BD14F
:109C80007868FEF7E9FC354B1B687A689A4205D183
:109C9000324B1B68DB68314A136013E02F4B1B68A3
:109CA000FB600CE0FB68DB687A689A4204D17B6851
:109CB000DA68FB68DA6005E0FB68DB68FB60FB687C
:109CC000002BEFD17B680022DA601F4B01221A7053
:109CD0007B680A221A751D4B1A687B68DA601B4A7A
:109CE0007B68136003F09CF826E0786800F03CF98C
:109CF000174B1B7803F01003002B1FD07B681A6DE5
:109D0000144B1B689A4219D17B68DB6E002B15D16E
:109D1000114B1B7843F01003DAB20F4B1A700DE0B1
:109D200000BF0CE000BF0AE000BF08E000BF06E093
:109D300000BF04E000BF02E000BF00E000BF00235E
:109D400018462437BD4690BD4C8004244880042426
:109D50007C800424748004247D80042444800424B2
:109D600090B585B000AF786039607B68002B06D174
:109D70003B4B40F21F423B493B4828F089F97B6846
:109D8000DB689B899BB21846FBF774FC0346DBB289
:109D900003F00103002B28D03868FEF733FA0023C4
:109DA0003B6056E03B68DB689B899BB21846FBF73B
:109DB00061FC0346DBB203F00103002B0DD07B688E
:109DC000DB689B899CB20120FBF754FC03461A46D2
:109DD0007B68DB68224392B29A813B68FB603B68F8
:109DE0001B683B60F868FEF722FA3B68002B0ED038
:109DF0007B681B891A461D4B1B681A443B68DB684D
:109E00005B68396809890B44D31A002BCADA3B68AE
:109E1000002B1ED07B681B891A46144B1B681A4402
:109E20003B68DB685B68D31A002B12DD3B68DB689C
:109E30005B689AB20D4B1B689BB2D31A9AB27B68CF
:109E40001A817B685A687B681B8919461046FCF7A3
:109E500019FC7B683A681A6000BF1437BD4690BD94
:109E6000D46D0408AC700408386E040870800424B3
:109E7000B0B586B000AFF860B9607A603B603EE094
:109E8000BB687B61BB681B68BB607B695B6818460D
:109E9000FCF70AFE03467B82FB68B3F866307A8AD9
:109EA0009A4206D92A4B40F257422A492A4828F0BA
:109EB000EFF8FB68B3F866207B8AD31A9AB2FB6886
:109EC000A3F866207B691A89244B1B8813449AB235
:109ED000224B1A807869FEF7AAF9FB68B3F866305E
:109EE000002B0CD0BB68002B09D13B68002B06D19E
:109EF000174B40F261421A49174828F0C9F8BB686D
:109F0000002B20D0BB68DB685B681846FBF7C8FBFA
:109F10000446BB681B891D46BB68DB689B899BB2F6
:109F20001846FBF7A7FB0346DBB203F00303002B45
:109F300001D0012300E000232B44E218094B1B68E9
:109F4000D31A002B9CDDBB6818461837BD46B0BD40
:109F5000D46D0408D4700408386E04087880042492
:109F6000FC70040874800424B0B594B000AF78602D
:109F70000023BB647B68002B06D1914B40F27B42EF
:109F80009049914828F084F87B681B7D032B06D804
:109F90008B4B40F27C428D498B4828F079F88C4BF2
:109FA0001B7803F01003002B00F064827B68B3F889
:109FB00060301A467B689B6D13443B637B685A6D27
:109FC000844B1B68D31A002B1BDB7B685A6D814BBB
:109FD0001B689A4206D17B689A6D7F4B1B68D31A27
:109FE000002B0EDB7B689A6D7B4B1B689A4225D158
:109FF0007A4B1B68DB899AB27B68B3F860309A426F
:10A000001CD9764B1B68DB899AB27B68A3F8602069
:10A010007B68B3F862207B68B3F860309A4205D25F
:10A020007B68B3F860207B68A3F86220694B1A68EC
:10A030007B685A65684B1A687B689A65664B1A6834
:10A040007B685B6CD31A002B58DC654B1B88002B9C
:10A050004BD17B689B6D7A68B2F8602013443A6BF1
:10A060009A4242D17B68B3F93030002B3DDB7B68EC
:10A070005A6C594B1B689A4237D10123BB647B68E9
:10A0800093F84330FF2B07D07B6893F843300133BC
:10A09000DAB27B6883F843207B6893F84330032B64
:10A0A0001BD97B68B3F848207B685B8E13449AB257
:10A0B0007B68B3F848309A420AD37B68B3F84820EB
:10A0C0007B685B8E13449AB27B68A3F8482004E057
:10A0D0007B684FF6FF72A3F848207B6893F8433003
:10A0E000022B02D9786802F041FBBB6C002B40F0D8
:10A0F00061817B68002283F843205BE1364B1A685C
:10A100007B685B6CD31A013B002BC0F24E81324B53
:10A110001A687B681B6DD31A002B00F346817B689D
:10A120005B8B03F00403002B10D07B685B8B23F068
:10A1300004039AB27B685A837B68B3F84A207B6831
:10A14000A3F848207B680022A3F86A207B680022DD
:10A1500083F842207B68B3F93C30DB101BB29AB223
:10A160007B68B3F93E309BB213449BB21AB27B6852
:10A17000A3F84020184B1B689AB27B685B6C9BB2BB
:10A18000D31AFB857B68002283F84320124B1A68A0
:10A190007B685A647B681B7D032B40F297807B6849
:10A1A000B3F848207B68B3F84A309A4245D27B68BE
:10A1B0005B8B03F40063002B14D0012313E000BF7A
:10A1C000D46D04081C710408386E04083871040842
:10A1D0007C8004247080042474800424608004241F
:10A1E0007A800424022387F82D3097F82D309AB214
:10A1F0007B685B8E12FB03F39BB2FA8D934228BF00
:10A2000013467B857B68B3F848207B8D13449AB254
:10A210007B68B3F848309A4209D37B68B3F848208A
:10A220007B8D13449AB27B68A3F848204EE07B688C
:10A230004FF6FF72A3F8482048E07B68B3F86A2025
:10A24000FB8D13449AB27B68B3F86A309A4209D303
:10A250007B68B3F86A20FB8D13449AB27B68A3F83D
:10A260006A2004E07B684FF6FF72A3F86A207B68DF
:10A27000B3F86A207B68B3F848309A4226D37B68EB
:10A28000B3F86A207B68B3F84830D31A9AB27B6877
:10A29000A3F86A207B68B3F848207B685B8E134480
:10A2A0009AB27B68B3F848309A420AD37B68B3F815
:10A2B00048207B685B8E13449AB27B68A3F84820E1
:10A2C00004E07B684FF6FF72A3F848207B68196FA3
:10A2D0007B68DB6E984A7868FFF7CAFD02467B68A8
:10A2E0001A677B68D96E7B681B6F944A7868FFF7A2
:10A2F000BFFD02467B68DA667B681B6F002B04D1CA
:10A300007B684FF6FF721A8602E07B6800221A868D
:10A310007B6800221A777B68DB6E002B03D17B6899
:10A320000022A3F868207B68B3F86420844B1B8864
:10A3300013449AB27B68A3F864207B685B8B03F4B8
:10A340000063002B35D07B681B6F002B18D17B6816
:10A35000DB6E002B0CD07B68DC6C7B68DB6EDB6813
:10A360005B681846FBF79CF90346E31A002B20DCD8
:10A370007B685B8B23F400639AB27B685A8318E096
:10A380007B68DC6C7B681B6FDB685B681846FBF7DF
:10A3900087F90346E31A002B0BDC7B685B8B23F405
:10A3A00000639AB27B685A8303E0786802F0C8FBC6
:10A3B00000E000BF7B685B6B002B5BD07B689A6B17
:10A3C000604B1B68D31A002B54DA5F4B1B689AB2A0
:10A3D0007B685B6B9BB2D31A9BB2A7F84E30B7F881
:10A3E0004E207B68B3F93C30DB101BB29BB2D31A12
:10A3F0009BB2A7F84E307B68B3F93C309AB2B7F8FD
:10A400004E3013449BB21AB27B689A87B7F94E302C
:10A41000002B05DAB7F84E305B429BB2A7F84E30FE
:10A42000B7F84E207B68B3F93E309B101BB29BB24D
:10A43000D31A9BB2A7F84E307B68B3F93E309AB27C
:10A44000B7F84E3013449BB21AB27B68DA877B6848
:10A45000B3F93C30DB101BB29AB27B68B3F93E30E3
:10A460009BB213449BB21AB27B68A3F840207B686E
:10A4700000225A63354B1B88002B00F0DF847B6879
:10A480001B7D062B00F2DA847B685A6A304B1B680E
:10A49000D31A013B002BC0F28F807B685A6A2B4B8A
:10A4A0001B8819462A4B1B680B44D31A0133002B17
:10A4B00000F38280274B5B687B647B685A6A244B7D
:10A4C0001B68D31A7B62234B5B68002B06D1224B9F
:10A4D00040F294522149224827F0DAFD7B6A4FF678
:10A4E000FE72934206D91C4B40F295521D491C48FE
:10A4F00027F0CEFD7B6AA7F84230164B5B681B89BC
:10A50000B7F842209A4206D9134B40F297521649A7
:10A51000134827F0BDFD0F4B1A89B7F84230D31A04
:10A520009AB20C4B1A810B4B5B681A89B7F8423010
:10A53000D31A7B842AE000BF547104085C710408BC
:10A540007880042474800424388004247A800424CD
:10A550007080042450800424D46D040864710408BD
:10A56000386E040874710408847104087B6C5B897C
:10A57000B7F84220D31AA7F842307B6C7A8C1A8144
:10A580007B6C00225A817B6C1B687B647B6C5B89D3
:10A59000B7F842209A42E9D8B7F842301946786CA9
:10A5A000FCF76EF97B685B6A904A1360904BDB683E
:10A5B0008E4A12685A600DE08C4B1A687B685B6AA1
:10A5C000D31A002B06DA7B685B8B43F002039AB246
:10A5D0007B685A83854B1A687B685B6AD31A002BA9
:10A5E000C0F22784814B1A687B685B6A7968098DA1
:10A5F0000B44D31A0133002B00F31B847B685A6A87
:10A600007A4B1B689A4240F09882794B1C89784BB0
:10A61000DB689B899BB21846FBF72CF80346DBB23C
:10A6200003F00303002B01D0012300E000232344A7
:10A630009AB2704B1A807B681A8D6E4B1B889A42B7
:10A6400074D26B4BDB689B899BB21846FBF712F800
:10A650000346DBB203F00103002B1ED0644BDB6822
:10A660009B899BB21BB223F47C531CB2604BDB680A
:10A670009B899BB21846FAF7FDFF0346DBB203F055
:10A680003E039BB21846FAF7F5FF03461BB223437D
:10A690001AB2574BDB6892B29A817B681A8D544B81
:10A6A0001A81534BDB689B899BB21846FAF7E2FF8D
:10A6B0000346DBB203F00203002B05D04C4B1B8991
:10A6C000013B9AB24A4B1A81494B5B68484A12894E
:10A6D00011461846FBF7D6FF454B1C89444BDB68F7
:10A6E0009B899BB21846FAF7C5FF0346DBB203F01D
:10A6F0000303002B01D0012300E0002323449AB27E
:10A700003C4B1A803B4B1B881A46384B1B681A443B
:10A710007B685B6A7968098D0B449A4206D0364B98
:10A7200040F2CB523549364827F0B2FC7B685B6F6C
:10A73000002B00F0E6802E4BDB689B899BB218460D
:10A74000FAF798FF0346DBB203F00103002B10D0A9
:10A750000AE07B685B6FFB607B685B6F1A687B68F5
:10A760005A67F868FDF763FD7B685B6F002BF0D1DB
:10A77000C7E07B685B6FFB6351E0FB6BDB689B8929
:10A780009BB21846FAF776FF0346DBB203F00103EB
:10A79000002B3CD0164BDB689B899BB21846FAF71E
:10A7A00069FF0346DBB203F00203002B2FD1104BED
:10A7B000DB689B899CB20120FAF75CFF03461A46CE
:10A7C0000B4BDB68224392B29A81094B1C89084BE0
:10A7D000DB689B899BB21846FAF74CFF0346DBB255
:10A7E00003F00303002B0DD001230CE07080042440
:10A7F000508004247A800424D46D040894710408E1
:10A80000386E0408002323449AB2984B1A80FB6BDD
:10A810003B61FB6B1B68FB633869FDF708FDFB6B55
:10A82000002B0ED0914B1B881A46914B1B681A4483
:10A83000FB6BDB685B68F96B09890B44D31A002B4F
:10A840009BDAFB6B002B59D0884B1B881A46884B30
:10A850001B681A44FB6BDB685B68D31A002B4DDD69
:10A86000FB6BDB685B689AB2814B1B689BB2D31AA7
:10A870009AB2804B1A817F4BDB689B899BB218464A
:10A88000FAF7F8FE0346DBB203F00203002B05D013
:10A89000784B1B89013B9AB2764B1A81754B5B68EA
:10A8A000744A128911461846FBF7ECFE714B1C895D
:10A8B000704BDB689B899BB21846FAF7DBFE0346B8
:10A8C000DBB203F00303002B01D0012300E00023DF
:10A8D00023449AB2654B1A80644B1B881A46644B1A
:10A8E0001B681A44FB6BDB685B689A4206D0624BBC
:10A8F00040F2FC526149624827F0CAFB7B68FA6B60
:10A900005A675A4B1B881A46594B1B681A447B6876
:10A910005A627B681A8D554B1B889A4206D2564B59
:10A9200040F207625749564827F0B2FB7B681A8D00
:10A930004E4B1B88D31A9AB27B681A857868FCF74D
:10A9400039FE4C4B5B681B89002B06D0494B5B687A
:10A950004D4A1360474B00225A60464BDB689B8987
:10A960009BB21846FAF786FE0346DBB203F00103FA
:10A97000002B00F0B880454B1B7843F02003DAB27F
:10A98000424B1A70AFE07B685B6FBB607B685B6FAC
:10A99000DB685B68364A1360BB681B891C46BB6872
:10A9A000DB689B899BB21846FAF764FE0346DBB26C
:10A9B00003F00303002B01D0012300E000231A1948
:10A9C0007B685B6A1A447B685A627B681B8D1C46F5
:10A9D000BB681B891D46BB68DB689B899BB2184618
:10A9E000FAF748FE0346DBB203F00303002B01D065
:10A9F000012300E000232B449C4206D21E4B40F270
:10AA00002B6223491E4827F043FBBB681B891C4669
:10AA1000BB68DB689B899BB21846FAF72BFE03469E
:10AA2000DBB203F00303002B01D0012300E000237D
:10AA300019197B681A8D8BB2D31A9AB27B681A8562
:10AA40007868FCF7B7FDBB685B681B89002B28D0D2
:10AA50000D4B1B68002B1DD00B4B1A68BB685B6845
:10AA600019461046FCF760F818E000BF7A8004240D
:10AA70007080042450800424D46D0408CC71040830
:10AA8000386E040808720408808004247D80042441
:10AA900028720408BB685B68704A1360BB680022B8
:10AAA0005A60BB68DB689B899BB21846FAF7E2FDE7
:10AAB0000346DBB203F00103002B0DD0684B1B787B
:10AAC00043F02003DAB2664B1A707B681B7D042BBF
:10AAD00002D17B6807221A75BB681A687B685A67BF
:10AAE000B868FDF7A4FB7B685B6F002B08D07B6820
:10AAF0005B6FDB685A687B685B6A9A423FF443AFDE
:10AB00007B685B8B03F00103002B0ED07B685B8BB3
:10AB100023F001039AB27B685A837B685B8B43F016
:10AB200002039AB27B685A8387E17B685B8B43F0B0
:10AB300001039AB27B685A837FE17B685B6F002BCD
:10AB400006D14848FDF78CFB02467B685A676CE1EA
:10AB500000237B637B685B6FBB6356E1BB6BDB6889
:10AB60005A68414B1B689A421DD13E4B1A89BB6BF8
:10AB70001B899A4240F24E813A48FDF771FB786199
:10AB80007B69002B00F048817B6B002B03D07B6B33
:10AB90007A691A6002E07B687A695A67B96B7869EA
:10ABA000FFF7DEF838E17B6B002B17D12E4B1A68CC
:10ABB000BB6BDB685B68D31A002B57DA2948FDF7BB
:10ABC0004FFBB861BB69002B00F028817B68BA6934
:10ABD0005A67B96BB869FFF7C3F81FE1224B1A68CF
:10ABE0007B6BDB685B68D31A013B002B3EDB1E4BA3
:10ABF0001A68BB6BDB685B68D31A0133002B35DC4A
:10AC00001848FDF72DFBF861FB69002B00F0088167
:10AC10007B6BDB685B687A6B12891A44124B1B688A
:10AC2000D31A002B12DD104B1B689AB27B6BDB68CA
:10AC30005B689BB2D31A9AB27B6B1A817B6B5A68A2
:10AC40007B6B1B8919461046FBF71CFD7B6BFA6971
:10AC50001A60B96BF869FFF783F8E1E0808004249B
:10AC60007D8004245080042470800424BB6B7B63AB
:10AC7000BB6B1B68002B40F0C5807F4B1A68BB6B19
:10AC8000DB685B68D31A002B40F3BC80BB6BDB68CE
:10AC90009B899BB21846FAF7EDFC0346DBB203F042
:10ACA0000103002B40F0BE807448FDF7D9FA02463C
:10ACB000BB6B1A60BB6B1B68002B00F0B580BB6BD5
:10ACC000DB685B68BA6B12891A446B4B1B68D31A3A
:10ACD000002B12DD684B1B689AB2BB6BDB685B68AC
:10ACE0009BB2D31A9AB2BB6B1A81BB6B5A68BB6B0F
:10ACF0001B8919461046FBF7C5FC614B1B881A4699
:10AD00005D4B1B681A447B685B6A7968098D0B444C
:10AD1000D31A002B40F38880BB6B1B68DB689B89D0
:10AD20009BB21846FAF7A6FC0346DBB203F0010318
:10AD3000002B21D0BB6B1B68DB689B899BB21BB2CD
:10AD400023F47C531CB2BB6B1B68DB689B899BB2F2
:10AD50001846FAF78FFC0346DBB203F03E039BB2C2
:10AD60001846FAF787FC03461BB223431AB2BB6BA3
:10AD70001B68DB6892B29A817B685B6A9AB27B68D7
:10AD80001B8D134499B23C4B1B689AB2BB6B1B687A
:10AD90008A1A92B21A81BB6B1B685A68BB6B1B681C
:10ADA0001B8919461046FBF76DFCBB6B1B681C89A1
:10ADB000BB6B1B68DB689B899BB21846FAF75AFC91
:10ADC0000346DBB203F00303002B01D0012300E0B4
:10ADD000002323449AB22A4B1A80294B1B881A4617
:10ADE000254B1B681A447B685B6A7968098D0B44A4
:10ADF0009A4219D0234B4FF4DF622349234827F0AE
:10AE000047F911E0BB6B1B68BB63BB6B002B7FF486
:10AE1000A5AE0AE000BF08E000BF06E000BF04E006
:10AE200000BF02E000BF00E000BF786801F088FECC
:10AE300003E0786801F084FE1AE019E00E4B1A680E
:10AE40007B685B6AD31A002B0ADB0B4B1A687B68A2
:10AE50005B6A7968098D0B44D31A0133002B07DD37
:10AE60007B685B8B43F002039AB27B685A83FFE7EF
:10AE700000BF5037BD46B0BD70800424508004240C
:10AE80007A800424D46D040894710408386E040890
:10AE900080B483B000AF154B1B885A1C91B2134A83
:10AEA0001180FB80124B1B68002B04D0114B1B88B8
:10AEB000FA889A4208D2104B1B6814333B60FB8817
:10AEC0003A6813441B780BE0FB88DAB2094B1B8805
:10AED000DBB2D31A7B71064B1A687B7913441B785B
:10AEE00018460C37BD465DF8047B70476C8004241F
:10AEF00068800424668004246080042480B584B0C3
:10AF000000AF78607B68002B06D1334B40F27D7236
:10AF10003249334827F0BCF8324B1B88002B57D0FE
:10AF2000314B00221A8047E0FFF7B2FF0346FB7364
:10AF3000FB7B022B06D0022B2BDC002B43D0012BFA
:10AF400039D026E0FFF7A4FF0346042B3DD1264B62
:10AF50001B880133234A1288934236DAFFF798FFA1
:10AF600003461B02BB81FFF793FF03461A46BB89CA
:10AF70001343BB81BB8940F2B452934204D8BB89CE
:10AF8000002B01D0BA8901E040F2B4527B685A86A6
:10AF900012E0FFF77DFF0346FB72FB7A012B16D907
:10AFA000FB7A9AB2104B1B8813449BB2023B9AB2B5
:10AFB0000D4B1A8000E000BF0B4B1A88094B1B8811
:10AFC0009A42B1D304E000BF02E000BF00E000BF3E
:10AFD0001037BD4680BD00BFD46D04085072040810
:10AFE000386E0408648004246C80042480B400AFAC
:10AFF000054B1B7843F01003DAB2034B1A7000BF05
:10B00000BD465DF8047B70477D80042480B584B024
:10B0100000AFF860B9607A60FB68002B0AD0FB686B
:10B020001B7A002B06D0FB681B7A1846FBF720F929
:10B03000034603E0786804F039F9034618461037F0
:10B04000BD4680BD90B587B000AFF860B9603B6089
:10B050001346FB71FB68002B05D1434BA3224349E8
:10B06000434827F015F8BB68002B05D13E4BA422BE
:10B0700040493F4827F00CF897F828309B00DBB296
:10B0800003F00403FB750320FAF7E6FC38613B6923
:10B09000002B04D1B868FBF779FC002360E03B6922
:10B0A00097F828209A723B6900221A603B69BA68B7
:10B0B0005A60BB681A89FB7D9BB29A4205D22A4B23
:10B0C000B0222D492A4826F0E3FFBB681A89FB7D90
:10B0D0009BB2D31A9AB23B691A811421B868FBF764
:10B0E000BFFB0346002B04D03869FDF7A0F800230E
:10B0F00036E03B695B685A683B69DA60FB68DA8A6C
:10B100003B69DC681046FAF7B5FA03462380FB6812
:10B110001A8B3B69DC681046FAF7ACFA0346638089
:10B120003B69DC683868FAF7BBFA03466360FB7D6D
:10B130009B08DBB205339BB21B039AB2FB799BB22F
:10B1400013439AB23B69DC681046FAF793FA034658
:10B15000A3813B69DB6800229A740022DA743B69A0
:10B1600018461C37BD4690BD6C720408B8720408BE
:10B17000D8720408007304082473040880B586B0EC
:10B1800000AF7B600346FB730B46BB8113467B819C
:10B19000BB89FB827B68002B05D1304BE82230490C
:10B1A000304826F075FF3B6A002B05D12B4BE92276
:10B1B0002D492C4826F06CFFBA897B899A4221D20E
:10B1C00097F8243003F00203002B11D13B6A5B8B0C
:10B1D00003F04003002B15D197F82830002B07D03F
:10B1E0003B6ADB6E002B03D13B6A1B6F002B09D03F
:10B1F000BB8903F2B75323F003027B89934228BF34
:10B200001346FB82F98AFB7B4FF420721846FBF74A
:10B21000D9F838613B69002B01D1002319E03B6963
:10B220001B68002B06D00D4B40F20B120F490D4846
:10B2300026F02EFF3B695A89BB89D31A9AB27B68E4
:10B240001A803B69BA891A813B691A893B695A811C
:10B250003B6918461837BD4680BD00BF6C720408B4
:10B260003C730408D87204086073040880730408EF
:10B2700080B582B000AF78600B467B807B68002B86
:10B2800006D1334B40F233123249334826F000FFE7
:10B290007B681B7D042B0ED07B681B7D072B0AD09F
:10B2A0007B681B7D022B06D07B681B7D032B02D0A5
:10B2B0006FF00A0348E07B88002B01D1002343E0B4
:10B2C0007B68B3F864307A889A4209D97B685B8BD3
:10B2D00043F080039AB27B685A834FF0FF3333E028
:10B2E0007B68B3F86630172B09D97B685B8B43F01A
:10B2F00080039AB27B685A834FF0FF3324E07B6867
:10B30000B3F86630002B0FD07B681B6F002B1AD16F
:10B310007B68DB6E002B16D10D4B40F255120F49A6
:10B320000D4826F0B5FE0EE07B681B6F002B03D1A5
:10B330007B68DB6E002B06D0054B4FF4AC720849DE
:10B34000054826F0A5FE002318460837BD4680BDF7
:10B350006C72040894730408D8720408B473040867
:10B36000F073040890B59BB004AFF860B960114663
:10B370001A460B46FB8013467B7100237B65002336
:10B380003B650023FB640023BB6400237B64002334
:10B39000A7F84230002387F8273000237B82002360
:10B3A000FB870023BB87FB68002B09D1A44B4FF41C
:10B3B000CF72A449A44826F06BFE6FF00F032AE376
:10B3C000FB68B3F862305B089AB2FB685B8E93420D
:10B3D00028BF1346BB84BB8C002B02D1FB685B8E5D
:10B3E00000E0BB8CBB84BB68002B09D1944B40F2BE
:10B3F000AD129649944826F04BFE6FF00F030AE316
:10B40000FB881946F868FFF733FF034687F82330B7
:10B4100097F92330002B02D097F92330FBE2FB6829
:10B42000B3F86630A7F84030002387F82230FB6875
:10B43000DB6E002B00F0F680FB68DB6E3B6502E004
:10B440003B6D1B683B653B6D1B68002BF8D13B6D6A
:10B450009B7A9B009BB203F004033B84BA8C3B6D48
:10B460001B8919463B8C0B449A4206DA744B4FF405
:10B47000F3727749744826F00BFE3B6D1A893B8CBA
:10B4800013449BB2BA8CD31A7B87FB68B3F868303D
:10B490007B827B8A002B26D07B8A7A8F9A4206D2C7
:10B4A000674B4FF4FC726B49674826F0F1FD3B6D2A
:10B4B000FB647B8AFA88934228BF13469BB27A8F3B
:10B4C000934228BF1346FB87B7F84220FB8F1344F3
:10B4D000A7F842307A8AFB8FD31A9BB27B827A8F8D
:10B4E000FB8FD31A7B877B8A002B0BD0B7F84220C7
:10B4F000FB889A4206D0524B4FF40072564952488C
:10B5000026F0C6FDB7F84220FB889A4280F067819A
:10B510007B8F002B00F063813B6D1B89002B00F0BB
:10B520005E81FA88B7F84230D21A7B8F9342A8BF67
:10B530001346FB833B6DFB647B7903F00103002B17
:10B5400027D007F112007A8FF98B012302937B79C0
:10B550000193FB68009303460020FFF70FFE786518
:10B560007B6D002B00F025827B6D5868B7F8423068
:10B57000BA681344FA8B194627F041FF786DFBF740
:10B5800093FA03461A46B7F840301344A7F8403000
:10B5900041E03B6D5B687B6302E07B6B1B687B6318
:10B5A0007B6B1B68002BF8D17B6B1B7B03F0C0030C
:10B5B000002B15D17B6B5B687A6B52891344BA6898
:10B5C0009A420DD1B7F84230002B06D01C4B40F206
:10B5D000312222491C4826F05BFDFB8BBB871AE019
:10B5E000FB8B012219460020FAF7ECFE78657B6D93
:10B5F000002B00F0E081B7F84230BA681A447B6D46
:10B600005A60786DFBF750FA03461A46B7F8403097
:10B610001344A7F84030B7F84220FB8B1344A7F837
:10B620004230DCE0FB68B3F86830002B00F0D780D4
:10B63000034B40F24A220A49034826F029FDCEE096
:10B640006C72040824740408D87204083C7404085A
:10B650007074040888740408A8740408C874040882
:10B66000F4740408FA88B7F84230D31ABB8397F809
:10B6700022309BB2BA8CD31A7B837A8BBB8B9342DA
:10B6800028BF13463B837B7903F00103002B36D0A0
:10B6900097F822309AB23B8B134499B27B6C002B03
:10B6A0000CBF01230023DBB207F11200BA8C029316
:10B6B0007B790193FB68009303463620FFF75EFD1C
:10B6C00038633B6B002B00F078813B6B5B893A8BD6
:10B6D0009A4206D98C4B40F266228C498C4826F05F
:10B6E000D7FC3B6B5A6897F82230D018B7F8423035
:10B6F000BA6813443A8B194627F081FE2FE07B8A03
:10B70000002B06D0804B40F271228249804826F0FF
:10B71000BFFC3B8B012219463620FAF753FE7861B5
:10B720007B69002B00F04B81B7F84230BA681A44AD
:10B730007B695A6097F822309BB24FF42072194609
:10B740003620FAF73FFE38633B6B002B03D1786954
:10B75000FBF71CF936E17969386BFBF7E5F9386BD3
:10B76000FBF7A2F903461A46B7F840301344A7F88E
:10B770004030B7F84030182B03D9386BFBF706F987
:10B7800020E1FB68DA6DB7F842301A4497F82730A9
:10B79000009313460022396BF868FFF753FCF864F6
:10B7A000FB6C002B00F00D817B6C002B02D1FB6C3D
:10B7B0007B640CE0BB6C002B06D1534B40F2AB22F8
:10B7C0005549534826F064FCBB6CFA6C1A60FB6C5C
:10B7D000BB64B7F842203B8B1344A7F84230B7F85C
:10B7E0004220FB889A42FFF43DAFFB8F002B2CD008
:10B7F0003B6D5B68FB621EE0FB6A1A89FB8F13449A
:10B800009AB2FB6A1A81FB6A1B68002B10D1FB6A93
:10B810005B68FA6A52891344FA8FB968184627F0B0
:10B82000EEFDFB6A5A89FB8F13449AB2FB6A5A8178
:10B83000FB6A1B68FB62FB6A002BDDD13B6D1A893A
:10B84000FB8F13449AB23B6D1A817A8AFB68A3F886
:10B8500068207B6D002B18D03B6D002B06D12A4B46
:10B860004FF438722D492A4826F012FC3B6D5B6874
:10B87000796D1846FBF758F93B6D1A897B6D1B896A
:10B8800013449AB23B6D1A8137E0BB8F002B34D042
:10B890003B6D002B03D03B6D5B68002B06D11A4B30
:10B8A00040F2E6221E491A4826F0F2FB3B6D5B6827
:10B8B000BB6209E0BB6A1A89BB8F13449AB2BB6AA8
:10B8C0001A81BB6A1B68BB62BB6A1B68002BF1D183
:10B8D000BB6A1A89BB8F13449AB2BB6A1A81BB6ACE
:10B8E0005A89BB8F13449AB2BB6A5A813B6D1A893D
:10B8F000BB8F13449AB23B6D1A813B6D002B11D163
:10B90000FB687A6CDA6610E06C720408247504082F
:10B91000D8720408647504087475040888750408EE
:10B92000C07504083B6D7A6C1A60FB68DA6DFB88A1
:10B930001A44FB68DA65FB68B3F86420FB88D31A05
:10B940009AB2FB68A3F86420FB68B7F84020A3F81C
:10B950006620FB68B3F86630002B0ED0FB681B6FC7
:10B96000002B0AD1FB68DB6E002B06D12C4B40F27A
:10B9700012322C492C4826F08BFBFB6C002B16D086
:10B98000FB6CDB68002B12D07B7903F00203002BE9
:10B990000DD1FB6CDB689B899CB20820F9F76AFE2D
:10B9A00003461A46FB6CDB68224392B29A8100235D
:10B9B00031E000BF06E000BF04E000BF02E000BFCE
:10B9C00000E000BFFB685B8B43F080039AB2FB682A
:10B9D0005A837B6D002B02D0786DFAF7D7FF7B6C12
:10B9E000002B02D0786CFCF70DFCFB68B3F86630D6
:10B9F000002B0ED0FB681B6F002B0AD1FB68DB6E9F
:10BA0000002B06D1064B40F227320649064826F0A5
:10BA10003FFB4FF0FF3318465C37BD4690BD00BF7B
:10BA20006C720408F8750408D872040890B58BB0DD
:10BA300002AF78600B467B800023FB6100237B61B3
:10BA400000233B617B68002B06D1954B40F24B32C3
:10BA50009449954826F01CFB7B68DB6E7B617B6913
:10BA6000002B02D14FF0FF3316E17B88002B09D168
:10BA70008B4B40F253328D498B4826F009FB6FF017
:10BA8000050309E17B691B897A889A4201D3002367
:10BA900002E17B685B8E7A889A4206D9804B40F23D
:10BAA0005B328349804826F0F3FA7B691B89002BBF
:10BAB00006D17B4B4FF457727E497B4826F0E8FA5B
:10BAC0007B699B7AFB73FB7B9B00DBB203F0040377
:10BAD000BB737B691A897B88D31ABB81BB7B9AB203
:10BAE000BB8913449BB24FF4207219463620FAF7F3
:10BAF00069FC38613B69002B00F0B7807B695B68AB
:10BB00001A897B691B89D31A9AB27B8813447B817B
:10BB10007B6958683B695A68BB7BD1187B89BA89B5
:10BB2000FBF73AF903461A46BB89934240F09F80DF
:10BB30007B69DB689B899BB21846F9F79BFD03463E
:10BB4000DBB203F03F03FB760023BB76FB7E03F002
:10BB50000803002B07D0FB7E23F00803FB76BB7E97
:10BB600043F00803BB76FB7E03F00103002B07D0F4
:10BB7000FB7E23F00103FB76BB7E43F00103BB7623
:10BB80007B69DB685B681846F9F78AFD02467B88AB
:10BB9000D118BA7EFB7B00930B4639697868FFF7B2
:10BBA00051FAF861FB69002B63D07B695B6818462A
:10BBB000FAF77AFF03461A467B68B3F866309B1A99
:10BBC0009AB27B68A3F866207B6958687B695B68DA
:10BBD0001A89BB89D31A9BB21946FAF753FD7B69C0
:10BBE0001A89BB89D31A9AB27B691A817B69DB688F
:10BBF0009B899CB2FB7E9BB21846F9F73BFD03463E
:10BC00001A467B69DB68224392B29A817B695B6842
:10BC10001846FAF749FF03461A467B68B3F86630C0
:10BC200013449AB27B68A3F86620FB695B681846E8
:10BC3000FAF73AFF03461A467B68B3F866301344B6
:10BC40009AB27B68A3F866207B691A68FB691A6060
:10BC50007B69FA691A60FB691B68002B03D17B685A
:10BC60000022A3F86820002316E000BF02E000BF16
:10BC700000E000BFFB69002B06D0094B4FF4767241
:10BC80000D49094826F004FA3B69002B02D03869B7
:10BC9000FAF77CFE4FF0FF3318462437BD4690BDBF
:10BCA0006C72040818760408D87204083C760408FC
:10BCB00060760408707604088076040890B585B034
:10BCC00000AF78607B68002B06D1214B40F2EB324D
:10BCD0002049214826F0DCF97B68DB6E002B2ED052
:10BCE0007B68DB6EFB6002E0FB681B68FB60FB6847
:10BCF0001B68002BF8D1FB68DB689B899BB2184658
:10BD0000F9F7B8FC0346DBB203F00703002B16D1AA
:10BD1000FB68DB689B899CB20120F9F7ABFC03460A
:10BD20001A46FB68DB68224392B29A817B685B8B80
:10BD300043F020039AB27B685A83002304E0012178
:10BD4000786800F00BF8034618461437BD4690BDDE
:10BD50006C7204088C760408D872040880B58AB026
:10BD600002AF78600B46FB700023FB770023FB7566
:10BD7000FB7803F00303002B06D1674B40F211421E
:10BD80006649674826F084F97B68002B06D1624B30
:10BD900040F213426349624826F07AF9FB7803F0D7
:10BDA0000203002B01D00123FB77FB7F9B00DBB25A
:10BDB00003F00403FB75FB7D9BB24FF42072194620
:10BDC0003620FAF7FFFA38613B69002B09D17B680E
:10BDD0005B8B43F080039AB27B685A834FF0FF334A
:10BDE00095E03B695A89FB7D9BB29A4206D24A4B49
:10BDF00040F239424C494A4826F04AF97B68D96DED
:10BE0000FA78FB7F00930B4639697868FFF71AF9D7
:10BE1000F860FB68002B09D17B685B8B43F08003E3
:10BE20009AB27B685A834FF0FF3370E0FB68DB689F
:10BE300003F00303002B06D0374B40F242423B494C
:10BE4000374826F025F9FB681B89002B06D0324BBA
:10BE500040F243423649324826F01AF97B68DB6EDD
:10BE6000002B03D17B68FA68DA660DE07B68DB6E35
:10BE7000BB6102E0BB691B68BB61BB691B68002B2F
:10BE8000F8D1BB69FA681A607B680022A3F86820C1
:10BE9000FB7803F00203002B04D1FB7803F00103CD
:10BEA000002B04D07B68DB6D5A1C7B68DA65FB785D
:10BEB00003F00103002B06D07B685B8B43F020036B
:10BEC0009AB27B685A83FB685B681846FAF7ECFD08
:10BED00003461A467B68B3F8663013449AB27B680F
:10BEE000A3F866207B68B3F86630002B0ED07B6821
:10BEF0001B6F002B0AD17B68DB6E002B06D1064B33
:10BF000040F265420B49064826F0C2F80023184665
:10BF10002037BD4680BD00BF6C720408A8760408B7
:10BF2000D872040800770408207704085C770408B6
:10BF300074770408A0770408B0B58AB000AF7860C1
:10BF40007B68002B06D18A4B40F2E14289498A483E
:10BF500026F09EF87B681B7D012B06D1844B40F2B6
:10BF6000E3428649844826F093F8854B1B687A683B
:10BF70009A4201D10023CEE17B68B3F848207B6868
:10BF8000B3F86030934228BF13469BB2BB617B6815
:10BF9000DB6E7B627B6A002B0BD17B685B8B03F0D3
:10BFA0000203002B00F0AA81786800F0C9FD034667
:10BFB000B1E179687B6804331A467868FFF726F8A0
:10BFC00078617B69002B02D16FF00303A3E17B68EA
:10BFD000002B03D07B681B68002B11D17B69002BE1
:10BFE00002D07B69043300E000233B613B69002BF6
:10BFF00002D16FF003038EE13B691A687B681A6017
:10C000007B6ADB685B681846F9F74AFB02467B6887
:10C010005B6CD31A7A6A12891344BA699A4227D29E
:10C020007B68B3F860301A46BB69934214D17B68D1
:10C030001B6F002B10D17B6893F89930002B0BD12C
:10C040007B68002283F898207B68012283F899207E
:10C050007B68002283F89A207B685B8B03F00203E5
:10C06000002B00F04D81786800F06AFD034652E134
:10C070007B68002283F899207B681B6F3B623B6AD8
:10C08000002B00F01C8102E03B6A1B683B623B6AAC
:10C090001B68002BF8D112E17B6ADB689B899BB29D
:10C0A0001846F9F7E7FA0346DBB203F00403002B66
:10C0B00006D02F4B40F2365232492F4825F0E8FF88
:10C0C0007B681B6F002B1FD07B685B8B03F04403E6
:10C0D000002B19D17B68DB6E002B0BD07B68DB6EED
:10C0E0001B68002B10D17B68DB6E1A897B685B8E26
:10C0F0009A4209D27B68B3F86430002B04D07B6885
:10C10000B3F86630172B01D9012300E00023002B80
:10C1100006D17B685B8B03F0A003002B00F0E4806A
:10C120007B681B7D022B0DD07B6ADB689B899CB2F0
:10C130001020F9F79FFA03461A467B6ADB68224310
:10C1400092B29A817A697968786A00F009F90346AF
:10C15000FB7397F90F30002B16D07B685B8B43F095
:10C1600080039AB27B685A8397F90F30D3E000BFFF
:10C170006C720408C8770408D8720408E0770408D1
:10C1800084800424087804087B6A1A687B68DA666D
:10C190007B681B7D022B06D07B685B8B23F003033F
:10C1A0009AB27B685A837B6ADB685B681846F9F74A
:10C1B00077FA04467B6A1B891D467B6ADB689B898C
:10C1C0009BB21846F9F756FA0346DBB203F00303B5
:10C1D000002B01D0012300E000232B442344BB604B
:10C1E0007B681A6DBB68D31A002B02DA7B68BA68C9
:10C1F0001A657B6A1B891C467B6ADB689B899BB23C
:10C200001846F9F737FA0346DBB203F00303002BB5
:10C2100001D0012300E000232344002B49D07B6A96
:10C2200000221A607B681B6F002B05D17B687A6A3D
:10C230001A677B6A3B623FE07B6ADB685B68184693
:10C24000F9F72EFA04463B6ADB685B681846F9F793
:10C2500027FA0346E31A002B24DA7B687033FB616C
:10C2600002E0FB691B68FB61FB691B68002B11D0B6
:10C27000FB691B68DB685B681846F9F711FA04462E
:10C280007B6ADB685B681846F9F70AFA0346E31A2B
:10C29000002BE6DBFB691A687B6A1A60FB697A6A25
:10C2A0001A6009E03B6A7A6A1A603B6A1B683B6263
:10C2B00002E0786AFBF7BBFF7B68DB6E7B627B6A20
:10C2C000002B12D07B6ADB685B681846F9F7E8F947
:10C2D00002467B685B6CD31A7A6A12891344BA6986
:10C2E0009A42BFF4D9AE00E000BF7B68DB6E002B42
:10C2F00008D17B680022A3F8682004E000BF02E0B8
:10C3000000BF00E000BF7B685B8B23F080039AB224
:10C310007B685A83002318462837BD46B0BD00BF4E
:10C3200080B582B000AF78607B68002B06D1094BE6
:10C3300040F29A520849094825F0AAFE7B685B68DA
:10C340009B7B012B01D0012300E000231846083716
:10C35000BD4680BD6C72040820780408D8720408B9
:10C36000B0B58CB004AFF860B9607A60FB68002BA0
:10C3700006D1644B4FF4B7626349644825F088FEE8
:10C38000BB68002B06D15F4B40F2B95260495F4851
:10C3900025F07EFE7B68002B06D15A4B40F2BA5244
:10C3A0005C495A4825F074FEF868FFF7B9FF034668
:10C3B000002B01D00023A1E0BB685A6AFB68DC684F
:10C3C0001046F9F76DF90346A360BB685A8DFB6808
:10C3D000DC681046F9F74EF90346E381BB685B6AF7
:10C3E000BA68528D1A44BB68DA62FB68DB681433A2
:10C3F000FB61FB689B7A03F00103002B15D0BB683F
:10C4000004331A46796840F2B450FCF72FFA034619
:10C410007B837B8B43F001731846F9F741F90246A1
:10C42000FB691A60FB690433FB61BB68B3F9303008
:10C43000002B02DABB6800221A86BB685B6B002BFC
:10C440000CD1354B1A68BB685A63FB68DB685B68C4
:10C450001846F9F725F90246BB689A63FB68DA6863
:10C46000FB685B685B68D31A3B83FB685B68598930
:10C47000FB685B683A8B8A1A92B25A81FB685B68E8
:10C480001989FB685B683A8B8A1A92B21A81FB6839
:10C490005B68FA68D2685A60FB68DB6800221A742D
:10C4A00000225A74FB68DA68FB689B7A03F0010388
:10C4B000002B01D0182300E014231344FA699A4298
:10C4C00006D0104B40F21C621449104825F0E0FDE4
:10C4D000FB685868B968BB681C1DBB68DD7ABB681F
:10C4E0009B7A7A6802920622019200932B4622469A
:10C4F00003F0A6F80346FB7597F917301846203766
:10C50000BD46B0BD6C72040848780408D8720408AF
:10C51000687804088878040838800424AC78040813
:10C52000B0B584B000AF78607B68002B06D1314B8A
:10C5300040F263623049314825F0AAFD7B681B6FE9
:10C54000002B02D16FF0050350E07B681B6FFB608E
:10C550000BE0F868FFF7E4FE0346002B02D06FF013
:10C56000050343E0FB681B68FB60FB681B68002B4E
:10C57000EFD1F868FFF7D4FE0346002B02D06FF02E
:10C58000050333E07B68DA6EFB681A607B681A6F1C
:10C590007B68DA667B6800221A677B685B8B43F4F2
:10C5A00000639AB27B685A83FB68DB685B68184655
:10C5B000F9F776F80446FB681B891D46FB68DB68C3
:10C5C0009B899BB21846F9F755F80346DBB203F096
:10C5D0000303002B01D0012300E000232B44E218C9
:10C5E0007B68DA647B6800225A63002318461037A0
:10C5F000BD46B0BD6C720408C0780408D872040847
:10C6000080B582B000AF78607B68002B06D10D4BFF
:10C610004FF4D3620C490D4825F03AFD7B6893F83E
:10C620004230FF2B07D07B6893F842300133DAB2F7
:10C630007B6883F842207868FFF77EFC00BF0837EC
:10C64000BD4680BD6C720408E4780408D872040802
:10C6500080B582B000AF78607B68002B06D10A4BB2
:10C6600040F2AD6209490A4825F012FD7868FFF7EB
:10C6700057FF0346002B02D17868FFF7C1FF00BFC8
:10C680000837BD4680BD00BF6C72040808790408F5
:10C69000D872040890B585B000AF78607B68002B35
:10C6A00006D12F4B40F2C1622E492F4825F0F0FCF5
:10C6B0007B681B6F002B02D16FF005034CE07B6899
:10C6C0001B6FBB60B868FFF72BFE0346002B02D040
:10C6D0006FF0050340E0BB681A687B681A677B68E7
:10C6E0006C33FB6002E0FB681B68FB60FB681B6847
:10C6F000002B11D0FB681B68DB685B681846F8F7F5
:10C70000CFFF0446BB68DB685B681846F8F7C8FFD4
:10C710000346E31A002BE6DBFB681A68BB681A6065
:10C72000FB68BA681A60BB681B68002B03D17B6882
:10C730000022A3F868207B6893F84230FF2B07D0D3
:10C740007B6893F842300133DAB27B6883F8422089
:10C750007B6800225A63002318461437BD4690BDFB
:10C760006C72040824790408D872040880B582B079
:10C7700000AF78607B68002B06D12A4B40F2F9624B
:10C7800029492A4825F084FC7B681B6F002B45D083
:10C790007B685B8B03F00403002B3FD17868FFF7C5
:10C7A00079FF0346002B39D17B68B3F860207B68A2
:10C7B000B3F84830934228BF13469BB2002B00DAEF
:10C7C00001335B109AB27B68A3F84A207B68B3F808
:10C7D0004A301A467B685B8E5B009A4206D27B68C1
:10C7E0005B8E5B009AB27B68A3F84A207B68B3F843
:10C7F0004A207B685B8E194649000B449BB2134468
:10C800009AB27B68A3F848207B685B8B43F00403F3
:10C810009AB27B685A837B6800221A8600BF083769
:10C82000BD4680BD6C7204083C790408D8720408C7
:10C8300080B586B000AFF8607B600B467B81134605
:10C840003B817A893B8913449BB214339BB24FF4EA
:10C85000207219462220F9F7B5FD78617B69002B1B
:10C860004DD07B8913337A695289934206DB264B7C
:10C8700040F223722549264825F00AFC7B695B6853
:10C880003B613B8C1846F8F7F5FE03461A463B69B8
:10C890001A80BB8C1846F8F7EDFE03461A463B6932
:10C8A0005A803B697A685A60F868F8F7F9FE0246E0
:10C8B0003B699A607B899B089BB205339BB21B0343
:10C8C0009AB297F828309BB213439BB21846F8F7F8
:10C8D000D1FE03461A463B699A81BB8D1846F8F78C
:10C8E000C9FE03461A463B69DA813B6900221A7485
:10C8F00000225A743B6900229A740022DA747B6920
:10C9000018461837BD4680BD6C7204085C7904086F
:10C91000D8720408B0B58AB004AFF8607B600B46EB
:10C920007B8113463B81FB68002B06D1154B40F2FF
:10C9300042721549154825F0ABFBFB68586AFB6845
:10C94000DB8AFA68128BF968498D3D897C890391ED
:10C9500010210291019200937B682A462146FFF73D
:10C9600067FF78617B69002B06D0FB685B6AFA6819
:10C97000528D1A44FB68DA627B6918461837BD4647
:10C98000B0BD00BF6C7204088C790408D87204082A
:10C9900080B588B000AFF860B96011461A460B4602
:10C9A000FB711346BB710023FB83BB68002B06D1D0
:10C9B000124B40F256721249124825F069FBBB68CF
:10C9C0005B68BB61BB6914337B61FB8B9B001A46C0
:10C9D000FB799B0003F0040313441433BA69134436
:10C9E0007A699A4206D0054B40F2757206490548AD
:10C9F00025F04EFB00BF2037BD4680BD6C72040899
:10CA0000B4790408D8720408AC78040880B58AB0F8
:10CA100004AFF860B9607A603B60BB68002B06D158
:10CA20001C4B40F287721C491C4825F031FB3A68C8
:10CA30007968F868FEF7EAFA38613B69002B02D1A1
:10CA4000FC23FB751CE0FB68002B06D0FB68DB7A3F
:10CA5000BB75FB689B7A7B7503E0FF23BB750023E6
:10CA60007B75BA7D3B690293062301937B7D00931E
:10CA700013463A687968B86802F0E2FD0346FB7530
:10CA8000B868F9F783FF97F9173018461837BD468D
:10CA900080BD00BF6C720408DC790408D8720408F9
:10CAA00090B58BB004AFF860B9607A603B603B68CA
:10CAB000002B06D11E4B40F2C4721E491E4825F0C1
:10CAC000E7FABB6A002B06D1194B40F2C5721B492D
:10CAD000194825F0DDFA0023FB754023BB82FB7D5E
:10CAE0009CB2B868F8F7DCFD0246BB8A03931423B6
:10CAF00002933B8E0193BB8D009313460022214687
:10CB00007868FFF795FE38613B69002B0CD0FB7D00
:10CB100000223969F868FFF73BFFBB6A3A68396958
:10CB2000F868FFF773FF00E000BF1C37BD4690BDFB
:10CB30006C720408087A0408D8720408247A04087D
:10CB400090B587B000AF78600023FB750023BB75FC
:10CB50007B68002B06D1284B40F2EA72274928480F
:10CB600025F096FAFB7D9B00DBB203F004037B7596
:10CB70007B7D9CB27B681B6D1846F8F791FD0346E0
:10CB8000002221467868FFF7C5FE38613B69002B1B
:10CB900009D17B685B8B43F003039AB27B685A83AD
:10CBA0006FF0010323E0BB7DFA7D39697868FFF7F8
:10CBB000EFFE7A687B68043339697868FFF726FFEF
:10CBC0000346FB7397F90F30002B07D07B685B8B14
:10CBD00043F003039AB27B685A8306E07B685B8B61
:10CBE00023F003039AB27B685A8397F90F301846F3
:10CBF0001C37BD4690BD00BF6C720408407A040823
:10CC0000D872040890B587B000AF78600023FB7538
:10CC10007B68002B06D1184B40F6240217491848B0
:10CC200025F036FAFB7D9CB27B681B6D013B1846F4
:10CC3000F8F736FD0346002221467868FFF76AFEC2
:10CC400038613B69002B02D14FF0FF3310E0FB7DD0
:10CC5000002239697868FFF79BFE7A687B680433A5
:10CC600039697868FFF7D2FE0346FB7397F90F30F6
:10CC700018461C37BD4690BD6C720408607A0408E3
:10CC8000D872040890B58BB000AF7860002387F8A5
:10CC900027307B68002B06D14C4B40F64F024C49A5
:10CCA0004C4825F0F5F97B68DB6E3B623B6A002B54
:10CCB00001D1002386E07B6893F89A30FF2B07D0E0
:10CCC0007B6893F89A300133DAB27B6883F89A2054
:10CCD0003B6ADB689B899BB21846F8F7CBFC03469E
:10CCE000DBB203F00103002B05D03B6A1B89002B4C
:10CCF00001D1012300E00023FB77FB7F002B0CBF59
:10CD000001230023DBB2BB8397F8273099B23B6A3B
:10CD1000DB685B68BA8B7868FFF7FCFDB861BB69BC
:10CD2000002B02D14FF0FF334CE0BB695B687B61A5
:10CD3000FB7F002B11D07B699B899BB21BB223F434
:10CD40007C531CB21120F8F795FC03461BB2234319
:10CD50001BB29AB27B699A8110E0BB695B6814339D
:10CD60003B613B6A58683B6A5B681A893B6A1B896E
:10CD7000D31A9BB201223969FAF70EF83B6ADB68D5
:10CD80005B681846F8F78CFC03460133FB607B6850
:10CD90001A6DFB68D31A002B02DA7B68FA681A65F1
:10CDA00097F827300022B9697868FFF7F1FD7A68B3
:10CDB0007B680433B9697868FFF728FE0346FB7285
:10CDC00097F90B3018462C37BD4690BD6C7204089D
:10CDD0007C7A0408D872040880B582B000AF78600D
:10CDE000FAF72CF90A4B1B68002B03D1094B1B687F
:10CDF000002B05D000220849FA2000F0F3F803E0E8
:10CE0000064B00221A6000BF00BF0837BD4680BD38
:10CE10004480042448800424D9CD0108908004244F
:10CE200080B500AF0A4B1B68002B0FD1094B1B6864
:10CE3000002B03D1084B1B68002B07D0044B0122A9
:10CE40001A6000220549FA2000F0CCF800BF80BD2E
:10CE5000908004244480042448800424D9CD01080F
:10CE600080B586B000AFF860B9607A600A20F8F744
:10CE7000F3FD38613B69002B09D13B69002B51D18F
:10CE80002A4BBE222A492B4825F002F94AE03B6989
:10CE900000221A603B69BA689A603B697A68DA6076
:10CEA0003B69FA685A60244B1B68002B03D1224A65
:10CEB0003B69136037E03B695A681F4B1B685B682E
:10CEC000D31ADB0F03F00103DBB2002B07D01A4BA0
:10CED0001A683B691A60184A3B69136023E0164BD5
:10CEE0001B687B611AE07B691B68002B0BD03B69D8
:10CEF0005A687B691B685B68D31ADB0F03F0010378
:10CF0000DBB2002B07D07B691A683B691A607B692A
:10CF10003A691A6007E07B691B687B617B69002BBB
:10CF2000E1D100E000BF1837BD4680BDA07A0408FB
:10CF3000F07A0408307B04088880042480B586B029
:10CF400000AF78607B687B617B695B68984704F021
:10CF5000CFFC38617B691A680F4B1B681344FB6078
:10CF6000FA683B69D31ADB0F03F00103DBB2002B35
:10CF700009D07B691A683B6913447A6807491846E7
:10CF8000FFF76EFF04E07A680449F868FFF768FF6E
:10CF900000BF1837BD4680BD8C8004243DCF0108FA
:10CFA00080B582B000AF01237B600EE00B4A7B6846
:10CFB00052F833007B68DB00084A13441A460849DC
:10CFC00000F010F87B6801337B607B68032BEDD9A0
:10CFD00000BF00BF0837BD4680BD00BF6CE004083D
:10CFE0003DCF010880B586B000AFF860B9607A60C7
:10CFF000FB68B3F1804F06D30A4B40F229120A496D
:10D000000A4825F045F804F073FC0246FB68134417
:10D010007B617A68B9687869FFF722FF00BF18372B
:10D02000BD4680BDA07A0408587B0408307B040804
:10D0300080B584B000AF78603960194B1B68002B55
:10D0400029D0174B1B68BB600023FB601FE0BB6847
:10D050009B687A689A4215D1BB68DB683A689A4245
:10D0600010D1FB68002B04D1BB681B680C4A13600D
:10D0700003E0BB681A68FB681A60B9680A20F8F711
:10D080005BFD09E0BB68FB60BB681B68BB60BB68FD
:10D09000002BDCD100E000BF1037BD4680BD00BFD3
:10D0A0008880042480B584B000AF04F021FCF860CF
:10D0B000174B1B68BB60BB68002B22D0BB685B684A
:10D0C000FA68D31ADB0F03F00103DBB2002B1AD18D
:10D0D000BB681B680E4A1360BB689B687B60BB68BB
:10D0E000DB683B60BB685B680A4A1360B9680A206A
:10D0F000F8F722FD7B68002BDAD07B683868984708
:10D10000D6E700BF00E000BF1037BD4680BD00BFBE
:10D11000888004248C80042480B582B000AF164B34
:10D120001B68002B02D14FF0FF3320E004F0E0FB3E
:10D130007860114B1B685A687B68D31ADB0F03F0C9
:10D140000103DBB2002B01D0002310E00A4B1B6867
:10D150005A687B68D31A3B603B68002B06DA074BA2
:10D160004FF4DC720649074824F092FF3B681846EA
:10D170000837BD4680BD00BF88800424A07A04081B
:10D18000907B0408307B040880B500AF24F0B2F92E
:10D1900003469BB2C3F30D039BB2A3F580439AB23F
:10D1A000014B1A8000BF80BD1C00002480B483B0F6
:10D1B00000AF0023FB80174B1B885A1C91B2154A05
:10D1C00011804FF6FF72934203D1124B4FF440424D
:10D1D0001A80114B1B683B6011E03B685A8A0D4B6B
:10D1E0001B889A4208D1FB880133FB80FB88B3F58A
:10D1F000804FE0D3002307E03B68DB683B603B687F
:10D20000002BEAD1034B1B8818460C37BD465DF84E
:10D21000047B70471C0000249480042480B584B0F3
:10D2200000AFF860B9601346FB71FB68002B05D1B5
:10D23000274B87222749284824F02AFFBB68002B68
:10D2400005D1234B88222549234824F021FFFB6880
:10D250001B7A002B0BD0FB681A7A214B5B6893F882
:10D2600034300133DBB29A4201D000232BE0FB794A
:10D27000002B18D0FB68002B13D0FB681B68002B19
:10D280000FD0174B5B69B3F1FF3F0AD0FB681A68F8
:10D29000134B5B695A40BB6808331B681340002B73
:10D2A00010D101230FE0FB68002B09D0FB681B683D
:10D2B000002B05D0FB681A68094B5B699A4201D1C3
:10D2C000012300E0002318461037BD4680BD00BF93
:10D2D000A47B0408EC7B0408107C0408387C040858
:10D2E0001480042490B58DB002AF786039600023BB
:10D2F000FB767B68002B05D17C4BCF227C497D4897
:10D3000024F0C6FE3B68002B05D1784BD0227A4929
:10D31000784824F0BDFE7B685B89072B03D87868CA
:10D32000F9F734FBDEE07B685B687B61734B5B691C
:10D33000724A12681146184602F05AFA0346FB7404
:10D340007B691B889BB21846F8F794F903463B8229
:10D350007B695B889BB21846F8F78CF90346FB8122
:10D3600000237B6200233B620023FB61644B1B684C
:10D370007B6254E07B6A5B8AFA899A424AD1FB7CE1
:10D380001A463968786AFFF749FF0346002B41D0F7
:10D390007B6A1B7C03F00403002B1DD1FB69002B6F
:10D3A00002D17B6AFB6117E0FB7C002B14D0534B4E
:10D3B0005B69B3F1FF3F0FD1FB691A683B68043327
:10D3C0001B689A4208D07B6A1A683B6804331B6862
:10D3D0009A4201D17B6AFB617B6A9B8A3A8A9A42B4
:10D3E00018D17B6A5B68002B05D07B6A5A68434B77
:10D3F0001B699A420ED13B6A002B14D07B6ADA6813
:10D400003B6ADA603E4B1A687B6ADA603C4A7B6AA8
:10D41000136008E07B6A3B627B6ADB687B627B6A45
:10D42000002BA7D100E000BF7B6A002B01D1FB6974
:10D430007B627B6A002B02D00123FB760AE03B680B
:10D4400004331A682D4B5B699A420CBF01230023F9
:10D45000DBB2FB76FB7E002B41D008217868F9F720
:10D460000FFA0346002B0AD0204B4FF4B87225491F
:10D47000204824F00DFE7868F9F788FA32E07B6ADC
:10D48000002B12D07B6A9B69002B0AD07B6A9C69B7
:10D490007B6AD8693B8A00931B4B7A68796AA047FC
:10D4A00021E07868F9F772FA1CE0FB7C002B12D1BE
:10D4B000124B5B6903F0F003E02B0CD00F4B9B8900
:10D4C00008339BB21BB219467868F9F74CFA03216E
:10D4D000786801F057FE7868F9F758FA03E0786841
:10D4E000F9F754FA00BF2C37BD4690BDA47B040861
:10D4F000607C0408107C0408787C040814800424F0
:10D5000094800424947C04082480042480B588B08A
:10D5100002AFF860B9607A607B80FB68002B09D1AC
:10D52000234B4FF406722349234824F0B1FD6FF0DA
:10D530000F0338E0BB68002B09D11D4B40F21922C4
:10D540001E491D4824F0A4FD6FF00F032BE07B68FB
:10D55000002B09D1164B40F21A221949164824F023
:10D5600097FD6FF00F031EE0FB681B7A002B06D0BF
:10D57000FB681B7A1846F8F77BFE786103E0786851
:10D5800001F094FE78617B69002B02D16FF00303F8
:10D5900009E07A887B69009313467A68B968F8686D
:10D5A00000F010F8034618461837BD4680BD00BF8E
:10D5B000A47B0408E07C0408107C0408F87C0408C0
:10D5C000147D040880B588B002AFF860B9607A6055
:10D5D0007B80FB68002B09D12E4B4FF420722E4923
:10D5E0002E4824F055FD6FF00F034FE0BB68002B71
:10D5F00009D1284B40F281222949284824F048FDCE
:10D600006FF00F0342E07B68002B09D1214B40F201
:10D6100082222449214824F03BFD6FF00F0335E0BE
:10D620003B6A002B09D11B4B40F283221E491B4849
:10D6300024F02EFD6FF00F0328E0FB68002B09D0CB
:10D64000FB681B68002B05D0FB681B6803F0F00328
:10D65000E02B03D13B6A04337B610BE0FB681A6863
:10D660003B6A04331B689A4202D06FF003030DE05B
:10D67000FB687B617A887B6901933B6A0093134660
:10D680007A68B968F86800F011F803461846183748
:10D69000BD4680BDA47B0408307D0408107C0408CE
:10D6A0004C7D0408687D0408887D040880B58CB032
:10D6B00004AFF860B9607A607B80FB68002B09D109
:10D6C000654B40F2D1226549654824F0E1FC6FF0DA
:10D6D0000F03BCE0BB68002B09D15F4B40F2D222A4
:10D6E00060495F4824F0D4FC6FF00F03AFE07B6823
:10D6F000002B09D1584B40F2D3225B49584824F003
:10D70000C7FC6FF00F03A2E0FB6A002B09D1524B5C
:10D710004FF435725549524824F0BAFC6FF00F03AC
:10D7200095E0BB6A002B09D14B4B40F2D522504902
:10D730004B4824F0ADFC6FF00F0388E0FB685B8A78
:10D74000002B0FD1F968FB685B8A1A46F86800F075
:10D7500093F80346FB7697F91B30002B02D097F91C
:10D760001B3074E0BB681B894FF6F772934202D9F5
:10D770004FF0FF336BE00821B868F9F771F8034602
:10D78000002B15D04FF4207208212220F8F71AFE42
:10D79000F861FB69002B02D14FF0FF3357E0BB6803
:10D7A0001B89002B06D0B968F869F9F713FA01E074
:10D7B000BB68FB61FB695B89072B06D8264B40F2EF
:10D7C0000D322C49264824F063FCFB695B687B61C1
:10D7D000FB685B8A1846F7F74DFF03461A467B69DC
:10D7E0001A807B881846F7F745FF03461A467B697F
:10D7F0005A807B6900229A710022DA71FB691B89C9
:10D800001846F7F737FF03461A467B699A801123BB
:10D81000FB74FB68DB7ABB74FB689B7AB97CBA6AE1
:10D820000292FA7C019200930B467A68F96AF869D1
:10D8300001F030FF0346FB76FA69BB689A4204D0D8
:10D84000F869F9F7A3F80023FB6197F91B30184634
:10D850002037BD4680BD00BFA47B0408A87D040816
:10D86000107C0408C87D0408E87D04080C7E0408C8
:10D87000307E0408547E040880B586B000AFF8609E
:10D88000B9601346FB80BB68002B01D1394BBB60EC
:10D89000FB68002B09D1384B40F2B7323749384882
:10D8A00024F0F6FB6FF00F0360E00023FB74354BB0
:10D8B0001B687B6109E0FA687B699A4202D1012307
:10D8C000FB7405E07B69DB687B617B69002BF2D12F
:10D8D000FB88002B09D1FFF769FC0346FB80FB881E
:10D8E000002B2CD16FF0070340E0264B1B687B61B7
:10D8F00022E0FA687B699A421BD07B695B8AFA88CE
:10D900009A4216D17B691A68BB681B689A420DD08F
:10D91000BB68002B0AD0BB681B68002B06D07B6954
:10D92000002B03D07B691B68002B02D16FF007032B
:10D930001CE07B69DB687B617B69002BD9D1BB680C
:10D94000002B02D0BB681B6800E00023FA6813605C
:10D95000FB68FA885A82FB7C002B06D1094B1A68B7
:10D96000FB68DA60074AFB68136000231846183723
:10D97000BD4680BD8CE00408A47B0408847E0408B6
:10D98000107C04089480042480B584B000AFF86053
:10D99000B9607A60FB68002B07D1084B40F28A42DD
:10D9A0000749084824F074FB05E0FB68BA689A61EF
:10D9B000FB687A68DA611037BD4680BDA47B040835
:10D9C000F07E0408107C040880B584B000AF786055
:10D9D0007B68002B07D1194B40F2A1421849194826
:10D9E00024F056FB26E0184B1B687A689A4205D152
:10D9F000154B1B68DB68144A136017E0124B1B6859
:10DA0000FB6010E0FB68DB68002B09D0FB68DB687B
:10DA10007A689A4204D17B68DA68FB68DA6005E0CC
:10DA2000FB68DB68FB60FB68002BEBD179680020AA
:10DA3000F8F782F81037BD4680BD00BFA47B04080C
:10DA4000087F0408107C04089480042480B582B008
:10DA500000AF0020F8F700F878607B68002B07D053
:10DA600020220021786824F020FD7B68FF22DA72F2
:10DA70007B6818460837BD4680BD80B584B000AFCE
:10DA80000346FB71FFF7E2FFF860FB6818461037AA
:10DA9000BD4680BD80B485B000AF786039607B68DA
:10DAA000002B1ED07B681B68002B1AD03B68002B14
:10DAB00017D03B681B68002B13D00D4B1B68FB6015
:10DAC0000CE0FB681A687B681B689A4203D13B68CC
:10DAD0001A68FB681A60FB68DB68FB60FB68002B58
:10DAE000EFD100BF1437BD465DF8047B704700BF1F
:10DAF0009480042480B584B000AF78607B685B6A52
:10DB0000FB60FB685B7A0133DAB2FB685A727868B3
:10DB100000F0B4F800BF1037BD4680BD80B584B0BA
:10DB200000AF78607B685B6AFB60FB681B7A002B48
:10DB300003D07868FFF7DEFF05E0786800F075F83D
:10DB4000FB6864221A7200BF1037BD4680BD00001A
:10DB500080B584B000AF786039607B685B6ABB6079
:10DB60007B6893F82E301A467B6893F82F301B029F
:10DB70001A431E4B13441846F7F792FD0346184606
:10DB8000F7F78EFDF860BB685B7A1A46FB681344B2
:10DB9000FB60FB689AB2164B1343FB60FB68154AA7
:10DBA000934203D8FB6803F57E43FB60FB68124A8F
:10DBB000934203D9FB68A3F57E43FB60FB680D4AE3
:10DBC000934203D9FB680C4A934205D90B4BBC2204
:10DBD0000B490C4824F05CFAF868F7F761FD02463F
:10DBE0003B681A6000BF1037BD4680BD0001FEA92A
:10DBF0000000FEA9FF00FEA9FFFEFEA9207F040889
:10DC0000E07F0408807F040880B584B000AF7860AE
:10DC10007B685B6AFB60FB681946786801F080F9F5
:10DC2000034618461037BD4680BD80B582B000AFB0
:10DC300078607B6804331946786801F071F903460F
:10DC400018460837BD4680BD80B586B000AF786005
:10DC50007B685B6A7B614FF6FF733B610023FB606F
:10DC6000796907F10C0307F110027868F8F780F979
:10DC7000002318461837BD4680BD000080B584B02B
:10DC800000AF78607B685B6AFB600023FB727B6897
:10DC900093F8313003F00103002B09D11F4B40F200
:10DCA00005121F491F4824F0F3F96FF00F0330E00D
:10DCB0001D4B1D4A1C497868F8F75AF9FB68002B80
:10DCC0000ED10C210120F7F741FEF860FB68002B14
:10DCD00002D14FF0FF331CE07B68FA685A620EE015
:10DCE000FB6800221A71FB680022DA80FB680022C0
:10DCF0005A71FB6800221A60FB6800221A72FB68E6
:10DD000019467868FFF724FF786800F00FF897F954
:10DD10000B3018461037BD4680BD00BF207F040879
:10DD2000FC7F0408807F04088CE0040880B485B080
:10DD300000AF78607B685B6AFB60FB6801221A7148
:10DD4000FB6800225A717B6893F82F301A067B68B3
:10DD500093F82D301B041A437B6893F82C301B0278
:10DD600013437A6892F82E2013437A68526A002A85
:10DD700003D07A68526A527A00E00022D1180D4B23
:10DD8000A3FB0123DA0813469B0013445B00CA1A65
:10DD900092B2FB68DA80FB685B7A0A2B03D9FB68D6
:10DDA0004FF41672DA8000BF1437BD465DF8047B6D
:10DDB000704700BFCDCCCCCC80B584B000AF7860CC
:10DDC0007B685B6AFB60FB68002B06D0FB681B79F5
:10DDD000002B02D07868FFF7A9FF00BF1037BD46BF
:10DDE00080BD000080B584B000AF78607B685B6A5E
:10DDF000FB60FB68002B10D0FB6800221A717B6867
:10DE000004331B689BB24FF6A962934205D1054BC0
:10DE1000044A04497868F8F7ABF80023184610372D
:10DE2000BD4680BD8CE0040880B582B000AF524B87
:10DE30001B687B6096E07B685B6A3B603B68002BFD
:10DE400000F08D803B681B7A002B05D03B681B7A65
:10DE5000013BDAB23B681A723B68DB88002B05D0C5
:10DE60003B68DB88013B9AB23B68DA803B681B79F0
:10DE7000012B02D0022B51D071E03B68DB88002BD4
:10DE80006AD13B685B79022B0CD93B6802221A717C
:10DE90007868FFF7D9FE3B6801225A713B6814226B
:10DEA000DA8059E07868FFF7AFFE3B685B790133B1
:10DEB000DAB23B685A713B685B79032B03D13B684C
:10DEC0001422DA8048E07B6893F82F301A067B68CA
:10DED00093F82D301B041A437B6893F82C301B02F7
:10DEE00013437A6892F82E2013437A68526A002A04
:10DEF00003D07A68526A527A00E00022D1181F4B90
:10DF0000A3FB0123DA0813469B0013445B00CA1AE3
:10DF100093B20A339AB23B68DA801DE03B68DB8833
:10DF2000002B1BD17868FFF780FE3B681422DA8053
:10DF30003B685B790133DAB23B685A713B685B79C5
:10DF4000012B0BD93B6803221A713B6800225A71DE
:10DF50003B680022DA8001E000BF00E000BF7B6880
:10DF60001B687B607B68002B7FF465AF00BF00BF40
:10DF70000837BD4680BD00BF2C800424CDCCCCCC5E
:10DF800080B588B000AF786039607B685B6AFB6100
:10DF9000FB69002B49D0FB691B79002B45D07B68BE
:10DFA00003F12A0207F10C031068186092889A8026
:10DFB0003B680E331B68BB613B6818331B687B6191
:10DFC000FB691B79012B1CD1BA69FB691B689A425A
:10DFD00013D0BB69002B28D17A69FB691B689A4270
:10DFE00023D13B6803F1080107F10C030622184610
:10DFF00024F032FA0346002B17D07868FFF77AFD39
:10E0000013E0BA69FB691B689A420ED13B6803F1C1
:10E01000080107F10C030622184624F01DFA0346F6
:10E02000002B02D07868FFF779FD00BF2037BD468E
:10E0300080BD80B485B000AF786039607B685B6A72
:10E04000FB60FB68002B07D03B681A68FB681B6805
:10E050009A4201D1012300E00023DBB218461437B5
:10E06000BD465DF8047B704780B582B000AF786034
:10E0700015497A6813465B001344DB000B441B68A8
:10E08000002B13D010497A6813465B001344DB0061
:10E090000B441B681846F8F779FC0B497A6813465D
:10E0A0005B001344DB000B4400221A6006497A68C7
:10E0B00013465B001344DB000B44143300221A7038
:10E0C00000BF0837BD4680BD9880042480B582B06B
:10E0D00000AF00237B6096E04F497A6813465B00EF
:10E0E0001344DB000B4414331B78FB70FB78002BCC
:10E0F00000F0868048497A6813465B001344DB00D1
:10E100000B4412331B88013398B243497A68134693
:10E110005B001344DB000B44123302461A803E4975
:10E120007A6813465B001344DB000B4412331B88F0
:10E13000B3F5967F15D238497A6813465B001344CD
:10E14000DB000B4414331B78012B0ED132497A6863
:10E1500013465B001344DB000B4412331B88042B73
:10E1600003D97868FFF780FF4AE02B497A681346A5
:10E170005B001344DB000B4414331B78032B0AD1E0
:10E1800025497A6813465B001344DB000B441433C3
:10E1900004221A7034E020497A6813465B00134465
:10E1A000DB000B4414331B78042B0AD11A497A681C
:10E1B00013465B001344DB000B44143302221A7035
:10E1C0001EE015497A6813465B001344DB000B44DC
:10E1D00014331B78012B13D10F497A6813465B0067
:10E1E0001344DB000B44083318687A6813465B005D
:10E1F0001344DB00084A13440433194600F090FE30
:10E200007B6801337B607B68092B7FF765AF00BFBC
:10E2100000BF0837BD4680BD9880042480B58AB011
:10E2200000AFF8600B467A60FB720A23FB840A2376
:10E23000BB840A237B8400233B840A23FB830023C3
:10E24000BB8300237B8300233B8300233B84AEE01E
:10E25000B7F92020A64913465B001344DB000B44AA
:10E2600014331B78FB75B7F922300A2B05D1FB7DDF
:10E27000002B02D13B8C7B8495E0FB7D002B00F0D2
:10E280009280FB7D012B09D0FB7D012B06D8994B99
:10E2900040F223129849994823F0FAFEFB68002BBC
:10E2A00020D0FB681968B7F92020914813465B001D
:10E2B0001344DB00034404331B68994212D17B688A
:10E2C000002B0CD0B7F92020894913465B0013447A
:10E2D000DB000B4408331B687A689A4202D1B7F915
:10E2E000203000E1FB7D012B40D1B7F9202080498F
:10E2F00013465B001344DB000B441B68002B1AD051
:10E30000B7F920207A4913465B001344DB000B4425
:10E3100012331B88BA8B9A4245D83B8CFB83B7F9E2
:10E320002020734913465B001344DB000B44123377
:10E330001B88BB8337E0B7F920206D4913465B008B
:10E340001344DB000B4412331B887A8B9A422AD881
:10E350003B8CFB84B7F92020654913465B001344CE
:10E36000DB000B4412331B887B831CE0FB7D012BFD
:10E3700019D9B7F920205E4913465B001344DB002E
:10E380000B4412331B883A8B9A420CD83B8CBB84CB
:10E39000B7F92020564913465B001344DB000B44B9
:10E3A00012331B883B833B8C01339BB23B84B7F910
:10E3B0002030092B7FF74CAFFB7A03F00203002BD0
:10E3C00008D1B7F922300A2B07D1FB7A03F00103F9
:10E3D000002B02D14FF0FF3385E0B7F92230092B33
:10E3E00002DC7B8C3B8439E0B7F92430092B14DC48
:10E3F000BB8C3B84B7F920203D4913465B00134496
:10E40000DB000B441B68002B18D03A4B40F26D1216
:10E410003B493A4823F03CFE10E0B7F92630092B7F
:10E4200002DCFB8C3B8409E0B7F91E30092B02DCCF
:10E43000FB8B3B8402E04FF0FF3354E0B7F9203010
:10E44000092B06DD2B4B40F27F122E492B4823F07F
:10E450001FFEB7F920301846FFF706FEB7F9203047
:10E46000092B06DD234B40F283122649234823F073
:10E470000FFEB7F920201E4913465B001344DB0052
:10E480000B4414331B78002B06D01A4B4FF4C27286
:10E490001D491A4823F0FCFDFB68002B0BD0B7F98F
:10E4A0002020FB681968124813465B001344DB0008
:10E4B000034404331960B7F920200D4913465B006B
:10E4C0001344DB000B44123300221A80B7F92020DA
:10E4D000074913465B001344DB000B4408337A689A
:10E4E0001A60B7F9203018462837BD4680BD00BFF6
:10E4F000988004242080040870800408B0800408F8
:10E50000D8800408F08004080481040880B588B02D
:10E5100002AFF860B9607A60FB70FB6893F8303046
:10E52000062B06D0484B40F2A9124849484823F030
:10E53000AFFDBB68002B12D0BB681B68002B0ED050
:10E54000BB681B68F968184601F052F90346002BB6
:10E5500005D1BB681B6803F0F003E02B02D16FF01C
:10E560000F036CE0FB78FA681946B868FFF756FEAF
:10E570000346FB82B7F91630002B02DAFB8A5BB246
:10E580005DE0B7F91620334913465B001344DB0006
:10E590000B44143302221A70B7F916202D49134682
:10E5A0005B001344DB000B440833FA681A60B7F9C8
:10E5B000162013465B001344DB000833254A13443E
:10E5C000043306227968184624F019FFB7F916209B
:10E5D000204913465B001344DB000B441233002236
:10E5E0001A80B7F916201B4913465B001344DB0061
:10E5F0000B441B68002B21D0B7F916201549134690
:10E600005B001344DB000B441B683B61B7F9162029
:10E61000104913465B001344DB000B4400221A60D0
:10E62000FB6803F12A024FF4006300937B683969A9
:10E63000F868F6F735FE3869F8F7A8F900231846A8
:10E640001837BD4680BD00BF208004083081040813
:10E65000B08004089880042480B584B000AF78604E
:10E660000023FB601EE01349FA6813465B00134465
:10E67000DB000B4414331B78FB72FB7A002B0ED0AB
:10E680000C49FA6813465B001344DB000B44083363
:10E690001B687A689A4202D1F868FFF7E5FCFB68CC
:10E6A0000133FB60FB68092BDDDD00BF00BF1037C5
:10E6B000BD4680BD98800424B0B58AB004AF7860B0
:10E6C00039603B68002B07D13F4B40F28A223F491B
:10E6D0003F4823F0DDFC73E07B685B683B613B698E
:10E6E0001B889BB2B3F5807F0CD13B691B79062B4D
:10E6F00008D13B695B79042B04D13B695B889BB2F1
:10E70000082B03D07868F8F741F959E0396938687F
:10E71000FFF736FC3B690E331B68FB603B6918331F
:10E720001B68BB603B6804331B68002B02D10023CD
:10E73000FB7509E0BA683B6804331B689A420CBF5A
:10E7400001230023DBB2FB753B6903F10802FB7D6B
:10E75000002B01D0012300E0022307F10C013868EF
:10E76000FFF7D4FE3B69DB889BB2B3F5807F03D013
:10E77000B3F5007F1ED020E0FB7D002B1CD03B6852
:10E7800003F12A003B6903F108043B6803F12A0501
:10E790003B6804333A6908320221039107F10C0106
:10E7A0000291019200932B4622460146386800F000
:10E7B000F5FA01E000BF00E000BF7868F8F7E6F87E
:10E7C0001837BD46B0BD00BF20800408888104080A
:10E7D000B080040880B586B002AFF860B960134617
:10E7E000FB71FA79444913465B001344DB000B4488
:10E7F00014331B78012B06D8404B40F2EE224049DF
:10E80000404823F045FCFA793B4913465B0013442A
:10E81000DB000B4414331B78022B53D1FA793649B1
:10E8200013465B001344DB000B4412331B88B3F523
:10E830008E7F19D9FA7913465B001344DB002E4A08
:10E84000134404331946F86800F06AFB0346002BB2
:10E8500038D1FA79284913465B001344DB000B4496
:10E86000143303221A702DE0FA79234913465B0012
:10E870001344DB000B4412331B88B3F5877F21D38D
:10E88000FA7913465B001344DB001B4A1344191D3D
:10E89000FA7913465B001344DB000833164A13442D
:10E8A00004331A46F86800F019FB0346002B09D11F
:10E8B000FA79114913465B001344DB000B4414330F
:10E8C00003221A70FB6803F12A01FA7913465B00F0
:10E8D0001344DB000833084A134404334FF4006246
:10E8E00000920A46B968F868F6F7DAFC034618465B
:10E8F0001037BD4680BD00BF9880042420800408E6
:10E90000A8810408B080040880B58CB002AFF8601C
:10E91000B9607A607B683B62FB68002B06D1784B5C
:10E9200040F21E327749784823F0B2FBBB68002BD7
:10E9300006D1734B40F21F327449734823F0A8FB91
:10E940007B68002B06D16E4B4FF4487270496E48BD
:10E9500023F09EFB7B681B68F968184600F048FFAF
:10E960000346002B02D06B4B7B62B9E07B681B68CF
:10E9700003F0F003E02B18D101233B7400237B74D8
:10E980005E23BB747B6801331B7803F07F03DBB22B
:10E99000FB747B6802331B783B757B6803331B7801
:10E9A0007B7507F110037B629AE07B681A68FB684D
:10E9B00004331B685A40FB6808331B681340002B64
:10E9C0001CD07B681B689BB24FF6A962934215D09E
:10E9D000BB685B68BB61BB69DB689BB24FF6A96231
:10E9E00093420BD0FB680C331B68002B03D0FB68F1
:10E9F0000C333B6202E06FF003037DE0464B1B7873
:10EA00001946464A0B465B000B44DB0013441433A3
:10EA10001B78012B25D9404B1B7819463F4A0B46E2
:10EA20005B000B44DB00134408331B68FA689A420E
:10EA300017D13B6A1A68384B1B781846374903468A
:10EA40005B000344DB000B4404331B689A4208D18B
:10EA5000314B1B781A46B968F868FFF7BBFE0346CE
:10EA60004AE00023FB7731E0FA7F2C4913465B0034
:10EA70001344DB000B4414331B78012B23D9FA7F9A
:10EA8000264913465B001344DB000B4408331B6824
:10EA9000FA689A4217D13B6A1968FA7F1F481346F1
:10EAA0005B001344DB00034404331B6899420AD122
:10EAB000194AFB7F1370FB7F1A46B968F868FFF7A5
:10EAC00089FE034618E0FB7F0133FB77FB7F092BB0
:10EAD000CAD9BA68396AF86800F022F803460BE030
:10EAE000FB6803F12A024FF4006300937B6AB96864
:10EAF000F868F6F7D5FB034618462837BD4680BDB3
:10EB00002080040888810408B0800408D8810408A3
:10EB100078810408CCDF04088881042498800424C8
:10EB200080B58CB002AFF860B9607A60FB682A33B8
:10EB30007B61FF2387F8273000233B62BB681B689B
:10EB4000F968184600F054FE0346002B0CD1BB6850
:10EB50001B6803F0F003E02B06D0BB68002B03D04A
:10EB6000BB681B68002B02D16FF00F0301E1FA684C
:10EB70000121B868FFF752FB03467B82B7F91230D8
:10EB8000002B02DA7B8A5BB2F3E07B8A7E2B06D90C
:10EB90007A4B40F2C1327A497A4823F079FA7B8A7B
:10EBA0007B747A7C784913465B001344DB000B448A
:10EBB00014331B78002B15D101233B627A7C7249F8
:10EBC00013465B001344DB000B44143301221A701C
:10EBD0007A7C6D4913465B001344DB000B44083319
:10EBE000FA681A607A7C684913465B001344DB00BC
:10EBF0000B4414331B78012B11D07A7C62491346E5
:10EC00005B001344DB000B4414331B78012B06D844
:10EC10005A4B40F2CD325D495A4823F039FA3B6AEB
:10EC2000002B02D17B68002B0CD1B968F86800F08A
:10EC300077F9034687F827307B68002B02D197F9D4
:10EC4000273096E07B68002B06D14C4B40F2E13236
:10EC50004F494C4823F01CFA7A7C4B4913465B0021
:10EC60001344DB000B4414331B78012B17D9494A9A
:10EC70007B7C13707A7C13465B001344DB00083303
:10EC8000414A134404334FF4006200927A69796870
:10EC9000F868F6F705FB034687F8273067E07A7CCB
:10ECA000394913465B001344DB000B4414331B78D3
:10ECB000012B5CD10023BB617B68FB611CE0FB691D
:10ECC0005A89FB691B899A420AD1FB691B68002B90
:10ECD00006D02A4B40F2F1322F492A4823F0D8F9C6
:10ECE000FB691B7B03F04003002B02D00123BB61B7
:10ECF00005E0FB691B68FB61FB69002BDFD1BB6989
:10ED0000002B07D07A684FF420710E20F8F7E0F856
:10ED1000F86104E07B68FB61F869F7F7DDFEFB69E9
:10ED2000002B21D07A7C184913465B001344DB008A
:10ED30000B441B68002B0AD07A7C134913465B00F6
:10ED40001344DB000B441B681846F7F71FFE7A7C60
:10ED50000D4913465B001344DB000B44FA691A604B
:10ED6000002387F8273002E0FF2387F8273097F940
:10ED7000273018462837BD4680BD00BF20800408D4
:10ED8000E4810408B080040898800424F481040815
:10ED9000D8810408888104241C82040880B58AB0C4
:10EDA00002AFF860B9607A603B600023FB77FB68D4
:10EDB000002B06D1434B40F257424349434823F0CE
:10EDC00067F94FF420721C210E20F7F7FBFAB861A7
:10EDD000BB69002B02D14FF0FF336EE0BB695B894A
:10EDE0001B2B06D8374B40F262423949374823F093
:10EDF0004FF9BB695B687B61BB8E1846F6F73AFC3E
:10EE000003461A467B69DA80FB6893F83030062B9C
:10EE100006D02C4B40F269422E492C4823F038F999
:10EE20007B69083306223968184624F0E8FA7B69C2
:10EE300012330622F96A184624F0E1FA7B690E3390
:10EE4000BA6A12681A607B6918333A6B12681A60E2
:10EE50007B6900221A70002242F001025A707B691D
:10EE6000002242F008029A700022DA707B690622C2
:10EE70001A717B6904225A71BB6A1B689BB24FF6F8
:10EE8000A962934209D140F606030093124BBA6877
:10EE9000B969F868F6F704FA08E040F6060300934B
:10EEA0007B68BA68B969F868F6F7FAF9B869F7F7EC
:10EEB0006DFD0023BB6197F91F3018462037BD4612
:10EEC00080BD00BF2080040888810408B080040849
:10EED000388204086C820408CCDF040880B588B04E
:10EEE00004AFF860B9607A60FB6803F12A01FB683F
:10EEF00003F12A00FB68043301220392BA680292EC
:10EF0000064A0192009303467A68F868FFF746FFC5
:10EF1000034618461037BD4680BD00BFD4DF040845
:10EF200080B582B000AF78603960054A396878688A
:10EF3000FFF7D4FF034618460837BD4680BD00BF23
:10EF4000CCDF040880B58EB004AF78603960874BA1
:10EF50009B687B627B6A1B7803F00F03DBB29B002C
:10EF6000DBB27B847B8C132B40F2E8807B685B896F
:10EF7000032B40F2E5807B685B681B7887F82130C3
:10EF800097F82130002B00F0D280082B40F0D2807F
:10EF9000774BFB61754B5B6903F0F003E02B00F0EE
:10EFA000D680724B5B69714A12681146184600F0B0
:10EFB0001FFC0346002B40F0CC807B681B89072B8D
:10EFC00040F2C0807868F6F7F3FB0346002B03D0CD
:10EFD0007868F7F7DBFCC5E07B8C0E331946786860
:10EFE000F7F73EFC0346002B4BD07B681A897B8CDD
:10EFF00013447B837B681B897A8B9A42C0F0AB8079
:10F000007B8B4FF4207219460E20F7F7DBF97861FD
:10F010007B69002B00F0A1807B695B891A467B8CA1
:10F0200008339A4203D27869F7F7B0FC96E07B691F
:10F030005B687A8C796A184624F0E1F97B8C194672
:10F040007869F7F71DFC0346002B09D0494BB6221F
:10F0500049494A4823F01CF87869F7F797FC7DE0A6
:10F0600079687869F7F7C6FD0346002B03D0786905
:10F07000F7F78CFC72E07868F7F788FC7B697B60B7
:10F080000FE07B8C0E3319467868F7F7F9FB0346DF
:10F09000002B06D0374BC7223949384822F0F8FFF9
:10F0A0005CE07B685B683B617B8C19467868F7F7AE
:10F0B000D7FB0346002B3CD17B685B68FB60FB6998
:10F0C0001A68FB68DA60294B1A69FB681A613B69A8
:10F0D00000221A703B695B889BB24FF6F77293422D
:10F0E00007D93B695B889BB209339AB23B695A8066
:10F0F00006E03B695B889BB208339AB23B695A8051
:10F10000FB68FF221A72FB6800229A720022DA72F0
:10F110003B6802930123019300230093FF23002205
:10F12000F969786800F08CFA0346FB7201E000BFD1
:10F1300000E000BF7868F7F729FC13E000BF02E0A9
:10F1400000BF00E000BF7868F7F720FC0AE000BFCE
:10F1500004E000BF02E000BF00E000BF7868F7F7FE
:10F1600015FC00BF2837BD4680BD00BF14800424B5
:10F1700028800424B082040800830408388304082B
:10F180006083040880B582B000AF78600B46FB70E6
:10F19000FB781A460321786800F014F800BF08379E
:10F1A000BD4680BD80B582B000AF78600B46FB7075
:10F1B000FB781A460B21786800F004F800BF083786
:10F1C000BD4680BD80B58CB004AF78600B46FB7047
:10F1D0001346BB704FF4207224212220F7F7F2F877
:10F1E000F861FB69002B56D0FB695B89232B06D89D
:10F1F0002B4B4FF4B4722B492B4822F049FF7B680C
:10F200005B68BB61FB695B687B617B69FA781A703C
:10F210007B69BA785A707B6900221A7100225A7190
:10F220007B6900229A710022DA71FB695B6803F145
:10F2300008007B685B681C22194624F0E0F8BB6973
:10F24000DB68FB6007F10C03184600F02FF838610B
:10F250003B69002B1BD07B6900229A700022DA7078
:10F26000FB695B8919467869F6F790FA03461A46F6
:10F270007B695A8007F10C023B69029301230193D9
:10F2800000230093FF230021F86900F0D9F9F86901
:10F29000F7F77CFB00E000BF2037BD4680BD00BF14
:10F2A000B0820408948304083883040880B485B0CD
:10F2B00000AF7860334B1B68FB6036E0FB6893F867
:10F2C000313003F00103DBB2002B2BD0FB6893F845
:10F2D00031309B0803F00103DBB2002B22D0FB6826
:10F2E00004331B68002B1DD07B681A68FB6804334D
:10F2F0001B685A40FB6808331B681340002B01D180
:10F30000FB6838E0FB6893F8313003F00203002B10
:10F3100008D17B681A68FB680C331B689A4201D1DC
:10F32000FB6828E0FB681B68FB60FB68002BC5D10D
:10F33000154B1B68002B1AD0134B1B6893F8313008
:10F3400003F00103002B12D00F4B1B6893F83130F0
:10F3500003F00403002B0AD00B4B1B6804331B681B
:10F36000002B04D07B681B68DBB27F2B01D100230C
:10F3700001E0054B1B6818461437BD465DF8047B59
:10F38000704700BF2C8004243080042480B582B0F4
:10F3900000AF78607B6893F8313003F00103DBB293
:10F3A000002B1FD07B6804331B68002B1AD0104B36
:10F3B0005A697B6804331B689A4208D00C4B5B691E
:10F3C0007968184600F014FA0346002B01D0012397
:10F3D00009E008497868FEF72CFE0346002B01D0AF
:10F3E000012300E0002318460837BD4680BD00BF5A
:10F3F000148004242880042480B586B000AF78608F
:10F4000039607B685B687B617B691B781B09DBB2B9
:10F41000042B04D07868F7F7B9FA002307E17B6979
:10F420001B7803F00F03DBB29B00DBB2FB817B692F
:10F430005B889BB21846F6F71DF90346BB817B68D3
:10F440001B89BA899A4204D2BB8919467868F7F7B2
:10F4500019F97B685B89FA899A4207D87B681B890E
:10F46000BA899A4202D8FB89132B04D87868F7F737
:10F470008DFA0023DBE07B691B696F4A53617B696E
:10F48000DB686D4A13616C4B5B6903F0F003E02BA2
:10F4900012D13B6893F8313003F00103DBB2002B4B
:10F4A00007D03B6804331B68002B02D03B683B61EC
:10F4B0002AE000233B6127E03868FFF767FF034637
:10F4C000002B02D03B683B611EE000233B615A4B9E
:10F4D0005B69DBB27F2B17D0584B1B683B610EE09A
:10F4E0003A693B689A4206D03869FFF74FFF0346F6
:10F4F000002B08D100E000BF3B691B683B613B6902
:10F50000002BEDD100E000BF4B4B1B69396818465A
:10F5100000F06EF90346002B05D1474B1B6903F041
:10F52000F003E02B04D17868F7F730FA00237EE08F
:10F530003B69002B04D17868F7F728FA002376E0BE
:10F540007B69DB889BB21A464FF63F731340002B52
:10F550000BD0786800F04CFE78607B68002B01D1FE
:10F56000002364E07B685B687B61334A3B6913601E
:10F57000314A3B685360304A7B6993607B691B78F2
:10F5800003F00F03DBB29B00DBB21A462A4B9A81D1
:10F59000FB8919467868F7F773F97B695B7A112B59
:10F5A00006D0112B13DC012B0CD0062B05D00EE05E
:10F5B00039687868FDF796FE26E039687868F9F7CB
:10F5C0001BFA21E039687868FFF7BCFC1CE01A4B95
:10F5D0005B693969184600F00BF90346002B0FD11F
:10F5E000154B5B6903F0F003E02B09D0B7F90E303F
:10F5F00019467868F7F7B7F902217868FFF7C2FD76
:10F600007868F7F7C3F900BF0B4B00221A600A4B6A
:10F6100000225A60084B00229A60074B00229A8110
:10F62000054B00221A61044B00225A610023184640
:10F630001837BD4680BD00BF148004242C800424EC
:10F6400080B58AB004AFF860B9607A60FB70BB68BF
:10F650007B617B68002B09D0BB68002B03D0BB68A3
:10F660001B68002B02D1BB6A04337B61FA78BB6A4A
:10F67000029397F82430019397F8203000931346B3
:10F680007A687969F86800F005F803461846183773
:10F69000BD4680BD80B588B000AFF860B9607A60C3
:10F6A000FB70FB689B7B012B06D04B4B4FF45572D4
:10F6B0004A494B4822F0ECFC7B68002B60D01423B5
:10F6C0007B831421F868F7F7CBF80346002B02D0B0
:10F6D0006FF001037CE0FB685B68FB61FB685B89A2
:10F6E000132B06D83C4B4FF462723E493C4822F043
:10F6F000CFFCFB69FA781A72FB6997F82C205A72D2
:10F700007B681A68FB691A617B8B9B089BB2DBB232
:10F7100043F04003DAB2FB691A70FB6997F82820BE
:10F720005A70FB681B891846F5F7A4FF03461A4672
:10F73000FB695A80FB6900229A710022DA712A4B18
:10F740001B881846F5F796FF03461A46FB699A8010
:10F75000254B1B8801339AB2234B1A80BB68002BC0
:10F7600004D1224B1A68FB69DA6003E0BB681A68AF
:10F77000FB69DA60FB6900229A720022DA720FE0FC
:10F78000FB685B89132B02D86FF0010320E0FB6854
:10F790005B68FB61FB691B697B6107F114037B609C
:10F7A0003B6B1B8D002B0CD0FB681A893B6B1B8DB0
:10F7B0009A4206D97A68396BF86800F00DFF034663
:10F7C00006E03B6B5B697A68F968386B98470346DB
:10F7D00018462037BD4680BDC08304081084040845
:10F7E0001C840408448404088A8104248CE00408EE
:10F7F00080B485B000AF786039607B68FB607B685F
:10F80000B3F1FF3F02D07B68002B01D101232AE036
:10F810003B6893F8313003F00203002B01D1002341
:10F8200021E03B6804331B687A689A4201D10023C7
:10F8300019E0FA683B6804331B685A403B68083398
:10F840001B681340002B0DD13B6808331B68DA435B
:10F850007B681A403B6808331B68DB439A4201D13E
:10F86000012300E0002318461437BD465DF8047BF1
:10F870007047000080B58AB000AF7860396007F14A
:10F880000C03FB617B681B7887F8223097F82230E5
:10F890000133894A13441B7803F00403002B01D180
:10F8A000002305E100237B620A2387F8233097F8C1
:10F8B0002230302B1CD17B6801337B607B681B7846
:10F8C00087F8223097F82230782B03D097F822302F
:10F8D000582B0AD1102387F823307B6801337B60D3
:10F8E0007B681B7887F8223002E0082387F82330F2
:10F8F00097F822300133704A13441B7803F0040355
:10F90000002B11D097F823307A6A03FB02F297F8A4
:10F9100022301344303B7B627B6801337B607B6821
:10F920001B7887F82230E3E797F82330102B27D194
:10F9300097F822300133604A13441B7803F04403E4
:10F94000002B1DD07B6A1B0197F8222002F10A01CF
:10F9500097F82220013258480244127802F003023C
:10F96000022A01D1612200E041228A1A13437B62FC
:10F970007B6801337B607B681B7887F82230B7E7B0
:10F9800097F822302E2B14D107F10C030C33FA69AF
:10F990009A4201D300238BE0FB691A1DFA617A6A4F
:10F9A0001A607B6801337B607B681B7887F82230A4
:10F9B0006CE700BF97F82230002B0BD097F822306D
:10F9C00001333D4A13441B7803F00803002B01D197
:10F9D00000236DE007F10C03FA69D31A9B10013381
:10F9E000042B53D801A252F823F000BF01FA0108FA
:10F9F0009BFA010805FA010827FA010855FA0108DF
:10FA0000002355E07B6AB3F1807F01D300234FE0F0
:10FA1000FB68FF2B01D900234AE0FB681B067A6ACA
:10FA200013437B623AE07B6AB3F5803F01D3002346
:10FA30003EE0FB68FF2B02D83B69FF2B01D9002376
:10FA400036E0FB681A063B691B0413437A6A1343CA
:10FA50007B6223E07B6AFF2B01D9002328E0FB684F
:10FA6000FF2B05D83B69FF2B02D87B69FF2B01D9FF
:10FA700000231DE0FB681A063B691B041A437B69DF
:10FA80001B0213437A6A13437B6207E00B4BF92294
:10FA90000B490C4822F0FCFA00E000BF3B68002B49
:10FAA00005D0786AF5F7FCFD02463B681A60012331
:10FAB00018462837BD4680BD2148050874840408CF
:10FAC000C8840408D484040880B582B000AF78608C
:10FAD00010220449786800F007F8034618460837F2
:10FAE000BD4680BD8C81042480B48DB000AFF86029
:10FAF000B9607A6000233B62FB681B68BB61BB682E
:10FB0000FB6207F11803BB62002387F8273058E037
:10FB1000002387F82630BB6A1A78324BA3FB021306
:10FB2000D9080B469B000B445B00D31AFB77BB6ADA
:10FB30001B782C4AA2FB0323DB08DAB2BB6A1A70DB
:10FB400097F826305A1C87F826201946FB7F303359
:10FB5000DAB201F130033B4403F81C2CBB6A1B787A
:10FB6000002BD8D111E03B6A5A1C3A627A689A425B
:10FB700001DC002330E097F82620FB6A591CF9626B
:10FB800030323A4412F81C2C1A7097F826305A1E5C
:10FB900087F82620002BE6D13B6A5A1C3A627A6825
:10FBA0009A4201DC002317E0FB6A5A1CFA622E22FB
:10FBB0001A70BB6A0133BB6297F82730013387F8AC
:10FBC000273097F82730032BA2D9FB6A013BFB6251
:10FBD000FB6A00221A70BB6818463437BD465DF8D0
:10FBE000047B7047CDCCCCCC80B584B000AF002373
:10FBF000BB60124B1B68FB6018E0FB68DB7F002BCF
:10FC00000BD0FB68DB7F013BDAB2FB68DA77FB687D
:10FC1000BB60FB681B68FB6008E0FB687B60FB68FF
:10FC20001B68FB60B968786800F00AF8FB68002B75
:10FC3000E3D100BF00BF1037BD4680BD9C810424C6
:10FC400080B588B000AF786039600023FB833A68E4
:10FC50007B689A4205D1454BAB224549454822F085
:10FC600017FA3B68002B0AD03B681B687A689A42F7
:10FC700005D03E4BAD2240493E4822F009FA7B6850
:10FC80005B685B687B617B699B889BB2002B2AD198
:10FC90007B685B68BB617B691A687B685A60BB697B
:10FCA00058687B6808331422194623F0A8FB012109
:10FCB000B869FFF777FAB869F6F7F6FE03467B8274
:10FCC000FA8B7B8A1344B3F5803F05DB274BBC22BC
:10FCD0002A49284822F0DCF9FA8B7B8A1344FB83FB
:10FCE000B869F6F753FE7B685B68BB611FE0BB69D0
:10FCF0005B687B61BB69FB607B691B68BB61F86803
:10FD0000F6F7D2FE03467B82FA8B7B8A1344B3F567
:10FD1000803F05DB154BCC221849164822F0B8F974
:10FD2000FA8B7B8A1344FB83F868F6F72FFEBB69D6
:10FD3000002BDCD13968786800F0C2F8104B1B88C2
:10FD4000FA8B9A4205D9094BD2220E49094822F072
:10FD50009FF90B4B1A88FB8BD31A9AB2084B1A8067
:10FD6000FB8B18462037BD4680BD00BFFC840408CD
:10FD7000508504085C850408848504089885040877
:10FD8000A0810424B885040880B58AB000AF7860EB
:10FD9000396000237B6100233B620023FB61002369
:10FDA000BB6100233B61284B1B687B6230E07B6AB0
:10FDB0005A697B68DB689A420CD17B6A9A697B68D6
:10FDC0001B699A4206D17B6A9A897B689B889BB2A1
:10FDD0009A4214D03B6901333B613B6A002B04D14A
:10FDE0007B6A3B62FB69BB6109E07B6ADA7F3B6A45
:10FDF000DB7F9A4203D87B6A3B62FB69BB617B6A0B
:10FE00001B68002B01D07B6AFB617B6A1B687B62ED
:10FE10007B6A002BCBD13B6A002B08D0B969386ACA
:10FE2000FFF70EFFF8607A69FB6813447B617A691B
:10FE30003B689A4202DA3B69012BACDC7B691846CD
:10FE40002837BD4680BD00BF9C81042480B584B0A6
:10FE500000AF786039600420F5F7FEFDF860FB68BC
:10FE6000002B10D139687868FFF78EFF02463B6897
:10FE7000934203DC0420F5F7EFFDF860FB68002BEC
:10FE800001D1002316E020220021F86822F00DFBAA
:10FE9000FB680F22DA77094B1A68FB681A60074A79
:10FEA000FB681360FB68083314227968184623F056
:10FEB000A6FAFB6818461037BD4680BD9C81042415
:10FEC00080B582B000AF78603960104B1B687A68EB
:10FED0009A4204D17B681B680C4A13600DE03B68B2
:10FEE000002B06D10A4B40F245120A490A4822F07B
:10FEF000CFF87B681A683B681A6079680420F5F7C8
:10FF00001BFE00BF0837BD4680BD00BF9C81042496
:10FF1000FC840408DC8504085C85040880B58CB08A
:10FF200000AFF860B9607A600023BB6201233B62D6
:10FF3000BB685B68FB61FB695B889BB21846F5F7A1
:10FF400099FB03467B83FB691B7803F00F03DBB24D
:10FF50009B007B767B7E9BB27A8B9A4202D24FF0DB
:10FF6000FF3335E17B7E9BB27A8BD31A7B83FB69AF
:10FF7000DB889BB21846F5F77DFB0346C3F30C0301
:10FF80009BB2DB00FB82BB685B68FB62FB6A002202
:10FF90001A7000225A7000229A700022DA70FB6AEE
:10FFA000FA8A9A80FA8A7B8B13449AB2FB6ADA80C7
:10FFB000FB6ADB889BB2FA8A9A4202D94FF0FF3380
:10FFC00006E1FB685B687B6268E07B6A5B683B61BB
:10FFD000FB6A9B889AB23B699B889BB29A4235D256
:10FFE000FB6A7A6A1A60BB6A002B20D0FB6A9B8886
:10FFF0009AB2BB6ADB889BB29A4207D3FB6ADB8862
:020000040802F0
:100000009AB23B699B889BB29A4202D94FF0FF3368
:10001000DEE0BB6ABA681A60BB6ADB889AB2FB6A28
:100020009B889BB29A423DD000233B623AE0FB6A38
:10003000DB889AB23B699B889BB29A4202D94FF007
:10004000FF33C5E0FB68BA685A602BE0FB6A9B8807
:100050009AB23B699B889BB29A4202D14FF0FF3320
:10006000B6E0FB6A9B889AB23B69DB889BB29A42F6
:1000700002D24FF0FF33ABE0BB6A002B09D0BB6A62
:10008000DB889AB23B699B889BB29A4201D00023DD
:100090003B623B691B687B623B69BB627B6A002BEE
:1000A00093D100E000BF7B6A002B2DD1BB6A002BEF
:1000B0001CD0BB6ADB889AB2FB6A9B889BB29A42CF
:1000C00006D9454B4FF4DB724449454821F0E0FF27
:1000D000BB6ABA681A60BB6ADB889AB2FB6A9B8803
:1000E0009BB29A4210D000233B620DE0FB685B6834
:1000F000002B06D0384B4FF4DF723A49384821F0D4
:10010000C7FFFB68BA685A607B68002B05D1FB68A3
:100110009B7F03F00103002B59D03B6A002B4FD08B
:10012000FB685B68002B06D0FB685B685B689B889C
:100130009BB2002B02D000233B6241E0FB6ABB6212
:10014000FB6A1B687B6212E07B6A5B68FB62BB6ACE
:10015000DB889AB2FB6A9B889BB29A4202D000234A
:100160003B6207E0FB6ABB62FB6A1B687B627B6ADF
:10017000002BE9D13B6A002B22D0FB685B68002B87
:1001800006D1154B40F2DF121749154821F080FFC8
:10019000FB685B685B68FA6A9A4206D10E4B4FF4C3
:1001A000F07211490E4821F073FFFB6A1B68002BA7
:1001B00006D0094B4FF4F1720C49094821F068FF51
:1001C0003B6A002B14BF01230023DBB200E00023B5
:1001D00018463037BD4680BDFC840408F885040805
:1001E0005C850408188604085086040860860408A4
:1001F00080B58EB000AF78607B685B68BB62BB6A1D
:100200001B7803F00F03DBB29B00DBB2142B40F032
:100210007181BB6ADB889BB21846F5F72BFA03465F
:10022000C3F30C039BB2DB00FB84BB6A5B889BB20D
:100230001846F5F71FFA0346BB84BB6A1B7803F028
:100240000F03DBB29B0087F8233097F823309BB273
:10025000BA8C9A42C0F0508197F823309BB2BA8C86
:10026000D31ABB847868F6F71FFC03463B848C4B9B
:100270001B881A463B8C13440A2B10DD3B8C194615
:10028000B86AFFF781FD0346002B00F03781844BED
:100290001B881A463B8C13440A2B00F32F81814B99
:1002A0001B683B6315E03B6B5A69BB6ADB689A428B
:1002B0000CD13B6B9A69BB6A1B699A4206D13B6BB6
:1002C0009A89BB6A9B889BB29A4206D03B6B1B689B
:1002D0003B633B6B002BE6D100E000BF3B6B002B88
:1002E00009D13B8C1946B86AFFF7B0FD38633B6B08
:1002F000002B1CD105E1BB6ADB889BB21846F5F7E1
:10030000B9F90346C3F30C03002B10D13B6BDB8917
:100310001846F5F7AFF90346C3F30C03002B06D0DC
:100320003B6B08331422B96A184623F068F8BB6A9D
:10033000DB889BB203F02003002B0CBF01230023BA
:10034000DBB2FB61FB69002B0ED0FA8CBB8C134433
:100350007B837A8BFB8C9A42C0F0A0807B8B4FF61C
:10036000EB72934200F29A80FA697968386BFFF772
:10037000D5FD78617B69B3F1FF3F00F09B80484B6E
:100380001A883B8C13449AB2454B1A80FB69002BA8
:100390000DD0FA8CBB8C13447B823B6B7A8A9A8398
:1003A0003B6B9B7F43F00103DAB23B6B9A777B692F
:1003B000012B71D13B6B9B8B14333B823B6B5B6896
:1003C0005B681B687B633B6B5B685B68BB623B6B1A
:1003D000083314221946B86A23F011F83B8A1846EC
:1003E000F5F748F903461A46BB6A5A80BB6A0022F1
:1003F0009A710022DA71BB6A00229A720022DA72C4
:100400003B6B5B687B600DE07B6B5B68FB60142182
:10041000786BF6F735FA796B7868F6F785FBFB6849
:100420001B687B637B6B002BEED11E4B1B683A6B0A
:100430009A4202D10023FB6210E01A4B1B68FB6258
:1004400007E0FB6A1B683A6B9A4206D0FB6A1B689E
:10045000FB62FB6A002BF4D100E000BFF96A386B45
:10046000FFF72EFD7868F6F71FFB03463B840C4B25
:100470001B883A8C9A4206D90B4B40F29B220B49BF
:100480000B4821F005FE064B1A883B8CD31A9AB212
:10049000034B1A807B6838E0002336E000BF0AE097
:1004A000A08104249C810424FC840408848604081C
:1004B0005C85040800BF3B6B002B06D1154B4FF445
:1004C0002A721549154821F0E3FD3B6B5B68002B50
:1004D00016D1134B1B683A6B9A4206D00D4B40F273
:1004E000AB2210490D4821F0D3FD0021386BFFF7F6
:1004F000E7FC06E000BF04E000BF02E000BF00E050
:1005000000BF7868F6F742FA002318463837BD4630
:1005100080BD00BFFC840408A08604085C85040834
:100520009C810424AC86040880B500AF0520F5F753
:1005300093FA0346184680BD80B582B000AF78605C
:100540007B68002B06D1074B4FF4317206490748F0
:1005500021F09EFD79680520F5F7EEFA00BF083717
:10056000BD4680BDFC840408CC8604085C85040874
:1005700080B584B000AF78607B68FB60FB68002BBF
:1005800006D1114B40F2CE221049114821F080FDD6
:10059000FA687B689A4206D00B4B40F2CF220D4995
:1005A0000B4821F075FDFB685B69002B04D0FB68EC
:1005B0005B691846F6F7EAF9F868FFF7BDFF00BF78
:1005C0001037BD4680BD00BFFC840408D8860408EF
:1005D0005C850408E486040880B594B002AFF86036
:1005E000B9607A600023A7F84630BB681B8D143BC6
:1005F000002B00DA0733DB107B871423FB87FB68B3
:100600005B687B637B6B3B633B6B1B7803F00F0387
:10061000DBB29B00DBB2142B02D06FF0050310E1BC
:10062000FB685B89132B09D8884B4FF43F728849CC
:10063000884821F02DFD6FF0050302E13B6BDB885C
:100640009BB21846F5F716F80346BB87BB8FC3F37A
:100650000C03A7F84030BB8F03F40053FB62FB6828
:100660001B89143BA7F84230E1E07B8FDB009BB293
:10067000B7F84220934228BF13467B854FF420727F
:1006800014210E20F5F79EFE78627B6A002B00F0A5
:10069000D5807B6A5B89132B06D86C4B4FF449726B
:1006A0006D496C4821F0F4FC7B6A5B681422796B1D
:1006B000184622F0A4FE7B6A5B683B637B8DA7F83B
:1006C000443064E0FB685A89FB8FD31AFB83FB68D4
:1006D0005B89FA8F9A4206D95C4B40F22D325F4912
:1006E0005C4821F0D5FCFA8BB7F84430934228BF20
:1006F0001346A7F84630B7F84630002B05D1002343
:10070000FB87FB681B68FB6041E0FFF70DFFB861EA
:10071000BB69002B03D1786AF6F738F98FE0B86926
:10072000FB685A68FB8F1344B7F84610B7F84620A9
:1007300001920093034641220020F5F76FFF786194
:100740007B69002B06D1B869FFF7F6FE786AF6F7E9
:100750001DF974E0F868F6F7BFF9BB69FA685A61E9
:10076000BB693F4A1A617969786AF6F7DDF9B7F82B
:100770004420B7F84630D31AA7F84430B7F84430CD
:10078000002B04D00023FB87FB681B68FB60B7F8D5
:100790004430002B96D1FA8FB7F846301344FB87CC
:1007A000BB681B8DA3F11302B7F842309A42CCBF4D
:1007B00001230023DBB23B62B7F84030C3F30C03E4
:1007C000BB873B6A002B02D0FB6A002B03D0BB8F98
:1007D00043F40053BB87BB8F1846F4F74BFF034627
:1007E0001A463B6BDA807B8D14339BB21846F4F7C4
:1007F00041FF03461A463B6B5A803B6B00229A72BC
:100800000022DA72BB685B697A68796AB8689847CF
:10081000786AF6F7BBF8B7F842207B8DD31AA7F8B1
:100820004230B7F840207B8F1344A7F84030B7F828
:100830004230002B7FF419AF002302E000BF4FF0DD
:10084000FF3318464837BD4680BD00BFFC8404080E
:10085000F08604085C8504080C8704082C870408CB
:100860007105020880B582B000AF786039603B68DE
:10087000002204211846F3F7DFFD02467B681A6068
:100880007B681B68002B02D14FF0FF3300E0002390
:1008900018460837BD4680BD80B584B000AF78608B
:1008A00039607B681868394600230022F3F738FE68
:1008B0000346002B02D10023FB7301E0FF23FB73EF
:1008C00097F90F3018461037BD4680BD80B586B009
:1008D00000AFF860B9607A60F3F7BCFA78617B68C2
:1008E000002B13D0FB6818687B680022B968F3F707
:1008F00077FE38613B69002B05D1F3F7ABFA02466E
:100900007B69D31A0FE04FF0FF330CE0FB681868E7
:100910004FF0FF330022B968F3F762FEF3F79AFA5B
:1009200002467B69D31A18461837BD4680BD80B48D
:1009300083B000AF78607B681B68002B01D1002377
:1009400000E0012318460C37BD465DF8047B704774
:1009500080B500AF0020F3F742FB0346014A136065
:1009600000BF80BDA481042480B582B000AF786050
:100970000020F3F734FB02467B681A607B681B6833
:10098000002B02D14FF0FF3300E000231846083758
:10099000BD4680BD80B582B000AF78607B681B68C3
:1009A0004FF0FF311846F3F7A0FB00BF0837BD46F4
:1009B00080BD80B582B000AF78607B681B68184648
:1009C000F3F7DEFB00BF0837BD4680BD80B58EB0B3
:1009D00000AFF860B9607A603B6007F1140324222D
:1009E0000021184621F061FDFB687B613B68BB621A
:1009F0003B6CFB6207F114031A467968B868F3F799
:100A00003EFA034618463837BD4680BD80B500AF74
:100A1000044B1B684FF0FF311846F3F766FB0123C8
:100A2000184680BDA481042480B582B000AF7860F0
:100A3000044B1B681846F3F7A3FB00BF0837BD46FD
:100A400080BD00BFA48104242DE9B04F94B000AF55
:100A5000F863FB6B1B681846F4F722FE0346FB6441
:100A6000FB6B5B681846F4F71BFEB864FB6C534ADB
:100A70001A44002314461D46C7E91045D7E910451E
:100A800022462B464FF000004FF00001590141EA89
:100A9000D261500102460B46B2EB040863EB050934
:100AA0004FF000024FF000034FEA890343EA9873C6
:100AB0004FEA88029046994618EB04033B6149EBE4
:100AC00005037B614FF000024FF00003D7E90445B6
:100AD0002946CB00214643EA51732146CA001446F9
:100AE0001D46BB6C00223B637A63D7E90C89424602
:100AF0004B464FF000004FF00001590141EAD2612E
:100B0000500102460B464146B2EB010A494663EBEF
:100B1000010B4FF000024FF000034FEA4B2343EA72
:100B2000DA534FEA4A2292469B4643461AEB0303A6
:100B3000BB604B464BEB0303FB604FF000024FF0F2
:100B40000003D7E902AB59468B01514643EA916352
:100B500051468A015146511A3960594663EB0103E7
:100B60007B60D7E90001034642469B18BB624B46B7
:100B70000A4642EB0303FB624FF000024FF0000312
:100B8000F96A0A0000230E4BA3FB02239B090022F3
:100B90003B627A62D7E908120B46E318BB61134641
:100BA00045EB0303FB61074BD7E90612C3E90012CB
:100BB00000BF5037BD46BDE8B08F00BF8081557C77
:100BC000D34D621038A5042480B582B000AF7860A0
:100BD00030220021786821F068FC7B6823221A709B
:100BE00000BF0837BD4680BD80B584B000AF7860D7
:100BF0000D4B1B6800220D491846FCF7F3F90A4B10
:100C00001B685B00FB60FB68094A934207D8064BF0
:100C10001B68FA689A4202D9034AFB68136000BF56
:100C20001037BD4680BD00BFCC810424790E020878
:100C3000F049020080B584B000AF7860184B1B7893
:100C4000BB730023FB731FE0154B1B780133DAB233
:100C5000134B1A70124B1B78022B02D9104B002237
:100C60001A700F4B1B781A460E4B53F83230002B7C
:100C700007D00D4B43F698221A60002000F0FCF8D4
:100C80000BE0FB7B0133FB73FB7B012BDCD9044ABC
:100C9000BB7B13700020FFF7A7FF1037BD4680BD58
:100CA000C8810424B0810424CC81042480B588B098
:100CB00000AFF860B9607A603B60F023FB777B6837
:100CC0001B89302B2DD100217868F6F733F90346C4
:100CD00003F00703BB77354B1B78002B02D1BB7F9A
:100CE000042B06D0314B1B78012B18D1BB7F052B71
:100CF00015D101217868F6F71DF903467B777B7FD4
:100D0000002B02D10123FB770BE007F11001282310
:100D100008227868F6F740F80023FB7701E0FD230E
:100D2000FB777868F5F732FE97F91F30002B2ED14C
:100D300007F110031846FFF787FE1D4B1B781D4A6D
:100D4000DB0013441B791A4A1278104643F0010362
:100D5000D9B2184AC30013440A461A71134B1B78C0
:100D6000002B1FD100211448FCF762F90021134821
:100D7000FCF75EF9124B43F698221A6043F698236B
:100D8000BB6100220D49B869FCF72CF90AE097F91C
:100D90001F30012B06D1054B1B78002B02D1002000
:100DA000FFF748FF00BF2037BD4680BDA88104245F
:100DB000C8810424B0810424350C0208790E02088D
:100DC000CC81042480B584B000AF78607B68002BB0
:100DD00006D1214B4FF408722049214821F058F9DF
:100DE0004FF4207230213620F5F7ECFAF860FB68FA
:100DF000002B26D0FB685B68BB60B868FFF7E4FE99
:100E0000184B18687B237A68F968FCF77FFBF86851
:100E1000F5F7BCFD144B1B78144ADB0013441B7917
:100E2000114A127810465B00D9B2104AC30013442D
:100E30000A461A7100220E4943F69820FCF7D2F8B0
:100E400005E000220B4943F69820FCF7CBF800BFE1
:100E50001037BD4680BD00BF3C8704088C8704085E
:100E6000A0870408AC810424C8810424B081042430
:100E7000350C0208790E020880B584B000AF7860A6
:100E8000114B1B781A46114B53F83230BB60BB68CC
:100E9000002B02D16FF00F0300E00023FB7397F9E2
:100EA0000F30002B05D107F108031846FFF78AFF22
:100EB00005E00022064943F69820FCF793F800BFAE
:100EC0001037BD4680BD00BFC8810424B081042412
:100ED000350C020880B500AF204B1B68002B3BD1BE
:100EE0002E20FCF7CAFD03461C4A13601B4B1B68EF
:100EF000002B06D11A4B40F296221A491A4821F0CB
:100F0000C7F8164B1B68002B26D0144B1B68002219
:100F100016491846FCF738FD154B1B78002B07D1F6
:100F2000144B43F698221A600020FFF7A5FF13E048
:100F30000F4B1B78012B0FD1084B1B685A7A074BBC
:100F40001B6842F02002D2B25A72044B1B687B220B
:100F500009491846FCF790FC00BF80BDAC81042411
:100F60003C870408C8870408A0870408AD0C020861
:100F7000A8810424CC8104248CE0040880B582B0CC
:100F800000AF134B1B68002B1ED00023FB7108E041
:100F9000FB79104ADB00134400221A71FB790133FC
:100FA000FB71FB79022BF3D900210B48FCF740F8C9
:100FB00000210A48FCF73CF8054B1B681846FCF773
:100FC00003FD034B00221A6000BF0837BD4680BDF9
:100FD000AC810424B0810424790E0208350C020887
:100FE00080B483B000AF03463960FB71FB79022BFC
:100FF0000ED83B68002B06D0FB7908493A68126886
:1010000041F8332004E0FB79044A002142F8331010
:1010100000BF0C37BD465DF8047B7047B0810424E7
:1010200080B483B000AF0346FB71FB79022B04D878
:10103000FB79DB00044A134400E0044B18460C37EC
:10104000BD465DF8047B7047B08104248CE0040841
:1010500080B500AF00224FF480610848E6F77AF8C7
:101060000A20F2F7A1FF01224FF480610348E6F75E
:1010700071F86420F2F798FF00BF80BD000C0258A1
:1010800080B500AF002220210748E6F763F80A2068
:10109000F2F78AFF012220210348E6F75BF864207B
:1010A000F2F782FF00BF80BD0014025880B584B003
:1010B00004AF964B00221A70944B00225A70934B47
:1010C00000229A70914B0022DA70914B00221A7024
:1010D0008F4B00225A708E4B00229A708C4B00224C
:1010E000DA708C4B00221A708A4B00225A70894B9E
:1010F00000229A70874B0022DA70FFF7A9FFFFF7F2
:10110000BFFF4FF4FA60F2F74FFF00210020F4F721
:1011100067FA7E4B1B781A067C4B5B781B041A43DC
:101120007A4B9B781B021343784AD27813431A06F2
:10113000764B1B781906754B5B781B041943734B70
:101140009B781B020B437149C9780B431B0203F4C4
:101150007F031A436D4B1B7819066C4B5B781B049D
:1011600019436A4B9B781B020B436849C9780B43B0
:101170001B0A03F47F431A43644B1B781906634B25
:101180005B781B041943614B9B781B020B435F493F
:10119000C9780B431B0E13435F4A13605C4B1B78EB
:1011A0001A065B4B5B781B041A43594B9B781B0256
:1011B0001343574AD27813431A06554B1B78190626
:1011C000534B5B781B041943514B9B781B020B4319
:1011D0004F49C9780B431B0203F47F031A434C4B5E
:1011E0001B7819064A4B5B781B041943484B9B78C4
:1011F0001B020B434649C9780B431B0A03F47F4388
:101200001A43434B1B781906414B5B781B04194367
:101210003F4B9B781B020B433D49C9780B431B0E88
:1012200013433E4A13603B4B1B781A06394B5B78DD
:101230001B041A43374B9B781B021343354AD27861
:1012400013431A06334B1B781906324B5B781B0489
:101250001943304B9B781B020B432E49C9780B4333
:101260001B0203F47F031A432A4B1B781906294BF0
:101270005B781B041943274B9B781B020B432549C2
:10128000C9780B431B0A03F47F431A43214B1B7895
:101290001906204B5B781B0419431E4B9B781B02DD
:1012A0000B431C49C9780B431B0E13431C4A1360A4
:1012B0001C4B02931C4B019300230093184B174ABD
:1012C00015491A48F4F76AFC1848F4F79BFE1748CA
:1012D000F4F7A8FE16491548F4F7AAFF24220021C6
:1012E000144821F0E2F8134B134A1A60114B4FF4E3
:1012F00080625A610F4B10229A610E4A0B490F48C7
:10130000F2F7BDFD00BFBD4680BD00BF14820424BE
:10131000188204241C820424088204240C820424DD
:10132000108204241D55010855180208D081042498
:10133000411302082082042448880408051B02087F
:1013400080B483B000AF786000BF0C37BD465DF855
:10135000047B704780B582B000AF7860044B1B6897
:101360001846F3F725F800BF0837BD4680BD00BF1B
:101370004882042480B582B000AF7860044B1B68BB
:101380001846F3F715F800BF0837BD4680BD00BF0B
:101390004C82042480B582B000AF78607868E1F7B1
:1013A00052F9034603F08003802B04D1044B1B68E1
:1013B0001846F2F7FDFF00BF0837BD4680BD00BFED
:1013C0004882042480B5AAB000AF7860002387F873
:1013D0009F300023C7F8A0300023C7F8983007F1EA
:1013E000100364220021184621F05FF8914B924AC5
:1013F0001A6000233B7280237B72E123BB720023BF
:10140000FB7200233B7300237B738A4A07F10803B6
:101410005360884B01221A72864B884ADA60854BEA
:10142000874A1A61834B4FF4C0625A61854B1B781F
:10143000DBB2FB72844B1B78DBB23B73834B1B78B4
:10144000DBB27B737B48E0F725F9034687F89F30D2
:10145000382200217E4821F028F87D4B21221A6095
:101460007B4B4FF440325A61794B00221A61794824
:10147000F4F77AFA7B68062283F830206D4B5B68BC
:101480001A787B6883F82A206A4B5B6801331A78E4
:101490007B6883F82B20674B5B6802331A787B6884
:1014A00083F82C20634B5B6803331A787B6883F8DE
:1014B0002D20604B5B6804331A787B6883F82E20FC
:1014C0005C4B5B6805331A787B6883F82F207B6858
:1014D00040F2DC521A857B6893F8313043F00A03FE
:1014E000DAB27B6883F83120002200210120F2F774
:1014F00084FE0346584A1360002200210120F2F7BF
:101500007CFE0346554A136007F174032422002130
:10151000184620F0CAFF524B7B674FF40063C7F8B0
:1015200088303023C7F88C3007F174031A46796885
:101530004C48F2F7A4FC4C494C48EFF7A7F94B484C
:10154000EFF7D6F90346002B06D07868F4F740FE93
:101550007868F4F7D3FD6AE097F89F30002B64D1E8
:101560004248EFF712FAC7F89800D7F89830012BE5
:1015700006DC7868F4F72CFE7868F4F7BFFD56E0D7
:10158000D7F89830023B032B2AD801A252F823F057
:10159000A1150208B3150208C3150208D3150208E5
:1015A0004FF40053C7F8A4304FF48043C7F8A0307D
:1015B0001FE00023C7F8A4304FF48043C7F8A030E1
:1015C00017E04FF40053C7F8A4300023C7F8A03049
:1015D0000FE00023C7F8A4300023C7F8A03008E0CC
:1015E0004FF40053C7F8A4304FF48043C7F8A0303D
:1015F00000BF07F1100319460E48E0F7D9FDD7F8F0
:10160000A430BB62D7F8A0307B6207F11003194603
:101610000848E0F7A1FF0748E0F73AF97868F4F7DF
:1016200001FD7868F4F79CFD01E000F0FDFDA837AE
:10163000BD4680BD5082042400800240600000301E
:101640000000003000E8F11F01E8F11F02E8F11F7F
:101650000083042494E00408488204244C82042477
:10166000508804080118020820000024388304244C
:1016700080B592B000AF7860396000237B640023AE
:101680003B64002387F83F3007F10C033022002130
:10169000184620F00AFF07F10C03302200211846FB
:1016A00020F003FF3B683B6445E07B6C032B02D9D1
:1016B0006FF00B037FE03B6C59687A6C13465B005C
:1016C00013449B0048333B443C3B19603B6C5B89B3
:1016D00019467A6C13465B0013449B0048333B4425
:1016E000383B19607B6C002B11D07B6C5A1E07F1C4
:1016F0000C00796C0B465B000B449B00C118134631
:101700005B0013449B0048333B44343B19603B6C03
:101710001B68002B09D17A6C13465B0013449B00B5
:1017200048333B44343B00221A607B6C01337B64BA
:101730003B6C1B683B643B6C002BB6D13B681B8940
:101740001A461F4B5A601E4A07F10C0393601C4A4D
:101750003B6853633868F5F7BFF919491948E0F752
:1017600083F90346002B03D1002387F83F301BE0A9
:101770001448E0F75BFF034603F00203002B0DD093
:10178000114B1B684FF4FA611846F2F7BFFD0D4884
:10179000E0F7F1FAFE2387F83F3005E03868F5F707
:1017A000F5F8F42387F83F3097F93F3013F1020F33
:1017B000D3D097F93F3018464837BD4680BD00BFAB
:1017C00000830424508204244C82042480B584B015
:1017D00000AF78600023FB60074B1B78002B05D11E
:1017E00007F10C0319460548E0F78FF9FB68184626
:1017F0001037BD4680BD00BF4482042450820424BB
:1018000080B584B000AF78600023FB607B68BB606C
:101810000F4B1B684FF0FF311846F2F777FD034678
:10182000002BF5D1B868FFF7D1FFF860FB68002BFB
:101830000AD0BB681B69B968F86898470346002B53
:1018400002D0F868F5F7A2F8FB68002BEAD1DFE7D1
:101850004882042480B582B000AF78607B68002B9A
:1018600006D10E4B4FF40B720D490E4820F010FCC0
:101870007B68732283F832207B68742283F83320DC
:101880007B68094A5A617B68084A9A617868FFF761
:1018900099FD002318460837BD4680BD58880408C6
:1018A00090880408A088040809E901087116020854
:1018B00080B584B000AF78607B68FB60F968094848
:1018C000F4F716F9084B1B78012B07D1064B0022C1
:1018D0001A70064B1B681846F2F76AFD00BF1037F6
:1018E000BD4680BD94E00408448204244882042458
:1018F00080B500AFE8F784FE0346184680BD0000BF
:1019000080B58EB000AF786007F1240300221A6022
:101910005A609A60DA601A617B681B684D4A93428C
:1019200040F093804C4BD3F8D8304B4A43F40043FB
:10193000C2F8D830484BD3F8D83003F400433B62A8
:101940003B6A454BD3F8D830434A43F48033C2F85E
:10195000D830414BD3F8D83003F48033FB61FB69B6
:101960003D4BD3F8D8303C4A43F40033C2F8D8306A
:10197000394BD3F8D83003F40033BB61BB69364B25
:10198000D3F8E030344A43F00403C2F8E030324B7D
:10199000D3F8E03003F004037B617B692E4BD3F86E
:1019A000E0302D4A43F00103C2F8E0302A4BD3F86F
:1019B000E03003F001033B613B69274BD3F8E03093
:1019C000254A43F04003C2F8E030234BD3F8E0301F
:1019D00003F04003FB60FB6832237B620223BB629F
:1019E0000023FB6203233B630B237B6307F1240388
:1019F00019461A48E5F7DCF886237B620223BB62AE
:101A00000023FB6203233B630B237B6307F1240367
:101A100019461348E5F7CCF84FF4D0437B62022314
:101A2000BB620023FB6203233B630B237B6307F151
:101A3000240319460B48E5F7BBF8002205213D2099
:101A4000E8F7E0FC3D20E8F7F7FC00BF3837BD467B
:101A500080BD00BF008002400044025800080258C8
:101A6000000002580018025880B500AF0248E0F7A5
:101A70008DFD0023184680BD5082042480B400AF41
:101A800000231846BD465DF8047B704780B584B0DE
:101A900000AFF860B9607A607B68BA68F968074897
:101AA000E0F7DEFA0346002B02D04FF0FF3300E0F0
:101AB000002318461037BD4680BD00BF5082042465
:101AC00080B584B000AFF860B9607A607B68BA68AE
:101AD000F9680748E0F718FB0346002B02D04FF0E7
:101AE000FF3300E0002318461037BD4680BD00BF1D
:101AF0005082042480B500AFE8F782FD0346184603
:101B000080BD000080B5A0B000AF786007F1080389
:101B100064220021184620F0C8FC00233B67002304
:101B2000FB670023BB6700237B677B68FB663A4843
:101B3000EEF72BFF3867FB6E93F831309B0803F00C
:101B40000103DBB2002B0CD03B6F012B09DC3348C7
:101B5000DFF712FFF86EF4F7D1FAF86EF4F738FBFE
:101B600055E0FB6E93F8313003F00403002B4ED1A7
:101B70003B6F012B4BDD3B6F023B032B2AD801A2AD
:101B800052F823F0951B0208A71B0208B71B020896
:101B9000C71B02084FF400537B674FF48043BB67B9
:101BA0000123FB6717E000237B674FF48043BB678B
:101BB0000123FB670FE04FF400537B670023BB67F3
:101BC0000123FB6707E000237B670023BB6701233A
:101BD000FB6700E000BFFB6F002B18D007F1080384
:101BE00019460E48E0F7E4FA7B6F3B62BB6FFB617E
:101BF00007F1080319460948E0F7AEFC0748DFF78C
:101C000047FEF86EF4F70EFAF86EF4F7A9FA6420BE
:101C1000F2F7CAF98BE700BF38830424508204240A
:101C200080B586B002AF78601248F3F7F3FEF86033
:101C3000FB68002B14D0FB6803F120027B681A605C
:101C4000FB680D4A1A617B681B684FF4C062019201
:101C50000093FB68412200210020F4F7DFFC05E03F
:101C6000064B01221A707B6800221A6000BF1037F1
:101C7000BD4680BD94E00408B118020844820424E3
:101C800080B48DB000AFF860B9607A607B80FB688B
:101C9000BB62BB687B620023FB627B68203BFB620C
:101CA000FB6A00221A60FB6A00221A81FB6A7A88AA
:101CB0005A81BB6A1B68002B03D1BB6AFA6A1A609F
:101CC00003E07B6A1B68FA6A1A607B6AFA6A1A6028
:101CD000BB6A1B68FB6209E0FB6A1A897B881344B4
:101CE0009AB2FB6A1A81FB6A1B68FB62FB6A002BD3
:101CF000F2D17B887A683A62FB61FB69002B1DDDBB
:101D00003B6A03F01F02FB691344BB613B6A7B61C2
:101D1000BFF34F8F00BF0D4A7B69C2F85C327B690D
:101D200020337B61BB69203BBB61BB69002BF2DCCC
:101D3000BFF34F8F00BFBFF36F8F00BF00BF00BF67
:101D40003437BD465DF8047B704700BF00ED00E00E
:101D500080B582B000AF78607868F4F717FE00BFF6
:101D60000837BD4680BD000080B588B000AF00F0E8
:101D7000D3F9744B5B6903F40033002B1BD1BFF321
:101D80004F8F00BFBFF36F8F00BF6E4B0022C3F8B1
:101D90005022BFF34F8F00BFBFF36F8F00BF694B5F
:101DA0005B69684A43F400335361BFF34F8F00BF50
:101DB000BFF36F8F00E000BF624B5B6903F48033B9
:101DC000002B38D15F4B0022C3F88420BFF34F8F24
:101DD00000BF5C4BD3F88030BB60BB685B0BC3F3C8
:101DE0000E037B60BB68DB08C3F309033B607B68C1
:101DF0005A0143F6E07313403A689207514913437E
:101E0000C1F860323B685A1E3A60002BEFD17B6804
:101E10005A1E7A60002BE5D1BFF34F8F00BF494BAC
:101E20005B69484A43F480335361BFF34F8F00BF6F
:101E3000BFF36F8F00E000BFE8F792FB00F096F869
:101E400000F01EF900F0F6F900F01CFF00F0FAFEB9
:101E500000F068FF00F0CAFF01F0D6F801F0ACF91D
:101E600001F038FA01F0FCFB01F092FC01F044FCB7
:101E700001F086FA01F082F900F0D2FD01F07CFB5E
:101E80001BF0FAFE304BBB6108237B617B69002BA2
:101E90001DDDBB6903F01F027B6913443B61BB6915
:101EA000FB60BFF34F8F00BF264AFB68C2F8703259
:101EB000FB682033FB603B69203B3B613B69002BA7
:101EC000F2DCBFF34F8F00BFBFF36F8F00BF00BFC7
:101ED00004221D491D48E9F7C5F80346FB771C4B52
:101EE000DB681B4A43F00303D360FB7F002B05D163
:101EF0008E221849184820F0CBF805E0FB7F92228B
:101F00001449164820F0C4F8114B9B6803F00403F1
:101F1000002B04D097220F49114820F0B9F8114B3B
:101F20001B6803F00103002B04D09B2209490E48D3
:101F300020F0AEF8F1F744FF00F008FBF1F764FF82
:101F400000BFFDE700ED00E0000200389C830424A0
:101F500000600258C8880408F4880408148904083A
:101F60003C890408085402585C89040880B59CB078
:101F700000AF07F124034C220021184620F095FA07
:101F80003B1D20220021184620F08FFA0220E8F79E
:101F900023F900233B60374B9B69364A43F44043A7
:101FA0009361344B9B6903F440433B60324BDB6AE3
:101FB000314A43F00103D3622F4BDB6A03F0010384
:101FC0003B603B6800BF2B4B9B6903F40053B3F5A8
:101FD000005FF8D1E8F7F0F8E8F71EFB274B1B6F1E
:101FE000264A23F0180313670D237B624FF48033D6
:101FF000BB620123FB620123BB630223BB64022398
:10200000FB6405233B65C0237B650223BB6502237C
:10201000FB6502233B6608237B660023BB66002327
:10202000FB6607F124031846E1F79CF80346002BF2
:1020300001D000F0F9F83F237B600323BB6000234D
:10204000FB6008233B6140237B614023BB614FF46D
:102050008063FB6140233B623B1D04211846E1F78E
:10206000DBFC0346002B01D000F0DEF800BF703728
:10207000BD4680BD00480258000400580044025884
:1020800080B5B0B000AF3B46C0220021184620F01A
:102090000CFA204A4FF00003C7E900230523BB6078
:1020A000A023FB6008233B6108237B610223BB6103
:1020B0008023FB6100233B6200237B620523BB621C
:1020C000A023FB6204233B6302237B630823BB63DF
:1020D0004FF40063FB6300233B6400237B644FF4F5
:1020E00000533B664FF000533B674FF48053C7F8F3
:1020F00084300023C7F8A4303B461846E2F75AF86C
:102100000346002B01D000F08FF800BFC037BD465A
:1021100080BD00BF0890080080B584B000AF3B468A
:1021200000221A605A609A60DA60E8F7A1F9012388
:102130003B7000237B704FF010537B6012233B7287
:1021400000237B720023BB720323FB7200233B73CB
:1021500000237B730123BB730023FB733B461846AC
:10216000E8F7BEF901237B704FF040537B600723F3
:102170003B7200237B7201233B7301237B7300239B
:10218000BB730123FB733B461846E8F7A9F902230A
:102190007B701B4B7B600F233B720123BB720023C0
:1021A0003B7300237B730123BB730023FB733B460C
:1021B0001846E8F795F903237B704FF062537B6074
:1021C0000B233B720023BB720023BB733B461846B4
:1021D000E8F786F904237B704FF060537B600F2390
:1021E0003B7201237B730123BB733B461846E8F720
:1021F00077F90420E8F754F900BF1037BD4680BDD9
:102200000040003080B582B000AF78607B681B680A
:10221000044A934201D1E8F7DFF900BF0837BD4611
:1022200080BD00BF0014004080B400AF72B600BF94
:1022300000BFFDE780B58EB000AF07F12403002298
:102240001A605A609A60DA601A61AE4BD3F8E030D7
:10225000AC4A43F01003C2F8E030AA4BD3F8E030A8
:1022600003F010033B623B6AA64BD3F8E030A54A6B
:1022700043F00403C2F8E030A24BD3F8E03003F09F
:102280000403FB61FB699F4BD3F8E0309D4A43F0A8
:102290002003C2F8E0309B4BD3F8E03003F020037A
:1022A000BB61BB69974BD3F8E030964A43F080039B
:1022B000C2F8E030934BD3F8E03003F080037B6149
:1022C0007B69904BD3F8E0308E4A43F00103C2F8AB
:1022D000E0308C4BD3F8E03003F001033B613B6905
:1022E000884BD3F8E030874A43F00203C2F8E0306D
:1022F000844BD3F8E03003F00203FB60FB68814BB2
:10230000D3F8E0307F4A43F00803C2F8E0307D4B59
:10231000D3F8E03003F00803BB60BB68794BD3F817
:10232000E030784A43F04003C2F8E030754BD3F810
:10233000E03003F040037B607B6800220421724898
:10234000E4F708FF012220217048E4F703FF002290
:1023500008216F48E4F7FEFE002210216D48E4F7E3
:10236000F9FE002202216C48E4F7F4FE00224FF44B
:10237000C0516648E4F7EEFE00224FF480616748E2
:10238000E4F7E8FE002218216548E4F7E3FE0423A1
:102390007B620123BB620123FB6200233B6307F1E5
:1023A000240319465848E4F703FC4FF4C1537B62F9
:1023B0000123BB620023FB6200233B6307F124037C
:1023C00019465248E4F7F4FB08237B620123BB6201
:1023D0000023FB6202233B6307F1240319464C48A8
:1023E000E4F7E6FB10237B620123BB620023FB6260
:1023F00001233B6307F1240319464648E4F7D8FB61
:1024000002237B620123BB620023FB6200233B6348
:1024100007F1240319464048E4F7CAFB80237B6296
:102420004FF44413BB620023FB6207F124031946F7
:102430003548E4F7BDFB4FF420637B624FF488130B
:10244000BB620023FB6207F1240319462E48E4F720
:10245000AFFB4FF480637B620123BB620023FB620E
:1024600000233B6307F1240319462C48E4F7A0FB43
:1024700018237B620123BB620023FB6201233B63C1
:1024800007F1240319462648E4F792FB4FF4004372
:102490007B624FF48813BB620223FB6207F12403C3
:1024A00019461F48E4F784FB10237B624FF488131E
:1024B000BB620023FB6207F1240319461648E4F7C8
:1024C00077FB00214FF00060E8F7C6F800220521F5
:1024D0000A20E7F797FF0A20E7F7AEFF0022052161
:1024E0001720E7F78FFF1720E7F7A6FF0022052147
:1024F0002820E7F787FF2820E7F79EFF00BF38373F
:10250000BD4680BD00440258001002580014025815
:10251000000802580000025800040258000C02583B
:102520000018025880B483B000AF786000BF0C3749
:10253000BD465DF8047B704780B483B000AF78601F
:1025400000BF0C37BD465DF8047B704780B500AF17
:102550000EF090F90EF04EFC154A00211548F1F7E7
:102560008EFC0346144A1360144A00211448F1F704
:1025700086FC0346134A13601348F1F730FD034607
:10258000124A13601248F1F72AFD0346114A1360FC
:102590001148F1F724FD0346104A13601048F1F783
:1025A0001EFD03460F4A13600AF0C2FC00BF80BD47
:1025B00098E00408E92502085883042494E10408FB
:1025C000052A020874830424340000248883042428
:1025D000440000248C8304245400002490830424A9
:1025E000640000249483042480B582B000AF786036
:1025F000FEF75CFD02F06CFDE8F702F80346244AA2
:102600001360234B1B68194622481FF041FD0CF054
:102610000DFFE7F7F5FF02461D4B1B68D31A19465D
:102620001D481FF035FD02F029FEE7F7E9FF0246DD
:10263000174B1B68D31A194618481FF029FD02F0E2
:1026400059FE0CF073FC01F0E1FD012001F07AFE6F
:102650000CF09EFE4FF47A70EFF79EFD022001F021
:1026600071FE0AF033FC4FF47A70EFF795FD02200B
:1026700001F068FE0A4A00210A48F1F700FC03460F
:10268000094A13604FF4FA70EFF786FDFAE700BFCE
:1026900098830424A48A0408D08A0408F48A0408CD
:1026A000BCE00408CD2802085C83042480B584B013
:1026B00000AFEFF71DFFF8605F481FF059FDF968A4
:1026C0005E481FF0E5FC5E481FF052FD5D4B1B6845
:1026D0001846F0F797FA034619465B481FF0D8FCF6
:1026E0005A4B1B681846F0F78DFA034619465848AE
:1026F0001FF0CEFC574B1B681846F0F783FA0346D1
:10270000194655481FF0C4FC544B1B681846F0F797
:1027100079FA0346194652481FF0BAFC514B1B6820
:102720001846F0F76FFA034619464F481FF0B0FC01
:102730004E4B1B681846F0F765FA034619464C489D
:102740001FF0A6FC4B4B1B681846F0F75BFA0346DC
:10275000194649481FF09CFC484B1B681846F0F787
:1027600051FA0346194646481FF092FC454B1B6838
:102770001846F0F747FA0346194643481FF088FC0D
:10278000424B1B681846F0F73DFA0346194640488D
:102790001FF07EFC3F4B1B681846F0F733FA0346E8
:1027A00019463D481FF074FC3C4B1B681846F0F777
:1027B00029FA034619463A481FF06AFC394B1B6850
:1027C0001846F0F71FFA0346194637481FF060FC19
:1027D000364B1B681846F0F715FA0346194634487D
:1027E0001FF056FC334B1B681846F0F70BFA0346F4
:1027F000194631481FF04CFC304B1B681846F0F767
:1028000001FA034619462E481FF042FC0C481FF0FF
:10281000AFFCF2F7A9F8B860F2F7B2F878607A681E
:10282000B96828481FF034FC27481FF0A1FC00BFFE
:102830001037BD4680BD00BF208B0408608B0408A4
:10284000848B040874830424C48B040858830424F0
:10285000008C0408B0AF04243C8C0408B4AF0424FA
:10286000788C0408F88C0424B48C040894B00424F4
:10287000F08C040898B004242C8D040870AF042454
:10288000688D040870B00424A48D04085C830424BB
:10289000E08D0408608304241C8E040864830424EF
:1028A000588E040868830424948E04086C830424DE
:1028B000D08E0408708304240C8F040878830424C9
:1028C000488F0408848F0408BC8F040880B582B048
:1028D00000AF78602E4A00212E48F1F7D0FA034667
:1028E0002D4A13602D4A00212D48F1F7C8FA0346FE
:1028F0002C4A13602C4A00212C48F1F7C0FA0346F9
:102900002B4A13602B4A00212B48F1F7B8FA0346F3
:102910002A4A13602A4A00212A48F1F7B0FA0346EE
:10292000294A1360294A00212948F1F7A8FA0346E9
:10293000284A1360284A00212848F1F7A0FA0346E4
:10294000274A1360274A00212748F1F798FA0346DF
:10295000264A1360264A00212648F1F790FA0346DA
:10296000254A1360E7F74CFE0246244B1B68D31A36
:10297000194623481FF08CFB41F28830EFF70CFC1E
:10298000FFF794FE4CF25030EFF706FC00BFF7E77C
:10299000DCE104083DC602087C83042400E204084C
:1029A0008DBE02088083042424E20408D5A802080E
:1029B00084830424E0E00408F558020860830424BA
:1029C00004E10408516F02086483042428E1040828
:1029D0000D9D0208688304244CE10408A5A10208A7
:1029E0006C83042470E10408B1A3020870830424FA
:1029F000B8E1040859C102087883042498830424A8
:102A00000090040880B582B000AF78600348EAF710
:102A10006EFBC820EFF7C0FB00BFF7E788860424F1
:102A200080B588B000AF3B1D00221A605A609A60E2
:102A3000DA601A615A619A61404B414A1A603F4B11
:102A40004FF480225A603D4B00229A603B4B01229A
:102A5000DA603A4B04221A61384B00221A75374B60
:102A600001225A75354B04229A61344B00221A77A1
:102A7000324B00225A62314B00229A622F4B0322C2
:102A8000DA622E4B00221A632C4B00225A632B4B26
:102A9000002283F83820294B0122DA632748E8F71F
:102AA0003FF90346002B01D0FFF7BEFB254B7B60AF
:102AB0000623BB600423FB6040F2FF733B610423E9
:102AC0007B610023BB6100237B773B1D19461B48BC
:102AD000E8F7A0FB0346002B01D0FFF7A5FB1A4B3C
:102AE0007B600C23BB603B1D19461448E8F792FB42
:102AF0000346002B01D0FFF797FB144B7B6012239A
:102B0000BB603B1D19460D48E8F784FB0346002BCC
:102B100001D0FFF789FB0E4B7B601823BB603B1D88
:102B200019460648E8F776FB0346002B01D0FFF76D
:102B30007BFB00BF2037BD4680BD00BF9C830424C3
:102B400000600258000180210800900C8000501D98
:102B50000400600880B58AB000AF786007F1140304
:102B600000221A605A609A60DA601A617B681B68FA
:102B70002F4A934257D12F4BD3F8E0302D4A43F0E0
:102B80008073C2F8E0302B4BD3F8E03003F0807351
:102B90003B613B69274BD3F8E030264A43F02003E2
:102BA000C2F8E030234BD3F8E03003F02003FB60A1
:102BB000FB684FF470737B610323BB610023FB61EF
:102BC00007F1140319461C48E3F7F2FF1B4B1C4A9C
:102BD0001A601A4B11225A60184B00229A60174B48
:102BE0000022DA60154B4FF480621A61134B4FF4E8
:102BF00000625A61114B4FF400529A610F4B4FF42F
:102C00008072DA610D4B00221A620C48E4F7D6FAA2
:102C10000346002B01D0FFF707FB7B68074ADA6405
:102C2000064A7B68936300BF2837BD4680BD00BF5E
:102C30000060025800440258001402580084042422
:102C40000854025880B582B000AF0D4BD3F8E03085
:102C50000B4A43F40013C2F8E030094BD3F8E030DC
:102C600003F400137B607B68002205218120E7F7D5
:102C7000C9FB8120E7F7E0FB00BF0837BD4680BDF8
:102C80000044025880B582B000AF254BD3F8D8304D
:102C9000234A43F00103C2F8D830214BD3F8D8308F
:102CA00003F001037B607B68002205210B20E7F71E
:102CB000A9FB0B20E7F7C0FB002205210C20E7F75A
:102CC000A1FB0C20E7F7B8FB002205210D20E7F758
:102CD00099FB0D20E7F7B0FB002205210E20E7F756
:102CE00091FB0E20E7F7A8FB002205210F20E7F754
:102CF00089FB0F20E7F7A0FB002205211020E7F752
:102D000081FB1020E7F798FB002205211120E7F74F
:102D100079FB1120E7F790FB00BF0837BD4680BD67
:102D20000044025880B500AF2E4B2F4A1A602D4B3D
:102D300000229A602B4B0022DA602A4B00221A7480
:102D4000284B00225A74274B00229A74254B0522E7
:102D50005A61244B01229A61224B1F22DA61214BD6
:102D600008221A621F4B05225A621E4B01229A62E8
:102D70001C4B1F22DA621B4B08221A63194B0022DC
:102D80005A63184B01229A63164B0022DA63154BE3
:102D900020221A64134B04225A64124B00229A64B4
:102DA000104B0422DA640F4B00221A650D4B0422EB
:102DB0005A650C4B00229A650A4B0022DA65094BD2
:102DC00010221A66074B00225A66064B04229A66A6
:102DD0000448E8F739FF0346002B01D0FFF724FA37
:102DE00000BF80BD7884042400A0004080B500AFFF
:102DF0002F4B304A1A602E4B00229A602C4B002237
:102E0000DA602B4B00221A74294B00225A74284B8B
:102E100000229A74264B05225A61254B01229A61A1
:102E2000234B1F22DA61224B08221A62204B052213
:102E30005A621F4B01229A621D4B1F22DA621C4B01
:102E400008221A631A4B40F206425A63184B0122B9
:102E50009A63174B0022DA63154B00221A64144B55
:102E600004225A64124B20229A64114B0422DA6421
:102E70000F4B00221A650E4B04225A650C4B0022A0
:102E80009A650B4B0022DA65094B20221A66084B23
:102E900000225A66064B04229A660548E8F7D4FEDB
:102EA0000346002B01D0FFF7BFF900BF80BD00BF74
:102EB0001885042400A4004080B58CB000AF786071
:102EC00007F11C0300221A605A609A60DA601A61E6
:102ED0007B681B68464A934240D1464B1B680133CE
:102EE000444A1360434B1B68012B0ED1424BD3F86D
:102EF000EC30414A43F48073C2F8EC303E4BD3F8D7
:102F0000EC3003F48073BB61BB693B4BD3F8E0301A
:102F1000394A43F00103C2F8E030374BD3F8E030D0
:102F200003F001037B617B694FF4C053FB61022313
:102F30003B6200237B620023BB620923FB6207F133
:102F40001C0319462D48E3F733FE00220521132008
:102F5000E7F758FA1320E7F76FFA44E07B681B683D
:102F6000274A93423FD1234B1B680133214A136008
:102F7000204B1B68012B0ED11F4BD3F8EC301E4A9F
:102F800043F48073C2F8EC301B4BD3F8EC3003F4FD
:102F900080733B613B69184BD3F8E030164A43F02D
:102FA0000203C2F8E030144BD3F8E03003F0020320
:102FB000FB60FB684FF44053FB6102233B6200233C
:102FC0007B620023BB620923FB6207F11C031946E5
:102FD0000C48E3F7EDFD002205211420E7F712FA73
:102FE0001420E7F729FA00BF3037BD4680BD00BF87
:102FF00000A00040B8850424004402580000025894
:1030000000A400400004025880B500AF1B4B1C4ACE
:103010001A601A4B1B4A5A60184B00229A60174BD1
:103020000122DA60154B00221A61144B00225A610A
:10303000124B00229A61114B0022DA610F4B0022E1
:103040001A620E48E7F71EFB0346002B01D0FFF77C
:10305000EBF800210948E7F7B1FB0346002B01D04C
:10306000FFF7E2F80A210548E7F7F3FB0346002BD8
:1030700001D0FFF7D9F800BF80BD00BFBC85042494
:1030800000540040FFE0D01080B58AB000AF7860F7
:1030900007F1140300221A605A609A60DA601A611C
:1030A0007B681B68304A93425AD1304BD3F8E030EA
:1030B0002E4A43F00203C2F8E0302C4BD3F8E03044
:1030C00003F002033B613B69C0237B611223BB61B8
:1030D0000123FB6102233B6204237B6207F114039B
:1030E00019462348E3F764FD204BD3F8E8301F4A24
:1030F00043F40013C2F8E8301C4BD3F8E83003F473
:103100000013FB60FB681B4B1B4A1A60194B222201
:103110005A60184B40229A60164B0022DA60154B19
:103120004FF480621A61134B00225A61114B002246
:103130009A61104B0022DA610E4B00221A620D4B8D
:1031400000225A620B48E4F739F80346002B01D0FD
:10315000FFF76AF87B68074A9A63064A7B689363BD
:1031600000BF2837BD4680BD0054004000440258CF
:1031700000040258108604245800024080B500AFB5
:103180000B4B0C4A1A600A4B00225A60084B40F65F
:10319000FF72DA60064B40F6FF729A600448E9F766
:1031A00055FF0346002B01D0FFF73EF800BF80BD5E
:1031B000888604240048005880B586B000AF3B1DC7
:1031C00000221A605A609A60DA601A6100233B603C
:1031D000254B264A1A60244B00225A60224B7F223C
:1031E0009A60214BFF22DA601F4B00221A611E4BAE
:1031F00000229A611C4B0022DA611B4B00225A61AB
:103200001948E9F785FF0346002B01D0FFF70CF8BA
:1032100000233B7100237B710023BB7100233B61C2
:1032200000237B613B1D012219460F48E9F7F2FF9D
:103230000346002B01D0FEF7F7FF01233B7001236B
:103240007B700123BB702523FB703B46012219468E
:103250000548EAF7D9F80346002B01D0FEF7E4FF52
:1032600000BF1837BD4680BD988604240040005832
:1032700080B5B2B000AF786007F10803C02200212A
:1032800018461FF012F97B681B68104A934219D147
:103290004FF480024FF00003C7E902234FF480731C
:1032A000C7F8BC3007F108031846E0F783FF034670
:1032B000002B01D0FEF7B8FF054B1B6F044A43F407
:1032C0000043136700BFC837BD4680BD00400058AB
:1032D0000044025880B500AF274B284A1A60264B9D
:1032E0004FF480025A60244B00229A60224B07223E
:1032F000DA60214B00221A611F4B00225A611E4BDB
:103300004FF080629A611C4B4FF04052DA611A4BC9
:1033100000221A62184B00225A62174B00229A624E
:10332000154B0022DA62144B4FF080425A63124B65
:1033300000229A63104B0022DA630F4B00221A64BA
:103340000D4B00225A640C4B00229A640A4B002257
:10335000DA64094B00221A65074B00225A65064BB6
:1033600000229A650448EAF72BFA0346002B01D0A5
:10337000FEF75AFF00BF80BDBC8604240030014028
:1033800080B500AF294B2A4A1A60284B4FF48002BF
:103390005A60264B4FF4C0229A60244B0722DA6011
:1033A000224B4FF000721A61204B4FF080725A612D
:1033B0001E4B4FF080629A611C4B4FF04052DA6115
:1033C0001A4B00221A62194B00225A62174B002234
:1033D0009A62164B0022DA62144B4FF080425A6315
:1033E000124B00229A63114B0022DA630F4B00222A
:1033F0001A640E4B00225A640C4B00229A640B4B49
:103400000022DA64094B00221A65084B00225A6533
:10341000064B00229A650548EAF7D2F90346002BCD
:1034200001D0FEF701FF00BF80BD00BF4487042428
:103430000038004080B58CB000AF786007F11C0305
:1034400000221A605A609A60DA601A617B681B6811
:10345000444A93424DD1444BD3F8F030424A43F4AE
:103460008053C2F8F030404BD3F8F03003F480536F
:10347000BB61BB693C4BD3F8E0303B4A43F00103EE
:10348000C2F8E030384BD3F8E03003F001037B6141
:103490007B69354BD3F8E030334A43F00203C2F87E
:1034A000E030314BD3F8E03003F002033B613B697D
:1034B0006023FB6102233B6200237B620323BB6228
:1034C0000523FB6207F11C0319462848E3F770FB4C
:1034D0002023FB6102233B6200237B620323BB6248
:1034E0000523FB6207F11C0319462148E3F760FB43
:1034F00033E07B681B681F4A93422ED11A4BD3F8E6
:10350000E830194A43F48043C2F8E830164BD3F848
:10351000E83003F48043FB60FB68134BD3F8E030E2
:10352000114A43F00203C2F8E0300F4BD3F8E03009
:1035300003F00203BB60BB684FF40443FB6102234A
:103540003B6200237B620023BB620523FB6207F121
:103550001C0319460648E3F72BFB00BF3037BD4676
:1035600080BD00BF003001400044025800000258F6
:10357000000402580038004080B588B000AF07F161
:10358000100300221A605A609A60DA603B1D002224
:103590001A605A609A601E4B4FF080421A601C4BB2
:1035A000EF225A601A4B00229A60194B4FF0FF32FB
:1035B000DA60174B00221A61154B00229A611448F9
:1035C000DDF786FB0346002B01D0FEF72DFE4FF4FE
:1035D00080533B6107F1100319460D48DDF750FD9C
:1035E0000346002B01D0FEF71FFE00237B60002363
:1035F000FB603B1D19460648DDF7A0FF0346002B84
:1036000001D0FEF711FE00BF2037BD4680BD00BFD0
:10361000CC87042480B584B000AF78607B681B68D9
:10362000B3F1804F16D10D4BD3F8E8300B4A43F07D
:103630000103C2F8E830094BD3F8E83003F0010386
:10364000FB60FB68002205211C20E6F7DBFE1C2046
:10365000E6F7F2FE00BF1037BD4680BD00440258B9
:1036600080B500AF224B234A1A60214B4FF4E13260
:103670005A601F4B00229A601D4B0022DA601C4BDF
:1036800000221A611A4B0C225A61194B00229A61CE
:10369000174B0022DA61164B00221A62144B0022EB
:1036A0005A62134B00229A621148EAF7F6FE03466B
:1036B000002B01D0FEF7B8FD00210D48ECF7C8FF44
:1036C0000346002B01D0FEF7AFFD00210848ECF7C0
:1036D000FDFF0346002B01D0FEF7A6FD0448ECF7E2
:1036E0007EFF0346002B01D0FEF79EFD00BF80BD8C
:1036F000188804240010014080B500AF224B234AF3
:103700001A60214B4FF4E1325A601F4B00229A603D
:103710001D4B0022DA601C4B00221A611A4B0C224E
:103720005A61194B00229A61174B0022DA61164B3D
:1037300000221A62144B00225A62134B00229A6232
:103740001148EAF7AAFE0346002B01D0FEF76CFDF4
:1037500000210D48ECF77CFF0346002B01D0FEF75B
:1037600063FD00210848ECF7B1FF0346002B01D0B0
:10377000FEF75AFD0448ECF732FF0346002B01D058
:10378000FEF752FD00BF80BDAC8804240044004019
:1037900080B500AF224B234A1A60214B4FF4E1322F
:1037A0005A601F4B00229A601D4B0022DA601C4BAE
:1037B00000221A611A4B0C225A61194B00229A619D
:1037C000174B0022DA61164B00221A62144B0022BA
:1037D0005A62134B00229A621148EAF75EFE0346D2
:1037E000002B01D0FEF720FD00210D48ECF730FF43
:1037F0000346002B01D0FEF717FD00210848ECF727
:1038000065FF0346002B01D0FEF70EFD0448ECF7E0
:10381000E6FE0346002B01D0FEF706FD00BF80BD8B
:10382000408904240048004080B5BEB000AF7860F5
:1038300007F1E40300221A605A609A60DA601A61A4
:1038400007F12003C022002118461EF02EFE7B68DF
:103850001B68B04A934240F0AD804FF001024FF038
:103860000003C7E908230023C7F89C3007F12003B1
:103870001846E0F79FFC0346002B01D0FEF7D4FC6E
:10388000A54BD3F8F030A44A43F01003C2F8F0304F
:10389000A14BD3F8F03003F01003FB61FB699E4BA2
:1038A000D3F8E0309C4A43F00103C2F8E0309A4B71
:1038B000D3F8E03003F00103BB61BB694FF4C06390
:1038C000C7F8E4300223C7F8E8300123C7F8EC302A
:1038D0000223C7F8F0300723C7F8F43007F1E403F8
:1038E00019468E48E3F764F98D4B8E4A1A608C4B6B
:1038F00029225A608A4B00229A60894B0022DA60A2
:10390000874B4FF480621A61854B00225A61844BC9
:1039100000229A61824B0022DA61814B4FF400321F
:103920001A627F4B00225A627D48E3F747FC034648
:10393000002B01D0FEF778FC7B68794AC3F8802021
:10394000774A7B689363784B784A1A60764B2A22D1
:103950005A60754B40229A60734B0022DA60724BBA
:103960004FF480621A61704B00225A616E4B002244
:103970009A616D4B0022DA616B4B4FF400321A6290
:10398000694B00225A626848E3F718FC0346002B93
:1039900001D0FEF749FC7B68634ADA67624A7B68BC
:1039A0009363002207212520E6F72CFD2520E6F76A
:1039B00043FD79E17B681B685D4A934240F0C48017
:1039C0004FF002024FF00003C7E908230023C7F8B5
:1039D000983007F120031846E0F7ECFB0346002B74
:1039E00001D0FEF721FC4C4BD3F8E8304A4A43F4AF
:1039F0000033C2F8E830484BD3F8E83003F4003322
:103A00007B617B69444BD3F8E030434A43F00803C1
:103A1000C2F8E030404BD3F8E03003F008033B61DC
:103A20003B696023C7F8E4300223C7F8E83001237C
:103A3000C7F8EC300223C7F8F0300723C7F8F4309A
:103A400007F1E40319463B48E3F7B2F83A4B3B4A27
:103A50001A60394B2B225A60374B00229A60364B42
:103A60000022DA60344B4FF480621A61324B00223C
:103A70005A61314B00229A612F4B0022DA612E4BA2
:103A800000221A622C4B00225A622B48E3F796FB65
:103A90000346002B01D0FEF7C7FB7B68264AC3F81C
:103AA0008020254A7B689363254B264A1A60244B65
:103AB0002C225A60224B40229A60214B0022DA606D
:103AC0001F4B4FF480621A611D4B00225A611C4B40
:103AD00000229A611A4B0022DA61194B00221A6205
:103AE000174B00225A621648E3F768FB0346002B87
:103AF00001D0FEF799FB7B68114ADA67104A7B68B0
:103B00009363002205212620E6F77CFC2620E6F7B9
:103B100093FCC9E000100140004402580000025824
:103B2000D4890424100002404C8A04242800024056
:103B300000440040000C0258C48A04247000024073
:103B40003C8B0424880002407B681B68584A9342DF
:103B500040F0AA804FF002024FF00003C7E90823AB
:103B60000023C7F8983007F120031846E0F722FB3E
:103B70000346002B01D0FEF757FB4E4BD3F8E8303D
:103B80004C4A43F48023C2F8E8304A4BD3F8E8307B
:103B900003F48023FB60FB68464BD3F8E030454AD2
:103BA00043F00803C2F8E030424BD3F8E03003F0B2
:103BB0000803BB60BB684FF44073C7F8E4300223CE
:103BC000C7F8E8300123C7F8EC300223C7F8F0301B
:103BD0000723C7F8F43007F1E40319463648E2F743
:103BE000E7FF364B364A1A60344B2D225A60334B6E
:103BF00000229A60314B0022DA60304B4FF4806231
:103C00001A612E4B00225A612C4B00229A612B4BD9
:103C10000022DA61294B00221A62284B00225A62E4
:103C20002648E3F7CBFA0346002B01D0FEF7FCFA57
:103C30007B68224AC3F88020204A7B689363214B2B
:103C4000214A1A601F4B2E225A601E4B40229A6056
:103C50001C4B0022DA601B4B4FF480621A61194B37
:103C600000225A61174B00229A61164B0022DA613A
:103C7000144B00221A62134B00225A621148E3F7D8
:103C80009DFA0346002B01D0FEF7CEFA7B680D4A61
:103C9000DA670C4A7B689363002205212720E6F748
:103CA000B1FB2720E6F7C8FB00BFF837BD4680BD53
:103CB0000048004000440258000C0258B48B042411
:103CC000400002402C8C0424A000024080B582B049
:103CD00000AF78607B681B68314A93421BD1314B3F
:103CE000D3F8F0302F4A23F01003C2F8F0304FF42D
:103CF000C0612D48E3F70CF97B68D3F88030184693
:103D0000E3F7B8FD7B68DB6F1846E3F7B3FD2520CA
:103D1000E6F7A0FB3FE07B681B68244A93421AD178
:103D2000204BD3F8E8301F4A23F40033C2F8E830C0
:103D300060211F48E3F7ECF87B68D3F88030184621
:103D4000E3F798FD7B68DB6F1846E3F793FD2620C9
:103D5000E6F780FB1FE07B681B68164A93421AD186
:103D6000104BD3F8E8300F4A23F48023C2F8E83030
:103D70004FF440710E48E3F7CBF87B68D3F88030FE
:103D80001846E3F777FD7B68DB6F1846E3F772FDB3
:103D90002720E6F75FFB00BF0837BD4680BD00BFA8
:103DA0000010014000440258000002580044004046
:103DB000000C02580048004080B400AF00BFFDE78F
:103DC00080B400AF00BFFDE780B400AF00BFFDE7E7
:103DD00080B400AF00BFFDE780B400AF00BFFDE7D7
:103DE00080B400AF00BFBD465DF8047B704780B56E
:103DF00000AF1020E3F7C7F900BF80BD80B500AF6A
:103E00000248E4F7BBFE00BF80BD00BFD489042494
:103E100080B500AF0248E4F7B1FE00BF80BD00BF2F
:103E20004C8A042480B500AF0248E4F7A7FE00BF27
:103E300080BD00BFB48B042480B500AF0248E4F716
:103E40009DFE00BF80BD00BF1086042480B500AF7A
:103E50000248E4F793FE00BF80BD00BFC48A04247B
:103E600080B500AF0248E4F789FE00BF80BD00BF07
:103E70003C8B042480B500AF0248E4F77FFE00BF0E
:103E800080BD00BF2C8C042480B500AF0248E8F749
:103E9000DBFB00BF80BD00BF7884042480B500AF89
:103EA0000248E8F7D1FB00BF80BD00BF188504249D
:103EB00080B500AF8020E3F766F94FF40070E3F7B8
:103EC00062F900BF80BD000080B500AF0248EAF78C
:103ED00063FD00BF80BD00BFAC88042480B500AF87
:103EE0004FF40060E3F74FF94FF40040E3F74BF96C
:103EF00000BF80BD80B500AF0248DCF7B9FF00BF4E
:103F000080BD00BFA48C042480B500AF0248DDF75B
:103F100095FF00BF80BD00BF5082042480B500AF74
:103F20000248E4F72BFE00BF80BD00BF00840424DC
:103F300080B500AF0248EAF72FFD00BF80BD00BF8B
:103F40004089042480B582B000AF0C4BD3F8F43024
:103F50000A4A43F00203C2F8F430084BD3F8F430B5
:103F600003F002037B607B6800220F216FF00100E9
:103F7000E6F748FA00BF0837BD4680BD0044025846
:103F800080B590B000AF78607B680F2B27D80022F7
:103F900079683720E6F736FA3720E6F74DFA294AEE
:103FA0007B681360284BD3F8E830274A43F020039E
:103FB000C2F8E830244BD3F8E83003F02003FB606C
:103FC000FB6807F1100207F1140311461846E0F7E9
:103FD000AFF8BB6ABB63BB6B002B06D101E00123CA
:103FE0002BE0E0F779F8F86304E0E0F775F80346B2
:103FF0005B00FB63FB6B154AA2FB03239B0C013B9D
:104000007B63134B134A1A60114B40F2E732DA60BC
:104010000F4A7B6B53600E4B00221A610C4B00223F
:104020009A600B48DCF754FE0346002B04D1084885
:10403000DCF7A6FE034600E0012318464037BD46E4
:1040400080BD00BF080000240044025883DE1B43EB
:10405000A48C04240014004080B487B000AF7860C2
:10406000144A154BD31A7B617B693B61134B1B6868
:10407000002B02D1114B124A1A60104B1A687B6850
:1040800013443A699A4205D20E4B0C221A604FF043
:10409000FF3309E0094B1B68FB60084B1A687B681B
:1040A0001344064A1360FB6818461C37BD465DF88A
:1040B000047B70470000082400100000F08C0424EA
:1040C00060C9042458C9042480B400AF01231846F1
:1040D000BD465DF8047B704780B483B000AF786064
:1040E0003960054B16221A604FF0FF3318460C3723
:1040F000BD465DF8047B704758C9042480B582B082
:1041000000AF78604FF0FF317868FFF7E5FF00BF40
:10411000FDE780B586B000AFF860B9607A60002333
:104120007B610AE0AFF300800146BB685A1CBA60AD
:10413000CAB21A707B6901337B617A697B689A42E3
:10414000F0DB7B6818461837BD4680BD80B483B06D
:1041500000AF78604FF0FF3318460C37BD465DF86E
:10416000047B704780B483B000AF786039603B68EF
:104170004FF400525A60002318460C37BD465DF8D4
:10418000047B704780B483B000AF78600123184689
:104190000C37BD465DF8047B704780B485B000AF36
:1041A000F860B9607A60002318461437BD465DF8A0
:1041B000047B7047DFF838D0DCF772FDDCF7D0FC09
:1041C0000C480D490D4A002302E0D458C450043372
:1041D000C4188C42F9D30A4A0A4C002301E0136048
:1041E0000432A242FBD31FF0D9F8FDF7BDFD7047A2
:1041F00000000824000000249C050024304C050821
:10420000A005002460C90424FEE7000080B500AFCB
:10421000044A00210448EFF732FE0346034A1360C4
:1042200000BF80BD48E2040831420208F88C042433
:1042300080B584B000AF78600023FB73144B1B681B
:1042400007F10F014FF0FF321846EDF775F9FB7BD0
:10425000013B032B1AD801A252F823F06D42020849
:1042600077420208814202088742020800F012F8F1
:104270000023FB730BE000F039F80023FB7306E02A
:1042800000F01CF803E000F045F800E000BFD5E7BF
:1042900074AF042480B500AF012208210648E2F77C
:1042A00059FF4FF4FA70EDF777FF0022082102481A
:1042B000E2F750FF00BF80BD0008025880B500AF94
:1042C000012208210848E2F745FF4FF47A70EDF724
:1042D00063FF002208210448E2F73CFF4FF47A70A4
:1042E000EDF75AFF00BF80BD0008025880B500AF4F
:1042F000012208210648E2F72DFF1420EDF74CFFBC
:10430000002208210248E2F725FF00BF80BD00BF60
:104310000008025880B500AF012208210848E2F7E2
:1043200019FF4FF4FA70EDF737FF00220821044817
:10433000E2F710FF4FF4FA70EDF72EFF00BF80BDDB
:104340000008025880B582B000AF0346FB71054BF0
:104350001868F91D02230022ECF7BEFE00BF0837E3
:10436000BD4680BD74AF042480B500AF002208496B
:104370000848E8F7EDFF002207490648E9F7CCF8BE
:10438000064B9B6A9AB2064B1A8000BF80BD00BFE5
:10439000FC8C042498860424108D042400400058CA
:1043A000148D04242DE9B04F90B000AFC7E902018D
:1043B000D7E902014FF47A724FF00003DCF74CF9B1
:1043C00002460B461346FB63D7E902014FF47A72AB
:1043D0004FF00003DCF740F913467B870023FB62B4
:1043E00007F1180300221A605A609A60DA601A61B5
:1043F000FB6B00223B607A60D7E90023C7E9042306
:1044000007F1100318461EF08BF878637B6B002BC6
:1044100066D07B6B5B69DBB2643BDBB287F82F3025
:104420007B6B1B69DBB20133DBB287F82D307B6B12
:10443000DB68DBB287F82E307B6B9B68DBB208331E
:10444000DBB23B767B6B5B68DBB27B767B6B1B689E
:10445000DBB2BB7607F12C03002219462348E8F7AC
:10446000D3FF07F11803002219462048E8F7D2FECF
:104470007B8F002298469146404649464FF0000205
:104480004FF000034FEA092343EA18634FEA08227A
:10449000841A61EB0305164B14EB030A45F1000B7C
:1044A0004FF47A724FF0000350465946DCF7D4F8C7
:1044B00002460B4613467B860C48E9F74BF90B4B3B
:1044C0001B68CA225A62094B1B6853225A62074B67
:1044D0001B687A8E9A62054B1B68FF225A6200E0C5
:1044E00000BF4037BD46BDE8B08F00BF98860424AA
:1044F00018E4030080B582B000AF00F011F8C7E9FE
:104500000001D7E900014FF47A724FF00003DCF7A5
:10451000A3F802460B46104619460837BD4680BD33
:104520002DE9B04F96B000AFFFF71EFF5B4BDB7875
:104530006433FB63594B5B78013BBB63574B9B7800
:104540007B63574B1B78083B3B63554B5B78FB62A7
:10455000534B9B78BB6207F1280318461EF0BEF947
:10456000C7E91401D7E91423B3F1FF3F08BFB2F143
:10457000FF3F06D14FF000034FF00004C7E90834B5
:1045800083E0484B1B889BB200229A4693465046D4
:1045900059464FF000024FF000034FEA4B1343EA35
:1045A000DA634FEA4A12841A61EB03054FF0000206
:1045B0004FF00003AB0043EA9473A20014461D467B
:1045C000B4EB0A03BB6065EB0B03FB604FF000022A
:1045D0004FF00003D7E902452946CB00214643EAC4
:1045E00051732146CA0030495118B96143F10003A3
:1045F000FB614FF0FF024FF00003D7E90601DCF743
:104600002BF802460B461346A7F84E30D7E91401A3
:1046100002460B464FF000044FF000055D0145EAED
:10462000D265540122462B46B2EB000863EB010928
:104630004FF000024FF000034FEA890343EA9873FA
:104640004FEA88029046994618EB00033B6049EB1D
:1046500001037B604FF000024FF00003D7E90045F3
:104660002946CB00214643EA51732146CA00B7F8D8
:104670004E10002039617861D7E904452146511870
:104680003962294643EB01017962D7E908231046D4
:1046900019465837BD46BDE8B08F00BF108D0424C1
:1046A000FC8C0424148D042418E40300B0B58CB0F1
:1046B00000AF78600023BB6207F1140300221A6088
:1046C0005A609A60DA601A617B6800221C461546BF
:1046D000C7E9024507F1080318461DF021FFF862FB
:1046E000FB6A5B69DBB2643BDBB287F82B30FB6AA9
:1046F0001B69DBB20133DBB287F82930FB6ADB6868
:10470000DBB287F82A30FB6A9B68DBB20833DBB286
:104710003B75FB6A5B68DBB27B75FB6A1B68DBB2CF
:10472000BB7507F12803002219460748E8F76CFE1D
:1047300007F11403002219460348E8F76BFD00BF98
:104740003037BD46B0BD00BF9886042480B58AB01E
:1047500000AFFFF709FE104BDB786433BB610E4BF3
:104760005B78013B7B610C4B9B783B610B4B1B786F
:10477000083BFB60094B5B78BB60084B9B787B6018
:104780003B1D18461EF0AAF802460B461046194675
:104790002837BD4680BD00BF108D0424FC8C042446
:1047A00080B483B000AF786039607A683B6862FAA1
:1047B00003F318460C37BD465DF8047B70470000D4
:1047C000B0B5CEB000AF07F59C73A3F59A7318602F
:1047D00007F59C73A3F59C7319600023C7F8143187
:1047E0000023C7F810313FE007F59C73A3F59C73D5
:1047F0001A68D7F8103113441B781A06D7F810310D
:10480000013307F59C71A1F59C7109680B441B7875
:104810001B041A43D7F81031023307F59C71A1F538
:104820009C7109680B441B781B021343D7F81021B5
:10483000033207F59C71A1F59C7109680A4412784E
:1048400043EA020107F59C73A3F59873D7F8142186
:1048500043F82210D7F814310133C7F81431D7F8D0
:1048600010310433C7F81031D7F814310F2BBBD9EE
:1048700077E0D7F814319A1E07F59C73A3F5987367
:1048800053F8223011211846FFF78AFF0446D7F863
:1048900014319A1E07F59C73A3F5987353F82230D0
:1048A00013211846FFF77CFF034684EA0302D7F87A
:1048B0001431991E07F59C73A3F5987353F82130B2
:1048C0009B0A5A40D7F81431D91F07F59C73A3F5FA
:1048D000987353F82130D418D7F81431A3F10F028C
:1048E00007F59C73A3F5987353F8223007211846F7
:1048F000FFF756FF0546D7F81431A3F10F0207F56D
:104900009C73A3F5987353F8223012211846FFF7D1
:1049100047FF034685EA0302D7F81431A3F10F01DC
:1049200007F59C73A3F5987353F82130DB085340C7
:10493000E218D7F81431A3F1100107F59C73A3F521
:10494000987353F82130D11807F59C73A3F5987329
:10495000D7F8142143F82210D7F814310133C7F8DF
:104960001431D7F814313F2B83D907F59C73A3F585
:104970009A731B689B68C7F8343107F59C73A3F5DD
:104980009A731B68DB68C7F8303107F59C73A3F591
:104990009A731B681B69C7F82C3107F59C73A3F544
:1049A0009A731B685B69C7F8283107F59C73A3F5F8
:1049B0009A731B689B69C7F8243107F59C73A3F5AC
:1049C0009A731B68DB69C7F8203107F59C73A3F560
:1049D0009A731B681B6AC7F81C3107F59C73A3F513
:1049E0009A731B685B6AC7F818310023C7F8143143
:1049F00085E00621D7F82401FFF7D2FE04460B21FB
:104A0000D7F82401FFF7CCFE03465C401921D7F804
:104A10002401FFF7C5FE034684EA0302D7F81831E4
:104A20001A44D7F82011D7F81C315940D7F824314F
:104A30001940D7F81C314B401A447249D7F8143149
:104A400051F823301A4407F59C73A3F59873D7F8EF
:104A5000141153F821301344C7F80C310221D7F850
:104A60003401FFF79DFE04460D21D7F83401FFF70E
:104A700097FE03465C401621D7F83401FFF790FEFD
:104A8000034684EA0302D7F83411D7F830311940CD
:104A9000D7F83401D7F830311843D7F82C31034018
:104AA0000B431344C7F80831D7F81C31C7F8183145
:104AB000D7F82031C7F81C31D7F82431C7F8203196
:104AC000D7F82821D7F80C311344C7F82431D7F888
:104AD0002C31C7F82831D7F83031C7F82C31D7F846
:104AE0003431C7F83031D7F80C21D7F808311344E6
:104AF000C7F83431D7F814310133C7F81431D7F877
:104B000014313F2B7FF675AF07F59C73A3F59A73AD
:104B10001B689A68D7F834311A4407F59C73A3F5DB
:104B20009A731B689A6007F59C73A3F59A731B68C8
:104B3000DA68D7F830311A4407F59C73A3F59A73F5
:104B40001B68DA6007F59C73A3F59A731B681A69F2
:104B5000D7F82C311A4407F59C73A3F59A731B6898
:104B60001A6107F59C73A3F59A731B685A69D7F805
:104B700028311A4407F59C73A3F59A731B685A6190
:104B800007F59C73A3F59A731B689A69D7F82431CB
:104B90001A4407F59C73A3F59A731B689A6107F58D
:104BA0009C73A3F59A731B68DA69D7F820311A440D
:104BB00007F59C73A3F59A731B68DA6107F59C737C
:104BC000A3F59A731B681A6AD7F81C311A4407F5C3
:104BD0009C73A3F59A731B681A6207F59C73A3F57F
:104BE0009A731B685A6AD7F818311A4407F59C73F0
:104BF000A3F59A731B685A6200BF07F59C77BD4600
:104C0000B0BD00BF6CE2040880B483B000AF786030
:104C100079684FF000024FF00003C1E900237B6880
:104C20000E4A9A607B680E4ADA607B680D4A1A6108
:104C30007B680D4A5A617B680C4A9A617B680C4A12
:104C4000DA617B680B4A1A627B680B4A5A6200BFC2
:104C50000C37BD465DF8047B704700BF67E6096A04
:104C600085AE67BB72F36E3C3AF54FA57F520E518D
:104C70008C68059BABD9831F19CDE05B80B584B0F0
:104C800000AF786039607B68D3E90023134603F0F6
:104C90003F03FB60FB685A1CFA607A681344802269
:104CA00083F82820FB68382B13D97B6803F128028E
:104CB000FB68D018FB68C3F140031A4600211DF0C1
:104CC000F4FB0023FB607B68283319467868FFF704
:104CD00077FD7B6803F12802FB68D018FB68C3F1FD
:104CE00038031A4600211DF0E0FB7B68D3E9000180
:104CF0004FF000024FF00003CB0043EA5073C200B4
:104D00007968C1E900237B68D3E900014FF0000214
:104D10004FF000030A0E0023D2B27B6883F86020B4
:104D20007B68D3E900014FF000024FF000030A0C4A
:104D30000023D2B27B6883F861207B68D3E900014D
:104D40004FF000024FF000030A0A0023D2B27B6842
:104D500083F862207B68D3E900014FF000024FF036
:104D600000030A000023D2B27B6883F863207B68CB
:104D7000D3E900014FF000024FF00003020E42EAB7
:104D800001220B0ED2B27B6883F864207B68D3E9E2
:104D900000014FF000024FF00003020C42EA014212
:104DA0000B0CD2B27B6883F865207B68D3E90001E5
:104DB0004FF000024FF00003020A42EA01620B0AC0
:104DC000D2B27B6883F866207B68D3E90023D2B235
:104DD0007B6883F867207B68283319467868FFF77B
:104DE000EFFC0023BB6035E07B68BA68023253F801
:104DF00022301A0EBB689B0019463B680B44D2B2A6
:104E00001A707B68BA68023253F82230190CBB68FA
:104E10009B0001333A681344CAB21A707B68BA68BF
:104E2000023253F82230190ABB689B0002333A68F9
:104E30001344CAB21A707B68BA68023253F822105F
:104E4000BB689B0003333A681344CAB21A70BB684C
:104E50000133BB60BB68072BC6D97868FFF7D4FE67
:104E600000BF1037BD4680BD2DE9B04386B000AF0E
:104E7000F860B9607A60BB687B61FB68D3E90023A6
:104E8000134603F03F033B61FB68D3E900237968D5
:104E900000200C46054612EB040843EB0509FB68AD
:104EA000C3E900893B69002B37D07A683B6913441A
:104EB0003F2B0AD8FB6803F128023B6913447A6848
:104EC000796918461EF09BFA31E0FB6803F128026D
:104ED0003B69D0183B69C3F140031A4679691EF05B
:104EE0008EFA3A697B681344403B7B603B69C3F1AF
:104EF00040037A6913447B61FB6828331946F868DC
:104F0000FFF75EFC09E07969F868FFF759FC7B68F8
:104F1000403B7B607B6940337B617B683F2BF2D8F1
:104F2000FB6828337A68796918461EF068FA1837E2
:104F3000BD46BDE8B08380B586B000AFF860B9600B
:104F40007A60FB6880333B617B68402B10D8FB683C
:104F50007A68B96818461EF052FAFA687B68D01869
:104F60007B68C3F140031A4600211DF09EFA13E04E
:104F70003869FFF749FE7A68B9683869FFF774FF46
:104F8000FB6819463869FFF779FEFB682033202259
:104F9000002118461DF089FA00237B610EE0FA68B3
:104FA0007B6913441B7883F05C03D9B2FA687B6990
:104FB00013440A461A707B6901337B617B693F2B7E
:104FC000EDD93869FFF720FEFB68402219463869A1
:104FD000FFF74AFFFB6803F160003B6908332022BA
:104FE00019461EF00CFA00237B610EE0FA687B691B
:104FF00013441B7883F06A03D9B2FA687B691344BF
:105000000A461A707B6901337B617B693F2BEDD9BE
:105010003869FFF7F9FDFB68402219463869FFF748
:1050200023FFFB6803F140003B6908332022194647
:105030001EF0E5F900BF1837BD4680BD80B584B0CD
:1050400000AFF860B9607A60FB6880337A68B9684D
:105050001846FFF709FF00BF1037BD4680BD80B579
:1050600084B000AF786039607B688033FB6039685A
:10507000F868FFF703FEFB6803F108007B68603304
:10508000202219461EF0BBF9F9684FF040024FF09C
:105090000003C1E9002320223968F868FFF7E4FE25
:1050A0003968F868FFF7EAFDFB6803F108007B68E0
:1050B0004033202219461EF0A2F9F9684FF0400251
:1050C0004FF00003C1E9002300BF1037BD4680BD8B
:1050D0002DE9F04391B00AAF0023FB750FE0FA7D94
:1050E0002D4B13441A46FB7D1278D2B2103307F1D0
:1050F00008010B4403F8102CFB7D0133FB75FB7D8D
:105100000B2BECD97B7B1D463B7BFA7AB97A787AFC
:105110003C7A049403900291019200932B461F4A1B
:1051200018211F481DF02CF81D491E481EF05FF97C
:105130003B7A9E467B7A9846BB7A9946FB7A7B609F
:105140003A7B797BB87BFC7B3D7C7E7C97F812C0F8
:10515000C7F800C097F813C0634608933B680793ED
:105160000696059504940390029101927B68009342
:105170004B46424671460C481CF08AFF08490B48D2
:105180001CF086FF07490A481CF082FF00BF1C374D
:10519000BD46BDE8F08300BF00E8F11F2890040879
:1051A00078AD042490AD0424449004089890040839
:1051B000BC90040880B582B000AF786079680020A8
:1051C000FBF70EFFFBF786FE00BF0837BD4680BD2C
:1051D00080B586B000AFF860B9607A601A4B1B6882
:1051E000002B01D17B682AE0174B1B684FF0FF3181
:1051F0001846EEF77AFF0023FB828023BB8214E07F
:10520000FB8A7A68D21ABB8A9342A8BF13467B8274
:10521000FB8ABA68D1187A8A4FF0FF330B48E9F756
:10522000CBF9FA8A7B8A1344FB82FB8A7A689A421A
:10523000E6DC054B1B681846EEF7A2FF7B681846B4
:105240001837BD4680BD00BF88830424AC88042481
:1052500080B584B000AF3B46102219460548FAF7E6
:1052600043FC3B46194604481CF012FF00BF1037B0
:10527000BD4680BDD4810424E090040880B586B08A
:1052800002AF3B1D00221A605A60134A02211348E4
:105290000FF018FE124A032110480FF013FE3B1DB9
:1052A000002200920F4A10490C480FF007FF0346F6
:1052B000FB73FB7B002B07D0FB7B19460B481CF0D4
:1052C000E7FE4FF0FF3303E009481CF051FF0023D5
:1052D00018461037BD4680BDD9F3020860A50424E6
:1052E00005F40208F49004080091040808910408E9
:1052F0003C91040880B58CB000AF07F11403FB6249
:1053000011220021AC481DF0D0F8FB6AAA4A1A60AD
:10531000FB6A11225A60FA6AA849A9480DF008FEF2
:10532000B862BB6A112B40F05F81A34B1B7C012B41
:1053300040F05A81A04B1B781A069F4B5B781B04E8
:105340001A439D4B9B781B0213439B4AD27813430D
:105350001A06994B1B781906974B5B781B04194367
:10536000954B9B781B020B439349C9780B431B0257
:1053700003F47F031A43904B1B7819068E4B5B781E
:105380001B0419438C4B9B781B020B438A49C97839
:105390000B431B0A03F47F431A43874B1B78190600
:1053A000854B5B781B041943834B9B781B020B4393
:1053B0008149C9780B431B0E13433B617E4B1B791C
:1053C0001A067D4B5B791B041A437B4B9B791B02AE
:1053D0001343794AD27913431A06774B1B7919067E
:1053E000754B5B791B041943734B9B791B020B4371
:1053F0007149C9790B431B0203F47F031A436E4BB7
:105400001B7919066C4B5B791B0419436A4B9B791A
:105410001B020B436849C9790B431B0A03F47F4302
:105420001A43654B1B791906634B5B791B041943BF
:10543000614B9B791B020B435F49C9790B431B0EE0
:105440001343FB605C4B1B7A1A065B4B5B7A1B04B5
:105450001A43594B9B7A1B021343574AD27A134380
:105460001A06554B1B7A1906534B5B7A1B041943DA
:10547000514B9B7A1B020B434F49C97A0B431B02CA
:1054800003F47F031A434C4B1B7A19064A4B5B7A91
:105490001B041943484B9B7A1B020B434649C97AAC
:1054A0000B431B0A03F47F431A43434B1B7A190631
:1054B000414B5B7A1B0419433F4B9B7A1B020B4306
:1054C0003D49C97A0B431B0E1343BB603A4B1B7B10
:1054D0001A06394B5B7B1B041A43374B9B7B1B0221
:1054E0001343354AD27B13431A06334B1B7B1906F1
:1054F000314B5B7B1B0419432F4B9B7B1B020B43E4
:105500002D49C97B0B431B0203F47F031A432A4B2B
:105510001B7B1906284B5B7B1B041943264B9B7B8B
:105520001B020B432449C97B0B431B0A03F47F4333
:105530001A43214B1B7B19061F4B5B7B1B04194332
:105540001D4B9B7B1B020B431B49C97B0B431B0E53
:1055500013437B6007F1100319461A48F0F750FC1B
:1055600007F10C0319461748F0F792FC07F10803FE
:1055700019461448F0F7D4FC1248F8F733FC1148E8
:10558000F0F7BCFD0F48F0F74DFD0E4B93F83130AE
:1055900043F00203DAB20B4B83F831200A4A7B68EE
:1055A00013600A4B01221A7009481CF0E1FD094BF7
:1055B0001B78002B10E000BF4CA504246891040860
:1055C00060A50424D081042448A5042428A504242B
:1055D0007091040831A5042420D11348FFF7EAFD97
:1055E000124B01221A7019E01148F8F747FB114BD2
:1055F00000221A7010481CF0BBFD104B3B600B4B97
:105600001B78002B0BD13B461846FFF7D3FD074B09
:1056100001221A700A481CF0ABFD00E000BF00BF79
:105620003037BD4680BD00BF48A5042431A5042401
:10563000D081042428A50424B0910408C0A8000A3D
:10564000EC91040880B586B000AF0B4B01221A74B0
:105650003B467B617B69084A1A607B6911225A606C
:105660007A69064906480FF039F806481CF080FDB3
:1056700000BF1837BD4680BD4CA5042468910408BE
:1056800060A504240892040880B500AFFBF776FCFF
:1056900005494FF000024FF00003C1E90023FBF77A
:1056A00019FC00BF80BD00BF38A50424F0B591B03F
:1056B00006AFC7E902017A607B807B68002B02D0CD
:1056C0007B88152B06D87B68002B48D07B6800228E
:1056D0001A7044E0D7E902014FF47A724FF00003E8
:1056E000DAF7BAFF02460B46C7E90823D7E90201F9
:1056F0004FF47A724FF00003DAF7AEFF1346FB6106
:10570000D7E90823C7E9042307F1100318461CF062
:1057100007FFB861BB69002B03D17B6800221A70B8
:105720001EE07E88BB695B6903F26C7CBB691B6908
:105730000133BA69D268B9698968B8694068BC69D7
:105740002468FD69059504940390029101920093E9
:105750006346054A314678681CF012FD00E000BF40
:105760002C37BD46F0BD00BF4C92040880B500AF99
:10577000144B1B68002B22D0124B1B684FF0FF31DB
:105780001846EEF7B2FC104B1B68002B11D00E4BE5
:105790001B68002200211846F8F7F6F80A4B1B6830
:1057A0001846F8F711F9084B00221A6007481CF058
:1057B000DFFC044B1B681846EEF7E2FC00E000BF7C
:1057C00080BD00BF908304241CA5042470920408AB
:1057D00080B582B000AFFFF7C9FF3B4B1B684FF0AD
:1057E000FF311846EEF781FC384B93F8313043F027
:1057F0000203DAB2354B83F83120F8F727F97860E5
:105800007B68002B0AD132481CF0B2FC2E4B1B687F
:105810001846EEF7B5FC4FF0FF3350E04CF2503233
:105820002C497868F8F728F80346FB7097F903309D
:10583000002B10D097F90330194627481CF028FC9C
:105840007868F8F7C1F8204B1B681846EEF798FC0B
:105850004FF0FF3333E07B685B7A43F02003DAB22A
:105860007B685A72194B93F8313043F00203DAB275
:10587000164B83F83120002218497868F8F784F82D
:10588000174A7B6813607B685B8A194615481CF0D1
:10589000FFFB7B685B7A03F02003002B01D0124BE7
:1058A00000E0124B094A92F83120194610481CF0CA
:1058B000EFFB054B1B681846EEF762FC0023184609
:1058C0000837BD4680BD00BF90830424D0810424E6
:1058D0008C9204088CE00408B8920408256E020833
:1058E0001CA50424D4920408FC9204080093040824
:1058F0000493040880B5ADF5C06D00AF07F5C06333
:10590000A3F2FC53186007F5C063A3F2F45300221E
:105910001A60754A07F5C063A3F5BE6312681A6082
:1059200007F5C063A3F5BE631B68002B15D007F510
:10593000C063A3F2F45307F5C062A2F5BE62126819
:105940001A6000BFFFF784FC68481CF011FCFFF7E9
:105950003FFF0346002B1FD107E065481CF008FC01
:105960004FF47A70EEF720FBD3E740F6B830EEF74D
:105970001BFB604B1B684FF0FF311846EEF7B5FB81
:105980005D4B1B680021184600F080F9594B1B68DD
:105990001846EEF7F5FB02E058481CF0E9FB584BBF
:1059A0001B6807F1140164221846EBF7C5FD034696
:1059B000012B22D1504B1B68002B03D151481CF006
:1059C000D7FB90E04B4B1B684FF0FF311846EEF7CA
:1059D0008CFB07F5C063A3F2EC53B3F8E42507F1A1
:1059E000140303F5BC6107F11403184600F0A4FB8F
:1059F000404B1B681846EEF7C3FB3B4A07F5C063F4
:105A0000A3F5BF6312681A6007F5C063A3F5BF630F
:105A10001A6807F5C063A3F2F4531B689A4214BFD7
:105A200001230023DBB287F8FE3507F5C063A3F539
:105A3000BF631B68002B14BF01230023DBB287F870
:105A4000FD35002387F8FF3597F8FE35002B11D080
:105A50002D481CF08DFB012387F8FF3507F5C06347
:105A6000A3F2F45307F5C062A2F5BF6212681A6090
:105A7000FFF7EEFB97F8FD35002B06D1FFF776FE1A
:105A80004FF47A70EEF790FA2DE097F8FF35002B7F
:105A900085D0FFF76BFE4FF44870EEF785FAFFF7FD
:105AA00097FE0346002B16D140F6B830EEF77CFA8D
:105AB000104B1B684FF0FF311846EEF716FB0E4BEC
:105AC0001B680021184600F0E1F80A4B1B681846D5
:105AD000EEF756FB63E70D481CF04AFB4FF4FA6003
:105AE000EEF762FA00BF5AE7D48104245493040805
:105AF00030930408908304241CA504248093040894
:105B000090AF0424AC930408D893040800940408CC
:105B100080B58CB000AFC7E902017A603B603B689A
:105B2000002B58D03B68012B03D17B6800221A70F0
:105B300052E00023FB62D7E90223134308D1FB6A3A
:105B40005A1CFA621A467B68134430221A703CE0F1
:105B50000023BB621DE0D7E902014FF00A024FF0BB
:105B60000003DAF779FDD2B2BB6A591CB962303250
:105B7000D2B230333B4403F8202CD7E902014FF076
:105B80000A024FF00003DAF767FD02460B46C7E949
:105B90000223D7E902231343DDD10EE0BB6A013BA8
:105BA000BB62FB6A5A1CFA621A467B68134407F10F
:105BB0001001BA6A0A4412781A70BB6A002B04DD1D
:105BC0003B68013BFA6A9A42E8DBFB6A7A68134455
:105BD00000221A7000E000BF3037BD4680BD80B59E
:105BE0008CB000AFC7E902017A600023FB62D7E9FD
:105BF0000223134308D1FB6A5A1CFA621A467B68D7
:105C0000134430221A7037E00023BB621DE0D7E94D
:105C100002014FF00A024FF00003DAF71DFDD2B285
:105C2000BB6A591CB9623032D2B230333B4403F8FC
:105C3000202CD7E902014FF00A024FF00003DAF7F7
:105C40000BFD02460B46C7E90223D7E902231343A3
:105C5000DDD10EE0BB6A013BBB62FB6A5A1CFA62F3
:105C60001A467B68134407F11001BA6A0A44127895
:105C70001A70BB6A002BEDDCFB6A7A6813440022C1
:105C80001A7000BF3037BD4680BD0000F0B5EDB0E2
:105C90000AAF07F5C473A3F5C27318600A4607F587
:105CA000C473A3F5C3731A80444B1B684FF0FF31D4
:105CB0001846EEF71AFA07F5C473A3F5C2731B680A
:105CC000002B05D13D4B1B681846EEF759FAF7E15A
:105CD0003B4B93F8313003F00103002B08D13948D6
:105CE0001CF046FA354B1B681846EEF749FAE7E117
:105CF000334B93F8313043F00203DAB2304B83F880
:105D0000312019F0E4FFC7F87C01FEF7F3FBC7E987
:105D10005C0107F59E732022002118461CF0C5FB8C
:105D2000294BC7F86C31D7F86C311B781E46D7F871
:105D30006C3101331B781A46D7F86C3102331B786B
:105D40001946D7F86C3103331B781C46D7F86C31F1
:105D500004331B781D46D7F86C3105331B7807F5E3
:105D60009E70049303950294019100923346174A62
:105D700020211CF005FA4FF40072002114481CF099
:105D800094FB07F5927300221A605A609A60DA60F9
:105D90001A611A7507F592731A46D7E95C01FFF785
:105DA0001EFF0C4B1B78DBB2002B17D00A4BC7F839
:105DB00084310123C7F8803116E000BF90830424AA
:105DC000D08104242C940408FA8104245C940408EF
:105DD0001891042428A504247C940408BA4BC7F81D
:105DE00084310023C7F88031B84B01221A60B848CB
:105DF000F9F76AFE07F5C473A3F5C3731B88B34AAA
:105E00001268B449089107F592710791B249069159
:105E100005920493B14B039307F59E730293D7F851
:105E200084310193AE4B00930346AE4A40F2FF111A
:105E3000AD481CF0A5F907F5827320220021184611
:105E40001CF033FB07F118032022A8491846FFF77E
:105E500072F8A548DAF72CFE024607F11803A249AA
:105E60001846FFF7EBF807F5827207F118031146A1
:105E70001846FFF7F4F807F5C473A3F5BE730022C4
:105E80001A605A601A7297F804311C4697F8053167
:105E900097F8062197F8071107F10C00029101927B
:105EA00000932346924A09211CF06AF9894819F0A7
:105EB000E5FE03461A468F49D7F87C0119F082FEA9
:105EC00007F59E73184619F0D9FE03461A468A490B
:105ED000D7F87C0119F076FE7F4819F0CFFE034613
:105EE0001A468649D7F87C0119F06CFE7B4819F0F8
:105EF000C5FE03461A468249D7F87C0119F062FEB6
:105F0000774819F0BBFE03461A467E49D7F87C0154
:105F100019F058FE6E48F9F7D7FD0346184619F0F8
:105F2000ADFE03461A467849D7F87C0119F04AFEBF
:105F3000D7F8800119F06AFE03461A467349D7F86C
:105F40007C0119F03FFE07F5C473A3F5C3731B88EA
:105F500007EE903AB8EE677BB0EE470B19F06EFE95
:105F600003461A466A49D7F87C0119F02BFED7E997
:105F70005C01DAF73BFB02460B4643EC102B19F0B1
:105F80005DFE03461A466349D7F87C0119F01AFEF4
:105F90004E4B1B6807EE903AB8EE677BB0EE470BAE
:105FA00019F04CFE03461A465B49D7F87C0119F0FC
:105FB00009FE07F10C03184619F060FE03461A4665
:105FC0005649D7F87C0119F0FDFDD7F87C0118F08F
:105FD0006DFEC7F86801D7F86831002B67D0D7F895
:105FE00068114F481CF054F8D7F86801DAF760FDE3
:105FF0000346A7F86631B7F866310133A7F8643174
:10600000B7F864314FF4C17219463620F0F7DAF967
:10601000C7F86001B7F86431B3F5B86F0BD94148E0
:106020001CF0A6F8D7F8680117F03AFED7F87C0103
:1060300017F01AFF44E0D7F86031002B2BD0D7F8C7
:1060400060315B68B7F86621D7F8681118461DF013
:10605000D6F9D7F860315A68B7F8663113440A2286
:106060001A7007F5C473A3F5C2704CF250332E4A70
:10607000D7F860110068F7F749FA034687F85F31EF
:1060800097F95F31194629481CF002F8D7F86001EA
:10609000F0F77CFC02E026481CF06AF8D7F86801AB
:1060A00017F0FEFD094B1B680133084A1360D7F84F
:1060B0007C0117F0D9FE1F4B1B681846EEF760F8FD
:1060C00007F5C677BD46F0BD849404087C00002423
:1060D000D48104240C95040878AD04241C9504088C
:1060E0002C9504088C940408189104243495040811
:1060F000589504086C95040874950408789504086C
:106100007C95040884950408949504089C950408DB
:10611000A8950408B0950408B4950408B895040837
:10612000C0950408DC95040890E00408FC95040878
:1061300028960408908304242DE9F04FADF52B7DBB
:106140000AAF07F52073A3F51973186007F52073DC
:10615000A3F51A73196007F52073A3F26A231A8056
:1061600007F52073A3F519731968B9481BF090FF60
:1061700007F52073A3F51973186818F089FDC7F89F
:106180007C02D7F87C32002B00F03986B149D7F871
:106190007C0219F0C3FCC7F87802D7F87832002BDC
:1061A00005D1D7F87C0217F05FFE00F029BED7F8C2
:1061B00078321B69A8491846DAF71CFC0346002B05
:1061C00040F03283A549D7F87C0219F0A7FCC7F844
:1061D0003802A349D7F87C0219F0A0FCC7F83402B2
:1061E000A049D7F87C0219F099FCC7F830029E4903
:1061F000D7F87C0219F092FCC7F82C029B49D7F81B
:106200007C0219F08BFCC7F82802D7F83832002B33
:1062100000F0E385D7F83832DB68042B40F0DD85E9
:10622000D7F83432002B00F0DA85D7F83432DB6847
:10623000042B40F0D485D7F83032002B00F0D18504
:10624000D7F83032DB68032B40F0CB85D7F82C32FF
:10625000002B00F0C885D7F82C32DB68032B40F008
:10626000C285D7F82832002B00F0BF85D7F8283236
:10627000DB68042B40F0B985D7F838321B697C49BC
:106280001846DAF7B7FB0346002B40F0B085FEF75F
:1062900031F9C7E98801D7E98845D7F83032D3E921
:1062A000062310461946DAF7EFF902460B46A11A03
:1062B000B96065EB0303FB60D7E90223002B07DA23
:1062C00000215042386061EB03037B60D7E9002373
:1062D000C7E98623D7E986233D2A73F1000302DB51
:1062E00064481BF045FFD7F82C3293ED067BFCEE9B
:1062F000C77B17EE903AC7F814325F4B1B68D7F88C
:1063000014229A4202D15D481BF032FF5A4AD7F854
:10631000143213604FF40072002159481CF0C5F884
:1063200007F52073A3F5CC7300221A605A609A60B7
:10633000DA601A611A75D7F83032D3E906231046AD
:106340001946DAF7B9F902460B46C7E9822307F185
:10635000E8031A46D7E98201FFF741FCD7F8383243
:106360001969D7F834321B693B4A039207F1E802F6
:106370000292D7F81422019200930B46414A40F250
:10638000FF113F481BF0FCFE07F52073A3F51773C0
:10639000184620231A4600211CF087F807F5807361
:1063A000202239491846FEF7C6FD3548DAF780FB4A
:1063B000024607F5807332491846FEF73FFE07F1A3
:1063C000240207F5807311461846FEF748FE07F5CC
:1063D0002073A3F5D27300221A605A601A7207F56F
:1063E0002073A3F517731B781C4607F52073A3F5DC
:1063F00017735B781A4607F52073A3F517739B781C
:10640000194607F52073A3F51773DB7807F1DC0055
:1064100002930191009223461C4A09211BF0B0FE11
:10642000D7F828321B6907F1DC0211461846DAF763
:10643000E1FA0346002B2DD0D7F828321A6907F16C
:10644000DC03194612481BF023FE00F0D3BC00BF4A
:10645000509604086C9504086C960408809604080D
:1064600088960408B0950408B4950408B895040803
:1064700094960408A096040820A50424C496040851
:10648000188D0424F09604083495040858950408DF
:106490003497040819F01BFCC7F80402C74BC7F86F
:1064A0000032D7F800321B781E46D7F8003201338D
:1064B0001B781A46D7F8003202331B781946D7F8F2
:1064C000003203331B781C46D7F8003204331B78A4
:1064D0001D46D7F8003205331B7807F144000493BA
:1064E00003950294019100923346B54A20211BF096
:1064F00047FEB44819F0C2FB03461A46B249D7F822
:10650000040219F05FFB07F14403184619F0B6FBCB
:1065100003461A46AD49D7F8040219F053FBAC48BC
:1065200019F0ACFB03461A46AA49D7F8040219F041
:1065300049FBA94819F0A2FB03461A46A749D7F818
:10654000040219F03FFBA64819F098FB03461A46CF
:10655000A449D7F8040219F035FBA348F9F7B4FAB7
:106560000346184619F08AFB03461A469F49D7F896
:10657000040219F027FBFDF7BDFFC7E97E01D7E94B
:106580007E01DAF733F802460B4643EC102B19F084
:1065900055FB03461A469649D7F8040219F012FB38
:1065A000944B1B6807EE903AB8EE677BB0EE470B52
:1065B00019F044FB03461A468F49D7F8040219F034
:1065C00001FB4FF4007200218C481BF06EFF07F5B1
:1065D0002073A3F5DE7300221A605A609A60DA60B5
:1065E0001A611A7507F1C4031A46D7E97E01FFF74D
:1065F000F6FA7D48F9F768FA01467E4B1B68714A46
:10660000069207F1C4020592714A04920393724BF9
:10661000029307F144030193714B00930B46784AB0
:1066200040F2FF1175481BF0ABFD07F52073A3F591
:106630000773184620231A4600211BF036FF07F582
:10664000807320226F491846FEF775FC6B48DAF715
:106650002FFA024607F5807368491846FEF7EEFCEC
:1066600007F1640207F5807311461846FEF7F7FC40
:1066700007F52073A3F5E47300221A605A601A72BA
:1066800007F52073A3F507731B781C4607F52073E5
:10669000A3F507735B781A4607F52073A3F5077314
:1066A0009B78194607F52073A3F50773DB7807F18C
:1066B000B8000293019100922346534A09211BF02E
:1066C0005FFD07F1B803194650481BF0E1FC07F1E4
:1066D000B803184619F0D2FA03461A464C49D7F8BF
:1066E000040219F06FFAD7F8040218F0DFFAC7F8BD
:1066F000F401D7F8F431002B5BD0D7F8F4114548FA
:106700001BF0C6FCD7F8F401DAF7D2F90346A7F874
:10671000F231B7F8F2310133A7F8F0313E4B1B6884
:106720004FF0FF311846EDF7E0FCB7F8F0314FF4C9
:10673000C17219463620EFF745FEC7F8EC01D7F8CD
:10674000EC31002B27D0D7F8EC315B68B7F8F22199
:10675000D7F8F41118461CF052FED7F8EC315A68FD
:10676000B7F8F23113440A221A702C4B18684CF215
:1067700050332B4AD7F8EC11F6F7C8FE034687F8DA
:10678000EB3197F9EB31194626481BF081FCD7F81D
:10679000EC01F0F7FBF8204B1B681846EDF7F0FC16
:1067A000D7F8F40117F07CFA124B1B680133114A39
:1067B0001360D7F8040217F057FB1BE3FA81042497
:1067C0005C9404086C9704086C950408749504089C
:1067D00078AD0424789504081C9504087C95040879
:1067E0002C95040884950408D48104249495040805
:1067F000B09504087C000024B4950408188F042484
:10680000809704083495040858950408E497040810
:10681000B8950408C0950408908304241CA504249A
:1068200090E004080C980408D7F878321B69624994
:106830001846DAF7DFF80346002B40F0DA825F49AA
:10684000D7F87C0219F06AF9C7F874025C49D7F8E6
:106850007C0219F063F9C7F870025A49D7F87C0234
:1068600019F05CF9C7F86C025749D7F87C0219F0A7
:1068700055F9C7F868025549D7F87C0219F04EF966
:10688000C7F864025249D7F87C0219F047F9C7F8F3
:1068900060025049D7F87C0219F040F9C7F85C0251
:1068A0004D49D7F87C0219F039F9C7F858024B491D
:1068B000D7F87C0219F032F9C7F854024849D7F8E2
:1068C0007C0219F02BF9C7F85002D7F87432002B6C
:1068D00023D0D7F87032002B1FD0D7F86C32002BA2
:1068E0001BD0D7F86832002B17D0D7F86432002BB2
:1068F00013D0D7F86032002B0FD0D7F85C32002BC2
:106900000BD0D7F85832002B07D0D7F85432002BD1
:1069100003D0D7F85032002B03D132481BF028FCAB
:1069200068E207F52073A3F50F73184620231A4673
:1069300000211BF0BAFD2C4B93F82A301E462A4B3F
:1069400093F82B301A46284B93F82C301946264BD7
:1069500093F82D301C46244B93F82E301D46224BC5
:1069600093F82F3007F144000493039502940191AA
:10697000009233461D4A20211BF002FCD7F87432E6
:106980001B6907F1440211461846DAF733F803464B
:10699000002B03D016481BF0EBFB2BE2D7F870322C
:1069A0001B6914491846DAF725F80346002B25D051
:1069B00011481BF0DDFB1DE22898040834980408F8
:1069C000409804084C980408509804085898040803
:1069D0006098040868980408B0950408B495040801
:1069E000B895040874980408D08104245C940408C1
:1069F0009C98040878AD0424C4980408FDF77AFD37
:106A0000C7E99201D7E99245D7F85832D3E906236E
:106A100010461946D9F738FE02460B46B4EB020A77
:106A200065EB030B52465B46002B06DA0021D2F1E0
:106A3000000861EB030942464B46C7E99023D7E9BA
:106A400090233D2A73F1000302DBB2481BF090FB58
:106A5000D7F8543293ED067BFCEEC77B17EE903AE5
:106A6000C7F83C32AC4B1B68D7F83C229A4202D1A3
:106A7000AA481BF07DFBA84AD7F83C3213604FF4BC
:106A800000720021A6481BF010FD07F52073A3F546
:106A9000F07300221A605A609A60DA601A611A75FF
:106AA000D7F85832D3E9062310461946D9F704FE21
:106AB00007F1A0031A46FFF792F8D7F864321B6972
:106AC000BB60D7F860321B69D7F85C221269D7F82F
:106AD0006C120969D7F868020069D7F87442246912
:106AE000D7F870522D698F4E089607F1A0060796C9
:106AF00006950594D7F83C420494039002910192C4
:106B00000093BB68884A40F2FF1185481BF038FBB0
:106B100007F52073A3F50773184620231A460021B2
:106B20001BF0C3FC07F58073202280491846FEF74E
:106B300002FA7B48D9F7BCFF024607F58073784913
:106B40001846FEF77BFA07F1640207F580731146D9
:106B50001846FEF784FA07F52073A3F5F6730022B2
:106B60001A605A601A7207F52073A3F507731B7831
:106B70001C4607F52073A3F507735B781A4607F5E3
:106B80002073A3F507739B78194607F52073A3F5C7
:106B90000773DB7807F1940002930191009223467A
:106BA000634A09211BF0ECFAD7F850321B6907F150
:106BB000940211461846D9F71DFF0346002B09D051
:106BC000D7F850321A6907F19403194659481BF057
:106BD0005FFA0FE1D7F86C321B6907F1900211469A
:106BE0001846F8F747FED7F868321B6907F18C02A0
:106BF00011461846F8F73EFED7F864321B6907F1D4
:106C0000880211461846F8F735FED7F860321B693E
:106C100007F1840211461846F8F72CFE07F190039D
:106C200019464548EFF7ECF807F18C03194642483E
:106C3000EFF72EF907F1880319463F48EFF770F98F
:106C40003E4A07F52073A3F5FE731B6813603C4BA7
:106C500001221A7007F52073A3F5F8731B68394AEF
:106C6000136007F52073A3F5FA731B68354A536068
:106C700007F52073A3F5FC731B68324A936007F590
:106C80002073A3F5FE731B682E4AD360FEF7DAFC6F
:106C90002948F7F7A7F82848EFF730FA2648EFF722
:106CA000C1F9254B93F8313043F00203DAB2224B9D
:106CB00083F83120244B1B68002B16D023481BF08F
:106CC00057FA214B1B681846F0F77EFB1E4B00223B
:106CD0001A601F4B00221A701E4B00221A701E4BA6
:106CE0001B6800211846E9F78BFF1C481BF040FA8F
:106CF000FEF7AEFA4FF49670EDF756F9184B1B7885
:106D0000002B2FD10D48FEF755FA154B01221A70B2
:106D100035E000BFA096040820A50424C49604080A
:106D2000188D042428980408E4980408349504086D
:106D30005895040834970408D081042448A50424F5
:106D400028A504244CA5042418A50424709904083B
:106D500030A5042440A5042498AF0424B099040865
:106D600031A50424FAF70AF92848FEF723FA274840
:106D7000F8F7AAFE0346194625481BF089F9254B6A
:106D80001B68002B25D0FEF7F1FC4FF4FA70EDF7ED
:106D90000BF9FEF71DFD0346002B16D140F6B83067
:106DA000EDF702F91B4B1B684FF0FF311846EDF76A
:106DB0009CF9194B1B6802211846FEF767FF154B1B
:106DC0001B681846EDF7DCF914E014481BF0D0F905
:106DD00010E013481BF0CCF90CE000BF0AE000BF44
:106DE00008E000BF06E000BF04E000BF02E000BF13
:106DF00000E000BFD7F87C0217F036F800E000BFD3
:106E000007F52177BD46BDE8F08F00BF48A50424F3
:106E1000EC990408908304241CA50424149A040803
:106E2000449A040890B5ADF20C6D00AF07F5C1644B
:106E3000A4F2FC54206007F5C160A0F5C0600160B9
:106E400007F5C161A1F204610A6007F5C162A2F50C
:106E5000C162136007F5C163A3F204631B68002BD2
:106E60006CD0394B1B68002B07D107F5C163A3F227
:106E700004631868EFF78AFD61E007F5C163A3F2C8
:106E800004631B681B89A7F80636B7F8063640F27C
:106E9000DB52934228BF1346A7F80436B7F80426FE
:106EA00007F1140107F5C163A3F204600023006831
:106EB000EFF772FFB7F8043607F5C162A2F2F45299
:106EC0000021D15407F5C163A3F2F453B7F80426A7
:106ED000A3F8DC2507F5C163A3F5C1631B68C7F8F8
:106EE000003607F5C163A3F2F453D7F80026126801
:106EF000C3F8E02507F5C163A3F2F453B7F81826E9
:106F0000A3F8E425104B186807F1140100230022B0
:106F1000EAF7E2F8C7F8FC05D7F8FC35012B05D0F5
:106F2000B7F80436194609481BF0B2F807F5C163F3
:106F3000A3F204631868EFF729FD00E000BF07F231
:106F40000C67BD4690BD00BF90AF0424709A040842
:106F500090B59BB002AF78604FF4FA63FB6541F2E5
:106F60008833BB65E3F74CFB0346874A1360874BC6
:106F70001B78DBB2002B21D1854B00221A60854B98
:106F800000221A60844B00221A70E3F739FB034693
:106F90007D4A1360814B00221A70814B1B68002BC5
:106FA00007D07F4B1B681846F0F70EFA7C4B002287
:106FB0001A604FF4FA70ECF7F7FFE4E0784B1B68C7
:106FC000002B54D0744B1B78012B50D16F4B1B7886
:106FD000DBB2012B4BD1E3F713FB78656A4B1B68DF
:106FE0007A6DD31A44F61F62934240D9664A7B6D8C
:106FF00013606A4B1B78012B1BD96A481BF0B8F849
:10700000674B1B68002B07D0654B1B681846F0F7D1
:10701000DBF9634B00221A605F4B00221A705F4B52
:1070200000221A70604B1B6800211846E9F7E8FD42
:107030001DE05A4B1B780133DAB2584B1A70574B8C
:107040001B780222194659481BF022F807F10C035D
:107050003C22002118461BF028FA0023BB81524B2A
:10706000186807F10C0100236422EAF735F84C4B4D
:107070001B68002B40F08380454B1B68002B09D117
:10708000E3F7BEFA0346424A1360E3F7B9FA034650
:10709000404A1360E3F7B4FA38653D4B1B683A6D1C
:1070A000D31AFA6D9A4206D83A4B1B683A6DD31A36
:1070B000BA6D9A4203D96420ECF776FF63E0384B4F
:1070C0001B68002B07D0364B1B681846F0F77CF97D
:1070D000334B00221A60F1F795FAF864FB6C002B31
:1070E00041D0FB6C324AC3F89020324B1B781946D2
:1070F000314B1B781846314B1B781C46304B1B78A4
:107100001A464CF25A3301930092234602462D4808
:107110001AF0BEFF2C4B4CF25A322649F86CF0F7AD
:1071200039FB034687F84B3097F94B30002B16D0CC
:107130001B4B1B681846F0F747F90023FB64164BFE
:1071400000221A70124B00221A60E3F759FA034624
:10715000104A136040F2DC50ECF726FF0FE0104AB3
:10716000FB6C13600BE019481BF002F8E3F748FAD8
:107170000346084A13604FF4FA60ECF715FF4FF42A
:107180007A70ECF711FFF2E644A5042428A5042444
:10719000A8AD0424ACAD042430A5042440A50424E7
:1071A00018A50424A09A040898AF0424D89A0408C7
:1071B000D171020848A5042449A504244AA5042441
:1071C0004BA50424FC9A040841720208389B040869
:1071D00080B584B000AF78600B46FB707B68FB60C5
:1071E000FB68002B02D0F868F0F7D8F90E4B0022AC
:1071F0001A600E4B00221A70E3F702FA03460C4A9B
:1072000013600C4B00221A70E3F7FAF903460A4A9E
:10721000136097F90330194608481AF039FF00BF88
:107220001037BD4680BD00BF18A5042430A5042436
:1072300044A5042440A504242CA50424609B040830
:1072400080B584B000AFF860B9601346FB7197F960
:107250000730002B13D0B868F0F7A0F9134B0022C9
:107260001A60134B00221A70E3F7CAF90346114A59
:10727000136011481AF07CFF97F9073011E00F48AE
:107280001AF076FF0A4B01221A70E3F7B9F90346A8
:10729000084A13600A49B868F1F7BCF901F06EFFBB
:1072A000002318461037BD4680BD00BF18A5042432
:1072B00030A5042444A50424809B04089C9B040856
:1072C000C572020880B586B000AFF860B9607A6018
:1072D000FB7097F90330002B02D17B68002B13D190
:1072E000B868F0F771F81C4B00221A601B4B0022A3
:1072F0001A70E3F785F90346194A1360194B002207
:107300001A706FF00E0322E04FF40062002116485D
:107310001BF0CBF87B685B8940F2FF72934228BF79
:107320001346FB827B685B68FA8A19460E481CF09C
:1073300066F80D49B86801F0E5F97B685B89194684
:10734000B868F0F791F97868EFF720FB002318464A
:107350001837BD4680BD00BF18A5042430A50424FD
:1073600044A5042440A50424189D042480B5ADF64A
:10737000180D00AF07F61803A3F61403186007F6FC
:107380001803A3F61803196007F61803A3F61403ED
:107390001B68002B00F0AE805A4B1B78012B40F08D
:1073A000A98007F61803A3F618031B68002B00F04A
:1073B000A18007F61803A3F618031B681B78002B9F
:1073C00000F0988007F61803A3F618031868D9F799
:1073D0006FFBC7F81408D7F81438002B00F08C8026
:1073E000494B1B68002B03D148481AF0C1FE84E0CA
:1073F000454B1B684FF0FF311846ECF776FED7F887
:1074000014389BB20133A7F8123807F61803A3F615
:1074100014031B68B3F86430A7F81038B7F81028C5
:10742000B7F812389A4208D239481AF0A1FE364B02
:107430001B681846ECF7A4FE5FE0D7F81438013358
:10744000B3F5006F3DD807F61803A3F6180307F14C
:107450000C00D7F8142819681BF0D1FF07F61803A1
:10746000A3F60C02D7F8143813440A221A70D7F87E
:1074700014389BB201339AB207F10C0107F61803D6
:10748000A3F6140001230068F3F76CFF034687F8A6
:107490000F3897F90F38002B06D097F90F38194697
:1074A0001C481AF0F5FD0DE007F61803A3F61403C7
:1074B0001868F4F741FD144B1B681846ECF760FEA2
:1074C0001BE000BF07F61803A3F614031868EFF7D4
:1074D0007BFF114B00221A600A4B00221A70E3F75F
:1074E0008FF803460D4A1360074B1B681846ECF7EC
:1074F00047FE02E000BF00E000BF07F61807BD46E8
:1075000080BD00BF30A5042494830424B89B0408E4
:10751000E89B04080C9C040818A5042444A5042432
:1075200080B582B000AF78607B68002B45D04022E8
:10753000002178681AF0B9FF224BDA7D7B681A7057
:10754000204BDA7D7B681A711E4B1B7D002B05D109
:107550007B6801221A707B6800221A711A4B1B7813
:107560001A467B68DA80194B93F83030002B12D022
:10757000154B1B78002B0ED0144B93F83020124B78
:107580001B789A4207D17B6808332F220F4918468F
:107590001AF0B2FF06E07B6808332F220C49184628
:1075A0001AF0AAFF7B68002283F837207B6800224C
:1075B0009A637B680022DA6300E000BF0837BD46AB
:1075C00080BD00BFD000002074AD042498AC04241A
:1075D000349C040890B5D7B004AF07F5A473A3F5A5
:1075E000A273186007F5A473A3F5A2731B68002BA0
:1075F00000F00582664B1B68002B00F00082654B93
:107600001B78012B40F0FB8118F061FBC7F84401A7
:10761000FCF770FFC7E94E0118F059FBC7F83401B9
:107620005D4818F02BFB03461A465C49D7F8340135
:1076300018F0C8FA18F04BFBC7F8300107F5A4732F
:10764000A3F5A2731B68DB8807EE903AB8EE677B60
:10765000B0EE470B18F0F2FA03461A465049D7F835
:10766000300118F0AFFA07F5A473A3F5A2731B68F5
:107670000833184618F002FB03461A464949D7F862
:10768000300118F09FFA07F5A473A3F5A2731B68E5
:107690009B6B07EE903AB8EE677BB0EE470B18F0A5
:1076A000CDFA03461A464049D7F8300118F08AFA55
:1076B00007F5A473A3F5A2731B681B79002B14BFF5
:1076C00001230023DBB2184618F0A0FA03461A463D
:1076D0003649D7F8300118F075FAD7F83021344917
:1076E000D7F8340118F06EFA07F5A473A3F5A27366
:1076F0001B681B7807EE903AB8EE677BB0EE470B3D
:1077000018F09CFA03461A462A49D7F8340118F0B3
:1077100059FA294B1B6807EE903AB8EE677BB0EE3A
:10772000470B18F08BFA03461A462449D7F8340160
:1077300018F048FAD7E94E01D8F758FF02460B4631
:1077400043EC102B18F07AFA03461A461C49D7F876
:10775000340118F037FA1B4818F090FA03461A461D
:107760001949D7F8340118F02DFAD7F8340117F079
:107770009DFAC7F82C01D7F82C31002B26D1D7F869
:10778000340116F071FBD7F8440116F06DFB37E1B8
:1077900018A5042430A5042490AD0424389C0408C2
:1077A000449C0408549C0408649C0408789C0408C5
:1077B000849C0408949C040878000024B495040870
:1077C000B0950408A09C04086C95040807F13803E0
:1077D00020228D491846FDF7AEFBD7F82C01D9F7CA
:1077E00067F9024607F13803D7F82C111846FDF760
:1077F00025FC07F1180207F1380311461846FDF77A
:107800002EFC07F5A473A3F598731B781C4607F5A7
:10781000A473A3F598735B781A4607F5A473A3F5D0
:1078200098739B78194607F5A473A3F59873DB78D2
:1078300007F10C000293019100922346734A09213B
:107840001AF09EFC724818F019FA03461A4671495C
:10785000D7F8440118F0B6F96F4818F00FFA03464C
:107860001A466E49D7F8440118F0ACF918F02FFA0F
:10787000C7F8280107F5A473A3F5A2731B68DB887A
:1078800007EE903AB8EE677BB0EE470B18F0D6F9EA
:1078900003461A466249D7F8280118F093F907F50C
:1078A000A473A3F5A2731B680833184618F0E6F911
:1078B00003461A465B49D7F8280118F083F907F503
:1078C000A473A3F5A2731B689B6B07EE903AB8EE06
:1078D000677BB0EE470B18F0B1F903461A465249E0
:1078E000D7F8280118F06EF907F5A473A3F5A27371
:1078F0001B681B79002B14BF01230023DBB2184641
:1079000018F084F903461A464849D7F8280118F0B8
:1079100059F9D7F828214649D7F8440118F052F907
:1079200007F5A473A3F5A2731B681B7807EE903AC2
:10793000B8EE677BB0EE470B18F080F903461A46A5
:107940003C49D7F8440118F03DF93B4B1B6807EE62
:10795000903AB8EE677BB0EE470B18F06FF903462C
:107960001A463649D7F8440118F02CF9D7E94E01E8
:10797000D8F73CFE02460B4643EC102B18F05EF99C
:1079800003461A462E49D7F8440118F01BF907F1AF
:107990000C03184618F072F903461A462949D7F81D
:1079A000440118F00FF9D7F8440117F07FF9C7F830
:1079B0002401D7F82431002B14D0234B1B68D7F8AF
:1079C00024111846FFF7D2FCD7F824111F481AF0EB
:1079D0005FFBD7F8240116F063F9174B1B680133DE
:1079E000154A1360D7F82C0116F05AF9D7F834016C
:1079F00016F03AFAD7F8440116F036FA00E000BF64
:107A000007F5A677BD4690BD34950408589504083F
:107A1000A09C04086C95040890AD0424389C0408CC
:107A2000449C0408549C0408649C0408789C040842
:107A3000849C0408949C040878000024B4950408ED
:107A4000B0950408B895040818A50424AC9C040853
:107A500080B584B000AF78600B467B807B68002BDC
:107A600048D07B88072B45D87A8813465B0013449F
:107A70001B011833214A1344FB607A881346DB004C
:107A80009B1ADA00D21A1E4B1344BB60FB681A889B
:107A90007B689A80BB681B78002B03D07B6802222E
:107AA0009A7102E07B6800229A71FB68D3E9022395
:107AB0007B689A60FB685A687B68DA60BB681B78F1
:107AC0001A467B689A827B6803F11600BB68013313
:107AD0002F2219461AF010FD7B68002283F84520FA
:107AE000FB68D3E904237B681A61FB68DA6A7B6868
:107AF0001A6000E000BF1037BD4680BDD0000020F6
:107B00007002002080B582B000AF7860882200212A
:107B100078681AF0CAFC224BDA7D7B681A70204B19
:107B2000DA7D7B681A711E4B1B7D002B05D17B68AB
:107B300001221A707B6800221A711A4B1B781A46B0
:107B40007B68DA80184B93F83030002B12D0154B3D
:107B50001B78002B0ED0144B93F83020114B1B7860
:107B60009A4207D17B6808332F220F4918461AF032
:107B7000C3FC06E07B6808332F220C4918461AF034
:107B8000BBFC7B68002283F837207B6800229A6365
:107B90007B680022DA6300BF0837BD4680BD00BFA6
:107BA000D000002074AD042498AC0424349C040854
:107BB00080B582B000AF78600B467B807B68002B7D
:107BC0000DD07B88072B0AD87868FFF79BFF7B686E
:107BD00040337A8811461846FFF73AFF00E000BFAD
:107BE0000837BD4680BD000090B5D9B004AF07F599
:107BF000A873A3F5A673186007F5A873A3F5A67379
:107C00001B68002B00F01183D44B1B68002B00F085
:107C10000C83D34B1B78012B40F0078318F057F8E7
:107C2000C7F84C0118F042F8C7F84801FCF762FCAD
:107C3000C7E9500118F04BF8C7F83C0107F5A873E5
:107C4000A3F5A6731B681B6C07EE903AB8EE677B32
:107C5000B0EE470B17F0F2FF03461A46C149D7F8BA
:107C60003C0117F0AFFF07F5A873A3F5A6731B68D7
:107C7000B3F8443007EE903AB8EE677BB0EE470BAE
:107C800017F0DCFF03461A46B749D7F83C0117F056
:107C900099FF07F5A873A3F5A6731B689B6C07EE05
:107CA000903AB8EE677BB0EE470B17F0C7FF03467C
:107CB0001A46AE49D7F83C0117F084FF07F5A873C0
:107CC000A3F5A6731B68DB6C07EE903AB8EE677BF2
:107CD000B0EE470B17F0B2FF03461A46A449D7F897
:107CE0003C0117F06FFF07F5A873A3F5A6731B6897
:107CF000B3F8543007EE903AB8EE677BB0EE470B1E
:107D000017F09CFF03461A469A49D7F83C0117F032
:107D100059FF07F5A873A3F5A6731B6856331846D9
:107D200017F0ACFF03461A469349D7F83C0117F009
:107D300049FF07F5A873A3F5A6731B681B6D07EE33
:107D4000903AB8EE677BB0EE470B17F077FF03462B
:107D50001A468A49D7F83C0117F034FF07F5A87393
:107D6000A3F5A6731B6893F8463007EE903AB8EE79
:107D7000677BB0EE470B17F061FF03461A46804958
:107D8000D7F83C0117F01EFFD7F83C11D7F848018F
:107D900017F0F2FE17F09BFFC7F838010121D7F862
:107DA000480117F0A5FFC7F83401764817F066FFC1
:107DB00003461A467449D7F8380117F003FF17F045
:107DC00086FFC7F8300107F5A873A3F5A6731B68F3
:107DD000DB8807EE903AB8EE677BB0EE470B17F002
:107DE0002DFF03461A466949D7F8300117F0EAFE1D
:107DF00007F5A873A3F5A6731B680833184617F098
:107E00003DFF03461A466249D7F8300117F0DAFE03
:107E100007F5A873A3F5A6731B689B6B07EE903A52
:107E2000B8EE677BB0EE470B17F008FF03461A4623
:107E30005849D7F8300117F0C5FE07F5A873A3F528
:107E4000A6731B68DB6B07EE903AB8EE677BB0EE6B
:107E5000470B17F0F3FE03461A464F49D7F8300197
:107E600017F0B0FE07F5A873A3F5A6731B681B797E
:107E7000002B14BF01230023DBB2184617F0C6FE07
:107E800003461A464549D7F8300117F09BFED7F84C
:107E900030214349D7F8380117F094FED7F8342140
:107EA0004049D7F8380117F08DFE07F5A873A3F500
:107EB000A6731B681B7807EE903AB8EE677BB0EEAE
:107EC000470B17F0BBFE03461A463749D7F838016F
:107ED00017F078FE354B1B6807EE903AB8EE677BDB
:107EE000B0EE470B17F0AAFE03461A463049D7F802
:107EF000380117F067FED7E95001D8F777FB024643
:107F00000B4643EC102B17F099FE03461A462949FD
:107F1000D7F8380117F056FE274817F0AFFE034692
:107F20001A462649D7F8380117F04CFED7F8380121
:107F300016F0BCFEC7F82C01D7F82C31002B3FD12E
:107F4000D7F8380115F090FFD7F8480115F08CFFED
:107F5000D7F84C0115F088FF68E100BF18A504248C
:107F600030A50424C89C0408D49C0408DC9C0408A4
:107F7000E49C0408EC9C0408FC9C04080C9D040888
:107F8000189D040890AD0424389C0408449C0408FF
:107F9000549C0408649C0408209D0408789C0408F0
:107FA000849C0408349D0408949C040878000024F0
:107FB000B4950408B0950408409D04086C95040825
:107FC00007F1380320229B491846FCF7B4FFD7F885
:107FD0002C01D8F76DFD024607F13803D7F82C11B4
:107FE0001846FDF72BF807F1180207F13803114680
:107FF0001846FDF734F807F5A873A3F59C731B78B2
:108000001C4607F5A873A3F59C735B781A4607F521
:10801000A873A3F59C739B78194607F5A873A3F57D
:108020009C73DB7807F10C000293019100922346C8
:10803000814A09211AF0A4F8804817F01FFE034670
:108040001A467F49D7F84C0117F0BCFD7D4817F060
:1080500015FE03461A467C49D7F84C0117F0B2FDCD
:1080600017F035FEC7F8280107F5A873A3F5A67326
:108070001B68DB8807EE903AB8EE677BB0EE470BE3
:1080800017F0DCFD03461A467049D7F8280117F0AF
:1080900099FD07F5A873A3F5A6731B680833184666
:1080A00017F0ECFD03461A466949D7F8280117F086
:1080B00089FD07F5A873A3F5A6731B689B6B07EEF4
:1080C000903AB8EE677BB0EE470B17F0B7FD03466A
:1080D0001A466049D7F8280117F074FD07F5A87310
:1080E000A3F5A6731B68DB6B07EE903AB8EE677BCF
:1080F000B0EE470B17F0A2FD03461A465649D7F8D3
:10810000280117F05FFD07F5A873A3F5A6731B6898
:108110001B79002B14BF01230023DBB2184617F094
:1081200075FD03461A464D49D7F8280117F04AFD58
:10813000D7F828214A49D7F84C0117F043FDD7F862
:1081400048214849D7F84C0117F03CFD07F5A873C2
:10815000A3F5A6731B681B7807EE903AB8EE677B11
:10816000B0EE470B17F06AFD03461A463E49D7F8B2
:108170004C0117F027FD3D4B1B6807EE903AB8EE17
:10818000677BB0EE470B17F059FD03461A46384996
:10819000D7F84C0117F016FDD7E95001D8F726FAA9
:1081A00002460B4643EC102B17F048FD03461A46D7
:1081B0003049D7F84C0117F005FD07F10C031846BC
:1081C00017F05CFD03461A462B49D7F84C0117F00F
:1081D000F9FCD7F84C0116F069FDC7F82401D7F86F
:1081E0002431002B14D0D7F82411244819F050FF63
:1081F000234B1B68D7F824111846FFF7B7F8D7F8B8
:10820000240115F04DFD194B1B680133174A13600B
:10821000D7F82C0115F044FDD7F8380115F024FEED
:10822000D7F84C0115F020FE00E000BF07F5AA7753
:10823000BD4690BD3495040858950408409D040837
:108240006C95040890AD0424389C0408449C0408F0
:10825000549C0408649C0408209D0408789C04082D
:10826000849C0408349D0408949C0408780000242D
:10827000B4950408B0950408B8950408509D040806
:1082800018A5042490B5ADF5097D04AFCA4B1B6851
:10829000002B00F02582C94B1B78012B40F0208277
:1082A00017F015FDC7F8080217F000FDC7F8040223
:1082B000FCF720F9C7E97E0107F5B0731846FFF710
:1082C00021FC0023A7F80E32B7E007F50473A3F5ED
:1082D0000373184648231A4600211AF0E6F8B7F847
:1082E0000E223B1D11461846FFF7B2FB17F0EFFCBC
:1082F000C7F8E80107F50473A3F503731B6807EEDD
:10830000903AB8EE677BB0EE470B17F097FC034648
:108310001A46AB49D7F8E80117F054FC07F5047387
:10832000A3F503739B8807EE903AB8EE677BB0EE37
:10833000470B17F083FC03461A46A249D7F8E80119
:1083400017F040FC07F50473A3F503739B6807EE71
:10835000903AB8EE677BB0EE470B17F06FFC034620
:108360001A469949D7F8E80117F02CFC07F5047371
:10837000A3F50373DB6807EE903AB8EE677BB0EEC7
:10838000470B17F05BFC03461A469049D7F8E80103
:1083900017F018FC07F50473A3F503739B8A07EE27
:1083A000903AB8EE677BB0EE470B17F047FC0346F8
:1083B0001A468749D7F8E80117F004FC3B1D16332D
:1083C000184617F05BFC03461A468249D7F8E801C5
:1083D00017F0F8FB07F50473A3F503731B6907EEA9
:1083E000903AB8EE677BB0EE470B17F027FC0346D8
:1083F0001A467949D7F8E80117F0E4FB07F504734A
:10840000A3F503739B7907EE903AB8EE677BB0EE65
:10841000470B17F013FC03461A467049D7F8E801DA
:1084200017F0D0FBD7F8E811D7F8040217F0A4FB37
:10843000B7F80E320133A7F80E32B7F80E32072B19
:108440007FF643AF17F043FCC7F8F401B7F8663185
:1084500007EE903AB8EE677BB0EE470B17F0EEFBF5
:1084600003461A465E49D7F8F40117F0ABFB07F54F
:10847000B0730833184617F001FC03461A465949F1
:10848000D7F8F40117F09EFBD7F8983107EE903A31
:10849000B8EE677BB0EE470B17F0D0FB03461A46E9
:1084A0005149D7F8F40117F08DFBD7F89C3107EE4E
:1084B000903AB8EE677BB0EE470B17F0BFFB034670
:1084C0001A464A49D7F8F40117F07CFB97F8643153
:1084D000002B14BF01230023DBB2184617F096FBD4
:1084E00003461A464249D7F8F40117F06BFB41489E
:1084F00017F0C4FB03461A463F49D7F8080217F0A5
:1085000061FBD7F8F4213D49D7F8080217F05AFB70
:10851000D7F804223A49D7F8080217F053FB97F826
:10852000603107EE903AB8EE677BB0EE470B17F07C
:1085300085FB03461A463349D7F8080217F042FB79
:10854000314B1B6807EE903AB8EE677BB0EE470BF5
:1085500017F074FB03461A462C49D7F8080217F0A7
:1085600031FBD7E97E01D8F741F802460B4643ECD0
:10857000102B17F063FB03461A462549D7F808026B
:1085800017F020FB234817F079FB03461A462249CF
:10859000D7F8080217F016FBD7F8080216F086FB8A
:1085A000C7F8F001D7F8F031002B37D1D7F808021F
:1085B00015F05AFC95E000BF18A5042430A504244A
:1085C000C89C0408D49C0408DC9C0408E49C0408AF
:1085D000EC9C0408FC9C04080C9D0408189D0408ED
:1085E000449C0408549C0408649C0408209D0408CE
:1085F000789C040890AD0424389C0408849C0408EA
:10860000349D0408949C040878000024B495040860
:10861000B0950408409D04086C95040807F15803C0
:10862000202232491846FCF786FCD7F8F001D8F72B
:108630003FFA024607F15803D7F8F0111846FCF745
:10864000FDFC07F5A07207F1580311461846FCF728
:1086500006FD97F840311C4697F8413197F84221C2
:1086600097F8431107F14C000291019200932346C1
:108670001F4A092119F084FD07F14C03184617F031
:10868000FDFA03461A461B49D7F8080217F09AFA72
:10869000D7F8080216F00AFBC7F8EC01D7F8EC315E
:1086A000002B14D0D7F8EC11134819F0F1FC134B40
:1086B0001B68D7F8EC111846FEF758FED7F8EC0106
:1086C00015F0EEFA0E4B1B6801330D4A1360D7F814
:1086D000F00115F0E5FAD7F8080215F0C5FB00E047
:1086E00000BF07F50577BD4690BD00BF349504086F
:1086F00058950408B89504087C9D040818A504241E
:10870000780000242DE9B043ADF5207D04AF07F5D6
:108710001C73A3F51B73186007F51C73A3F51C737A
:1087200019600023C7F86C320023C7F868320023B1
:10873000A7F8663207F51C73A3F51C731968CC48BB
:1087400019F0A6FC07F51C73A3F51C73186816F046
:108750009FFAC7F85802D7F85832002B00F0DC8493
:10876000C449D7F8580217F0D9F9C7F85402C249DA
:10877000D7F8580217F0D2F9C7F85002BF49D7F816
:10878000580217F0CBF9C7F84C02BD49D7F8580288
:1087900017F0C4F9C7F84802BA49D7F8580217F0D9
:1087A000BDF9C7F84402D7F85432002B00F07F849B
:1087B000D7F85432DB68042B40F07984D7F8503274
:1087C000002B00F07684D7F85032DB68042B40F0A1
:1087D0007084D7F84C32002B00F06D84D7F84C32FF
:1087E000DB68032B40F06784D7F84832002B00F099
:1087F0006484D7F84832DB68032B40F05E84D7F8F6
:108800004432002B00F05B84D7F84432DB68042B41
:1088100040F05584D7F850321B699B491846D8F769
:10882000E9F80346002B04D0984819F0A1FC00F0A9
:1088300059BCD7F84C3293ED067BFCEEC77B17EEA4
:10884000903AC7F84032D7F84832D3E906231046A9
:108850001946D7F731FF02460B46C7E98E23FBF7CF
:1088600049FEC7E98C01D7E98C01D7E98E23B0EB2B
:10887000020861EB030942464B46002B05DA002152
:10888000544261EB030522462B46C7E98A23D7E908
:108890008A233D2A73F1000302DB7D4819F068FC4E
:1088A0007C4B1B68D7F840229A4202D17A4819F0D3
:1088B0005FFC784AD7F84032136007F51C73A3F5C4
:1088C000CC7300221A605A609A60DA601A611A75D5
:1088D00007F1D8031A46D7E98E01FDF780F94FF466
:1088E000F07200216D4819F0E0FD6D4B00221A80F6
:1088F0004FF4006200216B4819F0D7FDD7F85432CD
:108900001B6969491846D8F775F80346002B40F0F3
:108910008E816649D7F8580217F000F9C7F80002AF
:10892000D7F80032002B00F0CC83D7F80032DB6898
:10893000052B40F0C683D7F8000217F0B9F8C7F846
:10894000FC010023C7F8603282E0D7F86012D7F844
:10895000000217F0C7F8C7F8F801D7F8F831002B74
:108960006ED05349D7F8F80117F0D8F8C7F8F401DA
:108970005049D7F8F80117F0D1F8C7F8F0014E497F
:10898000D7F8F80117F0CAF8C7F8EC014B49D7F847
:10899000F80117F0C3F8C7F8E801D7F8E831002B61
:1089A00050D0D7F8F431002B4CD0D7F8EC31002B55
:1089B00048D0D7F8F031002B44D0394B1B881A46E9
:1089C00013461B019B1A9B00344A1344C7F8E43139
:1089D0003C220021D7F8E40119F067FDD7F8E40143
:1089E000D7F8E8311B692F22194619F085FDD7F811
:1089F000F43193ED067BFCEEC77B17EE903A9AB20A
:108A0000D7F8E4311A86D7F8F03193ED067BFCEE07
:108A1000C77B17EE902AD7F8E4315A63D7F8EC31C8
:108A200093ED067BFCEEC77B17EE902AD7F8E43176
:108A30009A631B4B1B8801339AB2194B1A8002E0D0
:108A400000BF00E000BFD7F860320133C7F86032E2
:108A5000D7F86022D7F8FC319A4204DAD7F86032AE
:108A6000072B7FF772AF0023C7F85C327FE000BFAF
:108A7000AC9D04086C950408389C0408B49504085F
:108A8000B0950408B895040890AD0424C89D040866
:108A9000A096040824A50424C4960408B4AA0424B7
:108AA00094AC042418950424F09D0408FC9D04084B
:108AB000D49C0408DC9C0408089E0408109E04084A
:108AC00007F10C033C220021184619F0EEFCBD49C9
:108AD000D7F85C2213461B019B1A9B000B443033D2
:108AE0001A8807F51C73A3F519731A80B549D7F8CE
:108AF0005C2213461B019B1A9B000B4434331A68FB
:108B000007F51C73A3F519739A60AE49D7F85C2278
:108B100013461B019B1A9B000B4438331A6807F558
:108B20001C73A3F519735A60D7F85C2213461B0116
:108B30009B1A9B00A34A991807F10C030C332F22B0
:108B4000184619F0D9FC07F51C73A3F51973002218
:108B500083F83B209C4B186807F10C0100230A2284
:108B6000E8F7BAFAD7F85C320133C7F85C32974BB2
:108B70001B881A46D7F85C329342A1DB17F0A7F89E
:108B8000C7F86802D7F86832002B00F09C820121F8
:108B9000D7F8000217F0ACF8C7F8E001D7F8E031D9
:108BA000002B00F092828A4817F068F803461A46B4
:108BB0008849D7F8680217F005F8D7F8403207EE71
:108BC000903AB8EE677BB0EE470B17F037F80346E4
:108BD0001A468149D7F8680216F0F4FFD7F8E02169
:108BE0007E49D7F8680216F0EDFFD7E98E01D7F776
:108BF000FDFC02460B4643EC102B17F01FF8034612
:108C00001A467749D7F8680216F0DCFF754817F066
:108C100035F803461A467449D7F8680216F0D2FFB1
:108C2000D7F8680216F042F8C7F86C0277E1D7F877
:108C300054321B696D491846D7F7DCFE0346002BFA
:108C400031D16B49D7F8580216F068FFC7F8040213
:108C5000D7F80432002B04D0D7F80432DB68032B9A
:108C600003D0644819F084FA3CE2D7F8043293ED5B
:108C7000067BFCEEC77B17EE903AA7F86632B7F892
:108C8000663207F1D8020292D7F84022019200938F
:108C90004F4B594A4FF40061584819F071FA574B3D
:108CA000C7F86C323BE1D7F854321B695449184677
:108CB000D7F7A0FE0346002B41D15249D7F85802FE
:108CC00016F02CFFC7F80C024F49D7F8580216F0DF
:108CD00025FFC7F80802D7F80C32002B00F0F78107
:108CE000D7F80C32DB68042B40F0F181D7F808325A
:108CF000002B00F0EC81D7F80832DB68032B40F042
:108D0000E681D7F80C321B69D7F8082292ED067B72
:108D1000FDEEC77B17EE902A039207F1D80202926C
:108D2000D7F8402201920093294B384A4FF4006152
:108D3000324819F025FA314BC7F86C32EFE0D7F81A
:108D400054321B6932491846D7F754FE0346002BAC
:108D500066D13049D7F8580216F0E0FEC7F8100285
:108D6000D7F81032002B00F0B481D7F81032DB684E
:108D7000042B40F0AE8130220021274819F095FBEA
:108D8000D7F810321B692F221946234819F0B4FB7B
:108D9000214B002283F82F20D7F810321B6907F1EE
:108DA000D80202920193D7F840320093084B1B4A35
:108DB0004FF40061114819F0E3F9104BC7F86C3219
:108DC000ADE000BFB4AA042494AF042494AC0424FE
:108DD00090AD0424389C0408B4950408FC9D040854
:108DE000B0950408F09D04086C950408189E0408CA
:108DF000D49C0408289E0408509E04081895042456
:108E0000989E0408A49E0408AC9E0408B89E04081A
:108E1000109F0408109E0408CCAC04241C9F040876
:108E2000D7F854321B69BF491846D7F7E3FD03460C
:108E3000002B40F05081BC49D7F8580216F06EFE66
:108E4000C7F82402B949D7F8580216F067FEC7F8E8
:108E50002002D7F82432002B00F03F81D7F82432CB
:108E6000DB68032B40F03981D7F82032002B00F06B
:108E70003481D7F82032DB68012B05D0D7F82032B7
:108E8000DB68002B40F02981D7F82432D3E9062390
:108E900010461946D7F710FC02460B46C7E9862351
:108EA000D7F82032DB68012B0CBF0123002387F8A1
:108EB000173207F51C73A3F5EE7300221A605A608F
:108EC0009A60DA601A611A7507F194021523D7E9DE
:108ED0008601FCF71DFE97F8172207F19403194647
:108EE000934819F0D5F8D7F82032DB68012B01D16F
:108EF000904B00E0904B07F1D802039207F19402E7
:108F00000292D7F84022019200938C4B8C4A4FF486
:108F100000618C4819F034F98A4BC7F86C32D7F8E5
:108F20006C32002B00F0DB80D7F86C321B78002B02
:108F300000F0D58007F51C73A3F5DC7318462023D9
:108F40001A46002119F0B1FA07F51C73A3F5E27374
:108F500000221A605A601A7207F1F00320227A493F
:108F60001846FBF7E8FFD7F86C02D7F7A1FD0246D9
:108F700007F1F003D7F86C121846FCF75FF807F119
:108F8000B80207F1F00311461846FCF768F807F538
:108F90001C73A3F5DC731B781C4607F51C73A3F543
:108FA000DC735B781A4607F51C73A3F5DC739B78BA
:108FB000194607F51C73A3F5DC73DB7807F1AC00E9
:108FC0000293019100922346604A092119F0D8F8D2
:108FD000D7F844321B6907F1AC0211461846D7F79F
:108FE00009FD0346002B09D0D7F844321A6907F16E
:108FF000AC031946564819F04BF873E0554819F080
:10900000B7F8554B00221A70D7F854321B695349F0
:109010001846D7F7EFFC0346002B25D1B7F8663288
:10902000002B02D1FFF72EF91EE0B7F86632002BB5
:1090300016D0B7F86632082B12D8B7F86632013B63
:10904000A7F8DE31B7F8DE2107F10C031146184608
:10905000FEF7AEFD07F10C031846FEF7C5FD03E071
:1090600008213F4819F014F8D7F854321B693D49DC
:109070001846D7F7BFFC0346002B32D13A4B1B787A
:10908000002B0ED039493848D7F7B4FC0346002BE3
:1090900007D1374B01221A703449364818F0F8FFCF
:1090A00020E0324A3049344818F0F2FF1AE000BF9D
:1090B00018E000BF16E000BF14E000BF12E000BFE0
:1090C00010E000BF0EE000BF0CE000BF0AE000BFF0
:1090D00008E000BF06E000BF04E000BF02E000BF00
:1090E00000E000BFD7F86832002B03D0D7F8680241
:1090F00014F0BAFED7F86C32124A934207D0D7F870
:109100006C32002B03D0D7F86C0214F0C9FDD7F8ED
:10911000580214F0A9FE00E000BF07F51C77BD4619
:10912000BDE8B083649F0408749F0408809F04080E
:10913000949F04087C9404088494040890AD04244B
:10914000C49F04081895042434950408589504080D
:109150003497040828A0040840A50424189E040895
:1091600054A00408109F040898AC0424CCAC042438
:10917000C9AC042484A00408CCA00408F0B5E1B074
:1091800006AF9A4B1B68002B00F02B81984B1B7885
:10919000012B40F0268116F09AFDC7F86401FBF719
:1091A000A9F9C7E9560107F598732022002118464E
:1091B00019F07BF98F4BC7F85431D7F854311B782D
:1091C0001E46D7F8543101331B781A46D7F854316C
:1091D00002331B781946D7F8543103331B781C46E9
:1091E000D7F8543104331B781D46D7F85431053372
:1091F0001B7807F5987004930395029401910092EF
:1092000033467D4A202118F0BBFF4FF40072002145
:109210007A4819F04AF907F58C7300221A605A60EF
:109220009A60DA601A611A7507F58C731A46D7E9E5
:109230005601FCF7D4FC724B01221A60704B1B687C
:1092400007F58C72049203936E4B029307F59873A3
:1092500001936D4B00936D4B6D4A40F2FF116748CF
:1092600018F08EFF07F1F80320220021184619F0AC
:109270001CF907F11003202266491846FBF75BFE34
:109280005E48D7F715FC024607F110035B49184604
:10929000FBF7D4FE07F1F80207F110031146184658
:1092A000FBF7DDFE07F5B473A3F5B27300221A6075
:1092B0005A601A7297F8F8301C4697F8F93097F808
:1092C000FA2097F8FB10381D029101920093234673
:1092D000514A092118F054FF504816F0CFFC0346BC
:1092E0001A464F49D7F8640116F06CFC474816F04F
:1092F000C5FC03461A464B49D7F8640116F062FCD8
:1093000007F59873184616F0B9FC03461A46464905
:10931000D7F8640116F056FC3A4816F0AFFC034645
:109320001A464249D7F8640116F04CFC364816F04C
:10933000A5FC03461A463E49D7F8640116F042FCE4
:10934000D7E95601D7F752F902460B4643EC102BEA
:1093500016F074FC03461A463649D7F8640116F035
:1093600031FC274B1B6807EE903AB8EE677BB0EEF6
:10937000470B16F063FC03461A462F49D7F86401E1
:1093800016F020FC3B1D184616F078FC03461A46E2
:109390002A49D7F8640116F015FCD7F8640115F0D6
:1093A00085FCC7F85001D7F85031002B14D0D7F8FE
:1093B0005011234818F06CFE0C4B1B68D7F8501165
:1093C0001846FDF7D3FFD7F8500114F069FC0C4B99
:1093D0001B6801330A4A1360D7F8640114F044FD96
:1093E00000E000BF07F5B677BD46F0BD18A5042420
:1093F00030A50424FA8104245C94040818930424FE
:10940000780000241C9504082C95040890AD0424D1
:1094100014A10408349504085895040878A1040898
:109420006C950408389C0408749504087C9504081D
:1094300084950408B0950408B4950408B895040808
:10944000AC9C040890B5DBB004AF07F5AC73A3F592
:10945000AA7318600846114607F5AC73A3F5AB7301
:1094600002461A8007F5AC73A3F257130A461A7026
:10947000D74B1B68002B00F0CF81D64B1B78012BFC
:1094800040F0CA8107F5AC73A3F5AA731B68002BE3
:1094900006D007F5AC73A3F5AB731B88002B03D183
:1094A000CD4818F065FEB8E116F011FCC7F8500180
:1094B00016F0FCFBC7F84C010023A7F856312BE04F
:1094C00016F005FCC7F82401B7F8562113461B0116
:1094D0009B1A9B001A4607F5AC73A3F5AA731B6889
:1094E00013441B8807EE903AB8EE677BB0EE470B4B
:1094F00016F0A4FB03461A46B849D7F8240116F023
:1095000061FBD7F82411D7F84C0116F035FBB7F8FA
:1095100056310133A7F8563107F5AC73A3F5AB7399
:10952000B7F856211B889A42CAD3FAF7E3FFC7E976
:10953000500116F0CCFBC7F83C010121D7F84C01D3
:1095400016F0D6FBC7F83801A54816F097FB03467E
:109550001A46A449D7F83C0116F034FB16F0B7FBC5
:10956000C7F8340107F5AC73A3F257131B78002B2F
:1095700014BF01230023DBB2184616F047FB034655
:109580001A469949D7F8340116F01CFBD7F8342154
:109590009649D7F83C0116F015FBD7F838219449C5
:1095A000D7F83C0116F00EFB924B1B6807EE903A81
:1095B000B8EE677BB0EE470B16F040FB03461A4649
:1095C0008D49D7F83C0116F0FDFAD7E95001D7F7DD
:1095D0000DF802460B4643EC102B16F02FFB03460A
:1095E0001A468649D7F83C0116F0ECFA844816F082
:1095F00045FB03461A468349D7F83C0116F0E2FAC8
:10960000D7F83C0115F052FBC7F83001D7F83031DC
:10961000002B0CD1D7F84C0114F026FCD7F83C01F4
:1096200014F022FCD7F8500114F01EFCF5E007F509
:10963000827320220021184618F037FF07F1180323
:10964000202271491846FBF776FCD7F83001D7F78E
:109650002FFA024607F11803D7F830111846FBF726
:10966000EDFC07F5827207F1180311461846FBF767
:10967000F6FC07F5AC73A3F5A67300221A605A60D6
:109680001A7297F804311C4697F8053197F80621AD
:1096900097F8071107F10C000291019200932346FD
:1096A0005A4A092118F06CFD554816F0E7FA0346AE
:1096B0001A465449D7F8500116F084FA484816F073
:1096C000DDFA03461A464749D7F8500116F07AFAF0
:1096D00016F0FDFAC7F82C0107F5AC73A3F2571387
:1096E0001B78002B14BF01230023DBB2184616F0B1
:1096F0008DFA03461A463C49D7F82C0116F062FA57
:10970000D7F82C213949D7F8500116F05BFAD7F871
:109710004C213749D7F8500116F054FA354B1B68E5
:1097200007EE903AB8EE677BB0EE470B16F086FA7C
:1097300003461A463049D7F8500116F043FAD7E9E4
:109740005001D6F753FF02460B4643EC102B16F0A0
:1097500075FA03461A462949D7F8500116F032FA2D
:1097600007F10C03184616F089FA03461A462849F1
:10977000D7F8500116F026FAD7F8500115F096FAEE
:10978000C7F82801D7F82831002B14D0104B1B68DC
:10979000D7F828111846FDF7E9FDD7F828111D481C
:1097A00018F076FCD7F8280114F07AFA114B1B68F0
:1097B0000133104A1360D7F8300114F071FAD7F86A
:1097C0003C0114F051FBD7F8500114F04DFB24E09C
:1097D00018A5042430A5042484A10408D49C0408FA
:1097E00090AD0424389C0408789C0408849C0408E8
:1097F000A8A1040878000024B4950408B0950408D2
:10980000BCA104086C950408349504085895040814
:10981000B8950408AC9C040800BF07F5AE77BD46B8
:1098200090BD00BF90B5D7B004AF07F5A473A3F502
:10983000A27318600A4607F5A473A3F5A3731A80F0
:10984000DD4B1B68002B00F05082DC4B1B78012B9A
:1098500040F04B8207F5A473A3F5A2731B68002B9D
:1098600006D007F5A473A3F5A3731B88002B03D1BF
:10987000D34818F07DFC39E216F029FAC7F8400108
:1098800016F014FAC7F83C01FAF734FEC7E94C01A8
:109890000023A7F8463138E116F019FAC7F8240179
:1098A000B7F8462113461B019B1ADB001A4607F541
:1098B000A473A3F5A2731B6813445B6B07EE903A85
:1098C000B8EE677BB0EE470B16F0B8F903461A46C0
:1098D000BC49D7F8240116F075F9B7F846211346AC
:1098E0001B019B1ADB001A4607F5A473A3F5A273AC
:1098F0001B6813445B8E032B35D1B7F84621134602
:109900001B019B1ADB001A4607F5A473A3F5A2738B
:109910001B681344B3F8443007EE903AB8EE677B07
:10992000B0EE470B16F08AF903461A46A649D7F857
:10993000240116F047F9B7F8462113461B019B1A7C
:10994000DB001A4607F5A473A3F5A2731B68134442
:109950004633184616F092F903461A469B49D7F843
:10996000240116F02FF9B7F8462113461B019B1A64
:10997000DB001A4607F5A473A3F5A2731B68134412
:109980005B8E07EE903AB8EE677BB0EE470B16F0B1
:1099900055F903461A468E49D7F8240116F012F9F4
:1099A000B7F8462113461B019B1ADB001A4607F540
:1099B000A473A3F5A2731B6813441B8E07EE903AA1
:1099C000B8EE677BB0EE470B16F038F903461A463F
:1099D0008049D7F8240116F0F5F8B7F84621134668
:1099E0001B019B1ADB001A4607F5A473A3F5A273AB
:1099F0001B681344184616F041F903461A46764987
:109A0000D7F8240116F0DEF8B7F8462113461B01FB
:109A10009B1ADB001A4607F5A473A3F5A2731B6813
:109A200013449B6B07EE903AB8EE677BB0EE470BA2
:109A300016F004F903461A466849D7F8240116F0CF
:109A4000C1F8B7F8462113461B019B1ADB001A46E2
:109A500007F5A473A3F5A2731B681344B3F842304F
:109A600007EE903AB8EE677BB0EE470B16F0E6F8DB
:109A700003461A465A49D7F8240116F0A3F8B7F856
:109A8000462113461B019B1ADB001A4607F5A473F7
:109A9000A3F5A2731B681344B3F8403007EE903A65
:109AA000B8EE677BB0EE470B16F0C8F803461A46CF
:109AB0004C49D7F8240116F085F8B7F8462113462B
:109AC0001B019B1ADB001A4607F5A473A3F5A273CA
:109AD0001B681344DB6B07EE903AB8EE677BB0EE81
:109AE000470B16F0ABF803461A463F49D7F8240156
:109AF00016F068F8D7F82411D7F83C0116F03CF8B6
:109B0000B7F846310133A7F8463107F5A473A3F53A
:109B1000A373B7F846211B889A42FFF4BDAE3348C1
:109B200016F0ACF803461A463149D7F8400116F052
:109B300049F8304B1B6807EE903AB8EE677BB0EE01
:109B4000470B16F07BF803461A462B49D7F840011D
:109B500016F038F8D7F83C212849D7F8400116F01C
:109B600031F8D7E94C01D6F741FD02460B4643ECEC
:109B7000102B16F063F803461A462149D7F8400126
:109B800016F020F8124816F079F803461A461D49D7
:109B9000D7F8400116F016F8D7F8400115F086F80E
:109BA000C7F82C01D7F82C31002B2DD1D7F8400164
:109BB00014F05AF99AE000BF18A5042430A5042433
:109BC000CCA10408F4A1040804A2040810A204080B
:109BD0001CA20408D49C0408109E04082CA20408AB
:109BE0003CA2040848A2040854A2040890AD04242E
:109BF000389C040878000024B4950408FC9D0408EF
:109C0000B09504086C95040807F5827320220021A2
:109C1000184618F04AFC07F1180320223549184667
:109C2000FBF789F9D7F82C01D6F742FF024607F176
:109C30001803D7F82C111846FBF700FA07F58272C3
:109C400007F1180311461846FBF709FA07F5A47344
:109C5000A3F59E7300221A605A601A7297F80431B5
:109C60001C4697F8053197F8062197F8071107F178
:109C70000C0002910192009323461F4A092118F01B
:109C80007FFA07F10C03184615F0F8FF03461A4651
:109C90001A49D7F8400115F095FFD7F8400115F0A3
:109CA00005F8C7F82801D7F82831002B14D0144B39
:109CB0001B68D7F828111846FDF758FBD7F828116C
:109CC000104818F0E5F9D7F8280113F0E9FF0E4B1A
:109CD0001B6801330C4A1360D7F82C0113F0E0FF26
:109CE000D7F8400114F0C0F800E000BF07F5A677F0
:109CF000BD4690BD3495040858950408B8950408ED
:109D000018A50424AC9C040878000024B0B59CB0CD
:109D100002AF786007F108033C220021184618F0D2
:109D2000C4FB0C220021AA4818F0BFFBA94B1B68FA
:109D300007F108014FF0FF321846E7F7FDFB034635
:109D4000012BF3D1A44B1B7D012B46D03B89184638
:109D5000FA68396907F108030C3300930B46014692
:109D60009E4818F095F9782200219D4818F09DFB37
:109D700007F108030C332F221946994818F0BCFB51
:109D8000974B002283F82F203A89954B1A86944BE3
:109D900000225A63924B00229A63914B0022DA63AD
:109DA0008F4B2D22A3F840208D4B2622A3F8422072
:109DB0008B4B03225A868A4B0622A3F844202F227B
:109DC0008849894818F098FB854B002283F8752054
:109DD00001218348FFF726FDCEE17F4BDB7D002B81
:109DE00046D03B891846FA68396907F108030C33F5
:109DF00000930B4601467D4818F04AF9782200216D
:109E0000774818F052FB07F108030C332F2219464C
:109E1000734818F071FB724B002283F82F203A89A7
:109E20006F4B1A866E4B00225A636D4B00229A6369
:109E30006B4B0022DA636A4B2D22A3F84020684B5B
:109E40002622A3F84220664B03225A86644B07223F
:109E5000A3F844202F226649634818F04DFB604B5D
:109E6000002283F8752001215D48FFF7DBFC83E1C8
:109E7000002387F867303B69002B5BD03B8987F86C
:109E8000663097F86630002B4ED097F86630082B76
:109E90004AD897F86630013B87F865303B69002265
:109EA0001C461546C7E91645D7E91623052A73F15E
:109EB000000330D3D7E916234E498A4273F10003D9
:109EC00029D297F865204C4913465B001344DB0008
:109ED0000B441033D3E90023D7E91601994208BF98
:109EE000904220D097F86520434913465B00134405
:109EF000DB000B4403F11001D7E91623C1E900236D
:109F000097F86610D7E916233C4818F0C1F80123EA
:109F100087F8673007E097F86610D7E916233848C6
:109F200018F0B6F806E005E097F8663019463548AF
:109F300018F0AEF8FB68002B70D03B8987F85730DB
:109F400097F85730002B63D097F85730082B5FD81D
:109F500097F85730013B87F85630FB683B65012383
:109F6000FB644EF66023BB643A6DFB6C9A4226D3C9
:109F70003A6DBB6C9A4222D897F856201E49134678
:109F80005B001344DB000B440C331B683A6D9A42B0
:109F90001DD097F85620184913465B001344DB0088
:109FA0000B440C333A6D1A6097F857303A6D1946E6
:109FB000154818F06DF8012387F8673007E097F827
:109FC00057303A6D1946114818F062F826E025E03E
:109FD0002400002094AF0424D000002064A20408D0
:109FE000FCAC0424C4A2040842AD0424E0A204088A
:109FF00034A3040801BC3400580400204CA3040816
:10A0000084A30408B4A30408E4A304081CA404085B
:10A0100097F857301946594818F03AF897F86730CA
:10A02000002B06D0564806F001FC05F0ADFB05F00C
:10A0300063FA032387F8473097F8472051491346BE
:10A040005B0013449B000B441B78002B4ED197F808
:10A0500047204C4913465B0013449B000B441B787C
:10A060001946494818F014F83B8997F84720D8B2A8
:10A07000444913465B0013449B000B4408330246DB
:10A080001A7097F84720F9683E4813465B0013445E
:10A090009B0003440433196097F84720394913465D
:10A0A0005B0013449B000B4401221A703B89184645
:10A0B000FA68396907F108030C3300930B4601462F
:10A0C000324817F0E5FF31220021314818F0EDF950
:10A0D00007F108030C332F2219462D4818F00CFA0B
:10A0E0003B89DAB22A4B83F830201FE63B891846B9
:10A0F000FA68396907F108030C3300930B460146EF
:10A10000244817F0C5FF78220021234818F0CDF924
:10A1100007F108030C332F2219461F4818F0ECF9F9
:10A120001D4B002283F82F203A891B4B1A861A4BAD
:10A1300000225A63184B00229A63174B0022DA63FD
:10A14000154B2D22A3F84020134B2622A3F84220C2
:10A15000114B03225A86104B0922A3F844202F22C8
:10A160000E490F4818F0C8F90B4B002283F87520F0
:10A1700001210948FFF756FBD8E500BF4CA40408AD
:10A18000580400200000002078A40408A4A40408B7
:10A1900098AC0424F4A40408FCAC042448A50408E6
:10A1A00042AD0424B0B5A2B000AF7860754B002278
:10A1B0001A80754B1B6807F1480132221846E7F7F1
:10A1C000BBF90346012B40F0D880704B1B78012B64
:10A1D00003D16F4B1B68002B06D1B7F848301946E6
:10A1E0006C4817F055FFCBE0B7F84830002B14D17E
:10A1F00007F1080340220021184618F056F907F12C
:10A2000008031846FDF78CF907F108031846FDF717
:10A21000E1F90A20E7F7C0FFB2E05A4B1B88072B91
:10A2200025D8584B1B8819465B4A0B461B015B1A05
:10A230009B0013441D4607F148040FCC0FC50FCCFB
:10A240000FC50FCC0FC594E8070085E807004D4BFC
:10A250001B8801339AB24B4B1A80B7F84830194625
:10A26000484B1B881A464D4817F012FF5EE0B7F8BE
:10A27000483019464A4817F00BFF81E0434B1B78E2
:10A28000012B03D1424B1B68002B06D1B7F8483095
:10A290001946444817F0FCFE54E0B7F84830002B4C
:10A2A00014D107F1080340220021184618F0FDF8E8
:10A2B00007F108031846FDF733F907F108031846BC
:10A2C000FDF788F90A20E7F767FF2FE02D4B1B8881
:10A2D000072B25D82B4B1B8819462F4A0B461B01F1
:10A2E0005B1A9B0013441D4607F148040FCC0FC5B1
:10A2F0000FCC0FC50FCC0FC594E8070085E8070009
:10A30000204B1B8801339AB21E4B1A80B7F8483095
:10A3100019461C4B1B881A46204817F0B9FE05E069
:10A32000B7F8483019461E4817F0B2FE164B1B68A6
:10A3300007F148014FF4FA721846E7F7FDF80346B3
:10A34000012B9BD00F4B1B88002B16D0164BDB7DAF
:10A3500087F88730154B93F82430012B02D1012365
:10A3600087F88730074B1B8897F8872019460A48DB
:10A37000FFF768F8034B00221A800A20E7F70CFF6A
:10A3800017E700BFB0AA042498AF042430A5042422
:10A3900018A5042460A50408D0A8042490A50408E6
:10A3A000B8A50408E0A50408D000002000000020A3
:10A3B0002DE9F043B9B004AF786007F1880320229B
:10A3C0000021184618F071F807F1680320220021D7
:10A3D000184618F06AF807F1500300221A605A6014
:10A3E0009A60DA601A615A6107F1380300221A6034
:10A3F0005A609A60DA601A611A7507F12003002228
:10A400001A605A609A60DA601A615A6107F10C03A7
:10A4100000221A605A609A60DA601A614FF4FA6298
:10A420004FF00003C7E9302342F21073C7F8BC3085
:10A430004FF000024FF00003C7E92C234FF0000259
:10A440004FF00003C7E93223E0F7DAF8C7F8AC00B1
:10A45000694B1B68D7F8AC20D31AD7F8BC209A42B6
:10A4600000F2C68065494FF000024FF00003C1E9D9
:10A470000023FBF709F94FF47A70E9F795FD5F4B7C
:10A48000D3E9002313434DD0FAF74AF8C7E92C016A
:10A490005A4BD3E90023D7E92C01904271EB030317
:10A4A0000AD2564BD3E90001D7E92C23841A61EB79
:10A4B0000305C7E932450AE0504BD3E90023D7E949
:10A4C0002C01B0EB020861EB0309C7E932894C4B60
:10A4D0001B78002B07D0D7E93223D7E9300190420F
:10A4E00071EB03031ED2454BD3E9002310461946F6
:10A4F000F9F758FF424B1B78002B06D1404B012245
:10A500001A70404817F034FE0CE007F1500218238F
:10A51000D7E93201FBF7FCFA07F1500319463A4834
:10A5200017F0B6FD0020F6F77BFDC7F8A800D7F8B6
:10A53000A8301B781E46D7F8A83001331B781A467E
:10A54000D7F8A83002331B781946D7F8A830033360
:10A550001B7807F10C0002930191009233462B4ABD
:10A56000142117F00DFE07F10C031946284817F0C7
:10A570008FFD224BD3E90023134318D01F4BD3E99F
:10A58000000107F188022023FBF790F81B4BD3E969
:10A59000000107F138021523FBF7BAFA07F1380278
:10A5A00007F1880319461B4817F072FD02E01A48AC
:10A5B00017F0DEFDF9F7B4FFC7E92C0107F16802D7
:10A5C0002023D7E92C01FBF771F807F120021823AB
:10A5D000D7E92C01FBF79CFA07F1200207F1680389
:10A5E00019460E4817F054FD034AD7F8AC301360F3
:10A5F0006420E9F7D9FC27E7B0AD042438A504248A
:10A60000B4AD042404A604082CA6040858A6040823
:10A6100064A6040884A60408A4A60408C0A6040826
:10A6200080B586B000AF0346FB804FF400718A48C6
:10A63000DCF778FD0346FB754FF400618648DCF7D4
:10A6400071FD0346BB7580218348DCF76BFD034633
:10A650007B75FB88B3F5007F03D0FB88B3F5006FF3
:10A6600077D17E4B1B78FA7D9A4205D17C4B1B78C3
:10A67000BA7D9A4200F0EB80784B1B78002B2FD1EB
:10A68000FB7D012B2CD1BB7D002B14D1754B0122FE
:10A690001A70754B18680023744A7249E6F71EFE5B
:10A6A000734B02221A70734B186800236F4A70496B
:10A6B000E6F714FE47E06B4BFF221A706A4B1868EE
:10A6C00000236A4A6749E6F709FE694B02221A70BD
:10A6D000684B18680023654A6549E6F7FFFD32E0DC
:10A6E0005F4B1B78002B2ED1BB7D012B2BD1FB7D2B
:10A6F000012B14D15B4B01221A705B4B18680023AD
:10A700005A4A5849E6F7EAFD594B02221A70594B4A
:10A7100018680023554A5649E6F7E0FD13E0514B0F
:10A72000FF221A70504B18680023504A4D49E6F733
:10A73000D5FD4F4B02221A704E4B186800234B4A2E
:10A740004B49E6F7CBFD454AFB7D1370444ABB7D80
:10A750001370FB88802B4FD1474B1B78012B0BD1FB
:10A760007B7D002B08D1454B01221A70E7F7AEFE26
:10A770000346434A13603CE03F4B1B78002B38D123
:10A780007B7D012B35D13D4B1B78002B31D0E7F77A
:10A790009DFE38613A4B1B683A69D31AFB604FF44F
:10A7A0007A72FB6893420DD32E4B03221A70304B02
:10A7B00001221A702F4B186800232C4A2C49E6F707
:10A7C0008DFD0CE0274B02221A70294B02221A70D1
:10A7D000284B18680023254A2549E6F77FFD224BC0
:10A7E00018680023214A1F49E6F778FD234B002211
:10A7F0001A70214A7B7D1370FB88B3F5004F11D18D
:10A800004FF400411F48DCF78DFC0346012B09D1B2
:10A810000123FB721C4B186807F10B010223134A3A
:10A82000E6F75CFDFB88102B12D110211748DCF7EE
:10A8300079FC0346012B0BD10223BB72124B186823
:10A8400007F10A010223094AE6F748FD00E000BFCC
:10A850001837BD4680BD00BF00100258C1AD0424AA
:10A86000C2AD0424B5AD042480AF0424B8AD0424E3
:10A87000B6AD042474AF0424C3AD0424C0AD0424D5
:10A88000BCAD04240018025884AF0424000402580C
:10A8900080B500AF002201210120E9F7AEFC03469C
:10A8A000084A1360002200210120E9F7A6FC0346B4
:10A8B000054A1360402205490548E5F745FF00BFFA
:10A8C00080BD00BF48AE04244CAE042404AE042472
:10A8D0004089042480B588B000AF7860FFF7D8FFC6
:10A8E0000023FB83424B1B78022B1ED0022B25DC5E
:10A8F000002B02D0012B09D020E000F0D9FB034649
:10A900007B8100F0F7FB0346BB8117E000F014FCED
:10A910000346DBB2BB7300F0A9FCF0EE407AFCEE1C
:10A92000E77A17EE903ABB6108E000F0D5FC0346E9
:10A93000BB8200F0F3FC0346FB8200BF2C4B1B786C
:10A940005A1C2C4B83FB0231D317C91A0B465B00F0
:10A950000B44D11ACAB2264B1A70274B1B7801330D
:10A96000DAB2254B1A70244B1B78042B06D900F061
:10A97000F7FC0346FB83204B00221A70EAF7FCF930
:10A980007A891E4BDA80BA891C4B1A81BA7B1B4B21
:10A990009A72BB69194A5361BA8A184B1A82FA8AA9
:10A9A000164B5A82164B1B88022B03D9134B0122DC
:10A9B0005A7102E0114B00225A710F4B1B78002B89
:10A9C0000FD1FB8B07EE903AB8EE677ADFED0D6A98
:10A9D000C7EE267A9FED0C7A67EE877A074BC3EDB8
:10A9E000097AEAF7FBF9C820E7F7D6FB7AE700BF58
:10A9F00052AE04245655555553AE0424D8000024B5
:10AA000044AE042400007A450000C84280B485B0FA
:10AA100000AF78600B467B804FF6FF73FB8111E03F
:10AA2000FB89DAB27B68591C79601B7853407B73D1
:10AA3000FB891B0AFB817B7B084A32F81320FB89C8
:10AA40005340FB817B885A1E7A80002BE8D1FB891A
:10AA500018461437BD465DF8047B70476CE3040864
:10AA600080B500AF012208210248DCF773FB00BF6C
:10AA700080BD00BF0018025880B500AF0022082139
:10AA80000248DCF767FB00BF80BD00BF001802581A
:10AA900080B588B000AF7B600346FB730B46BB817B
:10AAA00013467B817F4B1B68C8211846E9F72EFCB3
:10AAB0000346002B02D06FF00303EFE00023BB77C7
:10AAC00040220021784817F0F0FCBB7F5A1CBA776F
:10AAD0001946754AFB7B5354BB7F5A1CBA771A46FA
:10AAE000714B03219954BB891B0A99B2BB7F5A1C35
:10AAF000BA771A46C9B26C4B9954BB7F5A1CBA77C5
:10AB00001A46BB89D9B2684B99547B891B0A99B202
:10AB1000BB7F5A1CBA771A46C9B2634B9954BB7FA4
:10AB20005A1CBA771A467B89D9B25F4B9954BB7FBE
:10AB30009BB219465C48FFF769FF0346BB83BB7FA6
:10AB40005A1CBA771A46BB8BD9B2574B9954BB8B58
:10AB50001B0A99B2BB7F5A1CBA771A46C9B2524B2C
:10AB60009954524B1B6800211846E9F7CFFB504B14
:10AB700000221A80FFF774FFBB7F9BB21A464A4936
:10AB80004C48E3F7A7FD494B1B6814211846E9F729
:10AB9000BDFB0346002B11D04648E3F767FEFFF7E5
:10ABA0006BFF402244494348E5F7CEFD3D4B1B680F
:10ABB0001846E9F7FDFB4FF0FF336FE03E4B9B7803
:10ABC000FB76FB7E9BB205333B833B8B042B04D986
:10ABD000374B1B883A8B9A4207D9324B1B68184671
:10ABE000E9F7E6FB6FF0020358E0334B5B785BB2AA
:10ABF000002B07DA2B4B1B681846E9F7D9FB6FF0DF
:10AC000004034BE03B8B023B2B4AD35C1AB23B8BD9
:10AC1000013B2949CB5C1BB21B021BB213431BB285
:10AC2000FB823B8B023B9BB219462348FFF7EEFEAB
:10AC30000346BB82FA8ABB8A9A4207D0194B1B682B
:10AC40001846E9F7B5FB6FF0010327E00023FB7717
:10AC500018E0FB7F5B000333174AD35C1BB21B0277
:10AC60001AB2FB7F02335B001349CB5C1BB2134368
:10AC700019B2FB7F5B007A6813448AB21A80FB7FAB
:10AC80000133FB77FB7E5B08DBB2FA7F9A42E0D3AD
:10AC9000044B1B681846E9F78BFB00231846203746
:10ACA000BD4680BD48AE0424C4AD04244CAE04248B
:10ACB00050AE04244089042404AE042480B586B038
:10ACC00000AF0346FB710B46BB8013467B80674B8E
:10ACD0001B68C8211846E9F719FB0346002B02D070
:10ACE0006FF00303BEE00023FB75402200216048A3
:10ACF00017F0DBFBFB7D5A1CFA7519465C4AFB79A1
:10AD00005354FB7D5A1CFA751A46594B0621995427
:10AD1000BB881B0A99B2FB7D5A1CFA751A46C9B248
:10AD2000534B9954FB7D5A1CFA751A46BB88D9B20D
:10AD30004F4B99547B881B0A99B2FB7D5A1CFA75BC
:10AD40001A46C9B24A4B9954FB7D5A1CFA751A46E9
:10AD50007B88D9B2464B9954FB7D9BB21946444837
:10AD6000FFF754FE0346BB82FB7D5A1CFA751A4658
:10AD7000BB8AD9B23E4B9954BB8A1B0A99B2FB7D60
:10AD80005A1CFA751A46C9B2394B9954394B1B688B
:10AD900000211846E9F7BAFA374B00221A80FFF76C
:10ADA0005FFEFB7D9BB21A4631493448E3F792FCC3
:10ADB000304B1B6814211846E9F7A8FA0346002B0C
:10ADC00011D02E48E3F752FDFFF756FE40222C49E2
:10ADD0002A48E5F7B9FC254B1B681846E9F7E8FA5D
:10ADE0004FF0FF333EE008237B82234B1B887A8A97
:10ADF0009A4207D01D4B1B681846E9F7D9FA6FF045
:10AE000002032FE01E4B5B785BB2002B07DA174B77
:10AE10001B681846E9F7CCFA6FF0040322E0184BE0
:10AE20009B791AB2164BDB791BB21B021BB2134380
:10AE30001BB23B8206211248FFF7E8FD0346FB8167
:10AE40003A8AFB899A4207D0084B1B681846E9F7F3
:10AE5000AFFA6FF0010305E0044B1B681846E9F7F1
:10AE6000A7FA002318461837BD4680BD48AE042413
:10AE7000C4AD04244CAE042450AE04244089042400
:10AE800004AE042480B588B000AF7B600346FB733A
:10AE90000B46BB8113467B817F4B1B68C82118463C
:10AEA000E9F734FA0346002B02D06FF00303EEE01B
:10AEB0000023FB777B89DBB25B007B77402200219C
:10AEC000764817F0F2FAFB7F5A1CFA771946734A54
:10AED000FB7B5354FB7F5A1CFA771A466F4B1021A9
:10AEE0009954BB891B0A99B2FB7F5A1CFA771A4600
:10AEF000C9B26A4B9954FB7F5A1CFA771A46BB8930
:10AF0000D9B2664B99547B891B0A99B2FB7F5A1CB4
:10AF1000FA771A46C9B2614B9954FB7F5A1CFA77EB
:10AF20001A467B89D9B25D4B9954FB7F5A1CFA773C
:10AF300019465A4A7B7F53540023BB771CE0BB7FE2
:10AF40005B007A6813441B881B0A99B2FB7F5A1C6A
:10AF5000FA771A46C9B2514B9954BB7F5B007A68A5
:10AF600013441988FB7F5A1CFA771A46C9B24B4B17
:10AF70009954BB7F0133BB77BB7F9BB27A899A42DE
:10AF8000DDD8FB7F9BB219464448FFF73FFD0346DF
:10AF90007B83FB7F5A1CFA771A467B8BD9B23F4BD7
:10AFA00099547B8B1B0A99B2FB7F5A1CFA771A467D
:10AFB000C9B23A4B99543A4B1B6800211846E9F73D
:10AFC000A5F9384B00221A80FFF74AFDFB7F9BB2A0
:10AFD0001A4632493448E3F77DFB314B1B68142194
:10AFE0001846E9F793F90346002B11D02E48E3F7F2
:10AFF0003DFCFFF741FD40222C492B48E5F7A4FB1F
:10B00000254B1B681846E9F7D3F94FF0FF333EE0B4
:10B0100008233B83234B1B883A8B9A4207D01E4B55
:10B020001B681846E9F7C4F96FF002032FE01F4BC5
:10B030005B785BB2002B07DA174B1B681846E9F701
:10B04000B7F96FF0040322E0184B9B791AB2174B43
:10B05000DB791BB21B021BB213431BB2FB8206211E
:10B060001248FFF7D3FC0346BB82FA8ABB8A9A4296
:10B0700007D0094B1B681846E9F79AF96FF00103EE
:10B0800005E0054B1B681846E9F792F900231846BE
:10B090002037BD4680BD00BF48AE0424C4AD0424A3
:10B0A0004CAE042450AE04244089042404AE04248D
:10B0B00080B582B000AF00233B803B46012240F2C6
:10B0C000E9310120FFF7E4FC78607B68002B06D0B3
:10B0D000074B1B8801339AB2054B1A8002E0044BE0
:10B0E00000221A803B8818460837BD4680BD00BF45
:10B0F00044AE042480B582B000AF00233B803B46C1
:10B10000012241F299710120FFF7C2FC78607B684F
:10B11000002B06D0074B1B8801339AB2054B1A80CF
:10B1200002E0044B00221A803B8818460837BD46CF
:10B1300080BD00BF44AE042480B582B000AF0023C0
:10B140003B803B46012241F2AD710120FFF7A0FC9C
:10B1500078607B68002B06D0074B1B8801339AB2BE
:10B16000054B1A8002E0044B00221A803B881846E7
:10B170000837BD4680BD00BF44AE042480B584B00E
:10B1800000AF0346FB80FB881A4646F260010120AF
:10B19000FFF794FDF860FB68002B06D0074B1B8877
:10B1A00001339AB2054B1A8002E0044B00221A8048
:10B1B000FB6818461037BD4680BD00BF44AE04246E
:10B1C00080B586B000AF87ED010A264BD3ED0D7A2E
:10B1D00097ED017AB4EEE77AF1EE10FA02DD214B39
:10B1E0005B6B7B601F4BD3ED0D7AF1EE677A97EDC9
:10B1F000017AB4EEE77AF1EE10FA06D5194BD3EDE9
:10B200000D7AF1EE677AC7ED017A97ED017AF1EEEA
:10B21000086AC7EE267AFDEEE77A17EE903A7B6170
:10B220007B691B0C9BB2BB817B699BB2FB8107F1E5
:10B230000C03022246F281010120FFF723FE386150
:10B240003B69002B06D0084B1B8801339AB2064B92
:10B250001A8002E0044B00221A803B691846183716
:10B26000BD4680BDD800002444AE042480B584B01F
:10B2700000AF00233B603B46022246F26C010120F6
:10B28000FFF706FCF860FB68002B08D0114B1B8809
:10B2900001339AB20F4B1A804FF0000313E00D4BAD
:10B2A00000221A803B881B047A881343BB60BB686A
:10B2B00007EE903AF8EEE77AB1EE087A67EE877A11
:10B2C000C7ED017A7B6807EE903AB0EE670A103757
:10B2D000BD4680BD44AE042480B582B000AF0023DB
:10B2E0003B803B46012241F2C3710120FFF7D0FBB6
:10B2F00078607B68002B06D0074B1B8801339AB21D
:10B30000054B1A8002E0044B00221A803B88184645
:10B310000837BD4680BD00BF44AE042480B582B06E
:10B3200000AF00233B803B46012241F2C471012063
:10B33000FFF7AEFB78607B68002B06D0074B1B88BD
:10B3400001339AB2054B1A8002E0044B00221A80A6
:10B350003B8818460837BD4680BD00BF44AE042474
:10B3600080B582B000AF00233B803B460122002124
:10B370000220FFF78DFB78607B68002B14D0154B03
:10B380001B8801339AB2134B1A80E9F7F5FC124B74
:10B3900093F8453043F00403DAB20F4B83F84520AD
:10B3A000E9F71CFD002310E00A4B00221A80E9F7A0
:10B3B000E3FC094B93F8453023F00403DAB2064B63
:10B3C00083F84520E9F70AFD3B8818460837BD4653
:10B3D00080BD00BF46AE0424D800002480B582B0F2
:10B3E00000AF78607B681B68044A934201D1FFF785
:10B3F00043FB00BF0837BD4680BD00BF004800408A
:10B4000080B582B000AF78600B467B807B681B689C
:10B41000094A93420CD1094A7B881380084B1B6868
:10B420001846E8F7C5FF402206490748E5F78CF9BA
:10B4300000BF0837BD4680BD0048004050AE042420
:10B440004CAE042404AE04244089042480B582B0A8
:10B4500002AF184B4FF080421A60164B00225A6020
:10B46000144B02229A60134B0122DA60114B002226
:10B470001A61104B00225A610E490F48E0F7C2FDD5
:10B480000346002B03D045210C4801F0C3F80023EC
:10B4900000930023002200210748E0F729FE03461D
:10B4A000002B03D05121054801F0B4F800BFBD4680
:10B4B00080BD00BF54AE04247884042468A8040826
:10B4C00080B582B002AF184B4FF080421A60164B25
:10B4D00000225A60144B02229A60134B0222DA6057
:10B4E000114B00221A61104B00225A610E490F487D
:10B4F000E0F788FD0346002B03D074210C4801F0CF
:10B5000089F8002300930023012201210748E0F776
:10B51000EFFD0346002B03D07F21054801F07AF8A8
:10B5200000BFBD4680BD00BF74AE0424188504244E
:10B5300068A8040880B500AF002201211148E1F796
:10B5400009F80346002B03D093210F4801F062F85D
:10B55000002204210B48E0F7FDFF0346002B03D037
:10B560009821094801F056F8002202210548E0F729
:10B57000F1FF0346002B03D09D21034801F04AF858
:10B5800000BF80BD7884042468A8040880B500AF9B
:10B59000002210211148E0F7DDFF0346002B03D005
:10B5A000AF210F4801F036F8002220210B48E0F7C8
:10B5B000D1FF0346002B03D0B321094801F02AF83C
:10B5C000022240210548E0F7C5FF0346002B03D0C7
:10B5D000B721034801F01EF800BF80BD1885042480
:10B5E00068A8040880B483B000AF786039603B6815
:10B5F000194A934205D17B681B68D3F8A4203B68A5
:10B600001A613B68154A934205D17B681B68D3F8E1
:10B61000B4203B681A613B681B691B0ADBB203F06C
:10B620001F03DAB23B681A753B681B691B0CDBB25F
:10B6300003F01F03DAB23B689A753B681B69DBB203
:10B6400003F03F03DAB23B685A7500BF0C37BD46C2
:10B650005DF8047B704700BF80000024AC0000242C
:10B6600080B582B000AF78607B68DB78082B39D872
:10B6700001A252F823F000BF9DB60208A5B6020849
:10B68000ADB60208B5B60208BDB60208C5B60208D6
:10B69000CDB60208D5B60208DDB60208324B00224C
:10B6A000DA6021E0304B0122DA601DE02E4B0222ED
:10B6B000DA6019E02C4B0322DA6015E02A4B0422F1
:10B6C000DA6011E0284B0522DA600DE0264B0622F5
:10B6D000DA6009E0244B0722DA6005E0224B0822F9
:10B6E000DA6001E000233BE07B681B881A461E4BB2
:10B6F0001A601D4B4FF080425A601B4B00229A602B
:10B70000194B00221A61184B00225A61164B002275
:10B710009A61154B0022DA61134B00221A627B6892
:10B720009B78012B04D1104B4FF000529A6002E03D
:10B730000D4B00229A600D48E0F7FAFE0346002BFD
:10B7400001D100230CE07B6804331A460649074800
:10B75000E0F726FD0346002B01D1012300E0002382
:10B7600018460837BD4680BDE4AE0424788404241E
:10B7700080B582B000AF78607B68DB78082B39D861
:10B7800001A252F823F000BFADB70208B5B7020816
:10B79000BDB70208C5B70208CDB70208D5B7020881
:10B7A000DDB70208E5B70208EDB70208324B002208
:10B7B000DA6021E0304B0122DA601DE02E4B0222DC
:10B7C000DA6019E02C4B0322DA6015E02A4B0422E0
:10B7D000DA6011E0284B0522DA600DE0264B0622E4
:10B7E000DA6009E0244B0722DA6005E0224B0822E8
:10B7F000DA6001E000233BE07B681B881A461E4BA1
:10B800001A601D4B4FF080425A601B4B00229A6019
:10B81000194B00221A61184B00225A61164B002264
:10B820009A61154B0022DA61134B00221A627B6881
:10B830009B78012B04D1104B4FF000529A6002E02C
:10B840000D4B00229A600D48E0F772FE0346002B74
:10B8500001D100230CE07B6804331A4606490748EF
:10B86000E0F79EFC0346002B01D1012300E00023FA
:10B8700018460837BD4680BD08AF04241885042447
:10B8800080B500AF0248E0F760FC00BF80BD00BF9C
:10B890007884042480B500AF0248E0F756FC00BF6E
:10B8A00080BD00BF1885042480B584B000AF7860E7
:10B8B000396007F1080300221A605A60234A3B6886
:10B8C000D3603B68022B05D03B68012B02D03B685C
:10B8D000042B36D107F108031D4A40217868E0F7B0
:10B8E000BBFC1A4B043307F1080292E8030083E81B
:10B8F0000300174B1B689AB2144B1A80144BDB6879
:10B900001B0CDAB2114BDA70114B9B68B3F1005F7C
:10B9100003D10E4B01229A7002E00C4B00229A7068
:10B920000C4B1868002300220849E5F7D7FC074BA9
:10B930009B6A064978689847044B5B7DDBB2002B15
:10B94000C8D100BF1037BD4680BD00BF80000024B5
:10B9500094AE042488AF042480B584B000AF78602E
:10B96000396007F1080300221A605A60234A3B68D5
:10B97000D3603B68202B05D03B68102B02D03B687E
:10B98000402B36D107F108031D4A41217868E0F7C2
:10B9900063FC1A4B043307F1080292E8030083E8C2
:10B9A0000300174B1B689AB2144B1A80144BDB68C8
:10B9B0001B0CDAB2114BDA70114B9B68B3F1005FCC
:10B9C00003D10E4B01229A7002E00C4B00229A70B8
:10B9D0000C4B1868002300220849E5F77FFC074B51
:10B9E0009B6A064978689847044B5B7DDBB2002B65
:10B9F000C8D100BF1037BD4680BD00BFAC000024D9
:10BA0000BCAE04248CAF042480B588B000AF3A608B
:10BA10001A460346FB800B467B7113463B71FB883D
:10BA20001B02FB830023FB60FB8B3B820223FB7426
:10BA300036233B756B237B750023BB7497F9053068
:10BA400007F110021146184600F004FA0346002BD5
:10BA500038D007F110034FF4FA7219463868E5F749
:10BA60006BFD0346002B2AD03B8AFA8B9A4223D1E6
:10BA70003B7D362B20D107F11003043302331B68C2
:10BA8000FB60FB681A0EFB681B0A03F47F431A4332
:10BA9000FB681B0203F47F031A43FB681B06134376
:10BAA000FB60FB680A4AA2FB0323DA083B79B2FB7E
:10BAB000F3F3FB60FB6807E04FF0FF3304E04FF067
:10BAC000FF3301E04FF0FF3318462037BD4680BDFD
:10BAD000CDCCCCCC80B586B000AF3A601A460346D8
:10BAE000FB710B46BB7113467B71FB799BB21B024A
:10BAF000FB82FB799BB2FA8A12FB03F39BB23B8178
:10BB00000823FB720023BB72FD233B7300237B736E
:10BB10000223BB73F023FB7302233B74F0237B747B
:10BB20000823BB74FF23FB7497F9063007F1080262
:10BB30001146184600F08EF9FB8A01339BB23B8117
:10BB40000823FB72FD233B7300237B730023BB732D
:10BB5000B7F920307A7903FB02F213469B001344B5
:10BB60005B00002B00DAFF331B12DBB2FB73B7F96B
:10BB700020307A7903FB02F213469B0013445B00EA
:10BB80005A42DBB2D2B258BF5342DBB23B740123FC
:10BB90007B740023BB746B23FB7497F9063007F1A9
:10BBA00008021146184600F055F90346002B2ED026
:10BBB00007F108034FF4FA6219463868E5F7BCFC50
:10BBC0000346002B21D03B89FA8A9A421BD13B7B4A
:10BBD000FD2B18D17B7B022B13D107F108034FF407
:10BBE000FA6219463868E5F7A7FC0346002B06D031
:10BBF0007B7B9F2B01D101230AE0002308E0002377
:10BC000006E0002304E0002302E0002300E000231C
:10BC100018461837BD4680BD80B586B000AF3A6083
:10BC20001A460346FB710B46BB7113467B71FB79C9
:10BC30009BB21B02FB82FB8A3B810023BB72082361
:10BC4000FB72FB233B7397F824307B730823BB7391
:10BC5000FF23FB7300233B7400237B74B7F9203070
:10BC60007A7903FB02F213469B0013445B00002B1E
:10BC700000DAFF331B12DBB2BB74B7F920307A79DC
:10BC800003FB02F213469B0013445B005A42DBB2F3
:10BC9000D2B258BF5342DBB2FB7497F9063007F1BA
:10BCA00008021146184600F0D5F8FB8A01339BB212
:10BCB0003B810423FB72FB233B7302237B73002332
:10BCC000BB736B23FB7397F9063007F1080211462B
:10BCD000184600F0BFF80346002B2ED007F10803EA
:10BCE0004FF4FA6219463868E5F726FC0346002B44
:10BCF00021D03B89FA8A9A421BD13B7BFB2B18D17E
:10BD00007B7B022B13D107F108034FF4FA6219462B
:10BD10003868E5F711FC0346002B06D07B7B9F2B90
:10BD200001D101230AE0002308E0002306E00023FC
:10BD300004E0002302E0002300E000231846183747
:10BD4000BD4680BD80B586B000AF03463A60FB714A
:10BD50000B46BB71FB799BB21B02FB82FB8A3B81CA
:10BD60000423FB7293233B7388237B730123BB73F0
:10BD70006B23FB7397F9063007F10802114618464A
:10BD800000F068F80346002B1CD007F1080340F2CE
:10BD9000DC5219463868E5F7CFFB0346002B0FD07D
:10BDA0003B89FA8A9A4209D13B7B932B06D17B7B54
:10BDB000022B01D1012306E0002304E0002302E06E
:10BDC000002300E0002318461837BD4680BD80B52B
:10BDD00086B000AF03463A60FB710B46BB71FB793E
:10BDE0009BB21B02FB82FB8A3B810323FB720E2367
:10BDF0003B7352237B736B23BB7397F9063007F1B8
:10BE000008021146184600F025F80346002B1CD006
:10BE100007F108034FF4FA7219463868E5F78CFB0E
:10BE20000346002B0FD03B89FA8A9A4209D13B7B0B
:10BE30000E2B06D17B7B022B01D1012306E00023D0
:10BE400004E0002302E0002300E000231846183736
:10BE5000BD4680BD80B582B000AF03463960FB713E
:10BE600097F90730012B02D0022B05D009E0386882
:10BE7000FFF7F6FB034605E03868FFF779FC034659
:10BE800000E0002318460837BD4680BD80B5A0B04D
:10BE900000AF78604FF4FA70E6F77EF95C4B3B67D1
:10BEA000E8F76AFF5B4A07F10C031146482218467F
:10BEB00017F0A5FAE8F792FF4FF00003FB67BB6BA2
:10BEC000FB66BB6ABB663B6C7B667B6C3B663B7B05
:10BED000012B02D03B7B022B43D14F4AFB6ED36038
:10BEE0004D4ABB6E13613B7B012B09D1D7ED190A7B
:10BEF0009FED4A0A484800F0B5F887ED1F0A37E081
:10BF00003B7B022B34D197ED1B7AD7ED1A7A77EE73
:10BF1000677AC7ED177A424B93ED007AD7ED176A2F
:10BF2000C6EE877AC7ED167A97ED197AD7ED167AAD
:10BF300067EE277AC7ED1E7A97ED1E7AD7ED187A4D
:10BF4000B4EEE77AF1EE10FA01D53B6EBB67D7EDA0
:10BF50001E0A9FED320A304800F084F887ED1F0A70
:10BF600006E04FF00003FB672B4800F061F800E0AB
:10BF700000BF2C4BD3ED007A97ED1F7A77EE677AEE
:10BF8000F0EEE77A97ED1C7AB4EEE77AF1EE10FA6C
:10BF900012D597ED1F0AFFF713F9224AFB6F1360C2
:10BFA000E8F7EAFED7ED1F7AFCEEE77A17EE902A63
:10BFB000184BDA60E8F712FF14237B6797ED1B7AC2
:10BFC000D7ED1A7A77EE677AF0EEE77AC7ED157A51
:10BFD0003B7B022B0FD1124BD3ED007A9FED127AEF
:10BFE00067EE877A97ED157AB4EEE77AF1EE10FAFC
:10BFF00001D532237B677B6F4FF47A7202FB03F328
:10C000000A4AA2FB03239B091846E6F7C5F847E74F
:10C010000000A040D80000242CAF04240000000041
:10C020006CE5040850AF04249A99993ED34D6210F0
:10C0300080B483B000AF78607B684FF000025A6133
:10C040007B684FF000029A617B684FF00002DA6172
:10C050007B684FF000021A6200BF0C37BD465DF8E6
:10C06000047B704780B487B000AFF86087ED020AA8
:10C07000C7ED010AFB6893ED037AFB68D3ED047A00
:10C0800077EE677AFB68C3ED057AFB6893ED007A7B
:10C09000FB68D3ED056AFB68D3ED067A76EEE77AA6
:10C0A00027EE277AFB68D3ED016AFB68D3ED057AAA
:10C0B00066EEA77A37EE277AFB68D3ED026AFB6853
:10C0C00093ED056AFB68D3ED067A77EEA77A36EE34
:10C0D000676AFB68D3ED077A76EE277A66EEA77A71
:10C0E00077EE277AC7ED057AFB689A69FB68DA6113
:10C0F000FB685A69FB689A61FB6893ED087AD7ED93
:10C10000057A77EE277AFB68C3ED087AFB68D3EDF2
:10C11000087A97ED027AB4EEE77AF1EE10FA02DDD2
:10C12000FB68BA681A62FB68D3ED087A97ED017A6A
:10C13000B4EEE77AF1EE10FA02D5FB687A681A627B
:10C14000FB681B6A07EE903AB0EE670A1C37BD46E3
:10C150005DF8047B7047000080B592B008AF78604E
:10C16000BD4B0B22BD49BE4815F092FFBD4B9B68ED
:10C170000C22BA49BC4815F08BFFBA4BDB680D2284
:10C18000B649BA4815F084FFB94B1B78DBB2012BD6
:10C1900040F03B81E8F7F0FDB64A07F10C0392E866
:10C1A000030083E80300B24B00221A70E8F716FE82
:10C1B000BB8907EE903AF8EEE77A9FEDAF7A27EE6B
:10C1C000877ADFEDAE6AC7EE267AC7ED077A97ED7C
:10C1D000077ADFEDAB6AC7EE267A9FEDAA7A67EEA3
:10C1E000877AC7ED067AD7ED067AB1EE007A37EE98
:10C1F000C77AF3EE006AC7EE267A9FEDA37A67EE60
:10C20000877AC7ED097AD7ED097AF5EEC07AF1EEB3
:10C2100010FA02D54FF000037B62FB8907EE903ADB
:10C22000F8EEE77A9FED947A27EE877ADFED936A4E
:10C23000C7EE267AC7ED077A97ED077ADFED906AA9
:10C24000C7EE267A9FED8F7A67EE877AC7ED057A7B
:10C25000D7ED057AB1EE007A37EEC77AF3EE006AD1
:10C26000C7EE267A9FED897A67EE877A9FED887A06
:10C2700077EEC77AC7ED087AD7ED087A9FED857A11
:10C28000F4EEC77AF1EE10FA01D5834B3B62D7ED9D
:10C29000087A9FED827AF4EEC77AF1EE10FA01DDAA
:10C2A0007F4B3B623B8A07EE903AF8EEE77A9FEDD0
:10C2B000727A27EE877ADFED716AC7EE267AC7EDCC
:10C2C000077A97ED077ADFED6E6AC7EE267A9FED63
:10C2D0006D7A67EE877A734BC3ED007A7B8A07EE3F
:10C2E000903AF8EEE77A9FED647A27EE877ADFEDF1
:10C2F000636AC7EE267AC7ED077A97ED077ADFED16
:10C30000606AC7EE267A9FED5F7A67EE877A654BA3
:10C31000C3ED017AD7ED067A9FED637AF4EEC77A22
:10C32000F1EE10FA08D4D7ED067AB3EE057AF4EE02
:10C33000C77AF1EE10FA0ADD5C4B1B78022B09D8A4
:10C340005A4B1B780133DAB2584B1A7002E0574B44
:10C3500000221A70D7ED057A9FED537AF4EEC77A72
:10C36000F1EE10FA08D4D7ED057AB3EE057AF4EEC3
:10C37000C77AF1EE10FA0ADD4D4B1B78022B09D873
:10C380004B4B1B780133DAB2494B1A7002E0484B31
:10C3900000221A70E8F7F0FC464B93F8453023F082
:10C3A0000303DAB2434B83F84520404B1B78022B42
:10C3B00008D9404B93F8453043F00103DAB23D4BC6
:10C3C00083F845203A4B1B78022B08D9394B93F858
:10C3D000453043F00203DAB2364B83F84520354A44
:10C3E0007B6AD361334A3B6A1362324B93F8453020
:10C3F000002B04D02F4B002283F8442003E02D4B68
:10C40000012283F84420E8F7E9FC2A4BD3ED077AB0
:10C41000B7EEE77A274BD3ED086AB7EEE66A214B11
:10C42000D3ED005AB7EEE55A1E4BD3ED014AB7EEF5
:10C43000E44A8DED064B8DED045B8DED026B8DEDC9
:10C44000007B792205491C4815F022FE4FF47A70D2
:10C45000E5F7A2FE98E600BF00020038A8A804088D
:10C46000ECA804080060025808A9040828A90408D8
:10C470005CAF042454AF04243333534000FF7F47A0
:10C480000000204300007A440000204200002A43BC
:10C4900000004842000070C2000070C20000024369
:10C4A0000000024360AF04246666664068AF04245F
:10C4B00069AF0424D800002448A9040880B48DB0D2
:10C4C00000AF78607B681B682E4A934254D12E4B94
:10C4D000FB610823BB61BB69002B1DDDFB6903F019
:10C4E0001F02BB6913447B61FB693B61BFF34F8F44
:10C4F00000BF264A3B69C2F870323B6920333B617A
:10C500007B69203B7B617B69002BF2DCBFF34F8FA3
:10C5100000BFBFF36F8F00BF00BFEFF311824FF07A
:10C52000500383F31188BFF36F8FBFF34F8F7A628D
:10C530003B627B6ABB62002387F82F300FE097F8DD
:10C540002F2097F82F30104931F8122091B2104A5D
:10C5500022F8131097F82F30013387F82F3097F80F
:10C560002F30032BEBD90B4B01221A70BB6AFB60F7
:10C57000FB6883F3118800BF00BF3437BD465DF808
:10C58000047B7047006002580002003800ED00E0B4
:10C5900054AF04245CAF042480B400AFBFF34F8FCA
:10C5A00000BF064BDB6803F4E0620449044B13430D
:10C5B000CB60BFF34F8F00BF00BFFDE700ED00E091
:10C5C0000400FA0580B582B000AF01237B607B6870
:10C5D00083F3138800BFFFF7DFFF000080B483B050
:10C5E00000AF7860084B1A687B681A60074B1A68BE
:10C5F0007B685A60064B1A687B689A6000BF0C37EC
:10C60000BD465DF8047B704700E8F11F04E8F11FA8
:10C6100008E8F11F80B582B000AF786039603A68F1
:10C620007968054815F034FD3B68002B00D100E027
:10C63000FEE70837BD4680BD74A9040880B5B6B0D2
:10C6400000AF7860052387F8D730002387F8D6300D
:10C6500040F6B830E5F7A0FDE8F78EFBC34A07F1D6
:10C660000C0311464822184616F0C9FEE8F7B6FB3F
:10C67000002387F8D530002387F8D4307B8A002B3D
:10C6800004D1BB8A03F00803002B02D0012387F8F2
:10C69000D53097F85130002B02D0012387F8D430E1
:10C6A0007B7C87F8CF3097F8D530002B07D197F8EF
:10C6B000D430002B03D197F8CF30002B01D00123C9
:10C6C00000E0002387F8CE303B7B052B40F09C81B7
:10C6D000002387F8D33097F8D730052B1DD053228D
:10C6E000A349A44815F0D4FCA349012002F0C8FCDA
:10C6F000E8F742FB9D4B002283F828209B4B022247
:10C700001A719A4B0022DA60E8F768FB9FED9B0AEA
:10C71000FEF756FD9A48FFF78BFC07F19E030122B6
:10C7200040F2E9310120FEF7B3F9C7F8B400D7F8B9
:10C73000B430002B02D0012387F8D330FEF710FE6F
:10C740000346A7F8B2308F4B1B88002B14D1E8F7B3
:10C7500013FBB7F8B23007EE903AB8EE677ADFED28
:10C760008A6AC7EE267A9FED897A67EE877A7F4BD1
:10C77000C3ED097AE8F732FBE8F7FEFA7B4A07F1E6
:10C78000540311464822184616F039FEE8F726FBF6
:10C79000002387F8D230002387F8D130B7F85A3019
:10C7A000002B05D1B7F85C3003F00803002B02D052
:10C7B000012387F8D23097F89930002B02D001235B
:10C7C00087F8D13097F8D330002B07D197F8D230C3
:10C7D000002B03D197F8D130002B01D0012300E0CA
:10C7E000002387F8B13097F8B130002B65D097F867
:10C7F000D330002B08D089225D49654815F048FCEC
:10C800006449002002F03CFC97F8D130002B38D06E
:10C8100097F8993003F00403002B09D09022544973
:10C820005D4815F035FC5D49002002F029FC28E048
:10C8300097F8993003F00103002B09D095224C4959
:10C84000574815F025FC5749002002F019FC18E064
:10C8500097F8993003F00203002B09D09A2244493B
:10C86000514815F015FC5149002002F009FC08E080
:10C870009F223F494E4815F00BFC4E49002002F024
:10C88000FFFB97F8D230002B0FD0A52238494A4839
:10C8900015F0FEFB4949002002F0F2FBE8F76CFAC4
:10C8A000324B03221A71E8F799FA052387F8D7303B
:10C8B0004FF4FA60E5F770FCEFE2B1222C494048F2
:10C8C00015F0E6FB97F8D630002B25D10320FEF7B4
:10C8D00055FCC7F8AC00D7F8AC30002B0FD1E8F707
:10C8E0004BFA224B0322DA72E8F778FA012387F831
:10C8F000D630BD221E49334815F0CAFB0CE0C122D8
:10C900001B49314815F0C4FB052387F8D7304FF495
:10C910007A70E5F741FCC0E2E8F72EFABB6AC7F887
:10C92000A830BB6BC7F8A430FB6BC7F8A03097EDFD
:10C930002A7AD7ED287AB4EEE77AF1EE10FA03DB23
:10C940000A4B03221A7055E09FED207AD7ED297A21
:10C9500077EEC77A97ED2A7AB4EEE77AF1EE10FA1D
:10C9600038DB024B02221A7044E000BFD8000024DA
:10C97000A4A90408DCA9040800AA04080000000017
:10C980002CAF042446AE042400007A450000C842BF
:10C9900014AA040848AA040864AA040898AA040867
:10C9A000B8AA0408E8AA040808AB040838AB0408CD
:10C9B00058AB04088CAB0408A8AB0408D0AB04083F
:10C9C000E8AB04081CAC04084CAC04089A99993EE6
:10C9D000CDCC4C3ED7ED2A7A1FED037AF4EEC77A20
:10C9E000F1EE10FA03DDB54B01221A7002E0B34BF1
:10C9F00000221A70E8F7F2F9B04B1B7887F8D730AD
:10CA00006420E5F7C9FB48E297F8CE30002B00F030
:10CA100092803B7B002B1CD0E8F7AEF9A74B00229D
:10CA20001A70A64B002283F82820A44B0022DA605B
:10CA3000A24B03221A71E8F7D1F99FEDA10AFEF784
:10CA4000BFFBA048FFF7F4FAF3229F499F4815F077
:10CA50001FFB97F8CF30012B09D19D49002002F030
:10CA60000FFBFA2298499B4815F012FB5BE097F800
:10CA7000D530002B09D09849002002F001FBFF229D
:10CA80009149964815F004FB4DE097F8D430002BFF
:10CA900049D0002387F8D03097F8513003F00103D4
:10CAA000002B0CD08E49002002F0EAFA40F2071267
:10CAB00085498C4815F0ECFA012387F8D03097F8B7
:10CAC000513003F00203002B0CD08749002002F004
:10CAD000D7FA40F20D127C49844815F0D9FA0123A7
:10CAE00087F8D03097F8513003F00403002B0CD0B6
:10CAF0007F49002002F0C4FA40F2131272497D48C7
:10CB000015F0C6FA012387F8D03097F8D030002B03
:10CB100009D17949002002F0B3FA40F219126A49AA
:10CB2000764815F0B5FA002387F8D7304FF4FA604D
:10CB3000E5F732FBB1E1BB6AC7F8C830BB6BC7F899
:10CB4000C430FB6BC7F8C0303B7B042B00F2818103
:10CB500001A252F823F000BF6DCB020847CC0208B7
:10CB60001DCD020899CD020813CE020897F8D730E0
:10CB7000002B27D04FF496725349614815F088FA7C
:10CB8000E5F794FC03465F4A1360E8F7F5F84B4B72
:10CB9000002283F82820494B0022DA60474B1B799A
:10CBA000032B02D0454B00221A71E8F717F99FEDCD
:10CBB000440AFEF705FB4348FFF73AFA52490120C1
:10CBC00002F05EFAE5F772FCC7F8BC004D4B1B683B
:10CBD000D7F8BC20D31AC7F8B830D7F8B83040F629
:10CBE000B732934240F24E819FED487AD7ED317AC9
:10CBF00077EEC77A97ED327AB4EEE77AF1EE10FA73
:10CC00000FD5D7ED327A9FED427AF4EEC77AF1EE86
:10CC100010FA06DDE8F7B0F8284B01221A70E8F7A1
:10CC2000DDF897ED327AD7ED307AB4EEE77AF1EEAF
:10CC300010FA00DA29E1E8F79FF8204B03221A7076
:10CC4000E8F7CCF821E197F8D730012B13D04FF457
:10CC5000AE721D492F4815F01BFA1A48FFF7E8F984
:10CC6000E8F78AF8154B01221A71E8F7B7F82A4954
:10CC7000012002F005FA97ED327AD7ED317AB4EE61
:10CC8000E77AF1EE10FA06DBE8F776F80B4B0222B2
:10CC90001A70E8F7A3F897ED327AD7ED307AB4EE50
:10CCA000E77AF1EE10FA00DAEFE0E8F765F8034B07
:10CCB00000221A70E8F792F8E7E000BFD8000024DD
:10CCC000000000002CAF0424A4A9040870AC0408E0
:10CCD00094AC0408A8AC0408DCAC0408F8AC040864
:10CCE0001CAD040834AD040860AD040878AD040838
:10CCF000ACAD0408C8AD0408FCAD04081CAE0408C3
:10CD000044AE04086CAF042460AE04089A99993EBE
:10CD1000CDCC4C3E78AE040894AE040897F8D730DA
:10CD2000022B13D040F279125D495E4815F0B0F93C
:10CD30005D48FFF77DF9E8F71FF85C4B01221A7197
:10CD4000E8F74CF85A49012002F09AF99FED597A18
:10CD5000D7ED317A77EEC77A97ED327AB4EEE77A8B
:10CD6000F1EE10FA06D5E8F707F8504B01221A70D9
:10CD7000E8F734F897ED327AD7ED307AB4EEE77A07
:10CD8000F1EE10FA00DA80E0E7F7F6FF474B0022F9
:10CD90001A70E8F723F878E097F8D730032B22D001
:10CDA0004FF4CB723E49444815F072F9E7F7E4FFBF
:10CDB0003E4B012283F828203C4B0022DA603B4B9B
:10CDC0001B79032B02D0394B00221A71E8F706F8C1
:10CDD0009FED3A0AFEF7F4F93348FFF729F938498D
:10CDE000012002F04DF9D7ED327A9FED367AF4EE5C
:10CDF000C77AF1EE10FA00D947E0E7F7BDFF2B4BF9
:10CE0000002283F82820294B00221A70E7F7E6FF5A
:10CE10003BE097F8D730042B36D04FF4DA72204934
:10CE2000294815F035F9E7F7A7FF204B0022DA6013
:10CE30001E4B1B79032B02D01C4B00221A71E7F703
:10CE4000CDFF9FED1E0AFEF7BBF91748FFF7F0F87C
:10CE50001AE0E7F791FF154B00221A70134B0022DE
:10CE6000DA60124B1B79032B02D0104B00221A718F
:10CE7000E7F7B4FF9FED110AFEF7A2F90A48FFF7A2
:10CE8000D7F802E000BF00E000BF084B1B7887F82E
:10CE9000D7304FF4FA70E5F77FF9FFF7DDBB00BF3D
:10CEA000A4A90408A8AE04082CAF0424D8000024C8
:10CEB000C4AE04089A99993ED8AE04080000000058
:10CEC00004AF0408CDCC4C3E18AF040880B500AFC9
:10CED000044A00210448E6F7D2FF0346034A1360E0
:10CEE00000BF80BD70E50408F1CE020870AF0424D5
:10CEF00080B582B002AF42F21070E5F74DF90B4BEE
:10CF00001B88D9B2094B5B680022009201220020E5
:10CF100009F052F909F0C6F94FF0FF310120E6F7A8
:10CF200081F809F0DBF900BFF6E700BFF803002045
:10CF300080B500AF002201210120E3F748FF03463E
:10CF4000264A1360002221210120E3F740FF034617
:10CF5000234A1360002201210120E3F738FF034632
:10CF6000204A1360002204210120E3F730FF03462A
:10CF70001D4A1360002201210120E3F728FF034628
:10CF80001A4A136000220C210420E3F720FF034615
:10CF9000174A136000220C210420E3F718FF034610
:10CFA000144A136000224FF4BD610820E3F70FFF1D
:10CFB0000346114A136000223C211020E3F707FFCB
:10CFC00003460E4A136000223C210820E3F7FFFECF
:10CFD00003460B4A136000BF80BD00BF74AF04243A
:10CFE00078AF042480AF04247CAF042484AF0424ED
:10CFF00088AF04248CAF042490AF042494AF04249D
:10D0000098AF0424B0B5A4B006AF786078680EF08D
:10D0100059FCE7F7B1FEC14A07F12C03114648223B
:10D02000184616F0ECF9E7F7D9FE162300934FF4F3
:10D0300080730022002178680EF026FBB8497868DA
:10D040000FF0DAFC002178680FF0AEFEB549786881
:10D050000FF050FD0346C3F58073002B00DA013357
:10D060005B1099B2AF4B122278680FF023FC7B8ED5
:10D07000002B08D1BB8E03F00803002B03D197F8D7
:10D080003130002B19D0012178680FF08DFE0F236D
:10D090000093092320220C2178680EF062FEA24939
:10D0A00078680FF0A9FC002178680FF07DFE9F4B97
:10D0B0002722052178680FF0FDFB97F87030012BCF
:10D0C00019D0012178680FF06FFE0F230093092318
:10D0D0002022202178680EF044FE934978680FF0F2
:10D0E0008BFC002178680FF05FFE914B27221B21FB
:10D0F00078680FF0DFFB012178680FF055FE8D494D
:10D1000078680FF079FC07F10C0320220021184603
:10D1100015F0CBF907F10C00874B884A202115F058
:10D120002FF807F10C03194678680FF0E3FC03466B
:10D13000A7F87630B7F87630C3F1FB03A7F8743060
:10D1400007F10C03B7F87410272278680FF0B2FBD0
:10D1500007F10C0320220021184615F0A6F97849A2
:10D1600078680FF049FCD7ED127A07F10C03202202
:10D1700019460220B0EE670A0EF07EF907F10C03A3
:10D180000093704B3C220A2178680EF039F907F1C0
:10D190000C0320220021184615F087F9D7ED167AE6
:10D1A00007F10C03202219460220B0EE670A0EF0A8
:10D1B00063F907F10C030093634B3C2287217868E5
:10D1C0000EF01EF907F10C0320220021184615F07D
:10D1D0006CF93B6C00935D4B50220A2178680EF08D
:10D1E0000FF9D7ED137A07F10C032022194602201C
:10D1F000B0EE670A0EF040F907F10C030093544BB0
:10D200005022872178680EF0FBF807F10C032022EA
:10D210000021184615F049F9D7ED147A07F10C03EF
:10D22000202219460120B0EE670A0EF025F907F119
:10D230000C030093474B64220A2178680EF0E0F853
:10D2400007F10C0320220021184615F02EF997F85B
:10D250005430012B06D1404B6422872178680FF0AF
:10D2600029FB05E03D4B6422872178680FF022FB03
:10D270007B8E002B2BD1BB8E03F00803002B26D115
:10D2800097F87030012B22D12A4978680FF0B4FB4F
:10D29000F7F76AF8324BDB781A46314B5B78194660
:10D2A0002F4B9B7818462F4B1B781C462D4B5B78D9
:10D2B0001D462C4B9B780593049503940290019195
:10D2C0000092294B27220A2178680EF099F8122340
:10D2D00000934FF480736E22002178680EF0D4F929
:10D2E000224978680FF088FB002178680FF05CFD18
:10D2F0001F4B1B78022B3FD01E4978680FF0FAFBBA
:10D300000346C3F58073002B00DA01335B1099B23A
:10D31000184B7A2278680FF0CDFA3EE0D80000244E
:10D32000A0170508F8AF04089010050808B0040815
:10D330000CB0040848FD04087EAD042410B00408B5
:10D340006006050818B0040824B0040830B00408CA
:10D350003CB0040844B0040850B004085CB00408B1
:10D36000108D0424FC8C042468B0040878F50408AB
:10D370004CB004244DB00424104978680FF0BAFB77
:10D380000346C3F58073002B00DA01335B1099B2BA
:10D390000A4B7A2278680FF08DFA012178680FF035
:10D3A00003FD78680EF0A2FA0346002B7FF431AE3D
:10D3B00000BF00BF7837BD46B0BD00BF88B00408CD
:10D3C00080B582B000AF1748FFF71CFEE5F76EF896
:10D3D00078600023FB701DE0134B1B68B91C6422AE
:10D3E0001846E4F7A9F80346012B05D197F9023056
:10D3F000032B01D10123FB70E5F758F802467B6847
:10D40000D31AB3F5FA7F05D9E5F750F878600548E7
:10D41000FFF7F8FDFB78002BDED000BF00BF083718
:10D42000BD4680BDB8AF042480AF042480B582B06F
:10D4300000AF052229492A4801F0DCF8294801F00B
:10D4400045FA0123BB7141E0274B1B68F91D4FF0E2
:10D45000FF321846E4F770F80346002B36D097F9F0
:10D4600007300133042B30D801A252F823F000BF5B
:10D4700097D40208CBD4020885D40208A9D40208A4
:10D48000B5D40208BB1D1946012001F0E7FC154880
:10D4900001F01CFA1AE0BB1D1946002001F0DEFC69
:10D4A000104801F013FA11E0BB1D1946022001F0EB
:10D4B000D5FC0BE0BB1D1946032001F0CFFC002377
:10D4C000BB71084801F002FA00E000BFBB79002BF5
:10D4D000BAD100BF00BF0837BD4680BD200100247F
:10D4E000A4AF0424B8AF042480AF042400000000DB
:10D4F00080B58AB002AFF8600B467A607B81F8682D
:10D500000EF0E0F9162300934FF4807300220021FF
:10D51000F8680EF0B9F86849F8680FF06DFA002164
:10D52000F8680FF041FC6549F8680FF0E3FA03462C
:10D53000C3F58073002B00DA01335B1099B25F4BA7
:10D540001022F8680FF0B6F90121F8680FF02CFCF2
:10D550000F2300931E2340224021F8680EF0DCFACE
:10D560007B8907EE903AF8EE677AB7EEE77A9FED9F
:10D570004C6B27EE066B9FED4C5B86EE057BF7EE62
:10D58000C77BC7ED077AD7ED077AB7EEE77AB0EE3B
:10D59000470B12F02DFCB0EE407B9FED456B27EE64
:10D5A000067BFDEEC77B17EE903A4033BB61D7EDAB
:10D5B000077AB7EEE77AB0EE470B12F059FCB0EEFF
:10D5C000407B9FED3B6B27EE067BFDEEC77B17EEA6
:10D5D000903A40337B61BB699AB27B699BB20093FE
:10D5E000134640224021F8680FF053FC3449F86894
:10D5F0000FF002FA7B890093324B30228021F868C9
:10D600000DF0FEFE7B6850228021F8680DF0F8FED8
:10D61000122300934FF480736E220021F8680EF0FD
:10D6200033F82949F8680FF0E7F90021F8680FF09E
:10D63000BBFB264B1B78022B11D02549F8680FF055
:10D6400059FA0346C3F58073002B00DA01335B10EF
:10D6500099B21F4B7A22F8680FF02CF910E01D499F
:10D66000F8680FF047FA0346C3F58073002B00DA21
:10D6700001335B1099B2174B7A22F8680FF01AF950
:10D680000121F8680FF090FBF8680EF02FF90346BF
:10D69000002B7FF437AF00BF00BF2037BD4680BDF1
:10D6A0006E861BF0F92109400000000000806640F2
:10D6B0000000000000804140A0170508A4AF040846
:10D6C00060060508A0B0040878F504084CB00424EE
:10D6D0004DB0042488B0040880B584B002AF4C4B30
:10D6E00004221A750123FB80FB884A4A19464A48DE
:10D6F000FFF7FEFE494B1A68012301210120FEF7C6
:10D7000083F90346FB8000237B7179E0444B1B685F
:10D71000391D64221846E3F70FFF0346012B6FD132
:10D7200097F904300133042B69D801A252F823F091
:10D73000C9D70208FFD7020893D7020851D70208B9
:10D7400045D7020801237B71314B00221A7557E03F
:10D75000324B1B681A4601210120FEF7F3FA0346FB
:10D76000012B0FD12D4B1A68012301210120FEF757
:10D770004BF90346FB80FB882A4A19462648FFF7E7
:10D78000B7FE3DE0FB88284A19462348FFF7B0FE64
:10D7900036E0224B1A6801230193012300930123F1
:10D7A00001210120FEF738FA1C4B1A6801230121E0
:10D7B0000120FEF729F90346FB80FB881B4A194626
:10D7C0001548FFF795FE1BE0144B1A6800230193E0
:10D7D00001230093012301210120FEF71DFA0F4BC5
:10D7E0001A68012301210120FEF70EF90346FB8090
:10D7F000FB880E4A19460848FFF77AFE00E000BF92
:10D800007B79002B82D000BF00BF0837BD4680BDAA
:10D81000D0000020ACB00408B8AF042488AF0424C2
:10D8200080AF0424B8B00408C0B00408C8B004082D
:10D8300080B58AB002AFF8600B467A607B81F868E9
:10D840000EF040F8162300934FF48073002200215D
:10D85000F8680DF019FF6849F8680FF0CDF800215D
:10D86000F8680FF0A1FA6549F8680FF043F903462C
:10D87000C3F58073002B00DA01335B1099B25F4B64
:10D880001022F8680FF016F80121F8680FF08CFAF2
:10D890000F2300931E2340224021F8680EF03CF92C
:10D8A0007B8907EE903AF8EE677AB7EEE77A9FED5C
:10D8B0004C6B27EE066B9FED4C5B86EE057BF7EE1F
:10D8C000C77BC7ED077AD7ED077AB7EEE77AB0EEF8
:10D8D000470B12F08DFAB0EE407B9FED456B27EEC3
:10D8E000067BFDEEC77B17EE903A4033BB61D7ED68
:10D8F000077AB7EEE77AB0EE470B12F0B9FAB0EE5E
:10D90000407B9FED3B6B27EE067BFDEEC77B17EE62
:10D91000903A40337B61BB699AB27B699BB20093BA
:10D92000134640224021F8680FF0B3FA3449F868F2
:10D930000FF062F87B890093324B30228021F86827
:10D940000DF05EFD7B6850228021F8680DF058FDD7
:10D95000122300934FF480736E220021F8680DF0BB
:10D9600093FE2949F8680FF047F80021F8680FF096
:10D970001BFA264B1B78022B11D02549F8680FF0B3
:10D98000B9F80346C3F58073002B00DA01335B104E
:10D9900099B21F4B7A22F8680EF08CFF10E01D49F7
:10D9A000F8680FF0A7F80346C3F58073002B00DA80
:10D9B00001335B1099B2174B7A22F8680EF07AFFA8
:10D9C0000121F8680FF0F0F9F8680DF08FFF0346B9
:10D9D000002B7FF437AF00BF00BF2037BD4680BDAE
:10D9E0006E861BF0F92109400000000000806640AF
:10D9F0000000000000804140A0170508B4AF0408F3
:10DA000060060508A0B0040878F504084CB00424AA
:10DA10004DB0042488B0040880B584B002AF01235F
:10DA2000FB804F4B04221A75FB884E4A19464E481C
:10DA3000FFF7FEFE4D4B1A68012302210120FDF77E
:10DA4000E3FF0346FB8000237B717FE0484B1B68AC
:10DA5000391D64221846E3F76FFD0346012B75D18B
:10DA600097F904300133042B6FD801A252F823F048
:10DA700009DB02084BDB0208D3DA020891DA02085C
:10DA800085DA020801237B71354B00221A755DE0AF
:10DA9000364B1B681A4602210120FEF753F9034654
:10DAA000012B0FD1314B1A68012302210120FDF710
:10DAB000ABFF0346FB80FB882E4A19462A48FFF736
:10DAC000B7FE43E0FB882C4A19462748FFF7B0FE13
:10DAD0003CE0264B1A6801230193012300930123A4
:10DAE00002210120FEF798F8204B1A680123022139
:10DAF0000120FDF789FF0346FB80FB881F4A19467A
:10DB00001948FFF795FE21E0184B1A68002301938E
:10DB100001230093012302210120FEF77DF8134B1E
:10DB20001A68012302210120FDF76EFF0346FB80E6
:10DB3000FB88124A19460C48FFF77AFEFB880F4A09
:10DB400019460948FFF774FE00E000BF7B79002BFF
:10DB50003FF47CAF00BF00BF0837BD4680BD00BFAB
:10DB6000D0000020ACB00408B8AF04248CAF04246B
:10DB700080AF0424B8B00408C0B00408C8B00408DA
:10DB800080B586B002AFF860B9607A60F8680DF0D1
:10DB900099FE162300934FF4807300220021F86849
:10DBA0000DF072FD3B49F8680EF026FF0021F86881
:10DBB0000FF0FAF83849F8680EF09CFF0346C3F5F9
:10DBC0008073002B00DA01335B1099B2324B1022C4
:10DBD000F8680EF06FFE0121F8680FF0E5F82F49A4
:10DBE000F8680EF009FFBB6800932D4B3022282106
:10DBF000F8680DF005FC7B6800932A4B5022282121
:10DC0000F8680DF0FDFB122300934FF480736E2231
:10DC10000021F8680DF038FD2349F8680EF0ECFE9D
:10DC20000021F8680FF0C0F8204B1B78022B11D0B0
:10DC30001F49F8680EF05EFF0346C3F58073002BA2
:10DC400000DA01335B1099B2194B7A22F8680EF0B2
:10DC500031FE10E01749F8680EF04CFF0346C3F59B
:10DC60008073002B00DA01335B1099B2114B7A22DA
:10DC7000F8680EF01FFE0121F8680FF095F8F868BB
:10DC80000DF034FE0346002B83D100BF00BF1037D8
:10DC9000BD4680BDA0170508C4AF0408600605088E
:10DCA000D0B00408E0B0040878F504084CB00424AF
:10DCB0004DB0042488B0040880B58AB000AF0023BA
:10DCC00087F82730002387F82630012387F825308E
:10DCD0003B1D20220021184614F0E7FBB34B1B7DAF
:10DCE000012B12D13B1D20220021184614F0DDFB30
:10DCF0003B1D1F22AE49184614F0FEFBAB4B03221E
:10DD00001A75AA4B0022DA750BE03B1D2022002178
:10DD1000184614F0CAFB3B1D1F22A649184614F0F2
:10DD2000EBFB002387F8243036E1A34B1B68F91C7A
:10DD300064221846E3F700FC0346012B40F0BA804A
:10DD400097F903300133042B00F2B18001A252F89D
:10DD500023F000BF93DE0208AFDE020877DE020880
:10DD600077DD020869DD0208012387F824308F4B34
:10DD700000221A759EE097F82730002B0FD0002361
:10DD800087F827303B1D20220021184614F08DFB18
:10DD90003B1D1F228949184614F0AEFB89E0012380
:10DDA00087F82730814B1B7D032B57D1012387F840
:10DDB00027303B1D20220021184614F076FB3B1D26
:10DDC0001F227F49184614F097FB784BDB7D002B10
:10DDD0006FD17C4B93F83030002B6AD197F8273005
:10DDE000012B66D197F82630002B2AD197F82530E1
:10DDF000082B14D9012387F82530724A97F825306B
:10DE000082F838306F4B012283F830206D4B0322AB
:10DE10005A6397F82530013387F8253049E0694A7D
:10DE200097F8253082F83830664B012283F830208D
:10DE3000644B03225A6397F82530013387F8253065
:10DE400037E0604A97F8263082F838305D4B01227F
:10DE500083F830205B4B03225A632AE03B1D2022CB
:10DE60000021184614F021FB3B1D1F225149184682
:10DE700014F042FB1DE097F82630072B03D900234E
:10DE800087F8263016E097F82630013387F82630D9
:10DE900010E097F82630002B03D1082387F82630AE
:10DEA00008E097F82630013B87F8263002E000BFF3
:10DEB00000E000BF3D4B1B7D032B47D13B4BDB7D7F
:10DEC000002B43D13F4B93F83030002B3ED197F8D5
:10DED0002730012B3AD197F82630002B2AD197F81A
:10DEE0002530082B14D9012387F82530354A97F8B7
:10DEF000253082F83830334B012283F83020314B03
:10DF000003225A6397F82530013387F825301DE046
:10DF10002C4A97F8253082F838302A4B012283F8B2
:10DF20003020284B03225A6397F82530013387F8B5
:10DF300025300BE0234A97F8263082F83830214B01
:10DF4000012283F830201F4B03225A63174B1B7D9D
:10DF5000012B0ED1154B03221A753B1D20220021E7
:10DF6000184614F0A2FA3B1D1F221149184614F05E
:10DF7000C3FA97F82630002B08D097F826303033B4
:10DF8000DBB23B7000237B703B4600E00E4B3A1D3A
:10DF900019460E48FFF7F4FD97F82430002B3FF4A4
:10DFA000C4AE00BF00BF2837BD4680BDD0000020F2
:10DFB000ECB00408F4B0040880AF042400B10408F5
:10DFC0000CB104080000002018B10408B8AF042404
:10DFD00080B588B004AF41480DF074FC182300935D
:10DFE0004FF48073002200213C480DF04DFB3C496A
:10DFF0003A480EF001FD002138480EF0D5FE3949AF
:10E0000036480EF077FD0346C3F58073002B00DA27
:10E0100001335B1099B2334B102230480EF04AFCAA
:10E0200001212E480EF0C0FE2F492C480EF0E4FCD2
:10E030002E4B3222322129480EF03CFC2C4B46223A
:10E04000322126480EF036FC3B461846FEF7C6FA4B
:10E05000BB687A683968029101920093254B5A2275
:10E060000A211E480DF0CCF9182300934FF4807359
:10E070006822002119480DF007FB1F4917480EF0D0
:10E08000BBFC002115480EF08FFE1C4913480EF012
:10E0900031FD0346C3F58073002B00DA01335B10BA
:10E0A00099B2164B74220D480EF004FC01210B4866
:10E0B0000EF07AFE09480DF019FC0346002B8DD1B5
:10E0C0000F4B1B6807F10F014FF0FF321846E3F7C3
:10E0D00033FA00BF1037BD4680BD00BFB8AF04247F
:10E0E000A0170508E0AF04086006050820B1040881
:10E0F00034B1040844B1040878F5040854B10408A4
:10E1000080AF042480B584B002AF35480DF0DAFB4F
:10E11000182300934FF480730022002130480DF043
:10E12000B3FA30492E480EF067FC00212C480EF05F
:10E130003BFE2D492A480EF0DDFC0346C3F58073F3
:10E14000002B00DA01335B1099B2274B10222448D0
:10E150000EF0B0FB012122480EF026FE2349204894
:10E160000EF04AFC224B462232211D480EF0A2FB43
:10E17000204B1B7801335A4203F0030302F00302E1
:10E1800058BF5342DAB21B4B1A700023FB7111E0E7
:10E19000FB799BB21A46520013449BB205339BB2E3
:10E1A0000F2200924622C4210D480DF0B5FCFB79E8
:10E1B0000133FB710F4B1B78FA799A42E8D3084878
:10E1C0000DF094FB0346002BA2D14FF4FA60E3F765
:10E1D000E3FFFEF7F7F900BF0837BD4680BD00BF7B
:10E1E000B8AF0424A0170508F0AF0408C81F05083D
:10E1F00064B10408ACAF042480B586B002AFF86007
:10E20000084611461A4603467B810B463B8113465E
:10E21000FB71F8680DF056FB162300934FF48073E2
:10E2200000220021F8680DF02FFA4849F8680EF036
:10E23000E3FB0021F8680EF0B7FD4549F8680EF0E1
:10E2400059FC0346C3F58073002B00DA01335B10E1
:10E2500099B23F4B1022F8680EF02CFB0121F868B0
:10E260000EF0A2FDB98B0F23009304236422F868FB
:10E270000DF077FD3749F8680EF0BEFB7B890093FF
:10E28000354B30221421F8680DF0BAF83B89009321
:10E29000324B50221421F8680DF0B2F8FB7900934C
:10E2A0002F4B30229421F8680DF0AAF83B7E0093A2
:10E2B0002C4B50229421F8680DF0A2F81223009301
:10E2C0004FF480736E220021F8680DF0DDF92649C5
:10E2D000F8680EF091FB0021F8680EF065FD234B05
:10E2E0001B78022B11D02249F8680EF003FC03467C
:10E2F000C3F58073002B00DA01335B1099B21C4B1D
:10E300007A22F8680EF0D6FA10E01A49F8680EF092
:10E31000F1FB0346C3F58073002B00DA01335B1079
:10E3200099B2144B7A22F8680EF0C4FA0121F86809
:10E330000EF03AFDF8680DF0D9FA0346002B7FF491
:10E340006BAF00BF00BF1037BD4680BDA0170508EA
:10E35000D4AF04086006050874B1040880B104084D
:10E360008CB1040898B1040878F504084CB0042472
:10E370004DB0042488B0040880B586B002AF0023F5
:10E38000FB730023BB7300233B810023FB8000232E
:10E390007B7100233B710023BB81594B04221A750A
:10E3A0000023FB72A3E0574B1B68F91CC8221846D8
:10E3B000E3F7C2F80346012B67D197F90330013325
:10E3C000042B61D801A252F823F000BF55E40208E3
:10E3D00089E4020821E40208EDE30208E1E302080F
:10E3E0000123FB72464B00221A754EE0FB7B072B84
:10E3F00001D90023FB73FA7B434913465B001344A6
:10E400005B000B441A6811469A88002362F30F03DD
:10E410000846194600F0E2FEFB7B0133FB7334E053
:10E42000BB7B072B01D90023BB73BA7B374913464B
:10E430005B0013445B000B441A6811469A88002362
:10E4400062F30F030846194600F02CFFBB7B013333
:10E45000BB731AE0BB7B002B01D10823BB73BA7BD3
:10E460002A4913465B0013445B000B441A681146AB
:10E470009A88002362F30F030846194600F012FF42
:10E48000BB7B013BBB7300E000BF214B1A6801233B
:10E4900002210120FDF7B8FA0346FB801D4B1A68E4
:10E4A000012301210120FDF7AFFA03463B814FF420
:10E4B00000411948D8F736FE03467B7110211748F2
:10E4C000D8F730FE03463B71BB89FF2B01D90023EF
:10E4D000BB81BB890133BB817879FA883989BB89D3
:10E4E00001933B79009303460D48FFF785FEFB7AC5
:10E4F000002B3FF458AF00BF00BF1037BD4680BDB2
:10E50000D000002080AF0424840000203C000020C4
:10E510008CAF042488AF0424001802580004025869
:10E52000B8AF042480B586B002AF78604FF0000326
:10E53000FB6042E078680DF0C5F92A4978680EF072
:10E540005BFA294978680EF0D5FA0346C3F5807363
:10E55000002B00DA01335B1099B2234B2D2278682F
:10E560000EF0A8F914230093EC235A220A217868AC
:10E570000DF0C0F8D7ED037A9FED1C7A67EE877A2D
:10E58000FCEEE77A17EE903A9BB2142200925A22E0
:10E590000A2178680DF078F878680DF0A7F903463D
:10E5A000002BCAD1D7ED037A9FED117A77EE877AE7
:10E5B000C7ED037A3220E3F7EFFDD7ED037AB7EE2C
:10E5C000007AF4EEC77AF1EE10FAB3D44FF4FA7091
:10E5D000E3F7E2FD78680DF0FDFB00BF1037BD46A4
:10E5E00080BD00BFA0170508F8AF040800006C4309
:10E5F0000AD7A33C80B485B000AFF860B960134679
:10E60000FB71FB68BA681A60FB68FA791A71FB68DB
:10E6100000225A71FB6800229A7100BF1437BD4670
:10E620005DF8047B7047000080B582B000AF034600
:10E63000FB71FB79032B50D801A252F823F000BFE5
:10E6400051E602087FE60208B7E60208DBE60208A8
:10E65000274B5B79002B42D0254B5B79013BDAB22B
:10E66000234B5A71224B5A79214B9B799A4236D2CD
:10E670001F4B9B79013BDAB21D4B9A712FE01C4B6B
:10E680005B791A461A4B1B79013B9A4229DA184BDF
:10E690005B790133DAB2164B5A71154B9B79033310
:10E6A000134A527993421CDA114B9B790133DAB247
:10E6B0000F4B9A7115E00E4B1A680D4B5B79DB001E
:10E6C00013445B68002B0ED0094B1A68084B5B792A
:10E6D000DB0013445B68984705E000BF04E000BF1F
:10E6E00002E000BF00E000BF00BF0837BD4680BDAC
:10E6F0009CAF042480B588B002AF786078680DF0D4
:10E70000E1F8162300934FF480730022002178680B
:10E710000CF0BAFF674978680EF06EF9002178684E
:10E720000EF042FB644978680EF0E4F90346C3F545
:10E730008073002B00DA01335B107B82798A5E4B99
:10E74000102278680EF0B6F8012178680EF02CFBE4
:10E75000542300934FF480731822002178680CF042
:10E76000C9FF2023FB82554978680EF045F9544BC8
:10E770009B797B7562E0524B1B797A7D9A4264D219
:10E780004F4B5B797A7D9A4232D1FB8A063B9AB233
:10E7900014230093FC23022178680CF075FF0021FC
:10E7A00078680EF001FB464B1A687B7DDB00134452
:10E7B0001B68194678680EF09DF90346C3F580730F
:10E7C000002B00DA01335B10FB81FB8A083398B21F
:10E7D0003B4B1A687B7DDB0013441B68F9890246BA
:10E7E00078680EF067F8012178680EF0DDFA1FE016
:10E7F000334B1A687B7DDB0013441B68194678682D
:10E800000EF078F90346C3F58073002B00DA01336C
:10E810005B103B82FB8A083398B2294B1A687B7DD8
:10E82000DB0013441B68398A024678680EF042F810
:10E83000FB8A1433FB827B7D01337B75204B9B79F4
:10E84000DA1C7B7D9A4296DA00E000BF1223009327
:10E850004FF480736E22002178680CF015FF19497F
:10E8600078680EF0C9F8002178680EF09DFA164914
:10E8700078680EF03FF90346C3F58073002B00DA89
:10E8800001335B10BB81B9890F4B7A2278680EF097
:10E8900011F8012178680EF087FA78680DF026F8F3
:10E8A0000346002B7FF42DAF00BF00BF1837BD46D5
:10E8B00080BD00BFA0170508A4B1040860060508C4
:10E8C0009CAF042478F50408B0B1040880B588B082
:10E8D00002AF786078680CF0F5FF162300934FF4D0
:10E8E00080730022002178680CF0CEFE67497868BA
:10E8F0000EF082F8002178680EF056FA64497868C4
:10E900000EF0F8F80346C3F58073002B00DA0133EC
:10E910005B107B82798A5E4B102278680DF0CAFF0B
:10E92000012178680EF040FA542300934FF480736D
:10E930001822002178680CF0DDFE2023FB82554967
:10E9400078680EF059F8544B9B797B7562E0524B16
:10E950001B797A7D9A4264D24F4B5B797A7D9A42D9
:10E9600032D1FB8A063B9AB214230093FC23022186
:10E9700078680CF089FE002178680EF015FA464B95
:10E980001A687B7DDB0013441B68194678680EF01B
:10E99000B1F80346C3F58073002B00DA01335B1036
:10E9A000FB81FB8A083398B23B4B1A687B7DDB0006
:10E9B00013441B68F989024678680DF07BFF01213A
:10E9C00078680EF0F1F91FE0334B1A687B7DDB00AD
:10E9D00013441B68194678680EF08CF80346C3F59B
:10E9E0008073002B00DA01335B103B82FB8A083313
:10E9F00098B2294B1A687B7DDB0013441B68398A67
:10EA0000024678680DF056FFFB8A1433FB827B7D4B
:10EA100001337B75204B9B79DA1C7B7D9A4296DA19
:10EA200000E000BF122300934FF480736E22002198
:10EA300078680CF029FE194978680DF0DDFF002197
:10EA400078680EF0B1F9124978680EF053F8034671
:10EA5000C3F58073002B00DA01335B10BB81B989E9
:10EA60000B4B7A2278680DF025FF012178680EF0B3
:10EA70009BF978680CF03AFF0346002B7FF42DAF2A
:10EA800000BF00BF1837BD4680BD00BFA0170508F6
:10EA900094AF040860060508A4AF042478F50408C0
:10EAA00080B584B002AF38480CF00CFF18230093F7
:10EAB0004FF480730022002133480CF0E5FD334908
:10EAC00031480DF099FF00212F480EF06DF93049C3
:10EAD0002D480EF00FF80346C3F58073002B00DAC3
:10EAE00001335B1099B22A4B102227480DF0E2FE49
:10EAF000012125480EF058F9264923480DF07CFFE6
:10EB0000254B3C22322120480DF0D4FE234B5022CD
:10EB100032211D480DF0CEFE182300934FF4807370
:10EB20006822002118480CF0AFFD1D4916480DF071
:10EB300063FF002114480EF037F91A4912480DF00E
:10EB4000D9FF0346C3F58073002B00DA01335B1055
:10EB500099B2144B74220C480DF0ACFE01210A4806
:10EB60000EF022F908480CF0C1FE0346002B9DD19F
:10EB70000D4B1B68F91D4FF0FF321846E2F7DCFC25
:10EB800000BF0837BD4680BDB8AF0424A0170508F4
:10EB900094AF040860060508D4B10408E4B1040881
:10EBA00078F5040854B1040880AF042480B400AFA1
:10EBB00000BFBD465DF8047B704780B400AF00BF66
:10EBC000BD465DF8047B704780B582B000AF434B13
:10EBD00004221A754FF000037B600023FB7074E081
:10EBE00097ED010A3E4800F081F83E4B1B68B91CC6
:10EBF00064221846E2F7A0FC0346012B65D197F981
:10EC000002300133042B5DD801A252F823F000BF7B
:10EC10008DEC0208C5EC02084DEC020831EC02084C
:10EC200025EC02080123FB702C4B00221A754CE0E6
:10EC3000D7ED017AB7EE007AF4EE477AF1EE10FAEA
:10EC400042D101F00DFEFDF7BDFC3DE0D7ED017AAC
:10EC5000B7EE007AF4EEC77AF1EE10FA00D434E0A1
:10EC6000D7ED017A9FED207A77EE877AC7ED017AAA
:10EC7000D7ED017AB7EE007AF4EEC77AF1EE10FA2A
:10EC800000DC22E04FF07E537B601EE0D7ED017A7E
:10EC9000F5EEC07AF1EE10FA00DC16E0D7ED017A5D
:10ECA0009FED117A77EEC77AC7ED017AD7ED017A39
:10ECB000F5EEC07AF1EE10FA00D406E04FF0000352
:10ECC0007B6002E000BF00E000BFFB78002B87D034
:10ECD00000BF00BF0837BD4680BD00BFD000002088
:10ECE000B8AF042480AF0424CDCCCC3D80B584B033
:10ECF00002AF786087ED000A78680CF0E3FD162318
:10ED000000934FF480730022002178680CF0BCFC63
:10ED1000494978680DF070FE002178680EF044F8DB
:10ED2000464978680DF0E6FE0346C3F58073002B74
:10ED300000DA01335B1099B2404B102278680DF075
:10ED4000B9FD012178680EF02FF83D4978680DF083
:10ED500053FE3C4978680DF0CDFE0346C3F5807341
:10ED6000002B00DA01335B1099B2364B3C227868F5
:10ED70000DF0A0FD14230093EC2346220A217868AD
:10ED80000CF0B8FCD7ED007A9FED2F7A67EE877A0A
:10ED9000FCEEE77A17EE903A9BB2142200924622DC
:10EDA0000A2178680CF070FC122300934FF48073F2
:10EDB0006E22002178680CF067FC244978680DF019
:10EDC0001BFE002178680DF0EFFF214B1B78022B12
:10EDD00011D0204978680DF08DFE0346C3F580738D
:10EDE000002B00DA01335B1099B21A4B7A22786853
:10EDF0000DF060FD10E0184978680DF07BFE0346C9
:10EE0000C3F58073002B00DA01335B1099B2124B0B
:10EE10007A2278680DF04EFD012178680DF0C4FF6C
:10EE200078680CF063FD0346002B7FF468AF00BFE9
:10EE300000BF0837BD4680BDA0170508F8B104081B
:10EE40006006050808B2040800006C4378F5040861
:10EE50004CB004244DB0042488B0040880B582B0BE
:10EE600000AF03463960FB71FB79032B53D801A235
:10EE700052F823F085EE0208B3EE0208EBEE02082A
:10EE800017EF0208284B5B79002B46D0264B5B79A5
:10EE9000013BDAB2244B5A71234B5A79224B9B79AE
:10EEA0009A423AD2204B9B79013BDAB21E4B9A71BF
:10EEB00033E01D4B5B791A461B4B1B79013B9A4291
:10EEC0002DDA194B5B790133DAB2174B5A71164BB5
:10EED0009B790333144A5279934220DA124B9B797F
:10EEE0000133DAB2104B9A7119E00F4B1A680E4BCE
:10EEF0005B79DB0013445B68002B08D00A4B1A686F
:10EF0000094B5B79DB0013445B68984708E03B687A
:10EF100000221A7004E000BF02E000BF00E000BF62
:10EF200000BF0837BD4680BDA4AF042480B500AF44
:10EF3000074A00210748E4F7A2FF0346064A136088
:10EF4000054B1B68002B01D1F3F76EF900BF80BDA4
:10EF500094E5040881EF0208B0AF042480B500AF47
:10EF6000044A00210448E4F78AFF0346034A136079
:10EF700000BF80BDB8E504081DF00208B4AF04244A
:10EF800080B584B000AF786020480CF005FA1F48C7
:10EF9000FFF7C8FA08221E491E48FFF72BFBFFF7B0
:10EFA000DDFFFEF70DFA1948FFF7A4FB1A4B1B68AB
:10EFB00007F10F014FF0FF321846E2F7BDFA0346A2
:10EFC000002BF0D097F90F300133042B1CD801A28D
:10EFD00052F823F0F1EF020809F00208E9EF020805
:10EFE000F9EF020801F002080120FFF71DFB0CE019
:10EFF0000020FFF719FB08E00220FFF715FB04E0F3
:10F000000320FFF711FB00E000BFCCE7B8AF0424FA
:10F01000480100249CAF042480AF042480B584B050
:10F0200000AF7860144B02221A700023FB600023AB
:10F03000BB60124B1B6864220F491846E2F77CFA4A
:10F040000346002B03D0E3F741FAF8600FE00A4BC8
:10F050001B78022B0BD0E3F739FAB860BA68FB686B
:10F06000D31AB3F57A6F02D3034B02221A70012030
:10F07000E3F792F8DDE700BF4CB0042478AF042436
:10F080000EB480B58DB000AF0346FB71FB793B73C6
:10F0900007F14003BB6007F10C03581CBB68FA6B17
:10F0A000202113F039F9084B186807F10C010023EF
:10F0B0004FF0FF32E2F710F800BF3437BD46BDE82D
:10F0C000804003B0704700BF78AF042490B585B08E
:10F0D00002AF0023FB712CE0FA7913465B00134466
:10F0E0001B011833174A1344FC79174A0092012276
:10F0F00047F230511548E4F729FA0346144A42F81A
:10F100002430FB79124A52F82330002B0ED0FB79C1
:10F110000F4A52F82340E3F7C9F902464FF0FF3394
:10F120000093002301212046E4F76EFAFB790133B6
:10F13000FB71FB79072BCFD900BF00BF0C37BD4651
:10F1400090BD00BFD000002055F10208CCB20408E9
:10F1500074B0042480B594B000AF78600023FB64E1
:10F160007868E4F7C7FDF864FB6C002B2ED0FB6CCD
:10F170001B88A7F84A30B7F84A30002B26D0B7F8DA
:10F180004A30082B22D8B7F84A30013B11495A1CA3
:10F1900013465B0013441B010B44043363221A70B3
:10F1A00007F10C033C220021184613F07EF9B7F852
:10F1B0004A30BB81084B1B68002B07D0064B1868F0
:10F1C00007F10C0100230022E1F786FF00BF503752
:10F1D000BD4680BDD000002098AF042480B584B027
:10F1E00002AF3B4683E803002A4B1A68B7F90230A6
:10F1F0000093012301210120FCF76CFC0346012B45
:10F200000BD1254B02333A461068186092889A80D9
:10F21000214B00221A72012338E020490020FFF719
:10F220002FFF1D4B01225A751B4B01221A721C49DC
:10F230000020FFF725FF174B1B681A46012101200C
:10F24000FCF7C5FD134B1A68B7F902300093012390
:10F2500001210120FCF73EFC0346012B0BD10E4B94
:10F2600002333A461068186092889A800A4B00224E
:10F270001A7201230AE009490020FFF701FF064B3B
:10F2800001225A75044B02221A72002318460837CD
:10F29000BD4680BD88AF0424D000002048B50408D6
:10F2A0005CB5040880B584B002AF3B4683E8030038
:10F2B000314B1A68B7F90230009301230221012073
:10F2C000FCF708FC0346012B14D13B781946B7F92B
:10F2D00002301A463B79294812F0DAFE284B0A33ED
:10F2E0003A461068186092889A80254B00229A74DA
:10F2F00001233DE03B781946B7F902301A463B79C5
:10F30000204812F0C5FE1E4B01225A751C4B0122EB
:10F310009A741D490020FFF7B3FE174B1B681A466D
:10F3200002210120FCF753FD134B1A68B7F9023094
:10F330000093012302210120FCF7CCFB0346012BA3
:10F340000BD10F4B0A333A461068186092889A80A6
:10F350000B4B00229A7401230AE00C490020FFF7AE
:10F360008FFE074B01225A75054B02229A74002327
:10F3700018460837BD4680BD8CAF042478B5040814
:10F38000D00000209CB50408C0B50408DCB5040812
:10F3900080B500AF044A00210448E4F770FD03463D
:10F3A000034A136000BF80BDDCE5040899F402083D
:10F3B00094B0042480B500AF044A00210448E4F767
:10F3C0005EFD0346034A136000BF80BDDCE5040810
:10F3D000E5F4020898B0042480B582B000AF7860EC
:10F3E000074B1B68002B07D0054B1B684FF0FF3104
:10F3F0001846E4F77AFE00E000BF0837BD4680BD3E
:10F400008C83042480B582B000AF7860064B1B6803
:10F41000002B05D0044B1B681846E4F7B1FE00E052
:10F4200000BF0837BD4680BD8C83042480B586B0FC
:10F4300002AF134B7B600723BB60124B2122C3F842
:10F440006823114A02210F4805F03CFD0F4A0321B1
:10F450000C4805F037FD3B1D002200920C4A0D4977
:10F46000084805F02BFE0346FB73FB7B002B02D004
:10F470004FF0FF3300E0012318461037BD4680BD32
:10F480008C010024A0B00424D9F3020805F402087A
:10F490006CB6040878B6040880B582B000AF00F0FE
:10F4A00073F9FFF713FE00F045F9FFF783FF0C4BEC
:10F4B0001B68391DC8221846E2F73EF80346012BA7
:10F4C00007D1E5F759FC786800F052FDE5F786FCB6
:10F4D000EDE7E5F751FC00F0A9F9E5F77FFCE6E779
:10F4E0007CAF042480B500AF4FF49670E2F754FE71
:10F4F00000F002F800BFF7E7F0B587B002AF884B25
:10F500001B78C82B00F096800023FB738DE0FA7BFC
:10F51000834913465B0013441B010B442033D3E99A
:10F52000002313437ED0FA7B7D4913465B001344CE
:10F530001B010B442033D3E9002313463B60FB7BC4
:10F54000784A52F823301846E4F7ACF802463B6894
:10F550004FF47A7101FB03F39A420FD0FB7B714A9F
:10F5600052F823003B684FF47A7203FB02F24FF427
:10F570007A73009300230421E4F746F8FB7B694A81
:10F5800052F823301846E4F78BFB0346002B19D1C1
:10F59000FB7B644A52F82360E2F788FF02464FF48F
:10F5A0007A730093002301213046E4F72DF8FB7BAA
:10F5B00001935D4B009300235C4A03214FF0FF3021
:10F5C00007F046FD0023BB60FB7B564A52F8233010
:10F5D0001846E4F784F8B860BB68002B0CD0E2F75B
:10F5E00065FF0246BB68934206D9E2F75FFF024619
:10F5F000BB689B1ABB6001E00023BB60BB684C4A40
:10F60000A2FB03239B099BB2FA7B9BB200211C4601
:10F610000D46434913465B0013441B010B4428333A
:10F62000C3E90045FB7B0133FB73FB7B072B7FF6B4
:10F630006EAF70E00023FB736AE0FB7B394A52F83F
:10F6400023004FF47A730093002300220321E3F791
:10F65000DBFFFA7B324913465B0013441B010B446A
:10F660002033D3E90023134340D0FA7B2C491346BF
:10F670005B0013441B010B442033D3E900231346E2
:10F680007B60FB7B274A52F823301846E4F70AF8E0
:10F6900002467B684FF47A7101FB03F39A420FD064
:10F6A000FB7B204A52F823007B684FF47A7203FBFD
:10F6B00002F24FF47A73009300230421E3F7A4FFCE
:10F6C000FB7B184A52F823301846E4F7E9FA034660
:10F6D000002B0BD0FB7B134A52F823004FF47A73B4
:10F6E0000093002300220321E3F78EFFFA7B0C49ED
:10F6F00013465B0013441B010B4403F128014FF038
:10F7000000024FF00003C1E90023FB7B0133FB73D0
:10F71000FB7B072B91D900BF1437BD46F0BD00BF5E
:10F72000D000002074B0042400E6040880B6040869
:10F73000D34D621080B586B000AF3B1D60220D49ED
:10F74000184605F0D1FF03461A460B490B4803F053
:10F75000EFFB3B1DC8220A49184605F0C5FF0346CA
:10F760001A460849054803F0E3FB00BF1837BD46B9
:10F7700080BD00BFF803002040B60408A0B00424F8
:10F78000580400204CB6040890B482B000AF0023A7
:10F79000FB710023FB713BE0F979FA7921480B46B4
:10F7A0005B000B44DB0003441033D3E900011E4C23
:10F7B00013465B0013441B0123442033C3E90001BB
:10F7C000F979FA7917480B465B000B44DB000344D8
:10F7D0000C331968144813465B0013441B0103449F
:10F7E0001C331960FB79FA790E48591C0B465B00F3
:10F7F0000B44DB00034418780B4913465B001344A9
:10F800001B010B44403302461A70FB790133FB7134
:10F81000FB79072BC0D900BF00BF0837BD4690BC9D
:10F82000704700BF58040020D00000202DE9B04FE1
:10F8300084B000AFFFF7A8FF494B1B781A46494B2D
:10F84000A3F89021484B5B7A1A46464BA3F89221C5
:10F85000F4F77CFF02460B464FF0000A4FF0000B16
:10F860004FEA431B4BEAD26B4FEA421A52465B46C1
:10F87000141A63EB01054FF000024FF00003AB00D8
:10F8800043EA9473A20014461D4614EB000845EBAE
:10F8900001094FF000024FF000034FEAC90343EAA9
:10F8A00058734FEAC80290469946C7E90089D7E9DC
:10F8B00000014FF000024FF000030A0C002392B247
:10F8C000284BA3F89421D7E900014FF000024FF034
:10F8D00000030A00002392B2224BA3F89621D7E935
:10F8E00000014FF000024FF00003020C42EA014217
:10F8F0000B0C92B21B4BA3F898213A88194BA3F832
:10F900009A21194B1A88174BA3F89C21164B5B6858
:10F910001B0C9AB2134BA3F89E21134B5B689AB24F
:10F92000104BA3F8A021114B1B881B149AB20D4B4E
:10F93000A3F8A2210D4B5A880A4BA3F8A4210B4B24
:10F940005B881B149AB2074BA3F8A621074B5A8871
:10F95000044BA3F8A8210023FB730023FB73F9E2F7
:10F96000D00000204C060020F8030020580400209E
:10F97000FA7B9A4913465B0013441B010B44403346
:10F980001B78002B40F02E81FA7B944913465B00D4
:10F9900013441B010B442033D3E900234FF0000034
:10F9A0004FF00001180C0021FA7B13469B00134412
:10F9B0009B0003F5967381B2894A22F81310FA7BF3
:10F9C000864913465B0013441B010B442033D3E9E3
:10F9D00000234FF000004FF0000118000021FA7BD7
:10F9E00013469B0013449B0003F22D1381B27C4A03
:10F9F00022F81310FA7B794913465B0013441B016C
:10FA00000B442033D3E900014FF000024FF0000314
:10FA1000020C42EA01420B0CF87B014689000144CA
:10FA2000890001F5977192B26D4B23F81120FA7B92
:10FA30006A4913465B0013441B010B442033D3E98E
:10FA40000001FA7B13469B0013449B0003F22F1323
:10FA500081B2634A22F81310FA7B604913465B00B7
:10FA600013441B010B441C331B68190CFA7B13460F
:10FA70009B0013449B0003F5987389B2584A22F8FF
:10FA80001310FA7B554913465B0013441B010B44CA
:10FA90001C331968FA7B13469B0013449B0003F246
:10FAA000311389B24E4A22F81310FA7B13469B0099
:10FAB00013449B0003F59973494A002122F813105F
:10FAC000FA7B13469B0013449B0003F23313444A12
:10FAD000002122F81310FA7B13469B0013449B006D
:10FAE00003F59A733E4A002122F81310FA7B13465D
:10FAF0009B0013449B0003F23513394A002122F87E
:10FB00001310FA7B13469B0013449B0003F59B7371
:10FB1000334A002122F81310FA7B13469B0013444A
:10FB20009B0003F237132E4A002122F81310FA7BB0
:10FB300013469B0013449B0003F59C73284A002145
:10FB400022F81310FA7B13469B0013449B0003F228
:10FB50003913234A002122F81310FA7B13469B0025
:10FB600013449B0003F59D731D4A002122F81310D6
:10FB7000FA7B13469B0013449B0003F23B13184A85
:10FB8000002122F81310FA7B13469B0013449B00BC
:10FB900003F59E73124A002122F81310FA7B1346D4
:10FBA0009B0013449B0003F23D130D4A002122F8F1
:10FBB0001310FA7B094913465B0013441B010B44E5
:10FBC00040331978FA7B13469B0013449B0003F5DE
:10FBD0009F73034A22F81310B9E100BFD000002040
:10FBE0004C060020FA7BCE4913465B0013441B01F0
:10FBF0000B442033D3E900234FF000004FF0000105
:10FC0000180C0021FA7B13469B0013449B0003F55C
:10FC1000967381B2C34A22F81310FA7BC049134687
:10FC20005B0013441B010B442033D3E900234FF046
:10FC300000004FF0000118000021FA7B13469B00E2
:10FC400013449B0003F22D1381B2B64A22F813101D
:10FC5000FA7BB34913465B0013441B010B4420336A
:10FC6000D3E900014FF000024FF00003020C42EA1A
:10FC700001420B0CF87B014689000144890001F523
:10FC8000977192B2A74B23F81120FA7BA44913462F
:10FC90005B0013441B010B442033D3E90001FA7BC2
:10FCA00013469B0013449B0003F22F1381B29D4A1D
:10FCB00022F81310FA7B9A4913465B0013441B0188
:10FCC0000B441C331B68190CFA7B13469B0013442E
:10FCD0009B0003F5987389B2924A22F81310FA7BBD
:10FCE0008F4913465B0013441B010B441C331968F6
:10FCF000FA7B13469B0013449B0003F2311389B235
:10FD0000884A22F81310FB7B85495A1C13465B0076
:10FD100013441B010B4404331978FA7B13469B00F0
:10FD200013449B0003F599737E4A22F81310FA7B63
:10FD30007B4913465B0013441B010B442833D3E972
:10FD400000234FF000004FF00001180C0021FA7B57
:10FD500013469B0013449B0003F2331381B2714A94
:10FD600022F81310FA7B6E4913465B0013441B0103
:10FD70000B442833D3E900234FF000004FF000017B
:10FD800018000021FA7B13469B0013449B0003F5E7
:10FD90009A7381B2634A22F81310FA7B60491346C2
:10FDA0005B0013441B010B442833D3E900014FF0DF
:10FDB00000024FF00003020C42EA01420B0CF87BF8
:10FDC000014689000144890001F2351192B2554B78
:10FDD00023F81120FA7B524913465B0013441B01A0
:10FDE0000B442833D3E90001FA7B13469B001344EC
:10FDF0009B0003F59B7381B24A4A22F81310FB7BE8
:10FE000047495A1C13465B0013441B010B441B68F3
:10FE1000190CFA7B13469B0013449B0003F2371323
:10FE200089B2404A22F81310FB7B3D495A1C134605
:10FE30005B0013441B010B441968FA7B13469B00BB
:10FE400013449B0003F59C7389B2364A22F81310C1
:10FE5000FB7B33495A1C13465B0013441B010B44C4
:10FE600005331978FA7B13469B0013449B0003F279
:10FE700039132C4A22F81310FA7B294913465B00E8
:10FE800013441B010B4438331B68190CFA7B1346CF
:10FE90009B0013449B0003F59D7389B2214A22F80D
:10FEA0001310FA7B1E4913465B0013441B010B44DD
:10FEB00038331968FA7B13469B0013449B0003F206
:10FEC0003B1389B2174A22F81310FA7B14491346E0
:10FED0005B0013441B010B443C331B68190CFA7B79
:10FEE00013469B0013449B0003F59E7389B20D4A91
:10FEF00022F81310FA7B0A4913465B0013441B01D6
:10FF00000B443C331968FA7B13469B0013449B0057
:10FF100003F23D1389B2034A22F8131004E000BF34
:10FF2000D00000204C060020FA7B0F4913465B00EE
:10FF300013441B010B4440331978FA7B13469B0092
:10FF400013449B0003F59F73084A22F81310FB7BB0
:10FF50000133FB73FB7B072B7FF60AAD00BF00BFAD
:10FF60001037BD46BDE8B08FD00000204C06002001
:10FF70002DE9B04FBCB004AFF867002387F8DF303D
:10FF8000002387F8DE30B7F87C30C82B0DD8B7F8DF
:10FF90007C301A46B7F87E301344C72B05DDBD4BC5
:10FFA000B3F89031DBB2BC4A1370B7F87C30CA2B7F
:10FFB00000F28480B7F87C301A46B7F87E301344DC
:10FFC000CC2B7BDD4FF000024FF00003C7E9342358
:10FFD000B04BB3F894319BB200223B677A674FF085
:10FFE00000004FF000013B6F19040020D7E93423D3
:10FFF00042EA000843EA0109C7E93489A54BB3F88E
:020000040803EF
:1000000096319BB20022BB66FA664FF000004FF0BB
:100010000001BB6E19000020D7E9342342EA000A30
:1000200043EA010BC7E934AB9A4BB3F898319BB262
:1000300000223B667A66D7E918120B461D0C0B4668
:100040001C04D7E9342342EA0401B9622B43FB6262
:10005000D7E90A34C7E934348E4BB3F89A319BB2EE
:100060000022BB65FA65D7E93423D7E91645214656
:1000700011433962294619437962D7E90834C7E93F
:100080003434D7E9342385498A4273F5CA7315D3CA
:10009000D7E9342382498A4240F227218B410DD28D
:1000A000D7E934014FF47A724FF00003D0F7D4FA55
:1000B00002460B4613461846F4F7F8FAB7F87C30B8
:1000C000C92B1AD8B7F87C301A46B7F87E301344DB
:1000D000C82B12DD734B5B7A1A466E4BB3F8923124
:1000E0009A420AD06B4BB3F89231DBB26D4A53722D
:1000F00097F8DF30013387F8DF30B7F87C30CE2B4C
:1001000018D8B7F87C301A46B7F87E301344CD2B98
:1001100010DD644B1A885F4BB3F89C319A4209D0CA
:100120005C4BB3F89C315F4A138097F8DF300133A2
:1001300087F8DF30B7F87C30CF2B46D8B7F87C3063
:100140001A46B7F87E301344CF2B3EDD514BB3F83F
:100150009E311A044F4BB3F8A0311343C7F8CC308B
:10016000D7F8CC30B3F5165F20D0D7F8CC30B3F544
:10017000964F1BD0D7F8CC30B3F5164F16D0D7F822
:10018000CC30B3F5614F11D0D7F8CC30B3F5E13FA7
:100190000CD0D7F8CC300193434B00930023434A53
:1001A00001214FF0FF3006F053FF26E33D4B5A6824
:1001B000D7F8CC30934208D03A4AD7F8CC305360C5
:1001C00097F8DF30013387F8DF30B7F87C30D12B78
:1001D00022D8B7F87C301A46B7F87E301344D12BBA
:1001E0001ADD2C4BB3F8A2311A042A4BB3F8A43110
:1001F0001343C7F8C8302E4B1B881A46D7F8C830AF
:10020000934209D0D7F8C8309BB2294A138097F897
:10021000DE30013387F8DE30B7F87C30D32B22D8BC
:10022000B7F87C301A46B7F87E301344D32B1ADD6A
:10023000184BB3F8A6311A04164BB3F8A831134380
:10024000C7F8C4301A4B5B881A46D7F8C4309342BB
:1002500009D0D7F8C4309BB2154A538097F8DE30E6
:10026000013387F8DE30B7F87C30B3F5967FC0F005
:100270009E82B7F87C301A46B7F87E301344B3F547
:10028000E67F80F29482002387F8DD30002387F830
:10029000DD3087E24C060020D00000200108721DEE
:1002A00000440911F803002018E60408A8B6040861
:1002B0005804002097F8DD309BB21A4613469B0085
:1002C00013449B009BB203F59673A7F8C230B7F8AE
:1002D0007C20B7F8C2309342C0F0C480B7F8C23077
:1002E000991CB7F87C301A46B7F87E30134499420F
:1002F00080F2B8804FF000024FF00003C7E92E23D0
:10030000B7F8C220834B33F812309BB200223B6512
:100310007A654FF000004FF000013B6D190400209A
:10032000D7E92E2342EA0004BC610B43FB61D7E905
:100330000634C7E92E34B7F8C2305A1C754B33F86F
:1003400012309BB20022BB64FA644FF000004FF001
:100350000001BB6C19000020D7E92E2342EA0004FB
:100360003C610B437B61D7E90434C7E92E34B7F80D
:10037000C2309A1C674B33F812309BB200223B64A8
:100380007A64D7E910120B461B0CFB630B461B0467
:10039000BB63D7E92E23D7E90E4521461143B96047
:1003A00029460B43FB60D7E90234C7E92E34B7F87E
:1003B000C230DA1C574B33F812309BB200223B6339
:1003C0007A63D7E92E23D7E90C45214611433960DA
:1003D00029460B437B60D7E90034C7E92E3497F8F0
:1003E000DD204D4913465B001344DB000B44103302
:1003F000D3E90001D7E92E238B4208BF824231D0D6
:10040000D7E92E23062A73F100031AD3D7E92E2346
:1004100042498A4273F1000313D297F8DD203E4926
:1004200013465B001344DB000B4403F11001D7E9D2
:100430002E23C1E9002397F8DE30013387F8DE3040
:1004400010E097F8DD30591CD7E92E23CDE90223BF
:100450000191334B00930023324A01214FF0FF30CA
:1004600006F0F6FDB7F87C301A46B7F8C230043310
:100470009A4269DCB7F8C230191DB7F87C301A46C9
:10048000B7F87E30134499425EDA0023C7F8B430DF
:10049000B7F8C2301A1D1F4B33F812301A04D7F8C0
:1004A000B4301343C7F8B430B7F8C2305A1D194BF3
:1004B00033F812301A46D7F8B4301343C7F8B430C3
:1004C00097F8DD20144913465B001344DB000B440E
:1004D0000C331A68D7F8B430934235D0D7F8B4301B
:1004E000002B21D0D7F8B430B3F57A7F1CD297F81F
:1004F000DD20094913465B001344DB000B4403F184
:100500000C02D7F8B430136097F8DE30013387F867
:10051000DE3019E04C0600205804002000BC3400F6
:1005200018E60408DCB6040897F8DD305A1CD7F842
:10053000B43002930192B34B00930023B24A0121DD
:100540004FF0FF3006F084FDB7F87C301A46B7F85C
:10055000C23012339A423CDCB7F8C23003F11101C9
:10056000B7F87C301A46B7F87E301344994230DA37
:100570000023A7F8B230B7F8C23003F11202A34B40
:1005800033F81220B7F8B2301343A7F8B23097F817
:10059000DD309F495A1C13465B001344DB000B44BB
:1005A0001B781A46B7F8B230934212D097F8DD2084
:1005B000B7F8B230D8B29649013213465B00134403
:1005C000DB00CA180346137097F8DE30013387F852
:1005D000DE30B7F87C301A46B7F8C2300D339A4295
:1005E00039DCB7F8C23003F10C01B7F87C301A4699
:1005F000B7F87E30134499422DDA0023A7F8B030C3
:10060000B7F8C23003F10D02804B33F81220B7F86F
:10061000B0301343A7F8B03097F8DD307D495A1C4D
:1006200013465B0013441B010B4405331B781A4629
:10063000B7F8B03093420ED097F8DD20B7F8B0305D
:10064000D8B27449013213465B0013441B010B44BA
:100650005A1D03461370B7F87C301A46B7F8C230FB
:1006600006339A4237DCB7F8C230591DB7F87C30F0
:100670001A46B7F87E30134499422CDA0023A7F8C3
:10068000AE30B7F8C2309A1D604B33F81220B7F87D
:10069000AE301343A7F8AE3097F8DD305D495A1CF1
:1006A00013465B0013441B010B4404331B781A46AA
:1006B000B7F8AE3093420ED097F8DD20B7F8AE30E1
:1006C000D8B25449013213465B0013441B010B445A
:1006D0001A1D03461370B7F87C301A46B7F8C230BB
:1006E00010339A4259DCB7F8C23003F11001B7F861
:1006F0007C301A46B7F87E30134499424DDA002315
:10070000C7F8A830B7F8C23003F110023F4B33F8F6
:1007100012301A04D7F8A8301343C7F8A830B7F836
:10072000C23003F11102394B33F812301A46D7F8B0
:10073000A8301343C7F8A830D7F8A830002B2CD026
:10074000344BDB7D002B28D197F8DD20314913464F
:100750005B0013441B010B4440331B78002B1CD05F
:100760002D4A0123137097F8DD300133DBB22A4A9A
:100770001372294AD7F8A8305360B7F8C23003F192
:100780001001224A002322F81130B7F8C23003F1D9
:1007900011011E4A002322F8113097F8DD30013391
:1007A00087F8DD3097F8DD30072B7FF683AD97F8BB
:1007B000DF30002B0CD007F1940360221749184654
:1007C00004F092FF03461A461549164803F086FFC7
:1007D00097F8DE30002B10D007F18003C8220C49B7
:1007E000184604F081FF03461A460F490D4803F0EE
:1007F00075FFFEF7C9FFFEF77FFEE037BD46BDE897
:10080000B08F00BF18E6040820B704084C0600208B
:1008100058040020D000002000000020F803002031
:1008200040B60408A0B004244CB6040880B588B0D3
:1008300000AF786007F10C03C8227968184604F00D
:1008400053FF03461A460449044803F047FF00BF1C
:100850002037BD4680BD00BF4CB60408A0B00424BC
:1008600080B500AF024804F09FFD00BF80BD00BF0F
:10087000A0B0042480B500AF00F016F800F044F8F2
:1008800000F0A4F800F064F900F09EF900F028FAF6
:1008900000F080F84FF4C4720021024811F005FE08
:1008A00000BF80BD7002002080B500AF104B012258
:1008B0001A800F4B4FF4E1325A600E4B4FF47A72AC
:1008C0001A800C4B4FF4FA725A80094B00221A72AC
:1008D000074B00225A720F220749084811F00CFEFC
:1008E0000F220749074811F007FE00BF80BD00BF77
:1008F000F80300205804002094B7040802040020E4
:10090000A4B704081204002080B483B000AF002311
:10091000FB7133E0FB799BB2FA79013398B21C4941
:1009200013465B001344DB000B44083302461A8075
:10093000FA79174913465B001344DB000B440C3370
:100940000A221A60FA79124913465B001344DB004D
:100950000B4403F110014FF03C024FF00003C1E9DA
:100960000023FB790A495A1C13465B001344DB0041
:100970000B4401221A70FB790133FB71FB79072BC1
:10098000C8D900BF00BF0C37BD465DF8047B704777
:100990005804002080B483B000AF0023FB8007E040
:1009A000FB88094A002122F81310FB880133FB80E1
:1009B000FB88B3F5FA7FF3D300BF00BF0C37BD4609
:1009C0005DF8047B704700BF4C06002080B483B004
:1009D00000AF5D4B00221A755B4B00225A755A4BD3
:1009E00000221A70584B594A0233116819609288D4
:1009F0009A80554B554A0A331168196092889A803B
:100A0000514B00221A74504B01225A744E4B012252
:100A10009A754D4B0122DA754B4B00221A724A4BE4
:100A200000229A74484B0022DA740023FB7180E0A4
:100A3000FB799BB2FA79013398B2434913465B00C4
:100A400013441B010B44183302461A80FA793E49BD
:100A500013465B0013441B010B441C3300221A6035
:100A6000FA79394913465B0013441B010B4403F127
:100A700020014FF000024FF00003C1E90023FA7992
:100A8000314913465B0013441B010B4403F1280159
:100A90004FF000024FF00003C1E90023FB792A491F
:100AA0005A1C13465B0013441B010B4400221A60BE
:100AB000FB7925495A1C13465B0013441B010B4468
:100AC000043300221A70FB791F495A1C13465B003D
:100AD00013441B010B44053300221A70FA791A499A
:100AE00013465B0013441B010B44383300221A6089
:100AF000FA79154913465B0013441B010B443C3340
:100B000000221A60FA79104913465B0013441B0156
:100B10000B44403300221A70FA790B4913465B00EC
:100B200013441B010B44443300221A60FB79013348
:100B3000FB71FB79072B7FF67BAF00BF00BF0C3743
:100B4000BD465DF8047B7047D00000203C000020CB
:100B500080B400AF1B4B00221A701A4B00221A728D
:100B6000184B00225A60174B00221A73154B0022B3
:100B70001A75144B00221A61124B00221A76114B7F
:100B8000002283F820200F4B0022DA610D4B002257
:100B900083F824200B4B002283F82C20094B0022E1
:100BA0009A62084B002283F83020064B002283F81B
:100BB0003820044B00225A6300BFBD465DF8047B19
:100BC000704700BF0000002080B400AF434B0022FC
:100BD0001A70424B00225A80404B02221A713F4B3E
:100BE00001229A713D4B5A221A813C4B00229A7283
:100BF0003A4B02221A73394BB422DA81374B012265
:100C00001A74364B03229A74344B4FF487729A82CB
:100C1000324B00229A75314B04221A762F4B4FF437
:100C2000B4725A832D4B02221A772C4B05229A77E5
:100C30002A4B4FF4E1721A84284B002283F82220B9
:100C4000264B062283F82420244B4FF40772DA84C3
:100C5000224B012283F82820204B072283F82A20E8
:100C60001E4B40F276229A851C4B002283F82E20E0
:100C70001A4B082283F83020184B4FF434725A86EE
:100C8000164B022283F83420144B092283F83620B5
:100C9000124B40F22A321A87104B002283F83A2076
:100CA0000E4B0A2283F83C200C4B4FF46172DA871A
:100CB0000A4B012283F84020084B0B2283F8422084
:100CC000064B40F2DE32A3F84420044B002283F8A6
:100CD000462000BFBD465DF8047B70473C00002005
:100CE00080B400AF424B00221A70414B00225A8060
:100CF0003F4B00221A713E4B01229A713C4B2D2230
:100D00001A813B4B02229A72394B02221A73384BDA
:100D10005A22DA81364B00221A74354B03229A7418
:100D2000334B87229A82324B01229A75304B042230
:100D30001A762F4BB4225A832D4B00221A772C4B54
:100D400005229A772A4BE1221A84294B022283F842
:100D50002220274B062283F82420254B4FF487724C
:100D6000DA84234B002283F82820214B072283F8C2
:100D70002A201F4B40F23B129A851D4B012283F81B
:100D80002E201B4B082283F83020194B4FF4B472ED
:100D90005A86174B002283F83420154B092283F81A
:100DA0003620134B40F295121A87114B022283F81A
:100DB0003A200F4B0A2283F83C200D4B4FF4E1728E
:100DC000DA870B4B002283F84020094B0B2283F873
:100DD0004220074B40F2EF12A3F84420044B0122BB
:100DE00083F8462000BFBD465DF8047B704700BF16
:100DF0008400002080B582B000AF00F045F8786034
:100E00007B68002B03DB00F0F9FA786000E000BF9C
:100E10007B68002B11DD144B1B78002B0DD1124B7E
:100E200001221A70114811F033F91149114811F0DB
:100E30002FF9114811F09CF911E07B68002B0EDCB2
:100E4000094B00221A7030220C490D4811F020F98C
:100E500007490C4811F01CF9074811F089F97B6823
:100E600018460837BD4680BD10B40424B4B7040842
:100E7000C8B70408D0B7040804B804082CE604086E
:100E80000CB8040828B8040880B586B004AF2C4B11
:100E90001B78002B01D000234EE000237B6043E051
:100EA000284B9B6A002B06D1274A2849284811F075
:100EB000EFF800BFFDE7234BDB6A002B06D1224A87
:100EC0002449234811F0E4F800BFFDE71D4B1B6BDC
:100ED000002B06D11C4A20491D4811F0D9F800BF4B
:100EE000FDE7184B5B6A002B02D0164B5B6A9847F4
:100EF0002F221549194811F0CBF8124B1846114B07
:100F00009B69104AD2690F49096A029101920093C4
:100F1000034618221821124811F0BAF80A2011F0DD
:100F2000C9F87B6801337B6001227B689342B7D3A9
:100F3000034B01221A70002318460837BD4680BDB6
:100F400011B40424E001002438E604085CB8040865
:100F500078B8040898B80408B4B80408D0B80408ED
:100F6000E4B8040880B584B000AF7860174B1B78F4
:100F7000002B06D1164A1749174811F089F800BF0F
:100F8000FDE77B68002B06D1114A1449124811F085
:100F90007FF800BFFDE70023FB600DE0104B182237
:100FA0001946786811F096FA0346002B01D10C4BD4
:100FB00007E0FB680133FB600122FB689342EDD33D
:100FC000002318461037BD4680BD00BF11B404246D
:100FD00048E6040840B9040878B8040848B9040889
:100FE000E001002480B500AF08F008FB0346002BA9
:100FF00005D1002008F046FB03460B4A13600A4B5C
:101000001B68002B02D14FF0FF330AE0064B1B6830
:101010009B69064A1362044B1B681B69034AD36130
:101020000023184680BD00BF14B40424E00100244E
:1010300080B584B000AFF860B9607A60144B1B686B
:10104000002B06D1134A1449144811F021F800BFAF
:10105000FDE70F4B1B6893F8343083F00103DBB2DC
:10106000002B06D00B4A0E490C4811F011F800BFB6
:10107000FDE7074B18680B4B9A69FB68D118BB68F2
:101080007A6808F0D5FC7B6818461037BD4680BDED
:1010900014B4042460E6040850B904085CB90408D8
:1010A0007CB90408E001002480B584B000AFF8608A
:1010B000B9607A60174B1B68002B06D1164A174996
:1010C000174810F0E5FF00BFFDE7124B1B6893F8CF
:1010D000343083F00103DBB2002B06D00E4A1149F5
:1010E0000F4810F0D5FF00BFFDE70A4B18680E4B04
:1010F0009A69FB68D118BB687A6809F0CBF8034697
:10110000002B02D04FF0FF3300E07B681846103709
:10111000BD4680BD14B4042468E6040850B9040830
:101120005CB904087CB90408E001002480B582B0F1
:1011300000AF78603960184B1B68002B06D1174A46
:101140001749184810F0A4FF00BFFDE7124B1B68B9
:1011500093F8343083F00103DBB2002B06D00F4A42
:101160001149104810F094FF00BFFDE70A4B1868C2
:101170000E4B9A697B6813443A68194608F078FD6B
:101180000346002B02D04FF0FF3300E03B681846C7
:101190000837BD4680BD00BF14B4042470E60408BF
:1011A00050B904085CB904087CB90408E0010024C3
:1011B00080B58CB006AF4E4BBB604E4B7B60B868C1
:1011C000CFF776FC38617868CFF772FCF8604A4B4D
:1011D0001B68002B2ED000237B6126E0474B1A684A
:1011E0007B699B0113443B603B6804331846CFF78F
:1011F0005FFC02463B69934205D23B6804331846C4
:10120000CFF756FC38613B681C331846CFF750FCCB
:101210000246FB68934205D23B681C331846CFF761
:1012200047FCF8607B6901337B61334B1B687A694B
:101230009A42D3D3324810F02BFF324810F028FFE7
:10124000314810F095FF2E4810F022FF7B68029382
:1012500018230193FB680093BB68182239692B4857
:1012600010F016FF284810F083FF254810F010FFFB
:10127000274810F00DFF244810F07AFF00237B610F
:1012800023E01E4B1A687B699B0113443B601C489A
:1012900010F0FEFE3B68181D3B681C333A68526B29
:1012A0003968896B04910392029318230193FB68B8
:1012B0000093034618223969164810F0E9FE1248D7
:1012C00010F056FF7B6901337B610B4B1B687A6919
:1012D0009A42D6D30A4810F0DBFE0F4810F0D8FE31
:1012E000094810F045FF00BF1837BD4680BD00BF5C
:1012F00090B9040898B9040828B4042418B4042444
:10130000A4B90408B8B90408F8B9040800BA040874
:1013100030BA040870BA040898BA040880B584B0DA
:1013200000AF786039600023BB600023FB604BE0B6
:10133000FB689B017A6813441C331846FFF712FEC2
:10134000B860BB68002B11D18A222449244810F0D0
:101350009FFEFB689B017A6813441C3319462148A1
:1013600010F096FE0A2010F0A5FE2AE0FB689B0113
:101370007A6813445B6BBA68D26993421CDB902293
:101380001649194810F084FEFB689B017A681344E3
:10139000191DFB689B017A6813445A6BBB68DB69B3
:1013A000124810F075FE124810F0E2FE114B0022B8
:1013B0001A604FF0FF330CE00F49FB68BA6841F840
:1013C0002320FB680133FB60FA683B689A42AFD385
:1013D000002318461037BD4680BD00BFF8E604085C
:1013E000D8BA0408ECBA040818BB040834BB0408D3
:1013F000F8B9040828B404241CB4042480B500AF50
:10140000114B1B78002B02D0104B1B6819E0104BBE
:10141000104A1A600D4B02221A600D4B1B680B4AD2
:10142000126811461846FFF779FF0346002B03D1D7
:10143000054B01221A7000E000BFFFF7B9FE034B15
:101440001B68184680BD00BF24B4042428B40424BB
:1014500018B4042478E6040880B584B000AF78603E
:10146000164B1B78002B06D1154A1649164810F06A
:101470000FFE00BFFDE70023FB6015E0134B1A6869
:10148000FB689B011344043319467868CFF7B2FA1E
:101490000346002B05D10D4B1A68FB689B011344D2
:1014A00008E0FB680133FB60094B1B68FA689A424D
:1014B000E4D3002318461037BD4680BD24B404246D
:1014C00014E7040884BB04088CBB040818B4042483
:1014D00028B4042480B582B000AF7860154B1B6837
:1014E0007A689A4206D2144A1449154810F0D0FD81
:1014F00000BFFDE70F4B1A68124B19686FF07C4371
:101500000B449B0113447A689A4206D90A4A0E4951
:101510000B4810F0BDFD00BFFDE7064B1B687A6865
:10152000D31A9B111A46094B53F822301846083734
:10153000BD4680BD18B4042428E70408ACBB0408E9
:101540008CBB040828B40424C4BB04081CB40424C1
:1015500080B586B000AFF860B9607A603B60002368
:101560007B6100233B61FB68002B06D1324A334983
:10157000334810F08DFD00BFFDE77B68002B06D1DE
:101580002D4A30492E4810F083FD00BFFDE7BA68B0
:101590003B681A44FB689B6B9A420ED94FF4CF729A
:1015A0002549294810F074FD284810F071FD28489D
:1015B00010F0DEFD4FF0FF333AE0F868FFF78AFFE6
:1015C00038613B69002B14D140F2A5121A491E481C
:1015D00010F05EFDFB6803F11C01FB6804331A4642
:1015E0001C4810F055FD1A4810F0C2FD4FF0FF33B3
:1015F0001EE03B699B6AFA68526B1146BA680A445E
:1016000010463A687968984778617B69002B0EDA52
:101610004FF4D67208490C4810F03AFDFB681C33B1
:1016200019460D4810F034FD094810F0A1FD7B6902
:1016300018461837BD4680BD44E7040804BC0408BA
:101640008CBB04080CBC040818BB040810BC0408BC
:10165000F8B9040848BC040894BC040880B586B0F6
:1016600000AFF860B9607A603B6000237B610023C3
:101670003B61FB68002B06D1324A3349334810F0F6
:1016800007FD00BFFDE77B68002B06D12D4A3049DE
:101690002E4810F0FDFC00BFFDE7BA683B681A4415
:1016A000FB689B6B9A420ED940F2C7122549294824
:1016B00010F0EEFC284810F0EBFC284810F058FD24
:1016C0004FF0FF333AE0F868FFF704FF38613B69F9
:1016D000002B14D14FF4E7721A491E4810F0D8FCC1
:1016E000FB6803F11C01FB6804331A461C4810F028
:1016F000CFFC1A4810F03CFD4FF0FF331EE03B6971
:10170000DB6AFA68526B1146BA680A4410463A68B6
:101710007968984778617B69002B0EDA40F2D51220
:1017200008490C4810F0B4FCFB681C3319460D48FE
:1017300010F0AEFC094810F01BFD7B691846183705
:10174000BD4680BD58E7040804BC04088CBB0408EF
:101750000CBC040818BB0408C8BC0408F8B9040889
:1017600000BD04084CBD040880B586B000AFF86029
:10177000B9607A6000237B6100233B61FB68002B2A
:1017800006D12D4A2D492E4810F082FC00BFFDE7FE
:10179000BA687B681A44FB689B6B9A420ED94FF477
:1017A000F7722549274810F073FC274810F070FCA9
:1017B000264810F0DDFC4FF0FF3339E0F868FFF702
:1017C00089FE38613B69002B14D140F2F5121A49A9
:1017D0001C4810F05DFCFB6803F11C01FB6804333E
:1017E0001A461B4810F054FC184810F0C1FC4FF08A
:1017F000FF331DE03B691B6BFA68526B1146BA68F8
:101800000A4479681046984778617B69002B0EDAA4
:101810004FF4FE7208490B4810F03AFCFB681C3389
:1018200019460C4810F034FC084810F0A1FC7B6904
:1018300018461837BD4680BD6CE7040804BC040890
:101840008CBB040818BB040884BD0408F8B904085C
:10185000BCBD040808BE040880B58AB004AFF860B7
:10186000B9607A60FB70FB68002B20D1A04B00931D
:101870000023A04A03214FF0FF3005F0E9FB9C4B09
:10188000009300239C4A03214FF0FF3005F0E0FB5A
:101890009A4B02939A4B0193954B00930023994ADC
:1018A00003214FF0FF3005F0D3FB00BFFDE7BB681D
:1018B000002B20D18E4B009300238E4A03214FF042
:1018C000FF3005F0C5FB8A4B009300238A4A0321B1
:1018D0004FF0FF3005F0BCFB884B02938A4B01931D
:1018E000834B00930023874A03214FF0FF3005F01C
:1018F000AFFB00BFFDE77B68002B20D17C4B009342
:1019000000237C4A03214FF0FF3005F0A1FB784B08
:1019100000930023784A03214FF0FF3005F098FB35
:10192000764B0293794B0193714B00930023754AD8
:1019300003214FF0FF3005F08BFB00BFFDE7FB6894
:101940001B7E002B01D0002317E1FB68BA681A60E8
:10195000FB68FA781A71FB683A6A5A62FB685B7E28
:10196000002B6DD1FFF746FA7868FFF775FD024648
:10197000FB689A60FB689B68002B1ED15C4B009350
:1019800000235C4A03214FF0FF3005F061FB584B08
:1019900000930023584A03214FF0FF3005F058FB15
:1019A0007B680193524B00930023594A03214FF067
:1019B000FF3005F04DFB0423DFE0FB689B681C3320
:1019C0001846FFF7CFFA03461B6A7B61FB68DB68AA
:1019D000002B03D1FB687A69DA602CE0FB68DB68D6
:1019E0007A69B3FBF2F2796901FB02F29B1A002BD0
:1019F00021D03F4B009300233E4A03214FF0FF309C
:101A000005F026FB3A4B009300233B4A03214FF09D
:101A1000FF3005F01DFBFB68DB687A6902920193D9
:101A2000334B009300233B4A03214FF0FF3005F076
:101A30000FFB0823A1E0FB689B689A6BFB681A61A7
:101A4000FB68DA68FB68DB68013B1340002B20D0A1
:101A5000274B00930023274A03214FF0FF3005F066
:101A6000F7FA234B00930023234A03214FF0FF3062
:101A700005F0EEFA214B0293274B01931C4B009388
:101A80000023204A03214FF0FF3005F0E1FA00BFA8
:101A9000FDE7FB681B69FA68D268B3FBF2F101FB52
:101AA00002F29B1A002B3BD0114B00930023114AEA
:101AB00003214FF0FF3005F0CBFA0D4B00930023CC
:101AC0000D4A03214FF0FF3005F0C2FAFB681B6995
:101AD000FA68D26802920193054B009300230F4AE3
:101AE00003214FF0FF3005F0B3FA082345E000BFB3
:101AF00080E7040840BE040860BE040890E70408BC
:101B0000B0BE040878BE0408B4BE0408BCBE040815
:101B1000C4BE0408FCBE040854BF040880BF040807
:101B2000FB681A69FB68DB68B2FBF3F3012B23D86F
:101B3000144B00930023144A03214FF0FF3005F0AB
:101B400087FA104B00930023104A03214FF0FF3017
:101B500005F07EFAFB681A69FB68DB68B2FBF3F3F9
:101B60000193084B00930023094A03214FF0FF30F3
:101B700005F06EFA082300E0002318461837BD462A
:101B800080BD00BF80E7040840BE040860BE0408B2
:101B9000D8BF0408B0B588B006AF78600B46FB70BC
:101BA000FB78002B45D17B6801221A763D4B1B78D0
:101BB00083F00103DBB2002B6FD03B4B009300237B
:101BC0003A4A03214FF0FF3005F042FA364B0093BA
:101BD0000023374A03214FF0FF3005F039FA354B27
:101BE0000193314B00930023334A03214FF0FF3020
:101BF00005F02EFA2C4B009300232C4A03214FF0C2
:101C0000FF3005F025FA284B00930023284A0321D2
:101C10004FF0FF3005F01CFA234B00930023274AB6
:101C200003214FF0FF3005F013FA1E4B01221A700A
:101C300033E07B689B7E83F00103DBB2002B2CD06A
:101C4000194B00930023194A03214FF0FF3005F090
:101C5000FFF9154B00930023154A03214FF0FF3085
:101C600005F0F6F97B681B79002B01D1144C00E0DC
:101C7000144C7B681D68786800F064F80246FB78B5
:101C80000493039202950194074B009300230E4A9C
:101C900003214FF0FF3005F0DBF900BF0837BD46E8
:101CA000B0BD00BF2CB40424A0E7040840BE040863
:101CB00060BE040878C004083CC0040880C0040862
:101CC000E0C00408E8C00408F0C0040880B586B08D
:101CD00004AF78607B68002B20D1144B0093002365
:101CE000134A03214FF0FF3005F0B2F90F4B009378
:101CF0000023104A03214FF0FF3005F0A9F90E4BE5
:101D000002930E4B0193094B009300230C4A0321CD
:101D10004FF0FF3005F09CF900BFFDE77B68002223
:101D20001A7600BF0837BD4680BD00BFB4E704087F
:101D300040BE040860BE0408C0E70408B0BE040842
:101D400078BE040880B483B000AF78607B685B7EA7
:101D5000002B01D0002302E07B689B680433184607
:101D60000C37BD465DF8047B704780B584B000AF8A
:101D7000786039600823BB600023FB603FE079682E
:101D8000FA6813465B001344DB000B4403F52B7326
:101D90001A683B685B689A421FD13B681B78002B2E
:101DA0000ED0FA6813465B001344DB0003F52A7378
:101DB0007A68134418223968184611F020FB36E07F
:101DC0007968FA6813465B001344DB000B4403F5A3
:101DD0002B734FF0FF321A6029E07968FA681346D6
:101DE0005B001344DB000B4403F52B731B68B3F15A
:101DF000FF3F01D1FB68BB60FB680133FB60FB6800
:101E0000072BBCD93B681B78002B10D0BB68072B75
:101E10000DD8BA6813465B001344DB0003F52A7340
:101E20007A68134418223968184611F0E8FA103716
:101E3000BD4680BD80B485B000AF786039600023B6
:101E4000FB6019E07968FA6813465B001344DB0015
:101E50000B4403F52B731B683A689A4209D1FA6860
:101E600013465B001344DB0003F52A737A681344BE
:101E700006E0FB680133FB60FB68072BE2D9002317
:101E800018461437BD465DF8047B704780B586B0B0
:101E900000AFF860B9607A60B968F868FFF7CAFF08
:101EA00078617B69002B0CD07B697A685A61FB688A
:101EB000DA687B6959687B695B69CB1A1A447B696C
:101EC0001A6100BF1837BD4680BD80B586B000AF2F
:101ED000F860B9601346FB71B968F868FFF7AAFFAC
:101EE00078617B69002B02D07B69FA795A7000BF58
:101EF0001837BD4680BD80B588B000AFF860B960C6
:101F00007A603B604023BB6140237B617A68B9689B
:101F1000002003F055FA03461B0C3B824FF6FF737B
:101F20007B820023FB6170E03B68B3F1FF3F51D03F
:101F3000FB68FA69153233F832303A8A9A4207D18F
:101F4000FA68FB691533DB0013443A685A608EE087
:101F5000FA68FB691533DB0013445B68B3F1FF3F9C
:101F600005D1BB69402B02D1FB69BB614AE0FA682D
:101F7000FB691533DB0013445B68B3F1FF3F41D0CD
:101F8000FA68FB691533DB0013445B88002B0ED025
:101F9000FA68FB691533DB0013445B88013B99B297
:101FA000FA68FB691533DB0013440A465A80FA6865
:101FB000FB691533DB0013445B887A8A9A4221D986
:101FC000FB697B61FA68FB691533DB0013445B88AE
:101FD0007B8217E0FB68FA69153233F832303A8AAF
:101FE0009A420FD1FA68FB691533DB0013444FF0B6
:101FF000FF325A60FA68FB691533DB001344002294
:102000005A8034E0FB690133FB61FB693F2B8BD9BC
:10201000BB693F2B14D8FA68BB691533DB00134446
:102020003A685A60FB68BA691532398A23F8321067
:10203000FA68BB691533DB00134440225A8016E06E
:102040007B693F2B13D8FA687B691533DB00134497
:102050003A685A60FB687A691532398A23F8321077
:10206000FA687B691533DB00134440225A8020371D
:10207000BD4680BD80B596B000AFF860B9607A60AB
:102080003B607A68B968002003F09AF903461B0C9C
:10209000A7F8523000237B655FE0FA687B6D15334B
:1020A000DB0013445B68B3F1FF3F53D0FB687A6DEC
:1020B000153233F83230B7F852209A424AD107F13C
:1020C000100340220021184610F0EFF9FA687B6DEA
:1020D0001533DB0013445B6803F1E00107F11002E4
:1020E0004023F86803F013FB07F110037A681946E0
:1020F000B86810F0EFF90346002B2BD1FA687B6D1E
:102100001533DB0013445A683B681A60FA687B6D2C
:102110001533DB0013445B884FF6BE72934208D937
:10212000FA687B6D1533DB0013444FF6FF725A805B
:102130000EE0FA687B6D1533DB0013445B88403397
:1021400099B2FA687B6D1533DB0013440A465A8056
:10215000012306E07B6D01337B657B6D3F2B9CD9B2
:10216000002318465837BD4680BD000080B590B0AA
:1021700000AFF860B9607A60BB68BB63FB68DB687E
:10218000BA68B2FBF3F3FA68D26802FB03F31946AC
:10219000F868FFF74FFE78637B6B002B55D07B6BA5
:1021A0005B69BA689A4250D14FF0FF3358E007F1AB
:1021B00010022023B968F86803F0A9FA0346002B3F
:1021C00002D04FF0FF334BE00023FB6331E007F117
:1021D0001002FB6B13441B781A46FB6B0133403330
:1021E0003B4413F8303C1B021A44FB6B0233403370
:1021F0003B4413F8303C1B041A44FB6B033340335D
:102200003B4413F8303C1B0613443B633B6B164ABC
:1022100093420BD1BA68FB6B1344A03BBA6B9A4252
:1022200004D8BA68FB6B1344A03B19E0FB6B013385
:10223000FB63FB6B1B2B05D8BA68FB6B13447A68F6
:102240009A42C4D8BB681C33BB60BA687B689A42A8
:1022500004D2BB6820337A689A42A8D84FF0FF3383
:1022600018464037BD4680BD4B56303080B586B0ED
:1022700000AFF860B9607A604FF0FF337B61BB68F4
:102280005B78012B02D14FF0FF3344E07B681B6D7C
:10229000B3F1FF3F04D1BB685B68E0337B6139E099
:1022A0007B681A6DBB685968FB68DB680B449A420F
:1022B0002DD87B685B78002B06D07B681A6D7B6815
:1022C0009B6813447B6103E07B681B6D20337B615B
:1022D000BB685A68FB68DB681344E03B1A467969BF
:1022E000F868FFF743FF78617B69B3F1FF3F0BD0DC
:1022F000BB685A68FB68DB6813447A699A4203D862
:102300007B689B68002B05D14FF0FF3303E04FF053
:10231000FF3300E07B6918461837BD4680BD0000DA
:1023200090B5C7B004AF07F58473A3F58273186046
:1023300007F58473A3F5847319600023C7F804318B
:10234000002387F8033107F58473A3F584731B68B2
:10235000196D07F1280207F58473A3F58270C42371
:10236000006803F0D4F907F128030621184603F0AA
:1023700074F80346DAB207F58473A3F584731B6817
:102380001A70D7F8CC2007F58473A3F584731B6803
:102390009A6007F58473A3F584731B689B68B3F197
:1023A000FF3F15D007F58473A3F584731B689A6803
:1023B00007F58473A3F582731B681B699A4207D8DB
:1023C00007F58473A3F584731B689B68DF2B64D8BF
:1023D00007F58473A3F584731B68E0229A6007F500
:1023E0008473A3F584731B681B78052B4CD007F509
:1023F0008473A3F584731B6805221A70CF4B009376
:102400000023CF4A03214FF0FF3004F021FE07F5EF
:102410008473A3F582731B681C6807F58473A3F5A6
:1024200082731868FFF78EFC034602930194C34B36
:1024300000930023C34A03214FF0FF3004F008FE4D
:1024400007F58473A3F584731B681B6D0193BB4B65
:1024500000930023BC4A03214FF0FF3004F0F8FD45
:1024600007F58473A3F584731B68196D07F12802BF
:1024700007F58473A3F5827001230193052300936C
:102480000623006803F012F807F58473A3F584733C
:102490001B6800225A7002234AE107F12803AC337B
:1024A00004221946D7F8040102F08AFFC7F8040194
:1024B00007F12803B03304221946D7F8040102F0CB
:1024C0007FFFC7F8040107F58473A3F584731B68C5
:1024D0009B68E03BC7F8F4300023C7F8FC300023CA
:1024E000C7F8F8303CE0D7F8FC302033D7F8F420B8
:1024F0009A4203D92023C7F8F83006E0D7F8F42031
:10250000D7F8FC30D31AC7F8F83007F58473A3F571
:1025100084731B681A6DD7F8FC30134403F1E00193
:10252000D7F8F8301F3323F01F0307F1080207F52F
:102530008470A0F58270006803F0E9F807F10803E1
:10254000D7F8F8201946D7F8040102F039FFC7F888
:102550000401D7F8FC20D7F8F8301344C7F8FC3052
:10256000D7F8FC20D7F8F4309A42BCD3D7F8D03053
:10257000D7F804219A426CD097F8D430402B28BF6A
:102580004023DBB2C7F8EC3007F58473A3F58473FE
:102590001B6800225A70022387F8033107F5847301
:1025A000A3F584731B681B6DE033C7F8F03007F5A3
:1025B0008473A3F584731B6803F11002D7F8EC3021
:1025C0001F3323F01F0307F58471A1F58270D7F83C
:1025D000F010006803F09BF8584B00930023584A12
:1025E00003214FF0FF3004F033FD07F58473A3F5AA
:1025F00082731B681C6807F58473A3F582731868DF
:10260000FFF7A0FB0346029301944C4B0093002379
:102610004C4A03214FF0FF3004F01AFD07F5847394
:10262000A3F584731B68103307F58472A2F58472D6
:102630001268126D03920293D7F8EC3001933F4B6E
:1026400000930023414A03214FF0FF3004F000FDC6
:102650006CE007F58473A3F584731B6801225A703C
:1026600007F58473A3F584731B681B6DE033C7F80B
:10267000F03007F58473A3F584731B6803F110042D
:1026800097F8D43003F11F0297F8D4301F33594222
:1026900003F01F0301F01F0158BF4B42D31A1A4623
:1026A00007F58473A3F5827013462246D7F8F0101D
:1026B000006803F02CF897F8D43003F11F0297F864
:1026C000D4301F33594203F01F0301F01F0158BFDC
:1026D0004B42D31A1A46D7F8F0301A4407F58473E0
:1026E000A3F584731B685A65D7F8D82007F584735F
:1026F000A3F584731B68DA6097F8D42007F5847318
:10270000A3F584731B689A7097F8D4303F2B02D9D5
:102710003F2387F8D43097F8D4301A4607F58473EE
:10272000A3F584731B68134400221A7497F80331CD
:10273000184607F58677BD4690BD00BFCCE7040874
:1027400034C1040858C1040878C10408BCC1040895
:1027500090B5DBB004AF07F5AC74A4F5A6742060A7
:1027600007F5AC70A0F5A870016007F5AC71A1F594
:10277000AA710A601A4607F5AC73A3F255131A70D2
:10278000002387F8573107F16803E022002118463B
:102790000FF08BFE07F5AC73A3F5A6731B68DA6820
:1027A00007F5AC73A3F5A8731B68B3FBF2F101FB4B
:1027B00002F29B1A002B30D0A84B00930023A84AAA
:1027C00003214FF0FF3004F043FC07F5AC73A3F591
:1027D000A6731B681C6807F5AC73A3F5A67318688D
:1027E000FFF7B0FA0346029301949C4B0093002339
:1027F0009C4A03214FF0FF3004F02AFC9A4B0293CD
:102800009A4B0193954B00930023994A03214FF073
:10281000FF3004F01DFC00BFFDE707F5AC73A3F526
:10282000AA731B68002B30D18C4B009300238C4A79
:1028300003214FF0FF3004F00BFC07F5AC73A3F558
:10284000A6731B681C6807F5AC73A3F5A67318681C
:10285000FFF778FA034602930194804B009300231C
:10286000804A03214FF0FF3004F0F2FB7E4B0293CD
:10287000804B0193794B009300237D4A03214FF055
:10288000FF3004F0E5FB00BFFDE707F5AC73A3F5EF
:10289000A87207F5AC73A3F5A67311681868FFF763
:1028A000C9FAC7F85001D7F85031002B23D007F5EB
:1028B000AC73A3F255131B7883F00103DBB2002B3A
:1028C0000CD107F5AC73A3F255131B78002B12D073
:1028D000D7F850315B69B3F1FF3F0CD007F5AC730B
:1028E000A3F5AA731822D7F85011186810F087FDC5
:1028F00097F85731D5E107F1680207F5AC73A3F5F6
:10290000A87107F5AC73A3F5A670E0230968006809
:1029100002F0FDFE07F5AC73A3F5AA731B68002255
:102920005A7007F5AC73A3F5AA731B6800229A705E
:1029300007F5AC73A3F5AA731B6807F5AC72A2F593
:10294000A87212685A60D7F8282107F5AC73A3F56E
:10295000AA731B689A6007F5AC73A3F5AA731B688A
:102960009B68454A934208D1D7F82C31B3F1FF3F19
:1029700014D0D7F82C31002B10D007F5AC73A3F589
:10298000AA731B6800221A7007F5AC73A3F5AA732B
:102990001B684FF0FF32DA60082382E107F5AC7361
:1029A000A3F5AA731B6801221A70D7F82C2107F52A
:1029B000AC73A3F5AA731B68DA6007F168030421FE
:1029C000184602F04AFD0346DAB207F5AC73A3F5E8
:1029D000AA731B685A7007F1680360330421184614
:1029E00002F03BFD0346DAB207F5AC73A3F5AA7318
:1029F0001B689A7007F5AC73A3F255131B78002B74
:102A000000F01E8107F5AC73A3F5AA731B680022C2
:102A10001A6107F5AC73A3F5AA731B685B6803F131
:102A2000E00207F5AC73A3F5AA731B685A6107F5BA
:102A3000AC73A3F5AA731B685B78012B1ED107F555
:102A4000AC73A3F5A6731B68DB68A3F1E00207F57E
:102A5000AC73A3F5AA731B681A61E4E0D4E7040819
:102A600034C1040858C10408E8E7040844C2040853
:102A70000CC2040860C204084644423007F5AC7337
:102A8000A3F5AA731B685B78022B40F0CC8007F596
:102A9000AC73A3F5A6731B68DB68A3F1E00207F52E
:102AA000AC73A3F5AA731B681A6107F5AC73A3F5A1
:102AB000AA731B685B6803F1E00207F5AC73A3F52A
:102AC000A4731A6507F1100207F5AC73A3F5A6739A
:102AD00011461868FFF724FC07F5AC73A3F5A4733F
:102AE0005B7883F00103DBB2002B18D007F5AC73E1
:102AF000A3F5A4731B78012B11D007F5AC73A3F5D4
:102B0000A4731B78052B0AD007F5AC73A3F5AA7341
:102B10001B6800221A61022387F857313FE007F54E
:102B2000AC73A3F5AA731B685A6907F5AC73A3F5D8
:102B3000A4739B681A4407F5AC73A3F5AA731B68CA
:102B40005A6107F5AC73A3F5AA731B681A6907F5F8
:102B5000AC73A3F5A4739B68D21A07F5AC73A3F505
:102B6000AA731B681A6107F1100207F5AC73A3F58D
:102B7000AA7107F5AC73A3F5A67309681868FFF787
:102B800075FB024607F5AC73A3F5A4731A6507F548
:102B9000AC73A3F5A4731B6DB3F1FF3F92D107F59E
:102BA000AC73A3F5AA731B68596907F5AC73A3F559
:102BB000AA731B685A6807F5AC73A3F5A6731B6864
:102BC000DB681A4407F5AC73A3F5A673186802F026
:102BD00037FDC7F8480107F5AC73A3F5AA731B6866
:102BE0005B69D7F848219A421DD007F5AC73A3F56D
:102BF000AA731B68D7F848215A6107F5AC73A3F58F
:102C0000A6731B68DA6807F5AC73A3F5AA731B6893
:102C10005968D7F84831CB1A1A4407F5AC73A3F5B5
:102C2000AA731B681A6107F5AC73A3F5AA7207F5BE
:102C3000AC73A3F5A67311681868FFF796F82EE039
:102C400007F5AC73A3F5AA731B685A6807F5AC7354
:102C5000A3F5A67311461868FFF7ECF8C7F84C0106
:102C6000D7F84C31002B1AD107F5AC73A3F5AA7332
:102C70001B684FF0FF325A6107F5AC73A3F5AA73D6
:102C80001B6800221A6107F5AC73A3F5AA7207F559
:102C9000AC73A3F5A67311681868FFF766F897F888
:102CA0005731184607F5AE77BD4690BD80B487B062
:102CB00000AFF860B9607A60BB68DB68B3F1FF3FD2
:102CC00003D1FB68DB687B6106E0BB68DB68FA6800
:102CD000D26802FB03F37B617A687B691A44FB6864
:102CE0001B699A420ED8BB685A687B691A44FB6814
:102CF0001B699A4204D2BB685A687B69134403E09B
:102D0000002301E04FF0FF3318461C37BD465DF845
:102D1000047B704780B58CB000AFF860B9607A6012
:102D20003B600023BB62FB685B69FB62FB68DB689E
:102D3000BA6A1344BB6207F110020023F96AF8680B
:102D4000FFF706FD0346002B29D1BB6B002B28D0D3
:102D50007B7C022B02D07B7C032B23D17B6903F18C
:102D6000E002BB681A65B968F868FFF7D9FABB6B6F
:102D70003A687968B86898470346002B1FD107F175
:102D80001003BA681946F868FFF770FA0246BB6884
:102D90001A65BB681B6DB3F1FF3FE4D102E000BFD1
:102DA00000E000BF07F11003BA6A1946F868FFF7A0
:102DB0007DFFF862FB6AB3F1FF3FB7D100E000BFCF
:102DC0003037BD4680BD80B588B000AFF860B960CF
:102DD0007A60BB68FB617B68BB61F869CDF768FE10
:102DE0007861FB689B781A467B69934201D0002387
:102DF00017E0FB685B78002B12D0FB681B78022B76
:102E00000ED1FB6810337A69F96918460FF062FB3E
:102E10000346002B04D1BB6901221A70012300E094
:102E2000002318462037BD4680BD000080B588B01D
:102E300002AFF860B9607A600023FB7507F11703F1
:102E4000054A0092BA687968F868FFF763FFFB7D6E
:102E500018461837BD4680BDC72D030880B586B01B
:102E600000AFF860B9607A600023FB75B868CDF7F1
:102E70001FFE38617B6850333A69B968F868FFF71C
:102E8000F9F80346002B05D07968F868FFF748FA8F
:102E9000012311E07A68B968F868FFF7C7FF0346B5
:102EA000FB75FB7D002B06D07B681B6D3A69B9680A
:102EB000F868FFF720F8FB7D18461837BD4680BD3F
:102EC00080B59CB000AFF860B9607A603B600023C9
:102ED000FB6607F114031A46B968F868FFF7BEFFEE
:102EE0000346002B18D0BB6F002B02D03A6ABB6F91
:102EF0001A603B6A3A689A4202D93B6AFB6601E073
:102F00003B68FB667B68002B0CD0B96EFB6E7A6861
:102F1000F86802F0FCFB05E0BB6F002B02D0BB6F32
:102F200000221A60FB6E18467037BD4680BD000057
:102F300090B58BB004AFF860B9607A6000237B6114
:102F4000FB681B7E83F00103DBB2002B27D0254BEF
:102F500000930023244A03214FF0FF3004F078F857
:102F6000FB681C68F868FEF7EDFE034602930194C7
:102F70001C4B009300231D4A03214FF0FF3004F047
:102F800067F8FB681B680193164B00930023184AEF
:102F900003214FF0FF3004F05BF800231DE0FB68D5
:102FA000DB69002B03D0FB68DB69F86898477B6816
:102FB0001A687B6859687B68103300930B46B968C0
:102FC000F868FFF77DFF7861FB681B6A002B03D070
:102FD000FB681B6AF86898477B6918461C37BD4632
:102FE00090BD00BFFCE7040834C1040858C10408C0
:102FF00068C2040880B588B002AFF860B9607A6032
:103000000023FB757A6800230193012300930623B4
:10301000B968F86802F04AFA0346FB75FB7D002B9D
:1030200001D0FB7D0EE0BB6803F1A0017B6803F1DA
:10303000A002002300932423F86802F0A7FB0346B4
:10304000FB75FB7D18461837BD4680BD90B5C9B0ED
:1030500004AF07F58873A3F58273186007F58873CA
:10306000A3F58473196007F58873A3F586731A6056
:10307000002387F80F3107F12C03E02200211846C6
:103080000FF013FA07F58873A3F582731B68DA68EB
:1030900007F58873A3F584731B68B3FBF2F101FB9A
:1030A00002F29B1A002B30D0614B00930023614A3F
:1030B00003214FF0FF3003F0CBFF07F58873A3F532
:1030C00082731B681C6807F58873A3F58273186800
:1030D000FEF738FE034602930194554B00930023FC
:1030E000554A03214FF0FF3003F0B2FF534B0293D8
:1030F000534B01934E4B00930023524A03214FF050
:10310000FF3003F0A5FF00BFFDE707F58873A3F5C7
:1031100082731B68DA6807F58873A3F5847107F575
:103120008873A3F582730968186802F010FB0346E0
:1031300087F80F3197F80F31002B72D107F12C036C
:10314000E022FF2118460FF0B0F907F12C0207F535
:103150008873A3F5847107F58873A3F58270012342
:1031600001930123009304230968006802F09EF98B
:1031700007F58873A3F584731B6803F1600107F1F9
:103180002C0303F1600207F58873A3F58270012315
:103190000193012300930423006802F087F92A4B6E
:1031A000C7F8EC3007F58873A3F586731B68C7F87A
:1031B000F0304FF0FF33C7F8F43007F58873A3F50C
:1031C00084731B6803F1C00107F12C0303F1C002F3
:1031D00007F58873A3F5827001230093202300680C
:1031E00002F0D4FA034687F80F3107F114030022E6
:1031F0001A605A609A60DA601A615A6107F588733A
:10320000A3F584731B68BB614FF0FF33BB6207F10A
:10321000140207F58873A3F5827311461868FEF748
:10322000A4FD97F80F31184607F58A77BD4690BD83
:103230000CE8040834C1040858C104081CE8040858
:1032400044C204080CC204084644423080B5A0B011
:1032500002AFF860B9607A603B60002387F877308E
:10326000BB685B78012B16D1BB68596807F1140263
:1032700001230193022300930423F86802F016F956
:10328000034687F87730BB685B6802221946F86806
:10329000FEF71BFE32E0BB685B78022B2ED1BB68C9
:1032A0001B69B3F5907F06D3BB681A697B68D31A94
:1032B000B3F5907F1CD2BB68596807F11402012353
:1032C0000193032300930423F86802F0EFF8034608
:1032D00087F87730BB685B6803221946F868FEF709
:1032E000F4FD3B68002B09D03B6801221A7005E011
:1032F0003B68002B02D03B6800221A7097F87730A9
:1033000018467837BD4680BD80B586B000AFF860FE
:10331000B9603B601346FB7100233B61FB685B694E
:103320007B61FB68DB683A6913443B610023BA6840
:103330007969F868FFF70CFAFB79002B04D0BB68B9
:103340005B78FA799A4214D197F82830002B05D08F
:103350000123BA687969F868FFF7FAF97B6A002BEC
:1033600007D07B6A3A6A3968B86898470346002BE9
:103370000AD13A69B968F868FFF798FC78617B6907
:10338000B3F1FF3FCDD100E000BF1837BD4680BD8F
:1033900080B487B000AFF860B9607A60BB687B61C9
:1033A0007B683B61FB681B78002B09D0FB685B786E
:1033B000012B05D17B691B685A1C7B691A600CE0E4
:1033C000FB681B78002B08D0FB685B78022B04D1CC
:1033D0003B691B685A1C3B691A60002318461C375E
:1033E000BD465DF8047B704780B487B000AFF860DD
:1033F000B9607A60BB687B61FB681B78002B1FD0CB
:10340000FB681A697B695B6803F590739A4217D968
:10341000FB689B78012B0CD0FB689B78022B0FD1AB
:103420007B691B6893F8303083F00103DBB2002B1B
:1034300006D07B699B68FA6852691A60012300E034
:10344000002318461C37BD465DF8047B704700001A
:1034500090B58FB004AFF860B9607A604FF0FF3379
:103460007B6200233B620023FB61FB683B617B685E
:103470007B6107F12403BB6107F120020023029363
:10348000384B019307F11C03009313460022B968DF
:10349000F868FFF739FFFB69002B0CD007F1100328
:1034A00001220292304A0192002200920222B9685F
:1034B000F868FFF729FF3B6A002B4ED07B6AB3F117
:1034C000FF3F4AD13B6A012B04D8FB6893F83030A8
:1034D000002B0DD007F1100301220292224A019223
:1034E000002200920122B968F868FFF70DFF34E06E
:1034F0001E4B009300231E4A03214FF0FF3003F0C0
:10350000A7FDFB681C68F868FEF71CFC03460293E5
:103510000194164B00930023164A03214FF0FF300D
:1035200003F096FD4FF469730293134B01930F4B15
:1035300000930023114A03214FF0FF3003F088FD70
:103540000A4B009300230E4A03214FF0FF3003F093
:103550007FFDFB68012283F830207B6A18462C37F8
:10356000BD4690BD91330308E93303082CE80408F5
:1035700034C1040858C104087CC304085CC30408AF
:10358000C0C3040890B5CBB004AF07F58C74A4F5A4
:103590008674206007F58C70A0F58870016007F5CF
:1035A0008C71A1F58A710A601A4607F58C73A3F233
:1035B00015131A70002387F8173107F1B403582246
:1035C000002118460EF071FF07F58C73A3F58A737E
:1035D0001B68002B59D107F1B40207F58C73A3F5D2
:1035E000887107F58C73A3F5867309681868FFF76F
:1035F00035FC0346002B07D007F58C73A3F58A73BF
:1036000007F1B4021A6040E0A14B00930023A14AE5
:1036100003214FF0FF3003F01BFD07F58C73A3F57A
:1036200086731B681C6807F58C73A3F5867318688E
:10363000FEF788FB034602930194954B0093002309
:10364000954A03214FF0FF3003F002FD40F2BE33F4
:103650000293924B01938E4B00930023904A0321D7
:103660004FF0FF3003F0F4FC07F58C73A3F588737B
:103670001B680193864B009300238A4A03214FF075
:10368000FF3003F0E5FC0523FDE007F58C73A3F2A2
:1036900015131B7883F00103DBB2002B1FD007F555
:1036A0008C73A3F58A731B68196D07F1140207F573
:1036B0008C73A3F5867000230193032300930623E4
:1036C000006801F0F3FE034687F8173107F58C73A5
:1036D000A3F586731B68012283F8A4206AE007F52E
:1036E0008C73A3F58A731B68196D07F1140207F533
:1036F0008C73A3F5867001230193042300930623A2
:10370000006801F0D3FE034687F8173107F58C7384
:10371000A3F586731B6893F8A43083F00103DBB232
:10372000002B3FD097F81731002B3BD107F58C7356
:10373000A3F588731B68002B16D007F58C73A3F5CF
:1037400088731868CDF7B4F9024607F58C73A3F5B2
:10375000887107F58C73A3F586704FF0FF33096805
:103760000068FEF7C8FB1DE007F58C73A3F58A73AC
:103770001B68002B16D007F58C73A3F58A731B68A2
:1037800003F1100107F58C73A3F58A731B689B780E
:103790001A4607F58C73A3F586704FF0FF33006867
:1037A000FEF7A9FB07F58C73A3F586731B6800224F
:1037B00083F8A42007F58C73A3F58A731B681A6D30
:1037C00007F58C73A3F586731B68DB68B2FBF3F314
:1037D00007F58C72A2F586721268D26802FB03F3B9
:1037E0006033C7F8103197F81731002B49D107F132
:1037F000140207F58C73A3F586700423D7F8101113
:10380000006801F0D3FE0346012B3AD107F1140200
:1038100007F58C73A3F586700123019302230093AF
:103820000423D7F81011006801F040FE034687F822
:10383000173107F58C73A3F58A731B681A6D07F5AA
:103840008C73A3F586731B68DB68B2FBF3F307F593
:103850008C72A2F586721268D26803FB02F207F539
:103860008C73A3F5867311461868FEF7E3FAC7F860
:103870000C01D7F80C31002B03D0D7F80C31022201
:103880009A7097F81731184607F58E77BD4690BDA8
:1038900038E8040834C1040858C104087CC304088B
:1038A0005CC3040804C4040890B5E3B006AF07F590
:1038B000B873A3F5B673186007F5B873A3F5B873BA
:1038C0001960002387F86F3107F5B873A3F5B87353
:1038D0001B681B78022B0DD107F5B873A3F5B872DE
:1038E00007F5B873A3F5B6700023126800210068CD
:1038F000FFF748FE07F5B873A3F5B8731B689A681D
:1039000007F1A40107F5B873A3F5B6731868FFF7BC
:103910009FFDC7F86001D7F86031B3F1FF3F3FD09A
:1039200007F5B873A3F5B6731B6893F83130002B15
:1039300038D007F5B873A3F5B8731B681B78032B51
:1039400030D107F5B873A3F5B473184641231A466E
:1039500000210EF0AAFD07F5B873A3F5B8731B6834
:1039600003F1100107F5B873A3F5B8731B689B78D2
:103970001A4607F1080318460EF0BEFD07F14C0287
:1039800007F1080107F5B873A3F5B6731868FFF7D8
:103990004DFA0346002B05D0002387F86F313EE136
:1039A00007234CE107F5B873A3F5B8731B689B6850
:1039B000C7F85C3107F5B873A3F5B8731B689A684C
:1039C00007F1A40107F5B873A3F5B67000230068EA
:1039D000FFF73CFC07F1BC0207F5B873A3F5B6701E
:1039E00000230193012300930623D7F86011006898
:1039F00001F05CFDD7F85C31A03BC7F85C310023D7
:103A0000C7F868310023C7F8643148E0D7F8683157
:103A10002033D7F85C219A4203D92023C7F86431B8
:103A200006E0D7F85C21D7F86831D31AC7F86431BB
:103A300007F5B873A3F5B8731B681A6DD7F868312A
:103A4000134403F1A001D7F864311F3323F01F039F
:103A500007F14C0207F5B870A0F5B670006801F0E8
:103A600056FED7F86021D7F86831134403F1A0015E
:103A700007F14C0207F5B873A3F5B6700123009364
:103A8000D7F86431006801F081FE034687F86F3192
:103A9000D7F86821D7F864311344C7F86831D7F8EC
:103AA0006821D7F85C319A42B0D307F1BC0207F520
:103AB000B873A3F5B6700123019302230093062384
:103AC000D7F86011006801F0F1FC07F5B873A3F5B1
:103AD000B6731B68DB68D7F86021B2FBF3F307F518
:103AE000B872A2F5B6721268D26802FB03F007F54D
:103AF000B873A3F5B8731B689B7803F11F0207F531
:103B0000B873A3F5B8731B689B781F33594203F051
:103B10001F0301F01F0158BF4B42D31A1A46D7F8B2
:103B200060311A4407F5B873A3F5B8731B68DB68F6
:103B30001F3323F01F03134403F1E00207F5B873AA
:103B4000A3F5B67301461868FEF7A0F907F5B87338
:103B5000A3F5B8731B6803F1100107F5B873A3F55B
:103B6000B8731B689B781A4607F5B873A3F5B6704F
:103B7000D7F860310068FEF7BEF9334B009300239D
:103B8000324A03214FF0FF3003F062FA07F5B873B1
:103B9000A3F5B6731B681C6807F5B873A3F5B67375
:103BA0001868FEF7CFF8034602930194264B009362
:103BB0000023274A03214FF0FF3003F049FA40F277
:103BC00025430293234B01931F4B00930023224A6A
:103BD00003214FF0FF3003F03BFA07F5B873A3F56C
:103BE000B8731B689B78184607F5B873A3F5B873CC
:103BF0001B68103307F5B872A2F5B8721268126D1F
:103C0000D7F8601104910392029301900E4B009338
:103C10000023124A03214FF0FF3003F019FA07F591
:103C2000B873A3F5B87207F5B873A3F5B67001239E
:103C3000126800210068FFF7A5FC97F86F3118465D
:103C400007F5BA77BD4690BD40E8040834C10408C2
:103C500058C104087CC304085CC3040834C40408C5
:103C600090B58BB004AFF860B9607A600023FB7543
:103C70004FF0FF333B617A68B968F868FFF7E8FBFB
:103C800038613B69B3F1FF3F70D1FB6893F8303086
:103C9000002B3FD0FB7D83F00103DBB2002B39D03A
:103CA000354B00930023354A03214FF0FF3003F0DA
:103CB000CFF9FB681C68F868FEF744F803460293E6
:103CC00001942D4B009300232D4A03214FF0FF3028
:103CD00003F0BEF940F2364302932A4B0193264B80
:103CE00000930023284A03214FF0FF3003F0B0F97E
:103CF0007B680193204B00930023244A03214FF05B
:103D0000FF3003F0A5F97968F86800F0C5F90123E0
:103D1000FB75B0E7FB7D002B28D0174B00930023E9
:103D2000164A03214FF0FF3003F092F9FB681C683C
:103D3000F868FEF707F80346029301940E4B0093D0
:103D400000230F4A03214FF0FF3003F081F97B6815
:103D50000193094B009300230D4A03214FF0FF30DC
:103D600003F076F9FB68002283F830203B6918469F
:103D70001C37BD4690BD00BF48E8040834C10408A4
:103D800058C104087CC304085CC3040878C4040850
:103D9000D4C4040880B586B000AFF860B9607A601A
:103DA0003B607B681F3323F01F023B681F3323F007
:103DB0001F031344E0337B617A69B968F868FFF741
:103DC0004FFF034618461837BD4680BD80B487B004
:103DD00000AFF860B9607A60BB687B617B683B616B
:103DE000FB681B78002B08D07B691B685A1C7B6919
:103DF0001A60FB685A683B691A60002318461C3732
:103E0000BD465DF8047B704790B5C1B004AFF86063
:103E1000B9607A60BB68C7F8EC30D7F8EC301B6843
:103E2000C7F8E8300023C7F8E430FB681B78002BA4
:103E300000F01C81FB689B78022B04D0FB689B7808
:103E4000032B40F01381FB685B6803F1600107F10D
:103E5000140201230193032300930423D7F8E800FD
:103E600001F024FBFB685B68E033C7F8DC3007F146
:103E70008C031946D7F8E800FEF752FA97F88D3010
:103E8000002B3FD097F88C30022B03D097F88C3062
:103E9000032B37D107F18C031946D7F8E800FFF759
:103EA00003FD0346002B68D0734B00930023734A35
:103EB00003214FF0FF3003F0CBF8D7F8E8301C684F
:103EC000D7F8E800FDF73EFF0346029301946A4BE2
:103ED000009300236A4A03214FF0FF3003F0B8F843
:103EE00097F88E301A4607F18C0310330293019233
:103EF000614B00930023634A03214FF0FF3003F02E
:103F0000A7F83AE05C4B009300235C4A03214FF092
:103F1000FF3003F09DF8D7F8E8301C68D7F8E800C8
:103F2000FDF710FF034602930194534B00930023C7
:103F3000534A03214FF0FF3003F08AF840F26D43FB
:103F40000293514B01934C4B009300234F4A0321A2
:103F50004FF0FF3003F07CF897F88E301A4607F1E7
:103F60008C03103302930192434B00930023484A81
:103F700003214FF0FF3003F06BF807F18C031A4672
:103F8000F968D7F8E800FEF771F90346C7F8DC30A6
:103F9000D7F8DC30B3F1FF3F7FF469AFFB685B68B3
:103FA0004FF0FF321946D7F8E800FFF74FF8D7F87F
:103FB000EC309B68C7F8E430FB685A68D7F8EC30FF
:103FC0009A600022F968D7F8E800FEF76FFE024613
:103FD000D7F8E8305A61284B00930023274A032181
:103FE0004FF0FF3003F034F8D7F8E8301C68D7F80A
:103FF000E800FDF7A7FE0346029301941E4B0093D1
:1040000000231F4A03214FF0FF3003F021F840F254
:10401000754302931C4B0193174B009300231B4ADB
:1040200003214FF0FF3003F013F8FB685B68019346
:10403000114B00930023174A03214FF0FF3003F088
:1040400007F807F174020123D7F8E410D7F8E80065
:10405000FEF77EFB0346002B08D1D7F88420D7F863
:10406000EC305B689A4201D9012300E00023184636
:10407000F437BD4690BD00BF50E8040834C10408C1
:1040800058C1040824C504087CC304085CC30408A0
:1040900068C50408B0C5040890B593B004AF786053
:1040A00039600023FB610023BB6107F11C0207F1AB
:1040B0002001002302932F4B019307F11803009373
:1040C000134601227868FFF71FF92B4B009300235A
:1040D0002A4A03214FF0FF3002F0BAFF7B681C68C8
:1040E0007868FDF72FFE034602930194224B00935C
:1040F0000023234A03214FF0FF3002F0A9FF40F2D2
:104100008C4302931F4B01931B4B009300231E4AC9
:1041100003214FF0FF3002F09BFFFB690122029266
:104120000193154B00930023184A03214FF0FF30F1
:1041300002F08EFFFB69012B13D87B68FB603B68A4
:104140003B61BB697B6107F10C0307F12001002291
:1041500002920F4A01920022009200227868FFF733
:10416000D3F87B68002283F8302000BF3C37BD467F
:1041700090BD00BFCD3D030858E8040834C10408D1
:1041800058C104087CC304085CC30408E4C50408DF
:10419000093E030880B582B000AF78607B681B6978
:1041A00019467868FFF778FF00BF0837BD4680BD25
:1041B00090B5BFB004AFF860B9607A603B6000238F
:1041C00087F8E7300023FB75BB685B69C7F8E03010
:1041D0007868CCF76DFC0346402B26D9864B0093BC
:1041E0000023864A03214FF0FF3002F031FFFB68C5
:1041F0001C68F868FDF7A6FD0346029301947E4B08
:10420000009300237E4A03214FF0FF3002F020FF8D
:1042100040230193784B009300237A4A03214FF007
:10422000FF3002F015FF0523C9E107F11803C4228E
:10423000FF2118460EF039F9734BC7F8B83078688B
:10424000CCF736FC0346DBB287F8C430D7F8F83039
:10425000C7F8C83097F8C43003F11F0297F8C4308C
:104260001F33594203F01F0301F01F0158BF4B4297
:10427000D31A1A46D7F8C8301F3323F01F0313444C
:10428000E033C7F8BC30D7F8BC20FB68DB68E03B04
:104290009A4224D9584B00930023584A03214FF0E7
:1042A000FF3002F0D5FEFB681C68F868FDF74AFD98
:1042B000034602930194504B00930023504A03217C
:1042C0004FF0FF3002F0C4FE4B4B009300234F4AE7
:1042D00003214FF0FF3002F0BBFE07236FE1D7F858
:1042E000E030B3F1FF3F0ED1D7F8BC301A46B968C1
:1042F000F868FFF7B5FCC7F8E000D7F8E030B3F195
:10430000FF3F00F0558197F8E730002B0AD1D7F82E
:10431000BC2007F11703B968F868FEF797FF03465A
:1043200087F8E73097F8E730002B40F08E80FF23C6
:10433000BB750023C7F8C030D7F8C00007F11803D9
:10434000AC330422194601F03BF80346C7F8C030ED
:10435000D7F8C00007F11803B0330422194601F062
:104360002FF80346C7F8C030D7F8C03097F8C420FC
:104370007968184601F024F80346C7F8C03097F86A
:10438000C43003F11F0297F8C4301F33594203F0C1
:104390001F0301F01F0158BF4B42D31A97F8C420E6
:1043A0009B1AC7F8DC300AE0D7F8C03007F11601D5
:1043B0000122184601F004F80346C7F8C030D7F8C8
:1043C000DC305A1EC7F8DC20002BEDD1D7F8C03006
:1043D000D7F8C8203968184600F0F2FF0346C7F83E
:1043E000C030D7F8C8301F3323F01F02D7F8C830C9
:1043F000D31AC7F8DC3016E070E8040834C10408AA
:1044000058C1040830C604084B56303074C604083E
:10441000D7F8C03007F116010122184600F0D0FF8E
:104420000346C7F8C030D7F8DC305A1EC7F8DC2086
:10443000002BEDD107F118031A46D7F8E010F86801
:10444000FEF7D8FD034687F8E73097F8E730002BF2
:104450003CD1D7F8E03003F1E00197F8C4307A6836
:10446000F86801F0B3F9034687F8E730FB7D83F085
:104470000103DBB2002B20D0BB68586897F8C4302A
:1044800003F11F0297F8C4301F33594203F01F0392
:1044900001F01F0158BF4B42D31A1A46D7F8E0303B
:1044A0001A44D7F8C8301F3323F01F031344E033F6
:1044B0001A460146F868FDF7E9FC97F8C4301A4639
:1044C000D7F8E0307968F868FDF715FD97F8E73020
:1044D000002B1DD197F8C43003F11F0297F8C430A8
:1044E0001F33594203F01F0301F01F0158BF4B4215
:1044F000D31A1A46D7F8E030134403F1E001D7F895
:10450000C8303A68F86801F061F9034687F8E73087
:1045100097F8E730002B0ED107F118020123019321
:10452000022300930623D7F8E010F86800F0BEFFDE
:10453000034687F8E73097F8E730002B3CD1FB7D46
:10454000002B39D0204B00930023204A03214FF049
:10455000FF3002F07DFDFB681C68F868FDF7F2FB98
:10456000034602930194184B00930023184A032139
:104570004FF0FF3002F06CFD40F2E9430293154B1F
:104580000193114B00930023134A03214FF0FF3096
:1045900002F05EFD0C4B00930023104A03214FF004
:1045A000FF3002F055FDFB68012283F8302003E064
:1045B000072387F8E73000E000BF97F8E730184698
:1045C000EC37BD4690BD00BF70E8040834C1040854
:1045D00058C104087CC304085CC30408ACC60408C2
:1045E00090B589B002AFF860B9607A603B60002393
:1045F000FB750023BB757B68002B08D101230022CB
:10460000B968F868FEF7BEFF0346FB7561E0FB681A
:1046100003F18C04B868CCF74BFA02463B6821469C
:10462000F868FFF7B7FB0346B3F1FF3F01D107235B
:1046300050E0FB6834331A46B968F868FEF70EFCA0
:104640000346BB75BB7D002B09D0FB6803F1340228
:104650000023B968F868FEF795FF0346FB75FB7DFC
:10466000002B0BD1FB6803F18C013B6800937B6846
:10467000BA68F868FFF79CFD0346FB75BB7D002B0D
:104680000CD0FB7D002B09D1FB6803F13402012320
:10469000B968F868FEF776FF0346FB75FB6893F888
:1046A0003030002B15D0B868CCF702FA0446B86851
:1046B000CCF7FEF903461F3303F01F03E21A3B68F1
:1046C0001F3323F01F031344FF331946F868FFF725
:1046D000E3FCFB7D18461C37BD4690BD90B58BB002
:1046E00004AFF860B9607A600023FB75FB681B7E3D
:1046F00083F00103DBB2002B27D0234B0093002370
:10470000224A03214FF0FF3002F0A2FCFB681C6834
:10471000F868FDF717FB0346029301941A4B0093C8
:1047200000231B4A03214FF0FF3002F091FCFB688D
:104730001B680193144B00930023164A03214FF08A
:10474000FF3002F085FC08231AE0FB68DB69002BD0
:1047500003D0FB68DB69F86898477B681A687B6858
:104760005B68B968F868FFF73BFF0346FB75FB68B9
:104770001B6A002B03D0FB681B6AF8689847FB7D17
:1047800018461C37BD4690BD80E8040834C10408B3
:1047900058C1040868C2040880B58EB002AF7860C2
:1047A000002387F82F307B68DB69002B03D07B6800
:1047B000DB697868984700237B620AE07A687B6A45
:1047C0001533DB0013444FF0FF325A607B6A01332C
:1047D0007B627B6A3F2BF1D90023BB6211E04FF073
:1047E000FF32B96A7868FEF731FC034687F82F304C
:1047F00097F82F30002B5AD17B68DB68BA6A1344D4
:10480000BB627B681B69BA6A9A42E8D300237B6269
:1048100047E07B68996A7A6A13465B0013449B0001
:104820000B449B68002B0DD17B68996A7A6A13460A
:104830005B0013449B000B445B681846CCF738F9C7
:10484000386209E07B68996A7A6A13465B00134410
:104850009B000B449B683B624FF0FF33FB617B681E
:10486000996A7A6A13465B0013449B000B441868EC
:104870007B68996A7A6A13465B0013449B000B4479
:104880005A6807F108013B6A0093134602467868AC
:10489000FFF78EFC97F82F30002B0AD17B6A01338B
:1048A0007B627B68DB6A7A6A9A42B2D302E000BF1D
:1048B00000E000BF7B6800225A617B681B6A002B06
:1048C00003D07B681B6A7868984797F82F301846A2
:1048D0003037BD4680BD000090B58BB004AF786026
:1048E0007B68D3F86833BB6007F10C0200230093A8
:1048F000042359497868FEF7E3FA0346002B00F0D9
:104900009F80FA68BB689A4200F0A280534B0093E4
:104910000023534A03214FF0FF3002F099FB7B68DC
:104920001C687868FDF70EFA0346029301944B4B1E
:10493000009300234B4A03214FF0FF3002F088FB25
:1049400040F2F1530293484B0193444B00930023F0
:10495000464A03214FF0FF3002F07AFBFB68BA6849
:10496000029201933D4B00930023414A03214FF0F3
:10497000FF3002F06DFB00237B615CE07B68996A8D
:104980007A6913465B0013449B000B4419687B68EB
:1049900034331A467868FEF761FA034683F0010360
:1049A000DBB2002B44D07B68996A7A6913465B00BE
:1049B00013449B000B449B68002B0DD17B68996AC4
:1049C0007A6913465B0013449B000B445B681846EE
:1049D000CCF76EF8386109E07B68996A7A6913460A
:1049E0005B0013449B000B449B683B617B684FF06A
:1049F000FF32C3F8A0207B6803F18C007B68996AC2
:104A00007A6913465B0013449B000B441C687B6867
:104A1000996A7A6913465B0013449B000B445A68F9
:104A20003B6900931346224601467868FFF7C0FBB6
:104A30007B6901337B617B68DB6A7A699A429DD32B
:104A400007F10802042304497868FFF7C9FD00E074
:104A500000BF1C37BD4690BDC4C7040890E80408D9
:104A600034C1040858C104087CC304085CC30408AA
:104A7000D0C7040880B487B000AFF860B9607A602E
:104A8000BB687B617B683B613B691B78012B0BD169
:104A9000FB685B78032B03D0FB685B78022B03D1A8
:104AA000FB685A687B691A60FB685A783B691A7020
:104AB000002318461C37BD465DF8047B7047000094
:104AC00090B58BB004AFF860B9607A60FB681B7872
:104AD00083F00103DBB2002B4AD0BB687B617B68AB
:104AE0003B617B691B685A1C7B691A603B699B7E32
:104AF000002B01D001233CE0204B00930023204AEF
:104B000003214FF0FF3002F0A3FA3B691C683869BB
:104B1000FDF718F9034602930194184B0093002304
:104B2000184A03214FF0FF3002F092FA40F2256359
:104B30000293154B0193114B00930023134A032159
:104B40004FF0FF3002F084FAFB685B6801930B4B77
:104B5000009300230E4A03214FF0FF3002F078FA51
:104B6000FB685B684FF0FF3219463869FEF76EFA52
:104B7000002318461C37BD4690BD00BFA0E80408BE
:104B800034C1040858C104087CC304085CC3040889
:104B900010C8040880B586B000AFF860B9607A60CC
:104BA000BB687B61FB681B78002B0AD0FB689B7895
:104BB000032B06D17B69012283F830207869FFF747
:104BC000E9FA002318461837BD4680BD90B5B3B04A
:104BD00004AFF860B9607A60BB68C7F8B430FB68AE
:104BE0005B78002B00F0A580FB681B78032B40F05E
:104BF000A080664B00930023654A03214FF0FF30ED
:104C000002F026FAD7F8B4301C68D7F8B400FDF7E4
:104C100099F80346029301945C4B009300235D4A8C
:104C200003214FF0FF3002F013FAFB689B781A461D
:104C3000FB68103302930192544B00930023564AB1
:104C400003214FF0FF3002F003FAF968D7F8B400FF
:104C5000FEF72AFE0346002B33D14C4B0093002372
:104C60004B4A03214FF0FF3002F0F2F9D7F8B4308D
:104C70001C68D7F8B400FDF765F803460293019469
:104C8000424B00930023434A03214FF0FF3002F0D0
:104C9000DFF940F244630293404B01933B4B009396
:104CA00000233F4A03214FF0FF3002F0D1F9374B88
:104CB000009300233B4A03214FF0FF3002F0C8F974
:104CC0005EE0324B00930023314A03214FF0FF3066
:104CD00002F0BEF9D7F8B4301C68D7F8B400FDF77D
:104CE00031F8034602930194284B00930023294A8C
:104CF00003214FF0FF3002F0ABF940F2466302931C
:104D0000264B0193214B00930023254A03214FF0AA
:104D1000FF3002F09DF9FB689B6801931B4B0093E9
:104D20000023214A03214FF0FF3002F091F90123C3
:104D300027E0FB681B78012B0ED1FB68196D07F18A
:104D4000140201230193052300930623D7F8B4002E
:104D500000F0ACFB012314E0FB685B78002B0FD064
:104D6000FB681B78022B0BD1FB6803F11001FB6879
:104D70009B781A46FB681B6DD7F8B400FDF7BBF8AB
:104D800000231846BC37BD4690BD00BFB4E80408F8
:104D900034C1040858C104086CC804087CC3040862
:104DA0005CC30408CCC8040800C9040890B5A5B0C9
:104DB00004AF7860002387F87F300023BB607B68F6
:104DC000012283F8312007F1080207F10C010023CA
:104DD0000293354B01937B68009313460022786859
:104DE000FEF792FA7B689B7E002B04D0BB68002BF9
:104DF00001D0022353E07B681A697B68DB68B2FB51
:104E0000F3F2BB689A4225D1284B00930023284A2D
:104E100003214FF0FF3002F01BF97B681C687868B3
:104E2000FCF790FF034602930194204B009300236C
:104E3000204A03214FF0FF3002F00AF91B4B009388
:104E400000231D4A03214FF0FF3002F001F978687A
:104E5000FFF7A2FC07F10C0100230293174B01930B
:104E6000002300937B6800227868FEF74DFA07F173
:104E70002401134B009300237A687868FDF74AFFFA
:104E80007B6893F83030002B03D07868FFF782F905
:104E9000EDE77B68002283F8312097F87F301846D1
:104EA0008437BD4690BD00BFC14A0308D0E804085E
:104EB00034C1040858C1040868C90408954B0308A4
:104EC000CD4B030890B589B004AFF860B9607A6043
:104ED000FB68002B28D1714B00930023704A0321FB
:104EE0004FF0FF3002F0B4F8FB681C68F868FCF77C
:104EF00029FF034602930194684B00930023694AFB
:104F000003214FF0FF3002F0A3F8674B0293674B89
:104F10000193624B00930023654A03214FF0FF3059
:104F200002F096F800BFFDE7BB680B2B00F2B280E1
:104F300001A252F823F000BF694F0308CD4F0308C8
:104F4000D74F0308DF4F0308955003089550030817
:104F5000955003089550030895500308E74F030840
:104F6000935003082F500308FB681B7E002B28D0AA
:104F70004A4B009300234A4A03214FF0FF3002F0CE
:104F800067F8FB681C68F868FCF7DCFE03460293D0
:104F90000194424B00930023424A03214FF0FF301B
:104FA00002F056F8404B0293424B01933B4B009367
:104FB00000233F4A03214FF0FF3002F049F800BFC1
:104FC000FDE77B681A68FB68DA6063E0FB68DA6813
:104FD0007B681A605EE07A68FB68DA615AE07A689A
:104FE000FB681A6256E02D4B009300232C4A0321E4
:104FF0004FF0FF3002F02CF8FB681C68F868FCF7F3
:10500000A1FE034602930194244B00930023254AFA
:1050100003214FF0FF3002F01BF8204B00930023D8
:10502000254A03214FF0FF3002F012F832E0FB680E
:105030001B7E002B28D0194B00930023184A032114
:105040004FF0FF3002F004F8FB681C68F868FCF7CA
:1050500079FE034602930194104B00930023114AFA
:1050600003214FF0FF3001F0F3FF0F4B0293114B80
:1050700001930A4B009300230D4A03214FF0FF30A8
:1050800001F0E6FF00BFFDE77B681A78FB689A76BF
:1050900000E000BF00BF1437BD4690BDE0E8040843
:1050A00034C1040858C10408F4E80408B4C9040869
:1050B0000CC20408B8C90408D4C9040890B593B058
:1050C00004AFF860B9607A603B60002387F837303E
:1050D000BB6C009300237A68B968F868FCF7BCFBE6
:1050E000034687F8373097F83730002B40F0378188
:1050F000FB68DB69002B03D0FB68DB69F868984725
:10510000FB68002283F83020FB68002283F83120FE
:105110003B68002B07D0FB683A68283392E803000D
:1051200083E8030005E0FB680022DA62FB680022E6
:105130009A6200237B610023FB74FB6800225A61A2
:1051400007F1140207F11801002302938B4B01931E
:1051500007F11303009313460022F868FEF7D4F812
:105160007A69FB685A61864B00930023854A0321C4
:105170004FF0FF3001F06CFFFB681C68F868FCF72B
:10518000E1FD0346029301947D4B009300237E4A88
:1051900003214FF0FF3001F05BFF40F2F263029316
:1051A0007A4B0193764B00930023794A03214FF009
:1051B000FF3001F04DFFFB685B690193704B00937A
:1051C0000023744A03214FF0FF3001F041FFFB68D8
:1051D0001A69FB68DB68B2FBF3F3012B28D8684B34
:1051E00000930023674A03214FF0FF3001F030FFA6
:1051F000FB681C68F868FCF7A5FD03460293019460
:105200005F4B00930023604A03214FF0FF3001F011
:105210001FFF614B0293614B0193594B0093002395
:105220005F4A03214FF0FF3001F012FF00BFFDE79E
:1052300000233B6325E0F9683A6B13465B00134497
:10524000DB000B4403F52A7300221A70F9683A6BED
:1052500013465B001344DB000B4403F52F734FF040
:10526000FF321A60F9683A6B13465B001344DB00A7
:105270000B4403F52B734FF0FF321A603B6B013385
:105280003B633B6B072BD6D900233B630AE0FA68EC
:105290003B6B1533DB0013444FF0FF325A603B6B1E
:1052A00001333B633B6B3F2BF1D9354B009300231C
:1052B000344A03214FF0FF3001F0CAFEFB681C683E
:1052C000F868FCF73FFD0346029301942C4B0093D2
:1052D00000232D4A03214FF0FF3001F0B9FE40F2C8
:1052E00002730293294B0193254B00930023284A14
:1052F00003214FF0FF3001F0ABFEFB681B69019307
:105300001F4B00930023274A03214FF0FF3001F089
:105310009FFEFB681B6A002B03D0FB681B6AF868C2
:105320009847F868FFF742FD034687F83730FB6877
:10533000DB69002B03D0FB68DB69F868984797F8B6
:105340003730002B02D1F868FFF7C6FAFB681B6AFA
:10535000002B06D0FB681B6AF868984702E000BF84
:1053600000E000BF97F837301946F868FCF712FCE8
:1053700097F8373018463C37BD4690BD754A03084C
:1053800008E9040834C1040858C104087CC30408AF
:105390005CC3040838CA040818E904086CCA040885
:1053A0000CC20408B8CA040880B582B000AF7860A7
:1053B0007868FCF78BFC002318460837BD4680BD93
:1053C00080B487B000AFF860B9607A60BB687B6179
:1053D000FB68DB43FB600EE07B695A1C7A611B783B
:1053E0001A46FB685340DBB2094A52F82320FB6897
:1053F0001B0A5340FB607B685A1E7A60002BEBD17E
:10540000FB68DB4318461C37BD465DF8047B7047DC
:1054100028E9040880B586B000AFF860B9607A600A
:105420004FF0FF337B61BB681B02F93BDB081A4678
:10543000FF21F8680DF039F87B68002B08D07B68F5
:10544000013B5B017B61FA687B69134400221A709F
:105450007B6918461837BD4680BD80B485B000AF63
:10546000786039600023FB603B68013B3B603B6830
:10547000BB600AE03B681B02DB087A6813441B78B8
:10548000002B08D0FB680133FB603B685A1E3A6072
:10549000002BEFD100E000BFBA68FB68D31A1846B2
:1054A0001437BD465DF8047B7047000080B58AB0B4
:1054B00004AFF860B9607A603B600023FB753A6A1C
:1054C0003B689A4220D3324B00930023314A032198
:1054D0004FF0FF3001F0BCFD2D4B009300232E4A0E
:1054E00003214FF0FF3001F0B3FD2C4B02932C4B06
:1054F0000193274B009300232A4A03214FF0FF30EA
:1055000001F0A6FD00BFFDE77B68002B20D1204BFA
:10551000009300231F4A03214FF0FF3001F098FD54
:105520001B4B009300231C4A03214FF0FF3001F076
:105530008FFD1A4B02931C4B0193154B00930023D4
:10554000184A03214FF0FF3001F082FD00BFFDE754
:105550003A6A39687868FFF75DFF38613B69B3F1F3
:10556000FF3F01D100230FE0BA683B69D1187A6888
:105570003B691A4497F8243000932023F86800F020
:1055800005F90346FB75FB7D18461837BD4680BDFF
:1055900028ED0408E8CA040810CB04083CED040810
:1055A00060CB040828CB04087CCB040880B588B005
:1055B00004AFF860B9607A603B607B68002B20D153
:1055C000194B00930023194A03214FF0FF3001F0DB
:1055D0003FFD154B00930023154A03214FF0FF3088
:1055E00001F036FD134B0293134B01930E4B0093C6
:1055F0000023124A03214FF0FF3001F029FD00BFC4
:10560000FDE73B681B02F93BDB087A68B968F8687C
:1056100000F07DF839687868FFF71FFF03461846E9
:105620001037BD4680BD00BF50ED0408E8CA04082D
:1056300010CB040864ED04087CCB040828CB0408D4
:1056400080B590B000AFF860B9607A60002387F849
:105650003F30BB687B6335E0BB6820337A689A4291
:1056600002D920233B6303E07A68BB68D31A3B630B
:1056700007F110023B6BB968F86800F048F80023A6
:10568000BB6318E097F83F30FF2B0AD007F11002F8
:10569000BB6B13441B78FF2B03D1BA68BB6B13445D
:1056A0007B6307F11002BB6B13441B7887F83F3014
:1056B000BB6B0133BB63BA6B3B6B9A42E2D3BB68F3
:1056C0002033BB60BA687B689A42C5D397F83F30F5
:1056D000FF2B04D17B6B1F3323F01F0300E07B689B
:1056E00018464037BD4680BD80B485B000AFF86035
:1056F000B9607A60FB68BA681A60FB687A685A60B9
:10570000FB6818461437BD465DF8047B704780B5CA
:1057100086B000AFF860B9607A603B600023FB752B
:10572000FB685B7E002B01D002230CE0FB689868CD
:105730003B687A68B968FBF70BFF0346002B01DA78
:105740000223FB75FB7D18461837BD4680BD80B52A
:1057500086B000AFF860B9607A600023FB75FB6823
:105760005B7E002B01D001230CE0FB689B687A680C
:10577000B9681846FBF7F8FF0346002B01DA01234E
:10578000FB75FB7D18461837BD4680BD80B586B0D9
:1057900000AFF860B9607A603B600023FB75FB687E
:1057A0005B7E002B01D003230CE0FB6898683B680C
:1057B0007A68B968FBF752FF0346002B01DA03232E
:1057C000FB75FB7D18461837BD4680BD80B592B08D
:1057D00002AFF860B9607A603B60002387F83F3021
:1057E0002023BB6307F11403BA6BFF2118460CF0AA
:1057F0005CFE3B681F2B0CD93B6823F01F03002283
:1058000000927A68B968F868FFF7C0FF034687F826
:105810003F303B6803F01F037B6397F83F30002B5A
:105820001DD17B6B002B1AD03B6823F01F037A68D5
:10583000D11807F114037A6B18460DF0E0FD3B68B0
:1058400023F01F02BB68D11807F114020023009354
:10585000BB6BF868FFF79AFF034687F83F3097F86D
:105860003F3018464037BD4680BD80B586B000AF9A
:10587000786039600023BB753B681B88052B6AD1B3
:105880007B6801331B781B02BB827B6802331B7869
:105890001A46BB8A1343BB82BB8A0133BB827B6837
:1058A00003331B781B027B827B6804331B781A4608
:1058B0007B8A13437B827B8A002B49D07B8AB3F59A
:1058C000FA6F45D27B68FB603B6800221A80FB6858
:1058D0005A1CFA6001221A703B681B8801339AB285
:1058E0003B681A807B8A03F00703002B06D07B8A73
:1058F000DB089BB2DBB20133FB7503E07B8ADB087C
:105900009BB2FB75FB685A1CFA60FA7D1A703B6803
:105910001B8801339AB23B681A807A8AB98A0023BD
:10592000F86800F0DDFD0346FB72FB7A002B06D021
:10593000FB7A184600F01DFC0346BB750DE03B6882
:105940001A88FB7D9BB213449AB23B681A8004E02C
:105950000323BB7501E00323BB75BB7D18461837D5
:10596000BD4680BD80B584B000AF7860396000234B
:10597000FB733B681B88052B3FD17B6801331B7889
:105980001B02BB817B6802331B781A46BB89134319
:10599000BB81BB890133BB817B6804331B78002B3F
:1059A00028D17B6803331B78FF2B04D07B6803333B
:1059B0001B78002B1ED100237B727B6803331B787E
:1059C000FF2B02D101233B7201E000233B72B98916
:1059D00007F108000123012200F082FD0346FB725B
:1059E000FB7A002B0BD0FB7A184600F0C2FB034673
:1059F000FB7304E00323FB7301E00323FB73FB7BD6
:105A000018461037BD4680BD80B584B000AF7860C1
:105A100039600023BB733B681B88052B52D97B6818
:105A200001331B781B02BB817B6802331B781A464B
:105A3000BB891343BB81BB890133BB817B680333C3
:105A40001B781B027B817B6804331B781A467B8999
:105A500013437B817B685B797B727B8903F007034F
:105A6000002B06D07B89DB089BB2DBB20133FB73D2
:105A700003E07B89DB089BB2FB737B89002B1ED084
:105A80007B89B3F5F66F1AD8FA7B7B7A9A4216D1E6
:105A90007B68981D7A89B989012300F021FD0346AE
:105AA0003B723B7A002B06D03B7A184600F061FB34
:105AB0000346BB7308E03B6805221A8004E0032319
:105AC000BB7301E00323BB73BB7B18461037BD4695
:105AD00080BD80B586B000AF786039600023BB75AB
:105AE0003B681B88052B6AD17B6801331B781B023E
:105AF000BB827B6802331B781A46BB8A1343BB8286
:105B0000BB8A0133BB827B6803331B781B027B8219
:105B10007B6804331B781A467B8A13437B827B8A1B
:105B2000002B49D07B8AB3F5FA6F45D27B68FB60C6
:105B30003B6800221A80FB685A1CFA6002221A7025
:105B40003B681B8801339AB23B681A807B8A03F05A
:105B50000703002B06D07B8ADB089BB2DBB2013344
:105B6000FB7503E07B8ADB089BB2FB75FB685A1C64
:105B7000FA60FA7D1A703B681B8801339AB23B6861
:105B80001A807A8ABB8A1946F86800F0B7FD034686
:105B9000FB72FB7A002B06D0FB7A184600F0E9FA7C
:105BA0000346BB750DE03B681A88FB7D9BB213442E
:105BB0009AB23B681A8004E00323BB7501E003231B
:105BC000BB75BB7D18461837BD4680BD80B584B017
:105BD00000AF786039600023FB733B681B88052B9E
:105BE00021D17B6801331B781B02BB817B680233A8
:105BF0001B781A46BB891343BB81BB890133BB8128
:105C00007B68D81CB9890123012200F0DDFC034622
:105C1000FB72FB7A002B08D0FB7A184600F0A9FA39
:105C20000346FB7301E00323FB73FB7B184610372D
:105C3000BD4680BD80B584B000AF78603960002378
:105C4000FB733B681B88052B44D97B6801331B78A9
:105C50001B02BB817B6802331B781A46BB89134346
:105C6000BB81BB890133BB817B6803331B781B027B
:105C70007B817B6804331B781A467B8913437B81C5
:105C80007B685B797B727B89002B20D07B89782BAA
:105C90001DD87B89DBB25B00DBB27A7A9A4216D1DF
:105CA0007B68981D7A89B989012300F08DFC034631
:105CB0003B723B7A002B06D03B7A184600F059FA2B
:105CC0000346FB7308E03B6805221A8004E00323C7
:105CD000FB7301E00323FB73FB7B18461037BD46C3
:105CE00080BD80B586B000AF786039600023FB7559
:105CF0003B681B88052B5AD17B6801331B781B023C
:105D0000BB827B6802331B781A46BB8A1343BB8273
:105D1000BB8A0133BB827B6803331B781B027B8207
:105D20007B6804331B787B827B8A002B3CD07B8A88
:105D30007D2B39D87B68FB603B6800221A80FB68AA
:105D40005A1CFA6003221A703B681B8801339AB20E
:105D50003B681A807B8ADAB2FB68591CF9605200F2
:105D6000D2B21A703B681B8801339AB23B681A8022
:105D70007A8AB98A0023F86800F026FC0346FB7291
:105D8000FB7A002B06D0FB7A184600F0F2F90346A6
:105D9000FB750EE03B681A887B8A5B009BB213445C
:105DA0009AB23B681A8004E00323FB7501E00323E9
:105DB000FB75FB7D18461837BD4680BD80B586B0A3
:105DC00000AF786039600023FB753B681B88092BA6
:105DD00040F295807B6801331B781B02BB827B6895
:105DE00002331B781A46BB8A1343BB82BB8A01333A
:105DF000BB827B6803331B781B027B827B68043386
:105E00001B781A467B8A13437B827B6805331B7899
:105E10001B023B827B6806331B781A463B8A13437E
:105E20003B823B8A01333B827B6807331B781B0232
:105E3000FB817B6808331B781A46FB891343FB817F
:105E40007B685B7A7B737B8A002B56D07B8A7D2BA9
:105E500053D8FB89002B50D0FB89792B4DD8FB8977
:105E60005A007B7B9A4248D17B6803F10A00FA8989
:105E7000398A012300F0A8FB0346BB75BB7D002BCC
:105E800031D17B68BB603B6800221A80BB685A1C1A
:105E9000BA6017221A703B681B8801339AB23B68BC
:105EA0001A807B8ADAB2BB68591CB9605200D2B240
:105EB0001A703B681B8801339AB23B681A807A8A51
:105EC000B98A0023B86800F07FFB0346BB75BB7D31
:105ED000002B08D13B681A887B8A5B009BB2134475
:105EE0009AB23B681A80BB7D002B08D0BB7D184658
:105EF00000F03FF90346FB7501E00323FB75FB7DD2
:105F000018461837BD4680BD80B586B000AF7860B2
:105F100039600023FB753B681B88052B5DD17B68CE
:105F200001331B781B02BB827B6802331B781A4645
:105F3000BB8A1343BB82BB8A0133BB827B680333BA
:105F40001B781B027B827B6804331B781A467B8A92
:105F500013437B827B8A002B3CD07B8A7C2B39D8F5
:105F60007B68FB603B6800221A80FB685A1CFA6061
:105F700004221A703B681B8801339AB23B681A806E
:105F80007B8ADAB2FB68591CF9605200D2B21A70EF
:105F90003B681B8801339AB23B681A807A8ABB8AB5
:105FA0001946F86800F054FA0346FB72FB7A002B9E
:105FB00006D0FB7A184600F0DCF80346FB750EE0CD
:105FC0003B681A887B8A5B009BB213449AB23B6899
:105FD0001A8004E00323FB7501E00323FB75FB7DBE
:105FE00018461837BD4680BD80B582B000AF7860D6
:105FF00039607B680133084A1288084918460DF059
:10600000FEF9054B1B8801339AB23B681A800023C6
:1060100018460837BD4680BD50B4042430B404246B
:1060200080B586B000AF7860084611461A46034630
:106030007B800B467B7013463B703B78FB827B7802
:10604000082B05D92A4B2B4A37212B480BF05AF93C
:106050007B88DB08BB82BB8ADB009BB27A88D31AC1
:106060007B82FA8A7B8A02FA03F3FB827B78012225
:1060700002FA03F39BB2013B3B823A8A7988BB8ADE
:10608000DB00CB1A02FA03F33B82BB8A7A68134423
:106090001B78FB81BB8A01337A6813441B781BB2DF
:1060A0001B021AB2B7F90E3013431BB2FB81B7F9CA
:1060B0001030DB431AB2B7F90E3013401AB2B7F9F9
:1060C000163013431BB2FB81BB8A7A681344FA89EA
:1060D000D2B21A70FB891B0A99B2BB8A01337A6863
:1060E0001344CAB21A7000BF1837BD4680BD00BF46
:1060F0008CCB040878ED04089CCB040880B485B0F0
:1061000000AF78600B467B8013467B707B88DB0892
:10611000FB81FB89DB009BB27A88D31ABB817B7839
:10612000012202FA03F39BB2013B7B81FB897A686F
:1061300013441B783B81FB8901337A6813441B7835
:106140001BB21B021AB2B7F9083013431BB23B81D2
:106150003A89BB8942FA03F33B813A897B89134030
:106160003B813B89DBB218461437BD465DF8047BA2
:10617000704780B485B000AF0346FB71FB79072BF5
:106180000CD0072B0DDC002B02D0012B03D008E034
:106190000023FB7308E00223FB7305E00623FB7377
:1061A00002E00423FB7300BFFB7B18461437BD4697
:1061B0005DF8047B7047000080B584B000AF3B60A1
:1061C0000346FB710B46BB7113467B710023FB73C7
:1061D000BB79002B05D0BB79002B02D0BB79F72B04
:1061E00002D90223FB7337E01E4ABB791370FB7997
:1061F000002B1ED11C4B1D4A1A601D4B1D4A1A60F4
:106200001D4B1E4A1A601E4B1E4A1A601E4B00226E
:106210001A601E4B1E4A1A601E4B1F4A1A60114B11
:1062200018783B7E79793A6800F014FD0346FB73D9
:1062300001E00223FB73FB7B002B0DD100F0A2FADF
:106240000346002B02D10323FB7305E0134AFB79BD
:106250001370134B01221A70FB7B18461037BD4692
:1062600080BD00BF52B4042458B40424996C0308C0
:106270005CB40424BD6C030854B40424716D030899
:1062800060B40424D56C030864B4042468B4042402
:10629000396E03086CB40424A96E030853B40424B3
:1062A0001802002480B582B000AF0023FB71094BB7
:1062B0001B78012B06D1084B1B689847054B002221
:1062C0001A7001E00623FB71FB7918460837BD46BA
:1062D00080BD00BF1802002458B4042490B583B0D8
:1062E00000AF0023FB70504B1B78002B01D006231E
:1062F00095E0BB1C184600F07FFA0346012B40F0E6
:106300008D80BB78032B00F2898001A252F823F024
:106310001D64030821630308536303081D64030815
:10632000424B1B68424A4349434898470346FB7027
:10633000FB78002B6FD1404B1A78404B1B789A4268
:1063400003D03D4B1B78002B65D1022000F028FACA
:1063500061E0384B1B681A78394B1A70394B0122AF
:106360001A7000237B601FE0374A7B6812F83330D5
:10637000002B1DD0344A7B6812F83320304B1B7839
:106380009A420ED1304A7B68DB0013445B68294A8D
:10639000126827491046984703461A46294B1A7037
:1063A00007E07B6801337B607B680F2BDCDD00E05E
:1063B00000BF214B1B78002B2FD0224B1B78002BCA
:1063C0001DD01B4B00221A801D4B1A78194B1968DF
:1063D000174B1B88581C84B2154804800B4462F08C
:1063E0007F02D2B21A70134B1A68114B1B88591CCA
:1063F00088B20F4908801344124A12781A70134B5E
:106400001B680E4A10780B4A1168094A128898478F
:106410000346FB7001E000BF00E000BF0023184608
:106420000C37BD4690BD00BF1802002460B40424A0
:1064300078B4042474B4042470B4042452B404243E
:106440007AB404247BB404241C02002454B404242D
:1064500080B485B000AF78600B467B8013463B80EC
:106460000023FB733B88BB817A883B881344642BF1
:1064700028DC7B88184A12889B1A013BBB601CE011
:10648000164ABB6832F813301B0A99B27B685A1C53
:106490007A60CAB21A70114ABB6832F813107B686E
:1064A0005A1C7A60CAB21A70BB680133BB60B7F974
:1064B0000C309BB2013B9BB2BB81B7F90C30002B77
:1064C000DEDC01E00123FB73FB7B18461437BD467D
:1064D0005DF8047B704700BF7CB4042420050020D5
:1064E00090B587B000AFF860084611461A460346DB
:1064F0007B810B463B811346FB710023FB753B8977
:10650000BB827A893B891344642B52DC7B892C4AF9
:1065100012889B1A013B3B61FB79002B02D0012BB7
:1065200024D048E0DEF728FC19E03B6999B2B7F9BE
:106530001430082B02DCBB8ADBB200E00823FC68C5
:10654000621CFA601A461F48FFF7D8FD0346237005
:106550003B6908333B61BB8A083B9BB2BB82B7F9FE
:106560001430002BE1DCDEF739FC24E0DEF704FC1C
:1065700018E03B6998B2B7F91430082B02DCBB8AEB
:10658000DAB200E00822FB68591CF9601B7801466A
:106590000C48FFF745FD3B6908333B61BB8A083B6C
:1065A0009BB2BB82B7F91430002BE2DCDEF716FC9D
:1065B00001E00123FB75FB7D18461C37BD4690BDED
:1065C0007EB40424E805002080B588B000AFF860F0
:1065D000084611461A4603467B810B463B8113460B
:1065E000FB710023FB773B89BB837B89013B9BB21B
:1065F000BB823B89FB827A893B891344B3F5FA7FDE
:106600006EDC7B893A4A12889B1A013BBB61FB799D
:10661000002B02D0012B29D064E0F9F707F9DEF74F
:10662000ABFB1CE0334ABB6932F813301B0A99B24A
:10663000FB685A1CFA60CAB21A702E4ABB6932F85B
:106640001310FB685A1CFA60CAB21A70BB69013396
:10665000BB61B7F91C309BB2013B9BB2BB83B7F95E
:106660001C30002BDEDCDEF7B9FB3BE0DEF784FB01
:1066700026E0FB685A1CFA601B781B0299B21D4A7F
:10668000BB6922F813101B4ABB6932F813301BB2E6
:1066900023F0FF031AB2FB68591CF9601B781BB288
:1066A00013431BB299B2134ABB6922F81310BB699A
:1066B0000133BB61B7F91C309BB2013B9BB2BB837A
:1066C000B7F91C30002BD4DCDEF788FB0A4B1868C6
:1066D00007F1140100234FF4FA72DAF7FDFC01E030
:1066E0000123FB77FB7F18462037BD4680BD00BFE6
:1066F00080B404244C0600207CAF042490B585B0FF
:1067000000AF78600B467B8013463B800023FB7311
:106710003B88BB817A883B881344642B27DC174B6A
:106720001B887A88D31A9BB2013B9BB2BB6019E0ED
:10673000BB6899B2B7F90C30082B02DCBB89DBB21D
:1067400000E008237C68621C7A601A460C48FFF758
:10675000D5FC03462370BB680833BB60BB89083B8C
:106760009BB2BB81B7F90C30002BE1DC01E00123C7
:10677000FB73FB7B18461437BD4690BD82B40424DE
:10678000340A002080B400AF044B00221A700123A9
:106790001846BD465DF8047B704700BF85B40424ED
:1067A00080B586B002AF0346FB71104B01221A7010
:1067B0000F4AFB791370FB79022B07D10D4B186838
:1067C000002303220121DCF779FC09E0094B18685A
:1067D00007F10C030093002303220121DCF732FDB3
:1067E000012318461037BD4680BD00BF85B4042480
:1067F00084B4042470AF042480B485B000AF786002
:106800000023FB73094B1B78002B08D0084B1A7828
:106810007B681A70054B00221A700123FB73FB7B07
:1068200018461437BD465DF8047B704785B40424D0
:1068300084B4042480B582B000AF03460A46FB71DD
:106840001346BB71FB79002B27D0234B1B681A68BA
:10685000214B1B6822F080021A6000BF1E4B1B6890
:10686000DB6903F04003402BF8D11B4B1B6840F25F
:1068700027721A62002210211848D0F76BFC4FF4DF
:10688000007217491448D7F7A5FF134B1B681A6805
:10689000114B1B6842F010021A60BB79002B17D015
:1068A0000D4B1B681A680C4B1B6822F010021A6013
:1068B0000948D7F7DBFF012210210848D0F74AFC2E
:1068C000054B1B681A68044B1B6842F080021A6073
:1068D00000BF0837BD4680BD188804240018025840
:1068E0000000003880B582B000AF396011461A460A
:1068F0000346FB710B46BB7113467B712648D7F7E5
:106900001CFE254B254A1A60234A3B685360224BE4
:106910000022DA60204B0C225A611F4B00229A6140
:106920001D4B0022DA611C4B00221A621A4B002216
:106930005A62194B00229A627B79022B0ED0022BED
:106940001CDC002B13D0012B18D1134B4FF4C06269
:106950001A61114B4FF480529A600FE00E4B4FF4C6
:1069600080621A610C4B4FF480529A6006E00A4B29
:1069700000221A61084B00229A6000BF0648D7F730
:106980008CFD0346002B0CBF01230023DBB218460D
:106990000837BD4680BD00BF1888042400100140A0
:1069A00080B483B000AF0346FB71054AFB79936264
:1069B000012318460C37BD465DF8047B704700BFC5
:1069C0000010014080B500AF024B1B68984700BF24
:1069D00080BD00BF6CB4042480B500AF6C4B1B6855
:1069E000DB6903F01003102B40F09580684B1B68A7
:1069F00010221A62674B1B68674A93424AD0654B64
:106A00001B68664A934245D0624B1B68644A9342B6
:106A100040D0604B1B68634A93423BD05D4B1B6880
:106A2000614A934236D05B4B1B68604A934231D037
:106A3000584B1B685E4A93422CD0564B1B685D4AEC
:106A4000934227D0534B1B685B4A934222D0514B51
:106A50001B685A4A93421DD04E4B1B68584A9342BA
:106A600018D04C4B1B68574A934213D0494B1B68B4
:106A7000554A93420ED0474B1B68544A934209D063
:106A8000444B1B68524A934204D0424B1B68514A04
:106A9000934207D13F4B1B685B689BB2C3F5007301
:106AA0009BB206E03B4B1B685B689BB2C3F500736F
:106AB0009BB2494A13803648D8F76CFB0346002B3B
:106AC00010D03348D7F7D2FEECF7CAFD304B1B6825
:106AD00010221A622E4B1B681A682D4B1B6842F05D
:106AE00010021A603D4B1B78DAB23D4B1B78DBB2CB
:106AF0009A4204D0394B1B78DBB2002B03D1012022
:106B0000FFF74EFE41E02248D7F7B0FE00210120FA
:106B1000FFF790FE39E01E4B1B68DB6903F0800332
:106B2000802B06D11A4B1B6880221A62FFF74AFF9E
:106B30002BE0174B1B68DB6903F02003202B04D1EB
:106B4000134B1B6820221A621FE0114B1B68DB6984
:106B500003F00803082B14D00D4B1B68DB6903F00E
:106B60000403042B0DD00A4B1B68DB6903F00203FE
:106B7000022B06D0064B1B68DB6903F00103012BD7
:106B800003D1034B1B682F221A6200BF80BD00BFD8
:106B900018880424D48904241000024028000240EC
:106BA000400002405800024070000240880002404D
:106BB000A0000240B8000240100402402804024035
:106BC000400402405804024070040240880402401D
:106BD000A0040240B80402408EB40424000000382F
:106BE0009C02002480B485B000AF78600B467B80A7
:106BF000FF23FB73FF23BB7313E07B685A1C7A608F
:106C00001A78BB7B5340DBB2BB60104ABB681344AD
:106C10001A78FB7B5340BB730D4ABB6813441B7847
:106C2000FB737B885A1E7A80002BE6D1FB7B1BB25C
:106C30001B021AB2BB7B1BB213431BB29BB218469A
:106C40001437BD465DF8047B704700BF88ED04082B
:106C500088EE040880B584B000AF3A601A46034657
:106C6000FB710B46BB7113467B710023FB73DEF790
:106C700083F87B79B87908223968FFF733FE034639
:106C8000012B01D00323FB73DEF7A8F8FB7B18462A
:106C90001037BD4680BD000080B500AFDEF76CF850
:106CA000054B01221A7000210120FFF7C3FDDEF71A
:106CB00095F800BF80BD00BF87B4042480B500AF45
:106CC000DEF75AF800210020FFF7B4FDDEF786F862
:106CD00000BF80BD80B586B000AFF860B9607A6053
:106CE0000023BB750023FB75DEF746F81A4B1B88A3
:106CF0009BB2B3F5007F05D3184B194A732119488D
:106D00000AF000FB144B1B889BB2032B1BD9124BC0
:106D10001B889BB219461448FFF764FF0346002BFB
:106D200011D1114B1B78DAB2FB681A700A4B1B8821
:106D30009BB2033B9AB27B681A80BB680B4A1A600D
:106D40000123BB7501E00523FB75DEF747F8FB7DEA
:106D500018461837BD4680BD8EB40424ECCB040819
:106D600088EF040814CC0408000000380100003843
:106D700080B584B000AF03463960FB711346BB8019
:106D80000023FB73DDF7F8FF264B1B78DBB2012BEA
:106D90003FD13B68013B244A1360244B01221A80F7
:106DA000214B1B68FA791A70204B1B889AB2BB885A
:106DB00013449AB21D4B1A801B4B1B681B4A128846
:106DC00092B211461846FFF70DFF0346BB81174BE1
:106DD0001B889BB25A1C91B2144A11801A46BB8977
:106DE000D9B2134B9954BB891B0A99B20F4B1B881C
:106DF0009BB25A1C90B20D4A10801A46C9B20C4B75
:106E000099540C4B01221A7001210020FFF712FD4A
:106E100001E00523FB73DDF7E1FFFB7B184610372C
:106E2000BD4680BD87B4042488B404248CB40424F3
:106E30000000003886B4042480B582B000AF00237F
:106E4000FB71144B1B78DBB2002B05D0124B134A9D
:106E5000B22113480AF056FA124B1B78DBB2032B0F
:106E600012D801A252F823F0796E0308896E030844
:106E7000896E0308816E03080A4B01221A7003E031
:106E8000084B01221A7000BFFB7918460837BD462F
:106E900080BD00BF86B404245CCC040898EF0408CD
:106EA00014CC040887B4042480B582B000AF00235A
:106EB000FB71214B1B78DBB2012B05D01F4B204A05
:106EC000CC2120480AF01EFA1F4B1B78DBB2002BA6
:106ED00002D0012B05D02AE000210120FFF7AAFCF7
:106EE00025E01A4B1B889BB2002B13D0184B1B6854
:106EF0001B78DBB21846FFF753FD154B1B680133B7
:106F0000134A1360114B1B889BB2013B9AB20F4B83
:106F10001A800BE00320FFF743FC0346FB710021BE
:106F20000120FFF787FC084B00221A7000BFFB7995
:106F300018460837BD4680BD87B4042478CC0408C1
:106F4000ACEF040814CC040886B404248CB40424E4
:106F500088B4042480B586B004AF78600B46FB701B
:106F60007B68002B0DD185230293094B0193094BBC
:106F700000930023084A01214FF0FF3000F068F829
:106F800002E07B68FA785A710837BD4680BD00BFC1
:106F9000D4CC040830F0040894CC040880B586B042
:106FA00000AFF8607A601A460B46FB7213463B81CD
:106FB000FB68B3F1FF3F30D10023FB8228E0B7F933
:106FC0001630214A52F82330002B1BD0B7F9163067
:106FD0001D4A52F823301B79002B13D0B7F9163015
:106FE000194A52F823305B79FA7A9A420AD8B7F9EB
:106FF0001630154A52F823301B68B7F9082011469D
:1070000012489847B7F916309BB201339BB2FB8206
:10701000B7F91630042BD2DD12E0FB68002B0FD03D
:10702000FB681B79002B0BD0FB685B79FA7A9A42DC
:1070300006D8FB681B68B7F9082011460348984733
:1070400000BF1837BD4680BD90B40424A4B4042406
:107050000CB480B584B000AF78600B46FB7007F1CC
:107060001C03BB60BB68BA69FF210C480BF054F9E4
:10707000F860FB68B3F5807F02DD4FF48073FB603E
:10708000FB681BB2F978054A7868FFF787FF00BFF5
:107090001037BD46BDE8804002B07047A4B4042458
:1070A00080B58CB002AFF8607A603B600B46FB7233
:1070B00000233B623B68002B00F0F480FB68B3F1D7
:1070C000FF3F05D0FB685B79FA7A9A4200F2EA80CA
:1070D0007A68764B01933B6800931346744AFF210C
:1070E00074480BF04DF803467B617B691BB2F97A5B
:1070F000704AF868FFF752FF3B687B617B6823F0BA
:107100000F037B627A687B6AD31A3A6813443B6048
:107110003B680F3323F00F033B60BEE03B6A654AD8
:1071200013447A6A644918460BF060F803461A461D
:107130003B6A13443B620023FB6135E0FB697A6ADA
:1071400013441A467B689A4208D3FB697A6A13444F
:1071500019467A687B691344994212D33B6A5A1CD8
:107160003A62544A2021D1543B6A5A1C3A62514A2D
:107170002021D1543B6A5A1C3A624E4A2021D154F4
:107180000FE03B6A4B4A9818FB697A6A13441B78F4
:107190001A464A490BF02AF803461A463B6A13443A
:1071A0003B62FB690133FB61FB690F2BC6DD3B6A68
:1071B0005A1C3A623F4A7C21D1543B6A5A1C3A62BB
:1071C0003C4A2021D1540023BB613CE0BB697A6A70
:1071D00013441A467B689A4208D3BB697A6A1344FF
:1071E00019467A687B691344994206D33B6A5A1C54
:1071F0003A62304A2021D15422E0BB697A6A1344B2
:107200001B781F2B16D9BB697A6A13441B787E2B17
:1072100010D83B6A274A9818BB697A6A13441B78CE
:107220001A4627490AF0E2FF03461A463B6A13440E
:107230003B6205E03B6A5A1C3A621E4A2E21D15439
:10724000BB690133BB61BB690F2BBFDD3B6A5A1CB5
:107250003A62184A2021D1543B6A5A1C3A62154AB4
:107260007C21D1543B6A5A1C3A62124A0D21D154F6
:107270003B6A5A1C3A620F4A0A21D1543B6A1BB23C
:10728000F97A0C4AF868FFF789FE7B6A10337B6253
:107290003B68103B3B6000233B623B68002B7FF464
:1072A0003DAF00E000BF2837BD4680BD38CD0408A3
:1072B00018CD0408A4B4042480CD040894CD040897
:1072C0009CCD040880B483B000AF0023FB801EE097
:1072D000B7F90630134A52F82330002B11D0B7F912
:1072E0000630104A52F8233093F8603003F002035E
:1072F000DBB2002B05D0B7F906300A4A52F823302A
:107300000AE0B7F906309BB201339BB2FB80B7F9B4
:107310000630042BDCDD002318460C37BD465DF833
:10732000047B7047A4B5042480B582B000AF7860B8
:107330000B46FB707B689B6EFA1C01211046984738
:1073400000BF0837BD4680BD80B584B000AF78600F
:1073500039600023FB813B68BB607B689B6E002B20
:1073600004D1002310E0FB890133FB81BB685A1C68
:10737000BA601B78002BF6D17B689B6EFA891146A8
:107380003868984703469BB218461037BD4680BD03
:1073900080B584B000AF786039600023FB813B6822
:1073A000BB607B689B6E002B07D100232BE0BB6882
:1073B0000133BB60FB890133FB81BB681B78002B69
:1073C00007D0BB681B780D2B03D0BB681B780A2B3A
:1073D000EDD1FB89242B0AD97B689B6E2421386868
:1073E00098477B689B6E03210948984705E07B68B6
:1073F0009B6EFA89114638689847FB89242B01D97E
:10740000242300E0272318461037BD4680BD00BF67
:107410004CD0040880B582B000AF78600B46FB709A
:107420007B6893F8603003F00103DBB2002B22D0BD
:10743000FB78002B03D015497868FFF785FF7B6840
:107440001B685B6819467868FFF77EFF104978680B
:10745000FFF77AFF7B689B68002B02D07B689B68F4
:1074600000E00C4B19467868FFF76EFF0A49786810
:10747000FFF76AFF05E0094B1B6B19467868FFF7B9
:1074800063FF00BF0837BD4680BD00BF50D0040871
:1074900054D0040858D004085CD00408A00200248A
:1074A00080B483B000AF786039603B681B78002BF4
:1074B00013D03B685B7803F00F03DBB2082B0CD0D2
:1074C0007B681B68002B19D03B681A787B681B68A7
:1074D0001B781340DBB2002B10D07B6893F8603030
:1074E00003F00103DBB2002B06D13B685B7803F0AD
:1074F0001003DBB2002B01D0002301E04FF0FF337B
:1075000018460C37BD465DF8047B704780B485B0E3
:1075100000AF786039600823FB733B6808330022B2
:107520001A7018E07B68DBB203F00F03BB73BB7B00
:10753000092B03D9BB7B5733DBB202E0BB7B303373
:10754000DBB2FA7B013AFA73FA7B39680A441370AA
:107550007B681B097B607B68002BE3D1FB7BC3F15D
:107560000803DBB25BB218461437BD465DF8047BF6
:107570007047000080B485B000AF786039600B239D
:10758000FB737B68BB607B68002B02DA7B685B4225
:10759000BB603B680B3300221A701DE0BA68204BB9
:1075A00083FB02139910D317C91A0B469B000B4497
:1075B0005B00D11ACAB2FB7B013BFB73FB7B3968D2
:1075C0000B443032D2B21A70BB68154A82FB0312E8
:1075D0009210DB17D31ABB60BB68002BDED17B682F
:1075E000002B07DAFB7B013BFB73FB7B3A68134400
:1075F0002D221A707B68002B07D1FB7B013BFB73AC
:10760000FB7B3A68134430221A70FB7BC3F10B03F7
:10761000DBB25BB218461437BD465DF8047B704799
:107620006766666680B485B000AF78603960002315
:10763000FB810AE0FB893A681A44FB8979680B44AC
:1076400012781A70FB890133FB81FB893A68134475
:107650001B78002BEED1FB897A68134400221A7044
:10766000FB8918461437BD465DF8047B704780B42B
:1076700085B000AF786039600023FB810023BB81B7
:107680000FE0BB897A6813441A78BB8939680B44C8
:107690001B789A4212D1FB890133FB81BB890133EC
:1076A000BB81BB897A6813441B78002B07D0BB8948
:1076B0003A6813441B78002BE3D100E000BFFB893C
:1076C00018461437BD465DF8047B704780B584B01A
:1076D00000AF78600023FB7306E0FB7B184A302183
:1076E000D154FB7B0133FB73FB7B082BF5D97B6803
:1076F0005B78C3F30303DBB2012B02D87B685B68C2
:107700001AE07B685B78C3F30303DBB2072B02D874
:107710007B685B6810E07B685B78C3F30303DBB2D4
:10772000082B02D87B685B6806E07B685B680449CD
:107730001846FFF7EBFE024B18461037BD4680BDDA
:10774000B8B5042480B483B000AF78607B685B7800
:10775000C3F30303DBB2012B02D87B68DB6815E0BF
:107760007B685B78C3F30303DBB2072B02D87B682B
:10777000DB680BE07B685B78C3F30303DBB2082BA9
:1077800002D87B68DB6801E07B68DB6818460C3751
:10779000BD465DF8047B704780B584B000AF78606B
:1077A00039603868FFF792FF034619467868FFF79B
:1077B000CBFD0346C3F116039BB2FB81B7F90E3034
:1077C000002B02DDB7F90E3000E00423FB812021FD
:1077D0007868FFF7A9FDFB89013B9BB2FB81B7F9F4
:1077E0000E30002BF3D13B685B78C3F30303DBB2AD
:1077F000012B06D8364B1B6C19467868FFF7A4FDA1
:107800002FE03B685B78C3F30303DBB2072B06D89A
:107810002F4B5B6C19467868FFF796FD21E03B68BB
:107820005B78C3F30303DBB2082B06D8284B9B6CB1
:1078300019467868FFF788FD13E03B685B78C3F36F
:107840000303DBB2092B06D8214BDB6C19467868A1
:10785000FFF77AFD05E01E4B1B6D19467868FFF7B0
:1078600073FD1C497868FFF76FFD07237B7317E0F2
:107870003B681B781A4697F90D3042FA03F303F080
:107880000103002B01D0782300E02D2319467868EE
:10789000FFF74AFD97F90D30DBB2013BDBB27B739A
:1078A00097F90D30002BE3DA0A497868FFF74CFDB1
:1078B0003868FFF747FF034619467868FFF768FD09
:1078C00005497868FFF740FD00BF1037BD4680BD11
:1078D000A002002460D0040850D0040880B584B011
:1078E00000AF78607B689B6DBB601D4B9B68194641
:1078F0007868FFF729FD0023FB8125E0B7F90E30FA
:107900001B01BA6813445B78C3F30303DBB2012B9A
:1079100014D8B7F90E301B01BA68134419467868B9
:10792000FFF7BEFD0346002B08D1B7F90E301B014F
:10793000BA68134419467868FFF72EFFB7F90E307E
:107940009BB201339BB2FB81B7F90E307A68B2F873
:107950005C209342D2DB00BF00BF1037BD4680BD24
:10796000A002002480B584B000AF78607B689B6D76
:10797000BB60234BDB6819467868FFF7E5FC002302
:10798000FB8130E0B7F90E301B01BA6813445B7815
:10799000C3F30303DBB2012B1FD9B7F90E301B0170
:1079A000BA6813445B78C3F30303DBB2072B14D824
:1079B000B7F90E301B01BA68134419467868FFF70F
:1079C0006FFD0346002B08D1B7F90E301B01BA68D2
:1079D000134419467868FFF7DFFEB7F90E309BB203
:1079E00001339BB2FB81B7F90E307A68B2F85C20A4
:1079F0009342C7DB00BF00BF1037BD4680BD00BF4C
:107A0000A002002480B584B000AF78607B689B6DD5
:107A1000BB60234B1B6919467868FFF795FC002370
:107A2000FB8130E0B7F90E301B01BA6813445B7874
:107A3000C3F30303DBB2072B1FD9B7F90E301B01C9
:107A4000BA6813445B78C3F30303DBB2082B14D882
:107A5000B7F90E301B01BA68134419467868FFF76E
:107A60001FFD0346002B08D1B7F90E301B01BA6881
:107A7000134419467868FFF78FFEB7F90E309BB2B2
:107A800001339BB2FB81B7F90E307A68B2F85C2003
:107A90009342C7DB00BF00BF1037BD4680BD00BFAB
:107AA000A002002480B584B000AF78607B689B6D35
:107AB000BB60234B5B6919467868FFF745FC0023E0
:107AC000FB8130E0B7F90E301B01BA6813445B78D4
:107AD000C3F30303DBB2082B1FD9B7F90E301B0128
:107AE000BA6813445B78C3F30303DBB2092B14D8E1
:107AF000B7F90E301B01BA68134419467868FFF7CE
:107B0000CFFC0346002B08D1B7F90E301B01BA6831
:107B1000134419467868FFF73FFEB7F90E309BB261
:107B200001339BB2FB81B7F90E307A68B2F85C2062
:107B30009342C7DB00BF00BF1037BD4680BD00BF0A
:107B4000A002002480B582B000AF78607868FFF7AB
:107B5000C5FE00BF0837BD4680BD000080B582B0BD
:107B600000AF78600B46FB7003E007497868FFF7C9
:107B7000EBFBFB785A1EFA70002BF6D100BF00BF5A
:107B80000837BD4680BD00BF64D0040880B584B00E
:107B900000AF78607B689A897B68DB89D31A9BB2D7
:107BA000FB8109E020217868FFF7BEFBB7F90E30B2
:107BB0009BB2013B9BB2FB81B7F90E30002BF1DC8D
:107BC0007B689B89DBB219467868FFF7C7FF00BF67
:107BD0001037BD4680BD80B584B000AF78600B46DD
:107BE000FB7097F90330B3F1FF3F0CBF0123002373
:107BF000DBB27B727B68DB89002B04D197F9033001
:107C0000012B00F0A7807B68DA897B689B899A4208
:107C100005D197F90330B3F1FF3F00F09B807B68FB
:107C2000DA897B689B899A421BD197F90330012B33
:107C300017D17B68DB89013B9AB27B68DA817B686C
:107C40009B89013B9AB27B689A817B681B697A6841
:107C50009289134400221A7001217868FFF77EFF91
:107C600079E07B7AFB811AE07B681B697A68D289AC
:107C70001146B7F90E200A441A447B6819697B68DB
:107C8000DB891846B7F90E300344013B0B441278E8
:107C90001A70B7F90E309BB201339BB2FB81B7F972
:107CA0000E207B689B8919467B68DB89CB1A9A4238
:107CB000DADB7B689B89013B9AB27B689A817B7A8D
:107CC000002B09D17B68DB89013B9AB27B68DA81A2
:107CD00008217868FFF728FB7B681B697A6892891E
:107CE000134400221A707B68DB89BB810FE07B683C
:107CF0001A69B7F90C3013441B7819467868FFF7F6
:107D000013FBB7F90C309BB201339BB2BB81B7F9BF
:107D10000C307A6892899342E9DB20217868FFF77A
:107D200003FB7B689A897B68DB89D31A9BB201339A
:107D30009BB27B8109E008217868FFF7F5FAB7F973
:107D40000A309BB2013B9BB27B81B7F90A30002B12
:107D5000F1DC00E000BF1037BD4680BD80B48DB0BF
:107D600000AFF8607A601A460B467B8113467B723F
:107D7000012387F82F3007F1100300221A605A60A0
:107D80009A60DA60002387F82E300023BB6200235C
:107D9000FB840CE0B7F926309B007A68134400227C
:107DA0001A60B7F926309BB201339BB2FB84B7F956
:107DB0002620B7F938309A42ECDB0023BB84AAE0D6
:107DC00097F82E30002B3ED1BB8CFA6813441B78F9
:107DD0007A7A9A4216D097F82F30012B12D1B7F940
:107DE0003830BA6A9A420DDABA8CBB6A591CB96249
:107DF0009B0079680B44F9680A441A60002387F8ED
:107E00002F3020E0BB8CFA6813441B787A7A9A42B0
:107E100005D0BB8CFA6813441B78202B13D197F83C
:107E20002F30002B0FD1BB8CFA68134400221A703C
:107E3000BB8C0133FA6813441B78202B67D00123D5
:107E400087F82F3063E0002387F823304AE097F863
:107E50002E30002B1FD0BB8CFA6813441A7897F889
:107E6000233033495B000B445B789A4213D197F877
:107E70002E30013B30333B4413F8202C97F823304D
:107E80002B4911F813309A4205D197F82E30013B57
:107E900087F82E302AE0BB8CFA6813441A7897F8DA
:107EA0002330234911F813309A4216D197F8232032
:107EB00097F82E30591C87F82E1019461C4B13F8D2
:107EC000122001F130033B4403F8202C97F82E30A8
:107ED00003F00F0387F82E3008E097F823300133C2
:107EE00087F8233097F82330002BB0D0BB8CFA688A
:107EF00013441B785C2B0BD1BB8C0133FA68134401
:107F00001B78002B04D0BB8C0133BB8400E000BF86
:107F1000BB8C0133BB84BA8C7B899A42FFF450AF8F
:107F2000BB6A18463437BD465DF8047B704700BF16
:107F3000F402002480B584B002AF78607B681869D1
:107F40007B6899897B6803F114020823009320233E
:107F5000FFF704FF03469AB27B68DA8600BF083752
:107F6000BD4680BD80B584B000AF78600023FB8142
:107F700042E0FB897A6804339B0013445B681B78FA
:107F8000222B14D1FB897A6804339B0013445B686D
:107F900000221A70FB897A6804339B0013445A68E4
:107FA000FB890132796804339B000B445A60FB89DA
:107FB0007A6804339B0013445B681846C8F778FD61
:107FC0000346BB81FB897A6804339B0013445A68DB
:107FD000BB89013B13441B78222B0AD1FB897A68A9
:107FE00004339B0013445A68BB89013B13440022AD
:107FF0001A70FB890133FB817B68DB8EFA899A4218
:10800000B7D300BF00BF1037BD4680BD80B586B076
:1080100000AFF860B9607A607B80FB68B3F85C20E1
:108020007B68F968896D5B1A1B099BB2D31ABB8206
:108030000023FB823DE0FB8A1B017A6813445B78D6
:1080400003F00F03DBB2092B2FD0FB8A1B017A68E8
:1080500013441946F868FFF723FA0346002B24D18E
:10806000FB8A1B017A6813441846FFF72FFB38611F
:108070007B88002B0BD13969B868C8F7BBFC034675
:10808000002B13D1FB8A1B017A68134416E07B880E
:108090001A463969B8680AF01DFA0346002B05D163
:1080A000FB8A1B017A68134408E000BFFB8A013396
:1080B000FB82FA8ABB8A9A42BDD30023184618373E
:1080C000BD4680BD80B584B000AF786039600023C4
:1080D000FB603B685B78C3F30303DBB2023B052B19
:1080E00034D801A252F823F0018103080B81030860
:1080F00017810308218103082181030829810308CE
:108100003B689B681B68FB6021E03B689B68B3F998
:108110000030FB601BE03B689B681B78FB6016E04F
:108120003B689B68FB6012E03B689B685B68BB60D8
:10813000BB68002B07D03B689B681A68BB68104679
:108140009847034600E00023FB6000E000BFFB68A7
:1081500018461037BD4680BD80B586B000AFF860C8
:10816000B9607A60BB685B7803F04003DBB2002B38
:1081700006D0344B1B6A1946F868FFF7E5F858E05B
:10818000BB685B78C3F30303DBB2023B052B4DD81E
:1081900001A252F823F000BFB1810308BB8103089C
:1081A000C7810308D3810308E3810308F181030831
:1081B000BB689B687A681A603BE0BB689B687A681A
:1081C00012B21A8035E0BB689B687A68D2B21A7026
:1081D0002FE0BB689B687A6811461846FFF722FAC1
:1081E00027E0184BDB691946F868FFF7ADF820E087
:1081F000BB689B689B68002B1AD0BB689B681B6898
:10820000002B0BD0BB689B689B683B61BB689B687D
:108210001A683B6979681046984709E0BB689B6813
:108220009B687B617B697868984701E000BF00E04C
:1082300000BFB968F86800F007F803461846183719
:10824000BD4680BDA002002480B588B000AF786034
:108250003960344A07F10C0307CA83E8070039681C
:108260007868FFF72FFFB8613B685B68194678684C
:10827000FFF76AF82C497868FFF766F83B685B7887
:10828000C3F30303DBB2052B0DD128497868FFF750
:108290005BF8BB6919467868FFF756F82349786898
:1082A000FFF752F835E007F10C031946B869FFF7FC
:1082B00061F90346C3F10B0307F10C02134419469D
:1082C0007868FFF741F81A497868FFF73DF800230E
:1082D000FB830CE0B7F91E3020333B44302203F817
:1082E000142CB7F91E309BB201339BB2FB83B7F954
:1082F0001E300A2BEEDDBB6907F10C021146184651
:10830000FFF704F907F10C0319467868FFF71CF82A
:1083100000BF08497868FFF717F8BB69184620378F
:10832000BD4680BD78D0040868D004086CD004082D
:1083300070D0040850D0040880B584B000AF7860D5
:108340003960FEF7BFFFF860FB68002B01D1002306
:1083500032E0FB689A6D00237968F868FFF756FEF3
:10836000B860BB68002B07D1154B9B6A1946F868AB
:10837000FEF7EAFF00231FE0BB685B78C3F303034B
:10838000DBB2012B06D9BB685B78C3F30303DBB216
:10839000072B0BD97968F868FEF7D6FF084B5B6AA4
:1083A0001946F868FEF7D0FF002305E03A68B9687F
:1083B000F868FFF7D1FE034618461037BD4680BD6A
:1083C000A002002480B584B000AF7860396000233B
:1083D000FB607A6892F8603043F0020382F8603004
:1083E0003B685B7803F00F03DBB2002B1BD178688E
:1083F000FFF7B8FD3B689B68BB607B68DB8E184667
:108400007B6803F11402BB6811469847F8603B682B
:108410005B7803F02003DBB2002B3FD1F96878686A
:1084200000F0C0F83AE03B685B7803F00F03DBB282
:10843000012B15D17B68DB8E1A467B6814333968B3
:10844000786800F0B7FEF8603B685B7803F02003C3
:10845000DBB2002B22D1F968786800F0A3F81DE0A8
:108460003B685B78C3F30303DBB2012B0BD93B689A
:108470005B78C3F30303DBB2072B04D83968786851
:10848000FFF7E2FE0AE03B685B7803F00F03DBB224
:10849000082B03D13968786800F03CF87A6892F8C4
:1084A000603023F0020382F86030FB681846103712
:1084B000BD4680BD80B582B000AF78607B681A6928
:1084C0007B681B689B6819461046C8F793FA0346F9
:1084D000002B0DD17A6892F8603043F0010382F8E6
:1084E00060300B4B1B6819467868FEF72DFF05E0DE
:1084F000074B5B6B19467868FEF726FF7B68002206
:108500009A817B680022DA8100BF0837BD4680BDB2
:10851000A002002480B582B000AF786039607B682B
:108520003A681A603B689B68002B13D03B689B68D5
:108530001B78002B0ED07B68DB8E012B0CD93B689F
:108540009A687B689B6919461046C8F753FA034638
:10855000002B01D1012300E0002303F00103D9B275
:108560007A6892F8603061F3000382F860300C4B57
:108570009B6B19467868FEF7E7FE7B6893F86030DE
:1085800003F00103DBB2002B05D0054B1B68194635
:108590007868FEF7D9FE00BF0837BD4680BD00BF32
:1085A000A002002480B586B000AF78603960234A0D
:1085B00007F1080307CA83E8070021497868FEF736
:1085C000C3FE07F1080319463868FEF7D3FF0346D8
:1085D000C3F10B0307F10802134419467868FEF74C
:1085E000B3FE18497868FEF7AFFE0023FB820CE06B
:1085F000B7F9163018333B44302203F8102CB7F982
:1086000016309BB201339BB2FB82B7F916300A2BAE
:10861000EEDD3B6807F1080211461846FEF776FFCB
:1086200007F1080319467868FEF78EFE0649786858
:10863000FEF78AFE00BF1837BD4680BD78D004081B
:1086400084D0040870D0040850D0040880B582B0EB
:1086500000AF78607B680022A3F854207B68B3F8F1
:108660005030002B18D07B68B3F85230002B04D068
:108670007B68B3F85230013B00E004237A680E3384
:108680009B0013445A687B681B6919461046C8F75B
:10869000B1F90346002B33D07B68B3F852307A68C7
:1086A0000E339B0013445A687B681B6919461046B9
:1086B000FEF7B8FF0346002B07D07B68B3F85230B3
:1086C00001339AB27B68A3F852207B68B3F850302C
:1086D00001339AB27B68A3F850207B68B3F850301E
:1086E000052B03D97B680522A3F850207B68B3F8DB
:1086F0005230042B05D97B680022A3F8522000E0F9
:1087000000BF0837BD4680BD80B582B000AF78603D
:108710000B46FB7097F90330002B28DD7B68B3F91B
:10872000542093B2013B9BB219B27B68A3F854105A
:1087300011467B68B3F852207B68B3F850309342FF
:1087400038BF13469BB25B42994228DC7B68B3F882
:1087500052207B68B3F85030934238BF13469BB227
:108760005B429BB21AB27B68A3F8542017E097F9DA
:108770000330002B53DA7B68B3F954309BB20133DA
:108780009BB21AB27B68A3F854207B68B3F95430CB
:10879000002B04DD7B680022A3F8542042E07868B7
:1087A000FFF7F4F97B68B3F95430002B07D17B68ED
:1087B00000229A817B689A897B68DA8132E07B6843
:1087C00018697B68B3F8523005337A68B2F95420DF
:1087D0009918164B83FB01235A10CB17D21A134654
:1087E0009B001344CA1A796802F10E039B000B44E4
:1087F0005B681946FEF716FF03461A467B689A81A6
:108800007B689B89002B0CD07B689A897B68DA8116
:108810007B681B6919467868FEF796FD02E000BF89
:1088200000E000BF0837BD4680BD00BF67666666D2
:1088300080B584B000AF78607B689B89002B3FD007
:108840007B681B697A689289134400221A707B68DE
:1088500093F8603003F00103DBB2002B2CD0786872
:10886000FFF7F4FE7868FFF765FB7B680022DA818A
:108870007B68DA897B689A817B68DB8E002B21D04C
:1088800012497868FEF760FD7B6859697B689A6DCC
:1088900000237868FFF7BAFBF860FB68002B04D070
:1088A000F9687868FFF78EFD0DE0094B9B69194662
:1088B0007868FEF749FD06E07868FFF7FBFD02E007
:1088C00000BF00E000BF1037BD4680BD50D0040897
:1088D000A002002480B582B000AF786001217868E2
:1088E000FFF712FF00BF0837BD4680BD80B582B0DC
:1088F00000AF78604FF0FF317868FFF705FF00BFE9
:108900000837BD4680BD80B582B000AF78607B6817
:10891000DA897B689B899A420DD27B681A697B68E9
:10892000DB89591C88B27968C88113441B781946C1
:108930007868FEF7F9FC00BF0837BD4680BD80B5FA
:1089400082B000AF78607B68DB89002B09D00821FA
:108950007868FEF7E9FC7B68DB89013B9AB27B68AB
:10896000DA8100BF0837BD4680BD000090B587B0F2
:1089700000AF78607B689B8EFB820023BB82002364
:108980007B827B689B89002B07D17868FFF7DAF838
:1089900001217868FEF73EFDB4E07B689B89002BDF
:1089A00000F0B0807B681B697A68928913440022CA
:1089B0001A707B689B6DFB6000233B825AE0B7F91D
:1089C00010301B01FA68134419467868FEF768FDF9
:1089D0000346002B48D17B681C69B7F910301B0196
:1089E000FA6813441846FEF771FE034619462046FE
:1089F000FEF73DFE03461A467B689B899A4233D1B7
:108A00007B8A002B2BD07B8A012B03D15A497868B3
:108A1000FEF79AFCBB8A1B01FA6813441946786872
:108A2000FEF7BAFEBB8A1B01FA6813441846FEF72C
:108A30004DFE0446B7F910301B01FA68134418467E
:108A4000FEF744FE034619462046FEF710FE034695
:108A50007B81FA8A7B89934228BF1346FB823B8A3B
:108A6000BB827B8A01337B82B7F910309BB2013322
:108A70009BB23B82B7F910307A68B2F85C2093421F
:108A80009DDB7B8A002B72D07B8A012B02D1786818
:108A9000FFF77CF87B8A002B11D07B681C69BB8AAE
:108AA0001B01FA6813441846FEF710FE03461946E8
:108AB0002046FEF7B7FD03461A467B689A817B8AFB
:108AC000012B0ED9BB8A1B01FA681344194678683A
:108AD000FEF762FE01217868FEF79CFC7B68FA8A4B
:108AE0009A817B681B697A689289134400221A7004
:108AF0007B689A897B68DA817B681B69194678688C
:108B0000FEF722FCD1F77CFD0346002B30D07B8A98
:108B1000012B24D17B6893F8603003F00403DBB2AF
:108B2000002B1CD0D1F76CFD02467B685B68D31A22
:108B3000C72B14D810497868FEF706FC7B681B69C0
:108B40001946786800F042F801217868FEF762FC67
:108B50007B681B6919467868FEF7F6FB08E07A68BF
:108B600092F8603043F0040382F8603000E000BF08
:108B70001C37BD4690BD00BF50D0040880B582B000
:108B800000AF786001217868FFF725F800BF08374B
:108B9000BD4680BD80B582B000AF78604FF0FF3138
:108BA0007868FFF718F800BF0837BD4680BD80B56C
:108BB00082B000AF78607868FFF73AFE01217868EC
:108BC000FEF728FC00BF0837BD4680BD80B584B0E5
:108BD00000AF786039607B689A6D002339687868E7
:108BE000FFF714FAF860FB68002B1ED0144BDB6A09
:108BF00019467868FEF7A8FBF868FEF767FD03469C
:108C000019467868FEF7A0FB0E497868FEF79CFBD2
:108C1000F868FEF797FD034619467868FEF794FB5F
:108C200008497868FEF790FB05E0054B9B691946FB
:108C30007868FEF789FB00BF1037BD4680BD00BFD6
:108C4000A002002450D0040880B584B000AF786042
:108C50003960FEF737FBF860FB68002B10D07B68AB
:108C6000012B03D1F868FEF76DFF09E07B68012B4B
:108C700006DD3B6804331B681946F868FFF7A6FF5A
:108C80001037BD4680BD80B582B000AFFEF71AFB3D
:108C900078607B68002B02D07868FEF7B3FE00BFD7
:108CA0000837BD4680BD80B582B000AFFEF70AFB35
:108CB00078607B68002B02D07868FEF70FFE00BF5B
:108CC0000837BD4680BD80B582B000AFFEF7FAFA26
:108CD00078607B68002B02D07868FEF743FE00BF07
:108CE0000837BD4680BD80B582B000AFFEF7EAFA16
:108CF00078607B68002B02D07868FEF7D3FE00BF57
:108D00000837BD4680BD000080B582B000AFFEF7D9
:108D1000D9FA78607B68002B05D0054B9B6B194610
:108D20007868FEF711FB00BF0837BD4680BD00BF65
:108D3000A002002480B485B000AF78607B68FB603F
:108D40000023FB72FB681B78302B0CD1FB680133CE
:108D50001B78782B04D0FB6801331B78582B02D189
:108D60000323FB7216E0FB681B78302B0CD1FB68E9
:108D700001331B78622B04D0FB6801331B78422B34
:108D800002D10123FB7205E0FB681B78302B0ED16A
:108D90000223FB720BE0FB681B782E2B07D1FB68CC
:108DA00001331B78002B02D00423FB7205E0FB6823
:108DB0005A1CFA601B78002BEDD1FB7A1846143749
:108DC000BD465DF8047B704780B483B000AF0346B6
:108DD000FB71FB792F2B06D9FB79392B03D8FB7953
:108DE000303BDBB214E0FB79602B06D9FB79662BB4
:108DF00003D8FB79573BDBB20AE0FB79402B06D95D
:108E0000FB79462B03D8FB79373BDBB200E000232C
:108E100018460C37BD465DF8047B704780B485B0BA
:108E200000AF78607B681B78272B02D17B68013309
:108E300000E07B68BB600023FB73BB681B785C2B86
:108E400049D1BB6801331B78302B3DD0302B3EDB42
:108E5000742B3CDC622B3ADB623B122B37D801A22D
:108E600052F823F0B18E0308CF8E0308CF8E03088B
:108E7000CF8E0308CF8E0308CF8E0308CF8E030852
:108E8000CF8E0308CF8E0308CF8E0308CF8E030842
:108E9000CF8E0308BD8E0308CF8E0308CF8E030844
:108EA000CF8E0308B78E0308CF8E0308C38E030846
:108EB0000823FB7312E00D23FB730FE00A23FB73FF
:108EC0000CE00923FB7309E00023FB7306E0BB6899
:108ED0005B78FB7302E0BB681B78FB73FB7B184677
:108EE0001437BD465DF8047B704700BF90B585B070
:108EF00000AF78607B68FB6000237B817B681B7818
:108F0000222B2BD17B6801337B607B68FB6025E0E3
:108F1000FB681B785C2B0BD17B897A68D418F868C6
:108F2000FFF77CFF03462370FB680133FB600FE013
:108F3000FB681B78222B05D17B897A6813440022B9
:108F40001A7005E07B897A681344FA6812781A70FF
:108F5000FB680133FB607B8901337B81FB681B78F5
:108F6000002BD5D17B897A68134400221A707B6864
:108F700018461437BD4690BD90B58BB000AF7860F1
:108F80000023FB740A2387F827307B683B620023A9
:108F9000FB770123BB770023BB614FF00003FB602D
:108FA00000237B617B681B782D2B01D1FF23BB77CE
:108FB00097F91E30B3F1FF3F01D1012300E00023F8
:108FC0007A6813441846FFF7B5FE0346FB74FB7C32
:108FD000032B06D0032B16DC012B0ED0022B06D060
:108FE00011E0102387F827300223FB770CE00823D9
:108FF00087F827300123FB7706E0022387F8273024
:109000000223FB7700E000BFFB7F97F91E20B2F13F
:10901000FF3F01D1012200E0002213447A6813448B
:109020003B621FE03B6A1B782E2B05D101237B613D
:109030003B6A01333B6215E097F82730BA6902FBBF
:1090400003F43B6A1B781846FFF7BEFE0346234431
:10905000BB617A6913469B0013445B007B613B6AEA
:1090600001333B623B6A1B78002BDBD1FB7C042B7A
:109070001CD17B69002B19D0BB6907EE903AF8EE42
:10908000676A7B6907EE903AF8EE677A86EEA77A10
:1090900097F91E3007EE903AF8EEE77A67EE277AF6
:1090A000C7ED037A07F10C031B6804E097F91E3043
:1090B000BA6902FB03F318462C37BD4690BD80B554
:1090C00084B000AF786039603B68591C7B689A6D4A
:1090D00000237868FEF79AFFF860FB68002B05D044
:1090E000F9687868FEF7EEFF034600E000231846B3
:1090F0001037BD4680BD80B584B000AFF860B96060
:109100007A603B607B68002B08D0BB681B78242BFF
:1091100049D1BB6801331B78002B44D0BB681B7856
:10912000272B0DD1BB6801331B78002B08D0B86802
:10913000FFF774FE03461A463B681A60002334E0CA
:10914000BB681B782D2B07D0BB681B782F2B0BD946
:10915000BB681B78392B07D8B868FFF70DFF0246AC
:109160003B681A60002320E0BB681B78242B0DD1DC
:10917000BB6801331B78002B08D0B968F868FFF78B
:109180009EFF02463B681A6000230EE0BB681B7816
:10919000002B08D0B868FFF7A9FE03461A463B68C3
:1091A0001A60002301E04FF0FF3318461037BD4628
:1091B00080BD0000F0B59DB004AF78613961FA6000
:1091C000BB600023FB6507F118032022002118462D
:1091D00009F06BF93B699B78C3F30303DBB21A46D2
:1091E000FB68934205DC3B699B78C3F30303DBB266
:1091F00001E0FB68013B7B650023BB6517E0BB6DAD
:1092000001339B00BA681344196807F11802BB6D5B
:109210009B00134400227869FFF76DFF0346002B83
:1092200002D04FF0FF3383E0BB6D0133BB65FB68B9
:10923000013BBA6D9A42E2DB7B6D072B73D801A22A
:1092400052F823F0659203086F9203088192030895
:1092500095920308A9920308BF920308DB920308C2
:10926000FD9203083B699B689847F8655FE03B699E
:109270009B68BB63BA69BB6B10469847F86556E0BC
:109280003B699B68FB63BA69F969FB6B10469847B9
:10929000F8654CE03B699B683B64B869F9693A6AD8
:1092A0003B6C9847F86542E03B699B687B64B86912
:1092B000F9693A6A7B6A7C6CA047F86537E03B69DC
:1092C0009B68BB64B869F9693A6A7D6ABB6A0093B6
:1092D000BC6C2B46A047F86529E03B699B68FB64A2
:1092E000B869F9693D6A7E6ABB6AFA6A01920093BD
:1092F000FC6C33462A46A047F86518E03B699B683A
:109300003B65B869FD693E6A7B6A7B60BB6AFA6A45
:10931000396B0291019200933C6D7B68324629467D
:10932000A047F86503E04FF0FF33FB6500BFFB6D1E
:1093300018466437BD46F0BD80B483B000AF786096
:1093400000BF0C37BD465DF8047B704780B483B026
:1093500000AF786000BF0C37BD465DF8047B7047F6
:1093600080B500AF0120D8F717FF00BF80BD000017
:1093700080B588B002AFF860B9607A603B600023C6
:10938000FB757B68002B0CD0BB68002B09D12F4BE1
:1093900000932F4B2F4A4D212F4800F091F800BF2A
:1093A000FDE73B6A002B0CD03B68002B09D1274B13
:1093B00000932A4B274A5021274800F081F800BF2C
:1093C000FDE73B6A002B24D0002210212448CDF772
:1093D000C1FE7B689AB24FF47A73B9682148D4F71A
:1093E00013FB0346002B01D00423FB753B6A9AB2A2
:1093F0004FF47A7339681B48D4F7F4FC0346002B0A
:1094000001D00423FB75012210211548CDF7A2FEDF
:1094100016E0002210211248CDF79CFE7B689AB21C
:109420004FF47A73B9680F48D4F7EEFA0346002B6D
:1094300001D00423FB75012210210948CDF78AFED3
:10944000FB7D18461837BD4680BD00BF58F10408A3
:1094500090D004089CD00408BCD0040804D10408AF
:1094600000000258BC86042480B485B000AF786048
:109470000023FB737B685B68002B0FD17B680B4A72
:109480005A627B680A4A9A627B680A4ADA627B6897
:10949000094A9A637B68094ADA6300BFFB7B184676
:1094A0001437BD465DF8047B704700BF7193030815
:1094B000399303084D93030861930308C0270900FB
:1094C0000CB480B588B004AF7860396007F11C0334
:1094D000FB603B6802937B680193114B0093002370
:1094E000104A03214FF0FF30FDF7B2FDFB68BA6967
:1094F0004FF480710C4808F00FFF0B4B0193084BA1
:1095000000930023094A03214FF0FF30FDF7A0FD2F
:1095100000BF1037BD46BDE8804002B0704700BFB5
:1095200068F1040810D10408C4B5042438D1040833
:109530000FB480B584B002AF07F114037B60114B08
:1095400000930023104A03214FF0FF30FDF780FD08
:109550007B683A694FF480710C4808F0DDFE0B4BD4
:109560000193084B00930023094A03214FF0FF3079
:10957000FDF76EFD00BF0837BD46BDE8804004B072
:10958000704700BF78F1040854D10408C4B504241E
:1095900038D1040880B584B000AF78600023FB7335
:1095A000786800F08FF80346FB73FB7B002B04D137
:1095B000786800F01BFA0346FB73FB7B002B0AD193
:1095C0007B68012283F834207B681B6819460948B0
:1095D000FFF7AEFF09E07B68002283F834207B6848
:1095E0001B6819460448FFF7A3FFFB7B184610379A
:1095F000BD4680BDE4D204080CD3040880B584B015
:1096000000AF0023FB710023FB73194B194A74212F
:109610001948FFF755FF194A75211748FFF750FF02
:109620000023BB601BE0164ABB68742101FB03F3F7
:1096300013440433BA681A60BB68742202FB03F354
:109640000F4A13441846FFF7A5FF0346FB71FB7949
:10965000002B01D0FB79FB73BB680133BB60BB6897
:10966000002BE0D0FB7B18461037BD4680BD00BF05
:1096700038D3040840D304087CD30408C0D30408BA
:10968000F802002480B582B000AF786000F012F8D4
:1096900002467B68934206D27B68742202FB03F386
:1096A000034A134400E0002318460837BD4680BD36
:1096B000F802002480B400AF01231846BD465DF8CF
:1096C000047B704780B588B002AF78600023FB75DB
:1096D0007B68002B09D1994B0093994B994AFC2147
:1096E0009948FFF7EDFE00BFFDE77868FFF7BCFE85
:1096F0000346FB75FB7D002B01D0FB7D6EE17B6893
:109700005B6A002B0AD18D4B0093904B8D4A40F23F
:1097100009118D48FFF7D4FE00BFFDE77B681B6988
:10972000002B0CD07B689B8A002B08D07B689B6940
:10973000002B04D07B681B7F002B40F0BF80786833
:1097400000F03EFE0346FB75FB7D002B01D0FB7D48
:1097500044E1786801F09EF80346002B47D07B680F
:1097600000229A607B681A6D7B681A617B68B3F887
:109770004830012B03D17B6802229A8202E07B6889
:1097800001229A827B685A6D7B689A617B6893F8A4
:1097900058207B681A7701233B6124E07A683B6993
:1097A0000A33DB0013445B68002B19D07B689A698D
:1097B00079683B690A33DB000B445B689A420FD936
:1097C0007A683B690A33DB0013445A687B689A6104
:1097D0007A683B690A33DB0013441A7A7B681A778C
:1097E0003B6901333B613B69032BD7D966E000231A
:1097F0003B6160E056493A6913465B001344DB0065
:109800000B4404331A787B681B7B9A4250D1504931
:109810003A6913465B001344DB000B4405331A78A6
:109820007B685B7B9A4243D149493A6913465B00A6
:109830001344DB000B4406331A787B689B7B9A4207
:1098400036D143493A6913465B001344DB000B44AD
:109850001A687B689A603E493A6913465B00134474
:10986000DB000B4408331A687B681A6138493A698F
:1098700013465B001344DB000B440C331A887B68EF
:109880009A8233493A6913465B001344DB000B4468
:1098900010331A687B689A612D493A6913465B0058
:1098A0001344DB000B4414331A787B681A7705E005
:1098B0003B6901333B613B69142B9BD97B681B6976
:1098C000002B0BD07B689B8A002B07D07B689B69A1
:1098D000002B03D07B681B7F002B04D11D48FFF7B2
:1098E00027FE01237AE00023FB6000233B6111E0A7
:1098F000194A3B69DB0013441A797B681B7B9A4247
:1099000005D1154A3B6952F83330FB6005E03B69ED
:1099100001333B613B690F2BEAD9FB68002B1FD059
:109920007B689B68002B1BD07B689A687B681B69EF
:10993000F9680A48FFF7FCFD23E000BF00F40408C3
:1099400004D404080CD404087CD304082CD40408E0
:1099500008F204083CD4040888F1040874D404080C
:10996000FB68002B07D07B681B691A46F9681D4805
:10997000FFF7DEFD05E07B681B6919461A48FFF713
:10998000D7FD786800F0B4FC0346FB75FB7D002B27
:1099900001D0FB7D22E07B689B8A03F00403002B4F
:1099A0000BD000220121786800F018FF0346FB75F8
:1099B000FB7D002B01D0FB7D10E07B681B69B3F1C0
:1099C000807F06D90121786800F0BAFD0346FB7557
:1099D00003E07B68002283F83520FB7D18461837AA
:1099E000BD4680BDA0D40408CCD4040880B586B0A0
:1099F00002AF78600023FB737B68002B0AD1084B11
:109A00000093084B084A4FF4BE710848FFF758FD11
:109A100000BFFDE7FB7B18461037BD4680BD00BF89
:109A200010F4040804D404080CD404087CD30408FB
:109A300090B58BB002AFF860B9607A603B600023EC
:109A4000FB77FB682033BB61FB68002B0AD13A4BE4
:109A500000933A4B3A4A4FF4C8713A48FFF730FD49
:109A600000BFFDE73B68002B0AD1334B0093364B18
:109A7000334A40F291113348FFF722FD00BFFDE762
:109A8000FB6893F8343083F00103DBB2002B0AD07B
:109A9000294B00932D4B2A4A40F293112948FFF796
:109AA0000FFD00BFFDE7BA687B681A44FB681B69BD
:109AB0009A4204D92648FFF73BFD052337E0BB69EE
:109AC0009B68002B03D0BB699B68B8699847F8680E
:109AD00000F0DEFD0346FB77FB7F002B1ED1032346
:109AE0003B7407F1100301331A46B968F86800F0B7
:109AF00023FEFB6893F83530002B01D0052300E0EE
:109B00000423FB75BB695C68FA7D07F110017B6873
:109B100000933B68B869A0470346FB77BB69DB68E5
:109B2000002B03D0BB69DB68B8699847FB7F1846F8
:109B30002437BD4690BD00BF20F4040804D40408B7
:109B40000CD404087CD30408F4D40408FCD404081E
:109B50000CD5040890B589B002AF78600023FB757E
:109B60007B6820333B617B68002B0AD13A4B009322
:109B70003A4B3B4A40F2C1113A48FFF7A1FC00BF03
:109B8000FDE77B6893F8343083F00103DBB2002BF0
:109B90000AD0314B0093344B314A40F2C311314863
:109BA000FFF78EFC00BFFDE73B699B68002B03D0ED
:109BB0003B699B68386998470121786800F058FC38
:109BC0000346FB75FB7D002B33D1C7233B737B68BA
:109BD0009B8A03F00803002B12D094237B7380230D
:109BE000BB739A23FB733B695C6807F10C0100238C
:109BF0000093002304223869A0470346FB750BE05D
:109C00003B695C6807F10C010023009300230122EB
:109C10003869A0470346FB75FB7D002B03D0134832
:109C2000FFF786FC06E0786800F032FD0346FB751E
:109C300000E000BF0021786800F01AFC3B69DB6897
:109C4000002B03D03B69DB6838699847FB7D1846D9
:109C50001C37BD4690BD00BF2CF4040804D4040892
:109C60000CD404087CD30408FCD4040834D50408BC
:109C700090B58DB002AFF860B9607A60002387F8C4
:109C80002730FB682033FB61FB68002B0AD17E4B39
:109C900000937E4B7E4A40F2FD117E48FFF710FC98
:109CA00000BFFDE7FB6893F8343083F00103DBB2BB
:109CB000002B0AD0744B0093774B754A40F2FF118A
:109CC0007448FFF7FDFB00BFFDE7BA687B681A44E4
:109CD000FB681B699A4204D97048FFF729FC0523E9
:109CE000CEE0BB68002B09D1FB681B697A689A42F9
:109CF00004D1F868FFF72EFF0346C1E0FB699B68BB
:109D0000002B00F0A380FB699B68F86998479DE0F1
:109D1000FB6893F84430002B15D07A68B968F8686E
:109D200001F0F2F9B861FA68BB690A33DB00134449
:109D30001B7A87F82630FA68BB690A33DB001344C4
:109D40005B683B6206E0FB681B7F87F82630FB6898
:109D50009B693B620121F86800F08AFB034687F8A3
:109D6000273097F82730002B75D197F826303B74B1
:109D700007F1100301331A46B968F86800F0DCFCFB
:109D8000FB6893F83530002B01D0052300E0042355
:109D9000FB75FB695C68FA7D07F1100100230093F5
:109DA0000023F869A047034687F8273097F8273043
:109DB000002B03D03A48FFF7BBFB53E0F86800F0F4
:109DC00067FC034687F8273097F82730002B44D1EB
:109DD000BB683A6AB3FBF2F2396A01FB02F29B1AE2
:109DE000002B27D0BB683A6AB3FBF2F2396A01FB59
:109DF00002F29B1A3A6AD31A7A689A422FD9BB6840
:109E00003A6AB3FBF2F2396A01FB02F29A1A3B6A30
:109E1000D31A7A6813447B60BB683A6AB3FBF2F2E8
:109E2000396A01FB02F29B1A3A6AD31ABA681344E0
:109E3000BB600BE07A683B6A9A4212D97A683B6A47
:109E4000D31A7B60BA683B6A1344BB607B68002B03
:109E50007FF45EAF06E000BF04E000BF02E000BF99
:109E600000E000BF0021F86800F002FBFB69DB683E
:109E7000002B03D0FB69DB68F869984797F8273017
:109E800018462C37BD4690BD3CF4040804D40408A1
:109E90000CD404087CD30408FCD404080CD50408B2
:109EA00064D5040890B58BB002AFF860B9607A60F1
:109EB0007B800023FB77FB6820337B61FB68002BF2
:109EC0000AD1694B0093694B694A40F262216948A3
:109ED000FFF7F6FA00BFFDE77B88012B0ED07B88E9
:109EE000B3F5807F0AD0604B0093634B604A4FF418
:109EF00019716048FFF7E4FA00BFFDE7FB6893F8CB
:109F0000343083F00103DBB2002B0AD0564B0093B0
:109F10005A4B574A40F266215648FFF7D1FA00BF24
:109F2000FDE7BA687B681A44FB681B699A4204D94A
:109F30005348FFF7FDFA052392E07B699B68002BED
:109F40007AD07B699B687869984775E00121F86849
:109F500000F08EFA0346FB77FB7F002B70D1494B54
:109F600002221A70484AB968F86800F0E5FBFB68FD
:109F700093F83530002B01D0052300E00423FB7457
:109F80007A88BB68B3FBF2F101FB02F29B1A002B4B
:109F900019D079887A88BB68B3FBF2F000FB02F233
:109FA0009B1ACB1A7A689A420AD979887A88BB6850
:109FB000B3FBF2F000FB02F29B1ACB1ABB610BE081
:109FC0007B68BB6108E07B887A689A4202D97B880B
:109FD000BB6101E07B68BB617A68BB69D31A7B60B7
:109FE000BA68BB691344BB60FB7C264A1344BA6958
:109FF000396B184609F003FA7B695C68FA7CBB6927
:10A000001A440023009300231E497869A0470346A1
:10A01000FB77FB7F002B03D01C48FFF789FA12E087
:10A02000F86800F035FB0346FB77FB7F002B09D176
:10A030003A6BBB6913443B637B68002B86D102E01B
:10A0400000BF00E000BF0021F86800F011FA7B6952
:10A05000DB68002B03D07B69DB6878699847FB7F5E
:10A0600018462437BD4690BD48F4040804D40408BB
:10A070000CD404087CD3040890D50408FCD404084C
:10A080000CD50408C4B60424C5B60424B8D5040805
:10A0900090B58BB002AFF860B9607A603B60002386
:10A0A000FB77FB682033BB6101237B77FB68002BC8
:10A0B0000AD1714B0093714B714A40F2B92171483A
:10A0C000FFF7FEF900BFFDE7FB6893F8343083F03B
:10A0D0000103DBB2002B0AD0674B00936A4B684A3E
:10A0E00040F2BA216748FFF7EBF900BFFDE7BA6815
:10A0F0007B681A44FB681B699A4204D96348FFF7DE
:10A1000017FA0523B3E0BB699B68002B03D0BB693A
:10A110009B68B8699847BB6803F00103002B13D014
:10A12000B9684B1CBB603B685A1C3A600093012322
:10A130000122F868FFF7B6FE0346FB77FB7F002B92
:10A140007ED17B68013B7B600121F86800F090F9CB
:10A150000346FB77FB7F002B74D1AD233B7455E0A6
:10A160007B7F002B23D007F1100301331A46B96817
:10A17000F86800F0E1FAFB6893F83530002B01D065
:10A18000052300E00423BB77BB7F3A6812782033B5
:10A190003B4403F8102C3B685A1CBB7F01331278F8
:10A1A00020333B4403F8102C00237B7708E0012385
:10A1B000BB773B681B787B743B6801331B78BB74AF
:10A1C000BB695C68BB7F02331A4607F110010023AC
:10A1D00000930023B869A0470346FB77FB7F002B61
:10A1E00003D02B48FFF7A4F931E0F86800F050FAEB
:10A1F0000346FB77FB7F002B26D17B68023B7B600D
:10A20000BB680233BB603B6802333B607B68012B59
:10A21000A6D80021F86800F02BF90346FB77FB7FF6
:10A22000002B13D17B68012B10D13B6800930123D5
:10A230000122B968F868FFF735FE0346FB7706E0B0
:10A2400000BF04E000BF02E000BF00E000BFFB7FF2
:10A25000002B03D00021F86800F00AF9BB69DB6825
:10A26000002B03D0BB69DB68B8699847FB7F1846B1
:10A270002437BD4690BD00BF60F4040804D4040830
:10A280000CD404087CD30408FCD404080CD50408BE
:10A29000B8D5040880B588B002AFF860B9607A60BC
:10A2A0003B600023FB75FB689B8A03F00103002BD6
:10A2B0000BD03B6800934FF480737A68B968F868F4
:10A2C000FFF7F0FD0346FB750DE0FB689B8A03F08A
:10A2D0000403002B07D03B687A68B968F868FFF779
:10A2E000D7FE0346FB75FB7D18461837BD4680BD7B
:10A2F00090B589B002AF78600023FB757B6820338E
:10A300003B617B68002B0AD1274B0093274B284ADF
:10A3100040F235312748FFF7D3F800BFFDE7662349
:10A320003B733B695C6807F10C0100230093002339
:10A3300001223869A0470346FB75FB7D002B17D12E
:10A34000786800F0A5F90346FB7599237B733B6998
:10A350005C6807F10C03591C0023009300230122C1
:10A360003869A0470346FB75FB7D002B0AD104E04A
:10A370001148FFF7DDF8FB7D12E0786800F088F9FE
:10A380000346FB75FB7D002B06D10C4A4FF452713E
:10A390000848FFF795F802E00748FFF7C9F8FB7D8A
:10A3A00018461C37BD4690BD6CF4040804D404085C
:10A3B0000CD404087CD30408E4D5040808D60408A7
:10A3C00090B589B002AF78600023FB757B682033BD
:10A3D0003B617B68002B0AD11F4B00931F4B204A27
:10A3E00040F255311F48FFF76BF800BFFDE79F2390
:10A3F0003B733B695C6807F1080307F10C0103221A
:10A40000009201223869A0470346FB75FB7D002BB3
:10A410001AD13A7A7B681A737A7A7B685A73BA7A55
:10A420007B689A737B681B7B19467B685B7B1A464B
:10A430007B689B7B019300920B460B4A40F25D3197
:10A440000848FFF73DF802E00848FFF771F8FB7D88
:10A4500018461C37BD4690BD74F4040804D40408A3
:10A460000CD404087CD3040824D6040884D6040839
:10A4700090B587B002AF78600B46FB700023FB738A
:10A480007B68002B0AD1284B0093284B284A40F2C6
:10A4900072312848FFF714F800BFFDE7FB78002B66
:10A4A00002D00623BB7301E00423BB737B685C6AA4
:10A4B0007B6803F1200007F10E01002300930023C5
:10A4C0000122A0470346FB73FB7B002B07D107F15A
:10A4D0000D031946786800F09DF80346FB73FB7B7B
:10A4E000002B1CD1FB78002B09D07B7B03F00203EF
:10A4F000002B04D11048FFF71BF8022310E0FB7873
:10A5000083F00103DBB2002B09D07B7B03F0020355
:10A51000002B04D00948FFF70BF8022300E0FB7B77
:10A5200018461437BD4690BD84F4040804D40408CA
:10A530000CD404087CD30408B0D60408D4D604088C
:10A5400090B587B002AF78600B46FB700023FB73B9
:10A550007B68002B0AD1274B0093274B274A40F2F8
:10A560009B312748FEF7ACFF00BFFDE7012178686B
:10A57000FFF77EFF0346FB73FB7B002B01D0FB7BC9
:10A5800034E0FB78002B02D0B723BB7301E0E92352
:10A59000BB737B685C6A7B6803F1200007F10E01E6
:10A5A0000023009300230122A0470346FB73FB7B9B
:10A5B000002B10D17B68FA7883F83520FB78002BCC
:10A5C00001D0104B00E0104B104A40F2AD310C4866
:10A5D000FEF776FF09E0FB78002B01D0094B00E085
:10A5E000094B19460A48FEF7A3FFFB7B18461437B0
:10A5F000BD4690BD98F4040804D404080CD40408A3
:10A600007CD30408F8D6040800D7040808D7040847
:10A610002CD7040890B587B002AF78603960052365
:10A62000FB737B68002B0AD1144B0093144B154A23
:10A630004FF470711448FEF743FF00BFFDE73B681D
:10A64000002B0AD10D4B0093104B0E4A40F2C13142
:10A650000D48FEF735FF00BFFDE77B685C6A7B684D
:10A6600003F1200007F10F01012300933B68012251
:10A67000A047034618461437BD4690BDB0F4040801
:10A6800004D404080CD404087CD3040858D7040864
:10A6900080B588B002AF78600023FB757B68DB6B08
:10A6A0003B617B68002B0AD11E4B00931E4B1F4A57
:10A6B00040F2CB311E48FEF703FF00BFFDE707F174
:10A6C0000B0319467868FFF7A5FF0346FB75FB7D72
:10A6D000002B04D1FB7A03F00103002B11D07B681F
:10A6E0009B6BFB603B69002B02D10423FB7509E0E7
:10A6F000FB68002B01D0FB6898473B69013B3B613D
:10A70000DDE700BFFB7D002B04D1FB7A03F00103E2
:10A71000002B02D00748FEF70BFFFB7D18461837C9
:10A72000BD4680BDC4F4040804D404080CD4040855
:10A730007CD3040860D7040880B588B002AFF86005
:10A74000B9607A60FB68002B0AD11F4B00931F4B46
:10A750001F4A4FF478711F48FEF7B2FE00BFFDE7B5
:10A760007B68002B0AD1184B00931B4B184A40F210
:10A77000E1311848FEF7A4FE00BFFDE7FB6893F83F
:10A780003530002B01D0042300E00323BB750023E8
:10A79000FB750FE0BA7DFB7D0133D31ADB00BA688D
:10A7A00022FA03F1FB7D7A681344CAB21A70FB7D6A
:10A7B0000133FB75FA7DBB7D9A42EBD300BF00BF2E
:10A7C0001837BD4680BD00BFD0F4040804D4040887
:10A7D0000CD404087CD3040888D7040890B589B049
:10A7E00002AF78600B46FB701346BB700023FB750D
:10A7F0007B6820333B617B68002B0AD1204B0093A0
:10A80000204B214A4FF47E712048FEF759FE00BFCD
:10A81000FDE7FB78002B0ED050233B733B695C684F
:10A8200007F10C0100230093002301223869A0479F
:10A830000346FB7505E001217868FFF719FE034622
:10A84000FB75FB7D002B0FD101233B73BB787B7322
:10A850003B695C6807F10C0100230093002302228E
:10A860003869A0470346FB75FB7D002B02D00848E2
:10A87000FEF75EFEFB7D18461C37BD4690BD00BF4F
:10A88000E8F4040804D404080CD404087CD30408B5
:10A8900090D7040880B586B002AF78607B68002B43
:10A8A00009D1164B0093164B164A51211648FEF754
:10A8B00007FE00BFFDE7786800F02AF80346002B8A
:10A8C00010D007F108031946786800F099F803469C
:10A8D000002B07D007F108031946786800F026F925
:10A8E000034606E07B681B6819460848FEF720FE11
:10A8F000002318461037BD4680BD00BFFCF4040895
:10A90000B8D70408C0D70408E0D7040828D804083A
:10A9100080B588B002AF78607B6844337B610023E8
:10A920003B6107F1080300221A605A607B68002B24
:10A9300009D12B4B00932B4B2B4A6D212B48FEF753
:10A94000BFFD00BFFDE77B6900221A7007F1080216
:10A9500008233969786800F067FB0346002B04D0B0
:10A960002348FEF7E5FD002336E03B7A532B08D160
:10A970007B7A462B05D1BB7A442B02D1FB7A502B34
:10A9800006D01C4A7A211948FEF79AFD002323E0DD
:10A990003A7B7B699A707A7B7B695A707B695B78BA
:10A9A000012B0AD97B695B7819467B699B781A462B
:10A9B0001148FEF7BDFD00230EE07B695B78194668
:10A9C0007B699B78BA7B019200930B460B4A8321EB
:10A9D0000648FEF775FD012318461837BD4680BDB1
:10A9E0000CF50408B8D70408C0D70408E0D7040859
:10A9F00084D80408A4D80408F0D8040828D9040886
:10AA000090B58BB004AF7860396008237B6107F1A3
:10AA10000C0300221A605A607B68002B09D13A4B64
:10AA200000933A4B3A4A96213A48FEF749FD00BF57
:10AA3000FDE73B68002B09D1334B0093364B344A7A
:10AA400097213448FEF73CFD00BFFDE707F10C02FB
:10AA500008237969786800F0E7FA0346002B04D0F0
:10AA60002E48FEF765FD00234AE03A7B3B681A70EA
:10AA70007A7B3B685A70BA7B3B689A70FA7B3B687A
:10AA8000DA703B7C1A467B7C1B021A43BB7C1B049E
:10AA900013431A463B685A603B689B78012B0AD9DE
:10AAA0003B689B7819463B685B781A461C48FEF762
:10AAB0003FFD002324E03B68DB78082B07D83B6888
:10AAC000DB7819461748FEF733FD002318E03B6892
:10AAD0001B781C463B689B781A463B685B78194696
:10AAE0003B68DB7818463B685B68039302900191F2
:10AAF000009223460C4AAD210648FEF7E1FC0123F3
:10AB000018461C37BD4690BD20F50408B8D7040888
:10AB1000C0D70408E0D7040868D9040878D9040825
:10AB2000B0D9040804DA04084CDA040890B597B0E8
:10AB300004AF786039607B6844333B643B685B6892
:10AB4000FB6307F10C0324220021184607F0ADFC3B
:10AB50007B68002B09D1A54B0093A54BA54AC221C8
:10AB6000A548FEF7ADFC00BFFDE73B68002B09D10F
:10AB70009E4B0093A14B9F4AC3219F48FEF7A0FC28
:10AB800000BFFDE707F10C022423F96B786800F0A1
:10AB90004BFA0346002B04D09948FEF7C9FC00236A
:10ABA00037E2984ACB219448FEF78AFC964ACC219A
:10ABB0009148FEF785FC002387F8473033E097F88B
:10ABC00047305A1C97F847309B00033348333B44C7
:10ABD00013F83C3C194697F847309B000233483342
:10ABE0003B4413F83C3C184697F847309B00013330
:10ABF00048333B4413F83C3C1C4697F847309B00D5
:10AC000048333B4413F83C3C039302940190009179
:10AC100013467E4ACE217848FEF752FC97F847301B
:10AC2000013387F8473097F84730082BC7D97A7B2C
:10AC30003B6CDA713B7B03F00303012B02D0032B47
:10AC40000BD013E03B6C01229A713B6CDB79704AAC
:10AC5000D7216948FEF734FC0DE03B6C00229A7165
:10AC60006C4ADB216448FEF72BFC04E06A48FEF7DF
:10AC70005FFC0023CDE13B7B9B1003F00103002B25
:10AC800002D0012B09D012E03B6C01229A80634A6A
:10AC9000E6215948FEF714FC09E03B6C4FF4807242
:10ACA0009A805F4AEA215448FEF70AFC00BF3B7BCA
:10ACB000DB1003F00103002B02D0012B09D02DE0A3
:10ACC0003B6C01221A72574AF5214B48FEF7F8FBFC
:10ACD00024E03B6C00221A72534AFA214648FEF7E0
:10ACE000EFFB3B7B1B1103F00103002B02D0012B78
:10ACF00009D012E03B6C50225A724C4AFF213E4868
:10AD0000FEF7DEFB09E03B6C06225A72484A4FF41C
:10AD100082713948FEF7D4FB00BF00BFBB7B5B10DC
:10AD200003F00303022B20D0022B2BDC002B02D0DC
:10AD3000012B0DD026E03B6C01229A723B6C002265
:10AD4000DA723C4A40F20F112B48FEF7B9FB24E0BF
:10AD50003B6C01229A723B6C0122DA72364A4FF444
:10AD60008A712548FEF7ACFB17E03B6C00229A7213
:10AD70003B6C0122DA72314A40F219111E48FEF78B
:10AD80009FFB0AE03B6C00229A723B6C0022DA7255
:10AD90002B48FEF7CDFB00233BE1FB7C1A06BB7C76
:10ADA0001B041A437B7C1B0213433A7C1343BB6393
:10ADB000FB7CDB09DBB2002B02D0012B06D04CE080
:10ADC000BB6BDB085A1C3B6CDA6046E0BB6B23F0C4
:10ADD0000043BB63BB6B232B36D93B6C0022DA608C
:10ADE0001848FEF7A5FB002313E100BF34F5040863
:10ADF000B8D70408C0D70408E0D7040868D9040805
:10AE0000D8DA040810DB040838DB040854DB040833
:10AE100078DB0408BCDB0408F0DB040828DC040849
:10AE200048DC040874DC0408A4DC0408E8DC04083A
:10AE300060DD0408D8DD0408F0DD04080CDE040839
:10AE400024DE040848DE0408BB6B033B012202FA3F
:10AE500003F31A463B6CDA6000BF3B6CDB686F4A59
:10AE600040F231116E48FEF72BFB002387F8473084
:10AE7000002387F846304CE097F847300E335B00EC
:10AE800048333B4413F83C3C002B3DD097F8473007
:10AE90000E335B0048333B4413F83C3C1A46012315
:10AEA000934097F8462019463B6C023243F8321023
:10AEB00097F847300E335B005A1C97F846304832FB
:10AEC0003A4412F83C1C3A6C0233DB0013440A4645
:10AED0001A7197F846203B6C023253F83230990AC7
:10AEE00097F846303A6C0233DB0013441B79009329
:10AEF0000B464C4A40F237114948FEF7E1FA97F801
:10AF00004630013387F8463097F84730013387F8E9
:10AF1000473097F84730032BAED9002387F84730E6
:10AF2000002387F846306CE097F847203B6C0232EC
:10AF300053F83230002B5FD097F84730013387F851
:10AF4000463055E097F846203B6C023253F83230D9
:10AF5000002B48D097F847203B6C023253F8322040
:10AF600097F846103B6C023153F831309A423AD987
:10AF700097F847203B6C023253F832307B6397F8E6
:10AF800047303A6C0233DB0013441B7987F83330C7
:10AF900097F8461097F847203B6C023153F8311070
:10AFA0003B6C023243F8321097F8463097F847105E
:10AFB0003A6C0233DB00134418793A6C8B1CDB00CB
:10AFC000134402461A7197F846203B6C0232796BA3
:10AFD00043F8321097F846303A6C0233DB001344E2
:10AFE00097F833201A7197F84630013387F84630C6
:10AFF00097F84630032BA5D997F84730013387F8E7
:10B00000473097F84730032B8ED93B6C01221A70DA
:10B01000012318464C37BD4690BD00BF90DE0408A2
:10B02000E0D70408A8DE040890B589B002AFF86044
:10B03000B9607A603B605A233B74BB681B0CDBB27F
:10B040007B74BB681B0ADBB2BB74BB68DBB2FB74EE
:10B05000FF233B75FB68002B0AD1244B0093244B44
:10B06000244A4FF4AD712448FEF72AFA00BFFDE7E9
:10B07000BB68B3F1807F0AD31C4B00931F4B1D4A62
:10B0800040F25B111C48FEF71BFA00BFFDE77B682E
:10B09000002B0AD1154B0093194B164A4FF4AE7191
:10B0A0001548FEF70DFA00BFFDE7FB685B6A002B51
:10B0B0000AD10E4B0093134B0E4A40F25D110E481D
:10B0C000FEF7FEF900BFFDE7FB685C6AFB6803F171
:10B0D000200007F110013B6800937B680522A04720
:10B0E000034618461C37BD4690BD00BF48F504080E
:10B0F000B8D70408C0D70408E0D70408E4DE040881
:10B10000F4DE040800DF040880B588B002AFF86000
:10B11000B9607A6000237B61FB6893F8443083F068
:10B120000103DBB2002B0AD0234B0093234B244AAC
:10B130004FF4B7712348FEF7C3F900BFFDE7FB6882
:10B140005A6DBB68B3FBF2F101FB02F29B1A002BB4
:10B1500001D000232CE003233B61FA683B690A33EA
:10B16000DB0013445B68002B19D0FA683B690A3393
:10B17000DB0013445B687A689A4210D3FA683B6933
:10B180000A33DB0013445A68BB68B3FBF2F101FBDE
:10B1900002F29B1A002B02D13B697B6107E03B69FD
:10B1A000002B03D03B69013B3B61D6E700BF7B69C5
:10B1B00018461837BD4680BD58F5040810DF04084E
:10B1C000C0D70408E0D7040890B585B000AFF86098
:10B1D0007B600B46FB721346BB72FB7A143B0C2B55
:10B1E0004FD801A252F823F087B2030883B20308B4
:10B1F00083B203081DB203083BB203085FB2030821
:10B2000083B2030883B2030883B2030883B203083E
:10B2100083B2030883B203082DB20308BB7A9AB243
:10B22000C82379681B48D2F7EFFB2DE0BB7A1A469A
:10B2300002211948CBF78EFF26E0FB681B681B78BC
:10B240001A464921F86802F092FCFB685C69FB68C9
:10B250001B689A7800232C21F868A04714E0FB684B
:10B260005C69FB681B68DA7800232C21F868A0472A
:10B27000FB681B685B781A464921F86802F077FC86
:10B2800002E0002301E000BF012318461437BD4649
:10B2900090BD00BF448704240004025880B584B0E8
:10B2A00000AFF8607B600B46FB721346BB72FB7A03
:10B2B000283B232B66D801A252F823F085B303085C
:10B2C0004DB3030885B3030885B3030885B30308AA
:10B2D00085B3030885B3030885B3030885B3030862
:10B2E00085B3030885B3030885B3030885B3030852
:10B2F00085B3030885B3030885B3030885B3030842
:10B3000085B3030885B3030885B3030885B3030831
:10B3100085B3030885B3030885B3030885B3030821
:10B3200085B3030885B3030885B3030885B3030811
:10B3300085B3030885B3030885B3030885B3030801
:10B3400057B3030867B3030875B30308BB7A1846FD
:10B35000D6F722FF16E0BB7A1A464FF480510C480C
:10B36000CBF7F8FE0EE0BB7A1A4602210948CBF76C
:10B37000F1FE07E0BB7A1A464FF400610448CBF7B0
:10B38000E9FE00BF012318461037BD4680BD00BF4F
:10B39000001402580004025880B582B000AF7860F3
:10B3A00000224FF400611248CBF7D4FE4FF47A70BC
:10B3B000D6F7F2FE01224FF400610D48CBF7CAFE2A
:10B3C000C820D6F7E9FE0B4B0B4A0C49786800F011
:10B3D00027FD786802F09CFB0021786802F0A7FB4B
:10B3E000786800F0E4F900BF0837BD4680BD00BFB3
:10B3F000001402589DB20308C9B103087C2A05084D
:10B4000008B480B5A5B000AF78600B467B801346CA
:10B410003B8007F10C0380220021184607F045F815
:10B420007B68002B03D0D7F89C30002B02D14FF063
:10B43000FF3319E007F1A003BB6007F10C00BB6804
:10B44000D7F89C20802106F067FFC7F88C00D7F85A
:10B450008C30002B06DD07F10C033A887988786878
:10B4600001F028FAD7F88C3018469437BD46BDE86D
:10B47000804001B07047000080B48FB000AF87ED0E
:10B48000030A03467960FB7213463B817B68002BFD
:10B4900000F0F2803B89072B40F2EE80002387F812
:10B4A0003730D7ED037AF5EEC07AF1EE10FA08D511
:10B4B000012387F83730D7ED037AF1EE677AC7EDCD
:10B4C000037AD7ED037AFDEEE77A17EE903A3B6305
:10B4D0003B6B07EE903AF8EEE77A97ED037A77EE5A
:10B4E000677AC7ED0B7A07F1140300221A605A60DD
:10B4F0009A60DA60002387F82B303B6B002B2AD14F
:10B5000097F82B305A1C87F82B2038333B443022D5
:10B5100003F8242C26E03A6B5A4B83FB0213991054
:10B52000D317C91A0B469B000B445B00D11ACAB251
:10B5300097F82B30591C87F82B103032D2B23833A1
:10B540003B4403F8242C3B6B4E4A82FB03129210BF
:10B55000DB17D31A3B633B6B002B03DD97F82B30D3
:10B560000E2BD8D900233B8597F83730002B07D016
:10B570003B8D5A1C3A851A467B6813442D221A705B
:10B5800097F82B30013BDBB287F8273013E097F9AF
:10B5900027203B8D591C398519467B680B4438326E
:10B5A0003A4412F8242C1A7097F92730DBB2013B89
:10B5B000DBB287F8273097F92730002B04DB3A8D70
:10B5C0003B89013B9A42E2DBFB7A002B47D03A8D64
:10B5D0003B89013B9A4242DA3B8D5A1C3A851A4616
:10B5E0007B6813442E221A70002387F826302CE043
:10B5F000D7ED0B7AB2EE047A67EE877AC7ED0B7A55
:10B60000D7ED0B7AFCEEE77AC7ED007A3B7887F846
:10B6100025303B8D5A1C3A851A467B68134497F8AF
:10B6200025203032D2B21A7097F8253007EE903AC2
:10B63000F8EEE77A97ED0B7A77EE677AC7ED0B7A3B
:10B6400097F82630013387F8263097F82620FB7AC2
:10B650009A4204D23A8D3B89013B9A42C8DB3A8D2B
:10B660003B899A4201D23B8D01E03B89013B7A68DC
:10B67000134400221A7000E000BF3C37BD465DF85D
:10B68000047B70476766666680B586B002AFF86077
:10B69000084611461A4603467B810B463B811346FA
:10B6A000FB807A89FB88134498B23A893B8B134418
:10B6B0009BB23A89798900930346F86801F0BEFB92
:10B6C0000346002B12D00DE0FB883A8979890020CF
:10B6D0000090F86801F091FA3B8901333B813B8B84
:10B6E000013B3B833B8B002BEED100E000BF1037CA
:10B6F000BD4680BD80B588B002AFF86008461146EF
:10B700001A4603467B810B463B811346FB807B89AF
:10B71000FB827A89FB88134498B23A893B8C1344A4
:10B720009BB23A89798900930346F86801F086FB59
:10B730000346002B37D0FB883A8979890020009096
:10B74000F86801F05AFA3B8C012B2DD93B8C023B57
:10B750003B843B8901333B813B8C002B1AD03B8CD3
:10B760003A89798901200090F86801F046FA7A89CF
:10B77000FB8813447B817B89013B7B813B8C3A892D
:10B78000798901200090F86801F037FA3A893B8CFA
:10B7900013443B81FB883A89F98A00200090F868BD
:10B7A00001F02BFA00E000BF1837BD4680BD80B520
:10B7B00084B000AF78607B681B681B7CFB607B6893
:10B7C00093F838301A46FB6802FB03F3FB60FB6812
:10B7D000DB00FB607B685B6BFA680021184606F0B3
:10B7E00064FE00BF1037BD4680BD80B586B002AF95
:10B7F00078600B46FB701346BB707B681B681B7C34
:10B80000FB73FB78BB817B685B6BBB60FB7B9BB294
:10B81000BA8912FB03F3BB81BB89DB00BB81BB8907
:10B82000BA681344BB60F97BBA78BB6800930B46D7
:10B830000021786802F03BF900BF1037BD4680BD9B
:10B8400080B584B000AF78600023FB737B6893F809
:10B8500038307B737B6893F83930BB737B681B6827
:10B860005B7C3B73BA7BFB7B19467868FFF7BDFFB7
:10B87000FB7B0133FB73BB7B0133BB73FA7B7B7BAD
:10B880009A4203D2BA7B3B7B9A42EBD300BF10377C
:10B89000BD4680BD80B582B000AF78600B46FB70BE
:10B8A0007B68FA7883F839207B681B6B1B687868A3
:10B8B00098477B681B6B5B687868984700BF0837C0
:10B8C000BD4680BD80B582B000AF78607B6893F8DC
:10B8D0009330002B02D07868FFF769FF0021786869
:10B8E000FFF7D8FF00BF0837BD4680BD80B584B0E4
:10B8F00000AF78607868FFF7A3FF7B6893F8393072
:10B90000FB737B6893F83820FB7B1344FB737B68E5
:10B910001B685B7CFA7B9A4204D3786802F018F9C2
:10B9200000230DE07B6893F89330002B02D07868F9
:10B93000FFF73DFFFB7B19467868FFF7ABFF01235C
:10B9400018461037BD4680BD80B584B000AFF860A2
:10B95000084611461A4603467B810B463B81134637
:10B96000FB803B7F03F00103002B17D0FA887B8913
:10B97000134499B23A8B3B89D31A9BB21A46F868A2
:10B9800001F0DFF9FA883B89134499B23A8B7B893D
:10B99000D31A9BB21A46F86801F0D3F93B7F03F043
:10B9A0000203002B17D0FA887B89D31A99B23A8BFD
:10B9B0003B89D31A9BB21A46F86801F0C2F9FA889B
:10B9C0003B89D31A99B23A8B7B89D31A9BB21A4618
:10B9D000F86801F0B6F93B7F03F00803002B17D09D
:10B9E000FA887B89134499B23A8B3B8913449BB202
:10B9F0001A46F86801F0A5F9FA883B89134499B210
:10BA00003A8B7B8913449BB21A46F86801F099F986
:10BA10003B7F03F00403002B17D0FA887B89D31AED
:10BA200099B23A8B3B8913449BB21A46F86801F0ED
:10BA300088F9FA883B89D31A99B23A8B7B891344E7
:10BA40009BB21A46F86801F07CF900BF1037BD467A
:10BA500080BD80B58AB002AFF860084611461A462C
:10BA600003467B810B463B811346FB800123FB830E
:10BA7000FA8BFB88D31A9BB2FB830123BB83002381
:10BA80007B837A8BFB88D31A9BB27B837B8B5B0097
:10BA90009BB27B8300233B83FB88FB827889FA8AF5
:10BAA000398B97F8283001933B8900930346F86857
:10BAB000FFF74AFF27E0B7F91E30002B0BDBFB8AAC
:10BAC000013BFB827B8B02339BB27B83FA8B7B8BAC
:10BAD00013449BB2FB833B8B01333B83BB8B023311
:10BAE0009BB2BB83FA8BBB8B13449BB2FB837889DD
:10BAF000FA8A398B97F8283001933B8900930346E3
:10BB0000F868FFF721FF3A8BFB8A9A42D3D300BF34
:10BB100000BF2037BD4680BD90B587B002AFF8604A
:10BB2000084611461A4603467B810B463B81134665
:10BB3000FB807A89FB88D31A99B23A89FB88D31A99
:10BB400098B27A89FB8813449BB201339CB23A893C
:10BB5000FB8813449BB201339BB2009323460246F9
:10BB6000F86801F06BF90346002B0AD0F8883A898F
:10BB7000798997F8203000930346F868FFF769FF4A
:10BB800000E000BF1437BD4690BD80B584B000AF63
:10BB9000F860084611461A4603467B810B463B81F6
:10BBA0001346FB803B7F03F00103002B1BD0FA8878
:10BBB0007B89134499B23A8B3B89D31A9AB23B8959
:10BBC00001339BB2F86801F0A3F8FA883B8913446B
:10BBD00099B23A8B7B89D31A9AB27B8901339BB293
:10BBE000F86801F095F83B7F03F00203002B1BD0AF
:10BBF000FA887B89D31A99B23A8B3B89D31A9AB2C5
:10BC00003B8901339BB2F86801F082F8FA883B89DE
:10BC1000D31A99B23A8B7B89D31A9AB27B890133B2
:10BC20009BB2F86801F074F83B7F03F00803002B27
:10BC300015D0FA887B89134499B23B8901339BB2B2
:10BC40003A8BF86801F064F8FA883B89134499B29A
:10BC50007B8901339BB23A8BF86801F059F83B7F3E
:10BC600003F00403002B15D0FA887B89D31A99B20C
:10BC70003B8901339BB23A8BF86801F049F8FA88A6
:10BC80003B89D31A99B27B8901339BB23A8BF8680E
:10BC900001F03EF800BF1037BD4680BD80B58AB0C8
:10BCA00002AFF860084611461A4603467B810B46F0
:10BCB0003B811346FB800123FB83FA8BFB88D31A5D
:10BCC0009BB2FB830123BB8300237B837A8BFB889E
:10BCD000D31A9BB27B837B8B5B009BB27B8300235D
:10BCE0003B83FB88FB827889FA8A398B97F8283066
:10BCF00001933B8900930346F868FFF746FF27E06E
:10BD0000B7F91E30002B0BDBFB8A013BFB827B8BE0
:10BD100002339BB27B83FA8B7B8B13449BB2FB83F6
:10BD20003B8B01333B83BB8B02339BB2BB83FA8BD0
:10BD3000BB8B13449BB2FB837889FA8A398B97F8C3
:10BD4000283001933B8900930346F868FFF71DFFF5
:10BD50003A8BFB8A9A42D3D300BF00BF2037BD463F
:10BD600080BD90B587B002AFF860084611461A460C
:10BD700003467B810B463B811346FB807A89FB8817
:10BD8000D31A99B23A89FB88D31A98B27A89FB8878
:10BD900013449BB201339CB23A89FB8813449BB293
:10BDA00001339BB2009323460246F86801F046F83F
:10BDB0000346002B0AD0F8883A89798997F8203011
:10BDC00000930346F868FFF769FF00E000BF1437EF
:10BDD000BD4690BD80B582B000AF78607868FFF74F
:10BDE00071FD7868FFF782FD0346002BF9D1002131
:10BDF0007868FFF74FFD00BF0837BD4680BD0000E3
:10BE000080B483B000AF78607B6810221A70034B57
:10BE100018460C37BD465DF8047B7047CCB7042448
:10BE200080B588B002AFF860B9607A603B603B686B
:10BE300000937B680B4A0C49F86801F0E9FE07F1B2
:10BE400013031846FFF7DCFF7861FA7CBB680093A8
:10BE5000064B7969F86801F075F900BF1837BD46DF
:10BE600080BD00BFD9D5030871D90308C7CF030827
:10BE700080B483B000AF78600B46FB70FB787A68C3
:10BE800013447B607B681B7818460C37BD465DF811
:10BE9000047B704780B485B000AF78600B46FB70C0
:10BEA000FB787A6813447B607B681B78FB817B6836
:10BEB00001337B60FB891B02FB817B681B781A4680
:10BEC000FB891344FB81FB8918461437BD465DF896
:10BED000047B704780B582B000AF78603960002184
:10BEE0003868FFF7C5FF03461A467B681A700121C0
:10BEF0003868FFF7BDFF03461A467B685A70022177
:10BF00003868FFF7B5FF03461A467B689A7003212D
:10BF10003868FFF7ADFF03461A467B68DA700421E4
:10BF20003868FFF7A5FF03461A467B681A7105219A
:10BF30003868FFF79DFF03461A467B685A71062151
:10BF40003868FFF795FF03461A467B689A71072108
:10BF50003868FFF78DFF03461A467B68DA710821BF
:10BF60003868FFF785FF03461A467B681A72092175
:10BF70003868FFF77DFF03465AB27B685A720A2180
:10BF80003868FFF775FF03465AB27B689A720B2137
:10BF90003868FFF76DFF03465AB27B68DA720C21EE
:10BFA0003868FFF765FF03465AB27B681A730D21A4
:10BFB0003868FFF75DFF03465AB27B685A730E215B
:10BFC0003868FFF755FF03465AB27B689A730F2112
:10BFD0003868FFF74DFF03465AB27B68DA731021C9
:10BFE0003868FFF745FF03465AB27B681A7411217F
:10BFF0003868FFF74FFF03461A467B685A821321C1
:10C000003868FFF747FF03461A467B689A82152176
:10C010003868FFF73FFF03461A467B68DA8200BFA5
:10C020000837BD4680BD80B485B000AF78600B4650
:10C03000FB707B681B7B7B737B681B681B78FB73C7
:10C04000FA7B7B7B42FA03F3FB737B7BBB73BA7B8C
:10C05000FB781344BB73BB7B072B1AD908233B73B4
:10C060003A7B7B7BD31A3B737B681B685A1C7B68CB
:10C070001A607B681B681B781A463B7B02FA03F345
:10C080005AB297F90F3013435BB2FB73BB7B083B8B
:10C09000BB73FB784FF0FF3202FA03F3DBB2DB43F2
:10C0A000DAB2FB7B1340FB737B68BA7B1A73FB7BB2
:10C0B00018461437BD465DF8047B704780B584B0E0
:10C0C00000AF78600B46FB70FB7819467868FFF785
:10C0D000AAFF0346FB730123BB73FB78013BFB7094
:10C0E00097F90E20FB7802FA03F3BB73FA7BBB7B54
:10C0F000D31ADBB2FB7397F90F3018461037BD46E1
:10C1000080BD90B482B000AF0446084611461A467E
:10C110002346FB8003467B710B463B711346FB7045
:10C12000FB78022B14D0022B19DC002B02D0012B40
:10C1300007D014E097F904309AB2FB881344FB80CF
:10C1400014E097F905309AB2FB881344FB800DE0A8
:10C1500097F904309BB2FA88D31AFB8006E097F96E
:10C1600005309BB2FA88D31AFB8000BFFB881846C3
:10C170000837BD4690BC704790B482B000AF04460B
:10C18000084611461A462346FB8003467B710B4640
:10C190003B711346FB70FB78022B14D0022B19DC89
:10C1A000002B02D0012B07D014E097F905309AB28A
:10C1B000FB881344FB8014E097F904309BB2FA88A3
:10C1C000D31AFB800DE097F905309BB2FA88D31A99
:10C1D000FB8006E097F904309AB2FB881344FB8099
:10C1E00000BFFB8818460837BD4690BC704780B535
:10C1F00088B002AF78600B46FB701346BB707B685B
:10C2000060333B61FB78FB753B6993F908307B75C4
:10C210003B6993F909303B753B6993F90A30FB732D
:10C22000FA7B7B7DD31AFB73FB7BBB75FA7DFB7BB3
:10C230009A4201D2FB7DBB753B699B88BB813B6900
:10C24000DB887B8197F9151097F914203B691B7CDB
:10C25000B889FFF791FF0346BB8197F9151097F94D
:10C2600014203B691B7C7889FFF74BFF03467B81D9
:10C27000BB78002B10D03B699A7B7B6883F89220B7
:10C28000BB7D98B23B691B7C7A89B98900930346D0
:10C29000786800F0B2FC13E03B695B7B002B0FD1A8
:10C2A0003B69DA7B7B6883F89220BB7D98B23B695F
:10C2B0001B7C7A89B98900930346786800F09DFC5D
:10C2C000FA7DFB7B9A4209D3FA7DFB7BD31AFB757F
:10C2D00000237B753B7D01333B759DE700BF7A7D75
:10C2E000FB7D13447B7597F915203B691A7297F90A
:10C2F00014203B695A7200BF1837BD4680BD80B517
:10C3000084B000AF786039607B686033FB60FB68A5
:10C310003A681A60FB6800221A737B6893F87830D9
:10C320001946F868FFF77FFE03465AB2FB689A7217
:10C330007B6893F879301946F868FFF774FE034676
:10C340005AB2FB68DA727B6893F89220FB689A73A2
:10C35000FB689B7B002B0CBF01230023DBB21A463A
:10C36000FB68DA7300BF1037BD4680BD80B58AB068
:10C3700002AF786039607B6860337B6139687868C8
:10C38000FFF7BDFF7B6893F86B30FB747B6893F815
:10C390007A3019467869FFF791FE0346BB747B68D3
:10C3A00093F87B3019467869FFF788FE03467B7463
:10C3B0007B6893F87C3019467869FFF77FFE034667
:10C3C0003B747B6993F90A30002B40F3D7807B697B
:10C3D0009888FA7C7B7C1344DBB25B42DBB25AB2B6
:10C3E0007B691B7C97F91210FFF7C6FE03461A46BD
:10C3F0007B699A807B69D888FA7C7B7C1344DBB2AA
:10C400005B42DBB25AB27B691B7C97F91210FFF7D3
:10C4100078FE03461A467B69DA807B699B88FB833A
:10C420007B69DB887B83FB8BBB837B8B3B837B695B
:10C430001B7C032B5AD801A252F823F04DC40308E9
:10C4400069C4030891C40308C5C403087B6993F950
:10C450000A309AB2BB8B1344BB8397F913309AB25C
:10C460003B8B13443B8341E097F913309BB2FA8B2B
:10C47000D31AFB83FB8B0133FB83BB8B0133BB8361
:10C480007B6993F90A309AB23B8B13443B832DE0CE
:10C490007B6993F90A309BB2FA8BD31AFB83FB8B2F
:10C4A0000133FB83BB8B0133BB8397F913309BB202
:10C4B0007A8BD31A7B837B8B01337B833B8B01335A
:10C4C0003B8313E097F913309AB2BB8B1344BB83C1
:10C4D0007B6993F90A309BB27A8BD31A7B837B8B6F
:10C4E00001337B833B8B01333B8300BFB88B7A8B5B
:10C4F000F98B3B8B00930346786800F09FFC034662
:10C50000002B02D197F910303AE07B6900221A72B1
:10C510007B6900225A727B6893F8763019467869F5
:10C52000FFF781FD0346FB737B6893F8773019466C
:10C530007869FFF778FD0346BB73FB7B0022194641
:10C540007868FFF754FEBB7B012219467868FFF735
:10C550004EFE01217869FFF766FD0346002BECD102
:10C560007B6993F9093097F913209A4200DDD2E7ED
:10C5700000BF7B699A7B7B6883F8922097F9103023
:10C5800018462037BD4680BD80B586B000AF7860C4
:10C590000B467B807B689B6D7B617B6917337B617E
:10C5A0007B88FF2B2AD87B88602B07D97B68B3F860
:10C5B00088301A467B6913447B6109E07B88402BF5
:10C5C00006D97B68B3F886301A467B6913447B61D1
:10C5D0007B6901331B78002B4ED07B691B781A4690
:10C5E0007B88934202D17B69023349E07B69013346
:10C5F0001B781A467B6913447B61E9E77B68B3F8D3
:10C600008A301A467B6913447B617B693B61002158
:10C610003869FFF73FFC03461A467B6913447B6188
:10C6200002213869FFF736FC0346FB813B6904337E
:10C630003B61FA897B889A42E9D37B691B78FB814D
:10C64000FB891B02FB817B6901331B781A46FB893E
:10C650001343FB81FB89002B10D0FA897B889A4217
:10C6600002D17B6903330BE07B6902331B781A46E6
:10C670007B6913447B61E0E700BF00E000BF00235B
:10C6800018461837BD4680BD80B586B000AFF8604B
:10C69000084611461A4603467B810B463B811346EA
:10C6A000FB800023FB82FB687A89A3F86420FB6887
:10C6B0003A89A3F86620FB881946F868FFF764FFFB
:10C6C00038613B69002B05D03969F868FFF74EFEE9
:10C6D0000346FB82FB8A18461837BD4680BD80B5ED
:10C6E00084B000AF78600B467B807B881946786801
:10C6F000FFF74AFFF860FB68002B01D1002327E019
:10C70000F9687868FFF7FBFD7B6803F160027B68DE
:10C7100093F87A3019461046FFF7D0FC03461A46C4
:10C720007B6883F890207B6803F160027B6893F854
:10C730007B3019461046FFF7C1FC7B6803F16002AD
:10C740007B6893F87C3019461046FFF7B7FC034628
:10C7500018461037BD4680BD80B584B000AFF86084
:10C76000084611461A4603467B810B463B81134619
:10C77000FB80FB6893F87030032B33D801A252F88A
:10C7800023F000BF95C70308A9C70308BDC7030866
:10C79000D1C70308FB68DB6DF868984703461A4663
:10C7A0003B8913443B811DE0FB68DB6DF8689847CB
:10C7B00003461A467B899B1A7B8113E0FB68DB6D7D
:10C7C000F868984703461A463B899B1A3B8109E063
:10C7D000FB68DB6DF868984703461A467B8913446B
:10C7E0007B8100BFFB883A897989F868FFF74CFFA5
:10C7F000034618461037BD4680BD00BF80B586B0E1
:10C8000000AFF8607B600B467B8113463B81F86884
:10C8100000F0DEFD0023FB82FB685B687A6812781B
:10C820001146F86898470346BB82BB8A4FF6FF72F1
:10C83000934238D07B6801337B60BB8A4FF6FE722F
:10C840009342E9D0BB8A3A897989F868FFF784FF77
:10C8500003467B82FB6893F87030032B1ED801A23D
:10C8600052F823F075C803087FC8030889C8030875
:10C8700093C803087A897B8A13447B810EE03A8946
:10C880007B8A13443B8109E07A897B8AD31A7B81B6
:10C8900004E03A897B8AD31A3B8100BFFA8A7B8AFB
:10C8A0001344FB82B8E700BFFB8A18461837BD4621
:10C8B00080BD00BF80B584B000AFF8607B600B46E0
:10C8C0007B8113463B81FB68064A5A603A89798925
:10C8D0007B68F868FFF792FF034618461037BD469D
:10C8E00080BD00BFEDD3030880B483B000AF786093
:10C8F0007B689B6D002B5DD07B6893F981207B6802
:10C9000083F88E207B6893F982207B6883F88F20E0
:10C910007B6893F88D30002B4DD07B6893F88D3079
:10C92000012B1CD17B6893F98E207B6893F98330AF
:10C930009A4205DA7B6893F983207B6883F88E201E
:10C940007B6893F98F207B6893F984309A4232DDBB
:10C950007B6893F984207B6883F88F202BE07B68C9
:10C9600093F98E301A467B6893F97E3019467B68BE
:10C9700093F980300B449A420DDA7B6893F97E304C
:10C98000DAB27B6893F98030DBB21344DBB25AB27F
:10C990007B6883F88E207B6893F98F207B6893F9FE
:10C9A00080309A4207DD7B6893F980207B6883F8AA
:10C9B0008F2000E000BF0C37BD465DF8047B704758
:10C9C00080B483B000AF7860002318460C37BD46B2
:10C9D0005DF8047B7047000080B483B000AF7860DE
:10C9E0007B68044ADA6500BF0C37BD465DF8047BFE
:10C9F000704700BFC1C9030880B582B000AF78603E
:10CA000039607B689B6D3A689A420BD07B683A68C4
:10CA10009A657B68743339681846FFF75BFA786863
:10CA2000FFF762FF00BF0837BD4680BD80B584B008
:10CA300000AF78603960C023FB727B68002283F806
:10CA40006A20786800F0C4FC0023FB810023BB81CE
:10CA50007B685B683A6812781146786898470346A5
:10CA60003B813B894FF6FF7293421CD03B680133F8
:10CA70003B603B894FF6FE729342E9D03B891946F1
:10CA80007868FFF72CFE0346BB8197F90B3013F152
:10CA9000400F03D17B6893F89030FB72FA89BB8911
:10CAA0001344FB81D4E700BF7B6893F96A30002B05
:10CAB0001BD0FA89BB89D31AFB817B6893F96A3052
:10CAC0009AB2FB891344FB817B6893F990309AB248
:10CAD000FB891344FB8197F90B30002B05DD97F997
:10CAE0000B309AB2FB891344FB81FB89184610373F
:10CAF000BD4680BD80B582B000AF786039607B688C
:10CB0000054A5A6039687868FFF790FF034618466F
:10CB10000837BD4680BD00BFEDD3030880B487B0A1
:10CB200000AFF860B96011461A460B46FB80134609
:10CB3000BB80FB681B88FB82FB8ABB82BB681A88B0
:10CB4000BB8A1344BB82FA8ABB8A9A420BD9FA8AFF
:10CB5000BB889A4205D2BB88BB82BB8A013BBB82A1
:10CB600001E0FB88FB82FA8ABB889A4201D300234A
:10CB70001CE0BA8AFB889A4201D8002316E0FA8AA0
:10CB8000FB889A4201D2FB88FB82BA8ABB889A4210
:10CB900001D9BB88BB82FB68FA8A1A80BA8AFB8AF1
:10CBA000D31ABB82BB68BA8A1A80012318461C3785
:10CBB000BD465DF8047B704790B587B002AFF86062
:10CBC000084611461A4603467B810B463B811346B5
:10CBD000FB80FB68DB8F3A89D31A3B81FB68DC6AF8
:10CBE000F8883A89798997F8203000930346F868E5
:10CBF000A04700BF1437BD4690BD90B587B002AFC7
:10CC0000F860084611461A4603467B810B463B8175
:10CC10001346FB80FB6893F88C30002B75D0FB88A3
:10CC2000002B72D0FB88012B1AD997F82030022BE9
:10CC300009D17A89FB88D31A9BB27B817B89013326
:10CC40009BB27B810CE097F82030032B08D13A8906
:10CC5000FB88D31A9BB23B813B8901339BB23B815A
:10CC600097F8203003F0010387F8203097F8203040
:10CC7000002B1AD1FB68B3F84C203B899A423BD871
:10CC8000FB68B3F84E203B899A4237D9FB68B3F86A
:10CC90004820FB68B3F84A30B91D07F10A00FFF7D6
:10CCA0003DFF0346002B1AD12FE0FB68B3F8482064
:10CCB0007B899A4224D8FB68B3F84A207B899A4240
:10CCC00020D9FB68B3F84C20FB68B3F84E30B91D8F
:10CCD00007F10800FFF722FF0346002B14D0FB6882
:10CCE0001B6B9C6879893A89F88897F82030009303
:10CCF0000346F868A04708E000BF06E000BF04E074
:10CD000000BF02E000BF00E000BF1437BD4690BD89
:10CD100080B586B002AFF860084611461A46034651
:10CD20007B810B463B811346FB80FB883A897989DE
:10CD300001200090F868FFF760FF00BF1037BD4684
:10CD400080BD80B584B002AF78600B467B8013460F
:10CD50003B807B68B3F84C303A889A421AD37B68A0
:10CD6000B3F84E303A889A4216D27B68B3F848300E
:10CD70007A889A4212D37B68B3F84A307A889A420A
:10CD80000ED23A8879880023009301237868FFF750
:10CD900034FF06E000BF04E000BF02E000BF00E097
:10CDA00000BF0837BD4680BD80B483B000AF786057
:10CDB0000B46FB707B68FA7883F89220FB78022B95
:10CDC00003D97B68012283F8922000BF0C37BD464F
:10CDD0005DF8047B704790B482B000AF044608460B
:10CDE00011461A462346FB800346BB800B467B80D8
:10CDF00013463B807A88BB889A420DD23A88FB88DA
:10CE00009A4201D9012314E07A883B889A4201D9D9
:10CE100001230EE000230CE03A88FB889A4207D9F0
:10CE20007A883B889A4201D9012302E0002300E07E
:10CE3000002318460837BD4690BC704780B584B0C3
:10CE400000AFF860084611461A4603467B810B4640
:10CE50003B811346FB80FB68B3F84C00FB68B3F8DA
:10CE60004E103B8B3A89FFF7B6FF0346002B01D1EA
:10CE700000230AE0FB68B3F84800FB68B3F84A10E7
:10CE8000FB887A89FFF7A7FF034618461037BD468F
:10CE900080BD80B588B000AFF860084611461A46DC
:10CEA00003467B810B463B811346FB800023FB74CA
:10CEB0007A89FB889A4204D97A89FB88D31A7B83C2
:10CEC00003E0FA887B89D31A7B833A893B8D9A42A7
:10CED00004D93A893B8DD31A3B8303E03A8D3B89D1
:10CEE000D31A3B833A8B7B8B9A4213D90123FB7471
:10CEF0007B8B3B823B8B7B833B8A3B837B893B8267
:10CF00003B897B813B8A3B81FB883B823B8DFB805D
:10CF10003B8A3B857A89FB889A420BD97B893B8285
:10CF2000FB887B813B8AFB803B893B823B8D3B813D
:10CF30003B8A3B857B8B5B089BB2FB823A8D3B89AE
:10CF40009A4202D90123BB8202E04FF6FF73BB82F3
:10CF50003B89BB83FB884FF6FF72934202D1FB886B
:10CF6000013BFB807B89FB8324E0FB7C002B06D10B
:10CF7000BA8BFB8B1946F868FFF7E3FE05E0FA8BE6
:10CF8000BB8B1946F868FFF7DCFEFA8A3B8BD31A95
:10CF90009BB2FB82B7F91630002B08DABA8ABB8B3A
:10CFA0001344BB83FA8A7B8B13449BB2FB82FB8BBB
:10CFB0000133FB83FA8BFB889A42D6D900BF00BFAE
:10CFC0002037BD4680BD80B489B000AFF860084608
:10CFD00011461A4603467B810B463B811346FB8074
:10CFE0003B89FB76FB7E03F00703FB7601233B7650
:10CFF0003A7EFB7E02FA03F33B760023BB760023E6
:10D000007B76FB6893F89230012B01D83B7EBB7690
:10D01000FB6893F89230012B01D03B7E7B763B89F5
:10D02000FB82FB8A23F00703FB82FB681B681B7CE7
:10D030001A46FB8A13FB02F3FB82FB685B6BFB6106
:10D04000FB8AFA691344FB617B89FA691344FB612B
:10D0500097F82830002B17D1FB691A78BB7E134351
:10D06000DAB2FB691A70FB691A787B7E5340DAB238
:10D07000FB691A70FB690133FB61FB88013BFB8094
:10D08000FB88002BE8D138E0FB691A78BB7E13439C
:10D09000DAB2FB691A70FB691A787B7E5340DAB208
:10D0A000FB691A70FB7E0133FB76FB7E03F00703FE
:10D0B000FB76FB88013BFB80FB7E002B14D1FB68D9
:10D0C0005B8F1A46FB691344FB61FB6893F892304F
:10D0D000012B01D80123BB76FB6893F89230012B1A
:10D0E00008D001237B7605E0BB7E5B00BB767B7EB0
:10D0F0005B007B76FB88002BC6D100BF2437BD4682
:10D100005DF8047B704780B582B000AF78607B68C3
:10D110000022A3F850207B680022A3F854207B68EB
:10D120004FF6FF72A3F852207B684FF6FF72A3F808
:10D1300056207B681B6B5B687868984700BF083790
:10D14000BD4680BD80B584B000AFF860B9603B607B
:10D150001346FB71FB6800229A65FB683A68DA6245
:10D16000FB68BA685A63FB68FA7983F83820FB6871
:10D17000002283F83920FB68002283F86D20FB68C9
:10D18000002283F89120FB68002283F88D20FB6841
:10D19000012283F89220FB68012283F89320FB6828
:10D1A000BA691A63FB681B6B1B68F8689847F868D4
:10D1B000FFF7A9FFF868FFF70FFCFB68002283F870
:10D1C000702000BF1037BD4680BD80B485B000AF71
:10D1D00078607B681B68BB607B6893F83830FB81A4
:10D1E000FB89DB00FB817B68FA899A87BB681B7C23
:10D1F000FB81FB89DB00FB817B68FA895A877B68AE
:10D2000093F83930FB81FB89DB00FB817B68FA896D
:10D21000DA877B6893F83830FB81FB897A6892F86B
:10D2200039201344BA68527C934207DDBB685B7CAB
:10D230001A467B6893F83930D31AFB81FB89DB00EF
:10D24000FB817B68DA8F7B68A3F840207B68B3F8AA
:10D2500040207B68A3F842207B68B3F84220FB891A
:10D2600013449AB27B68A3F84220BB689A8A7B6811
:10D27000A3F84420BB68DA8A7B68A3F8462000BF85
:10D280001437BD465DF8047B704780B584B002AFAB
:10D2900078607B68B3F850107B68B3F854207B68E3
:10D2A000B3F852007B68B3F85630009303467868B1
:10D2B000FFF7C4FD0346002B04D17B68002283F8EE
:10D2C0008C203BE07B68012283F88C207B68B3F8DC
:10D2D00048207B68B3F850309A4205D27B68B3F897
:10D2E00050207B68A3F848207B68B3F84A207B680D
:10D2F000B3F852309A4205D97B68B3F852207B6864
:10D30000A3F84A207B68B3F84C207B68B3F854300C
:10D310009A4205D27B68B3F854207B68A3F84C206E
:10D320007B68B3F84E207B68B3F856309A4205D933
:10D330007B68B3F856207B68A3F84E2000BF0837FF
:10D34000BD4680BD80B582B000AF78607868FFF7D9
:10D350003CFF00BF0837BD4680BD80B582B000AF3E
:10D3600078607B680022A3F848207B68B3F84420EB
:10D370007B68A3F84A207B68B3F840207B68A3F859
:10D380004C207B68B3F842207B68A3F84E20786875
:10D39000FFF77BFF00BF0837BD4680BD80B586B074
:10D3A00002AFF860084611461A4603467B810B46D9
:10D3B0003B811346FB80F8883A8979893B7E00934C
:10D3C0000346F868FFF7F8FB00BF1037BD4680BD85
:10D3D00080B483B000AF78607B68002283F8262099
:10D3E00000BF0C37BD465DF8047B704780B483B046
:10D3F00000AF78600B46FB70FB78002B02D0FB7807
:10D400000A2B02D14FF6FF7301E0FB789BB218465E
:10D410000C37BD465DF8047B704790B583B000AF14
:10D4200078600B46FB707B681C69FA78002320212A
:10D430007868A047034618460C37BD4690BD90B5A6
:10D4400085B000AFF8600B467A60FB72FB681C6920
:10D45000FA7A7B681721F868A04703461846143704
:10D46000BD4690BD80B582B000AF78600B46FB70C2
:10D47000FB1C1A4601217868FFF7E1FF03461846B6
:10D480000837BD4680BD90B583B000AF78600B46CD
:10D49000FB707B68DC68FA78002315217868A04768
:10D4A000034618460C37BD4690BD90B583B000AF1B
:10D4B00078600B46FB707B68DC68FA7800231621E5
:10D4C0007868A047034618460C37BD4690BD90B516
:10D4D00085B000AFF8600B467A60FB72FB68DC68D1
:10D4E000FA7A7B681721F868A04703461846143774
:10D4F000BD4690BD90B583B000AF78607B68DC68B6
:10D500000023002218217868A047034618460C37EC
:10D51000BD4690BD90B583B000AF78607B68DC6895
:10D520000023002219217868A047034618460C37CB
:10D53000BD4690BD90B585B000AF786039603B685E
:10D540001B78FB733B6801333B60FB7BFE2B31D0C8
:10D55000FE2B3DDC192B3BDC182B23DA162B02DCCF
:10D56000152B03DA34E0172B0ED031E03B681B7823
:10D57000BB737B68DC68BA7BF97B00237868A047C3
:10D580003B6801333B6022E03B681B78BB7307F1CB
:10D590000E031A4601217868FFF799FF3B680133B3
:10D5A0003B6014E07B68DC68F97B0023002278682C
:10D5B000A0470CE03B681B78BB73BB7B1A46292154
:10D5C000786800F0D4FA3B6801333B6000BFB6E7EF
:10D5D00000BF1437BD4690BD90B585B000AFF86070
:10D5E0007B600B46FB721346BB72FB7A143B052B28
:10D5F0002FD801A252F823F041D6030811D6030810
:10D6000025D6030839D6030841D6030841D60308B6
:10D610000021F868FFF701FFBB7A1946F868FFF7A9
:10D6200021FF18E00121F868FFF7F7FEBB7A1946E1
:10D63000F868FFF717FF0EE00121F868FFF7EDFE2D
:10D64000FB681C69BA7AF97A7B68F868A0470346D8
:10D6500002E0002300E0012318461437BD4690BDC8
:10D6600080B485B000AF78603960724BBB603B68B6
:10D670001B78002B32D13B6801331B78002B2DD156
:10D680003B6802331B78002B28D13B6803331B789F
:10D69000002B23D13B6804331B78002B1ED13B6841
:10D6A00005331B78002B19D13B6806331B78002B00
:10D6B00014D13B6807331B78002B0FD10023BB73B9
:10D6C00007E0BB685A1CBA6000221A70BB7B0133AA
:10D6D000BB73BB7B1F2BF4D9564BA4E00123FB7318
:10D6E0000023BB739AE0BB6800221A70BB68013349
:10D6F00000221A70BB68023300221A70BB68033321
:10D7000000221A703B681A78FB7B1340DBB2002BB7
:10D7100008D0BB6801331A78BB68013342F00F02AE
:10D72000D2B21A703B6801331A78FB7B1340DBB22C
:10D73000002B08D0BB6801331A78BB68013362F054
:10D740000F02D2B21A703B6802331A78FB7B134087
:10D75000DBB2002B06D0BB681B7843F00F03DAB2B4
:10D76000BB681A703B6803331A78FB7B1340DBB24B
:10D77000002B06D0BB681B7863F00F03DAB2BB68DE
:10D780001A703B6804331A78FB7B1340DBB2002B22
:10D7900008D0BB6803331A78BB68033342F00F022A
:10D7A000D2B21A703B6805331A78FB7B1340DBB2A8
:10D7B000002B08D0BB6803331A78BB68033362F0D0
:10D7C0000F02D2B21A703B6806331A78FB7B134003
:10D7D000DBB2002B08D0BB6802331A78BB68023377
:10D7E00042F00F02D2B21A703B6807331A78FB7B03
:10D7F0001340DBB2002B08D0BB6802331A78BB6839
:10D80000023362F00F02D2B21A70FB7B5B00FB7333
:10D81000BB680433BB60BB7B0133BB73BB7B072B93
:10D820007FF661AF034B18461437BD465DF8047BA5
:10D83000704700BFCCC7042480B588B000AFF86043
:10D840007B600B46FB721346BB72FB7A0F2B24D016
:10D850000F2B00F381800B2B02D00E2B0DD07BE021
:10D86000BB7A002B04D14049F868FFF763FE75E0EE
:10D870003E49F868FFF75EFE70E0F868FFF73AFE91
:10D88000C121F868FFF7FFFDBB7A1946F868FFF77A
:10D890000CFEF868FFF73EFE60E0F868FFF72AFE2E
:10D8A0007B685B79FB77FB7F5B00FB77FB6893F81A
:10D8B0002220FB7F1344FB777B689B79FB75FB7D04
:10D8C000DB00FB757521F868FFF7DDFDFB7D194670
:10D8D000F868FFF7EAFDFB7D0733DBB21946F8680D
:10D8E000FFF7E3FD7B681B79BB777B681B68BB6137
:10D8F0001521F868FFF7C7FDFB7F1946F868FFF7A9
:10D90000D4FDFB7F0133DBB21946F868FFF7CDFD8C
:10D910005C21F868FFF7B7FDB969F868FFF7A0FE6A
:10D9200003461A462021F868FFF7D1FDBB6908338A
:10D93000BB61FB7F0233FB77BB7F013BBB77BB7FC8
:10D94000002BD5D1BB7A013BBB72BB7A002BC9D16E
:10D95000F868FFF7DFFD01E0002300E0012318462F
:10D960002037BD4680BD00BF882A0508902A0508DB
:10D9700080B584B000AFF8607B600B46FB72134645
:10D98000BB72FB7A0D2B13D00D2B2ADC092B02D096
:10D990000A2B05D025E01949F86800F037F828E08F
:10D9A000F86800F047F81649F868FFF7C3FD20E073
:10D9B000BB7A002B0AD11349F868FFF7BBFDFB685F
:10D9C0001B689A7CFB6883F8222012E00E49F868F5
:10D9D000FFF7B0FDFB681B68DA7CFB6883F8222048
:10D9E00007E0BA7AF97A7B68F868FFF725FF034603
:10D9F00000E0012318461037BD4680BDB82A05084F
:10DA0000D02A0508982A0508A82A050880B483B0FA
:10DA100000AF786039607B683A681A607B681B6881
:10DA20009A7C7B6883F8222000BF0C37BD465DF8E6
:10DA3000047B704790B583B000AF78607B685C6909
:10DA40000023002228217868A0477B68DC68002337
:10DA5000002214217868A04701224B21786800F049
:10DA600086F87B681B681B791A462921786800F0C4
:10DA70007EF800224B21786800F079F87B681B68FB
:10DA80001B791A462921786800F071F801224B2190
:10DA9000786800F06CF87B681B685B791A4629216E
:10DAA000786800F064F800BF0C37BD4690BD90B5B3
:10DAB00085B000AF7860084611461A460346FB70F1
:10DAC0000B46BB7013467B70FB787B73BB78BB73D4
:10DAD0007B783B733B6ABB607B689C6807F10803FB
:10DAE00001220F217868A047034618461437BD4627
:10DAF00090BD90B583B000AF78607B689C680023D0
:10DB0000002209217868A04700BF0C37BD4690BDB0
:10DB100090B583B000AF78607B689C6800230022DA
:10DB20000A217868A04700BF0C37BD4690BD90B56C
:10DB300083B000AF78600B46FB707B689C68FA7816
:10DB400000230B217868A04700BF0C37BD4690BD6D
:10DB500090B583B000AF78607B689C68002300229A
:10DB600010217868A04700BF0C37BD4690BD90B526
:10DB700083B000AF78600B46FB701346BB707B68C8
:10DB80005C69BA78F97800237868A04700BF0C3741
:10DB9000BD4690BD80B485B000AFF8607B600B4699
:10DBA000FB721346BB72002318461437BD465DF85E
:10DBB000047B704780B483B000AF78607B6800223C
:10DBC0001A607B68114A9A607B68104ADA607B6849
:10DBD0000E4A1A617B680D4A5A617B68002283F8FD
:10DBE00023207B68002283F826207B6800229A612C
:10DBF0007B68FF2283F824207B68FF2283F828209B
:10DC000000BF0C37BD465DF8047B704795DB030809
:10DC100080B584B000AFF860B9607A603B60F868A6
:10DC2000FFF7C8FFFB68BA689A60FB687A68DA6039
:10DC3000FB683A681A61FB68BA695A61F868FFF7CD
:10DC400058FF00BF1037BD4680BD80B582B000AF21
:10DC500078607868D6F756FD034618460837BD4603
:10DC600080BD80B582B000AF78607868D6F718FEC6
:10DC700000BF0837BD4680BD80B582B000AF064BFF
:10DC80003B60064B7B603B46184600F0A5F800BFA2
:10DC90000837BD4680BD00BF4BDC030863DC0308CA
:10DCA00080B582B000AF78607B68002B02D07868C6
:10DCB000FFF7D7FF00BF0837BD4680BD80B485B0F1
:10DCC00000AF786039607B68002B07D17A683B68C9
:10DCD0009A4214BF01230023DBB255E03B68002BBE
:10DCE0000DD1012350E07B681B78002B01D100236C
:10DCF0004AE07B6801337B603B6801333B607B68B3
:10DD00001B78FB73FB7B0133224A13441B7803F01F
:10DD10000303012B03D1FB7B03F1200200E0FA7B1C
:10DD20003B681B78BB73BB7B01331A490B441B78E0
:10DD300003F00303012B02D1BB7B203300E0BB7B4C
:10DD40009A42D0D07B681B787B737B7B0133114A6E
:10DD500013441B7803F00303012B03D17B7B03F1F6
:10DD6000200200E07A7B3B681B783B733B7B0133EE
:10DD700008490B441B7803F00303012B02D13B7BC2
:10DD8000203300E03B7BD31A18461437BD465DF8BC
:10DD9000047B70472148050880B584B000AF7860E7
:10DDA0007868C2F785FE03460133FB60094B1B68A8
:10DDB000F8689847B860BB68002B01D1002305E0E4
:10DDC000FA687968B86805F01AFBBB68184610371E
:10DDD000BD4680BD6C03002480B483B000AF786082
:10DDE0007B68002B06D1104B104A1A60104B114A69
:10DDF0001A6013E07B681B68002B02D07B681B68ED
:10DE000000E00A4B084A13607B685B68002B02D075
:10DE10007B685B6800E0074B054A13600C37BD4622
:10DE20005DF8047B704700BF6C030024791304087D
:10DE3000700300248913040880B582B000AF094B39
:10DE40001B682820984778607B68002B04D0282224
:10DE50000021786804F029FB7B6818460837BD4626
:10DE600080BD00BF6C03002480B584B000AF786033
:10DE700037E07B681B68FB607B68DB6803F48073BA
:10DE8000002B08D17B689B68002B04D07B689B68C3
:10DE90001846FFF7E9FF7B68DB6803F48073002B0B
:10DEA00009D17B681B69002B05D0124B1B687A686F
:10DEB0001269104698477B68DB6803F40073002BF7
:10DEC00009D17B681B6A002B05D00A4B1B687A6856
:10DED000126A10469847074B1B6878689847FB689A
:10DEE0007B607B68002BC4D100BF00BF1037BD46EC
:10DEF00080BD00BF7003002480B52DED028B8AB079
:10DF000000AF786039604FF000024FF00003C7E9BE
:10DF100008234FF000026F4BC7E906234FF00002C1
:10DF20004FF00003C7E904230023FB600123BB601B
:10DF30003B681B782D2B07D14FF00002664BC7E9D9
:10DF400006233B6801333B603B681B78302B02D1D2
:10DF50003B6801333B603B681B78302B1ED93B6824
:10DF60001B78392B1AD897ED087BB2EE046B27EE9D
:10DF7000066B3B685A1C3A601B78303B07EE903AC0
:10DF8000B8EEE77B36EE077B87ED087B3B681B78B6
:10DF90002F2B03D93B681B78392BE4D93B681B78BE
:10DFA0002E2B2FD13B6801331B782F2B2AD93B68AE
:10DFB00001331B78392B25D83B6801333B6097ED43
:10DFC000087BB2EE046B27EE066B3B685A1C3A6086
:10DFD0001B78303B07EE903AB8EEE77B36EE077BD6
:10DFE00087ED087B97ED047BB7EE006B37EE467B41
:10DFF00087ED047B3B681B782F2B03D93B681B788C
:10E00000392BDCD93B681B78652B03D03B681B7828
:10E01000452B2AD13B6801333B603B681B782B2B97
:10E0200003D13B6801333B6017E03B681B782D2B25
:10E0300013D14FF0FF33BB603B6801333B600CE012
:10E04000FA6813469B0013445B0019463B685A1C50
:10E050003A601B78303B0B44FB603B681B782F2BEE
:10E0600003D93B681B78392BEAD997ED066B97EDFE
:10E07000087B26EE078BFB68BA6802FB03F307EE0A
:10E08000903AB8EEE76B97ED047B36EE077BB0EE87
:10E09000471BB2EE040B01F02BFFB0EE407B28EEE5
:10E0A000077B87ED087B7968D7E90823C1E9062358
:10E0B00097ED087BFDEEC77B17EE902A7B685A61CF
:10E0C0007B680322DA603B6818462837BD46BDEC02
:10E0D000028B80BD0000F03F0000F0BF80B483B031
:10E0E00000AF78607B68013B7B607B685B107A687F
:10E0F00013437B607B689B107A6813437B607B686B
:10E100001B117A6813437B607B681B127A68134388
:10E110007B607B681B147A6813437B607B680133E8
:10E1200018460C37BD465DF8047B704780B584B057
:10E1300000AF786039607B68002B03D07B681B6878
:10E14000002B01D1002346E07B689B683A681344AA
:10E150003B607B685B683A689A4205DC7B681B68B9
:10E160007A689268134436E03868FFF7B7FFF860C2
:10E170001B4B1B68FA6810469847B860BB68002BB9
:10E180000DD1184B1B687A681268104698477B6857
:10E1900000225A607B6800221A6000231BE0BB68E3
:10E1A000002B07D07B6819687B685B681A46B868E3
:10E1B00005F025F90B4B1B687A68126810469847E2
:10E1C0007B68FA685A607B68BA681A607B689B68EB
:10E1D0001A46BB68134418461037BD4680BD00BFC1
:10E1E0006C0300247003002490B585B000AF786004
:10E1F0007B68002B03D07B681B68002B01D10023B8
:10E200000DE07B681B687A6892681344FB607B684A
:10E210009B681C46F868C2F74BFC0346234418462B
:10E220001437BD4690BD000080B586B000AF786061
:10E23000396000237B617B68D3E90623C7E90223A9
:10E2400097ED027BB5EE407BF1EE10FA18D13B68FA
:10E25000002B05D002213868FFF768FF786104E0E1
:10E26000614B1B680220984778617B69002B00F0A6
:10E270009E807B695D491A460B461B88138096E099
:10E280007B685B6907EE903AB8EEE76B97ED027B2F
:10E2900036EE477BB0EEC77B9FED476BB4EEC67B97
:10E2A000F1EE10FA2AD897ED027B9FED456BB4EEA4
:10E2B000C67BF1EE10FA21D897ED027B9FED426B01
:10E2C000B4EEC67BF1EE10FA18DB3B68002B05D0EC
:10E2D00015213868FFF72AFF786104E0424B1B687C
:10E2E0001520984778617B69002B60D07B685B695B
:10E2F0001A463F49786903F079FF58E03B68002BE4
:10E3000005D040213868FFF711FF786104E0364BF3
:10E310001B684020984778617B69002B47D097EDB8
:10E32000020B02F0D1F8B0EE406B97ED027B36EEB7
:10E33000477BB0EEC77B9FED206BB4EEC67BF1EE62
:10E3400010FA11D897ED027BB0EEC77B9FED206BE2
:10E35000B4EEC67BF1EE10FA06D5D7E902232549C3
:10E36000786903F043FF22E097ED027BB0EEC77BB4
:10E370009FED196BB4EEC67BF1EE10FA0AD497ED5F
:10E38000027BB0EEC77B9FED166BB4EEC67BF1EE61
:10E3900010FA06DDD7E902231749786903F026FF52
:10E3A00005E0D7E902231549786903F01FFF7B696F
:10E3B00018461837BD4680BD000000000000B03C84
:10E3C0000000C0FFFFFFDF41000000000000E0C1CF
:10E3D00044F3C2E4E4E9634C8DEDB5A0F7C6B03E6A
:10E3E0000000000065CDCD416C03002428DF040847
:10E3F0002CDF040830DF040838DF04083CDF0408A1
:10E4000080B485B000AF78600023FB607B681B7828
:10E410002F2B0BD97B681B78392B07D87B681B788F
:10E420001A46FB681344303BFB6021E07B681B7895
:10E43000402B0BD97B681B78462B07D87B681B7851
:10E440001A46FB681344373BFB6011E07B681B787E
:10E45000602B0BD97B681B78662B07D87B681B78F1
:10E460001A46FB681344573BFB6001E00023A8E019
:10E47000FB681B01FB607B6801337B607B681B785A
:10E480002F2B0BD97B681B78392B07D87B681B781F
:10E490001A46FB681344303BFB6021E07B681B7825
:10E4A000402B0BD97B681B78462B07D87B681B78E1
:10E4B0001A46FB681344373BFB6011E07B681B780E
:10E4C000602B0BD97B681B78662B07D87B681B7881
:10E4D0001A46FB681344573BFB6001E0002370E0E1
:10E4E000FB681B01FB607B6801337B607B681B78EA
:10E4F0002F2B0BD97B681B78392B07D87B681B78AF
:10E500001A46FB681344303BFB6021E07B681B78B4
:10E51000402B0BD97B681B78462B07D87B681B7870
:10E520001A46FB681344373BFB6011E07B681B789D
:10E53000602B0BD97B681B78662B07D87B681B7810
:10E540001A46FB681344573BFB6001E0002338E0A8
:10E55000FB681B01FB607B6801337B607B681B7879
:10E560002F2B0BD97B681B78392B07D87B681B783E
:10E570001A46FB681344303BFB6021E07B681B7844
:10E58000402B0BD97B681B78462B07D87B681B7800
:10E590001A46FB681344373BFB6011E07B681B782D
:10E5A000602B0BD97B681B78662B07D87B681B78A0
:10E5B0001A46FB681344573BFB6001E0002300E070
:10E5C000FB6818461437BD465DF8047B70470000B1
:10E5D00080B588B000AF786039603B680133FB617B
:10E5E00000237B613B681B78222B0DD09F4A3B6840
:10E5F0001360002366E1FB695A1CFA611B785C2BEF
:10E6000002D1FB690133FB61FB691B78222B09D026
:10E61000FB691B78002B05D07B6901337B617B692B
:10E62000002BE8D1924B1B687A690132104698475B
:10E63000F860FB68002B01D1002343E13B68013304
:10E64000FB61FB68BB6123E1FB691B785C2B08D095
:10E65000FA69531CFB61BB69591CB96112781A70C5
:10E6600016E1FB690133FB61FB691B78623B132BED
:10E6700000F2048101A252F823F000BFCDE60308A6
:10E680007DE803087DE803087DE80308D9E6030870
:10E690007DE803087DE803087DE803087DE80308BA
:10E6A0007DE803087DE803087DE80308E5E6030844
:10E6B0007DE803087DE803087DE80308F1E6030828
:10E6C0007DE80308FDE6030809E70308BB695A1C57
:10E6D000BA6108221A70D8E0BB695A1CBA610C22D0
:10E6E0001A70D2E0BB695A1CBA610A221A70CCE0D7
:10E6F000BB695A1CBA610D221A70C6E0BB695A1C6C
:10E70000BA6109221A70C0E0FB6901331846FFF7AD
:10E7100077FE3861FB690433FB613B69B3F55C4FFD
:10E7200004D33B69B3F5604FC0F0AF803B69002B69
:10E7300000F0AB803B69B3F5584F2DD33B69B3F57F
:10E740005C4F29D2FB6901331B785C2B40F09D8024
:10E75000FB6902331B78752B40F09780FB6903330C
:10E760001846FFF74DFEB860FB690633FB61BB68D6
:10E77000B3F55C4FC0F08980BB68B3F5604F80F0A3
:10E7800084803B699A023B4B1340BA68C2F309028A
:10E79000134303F580333B6104237B613B697F2B8B
:10E7A00002D801237B610CE03B69B3F5006F02D214
:10E7B00002237B6105E03B69B3F5803F01D203236F
:10E7C0007B617B69BA691344BB617B69013B032BA5
:10E7D00047D801A252F823F049E8030829E80308C2
:10E7E00009E80308E9E703083B69DBB203F03F03EC
:10E7F000DBB2BA69013ABA6163F07F03DAB2BB698E
:10E800001A703B699B093B613B69DBB203F03F0334
:10E81000DBB2BA69013ABA6163F07F03DAB2BB696D
:10E820001A703B699B093B613B69DBB203F03F0314
:10E83000DBB2BA69013ABA6163F07F03DAB2BB694D
:10E840001A703B699B093B610B4A7B6913441A7838
:10E850003B69DBB2B9690139B9611343DAB2BB690B
:10E860001A707B69BA691344BB610EE0ECC70424DB
:10E870006C03002400FC0F00002B0508BB695A1C28
:10E88000BA61FA6912781A7000BFFB690133FB6143
:10E89000FB691B78222B04D0FB691B78002B7FF4CB
:10E8A000D3AEBB6900221A70FB691B78222B02D100
:10E8B000FB690133FB617B68FA681A617B6804229B
:10E8C000DA60FB6918462037BD4680BD80B588B048
:10E8D00000AF7860396000233B610023FB607B68F8
:10E8E000FB6118E0FB691B78002B03D0FB691B78E8
:10E8F0001F2B07D9FB691B78222B03D0FB691B78E0
:10E900005C2B01D1012300E00023FA681343FB6074
:10E91000FB690133FB61FB691B78002BE2D1FB68CB
:10E92000002B32D1FA697B68D31A3B613B68002B1C
:10E9300007D03B69033319463868FFF7F7FB786166
:10E9400006E0984B1B683A69033210469847786195
:10E950007B69002B01D1002320E17B69BB61BB698E
:10E960005A1CBA6122221A707968B86904F03FFD16
:10E970003B69BA69134422221A703B690133BA69B0
:10E98000134400221A707B6908E17B68002B1AD1BE
:10E990003B68002B05D003213868FFF7C7FB78617F
:10E9A00004E0804B1B680320984778617B69002B4B
:10E9B00001D10023F2E07B697B4A118892781980AB
:10E9C0009A707B69EAE07B68FB6114E0FB7A194688
:10E9D000764803F072FD0346002B03D03B690133F8
:10E9E0003B6105E0FB7A1F2B02D83B6905333B6195
:10E9F000FB690133FB61FB691B78FB72FB7A002B1F
:10EA000005D03B6901333B613B69002BDED13B689C
:10EA1000002B07D03B69033319463868FFF786FBA4
:10EA2000786106E05F4B1B683A69033210469847ED
:10EA300078617B69002B01D10023AFE07B69BB616A
:10EA40007B68FB61BB695A1CBA6122221A7095E08F
:10EA5000FB691B781F2B10D9FB691B78222B0CD06C
:10EA6000FB691B785C2B08D0FA69531CFB61BB69FE
:10EA7000591CB96112781A7080E0BB695A1CBA61DE
:10EA80005C221A70FB695A1CFA611B78FB72FB7AD4
:10EA9000222B3DDC082B67DB083B1A2B64D801A234
:10EAA00052F823F02DEB03085DEB030845EB030858
:10EAB00069EB030839EB030851EB030869EB030822
:10EAC00069EB030869EB030869EB030869EB0308CA
:10EAD00069EB030869EB030869EB030869EB0308BA
:10EAE00069EB030869EB030869EB030869EB0308AA
:10EAF00069EB030869EB030869EB030869EB03089A
:10EB000069EB030869EB030869EB030821EB0308D1
:10EB10005C2B29D1BB695A1CBA615C221A702DE0AA
:10EB2000BB695A1CBA6122221A7027E0BB695A1CC1
:10EB3000BA6162221A7021E0BB695A1CBA6166226E
:10EB40001A701BE0BB695A1CBA616E221A7015E07C
:10EB5000BB695A1CBA6172221A700FE0BB695A1C59
:10EB6000BA6174221A7009E0FB7A1A461049B86932
:10EB700003F03CFBBB690533BB6100BFFB691B783D
:10EB8000002B7FF465AFBB695A1CBA6122221A7050
:10EB9000BB695A1CBA6100221A707B69184620377B
:10EBA000BD4680BD6C03002440DF040844DF040838
:10EBB0004CDF040880B582B000AF786039607B68B4
:10EBC0001B6939681846FFF781FE03461846083767
:10EBD000BD4680BD80B483B000AF786002E07B6842
:10EBE00001337B607B68002B07D07B681B78002B90
:10EBF00003D07B681B78202BF1D97B6818460C3733
:10EC0000BD465DF8047B704780B586B000AFF86004
:10EC1000B9607A6000237B61FFF70EF938611B4B06
:10EC200000221A603B69002B01D100232AE0F8681A
:10EC3000FFF7D0FF03461946386900F047F87861BE
:10EC40007B69002B04D13869FFF70EF9002319E026
:10EC50007B68002B0FD07869FFF7BCFF78617B6978
:10EC60001B78002B07D03869FFF7FEF8074A7B694D
:10EC70001360002306E0BB68002B02D0BB687A69F2
:10EC80001A603B6918461837BD4680BDECC704249E
:10EC900080B582B000AF7860002200217868FFF76D
:10ECA000B3FF034618460837BD4680BD80B582B025
:10ECB00000AF7860002300220021786800F07EF821
:10ECC000034618460837BD4680BD000080B582B0B7
:10ECD00000AF786039603B68002B01D1002360E011
:10ECE00004223249386803F0F5FB0346002B05D1B6
:10ECF0007B680222DA603B68043352E005222C492B
:10ED0000386803F0E7FB0346002B05D17B6800223F
:10ED1000DA603B68053344E004222649386803F092
:10ED2000D9FB0346002B08D17B680122DA607B689F
:10ED300001225A613B68043333E03B681B78222B85
:10ED400005D139687868FFF743FC034629E03B6842
:10ED50001B782D2B07D03B681B782F2B09D93B68DC
:10ED60001B78392B05D839687868FFF7C5F8034652
:10ED700017E03B681B785B2B05D13968786800F099
:10ED8000E1F803460DE03B681B787B2B05D1396821
:10ED9000786800F0DBFA034603E0074A3B6813603B
:10EDA000002318460837BD4680BD00BF54DF040865
:10EDB0005CDF040864DF0408ECC7042480B586B077
:10EDC00000AFF860B9607A603B6000237B61FB684C
:10EDD000002B01D10023AAE03B68002B60D0FB6828
:10EDE000DB68DBB2062B00F2A18001A252F823F00F
:10EDF0002DEE03084BEE03080DEE030869EE030841
:10EE000075EE030881EE030891EE030805213868CA
:10EE1000FFF78CF978617B69002B00F082807B69B9
:10EE2000454A1068186012791A717AE0062138682C
:10EE3000FFF77CF978617B69002B74D07B693F4ACE
:10EE40001068186092889A806DE005213868FFF795
:10EE50006DF978617B69002B67D07B69384A10684F
:10EE6000186012791A7160E03968F868FFF7DCF908
:10EE700078615BE03968F868FFF79CFE786155E0DF
:10EE80003B687A68B968F86800F0D2F878614DE0BC
:10EE90003B687A68B968F86800F016FB786145E06D
:10EEA000FB68DB68DBB2062B40D801A252F823F0E6
:10EEB000D7EE0308E1EE0308CDEE0308EBEE0308FE
:10EEC000F7EE030803EF030813EF03081A48FEF7F1
:10EED00063FF78612AE01948FEF75EFF786125E05C
:10EEE0001748FEF759FF786120E00021F868FFF726
:10EEF0009BF978611AE00021F868FFF75BFE786102
:10EF000014E000237A68B968F86800F091F8786135
:10EF10000CE000237A68B968F86800F0D5FA7861E7
:10EF200004E000BF02E000BF00E000BF7B691846BC
:10EF30001837BD4680BD00BF54DF04085CDF0408FD
:10EF400064DF040880B584B000AF786039603B6846
:10EF50001B785B2B04D0354A3B681360002360E0CC
:10EF60007B680522DA603B6801331846FFF732FE02
:10EF700038603B681B785D2B02D13B68013350E061
:10EF8000FEF75AFFF8607B68FA689A607B689B68B6
:10EF9000002B01D1002344E03868FFF71BFE034635
:10EFA0001946F868FFF792FE03461846FFF712FE6F
:10EFB00038603B68002B25D1002332E0FEF73CFF90
:10EFC000B860BB68002B01D100232AE0FB68BA6857
:10EFD0001A60BB68FA685A60BB68FB603B68013323
:10EFE0001846FFF7F7FD03461946F868FFF76EFE6F
:10EFF00003461846FFF7EEFD38603B68002B01D151
:10F0000000230EE03B681B782C2BD7D03B681B7885
:10F010005D2B02D13B68013303E0044A3B68136077
:10F02000002318461037BD4680BD00BFECC704243E
:10F0300080B58EB000AFF860B9607A603B600023A5
:10F040007B630523FB62FB689B68BB6200237B62DA
:10F0500000233B620023FB610023BB6105E07B6A68
:10F0600001337B62BB6A1B68BB62BB6A002BF6D1B3
:10F070007B6A002B18D13B68002B05D00321386830
:10F08000FFF754F8786304E0844B1B68032098472B
:10F0900078637B6B002B05D07B6B814A118892785B
:10F0A00019809A707B6B4AE13B68002B73D03B68F8
:10F0B0009B683B6201213868FFF738F838633B6B87
:10F0C000002B01D100233AE13B6B5B221A703B68B5
:10F0D0009B685A1C3B689A60FB689B68BB623CE07B
:10F0E000BB68591C3B687A68B86AFFF767FE3868E6
:10F0F000FFF77AF802463B689A60BB6A1B68002BF0
:10F1000028D07B68002B01D0022300E00123FB62A2
:10F11000FB6A013319463868FFF708F838633B6B20
:10F12000002B01D100230AE13B6B5A1C3A632C22CD
:10F130001A707B68002B04D03B6B5A1C3A63202268
:10F140001A703B6B00221A703B689A68FB6A1A447B
:10F150003B689A60BB6A1B68BB62BB6A002B02D02B
:10F16000FB69002BBCD002213868FEF7DFFF386353
:10F170003B6B002B01D10023E1E03B6B5A1C3A634F
:10F180005D221A703B6B00221A703B681A683B6A5A
:10F1900013447B63D2E0414B1B687A6A92001046AD
:10F1A000984778617B69002B01D10023C7E07B6A17
:10F1B0009B001A460021786903F077F9FB689B6889
:10F1C000BB6227E0BB68591C00237A68B86AFFF766
:10F1D000F5FD38613B6A5A1C3A629B007A69134418
:10F1E0003A691A603B69002B0FD03869C1F760FC9F
:10F1F00002467B68002B01D0012300E000231A4463
:10F20000FB6A13440233FB6201E00123FB61BB6A2A
:10F210001B68BB62BB6A002B02D0FB69002BD1D0FC
:10F22000FB69002B05D11D4B1B68FA6A10469847F5
:10F2300078637B6B002B01D10123FB61FB69002B01
:10F240001FD000233B6212E03B6A9B007A691344A3
:10F250001B68002B08D0134B1B683A6A920079692F
:10F260000A441268104698473B6A01333B623A6A87
:10F270007B6A9A42E8DB0B4B1B687869984700234E
:10F280005DE07B6B5B221A707B6B01333B633B6BF6
:10F2900000221A7000233B623EE000BF6C03002492
:10F2A0006CDF0408700300243B6A9B007A691344F6
:10F2B0001B681846C1F7FCFBB8613B6A9B007A6982
:10F2C00013441B68BA691946386B04F098F83A6B16
:10F2D000BB6913443B637B6A013B3A6A9A420FD095
:10F2E0003B6B5A1C3A632C221A707B68002B04D0AB
:10F2F0003B6B5A1C3A6320221A703B6B00221A7037
:10F30000114B1B683A6A920079690A4412681046E8
:10F3100098473B6A01333B623A6A7B6A9A42C3DB95
:10F32000094B1B68786998473B6B5A1C3A635D220E
:10F330001A703B6B5A1C3A6300221A707B6B18469A
:10F340003837BD4680BD00BF7003002480B584B04F
:10F3500000AF786039603B681B787B2B04D0594A3A
:10F360003B6813600023A8E07B680622DA603B68F4
:10F3700001331846FFF72EFC38603B681B787D2B65
:10F3800002D13B68013398E0FEF756FDF8607B68D8
:10F39000FA689A607B689B68002B01D100238CE09F
:10F3A0003868FFF717FC03461946F868FFF710F9AD
:10F3B00003461846FFF70EFC38603B68002B01D16E
:10F3C00000237AE0FB681A69FB681A62FB68002276
:10F3D0001A613B681B783A2B04D03A4A3B681360A9
:10F3E00000236AE03B6801331846FFF7F3FB03464E
:10F3F0001946F868FFF76AFC03461846FFF7EAFB70
:10F4000038603B68002B49D1002356E0FEF714FD1D
:10F41000B860BB68002B01D100234EE0FB68BA68DE
:10F420001A60BB68FA685A60BB68FB603B680133CE
:10F430001846FFF7CFFB03461946F868FFF7C8F8F0
:10F4400003461846FFF7C6FB38603B68002B01D126
:10F45000002332E0FB681A69FB681A62FB6800222D
:10F460001A613B681B783A2B04D0164A3B6813603C
:10F47000002322E03B6801331846FFF7ABFB03464D
:10F480001946F868FFF722FC03461846FFF7A2FB6F
:10F4900038603B68002B01D100230EE03B681B78ED
:10F4A0002C2BB3D03B681B787D2B02D13B680133FA
:10F4B00003E0044A3B681360002318461037BD463A
:10F4C00080BD00BFECC7042490B593B000AFF860D6
:10F4D000B9607A603B6000237B6200233B620023BB
:10F4E0007B640723FB630023BB63FB689B683B6370
:10F4F0000023FB620023BB620023FB6105E0FB6A83
:10F500000133FB623B6B1B683B633B6B002BF6D10B
:10F51000FB6A002B4BD13B68002B0CD07B68002B87
:10F5200002D0BB68043300E0032319463868FEF7B5
:10F53000FDFD78640BE0924B1B687A68002A02D0CC
:10F54000BA68043200E003221046984778647B6C66
:10F55000002B01D10023A4E27B6C3B643B6C5A1C62
:10F560003A647B221A707B68002B14D03B6C5A1CC7
:10F570003A640A221A700023BB6307E03B6C5A1CF2
:10F580003A6409221A70BB6B0133BB63BB68013B51
:10F59000BA6B9A42F2DB3B6C5A1C3A647D221A70B9
:10F5A0003B6C5A1C3A6400221A707B6C79E23B680F
:10F5B000002B00F002813B689B68BB637B68002BDB
:10F5C00001D0022300E00123FB63FB6B01331946EA
:10F5D0003868FEF7ABFD38643B6C002B01D100238B
:10F5E0005FE23B6C5A1C3A647B221A707B68002BEA
:10F5F00004D03B6C5A1C3A640A221A703B6C0022FD
:10F600001A703B689A68FB6B1A443B689A60FB6807
:10F610009B683B63BB680133BB6096E07B68002B53
:10F620001ED0B9683868FEF781FD38643B6C002B4A
:10F6300001D1002335E200237B6307E03B6C5A1CB9
:10F640003A6409221A707B6B01337B637A6BBB6867
:10F650009A42F3DB3B689A68BB681A443B689A603D
:10F660003B6B1B6A39681846FFF730F93868FEF7BC
:10F67000BBFD02463B689A607B68002B01D00223E9
:10F6800000E00123FB63F96B3868FEF74FFD386437
:10F690003B6C002B01D1002303E23B6C5A1C3A6403
:10F6A0003A221A707B68002B04D03B6C5A1C3A64D7
:10F6B00009221A703B689A68FB6B1A443B689A608F
:10F6C0003B687A68B968386BFFF778FB3868FEF7F3
:10F6D0008BFD02463B689A607B68002B14BF0123B8
:10F6E0000023DBB21A463B6B1B68002B14BF0123BF
:10F6F0000023DBB21344FB63FB6B0133194638680C
:10F70000FEF714FD38643B6C002B01D10023C8E1E7
:10F710003B6B1B68002B04D03B6C5A1C3A642C22B8
:10F720001A707B68002B04D03B6C5A1C3A640A2286
:10F730001A703B6C00221A703B689A68FB6B1A4483
:10F740003B689A603B6B1B683B633B6B002B7FF411
:10F7500065AF7B68002B02D0BB68013300E0022359
:10F7600019463868FEF7E2FC38643B6C002B01D187
:10F77000002396E17B68002B11D00023BB6309E0D6
:10F780006C0300243B6C5A1C3A6409221A70BB6B50
:10F790000133BB63BB68013BBA6B9A42F2DB3B6C43
:10F7A0005A1C3A647D221A703B6C00221A703B6826
:10F7B0001A68BB6B13447B6472E16B4B1B68FA6A7B
:10F7C00092001046984778627B6A002B01D1002393
:10F7D00067E1654B1B68FA6A9200104698473862E9
:10F7E0003B6A002B05D1614B1B68786A9847002360
:10F7F00057E1FB6A9B001A460021786A02F055FE29
:10F80000FB6A9B001A460021386A02F04EFEFB6834
:10F810009B683B63BB680133BB607B68002B41D0B6
:10F82000FA6BBB681344FB633CE03B6B1B6A002133
:10F830001846FFF74BF8B861BB6B9B003A6A13445C
:10F84000BA691A6000237A68B968386BFFF7B6FAAC
:10F850007861BB6B5A1CBA639B007A6A13447A695D
:10F860001A60BB69002B18D07B69002B15D0786912
:10F87000C1F71EF90446B869C1F71AF903462344D3
:10F880007A68002A02D0BA68023200E000221A44E4
:10F89000FB6B13440233FB6301E00123BB623B6B50
:10F8A0001B683B633B6B002BBFD1BB6A002B05D1B0
:10F8B0002D4B1B68FA6B1046984778647B6C002BC5
:10F8C00001D10123BB62BB6A002B33D00023BB6391
:10F8D00022E0BB6B9B003A6A13441B68002B08D0E4
:10F8E000224B1B68BA6B9200396A0A4412681046B0
:10F8F0009847BB6B9B007A6A13441B68002B08D0A7
:10F900001A4B1B68BA6B9200796A0A441268104657
:10F910009847BB6B0133BB63BA6BFB6A9A42D8DB77
:10F92000124B1B68386A9847104B1B68786A9847D7
:10F930000023B6E07B6C7B221A707B6C01333B6446
:10F940007B68002B04D03B6C5A1C3A640A221A7064
:10F950003B6C00221A700023BB6378E07B68002BAD
:10F9600012D000237B630BE06C030024700300249F
:10F970003B6C5A1C3A6409221A707B6B01337B631F
:10F980007A6BBB689A42F3DBBB6B9B003A6A134409
:10F990001B681846C1F78CF8F861BB6B9B003A6A8C
:10F9A00013441B68FA691946386C03F028FD3A6C59
:10F9B000FB6913443B643B6C5A1C3A643A221A704C
:10F9C0007B68002B04D03B6C5A1C3A6409221A70E5
:10F9D000BB6B9B007A6A13441B681946386C03F0B2
:10F9E00006FDBB6B9B007A6A13441B681846C1F77F
:10F9F0005FF802463B6C13443B64FB6A013BBA6B05
:10FA00009A4204D03B6C5A1C3A642C221A707B68D0
:10FA1000002B04D03B6C5A1C3A640A221A703B6CCF
:10FA200000221A70214B1B68BA6B9200396A0A4493
:10FA30001268104698471D4B1B68BA6B9200796A92
:10FA40000A44126810469847BB6B0133BB63BA6B1C
:10FA5000FB6A9A4282DB154B1B68386A9847134B46
:10FA60001B68786A98477B68002B0FD00023BB6324
:10FA700007E03B6C5A1C3A6409221A70BB6B0133D5
:10FA8000BB63BB68013BBA6B9A42F2DB3B6C5A1C0E
:10FA90003A647D221A703B6C5A1C3A6400221A7038
:10FAA0007B6C18464C37BD4690BD00BF70030024E8
:10FAB00080B485B000AF78607B689B68FB600023F2
:10FAC000BB6005E0BB680133BB60FB681B68FB6083
:10FAD000FB68002BF6D1BB6818461437BD465DF8AD
:10FAE000047B704780B485B000AF786039607B6874
:10FAF0009B68FB6005E03B68013B3B60FB681B6863
:10FB0000FB60FB68002B02D03B68002BF3DCFB683A
:10FB100018461437BD465DF8047B704780B584B045
:10FB200000AF786039607B689B68FB6002E0FB682F
:10FB30001B68FB60FB68002B08D0FB681B6A3968F8
:10FB40001846FEF7BBF80346002BF0D1FB681846B9
:10FB50001037BD4680BD80B483B000AF7860396097
:10FB60007B683A681A603B687A685A6000BF0C3755
:10FB7000BD465DF8047B704780B584B000AF786007
:10FB800039607B689B68FB603B68002B15D0FB6885
:10FB9000002B06D17B683A689A600FE0FB681B680F
:10FBA000FB60FB68002B03D0FB681B68002BF5D1C2
:10FBB0003968F868FFF7CFFF00E000BF1037BD4697
:10FBC00080BD000080B584B000AFF860B9607A6095
:10FBD0007B68002B14D07B681B6A002B05D00A4B76
:10FBE0001B687A68126A10469847B868FEF7D4F81E
:10FBF00002467B681A627968F868FFF7BDFF00E08B
:10FC000000BF1037BD4680BD7003002480B584B0AE
:10FC100000AF7860FEF710F9F860FB68002B08D0A1
:10FC20007B68002B14BF01230023DBB21A46FB685C
:10FC3000DA60FB6818461037BD4680BD80B584B0D9
:10FC400000AF87ED000BFEF7F7F8F860FB68002BBC
:10FC50000FD0FB680322DA60F968D7E90023C1E915
:10FC6000062397ED007BFDEEC77B17EE902AFB681D
:10FC70005A61FB6818461037BD4680BD80B584B018
:10FC800000AF7860FEF7D8F8F860FB68002B08D06A
:10FC9000FB680422DA607868FEF77EF80246FB68AB
:10FCA0001A61FB6818461037BD4680BD80B582B02A
:10FCB00000AFFEF7C1F878607B68002B02D07B684C
:10FCC0000522DA607B6818460837BD4680BD80B5DE
:10FCD00082B000AFFEF7B0F878607B68002B02D0EE
:10FCE0007B680622DA607B6818460837BD4680BD0F
:10FCF00080B586B000AF7860396000233B617B68D7
:10FD0000002B01D100236FE0FEF796F8F860FB6846
:10FD1000002B01D1002367E07B68DB6823F480724D
:10FD2000FB68DA607B685A69FB685A617B68D3E9D3
:10FD30000623F968C1E906237B681B69002B10D0F4
:10FD40007B681B691846FEF727F80246FB681A61B4
:10FD5000FB681B69002B04D1F868FEF785F80023C7
:10FD600042E07B681B6A002B10D07B681B6A184638
:10FD7000FEF712F80246FB681A62FB681B6A002B4A
:10FD800004D1F868FEF770F800232DE03B68002BE3
:10FD900001D1FB6828E07B689B687B6120E0012142
:10FDA0007869FFF7A5FFB860BB68002B04D1F8683D
:10FDB000FEF75AF8002317E03B69002B08D03B6997
:10FDC000BA681A60BB683A695A60BB683B6104E074
:10FDD000FB68BA689A60BB683B617B691B687B61A2
:10FDE0007B69002BDBD1FB6818461837BD4680BD08
:10FDF000B0EE407B17EE903A1B4A23F0004393424B
:10FE000019D91A4A934202D930EE400B704700B517
:10FE100085B0684600F0D0FC00F0030001289DED9D
:10FE2000000B9DED021B0FD0022808D088B900F00E
:10FE3000D3FB05B000BD9FED0A1B00F0CDBB00F069
:10FE4000CBFBB1EE400BF4E700F05EFCB1EE400BF3
:10FE5000EFE7012000F058FCEBE700BFAFF30080B4
:10FE60000000000000000000FB21E93FFFFFEF7FE2
:10FE7000B0EE407B17EE903A1B4A23F000439342CA
:10FE80001AD91A4A934202D930EE400B704700B596
:10FE900085B0684600F090FC00F0030001289DED5D
:10FEA000000B9DED021B12D002280AD090B9012050
:10FEB00000F02AFC05B000BD9FED091B002000F0FA
:10FEC00023BC012000F020FCB1EE400BF2E700F073
:10FED00083FBEFE700F080FBB1EE400BEAE700BFE9
:10FEE0000000000000000000FB21E93FFFFFEF7F62
:10FEF0002DE9F04F55EC104B2DED0A8B2E0D11EE28
:10FF000090CA06F1FF3E40F2FD7089B086452A4650
:10FF100021468DED001A4FEA1C5700F2C780C7F347
:10FF20000A0EAEF2BE307F2898BF002000F22F816B
:10FF3000BFEE000BD24CD34B1444C4F3463503EB55
:10FF4000451693ED006B93ED027B251596ED189BFE
:10FF500096ED162B05EE105A6FF3130496ED128BE7
:10FF600093ED0C4BB8EEC55B93ED04ABA5EE062B01
:10FF7000A5EE079B93ED08BB93ED105B93ED067B1D
:10FF800093ED0A6B93ED0E3B0E1E171B47EC1C6B9B
:10FF9000ACEE080BA0EE053BA0EE046B20EE0A5B76
:10FFA00030EE024B20EE058BA0EE0B7BA8EE036B30
:10FFB00032EE442BA8EE067B32EE002BB0EE483B2F
:10FFC00039EE022B90EE053B34EE085B20EE080B79
:10FFD00034EE454B32EE036B34EE084B36EE046BD9
:10FFE000A0EE076B35EE064B21EE048B18EE902A3F
:10FFF000B0EE487BC2F30A556FF47273EB183E2BD8
:020000040804EE
:1000000091EE047B35EE445B35EE065BA1EE057B9D
:1000100000F2EF809C4B93ED024B93ED005BB0EE52
:10002000441B93ED042BA8EE051B93ED066B11EE1C
:10003000101A31EE441B01F07F0293ED0E4BA1EE3E
:10004000028BA1EE068B93ED0C6B37EE087B27EE4F
:10005000072B921802F10F0403EBC202A7EE046B08
:1000600092ED1C4B03EBC40293ED0A3B93ED085B4E
:1000700053F834605768A7EE035B4018002422EE63
:10008000023B37EE047BA219A2EE057B07EB40335F
:10009000A3EE067B002D00F0BB8043EC102BA7EEF7
:1000A000000B09B0BDEC0A8BBDE8F08F11EE103AE1
:1000B000D8184CEB0C0A6FF0010910F1FF3B4AF124
:1000C000FF3E6FF40018D94578EB0E0EC0F0548156
:1000D00014EB040E45EB050A1EF1FF3B6AF100002C
:1000E000D94578EB0000C0F01F81002DC7F30A0E40
:1000F00080F2778140F2FE30864540F3F58040F291
:100100003340864500F37481A0EB0E004FF0FF39B9
:10011000A0F1200309FA03FB09FA00F8C0F1200A54
:1001200048EA0B08019329FA0AFB009B48EA0B08EE
:1001300009FA00F923EA09092CEA080859EA08082B
:1001400040F0D280C34001980CFA0AFA2CFA00F071
:1001500043EA0A03034303F001039804AEF2BE33FB
:100160007F2B22F00042C6F30A0621D8002E7FF42E
:10017000DFAE9FED3F7B45EC164B26EE077B55EC43
:10018000174B25F000422146A2F15072D0E6009BA9
:10019000D8184CEB0C086FF0010B10F1FF3A48F146
:1001A000FF396FF40016D34576EB0906C0F02281C3
:1001B000364B9A4208BF002900F0B38040F2BD33AD
:1001C0009E45324B48D9012972EB030334BF01230A
:1001D0000023B7F5006F2CBF00270127BB424FF06B
:1001E00000000ED109B0BDEC0A8BBDE8F04F00F065
:1001F0005FBC002BC0F28180B5F5816F2AD9002A3F
:10020000F0DB09B0BDEC0A8BBDE8F04F00F058BC44
:10021000A14280F29D80B7EE004B03F17F5101F5C2
:100220000011104641EC150B27EE057B35EE076BF0
:10023000B0EEC63BB4EEC43BF1EE10FA28D49FED0D
:100240000E0B26EE000B09B0BDEC0A8BBDE8F04F9B
:1002500000F066BC0025DDE6002088429341B7EE41
:10026000000B34BF31EE000B30EE410B19E700BF3D
:1002700000000000000030430000000000001000FB
:10028000AB6A19C0082B0508D83C05080000F03FF0
:10029000B5EEC06BF1EE10FA01D5BFEE004B36EEB5
:1002A000042B35EE465B34EE423B35EE075B33EE16
:1002B000067B37EE057B37EE027B37EE446BB5EEFF
:1002C000406BF1EE10FA04D1002201F0004343EC40
:1002D000162B9FED735B8DED045B9DED047B27EE8C
:1002E000057B8DED067BAAE745EC104B09B0BDEC14
:1002F0000A8BBDE8F04F00F003BCB7EE000B38EE00
:10030000000B00283FF4CDAEB1EE400BC9E6491812
:10031000694B82F400224FF0000052418842934121
:100320005AD3B7EE000BBCE6002D20EE000B73DBBA
:1003300000205EEA0A0A40F09C80BCF1000FBFF684
:10034000B0AE09B0BDEC0A8BBDE8F04F00F0C0BB09
:1003500003F140419FED546B01F57001104641ECF3
:10036000100BA7EE000B20EE060B09B0BDEC0A8BBC
:10037000BDE8F04F00F0E0BB50EA0A03C7D02119F6
:100380004E4F4FF0000645EB05038E4277EB030E10
:100390001A4621D3BA4508BFB0421DD1484883420E
:1003A00008BFB142BDD0464B6FEA0C0C9A424FEAEF
:1003B000DC7C34BF0022012262456BD09FED3C0BF8
:1003C0006FE6009B8CF4002CDB183B4B4CEB0C0CC9
:1003D000864273EB0C03A4D245EC174B37EE010BAE
:1003E0005FE6AEF2BE337F2B3FF6E8AE0020BDE6FF
:1003F0000020B3E650EA080689D0324F0026BD42FD
:1004000008BFB442DDD018F5001F08BFB042E3D1E9
:10041000491845EB0202C6E7C7F30A02A2F2FF3110
:10042000342985D8C2F586624FF0FF31A2F11D0450
:10043000033201FA04F601FA02F0C2F1200530435A
:10044000009B21FA05F63043914023EA01012CEA92
:10045000000001437FF46CAFD3401A460CFA05F557
:100460002A432CFA04F4224312F001020ED1104662
:100470005FE7BCF1000FBFF614AEB7EE006B86EE7F
:10048000007B8DED027B9DED020B0AE60120B1EEB3
:10049000400B4EE721EE010B03E600BFAFF30080F7
:1004A0000000000000001000000000000000007FBD
:1004B00000000000000000000000F0FF0000E0FF6E
:1004C0000000E07F0000F03F00B583B08DED000B31
:1004D00001990098C1F30A52A2F2FF33132B24DCD6
:1004E000002B44DB3A4A1A4101EA020E5EEA000E92
:1004F0008C461FD09FED347B9DED006B36EE077B65
:10050000B5EEC07BF1EE10FA09DD002904DA4FF4F4
:10051000801141FA03F39C442CEA020100200B46AF
:10052000024643EC102B03B000BD332B06DDB3F5C0
:10053000806F2AD09DED000B03B000BDA2F21342E4
:100540004FF0FF3C2CFA02F21042F3D09FED1E7BDD
:100550009DED006B36EE077BB5EEC07BF1EE10FA39
:10056000DDDD002984461CDB2CEA0200D7E79FED85
:10057000167B30EE077BB5EEC07BF1EE10FACEDDD8
:10058000002907DB00200146C9E79DED007B37EE1F
:10059000070BD1E721F0004108430FD14FF0004194
:1005A000BDE7142B0DD04FF0010EC3F134030EFA4A
:1005B00003F39C44604588BF7144D5E7054900209A
:1005C000ADE70131D0E700BF9C7500883CE4377E81
:1005D000FFFF0F000000F0BF10EE903A23F0004341
:1005E000B3F1795F2DED028B2ED2FDEEC07B17EEBD
:1005F000903A002B65D020EE004B9FED358B9FEDA0
:10060000362B9FED373BA4EE082B9FED375BA4EE16
:10061000023B9FED376BA4EE035B9FED377BA4EEAF
:10062000056BA4EE067B24EE077B21EE401BB6EEA5
:10063000006BA4EE071BB7EE000B94EE061BBDEC9F
:10064000028B30EE410B70479FED218B20EE004B6B
:100650009FED212B9FED223BA4EE082B9FED225B0B
:10066000A2EE043B9FED226BA3EE045B9FED227B89
:10067000A5EE046B224AA6EE047B934227EE047B90
:10068000D3D9204A934217D8B7EE006B0020A3F5C8
:10069000001141EC150B36EE456B21EE401BB6EE1A
:1006A000003BA4EE071B94EE035BBDEC028B35EE22
:1006B000415B36EE450B7047B6EE076BB5EE025B5D
:1006C000EBE7B7EE000BBDEC028B7047AFF3008099
:1006D000D43888BEE9FAA8BDC4B1B4BD9EEE213EAF
:1006E000AD529C804F7E92BE9015CB19A001FA3E70
:1006F0007751C1166CC156BF4C5555555555A53F40
:100700003233D33F0000E93F10EE903A23F000432C
:10071000B3F1795F04D2FDEEC07B17EE903A5BB384
:1007200020EE007B9FED162B9FED173B9FED184BA6
:10073000A7EE023B9FED185BA3EE074B9FED186BF6
:10074000A4EE075BA5EE076B20EE075B30B99FEDCB
:10075000164BA7EE064BA4EE050B70479FED144B0E
:1007600026EE456BB6EE003BA1EE036B96EE071B43
:10077000A5EE041B30EE410B704700BFAFF30080C5
:100780007CD5CF5A3AD9E53DEB9C2B8AE6E55ABE9B
:100790007DFEB157E31DC73ED561C119A0012ABF37
:1007A000A6F810111111813F495555555555C5BF32
:1007B000495555555555C53F2DE9F04153EC102B82
:1007C0009F4923F00048884588B004466BD99D496D
:1007D00088451D461CD8002B9FED897B40F3EF8098
:1007E00030EE477BA1F51B21A1F5F06188456BD068
:1007F0009FED855B37EE456B37EE467B37EE457BED
:1008000084ED006B84ED027B012008B0BDE8F0812F
:100810008D49884565D98D4988454ED816464FEA99
:100820002852A2F21642A8EB025747EC176B9FED35
:10083000784BBDEEC75B08A8B8EEC55B37EE457BCD
:1008400027EE047BBDEEC76B8DED025BB8EEC66B89
:1008500037EE467B8DED046B27EE047B8DED067B3A
:10086000032130ED027BB5EE407BF1EE10FA0B4632
:1008700001F1FF31F5D0764901910221009102A8E2
:10088000214600F06DF9002DBFDA94ED006B94ED78
:10089000027BB1EE466BB1EE477B84ED006B84EDDD
:1008A000027B4042B1E70020002184ED000BC4E947
:1008B0000201002008B0BDE8F08130EE407B80ED01
:1008C000027B80ED007BF4E79FED535B9FED546B63
:1008D00037EE467B37EE456B37EE467B37EE457B92
:1008E0008EE700F0BBF8B6EE007B9FED4F5BA0EE0D
:1008F000057BFDEEC77B9FED424B9FED436B17EEF3
:10090000900A1F28B8EEE75BA5EE440B25EE067BA8
:10091000B1EE454B30EE476B1ADC4E4B421E53F89E
:100920002230434514D084ED006B30EE460B30EEA0
:10093000470B002D84ED020BBFF667AFB1EE466B9F
:10094000B1EE400B84ED006B84ED020B40425CE79E
:1009500016EE903AC3F30A53C3EB1853102B4FEA29
:100960002852E0DDB0EE403B9FED2D6B9FED2A2B32
:10097000A4EE063B30EE437BA4EE067B95EE027BB5
:1009800033EE476B16EE903AC3F30A53D21A312A6C
:1009900004DCB0EE430B84ED006BC6E79FED246BE7
:1009A000B0EE430B9FED242BA4EE060B33EE407B01
:1009B000A4EE067B95EE027B30EE476BB3E726494B
:1009C00030EE077B88450ED09FED0F5B37EE056B51
:1009D00037EE467B37EE057B84ED006B84ED027BC2
:1009E0004FF0FF3011E79FED0C5B9FED0D6B37EE85
:1009F000067B37EE056B37EE467B37EE057BEBE784
:100A000000004054FB21F93F3163621A61B4D03DCC
:100A100000000000000070417370032E8A19A33B90
:100A20000000601A61B4D03D83C8C96D305FE43FF7
:100A30000000002E8A19A33BC14920259A837B39E7
:100A4000FB21E93F7BD90240FB213941FFFFEF7FCA
:100A5000D03B0508503B0508FB21F93F51EC100B3A
:100A6000024621F0004343EC102B704710B52DEDEA
:100A7000028BB0EE408B044602F08AFCB0EE480BCD
:100A8000BDEC028B046010BD82B058B1B1EE407B6A
:100A90008DED007B9DED007B222020EE070B02B048
:100AA000FFF7E4BFB0EE407BF2E700BF00000000BC
:100AB0009FED010BFFF7E8BF0000000000000010F1
:100AC0009FED010BFFF7E0BF000000000000007089
:100AD00082B00028BFEE006BB7EE007B07FE067BFE
:100AE0008DED007B9DED000B9FED037B222080EEC2
:100AF000070B02B0FFF7BABF0000000000000000C3
:100B0000B0EE407BB4EE477BF1EE10FA30EE406B76
:100B100086EE060B02D62120FFF7A8BF704700BF64
:100B2000B5EE400BF1EE10FA00D070472220FFF72F
:100B30009DBF00BF000000009FED076BB0EEC07BC3
:100B4000B4EE467BF1EE10FA00DC70472220FFF78E
:100B50008DBF00BFAFF30080FFFFFFFFFFFFEF7F00
:100B60002DE9F04F2DED088BADF5137D1C46039359
:100B70008146D34BA49812F1140F53F8205004F17E
:100B8000FF38C0F26B82CF48D31E80FB0340DB17D7
:100B9000C3EBA00302930133A3EB8303DB001A44EE
:100BA000029B15EB0804A3EB08031AD401349FED54
:100BB000BE6BA59E1C441AA80AE056F8237007EEE7
:100BC000907A0133B8EEE77BA342A0EC027B08D019
:100BD000002BF2DAB0EE467B0133A342A0EC027B9D
:100BE000F6D1002DC0F2D882039B1AAC04EBC304EB
:100BF0006AAF4FEAC30E464605EB030C09EBC30090
:100C00004FF0000A4FF0000BB8F1000F80F2CA80DD
:100C100001366645E7E802AB04F10804F4D10DF1B2
:100C2000180A0AEB85039FEDA29B9FEDA38B043B63
:100C300009EB0E0404930AEB8507AB466AAE0095F8
:100C4000104605910DEBCB03BBF1000F93ED6A0B42
:100C50004FEACB0315DD3344524620EE097B33EDDA
:100C6000025BB0EE406BBDEEC77BB342B8EEC77B14
:100C7000A7EE486BBDEEC66B37EE050BA2EC016A22
:100C8000EBD1019000F0BCFAB4EE007BB0EE40ABCB
:100C900020EE070BFFF718FCB2EE007B0198A0EEE8
:100CA00047ABBDEECABB0028B8EECB7B3AEE47ABF4
:100CB00040F385800BF1FF32C0F118035AF822C0CF
:100CC0004CFA03F101FA03F3ACEB0303C0F117058F
:100CD0001BEE10CA43FA05F58C44002D0BEE10CA2A
:100CE0004AF8223000F32A81B5EE40ABF1EE10FA5B
:100CF00076D1009B9B450BDD0AEB8B03002253F85A
:100D0000041DBB4242EA0102F9D1002A40F073817E
:100D1000009B013B5AF823200BF101039C46002A5B
:100D200040F06781049A012152F8045D0131002DE1
:100D3000FAD05944029D039A05EB030E0EF1804E42
:100D4000A59D0EF1FF3E5A4405EB8E0E1AAD06EB43
:100D5000C30B05EBC2059EED017AB8EEC77BB8F177
:100D6000000FA5EC027B0EF1040E9FED4F7B09DB1B
:100D70002A464B46B3EC025B32ED026BA342A5EE72
:100D8000067BF7D10CF1010C8C45ABEC027BE2DD6C
:100D90008B4657E701366645A7EC027B04F1080451
:100DA0003FF43DAF9FED407BA2464B46B3EC025B68
:100DB0003AED026B8342A5EE067BF7D1EAE700F03D
:100DC000FF80B6EE007BB4EEC7ABF1EE10FA80F216
:100DD0003381B5EE40ABF1EE10FA4FF0000588D04C
:100DE00002460599B0EE4A0B404202950191009DE2
:100DF000009200F005FA9FED305BB0EE407BB4EE60
:100E0000C50BF1EE10FADDE90021029BC0F29981D9
:100E10009FED276B20EE066BBDEEC66B0BF1010458
:100E2000B8EEC64BA4EE457BBDEEC77B183217EE7D
:100E3000100A4AF82B0016EE100A4AF82400B7EE02
:100E4000000B1046CDE9003100F0DAF9002CDDE9A5
:100E50000031C0F2A5819FED165B661C6AAF0AEBFC
:100E60008602F00007EBC60632ED017A5245B8EE75
:100E7000C77B27EE007B20EE050B26ED027BF3D12E
:100E80000DF5847EA0F108021744F046A446002622
:100E90009A46002D9FED047B24DB0B4BB9460022C4
:100EA0001CE000BFAFF30080000000000000000065
:100EB000000000000000703E0000000000007041D3
:100EC00088450508ABAAAA2A48450508B3EC025B89
:100ED000B9EC026B9542A5EE067B03DB964202F16C
:100EE0000102F3DA0CF1FF3CBCF1FF3FA8EC027BFE
:100EF00006F10106A7F10807CBD1A49A022A5346AE
:100F000000F3D280002A00F3AE800DD19FEDBA7BB2
:100F1000704430ED026B864537EE067BF9D1002B2D
:100F200040F02D8181ED007B1BEE103A03F00700AD
:100F30000DF5137DBDEC088BBDE8F08F61460131E6
:100F4000BBF1000F0BEE101A40F31C8153464FF01B
:100F5000000C53F8042B72B3C2F1807243F8042CD6
:100F60006FF07F4203E01968511A43F8041B0CF13B
:100F7000010CE345F7DC012200280BDD012852D0EB
:100F8000022807D10BF1FF315AF82130C3F31503C2
:100F90004AF82130022D7FF4A7AEB7EE000B30EEF9
:100FA0004AAB002A3FF4A0AE019000F029F9019865
:100FB0003AEE40AB98E60CF1010CE345C9DCDBE707
:100FC0000BF1FF335AF82350ED15002D7FF78CAE4F
:100FD0001BEE103ABBF1000F03F101030BEE103AC8
:100FE000B4DC022D7FF480AEB7EE007B37EE4AAB67
:100FF0007AE619469EE60BF1FF34A0F118025AF882
:10100000240005992B46009D00287FF418AF0BF1B2
:10101000804001380AEB800050F8046D013C183A1A
:10102000002EF9D00BE70BF1FF315AF82130C3F352
:1010300016034AF82130ADE71BEE103ABBF1000F62
:1010400003F101030BEE103AC8BF02253FF77EAF54
:10105000B7EE007B37EE4AAB022545E600206FF085
:10106000170302909BE59EED007B9FED636B704440
:1010700030ED025B864536EE056BF9D1002B75D15C
:1010800037EE467B81ED006B5CB144A80122B0ECE9
:10109000026B0132944237EE067BF8DA0BB1B1EE07
:1010A000477B81ED027B3FE7A49A032A7FF43CAFA4
:1010B000002C00F090800EEBC40696ED006BE5006E
:1010C0003246304630ED027BB0EE465B864536EE6A
:1010D000076B37EE467B80ED006B37EE057B80EDCE
:1010E000027BEFD1012C76D096ED006B0EF108005B
:1010F00032ED027BB0EE465B904236EE076B37EE88
:10110000467B82ED006B37EE057B82ED027BEFD1F3
:101110009FED397B05F1080272440EF1100032EDAB
:10112000026B904237EE067BF9D19EED005B9EED9F
:10113000026B73B981ED005B81ED026B81ED047B85
:10114000F2E6BDEEC07B5C4617EE100A4AF82B00B3
:1011500075E6B1EE455BB1EE466BB1EE477B81EDD6
:10116000005B81ED026B81ED047BDDE6B1EE465B59
:1011700037EE467B81ED005B002C86D18FE7B1EE28
:10118000477BCFE6012818D002287FF42AAFC3F3AB
:1011900015034AF8223024E7039B4FEAC30E3EE5CD
:1011A000A49A022A11DC002A18DC7FF4BDAE9FED60
:1011B000127B002B3FF4B6AEE1E7C3F31603022D1A
:1011C0004AF822307FF490AD0EE7A49A032A7FF408
:1011D000ABAE0DF5847E9FED087BA6E79DED427BCF
:1011E0002BB100224FF00043C1E9002357E7002252
:1011F0000023C1E9002354E70000000000000000C4
:1012000053EC102B10B4C3F30A54194664BB23F0FB
:101210000041114325D09FED2E7B394920EE077BFD
:10122000884253EC172B49DBC3F30A541946363C6A
:101230004CF2503C604520DC204440F2FE74A04259
:101240001BDC00282BDC10F1350F31DB36306FF35F
:101250001E519FED217B41EA005343EC102B20EE01
:10126000070B5DF8044B704740F2FF7C6445DFD10B
:1012700030EE000B5DF8044B7047002B9FED187BA0
:1012800006DB9FED170B27EE000B5DF8044B704754
:101290009FED157B9FED120B27EE000BF5E76FF32B
:1012A0001E5141EA005343EC102B5DF8044B70478C
:1012B000002B9FED0F7B01DA9FED0F7B9FED0C0B59
:1012C0005DF8044B27EE000B704700BFAFF30080C2
:1012D0000000000000005043000000000000903CAF
:1012E0009C7500883CE4377E9C7500883CE437FEA2
:1012F00059F3F8C21F6EA50159F3F8C21F6EA581FC
:10130000B03CFFFF1FB514461A46094B1B68054643
:10131000D8684CB1074B0091CDE9013406492B4602
:1013200000F086FE02F079F8044B1C46F3E700BF9C
:101330008803002498450508A5450508D3450508F8
:10134000024B0A460146186800F002B888030024E0
:1013500070B5A1FB025434B9294600F03FF80646A7
:1013600028B9304670BD0C2202600026F9E72A46F3
:10137000214601F09AF8F4E7024B0146186800F0A4
:101380002DB800BF88030024024B0146186802F004
:1013900025BE00BF8803002470B50F4E0C4631688F
:1013A000054611B901F0D2FF30602146284601F010
:1013B000CDFF431C03D14FF0FF34204670BDC41C49
:1013C00024F00304A042F8D0211A284601F0BEFF01
:1013D0000130F2D1EFE700BFF0C704242DE9F84354
:1013E000CD1C25F0030508350C2D38BF0C25002D2C
:1013F000064601DBA94204D90C2333600020BDE876
:10140000F883DFF8D48000F069F8D8F800301C4683
:1014100044BB29463046FFF7BFFF431C044658D162
:10142000D8F800402746002F43D1002C4BD023682A
:101430003946304604EB030901F088FF814542D16B
:1014400021686D1A29463046FFF7A6FF01303AD0D1
:1014500023682B442360D8F800305A6862BBC8F870
:1014600000700FE02268521B20D40B2A17D9611993
:10147000A342256018BF5960636808BFC8F8001010
:1014800062514B60304600F02FF804F10B00231D31
:1014900020F00700C21A1CBF1B1AA350AFE76268F6
:1014A000A3420CBFC8F800205A60EBE723466468EB
:1014B000AEE73C467F68B6E71A465B68A342FBD1BD
:1014C00000235360DEE70C233360304600F00CF855
:1014D00094E70560D6E700BFF4C70424014801F093
:1014E00083BF00BF5EC90424014801F07FBF00BF75
:1014F0005EC90424164B10B51C68226BB2B91820C3
:10150000FFF73AFF0246206320B9124B12485221DE
:10151000FFF7F8FE1149124BC0E90013114B83602D
:101520000B23838100210120C2E9040113690E48C5
:1015300054690E49584301FB0400A3FB01310133F8
:1015400040EB0100C2E9043020F0004010BD00BFB4
:1015500088030024D4450508EB4505080E33CDABC0
:1015600034126DE6ECDE05002DF451582D7F954CBC
:10157000242B2DE9F0478646904601D8012B06D151
:1015800001F006FF162303600020BDE8F087344811
:101590000D462A4615F8014B065D16F00806F8D1EF
:1015A0002D2C10D12C780126951C33F0100215D16A
:1015B000302C0DD12A7802F0DF02582A08D16C783D
:1015C000023510230AE02B2C04BF2C78951CECE785
:1015D000002BF6D1302C14BF0A23082306F1004C4F
:1015E0000CF1FF3C0022BCFBF3F9104603FB19CAC7
:1015F000A4F13007092F0FD83C46A3421BDD571C2E
:1016000007D0814514D301D1A24511DB00FB034073
:10161000012215F8014BEBE7A4F14107192F01D87E
:10162000373CEAE7A4F16107192F04D8573CE4E7F7
:101630004FF0FF32EDE7531C08D12223CEF80030E3
:101640006046B8F1000FA0D0691E06E006B1404226
:10165000B8F1000F99D0002AF6D1C8F8001094E72D
:1016600022480508FFF784BFF0B52DED028BB0EEE0
:10167000408B85B017460D9D0C9E18EE902A25F0E4
:101680002005002AB6BF2D220022B1EE408B462D48
:101690000C461A7004D0452D00D10134022100E01F
:1016A000032103AB019302AB009322463346B0EE15
:1016B000480B01F049FF472D14D1FB070AD5021949
:1016C000B5EE408BF1EE10FA08BF03923021039B78
:1016D000934219D3039B0E9A1B1A136005B0BDECFD
:1016E000028BF0BD462D00EB0402E9D10378302BCC
:1016F00007D1B5EE408BF1EE10FA1CBFC4F1010426
:10170000346033681A44DBE75C1C03941970DEE72D
:10171000F7B50029BABF49422D232B2309290270AE
:10172000437029DD0DF1070425460A272246B1FB47
:10173000F7F607FB1613303302F8013C0B46632B18
:1017400004F1FF343146F1DC3031931E04F8011C02
:10175000411C1C46AB420AD30DF109039B1AA5425A
:1017600038BF0023821C1344181A03B0F0BD13F8CD
:10177000016B01F8016FEDE7302330318370C170E8
:10178000031DF1E7000000002DE9F04F8DB00C467D
:10179000DDF8588016461F46054601F041FDD0F899
:1017A00000B05846BFF784F900230A93D8F80030F8
:1017B00094F8189022680590073323F00703B3ECE0
:1017C000020B9FED997BB0EEC06BB4EE476BF1EE70
:1017D00010FAC8F8003084ED120B24DDB5EEC00B12
:1017E000F1EE10FA02D52D2384F843309049914B45
:1017F000B9F1470F8CBF8846984622F004020323B4
:10180000236122604FF0000A009733460BAA21465D
:10181000284600F0D3F9013040F089804FF0FF30C6
:101820000DB0BDE8F08FB4EE400BF1EE10FA09D721
:1018300010EE903A002BBCBF2D2384F843307E4934
:101840007E4BD5E76368591C09F0DF0A39D10623BE
:10185000636042F480620023226003930AABCDE907
:10186000019309AB009361680DF123032846FFF74C
:10187000FBFEBAF1470F0999804629D1C81C02DB4B
:1018800063688B4241DAA9F102095FFA89F90139EB
:101890004A4604F150000991FFF73AFF0A9A1318DB
:1018A000012A8246236102DC2268D20701D5013376
:1018B00023619DF82330002BA6D02D2384F84330DC
:1018C000A2E7BAF1470FC4D1002BC2D10123BFE771
:1018D000B9F1650FDBD9B9F1660F18D1002963683A
:1018E0000BDD216113B92268D00702D501330B4407
:1018F0002361A1654FF0000ADBE713B92268D20724
:1019000001D50233F4E70123F2E74FF067090A9BA0
:101910008B4205DC23682161D807EAD54B1CE7E739
:101920000029D4BFC1F1020201221344E0E7236879
:101930005A0507D42369424631462846B847013044
:101940002AD16BE7B9F1650F40F2E28094ED127B8A
:10195000B5EE407BF1EE10FA33D1394A012331461E
:101960002846B84701303FF459AFDDE9093843450F
:1019700002DB2368D8070FD5059B5A463146284617
:10198000B84701303FF44AAF4FF0000908F1FF3883
:1019900004F11A0AC84509DC23689B0700F1098194
:1019A000E0680B9B9842B8BF184639E701235246BE
:1019B00031462846B84701303FF430AF09F10109FC
:1019C000E8E7099B002B3DDC1D4A012331462846F0
:1019D000B84701303FF422AFDDE9093959EA030382
:1019E00002D12368D907D7D5059B5A4631462846E8
:1019F000B84701303FF412AF4FF0000A04F11A0B60
:101A0000099B5B42534501DC4B4694E701235A4650
:101A100031462846B84701303FF400AF0AF1010AC9
:101A2000EEE700BFAFF30080FFFFFFFFFFFFEF7F98
:101A300047460508434605084F4605084B46050836
:101A40001C480508A36DDDF828A05345A8BF5346E0
:101A5000002B994637DC0023079329EAE97904F142
:101A60001A02A36D07990693A3EB09038B4231DC9D
:101A7000099B9A453BDC2368DA0738D4099BAAEB1B
:101A80000309069BAAEB03039945A8BF9946B9F140
:101A9000000F34DC4FF0000829EAE97904F11A0B51
:101AA000099BAAEB0303A3EB090343457FF774AF3C
:101AB00001235A4631462846B84701303FF4AEAEBE
:101AC00008F10108ECE7424631462846B8470130A4
:101AD000C1D1A3E60123314628460692B84701301A
:101AE0003FF49CAE079B069A01330793B9E7059B29
:101AF0005A4631462846B8470130BFD18EE6069A8D
:101B00004B46424431462846B8470130C2D185E6AB
:101B1000DDF82890B9F1010F01DCDB0736D5012390
:101B2000424631462846B84701303FF477AE059B20
:101B30005A4631462846B84701303FF46FAE94ED1F
:101B4000127BB5EE407BF1EE10FA09F1FF3918D0A7
:101B50004B4608F1010231462846B84701300CD106
:101B60005CE601235A4631462846B84701303FF427
:101B700055AE08F10108C845F3DB534604F15002A5
:101B8000DAE64FF0000804F11A0BF4E701234246AD
:101B9000E1E701234A4631462846B84701303FF481
:101BA0003DAE08F10108E3680B995B1A4345F0DC90
:101BB000F6E64FF0000804F11909F4E72DE9F047C3
:101BC000164698468A680B69DDF820909342B8BFA4
:101BD0001346336091F8432007460C460AB101339F
:101BE00033602368990642BF336802333360256847
:101BF00015F0060506D104F1190AE36832689B1A4C
:101C0000AB4226DC94F843302268003B18BF012326
:101C100092062BD404F1430241463846C8470130AE
:101C20001ED02368226903F00603042B02BFE56877
:101C30003368ED1AA3680CBF25EAE57500259342C9
:101C4000C4BF9B1AED1800261A34B5421AD10020E1
:101C500008E00123524641463846C847013003D1C7
:101C60004FF0FF30BDE8F0870135C6E7E1185A1C98
:101C7000302081F84300224494F8451082F8431044
:101C80000233C7E70123224641463846C8470130A0
:101C9000E6D00136D9E700002DE9F0430D7E85B08E
:101CA000782D90460C9E07460C46994601F143025A
:101CB00007D8622D0AD8002D00F0D780582D00F0EB
:101CC000BC8004F1420684F842503BE0A5F1630376
:101CD000152BF6D801A151F823F000BF351D0408DB
:101CE000491D0408C31C0408C31C0408C31C0408C1
:101CF000C31C0408491D0408C31C0408C31C0408B1
:101D0000C31C0408C31C0408511E0408731D0408E6
:101D1000031E0408C31C0408C31C0408731E040823
:101D2000C31C0408731D0408C31C0408C31C040856
:101D30000B1E040833681A1D1B68326004F142064A
:101D400084F842300123A1E033682068191D316016
:101D5000060601D51D6803E04506FBD5B3F9005022
:101D6000002D03DA2D236D4284F843305B480A23AB
:101D700011E021683368080653F8045B02D4490671
:101D800048BFADB23360237E54486F2B5CD108232B
:101D9000002184F843106668A660002E05DB2168E8
:101DA0002E4321F00401216050D01646B5FBF3F11B
:101DB00003FB115C10F80CC006F801CDAC4663457E
:101DC0000D46F3D9082B0BD12368DB0708D523690F
:101DD00061689942DEBF302306F8013C06F1FF3608
:101DE000921B2261CDF80090434603AA2146384653
:101DF000FFF7E4FE01304ED14FF0FF3005B0BDE8F3
:101E0000F083236843F0200323603548782584F865
:101E100045502368316813F0800F51F8045B03D1FB
:101E200013F0400F18BFADB23160D90744BF43F083
:101E3000200323601DB11023AAE72848E7E72368A1
:101E400023F020032360F6E70A23A1E71646B9E74B
:101E5000336825686169181D30602E061B6801D53E
:101E6000196002E06806FBD519800023236116463D
:101E7000B8E733681A1D32601E6862680021304678
:101E8000BEF7C6FD08B1801B606063682361002354
:101E900084F84330A6E72369324641463846C847AE
:101EA0000130A9D023689B0713D4E068039B9842B4
:101EB000B8BF1846A2E70123324641463846C84714
:101EC000013099D00135E36803995B1AAB42F2DC2B
:101ED000EBE7002504F11906F5E700BF53460508B6
:101EE00064460508002310B50446C0E90033C0E984
:101EF0000433836081814366C2818361194608226D
:101F00005C3000F0D2FA0D4B63620D4BA3620D4BB7
:101F1000E3620D4B23630D4B24629C4206D003F118
:101F20006802944202D0D0339C4205D104F158009B
:101F3000BDE8104001F056BA10BD00BF31220408C0
:101F4000572204088F220408B5220408F8C7042485
:101F5000024A0349034800F07DB800BF740300241F
:101F6000294F04088C03002441680C4B994210B59A
:101F7000044601D002F0D8FFA168094B994202D073
:101F8000204602F0D1FFE168064B994204D020467A
:101F9000BDE8104002F0C8BF10BD00BFF8C7042460
:101FA00060C80424C8C804240C4B0D4A0D4810B561
:101FB00004211A600022FFF795FF0A4B01221C46FC
:101FC000092103F16800FFF78DFF04F1D000022220
:101FD000BDE810401221FFF785BF00BF30C90424BF
:101FE000511F0408F8C70424014801F0FDB900BFDF
:101FF0005FC90424014801F0F9B900BF5FC9042496
:1020000010B50446FFF7F0FF236A1BB1BDE810408E
:10201000FFF7F0BF044B2362044B1B68002BF5D184
:10202000FFF7C2FFF2E700BF691F040830C90424AC
:102030000EB403B5014603AB054853F8042B006802
:10204000019302F0DBFD02B05DF804EB03B07047D2
:10205000880300242DE9F8430746884614460026E5
:10206000D4E90195B9F1010905D52468002CF7D10F
:102070003046BDE8F883AB89012B07D9B5F90E309E
:10208000013303D029463846C04706436835E9E79F
:102090000FB407B5064904AB086853F8042B8168F0
:1020A000019302F0ABFD03B05DF804EB04B07047A0
:1020B00088030024024B01461868826802F0B9BF09
:1020C00088030024036A70B5846805460E460BB980
:1020D000FFF796FF636EDB0705D4A389980502D44A
:1020E000A06D01F081F9A389190702D52369002B9E
:1020F00035D12146284600F05BF980B34FF0FF351B
:10210000636EDA0705D4A3899B0502D4A06D01F0A4
:102110006DF9284670BD002B04DAA269934217DBE3
:102120000A2915D023685A1C22601970A36816F872
:10213000011F013BA3600029EDD1002B11DA2246DB
:102140000A21284600F0F6F80130D7D00A25D7E753
:102150002246284600F0EEF80130E7D1CEE7013EF6
:10216000E4E723685A1C22600A221A70EEE7000096
:10217000024B01461868FFF7A5BF00BF8803002483
:102180000CB430B5184B0C1E1D689DB008DA8B23BB
:102190002B604FF0FF301DB0BDE8304002B07047FB
:1021A0004FF40273ADF814304FF000031B9314BFCB
:1021B00004F1FF332346049307934FF6FF73029015
:1021C0000690ADF81630209A21AB02A9284601935B
:1021D00002F0F2FB431CBCBF8B232B60002CDAD037
:1021E000029B00221A70D6E7880300240EB410B5B3
:1021F0009DB01FAB029006906FF000410A48079116
:1022000004910A4953F8042B0591002402A900689F
:1022100001931B9402F0D0FB029B1C701DB0BDE823
:10222000104003B0704700BF880300240802FFFF7E
:1022300010B50C46B1F90E1001F076F80028ABBFCE
:10224000636DA3891B1823F48053ACBF6365A3811E
:1022500010BD002070472DE9F0411F468B89DB053A
:1022600005460C46164605D5B1F90E10022300228C
:1022700001F048F8A389B4F90E1023F48053A38128
:1022800032463B462846BDE8F04101F06FB810B534
:102290000C46B1F90E1001F035F8B4F90C30421CBF
:1022A0000BBF23F4805343F48053A381A38118BF51
:1022B000606510BDB1F90E1000F0B6BF30B5144620
:1022C000002C9BB005461A4605DA8B2303604FF0BD
:1022D000FF301BB030BD4FF40273ADF80C304FF03F
:1022E0000003199314BF04F1FF33234602930593AF
:1022F0004FF6FF7300910491ADF80E3069461E9BB6
:1023000002F05AFB431CBCBF8B232B60002CE0D097
:10231000009B00221A70DCE707B5009313460A46BB
:10232000014603480068FFF7C9FF03B000BD00BFC6
:1023300088030024F8B50E461446054618B1036A12
:102340000BB9FFF75DFEA369A360A3891A0701D546
:10235000236943B92146284600F02AF818B14FF006
:10236000FF373846F8BD23682269981A6369F6B2C8
:102370008342374605DC2146284602F0D5FD002879
:10238000EDD1A368013BA36023685A1C22601E7034
:102390006269431C9A4204D0A389DB07E1D50A2E67
:1023A000DFD12146284602F0BFFD0028D9D0D6E76C
:1023B00038B5284B054618680C4618B1036A0BB9A6
:1023C000FFF71EFEB4F90C301A0721D4D80607D443
:1023D00009222A6043F04003A3814FF0FF3030E030
:1023E000590712D5616B41B104F14403994202D0FF
:1023F000284601F0F3FD002363630022B4F90C309A
:1024000062602269226023F0240343F00803A38161
:1024100022693AB99A0501D5180603D521462846FE
:1024200002F0CEFDB4F90C3013F001020AD0002204
:10243000A26062695242A261226942B913F080002F
:10244000C8D138BD990758BF6269A260F4E700207F
:10245000F7E700BF8803002410B501390244904219
:1024600001D1002005E0037811F8014FA34201D00B
:10247000181B10BD0130F2E7884210B501EB0204D1
:1024800002D98442234607D8431EA14207D011F83F
:10249000012B03F8012FF8E70244824200D110BD5E
:1024A00013F8011D02F8011DF7E7024403469342A9
:1024B00000D1704703F8011BF9E7C9B2034618467B
:1024C00013F8012B12B18A42F9D17047002918BFC5
:1024D0000020704710B56AB10139841810F8012B3B
:1024E00011F8013F9A4203D1A04201D0002AF5D150
:1024F000D01A10BD1046FCE710B50139034632B1C1
:1025000011F8014F03F8014B013A002CF7D11A449E
:102510000021934200D110BD03F8011BF9E7000030
:1025200038B50B4B1D686A6B044652B92420FEF780
:1025300023FF0246686320B9064B07483221FEF7A5
:10254000E1FE20461146BDE8384000F007B800BF64
:1025500088030024D4450508754605082DE9F04197
:102560000C46074602F0F6FD21460646384602F0C4
:10257000F5FD43699907044603F26C7806D164229D
:1025800098FBF2F302FB1383002B6FD14FF4C87357
:1025900098FBF3F503FB1585B5FA85F56D09644BDA
:1025A0006D4205F030051D4400F002FC00F00CFC0B
:1025B000604B1B68002B68D07368434558D1D7E93E
:1025C00000233768D6E90801002F59D1824273EB06
:1025D00001015CDB01232362336D21684FF46162EA
:1025E00093FBF2F002FB10333C2293FBF2F602FB6A
:1025F0001633C91A6268A3682160921B1B1A3B2913
:102600006260A3604FDD013262603C3921603B2A89
:102610004FDD0133A3603C3A6260172B4FDDE26966
:102620000132E261A2690132072AA8BF0022A26139
:10263000E268183B0132A3602369E26055F8231079
:102640008A420EDD0B2BA2EB0102E26003F10102D4
:1026500009BF636922610022013302BF2261636105
:10266000E26100F0ABFB2046BDE8F081012596E772
:10267000404600F0EBFA0028A1D14FF0FF3304E010
:10268000824273EB010102DA0023236209E0D6E9FA
:10269000120182428B41B4BF012300232362002B2D
:1026A0009AD1B36A99E70029B1DA013A62603C3104
:1026B000ACE7002AB1DA013BA3603C32ACE7002B67
:1026C000CFDAE269013AE261A269013A48BF062223
:1026D000A261E2681833013AE260A360002AC0D127
:1026E0002369013B04D4236155F82330E360B8E744
:1026F0000B23236163695A1E6261920703F26B73B5
:1027000005D1642193FBF1F201FB12326AB94FF457
:10271000C87293FBF2F102FB1133B3FA83F35B0946
:1027200003F5B673E3610B23DEE70123F8E700BF8F
:102730008449050854C90424F7B501683B290446B7
:1027400011D93C22684600F06FFE019A6368009937
:10275000002A0B446360BBBF3C3203F1FF332260AD
:102760002260B8BF636061683B2911D93C2268468A
:1027700000F05AFE019AA3680099002A0B44A36056
:10278000BBBF3C3203F1FF3362606260B8BFA3603D
:10279000A168172911D91822684600F045FE019A50
:1027A000E3680099002A0B44E360BBBF183203F1D1
:1027B000FF33A260A260B8BFE36021690B2911D981
:1027C0000C22684600F030FE019A63690099002AE5
:1027D0000B446361BBBF0C3203F1FF332261226102
:1027E000B8BF636163699A073FD1642193FBF1F23B
:1027F00001FB1232002A3AD103F26C734FF4C87213
:1028000093FBF2F102FB1133002B0CBF1D231C23A1
:10281000E268002A2DDD304D2169012914BF55F8E9
:102820002100184682424DDD0131121A0C29E26066
:102830002161F1D163690020591C20618807616121
:1028400046D1642091FBF0F600FB1611002941D11E
:1028500003F26D734FF4C87193FBF1F001FB103379
:10286000002B0CBF1D231C23D6E71C23D0E71D2300
:10287000CEE7194E0B256420216901392161013110
:1028800016D16369591E8F07C4E904511CD191FB0D
:10289000F0F700FB1711C9B903F26B734FF4C8715D
:1028A00093FBF1F701FB1733002B0CBF1D231C23F7
:1028B0002169012914BF56F8211019460A44002A3B
:1028C000E260D9DD03B0F0BD1C23F1E71D23EFE783
:1028D0001C23A1E71D239FE7544905082DE9F04F6C
:1028E00085B0074602F036FC81463846FFF724FFE4
:1028F000D7E900433C2202FB0344BB687D694FF4E7
:10290000616202FB0344D7E90363C34A52F8232000
:10291000013E012B164411DDA9070FD1642295FB5E
:10292000F2F302FB135343B905F26C734FF4C87210
:1029300093FBF2F102FB113303B9013605F51C5389
:10294000103344F620629342FE6100F27081462DFE
:1029500040F3B680462340F26D1C64214FF4C870EA
:102960009A0740F0A78093FBF1F201FB1232002A94
:1029700040F0A38003F26C7292FBF0FE00FB1E227B
:10298000002A0CBF4FF4B77262460133AB421644C3
:10299000E6D1A24B4FEAE478C6FB034800F008FA00
:1029A00000F012FA9E4B1B68002B00F04781D7F80D
:1029B00020A078695346012BA8BF01230193D9F8C1
:1029C000043000F26C70834240F0BD80D9E90821E8
:1029D000D9F85000D9F84CC0131A0393D9F84830ED
:1029E0000293029AD9F8283061EBE07BB2EB030E38
:1029F0006CEBE371744578EB010280F2C780D9F883
:102A00000020002A00F0D080039A944278EB0B0259
:102A1000C0F21181744578EB0101B4BF4FF0010B96
:102A20004FF0000BBAF1000FC0F29480019A82EAD5
:102A30000B0ABAF1010F40F08D80BBF1000F00F0DE
:102A4000C2801B1A3A681A441C193A603846FA6860
:102A5000019248EBE378FFF76FFEFB68019A9B1A3F
:102A600078D0012B00F3B180B3F1FF3FA8BF9A46A5
:102A7000FB691AEB0303564440F1B0806B1E9907C3
:102A800040F0A680642293FBF2F102FB1133002B8D
:102A900040F0A1804FF4C87305F26B7595FBF3F21B
:102AA00003FB1255002D40F26D1318BF4FF4B6739F
:102AB000FB614FE040F26D1267E74FF4B77264E7D5
:102AC0003FF467AF452340F26D1C64214FF4C8709A
:102AD00012E062BB93FBF1F201FB123252BB03F234
:102AE0006C7292FBF0FE00FB1E22002A0CBF4FF41A
:102AF000B7726246B61A013BAB4203F00302E8DC50
:102B0000DAB9642295FBF2F302FB1353C3B905F261
:102B10006C734FF4C87293FBF2F102FB1133002B7C
:102B200040F26D1308BF4FF4B773F61A31E740F265
:102B30006D12DFE74FF4B772DCE740F26D13F4E794
:102B40004FF4B773F1E700F081F800287FF43EAF4F
:102B5000DDF804B0BBF1010F72D1D9F850301C1967
:102B600048EBE3784FF0010B00F028F90436072317
:102B700096FBF3F3C3EBC303F61A56D4C7F820B0A1
:102B8000BE612046414605B0BDE8F08F029A121A98
:102B900002924FEAE0726CEB020C029A944278EBDC
:102BA0000C0CBFF62CAFD3E7039A944278EB0B02E0
:102BB000FFF630AFBAF1000FCFDB4FF0010B35E776
:102BC0004FF0000B32E7C31A3CE74FF0FF3A4FE7F4
:102BD0004FF4B6736CE740F26D1369E7AA0717D19B
:102BE000642195FBF1F201FB1252DAB94FF4C8727D
:102BF00005F26C7595FBF2F102FB1155002D40F2C8
:102C00006D1208BF4FF4B7729342A8BF9B1A4FE7EB
:102C100040F26D12F8E700BF244905088051010019
:102C200054C904244FF4B772EEE70736A6E74FF015
:102C3000FF34A046A5E7BAF1000FC1DA4FF0000B50
:102C4000D9F828301C1948EBE3788DE72DE9F041DD
:102C5000044602F07FFA40F2B1739C4240F3A28036
:102C60006FF4F662A618A4F2B27340F26D12B610B9
:102C700002FB03666FF4C8616FF06302A4F26D7328
:102C800093FBF2F34FF4C8721E446318B3FBF2F3E4
:102C9000454A44601E44054600F150072B7A4A2BF2
:102CA0003AD1696914F0030F01EB060308D14FF024
:102CB000640E94FBFEFC0EFB1C4CBCF1000F08D113
:102CC0004FF4C87E94FBFEFC0EFB1C4CBCF1000FC5
:102CD00020D13B29D4BF002101210B44013BA9692C
:102CE0004FEAE17CC3FB021CAB6AC9184CEBE373EF
:102CF000C5E908132835AF42D0D1D0E90843D0E95F
:102D000012128C429341B4BF0123002303600120BF
:102D1000BDE8F0810021E0E7442B02D16B69334428
:102D2000DDE7A30705D1642194FBF1F301FB134315
:102D300093BB4FF4C87194FBF1F301FB1343B3FA57
:102D400083F35B095942DFF864C0D5F80C8001F0C9
:102D5000300133464FF0000E61440EF1010EF04594
:102D600051F82EC01ADC03F1040E07219EFBF1F18D
:102D7000C1EBC101AEEB010E6969B1EB0E0E296921
:102D800001F1FF3148BF0EF1070EC1EBC1017144E3
:102D9000614505DA0B44A2E70123D3E76344DCE78E
:102DA0000739F5E70020B3E78051010080490508A5
:102DB000014800F018BB00BF5CC90424014800F0C2
:102DC00014BB00BF5CC90424014B186800F002B8B2
:102DD000880300242DE9F04F8DB0054602F0BAF9C2
:102DE000BC49BD4F0446284601F07EF939680646C5
:102DF00010BBBA4BBA4A1860BA4BA6621860BA4BFD
:102E00002665C3E900224A2000220023207284F8AC
:102E10003000C4E90366C4E90566C4E90823C4E9CF
:102E20000D66C4E90F66C4E912230846FEF7ACFA42
:102E30003E600DB0BDE8F08F002940F08F8038680B
:102E4000FEF7A2FA3046BDF733FE411C2846FEF7D6
:102E5000C5FA3860002840F08780A24AA24FDFF808
:102E60007CA200231360A14ACAF800300020002190
:102E7000C7E90022C4E90333C4E90533C4E9080102
:102E8000C4E90D33C4E90F33C4E912014A222272A6
:102E9000A36284F83020236533783A2B08BF0136CB
:102EA0000DF1280B33783C2B62D1751C904A914967
:102EB0005B46284602F0F2F80028BADD0A9BDA1ECB
:102EC000072AB6D8EA5C3E2AB3D10236F518F35C7D
:102ED0002D2B5BD101354FF0FF380023ADF81E30AC
:102EE000ADF820300DF120090DF11E030093CDE95E
:102EF00001B98149CDF80CB05B4607AA284602F01B
:102F0000CDF8002895DDBDF81E30BDF820603C22CC
:102F100002FB0366BDF81C304FF4616202FB0366DE
:102F20000A9B08FB06F605EB0308EB5C3C2B40F024
:102F3000ED8008F10105714A6E495B46284602F0B2
:102F4000ADF8002828DC98F801303E2B24D1684BDE
:102F5000A662C7E90033CAF800606AE7BDF74AFD18
:102F600000287FF46CAF64E7314600F040FA74E764
:102F70005F4A63495B46304602F090F800287FF7CD
:102F800058AF0A9BDA1E072AA0D952E72B2B08BF9D
:102F900001354FF00108A0E70A9BDA1E072A3FF629
:102FA00048AFEA5C3E2A7FF444AF08F1020808EB20
:102FB000030518F803302D2B40F0B78001354FF092
:102FC000FF380023ADF81C30ADF81E30ADF82030CE
:102FD0000A930DF11E030093CDE9029B4649CDF8FB
:102FE00004B05B4607AA284602F058F8002800F310
:102FF000A280A6F5616304930A9BA0461D444FF08E
:10300000000B2B782C2B08BF013595F80090B9F1F7
:103010004D0F40F0A0800AAB0DF12602CDE9013240
:1030200009AA0092374903930DF12202284602F0C3
:1030300035F803287FF4FDAEBDF822104B1E0B2B94
:103040003FF6F7AEBDF82420531E042B3FF6F1AE39
:10305000BDF82630062B3FF6ECAEC8E9031288F81F
:103060000890C8F814300A9B05EB030900254FF0BF
:103070000203ADF81C30ADF81E50ADF820500A9593
:1030800099F800302F2B40F094800AAB08AACDE9C4
:1030900001320DF11E0200921B49039307AA484614
:1030A00001F0FCFFA84200F384804A2100220023A3
:1030B000C4E90355C4E90555C4E90823C4E90D551D
:1030C000C4E90F55C4E912232172A56284F83010B7
:1030D0002565AEE6CE46050834C9042450C904244B
:1030E000D146050854C9042480030024D3450508AB
:1030F00044C90424D54605080A47050838C90424EC
:10310000E8460508F646050809470508404A4149CA
:103110005B46404601F0C2FF00287FF718AF0A9BCC
:10312000DA1E072A7FF643AF83E62B2B08BF013553
:103130004FF0010845E7BDF81E20BDF820303C21C6
:1031400001FB0233BDF81C204FF4616101FB023327
:1031500008FB03F34FE7B9F14A0F06BF01354B46B1
:1031600044230A220BA92846059301F0BBFBDDF896
:103170002C90059BADF82600A94514D14D23BBF139
:10318000000F07D1237203210223C4E90313C4F8FB
:1031900014B06BE784F830300B220123C4E90D230F
:1031A0000023E36362E780B288F80830C8F81400AF
:1031B0005CE7BDF81E20BDF820303C2101FB023346
:1031C000BDF81C204FF4616101FB0233C8F81830D0
:1031D0000A9D0BF10103022B4D4408F128084FF022
:1031E000010B7FF40EAF049B23650B4B3B606068C3
:1031F000074BA6627B60FFF729FDA26A236DCAF820
:1032000000209B1A054A18BF0123136011E600BF76
:1032100038C90424E846050844C9042454C90424D0
:10322000004870472005002438B5064D00230446A9
:1032300008462B60E0F78AFF431C02D12B6803B1DC
:10324000236038BD58C904242D4B1B68834270B5D8
:10325000044653D0C3691BB3DB6863B10025E3693F
:10326000DB685959B1B90435802DF8D1E36920469E
:10327000D96800F0B3FEE369196811B1204600F087
:10328000ADFEE3699D685DB1294620462D6800F0DA
:10329000A5FEF8E70E68204600F0A0FE3146E1E703
:1032A000616911B1204600F099FEE16911B1204633
:1032B00000F094FE216B11B1204600F08FFE616B8F
:1032C00011B1204600F08AFEA16B11B1204600F03A
:1032D00085FEA16C11B1204600F080FE616C11B139
:1032E000204600F07BFEE16A11B1204600F076FE38
:1032F000236A1BB12046BDE87040184770BD00BF6F
:103300008803002438B5074D0446084611460022BC
:103310002A601A46E0F741FF431C02D12B6803B133
:10332000236038BD58C9042438B5074D0446084603
:10333000114600222A601A46E0F7EBFE431C02D138
:103340002B6803B1236038BD58C9042438B5064D35
:103350000023044608462B60E0F77EFE431C02D1A2
:103360002B6803B1236038BD58C9042438B5074D14
:1033700004460846114600222A601A46E1F728FF53
:10338000431C02D12B6803B1236038BD58C9042403
:10339000014B1868704700BF8803002470B50D4BBF
:1033A0000D4D5B1B9C100026A64209D102F0ACFB20
:1033B0000A4D0B4B5B1B9C100026A64205D170BD2D
:1033C00055F8043B98470136EEE755F8043B98471B
:1033D0000136F2E7284C0508284C0508284C05085A
:1033E0002C4C05087047704770477047704703467C
:1033F00011F8012B03F8012B002AF9D170470A4478
:10340000914200F1FF3300D1704710B511F8014B24
:1034100003F8014F9142F9D110BD08B5062001F023
:1034200091FE0120E0F76AFE10B591FBF2F402FB79
:1034300014110460416010BD2DE9F74F03690C6958
:10344000A34207467EDB013C01F11408A30000F112
:103450001405009305EB8403019358F8243055F8C4
:10346000242001339A4208EB8409B2FBF3F62ED3F1
:103470004FF0000AC446AE46D3465CF8043B98B20F
:1034800006FB00A0020C1B0C06FB0323DEF8002049
:1034900080B292B2121A5A44DEF800004FEA134A80
:1034A0009BB2C3EB224303EB104392B242EA0342C6
:1034B000E1454EF8042B4FEA234BDED2009BEB583C
:1034C0002BB9019B043B9D421A462FD33C613846E1
:1034D00001F08CF8002825DB2946002058F8042B41
:1034E000D1F800C01FFA82FE1FFA8CF3A3EB0E0383
:1034F0000344120CC2EB234202EB1C429BB243EA90
:103500000243C14541F8043B4FEA2240E6D255F858
:10351000242005EB840322B9043B9D421A460BD3B9
:103520003C610136304603B0BDE8F08F1268043BC1
:10353000002ACBD1013CC6E71268043B002AEFD138
:10354000013CEAE70020EEE72DE9F04F2DED028B7C
:1035500091B08DED080B0792C2691C9E059155EC48
:10356000104B81460D9382B91020FDF705FF0246EE
:10357000C9F81C0020B99E4BEF219E48FDF7C2FE02
:103580000023C0E901330360C360116859B1526878
:103590004A60012393408B60484600F0E9FDD9F86A
:1035A0001C3000221A602F1EB5BF01230023336098
:1035B0003360914BBCBF27F000470997BB4310D144
:1035C0000D9AC7F3130742F20F732743136000F0FD
:1035D000D4841D9B894F002B00F0D684FB1C00F087
:1035E000D1BC9DED088BB5EE408BF1EE10FA0AD1FF
:1035F0000D9A012313601D9B13B11D9A804B13601C
:10360000804F00F0C1BC0EAA0FA94846B0EE480B8F
:1036100001F0A0F83B0D0E9A019046D0B0EE487B29
:1036200018EE901AC1F3130141F07F5141F440119B
:10363000A3F2FF33002007EE901AB7EE086B9FED60
:10364000665B37EE467B9FED666BA7EE056B9FEDE5
:10365000665B07EE903AB8EEE74BB0EE467BA4EE21
:10366000057BFDEEC76BB5EEC07BF1EE10FA16EEF2
:10367000908A0B9008D5B8EEE66BB4EE476BF1EE8E
:1036800010FA18BF08F1FF38B8F1160F2BD85E49B1
:1036900001EBC80191ED007BB4EEC78BF1EE10FA9F
:1036A00001D508F1FF3800211EE00F9B134403F2FF
:1036B00032412029C1BFC1F140018F4003F21241C4
:1036C00024FA01F1D6BFC1F12001394304FA01F116
:1036D00007EE901AB8EE677B013B17EE901A0120B7
:1036E000A1F1F871A7E70121D21A531E049345BF37
:1036F000C2F101030293002300234CBF0493029301
:10370000B8F1000F0C9118DB049BCDF828804344DE
:1037100004930023059A092A45D8052AC4BF043A10
:103720000592059AA2F10202CCBF00240124032ACB
:1037300044D8DFE802F03436170B029B0022A3EBDB
:10374000080302930A92C8F10003E3E701220692FC
:10375000079A08EB020B0BF1010A5246012AB8BF87
:10376000012206E001220692079A002A29DD9346EB
:103770009246D9F81C500021042000F1140696420C
:1037800026D969604846039300F0B4FC039B0746C2
:1037900000283DD11D4B024640F2AF11EDE600225C
:1037A000E1E70022D3E701240022CDE905244FF010
:1037B000FF3B0021DA4612220791DAE70122069246
:1037C000F5E74FF0010BDA465A46CDF81CB0D0E7CA
:1037D00001314000D1E700BF61436F63A787D23F4B
:1037E000B3C8608B288AC63FFB799F501344D33FF0
:1037F000D4450508294705080000F07F254705083E
:103800001D4805081C480508184A05088147050891
:10381000D9F81C20BAF10E0F106060D8002C5ED0D1
:10382000B8F1000F40F3A580BE4A08F00F0102EB8B
:10383000C10218F4807F92ED006B4FEA281100F06E
:103840008A80B94A92ED087B01F00F01032288EECD
:10385000075BB548002940F0828085EE067B0C9915
:10386000002900F0AC80B7EE006BB4EEC67BF1EE41
:1038700010FA40F1A480BAF1000F00F0A080BBF173
:10388000000F2CDDB2EE046B27EE067B08F1FF3152
:10389000039101325E4606EE902AB1EE0C5BB8EE63
:1038A000E66BA6EE075B15EE902A51EC150BA2F124
:1038B000507141EC160B002E40F08580B1EE045B98
:1038C00037EE457BB4EEC67BF1EE10FA00F363826F
:1038D000B1EE466BB4EEC67BF1EE10FA1FD40F9A30
:1038E000002AC0F22381B8F10E0F00F31F818D4B27
:1038F00003EBC80393ED007B079B002B80F2C6808F
:10390000BAF1000F00F3C28009D1B1EE046B27EECB
:10391000067BB4EEC78BF1EE10FA00F23982002676
:103920003446079BDB4303933D46A04600243146C3
:10393000484600F01DFCB8F1000F00F0A1802CB14A
:10394000444503D02146484600F012FC4146484613
:1039500000F00EFC94E00222B0EE485B79E7CE075F
:1039600004D590ED007B013226EE076B491008303C
:1039700070E720D0C8F100016A4A01F00F0002EBA5
:10398000C00292ED007B684828EE077B09110024F5
:103990000222B0EE476B19B9002C07FE067B5EE7EA
:1039A000CD0705D590ED005B0132012426EE056BB5
:1039B00049100830EFE70222B0EE487B4FE7CDF820
:1039C0000C80564667E7574A02EBC60212ED024BDF
:1039D000069AB9194AB3B6EE003BB7EE002B3D4646
:1039E00083EE045BB2EE043B35EE466BFDEEC74B57
:1039F00014EE902AB8EEE45B303237EE457BB4EE3D
:103A0000C67BF1EE10FA05F8012B39D432EE475B94
:103A1000B4EEC65BF1EE10FA6DD48D423FF45FAFA9
:103A200026EE036B27EE037BE0E7384624EE065BC9
:103A3000B2EE043BFDEEC74B14EE902A303200F894
:103A4000012B8842B8EEE46B37EE467B1BD1B6EE15
:103A5000006B35EE064BB4EEC47BF1EE10FA07EBCB
:103A6000060548DC36EE456BB4EEC67BF1EE10FA87
:103A70007FF535AF2B4615F8012D302AFAD01D46BB
:103A8000DDF80C8025E027EE037BD3E73D46B2EE60
:103A9000045B88EE076BBDEEC66B16EE103A303352
:103AA00005F8013BEB1B9A45B8EEC64BA4EE478BDD
:103AB00030D138EE088BB4EEC78BF1EE10FA18DC7B
:103AC000B4EE478BF1EE10FA03D116EE103ADB0795
:103AD0000FD40199484600F04BFB00230D9A2B7040
:103AE00008F1010313601D9B002B00F04D821D6047
:103AF0004AE2CDF80C802B461D4613F8012D392AD9
:103B000005D19F42F8D1039A01320392302201324B
:103B10001A70B5E728EE058BB5EE408BF1EE10FA82
:103B2000B7D1D6E7184A0508F049050806990029D3
:103B300000F0EA800599012900F3CC800B99002957
:103B400000F0C48002F23342029D1E460393029BA2
:103B500013440293049B012113444846049300F04C
:103B6000BBFB039B044665B1049A002A09DDAA4207
:103B70000299A8BF2A46891A02910499AD1A8A1A95
:103B800004920BB3069A002A00F0C580002E00F0C4
:103B9000BF802146324648460B9300F05DFC019AF7
:103BA00001460446484600F0ADFB019903904846A3
:103BB00000F0DEFA0B9B9B1B00F0B08003991A46C5
:103BC000484600F049FC01900121484600F084FB82
:103BD0000A9B0646002B00F0DD811A460146484646
:103BE00000F03AFC059B012B064600F3A080089BE1
:103BF000002B40F09680099BC3F31302002A40F08B
:103C0000928023F00042120D1205002A00F08D80F0
:103C1000029B01330293049B0133049301230B9312
:103C20000A9B002B00F0BC81326906EB820210690E
:103C300000F006FBC0F12000049B184410F01F00A8
:103C400000F08180C0F12002042A73DD029BC0F1E4
:103C50001C0003440293049B054403440493029B09
:103C6000002B05DD01991A46484600F051FC0190F1
:103C7000049B002B05DD31461A46484600F048FCFF
:103C800006460C9B002B60D00198314600F0AEFC3C
:103C900000285ADA08F1FF330393019900230A221E
:103CA000484600F087FA069B0190002B00F07A81CD
:103CB000214600230A22484600F07CFABBF1000F9F
:103CC00004466EDC059B022B48DC6AE00E9AC2F1CA
:103CD000360239E70AF1FF36B34207DBBAF1000FCB
:103CE000A3EB06060BDB029D52462FE7F21A0A9B56
:103CF000029D13440A9352463346002626E7029A51
:103D0000A2EB0A05002221E7029D069C1E462AE737
:103D1000019A039252E701991A4651E7039B0193D6
:103D200052E700237BE7089B79E70B9278E70023B3
:103D30000B9379E793D0029B1C3213440293049BAC
:103D4000154413448AE70246F5E7BAF1000FCDF8AF
:103D50000C80D34621DC059B022B1EDDBBF1000F3E
:103D60007FF4DFAD31465B460522484600F022FA7B
:103D700001460646019800F039FC00287FF7D1ADD6
:103D80003D46312305F8013B039B01330393CCE50A
:103D9000CDF80C8056463446F2E7069B002B00F027
:103DA0000581002D05DD21462A46484600F0B0FB7E
:103DB00004460B9B002B57D06168484600F09AF9E7
:103DC000054628B9834B024640F2EF21FFF7D5BBE9
:103DD00022690232920004F10C010C30FFF70FFB54
:103DE00001222946484600F093FB80467B1C029343
:103DF00007EB0B030A93089B03F001030793029B55
:103E00000198314603F1FF3BFFF716FB2146049072
:103E100000F1300A019800F0E9FB42460690314675
:103E2000484600F0FFFBC2680546FAB90146019812
:103E300000F0DCFB024629464846089200F098F95B
:103E4000059B089A029D42EA0301079B19430FD183
:103E5000BAF1390F28D0069B002B02DD049B03F139
:103E6000310A8BF800A062E5A046BFE70122E2E735
:103E7000069B002B04DB05990B4307990B4320D1CC
:103E8000002AEEDD01990122484600F041FB31464F
:103E9000019000F0ABFB002803DCE2D11AF0010F27
:103EA000DFD0BAF1390FD9D139238BF800302B4646
:103EB0001D46013B15F8012C392A56D001321A70E3
:103EC00035E5002A07DDBAF1390FEDD00AF101031B
:103ED0008BF800302BE5029B029A03F801AC0A9B99
:103EE00093422CD0019900230A22484600F062F93F
:103EF000444501904FF000034FF00A022146484626
:103F000007D100F057F904468046029B0133029323
:103F100075E700F04FF94146044600230A2248465F
:103F200000F048F98046F0E7BBF1000F0BF1FF35D8
:103F300007F10102D8BF0025A046154400240199CD
:103F40000122484600F0E4FA3146019000F04EFBB1
:103F50000028ACDC02D11AF0010FA8D12B461D4677
:103F600013F8012D302AFAD0E1E49F42A0D1039B3F
:103F70000133039331233B70D9E41D9B164F1BB1D2
:103F800007F108031D9A1360384611B0BDEC028B8F
:103F9000BDE8F08F059B012B7FF729AE0A9B0B93A1
:103FA000012049E6BBF1000F7FF7D5AE3D460198F1
:103FB0003146FFF741FA00F1300A05F801ABEA1B80
:103FC0009345B1DD019900230A22484600F0F2F83A
:103FD0000190ECE7814705081C47050838B5054600
:103FE000002941D051F8043C0C1F002BB8BFE41845
:103FF000FDF774FA1D4A136833B9636014602846EC
:10400000BDE83840FDF770BAA34208D920682118EE
:104010008B4201BF19685B6809182160EDE71A46F9
:104020005B680BB1A342FAD911685018A0420BD1BA
:1040300020680144501883421160E0D118685B6821
:10404000536008441060DAE702D90C232B60D6E7EE
:10405000206821188B4204BF19685B68636004BF45
:10406000091821605460CAE738BD00BFF4C70424B2
:104070002DE9F84FDFF86CA006468946174601F097
:1040800049F9DAF8004034B14B46984613F8012B51
:104090003AB13D2AF9D1304601F042F90020BDE89D
:1040A000F88FA8EB0908A34654F8040B0028F2D0B7
:1040B00042464946FEF70EFA0028F4D154F8043C73
:1040C00003EB080513F808303D2BECD1DAF800308B
:1040D000ABEB03039B1030463B6001F021F9681CF9
:1040E000DDE700BF7400002407B501AAFFF7C0FF99
:1040F00003B000BD70B5C46905460E4684B91020F2
:10410000FDF73AF90446E86128B90246164B17480C
:104110006B21FDF7F7F80023C0E901330360C360AA
:10412000E36853B9212204212846FDF711F9EB6910
:10413000E060DB680BB9002070BD53F8260030B199
:10414000026843F826200023C0E90333F4E7012185
:1041500001FA06F4621D92002846FDF7F9F80028DE
:10416000E9D0C0E90164EEE7D445050892470508A7
:1041700070B5C66905460C4676B91020FDF7FCF807
:104180000246E86120B9094B09488F21FDF7BAF8CA
:10419000C0E901660660C6603CB1EB696268DB6835
:1041A00053F82210216043F8224070BDD445050821
:1041B000924705082DE9F0410D6907460C461E4659
:1041C00001F1140C0020DCF8003099B202FB01610F
:1041D0001E0C0B0C02FB063389B2013001EB0341CC
:1041E00085424CF8041B4FEA1346ECDC0EB3A3687F
:1041F000AB4219DC616838460131FFF77BFF80462E
:1042000028B902460C4B0D48BA21FDF77BF822690C
:10421000023204F10C0192000C30FFF7F0F8214655
:104220003846FFF7A5FF444604EB850301355E6180
:1042300025612046BDE8F0818147050892470508C1
:10424000B0F5803F034636BF030400201020B3F1D1
:10425000807F3CBF1B020830B3F1805F3CBF1B0175
:104260000430B3F1804F3CBF9B000230002B05DBD4
:1042700013F0804F00F1010008BF20207047036851
:10428000024613F007000BD0D90721D4980749BF85
:104290005B089B08012013605CBF1360022070471D
:1042A00099B209B91B0C1020D9B209B908301B0A00
:1042B000190704BF1B090430990704BF9B0802308B
:1042C000D90703D45B0800F1010003D013607047E5
:1042D000002070472020704710B50C460121FFF7E1
:1042E00009FF024628B9054B054840F24511FDF784
:1042F00009F801234461036110BD00BF814705082F
:10430000924705082DE9F04FD1F81090D2F810A08F
:10431000D14585B08846144604DB53460C46CA4650
:1043200090469946A36861680AEB0906B342B8BF94
:104330000131FFF7DFFE30B90246454B45484FF4E7
:10434000B171FCF7DFFF00F1140505EB86072B4682
:104350000022BB421FD304F1140C08F114010CEB32
:104360008A0301EB890202921A1B153A22F003021A
:1043700015349C4288BF00220192029A03918A421E
:104380000CD8002E03DD57F8043D002B5DD00661EC
:1043900005B0BDE8F08F43F8042BDAE7B1F800A0D0
:1043A000BAF1000F24D0E046A9464FF0000E58F8AD
:1043B000042BD9F800401FFA82FBA4B20AFB0B447D
:1043C0004FEA124BD9F8002074444FEA124E0AFB10
:1043D0000BE202EB1442A4B244EA0244434549F81A
:1043E000044B4FEA124EE2D8019AAA18C2F804E030
:1043F000039AB2F802800431B8F1000F23D02A6882
:10440000E6469146AA464FF0000BBEF8004008FB76
:1044100004B404EB194492B242EA04424AF8042B71
:104420005EF8042BDAF800904FEA124B1FFA89F27B
:1044300008FB0B2202EB144273454FEA124BE4D8FF
:10444000019C2C196260043597E7013E99E700BF93
:1044500081470508924705082DE9F843174612F0F1
:10446000030280460D4607D0264C013A002354F83B
:104470002220FFF79FFE0546BF103FD0D8F81C4012
:1044800094B91020FCF778FF0446C8F81C0030B936
:1044900002461D4B1D4840F2B311FCF733FF0023C9
:1044A000C0E901330360C360A66846B940F27121D8
:1044B0004046FFF711FF0023A060064603602C462C
:1044C0004FF0000907F001037F1053B1294632462F
:1044D0004046FFF717FF214605464046FFF748FED6
:1044E00067B1306838B9324631464046FFF70AFFB7
:1044F0003060C0F8009006462C46E3E72846BDE849
:10450000F88300BFE4490508D4450508924705082B
:104510002DE9F84F0C464968236903EB6218A3683C
:10452000074615464FEA621A08F101094B450BDBB5
:104530003846FFF7DFFD064648B90246294B2A48B0
:104540004FF4EF71FCF7DEFE01315B00EEE7002374
:1045500000F1140C00F110021946534535DB2269B5
:104560002AEAEA7A0CEB8A0C04F1140315F01F0E08
:10457000614603EB82022CD0CEF1200A0025186898
:104580008B4600FA0EF02843CBF8000053F8045B8A
:104590009A4201F1040125FA0AF5F0D8131B153BE4
:1045A00023F0030304F115018A4238BF00239C4421
:1045B000CCF8045005B9C1463846C6F810902146DB
:1045C000FFF7D6FD3046BDE8F88F42F8041F0133EF
:1045D000C3E753F8045B0D609A4201F10401F8D877
:1045E000E9E700BF81470508924705080A690346C5
:1045F0000069801A30B50ED11433143103EB8204F4
:1046000001EB820154F8045D51F8042D954203D06A
:1046100005D24FF0FF3030BDA342F3D3FBE70120BA
:10462000F9E700002DE9F74F8A4606461146504645
:104630001446FFF7DBFF051E12D129463046FFF76F
:1046400059FD024628B9414B40F237214048FCF75A
:1046500059FE0123C0E90435104603B0BDE8F08FD0
:10466000BCBF5346A2463046DAF80410BABF1C4617
:1046700001250025FFF73EFD024618B9334B40F2F5
:104680004521E3E7DAF810702669C5600AF11409DC
:1046900004F1140E00F114050AF1100309EB870868
:1046A0000EEB86060193AB464FF0000C019B5EF8C3
:1046B000040B53F804AF01931FFA8AF3194683B22F
:1046C000CB1A000C6344C0EB1A4000EB23409BB2B2
:1046D00043EA004376454BF8043B4FEA204CE5D8CB
:1046E000331B153B153423F00303A64238BF0023C8
:1046F000E8184B441C1D04302646A5EB0905464529
:1047000006EB050E0ED308F10301091B21F003018E
:104710000133984538BF0021014451F8043D9BB155
:10472000176199E756F8041BE2464FEA11491CFA53
:1047300081FC514409EB2C4989B241EA09414FEA15
:10474000294CCEF80010DAE7013FE6E7814705087B
:10475000924705082DE9F7430F46012159EC108BCC
:104760001646FFF7C7FC044630B90246234B2448DF
:1047700040F20F31FCF7C6FDC9F30A55C9F3130324
:104780000DB143F480130193B8F1000323D06846C0
:104790000093FFF774FD0099D8B1019AC0F120038E
:1047A00002FA03F30B43C24063610192019BA361D0
:1047B000002B0CBF012202222261A5B1A5F23345D4
:1047C00005443D60C0F135003060204603B0BDE8CF
:1047D000F0836161EAE701A8FFF751FD019B636186
:1047E00020300122E8E704EB8203A0F23240386077
:1047F0001869FFF725FDC0EB4210E5E78147050882
:10480000924705082DE9F043344E86460D4628466A
:1048100015F8014B375D17F00807F8D12D2C10D192
:104820002C780127851C33F0100015D1302C0DD1C8
:10483000287800F0DF00582808D16C780235102362
:104840000AE02B2C04BF2C78851CECE7002BF6D15A
:10485000302C14BF0A2308234FF0FF380026B8FB82
:10486000F3F803FB08F96FEA09093046A4F1300CAC
:10487000BCF1090F10D86446A3421EDDB6F1FF3F1C
:1048800007D0804516D301D1A14513DB00FB0340BF
:10489000012615F8014BE9E7A4F1410CBCF1190F11
:1048A00001D8373CE8E7A4F1610CBCF1190F04D83A
:1048B000573CE1E74FF0FF36EBE7731C06D12223AC
:1048C000CEF80030304632B9BDE8F08307B140423F
:1048D000002AF9D006B1691E1160F5E722480508E3
:1048E000FFF790BF13460A46014602480068FFF7EB
:1048F00089BF00BF880300242DE9F0478E681F465A
:10490000BE4282460C469046334653D8B1F90C005D
:1049100010F4906F2BD065692368096905EB450594
:10492000A3EB010905EBD5757B1C6D104B44AB4225
:104930002A4684BF1D462A46430527D511465046C0
:10494000FCF74CFD064658B321694A46FEF757FD71
:10495000A38923F4906343F08003A38126616561FA
:104960004E44A5EB09052660A5603E463B461F4622
:1049700020683A464146FDF77FFDA3689B1BA36074
:1049800023683B4423600020BDE8F087504600F0D8
:10499000DFFC06460028E1D121695046FFF71EFBE7
:1049A0000C23CAF80030A38943F04003A3814FF0E1
:1049B000FF30E9E73E46DBE72DE9F0471F468B89EC
:1049C0001B069CB006460D46144610D50B6973B9FC
:1049D0004021FCF703FD2860286130B90C233360C7
:1049E0004FF0FF301CB0BDE8F08740236B6100231F
:1049F000099320238DF8293003973023654F8DF8D4
:104A00002A304FF001082346994613F8012B0AB1CA
:104A1000252AF9D1B9EB040A0BD053462246294680
:104A20003046FFF769FF013000F0A480099A524434
:104A3000099299F80030002B00F09C8000234FF081
:104A4000FF32CDE9052309F10109049307938DF89D
:104A500053301A934C464F4814F8011B0522BBF7FC
:104A6000D7FF049BD0B9D80644BF20228DF853202D
:104A7000190744BF2B228DF8532099F800202A2AC9
:104A800013D0079A4C4600204FF00A0C214611F82B
:104A9000013B303B092B49D968B913E0C01B08FA28
:104AA00000F018430490A146D4E7039A111D126840
:104AB0000391002A01DB079204E0524243F0020313
:104AC0000792049323782E2B0AD163782A2B32D1B4
:104AD000039B1A1D1B68039243EAE3730234059398
:104AE000DFF8C090217803224846BBF791FF38B128
:104AF000049BA0EB0900402282401343013404933D
:104B000014F8011B24488DF828100622BBF780FFFB
:104B1000002835D0214818BB039B073323F0070337
:104B200008330393099B034409936CE70CFB02329F
:104B30000C460120AAE700230134059319464FF0E3
:104B40000A0C204610F8012B303A092A03D9002B11
:104B5000C6D00591C4E70CFB012104460123F0E710
:104B600003AB00932A460E4B04A93046FCF70CFE1B
:104B7000421CD7D1AB895B063FF532AF099831E7CC
:104B800003AB00932A46064B04A93046FDF784F890
:104B9000EEE700BFEB470508F5470508891704084D
:104BA000F9480408F14705089368013B002B10B44D
:104BB000936008DA9469A34201DB0A2903D15DF806
:104BC000044BFDF7B7BB1368581C106019700846FA
:104BD0005DF8044B7047F8B506460F461446D518E5
:104BE000AC4201D1002007E014F8011B3A463046E0
:104BF000FFF7DAFF431CF3D1F8BD00002DE9F047C1
:104C00000D469CB014461F46064618B1036A0BB900
:104C1000FDF7F6F96B6ED90705D4AB899A0502D476
:104C2000A86DFEF7E1FBAB891B0701D52B699BB98A
:104C300029463046FDF7BCFB70B16B6EDC0704D52E
:104C40004FF0FF301CB0BDE8F087AB899805F7D472
:104C5000A86DFEF7CBFBF3E70023099320238DF823
:104C60002930039730236A4F8DF82A304FF001081E
:104C70002346994613F8012B0AB1252AF9D1B9EB3D
:104C8000040A0BD05346224629463046FFF7A3FFBD
:104C9000013000F0A480099A5244099299F800303A
:104CA000002B00F09C8000234FF0FF32CDE905235C
:104CB00009F10109049307938DF853301A934C4678
:104CC000534814F8011B0522BBF7A2FE049BD0B980
:104CD000D90644BF20228DF853201A0744BF2B2247
:104CE0008DF8532099F800202A2A13D0079A4C46B1
:104CF00000204FF00A0C214611F8013B303B092BF4
:104D000049D968B913E0C01B08FA00F018430490B1
:104D1000A146D4E7039A111D12680391002A01DB12
:104D2000079204E0524243F002030792049323786F
:104D30002E2B0AD163782A2B32D1039B1A1D1B68B4
:104D4000039243EAE37302340593DFF8D4902178A9
:104D500003224846BBF75CFE38B1049BA0EB090078
:104D60004022824013430134049314F8011B294864
:104D70008DF828100622BBF74BFE00283ED02648AF
:104D800018BB039B073323F0070308330393099BE6
:104D9000034409936CE70CFB02320C460120AAE79E
:104DA00000230134059319464FF00A0C204610F8F1
:104DB000012B303A092A03D9002BC6D00591C4E74C
:104DC0000CFB012104460123F0E703AB00932A46C4
:104DD000124B04A93046FCF7D7FC431CD7D16B6EAD
:104DE000D90705D4AB899A0502D4A86DFEF7FEFA5F
:104DF000AB895B063FF524AF099823E703AB00932B
:104E00002A46064B04A93046FCF746FFE5E700BFFB
:104E1000EB470508F547050889170408D74B040830
:104E2000F1470508B1F90C202DE9F04116070546B8
:104E30000C4651D44B68002B02DC0B6C002B49DD77
:104E4000E66A002E46D0002312F480522F682B60B1
:104E500031D0626DA389590705D56368D21A636B97
:104E60000BB1236CD21A0023E66A216A2846B047A8
:104E7000421CB4F90C3006D129681D2946D8294AAC
:104E8000CA40D60742D500226260D9042269226056
:104E900004D5421C01D12B6803B96065616B2F609A
:104EA000C1B104F14403994202D02846FFF796F8B5
:104EB000002363630EE0216A01232846B0470246BF
:104EC000501CC7D12B68002BC4D01D2B01D0162B32
:104ED0001AD12F6000201EE00F69002FFAD093072F
:104EE0000E6808BF4B690F6018BF0023A6EB0708C8
:104EF0008B60B8F1000FEDDD216AA66A43463A46A1
:104F00002846B047002808DCB4F90C3043F04003D1
:104F1000A3814FF0FF30BDE8F0810744A8EB000803
:104F2000E7E700BF0100402038B50B6905460C4695
:104F300013B90025284638BD18B1036A0BB9FDF72F
:104F40005FF8B4F90C30002BF3D0626ED00704D4B4
:104F5000990502D4A06DFEF747FA28462146FFF7CF
:104F600061FF636EDA070546E4D4A3899B05E1D4AB
:104F7000A06DFEF73BFADDE770B50C46B1F90E10F7
:104F8000002996B015461E460ADAA18911F0800163
:104F900013D14FF48062002031602A6016B070BDDA
:104FA0006A4600F081F90028EFDB019901F47041B5
:104FB000A1F5005359425941EBE700214022EAE7AD
:104FC0008B8973B59E0705460C4607D504F1470348
:104FD000236023610123636102B070BD01AB6A46A7
:104FE000FFF7CAFF009E28463146FCF7F7F9B4F9EF
:104FF0000C3038B99A05EFD423F0030343F00203D1
:10500000A381E3E743F08003A381019B2060C4E90F
:105010000406002BE0D0B4F90E10284600F056F933
:105020000028D9D0A38923F0030343F00103A3810F
:10503000D2E770B50D461446064618B1036A0BB99F
:10504000FCF7DEFF636ED80705D4A389990502D467
:10505000A06DFEF7C9F9A368013B002BA36005DA38
:10506000A269934212DBEBB20A2B0FD023685A1CC1
:1050700022601D70EDB2636EDA0705D4A3899B052B
:1050800002D4A06DFEF7B2F9284670BD294622462B
:105090003046FDF74FF90546EDE700000EB470B558
:1050A0009DB021AC00254FF4017254F8046BADF8AB
:1050B00014201B9502900690BBF7FAFC0B4B039053
:1050C00007900B480B934FF6FF73ADF8163032463E
:1050D000234602A900680F951495019400F0CEF9BB
:1050E0001DB0BDE8704003B0704700BF53220408F4
:1050F000880300241F2938B505460C4604D9162319
:1051000003604FF0FF3038BDC26B12B152F821304E
:105110004BB9284600F0FCF8224601462846BDE877
:10512000384000F0E3B8012B0AD0591C03D11623F4
:1051300003600120E7E7002142F824102046984749
:105140000020E0E7024B01461868FFF7D3BF00BF1D
:105150008803002400487047D80300242DE9F0415B
:105160004D4A0C460023D0E90001BBF7A9FC002AF8
:10517000BCBF02F5A83202F5C0724FF4616100F5C0
:105180002F20B2FBF1F301FB13224FF03C01ACBF27
:1051900000F66C2000F66B20A360B2FBF1F301FB7C
:1051A000132263602260C31C072293FBF2F2C2EB5E
:1051B000C2029B1A394955D50733A361A0F50E33B6
:1051C000A3F52C7393FBF1F1354B03FB010048F67B
:1051D000AC63B0FBF3F3034440F2B45CB0FBFCF20D
:1051E0009B1A40F26D172F4AB0FBF2F264269B1A0D
:1051F000B3FBF7F2B3FBFCF3B2FBF6F5EB1A034497
:1052000007FB1233992003EB8307023703F1010EEA
:10521000B7FBF0FC00FB0CF002304FF00508B0FBD0
:10522000F8F0AEEB000040F2F95E77458CBF6FF00E
:105230000907022767444FF4C87C0CFB0121012FAA
:1052400098BF0131B3F5997F12D3A3F59973E36148
:10525000A1F26C710023E060C4E90471236220466E
:10526000BDE8F0810028A361A8DB90FBF1F1ABE77A
:1052700012F0030F02D106FB15255DB94FF4C87576
:10528000B2FBF5F605FB1622B2FA82F252093B3365
:105290001344DCE70122FAE780510100B13A020031
:1052A0004FC5FDFFB03A020038B5074D0023044654
:1052B000084611462B60DEF755FF431C02D12B68D0
:1052C00003B1236038BD00BF58C9042438B5064D6A
:1052D0000023044608462B60DEF754FF431C02D12E
:1052E0002B6803B1236038BD58C9042438B5074D75
:1052F00000230446084611462B60DEF7EDFE431CF2
:1053000002D12B6803B1236038BD00BF58C9042403
:10531000DEF7DABE0148FEF767B800BF5DC90424B6
:105320000148FEF763B800BF5DC9042482B001B92B
:1053300001A942B14BB113780B601278101E18BF4F
:10534000012002B070471046FBE76FF00100F8E75C
:105350002DE9F041074614460D4621B9BDE8F0415C
:105360001146FCF73BB82AB9FEF738FE2546284619
:10537000BDE8F08100F0BFFB8442064602D8B4EBE2
:10538000500FF4D821463846FCF728F8804608B973
:105390004546ECE7B4422246294628BF3246FEF78E
:1053A0002EF829463846FEF719FEF1E7034608466F
:1053B00041B1FF2A04D98A221A604FF0FF307047AA
:1053C0000A700120704738B54B1C144603D14FF0CA
:1053D000FF35284638BD938923F020039381636B02
:1053E0005268CDB28BB1A36B934208DD23685A1E7D
:1053F000226003F8015C636801336360E9E72146DA
:1054000000F03FFB0028F1D0E1E72169236851B1AA
:10541000994208D213F8011CA94204D1013B013280
:1054200023606260D5E7C4E90F3204F1440363638B
:105430000323A363234603F8465F23600123DCE7CD
:1054400010B50C46496B69B104F14403994201D08F
:10545000FEF7C4FD236C63600020606313B1E36B4F
:10546000236010BD2369236000236360A38943F098
:105470002003A3814FF0FF30F3E700002DE9F04F48
:10548000ADF5237D41AC0D460021C4E9031101A90E
:105490006161AF49C4F87C11DFF8C4B2AD49C4F80A
:1054A00080110746E846009392F80090B9F1000F8A
:1054B00000F060811BF8093013F0080302F10106C7
:1054C0001BD06B68002B10DD2B681A781BF80220AC
:1054D000120701D43246E7E72269013222616A6885
:1054E0000133013A6A602B60EBE7D4F8803129463A
:1054F000384698470028E7D0ECE7B9F1250F40F08F
:1055000084802360A36053782A2B02BF1023961C4B
:1055100023600A22B2461AF8011BA1F13003092BBD
:105520001DD98D4B03221846BBF772FA38B18A4B4E
:105530002268C01A0123834013432360564616F89D
:10554000013B782B06D8572B10D8252B5DD057D888
:10555000002B76D00323A3610A23636089E0A3684C
:1055600002FB03113039A1605646D3E7A3F158027C
:10557000202AEFD801A151F822F000BF51560408AB
:105580005555040855550408AD56040855550408EA
:105590005555040855550408555504085555040833
:1055A0005555040855550408C3560408A95604085F
:1055B00007560408075604080756040855550408FA
:1055C00063560408555504085555040855550408F4
:1055D00055550408D35604086B5604084956040868
:1055E0005555040855550408CF5604085555040868
:1055F000A956040855550408555504085156040881
:10560000453B022BA6D8052332E06B68002B0DDD4D
:105610002B681A784A4540F0AD8001336A682B60E8
:105620002369013A01336A60236153E7D4F880317A
:105630002946384698470028EAD0E068002840F01C
:1056400091804FF0FF3091E0226842F0200222600A
:10565000226842F40072226010226E2B626006D82B
:1056600001E000236360032302E008236360042356
:10567000A3616B68002B3CDD2368590605D42B68B9
:105680001A781BF8022012073BD4A369022B4BDCCB
:1056900043462A462146384600F06EF8012869D074
:1056A00002287FF417AFC8E70A22D6E7314601A8DF
:1056B00000F0AEF9236843F040032360064601235F
:1056C000D6E7236843F0400323600023D0E702239A
:1056D000CEE72068C3063FF5FDAED8F8003022695A
:1056E000191DC8F800101B68C0074CBF1A801A604B
:1056F000F0E6D4F880312946384698470028BBD0D8
:105700009BE72269013222616A68013A002A6A60D5
:1057100002DD01332B60B2E7D4F8803129463846E8
:1057200098470028ABD088E7042B06DC43462A467E
:105730002146384600F07AF8B0E7084B002B3FF4DA
:10574000C9AE43462A4621463846AFF30080A5E756
:10575000C753040841540408F1470508000000003D
:1057600022480508AB895B063FF56BAF0DF5237D3D
:10577000BDE8F08FE068F9E72DE9F84315468A683F
:1057800080460C4632B98A69002A14BF4FF0FF32B6
:1057900001228A602268DFF89090D1065FBF1A6804
:1057A000111D196016680027A06988B1012807D16A
:1057B0002B681A7863699B5C53B9002F32D023E0C1
:1057C000022821D12B681B7819F803301B071BD442
:1057D0002368DA065EBF2B681B7806F8013B6B680E
:1057E000013B6B602B6801332B60A368013B0137E1
:1057F000A3604BB16B68002BD6DCD4F8803129460E
:10580000404698470028CFD0236813F0100305D1F5
:10581000E2680132E260A26902B1337023693B445D
:1058200023610020BDE8F883224805082DE9F04FE8
:105830009846734B0C468246164693E8070087B09D
:1058400003AB83E807006F4BA1696F4A032908BFC8
:105850001A46A36801925A1EB2F5AE7F84BF6FF458
:10586000AE7503EB0509274684BF40F25D13A360C4
:1058700057F81C3B43F4506398BF4FF00009236076
:105880003D464FF0000B316803AB097853F82B000D
:105890000222BBF7BDF828B3BBF1010F58D16268F3
:1058A0002AB92268082142F40072616022602268ED
:1058B00022F4A0622260A268511EA16092B13268F7
:1058C000511C3160127805F8012B7268013A002AE8
:1058D000726007DCD4F8802131465046904700289A
:1058E00040F083800BF1010BBBF1030FCBD161685A
:1058F00009B90A216160454B6069591A00F088F8BE
:105900004FF0000BA3682268002B3DD0316860691E
:1059100091F800C010F80C00002835D0BCF1300F11
:1059200024D1100522D50BF1010BB9F1000F03D0E2
:10593000013309F1FF39A3607368013B002B7360E9
:105940001BDD336801333360A368013BA360D9E7F3
:10595000BBF1020FAFD1226802F4C061B1F5007F44
:10596000C5D11021616042F48072A3E722F4106275
:1059700022600B7805F8013BDEE7D4F88031314630
:10598000504698470028DFD02368DB050DD5BD427F
:1059900009D915F8011CD4F87C3132465046984795
:1059A00005F1FF394D46BD4227D0226812F01002A2
:1059B00012D12A706368019E39465046B047D8F824
:1059C000003021681A1DC8F800208E061B680FD50C
:1059D0001860E3680133E3602369ED1B5D442B44E9
:1059E0002361002007B0BDE8F08F4FF0000BCBE73C
:1059F000CA074CBF18801860EBE70120F2E700BF30
:105A000070DF040865160408E14804081648050814
:105A100070B50B7804465E2B0BBF4B784A1C8A1C72
:105A2000002108BF0121013804F1FF0500F8011F22
:105A3000A842FBD10BB9501E70BD81F00101E154A9
:105A40001046024612F8015B2D2D05D05D2D16D0B3
:105A5000002DF1D02B46F2E746785D2EFAD0B34206
:105A6000F8DC02301A4601329642A154FBDCF21AED
:105A7000013AB342A8BF002201331344E1E71046C4
:105A8000DAE72DE9F0410C46496B04F144039942F1
:105A90001DD14FF48061FBF7A1FC18B94FF0FF3026
:105AA000BDE8F0814FF48063A36394F846306063EF
:105AB00080F8FF3394F8453080F8FE3394F8443092
:105AC00080F8FD3300F2FD3020600020E8E7A66B8F
:105AD00077003A46FFF73CFC05460028DED000EB95
:105AE0000608014632464046FDF789FCC4E90D57D9
:105AF000C4F80080E9E751F8043C181F002BBCBF34
:105B00000B58C01870470000F8B500BFF8BC08BCBF
:105B10009E467047F8B500BFF8BC08BC9E4670476B
:105B20000000000000000000000000000000000075
:105B3000000000000100000002000000030000005F
:105B4000040000000000000005000000000000004C
:105B5000000000000000000006000000000000003F
:105B600000000000000000000700000049444C4510
:105B700000000000546D722053766300546D725122
:105B800000000000443A2F4465736B746F702F4F10
:105B9000696C5F50756D705F436F6E74726F6C2FC0
:105BA0004D6964646C6577617265732F54686972BE
:105BB000645F50617274792F4C7749502F73726310
:105BC0002F6E657469662F65746865726E65742ED4
:105BD000630000006E657469662D3E6877616464D9
:105BE000725F6C656E206D7573742062652036205F
:105BF000666F722065746865726E65745F6F757428
:105C00007075742100000000417373657274696FD0
:105C10006E2022257322206661696C6564206174A0
:105C2000206C696E6520256420696E2025730A004A
:105C3000443A2F4465736B746F702F4F696C5F50DB
:105C4000756D705F436F6E74726F6C2F4D69646415
:105C50006C6577617265732F54686972645F506117
:105C60007274792F4C7749502F7372632F6170696A
:105C70002F74637069702E63000000007463706994
:105C8000705F7468726561643A20696E76616C69F0
:105C900064206D657373616765000000417373650F
:105CA0007274696F6E2022257322206661696C65AB
:105CB00064206174206C696E6520256420696E2003
:105CC00025730A00496E76616C6964206D626F7895
:105CD000000000006661696C656420746F20637267
:105CE000656174652074637069705F746872656162
:105CF00064206D626F7800006661696C6564207471
:105D00006F20637265617465206C6F636B5F746391
:105D10007069705F636F7265000000007463706982
:105D2000705F74687265616400000000443A2F443B
:105D300065736B746F702F4F696C5F50756D705F1A
:105D4000436F6E74726F6C2F4D6964646C6577611C
:105D50007265732F54686972645F50617274792F31
:105D60004C7749502F7372632F636F72652F6D6587
:105D70006D2E63006D616C6C6F632829206D7573E7
:105D8000742072657475726E20616C69676E6564EB
:105D9000206D656D6F727900417373657274696F00
:105DA0006E2022257322206661696C65642061740F
:105DB000206C696E6520256420696E2025730A00B9
:105DC000726D656D20213D204E554C4C0000000049
:105DD000726D656D203D3D204D454D5F414C4947FD
:105DE0004E28726D656D2900443A2F4465736B74BB
:105DF0006F702F4F696C5F50756D705F436F6E747D
:105E0000726F6C2F4D6964646C6577617265732F76
:105E100054686972645F50617274792F4C7749508D
:105E20002F7372632F636F72652F6D656D702E63B4
:105E3000000000006D656D705F6D616C6C6F633AA2
:105E4000206D656D702070726F7065726C79206165
:105E50006C69676E65640000417373657274696F85
:105E60006E2022257322206661696C65642061744E
:105E7000206C696E6520256420696E2025730A00F8
:105E8000696E76616C696420706F6F6C20646573F5
:105E9000630000006D656D705F6D616C6C6F633ADF
:105EA0002074797065203C204D454D505F4D415820
:105EB000000000006D656D705F667265653A206D6B
:105EC000656D2070726F7065726C7920616C6967A6
:105ED0006E6564006D656D705F667265653A20740D
:105EE000797065203C204D454D505F4D4158000074
:105EF000443A2F4465736B746F702F4F696C5F5019
:105F0000756D705F436F6E74726F6C2F4D69646452
:105F10006C6577617265732F54686972645F506154
:105F20007274792F4C7749502F7372632F636F729D
:105F3000652F6E657469662E630000006E65746976
:105F4000665F696E7075743A20696E76616C69641B
:105F50002070627566000000417373657274696F2A
:105F60006E2022257322206661696C65642061744D
:105F7000206C696E6520256420696E2025730A00F7
:105F80006E657469665F696E7075743A20696E76C5
:105F9000616C6964206E6574696600006E65746981
:105FA000665F6164643A20696E76616C6964206E34
:105FB00065746966000000006E657469665F6164FF
:105FC000643A204E6F20696E69742066756E637442
:105FD000696F6E20676976656E0000006E65746992
:105FE0006620616C72656164792061646465640037
:105FF000746F6F206D616E79206E65746966732CA5
:10600000206D61782E20737570706F7274656420D6
:106010006E756D626572206973203235350000003F
:10602000696E76616C696420706F696E7465720068
:106030006E657469665F7365745F697061646472CC
:106040003A20696E76616C6964206E6574696600D9
:106050006E657469665F7365745F6E65746D617398
:106060006B3A20696E76616C6964206E657469664E
:10607000000000006E657469665F7365745F677722
:106080003A20696E76616C6964206E657469660099
:106090006E657469665F7365745F75703A20696ECA
:1060A00076616C6964206E65746966006E657469FA
:1060B000665F69737375655F7265706F7274733A4A
:1060C00020696E76616C6964206E65746966000093
:1060D0006E657469665F7365745F646F776E3A208E
:1060E000696E76616C6964206E6574696600000093
:1060F0006E657469665F7365745F6C696E6B5F75FE
:10610000703A20696E76616C6964206E65746966A8
:10611000000000006E657469665F7365745F6C698A
:106120006E6B5F646F776E3A20696E76616C69643E
:10613000206E657469660000443A2F4465736B7481
:106140006F702F4F696C5F50756D705F436F6E7429
:10615000726F6C2F4D6964646C6577617265732F23
:1061600054686972645F50617274792F4C7749503A
:106170002F7372632F636F72652F706275662E6363
:1061800000000000706275665F616C6C6F633A209E
:106190007062756620712D3E7061796C6F6164204C
:1061A00070726F7065726C7920616C69676E65647E
:1061B00000000000417373657274696F6E202225C0
:1061C0007322206661696C6564206174206C696E5D
:1061D0006520256420696E2025730A0050425546CB
:1061E0005F504F4F4C5F42554653495A45206D759D
:1061F00073742062652062696767657220746861E4
:106200006E204D454D5F414C49474E4D454E540023
:10621000706275665F616C6C6F633A207062756660
:106220002D3E7061796C6F61642070726F70657261
:106230006C7920616C69676E6564000070627566D8
:106240005F616C6C6F633A206572726F6E656F751B
:106250007320747970650000696E76616C696420E2
:10626000706275665F7479706500000070627566B3
:106270005F7265616C6C6F633A207020213D204E27
:10628000554C4C00706275665F7265616C6C6F6333
:106290003A207120213D204E554C4C006D656D5FBC
:1062A0007472696D2072657475726E6564207120F8
:1062B0003D3D204E554C4C007020213D204E554C0C
:1062C0004C000000696E6372656D656E745F6D6190
:1062D000676E6974756465203C3D20702D3E6C6569
:1062E0006E000000706275665F667265653A2070C8
:1062F0002D3E726566203E203000000070632D3E0A
:10630000637573746F6D5F667265655F66756E63E6
:1063100074696F6E20213D204E554C4C00000000EA
:10632000696E76616C69642070627566207479703C
:10633000650000007062756620726566206F766584
:1063400072666C6F77000000286820213D204E5552
:106350004C4C2920262620287420213D204E554CC7
:106360004C29202870726F6772616D6D657220769E
:10637000696F6C6174657320415049290000000009
:10638000702D3E746F745F6C656E203D3D20702DE6
:106390003E6C656E20286F66206C6173742070629D
:1063A000756620696E20636861696E2900000000CF
:1063B000702D3E6E657874203D3D204E554C4C004E
:1063C000702D3E746F745F6C656E203D3D20702DA6
:1063D0003E6C656E202B20712D3E746F745F6C6572
:1063E0006E000000702D3E746F745F6C656E203D12
:1063F0003D20702D3E6C656E000000007062756679
:106400005F636F70793A20746172676574206E6F94
:10641000742062696720656E6F75676820746F20ED
:10642000686F6C6420736F75726365006F66667366
:1064300065745F746F203C3D20705F746F2D3E6CFF
:10644000656E00006F66667365745F66726F6D20BF
:106450003C3D20705F66726F6D2D3E6C656E000076
:10646000705F746F20213D204E554C4C00000000A1
:10647000706275665F636F7079282920646F657339
:10648000206E6F7420616C6C6F77207061636B6538
:106490007420717565756573210000007062756602
:1064A0005F636F70795F7061727469616C3A2069C3
:1064B0006E76616C69642062756600007062756654
:1064C0005F636F70795F7061727469616C3A2069A3
:1064D0006E76616C6964206461746170747200002E
:1064E000706275665F6765745F636F6E7469677508
:1064F0006F75733A20696E76616C696420627566A7
:1065000000000000706275665F6765745F636F6EA0
:10651000746967756F75733A20696E76616C69642A
:1065200020646174617074720000000070627566AE
:106530005F74616B653A20696E76616C6964206294
:1065400075660000706275665F74616B653A2069FC
:106550006E76616C696420646174617074720000AD
:10656000706275665F74616B653A20627566206E55
:106570006F74206C6172676520656E6F7567680067
:10658000706275665F74616B653A20696E76616CE6
:106590006964207062756600646964206E6F74209F
:1065A000636F707920616C6C20646174610000001D
:1065B000636865636B20706275665F736B697020DA
:1065C000726573756C740000706275665F636F70DE
:1065D00079206661696C656400000000434C4F538C
:1065E000454400004C495354454E000053594E5FFA
:1065F00053454E540000000053594E5F52435644D9
:106600000000000045535441424C49534845440062
:1066100046494E5F574149545F31000046494E5F3D
:10662000574149545F320000434C4F53455F574137
:1066300049540000434C4F53494E47004C4153547A
:106640005F41434B0000000054494D455F574149AD
:1066500054000000443A2F4465736B746F702F4FE1
:10666000696C5F50756D705F436F6E74726F6C2FE5
:106670004D6964646C6577617265732F54686972E3
:10668000645F50617274792F4C7749502F73726335
:106690002F636F72652F7463702E63007463705F75
:1066A000667265653A204C495354454E000000001F
:1066B000417373657274696F6E20222573222066A0
:1066C00061696C6564206174206C696E6520256465
:1066D00020696E2025730A007463705F66726565B9
:1066E0005F6C697374656E3A20214C495354454E72
:1066F000000000007463705F72656D6F76655F6C9B
:10670000697374656E65723A20696E76616C69644E
:10671000206C697374656E6572000000706362209E
:10672000213D204E554C4C007063622D3E737461C8
:106730007465203D3D204C495354454E00000000F7
:106740007463705F636C6F73655F73687574646F97
:10675000776E3A20696E76616C69642070636200BE
:106760007063622D3E666C61677320262054465F1D
:106770005258434C4F534544000000007463705F0F
:10678000636C6F73653A20696E76616C6964207022
:10679000636200007463705F73687574646F776E12
:1067A0003A20696E76616C69642070636200000053
:1067B0007463705F6162616E646F6E3A20696E76B9
:1067C000616C69642070636200000000646F6E2772
:1067D000742063616C6C207463705F61626F7274AB
:1067E0002F7463705F6162616E646F6E20666F729A
:1067F000206C697374656E2D706362730000000015
:106800007463705F62696E643A20696E76616C6968
:1068100064207063620000007463705F62696E647C
:106820003A2063616E206F6E6C792062696E64201D
:10683000696E20737461746520434C4F5345440066
:106840007463705F6163636570745F6E756C6C3ADE
:1068500020696E76616C69642070636200000000DC
:106860007463705F6C697374656E5F776974685F79
:106870006261636B6C6F675F616E645F6572723AD1
:1068800020696E76616C69642070636200000000AC
:106890007463705F6C697374656E5F776974685F49
:1068A0006261636B6C6F675F616E645F6572723AA1
:1068B0002070636220616C726561647920636F6E21
:1068C0006E656374656400007463705F7570646105
:1068D00074655F7263765F616E6E5F776E643A2097
:1068E000696E76616C696420706362006E65775FC3
:1068F0007263765F616E6E5F776E64203C3D203020
:1069000078666666660000007463705F7265637621
:1069100065643A20696E76616C6964207063620018
:10692000646F6E27742063616C6C207463705F7297
:10693000656376656420666F72206C697374656E3A
:106940002D706362730000007463705F636F6E6E1E
:106950006563743A20696E76616C69642070636265
:10696000000000007463705F636F6E6E6563743A5D
:1069700020696E76616C696420697061646472007C
:106980007463705F636F6E6E6563743A2063616EEB
:10699000206F6E6C7920636F6E6E65637420667213
:1069A0006F6D20737461746520434C4F53454400F0
:1069B0007463705F736C6F77746D723A2061637487
:1069C000697665207063622D3E7374617465202161
:1069D0003D20434C4F5345440A0000007463705FF0
:1069E000736C6F77746D723A206163746976652099
:1069F0007063622D3E737461746520213D204C49A3
:106A00005354454E0A0000007463705F736C6F77D7
:106A1000746D723A20616374697665207063622DCB
:106A20003E737461746520213D2054494D452D57B6
:106A30004149540A000000007463705F736C6F7703
:106A400074696D723A207065727369737420746929
:106A5000636B696E67207769746820696E2D666C58
:106A60006967687420646174610000007463705F1A
:106A7000736C6F7774696D723A20706572736973A5
:106A800074207469636B696E672077697468206528
:106A90006D7074792073656E6420627566666572C8
:106AA000000000007463705F736C6F77746D723AEE
:106AB000206D6964646C652074637020213D2074CE
:106AC00063705F6163746976655F70636273000011
:106AD0007463705F736C6F77746D723A206669725D
:106AE000737420706362203D3D207463705F616346
:106AF000746976655F706362730000007463705F31
:106B0000736C6F77746D723A2054494D452D57411F
:106B10004954207063622D3E7374617465203D3D5D
:106B20002054494D452D5741495400007463705F0E
:106B3000736C6F77746D723A206D6964646C652054
:106B400074637020213D207463705F74775F70639D
:106B5000627300007463705F736C6F77746D723A68
:106B600020666972737420706362203D3D207463F7
:106B7000705F74775F706362730000007463705FAE
:106B800070726F636573735F726566757365645F5A
:106B9000646174613A20696E76616C696420706327
:106BA000620000007463705F7365747072696F3A9D
:106BB00020696E76616C6964207063620000000079
:106BC0007463705F7365675F636F70793A20696E95
:106BD00076616C6964207365670000007463705FA0
:106BE000726563765F6E756C6C3A20696E76616C67
:106BF0006964207063620000696E76616C6964206C
:106C00007374617465000000696E76616C6964205C
:106C1000736F636B657420737461746520666F7243
:106C200020726563762063616C6C6261636B000047
:106C3000696E76616C696420736F636B6574207331
:106C40007461746520666F722073656E7420636171
:106C50006C6C6261636B0000696E76616C696420C4
:106C6000736F636B657420737461746520666F72F3
:106C7000206572722063616C6C6261636B0000005E
:106C80007463705F706F6C6C3A20696E76616C69CA
:106C90006420706362000000696E76616C69642034
:106CA000736F636B657420737461746520666F72B3
:106CB00020706F6C6C0000007463705F7063625FC3
:106CC00070757267653A20696E76616C69642070D0
:106CD000636200007463705F7063625F72656D6F02
:106CE00076653A20696E76616C6964207063620033
:106CF0007463705F7063625F72656D6F76653A2072
:106D0000696E76616C6964207063626C697374008B
:106D1000756E73656E74207365676D656E74732030
:106D20006C65616B696E6700756E61636B6564208D
:106D30007365676D656E7473206C65616B696E67F2
:106D4000000000006F6F736571207365676D656E7D
:106D50007473206C65616B696E6700007463705FAB
:106D60006E6578745F6973733A20696E76616C69D9
:106D700064207063620000007463705F6566665F24
:106D800073656E645F6D73735F6E657469663A20D8
:106D9000696E76616C6964206473745F6970000069
:106DA0007463705F6E657469665F69705F61646467
:106DB000725F6368616E6765645F7063626C69735C
:106DC000743A20696E76616C6964206F6C645F61EF
:106DD00064647200443A2F4465736B746F702F4F74
:106DE000696C5F50756D705F436F6E74726F6C2F5E
:106DF0004D6964646C6577617265732F546869725C
:106E0000645F50617274792F4C7749502F737263AD
:106E10002F636F72652F7463705F696E2E6300005D
:106E20007463705F696E7075743A20696E76616C18
:106E30006964207062756600417373657274696F6E
:106E40006E2022257322206661696C65642061745E
:106E5000206C696E6520256420696E2025730A0008
:106E6000702D3E6E65787420213D204E554C4C00AF
:106E7000702D3E6C656E203D3D203000702D3E74BF
:106E80006F745F6C656E203D3D20702D3E6E6578A1
:106E9000742D3E746F745F6C656E00007463705F78
:106EA000696E7075743A20616374697665207063E9
:106EB000622D3E737461746520213D20434C4F5315
:106EC000454400007463705F696E7075743A2061A8
:106ED0006374697665207063622D3E7374617465B6
:106EE00020213D2054494D452D5741495400000073
:106EF0007463705F696E7075743A2061637469764B
:106F000065207063622D3E737461746520213D209D
:106F10004C495354454E00007463705F696E707540
:106F2000743A207063622D3E6E65787420213D2096
:106F300070636220286265666F72652063616368B2
:106F4000652900007463705F696E7075743A207013
:106F500063622D3E6E65787420213D20706362204F
:106F600028616674657220636163686529000000AA
:106F70007463705F696E7075743A2054494D452D85
:106F800057414954207063622D3E737461746520CB
:106F90003D3D2054494D452D5741495400000000C6
:106FA0007063622D3E726566757365645F646174BB
:106FB00061203D3D204E554C4C0000007463705FD5
:106FC000696E7075745F64656C617965645F636C2C
:106FD0006F73653A20696E76616C696420706362D4
:106FE000000000007463705F6C697374656E5F69A4
:106FF0006E7075743A20696E76616C696420706396
:10700000620000007463705F74696D657761697414
:107010005F696E7075743A20696E76616C69642080
:10702000706362007463705F70726F636573733A4C
:1070300020696E76616C69642070636200000000F4
:107040007463705F696E7075743A207063622D3E70
:10705000737461746520213D20434C4F53454400B7
:107060007063622D3E736E645F71756575656C65E6
:107070006E203E20300000006E6F207365676D65E6
:107080006E7420746F206672656500007063622DF7
:107090003E6C697374656E65722D3E6163636570E5
:1070A0007420213D204E554C4C0000007463705FED
:1070B0006F6F735F696E736572745F7365676D651B
:1070C0006E743A20696E76616C69642063736567DB
:1070D000000000007063622D3E736E645F71756521
:1070E00075656C656E203E3D20706275665F636CF1
:1070F000656E286E6578742D3E7029007463705F2C
:10710000726563656976653A2076616C69642071A1
:1071100075657565206C656E677468007463705F73
:10712000726563656976653A20696E76616C69643B
:1071300020706362000000007463705F72656365B5
:107140006976653A2077726F6E6720737461746533
:1071500000000000756E61636B656400756E736599
:107160006E740000696E7365672E7020213D204E9D
:10717000554C4C00696E73616E65206F6666736571
:10718000742100007062756620746F6F2073686FE1
:10719000727421007463705F726563656976653A25
:1071A000207365676D656E74206E6F7420747269EC
:1071B0006D6D656420636F72726563746C792074A1
:1071C0006F207263765F776E640A00007463705F8D
:1071D000726563656976653A207365676D656E747F
:1071E000206E6F74207472696D6D656420636F72B8
:1071F000726563746C7920746F206F6F7365712092
:1072000071756575650A00007463705F726563650A
:107210006976653A207463706C656E203E207263F7
:10722000765F776E640A00007463705F72656365F1
:107230006976653A206F6F736571207463706C6551
:107240006E203E207263765F776E640A0000000055
:107250007463705F70617273656F70743A20696EE9
:1072600076616C696420706362000000443A2F44C8
:1072700065736B746F702F4F696C5F50756D705FC5
:10728000436F6E74726F6C2F4D6964646C657761C7
:107290007265732F54686972645F50617274792FDC
:1072A0004C7749502F7372632F636F72652F74632D
:1072B000705F6F75742E63007463705F63726561D5
:1072C00074655F7365676D656E743A20696E76618B
:1072D0006C69642070636200417373657274696FD6
:1072E0006E2022257322206661696C6564206174BA
:1072F000206C696E6520256420696E2025730A0064
:107300007463705F6372656174655F7365676D65F3
:107310006E743A20696E76616C696420706275667D
:1073200000000000702D3E746F745F6C656E203E2F
:107330003D206F70746C656E000000007463705FB8
:10734000706275665F707265616C6C6F633A20691C
:107350006E76616C6964206F76657273697A650018
:107360007463705F706275665F707265616C6C6F7C
:10737000633A20696E76616C696420706362000014
:107380006E65656420756E636861696E6564207002
:10739000627566007463705F77726974655F6368B5
:1073A00065636B733A20696E76616C696420706303
:1073B000620000007463705F77726974653A2070D0
:1073C00062756673206F6E207175657565203D3E30
:1073D000206174206C65617374206F6E6520717517
:1073E000657565206E6F6E2D656D70747900000097
:1073F0007463705F77726974653A206E6F20706293
:10740000756673206F6E207175657565203D3E2031
:10741000626F74682071756575657320656D707431
:10742000790000007463705F77726974653A20694F
:107430006E76616C69642070636200007463705FD3
:1074400077726974653A20617267203D3D204E5520
:107450004C4C202870726F6772616D6D657220767A
:10746000696F6C6174657320415049290000000008
:107470006D73735F6C6F63616C20697320746F6FE1
:1074800020736D616C6C0000696E636F6E7369735D
:1074900074656E74206F76657273697A6520767391
:1074A0002E20737061636500696E636F6E7369731C
:1074B00074656E74206F76657273697A6520767371
:1074C0002E206C656E0000007463705F77726974C3
:1074D000653A20524F4D2070627566732063616E6D
:1074E0006E6F74206265206F76657273697A656469
:1074F00000000000756E73656E745F6F7665727361
:10750000697A65206D69736D6174636820287063A2
:10751000622D3E756E73656E74206973204E554CF6
:107520004C2900007463705F77726974653A206358
:107530006865636B20746861742066697273742077
:10754000706275662063616E20686F6C6420746879
:107550006520636F6D706C657465207365676C651D
:107560006E0000006F76657273697A65203D3D207C
:1075700030000000707265765F73656720213D20E2
:107580004E554C4C000000007463705F7772697454
:10759000653A2063616E6E6F7420636F6E63617411
:1075A000656E617465207768656E207063622D3E3C
:1075B000756E73656E7420697320656D70747900E3
:1075C0007463705F77726974653A20657874656E6C
:1075D00073696F6E206F66207265666572656E6393
:1075E0006520726571756972657320726566657272
:1075F000656E6365000000007463705F7772697484
:10760000653A2076616C6964207175657565206CDA
:10761000656E6774680000007463705F73706C69F6
:10762000745F756E73656E745F7365673A20696E1B
:1076300076616C69642070636200000043616E27AC
:10764000742073706C6974207365676D656E742047
:10765000696E746F206C656E67746820300000007E
:1076600073706C6974203C3D206D737300000000E2
:10767000757365672D3E6C656E203E2030000000FE
:10768000736567203D3D204E554C4C007463705F20
:1076900073656E645F66696E3A20696E76616C69C7
:1076A00064207063620000007463705F656E7175C2
:1076B0006575655F666C6167733A206E6565642009
:1076C000656974686572205443505F53594E206F4A
:1076D00072205443505F46494E20696E20666C61AB
:1076E0006773202870726F6772616D6D65722076A6
:1076F000696F6C6174657320415049290000000076
:107700007463705F656E71756575655F666C6167E2
:10771000733A20696E76616C696420706362000060
:107720007463705F656E71756575655F666C6167C2
:10773000733A20636865636B2074686174206669BE
:1077400072737420706275662063616E20686F6C5E
:1077500064206F70746C656E000000007365672DA7
:107760003E746370686472206E6F7420616C696728
:107770006E6564007463705F656E71756575655FD5
:10778000666C6167733A20696E76616C6964207318
:1077900065676D656E74206C656E677468000000C7
:1077A0007463705F656E71756575655F666C616742
:1077B000733A20696E76616C6964207175657565D0
:1077C000206C656E677468007463705F6F757470A9
:1077D00075743A20696E76616C696420706362002A
:1077E000646F6E27742063616C6C207463705F6FCC
:1077F000757470757420666F72206C697374656E31
:107800002D70636273000000525354206E6F742019
:107810006578706563746564206865726521000031
:107820007463705F6F75747075745F7365676D6591
:107830006E745F627573793A20696E76616C696403
:1078400020736567000000007463705F6F7574706B
:1078500075745F7365676D656E743A20696E7661E5
:107860006C696420736567007463705F6F75747012
:1078700075745F7365676D656E743A20696E7661C5
:107880006C696420706362007463705F6F757470FC
:1078900075745F7365676D656E743A20696E7661A5
:1078A0006C6964206E657469660000006F707469AD
:1078B0006F6E73206E6F742066696C6C6564000077
:1078C0007463705F7265786D69745F72746F5F70F6
:1078D0007265706172653A20696E76616C696420C8
:1078E000706362007463705F7265786D69745F7253
:1078F000746F5F636F6D6D69743A20696E76616C49
:1079000069642070636200007463705F7265786DF3
:1079100069745F72746F3A20696E76616C69642075
:10792000706362007463705F7265786D69743A2089
:10793000696E76616C696420706362007463705F65
:107940007265786D69745F666173743A20696E76EA
:10795000616C6964207063620000000063686563A5
:107960006B2074686174206669727374207062752C
:10797000662063616E20686F6C6420737472756337
:1079800074207463705F6864720000007463705FD9
:107990006F75747075745F616C6C6F635F6865613F
:1079A0006465723A20696E76616C69642070636206
:1079B000000000007463705F6F75747075745F66AB
:1079C000696C6C5F6F7074696F6E733A20696E7664
:1079D000616C696420706275660000007463705F9A
:1079E0006F75747075745F636F6E74726F6C5F73B4
:1079F00065676D656E743A20696E76616C696420A6
:107A000070627566000000007463705F7273743A90
:107A100020696E76616C6964206C6F63616C5F696C
:107A2000700000007463705F7273743A20696E7640
:107A3000616C69642072656D6F74655F69700000C8
:107A40007463705F73656E645F656D7074795F6198
:107A5000636B3A20696E76616C69642070636200C2
:107A60007463705F6B656570616C6976653A2069F7
:107A70006E76616C69642070636200007463705F8D
:107A80007A65726F5F77696E646F775F70726F622D
:107A9000653A20696E76616C6964207063620000EB
:107AA000443A2F4465736B746F702F4F696C5F504D
:107AB000756D705F436F6E74726F6C2F4D69646487
:107AC0006C6577617265732F54686972645F506189
:107AD0007274792F4C7749502F7372632F636F72D2
:107AE000652F74696D656F7574732E6300000000F7
:107AF0007379735F74696D656F75743A2074696D1D
:107B0000656F757420213D204E554C4C2C20706FB4
:107B10006F6C204D454D505F5359535F54494D454F
:107B20004F555420697320656D7074790000000012
:107B3000417373657274696F6E202225732220660B
:107B400061696C6564206174206C696E65202564D0
:107B500020696E2025730A0054696D656F75742065
:107B600074696D6520746F6F206C6F6E672C206D6B
:107B70006178206973204C5749505F55494E543302
:107B8000325F4D41582F34206D73656373000000E0
:107B9000696E76616C696420736C65657074696D7B
:107BA00065000000443A2F4465736B746F702F4F6B
:107BB000696C5F50756D705F436F6E74726F6C2F80
:107BC0004D6964646C6577617265732F546869727E
:107BD000645F50617274792F4C7749502F737263D0
:107BE0002F636F72652F7564702E63007564705F0C
:107BF000696E7075745F6C6F63616C5F6D617463E7
:107C0000683A20696E76616C696420706362000076
:107C1000417373657274696F6E202225732220662A
:107C200061696C6564206174206C696E65202564EF
:107C300020696E2025730A007564705F696E707527
:107C4000745F6C6F63616C5F6D617463683A206927
:107C50006E76616C6964206E657469660000000070
:107C60007564705F696E7075743A20696E76616CC8
:107C700069642070627566007564705F696E707506
:107C8000743A20696E76616C6964206E6574696609
:107C900000000000706275665F72656D6F76655FEB
:107CA000686561646572206661696C65640A0000DC
:107CB0007564705F73656E643A20696E76616C6995
:107CC00064207063620000007564705F73656E64A9
:107CD0003A20696E76616C69642070627566000096
:107CE0007564705F73656E64746F3A20696E766157
:107CF0006C696420706362007564705F73656E64A4
:107D0000746F3A20696E76616C6964207062756682
:107D1000000000007564705F73656E64746F3A20D4
:107D2000696E76616C6964206473745F69700000C9
:107D30007564705F73656E64746F5F69663A20691D
:107D40006E76616C69642070636200007564705FB8
:107D500073656E64746F5F69663A20696E76616CF4
:107D600069642070627566007564705F73656E6427
:107D7000746F5F69663A20696E76616C696420642D
:107D800073745F69700000007564705F73656E6482
:107D9000746F5F69663A20696E76616C6964206E03
:107DA00065746966000000007564705F73656E64D9
:107DB000746F5F69665F7372633A20696E76616C97
:107DC00069642070636200007564705F73656E643F
:107DD000746F5F69665F7372633A20696E76616C77
:107DE00069642070627566007564705F73656E64A7
:107DF000746F5F69665F7372633A20696E76616C57
:107E00006964206473745F69700000007564705F5A
:107E100073656E64746F5F69665F7372633A20693D
:107E20006E76616C6964207372635F697000000034
:107E30007564705F73656E64746F5F69665F73729B
:107E4000633A20696E76616C6964206E6574696658
:107E500000000000636865636B20746861742066CD
:107E60006972737420706275662063616E20686F3A
:107E70006C6420737472756374207564705F6864D9
:107E8000720000007564705F62696E643A20696E0A
:107E900076616C6964207063620000007564705FD5
:107EA000636F6E6E6563743A20696E76616C6964A7
:107EB00020706362000000007564705F636F6E6E17
:107EC0006563743A20696E76616C696420697061DB
:107ED000646472007564705F646973636F6E6E656D
:107EE00063743A20696E76616C6964207063620025
:107EF0007564705F726563763A20696E76616C694D
:107F000064207063620000007564705F72656D6F5D
:107F100076653A20696E76616C69642070636200F0
:107F2000443A2F4465736B746F702F4F696C5F50C8
:107F3000756D705F436F6E74726F6C2F4D69646402
:107F40006C6577617265732F54686972645F506104
:107F50007274792F4C7749502F7372632F636F724D
:107F6000652F697076342F6175746F69702E6300A8
:107F70006E6574696620213D204E554C4C00000012
:107F8000417373657274696F6E20222573222066B7
:107F900061696C6564206174206C696E652025647C
:107FA00020696E2025730A006175746F6970202145
:107FB0003D204E554C4C00006E6574696620616C26
:107FC00072656164792068617320612073747275D1
:107FD0006374206175746F697020736574000000AC
:107FE0004155544F49502061646472657373206E2B
:107FF0006F7420696E2072616E6765006E657469CA
:1080000066206973206E6F742075702C206F6C640D
:10801000207374796C6520706F72743F00000000EB
:10802000443A2F4465736B746F702F4F696C5F50C7
:10803000756D705F436F6E74726F6C2F4D69646401
:108040006C6577617265732F54686972645F506103
:108050007274792F4C7749502F7372632F636F724C
:10806000652F697076342F6574686172702E6300B5
:108070007374617465203D3D204554484152505F02
:1080800053544154455F50454E44494E47207C7CF3
:10809000207374617465203E3D2045544841525020
:1080A0005F53544154455F535441424C45000000D6
:1080B000417373657274696F6E2022257322206686
:1080C00061696C6564206174206C696E652025644B
:1080D00020696E2025730A006172705F7461626CA2
:1080E000655B695D2E71203D3D204E554C4C000076
:1080F00069203C204152505F5441424C455F5349F6
:108100005A4500006172705F7461626C655B695D05
:108110002E7374617465203D3D2045544841525092
:108120005F53544154455F454D5054590000000081
:108130006E657469662D3E6877616464725F6C6514
:108140006E203D3D204554485F4857414444525FAE
:108150004C454E006574685F72657420213D204E69
:10816000554C4C2026262069705F72657420213D95
:10817000204E554C4C0000006970616464722021EF
:108180003D204E554C4C00006E6574696620213DC3
:10819000204E554C4C0000006574685F7265742079
:1081A000213D204E554C4C006172705F7461626CD1
:1081B000655B6172705F6964785D2E73746174656C
:1081C000203E3D204554484152505F535441544550
:1081D0005F535441424C45007120213D204E554C87
:1081E0004C00000074797065206F766572666C6F64
:1081F000770000006172705F7461626C655B695D3D
:108200002E7374617465203D3D2050454E44494EA7
:1082100047206F7220535441424C45006E6F2070CE
:1082200061636B65742071756575657320616C6C35
:108230006F77656421000000636865636B20746874
:108240006174206669727374207062756620636160
:108250006E20686F6C64207374727563742065742B
:10826000686172705F686472000000006E65746916
:10827000662D3E6877616464725F6C656E206D7513
:108280007374206265207468652073616D65206178
:1082900073204554485F4857414444525F4C454E13
:1082A00020666F72206574686172702100000000A2
:1082B000443A2F4465736B746F702F4F696C5F5035
:1082C000756D705F436F6E74726F6C2F4D6964646F
:1082D0006C6577617265732F54686972645F506171
:1082E0007274792F4C7749502F7372632F636F72BA
:1082F000652F697076342F69636D702E63000000FE
:1083000069636D705F696E7075743A206D6F766920
:108310006E6720722D3E7061796C6F616420746F9E
:108320002069636D702068656164657220666169AB
:108330006C65640A00000000417373657274696FB4
:108340006E2022257322206661696C656420617449
:10835000206C696E6520256420696E2025730A00F3
:1083600069636D705F696E7075743A2072657374BD
:108370006F72696E67206F726967696E616C2070D9
:108380002D3E7061796C6F6164206661696C656413
:108390000A000000636865636B207468617420667E
:1083A0006972737420706275662063616E20686FF5
:1083B0006C642069636D70206D657373616765001F
:1083C000443A2F4465736B746F702F4F696C5F5024
:1083D000756D705F436F6E74726F6C2F4D6964645E
:1083E0006C6577617265732F54686972645F506160
:1083F0007274792F4C7749502F7372632F636F72A9
:10840000652F697076342F6970342E630000000088
:10841000702D3E726566203D3D20310041737365CD
:108420007274696F6E2022257322206661696C6503
:1084300064206174206C696E6520256420696E205B
:1084400025730A00636865636B2074686174206635
:108450006972737420706275662063616E20686F44
:108460006C64207374727563742069705F686472E1
:1084700000000000443A2F4465736B746F702F4FF7
:10848000696C5F50756D705F436F6E74726F6C2FA7
:108490004D6964646C6577617265732F54686972A5
:1084A000645F50617274792F4C7749502F737263F7
:1084B0002F636F72652F697076342F6970345F6136
:1084C0006464722E63000000756E68616E646C6592
:1084D00064000000417373657274696F6E20222519
:1084E0007322206661696C6564206174206C696E1A
:1084F0006520256420696E2025730A00443A2F44C4
:1085000065736B746F702F4F696C5F50756D705F22
:10851000436F6E74726F6C2F4D6964646C65776124
:108520007265732F54686972645F50617274792F39
:108530004C7749502F7372632F636F72652F697088
:1085400076342F6970345F667261672E63000000B5
:108550007072657620213D206970720041737365E9
:108560007274696F6E2022257322206661696C65C2
:1085700064206174206C696E6520256420696E201A
:1085800025730A00707265762D3E6E657874203D05
:108590003D2069707200000070627566735F6672DC
:1085A000656564202B20636C656E203C3D2030782F
:1085B000666666660000000069705F7265617373CD
:1085C0005F70627566636F756E74203E3D207062E9
:1085D0007566735F667265656400000073616E693D
:1085E000747920636865636B206C696E6B656420C9
:1085F0006C69737400000000636865636B206672C9
:1086000061676D656E747320646F6E2774206F767A
:1086100065726C61700000006E6F20707265766923
:108620006F757320667261676D656E742C20746857
:108630006973206D757374206265207468652066A7
:108640006972737420667261676D656E74210000D3
:1086500073616E69747920636865636B0000000064
:1086600076616C69646174655F646174616772618D
:108670006D3A6E6578745F70627566213D4E554C3B
:108680004C00000069705F72656173735F706275A2
:1086900066636F756E74203E3D20636C656E0000EE
:1086A00069707220213D204E554C4C006E6F742035
:1086B0006669727374616C74686F756768206A7537
:1086C000737420656E717565756564007020213D59
:1086D000204E554C4C00000070637220213D204E0E
:1086E000554C4C00706372203D3D2070000000002E
:1086F0006970345F6672616728293A207062756616
:1087000020746F6F2073686F7274000074686973EF
:10871000206E656564732061207062756620696EE5
:10872000206F6E652070696563652100702D3E6C59
:10873000656E203E3D20706F66660000443A2F440F
:1087400065736B746F702F4F696C5F50756D705FE0
:10875000436F6E74726F6C2F4D6964646C657761E2
:108760007265732F54686972645F50617274792FF7
:108770004C7749502F7372632F617070732F736E33
:1087800074702F736E74702E6300000073657276C0
:1087900065725F6164647220213D204E554C4C002F
:1087A000417373657274696F6E202225732220668F
:1087B00061696C6564206174206C696E6520256454
:1087C00020696E2025730A004661696C6564207417
:1087D0006F20616C6C6F63617465207564702070CC
:1087E000636220666F7220736E747020636C6965BB
:1087F0006E740000496E76616C6964206F706572FA
:108800006174696E67206D6F646500004F706572FA
:108810006174696E67206D6F6465206D7573742077
:108820006E6F7420626520736574207768696C656B
:1088300020534E545020636C69656E742069732018
:1088400072756E6E696E67004574684C696E6B0078
:108850004574684966000000443A2F4465736B74A0
:108860006F702F4F696C5F50756D705F436F6E74E2
:10887000726F6C2F4C5749502F5461726765742F7B
:1088800065746865726E657469662E630000000029
:108890006E6574696620213D204E554C4C000000E9
:1088A000417373657274696F6E202225732220668E
:1088B00061696C6564206174206C696E6520256453
:1088C00020696E2025730A00443A2F4465736B7447
:1088D0006F702F4F696C5F50756D705F436F6E7472
:1088E000726F6C2F436F72652F5372632F6D6169C6
:1088F0006E2E63005B25733A25645D20414443334B
:1089000020444D4120E590AFE58AA8E68890E58AAD
:108910009F0D0A005B25733A25645D204144433373
:1089200020444D4120E590AFE58AA8E5A4B1E8B424
:10893000A52C207265743D25640D0A005B25733AF1
:1089400025645D204144433320E6ADA3E59CA8E8BF
:10895000BDACE68DA2E4B8AD0D0A00005B25733A0C
:1089600025645D2042444D41E9809AE9819330E5D8
:10897000B7B2E5BC80E590AFE4BCA0E8BE930D0AB9
:108980000000000064656661756C745461736B006F
:108990005461736B5F496E69745461736B000000BE
:1089A0007564705461736B00746370436F6E6669B5
:1089B000675461736B0000005443505F7461736BC4
:1089C0005F70726F63657373696E675461736B0078
:1089D00054696D657252657153656E645461736B51
:1089E0000000000054696D6553796E635461736BC8
:1089F00000000000546573745F4F696C5F46696CDA
:108A00006C696E675461736B0000000049574447FE
:108A10005461736B000000004144435461736B0068
:108A2000696E6A6563746F725F7461736B000000D6
:108A30004D61696E4C6F6769635461736B00000030
:108A40005072657373757265436F6E74726F6C5498
:108A500061736B004D6F646275734D617374657201
:108A60005461736B00000000756172745F6D757402
:108A700065780000666C6173685F6B765F6D757416
:108A8000657800007564705F7063625F6D75746512
:108A9000780000007463705F73656E645F6D757459
:108AA000657800005B525D20696E69745F6E657465
:108AB0005F646220746F74616C20737461727420DF
:108AC00074696D653A20256C75206D730D0A000080
:108AD0005B525D20696E69745F7379735F646220B5
:108AE00072756E2074696D653A20256C75206D7302
:108AF0000D0A00005B525D20696E69745F6E6574DB
:108B00005F646220746F74616C2072756E2074698A
:108B10006D653A20256C75206D730D0A000000000C
:108B20005B525D203D3D3D3D3D3D3D3D3D3D3D3D3F
:108B30003D3D3D3D3D3D3D3D2053797374656D2088
:108B40005461736B20496E666F203D3D3D3D3D3D58
:108B50003D3D3D3D3D3D3D3D3D3D3D3D3D3D0D00B2
:108B60005B525D20546F74616C2072756E6E696E1D
:108B700067207461736B20636F756E743A20256C87
:108B8000750D0A005B525D202D2D2D2D2D2D2D2DC7
:108B90002D2D2D2D2D2D2D2D2D2D2D2D2D2D2D2D05
:108BA0002D2D2D2D2D2D2D2D2D2D2D2D2D2D2D2DF5
:108BB0002D2D2D2D2D2D2D2D2D2D2D2D2D2D2D2DE5
:108BC0002D2D0D005B525D2031202C495744475418
:108BD00061736B20202020202020202020202020B6
:108BE00020202020206D696E20737461636B206CDF
:108BF0006566743A2025752062797465730D0A00E4
:108C00005B525D2032202C5374617274446566613E
:108C1000756C745461736B2020202020202020204C
:108C2000206D696E20737461636B206C6566743AA5
:108C30002025752062797465730D0A005B525D20F2
:108C400033202C4F4C45445F5461736B5F456E7409
:108C5000727920202020202020202020206D696E85
:108C600020737461636B206C6566743A20257520EF
:108C700062797465730D0A005B525D2034202C4FBD
:108C80004C45445F4D73675F5461736B5F456E7411
:108C90007279202020202020206D696E207374615D
:108CA000636B206C6566743A202575206279746563
:108CB000730D0A005B525D2035202C62757A7A5F55
:108CC0007461736B20202020202020202020202071
:108CD00020202020206D696E20737461636B206CEE
:108CE0006566743A2025752062797465730D0A00F3
:108CF0005B525D2036202C73796E6369665F746108
:108D0000736B2020202020202020202020202020C5
:108D1000206D696E20737461636B206C6566743AB4
:108D20002025752062797465730D0A005B525D2001
:108D300037202C73796E6369665F7461736B5F6350
:108D400079636C652020202020202020206D696E12
:108D500020737461636B206C6566743A20257520FE
:108D600062797465730D0A005B525D2038202C6DAA
:108D70006269665F7461736B2020202020202020B0
:108D80002020202020202020206D696E2073746117
:108D9000636B206C6566743A202575206279746572
:108DA000730D0A005B525D2039202C696E6A656381
:108DB000746F725F7461736B20202020202020204C
:108DC00020202020206D696E20737461636B206CFD
:108DD0006566743A2025752062797465730D0A0002
:108DE0005B525D2031302C5461736B5F496E697446
:108DF0005461736B20202020202020202020202060
:108E0000206D696E20737461636B206C6566743AC3
:108E10002025752062797465730D0A005B525D2010
:108E200031312C7564705F646973636F7665725F4E
:108E30007461736B2020202020202020206D696E1B
:108E400020737461636B206C6566743A202575200D
:108E500062797465730D0A005B525D2031322C74A7
:108E600063705F636C69656E745F7461736B2020FF
:108E70002020202020202020206D696E2073746126
:108E8000636B206C6566743A202575206279746581
:108E9000730D0A005B525D2031332C5443505F74D4
:108EA00061736B5F70726F63657373696E675F7414
:108EB00061736B20206D696E20737461636B206C2D
:108EC0006566743A2025752062797465730D0A0011
:108ED0005B525D2031342C54696D6572526571535B
:108EE000656E645461736B20202020202020202098
:108EF000206D696E20737461636B206C6566743AD3
:108F00002025752062797465730D0A005B525D201F
:108F100031352C54696D6553796E635461736B20E0
:108F2000202020202020202020202020206D696E5D
:108F300020737461636B206C6566743A202575201C
:108F400062797465730D0A005B525D2031362C41E5
:108F500044435461736B20202020202020202020B7
:108F60002020202020202020206D696E2073746135
:108F7000636B206C6566743A202575206279746590
:108F8000730D0A005B525D2048656170204E6F775B
:108F900020467265653A20257520427974657320F4
:108FA0007C204D696E204672656520486561703A87
:108FB0002025752042797465730D0A005B525D208F
:108FC0003D3D3D3D3D3D3D3D3D3D3D3D3D3D3D3DD1
:108FD0003D3D3D3D3D3D3D3D3D3D3D3D3D3D3D3DC1
:108FE0003D3D3D3D3D3D3D3D3D3D3D3D3D3D3D3DB1
:108FF0003D3D3D3D3D3D3D3D3D3D0D0A0D000000EB
:109000005B525D20696E69742072756E2074696DA3
:10901000653A20256C75206D730D0A0042757A7AC9
:109020005461736B000000002530325825303258EF
:1090300025303258253032582530325825303258B4
:10904000000000005B525D20436869702066756C0B
:109050006C205549443A202530325820253032586A
:1090600020253032582025303258202530325820E3
:1090700025303258202530325820253032582025CE
:1090800030325820253032582025303258202530B3
:1090900032580D0A000000005B525D204175746F6C
:1090A0002067656E65726174652044455649434585
:1090B0005F534E3A2025730D0A0000005B525D207D
:1090C0004175746F2067656E6572617465204445F3
:1090D000564943455F49443A2025730D0A00000074
:1090E0005B525D204C6F63616C2049503A202573C0
:1090F0000D0A000065665F6B766462320000000056
:109100006E657464620000005B525D204554482027
:10911000646174616261736520696E697469616C10
:10912000697A6174696F6E206661696C65642C2070
:109130006572723D25640D0A000000005B525D20DF
:1091400045544820646174616261736520696E6989
:109150007469616C697A6174696F6E207375636399
:1091600065737366756C0D006E65745F636667008A
:109170005B525D20466C617368206C6F6164696E40
:1091800067206E6574776F726B20636F6E666967B8
:1091900075726174696F6E2073756363656564656C
:1091A000642C2054435020737461727465640D0004
:1091B0005B525D204E6F7420636F6E6E65637465E5
:1091C0006420746F20746865206E6574776F726BAD
:1091D0002C207374617274696E672055445020624C
:1091E000726F6164636173740D0000005B525D20F7
:1091F0004175746F4950204F4B2C20737461727409
:1092000020534E54500D00005B525D205468652081
:10921000646973747269627574696F6E206E6574C7
:10922000776F726B20706172616D65746572732007
:1092300068617665206265656E207361766564207D
:10924000746F20466C6173680D0000002530346433
:109250002D253032642D2530326420253032643A99
:10926000253032643A253032642E253033640000D4
:109270005B525D20554450206F6C64205043422067
:1092800064657374726F7965640D00005B525D20D4
:109290007564705F6E65772829206661696C656406
:1092A0002C2070636220706F6F6C20657868617528
:1092B000737465640D0000005B525D207564705F1F
:1092C00062696E64206661696C2C206572723A2551
:1092D000640D0A005B525D205544502050434220EB
:1092E00063726561746520737563636573732C20A5
:1092F000706F72743A25640D0A00000059455300DE
:109300004E4F00005B525D20534F465F42524F412B
:1093100044434153543A2573206E657469665F6611
:109320006C6167733A3078253038580D0A000000B8
:109330005B525D2057616974696E6720666F7220A9
:109340006175746F206C696E6B2069702E2E2E0D06
:10935000000000005B525D2056616C69642049503A
:10936000206F627461696E65642C2073746172741D
:109370002055445020736572766963650D000000C6
:109380005B525D207564705F6E6577282920666189
:10939000696C65642C206E6F207063622061766159
:1093A000696C61626C65210D000000005B525D20FC
:1093B0005544502050434220696E76616C69642C9C
:1093C00020736B69702074686973207564702070F5
:1093D00061636B65740D00005B525D204C6F6361CF
:1093E0006C204950206368616E6765642C206D6154
:1093F000726B205544502072656275696C640D0073
:109400005B525D2055445020504342206372656199
:109410007465206661696C65642C2072657472796C
:109420002061667465722032730D00005B525D200E
:109430006E65746966206E6F742075702C20736B76
:10944000697020756470206F6E6C696E6520627241
:109450006F6164636173740D0A0D0000253032582A
:109460003A253032583A253032583A253032583A77
:10947000253032583A253032580000007472756534
:109480000000000066616C73650000007B2263755C
:10949000725F6970223A222573222C226669726DEE
:1094A000776172655F766572223A222573222C22DB
:1094B00069735F7265626F6F74223A25732C226D37
:1094C0006163223A222573222C226D6F64656C221F
:1094D0003A222573222C22726561736F6E223A251F
:1094E000642C22736571223A256C752C22736E22CE
:1094F0003A222573222C227473223A25732C22746B
:10950000797065223A222573227D000064657669B0
:1095100063655F6F6E6C696E650000004C55422D8F
:109520004354524C2D56312E30000000312E302E37
:109530003300000030313233343536373839616228
:1095400063646566303132333435363738396162B9
:1095500063646566000000002530325825303258BB
:10956000253032582530325800000000747970657B
:10957000000000006D616300736E00006D6F646534
:109580006C0000006669726D776172655F76657266
:10959000000000006375725F6970000069735F729C
:1095A00065626F6F74000000726561736F6E00001A
:1095B00074730000736571007369676E00000000CA
:1095C0005B525D205544502053656E64204A534FD2
:1095D0004E3A0D0A25730D0A0D0A00005B525D20FC
:1095E000756470206A736F6E20746F6F206C6F6E7D
:1095F000672C2064726F700D0A0D00005B525D20B5
:10960000554450206465766963655F6F6E6C696E62
:10961000652073656E64207374617475733A256494
:109620000D0A0D0A000000005B525D207062756635
:1096300020616C6C6F63206661696C65642C2070BE
:109640006F6F6C20656D7074790D0A0D000000005D
:109650005B525D205544502052656376204A534F3B
:109660004E3A0D0A25730D0A0D0A000064697363F2
:109670006F7665725F7265717565737400000000C6
:10968000646F6D61696E0000676174657761795F11
:109690006D616300464143544F52595F4F494C003E
:1096A0005B525D2054696D652076657269666963F9
:1096B0006174696F6E206661696C6564210D0A0DC5
:1096C000000000005B525D2053657175656E636537
:1096D000206E756D62657220766572696669636178
:1096E00074696F6E206661696C6564210D0A0D00F6
:1096F0007B22646F6D61696E223A222573222C22CF
:10970000676174657761795F6D6163223A222573C1
:10971000222C22736571223A256C752C22747322D7
:109720003A25732C2274797065223A222573227DA2
:10973000000000005B525D207369676E20636865FE
:10974000636B206661696C6564210D0A45787065FC
:10975000637465643A2025732C2041637475616CD1
:109760003A2025730D0A0D0A000000006469736336
:109770006F7665725F726573706F6E73650000005F
:109780007B226375725F6970223A222573222C2234
:109790006669726D776172655F766572223A22251D
:1097A00073222C226D6163223A222573222C226DB2
:1097B0006F64656C223A222573222C227365712214
:1097C0003A25752C22736E223A222573222C22749C
:1097D00073223A25732C2274797065223A222573FC
:1097E000227D00005B525D2043616C6320646973DD
:1097F000636F7665725F726573706F6E73652073E9
:1098000069676E3A2025730D0A0D0A005B525D20D0
:109810005544502073656E64207374617475733A97
:1098200025640D0A0D0A0000636F6E6669675F7339
:10983000657400007461726765745F6D6163000038
:109840007461726765745F736E0000006970000078
:109850006E65746D61736B00676174657761790023
:10986000686F73745F697000686F73745F6D6163B4
:10987000000000005B525D204B45592076616C75FD
:109880006520766572696669636174696F6E2066CA
:1098900061696C6564210D0A0D0000005B525D205A
:1098A0004D4143206164647265737320766572690B
:1098B0006669636174696F6E206661696C656421B5
:1098C0000D0A0D005B525D20534E2076657269666D
:1098D00069636174696F6E206661696C6564210DEE
:1098E0000A0D00007B2267617465776179223A2254
:1098F0002573222C22686F73745F6970223A2225C7
:1099000073222C22686F73745F6D6163223A222583
:1099100073222C226970223A222573222C226E6532
:10992000746D61736B223A222573222C2273657148
:10993000223A256C752C227461726765745F6D61C3
:1099400063223A222573222C227461726765745F48
:10995000736E223A222573222C227473223A2573C5
:109960002C2274797065223A222573227D00000032
:109970005B525D20536572766572204950206368A2
:10998000616E6765642C2061626F7274206F6C6415
:109990002054435020636F6E6E656374696F6E2050
:1099A000696D6D6564696174656C790D0000000016
:1099B0005B525D20446973747269627574696F6E7D
:1099C000206E6574776F726B207375636365737354
:1099D00066756C6C7920616E6420466C61736820DA
:1099E00073617665640D0A0D000000005B525D2016
:1099F000534E5450207570646174656420746F20F8
:109A00006E6577207365727665722069703A2025DD
:109A1000730D0A005B525D20526563726561746567
:109A20002055445020504342206166746572206383
:109A30006F6E6669675F736574206661696C6564E3
:109A40000D0000005B525D20756470206D757465BB
:109A500078206E6F7420696E69742C20736B697046
:109A6000207564702072656275696C640D00000079
:109A70005B525D2055445020717565756520667593
:109A80006C6C2C2064726F70207564702070616340
:109A90006B65742C206C656E3A25750D0A0000000C
:109AA0005B525D20486561727462656174207469FF
:109AB0006D656F757420332074696D65732C207229
:109AC00065737461727420544350206E6574776FAF
:109AD000726B210D0A0D00005B525D2048656172BA
:109AE0007462656174206C6F737420636F756E743B
:109AF0003A2025642F25640D0A0D0A005B525D2073
:109B0000537461727420636F6E6E65637420736545
:109B1000727665722049503A25642E25642E25649C
:109B20002E256420504F52543A2564202E2E2E2E7E
:109B30002E2E0D0A0D0A00005B525D207463705FCB
:109B40006E65772829206661696C65642C206F75C5
:109B500074206F66206D656D6F7279210D0A0D009E
:109B60005B525D20544350206C696E6B20657272AD
:109B70006F722C20636F64653A25640D0A0D0A002C
:109B80005B525D205443502068616E647368616B62
:109B900065206661696C0D0A0D0000005B525D2056
:109BA00054435020636F6E6E6563742073756363F6
:109BB000657373210D0A0D005B525D204552524FB3
:109BC000523A207463705F73656E645F6D7574657F
:109BD00078206973206E756C6C2C20736B69702013
:109BE00073656E640D0A0D005B525D207463702016
:109BF00073656E64206275662066756C6C2C647289
:109C00006F7020706B740D0A0D0000005B525D20B8
:109C10007463705F7772697465206E65776C696EC6
:109C200065206661696C2C206572723A25640D0AA4
:109C300000000000300000006465766963655F69BC
:109C40006400000063757272656E745F696E6A5FAE
:109C50006964000063757272656E745F7461736B22
:109C60005F69640063757272656E745F7461736BB3
:109C70005F7374617274000069735F6F696C696E01
:109C8000670000006465766963655F73746174756D
:109C90007300000072756E5F7374617475730000F9
:109CA0006865617274626561740000005B525D20DA
:109CB0005443502053656E64204A534F4E3A0D0A68
:109CC00025730D0A0D0A0000696E6A5F6163767381
:109CD00000000000696E6A5F69640000696E6A5F77
:109CE00074730000696E6A5F767300006C61737450
:109CF0005F6572726F725F636F6465006C6173742D
:109D00005F6572726F725F6D7367000070726F676C
:109D1000726573735F74730073746174757300009C
:109D2000657374696D617465645F636F6D706C6594
:109D300074650000696E6A6563746F727300000079
:109D400073746174655F726573706F6E7365000024
:109D50005B525D205443502053656E6420737461E0
:109D600074655F726573706F6E7365204A534F4EF2
:109D70003A0D0A25730D0A0D0A0000005B525D20A2
:109D80005443502053656E6420616C6C2073746181
:109D900074655F726573706F6E7365204A534F4EC2
:109DA0003A0D0A25730D0A0D0A0000005B525D2072
:109DB0005443502052656376204A534F4E3A0D0A61
:109DC00025730D0A0D0A00005B525D20446576691B
:109DD00063652049442076657269666963617469C8
:109DE0006F6E206661696C6564210D0A0D000000CC
:109DF0007461736B5F6F7264657200007461736B82
:109E00005F696E666F000000696E6A5F7600000031
:109E10007461736B5F69640073746174655F72650C
:109E200071756573740000005B525D20737461741A
:109E3000655F7265717565737420696E6A5F6964C8
:109E400020696E76616C6964210D0A0D00000000C6
:109E50007B226465766963655F6964223A222573B3
:109E6000222C22696E6A5F6964223A25752C22735E
:109E70006571223A256C752C227473223A25732C55
:109E80002274797065223A2273746174655F726519
:109E90007175657374227D007461736B5F656D709D
:109EA000747900006D65737361676500776169742B
:109EB0005F74696D650000007B2264657669636587
:109EC0005F6964223A222573222C226D65737361C7
:109ED0006765223A222573222C22736571223A2566
:109EE0006C752C227473223A25732C227479706558
:109EF000223A227461736B5F656D707479222C2233
:109F0000776169745F74696D65223A25647D00002C
:109F100073746F705F7461736B0000007B22646503
:109F2000766963655F6964223A222573222C227365
:109F30006571223A256C752C227461736B5F6964BC
:109F4000223A222573222C227473223A25732C2262
:109F500074797065223A2273746F705F7461736BE9
:109F6000227D00006865617274626561745F61637F
:109F70006B0000007365727665725F74696D6500D1
:109F80006861735F70656E64696E675F7461736B3F
:109F9000000000005B525D2053657276657220748C
:109FA000696D653A2025732C204861732070656EB9
:109FB00064696E67207461736B3A2025640D0A0D25
:109FC0000A0000007B226465766963655F6964222C
:109FD0003A222573222C226861735F70656E646972
:109FE0006E675F7461736B223A25732C22736571FF
:109FF000223A256C752C227365727665725F7469DE
:10A000006D65223A25732C227473223A25732C2213
:10A0100074797065223A2268656172746265617450
:10A020005F61636B227D00005B525D2054435020D2
:10A030007265636569766564206D657373616765D4
:10A04000207375636365737366756C6C79210D0A93
:10A050000D0000005B525D2073746174655F726572
:10A06000717565737420696E6A5F6964206F7574B9
:10A07000206F662072616E676520317E25640D0A4F
:10A080000D0A00005B525D2056616C696420737498
:10A090006F705F7461736B20636D64206D617463B6
:10A0A000686564207461736B5F69643A25732C2062
:10A0B0007472696767657220656D657267656E6346
:10A0C000792073746F700D0A0D0A00005B525D20D9
:10A0D00073746F705F7461736B207461736B5F690D
:10A0E00064206D69736D617463682C20637572728E
:10A0F000656E7420746370207461736B3A25732CE1
:10A10000207265712073746F703A25730D0A0D0A01
:10A11000000000007B226465766963655F696422E4
:10A120003A222573222C226669726D776172655F0F
:10A13000766572223A222573222C226D6163223ABF
:10A14000222573222C226D6F64656C223A222573BE
:10A15000222C22736571223A256C752C227473228D
:10A160003A25732C2274797065223A2272656769E8
:10A1700073746572227D000072656769737465721D
:10A18000000000005B525D207461736B20696E6695
:10A190006F20617272617920697320656D707479C6
:10A1A000210D0A0D0000000070656E64696E675F26
:10A1B0007265717565737473000000007461736B70
:10A1C0005F72657175657374000000005B525D20FD
:10A1D0006578656375746520726573756C7420614C
:10A1E0007272617920697320656D707479210D0A2E
:10A1F0000D00000061637475616C5F766F6C756D46
:10A20000650000006572726F725F636F64650000C5
:10A210006572726F725F6D736700000065786563C9
:10A220007574655F726573756C74000076616C7629
:10A23000655F6163745F746D0000000076616C7629
:10A24000655F68756D00000076616C76655F7465AA
:10A250006D70000076616C76655F746F74616C5F21
:10A26000746D00005B525D2053797374656D206ED0
:10A270006F74207265616479206D6F64652C206451
:10A2800069736361726420746370207461736B3AE4
:10A2900020696E6A3D2025753B20766F6C3D202538
:10A2A0006C753B20696E6A5F74733D20256C753B4D
:10A2B000207461736B5F69643D2025730D0A0D0A7C
:10A2C000000000005468652073797374656D20691F
:10A2D00073206E6F74207265616479202100000024
:10A2E0005B525D2053797374656D20627573792CB0
:10A2F0002064697363617264207463702074617395
:10A300006B3A20696E6A3D2025753B20766F6C3D67
:10A3100020256C753B20696E6A5F74733D20256C47
:10A32000753B207461736B5F69643D2025730D0A72
:10A330000D0A00005468652073797374656D206997
:10A340007320627573792021000000005B525D204C
:10A350005443502075706461746520696E6A65634A
:10A36000746F722564206175746F20696E746572F4
:10A3700076616C20746F20256C6C7520730D0A0D4E
:10A380000A0000005B525D2054435020696E7661E4
:10A390006C696420696E74657276616C20696E6A9E
:10A3A00025642C2074735F7365633A256C6C750D9E
:10A3B0000A0D0A005B525D20544350206D6F6469A2
:10A3C000667920696E74657276616C20696E76615B
:10A3D0006C696420696E6A5F69643A25640D0A0DD0
:10A3E0000A0000005B525D20544350207570646188
:10A3F000746520696E6A6563746F72257520636F7A
:10A400006E66696720766F6C756D6520746F2025A8
:10A410006C75206D4C0D0A0D0A0000005B525D202A
:10A4200054435020696E76616C696420766F6C7558
:10A430006D6520696E6A25752C20766F6C756D656B
:10A440003A256C750D0A0D0A000000005B525D2074
:10A45000544350206D6F6469667920766F6C756D1A
:10A460006520696E76616C696420696E6A5F6964F3
:10A470003A25750D0A0D0A005B525D207461736BFD
:10A480005F6F626A6563745F6C6973745B335D2EC2
:10A490007461736B5F7374617475732025640D0A46
:10A4A0000D0A00005B525D20544350207461736BB1
:10A4B00020777269746520736C6F7433206F6B3A08
:10A4C00020696E6A3D2025753B20766F6C3D202506
:10A4D0006C753B20696E6A5F74733D20256C753B1B
:10A4E000207461736B5F69643D2025730D0A0D0A4A
:10A4F000000000005B525D20736C6F743320627546
:10A5000073792C646973636172642074637020745E
:10A5100061736B3A20696E6A3D2025753B20766F2A
:10A520006C3D20256C753B20696E6A5F74733D201D
:10A53000256C753B207461736B5F69643D202573E6
:10A540000D0A0D0A00000000546865207461736BE9
:10A55000206C6973742069732066756C6C2021000F
:10A560005B525D20544350206F66666C696E652CAB
:10A570002064726F702074696D6572206E6F7469EB
:10A58000667920696E6A3A25640D0A0D0A0000009A
:10A590005B525D20436163686520696E6A20746167
:10A5A000736B3A2025642C20746F74616C3A2564B7
:10A5B0000D0A0D0A000000005B525D205461736BB0
:10A5C000206275666665722066756C6C2C206472FC
:10A5D0006F7020696E6A3A25640D0A0D0A0000004A
:10A5E0005B525D20544350206F66666C696E652C2B
:10A5F0002064726F7020696E6A3A25640D0A0D0A34
:10A60000000000005B525D20506F7765722D6F6E09
:10A610002066697273742073796E63204E545020E3
:10A620002D3E20525443204F4B0D00005B525D20C5
:10A6300054696D6520646966663A202573206D73E0
:10A64000203E207468726573686F6C642C2072659C
:10A650002D73796E630D0A0025642E25642E256402
:10A660002E2564005B525D2043757272656E742006
:10A670004E5450205365727665722049503A202519
:10A68000730D0A005B525D204E545054696D653A5B
:10A69000202573207C204D535F54533A2025730DA1
:10A6A0000A0000005B525D204E54502073796E63A7
:10A6B000206661696C2C2074733D300D0000000031
:10A6C0005B525D2052544354696D653A20257320D6
:10A6D0007C204D535F54533A2025730D0A0D0A0018
:10A6E0005B525D205374617274206F696C206669DF
:10A6F0006C6C696E672C20696E6A5F69643A2564C8
:10A700002C2074617267657420746F74616C20769C
:10A710006F6C3A2564206D4C0D0A0D0A0000000094
:10A72000456D657267656E63792073746F70206222
:10A73000792072656D6F746520636D6400000000A0
:10A740005B525D2052656D6F74652073746F70206D
:10A750007461736B207472696767657265642C201D
:10A76000627265616B2066696C6C696E67206C6FE4
:10A770006F700D0A0D0000004F4B00005B525D2012
:10A7800046696C6C696E672070726F67726573736F
:10A790003A2063757272656E74202564206D4C20BA
:10A7A0002F20746F74616C202564206D4C0D0A0D90
:10A7B0000A00000046696C6C696E6720636F6D70FB
:10A7C0006C657465207375636365737366756C6C13
:10A7D000790000005B525D204F696C2066696C6CEB
:10A7E000696E67204641494C2C20696E6A5F696436
:10A7F0003A25642C206572725F636F64653A256444
:10A800002C206D73673A25730D0A0D0A00000000B5
:10A810005B525D204F696C2066696C6C696E6720C5
:10A8200066696E69736865642C20696E6A5F696425
:10A830003A25642C2061637475616C20746F7461B7
:10A840006C20766F6C3A2564206D4C2C20746F74EC
:10A85000616C2072756E2074696D653A2564206D97
:10A86000730D0A0D0A000000443A2F4465736B749F
:10A870006F702F4F696C5F50756D705F436F6E74B2
:10A88000726F6C2F55736572436F64652F447269E4
:10A89000766572732F4D6F746F722F6273705F667F
:10A8A0006463616E2E630000443A2F4465736B74D9
:10A8B0006F702F4F696C5F50756D705F436F6E7472
:10A8C000726F6C2F55736572436F64652F447269A4
:10A8D000766572732F53656E736F722F4144435FB9
:10A8E000636F6C6C6563742E630000005B25733AC4
:10A8F00025645D206275665F6164647220203D207E
:10A90000307825700D0A00005B25733A25645D20C0
:10A91000414443335F43522020203D20307825308E
:10A9200038780D0A000000005B25733A25645D202D
:10A93000414443335F43464752203D203078253021
:10A9400038780D0A000000005B25733A25645D200D
:10A95000503D252E3266204F543D252E326620492B
:10A96000303D252E32662049313D252E32660D0AB6
:10A970000000000057726F6E6720706172616D6534
:10A98000746572732076616C75653A2066696C65D2
:10A99000202573206F6E206C696E652025640D0A7A
:10A9A00000000000443A2F4465736B746F702F4FA2
:10A9B000696C5F50756D705F436F6E74726F6C2F52
:10A9C00055736572436F64652F4C6F6769632F6DB4
:10A9D00061696E5F6C6F6769632E63005B25733A14
:10A9E00025645D20506F776572204F6E2053656C33
:10A9F0006620546573742053746172740D0A0000EC
:10AA000053656C6620546573742053746172742EA0
:10AA10002E2E00005B25733A25645D2053656C661D
:10AA200054657374204661696C3A204D6F746F727F
:10AA3000204D6F6462757320436F6D6D2045727297
:10AA40006F720D0A0000000053656C662D7465730B
:10AA5000743A204D6F746F7220636F6D6D20666164
:10AA6000696C00005B25733A25645D2053656C6654
:10AA700054657374204661696C3A204C697175693C
:10AA8000642053656E736F7220436F6D6D20457245
:10AA9000726F720D0A00000053656C662D74657349
:10AAA000743A204C69717569642073656E736F72B6
:10AAB000206661696C0000005B25733A25645D20A7
:10AAC00053656C6654657374204661696C3A205016
:10AAD000726573737572652053656E736F7220466D
:10AAE00061756C740D0A000053656C662D74657396
:10AAF000743A2050726573737572652073656E7356
:10AB00006F72206661696C005B25733A25645D2075
:10AB100053656C6654657374204661696C3A204FC6
:10AB2000696C2054656D702053656E736F7220469A
:10AB300061756C740D0A000053656C662D74657345
:10AB4000743A204F696C2074656D702073656E7364
:10AB50006F72206661696C005B25733A25645D2025
:10AB600053656C6654657374204661696C3A205570
:10AB70006E6B6E6F776E2053656E736F72204162DD
:10AB80006E6F726D616C0D0A0000000053656C669B
:10AB90002D746573743A2053656E736F7220616211
:10ABA0006E6F726D616C00005B25733A25645D20E9
:10ABB00053656C6654657374204661696C3A204D28
:10ABC0006F746F72204661756C740D0A000000008E
:10ABD00053656C662D746573743A204D6F746F7293
:10ABE000206661756C7400005B25733A25645D20F6
:10ABF00053656C665465737420506173732C2041E7
:10AC000075746F205377697463682052756E6E692E
:10AC10006E672053746174650D0A00005B25733AFA
:10AC200025645D204D6F746F722073657420746F9E
:10AC30002076656C6F63697479206D6F646520732D
:10AC40007563636573730D0A000000005B25733A3A
:10AC500025645D205365742076656C6F6369747933
:10AC6000206D6F6465206661696C6564210D0A0062
:10AC70005B25733A25645D2053797374656D2046B6
:10AC800061756C742C20466F7263652053544F506D
:10AC90000D0A00004D6F746F7220636F6D6D206C34
:10ACA0006F737421000000005B25733A25645D20FA
:10ACB0004661756C743A204D6F746F72204D6F64ED
:10ACC00062757320636F6D6D756E69636174696F12
:10ACD0006E206C6F73740D0A000000004D6F746F6E
:10ACE00072206661756C742C2073746F702072759D
:10ACF0006E6E696E670000005B25733A25645D2007
:10AD00004661756C743A20536572766F206472697F
:10AD10007665206661756C740D0A00004661756C7D
:10AD2000743A2050726573737572652073656E7323
:10AD30006F7200005B25733A25645D204661756C77
:10AD4000743A2050726573737572652073656E7303
:10AD50006F722061626E6F726D616C0D0A0000008F
:10AD60004661756C743A204F696C2074656D702073
:10AD700073656E736F7200005B25733A25645D2006
:10AD80004661756C743A204F696C2074656D70650E
:10AD90007261747572652073656E736F7220616283
:10ADA0006E6F726D616C0D0A000000004661756C7B
:10ADB000743A204C6971756964206C6576656C2005
:10ADC00073656E736F7200005B25733A25645D20B6
:10ADD0004661756C743A204C6971756964206C65C4
:10ADE00076656C203438352073656E736F72206120
:10ADF000626E6F726D616C0D0A00000053656E73B8
:10AE00006F722061626E6F726D616C2C2073746F53
:10AE1000702072756E6E696E670000005B25733A74
:10AE200025645D204661756C743A20556E6B6E6FBB
:10AE3000776E2073656E736F72206572726F720D1C
:10AE40000A0000005B25733A25645D20456E746539
:10AE5000722053544F50204D6F64650D0A0000005E
:10AE600053797374656D2073746F702C20737461E3
:10AE70006E646279000000005B25733A25645D20F2
:10AE8000456E746572205052455353204D6F646572
:10AE90000D0A0000507265737375726520626F6FE2
:10AEA0007374696E670000005B25733A25645D204A
:10AEB000456E74657220484F4C44204D6F64650D9B
:10AEC0000A000000507265737375726520686F6CBC
:10AED00064696E67000000005B25733A25645D209D
:10AEE000456E7465722052454C45415345204D6F67
:10AEF00064652C204F70656E2056616C76650D0A76
:10AF00000000000050726573737572652072656C85
:10AF1000656173696E6700005B25733A25645D2087
:10AF2000456E7465722053455454494E47204D6F09
:10AF300064650D0A000000006D6269665461736B00
:10AF40000000000053657269616C20506F727400DC
:10AF500050204D6F64656C2053706565640000007F
:10AF600051204D6F64656C2053706565640000006E
:10AF7000526573746F726520466163746F727900F5
:10AF80004261636B00000000486F6D65205061678F
:10AF90006500000053797374656D2053657474699E
:10AFA0006E67730050204D6F64656C20496E697444
:10AFB0000000000051204D6F64656C20496E69747B
:10AFC00000000000546573742052756E6E696E67E0
:10AFD00000000000556E6974205465737400000011
:10AFE00041626F75742044657669636500000000F6
:10AFF0005265626F6F740000424F524348204F69A0
:10B000006C2050756D7000004D0000005300000072
:10B0100049443A257300000050723A2025734D5080
:10B02000610000005265663A2025734D50610000B2
:10B0300052504D3A20256C7572706D004F543A2075
:10B04000257343004C6576656C3A202573252500F1
:10B0500056616C76653A204F50454E0056616C76CD
:10B06000653A20434C5300003230253032642E259F
:10B070003032642E2530326420253032643A253057
:10B0800032643A25303264004C6F6E67207072650E
:10B09000737320746F2072657475726E0000000007
:10B0A000416E676C653A202564000000496E697442
:10B0B000202E2E2E00000000536176652100000036
:10B0C0004661696C65642100526561647921000004
:10B0D000696E6A6563746F723A2025730000000020
:10B0E0007374617475733A2025730000526561644E
:10B0F000792021004E6F742052656164792021000F
:10B1000053746F70706564202100000052756E6E7C
:10B11000696E6720210000006175746F00000000F7
:10B120004465766963653A20424F524348204C5546
:10B130004245000056657273696F6E3A2056312E93
:10B14000302E3000253038582D253038582D2530F8
:10B1500038580000507265737320746F20726574E4
:10B1600075726E005265626F6F74696E672E2E2E57
:10B1700000000000705F616E673A25640000000007
:10B18000715F616E676C653A2564000073656E5F80
:10B19000743A20256400000073656E5F623A2025D2
:10B1A000640000004D61696E204D656E7500000001
:10B1B0005475726E20746F206E6176696761746574
:10B1C0002C20656E74657220746F2073656C6563E6
:10B1D0007400000053657474696E67732050616772
:10B1E00065000000556E64657220446576656C6F7D
:10B1F000706D656E74000000524553544F524520E7
:10B20000464143544F525900436F6E6669726D2038
:10B21000666163746F7279207265736574000000F3
:10B220004F4C45445461736B000000004F4C454443
:10B230004D73675461736B001B5B33326D49282576
:10B2400064292025733A1B5B33396D2051207265C8
:10B25000736574206661696C757265202E0D0A0035
:10B2600051207265736574206661696C7572652022
:10B270002E0000001B5B33326D49282564292025F0
:10B28000733A1B5B33396D205020726573657420EF
:10B290006661696C757265202E0D0A00502072651A
:10B2A000736574206661696C757265202E000000FC
:10B2B0006D6F746F7220696E6974202E2E2E0000DF
:10B2C00072756E207461736B20256400696E6A6507
:10B2D00063746F720000000077616974696E6720A3
:10B2E00073656E202E2E2E00696E6974206D6F744A
:10B2F0006F72206572726F72202E2E2E0000000079
:10B300007020726561647920746F202564000000EC
:10B31000696E69742073656E206572726F72202E7B
:10B320002E2E00007461736B2025752D256C750021
:10B330006D6F746F72206572726F72202E2E2E00E8
:10B3400030000000515F4D4F44454C5F52554E5FF9
:10B35000434C4F53455F4641494C555245202100CF
:10B360005B525D204F696C2066696C6C696E67206A
:10B370004641494C2C20696E6A5F69643A25752CF8
:10B38000206572725F636F64653A25752C206D735A
:10B39000673A25730D0A0D0A00000000515F4D4FFA
:10B3A00044454C5F52455345545F4641494C5552C4
:10B3B0004500000050206D6F746F72206572726FCF
:10B3C00072202E2E2E000000505F4D4F44454C5FE2
:10B3D00052554E5F504F494E545F4641494C55526D
:10B3E00045202100505F4D4F44454C5F5245534529
:10B3F000545F4641494C555245000000515F4D4F46
:10B4000044454C5F52554E5F4F50454E5F46414953
:10B410004C555245202100006D65742073656E20E7
:10B42000676F202564200A006D65742073656E20A7
:10B430006572726F722000006D65742073656E20F6
:10B440006572726F72000000574154494E475F4D5C
:10B4500045545F53454E5F4641494C555245202166
:10B46000000000004F4B00005B525D2046696C6C91
:10B47000696E672070726F67726573733A206375C7
:10B480007272656E7420256C75206D4C202F2074AF
:10B490006F74616C20256C75206D4C0D0A0D0A00CF
:10B4A0007461736B2025642D25642D2564000000D4
:10B4B000515F4D4F44454C5F52455455524E5F438A
:10B4C0004C4F53455F4641494C55524520210000A1
:10B4D00046696C6C696E6720636F6D706C6574652E
:10B4E000207375636365737366756C6C7900000017
:10B4F0005B525D204F696C2066696C6C696E6720D9
:10B5000066696E69736865642C20696E6A5F696438
:10B510003A25752C2061637475616C20746F7461B9
:10B520006C20766F6C3A256C75206D4C2C20746FF6
:10B5300074616C2072756E2074696D653A256C7546
:10B54000206D730D0A0D0A00502072756E6E696EC3
:10B5500067206661696C757265202E0050206D6FE2
:10B56000746F722072656C656173652070726F74A0
:10B57000656374202E00000051206D6F746F72207F
:10B5800072756E20746F204E2E2564206465672EC0
:10B5900025642073656E2E25640A000051206D6FAE
:10B5A000746F722065727220746F204E2E25642095
:10B5B0006465672E25642073656E2E25640A00007D
:10B5C00051206D6F746F722072656C6561736520B8
:10B5D00070726F74656374202E00000051207275C4
:10B5E0006E6E696E67206661696C757265202E00EB
:10B5F00073796E6369665461736B00006D66727374
:10B6000000000000626F7273636800006465766911
:10B6100063655F6964000000313233343536373892
:10B6200039306B7600000000626F6F745F636F7576
:10B630006E740000626F6F745F74696D6500000066
:10B640006D61696E5F636F6E66696700696E6A65DA
:10B6500063746F725F636F6E66696700766572739D
:10B66000696F6E00312E302E3000000065665F6B12
:10B670007664623100000000737973646200000038
:10B680001B5B33326D49282564292025733A1B5BE7
:10B6900033396D207854696D657253746172743AF0
:10B6A000202564200D0A00001B5B33316D452825E1
:10B6B00064292025733A1B5B33396D20496E76610E
:10B6C0006C69642042617564526174652076616CB6
:10B6D00075653A2025750D0A000000001B5B3331AB
:10B6E0006D45282564292025733A1B5B33396D206D
:10B6F000496E76616C696420696E74657276616CFE
:10B700002076616C756520666F7220696E6A65636C
:10B71000746F722025643A20256C6C750D0A000048
:10B720001B5B33316D45282564292025733A1B5B4B
:10B7300033396D20496E76616C696420766F6C7563
:10B740006D652076616C756520666F7220696E6A22
:10B750006563746F722025643A2025750D0A000018
:10B760001B5B33326D49282564292025733A1B5B06
:10B7700033396D20466C617368444220666F726D88
:10B78000617420616E64207265736574204F4B0D87
:10B790000A00000031323334353637383930534EF1
:10B7A000000000003139322E3136382E312E313042
:10B7B000300000001B5B33323B32326D5B492F4659
:10B7C000414C5D2000000000302E352E393900003C
:10B7D000466C617368204162737472616374696F4F
:10B7E0006E204C6179657220285625732920696E78
:10B7F000697469616C697A652073756363657373D5
:10B800002E0000001B5B306D000000001B5B33311D
:10B810003B32326D5B452F46414C5D202825733A03
:10B820002564292000000000466C61736820416295
:10B83000737472616374696F6E204C6179657220F4
:10B84000285625732920696E697469616C697A6567
:10B85000206661696C65642E00000000646576698D
:10B8600063655F7461626C655B695D2D3E6F7073CB
:10B870002E726561640000002825732920686173B9
:10B8800020617373657274206661696C6564206100
:10B89000742025732E0A00006465766963655F7401
:10B8A00061626C655B695D2D3E6F70732E777269A6
:10B8B000746500006465766963655F7461626C65D8
:10B8C0005B695D2D3E6F70732E657261736500005C
:10B8D0005B442F46414C5D202825733A2568642936
:10B8E00020000000466C61736820646576696365BA
:10B8F000207C20252A2E2A73207C20616464723AE1
:10B900002030782530386C78207C206C656E3A20A9
:10B91000307825303878207C20626C6B5F73697AD0
:10B92000653A20307825303878207C696E697469F2
:10B93000616C697A65642066696E6973682E0000BF
:10B94000696E69745F6F6B006E616D650000000069
:10B95000736675645F6465760000000028257329AE
:10B960002068617320617373657274206661696C0D
:10B9700065642061742025732E0A00007366756467
:10B980005F6465762D3E696E69745F6F6B000000C1
:10B990006E616D6500000000666C6173685F6465D0
:10B9A000760000001B5B33323B32326D5B492F4621
:10B9B000414C5D20000000003D3D3D3D3D3D3D3D95
:10B9C0003D3D3D3D3D3D3D3D3D3D3D3D2046414CA8
:10B9D00020706172746974696F6E207461626C6545
:10B9E000203D3D3D3D3D3D3D3D3D3D3D3D3D3D3DA4
:10B9F0003D3D3D3D3D0000001B5B306D0000000003
:10BA00007C20252D2A2E2A73207C20252D2A2E2AC3
:10BA100073207C2020206F66667365742020207C54
:10BA2000202020206C656E67746820207C00000058
:10BA30002D2D2D2D2D2D2D2D2D2D2D2D2D2D2D2D36
:10BA40002D2D2D2D2D2D2D2D2D2D2D2D2D2D2D2D26
:10BA50002D2D2D2D2D2D2D2D2D2D2D2D2D2D2D2D16
:10BA60002D2D2D2D2D2D2D2D2D2D2D2D2D0000008D
:10BA70007C20252D2A2E2A73207C20252D2A2E2A53
:10BA800073207C2030782530386C78207C2030780A
:10BA900025303878207C00003D3D3D3D3D3D3D3D1D
:10BAA0003D3D3D3D3D3D3D3D3D3D3D3D3D3D3D3DC6
:10BAB0003D3D3D3D3D3D3D3D3D3D3D3D3D3D3D3DB6
:10BAC0003D3D3D3D3D3D3D3D3D3D3D3D3D3D3D3DA6
:10BAD0003D3D3D3D3D0000005B442F46414C5D2017
:10BAE0002825733A25686429200000005761726E8A
:10BAF000696E673A20446F204E4F5420666F756E12
:10BB0000642074686520666C61736820646576697A
:10BB10006365282573292E001B5B33313B32326D60
:10BB20005B452F46414C5D202825733A256429202A
:10BB300000000000496E697469616C697A6520666D
:10BB400061696C65642120506172746974696F6EFB
:10BB500028257329206F666673657420616464729A
:10BB600065737328256C6429206F7574206F6620B7
:10BB7000666C61736820626F756E64283C25642969
:10BB80002E000000696E69745F6F6B0028257329B1
:10BB90002068617320617373657274206661696CDB
:10BBA00065642061742025732E0A00007061727430
:10BBB000203E3D20706172746974696F6E5F7461BC
:10BBC000626C650070617274203C3D202670617269
:10BBD000746974696F6E5F7461626C655B706172C9
:10BBE000746974696F6E5F7461626C655F6C656EB9
:10BBF000202D20315D0000006C656E007461626C68
:10BC000065000000706172740000000062756600DB
:10BC1000506172746974696F6E2072656164206529
:10BC200072726F722120506172746974696F6E2034
:10BC300061646472657373206F7574206F6620622F
:10BC40006F756E642E000000506172746974696FC4
:10BC50006E2072656164206572726F722120446F7C
:10BC60006E277420666F756E6420666C6173682041
:10BC700064657669636528257329206F662074687A
:10BC80006520706172746974696F6E282573292E3E
:10BC900000000000506172746974696F6E207265F3
:10BCA0006164206572726F722120466C6173682036
:10BCB000646576696365282573292072656164204F
:10BCC0006572726F72210000506172746974696FDD
:10BCD0006E207772697465206572726F72212050D0
:10BCE0006172746974696F6E2061646472657373E4
:10BCF000206F7574206F6620626F756E642E000071
:10BD0000506172746974696F6E207772697465200E
:10BD10006572726F72212020446F6E277420666FE7
:10BD2000756E6420666C617368206465766963650E
:10BD300028257329206F66207468652070617274ED
:10BD40006974696F6E282573292E00005061727422
:10BD50006974696F6E207772697465206572726F9D
:10BD6000722120466C61736820646576696365287A
:10BD7000257329207772697465206572726F72214C
:10BD800000000000506172746974696F6E20657202
:10BD9000617365206572726F7221205061727469DF
:10BDA00074696F6E2061646472657373206F75745B
:10BDB000206F6620626F756E642E00005061727491
:10BDC0006974696F6E206572617365206572726F48
:10BDD000722120446F6E277420666F756E64206632
:10BDE0006C61736820646576696365282573292012
:10BDF0006F662074686520706172746974696F6E13
:10BE0000282573292E000000506172746974696FCF
:10BE10006E206572617365206572726F72212046B3
:10BE20006C617368206465766963652825732920D1
:10BE30006572617365206572726F72210000000087
:10BE40001B5B33326D49282564292025733A1B5B1F
:10BE500033396D205B466C61736844425D0D0A00A6
:10BE60001B5B33326D49282564292025733A1B5BFF
:10BE700033396D20200D0A001B5B33326D492825B4
:10BE800064292025733A1B5B33396D2028257329DB
:10BE90002068617320617373657274206661696CD8
:10BEA00065642061742025732E0A0D0A00000000CD
:10BEB000646200006E616D6500000000706174686E
:10BEC000000000001B5B33326D49282564292025C2
:10BED000733A1B5B33396D204572726F723A205092
:10BEE0006172746974696F6E2028257329206E6FE2
:10BEF0007420666F756E642E0A0D0A001B5B333268
:10BF00006D49282564292025733A1B5B33396D2040
:10BF10004572726F723A20646220736563746F7247
:10BF20002073697A652028256C7529204D55535456
:10BF300020616C69676E207769746820626C6F633A
:10BF40006B2073697A652028257A75292E0A0D0AD7
:10BF5000000000002864622D3E7365635F73697A98
:10BF6000652026202864622D3E7365635F73697ABD
:10BF700065202D20312929203D3D20300000000082
:10BF80001B5B33326D49282564292025733A1B5BDE
:10BF900033396D204572726F723A20646220746F7B
:10BFA00074616C2073697A652028256C7529204D91
:10BFB00055535420616C69676E20776974682073EB
:10BFC0006563746F722073697A652028256C752902
:10BFD0002E0A0D0A000000001B5B33326D49282534
:10BFE00064292025733A1B5B33396D204572726FCB
:10BFF000723A206462204D55535420686173206D5D
:10C000006F7265207468616E206F72206571756152
:10C010006C203220736563746F72732C20637572A9
:10C0200072656E742068617320256C75207365637A
:10C03000746F722873290A0D0A0000001B5B3332EB
:10C040006D49282564292025733A1B5B33396D20FF
:10C05000466C6173684442205625732069732069D9
:10C060006E697469616C697A652073756363657361
:10C07000732E0A0D0A000000322E322E39390000CC
:10C080001B5B33326D49282564292025733A1B5BDD
:10C0900033396D20596F752063616E206765742098
:10C0A000746865206C617465737420766572736959
:10C0B0006F6E206F6E2068747470733A2F2F6769EB
:10C0C000746875622E636F6D2F61726D696E6B2F70
:10C0D000466C6173684442202E0A0D0A000000007D
:10C0E0004B564442000000005453444200000000FC
:10C0F0001B5B33326D49282564292025733A1B5B6D
:10C1000033396D204572726F723A202573202825CD
:10C11000734025732920697320696E697469616CA5
:10C12000697A65206661696C20282564292E0A0DCC
:10C130000A0000001B5B33326D4928256429202545
:10C14000733A1B5B33396D205B466C617368444204
:10C150005D5B6B765D0D0A001B5B33326D492825F4
:10C1600064292025733A1B5B33396D205B25735D91
:10C170005B25735D200D0A001B5B33326D4928255A
:10C1800064292025733A1B5B33396D204572726F29
:10C19000723A20546865204B56204030782530385C
:10C1A0006C58206C656E6774682068617320616EDE
:10C1B000206572726F722E0A0D0A00001B5B33320B
:10C1C0006D49282564292025733A1B5B33396D207E
:10C1D0004572726F723A20526561642074686520FE
:10C1E0004B562028252E2A734030782530386C583D
:10C1F0002920435243333220636865636B206661B4
:10C20000696C6564210A0D0A000000001B5B333273
:10C210006D49282564292025733A1B5B33396D202D
:10C2200028257329206861732061737365727420F7
:10C230006661696C65642061742025732E0A0D0A9D
:10C24000000000006164647220252064625F7365F1
:10C25000635F73697A6528646229203D3D20300060
:10C26000736563746F7200001B5B33326D49282560
:10C2700064292025733A1B5B33396D204572726F38
:10C28000723A204B5620282573292069736E277433
:10C2900020696E697469616C697A65204F4B2E0A5A
:10C2A0000D0A00001B5B33326D49282564292025C7
:10C2B000733A1B5B33396D205761726E696E673A52
:10C2C000205468652064656661756C7420737472AF
:10C2D000696E67204B562076616C756520627566C5
:10C2E000666572206C656E6774682028256864290D
:10C2F00020697320746F6F206C6573732028256C20
:10C3000075292E0A0D0A00001B5B33326D49282562
:10C3100064292025733A1B5B33396D205761726E97
:10C32000696E673A20546865204B562076616C75BB
:10C33000652069736E277420737472696E672E208E
:10C34000436F756C64206E6F742062652072657433
:10C3500075726E65640A0D0A000000001B5B3332C3
:10C360006D49282564292025733A1B5B33396D20DC
:10C370002825733A256429200D0A0000443A2F44E9
:10C3800065736B746F702F4F696C5F50756D705F64
:10C39000436F6E74726F6C2F55736572436F646573
:10C3A0002F54686972645F50617274792F466C61B2
:10C3B000736844422F6664625F6B7664622E63002A
:10C3C0001B5B33326D49282564292025733A1B5B9A
:10C3D00033396D2054726967676572206120474365
:10C3E00020636865636B20616674657220616C6CA4
:10C3F0006F63204B56206661696C65642E0A0D0AD6
:10C40000000000001B5B33326D492825642920257C
:10C41000733A1B5B33396D204E6F7420666F756EF7
:10C4200064202725732720696E204B562E0A0D0A9B
:10C43000000000001B5B33326D492825642920254C
:10C44000733A1B5B33396D204D6F766564207468D9
:10C4500065204B562028252E2A73292066726F6D81
:10C460002030782530386C5820746F203078253093
:10C47000386C582E0A0D0A001B5B33326D49282593
:10C4800064292025733A1B5B33396D20416C6C6F36
:10C490006320616E204B56202873697A6520256CD5
:10C4A0007529206661696C6564207768656E206E09
:10C4B0006577204B562E204E6F772077696C6C2065
:10C4C0004743207468656E2072657472792E0A0D78
:10C4D0000A0000001B5B33326D49282564292025A2
:10C4E000733A1B5B33396D204572726F723A20418B
:10C4F0006C6C6F6320616E204B56202873697A65DF
:10C500002025687529206661696C65642061667400
:10C5100065722047432E204B562066756C6C2E0AA0
:10C520000D0A00001B5B33326D4928256429202544
:10C53000733A1B5B33396D204572726F723A204D2E
:10C540006F76656420746865204B562028252E2A56
:10C55000732920666F72204743206661696C6564A9
:10C560002E0A0D0A000000001B5B33326D4928259E
:10C5700064292025733A1B5B33396D204B562028E4
:10C58000252E2A73292069732067617262616765AD
:10C59000204E4F54206E656564206D6F76652C20AB
:10C5A000636F6C6C6563742069742E0A0D0A000059
:10C5B0001B5B33326D49282564292025733A1B5BA8
:10C5C00033396D20436F6C6C656374206120736533
:10C5D00063746F72204030782530386C580A0D0A29
:10C5E000000000001B5B33326D492825642920259B
:10C5F000733A1B5B33396D205468652072656D6139
:10C60000696E20656D70747920736563746F722034
:10C61000697320256C752C204743207468726573FC
:10C62000686F6C64206973202568642E0A0D0A0007
:10C630001B5B33326D49282564292025733A1B5B27
:10C6400033396D204572726F723A20546865204B01
:10C6500056206E616D65206C656E67746820697325
:10C66000206D6F7265207468616E2025640A0D0A62
:10C67000000000001B5B33326D492825642920250A
:10C68000733A1B5B33396D204572726F723A2054D6
:10C690006865204B562073697A6520697320746F32
:10C6A0006F206269670A0D0A000000001B5B3332CD
:10C6B0006D49282564292025733A1B5B33396D2089
:10C6C000547269676765722061204743206368651B
:10C6D000636B206166746572206372656174656462
:10C6E000204B562E0A0D0A001B5B33326D4928255C
:10C6F00064292025733A1B5B33396D20252E2A735C
:10C700003D0D0A001B5B33326D4928256429202525
:10C71000733A1B5B33396D20252E2A730D0A0000F6
:10C720001B5B33326D49282564292025733A1B5B36
:10C7300033396D20626C6F62204030782530386C60
:10C740005820256C7562797465730D0A000000002D
:10C750001B5B33326D49282564292025733A1B5B06
:10C7600033396D200A0D0A001B5B33326D492825D1
:10C7700064292025733A1B5B33396D200A6D6F6481
:10C78000653A206E6578742067656E6572617469BC
:10C790006F6E0A0D0A0000001B5B33326D492825BD
:10C7A00064292025733A1B5B33396D2073697A65E0
:10C7B0003A20256C752F256C752062797465732E6F
:10C7C0000A0D0A005F5F7665725F6E756D5F5F00D0
:10C7D0001B5B33326D49282564292025733A1B5B86
:10C7E00033396D2055706461746520746865204B21
:10C7F000562066726F6D2076657273696F6E2025A4
:10C800007A7520746F20257A752E0A0D0A000000B3
:10C810001B5B33326D49282564292025733A1B5B45
:10C8200033396D20536563746F7220686561646588
:10C830007220696E666F20697320696E636F727211
:10C840006563742E204175746F20666F726D61741C
:10C85000207468697320736563746F722028307860
:10C860002530386C58292E0A0D0A00001B5B333224
:10C870006D49282564292025733A1B5B33396D20C7
:10C88000466F756E6420616E204B562028252E2A37
:10C890007329207768696368206861732063686121
:10C8A0006E6765642076616C7565206661696C658C
:10C8B000642E204E6F772077696C6C207265636FF1
:10C8C000766572792069742E0A0D0A001B5B33327B
:10C8D0006D49282564292025733A1B5B33396D2067
:10C8E0005265636F7665727920746865204B5620B7
:10C8F0007375636365737366756C2E0A0D0A0000A9
:10C900001B5B33326D49282564292025733A1B5B54
:10C9100033396D205761726E696E673A204D6F76BC
:10C92000656420616E204B56202873697A65202546
:10C930006C7529206661696C6564207768656E2076
:10C940007265636F766572792E204E6F77207769F6
:10C950006C6C204743207468656E20726574727930
:10C960002E0A0D0A000000001B5B33326D4928259A
:10C9700064292025733A1B5B33396D20416C6C2090
:10C98000736563746F722068656164657220697392
:10C9900020696E636F72726563742E205365742014
:10C9A000697420746F2064656661756C742E0A0D5D
:10C9B0000A0000006462000064622D3E70617265CE
:10C9C0006E742E696E69745F6F6B203D3D206661E9
:10C9D0006C7365001B5B33326D4928256429202563
:10C9E000733A1B5B33396D204572726F723A207354
:10C9F00065742066696C65206D6F646520466169A9
:10CA00006C65642E20506C65617365206465666991
:10CA10006E656420746865204644425F5553494EF4
:10CA2000475F46494C455F4D4F4445206D616372F9
:10CA30006F2E0D0A000000001B5B33326D49282564
:10CA400064292025733A1B5B33396D2054686520B7
:10CA50006F6C646573742061646472206973204034
:10CA600030782530386C580A0D0A000028464442B8
:10CA70005F47435F454D5054595F5345435F5448AA
:10CA8000524553484F4C44203E2030202626204615
:10CA900044425F47435F454D5054595F5345435FA0
:10CAA0005448524553484F4C44203C20534543542E
:10CAB0004F525F4E554D29001B5B33326D4928257F
:10CAC00064292025733A1B5B33396D204B56444251
:10CAD0002073697A6520697320256C7520627974EA
:10CAE00065732E0A0D0A00001B5B33326D49282541
:10CAF00064292025733A1B5B33396D205B466C61DA
:10CB0000736844425D5B7574696C735D0D0A000067
:10CB10001B5B33326D49282564292025733A1B5B42
:10CB200033396D20200D0A001B5B33326D492825F7
:10CB300064292025733A1B5B33396D20282573291E
:10CB40002068617320617373657274206661696C1B
:10CB500065642061742025732E0A0D0A0000000010
:10CB60007374617475735F696E646578203C2073BB
:10CB700074617475735F6E756D0000007374617419
:10CB800075735F7461626C650000000075634E42EE
:10CB9000697473203C3D203800000000443A2F4463
:10CBA00065736B746F702F4F696C5F50756D705F3C
:10CBB000436F6E74726F6C2F55736572436F64654B
:10CBC0002F54686972645F50617274792F46726580
:10CBD000654D6F646275732F66756E6374696F6EF1
:10CBE000732F6D627574696C732E63007573526375
:10CBF00076427566666572506F73203C204D425FC9
:10CC00005345525F5044555F53495A455F4D415813
:10CC100000000000443A2F4465736B746F702F4F0F
:10CC2000696C5F50756D705F436F6E74726F6C2FBF
:10CC300055736572436F64652F54686972645F5001
:10CC4000617274792F467265654D6F646275732FDA
:10CC50007274752F6D627274752E630065536E6405
:10CC60005374617465203D3D2053544154455F54D5
:10CC7000585F49444C4500006552637653746174B3
:10CC800065203D3D2053544154455F52585F49440F
:10CC90004C4500001B5B33316D4528256429202558
:10CCA000733A1B5B33396D20226C6F6722206173EE
:10CCB00073657274206661696C65642061742066B6
:10CCC000696C653A2025732C206C696E653A2025C5
:10CCD000640D0A00443A2F4465736B746F702F4FD4
:10CCE000696C5F50756D705F436F6E74726F6C2FFF
:10CCF00055736572436F64652F54686972645F5041
:10CD0000617274792F4C65747465725368656C6CCC
:10CD10002F6C6F672E6300006D656D6F7279206FE9
:10CD200066203078253038782C2073697A653A206F
:10CD300025643A0D0A2573001B5B33316D202020DA
:10CD4000204F66667365743A2030302030312030D1
:10CD50003220303320303420303520303620303708
:10CD600020303820303920304120304220304320DC
:10CD700030442030452030461B5B33396D0D0A00AE
:10CD80001B5B33316D3078253038783A201B5B33AC
:10CD9000396D000025303278200000002563000046
:10CDA0000D0A205F2020202020202020205F20202E
:10CDB000205F202020202020202020202020202034
:10CDC000202020205F202020202020202020205FE5
:10CDD000205F200D0A7C207C202020205F5F5F7C6C
:10CDE000207C5F7C207C5F205F5F5F205F205F5F37
:10CDF0002020205F5F5F7C207C5F5F2020205F5FC2
:10CE00005F7C207C207C0D0A7C207C2020202F2031
:10CE10005F205C205F5F7C205F5F2F205F205C20B5
:10CE2000275F5F7C202F205F5F7C20275F205C20B6
:10CE30002F205F205C207C207C0D0A7C207C5F5FA3
:10CE40007C20205F5F2F207C5F7C207C7C20205F0B
:10CE50005F2F207C202020205C5F5F205C207C20D6
:10CE60007C207C20205F5F2F207C207C0D0A7C5F53
:10CE70005F5F5F5F5C5F5F5F7C5C5F5F7C5C5F5F91
:10CE80005C5F5F5F7C5F7C202020207C5F5F5F2F8A
:10CE90005F7C207C5F7C5C5F5F5F7C5F7C5F7C0D88
:10CEA0000A0D0A4275696C643A2020202020202057
:10CEB0004A756C20323520323032362031343A35E2
:10CEC000343A33390D0A56657273696F6E3A202011
:10CED000202020332E322E330D0A436F7079726971
:10CEE0006768743A202020286329203230323020AD
:10CEF0004C65747465720D0A000000000D0A5761DC
:10CF0000726E696E673A20436F6D6D616E64206961
:10CF10007320746F6F206C6F6E670D0A0000000045
:10CF20000D0A436F6D6D616E64204C6973743A0D28
:10CF30000A0000000D0A566172204C6973743A0DA4
:10CF40000A0000000D0A55736572204C6973743A2B
:10CF50000D0A00000D0A4B6579204C6973743A0D77
:10CF60000A000000436F6D6D616E64206E6F742067
:10CF7000466F756E640D0A0063616E2774207365D9
:10CF80007420706F696E7465720D0A0063616E279C
:10CF900074207365742072656164206F6E6C7920F3
:10CFA0007661720D0A000000206973206E6F742094
:10CFB00061207661720D0A00566172206E6F7420D6
:10CFC000466F756E740D0A00636F6D6D616E64203F
:10CFD00068656C70206F662000000000506C656111
:10CFE000736520696E7075742070617373776F72EA
:10CFF000643A00000D0A70617373776F7264206584
:10D0000072726F720D0A00001B5B324A1B5B314863
:10D01000000000001B5B324B0D000000434D44201C
:10D0200000000000564152200000000055534552B8
:10D03000000000004B455920000000004E4F4E45B7
:10D04000000000006C657474657200002E2E2E00C6
:10D050000D0A00003A0000002F000000242000000C
:10D060002020000008200800203D200022000000B1
:10D070002C2030780000000030303030303030303C
:10D080003030300052657475726E3A200000000036
:10D0900077726974655F62756600000028257329E0
:10D0A0002068617320617373657274206661696CB6
:10D0B00065642061742025732E000000443A2F44DB
:10D0C00065736B746F702F4F696C5F50756D705F17
:10D0D000436F6E74726F6C2F55736572436F646526
:10D0E0002F54686972645F50617274792F5346558A
:10D0F000442F706F72742F736675645F706F7274F3
:10D100002E630000726561645F6275660000000056
:10D110001B5B33326D49282564292025733A1B5B3C
:10D1200033396D205B534655445D2825733A256C91
:10D130006429200D0A0000001B5B33326D4928254D
:10D1400064292025733A1B5B33396D2025730A0D42
:10D150000A0000001B5B33326D4928256429202515
:10D16000733A1B5B33396D205B534655445D0D0AA2
:10D17000000000005732355136344356000000009D
:10D180005350493100000000437970726573730099
:10D1900046756A6974737500454F4E0041746D653C
:10D1A0006C0000004D6963726F6E0000414D494391
:10D1B0000000000053616E796F000000496E7465D5
:10D1C0006C00000045534D5400000000467564613A
:10D1D0006E0000004879756E646169005353540015
:10D1E000476967614465766963650000495353493F
:10D1F0000000000057696E626F6E64004D696372D3
:10D200006F6E697800000000415434354442313675
:10D21000314500005732355134304256000000008D
:10D2200057323551313642560000000057323551E1
:10D2300033324256000000005732355136344457DD
:10D24000000000005732355131323842560000009C
:10D25000573235513235364656000000535354325A
:10D2600035564630383042005353543235564630E6
:10D27000313642004D323550333200004D32355098
:10D28000383000004D32355034300000454E3235D4
:10D2900051333242000000004744323551363442A7
:10D2A0000000000047443235513136420000000092
:10D2B000533235464C3231364B000000533235463E
:10D2C0004C303332500000004132354C30383000A1
:10D2D0004632354C303034005043543235564630A7
:10D2E00031364200257320666C6173682064657670
:10D2F00069636520697320696E697469616C697A14
:10D300006520737563636573732E00004572726FD9
:10D31000723A20257320666C6173682064657669B3
:10D32000636520697320696E697469616C697A65E7
:10D33000206661696C2E0000312E312E3000000015
:10D34000537461727420696E697469616C697A657D
:10D350002053657269616C20466C61736820556E5C
:10D360006976657273616C204472697665722853C0
:10D3700046554429205625732E000000443A2F4478
:10D3800065736B746F702F4F696C5F50756D705F54
:10D39000436F6E74726F6C2F55736572436F646563
:10D3A0002F54686972645F50617274792F534655C7
:10D3B000442F7372632F736675642E630000000040
:10D3C000596F752063616E206765742074686520ED
:10D3D0006C61746573742076657273696F6E206F0B
:10D3E0006E2068747470733A2F2F67697468756261
:10D3F0002E636F6D2F61726D696E6B2F53465544AE
:10D40000202E0000666C61736800000028257329D7
:10D410002068617320617373657274206661696C42
:10D4200065642061742025732E000000666C6173B2
:10D43000682D3E7370692E77720000005761726E1E
:10D44000696E673A205468697320666C617368205E
:10D45000646576696365206973206E6F7420666FFA
:10D46000756E64206F72206E6F7420737570706FAC
:10D4700072742E0046696E64206120257320257326
:10D4800020666C61736820636869702E2053697A26
:10D490006520697320256C642062797465732E00A1
:10D4A00046696E64206120257320666C6173682074
:10D4B000636869702E2053697A6520697320256C32
:10D4C000642062797465732E0000000046696E6402
:10D4D000206120666C61736820636869702E205338
:10D4E000697A6520697320256C642062797465739C
:10D4F0002E0000006461746100000000666C6173BE
:10D50000682D3E696E69745F6F6B00004572726FC3
:10D51000723A20466C61736820616464726573734B
:10D52000206973206F7574206F6620626F756E645A
:10D530002E0000004572726F723A20466C6173686B
:10D5400020636869702065726173652053504920BB
:10D55000636F6D6D756E6963617465206572726F5E
:10D56000722E00004572726F723A20466C617368C9
:10D570002065726173652053504920636F6D6D752E
:10D580006E6963617465206572726F722E000000AF
:10D5900077726974655F6772616E203D3D2031204E
:10D5A0007C7C2077726974655F6772616E203D3D97
:10D5B00020323536000000004572726F723A204604
:10D5C0006C617368207772697465205350492063D9
:10D5D0006F6D6D756E6963617465206572726F72CF
:10D5E0002E0000004572726F723A20466C617368BB
:10D5F0002064657669636520726573657420666171
:10D60000696C65642E000000466C61736820646577
:10D6100076696365207265736574207375636365ED
:10D6200073732E0054686520666C617368206465AE
:10D6300076696365206D616E756661637475726588
:10D6400072204944206973203078253032582C20CC
:10D650006D656D6F72792074797065204944206919
:10D6600073203078253032582C20636170616369F3
:10D670007479204944206973203078253032582E3F
:10D68000000000004572726F723A2052656164209A
:10D69000666C61736820646576696365204A4544F9
:10D6A0004543204944206572726F722E00000000CD
:10D6B0004572726F723A2043616E277420656E6105
:10D6C000626C652077726974652073746174757318
:10D6D0002E0000004572726F723A2043616E27740B
:10D6E0002064697361626C65207772697465207368
:10D6F00074617475732E0000456E746572000000CD
:10D700004578697400000000257320342D42797437
:10D71000652061646472657373696E67206D6F6400
:10D720006520737563636573732E00004572726FB5
:10D73000723A20257320342D427974652061646427
:10D7400072657373696E67206D6F646520666169C9
:10D750006C65642E000000007374617475730000C2
:10D760004572726F723A20466C6173682077616906
:10D770007420627573792068617320616E20657210
:10D78000726F722E000000006172726179000000F9
:10D790004572726F723A2057726974655F73746173
:10D7A0007475732072656769737465722066616948
:10D7B0006C65642E00000000666C617368000000F8
:10D7C0002825732920686173206173736572742042
:10D7D0006661696C65642061742025732E00000009
:10D7E000443A2F4465736B746F702F4F696C5F50B0
:10D7F000756D705F436F6E74726F6C2F55736572C9
:10D80000436F64652F54686972645F506172747904
:10D810002F534655442F7372632F736675645F737D
:10D820006664702E630000005761726E696E673A1D
:10D830002052656164205346445020706172616DCE
:10D84000657465722068656164657220696E666FD3
:10D85000726D6174696F6E206661696C65642E20FB
:10D86000546865202573206973206E6F742073756A
:10D8700070706F7274204A454445432053464450AB
:10D880002E0000004572726F723A2043616E277459
:10D890002072656164205346445020686561646568
:10D8A000722E00004572726F723A20436865636B96
:10D8B0002053464450207369676E61747572652009
:10D8C0006572726F722E2049742773206D757374A0
:10D8D0002062652035303434343635336828275398
:10D8E00027202746272027442720275027292E0096
:10D8F0004572726F723A205468697320726576655A
:10D900007273696F6E285625642E2564292053464C
:10D910004450206973206E6F7420737570706F723D
:10D920007465642E00000000436865636B205346F5
:10D93000445020686561646572206973204F4B2EE6
:10D940002054686520726576657273696F6E206910
:10D9500073205625642E25642C204E504E2069736A
:10D960002025642E0000000062617369635F6865B2
:10D9700061646572000000004572726F723A204364
:10D98000616E27742072656164204A4544454320D6
:10D99000626173696320666C617368207061726193
:10D9A0006D65746572206865616465722E000000A3
:10D9B0004572726F723A2054686973207265766599
:10D9C0007273696F6E285625642E256429204A4596
:10D9D00044454320626173696320666C617368200B
:10D9E000706172616D6574657220686561646572ED
:10D9F000206973206E6F7420737570706F72746518
:10DA0000642E00004572726F723A20546865204A95
:10DA10004544454320626173696320666C617368A5
:10DA200020706172616D65746572207461626C65ED
:10DA3000206C656E67746820286E6F77206973208C
:10DA4000256429206572726F722E00004368656339
:10DA50006B204A4544454320626173696320666CCC
:10DA600061736820706172616D65746572206865AC
:10DA700061646572206973204F4B2E2054686520C5
:10DA80007461626C652069642069732025642C20B0
:10DA9000726576657273696F6E20697320562564AE
:10DAA0002E25642C206C656E6774682069732025B0
:10DAB000642C20706172616D65746572207461629E
:10DAC0006C6520706F696E746572206973203078A0
:10DAD0002530366C582E00005761726E696E673AB9
:10DAE0002043616E27742072656164204A45444575
:10DAF0004320626173696320666C617368207061A2
:10DB000072616D65746572207461626C652E0000CF
:10DB10004A4544454320626173696320666C6173C2
:10DB20006820706172616D65746572207461626CE9
:10DB30006520696E666F3A004D53422D4C5342206A
:10DB4000203320202020322020202031202020209F
:10DB5000300000005B253034645D203078253032A1
:10DB600058203078253032582030782530325820EF
:10DB7000307825303258000034204B422045726105
:10DB8000736520697320737570706F72746564209B
:10DB90007468726F7567686F757420746865206447
:10DBA00065766963652E20436F6D6D616E642069D3
:10DBB00073203078253032582E000000556E69668B
:10DBC0006F726D2034204B4220657261736520694D
:10DBD0007320756E617661696C61626C6520666F39
:10DBE000722074686973206465766963652E00002D
:10DBF0004572726F723A20556E69666F726D20348D
:10DC0000204B4220657261736520737570706F726E
:10DC100074656420696E666F726D6174696F6E20E1
:10DC20006572726F722E0000577269746520677298
:10DC3000616E756C6172697479206973203120623C
:10DC40007974652E00000000577269746520677250
:10DC5000616E756C61726974792069732036342045
:10DC60006279746573206F72206C61726765722EC1
:10DC70000000000054617267657420666C6173680F
:10DC8000207374617475732072656769737465724B
:10DC9000206973206E6F6E2D766F6C6174696C6590
:10DCA0002E000000426C6F636B2050726F746563CE
:10DCB00074206269747320696E2064657669636597
:10DCC0002773207374617475732072656769737448
:10DCD00065722061726520736F6C656C7920766F58
:10DCE0006C6174696C652E00466C617368206465B4
:10DCF0007669636520726571756972657320696EF6
:10DD0000737472756374696F6E2035306820617347
:10DD10002074686520777269746520656E61626C35
:10DD200065207072696F7220746F20706572666F03
:10DD3000726D696E67206120766F6C6174696C65C5
:10DD400020777269746520746F207468652073741D
:10DD5000617475732072656769737465722E000053
:10DD6000466C6173682064657669636520726571CD
:10DD7000756972657320696E737472756374696F07
:10DD80006E20303668206173207468652077726970
:10DD9000746520656E61626C65207072696F7220B7
:10DDA000746F20706572666F726D696E6720612096
:10DDB000766F6C6174696C65207772697465207424
:10DDC0006F20746865207374617475732072656761
:10DDD00069737465722E0000332D42797465206F6B
:10DDE0006E6C792061646472657373696E672E006E
:10DDF000332D206F7220342D427974652061646464
:10DE000072657373696E672E00000000342D4279CD
:10DE10007465206F6E6C79206164647265737369D8
:10DE20006E672E004572726F723A205265616420EF
:10DE300061646472657373206279746573206572BE
:10DE4000726F7221000000004572726F723A2054A6
:10DE5000686520666C6173682063617061636974D2
:10DE60007920697320677261746572207468616ECD
:10DE70002033322047622F203420474221204E6F2A
:10DE80007420537570706F727465642E000000000A
:10DE9000436170616369747920697320256C642023
:10DEA00042797465732E0000466C61736820646566
:10DEB0007669636520737570706F72747320256C5A
:10DEC000644B4220626C6F636B2065726173652ED8
:10DED00020436F6D6D616E6420697320307825304A
:10DEE00032582E0061646472203C20314C203C3C4E
:10DEF00020323400726561645F6275660000000064
:10DF0000666C6173682D3E7370692E777200000035
:10DF1000666C6173682D3E736664702E617661690C
:10DF20006C61626C65000000300000002564000038
:10DF3000252E3066000000002565000025660000E3
:10DF400022220000225C080C0A0D090075253034DD
:10DF5000780000006E756C6C0000000066616C73E8
:10DF60006500000074727565000000005B5D0000D4
:10DF7000184805081B4805081E4805080000000051
:10DF80000102030401020304060708090006101633
:10DF9000000610160001020304050607080C101401
:10DFA00018203040010002000400060008000A00AA
:10DFB0000C0010002000400080000001010101035E
:10DFC000070100000804020408010101FFFFFFFF30
:10DFD000FFFF000000000000000000002000000023
:10DFE0009C0000001C000000100000002000000049
:10DFF00018000000100000002C00000010000000BD
:10E00000100000001000000010000000FC050000DF
:10E01000DCDF0408E0DF0408E4DF0408E8DF0408CC
:10E02000ECDF0408F0DF0408F4DF0408F8DF04087C
:10E03000FCDF040800E0040804E0040808E0040829
:10E040000CE0040801020304050607070707070799
:10E050000700000003060C1830607800408004249C
:10E060003C8004244480042448800424FA000000F6
:10E070003D700108E8030000E9FB0108E803000027
:10E08000CDE001086400000029DE01080000000066
:10E09000FFFFFFFF20060000848904080000000045
:10E0A0000000000000000000000000000040000030
:10E0B0001800000000000000000000009089040823
:10E0C0000000000000000000000000000000000050
:10E0D0000008000018000000000000000000000020
:10E0E000A0890408000000000000000000000000FB
:10E0F00000000000002800001900000000000000DF
:10E1000000000000A88904080000000000000000D2
:10E1100000000000000000000020000019000000C6
:10E120000000000000000000B889040800000000A2
:10E1300000000000000000000000000000100000CF
:10E14000190000000000000000000000D089040851
:10E1500000000000000000000000000000000000BF
:10E160000010000019000000000000000000000086
:10E17000E489040800000000000000000000000026
:10E180000000000000100000190000000000000066
:10E19000000000000C8A04080000000000000000DD
:10E1A0000000000000000000000200001F0000004E
:10E1B0000000000000000000188A040800000000B1
:10E1C000000000000000000000000000000400004B
:10E1D000190000000000000000000000308A040860
:10E1E000000000000000000000000000000000002F
:10E1F00000100000190000000000000000000000F6
:10E20000408A040800000000000000000000000038
:10E2100000000000001000002800000000000000C6
:10E2200000000000548A0408000000000000000004
:10E2300000000000000000000010000019000000B5
:10E2400000000000000000001C9004080000000016
:10E2500000000000000000000000000000020000BC
:10E26000180000000000000000000000982F8A4203
:10E2700091443771CFFBC0B5A5DBB5E95BC2563918
:10E28000F111F159A4823F92D55E1CAB98AA07D830
:10E29000015B8312BE853124C37D0C55745DBE7253
:10E2A000FEB1DE80A706DC9B74F19BC1C1699BE4D3
:10E2B0008647BEEFC69DC10FCCA10C246F2CE92D63
:10E2C000AA84744ADCA9B05CDA88F97652513E9887
:10E2D0006DC631A8C82703B0C77F59BFF30BE0C68E
:10E2E0004791A7D55163CA0667292914850AB7271C
:10E2F00038211B2EFC6D2C4D130D385354730A65B9
:10E30000BB0A6A762EC9C281852C7292A1E8BFA28F
:10E310004B661AA8708B4BC2A3516CC719E892D1F7
:10E32000240699D685350EF470A06A1016C1A4197A
:10E33000086C371E4C774827B5BCB034B30C1C3979
:10E340004AAAD84E4FCA9C5BF36F2E68EE828F7438
:10E350006F63A5781478C8840802C78CFAFFBE9052
:10E36000EB6C50A4F7A3F9BEF27871C60000C1C0EF
:10E3700081C1400101C3C003800241C201C6C00681
:10E38000800741C70005C1C581C4400401CCC00C51
:10E39000800D41CD000FC1CF81CE400E000AC1CA11
:10E3A00081CB400B01C9C009800841C801D8C01801
:10E3B000801941D9001BC1DB81DA401A001EC1DE81
:10E3C00081DF401F01DDC01D801C41DC0014C1D471
:10E3D00081D5401501D7C017801641D601D2C01291
:10E3E000801341D30011C1D181D0401001F0C03061
:10E3F000803141F10033C1F381F240320036C1F681
:10E4000081F7403701F5C035803441F4003CC1FC50
:10E4100081FD403D01FFC03F803E41FE01FAC03A10
:10E42000803B41FB0039C1F981F840380028C1E840
:10E4300081E9402901EBC02B802A41EA01EEC02E80
:10E44000802F41EF002DC1ED81EC402C01E4C02470
:10E45000802541E50027C1E781E640260022C1E290
:10E4600081E3402301E1C021802041E001A0C060A0
:10E47000806141A10063C1A381A240620066C1A680
:10E4800081A7406701A5C065806441A4006CC1AC50
:10E4900081AD406D01AFC06F806E41AE01AAC06A10
:10E4A000806B41AB0069C1A981A840680078C1B800
:10E4B00081B9407901BBC07B807A41BA01BEC07E80
:10E4C000807F41BF007DC1BD81BC407C01B4C07470
:10E4D000807541B50077C1B781B640760072C1B290
:10E4E00081B3407301B1C071807041B00050C190E0
:10E4F000819140510193C053805241920196C05680
:10E50000805741970055C19581944054019CC05C4F
:10E51000805D419D005FC19F819E405E005AC19A0F
:10E52000819B405B0199C059805841980188C0483F
:10E5300080494189004BC18B818A404A004EC18E7F
:10E54000818F404F018DC04D804C418C0044C1846F
:10E55000818540450187C047804641860182C0428F
:10E56000804341830041C181818040409A99993E16
:10E5700038AF0408000000000000000000000000A8
:10E5800000000000001000001A0000000000000061
:10E590000000000020B2040800000000000000009D
:10E5A0000000000000000000001000001800000043
:10E5B00000000000000000002CB204080000000071
:10E5C0000000000000000000000000000004000047
:10E5D000180000000000000000000000F0B5040872
:10E5E000000000000000000000000000000000002B
:10E5F000002000001B0000000000000000000000E0
:10E6000073796E635F696E6A6563746F725F746954
:10E610006D6572730000000073796E635F66726FE0
:10E620006D5F6D6F646275730000000066616C5F02
:10E63000696E69740000000066616C5F666C6173EE
:10E64000685F696E6974000066616C5F666C617317
:10E65000685F6465766963655F66696E6400000083
:10E6600072656164000000007772697465000000E3
:10E6700065726173650000003031504565665F6BFF
:10E68000766462310000000000000000000000001D
:10E69000000000006E6F72666C61736830000000ED
:10E6A000000000000000000000000000000000006A
:10E6B00000000100000000003031504565665F6BCE
:10E6C00076646232000000000000000000000000DC
:10E6D000000000006E6F72666C61736830000000AD
:10E6E0000000000000000000000000000000010029
:10E6F0000000010000000000636865636B5F616EED
:10E70000645F7570646174655F706172745F63618A
:10E710006368650066616C5F706172746974696FCB
:10E720006E5F66696E640000666C6173685F646545
:10E73000766963655F66696E645F62795F70617256
:10E740007400000066616C5F706172746974696F57
:10E750006E5F72656164000066616C5F7061727407
:10E760006974696F6E5F77726974650066616C5F6A
:10E77000706172746974696F6E5F65726173650050
:10E780005F6664625F696E69745F657800000000AF
:10E790005F6664625F696E69745F6578000000009F
:10E7A0005F6664625F696E69745F66696E697368EB
:10E7B000000000005F6664625F6465696E697400F2
:10E7C0005F6664625F6465696E6974007265616446
:10E7D0005F6B7600726561645F736563746F725F0F
:10E7E000696E666F00000000726561645F73656347
:10E7F000746F725F696E666F000000006664625F2E
:10E800006B765F6765745F626C6F6200666F726DD6
:10E8100061745F736563746F72000000666F726D80
:10E8200061745F736563746F72000000616C6C6F7C
:10E83000635F6B760000000064656C5F6B760000C0
:10E840006D6F76655F6B76006E65775F6B76000047
:10E85000646F5F676300000067635F636F6C6C6584
:10E8600063745F62795F667265655F73697A65007C
:10E870006372656174655F6B765F626C6F620000E6
:10E880006664625F6B765F7365745F626C6F620073
:10E890006B765F6175746F5F75706461746500009D
:10E8A000636865636B5F7365635F6864725F63620F
:10E8B00000000000636865636B5F616E645F726592
:10E8C000636F766572795F6B765F6362000000004C
:10E8D0005F6664625F6B765F6C6F6164000000006E
:10E8E0006664625F6B7664625F636F6E74726F6C96
:10E8F000000000006664625F6B7664625F636F6E47
:10E9000074726F6C000000006664625F6B76646214
:10E910005F696E69740000006664625F6B766462B2
:10E920005F696E6974000000000000009630077790
:10E930002C610EEEBA51099919C46D078FF46A70F3
:10E9400035A563E9A395649E3288DB0EA4B8DC7913
:10E950001EE9D5E088D9D2972B4CB609BD7CB17E93
:10E96000072DB8E7911DBF906410B71DF220B06A63
:10E970004871B9F3DE41BE847DD4DA1AEBE4DD6D73
:10E9800051B5D4F4C785D38356986C13C0A86B6473
:10E990007AF962FDECC9658A4F5C0114D96C066393
:10E9A000633D0FFAF50D088DC8206E3B5E10694C73
:10E9B000E44160D5727167A2D1E4033C47D4044BB3
:10E9C000FD850DD26BB50AA5FAA8B5356C98B24293
:10E9D000D6C9BBDB40F9BCACE36CD832755CDF4513
:10E9E000CF0DD6DC593DD1ABAC30D9263A00DE5143
:10E9F0008051D7C81661D0BFB5F4B42123C4B35633
:10EA00009995BACF0FA5BDB89EB802280888055FB2
:10EA1000B2D90CC624E90BB1877C6F2F114C685812
:10EA2000AB1D61C13D2D66B69041DC760671DB0100
:10EA3000BC20D2982A10D5EF8985B1711FB5B606D2
:10EA4000A5E4BF9F33D4B8E8A2C9077834F9000F12
:10EA50008EA8099618980EE1BB0D6A7F2D3D6D08B2
:10EA6000976C6491015C63E6F4516B6B62616C1CA2
:10EA7000D83065854E0062F2ED95066C7BA5011BD2
:10EA8000C1F4088257C40FF5C6D9B06550E9B71272
:10EA9000EAB8BE8B7C88B9FCDF1DDD62492DDA1532
:10EAA000F37CD38C654CD4FB5861B24DCE51B53A52
:10EAB0007400BCA3E230BBD441A5DF4AD795D83D52
:10EAC0006DC4D1A4FBF4D6D36AE96943FCD96E3492
:10EAD000468867ADD0B860DA732D0444E51D033372
:10EAE0005F4C0AAAC97C0DDD3C710550AA41022782
:10EAF00010100BBE86200CC925B56857B3856F2052
:10EB000009D466B99FE461CE0EF9DE5E98C9D929B1
:10EB10002298D0B0B4A8D7C7173DB359810DB42EF1
:10EB20003B5CBDB7AD6CBAC02083B8EDB6B3BF9A3D
:10EB30000CE2B6039AD2B1743947D5EAAF77D29DC9
:10EB40001526DB048316DC73120B63E3843B6494A9
:10EB50003E6A6D0DA85A6A7A0BCF0EE49DFF0993A9
:10EB600027AE000AB19E077D44930FF0D2A3088719
:10EB700068F2011EFEC206695D5762F7CB676580C9
:10EB800071366C19E7066B6E761BD4FEE02BD389C9
:10EB90005A7ADA10CC4ADD676FDFB9F9F9EFBE8E29
:10EBA00043BEB717D58EB060E8A3D6D67E93D1A169
:10EBB000C4C2D83852F2DF4FF167BBD16757BCA649
:10EBC000DD06B53F4B36B248DA2B0DD84C1B0AAFE9
:10EBD000F64A0336607A0441C3EF60DF55DF67A869
:10EBE000EF8E6E3179BE69468CB361CB1A8366BCF9
:10EBF000A0D26F2536E2685295770CCC03470BBB49
:10EC0000B91602222F260555BE3BBAC5280BBDB248
:10EC1000925AB42B046AB35CA7FFD7C231CFD0B5E8
:10EC20008B9ED92C1DAEDE5BB0C2649B26F263ECDA
:10EC30009CA36A750A936D02A906099C3F360EEBE8
:10EC40008567077213570005824ABF95147AB8E2A8
:10EC5000AE2BB17B381BB60C9B8ED2920DBED5E588
:10EC6000B7EFDC7C21DFDB0BD4D2D38642E2D4F1D8
:10EC7000F8B3DD686E83DA1FCD16BE815B26B9F668
:10EC8000E177B06F7747B718E65A0888706A0FFFC8
:10EC9000CA3B06665C0B0111FF9E658F69AE62F888
:10ECA000D3FF6B6145CF6C1678E20AA0EED20DD788
:10ECB0005483044EC2B30339612667A7F71660D0A8
:10ECC0004D476949DB776E3E4A6AD1AEDC5AD6D9E8
:10ECD000660BDF40F03BD83753AEBCA9C59EBBDE08
:10ECE0007FCFB247E9FFB5301CF2BDBD8AC2BACAB8
:10ECF0003093B353A6A3B4240536D0BA9306D7CD28
:10ED00002957DE54BF67D9232E7A66B3B84A61C447
:10ED1000021B685D942B6F2A37BE0BB4A18E0CC307
:10ED20001BDF055A8DEF022D5F6664625F777269A3
:10ED300074655F7374617475730000005F6664626C
:10ED40005F77726974655F73746174757300000036
:10ED50005F6664625F726561645F7374617475732A
:10ED6000000000005F6664625F726561645F7374D7
:10ED70006174757300000000784D425574696C53DE
:10ED8000657442697473000000C1814001C0804114
:10ED900001C0804100C1814001C0804100C181406B
:10EDA00000C1814001C0804101C0804100C181405B
:10EDB00000C1814001C0804100C1814001C080414B
:10EDC00001C0804100C1814001C0804100C181403B
:10EDD00000C1814001C0804100C1814001C080412B
:10EDE00001C0804100C1814000C1814001C080411B
:10EDF00001C0804100C1814001C0804100C181400B
:10EE000000C1814001C0804101C0804100C18140FA
:10EE100000C1814001C0804100C1814001C08041EA
:10EE200001C0804100C1814000C1814001C08041DA
:10EE300001C0804100C1814001C0804100C18140CA
:10EE400000C1814001C0804100C1814001C08041BA
:10EE500001C0804100C1814001C0804100C18140AA
:10EE600000C1814001C0804101C0804100C181409A
:10EE700000C1814001C0804100C1814001C080418A
:10EE800001C0804100C1814000C0C101C30302C272
:10EE9000C60607C705C5C404CC0C0DCD0FCFCE0EDA
:10EEA0000ACACB0BC90908C8D81819D91BDBDA1A4A
:10EEB0001EDEDF1FDD1D1CDC14D4D515D71716D6BA
:10EEC000D21213D311D1D010F03031F133F3F2322A
:10EED00036F6F737F53534F43CFCFD3DFF3F3EFE9A
:10EEE000FA3A3BFB39F9F83828E8E929EB2B2AEA0A
:10EEF000EE2E2FEF2DEDEC2CE42425E527E7E6267A
:10EF000022E2E323E12120E0A06061A163A3A262E9
:10EF100066A6A767A56564A46CACAD6DAF6F6EAE59
:10EF2000AA6A6BAB69A9A86878B8B979BB7B7ABAC9
:10EF3000BE7E7FBF7DBDBC7CB47475B577B7B67639
:10EF400072B2B373B17170B05090915193535292A9
:10EF500096565797559594549C5C5D9D5F9F9E5E19
:10EF60005A9A9B5B99595898884849894B8B8A4A89
:10EF70004E8E8F4F8D4D4C8C4484854587474686F9
:10EF80008242438341818040654D425254555265CF
:10EF90006365697665000000784D425254555265AC
:10EFA000636569766546534D00000000784D425216
:10EFB00054555472616E736D697446534D00000070
:10EFC0006C6F675365744C6576656C00736574206F
:10EFD0006C6F67206C6576656C0D0A206C6F6753EB
:10EFE00065744C6576656C205B6C6F675D205B6C4F
:10EFF0006576656C5D00000068657864756D70000D
:10F000006865782064756D700D0A20686578647590
:10F010006D70205B6C6F675D205B6C6576656C5D09
:10F02000205B626173655D205B6C656E5D00000056
:10F030006C6F675365744C6576656C006C657474B1
:10F04000657200000000000064656661756C7420E4
:10F05000757365720000000073657456617200007C
:10F06000736574207661720075700000646F776E4E
:10F070000000000072696768740000006C656674C7
:10F0800000000000746162006261636B7370616311
:10F09000650000006261636B73706163650000006E
:10F0A00064656C6574650000656E746572000000CF
:10F0B000656E74657200000068656C700000000089
:10F0C00073686F7720636F6D6D616E6420696E6623
:10F0D0006F0D0A68656C70205B636D645D000000F5
:10F0E00075736572730000006C69737420616C6CD9
:10F0F0002075736572000000636D6473000000008A
:10F100006C69737420616C6C20636D640000000096
:10F1100076617273000000006C69737420616C6C1E
:10F1200020766172000000006B65797300000000BA
:10F130006C69737420616C6C206B65790000000051
:10F14000636C656172000000636C65617220636FBF
:10F150006E736F6C650000007370695F777269741D
:10F16000655F726561640000736675645F6C6F67EC
:10F170005F64656275670000736675645F6C6F67D6
:10F180005F696E666F00000088D10408010000000E
:10F1900090D104080400000098D104081C0000006D
:10F1A0009CD104081F000000A4D104082000000026
:10F1B000ACD1040837000000B4D10408620000009C
:10F1C000BCD1040889000000C4D104088C000000F0
:10F1D000CCD10408A1000000D4D10408AD00000087
:10F1E000DCD10408BF000000E0D10408C800000022
:10F1F000ECD10408D5000000F4D10408EF000000B1
:10F20000FCD10408C200000008D204081F26000038
:10F21000000020000A000000000200008100000041
:10F2200014D20408EF4013000000080001000000A1
:10F23000001000002000000020D20408EF4015005C
:10F24000000020000100000000100000200000006D
:10F250002CD20408EF40160000004000010000001E
:10F26000001000002000000074D10408EF401700D7
:10F2700000008000010000000010000020000000DD
:10F2800038D20408EF601700000080000100000081
:10F29000001000002000000044D20408EF401800D5
:10F2A000000000010100000000100000200000002C
:10F2B00050D20408EF4019000000000201000000D5
:10F2C00000100000200000005CD20408BF258E0062
:10F2D00000001000060000000010000020000000E8
:10F2E00068D20408BF25410000002000060000008D
:10F2F000001000002000000074D204082020160036
:10F30000000040000100000000000100D8000000E3
:10F310007CD204082020140000001000010000002E
:10F3200000000100D800000084D20408202013004F
:10F33000000008000100000000000100D8000000EB
:10F340008CD204081C3016000000400001000000B0
:10F35000001000002000000098D20408C8401700E8
:10F3600000008000010000000010000020000000EC
:10F37000A4D20408C84015000000200001000000CD
:10F380000010000020000000B0D204080140150069
:10F39000000020000100000000100000200000001C
:10F3A000BCD204080102150000004000010000006A
:10F3B0000010000020000000C8D2040837301400FC
:10F3C00000001000010000000010000020000000FC
:10F3D000D0D204088C2013000000080006000000B2
:10F3E0000010000020000000D8D20408BF25410012
:10F3F00000002000060000000010000020000000B7
:10F4000068617264776172655F696E69740000009B
:10F41000736F6674776172655F696E69740000006E
:10F42000736675645F72656164000000736675647D
:10F430005F636869705F65726173650073667564A8
:10F440005F65726173650000706167653235365FB4
:10F450006F725F315F627974655F7772697465009E
:10F460006161695F77726974650000007265736538
:10F4700074000000726561645F6A656465635F695A
:10F48000640000007365745F77726974655F656E10
:10F4900061626C65640000007365745F345F62795B
:10F4A00074655F616464726573735F6D6F6465003A
:10F4B000736675645F726561645F7374617475739C
:10F4C00000000000776169745F6275737900000065
:10F4D0006D616B655F6164726573735F627974659A
:10F4E0005F61727261790000736675645F7772693B
:10F4F00074655F737461747573000000736675647E
:10F500005F726561645F7366647000007265616458
:10F510005F736664705F6865616465720000000017
:10F52000726561645F62617369635F686561646588
:10F5300072000000726561645F62617369635F7489
:10F5400061626C6500000000726561645F736664EF
:10F55000705F646174610000736675645F736664F4
:10F56000705F6765745F7375697461626C655F6510
:10F570007261736572000000BF000202030403059C
:10F5800004060A00FE07FE07000142029207B320AC
:10F59000050062072107394367A80022079B52270D
:10F5A0005901230D3D42AF4C69A86AA832250024B9
:10F5B0000B3D4237AF7AA7B42300250B3D422FAA5B
:10F5C000EEAA251300260C3D422FA798729564548D
:10F5D0000127051953672808BB423795750129088B
:10F5E000BB42279755092A0A2D4627A76AA8760005
:10F5F0002B0A2D4637A3386446112C079B3E4F95A6
:10F60000002D060D4E67082E079B3E2FAD042F0BD5
:10F610003D421F6594BB514600300A3D4237A7DA90
:10F620004E7504310C3D4237CB94514619C52132F9
:10F630000C3D426FE58CA2CC190D01330C3D4267A5
:10F640006894B3863A2D00340C3D423FCB54A6A1BA
:10F65000334A00350B3D42E746C9CC48A705360B77
:10F660003D4257E68C92A9D302370C3D426768941D
:10F6700033CA35CA00380B3D426F659D56D66901C5
:10F68000390C3D426F65A95446394A003A0ABB3EDF
:10F690002FAD0CD34A003B09BB3E2FAD0C55093CA6
:10F6A0000ABC423FB6514619053D081D4A676838F5
:10F6B000043E0BBC4227A38C328A6D003F0A3D42B8
:10F6C0006FE536CA7404400B3D426F65B99295E10F
:10F6D00002410B3D4237A75A8F917500420C3D42C3
:10F6E00067C42AA659C5A100430C3D426F658D32FF
:10F6F000CA28A705440D3D4267C42AA698628A43DA
:10F7000001450C3D42E746198D94514643460D3D57
:10F7100042E746198D9451461901470C3D426F65E9
:10F720008D328A3B2D0048093D4227DB63643B490B
:10F7300008BB4267C5AE014A0C3D4277679451460B
:10F740006594004B0B3D4227CB54EA14AB1C4C0E86
:10F750003D4227A38C32CA28A38C86004D0A3D4225
:10F7600027EBB592B6034E0A3D4227EBA992DC3A4D
:10F770004F093D426F65EFB400500D3D4267A4ACA8
:10F7800087CA28A38C00510A453E6F65AF6AC30043
:10F79000520B3D4267A4AC872AAB1C530B3D426F12
:10F7A000650D37D46901540E3D4267C88C32CA28B2
:10F7B000A38C220055083D4227FB4E0B560B3D42C1
:10F7C00027DBA94C31E508570A3D4227BB924A770F
:10F7D00000580A3D4227EB5457B50E590C3D4227BD
:10F7E000EB5467945146115A0A3D42676894BBD165
:10F7F000105B08BB4267C4CE015C0D3D4227A30CE1
:10F8000033CC30C38C025D08BB4267768E005E0746
:10F810001D5237A73A5F060D3E67086006125B2748
:10F8200006610A2D426FC334741A01620C3D4227EF
:10F83000A38C92A9A75200630A2D426F658D725A5C
:10F8400000640B3D421F6594CC2D950A650A2D423C
:10F850006FE531325C00660C3D42575679C48C32FC
:10F86000CA00670C3D3A6F689D46463A2D00680B0A
:10F870003D4227A38C92A9ED006908BB422F23D9F2
:10F880001A6A0BCC3A3F635D4B9914006B0C3D42F6
:10F8900027A38CB24CB3CA016C07BB4247F61A6D62
:10F8A0000A2D4247B5545249076E082D422799DA6E
:10F8B0000E6F092D426F653B2D00700C3D3A279964
:10F8C0007A2A95514600710B3D3ACFDC52A98C3211
:10F8D0000A720B2D4227991A65941100730A2D4262
:10F8E0006F65B8E15000740D3D422FA33C6246198C
:10F8F000C5A80075082D42273B950A760A2D422798
:10F90000EB54A61C0177092D42275B497501780944
:10F910002D4227A7BAAA03790B3D3A279B4A65A433
:10F92000D3027A082D4267E8F6107B0BBC4257657C
:10F9300094348A19097C063943E7087D0CBC424798
:10F94000A39891CA2849007E091D522FAA241300AA
:10F95000A005006207A1073943270D01A20C3D3E17
:10F96000370F15534C79C408A30B3D42575679679E
:10F97000149502A40A2D4227A799E2CA01A50D45B4
:10F980003E27EB54C72133CA2802A6063943670D28
:10F99000A70B453E6F65343B374A0BA8068B5E27A5
:10F9A00005A90C3D426F6595A64A3A2D00AA0AB4F6
:10F9B000466F44A56A3402AB0B2E42B78A29E698FB
:10F9C0006300AC07944A67E400AD068C4E6704AE52
:10F9D0000B3D426FE591E6D46901AF060D5E670805
:10F9E000B0069B52AF0BB10B354237A3386446715A
:10F9F00008B208AC4E4FC5E608B30AAC4E67A3A4E4
:10FA0000D14800B406125B4F01B50A353E27DB53DF
:10FA1000A98C00B60E3D426F8C34525231C514533E
:10FA200000B705094F27B806123B4F01B907AB4E87
:10FA30002FC96ABA0AB4464F4599341C01BB0C2E33
:10FA40004227E698638A294600BC104E3E2F230DBC
:10FA500033CC6866A4531C1906BD104E3E2F230DEF
:10FA600033CC686554C38C321ABE0E4D3E47C39CDE
:10FA7000619459A634320ABF0A3D4237D319E5D6FC
:10FA800002C00C45422FC3BCB21E23EB00C10B4584
:10FA900042BF5E598F917500C20C454237A7B8B27C
:10FAA0001E23EB00C30C45422F2AB9B21E23EB00E4
:10FAB000C40B4542AFA656D663641DC50C454237FC
:10FAC000A7B8B21E23EB00C60B3E4277A4B239465C
:10FAD0006C0EC70D4D3A6F658D32CA28A75D03C8FD
:10FAE0000E45422F8F8D321A29A38C8600C90E45F0
:10FAF000423F8D8D321A29A38C8600CA0E454237AB
:10FB00008E8D321A29A38C8600CB0E4542AF1A1B6C
:10FB100065345246190D01CC09C34227A7155B0372
:10FB2000CD09C34237A5155B03CE09C342AF1A29DD
:10FB3000B606CF09C34227E5155B03D00D3D4267EA
:10FB4000C42A8E54A6381400D10B454237754F9500
:10FB5000E4D601D20B45422FC3BCB23B2D00D30AE1
:10FB60004542BF5ED99D1600D40B454237A7B8B2B7
:10FB70003B2D00D50A454237355776A705D60A45AD
:10FB800042AFA65676A705D7092D4227A7BAAA03E2
:10FB9000D80B3D426FC52BCD991600D90A45422F8F
:10FBA000C3DA3B2D00DA094542BFCCDE6901DB0B2D
:10FBB000454237A78CB33B2D00DC0A4542AFC6D97E
:10FBC0003B2D00DD0C4542BFCC3AD519651401DE52
:10FBD0000E3D4227A391F2501965941100DF0B3DB1
:10FBE000426F6599CA2A2B05E00C45422FC34C6E23
:10FBF00098864E23E10B4542BF26374C43A711E2BE
:10FC00000C454237A74C6D98864E23E30C4542378E
:10FC1000B5A90DD3D06904E40B3D42AFA6364C43E1
:10FC2000A711E50C454237A79C374C43A711E60BBB
:10FC30002E426F64548D998700E70B3D3A6F658DB6
:10FC400072DA3500E80C45422FC34CAE3C46860BB9
:10FC5000E90B4542BF26571E23C305EA0C45423730
:10FC6000A74CAD3C46860BEB0B3D42AFA6561E2380
:10FC7000C305EC09C3422767245B03ED08C342AF09
:10FC800086B235EE08C342AF2D5B03EF08BB4227B7
:10FC900065D91AF00B3D424743B9B29D1600F10AEF
:10FCA000454237B57132B51DF20B45422FC34CAEFC
:10FCB0006CA705F30A4542BF2657B6D302F40B459D
:10FCC0004237A74CAD6CA705F50B454237B5A99552
:10FCD000EDB400F60A3D42AFA656B6D302F7092DA1
:10FCE000463753435311F80A2D426FC895E650002A
:10FCF000F90B45422FC34C65A75201FA0A4542BF92
:10FD0000A6B253A900FB0B454237A78CB353A900F9
:10FD1000FC0A3D42AFC6D9A95400FD0C4D3ABFCCF8
:10FD2000A65219E9B400FE0D453A27A391B23D54FD
:10FD3000461901FF0D4D3AAFC6D9542A239D16002E
:10FD400000000004FFFF0000BF00030203040305DE
:10FD500004060D00FE09FE0900017002E408FB2004
:10FD60000500EE072107C9C3C7210922071BDB478E
:10FD70006209230EBDC64F294906A53228A52401D4
:10FD8000240CBDC6573628D9960C5A0425104EC2ED
:10FD90004FA6444914A6612989122D01260D3EC2A1
:10FDA0008F16B56951A2454B00270699DBC700287D
:10FDB0000B4BC3571225512DCA02290C4BC34716B2
:10FDC0006551254A22002A0C2ECA4F9449C3A445E6
:10FDD00009002B0AADCA57180D5218012C089CBEF9
:10FDE000CFA264002D068DD2C7202E081BBF4FB2B4
:10FDF00024002F0BCDC2672DCC8A591802300D4E2E
:10FE0000C2971625A1C724CA2400310BCDC257269C
:10FE100025614F8300320E4EC2CF9084621A665A1B
:10FE2000980E03330D4EC2C7352CCEA9980C09008D
:10FE3000340F4EC267A82551254BB26418D3043540
:10FE40000E4EC2C721AD2C5A9A8AC99000360E4E6A
:10FE5000C2D714A6954513C5644800370C4EC2C7D7
:10FE600035AC8669988600380F4EC2CF9084C66440
:10FE7000484263322400390D4EC2CF908436654922
:10FE80008BD1043A0B43BF4FB2E448B224003B0B82
:10FE9000C4BE5734E5D8A264003C08CDC267D6B5CD
:10FEA000033D0826CAC71D1D063E09CDC247DAAD6F
:10FEB00023003F0D4EC2CF9084621A567330024029
:10FEC000104EC2CF9084A6218994644AE421014156
:10FED0000D4EC2971625A1711844630042124EC2FE
:10FEE000C72065499664C91065499664C302430CEE
:10FEF0004EC2CF90846A8FC9900044124EC2C72070
:10FF000065499664499664499664C302450C4EC29D
:10FF1000C721AD0E515A1D06460B4EC2C721AD0E6C
:10FF200051DA0A470D4EC2CF90846AD3106ACA12C2
:10FF3000480B4EC247E8380CA26300490ACDC2C73D
:10FF400020857D1A044A0B4EC2DF98F692451300B5
:10FF50004B104EC247A825512513932CAA256100AA
:10FF60004C094EC247DAAFC3004D0B4EC247380DA5
:10FF7000D1E2D1314E0D4EC247286E4A2425DA68AF
:10FF80000C4F0B4EC2CF90847E4C8604500C4EC258
:10FF9000C7A084C661495B01510E56BECF9084BE96
:10FFA0004452920C7100520E4EC2C7A084C661A981
:10FFB00045B5240C530F4EC2CF90846A3CC4A99817
:10FFC0000C09005409CDC2C72085FD04550A4EC254
:10FFD00047E88FC99000560C4EC247684CA2DE44D9
:10FFE0001300570B4EC247E8C5651AA231580E4E92
:10FFF000C2472826519B16B5846200590CCDC247D2
:020000040805ED
:10000000A625A5240B3B015A0B4EC2C7352C8AAD41
:10001000C3005B09DCBEC7A0F5B7215C0BCDC247AE
:10002000988669310D035D09DCBEC790F5B7415E66
:10003000089DDA5796D4025F060EBEC7016006120D
:10004000E34714610C36C2CF1027C3A8294B0062C6
:100050000D4EC247DAB268A2B8290B00630C36C253
:10006000CF90846A31191200640B4EC26FCBA28DFF
:10007000366509650D36C2CF9084C3A086C990004D
:10008000660D4EC2D79425693864692300670F4610
:10009000BACFA2255934C54312264302680B4EC27B
:1000A00047DAB268A26300690AC5C2578E889D0606
:1000B000016A0CD5BA678E888D9A962C006B0D4E0E
:1000C000C247DA9644D116D592306C09CDC28FD88A
:1000D0004F83006D0DB5C287D2A2244AA2245A00D4
:1000E0006E0A36C247B268A263006F0B36C2CF9069
:1000F000848EC99000700C46BA47B268E2A62C699B
:1001000015710B46BACFA28D9AB2A40D720A36C2EF
:1001100047326549DA08730D36C2CF908489AC84C2
:10012000C99000740C46C24F1A0E59DA162D00758C
:100130000936C247E84D5902760BB5C247664B4AAD
:10014000491601770BB5C24766499444E902780C19
:1001500036C247984499A8454918790D46BA47E8E8
:10016000A62CA9980C09007A0836C2C7B1E3307BE7
:100170000CDDBED7125623350BAB037C06C9C3C7B3
:10018000037D0DDDBEC71AD652290D2B13007E0943
:100190009DDA4FA4245202A00500EE07A108C9C3AE
:1001A00047320C01A20EC5C657B65494288992CA8C
:1001B0001601A30D4EC2D794256938A6356501A452
:1001C0000C36C647980C51A7210903A50F4DC2470D
:1001D000A625A52419A46890C208A608C9C3C7907B
:1001E0000C01A70ED4C28F12894A2425A29428009C
:1001F000A80794DE472405A9114EC2CF90848A2512
:10020000522225528CC99000AA0CBDCACF9A0C5A12
:1002100032A48300AB0F3EC65F1225511225611236
:10022000266112AC079DCAC72016AD068CD2C71036
:10023000AE114EC2CF90848A255992C5928CC99036
:1002400000AF068DE2C720B009A4D68F12498902FB
:10025000B10BBDC657180D52980F02B208B3D24F5A
:1002600053521AB309B3D2C794644A05B40612E3D1
:100270008F02B50A3EBE47E8382D5600B6134EC26F
:10028000CF3028C9922C919225599225599200B7C6
:10029000060AD38700B80612BB8F02B908B3D24F43
:1002A00022B50CBA0AB4CE8F1249893A04BB103E6B
:1002B000C6471226611226511225519201BC0E56D4
:1002C000C24FA8B60D89966449B606BD0D56C24FF9
:1002D000A83625439286D501BE1056C2C71AC65904
:1002E000122591966449B606BF0D4EC2570EA661FF
:1002F0003514932101C00F56C2579C635A9484E26F
:1003000030886200C10F56C25F98835A9484E230ED
:10031000886200C20F56C29716E5901625A1380CC8
:10032000A218C30F56C28F6487B42809C56110C5CF
:1003300000C40F56C24FD40E6951128AC3208A01DD
:10034000C50F56C2971665A21625A1380CA218C66D
:10035000124EC24F322459922559724BB2244B8609
:1003600000C70D5EBACF90846A8FC910D600C80F3F
:1003700056C2579C23C390A64394A6C300C90F56E8
:10038000C25F9843C390A64394A6C300CA0F56C247
:100390009716E5C390A64394A6C300CB0E56C24F52
:1003A000D43E0C693A44693A0CCC0BD5C24F9A0F33
:1003B00052D86910CD0CD5C25796238314761A04EF
:1003C000CE0CD5C25796C48314761A04CF0CD5C26E
:1003D00047A6A58314761A04D0124EC2C7206549D9
:1003E0009664439464499664C302D10F56C28F64E5
:1003F0000F3725522229D1C600D20D56C2579C4331
:1004000043127A4C8604D30D56C25F986343127A26
:100410004C8604D40E56C29716E5C890841E9321CC
:1004200001D50E56C28F64478624F4980C0900D675
:100430000E56C24FD48E0C49E831191200D70C3633
:10044000C647984499A8454918D8145EBE6F32240F
:10045000D9944889122991126DC990A400D90C56DB
:10046000C2579C23A18FC99000DA0C56C25F9843F3
:10047000A18FC99000DB0C56C29716E5A18FC990D9
:1004800000DC0C56C24FD41EFA980C0900DD0BD5C7
:10049000C25F3DD3925AD804DE0D4EC2473A28A11E
:1004A0007158D22A00DF0ECDC28F54899252125554
:1004B000328B02E00E4EC2579C43439C0CA3A62CE9
:1004C00001E10E4EC25F9863439C0CA3A62C01E28F
:1004D0000F4EC29716E5C81027C3A8294B00E30E9C
:1004E0004EC28F6447863819464D5902E40E4EC2FB
:1004F0004FD48E0C71328C9AB204E50F56C2971607
:10050000653A34C4C9306ACA12E60D36C28F122663
:10051000C930B5244A02E70D46BACF90846A311932
:10052000C21A00E80F4EC2579C4343120E831A268C
:100530004302E90F4EC25F986343120E831A2643AB
:1005400002EA104EC29716E5C89084C3A086C990EF
:1005500000EB104EC24FD48E0C49380C6A980C092F
:1005600000EC0ACDC24F9A2362A741ED0ACDC257D3
:10057000964362A741EE0ACDC28F54173B0D02EF9E
:100580000BCDC2479444B9D86910F01056C24F94AD
:1005900069491C0D49E8980C0900F10B4EC28F64A3
:1005A0004F164D740CF20D4EC2579C4343123A261F
:1005B0004302F30D4EC25F986343123A264302F49E
:1005C0000E4EC29716E5C890848EC99000F50D4E68
:1005D000C28F64478624744C8604F60E4EC24FD4F4
:1005E0008E0C49E8980C0900F70ABDC657980F7A97
:1005F0001801F80F46BE6F3224D99428D1960C49C1
:100600000AF90B4EC2579C23A1376509FA0B4EC25B
:100610005F9843A1376509FB0B4EC29716E5A137DA
:100620006509FC0B4EC24FD41E7A539600FD0F5E37
:10063000BA5F9843A19BB2A462322400FE0E56BA60
:10064000475A593451DC94254D01FF0E5EBA4FD400
:100650001EBA294B2A26430200000004FFFF0000B7
:10066000BF0003020404040505090F00FD0AFD0B89
:10067000FF0193032A0A11200500C8332108B10C99
:10068000330E91002208347B33225300230E861947
:1006900073A29661895A86256A012414B7F9F2C2B9
:1006A000418922294CD2350923A932881900251104
:1006B000A7097342254A4AAD711AB5941231012631
:1006C00012A70973C4288BB228543529A945954827
:1006D0000B2706317C3306280CC3FBB29228897A9B
:1006E0008BB200290CC3FB32B2288B7A8992082A7C
:1006F0000D7739F34A95B62D69AA65002B0B77194A
:10070000F3E2DA3064710D2C0952DC328624510098
:100710002D071749330E012E07220C3386002F0CAC
:10072000A709B3D3382DA7E53406300DA709B3B612
:100730004AEA6B92651300310DA709F35231C9A241
:10074000B8B76108320CA70973062555FB79180262
:10075000330EA709330E715ADDE3584D06053411E7
:10076000A709735331C9A25A1226C390C615003582
:100770000FA709330E726548C4B8AC268302361041
:10078000A709B386288D2B4322AAD6645000370EC2
:10079000A709330E711AA7711AA771083811A70992
:1007A000B3B64A9A64D95649D524CB2600390FA747
:1007B0000973062575548624AE4643043A08720C24
:1007C000338678083B0AA2DC3286784812053C0959
:1007D000A50A33B38E69073D0A4729330E393E0C0B
:1007E000013E0AA50A33D28E5947003F0EA709736E
:1007F000062555E3B4398733004011A70973062550
:10080000350D4AA6449322E78302410DA709F3D28E
:1008100024ABA4D6E16A0D4212A7093306294C5233
:100820003119A430498DC92001430DA7097306254C
:1008300095FB9A0C0A00440DA7093306294C523F38
:10084000268304450DA709330E727990E2E661080C
:10085000460CA709330E727990E2CE00470FA70924
:1008600073062595DB86D49A0C0A00480AA709333B
:1008700052D7E1EA35490AA50A330629ECA7414ACD
:100880000DA809F30635EF53980D19004B11A70970
:10089000335231C9A2DA988451560A93344C0AA7CC
:1008A0000933E2FE3C0C014D10A7093352755B2A57
:1008B0004A458AA448B5064E0FA7093352755432EB
:1008C00029D21271B5064F0CA709730625F5D76416
:1008D0005000500DA709332EA9751892B833005156
:1008E0000EC7E9720625F54B26550635175210A797
:1008F00009332EA9751892282B8549AA06530EA7ED
:1009000009730625B5EF5635191400540AA70933A3
:100910000E59DCDF00550BA7093352FF9A0C0A0071
:100920005611A70933526B9245599455C2244CD2A3
:100930000C5710A70933524F911449911429DD1215
:10094000005810A709335235C92A699C26592555E4
:1009500003590DA709335235C92A69DC1B005A0C0B
:10096000A709330E71DAE77818025B0AC4FB320676
:10097000AD7F1B025C0BA70933F2382FE7E53C5D26
:100980000AC4FA3286AC7F1B045E0A4769F3D2249C
:10099000ABA4015F0718F8320E026007338B33B245
:1009A00002610E770973063D4E8621159521096275
:1009B0000FA70933E296211155EBA80C0900630C2F
:1009C0007709730625955B934101640DA709B35B15
:1009D00086445C1D952109650D77097306255587A9
:1009E000733E2800660EA709F3B65216C5E120C66D
:1009F0008D006713A7D97286444CC2248C86281FA9
:100A000094544D0605680CA70933E296211155AFA1
:100A100001690AA50A737474EC69106A0DD6D9329B
:100A200075CADA55342643026B0FA70933E2564DD7
:100A3000493435D132250D6C09A50A33C6FE340878
:100A40006D1077093316258AA4488AA4488AD400F1
:100A50006E0B77093392211155AF016F0C77097333
:100A60000625F59A0C0A00700FA7D932922111556C
:100A7000EBA80C495C06710DA7D97286445C1D95E4
:100A800021891B720C770933A2494BC2246E05736E
:100A90000D7709730625D5075D4D0605740C97097A
:100AA000B3E270D8E26ED9027510770933C2244CD4
:100AB000C2244CC2248C8624760E7709335235C961
:100AC000A2AC12266906770E770933525324455299
:100AD000A4744B00780D770933D224ABA495AC9263
:100AE00006790DA6D93242DF9425159321017A0AA1
:100AF0007709330E69AFC3107B0DC5FBB296B01AF0
:100B0000696A1656077C06C1FC323E7D0EC5F93275
:100B1000D6B0966A521A5626007E0A37797334295F
:100B2000D21400A00500C833A108B10C33A4610899
:100B3000A211860933A3218912A992255132442199
:100B400000A311A709F3B6521C0E629C8A49962491
:100B50000B00A40E673933D26490B2288B06250DA2
:100B6000A510A709335235C92AD920868318D70082
:100B7000A608B1FC32066510A70EB4FA7294485468
:100B80002253224A8902A807259A33322DA91598A3
:100B900018B3862C4C224B9428A11225929484D908
:100BA0001001AA0C753973A4D21245433A08AB0D53
:100BB0008719F3A27E8BC2288CC228AC0746293342
:100BC000AE0DAD07154A330601AE159818B3862C45
:100BD0004C9249891265524A4A9414B32102AF06D5
:100BE0001699330EB00A446B7394484A1400B10E40
:100BF0009719F3E2DA3064711D1B8600B20B644969
:100C00007394284B946C08B30B64497394A82825FB
:100C10000A00B408338BB3921200B50C97E9325234
:100C2000AFDBB2C83100B616A7097386214BB444B6
:100C30004B9221099330099330099300B707224C56
:100C4000338600B80834DAB2A64401B908634973A0
:100C500012A965BA0A654973964C4BE641BB0E87EB
:100C60001933A2300AA330CAA27E03BC0FA70973AE
:100C700052B97188C4248B322515BD0EA709735251
:100C8000B94919A23814E321BE11A70973C428CDAC
:100C9000B3A822894916654A2ABF0DA709F372B87D
:100CA000DA9CAAC9A000C00EC70973F23ABA55521D
:100CB00075B85A03C10DC70973DBD1AD92AAC3D56C
:100CC0001AC20FC709F3D224AB635B255587AB3536
:100CD000C30FB709733469C7B64AAA0E576B00C46D
:100CE0000FB70973B228CBB1AD92AAC3D51AC50FFD
:100CF000B709B3B6DA986495541DAED600C615A7E9
:100D000009739421CAA22CCAA26C58A22CCAA22C84
:100D10001A02C710D7D972062595FB9A0CA2168520
:100D20001A00C811C70973F23A360C491C0F595CF6
:100D30001D8600C910C70973DBB16148E278C8E2BB
:100D4000EA3004CA12C709F3D224AB23C390C4F11A
:100D500090C5D56108CB12B70973B228CB91614811
:100D6000E278C8E2EA3004CC0CC50A33D2FA208516
:100D70003D0D02CD0CC50A33B3FA20853D0D02CEE0
:100D80000DC50AB3B2A4960E52D8D320CF0CB50A23
:100D900033322D1DA4B0A741D015A80873062D8CA1
:100DA000D2241DC2244DD2244DC2689000D112B766
:100DB0000973346947D251C9A4488AB4445C03D248
:100DC0000EC70973F23A3828A9AFC9A000D30DC7DE
:100DD0000973DBC141497D4D0605D410C709F3D223
:100DE00024AB438392FA9A0C0A00D50FB7097334E7
:100DF00069870625F535191400D60FB70973B2288F
:100E0000CBA141497D4D0605D70D771933D224ABCF
:100E1000A495AC9206D816C7F9B2934109B7444BD2
:100E2000A4488A944CC9C664506200D90DC709739E
:100E3000F23A96FA35191400DA0CC70973DBB1D40B
:100E4000AFC9A000DB0EC709F3D224AB23A95F937F
:100E50004101DC0EB70973B228CB91D4AFC9A00011
:100E6000DD0EC70973DBB1544DB24A1AB701DE0E6D
:100E7000A70933E2785852EB30247119DF14A60920
:100E8000B3A62CC9922851B2A896644996240A00A8
:100E9000E011B709B3F23A36E871320CA9A80C494F
:100EA00000E110B70973DBC1418F93614845654884
:100EB00002E212B709F3D224AB43831E27C3908A00
:100EC000CA9004E312A709B3A424D2A1418F93616D
:100ED0004845654802E412A70973B228CBA1418FA7
:100EE00093614845654802E512B709F3C428D4B1B7
:100EF000418F93614845654802E60F7709732C518D
:100F00002D4A0625CAA28A32E70FA7D9720625956F
:100F10005B9341D4A25003E80FB70973F23A382823
:100F2000A93A9CF34101E90FB70973DBC14149D5E7
:100F3000E19C0F0A00EA11B709F3D224AB43839274
:100F4000AAC3391F1400EB11A70973B228CBA14122
:100F500049D5E19C0F0A00EC0AB50A33D2FAD8D37E
:100F600020ED0AB50AF3DA91B1A741EE0DB609B347
:100F7000C224CA7264ED6D10EF0CA50A33A2248A54
:100F8000C79E0601F010B70973A2504CF26C505284
:100F9000AFC9A000F10EA70973346947922111551A
:100FA000AF01F20EB70973F23A3828A9D76450009E
:100FB000F30DB70973DBC14149BD268302F40FB7B6
:100FC00009F3D224AB4383927A4D0605F50FA709A6
:100FD000733469870625F59A0C0A00F60FA7097382
:100FE000B228CBA14149BD268302F70E9709F3D25F
:100FF00035C78621C7D23503F81397F9B29341C993
:10100000122D91222553B264506200F913B709736F
:10101000F23A162661122661122661342401FA1270
:10102000B70973DBB13009933009933009A3210963
:10103000FB14B709F3D224AB236112266112266197
:1010400012464312FC14A70973A22CCAA1300993BB
:101050003009933009A32109FD0FE6D932DBA1D075
:10106000376549C5644800FE10C7D932E2962111A0
:1010700055755486242E03FF0FD6D972A2F6D037A9
:101080006549C564480000000004FFFF000000003F
:101090005F00030305040405061211FEFD0CFD0CA0
:1010A000FE022F04F506F1200600329200210D8386
:1010B0001396891C2AA168C41201220CA5F09A90EB
:1010C000B08C22A10800231A8A11AA130945429163
:1010D000E82039881445A283E420521409453200DF
:1010E000241DE9F1A98C43C2354928228A94528CE7
:1010F000474B2854099142124944560E0225258C2B
:1011000013BA9A0527445124288B044591A8281224
:10111000194D22936844148CC882115130240AC698
:101120004600261A8C13BAA48BC422B128CE44914F
:101130008C24A34948465B2A594A13002708A2F287
:1011400092B84400280EC4D3990B8554447A13C92D
:101150008201290FC4D19908C64432915E44A23459
:10116000002A11E7B0A20B46522411D14812916413
:101170008C012B0D0813AA13AB1D0E32B11A002CD3
:101180000CC4B09591504621490C002D074470962F
:1011900038042E09641096915024002F0F85119663
:1011A0004C0BA60563C1B460100030148911AA9BD2
:1011B0004A644A32C9CCDB442692A9486700310A06
:1011C0008713AA1315F74F0732138813AAA2C52451
:1011D00023D324369C6A8B080F870133148911AA04
:1011E000AA89966431B1B43C9FC84E13D1AC043483
:1011F000148911AA8E8BA7C4C830320B8D62A383C9
:10120000703C3C35138813AAB998E2F15A683C89BE
:10121000994CA551090036168911AAAB8926228A54
:101220004C329E8C286BB6896CB2480237128813F8
:10123000AA78880425414930AC2A962E0701381532
:101240008813AAA2892423D34424A3892423A78909
:1012500048460239178911AA224ED62433DB64424C
:101260009A8C273209493292D5003A0C0411969192
:1012700050E4300945023B0F64B1959150E43009C8
:10128000651492C4003C0B0833AA169218C9CC020C
:101290003D0BC832AA7890231D0E023E0B0833AADC
:1012A000107324318A013F148811A2A289249489E1
:1012B000683895C651C2D3711000401CACF1B1AC76
:1012C000CE46F2504C12214944FA178A64120AC9D8
:1012D0006272D16C5A03411A8D11B69503E7B03989
:1012E000880E8ACC25F3D8F410954DA333E988668F
:1012F000421A8C11B6380C678BA3E168363B046741
:101300008BA3E168389A4D0E230043198B13B6ACBA
:10131000846693A9644CA743E69079641C99C666D9
:10132000521A00441A8D11BA388867C3B5E16C3A75
:101330009A8EA6A3E968381BCE960E420045198BFB
:1013400011B2389086A2A1689434915A27D251D212
:101350003434140D0F0646198B11B2389086A2A1B1
:10136000689434915A27D251740E9943C647004766
:101370001A8D13BAAC0467ABB271681E9AC3668744
:10138000E96C381B2E91492100480F8E11BEB89888
:1013900086FBF130DC7FBA18490A87119E380DF7B9
:1013A0004F074A128A11AEBBCE77138D28A3A5E052
:1013B00048342C024B1A8E11B6B8D486D2997824B0
:1013C0009FC821F7FB843CA2CE8843CAC5004C19B4
:1013D0008B11B238CF2173C81C3287CC2173C8342B
:1013E000340D0D45C383014D259011C2309A88C438
:1013F000C88C18194586915164189A448621D230B8
:10140000441AC646C3986C98362A850C4E1D8E1118
:10141000BAA096C6416AB098420B8648C1182518F2
:101420002C4689E1615C540E014F158C13BA248F50
:1014300066C3D17032F63C198E86B3D19808501924
:101440008C11B6380C678BA3E168389ACD0EC13980
:10145000680E9A83E65700511DECB3B9248F66C31A
:10146000D17032F6249A48421111DB685C874DE254
:1014700075C80400521B8D11BA384C67C3B5E16CB6
:10148000F1101D8947D3D9703609CD0EB409005328
:10149000148913AEAA2456C9B688D11233538B913E
:1014A00048090054198B11B23898D666B259700E9B
:1014B0009943E69039640E9943C62700551B8E1157
:1014C000BA3895C6C171701C1C07C7C171701C1C4D
:1014D000478761921C4205561B8D0FB63891A63284
:1014E0006274189DC547F1491C5207D14173A01C75
:1014F000280557228F11C2A8B0CC740B8E46C1D1DB
:101500004438A18425114998421ECD213239442600
:1015100087C88400581A8C11B22855A6B261741479
:10152000AE43E8103AA41C220667D249A900591C10
:101530008D0FB2B89486D2597814874CE2103A6C69
:101540000E9BC3E6B0396C0EB9015A148913AE383C
:10155000108993E074793A8B0C23B3DAA1005B090C
:10156000C4D39930E97F225C108713AA908AA562C0
:10157000A9582A968AA5025D09C4D39D20E97F3225
:101580005E0DE8B2AA134B69222D42A2005F074804
:10159000D0A17810600864309B10CD04611109114E
:1015A000AA31ADC88625D1643499902604621B8B7C
:1015B0000FAEA843E69039640E59A4CC9666A3D921
:1015C0006836A2CC22911100630E0811A62A8D4A1A
:1015D000D635C9444602641A8B11AEA543E690394C
:1015E0006438994D48B3D16C341BCD568893C800EC
:1015F00065100911AAAA4DD60E87F05032929500B7
:101600006610890F9E244A4613D9F038DEE309009C
:10161000671289B1A9175DB6D92EA3A2FC72201E4C
:10162000280068198B0FAEA043E69039640E99D05C
:101630004823D2DA68369A8D669306690B85119A2B
:101640001191E4A47D296A10E6AD9993D1E490DA72
:10165000BE552AA211006B168B11AEA043E690393D
:10166000640E9994D62643EB71345B696C0985113D
:101670009A20EDBF146D100F11C2A08C6614CA68B9
:10168000FFBF5426056E120B0FAEA0D0486BA3D936
:1016900068369A8D6693066F0E0A11AE238E264326
:1016A0008F93D1900670176AAFADA0CC28A3D964F0
:1016B00036994D6613CA68329B8FAB0071136AAFBF
:1016C000A9AA84566693D96436998DD6EECB057255
:1016D0000E0911A6A08C284BA2F1D62200730D078B
:1016E00011A2A1CC6AA75B6D4201740F66119E8B9B
:1016F000064596D92E91D2040075130B0FAE20919A
:1017000066A3D968369A8D66230AAD3276130A111C
:10171000AAA85066A29170229C84C9738810007791
:10172000170F11BEA8B0CCD446A3E08422A59029FF
:1017300074991C221302780F0911AAA8ACC5AAE358
:10174000692D36991479166AAFA9A85066B2916CC2
:10175000142DCFE710A9243A094F017A0F0711A6DB
:10176000388824A1D95038221D047B0CC4D3999207
:1017700088749189F4267C078219AAF8307D0DC4FB
:10178000D1999089749388F422027E0C6872AA1908
:10179000450E91D0040000000004FFFF000000008F
:1017A0005F00030305050405061614FDFC0EFC0E80
:1017B000FE026D05BA080B200600602C01210FC443
:1017C000253423391C2C2265C92122012209A56454
:1017D0004621E14500231B8B616429114BC412D9BA
:1017E00061729849C412D961729849C412B144080F
:1017F000242149A65B1987846B924829520A558295
:10180000B643E81033464AA14AA8129195E39020C6
:10181000002529EEE17B35938A26415948280B455E
:101820006511A9287D2487C6C6225134240B8A64F9
:10183000C1982CA6148C4EE330002624D0258C4B66
:10184000078AE420991C2493832672581D3AABD949
:1018500084135270561D52A7B4DA21741B01270756
:10186000A2642E7118281105A23327128D442399E2
:10187000DE66B2995000291005A2332194CD64335D
:101880007D1A89466A002A10E7E045354A9A4444A1
:101890002349649434022B154A215C2987C821729C
:1018A00088F07030CA2172881C22042C0BE4602B53
:1018B00023394446D9002D0765E034F1102E0A84FF
:1018C000202C23394424002F0FC6213CA918540C86
:1018D0002A0615838A003013C9255C379C8C6492D4
:1018E000997F9BC84493E10C00310BC7295C271CEE
:1018F00015F79F0E3215C9255C47134D66B6896CE6
:101900003C1D4FA762D5C3A1003317C9255C4713FF
:101910004D66B6896C2C9C83E41399DB44342B010F
:101920003416C9255C1F174F1923B3D028368A4DAA
:10193000829383743C2D3518C9255C73889CE29092
:1019400038240EB1C5E6E389CC6D229A950036168F
:10195000C9255C575A91D924E3C988B2E66D229B08
:101960008C8433003711C9255CF1509E8AE562B939
:101970007875BC11003815C9255C379449A4D4E2A8
:10198000456434858E556A4D46033917C9255C3741
:10199000144D669299B7C98434194F6436C9685496
:1019A000033A0D242534233944C4924344023B0FA7
:1019B000846533233944C4924364940D003C114A36
:1019C000215C0F111339D32174081D4287083D0B88
:1019D000C9A45CF140473C1C083E124A215C2187A7
:1019E000D02174081D4226729643003F12C921542B
:1019F0005712DD6C13D958772431952C044027CF2A
:101A000021847B1ECBE4A090AC2411299164229206
:101A10004C449189246A2289D244249A10E5A0D8A2
:101A2000587C08024120CE1D741F07CB8173201DF6
:101A30001499834272486C1E1B47A7076178181FD0
:101A4000C927D402421ECC21747198CD48C3D170ED
:101A5000341CCD6687E0D274329D4C27D3C9707296
:101A60009001431DCC2174590AB18C25E33A840EB0
:101A7000A183E6A039680E89CC23E3184D5A0344AC
:101A80001FCE218471980E69E3D178349FCC27F35F
:101A9000C97C329FCC27E3D17834241D8600451FB2
:101AA000CB216C71A00C2753C92C1499852223E1FA
:101AB00071249C0567A1C83832950C0F07461ECBD0
:101AC000216C71A00C2753C92C1499852223E17134
:101AD000249C0567C139640E995B014721CD217CA7
:101AE000598A914863D158328744E690C81C36879A
:101AF0004D0FE1D174349D91A8A50800481ECE2158
:101B00008451AC8C47E3D178341E8D4787D278342A
:101B10001E8D47E3D178349E140B490AC5254C51DC
:101B200019ED7F294A13CA1D645B9EEF936C429A9C
:101B30009026C2916848044B1ECE2184512B4D85BE
:101B400043E94C3C924FE4103BE43E218FA833E242
:101B50009036A5D40C4C10CA2164519EEFAF916908
:101B60006428991D0C4D2DD1219C612E9169555AE7
:101B7000641899856691596816998546A1596C1221
:101B80009AC526A1598C360BCE66C1D968189CD44B
:101B900062054E21CE218441AD5067D42035584C8A
:101BA000A10543A4608C120C16A3C428313C1B8BE6
:101BB000CA21004F1DCE21846926D1C6A3F1640E2F
:101BC000B143EC103BC40EB1439647E319896C0452
:101BD000501ECC21747110CE4843CA9032A40C29F7
:101BE00033D2213807CD4173D01C3487D40151281A
:101BF0004E22836926D1C6A3F1640EB143EC103B9B
:101C0000C40EB1D026A39168269951CA76A81C3A71
:101C10008983EAB01100521FCD218471A00D49D3F0
:101C2000D174341D0D6787E86C381BCE68C3D9703A
:101C3000369C1827005316CA21644709AD0C25D3DA
:101C400008D97A355BCBD5D3245402541CCB216CF4
:101C50007130ADCD6433D92C3887CC2173C81C3298
:101C600087CC2173C8BC06551ECE218451AC8C474D
:101C7000F3D83C368FCD63F3D83C368FCD63F3D8A1
:101C80003C38941B015622CF1D7461AC9067F32041
:101C9000353C0D4FE3B3386416074DE2B0491C38AC
:101CA00087CEC171781C005730D41D9C61315568B6
:101CB000C4D9701AA4D1C2335A78460B532294382F
:101CC00064129AC42193D0240EA1D161C3396C3817
:101CD0000786E3D0701800581FCF218C63AA11A784
:101CE00034F9480EB1C3E8503AAC0EB3434464E152
:101CF00074481B538A06591FCD217C61A35065D3BC
:101D0000204D3A0B53E2903A680E9BC3E6B0396C13
:101D10000E9B436E005A19CC216CF1102E4FC294C9
:101D2000289D0E9943E8AC1172645C3E1C025B0A6C
:101D300004A63361D2FF13015C12C8214C21968B9B
:101D4000E562B9582E968BE562015D0A04A2334123
:101D5000D2FF93015E0E08A14D27961269222D42F3
:101D6000A2005F0749604BF140600885A43E215BFB
:101D70001461122A215C739A4D8463DA646D329B7C
:101D80008C9806621FCC1D644107CD4173D01C3472
:101D9000074D88B4D174329D4C27D3C974421B4976
:101DA0006A00630F292154571A19CB5B2333190991
:101DB00000641DCC216C4F07CD4173D01C34A48C22
:101DC0006694E9643A994EA693E96846A4106512B0
:101DD0002A215C471C4D86C6C3413E8E0C652500FA
:101DE000660EC8213C4793EC3AB44DF7B106671E26
:101DF000EB215B0F924346C6D14C2813CA4643A33E
:101E00001C74081E22D289583294DD00681ECC2131
:101E10006C4107CD4173D01C34074D6A24D2703415
:101E20001C0D47C3D170349C940A690CC52134330E
:101E30005A0792F64B016A0F471633B91D8DB83F0A
:101E40005A2C2212006B1DCC216C4107CD4173D05E
:101E50001C34078D4A33E1283C115F27C4116D46BD
:101E6000A9186C0AC5213441DAFFA5006D18332189
:101E7000A441A9D84825D27069B8345C1A2E0D97B0
:101E8000862BA5066E152C216C41A99148C3D170F3
:101E9000341C0D47C3D170522A6F0F2B2164579CFD
:101EA0004DA6BE4E66C31A00701CAC1D633122D213
:101EB00046D3C974329D4C27D3096D3421CE41736A
:101EC000D01C5207711CAC21634712CD28D3C974B2
:101ED000329D4C27D3D18C489983E6A039680E29CE
:101EE000720F28214C4111512423C974C71A007361
:101EF000122921544509C924C388F16A2D4A222593
:101F0000007411A72144178E0A67A6E19E22A31030
:101F1000050075152C216C51220D47C3D170341C5E
:101F20000D47C3115B850076142A1D4C519A0C4352
:101F3000C3D828388A92E972881000771B301D7C3C
:101F400051294D66C3D06C181B91822352944426AC
:101F5000D1857288500878122B216461619351A455
:101F6000F579554293512806791BAB2163519B4C5F
:101F700043D3D82C388B4EC293F81C32074565D119
:101F8000497C0E7A0E29215471A0D588DC8AC403BD
:101F9000017B0E05A2332712EDA4281BED26147C2D
:101FA00007C2315CF1037D0F05A23321948DB60980
:101FB00045A23DA9017E0B6A2465B572888C460056
:101FC00000000004FFFF00005F0004030505040596
:101FD000061D19FDFB12FB12FD0346079C0A972004
:101FE0000600603C01211345263C63E2E020626468
:101FF0006F82A2270E262600220BC6244741842783
:10200000331100232B4C267449444C444C444C441B
:102010004C44E680E28046444C444C444C44E680C8
:10202000E28046444C444C444C444C440800243127
:10203000EC66732B36F26622464424E424E424E45E
:10204000202246C2EC20EA40EA20EC2AA24224E404
:102050002022E622E62246442464E6303619002592
:102060003B5326AC876A8A4244426A66448A2648C1
:102070006A28466C26486C264650244872481E44FE
:10208000865284425064264E84264E64284C66262E
:102090004E66264C4A244E6C0600262E5426B4AFBB
:1020A0007A647648764876489644F8BCDC7884C6EC
:1020B00062A666848846868A2488EA88AC2882AC30
:1020C00026A2E840E8A604002708C22837E1A000BD
:1020D0002813A666432B4846918C90CC7EA44A4890
:1020E0004A55002915A66643214A232921A1997D35
:1020F00023242324A3280A002A1749255E676C4657
:1021000024A42262A4A86422A22444666C06002BA4
:102110000E8C65744B5457070FA64475052C0D059E
:10212000253B63E26082442623002D08666445E176
:1021300001012E0B85243C63E2606202002F1247EE
:10214000264C4B232945528AA41449299252053022
:10215000294C2674896C646668646882E820E820EB
:10216000E820E820E820E820E820E820E82088624D
:1021700068646866648C0800310D4A2A7487E68CAE
:10218000FF5F991C0C321D4B2674A7488662E8201D
:10219000E620E6208642886E8E6E3BA910B188A9A3
:1021A000831F33244C2674A94A86646884868286F9
:1021B00082864468708C767444EA20E820E820E83F
:1021C0006A4488C80600341E4C2674517290AE9939
:1021D0009504550891088D0C8D0C8910C9C1833167
:1021E0004266070135214C2674E380E260E4402614
:1021F000368BAA9919A9494216520741074107414E
:10220000234243460036274C2674A96A46668664F4
:102210008682868248849082A684826882E820E84A
:1022200020E820E82088626884910D0037174C264A
:1022300074E12FE424E244C20627072707D911F2EC
:10224000520C0038234C2674896C64666864686498
:10225000688466A444E8CCEA2066C262E820EACC3E
:1022600099C890940D0039284C2674C788846468F6
:1022700082E820E820E820E82088628882A486821C
:102280009044888286826684664666AA08003A1070
:1022900085253C63E260621E6EE2606202003B12D2
:1022A00005263B63E260621E6EE2608244262300E4
:1022B0003C0C8C657455908C87A43C153D0CCC244B
:1022C00075E18379C88307033E0C8C657441940FD4
:1022D000C978280A3F1A4B266CC5488682E62086B4
:1022E00042888E6E3B4149791473657553004037BF
:1022F0005326A4EF924A5052485846486244CD04AF
:102300008D84C8CC0CCD1A92A1199299219299A1D1
:10231000089199190991111219110A237998D1B0CC
:10232000B9C1032900412953229C531E441E829E99
:102330003C823A825884368636865488328AF260E5
:10234000508C2E8E2E8E4C906890E4E82000422A0D
:1023500051269CE1C08CA888AA86AA86AA86AA864D
:102360008A88D501191511190D59095909590959A1
:1023700009590955C5C10D00431F51269CED4488DC
:10238000A884708452825482D671AF69236843282E
:102390006328A3A8048F0044295226A4E1A09088B2
:1023A0008C1119111D0D1D0D5D095D095D095D097A
:1023B0005D095D091D0D1D0D19111911A383320051
:1023C000452B4F2694E1410815099D0861086108D5
:1023D000514C0851188DD881188D18511851186119
:1023E00008610861089D08D5C1410146244F268C2B
:1023F000E1410815099D0861086108514C08511810
:102400008DD881188D18511851182D2F0FE20047C3
:10241000275226A4ED448AA88670865284548436B6
:10242000A236A2BABB0342124212421A3A1A3A2AFE
:102430002209B99B0800482F5326ACE120E62084EE
:102440008E888E888E888E888E888E888EE8E02092
:10245000888E888E888E888E888E888E888E888ECC
:10246000E420E62000490D482654E1208488FF3FFF
:1024700039084A194E2284ED209094FF468A8488B8
:102480008488648A446C4888EA0A004B2D5426AC40
:10249000E120C888508C4E8E4C904A9248944696C3
:1024A0006496A2F480B2A292A690A88EAA8CAA8C5E
:1024B000AC8AAEE420E820004C164F268CE1209236
:1024C00096FFC310C210C2103A11AA8383024D4373
:1024D0005626C4C1F284B2A8CEA82E8228622E82CB
:1024E00028824A8228642A8428842884288446846E
:1024F000286626862886248628864286286822889A
:1025000028A888286A8A286A8A664A8AA428E8202D
:10251000004E305426B4C1EEA470AA30CC2EEC2C60
:102520008555588851584C5158504D5854495894D5
:102530004558D8599C5960592459E8D4A8CC650C01
:10254000004F295326ACED94868C8E888E8692841B
:1025500092A2F260F260F260F260F260B282928463
:1025600092868E888E8C86F40C00501E512694E143
:1025700015550D190D5909590959095909190D55BB
:10258000CD011935BF3D10045137F3E6AAED94860D
:102590008C8E888E86928492A2F260F260F260F253
:1025A00060F260A2A6C26484A44884864864884A13
:1025B000628C86F4401E621E8224BABC7E040052E5
:1025C0002D5326ACE1C090A88CAA8AAA8AAA8AAA0E
:1025D0008A1911DD81280D21111D111D511915199F
:1025E00055490819490899C58110090053264E26F6
:1025F00084C92466884450625062328230E2EE60C0
:10260000EA80E880EA60EE20B2B4B252826A24E442
:1026100008005418502694E1410D4D11D114951421
:102620009514551831FFD3832000552C5326ACE167
:1026300020E8847088328A328A328A328A328A3238
:102640008A328A328A328A328A328A328A308E2EAC
:10265000CE46F4200C00562A53229CE120E88470D8
:1026600088508C2E8E2E8E4C902A922A9248942638
:102670009626964498229A229C9E1E421E44120040
:10268000573D5A22D4E120E220E4848A6C888A4CA7
:102690008C8A2A8E8A2A8E8A4890C626922682267C
:1026A0009226824494428422962286229622C6B89A
:1026B000889A8A9A8A7C4C5E4E5E4E100058295445
:1026C00022A4E140C8A650AC4CCE48B246B642DA8D
:1026D000BC1EA21EA2DC5AA256A634AA50AA4EAE16
:1026E0004AB2C4EA4000591F522294E120C88450E3
:1026F0008A2E8C4C8E2A9048922694449622D89A00
:102700009C1F1F44015A1E4F268CE3E062AC42AC72
:10271000248E26AC946929D352A67521841184771E
:102720000707045B0CA66643E14066FFFF8D015C72
:10273000184A266441706E706E706E706E706E70A6
:102740006E706E706E50005D0CA66643C166FFFF32
:10275000CD81005E154A297E49508E8C4A444844FA
:1027600046484448428C4C005F084C2063E183019A
:10277000600BA5643F616466464800611C8E217C45
:10278000E3208A86118D1465D9040D1322122212BA
:102790002292920B9B09006220501E84C1985F9484
:1027A000D90C15D190CD909190919091909190CD20
:1027B00050D1140D851C0163198D2174E9206688A0
:1027C0008288624C829253BA08BA1022A183100008
:1027D000642050228CD198CF2A88666C886AC648BB
:1027E000C848C848C848C868C668888A66CC2A0CE1
:1027F000651A8E217CC96C688688646C82ECE04125
:10280000282D5D085D0C91D80D0066164C2254CB26
:10281000688466848D0C21D9811421FFD941100070
:1028200067234DE67A75E66082841105110511056E
:102830001109A32BD1D183A10392830AB9CA3A917A
:10284000831100681F512294C19A9F94515CD51442
:1028500051115111511151115111511151115191E8
:10286000DC1C691048224C478A884A1EC888FFC968
:1028700041006A14E8D63A4B8A884A1EC888FF4746
:102880002613222334006B2051228CC19A9F1C11E5
:102890008D11C9D10892481E441E0892D0D19011C2
:1028A0005131398838086C0B48224CC188FF7F723F
:1028B000106D159821CCC184888CC2C4AAC4A48888
:1028C000FFFF7F7262726E1E912194C1A48CE2AAF6
:1028D000A6888A888A888A888A888A888A888A884C
:1028E0008AE4E6006F1D8E217CC96C688688646C62
:1028F00082EC20EC20EC208C626C84886668CC082A
:1029000000702330DE82C1A2CC66888A866C868CF9
:10291000848C848C848C846CA688C66688A28C98EF
:10292000D3834000712230E282A928886442868ADB
:10293000668C848C848C848C848C668C86A868C617
:10294000AC8298A7070172138C2164C16486A2A48B
:1029500082844686909F1D040173198A215CA522FA
:102960004466424A622AC2E840E440E8AC914484AA
:10297000090074142A22542B50DD18D1810C197FC0
:10298000134213634502751E912194E1C4888A881D
:102990008A888A888A888A888A888A888AA8A6EA09
:1029A00082ACC400761C901D7CE120A6842E8A4A4D
:1029B0008A2A8E468E2692429222B6967A5A0E0025
:1029C000772C971DB4E120C4A4848A2A888A2A8A95
:1029D000C6468A2682268C2682268E4284428E22F3
:1029E0008622B2A8928A766C564E0C00781B911DF6
:1029F00084E120A695588D6085A83139B1A944A1FC
:102A00004C99544DCD4100792130DE7AE1C6844C99
:102A10008A2A8C488E2690449222D496987A5A5CC0
:102A200050289044F09416007A128B2164E191A30F
:102A30008A9832663511458E0E0E7B10A666436766
:102A40004466BF512534B38FA4067C08433A7CE129
:102A50003F287D12A66643614A68661F49C9C8ECD3
:102A6000372233007E10AC247D652AC4E4E080C4A4
:102A7000246A040000000004FFFF000045D303089F
:102A80005BD303089DD303081815AF19FF0000009E
:102A90001815AE19FF0000001815A0163216001503
:102AA000A2162019FF0000001815A0162016001508
:102AB000A2168019FF0000000001140A646432327B
:102AC00000093D0000040A9620100808000180005B
:102AD000FE0118FE0115FD161215AE15C116FF15E3
:102AE000A01632160015A2162015CA167F15AD16AF
:102AF0009015B3166115B915AFFE0119FF0000005E
:102B00000000C0E0F0F8FC000038FAFE422EE63F7C
:102B10003067C79357F32E3D000000000000E0BF70
:102B2000605555555555E5BF060000000000E03FD3
:102B30004E5559999999E93F7AA429555555E5BFBC
:102B4000E945489B5B49F2BFC33F268B2B00F03F12
:102B50000000000000A0F63F0000000000000000A0
:102B600000C8B9F2822CD6BF8056372824B4FA3C6C
:102B7000000000000080F63F0000000000000000A0
:102B8000000858BFBDD1D5BF20F7E0D808A51CBDAF
:102B9000000000000060F63F0000000000000000A0
:102BA000005845177776D5BF6D50B6D5A46223BDC2
:102BB000000000000040F63F0000000000000000A0
:102BC00000F82D87AD1AD5BFD567B09EE484E6BC6A
:102BD000000000000020F63F0000000000000000A0
:102BE000007877955FBED4BFE03E2993691B04BD92
:102BF000000000000000F63F0000000000000000A0
:102C000000601CC28B61D4BFCC844C482FD8133DCC
:102C10000000000000E0F53F0000000000000000A0
:102C200000A886863004D4BF3A0B82EDF342DC3C28
:102C30000000000000C0F53F0000000000000000A0
:102C4000004869554CA6D3BF60945186C6B1203D5B
:102C50000000000000A0F53F0000000000000000A0
:102C60000080989ADD47D3BF9280C5D44D59253D49
:102C7000000000000080F53F0000000000000000A0
:102C80000020E1BAE2E8D2BFD82BB7991E7B263DDF
:102C9000000000000060F53F0000000000000000A0
:102CA0000088DE135A89D2BF3FB0CFB614CA153D93
:102CB000000000000060F53F000000000000000080
:102CC0000088DE135A89D2BF3FB0CFB614CA153D73
:102CD000000000000040F53F000000000000000080
:102CE0000078CFFB4129D2BF76DA5328245A16BD8B
:102CF000000000000020F53F000000000000000080
:102D0000009869C198C8D1BF0454E768BCAF1FBD23
:102D1000000000000000F53F00000000000000007F
:102D200000A8ABAB5C67D1BFF0A88233C61F1F3DC4
:102D30000000000000E0F43F000000000000000080
:102D40000048AEF98B05D1BF665A05FDC4A826BD63
:102D50000000000000C0F43F000000000000000080
:102D6000009073E224A3D0BF0E03F47EEE6B0CBD83
:102D70000000000000A0F43F000000000000000080
:102D800000D0B4942540D0BF7F2DF49EB836F0BC5F
:102D90000000000000A0F43F000000000000000060
:102DA00000D0B4942540D0BF7F2DF49EB836F0BC3F
:102DB000000000000080F43F000000000000000060
:102DC00000405E6D18B9CFBF873C99AB2A570D3DC7
:102DD000000000000060F43F000000000000000060
:102DE0000060DCCBADF0CEBF24AF869CB7262B3D78
:102DF000000000000040F43F000000000000000060
:102E000000F02A6E0727CEBF10FF3F544F2F17BD8B
:102E1000000000000020F43F00000000000000005F
:102E200000C04F6B215CCDBF1B68CABB91BA213D6E
:102E3000000000000000F43F00000000000000005F
:102E400000A09AC7F78FCCBF34849F684F79273D85
:102E5000000000000000F43F00000000000000003F
:102E600000A09AC7F78FCCBF34849F684F79273D65
:102E70000000000000E0F33F000000000000000040
:102E800000902D7486C2CBBF8FB78B31B04E193DE9
:102E90000000000000C0F33F000000000000000040
:102EA00000C0804EC9F3CABF6690CD3F634EBA3CA6
:102EB0000000000000A0F33F000000000000000040
:102EC00000B0E21FBC23CABFEAC146DC648C25BD4A
:102ED0000000000000A0F33F000000000000000020
:102EE00000B0E21FBC23CABFEAC146DC648C25BD2A
:102EF000000000000080F33F000000000000000020
:102F00000050F49C5A52C9BFE3D4C104D9D12ABDA0
:102F1000000000000060F33F00000000000000001F
:102F200000D02065A07FC8BF09FADB7FBFBD2B3D65
:102F3000000000000040F33F00000000000000001F
:102F400000E0100289ABC7BF584A537290DB2B3D9B
:102F5000000000000040F33F0000000000000000FF
:102F600000E0100289ABC7BF584A537290DB2B3D7B
:102F7000000000000020F33F0000000000000000FF
:102F800000D019E70FD6C6BF66E2B2A36AE410BD4F
:102F9000000000000000F33F0000000000000000FF
:102FA0000090A77030FFC5BF3950109F439E1EBDD3
:102FB000000000000000F33F0000000000000000DF
:102FC0000090A77030FFC5BF3950109F439E1EBDB3
:102FD0000000000000E0F23F0000000000000000E0
:102FE00000B0A1E3E526C5BF8F5B07908BDE20BD57
:102FF0000000000000C0F23F0000000000000000E0
:103000000080CB6C2B4DC4BF3C783561C10C173DA3
:103010000000000000C0F23F0000000000000000BF
:103020000080CB6C2B4DC4BF3C783561C10C173D83
:103030000000000000A0F23F0000000000000000BF
:1030400000901E20FC71C3BF3A54274D8678F13C96
:10305000000000000080F23F0000000000000000BF
:1030600000F01FF85295C2BF08C47117308D24BDFF
:10307000000000000060F23F0000000000000000BF
:1030800000602FD52AB7C1BF96A31118A4802EBD0A
:10309000000000000060F23F00000000000000009F
:1030A00000602FD52AB7C1BF96A31118A4802EBDEA
:1030B000000000000040F23F00000000000000009F
:1030C0000090D07C7ED7C0BFF45BE88896690A3D4B
:1030D000000000000040F23F00000000000000007F
:1030E0000090D07C7ED7C0BFF45BE88896690A3D2B
:1030F000000000000020F23F00000000000000007F
:1031000000E0DB3191ECBFBFF233A35C547525BD09
:10311000000000000000F23F00000000000000007E
:1031200000002B6E0727BEBF3C00F02A2C342A3D3E
:10313000000000000000F23F00000000000000005E
:1031400000002B6E0727BEBF3C00F02A2C342A3D1E
:103150000000000000E0F13F00000000000000005F
:1031600000C05B8F545EBCBF06BE5F58570C1DBDD0
:103170000000000000C0F13F00000000000000005F
:1031800000E04A3A6D92BABFC8AA5BE83539253DDE
:103190000000000000C0F13F00000000000000003F
:1031A00000E04A3A6D92BABFC8AA5BE83539253DBE
:1031B0000000000000A0F13F00000000000000003F
:1031C00000A031D645C3B8BF68562F4D297C133DAA
:1031D0000000000000A0F13F00000000000000001F
:1031E00000A031D645C3B8BF68562F4D297C133D8A
:1031F000000000000080F13F00000000000000001F
:103200000060E58AD2F0B6BFDA7333C9379726BDBE
:10321000000000000060F13F00000000000000001E
:103220000020063F071BB5BF575EC6615B021F3D0E
:10323000000000000060F13F0000000000000000FE
:103240000020063F071BB5BF575EC6615B021F3DEE
:10325000000000000040F13F0000000000000000FE
:1032600000E01B96D741B3BFDF13F9CCDA5E2C3DEB
:10327000000000000040F13F0000000000000000DE
:1032800000E01B96D741B3BFDF13F9CCDA5E2C3DCB
:10329000000000000020F13F0000000000000000DE
:1032A0000080A3EE3665B1BF09A38F765E7C143D26
:1032B000000000000000F13F0000000000000000DE
:1032C000008011C0300AAFBF918E36839E592D3DCC
:1032D000000000000000F13F0000000000000000BE
:1032E000008011C0300AAFBF918E36839E592D3DAC
:1032F0000000000000E0F03F0000000000000000BF
:1033000000801971DD42ABBF4C70D6E57A821C3D5E
:103310000000000000E0F03F00000000000000009E
:1033200000801971DD42ABBF4C70D6E57A821C3D3E
:103330000000000000C0F03F00000000000000009E
:1033400000C032F65874A7BFEEA1F23446FC2CBD83
:103350000000000000C0F03F00000000000000007E
:1033600000C032F65874A7BFEEA1F23446FC2CBD63
:103370000000000000A0F03F00000000000000007E
:1033800000C0FEB9879EA3BFAAFE26F5B702F53C92
:103390000000000000A0F03F00000000000000005E
:1033A00000C0FEB9879EA3BFAAFE26F5B702F53C72
:1033B000000000000080F03F00000000000000005E
:1033C0000000780E9B829FBFE4097E7C268029BD89
:1033D000000000000080F03F00000000000000003E
:1033E0000000780E9B829FBFE4097E7C268029BD69
:1033F000000000000060F03F00000000000000003E
:103400000080D5071BB997BF39A6FA93548D28BD04
:10341000000000000040F03F00000000000000003D
:103420000000FCB0A8C08FBF9CA6D3F67C1EDFBCFA
:10343000000000000040F03F00000000000000001D
:103440000000FCB0A8C08FBF9CA6D3F67C1EDFBCDA
:10345000000000000020F03F00000000000000001D
:103460000000106B2AE07FBFE440DA0D3FE219BD97
:10347000000000000020F03F0000000000000000FD
:103480000000106B2AE07FBFE440DA0D3FE219BD77
:10349000000000000000F03F0000000000000000FD
:1034A000000000000000000000000000000000001C
:1034B000000000000000F03F0000000000000000DD
:1034C00000000000000000000000000000000000FC
:1034D0000000000000C0EF3F0000000000000000FE
:1034E000000089751510803FE82B9D996BC710BDB2
:1034F000000000000080EF3F00000000000000001E
:10350000008093585620903FD2F7E2065BDC23BD43
:10351000000000000040EF3F00000000000000003D
:103520000000C9282549983F340C5A32BAA02ABD58
:10353000000000000000EF3F00000000000000005D
:103540000040E7895D41A03F53D7F15CC011013DC8
:103550000000000000C0EE3F00000000000000007E
:1035600000002ED4AE66A43F28FDBD7573162CBD99
:10357000000000000080EE3F00000000000000009E
:1035800000C09F14AA94A83F7D265AD0957919BDF2
:10359000000000000040EE3F0000000000000000BE
:1035A00000C0DDCD73CBAC3F0728D847F2681ABD09
:1035B000000000000020EE3F0000000000000000BE
:1035C00000C006C031EAAE3F7B3BC94F3E110EBD85
:1035D0000000000000E0ED3F0000000000000000DF
:1035E000006046D13B97B13F9B9E0D565D3225BD95
:1035F0000000000000A0ED3F0000000000000000FF
:1036000000E0D1A7F5BDB33FD74EDBA55EC82C3D8A
:10361000000000000060ED3F00000000000000001E
:1036200000A0974D5AE9B53F1E1D5D3C06692CBDB3
:10363000000000000040ED3F00000000000000001E
:1036400000C0EA0AD300B73F32ED9DA98D1EEC3CC5
:10365000000000000000ED3F00000000000000003E
:103660000040595D5E33B93FDA47BD3A5C11233DF6
:103670000000000000C0EC3F00000000000000005F
:103680000060AD8DC86ABB3FE568F72B809013BD25
:103690000000000000A0EC3F00000000000000005F
:1036A0000040BC015888BC3FD3AC5AC6D146263D29
:1036B000000000000060EC3F00000000000000007F
:1036C00000200A8339C7BE3FE045E6AF68C02DBD84
:1036D000000000000040EC3F00000000000000007F
:1036E00000E0DB3991E8BF3FFD0AA14FD63425BD8C
:1036F000000000000000EC3F00000000000000009F
:1037000000E027828E17C13FF2072DCE78EF213DD2
:103710000000000000E0EB3F00000000000000009F
:1037200000F0237E2BAAC13F349938448EA72C3D4C
:103730000000000000A0EB3F0000000000000000BF
:103740000080860C61D1C23FA1B481CB6C9D033D4A
:10375000000000000080EB3F0000000000000000BF
:10376000009015B0FC65C33F89724B23A82FC63C5F
:10377000000000000040EB3F0000000000000000DF
:1037800000B033833D91C43F78B6FD547983253D25
:10379000000000000020EB3F0000000000000000DF
:1037A00000B0A1E4E527C53FC77D69E5E833263DC4
:1037B0000000000000E0EA3F000000000000000000
:1037C00000108CBE4E57C63F782E3C2C8BCF193D37
:1037D0000000000000C0EA3F000000000000000000
:1037E0000070758B12F0C63FE1219CE58D1125BD5F
:1037F0000000000000A0EA3F000000000000000000
:10380000005044858D89C73F0543917010661CBDEB
:10381000000000000060EA3F00000000000000001F
:10382000000039EBAFBEC83FD12CE9AA543D07BD1B
:10383000000000000040EA3F00000000000000001F
:103840000000F7DC5A5AC93F6FFFA05828F2073D25
:10385000000000000000EA3F00000000000000003F
:1038600000E08A3CED93CA3F69215650437228BD5F
:103870000000000000E0E93F000000000000000040
:1038800000D05B57D831CB3FAAE1AC4E8D350CBD93
:103890000000000000C0E93F000000000000000040
:1038A00000E03B3887D0CB3FB6125459C44B2DBDF6
:1038B0000000000000A0E93F000000000000000040
:1038C0000010F0C6FB6FCC3FD22B96C572ECF1BC5A
:1038D000000000000060E93F000000000000000060
:1038E0000090D4B03DB1CD3F35B015F72AFF2ABDC9
:1038F000000000000040E93F000000000000000060
:103900000010E7FF0E53CE3F30F441602712C23C57
:10391000000000000020E93F00000000000000005F
:103920000000DDE4ADF5CE3F118EBB651521CABCAC
:10393000000000000000E93F00000000000000005F
:1039400000B0B36C1C99CF3F30DF0CCAECCB1B3DF1
:103950000000000000C0E83F000000000000000080
:1039600000584D603871D03F914EED16DB9CF83C0D
:103970000000000000A0E83F000000000000000080
:10398000006061672DC4D03FE9EA3C168B18273DE3
:10399000000000000080E83F000000000000000080
:1039A00000E827828E17D13F1CF0A5630E212CBDA5
:1039B000000000000060E83F000000000000000080
:1039C00000F8ACCB5C6BD13F8116A5F7CD9A2B3DAF
:1039D000000000000040E83F000000000000000080
:1039E00000685A6399BFD13FB7BD4751EDA62C3D42
:1039F000000000000020E83F000000000000000080
:103A000000B80E6D4514D23FEABA46BADE870A3DC9
:103A10000000000000E0E73F0000000000000000A0
:103A20000090DC7CF0BED23FF404504AFA9C2A3D60
:103A30000000000000C0E73F0000000000000000A0
:103A40000060D3E1F114D33FB83C21D37AE228BD22
:103A50000000000000A0E73F0000000000000000A0
:103A60000010BE76676BD33FC877F1B0CD6E113DC5
:103A7000000000000080E73F0000000000000000A0
:103A80000030337752C2D33F5CBD06B6543B183D7D
:103A9000000000000060E73F0000000000000000A0
:103AA00000E8D523B419D43F9DE090EC36E4083DFE
:103AB000000000000040E73F0000000000000000A0
:103AC00000C871C28D71D43F75D66709CE272FBD4E
:103AD000000000000020E73F0000000000000000A0
:103AE0000030179EE0C9D43FA4D80A1B89202EBD00
:103AF000000000000000E73F0000000000000000A0
:103B000000A03807AE22D53F59C7648170BE2E3D54
:103B10000000000000E0E63F0000000000000000A0
:103B200000D0C853F77BD53FEF405DEEEDAD1F3DB4
:103B30000000000000C0E63F0000000000000000A0
:103B4000006059DFBDD5D53FDC65A4082A0B0ABD4E
:103B5000FB21F93FFB2109407CD91240FB21194090
:103B60007A6A1F407CD92240BBFD2540FB212940B9
:103B70003A462C407A6A2F405C4731407CD932402B
:103B80009C6B3440BBFD3540DB8F3740FB21394017
:103B90001BB43A403A463C405AD83D407A6A3F40CE
:103BA0004C7E40405C4741406C1042407CD94240D2
:103BB0008CA243409C6B4440AC344540BBFD454027
:103BC000CBC64640DB8F4740EB584840FB2149407D
:103BD00083F9A200444E6E00FC291500D15727003E
:103BE000DD34F50062DBC0003C9995004190430054
:103BF0006351FE00BBDEAB00B761C5003A6E240026
:103C0000D24D42004906E00009EA2E001C92D10084
:103C1000EB1DFE0029B11C00E83EA700F53582002F
:103C200044BB2E009CE98400B4267000417E5F00F6
:103C3000D6913900538339009CF439008B5F84009E
:103C400028F9BD00F81F3B00DEFF97000F98050024
:103C5000112FEF000A5A8B006D1F6D00CF7E3600CA
:103C600009CB2700464FB7009E663F002DEA5F0054
:103C7000BA277500E5EBC7003D7BF100F739070077
:103C800092528A00FB6BEA001FB15F00085D8D0055
:103C9000300356007BFC4600F0AB6B0020BCCF002D
:103CA00036F49A00E3A91D005E619100081BE6004E
:103CB00085996500A0145F008D40680080D8FF00E2
:103CC00027734D0006063100CA561500C9A87300B7
:103CD0007BE260006B8CC000FE822B65471567405D
:103CE00000000000000038430000FAFE422E76BFBC
:103CF0003A3B9EBC9AF70CBDBDFDFFFFFFFFDF3FC7
:103D00003C5455555555C53F912B17CF5555A53F9B
:103D100017D0A4671111813F000000000000C842C5
:103D2000EF39FAFE422EE63F24C482FFBDBFCE3FEC
:103D3000B5F40CD7086BAC3FCC5046D2ABB2833F46
:103D4000843A4E9BE0D7553F000000000000000081
:103D5000000000000000F03F6EBF881A4F3B9B3C04
:103D60003533FBA93DF6EF3F5DDCD89C136071BC99
:103D70006180773E9AECEF3FD16687107A5E90BC07
:103D8000857F6EE815E3EF3F13F6673552D28C3C22
:103D9000748515D3B0D9EF3FFA8EF92380CE8BBC52
:103DA000DEF6DD296BD0EF3F61C8E6614EF7603C7F
:103DB000C89B751845C7EF3F99D3335BE4A3903C8C
:103DC00083F3C6CA3EBEEF3F6D7B835DA69A973CE8
:103DD0000F89F96C58B5EF3FFCEFFD921AB58E3C98
:103DE000F747722B92ACEF3FD19C2F703DBE3E3C0B
:103DF000A2D1D332ECA3EF3F0B6E908934036ABC9F
:103E00001BD3FEAF669BEF3F0EBD2F2A525695BCCB
:103E1000515B12D00193EF3F55EA4E8CEF8050BCBE
:103E2000CC316CC0BD8AEF3F16F4D5B923C991BC23
:103E3000E02DA9AE9A82EF3FAF555CE9E3D3803C19
:103E4000518EA5C8987AEF3F4893A5EA151B80BC10
:103E50007B517D3CB872EF3F3D32DE55F01F8FBC89
:103E6000EA8D8C38F96AEF3FBF53133F8C898B3C46
:103E700075CB6FEB5B63EF3F26EB11769CD996BC5D
:103E8000D45C0484E05BEF3F602F3A3EF7EC9A3C51
:103E9000AAB968318754EF3F9D3886CB82E78FBC43
:103EA0001DD9FC22504DEF3F8DC3A644416F8A3C83
:103EB000D68C62883B46EF3F7D04E4B0057A803CB7
:103EC00096DC7D91493FEF3F94A8A8E3FD8E963C98
:103ED0003862756E7A38EF3F7D4874F2185E873C21
:103EE0003FA6B24FCE31EF3FF2E71F982B47803C01
:103EF000DD7CE265452BEF3F5E08713F7BB896BCE9
:103F00008163F5E1DF24EF3F31AB096DE1F7823CDE
:103F1000E1DE1FF59D1EEF3FFABF6F1A9B213DBCEE
:103F200090D9DAD07F18EF3FB40A0C7282378B3CFD
:103F30000B03E4A68512EF3F8FCBCE8992146E3C23
:103F4000562F3EA9AF0CEF3FB6ABB04D754D833C3D
:103F500015B7310AFE06EF3F4C74ACE20142863CD5
:103F600031D84CFC7001EF3F4AF8D35D39DD8F3C0E
:103F7000FF1664B208FCEE3F045B8E3B80A386BC58
:103F8000F19F925FC5F6EE3F68504BCCED4A92BC74
:103F9000CBA93A37A7F1EE3F8E2D511BF80799BCFC
:103FA00066D8056DAEECEE3FD236943EE8D171BCDA
:103FB000F79FE534DBE7EE3F151BCEB3191999BC2B
:103FC000E5A813C32DE3EE3F6D4C2AA7489F853C1F
:103FD0002234124CA6DEEE3F8A69287A601293BC26
:103FE0001C80AC0445DAEE3F5B8917488FA758BCAC
:103FF0002A2EF7210AD6EE3F1B9A49679B2C7CBCE0
:1040000097A850D9F5D1EE3F11ACC260ED63433CA7
:104010002D89616008CEEE3FEF64063B0966963C51
:1040200057001DED41CAEE3F7903A1DAE1CC6E3CA9
:10403000D03CC1B5A2C6EE3F30120F3F8EFF933C7D
:10404000DED3D7F02AC3EE3FB0AF7ABBCE90763C3A
:10405000272A36D5DABFEE3F77E054EBBD1D933CFF
:104060000DDDFD99B2BCEE3F8EA3710034948FBC80
:10407000A72C9D76B2B9EE3F49A393DCCCDE87BC7A
:104080004266CFA2DAB6EE3F5F380FBDC6DE78BC1F
:10409000824F9D562BB4EE3FF65C7BEC461286BCFD
:1040A0000F925DCAA4B1EE3F8ED7FD180535933C43
:1040B000DA27B53647AFEE3F059B8A2FB7987B3C92
:1040C000FDC797D412ADEE3F09541CE2E163903C6A
:1040D000295448DD07ABEE3FEAC6195085C7343C8A
:1040E000B746598A26A9EE3F35C0642BE632943C88
:1040F0004821AD156FA7EE3F9F7699614AE48CBCCD
:1041000009DC76B9E1A5EE3FA84DEF3BC5338CBC89
:1041100085553AB07EA4EE3FAEE92B89785384BC36
:1041200020C3CC3446A3EE3F58585678DDCE93BC1E
:104130002522558238A2EE3F64197E80AA10573C92
:1041400073A94CD455A1EE3F28225EBFEFB393BCB8
:10415000CD3B7F669EA0EE3F82B93487AD126ABC2C
:10416000BFDA0B7512A0EE3FEEA96DB8EF6763BC26
:104170002F1A653CB29FEE3F5188E0543DDC80BC75
:10418000849451F97D9FEE3FCF3E5A7E641F78BCE8
:10419000745FECE8759FEE3FB07D8BC04AEE86BC45
:1041A0007481A5489A9FEE3F8AE6551E321986BC57
:1041B000C9674256EB9FEE3FD3D4095ECB9C903C3F
:1041C0003F5DDE4F69A0EE3F1DA54DB9DC327BBCE3
:1041D0008701EB7314A1EE3F6BC06754FDEC943C78
:1041E00032C13001EDA1EE3F556CD6ABE1EB653C41
:1041F000624ECF36F3A2EE3F42CFB32FC5A188BCAB
:10420000121A3E5427A4EE3F34373BF1B66993BCF3
:1042100013CE4C9989A5EE3F1EFF193A845E80BCEF
:10422000ADC723461AA7EE3F6E5772D850D494BC40
:10423000ED92449BD9A8EE3F008A0E5B67AD903C9F
:1042400099668AD9C7AAEE3FB4EAF0C12FB78D3C70
:10425000DBA02A42E5ACEE3FFFE7C59C60B665BC3B
:104260008C44B51632AFEE3F445FF35983F67B3C86
:1042700036771599AEB1EE3F833D1EA71F0993BC5B
:10428000C6FF910B5BB4EE3F291E6C8BB8A95DBCD9
:10429000E5C5CDB037B7EE3F59B9907CF9236CBC7A
:1042A0000F52C8CB44BAEE3FAAF9F422434392BC62
:1042B000504EDE9F82BDEE3F4B8E66D76CCA85BCEA
:1042C000BA07CA70F1C0EE3F27CE912BFCAF713C0C
:1042D00090F0A38291C4EE3FBB730AE135D26D3CEE
:1042E0002323E31963C8EE3F6322622204C587BC1F
:1042F00065E55D7B66CCEE3FD531E2E3861C8B3C09
:10430000332D4AEC9BD0EE3F15BBBCD3D1BB91BC47
:104310005D253EB203D5EE3FD231EE9C31CC903CD0
:1043200058B330139ED9EE3FB35A736E8469843C00
:10433000BFFD79556BDEEE3FB49D8E97CDDF82BC1D
:104340007AF3D3BF6BE3EE3F8733CB92771A8C3C83
:10435000ADD35A999FE8EE3FFAD9D14A8F7B90BCF2
:1043600066B68D2907EEEE3FBAAEDC56D9C355BC12
:10437000FB154FB8A2F3EE3F40F6A63D0EA490BC4D
:104380003A59E58D72F9EE3F3493AD38F4D668BCF6
:10439000475EFBF276FFEE3F358A586BE2EE91BC4A
:1043A0004A06A130B005EF3FCDDD5F0AD7FF743C70
:1043B000D2C14B901E0CEF3FAC9892FAFBBD91BC62
:1043C000091ED75BC212EF3FB30CAF30AE6E733C29
:1043D0009C5285DD9B19EF3F94FD9F5C32E38E3C40
:1043E0007AD0FF5FAB20EF3FAC5909D18FE0843C1E
:1043F0004BD1572EF127EF3F671A4E38AFCD633CB4
:10440000B5E706946D2FEF3F6819926C2C6B673CF3
:104410006990EFDC2037EF3FD2B5CC83188A80BC9F
:10442000FAC35D550B3FEF3F6FFAFF3F5DAD8FBCA9
:104430007C89074A2D47EF3F49A97538AE0D90BCDE
:10444000F2890D08874FEF3FA7073DA685A3743C6F
:1044500087A4FBDC1858EF3F0F2240209E9182BCBE
:104460009883C916E360EF3FAC92C1D5505A8E3C99
:104470008532DB03E669EF3F4B6B01AC593A843C74
:1044800060B401F32173EF3F1F3EB40721D582BC16
:104490005F9B7B33977CEF3FC90D473BB92A89BCB3
:1044A00029A1F5144686EF3FD3883A6004B6743CE0
:1044B000F63F8BE72E90EF3F71729D51ECC5833C28
:1044C000834CC7FB519AEF3FF091D38F12F78FBC0B
:1044D000DA90A4A2AFA4EF3F7D7423E298AE8DBC26
:1044E000F1678E2D48AFEF3F0820AA41BCC38E3C38
:1044F000275A61EE1BBAEF3F32EBA9C3942B843CE1
:1045000097BA6B372BC5EF3FEE85D131A9648A3C52
:1045100040456E5B76D0EF3FEDE33BE4BA378EBCAF
:1045200014BE9CADFDDBEF3F9DCD914D3B89773CAB
:10453000D8909E81C1E7EF3F89CC6041C105533CD3
:10454000F1718F2BC2F3EF3F00000040FB21F93FD8
:10455000000000002D44743E000000809846F83CA6
:104560000000006051CC783B00000080831BF039D4
:104570000000004020257A38000000802282E336C7
:10458000000000001DF36935020000000300000078
:1045900004000000060000002C2066756E6374693C
:1045A0006F6E3A2000617373657274696F6E2022BA
:1045B000257322206661696C65643A2066696C65C2
:1045C00020222573222C206C696E652025642573BA
:1045D00025730A005245454E54206D616C6C6F6323
:1045E00020737563636565646564002F6275696C2B
:1045F000642F676E752D746F6F6C732D666F722DDF
:1046000073746D33325F31342E332E72656C312EFC
:1046100032303235313032372D303730302F7372FF
:10462000632F6E65776C69622F6E65776C69622F98
:104630006C6962632F7374646C69622F72616E645B
:104640002E6300494E4600696E66004E414E006E74
:10465000616E0030313233343536373839414243B8
:1046600044454600303132333435363738396162AB
:1046700063646566002F6275696C642F676E752DC3
:10468000746F6F6C732D666F722D73746D33325F40
:1046900031342E332E72656C312E3230323531305A
:1046A00032372D303730302F7372632F6E65776C51
:1046B00069622F6E65776C69622F6C6962632F7413
:1046C000696D652F6C636C74696D652E6300545A57
:1046D00000474D54002531315B2D2B302D39412DB4
:1046E0005A612D7A5D256E002531315B412D5A616D
:1046F0002D7A5D256E004D256875256E2E25687511
:10470000256E2E256875256E002F256875256E3A55
:10471000256875256E3A256875256E00496E6669AF
:104720006E697479004E614E002F6275696C642F5A
:10473000676E752D746F6F6C732D666F722D737449
:104740006D33325F31342E332E72656C312E323040
:104750003235313032372D303730302F7372632F8E
:104760006E65776C69622F6E65776C69622F6C6914
:1047700062632F7374646C69622F64746F612E635B
:104780000042616C6C6F632073756363656564657B
:1047900064002F6275696C642F676E752D746F6F7E
:1047A0006C732D666F722D73746D33325F31342EDE
:1047B000332E72656C312E32303235313032372D36
:1047C000303730302F7372632F6E65776C69622FCC
:1047D0006E65776C69622F6C6962632F7374646CA9
:1047E00069622F6D707265632E6300232D302B205C
:1047F00000686C4C00656667454647004300504FB3
:10480000534958002E00412D46612D66383930310C
:104810003233343536375D002B2D00303000785878
:1048200000002020202020202020202828282828A0
:104830002020202020202020202020202020202078
:1048400020208810101010101010101010101010D0
:1048500010100404040404040404040410101010D0
:10486000101010414141414141010101010101018B
:1048700001010101010101010101010101101010FB
:10488000101010424242424242020202020202025E
:1048900002020202020202020202020202101010CE
:1048A00010200000000000000000000000000000D8
:1048B00000000000000000000000000000000000F8
:1048C00000000000000000000000000000000000E8
:1048D00000000000000000000000000000000000D8
:1048E00000000000000000000000000000000000C8
:1048F00000000000000000000000000000000000B8
:1049000000000000000000000000000000000000A7
:104910000000000000000000000000000000000097
:1049200000000000000000001F0000003B0000002D
:104930005A0000007800000097000000B500000059
:10494000D4000000F300000011010000300100005D
:104950004E0100001F0000001C0000001F000000AE
:104960001E0000001F0000001E0000001F000000CD
:104970001F0000001E0000001F0000001E000000BD
:104980001F0000001F0000001C0000001F000000AE
:104990001E0000001F0000001E0000001F0000009D
:1049A0001F0000001E0000001F0000001E0000008D
:1049B0001F0000001F0000001D0000001F0000007D
:1049C0001E0000001F0000001E0000001F0000006D
:1049D0001F0000001E0000001F0000001E0000005D
:1049E0001F00000005000000190000007D0000000D
:1049F0000080E03779C34143176E05B5B5B89346DB
:104A0000F5F93FE9034F384D321D30F94877825AA6
:104A10003CBF737FDD4F1575000000000000F03FC4
:104A20000000000000002440000000000000594089
:104A30000000000000408F40000000000088C340DC
:104A400000000000006AF8400000000080842E4151
:104A500000000000D01263410000000084D797419D
:104A60000000000065CDCD41000000205FA00242A3
:104A7000000000E876483742000000A2941A6D4218
:104A8000000040E59C30A2420000901EC4BCD6420B
:104A900000003426F56B0C430080E03779C34143B6
:104AA00000A0D8855734764300C84E676DC1AB432C
:104AB000003D9160E458E143408CB5781DAF15444A
:104AC00050EFE2D6E41A4B4492D54D06CFF0804425
:104AD000F64AE1C7022DB544B49DD9794378EA443A
:104AE00000010000C0EF0408556F0308CCEF040874
:104AF00000210000F8EF0408A170030800F004088A
:104B0000000800003CF0040844F0040848F00408E1
:104B10000021000058F004083983030860F00408FD
:104B20000009000000415B1BD588030868F00408F9
:104B30000009000000425B1BED8803086CF00408CC
:104B40000019000000435B1B0789030874F0040888
:104B50000019000000445B1B3F8903087CF0040837
:104B600000090000000000096D89030884F00408B2
:104B700000190000000000087D8B030888F004087D
:104B8000001900000000007F7D8B030894F00408EA
:104B9000001900007E335B1B958B0308A0F004080E
:104BA000001900000000000AAF8B0308A8F00408F9
:104BB000001900000000000DAF8B0308B0F00408DE
:104BC00000200000B8F00408498C0308C0F0040875
:104BD00000210000E0F00408878C0308E8F00408D6
:104BE00000210000F8F00408A78C030800F1040875
:104BF0000021000010F10408C78C030818F1040814
:104C00000021000028F10408E78C030830F10408B3
:104C10000021000040F10408098D030848F1040850
:084C2000D8BAFA7F0100000080
:044C2800C5020008B9
:044C2C00A1020008D9
:104C30000090D0030090D00310000000010000009D
:104C4000AAAAAAAA00C000006E19000000C00000B5
:104C5000691A02087D1A0208C11A02088D1A020890
:104C6000F51A0208688A040801000000000000002C
:104C700000000000748A0408010000000000000029
:104C800000000000848A0408010000000000000009
:104C900000000000948A04080100000000000000E9
:104CA00000000000F48C042401000000010000005A
:104CB00000000000000000000000000000000000F4
:104CC000000000000000000081B802084DB4020896
:104CD00035B5020861B60208E5B50208000000001B
:104CE00000000000000000000000000000000000C4
:104CF0000000000095B80208C1B402088DB5020892
:104D000071B70208E5B502080500000000000000C8
:104D100000000303000000006400640000000000C5
:104D20000000000000000000000000000000000083
:104D300000000000000020410000A04100803B4531
:104D4000000048430000AA420000A041000000000B
:104D500044AF0408A1EA020850AF0408ADEB020812
:104D600060AF0408BBEB020870AF0408C9EB02088F
:104D700080AF04080000000088AF0408C1D3020817
:104D800094AF04082DD40208A4AF0408D9D60208B1
:104D9000B4AF040819DA0208C4AF0408B9DC020889
:104DA000D4AF040879E30208E0AF0408D1DF0208B9
:104DB000F0AF040805E1020801000000FCB504089A
:104DC00004B60408000000000CB6040818B6040875
:104DD0000000000028B6040888010024020000003A
:104DE00034B604089CB004240400000040B6040853
:104DF000F8030020600000004CB6040858040020AE
:104E0000C80000005CB6040864B604080000000096
:104E10006E6F72666C617368300000000000000005
:104E20000000000000000000000000000000800002
:104E300000100000E50F030831100308A910030853
:104E40002D11030801000000020000001100000005
:104E5000E95F030804000000095F03080300000085
:104E6000E35C030810000000355C03080600000046
:104E7000CD5B030817000000BD5D030801000000C2
:104E80006B58030805000000655903080F00000077
:104E9000095A030802000000D35A0308000000006A
:104EA0000000000000000000000000000000000002
:104EB00000000000000000000000000000000000F2
:104EC00000000000000000000000000001000000E1
:104ED000A0CD0408FCCE040820CF040834CF040879
:104EE00044CF040854CF040864CF040878CF0408E2
:104EF0008CCF0408A8CF0408B8CF0408C8CF040892
:104F0000DCCF0408F4CF040808D0040814D0040847
:104F10001CD0040824D004082CD0040834D0040881
:104F20003CD004082222000074D1040800000000D4
:104F30000000000000000000000000000000000071
:104F4000000000000000000080D104080000000004
:104F50000000000000000000000000000000000051
:104F60000000000000000000000000000000000041
:104F70000000000000000000000000000000000031
:104F80000000000000000000000000000000000021
:104F90000000000000000000000000007913040879
:104FA000891304080000000003000000F8C704246F
:104FB000D1460508D14605088C03002400000000F6
:104FC000F8C7042460C80424C8C8042400000000F2
:104FD00000000000000000000000000000000000D1
:104FE00000000000000000000000000000000000C1
:104FF00000000000000000000000000000000000B1
:10500000000000000000000001000000000000009F
:105010004A00000000000000000000000000000046
:105020000000000000000000000000000000000080
:1050300000000000000000004A0000000000000026
:105040000000000000000000000000000000000060
:105050000000000000000000000000000000000050
:1050600043000000000000000000000000000000FD
:105070000000000000000000000000000000000030
:1050800043000000000000000000000000000000DD
:105090000000000000000000000000000000000010
:1050A00043000000000000000000000000000000BD
:1050B00000000000000000000000000000000000F0
:1050C000430000000000000000000000000000009D
:1050D00000000000000000000000000000000000D0
:1050E000430000000000000000000000000000007D
:1050F00000000000000000000000000000000000B0
:10510000430000000000000000000000000000005C
:10511000000000000000000000000000000000008F
:10512000430000000000000000000000000000003C
:10513000000000000000000000000000000000006F
:10514000AD5304082D530408000000002148050851
:1051500004480508D3450508D3450508D345050887
:10516000D3450508D3450508D3450508D3450508AB
:10517000D3450508D3450508FFFFFFFFFFFFFFFFED
:10518000FFFFFFFFFFFF00000100415343494900BB
:10519000000000000000000000000000000000000F
:1051A0000000000000000000000041534349490096
:1051B00000000000000000000000000000000000EF
:0C51C000000000000000000000000000E3
:04000005080241B5F7
:00000001FF
