:020000040800F2
:10000000000008202DA40108E59E0108ED9E0108CE
:10001000019F0108159F0108299F010800000000A9
:1000200000000000000000000000000091A3000894
:100030003D9F010800000000A1A5000809A60008D6
:100040007DA401087DA401087DA401087DA4010808
:100050007DA401087DA401087DA401087DA40108F8
:100060007DA401087DA401087DA401084D9F01081D
:10007000619F0108759F0108899F01089D9F0108E4
:10008000B19F0108C59F01087DA401087DA4010856
:100090007DA401087DA401087DA401087DA40108B8
:1000A0007DA401087DA401087DA401087DA40108A8
:1000B0007DA401087DA401087DA401087DA4010898
:1000C0007DA401087DA401087DA401087DA4010888
:1000D0007DA40108D99F0108ED9F010801A0010836
:1000E0007DA401087DA401087DA401087DA4010868
:1000F0007DA401087DA401087DA4010815A00108C4
:100100007DA401087DA401087DA401087DA4010847
:1001100029A001083DA001087DA4010851A0010803
:100120007DA4010865A0010879A001087DA401084B
:100130007DA401088DA001087DA401087DA401080B
:100140007DA401087DA401087DA401087DA4010807
:100150007DA40108A1A00108B5A00108C9A001085B
:100160007DA401087DA401087DA401087DA40108E7
:100170007DA401087DA401087DA401080000000001
:100180007DA401087DA40108DDA00108F1A00108FB
:100190007DA401087DA401087DA401087DA40108B7
:1001A0007DA401087DA401087DA401087DA40108A7
:1001B0007DA401087DA401087DA401087DA4010897
:1001C0007DA401087DA40108000000007DA40108B1
:1001D0007DA401087DA401087DA401087DA4010877
:1001E0007DA401087DA401087DA401087DA4010867
:0801F0007DA401087DA40108B3
:1002000010B5054C237833B9044B13B10448AFF350
:1002100000800123237010BDD009022000000000DF
:10022000688E020808B5034B1BB103490348AFF3BE
:10023000008008BD00000000D4090220688E02087A
:1002400081F0004102E000BF83F0004330B54FEA87
:1002500041044FEA430594EA050F08BF90EA020FF4
:100260001FBF54EA000C55EA020C7FEA645C7FEA87
:10027000655C00F0E2804FEA5454D4EB5555B8BFAA
:100280006D420CDD2C4480EA020281EA030382EA1B
:10029000000083EA010180EA020281EA0303362DAD
:1002A00088BF30BD11F0004F4FEA01314FF4801C80
:1002B0004CEA113102D0404261EB410113F0004F92
:1002C0004FEA03334CEA133302D0524263EB430349
:1002D00094EA050F00F0A780A4F10104D5F1200EE7
:1002E0000DDB02FA0EFC22FA05F2801841F1000142
:1002F00003FA0EF2801843FA05F359410EE0A5F116
:1003000020050EF1200E012A03FA0EFC28BF4CF046
:10031000020C43FA05F3C01851EBE37101F00045FC
:1003200007D54FF0000EDCF1000C7EEB00006EEB09
:100330000101B1F5801F1BD3B1F5001F0CD3490893
:100340005FEA30004FEA3C0C04F101044FEA4452EA
:1003500012F5800F80F09A80BCF1004F08BF5FEA71
:10036000500C50F1000041EB045141EA050130BD51
:100370005FEA4C0C404141EB0101013C28BFB1F563
:10038000801FE9D291F0000F04BF01460020B1FAAE
:1003900081F308BF2033A3F10B03B3F120020CDA81
:1003A0000C3208DD02F1140CC2F10C0201FA0CF05F
:1003B00021FA02F10CE002F11402D8BFC2F1200CC4
:1003C00001FA02F120FA0CFCDCBF41EA0C0190407A
:1003D000E41AA2BF01EB0451294330BD6FEA0404C3
:1003E0001F3C1CDA0C340EDC04F11404C4F12002AE
:1003F00020FA04F001FA02F340EA030021FA04F3C0
:1004000045EA030130BDC4F10C04C4F1200220FA16
:1004100002F001FA04F340EA0300294630BD21FA54
:1004200004F0294630BD94F0000F83F4801306BF1A
:1004300081F480110134013D4EE77FEA645C18BF0E
:100440007FEA655C29D094EA050F08BF90EA020FA5
:1004500005D054EA000C04BF1946104630BD91EA9D
:10046000030F1EBF0021002030BD5FEA545C05D1A0
:100470004000494128BF41F0004130BD14F58004DF
:100480003CBF01F5801130BD01F0004545F0FE4153
:1004900041F470014FF0000030BD7FEA645C1ABF88
:1004A000194610467FEA655C1CBF0B46024650EABF
:1004B000013406BF52EA033591EA030F41F40021EB
:1004C00030BD00BF90F0000F04BF0021704730B571
:1004D0004FF4806404F132044FF000054FF0000146
:1004E00050E700BF90F0000F04BF0021704730B507
:1004F0004FF4806404F1320410F0004548BF4042DC
:100500004FF000013EE700BF42004FEAE2014FEA30
:1005100031014FEA02701FBF12F07F4393F07F4F0B
:1005200081F06051704732F07F4208BF704793F00E
:100530007F4F04BF41F40021704730B54FF4607421
:1005400001F0004521F000411CE700BF50EA010224
:1005500008BF704730B54FF000050AE050EA0102CD
:1005600008BF704730B511F0004502D5404261EB3D
:1005700041014FF4806404F132045FEA915C3FF47E
:10058000D8AE4FF003025FEADC0C18BF03325FEA1B
:10059000DC0C18BF033202EBDC02C2F1200300FACC
:1005A00003FC20FA02F001FA03FE40EA0E0021FAF1
:1005B00002F11444BDE600BF53B94AB9002908BF8F
:1005C00000281CBF4FF0FF314FF0FF3000F0C0B9E2
:1005D000ADF1080C6DE904CE00F03EF8DDF804E062
:1005E000DDE9022304B0704708B502460B4643EC30
:1005F000172BB5EEC07BF1EE10FA03D4BDE808402E
:1006000000F00AB8B1EE477B51EC170B00F004F88C
:10061000404261EB410108BD9FED0B6B41EC170BB4
:100620009FED0B5B27EE066BBCEEC66BB8EE464B40
:10063000A4EE457BFCEEC77B16EE101A17EE900A6F
:10064000704700BFAFF30080000000000000F03DE5
:10065000000000000000F0412DE9F047089D0F4622
:1006600004468C46002B48D18A42164661D9B2FA1C
:1006700082F34BB1C3F1200201FA03FC20FA02F22B
:100680009E4042EA0C0C9C404FEA164EB7B2BCFBAF
:10069000FEF1220C0EFB11CC42EA0C4201FB07F0EA
:1006A000904209D9B21801F1FF3C80F0EE809042EF
:1006B00040F2EB8002393244121AA4B2B2FBFEF0CF
:1006C0000EFB102244EA024400FB07F7A74209D9B7
:1006D000341900F1FF3280F0DA80A74240F2D7806F
:1006E0003444023840EA0140E41B00211DB1DC40E3
:1006F0000023C5E90043BDE8F0878B4206D90DB160
:10070000C5E9000100210846BDE8F087B3FA83F18E
:10071000002948D1BB4202D3824200F20781841AE9
:1007200067EB030201209446002DE4D0C5E9004C9C
:10073000E1E7002A00F09280B2FA82F3002B40F049
:10074000A8808A1A4FEA164E1FFA86FC0121200C57
:10075000B2FBFEF70EFB172240EA02420CFB07F049
:10076000904207D9B21807F1FF3802D2904200F246
:10077000E2804746121AA4B2B2FBFEF00EFB102232
:1007800044EA02440CFB00FCA44507D9341900F1EB
:10079000FF3202D2A44500F2CB801046A4EB0C0439
:1007A00040EA0740A2E7C1F120068B4022FA06FC8E
:1007B0004CEA030C07FA01F420FA06F3F7404FEA7B
:1007C0001C49234300FA01F81FFA8CFEB7FBF9F02D
:1007D0001C0C09FB107744EA074400FB0EF7A74204
:1007E00002FA01F20AD91CEB040400F1FF3A80F08E
:1007F0009B80A74240F2988002386444E41B9FB279
:10080000B4FBF9F309FB134447EA044403FB0EFE6F
:10081000A64509D91CEB040403F1FF3780F0828060
:10082000A6457FD9023B644443EA0040A4EB0E0492
:10083000A0FB02E7BC427346B94663D360D05DB10A
:10084000B8EB030264EB090404FA06F622FA01F39A
:100850001E43CC40C5E9006400214CE7620848080B
:1008600042EAC1710B0C43EA00438AB242EA0342F6
:10087000B3FBF6F1E407B4463746B6461F23B0FB98
:10088000F6F0D21B41EA004161E7614614E71046E9
:1008900028E7C3F1200120FA01F29E4027FA01F176
:1008A0009F403A434FEA164E1FFA86FCB1FBFEF713
:1008B0000EFB1710110C41EA004107FB0CF88845AC
:1008C00004FA03F43AD9711807F1FF3001D28845D0
:1008D0001FD8A1EB0801B1FBFEF808FB0CF70EFBDB
:1008E000181192B242EA0142BA422FD2B21808F16C
:1008F000FF31C6D2BA42C4D2A8F102013244C0E7E5
:10090000F0459CD2BEEB020367EB0C070138B946F9
:1009100095E7A6EB08084144B81EB1FBFEF808FBBA
:100920000CF7DCE73B467FE7504667E70846FBE607
:100930003444023832E7023F32441BE7A1EB08019E
:100940003846B1FBFEF808FB0CF7C8E7414698E7CC
:10095000704700BF10F8012B11F8013B012A28BF96
:100960009A42F7D0D01A7047034613F8012B002A99
:10097000FBD1181A01387047000000000000000089
:1009800001F0FF01102A2BDB10F0070F08D010F840
:10099000013B013A8B422DD010F0070F42B3F6D144
:1009A000F0B441EA012141EA014122F007047FF05D
:1009B00000070023F0E80256083C85EA010586EAB4
:1009C000010685FA47F5A3FA87F586FA47F6A5FAF0
:1009D00087F68EB9EED1F0BC01F0FF0102F00702FC
:1009E00032B110F8013B013A83EA010313B1F8D1A7
:1009F0000020704701387047002D06BF3546033888
:100A0000073815F0010F07D1013015F4807F02BFC0
:100A1000013015F4C03F0130F0BC0138704700BF11
:100A20007BB972B90029BEBF00204FF0004106E03B
:100A300008BF00281CBF6FF000414FF0FF30FFF7E8
:100A400087BFADF1080C6DE904CE002909DB002B4E
:100A50001ADBFFF701FEDDF804E0DDE9022304B054
:100A60007047404261EB4101002B1BDBFFF7F4FDB7
:100A7000DDF804E0DDE9022304B0404261EB41010E
:100A8000524263EB43037047524263EB4303FFF769
:100A9000E3FDDDF804E0DDE9022304B0404261EB50
:100AA00041017047524263EB4303FFF7D5FDDDF888
:100AB00004E0DDE9022304B0524263EB43037047D4
:100AC00080B400AF064BD3F88830054A43F4700376
:100AD000C2F8883000BFBD465DF8047B704700BF98
:100AE00000ED00E080B582B000AF78607B68002B3D
:100AF00001D1012349E07B6893F83D30DBB2002B44
:100B000006D17B68002283F83C20786800F041F829
:100B10007B68022283F83D207B681A687B68043377
:100B20001946104600F0E8F97B68012283F8482056
:100B30007B68012283F83E207B68012283F83F20F6
:100B40007B68012283F840207B68012283F84120E2
:100B50007B68012283F842207B68012283F84320CE
:100B60007B68012283F844207B68012283F84520BA
:100B70007B68012283F846207B68012283F84720A6
:100B80007B68012283F83D20002318460837BD46C4
:100B900080BD80B483B000AF786000BF0C37BD4625
:100BA0005DF8047B7047000080B485B000AF7860CA
:100BB0007B6893F83D30DBB2012B01D0012354E078
:100BC0007B68022283F83D207B681B68DA687B68BB
:100BD0001B6842F00102DA607B681B68264A934278
:100BE00022D07B681B68B3F1804F1DD07B681B68E7
:100BF000224A934218D07B681B68214A934213D043
:100C00007B681B681F4A93420ED07B681B681E4A94
:100C1000934209D07B681B681C4A934204D07B68CE
:100C20001B681B4A934215D17B681B689A68194B55
:100C30001340FB60FB68062B15D0FB68B3F5803FC3
:100C400011D07B681B681A687B681B6842F0010240
:100C50001A6008E07B681B681A687B681B6842F0B2
:100C600001021A6000E000BF002318461437BD4699
:100C70005DF8047B704700BF0000014000040040A5
:100C800000080040000C004000040140004001400A
:100C9000001800400700010080B584B000AF786004
:100CA0007B681B68DB68FB607B681B681B69BB603B
:100CB000BB6803F00203002B20D0FB6803F00203A3
:100CC000002B1BD07B681B686FF002021A617B68E7
:100CD00001221A777B681B689B6903F00303002BD2
:100CE00003D0786800F0E9F805E0786800F0DBF8F8
:100CF000786800F0ECF87B6800221A77BB6803F094
:100D00000403002B20D0FB6803F00403002B1BD04E
:100D10007B681B686FF004021A617B6802221A77F5
:100D20007B681B689B6903F44073002B03D07868D1
:100D300000F0C3F805E0786800F0B5F8786800F0D6
:100D4000C6F87B6800221A77BB6803F00803002B03
:100D500020D0FB6803F00803002B1BD07B681B68C6
:100D60006FF008021A617B6804221A777B681B689F
:100D7000DB6903F00303002B03D0786800F09DF8D3
:100D800005E0786800F08FF8786800F0A0F87B68DC
:100D900000221A77BB6803F01003002B20D0FB68F9
:100DA00003F01003002B1BD07B681B686FF0100250
:100DB0001A617B6808221A777B681B68DB6903F479
:100DC0004073002B03D0786800F077F805E078686E
:100DD00000F069F8786800F07AF87B6800221A77EA
:100DE000BB6803F00103002B0CD0FB6803F0010388
:100DF000002B07D07B681B686FF001021A617868CE
:100E000017F07EFDBB6803F08003002B04D1BB68A4
:100E100003F40053002B0CD0FB6803F08003002B7D
:100E200007D07B681B686FF402521A61786800F083
:100E300013F9BB6803F48073002B0CD0FB6803F03C
:100E40008003002B07D07B681B686FF480721A61E7
:100E5000786800F00BF9BB6803F04003002B0CD05E
:100E6000FB6803F04003002B07D07B681B686FF022
:100E700040021A61786800F034F8BB6803F0200380
:100E8000002B0CD0FB6803F02003002B07D07B68FD
:100E90001B686FF020021A61786800F0D3F800BF79
:100EA0001037BD4680BD80B483B000AF786000BF0E
:100EB0000C37BD465DF8047B704780B483B000AF4B
:100EC000786000BF0C37BD465DF8047B704780B486
:100ED00083B000AF786000BF0C37BD465DF8047B7F
:100EE000704780B483B000AF786000BF0C37BD4658
:100EF0005DF8047B7047000080B485B000AF786077
:100F000039607B681B68FB607B68434A934213D05F
:100F10007B68B3F1804F0FD07B68404A93420BD07F
:100F20007B683F4A934207D07B683E4A934203D096
:100F30007B683D4A934208D1FB6823F07003FB6055
:100F40003B685B68FA681343FB607B68324A9342F4
:100F50002BD07B68B3F1804F27D07B682F4A934218
:100F600023D07B682E4A93421FD07B682D4A934240
:100F70001BD07B682C4A934217D07B682B4A934244
:100F800013D07B682A4A93420FD07B68294A934248
:100F90000BD07B68284A934207D07B68274A93424C
:100FA00003D07B68264A934208D1FB6823F4407340
:100FB000FB603B68DB68FA681343FB60FB6823F067
:100FC00080023B685B691343FB603B689A687B68FF
:100FD000DA623B681A687B689A627B680E4A9342C1
:100FE00003D07B68104A934203D13B681A697B683F
:100FF0001A637B681B6843F004027B681A607B6895
:1010000001225A617B68FA681A6000BF1437BD4636
:101010005DF8047B704700BF000001400004004001
:1010200000080040000C0040000401400040014066
:10103000004401400048014000180040001C0040EE
:101040000020004080B483B000AF786000BF0C3750
:10105000BD465DF8047B704780B483B000AF786014
:1010600000BF0C37BD465DF8047B704780B483B089
:1010700000AF786000BF0C37BD465DF8047B704759
:1010800080B586B000AF78600023FB757B68002BCD
:1010900001D101239BE27B681B6803F00103002B55
:1010A00000F08780964B9B6803F00C03042B0CD058
:1010B000934B9B6803F00C03082B12D1904B5B6899
:1010C00003F48003B3F5800F0BD18D4B1B6803F441
:1010D0000033002B6CD07B685B68002B68D1012348
:1010E00075E27B685B68B3F5803F06D1844B1B6873
:1010F000834A43F4803313602EE07B685B68002BE7
:101100000CD17F4B1B687E4A23F4803313607C4BE9
:101110001B687B4A23F4802313601DE07B685B68B7
:10112000B3F5A02F0CD1764B1B68754A43F480238E
:101130001360734B1B68724A43F4803313600BE0F7
:101140006F4B1B686E4A23F4803313606C4B1B6833
:101150006B4A23F4802313607B685B68002B13D0F9
:1011600002F064F8386108E002F060F802463B697A
:10117000D31A642B01D9032329E2614B1B6803F4C2
:101180000033002BF0D014E002F050F8386108E092
:1011900002F04CF802463B69D31A642B01D90323B1
:1011A00015E2574B1B6803F40033002BF0D100E02D
:1011B00000BF7B681B6803F00203002B69D0504B13
:1011C0009B6803F00C03002B0BD04D4B9B6803F086
:1011D0000C03082B1CD14A4B5B6803F48003002BE3
:1011E00016D1474B1B6803F00203002B05D07B6828
:1011F000DB68012B01D00123E9E1414B1B6823F09F
:10120000F8027B681B69DB003D4913430B6040E03B
:101210007B68DB68002B23D0394B1B68384A43F0CE
:101220000103136002F002F8386108E001F0FEFFEC
:1012300002463B69D31A022B01D90323C7E1304B85
:101240001B6803F00203002BF0D02D4B1B6823F02A
:10125000F8027B681B69DB00294913430B6018E027
:10126000274B1B68264A23F00103136001F0DEFFC1
:10127000386108E001F0DAFF02463B69D31A022B1D
:1012800001D90323A3E11E4B1B6803F00203002BCB
:10129000F0D17B681B6803F00803002B38D07B6813
:1012A0005B69002B19D0164B5B6F154A43F00103A5
:1012B000536701F0BBFF386108E001F0B7FF024659
:1012C0003B69D31A022B01D9032380E10C4B5B6FDE
:1012D00003F00203002BF0D01AE0094B5B6F084AC1
:1012E00023F00103536701F0A1FF38610AE001F028
:1012F0009DFF02463B69D31A022B03D9032366E103
:1013000000380240924B5B6F03F00203002BEED1DA
:101310007B681B6803F00403002B00F0A4808C4B57
:101320001B6C03F08053002B0DD1894B1B6C884A3A
:1013300043F080531364864B1B6C03F08053BB60F7
:10134000BB680123FB75834B1B6803F48073002B80
:1013500018D1804B1B687F4A43F48073136001F0FF
:1013600065FF386108E001F061FF02463B69D31A6E
:10137000642B01D903232AE1764B1B6803F48073A5
:10138000002BF0D07B689B68012B06D1704B1B6F44
:101390006F4A43F0010313672DE07B689B68002BC5
:1013A0000CD16B4B1B6F6A4A23F001031367684B28
:1013B0001B6F674A23F0040313671CE07B689B687C
:1013C000052B0CD1624B1B6F614A43F0040313677A
:1013D0005F4B1B6F5E4A43F0010313670BE05C4BEE
:1013E0001B6F5B4A23F001031367594B1B6F584A6D
:1013F00023F0040313677B689B68002B15D001F072
:1014000015FF38610AE001F011FF02463B69D31A6B
:1014100041F28832934201D90323D8E04C4B1B6F31
:1014200003F00203002BEED014E001F0FFFE386160
:101430000AE001F0FBFE02463B69D31A41F2883212
:10144000934201D90323C2E0414B1B6F03F0020317
:10145000002BEED1FB7D012B05D13D4B1B6C3C4A93
:1014600023F0805313647B689B69002B00F0AE80EF
:10147000374B9B6803F00C03082B6DD07B689B698E
:10148000022B4BD1324B1B68314A23F0807313601F
:1014900001F0CCFE386108E001F0C8FE02463B696D
:1014A000D31A022B01D9032391E0294B1B6803F0C7
:1014B0000073002BF0D17B68DA697B681B6A1A43E2
:1014C0007B685B6A9B011A437B689B6A5B08013BF4
:1014D0001B041A437B68DB6A1B061A437B681B6B81
:1014E0001B071B4913434B60194B1B68184A43F0F9
:1014F0008073136001F09AFE386108E001F096FEF7
:1015000002463B69D31A022B01D903235FE0104B3B
:101510001B6803F00073002BF0D057E00C4B1B68E6
:101520000B4A23F08073136001F080FE386108E0FD
:1015300001F07CFE02463B69D31A022B01D903233A
:1015400045E0034B1B6803F00073002BF0D13DE036
:1015500000380240007000401F4B5B68FB607B68F6
:101560009B69012B30D0FB6803F480027B68DB6948
:101570009A4229D1FB6803F03F027B681B6A9A42BA
:1015800022D1FA6847F6C07313407A68526A920112
:10159000934219D1FB6803F440327B689B6A5B0875
:1015A000013B1B049A420FD1FB6803F070627B6819
:1015B000DB6A1B069A4207D1FB6803F0E0427B68B6
:1015C0001B6B1B079A4201D0012300E00023184641
:1015D0001837BD4680BD00BF0038024080B584B0DA
:1015E00000AF786039600023FB607B68002B01D17D
:1015F0000123D0E06A4B1B6803F00F033A689A425C
:1016000010D9674B1B6823F00F0265493B681343F1
:101610000B60634B1B6803F00F033A689A4201D0DA
:101620000123B8E07B681B6803F00203002B20D085
:101630007B681B6803F00403002B05D0594B9B68A3
:10164000584A43F4E05393607B681B6803F0080337
:10165000002B05D0534B9B68524A43F46043936080
:10166000504B9B6823F0F0027B689B684D49134305
:101670008B607B681B6803F00103002B40D07B6804
:101680005B68012B07D1474B1B6803F40033002B29
:1016900015D101237FE07B685B68022B07D1414BAA
:1016A0001B6803F00073002B09D1012373E03D4B4D
:1016B0001B6803F00203002B01D101236BE0394BBF
:1016C0009B6823F003027B685B68364913438B6099
:1016D00001F0ACFDF8600AE001F0A8FD0246FB68ED
:1016E000D31A41F28832934201D9032353E02D4BA0
:1016F0009B6803F00C027B685B689B009A42EBD10D
:10170000274B1B6803F00F033A689A4210D2244B10
:101710001B6823F00F0222493B6813430B60204BE8
:101720001B6803F00F033A689A4201D0012332E0AC
:101730007B681B6803F00403002B08D0194B9B68DF
:1017400023F4E0527B68DB68164913438B607B68A7
:101750001B6803F00803002B09D0124B9B6823F48D
:1017600060427B681B69DB000E4913438B6000F00D
:1017700021F802460B4B9B681B0903F00F030A4933
:10178000CB5C22FA03F3094A1360094B1B68184625
:1017900018F0E0FC002318461037BD4680BD00BF9E
:1017A000003C024000380240E8E902080000022044
:1017B000040002202DE9B04F90B000AF00237B63FE
:1017C0000023FB6300233B630023BB63584B9B68F0
:1017D00003F00C03082B0DD0082B00F2A080002B87
:1017E00002D0042B03D09AE0524BBB639AE0524BD9
:1017F000BB6397E04E4B5B6803F03F037B634C4B4E
:101800005B6803F48003002B27D0494B5B689B097E
:1018100000223B627A623B6AC3F308000021464B18
:1018200003FB01F2002300FB03F31344424AA0FB35
:101830000221F962BA62FA6A1344FB627B6B0022EE
:10184000BB61FA61D7E90623D7E90A01FEF7B4FEC6
:1018500002460B461346FB6353E0354B5B689B091E
:1018600000223B617A613B69C3F3080A4FF0000B29
:1018700052465B464FF000004FF00001590141EA2B
:10188000D261500102460B46B2EB0A0863EB0B092A
:101890004FF000024FF000034FEA891343EA9863C8
:1018A0004FEA8812B2EB080463EB09054FF000021F
:1018B0004FF00003EB0043EA5473E20014461D4668
:1018C00014EB0A033B6045EB0B037B604FF0000217
:1018D0004FF00003D7E9004529468B02214643EA31
:1018E000915321468A02104619467B6B0022BB6049
:1018F000FA60D7E90223FEF75FFE02460B46134665
:10190000FB630B4B5B681B0C03F0030301335B00B1
:101910003B63FA6B3B6BB2FBF3F3BB6302E0054B3B
:10192000BB6300BFBB6B18464037BD46BDE8B08FF8
:10193000003802400024F40040787D0180B400AFFC
:10194000034B1B681846BD465DF8047B704700BF1B
:101950000000022080B500AFFFF7F0FF0246054B04
:101960009B689B0A03F007030349CB5C22FA03F34D
:10197000184680BD00380240F8E9020880B500AF83
:10198000FFF7DCFF0246054B9B685B0B03F0070388
:101990000349CB5C22FA03F3184680BD00380240AD
:1019A000F8E9020880B483B000AF786039607B68E2
:1019B0000F221A60124B9B6803F003027B685A6087
:1019C0000F4B9B6803F0F0027B689A600C4B9B689E
:1019D00003F4E0527B68DA60094B9B68DB0803F490
:1019E000E0527B681A61074B1B6803F00F023B68EB
:1019F0001A6000BF0C37BD465DF8047B704700BF1E
:101A000000380240003C024080B588B000AF7860EA
:101A100000237B6100233B610023FB600023FB610B
:101A20000023BB617B681B6803F00103002B12D00D
:101A3000694B9B68684A23F400039360664B9A687D
:101A40007B685B6B644913438B607B685B6B002B2B
:101A500001D10123FB617B681B6803F40023002B89
:101A600017D05D4BD3F88C3023F440127B68DB6BCE
:101A700059491343C1F88C307B68DB6BB3F5801F89
:101A800001D10123FB617B68DB6B002B01D10123BA
:101A9000BB617B681B6803F48013002B17D04E4B8F
:101AA000D3F88C3023F440027B681B6C4A49134303
:101AB000C1F88C307B681B6CB3F5800F01D101231A
:101AC000FB617B681B6C002B01D10123BB617B6830
:101AD0001B6803F08073002B01D00123FB617B683E
:101AE0001B6803F02003002B00F08B803A4B1B6C2B
:101AF000394A43F080531364374B1B6C03F0805317
:101B0000BB60BB68354B1B68344A43F48073136079
:101B100001F08CFB786108E001F088FB02467B69EC
:101B2000D31A642B01D903238FE32C4B1B6803F4D6
:101B30008073002BF0D0284B1B6F03F440733B6184
:101B40003B69002B35D07B681B6B03F440733A690B
:101B50009A422ED0204B1B6F23F440733B611E4BE7
:101B60001B6F1D4A43F4803313671B4B1B6F1A4ACC
:101B700023F480331367184A3B691367164B1B6FB6
:101B800003F00103012B14D101F050FB78610AE04E
:101B900001F04CFB02467B69D31A41F28832934232
:101BA00001D9032351E30C4B1B6F03F00203002BFD
:101BB000EED07B681B6B03F44073B3F5407F11D10B
:101BC000054B9B6823F4F8127B68196B044B0B40A0
:101BD000014913438B600BE0003802400070004065
:101BE000FFFCFF0FAC4B9B68AB4A23F4F8139360E8
:101BF000A94B1A6F7B681B6BC3F30B03A6491343F6
:101C00000B677B681B6803F01003002B10D0A24BFE
:101C1000D3F88C30A04A23F08073C2F88C309E4BEE
:101C2000D3F88C207B689B6B9B491343C1F88C30A5
:101C30007B681B6803F48043002B0AD0964BD3F8D3
:101C4000903023F440327B685B6E93491343C1F8B4
:101C500090307B681B6803F40043002B0AD08E4B46
:101C6000D3F8903023F440227B689B6E8A4913435B
:101C7000C1F890307B681B6803F48033002B0AD0D6
:101C8000854BD3F8903023F440127B68DB6E824999
:101C90001343C1F890307B681B6803F40033002BBA
:101CA0000AD07D4BD3F8903023F440027B681B6F41
:101CB00079491343C1F890307B681B6803F04003F7
:101CC000002B0AD0744BD3F8903023F003027B68CA
:101CD0005B6C71491343C1F890307B681B6803F05B
:101CE0008003002B0AD06C4BD3F8903023F00C0209
:101CF0007B689B6C68491343C1F890307B681B6814
:101D000003F48073002B0AD0634BD3F8903023F098
:101D100030027B68DB6C60491343C1F890307B680C
:101D20001B6803F40073002B0AD05B4BD3F8903090
:101D300023F0C0027B681B6D57491343C1F89030F4
:101D40007B681B6803F48063002B0AD0524BD3F8E6
:101D5000903023F440727B685B6D4F491343C1F8A8
:101D600090307B681B6803F40063002B0AD04A4B59
:101D7000D3F8903023F440627B689B6D464913434F
:101D8000C1F890307B681B6803F48053002B0AD0A5
:101D9000414BD3F8903023F440527B68DB6D3E49D1
:101DA0001343C1F890307B681B6803F40053002B89
:101DB0000AD0394BD3F8903023F440427B681B6E35
:101DC00035491343C1F890307B681B6803F48003E6
:101DD000002B0AD0304BD3F8903023F080627B6820
:101DE0009B6F2D491343C1F890307B681B6803F447
:101DF0000013002B11D0284BD3F8903023F0006251
:101E00007B68DB6F24491343C1F890307B68DB6F3C
:101E1000B3F1006F01D10123BB617B681B6803F044
:101E20000803002B01D00123BB617B681B6803F40E
:101E30008023002B0AD0184BD3F8903023F0407247
:101E40007B685B6F14491343C1F890307B681B6853
:101E500003F40003002B0BD00F4BD3F8903023F08A
:101E600080527B68D3F880300B491343C1F890301F
:101E70007B681B6803F08063002B0FD0064BD3F800
:101E8000903023F000527B68D3F88430024913432A
:101E9000C1F8903002E000BF003802407B681B6848
:101EA00003F00063002B0BD08A4BD3F88C3023F067
:101EB00000727B68D3F8883086491343C1F88C30B0
:101EC0007B681B6803F08053002B0BD0814BD3F849
:101ED0008C3023F080627B68D3F88C307D491343CB
:101EE000C1F88C30FB69012B06D07B681B6803F0BE
:101EF0000073002B00F0D680764B1B68754A23F0E8
:101F00008063136001F092F9786108E001F08EF9C6
:101F100002467B69D31A642B01D9032395E16D4BEB
:101F20001B6803F00063002BF0D17B681B6803F093
:101F30000103002B21D07B685B6B002B1DD1654B0F
:101F4000D3F884301B0C03F003033B61614BD3F8DF
:101F500084301B0E03F00F03FB607B685B689A0103
:101F60003B691B041A43FB681B061A437B689B688A
:101F70001B0758491343C1F884307B681B6803F47E
:101F80000023002B04D07B68DB6BB3F5801F0AD0E5
:101F90007B681B6803F48013002B2ED07B681B6CBE
:101FA000B3F5800F29D14B4BD3F884301B0C03F0D1
:101FB00003033B61474BD3F884301B0F03F0070347
:101FC000FB607B685B689A013B691B041A437B6872
:101FD000DB681B061A43FB681B073E491343C1F825
:101FE00084303C4BD3F88C3023F01F027B685B6A53
:101FF000013B38491343C1F88C307B681B6803F000
:102000008073002B1DD0334BD3F884301B0E03F0AC
:102010000F033B612F4BD3F884301B0F03F00703F2
:10202000FB607B685B689A017B681B691B041A4331
:102030003B691B061A43FB681B0726491343C1F87B
:1020400084307B681B6803F00073002B11D07B6821
:102050005B689A017B681B691B041A437B68DB6819
:102060001B061A437B689B681B071A491343C1F878
:102070008430184B1B68174A43F08063136001F0EB
:10208000D5F8786108E001F0D1F802467B69D31AEF
:10209000642B01D90323D8E00E4B1B6803F00063C7
:1020A000002BF0D0BB69012B40F0CE80094B1B68A0
:1020B000084A23F08053136001F0B8F878610BE010
:1020C00001F0B4F802467B69D31A642B04D90323C8
:1020D000BBE000BF003802405E4B1B6803F00053BA
:1020E000B3F1005FECD07B681B6803F40023002B86
:1020F00003D07B68DB6B002B09D07B681B6803F483
:102100008013002B2ED07B681B6C002B2AD1514BE7
:10211000D3F888301B0C03F003033B614D4BD3F81D
:1021200088301B0F03F00703FB607B685B699A0133
:102130003B691B041A437B689B691B061A43FB68B7
:102140001B0744491343C1F88830424BD3F88C3005
:1021500023F4F8527B689B6A013B1B023D49134301
:10216000C1F88C307B681B6803F40013002B22D06D
:102170007B68DB6FB3F1006F1DD1364BD3F888302D
:102180001B0E03F00F033B61324BD3F888301B0F5B
:1021900003F00703FB607B685B699A017B681B6A3D
:1021A0001B041A433B691B061A43FB681B0729499A
:1021B0001343C1F888307B681B6803F00803002BC9
:1021C00028D0244BD3F888301B0E03F00F033B615B
:1021D000204BD3F888301B0C03F00303FB607B68B3
:1021E0005B699A01FB681B041A433B691B061A438F
:1021F0007B68DB691B0717491343C1F88830154B0F
:10220000D3F88C3023F440327B68DB6A11491343E6
:10221000C1F88C300F4B1B680E4A43F0805313609B
:1022200001F004F8786108E001F000F802467B69EB
:10223000D31A642B01D9032307E0064B1B6803F074
:102240000053B3F1005FEFD1002318462037BD469D
:1022500080BD00BF0038024080B489B000AF786014
:1022600039600023FB6100237B6100233B61002375
:10227000BB610023FB6175E10122FB6902FA03F3F4
:102280007B613B681B687A6913403B613A697B69F3
:102290009A4240F064813B685B6803F00303012BC2
:1022A00005D03B685B6803F00303022B30D17B68E9
:1022B0009B68BB61FB695B00032202FA03F3DB430B
:1022C000BA691340BB613B68DA68FB695B0002FADC
:1022D00003F3BA691343BB617B68BA699A607B6890
:1022E0005B68BB610122FB6902FA03F3DB43BA6955
:1022F0001340BB613B685B681B0903F00102FB698B
:1023000002FA03F3BA691343BB617B68BA695A6086
:102310003B685B6803F00303032B17D07B68DB6823
:10232000BB61FB695B00032202FA03F3DB43BA697A
:102330001340BB613B689A68FB695B0002FA03F3D8
:10234000BA691343BB617B68BA69DA603B685B6852
:1023500003F00303022B23D1FB69DA087B68083200
:1023600053F82230BB61FB6903F007039B000F2287
:1023700002FA03F3DB43BA691340BB613B681A6995
:10238000FB6903F007039B0002FA03F3BA691343E6
:10239000BB61FB69DA087B680832B96943F822102F
:1023A0007B681B68BB61FB695B00032202FA03F3D5
:1023B000DB43BA691340BB613B685B6803F003020F
:1023C000FB695B0002FA03F3BA691343BB617B68E4
:1023D000BA691A603B685B6803F44033002B00F075
:1023E000BE80664B5B6C654A43F480435364634B29
:1023F0005B6C03F48043FB60FB68614AFB699B08EC
:10240000023352F82330BB61FB6903F003039B00E6
:102410000F2202FA03F3DB43BA691340BB617B6806
:10242000584A934237D07B68574A934231D07B68F1
:10243000564A93422BD07B68554A934225D07B68FD
:10244000544A93421FD07B68534A934219D07B6809
:10245000524A934213D07B68514A93420DD07B6815
:10246000504A934207D07B684F4A934201D10923D7
:1024700012E00A2310E008230EE007230CE00623F5
:102480000AE0052308E0042306E0032304E0022316
:1024900002E0012300E00023FA6902F00302920047
:1024A0009340BA691343BB613549FB699B0802330A
:1024B000BA6941F823203D4B9B68BB613B69DB4314
:1024C000BA691340BB613B685B6803F48013002B5F
:1024D00003D0BA693B691343BB61344ABB6993605B
:1024E000324BDB68BB613B69DB43BA691340BB61BC
:1024F0003B685B6803F40013002B03D0BA693B69A7
:102500001343BB61294ABB69D360284B5B68BB613D
:102510003B69DB43BA691340BB613B685B6803F40A
:102520000033002B03D0BA693B691343BB611F4AD8
:10253000BB6953601D4B1B68BB613B69DB43BA69D8
:102540001340BB613B685B6803F48033002B03D00E
:10255000BA693B691343BB61144ABB691360FB69E9
:102560000133FB61FB690F2B7FF686AE00BF00BF16
:102570002437BD465DF8047B704700BF0038024039
:102580000038014000000240000402400008024000
:10259000000C0240001002400014024000180240EB
:1025A000001C02400020024000240240003C014088
:1025B00080B483B000AF78600B467B8013467B709D
:1025C0007B78002B03D07A887B689A6103E07B8854
:1025D0001A047B689A6100BF0C37BD465DF8047B26
:1025E000704780B485B000AF78600B467B807B6815
:1025F0005B69FB607A88FB6813401A04FB68D94367
:102600007B880B401A437B689A6100BF1437BD4634
:102610005DF8047B7047000080B586B000AF78603D
:1026200000237B6100F002FE38617B68002B01D142
:10263000012399E07B68022283F835207B68002221
:1026400083F834207B681B681A687B681B6822F05B
:1026500001021A600FE000F0E9FD02463B69D31A5F
:10266000052B08D97B6820225A657B68032283F8F2
:102670003520032378E07B681B681B6803F00103A7
:10268000002BE8D17B681B681B687B617A69384B3B
:1026900013407B617B685A687B689B681A437B6840
:1026A000DB681A437B681B691A437B685B691A43C2
:1026B0007B689B691A437B68DB691A437B681B6AEA
:1026C00013437A6913437B617B685B6A042B07D1F0
:1026D0007B68DA6A7B681B6B13437A6913437B61FF
:1026E0007B681B687A691A607B681B685B697B6121
:1026F0007B6923F007037B617B685B6A7A6913431C
:102700007B617B685B6A042B17D17B689B6A7A6963
:1027100013437B617B68DB6A002B0ED0786800F086
:1027200009FB0346002B08D07B6840225A657B6872
:10273000002283F83520012316E07B681B687A6944
:102740005A61786800F0C0FA0346FB607B68DB6D75
:102750003F229A40FB689A607B6800225A657B683A
:10276000012283F83520002318461837BD4680BD66
:102770003F8010E080B586B000AFF860B9607A6045
:102780003B600023FB75FB689B6D3B61FB6893F826
:102790003430012B01D1022348E0FB68012283F889
:1027A0003420FB6893F83530DBB2012B37D1FB685E
:1027B000022283F83520FB6800225A653B687A685C
:1027C000B968F86800F052FAFB68DB6D3F229A4066
:1027D0003B699A60FB681B681A68FB681B6842F0DB
:1027E00016021A60FB681B685A69FB681B6842F096
:1027F00080025A61FB681B6C002B07D0FB681B68CA
:102800001A68FB681B6842F008021A60FB681B68C4
:102810001A68FB681B6842F001021A6005E0FB6859
:10282000002283F834200223FB75FB7D18461837FD
:10283000BD4680BD80B584B000AF78607B689B6D7D
:10284000FB6000F0F3FCB8607B6893F83530DBB2D6
:10285000022B08D07B6880225A657B68002283F8AF
:102860003420012352E07B681B681A687B681B6870
:1028700022F016021A607B681B685A697B681B6825
:1028800022F080025A617B681B6C002B03D17B68AD
:102890009B6C002B07D07B681B681A687B681B68E1
:1028A00022F008021A607B681B681A687B681B6844
:1028B00022F001021A6013E000F0B8FC0246BB6887
:1028C000D31A052B0CD97B6820225A657B6803221A
:1028D00083F835207B68002283F83420032315E039
:1028E0007B681B681B6803F00103002BE4D17B6845
:1028F000DB6D3F229A40FB689A607B68012283F877
:1029000035207B68002283F83420002318461037D6
:10291000BD4680BD80B483B000AF78607B6893F81B
:102920003530DBB2022B04D07B6880225A6501234C
:102930000CE07B68052283F835207B681B681A68E9
:102940007B681B6822F001021A60002318460C37CE
:10295000BD465DF8047B704780B586B000AF7860F7
:102960000023BB608E4B1B688E4AA2FB03239B0A8D
:102970007B617B689B6D3B613B691B68FB607B688F
:10298000DB6D08229A40FB681340002B1AD07B684D
:102990001B681B6803F00403002B13D07B681B68C3
:1029A0001A687B681B6822F004021A607B68DB6D82
:1029B00008229A403B699A607B685B6D43F0010294
:1029C0007B685A657B68DB6D01229A40FB68134087
:1029D000002B12D07B681B685B6903F08003002B1F
:1029E0000BD07B68DB6D01229A403B699A607B6863
:1029F0005B6D43F002027B685A657B68DB6D0422E5
:102A00009A40FB681340002B12D07B681B681B6840
:102A100003F00203002B0BD07B68DB6D04229A408D
:102A20003B699A607B685B6D43F004027B685A6582
:102A30007B68DB6D10229A40FB681340002B43D06B
:102A40007B681B681B6803F00803002B3CD07B6885
:102A5000DB6D10229A403B699A607B681B681B689B
:102A600003F48023002B18D07B681B681B6803F4D9
:102A70000023002B08D17B681B6C002B24D07B68C3
:102A80001B6C786898471FE07B689B6C002B1BD001
:102A90007B689B6C7868984716E07B681B681B68AE
:102AA00003F48073002B07D17B681B681A687B686E
:102AB0001B6822F008021A607B681B6C002B03D095
:102AC0007B681B6C786898477B68DB6D20229A4096
:102AD000FB681340002B00F08F807B681B681B682D
:102AE00003F01003002B00F087807B68DB6D202251
:102AF0009A403B699A607B6893F83530DBB2052BCE
:102B000036D17B681B681A687B681B6822F0160246
:102B10001A607B681B685A697B681B6822F0800218
:102B20005A617B681B6C002B03D17B689B6C002B6C
:102B300007D07B681B681A687B681B6822F0080254
:102B40001A607B68DB6D3F229A403B699A607B6824
:102B5000012283F835207B68002283F834207B68CB
:102B60001B6D002B7ED07B681B6D7868984779E0E1
:102B70007B681B681B6803F48023002B1DD07B68D7
:102B80001B681B6803F40023002B0DD17B685B6C72
:102B9000002B31D07B685B6C786898472CE000BFD5
:102BA00000000220B5814E1B7B68DB6B002B23D01D
:102BB0007B68DB6B786898471EE07B681B681B6846
:102BC00003F48073002B0FD17B681B681A687B6845
:102BD0001B6822F010021A607B68012283F83520FE
:102BE0007B68002283F834207B68DB6B002B03D0EA
:102BF0007B68DB6B786898477B685B6D002B32D015
:102C00007B685B6D03F00103002B22D07B680522FB
:102C100083F835207B681B681A687B681B6822F084
:102C200001021A60BB680133BB607A699A4207D31C
:102C30007B681B681B6803F00103002BF2D100E0E6
:102C400000BF7B68012283F835207B68002283F86F
:102C500034207B68DB6C002B05D07B68DB6C7868EC
:102C6000984700E000BF1837BD4680BD80B485B0EE
:102C700000AFF860B9607A603B60FB681B681A6857
:102C8000FB681B6822F480221A60FB681B683A68A4
:102C90005A60FB689B68402B08D1FB681B687A6808
:102CA0009A60FB681B68BA68DA6007E0FB681B681B
:102CB000BA689A60FB681B687A68DA6000BF1437EC
:102CC000BD465DF8047B704780B485B000AF786086
:102CD0007B681B68DBB2103B134AA2FB03231B0972
:102CE000FB60124AFB6813441B781A467B68DA655E
:102CF000FB68032B08D97B681B681A460C4B1340F2
:102D00001A1D7B689A6506E07B681B681A46084BAB
:102D100013407A6893657B689B6D18461437BD46EF
:102D20005DF8047B704700BFABAAAAAA00EA0208BC
:102D300000FCFFFF80B485B000AF78600023FB7318
:102D40007B689B6ABB607B689B69002B1FD1BB685B
:102D5000032B56D801A252F823F000BF6D2D0008B6
:102D60007F2D00086D2D0008032E00087B68DB6AAC
:102D700003F08073002B46D00123FB7343E07B6894
:102D8000DB6AB3F1C07F40D10123FB733DE07B6878
:102D90009B69B3F5005F21D1BB68032B37D801A233
:102DA00052F823F0B52D0008BB2D0008B52D000802
:102DB000CD2D00080123FB7330E07B68DB6A03F054
:102DC0008073002B25D00123FB7322E07B68DB6A34
:102DD000B3F1C07F1FD10123FB731CE0BB68022B42
:102DE00003D9BB68032B03D018E00123FB7315E064
:102DF0007B68DB6A03F08073002B0ED00123FB732A
:102E00000BE000BF0AE000BF08E000BF06E000BF23
:102E100004E000BF02E000BF00E000BFFB7B1846FB
:102E20001437BD465DF8047B704700BF80B400AF27
:102E3000054B1B68044A43F48073136000BFBD4612
:102E40005DF8047B704700BF0070004080B582B021
:102E500000AF00237B60234B1B6C224A43F080535E
:102E60001364204B1B6C03F080533B603B681E4B8C
:102E70001B681D4A43F48033136000F0D7F9786073
:102E800009E000F0D3F902467B68D31AB3F57A7FE4
:102E900001D9032322E0144B5B6803F48033B3F5BC
:102EA000803FEED1104B1B680F4A43F40033136090
:102EB00000F0BCF9786009E000F0B8F902467B68E0
:102EC000D31AB3F57A7F01D9032307E0064B5B6879
:102ED00003F40033B3F5003FEED100231846083762
:102EE000BD4680BD003802400070004080B485B00F
:102EF00000AF78607B6803F00703FB600B4BDB6877
:102F0000BB60BA684FF6FF031340BB60FB681A0250
:102F1000BB681A43064B1343BB60044ABB68D360CB
:102F200000BF1437BD465DF8047B704700ED00E03C
:102F30000000FA0580B400AF044BDB681B0A03F005
:102F400007031846BD465DF8047B704700ED00E0BE
:102F500080B483B000AF0346FB7197F90730002BB4
:102F60000BDBFB7903F01F02074997F907305B0978
:102F7000012000FA02F241F8232000BF0C37BD46C1
:102F80005DF8047B704700BF00E100E080B483B0CF
:102F900000AF03463960FB7197F90730002B0ADB5D
:102FA0003B68DAB20C4997F907301201D2B20B44F0
:102FB00083F800230AE03B68DAB20849FB7903F0A2
:102FC0000F03043B1201D2B20B441A7600BF0C3738
:102FD000BD465DF8047B704700E100E000ED00E0D5
:102FE00080B489B000AFF860B9607A60FB6803F024
:102FF0000703FB61FB69C3F10703042B28BF04230C
:10300000BB61FB690433062B02D9FB69033B00E07B
:1030100000237B614FF0FF32BB6902FA03F3DA430E
:10302000BB681A407B699A404FF0FF317B6901FA17
:1030300003F3D9437B680B40134318462437BD463E
:103040005DF8047B7047000080B400AFBFF34F8F82
:1030500000BF064BDB6803F4E0620449044B1343F2
:10306000CB60BFF34F8F00BF00BFFDE700ED00E076
:103070000400FA0580B582B000AF78607868FFF789
:1030800035FF00BF0837BD4680BD80B586B000AFB4
:103090000346B9607A60FB7300237B61FFF74AFF48
:1030A00078617A68B9687869FFF79AFF024697F9FC
:1030B0000F3011461846FFF769FF00BF1837BD46AD
:1030C00080BD80B582B000AF0346FB7197F9073031
:1030D0001846FFF73DFF00BF0837BD4680BD80B5ED
:1030E00000AFFFF7B1FF000080B400AFBFF35F8F08
:1030F00000BF074B5B6A064A23F480335362054BDB
:1031000000225A6000BFBD465DF8047B704700BFD7
:1031100000ED00E090ED00E080B483B000AF786097
:103120000B4A7B6843F0010353600A4B5B6A094A10
:1031300043F480335362BFF34F8F00BFBFF36F8FF1
:1031400000BF00BF0C37BD465DF8047B704700BF71
:1031500090ED00E000ED00E080B483B000AF786057
:103160007B685A781B4B9A601A4B1B69194A23F0EB
:1031700001031361174A7B685B68D3607B681B7B24
:103180001A077B68DB7A1B061A437B689B7ADB0491
:103190001A437B685B7B9B041A437B689B7B5B04C5
:1031A0001A437B68DB7B1B041A437B685B7A1B0238
:1031B0001A437B681B7A5B0013437A6812781146C6
:1031C000044A0B43136100BF0C37BD465DF8047B16
:1031D000704700BF90ED00E080B500AF084B1B6862
:1031E000074A43F4007313600320FFF743FF0F20E7
:1031F00016F0B0FF16F086FF0023184680BD00BF12
:10320000003C024080B400AF064B1B781A46064BC8
:103210001B681344044A136000BFBD465DF8047B7D
:10322000704700BF08000220EC09022080B400AF04
:10323000034B1B681846BD465DF8047B704700BF12
:10324000EC09022080B584B000AF7860FFF7EEFF94
:10325000B8607B68FB60FB68B3F1FF3F05D00A4BA9
:103260001B781A46FB681344FB6000BFFFF7DEFFC4
:103270000246BB68D31AFA689A42F7D800BF00BF6B
:103280001037BD4680BD00BF0800022080B400AFEB
:10329000034B1B681B0C1846BD465DF8047B70474A
:1032A000002004E080B584B000AF78607B68002B1C
:1032B00001D1012386E07B68D3F88430002B06D14E
:1032C0007B682022C3F88420786814F08FFE3F4B7F
:1032D0005B6C3E4A43F4804353643C4B5B6C03F4A9
:1032E0008043BB60BB683A4B5B68394A23F40003F8
:1032F0005360374B5A687B689B68354913434B6072
:10330000334B5B687B681B6803F580531B687A68E6
:10331000126843F0010302F580521360FFF786FF45
:10332000F86011E0FFF782FF0246FB68D31AB3F59D
:10333000FA7F09D97B680422C3F888207B68E022E1
:10334000C3F8842001233DE07B681B6803F58053AC
:103350001B6803F00103002BE4D1786800F05CFFE8
:10336000786801F007F8786801F05DF87B685B68C1
:103370001A460021786800F0C5FF7B681B68DA6B8D
:103380007B681B6842F40272DA637B681B68D3F8BF
:103390000C117B681A680F4B0B43C2F80C317B6829
:1033A0001B68D3F810217B681B6842F40312C3F832
:1033B00010217B680022C3F888207B681022C3F8A4
:1033C0008420002318461037BD4680BD00380240D7
:1033D000003801406000020080B584B000AF786022
:1033E0007B68D3F88430102B5FD17B682022C3F830
:1033F00084207B6801229A657B680422DA667868FB
:1034000000F0F6F97B681B681B68FB600120FFF782
:1034100019FF7B681B68FA681A607B681B6803F5F4
:1034200080539B697A68126843F4005302F5805216
:1034300093617B681B6803F580539B697A68126807
:1034400043F0020302F580529361786800F080FD3A
:103450007B681B681A687B681B6842F008021A6068
:103460007B681B681B68FB600120FFF7EBFE7B6835
:103470001B68FA681A607B681B681A687B681B689F
:1034800042F004021A607B681B6803F58053D96917
:103490007B681A68074B0B4302F58052D3617B6847
:1034A0004022C3F88420002300E00123184610378F
:1034B000BD4680BDC1A0010080B586B000AF786078
:1034C0007B68D3F88430402B6ED17B682022C3F810
:1034D00084207B681B6803F58053D9697B681A6870
:1034E000344B0B4002F58052D3617B681B6803F5B7
:1034F00080539B697A68126823F4005302F5805266
:1035000093617B681B6803F580539B697A68126836
:1035100023F0020302F5805293617B681B681A68EE
:103520007B681B6822F004021A607B681B681B68BA
:103530003B610120FFF786FE7B681B683A691A60D1
:10354000786800F005FD7B681B681A687B681B685B
:1035500022F008021A607B681B681B683B6101202F
:10356000FFF770FE7B681B683A691A6000237B6175
:103570000EE07B687A69123253F82230FB60FB68F8
:103580005B6843F00042FB685A607B6901337B61F2
:103590007B69032BEDD97B6800229A657B6810223A
:1035A000C3F88420002300E0012318461837BD46E5
:1035B00080BD00BF3E5FFEFF80B582B000AF786087
:1035C00039603B68002B09D17B68D3F8883043F021
:1035D00001027B68C3F88820012345E07B68D3F8AB
:1035E0008430402B3FD13B685A6B7B68DA63012201
:1035F0003968786800F086FF0346002B09D07B68A5
:10360000D3F8883043F002027B68C3F88820012396
:103610002AE0BFF34F8F00BF7B689B6A5A1C7B6810
:103620009A627B689B6A032B04D97B689B6A1A1F8A
:103630007B689A627B681B6803F580535B6903F0C3
:103640000403002B0DD07B681B6803F580531A46DA
:10365000042353617B681B6803F580531A460023DB
:103660005360002300E0012318460837BD4680BDA3
:1036700080B588B000AF7860396000237B6100239B
:10368000FB743B68002B09D17B68D3F8883043F08A
:1036900001027B68C3F888200123A4E07B68D3F88B
:1036A0008430402B01D001239DE07B68DB6DFB6102
:1036B0007B68FA69123253F82230BB617B68DB6E9B
:1036C000C3F10403FB6066E0BB691B6803F480730D
:1036D000002B07D0BB69DA697B689A67BB699A6976
:1036E0007B685A67BB691B6803F40073002B03D126
:1036F0007B68DB6F002B3CD0BB691B6803F4007355
:10370000002B05D07B6800221A667B6800225A666F
:10371000BB691B681B0CC3F30D03BB60BB691B6853
:1037200003F48073002B05D0BB691A687B681A67A5
:103730000123FB74BB699A68BB691A627B6803F159
:103740007C007B6803F18001BB691B6A1A46BB6879
:103750009BB214F01BFF7B681B6E5A1C7B681A66B9
:103760007B685A6EBB681A447B685A66BB69002244
:103770001A62FB690133FB61FB69032B02D9FB6908
:10378000043BFB617B68FA69123253F82230BB615B
:103790007B6901337B61BB691B68002B06DB7A699F
:1037A000FB689A4202D2FB7C002B8DD07B68DA6EDC
:1037B0007B691A447B68DA667B68DB6E002B02D07B
:1037C000786800F015F87B68FA69DA65FB7C012BF4
:1037D00008D17B68DA6F3B681A607B680022DA6781
:1037E000002300E0012318462037BD4680BD0000BD
:1037F00080B588B000AF78600023BB600123FB7404
:103800007B689B6EFB617B68FA69123253F8223049
:103810007B617B68DB6EBB6142E07B691B6A002BCE
:1038200012D107F10803184614F080FEBB68002B84
:1038300002D10023FB7407E0BB681A467B691A6259
:10384000BB681A467B699A60FB7C002B28D07B689A
:103850009B6D002B06D17B685A69264B13437A690E
:10386000536005E07B685B6943F480427B695A6082
:103870007B691B6843F000427B691A60FB69013376
:10388000FB61FB69032B02D9FB69043BFB617B688D
:10389000FA69123253F822307B61BB69013BBB618C
:1038A000BB69002B02D0FB7C002BB6D17B68DB6EA2
:1038B000BA699A421AD0FB69033303F00303FB6031
:1038C000BFF35F8F00BF7B681969FA6813469B00DE
:1038D0001344DB00CA187B681B6803F580539A60A9
:1038E0007B68FA699A667B68BA69DA6600BF203736
:1038F000BD4680BD0040008080B586B000AF7860D6
:103900007B681833BB60BB689B6A7B61BB68DB6A02
:103910003B610123FB7347E00123BB737B69013BE0
:103920007B61BA683B6904339B0013445B68002BDE
:103930000AD13B6901333B613B69032B02D93B69E7
:10394000043B3B610023BB73BB7B002B2CD07B680B
:10395000D9683A6913469B001344DB000B441B688B
:10396000002B1FDBBA683B6904339B0013445B6880
:10397000184614F04DFEBA683B6904339B001344AB
:1039800000225A603B6901333B613B69032B02D93A
:103990003B69043B3B61BB687A699A62BB683A69E0
:1039A000DA6201E00023FB737B69002B02D0FB7B12
:1039B000002BB1D1002318461837BD4680BD00004A
:1039C00080B586B000AF78607B681B689B6B7B61BD
:1039D0007B681B6803F580535B693B617B681B68F0
:1039E00003F58053DB69FB604B4B5B69BB603B6954
:1039F00003F04003002B0ED0FB6803F04003002BC4
:103A000009D07B681B6803F580531A46434B53610A
:103A1000786813F0ADFF3B6903F00103002B0FD072
:103A2000FB6803F00103002B0AD07B681B6803F5D9
:103A300080531A464FF001135361786813F0A8FFC2
:103A40003B6903F40043002B42D0FB6803F40043BE
:103A5000002B3DD07B68D3F8883043F008027B68A8
:103A6000C3F888203B6903F40053002B1AD07B680D
:103A70001B6803F580535A69294B13407A68C2F8D2
:103A80008C307B681B6803F58053DB697A681268A9
:103A900023F4C03302F58052D3617B68E022C3F87F
:103AA000842012E07B681B6803F580535A6948F252
:103AB000806313407A68C2F88C307B681B6803F51A
:103AC00080531A4648F280635361786813F070FFA0
:103AD0007B6903F00803002B0ED07B681B68DB6A50
:103AE00003F060027B68C3F89420786800F01AF84D
:103AF0007B680022C3F89420BB6803F40023002BEA
:103B000006D0054B4FF400225A61786800F014F893
:103B100000BF1837BD4680BD003C01404000010099
:103B200000207E0080B483B000AF786000BF0C3707
:103B3000BD465DF8047B704780B483B000AF786009
:103B400000BF0C37BD465DF8047B704780B586B07A
:103B500000AFF860B9607A603B60FB681B681B6966
:103B60007B617B6903F01C037B61BB68DB029BB25A
:103B70007A6913437B617B689B0103F4F8637A697C
:103B800013437B617B6923F002037B617B6943F014
:103B900001037B61FB681B687A691A61FFF746FBCA
:103BA00038610DE0FFF742FB02463B69D31AB3F5DB
:103BB000803F01D3012310E0FB681B681B697B6118
:103BC0007B6903F00103002BECD1FB681B685B6988
:103BD0009BB21A463B681A60002318461837BD4648
:103BE00080BD80B586B000AFF860B9607A603B6098
:103BF000FB681B681B697B617B6903F01C037B61AD
:103C0000BB68DB029BB27A6913437B617B689B01D3
:103C100003F4F8637A6913437B617B6943F0020321
:103C20007B617B6943F001037B613B689AB2FB686F
:103C30001B685A61FB681B687A691A61FFF7F6FA1C
:103C400038610DE0FFF7F2FA02463B69D31AB3F58B
:103C5000803F01D3012309E0FB681B681B697B617E
:103C60007B6903F00103002BECD1002318461837C1
:103C7000BD4680BD80B483B000AF786039603B68DA
:103C8000002B01D10123E6E07B681B681B6803F071
:103C90001003002B14BF01230023DBB21A463B683C
:103CA00083F828207B681B681B6803F060023B6870
:103CB0005A627B681B681B6803F40073002B0CBFFF
:103CC00001230023DBB21A463B6883F820207B687F
:103CD0001B681B6803F48033002B14BF01230023EF
:103CE000DBB21A463B68DA777B681B681B6803F413
:103CF0000053002B0CBF01230023DBB21A463B68A4
:103D00009A777B681B681B6803F48053002B14BFF1
:103D100001230023DBB21A463B681A777B681B68D5
:103D20001B6803F400623B689A617B681B681B6830
:103D300003F480423B685A617B681B681B6803F48C
:103D40008003002B0CBF01230023DBB21A463B6823
:103D50005A747B681B681B6803F40003002B0CBFBC
:103D600001230023DBB21A463B681A747B681B6888
:103D70001B6803F08003002B14BF01230023DBB278
:103D80001A463B68DA737B681B681B6803F4602281
:103D90003B689A607B681B681B6803F48063002B98
:103DA00014BF01230023DBB21A463B681A717B68FB
:103DB0001B681B6803F00073002B14BF0123002352
:103DC000DBB21A463B689A737B681B689B6903F0F9
:103DD0000203002B14BF01230023DBB21A463B6809
:103DE00083F854207B681B689B6903F08003002BD9
:103DF0000CBF01230023DBB21A463B6883F84C203A
:103E00007B681B689B6903F030023B681A657B681E
:103E10001B689B691B0C9AB23B689A647B681B68A1
:103E20009B6903F00403002B14BF01230023DBB2C2
:103E30001A463B6883F856207B681B689B6903F031
:103E40000803002B14BF01230023DBB21A463B6892
:103E500083F85520002318460C37BD465DF8047BD7
:103E6000704780B582B000AF786039603B68002B46
:103E700001D101230BE07B68D3F88430102B05D1EE
:103E80003968786800F08AF8002300E001231846BA
:103E90000837BD4680BD000080B584B000AF7860B3
:103EA0007B681B681B69FB60FB6823F01C03FB60DD
:103EB000FDF744FDB860BB68144A934204D8FB6820
:103EC00043F00803FB6019E0BB68114A934204D237
:103ED000FB6843F00C03FB6010E0BB680D4A9342A3
:103EE0000CD9BB680C4A934204D8FB6843F0040326
:103EF000FB6003E0FB6843F01003FB607B681B681A
:103F0000FA681A6100BF1037BD4680BDBF0E1602A9
:103F100000879303FFE0F5057FD1F00880B483B0FC
:103F200000AF78607B68D3F8883018460C37BD4600
:103F30005DF8047B704780B483B000AF78607B6825
:103F4000D3F88C3018460C37BD465DF8047B7047BB
:103F500080B584B000AF78600023FB607B681B688D
:103F600003F580539B697A68126843F4801302F565
:103F7000805293617B681B6803F580539B69FB60EB
:103F80000120FFF75FF97B681A68FB6802F5805231
:103F9000936100BF1037BD4680BD000080B584B07E
:103FA00000AF786039607B681B681B68FB60FA684B
:103FB000534B1340FB603B689B7B5B063A68127C6B
:103FC000002A02D14FF4000200E0002213433A68B5
:103FD000527C002A02D14FF4800200E000221A43F2
:103FE0003B689B681A433B68DB7F1B041A433B68B2
:103FF0005B6913433A68927F002A02D14FF4005262
:1040000000E000221A433B681B7F1B031A433B68F6
:104010009B691A433B681B799B0213433A6892F8E9
:104020002020002A02D14FF4007200E000221A433F
:104030003B68DB7BDB011A433B685B6A1A433B68E6
:1040400093F828301B011343FA681343FB607B6825
:104050001B68FA681A607B681B681B68FB6001209C
:10406000FFF7F0F87B681B68FA681A607B681B68CA
:104070009B69FB60FA684FF641731340FB603B6835
:104080009B6C1B043A6892F84C20002A01D18022D4
:1040900000E000221A433B681B6D13433A6892F814
:1040A0005520012A01D1082200E0002213433A687A
:1040B00092F85620012A01D1042200E00022134385
:1040C0003A6892F85420012A01D1022200E000222D
:1040D0001343FA681343FB607B681B68FA689A61B4
:1040E0007B681B689B69FB600120FFF7ABF87B686E
:1040F0001B68FA689A6100BF1037BD4680BD00BFDB
:104100000F8120FD80B584B000AF786039607B6896
:104110001B6803F580539B69FB60FA683D4B1340B5
:10412000FB603B681B7B002B02D14FF0806200E0FC
:1041300000223B685B7B5B0613433A68527F002A90
:1041400002D14FF4801200E000221A433B689B7BAF
:104150005B051A433B685B691A433B681B7FDB01C5
:104160001A433B689B7F9B011A433B681B6A1A43B7
:104170003B6893F824309B001343FA681343FB60B9
:104180007B681B6803F580531A46FB6893617B6864
:104190001B6803F580539B69FB600120FFF752F811
:1041A0007B681B6803F580531A46FB6893613B6884
:1041B0001B795A063B689B681A433B689B691A4304
:1041C0003B681B691A433B6893F82530DB011A43AF
:1041D0003B689B6A9B001A433B681B6813437A68E1
:1041E000126843F4000302F5805213607B681B6879
:1041F00003F580531B68FB600120FFF723F87B6801
:104200001B6803F580531A46FB68136000BF103724
:10421000BD4680BD233FDEF880B5A6B000AF786014
:10422000012387F84430012387F845300023FB63DE
:10423000002387F85330012387F85230002387F892
:104240005030012387F84230012387F838300023AB
:1042500087F85430002387F843300023BB650023E0
:1042600087F85C300023FB67002387F88030002349
:10427000C7F88430002387F88A30002387F8883015
:104280004FF48043BB644FF40063FB64002387F862
:10429000893007F1340319467868FFF77FFE012360
:1042A0003B7501237B75012387F825300123BB75FE
:1042B0000023FB61002387F82430002387F8263091
:1042C0000023BB62012387F82C3001233B734FF49A
:1042D00080333B614FF480033B624FF40053BB617A
:1042E000012387F82D3000233B630023BB6007F1D7
:1042F000080319467868FFF705FF00BF9837BD46E9
:1043000080BD000080B487B000AFF860B9607A600B
:104310007B6805331B781B027A68043212781343DA
:104320007B61BA68114B13441A467B6913607B6842
:1043300003331B781A067B6802331B781B041A436D
:104340007B6801331B781B0213437A68127813438E
:104350007B61BA68064B13441A467B69136000BF41
:104360001C37BD465DF8047B704700BF40800240AB
:104370004480024080B485B000AF78600023FB60C9
:104380003EE07B68D968FA6813469B001344DB0063
:104390000B44BB60BB6800221A60BB6800225A60F5
:1043A000BB6800229A60BB680022DA60B9687B684B
:1043B000FA68063243F82210BB681B6843F4801287
:1043C000BB681A60FB68022B0CD87B68D968FB6855
:1043D0005A1C13469B001344DB000B441A46BB686F
:1043E000DA6004E07B68DB681A46BB68DA60BB68A9
:1043F0001B6843F44002BB681A60FB680133FB6032
:10440000FB68032BBDD97B6800229A627B68DA685F
:104410007B681B6803F580531A6100BF1437BD46E3
:104420005DF8047B704780B485B000AF78600023EE
:10443000FB6048E07B681969FA6813469B001344E7
:10444000DB000B44BB60BB6800221A60BB68002223
:104450005A60BB6800229A60BB680022DA60BB68C1
:1044600000221A62BB6800225A62BB684FF0004209
:104470001A607B685B6943F48042BB685A60BB6822
:104480005B6823F00042BB685A60B9687B68FA68D1
:10449000123243F82210FB68022B0CD87B68196992
:1044A000FB685A1C13469B001344DB000B441A465E
:1044B000BB68DA6004E07B681B691A46BB68DA6097
:1044C000FB680133FB60FB68032BB3D97B680022D8
:1044D000DA657B6800221A667B6800229A667B6830
:1044E0000022DA667B6800229A657B681A697B681D
:1044F0001B6803F58053DA6000BF1437BD465DF8D2
:10450000047B704780B491B000AFF860B9607A6006
:10451000FB6818337B627B6A1B69FB637B6A1B69E0
:104520003B6200237B637B6AFA6B53F822303B6368
:10453000BB689B68FB620023BB623B6B1B6803F09C
:104540000043B3F1004F07D07A6AFB6B04339B0042
:1045500013445B68002B01D0022311E17B6B013314
:104560007B63FB6A1B681A463B6B9A603B6B5A681D
:10457000864B1340FA6A52681A433B6B5A60BB6819
:104580001B6803F00103002B08D03B6B1B6823F46E
:104590004002BB685B691A433B6B1A60BB681B68CF
:1045A00003F02003002B08D03B6B1B6823F0406214
:1045B000BB681B691A433B6B1A60BB681B6803F03E
:1045C0000403002B05D03B6B1B6843F080023B6B60
:1045D0001A603B6B1B6843F080523B6B1A6082E0B1
:1045E0003B6B1B6823F000523B6B1A607B68002B0F
:1045F00006D03B6B1B6843F080423B6B1A6005E0C2
:104600003B6B1B6823F080423B6B1A60FB6B0133F2
:10461000FB63FB6B032B02D9FB6B043BFB637B6AE5
:10462000FA6B53F822303B633B6B1B6803F000438B
:10463000B3F1004F07D07A6AFB6B04339B0013443D
:104640005B68002B29D03B6AFB637B6AFA6B53F8EB
:1046500022303B630023BB6319E0BFF35F8F00BFD1
:104660003B6B1B6823F000423B6B1A60FB6B013312
:10467000FB63FB6B032B02D9FB6B043BFB637B6A85
:10468000FA6B53F822303B63BB6B0133BB63BA6BED
:104690007B6B9A42E1D3022372E03B6B1B6823F0F1
:1046A00080523B6B1A607B6B01337B63FB6A9B68B8
:1046B000FB62FB6A1B681A463B6B9A603B6B5A684D
:1046C000324B1340FA6A52681A433B6B5A60BB6A1A
:1046D0000133BB62BFF35F8F00BF3B6B1B6843F0CE
:1046E00000423B6B1A60FB6A9B68002B7FF478AF3B
:1046F0007B68002B06D03B6B1B6843F080423B6B12
:104700001A6005E03B6B1B6823F080423B6B1A602C
:104710003B6B1B6843F000523B6B1A607B6A3A6A42
:1047200053F822303B63BFF35F8F00BF3B6B1B68C6
:1047300043F000423B6B1A607B6A5A6A796AFB6BF2
:1047400004339B000B445A607B6AFA6B1A61EFF3E7
:1047500010833B613B69FB6101237B617B6983F3D0
:10476000108800BF7B6A9A6ABB6A13445A1C7B6A32
:104770009A62FB69BB61BB6983F3108800BF0023A9
:1047800018464437BD465DF8047B704700E0FFFFE4
:1047900080B483B000AF78607B681B684AF6AA22B9
:1047A0001A60002318460C37BD465DF8047B70473D
:1047B00080B584B000AF78607B68002B01D1012305
:1047C00071E07B685B7FDBB2002B05D17B68002248
:1047D0001A77786814F01EFC7B6802225A777B688F
:1047E0001B68DB6803F01003102B53D07B681B6839
:1047F000CA225A627B681B6853225A62786800F0AA
:104800004BFA0346FB73FB7B002B2AD17B681B68AA
:1048100099687B681A68264B0B4093607B681B681D
:1048200099687B685A687B681B691A437B685B6977
:104830001A437B681B680A439A607B681B687A6826
:10484000D2681A617B681B6819697B689B681A04C7
:104850007B681B680A431A61786800F054FA0346C3
:10486000FB73FB7B002B10D17B681B68DA6C7B68C9
:104870001B6822F00802DA647B681B68D96C7B68CD
:104880009A697B681B680A43DA647B681B68FF22AD
:104890005A6201E00023FB73FB7B002B02D17B6893
:1048A00001225A77FB7B18461037BD4680BD00BFFA
:1048B000BFFF8FFF90B587B000AFF860B9607A6036
:1048C00000237B61FB681B7F012B01D1022385E064
:1048D000FB6801221A77FB6802225A777B68002B5B
:1048E00026D1FB681B689B6803F04003002B02D1B4
:1048F000BB680022DA70BB681B78184600F028FA03
:1049000003461C04BB685B78184600F021FA034696
:104910001B021C43BB689B78184600F019FA03463B
:1049200044EA0302BB68DB789B0513437B6118E014
:10493000FB681B689B6803F04003002B02D1BB6837
:104940000022DA70BB681B781A04BB685B781B0214
:104950001343BA6892781A43BB68DB789B0513430C
:104960007B61FB681B68CA225A62FB681B68532282
:104970005A62F86800F090F90346FB74FB7C002B48
:104980001ED1FB681A687969164B0B401360FB68EF
:104990001B689A68FB681B6822F480229A60FB6897
:1049A0001B689968BB68DA68BB681B691A43FB68B7
:1049B0001B680A439A60F86800F0A5F90346FB7487
:1049C000FB7C002B02D1FB6801225A77FB681B6835
:1049D000FF225A62FB6800221A77FB7C18461C37BC
:1049E000BD4690BD7F7F7F0080B586B000AFF86088
:1049F000B9607A6000237B61FB681B689A6ABB68B8
:104A00005A60FB681B681B69C3F30E02BB689A609F
:104A1000FB681B681A68224B13407B617B691B0C87
:104A2000DBB203F03F03DAB2BB681A707B691B0A82
:104A3000DBB203F07F03DAB2BB685A707B69DBB28A
:104A400003F07F03DAB2BB689A707B699B0DDBB21F
:104A500003F00103DAB2BB68DA707B68002B1AD16D
:104A6000BB681B78184600F091F903461A46BB68EC
:104A70001A70BB685B78184600F088F903461A463E
:104A8000BB685A70BB689B78184600F07FF90346F4
:104A90001A46BB689A70002318461837BD4680BD79
:104AA0007F7F7F0090B587B000AFF860B9607A6013
:104AB00000237B61FB681B7F012B01D102236FE088
:104AC000FB6801221A77FB6802225A777B68002B69
:104AD0000ED1BB685B7803F01003002B08D0BB68D5
:104AE0005B7823F01003DBB20A33DAB2BB685A708A
:104AF0007B68002B1CD1BB68DB78184600F028F9D6
:104B000003461C04BB685B78184600F021F9034695
:104B10001B021C43BB689B78184600F019F903463A
:104B200044EA0302BB681B785B0313437B610EE01E
:104B3000BB68DB781A04BB685B781B021343BA6856
:104B400092781A43BB681B785B0313437B61FB6855
:104B50001B68CA225A62FB681B6853225A62F868B3
:104B600000F09AF80346FB74FB7C002B0AD1FB682B
:104B70001A6879690C4B0B405360F86800F0C3F871
:104B80000346FB74FB7C002B02D1FB6801225A77A1
:104B9000FB681B68FF225A62FB6800221A77FB7CC5
:104BA00018461C37BD4690BD3FFFFF0080B586B05C
:104BB00000AFF860B9607A6000237B61FB681B6816
:104BC0005A68214B13407B617B691B0CDAB2BB68CE
:104BD000DA707B691B0ADBB203F01F03DAB2BB6831
:104BE0005A707B69DBB203F03F03DAB2BB689A709C
:104BF0007B695B0BDBB203F00703DAB2BB681A70A8
:104C00007B68002B1AD1BB68DB78184600F0BEF831
:104C100003461A46BB68DA70BB685B78184600F03A
:104C2000B5F803461A46BB685A70BB689B781846AD
:104C300000F0ACF803461A46BB689A700023184689
:104C40001837BD4680BD00BF3FFFFF0080B584B070
:104C500000AF78600023FB607B681B680D4ADA6058
:104C6000FEF7E4FAF86009E0FEF7E0FA0246FB68B6
:104C7000D31AB3F57A7F01D9032307E07B681B6859
:104C8000DB6803F02003002BEED00023184610371A
:104C9000BD4680BD5FFF010080B584B000AF786085
:104CA0000023BB600023FB737B681B68DB6803F099
:104CB0004003002B22D17B681B68DA687B681B6885
:104CC00042F08002DA60FEF7B1FAB8600CE0FEF75D
:104CD000ADFA0246BB68D31AB3F57A7F04D97B6874
:104CE00004225A770123FB737B681B68DB6803F09F
:104CF0004003002B02D1FB7B012BE8D1FB7B184644
:104D00001037BD4680BD80B584B000AF7860002309
:104D1000FB737B681B68DA687B681B6822F0800283
:104D2000DA607B681B689B6803F02003002B0AD1C4
:104D30007868FFF78BFF0346002B04D07B680422C2
:104D40005A770123FB73FB7B18461037BD4680BDA5
:104D500080B485B000AF0346FB710023FB6005E023
:104D6000FB680133FB60FB790A3BFB71FB79092B84
:104D7000F6D8FB68DBB21B01DAB2FB791343DBB276
:104D800018461437BD465DF8047B704780B485B083
:104D900000AF0346FB710023FB60FB791B09DBB20C
:104DA0001A4613469B0013445B00FB60FB68DAB2B3
:104DB000FB7903F00F03DBB21344DBB21846143760
:104DC000BD465DF8047B704780B483B000AF786067
:104DD0007B681B7F012B01D1022320E07B6801222D
:104DE0001A777B6802225A777B681B68CA225A624C
:104DF0007B681B6853225A627B681B689A687B68D1
:104E00001B6842F020029A607B681B68FF225A628E
:104E10007B6801225A777B6800221A7700231846A4
:104E20000C37BD465DF8047B704780B582B000AF9B
:104E300078607B68002B01D1012340E07B68DB6F49
:104E4000002B06D17B68002283F87820786814F064
:104E50008FFA7B682422DA677B681B681A687B6894
:104E60001B6822F001021A607B685B6A002B02D08B
:104E7000786800F049FE786800F0E2FB0346012BF9
:104E800001D101231BE07B681B685A687B681B68A3
:104E900022F490425A607B681B689A687B681B68A2
:104EA00022F02A029A607B681B681A687B681B687C
:104EB00042F001021A60786800F0C8FE0346184606
:104EC0000837BD4680BD80B58AB002AFF860B960D2
:104ED0003B601346FB80FB68DB6F202B77D1BB6800
:104EE000002B02D0FB88002B01D1012370E0FB686E
:104EF0000022C3F88420FB682122DA67FEF796F9C6
:104F00007861FB68FA88A3F85020FB68FA88A3F858
:104F10005220FB689B68B3F5805F08D1FB681B6972
:104F2000002B04D10023FB61BB68BB6103E0BB68BD
:104F3000FB610023BB612FE03B6800937B6900228B
:104F40008021F86800F02AFF0346002B04D0FB689C
:104F50002022DA6703233BE0FB69002B0BD1BB69FE
:104F60001B881A46FB681B68C2F308029A62BB6979
:104F70000233BB6107E0FB691A78FB681B689A6221
:104F8000FB690133FB61FB68B3F852309BB2013B14
:104F90009AB2FB68A3F85220FB68B3F852309BB278
:104FA000002BC9D13B6800937B6900224021F8683F
:104FB00000F0F4FE0346002B04D0FB682022DA67E1
:104FC000032305E0FB682022DA67002300E00223C8
:104FD00018462037BD4680BD80B5BAB000AF7860B6
:104FE0007B681B68DB69C7F8E4307B681B681B685B
:104FF000C7F8E0307B681B689B68C7F8DC30D7F8DF
:10500000E42040F60F031340C7F8D830D7F8D83063
:10501000002B15D1D7F8E43003F02003002B0FD07C
:10502000D7F8E03003F02003002B09D07B689B6E9B
:10503000002B00F0C6827B689B6E78689847C0E2C0
:10504000D7F8D830002B00F01781D7F8DC3003F008
:105050000103002B06D1D7F8E020854B1340002B2D
:1050600000F00A81D7F8E43003F00103002B11D0DF
:10507000D7F8E03003F48073002B0BD07B681B68FB
:1050800001221A627B68D3F8843043F001027B6806
:10509000C3F88420D7F8E43003F00203002B11D0CA
:1050A000D7F8DC3003F00103002B0BD07B681B68C2
:1050B00002221A627B68D3F8843043F004027B68D2
:1050C000C3F88420D7F8E43003F00403002B11D098
:1050D000D7F8DC3003F00103002B0BD07B681B6892
:1050E00004221A627B68D3F8843043F002027B68A2
:1050F000C3F88420D7F8E43003F00803002B17D05E
:10510000D7F8E03003F02003002B05D1D7F8DC30CE
:1051100003F00103002B0BD07B681B6808221A6286
:105120007B68D3F8843043F008027B68C3F884209E
:10513000D7F8E43003F40063002B12D0D7F8E03046
:1051400003F08063002B0CD07B681B684FF4006277
:105150001A627B68D3F8843043F020027B68C3F87E
:1051600084207B68D3F88430002B00F02C82D7F8A1
:10517000E43003F02003002B0DD0D7F8E03003F02B
:105180002003002B07D07B689B6E002B03D07B682D
:105190009B6E786898477B68D3F88430C7F8D43022
:1051A0007B681B689B6803F04003402B05D0D7F851
:1051B000D43003F02803002B4FD0786800F0E8FFCC
:1051C0007B681B689B6803F04003402B41D17B68E0
:1051D0001B680833C7F89C30D7F89C3053E8003F71
:1051E000C7F89830D7F8983023F04003C7F8D0308C
:1051F0007B681B680833D7F8D020C7F8A820C7F809
:10520000A430D7F8A410D7F8A82041E80023C7F8A5
:10521000A030D7F8A030002BD9D17B685B6F002B72
:1052200013D07B685B6F134A1A657B685B6F184607
:10523000FDF770FB0346002B17D07B685B6F1B6D7F
:105240007A68526F104698470FE0786800F0E4F9EA
:105250000BE0786800F0E0F907E0786800F0DCF92E
:105260007B680022C3F88420ADE100BFABE100BF42
:1052700020010004A76400087B681B6E012B40F02E
:105280006681D7F8E43003F01003002B00F05F8153
:10529000D7F8E03003F01003002B00F058817B6852
:1052A0001B6810221A627B681B689B6803F040032E
:1052B000402B40F0D0807B685B6F1B685B68A7F871
:1052C000BE30B7F8BE30002B00F0AB807B68B3F87F
:1052D0005830B7F8BE209A4280F0A3807B68B7F8B8
:1052E000BE20A3F85A207B685B6FDB69B3F5807F33
:1052F00000F086807B681B68C7F88830D7F8883054
:1053000053E8003FC7F88430D7F8843023F4807323
:10531000C7F8B8307B681B681A46D7F8B830C7F8AA
:105320009430C7F89020D7F89010D7F8942041E82F
:105330000023C7F88C30D7F88C30002BDAD17B688B
:105340001B6808337B677B6F53E8003F3B673B6F0D
:1053500023F00103C7F8B4307B681B680833D7F823
:10536000B420C7F88020FB67F96FD7F8802041E8A8
:105370000023BB67BB6F002BE1D17B681B68083340
:105380003B663B6E53E8003FFB65FB6D23F040033B
:10539000C7F8B0307B681B680833D7F8B020FA66CE
:1053A000BB66B96EFA6E41E800237B667B6E002B0C
:1053B000E3D17B682022C3F880207B6800221A6634
:1053C0007B681B68FB64FB6C53E8003FBB64BB6CF1
:1053D00023F01003C7F8AC307B681B681A46D7F877
:1053E000AC30BB657A65796DBA6D41E800233B65E9
:1053F0003B6D002BE4D17B685B6F1846FDF71AFA12
:105400007B6802225A667B68B3F858207B68B3F841
:105410005A309BB2D31A9BB2194678681AF006FE2E
:10542000D3E07B68B3F85830B7F8BE209A4240F01A
:10543000CC807B685B6FDB69B3F5807F40F0C58013
:105440007B6802225A667B68B3F858301946786840
:105450001AF0ECFDB9E07B68B3F858207B68B3F82C
:105460005A309BB2D31AA7F8CE307B68B3F85A30C3
:105470009BB2002B00F0AB80B7F8CE30002B00F0D1
:10548000A6807B681B68BB63BB6B53E8003F7B63F4
:105490007B6B23F49073C7F8C8307B681B681A468F
:1054A000D7F8C8307B643A64396C7A6C41E80023E1
:1054B000FB63FB6B002BE4D17B681B6808337B62CA
:1054C0007B6A53E8003F3B623B6A23F00103C7F865
:1054D000C4307B681B680833D7F8C4203A63FB628A
:1054E000F96A3A6B41E80023BB62BB6A002BE3D147
:1054F0007B682022C3F880207B6800221A667B68C4
:1055000000229A667B681B683B613B6953E8003F59
:10551000FB60FB6823F01003C7F8C0307B681B6892
:105520001A46D7F8C030FB61BA61B969FA6941E837
:1055300000237B617B69002BE4D17B6802225A66E1
:10554000B7F8CE30194678681AF070FD3FE0D7F80A
:10555000E43003F48013002B0ED0D7F8DC3003F4D2
:105560008003002B08D07B681B684FF480121A62FE
:10557000786800F05BF82DE0D7F8E43003F08003A2
:10558000002B0ED0D7F8E03003F08003002B08D0BA
:105590007B68DB6E002B1CD07B68DB6E78689847DD
:1055A00017E0D7F8E43003F04003002B12D0D7F80F
:1055B000E03003F04003002B0CD0786800F085FF4A
:1055C00008E000BF06E000BF04E000BF02E000BF4B
:1055D00000E000BFE837BD4680BD00BF80B483B0A7
:1055E00000AF786000BF0C37BD465DF8047B7047A4
:1055F00080B483B000AF786000BF0C37BD465DF863
:10560000047B704780B483B000AF786000BF0C3774
:10561000BD465DF8047B704780B483B000AF78600E
:1056200000BF0C37BD465DF8047B704780B483B083
:1056300000AF786000BF0C37BD465DF8047B704753
:1056400080B588B000AF78600023BB777B689A682C
:105650007B681B691A437B685B691A437B68DB695B
:1056600013437B617B681B681A68A64B13407A68FA
:10567000126879690B4313607B681B685B6823F4CD
:1056800040517B68DA687B681B680A435A607B6814
:105690009B697B617B681B6A7A6913437B617B68CA
:1056A0001B689B6823F430617B681B687A690A4336
:1056B0009A607B681B68944A934220D1934BD3F83D
:1056C000903003F00303032B16D801A252F823F005
:1056D000E1560008ED560008E7560008F3560008AA
:1056E0000123FB7750E10223FB774DE10423FB7795
:1056F0004AE10823FB7747E11023FB7744E17B680D
:105700001B68834A934232D1804BD3F8903003F028
:105710000C030C2B28D801A252F823F05157000893
:105720006957000869570008695700085D57000865
:10573000695700086957000869570008575700085B
:10574000695700086957000869570008635700083F
:105750000023FB7718E10223FB7715E10423FB7795
:1057600012E10823FB770FE11023FB770CE17B6844
:105770001B68684A934220D1644BD3F8903003F001
:105780003003302B13D0302B14D8202B09D0202BF2
:1057900010D8002B02D0102B06D00BE00023FB7793
:1057A000F2E00223FB77EFE00423FB77ECE0082331
:1057B000FB77E9E01023FB77E6E07B681B68564A3D
:1057C000934220D1514BD3F8903003F0C003C02B4B
:1057D00013D0C02B14D8802B09D0802B10D8002BCD
:1057E00002D0402B06D00BE00023FB77CCE0022355
:1057F000FB77C9E00423FB77C6E00823FB77C3E00F
:105800001023FB77C0E07B681B68444A934225D194
:105810003E4BD3F8903003F44073B3F5407F17D07C
:10582000B3F5407F17D8B3F5007F0BD0B3F5007FF9
:1058300011D8002B03D0B3F5807F06D00BE00023F6
:10584000FB77A1E00223FB779EE00423FB779BE03C
:105850000823FB7798E01023FB7795E07B681B68B3
:105860002F4A934225D1294BD3F8903003F440635B
:10587000B3F5406F17D0B3F5406F17D8B3F5006F8D
:105880000BD0B3F5006F11D8002B03D0B3F5806FA8
:1058900006D00BE00123FB7776E00223FB7773E071
:1058A0000423FB7770E00823FB776DE01023FB7780
:1058B0006AE07B681B681B4A934238D1134BD3F8CC
:1058C000903003F44053B3F5405F17D0B3F5405F19
:1058D0002AD8B3F5005F0BD0B3F5005F24D8002BB6
:1058E00003D0B3F5805F06D01EE00023FB774BE0CA
:1058F0000223FB7748E00423FB7745E00823FB778E
:1059000042E000BFF369FFEF0010014000380240A1
:105910000044004000480040004C0040005000405F
:1059200000140140007800401023FB772CE07B68D6
:105930001B68724A934225D1714BD3F8903003F41F
:105940004043B3F5404F17D0B3F5404F17D8B3F5E8
:10595000004F0BD0B3F5004F11D8002B03D0B3F597
:10596000804F06D00BE00023FB770DE00223FB778E
:105970000AE00423FB7707E00823FB7704E0102309
:10598000FB7701E01023FB777B68DB69B3F5004F01
:105990005BD1FB7F082B28D801A252F823F000BF6F
:1059A000C5590008CD590008D5590008EB59000821
:1059B000DB590008EB590008EB590008EB590008C7
:1059C000E3590008FBF7C6FFB86113E0FBF7D6FF09
:1059D000B8610FE04B4BBB610CE0FBF7EBFEB8612D
:1059E00008E04FF40043BB6104E00023BB610123E6
:1059F000BB7700BFBB69002B74D0BB695A007B68C2
:105A00005B685B081A447B685B68B2FBF3F33B613D
:105A10003B690F2B16D93B69B3F5803F12D23B6926
:105A20009BB223F00F03FB813B695B089BB203F041
:105A300007039AB2FB891343FB817B681B68FA89D1
:105A4000DA604FE00123BB774CE0FB7F082B28D8BE
:105A500001A252F823F000BF7D5A0008855A0008C1
:105A60008D5A0008A35A0008935A0008A35A000848
:105A7000A35A0008A35A00089B5A0008FBF76AFFC4
:105A8000B86113E0FBF77AFFB8610FE01D4BBB6113
:105A90000CE0FBF78FFEB86108E04FF40043BB61F8
:105AA00004E00023BB610123BB7700BFBB69002B6F
:105AB00018D07B685B685A08BB691A447B685B68CE
:105AC000B2FBF3F33B613B690F2B09D93B69B3F59B
:105AD000803F05D23B699AB27B681B68DA6001E0BF
:105AE0000123BB777B6800229A667B680022DA6616
:105AF000BB7F18462037BD4680BD00BF007C0040FC
:105B0000003802400024F40080B483B000AF786015
:105B10007B685B6A03F00803002B0AD07B681B6874
:105B20005B6823F400417B685A6B7B681B680A43FF
:105B30005A607B685B6A03F00103002B0AD07B6824
:105B40001B685B6823F400317B689A6A7B681B687A
:105B50000A435A607B685B6A03F00203002B0AD099
:105B60007B681B685B6823F480317B68DA6A7B683A
:105B70001B680A435A607B685B6A03F00403002BCE
:105B80000AD07B681B685B6823F480217B681A6BF2
:105B90007B681B680A435A607B685B6A03F01003EA
:105BA000002B0AD07B681B689B6823F480517B68BC
:105BB0009A6B7B681B680A439A607B685B6A03F098
:105BC0002003002B0AD07B681B689B6823F40051DC
:105BD0007B68DA6B7B681B680A439A607B685B6A48
:105BE00003F04003002B1AD07B681B685B6823F42A
:105BF00080117B681A6C7B681B680A435A607B685B
:105C00001B6CB3F5801F0AD17B681B685B6823F4AB
:105C1000C0017B685A6C7B681B680A435A607B68CA
:105C20005B6A03F08003002B0AD07B681B685B680B
:105C300023F400217B689A6C7B681B680A435A60D6
:105C400000BF0C37BD465DF8047B704780B598B047
:105C500002AF78607B680022C3F88420FDF7E6FA83
:105C600078657B681B681B6803F00803082B2ED13E
:105C70006FF07E4300937B6D00224FF40011786833
:105C800000F08CF80346002B21D07B681B68BB63B7
:105C9000BB6B53E8003F7B637B6B23F080033B656A
:105CA0007B681B681A463B6D7B643A64396C7A6C7E
:105CB00041E80023FB63FB6B002BE6D17B682022CD
:105CC000DA677B68002283F87820032362E07B6830
:105CD0001B681B6803F00403042B49D16FF07E435B
:105CE00000937B6D00224FF48001786800F056F835
:105CF0000346002B3CD07B681B687B627B6A53E8C1
:105D0000003F3B623B6A23F49073FB647B681B6833
:105D10001A46FB6C3B63FA62F96A3A6B41E800236E
:105D2000BB62BB6A002BE6D17B681B6808333B6112
:105D30003B6953E8003FFB60FB6823F00103BB6451
:105D40007B681B680833BA6CFA61BB61B969FA6990
:105D500041E800237B617B69002BE5D17B68202231
:105D6000C3F880207B68002283F87820032311E0A9
:105D70007B682022DA677B682022C3F880207B685A
:105D800000221A667B6800225A667B68002283F82C
:105D90007820002318465837BD4680BD80B584B0B2
:105DA00000AFF860B9603B601346FB714FE0BB6920
:105DB000B3F1FF3F4BD0FDF739FA02463B68D31AE7
:105DC000BA699A4202D3BB69002B01D103234EE08A
:105DD000FB681B681B6803F00403002B37D0BB680B
:105DE000802B34D0BB68402B31D0FB681B68DB694B
:105DF00003F00803082B10D1FB681B6808221A6205
:105E0000F86800F0C5F9FB680822C3F88420FB6835
:105E1000002283F87820012329E0FB681B68DB69F6
:105E200003F40063B3F5006F11D1FB681B684FF4F6
:105E300000621A62F86800F0ABF9FB682022C3F830
:105E40008420FB68002283F8782003230FE0FB689E
:105E50001B68DA69BB681340BA689A420CBF012319
:105E60000023DBB21A46FB799A42A0D000231846E1
:105E70001037BD4680BD000080B497B000AFF86019
:105E8000B9601346FB80FB68BA685A65FB68FA88FC
:105E9000A3F85820FB68FA88A3F85A20FB68002270
:105EA0009A66FB689B68B3F5805F0ED1FB681B693F
:105EB000002B05D1FB6840F2FF12A3F85C202DE017
:105EC000FB68FF22A3F85C2028E0FB689B68002B9E
:105ED0000DD1FB681B69002B04D1FB68FF22A3F8DE
:105EE0005C201BE0FB687F22A3F85C2016E0FB68C7
:105EF0009B68B3F1805F0DD1FB681B69002B04D157
:105F0000FB687F22A3F85C2008E0FB683F22A3F82F
:105F10005C2003E0FB680022A3F85C20FB68002201
:105F2000C3F88420FB682222C3F88020FB681B682A
:105F30000833FB63FB6B53E8003FBB63BB6B43F071
:105F400001037B65FB681B6808337A6DBA647B6468
:105F5000796CBA6C41E800233B643B6C002BE5D1C3
:105F6000FB689B68B3F5805F07D1FB681B69002B5A
:105F700003D1FB68214A9A6602E0FB68204A9A66D0
:105F8000FB681B69002B19D0FB681B68BB62BB6AEE
:105F900053E8003F7B627B6A43F49073FB64FB68C9
:105FA0001B681A46FB6C7B633A63396B7A6B41E87A
:105FB0000023FB62FB6A002BE6D118E0FB681B683C
:105FC0007B617B6953E8003F3B613B6943F0200301
:105FD0003B65FB681B681A463B6D3B62FA61F969D9
:105FE0003A6A41E80023BB61BB69002BE6D100237C
:105FF00018465C37BD465DF8047B7047C7660008ED
:106000001F65000880B596B000AFF860B960134610
:10601000FB80FB68BA685A65FB68FA88A3F85820C9
:10602000FB680022C3F88420FB682222C3F880208A
:10603000FB685B6F002B28D0FB685B6F3E4ADA631E
:10604000FB685B6F3D4A1A64FB685B6F3C4ADA642D
:10605000FB685B6F00221A65FB68586FFB681B6862
:1060600024331946FB685B6D1A46FB88FCF782FBFC
:106070000346002B09D0FB681022C3F88420FB687C
:106080002022C3F88020012351E0FB681B69002B0C
:1060900018D0FB681B68FB63FB6B53E8003FBB63D6
:1060A000BB6B43F480737B65FB681B681A467B6D92
:1060B000BB647A64796CBA6C41E800233B643B6C46
:1060C000002BE6D1FB681B680833BB62BB6A53E850
:1060D000003F7B627B6A43F001033B65FB681B6802
:1060E00008333A6D7A633B63396B7A6B41E800237E
:1060F000FB62FB6A002BE5D1FB681B6808337B6100
:106100007B6953E8003F3B613B6943F04003FB641C
:10611000FB681B680833FA6C3A62FB61F9693A6AFA
:1061200041E80023BB61BB69002BE5D10023184681
:106130005837BD4680BD00BF59620008B7630008EC
:106140002964000880B489B000AF78607B681B6860
:10615000FB60FB6853E8003FBB60BB6823F0C003F3
:10616000FB617B681B681A46FB69BB617A617969D0
:10617000BA6941E800233B613B69002BE6D17B68AB
:106180002022DA6700BF2437BD465DF8047B7047E4
:1061900080B495B000AF78607B681B687B637B6BD5
:1061A00053E8003F3B633B6B23F49073FB647B68D5
:1061B0001B681A46FB6C3B64FA63F96B3A6C41E866
:1061C0000023BB63BB6B002BE6D17B681B680833E5
:1061D0003B623B6A53E8003FFB61FB6923F001032C
:1061E000BB647B681B680833BA6CFA62BB62B96A2D
:1061F000FA6A41E800237B627B6A002BE5D17B6869
:106200001B6E012B18D17B681B68FB60FB6853E891
:10621000003FBB60BB6823F010037B647B681B6896
:106220001A467B6CBB617A617969BA6941E80023DF
:106230003B613B69002BE6D17B682022C3F88020BC
:106240007B6800221A667B6800229A6600BF54377A
:10625000BD465DF8047B704780B59CB000AF7860A8
:106260007B689B6BFB667B68DB69B3F5807F71D0D5
:10627000FB6E0022A3F85A20FB6E1B68BB64BB6C4C
:1062800053E8003F7B647B6C23F48073BB66FB6E3A
:106290001B681A46BB6E7B653A65396D7A6D41E8BD
:1062A0000023FB64FB6C002BE6D1FB6E1B680833FC
:1062B0007B637B6B53E8003F3B633B6B23F0010345
:1062C0007B66FB6E1B6808337A6E3A64FB63F96B7E
:1062D0003A6C41E80023BB63BB6B002BE5D1FB6E3E
:1062E0001B6808333B623B6A53E8003FFB61FB6974
:1062F00023F040033B66FB6E1B6808333A6EFA627C
:10630000BB62B96AFA6A41E800237B627B6A002BB0
:10631000E5D1FB6E2022C3F88020FB6E1B6E012BA3
:1063200018D1FB6E1B68FB60FB6853E8003FBB6045
:10633000BB6823F01003FB65FB6E1B681A46FB6D00
:10634000BB617A617969BA6941E800233B613B69C5
:10635000002BE6D1FB6E00225A66FB6E1B6E012BF2
:1063600022D1FB6E0022A3F85A207B681B685B6871
:10637000A7F85A30FB6EB3F85830B7F85A209A4253
:1063800004D2FB6EB7F85A20A3F85A20FB6EB3F87C
:106390005820FB6EB3F85A309BB2D31A9BB2194601
:1063A000F86E19F043FE02E0F86EFFF721F900BF26
:1063B0007037BD4680BD80B584B000AF78607B6823
:1063C0009B6BFB60FB6801225A66FB681B6E012B0E
:1063D00023D1FB68B3F858305B089AB2FB68A3F886
:1063E0005A207B681B685B687B81FB68B3F8583078
:1063F0007A899A4203D8FB687A89A3F85A20FB6805
:10640000B3F85820FB68B3F85A309BB2D31A9BB24A
:106410001946F86819F00AFE02E0F868FFF7F2F88A
:1064200000BF1037BD4680BD80B586B000AF786034
:106430007B689B6B7B617B69DB6F3B617B69D3F81E
:106440008030FB607B691B689B6803F08003802BB6
:1064500009D13B69212B06D17B690022A3F8522088
:106460007869FFF76FFE7B691B689B6803F0400348
:10647000402B09D1FB68222B06D17B690022A3F8AF
:106480005A207869FFF784FE7B69D3F8843043F0A3
:1064900010027B69C3F884207869FFF7BDF800BF5C
:1064A0001837BD4680BD80B584B000AF78607B688A
:1064B0009B6BFB60FB680022A3F85A20F868FFF78B
:1064C000ABF800BF1037BD4680BD80B588B000AFC7
:1064D00078607B681B68FB60FB6853E8003FBB602B
:1064E000BB6823F04003FB617B681B681A46FB69AD
:1064F000BB617A617969BA6941E800233B613B6914
:10650000002BE6D17B682022DA677B680022DA66FE
:106510007868FFF763F800BF2037BD4680BD80B5BF
:106520009CB000AF78607B68B3F85C30A7F86E3041
:106530007B68D3F88030222B40F0B9807B681B68E1
:106540005B6AA7F86C30B7F86C30D9B2B7F86E3028
:10655000DAB27B685B6D0A40D2B21A707B685B6D01
:106560005A1C7B685A657B68B3F85A309BB2013B72
:106570009AB27B68A3F85A207B68B3F85A309BB272
:10658000002B40F09C807B681B68FB64FB6C53E82D
:10659000003FBB64BB6C23F49073BB667B681B68D5
:1065A0001A46BB6EBB657A65796DBA6D41E800230A
:1065B0003B653B6D002BE6D17B681B680833BB63F2
:1065C000BB6B53E8003F7B637B6B23F001037B666F
:1065D0007B681B6808337A6E7A643B64396C7A6C2A
:1065E00041E80023FB63FB6B002BE5D17B68202295
:1065F000C3F880207B6800229A667B6800225A6676
:106600007B681B685B6803F40003002B18D07B6871
:106610001B687B627B6A53E8003F3B623B6A23F066
:1066200080633B667B681B681A463B6E3B63FA627D
:10663000F96A3A6B41E80023BB62BB6A002BE6D1E2
:106640007B681B6E012B2ED17B6800221A667B684B
:106650001B683B613B6953E8003FFB60FB6823F02C
:106660001003FB657B681B681A46FB6DFB61BA6112
:10667000B969FA6941E800237B617B69002BE6D1A7
:106680007B681B68DB6903F01003102B03D17B6868
:106690001B6810221A627B68B3F858301946786874
:1066A00019F0C4FC0BE07868FEF7A2FF07E07B68F6
:1066B0001B689A697B681B6842F008029A6100BFF8
:1066C0007037BD4680BD80B59CB000AF78607B68F8
:1066D000B3F85C30A7F86E307B68D3F88030222B9B
:1066E00040F0B9807B681B685B6AA7F86C307B68F8
:1066F0005B6DBB66B7F86C20B7F86E3013409AB28A
:10670000BB6E1A807B685B6D9A1C7B685A657B68E0
:10671000B3F85A309BB2013B9AB27B68A3F85A2077
:106720007B68B3F85A309BB2002B40F09C807B68AA
:106730001B68BB64BB6C53E8003F7B647B6C23F439
:1067400090737B667B681B681A467B6E7B653A6537
:10675000396D7A6D41E80023FB64FB6C002BE6D1B8
:106760007B681B6808337B637B6B53E8003F3B63AC
:106770003B6B23F001033B667B681B6808333A6E72
:106780003A64FB63F96B3A6C41E80023BB63BB6B73
:10679000002BE5D17B682022C3F880207B68002293
:1067A0009A667B6800225A667B681B685B6803F404
:1067B0000003002B18D07B681B683B623B6A53E8E0
:1067C000003FFB61FB6923F08063FB657B681B680E
:1067D0001A46FB6DFB62BA62B96AFA6A41E80023A5
:1067E0007B627B6A002BE6D17B681B6E012B2ED16E
:1067F0007B6800221A667B681B68FB60FB6853E8B5
:10680000003FBB60BB6823F01003BB657B681B685F
:106810001A46BB6DBB617A617969BA6941E80023A8
:106820003B613B69002BE6D17B681B68DB6903F0A9
:106830001003102B03D17B681B6810221A627B683F
:10684000B3F858301946786819F0F0FB0BE0786817
:10685000FEF7CEFE07E07B681B689A697B681B68C1
:1068600042F008029A6100BF7037BD4680BD80B516
:106870008CB000AFF860B9601346FB80002387F846
:106880002F30FB68D3F88030202B3BD1BB68002B26
:1068900002D0FB88002B01D1012334E0FB680122E8
:1068A0001A66FB6800225A66FB881A46B968F868BF
:1068B000FFF7E2FAFB681B6E012B1DD1FB681B681A
:1068C00010221A62FB681B68BB61BB6953E8003F7A
:1068D0007B617B6943F01003BB62FB681B681A464F
:1068E000BB6A7B623A62396A7A6A41E80023FB61DB
:1068F000FB69002BE6D102E0012387F82F3097F8DF
:106900002F3000E0022318463037BD4680BD80B5E9
:106910008CB000AFF860B9601346FB80FB68D3F819
:106920008030202B42D1BB68002B02D0FB88002B8B
:1069300001D101233BE0FB6801221A66FB680022BB
:106940005A66FB881A46B968F868FFF75BFB03468E
:1069500087F82F3097F82F30002B24D1FB681B6E5F
:10696000012B1DD1FB681B6810221A62FB681B6893
:10697000BB61BB6953E8003F7B617B6943F0100357
:10698000BB62FB681B681A46BB6A7B623A62396A63
:106990007A6A41E80023FB61FB69002BE6D102E043
:1069A000012387F82F3097F82F3000E00223184694
:1069B0003037BD4680BD80B483B000AF78603960A9
:1069C0007B68002B0BD03B68DB68002B07D03B6853
:1069D0009B68002B03D03B681B69002B02D14FF052
:1069E000FF3314E03B681A687B689A603B685A681A
:1069F0007B68DA603B68DA687B685A613B689A6852
:106A00007B681A613B681A697B689A6100231846A3
:106A10000C37BD465DF8047B704780B586B000AF8B
:106A200078600023FB6000237B6100233B617B686F
:106A30005B68002B39D17B689B68002B02D07B6898
:106A40009B6898477B6820221A6000237B611CE0CA
:106A50007B685B6907F10C0212217869984703464D
:106A6000002B03DA6FF004033B610BE0FB6803F0DB
:106A70001F037A699A4205D17B687A691A600023FC
:106A80003B6105E07B6901337B617B691F2BDFD9AB
:106A90007B681B681F2B02D96FF002033B613B69C7
:106AA000002B02D17B6801225A603B6918461837D7
:106AB000BD4680BD80B584B000AF78600023FB6028
:106AC0007B685B697A68106807F10C0201219847BE
:106AD0000346002B02DA6FF004036EE07B685B690B
:106AE0007A68106807F10C02012198470346002BD1
:106AF00002DA6FF0040360E0FB6803F00403002B8C
:106B000001D1012359E07B685B697A68106807F15D
:106B10000C02002198470346002B02DA6FF00403B1
:106B20004BE0FB6803F48053002B1BD1FB6803F49C
:106B30000053002B06D0FB6803F48073002B01D0B8
:106B400002233AE0FB6803F40053002B01D0032337
:106B500033E0FB6803F48073002B01D004232CE0A6
:106B600005232AE07B685B697A68106807F10C02EC
:106B70001F2198470346002B02DA6FF004031CE044
:106B8000FB6803F48053002B01D1062315E0FB685A
:106B900003F01C03182B01D102230EE0FB6803F065
:106BA0001C03082B01D1032307E0FB6803F01C033F
:106BB000142B01D1042300E0052318461037BD46ED
:106BC00080BD80B483B000AF78607B6803F10802B9
:106BD0007B685A607B684FF0FF329A607B6803F1F4
:106BE00008027B68DA607B6803F108027B681A613F
:106BF0007B6800221A6000BF0C37BD465DF8047B3D
:106C0000704780B483B000AF78607B6800221A615F
:106C100000BF0C37BD465DF8047B704780B485B07B
:106C200000AF786039607B685B68FB603B68FA683E
:106C30005A60FB689A683B689A60FB689B683A6890
:106C40005A60FB683A689A603B687A681A617B68A8
:106C50001B685A1C7B681A6000BF1437BD465DF87C
:106C6000047B704780B485B000AF786039603B68C2
:106C70001B68BB60BB68B3F1FF3F03D17B681B6936
:106C8000FB600CE07B680833FB6002E0FB685B683C
:106C9000FB60FB685B681B68BA689A42F6D2FB68C7
:106CA0005A683B685A603B685B683A689A603B6820
:106CB000FA689A60FB683A685A603B687A681A61B9
:106CC0007B681B685A1C7B681A6000BF1437BD467E
:106CD0005DF8047B704780B485B000AF78607B6856
:106CE0001B69FB607B685B687A6892689A607B6866
:106CF0009B687A6852685A60FB685B687A689A4257
:106D000003D17B689A68FB685A607B6800221A612D
:106D1000FB681B685A1EFB681A60FB681B681846F4
:106D20001437BD465DF8047B7047000080B584B021
:106D300000AF786039607B68FB60FB68002B0DD189
:106D40004FF0500372B683F31188BFF36F8FBFF318
:106D50004F8F62B6BB6000BF00BFFDE703F0BEFB14
:106D6000FB681A68FB68DB6BF968096C01FB03F3CD
:106D70001A44FB689A60FB6800229A63FB681A68F1
:106D8000FB685A60FB681A68FB68DB6B013BF968BB
:106D9000096C01FB03F31A44FB68DA60FB68FF220D
:106DA00083F84420FB68FF2283F845203B68002BD2
:106DB00014D1FB681B69002B1AD0FB6810331846EE
:106DC00001F0FEFD0346002B12D00D4B4FF0805218
:106DD0001A60BFF34F8FBFF36F8F09E0FB6810336A
:106DE0001846FFF7EEFEFB6824331846FFF7E9FE6E
:106DF00003F0AAFB012318461037BD4680BD00BF33
:106E000004ED00E080B58EB002AFF860B9607A6042
:106E10003B60FB68002B0DD14FF0500372B683F33B
:106E20001188BFF36F8FBFF34F8F62B6BB6200BF95
:106E300000BFFDE73B68002B0DD14FF0500372B649
:106E400083F31188BFF36F8FBFF34F8F62B67B62FE
:106E500000BF00BFFDE77B68002B02D0BB68002BA2
:106E600001D0012300E00023002B0DD14FF050038F
:106E700072B683F31188BFF36F8FBFF34F8F62B683
:106E80003B6200BF00BFFDE77B68002B02D1BB68FF
:106E9000002B01D1012300E00023002B0DD14FF086
:106EA000500372B683F31188BFF36F8FBFF34F8F18
:106EB00062B6FB6100BF00BFFDE750237B617B69C9
:106EC000502B0DD04FF0500372B683F31188BFF3EF
:106ED0006F8FBFF34F8F62B6BB6100BF00BFFDE78E
:106EE0007B693B68FB62FB6A002B0DD0FB6A0122C9
:106EF00083F8462097F83820FB6A009313467A6897
:106F0000B968F86800F048F8FB6A18463037BD46A3
:106F100080BD80B58AB002AFF860B9601346FB71DE
:106F2000FB68002B0DD14FF0500372B683F311882C
:106F3000BFF36F8FBFF34F8F62B63B6100BF00BFDF
:106F4000FDE7BB68002B02D10023FB6104E0FB6876
:106F5000BA6802FB03F3FB61FB695033184602F089
:106F6000B7FFB861BB69002B11D0BB697B617B693E
:106F700050337B61BB69002283F84620FA79BB69F4
:106F8000009313467A69B968F86800F005F8BB69A0
:106F900018462037BD4680BD80B584B000AFF8608C
:106FA000B9607A60FB70BB68002B03D1BB69BA691A
:106FB0001A6002E0BB697A681A60BB69FA68DA6332
:106FC000BB69BA681A640121B869FFF7AFFEBB69F3
:106FD000FA7883F84C2000BF1037BD4680BD80B5DD
:106FE00082B000AF78607B68002B0ED07B680022F7
:106FF0009A607B6800221A607B680022DA600023B6
:1070000000220021786800F01DF900BF0837BD4656
:1070100080BD80B586B000AF0346FB7101237B6164
:1070200000233B61FB791A4639697869FFF771FFE4
:10703000F860F868FFF7D3FFFB6818461837BD46BD
:1070400080BD80B588B002AF03463960FB71012373
:107050007B6100233B61FB7900933B680022396927
:107060007869FFF7CFFEF860F868FFF7B8FFFB68B4
:1070700018461837BD4680BD90B587B000AF786020
:107080007B683B613B69002B0DD14FF0500372B61A
:1070900083F31188BFF36F8FBFF34F8F62B6FB602E
:1070A00000BF00BFFDE73B699C6801F089FE034615
:1070B0009C4211D13B69DB685A1E3B69DA603B692F
:1070C000DB68002B05D1002300220021386900F085
:1070D000B9F801237B6101E000237B617B691846DD
:1070E0001C37BD4690BD90B587B000AF7860396061
:1070F0007B683B613B69002B0DD14FF0500372B6AA
:1071000083F31188BFF36F8FBFF34F8F62B6FB60BD
:1071100000BF00BFFDE73B699C6801F051FE0346DC
:107120009C4207D13B69DB685A1C3B69DA6001234A
:107130007B610CE03968386900F0B2FB78617B69EB
:10714000002B04D03B69DB685A1C3B69DA607B6921
:1071500018461C37BD4690BD80B58AB002AFF860B6
:10716000B9607A60FB68002B0DD14FF0500372B606
:1071700083F31188BFF36F8FBFF34F8F62B6BB618C
:1071800000BF00BFFDE7BA68FB689A420DD94FF017
:10719000500372B683F31188BFF36F8FBFF34F8F25
:1071A00062B67B6100BF00BFFDE7022300937B68EE
:1071B00000220021F868FFF725FEF861FB69002B2B
:1071C00002D0FB69BA689A63FB6918462037BD464E
:1071D00080BD80B586B000AF786039607B68002BD9
:1071E0000DD14FF0500372B683F31188BFF36F8F48
:1071F000BFF34F8F62B63B6100BF00BFFDE73A6847
:107200007B689A420DD94FF0500372B683F3118810
:10721000BFF36F8FBFF34F8F62B6FB6000BF00BF3D
:10722000FDE7022200217868FFF773FE78617B6931
:10723000002B02D07B693A689A637B69184618373D
:10724000BD4680BD80B58EB000AFF860B9607A6091
:107250003B6000237B63FB683B633B6B002B0DD1E2
:107260004FF0500372B683F31188BFF36F8FBFF3F3
:107270004F8F62B6BB6200BF00BFFDE7BB68002B4B
:1072800003D13B6B1B6C002B01D1012300E00023D9
:10729000002B0DD14FF0500372B683F31188BFF36A
:1072A0006F8FBFF34F8F62B67B6200BF00BFFDE7F9
:1072B0003B68022B03D13B6BDB6B012B01D101231C
:1072C00000E00023002B0DD14FF0500372B683F382
:1072D0001188BFF36F8FBFF34F8F62B63B6200BF61
:1072E00000BFFDE701F07CFD0346002B02D17B6867
:1072F000002B01D1012300E00023002B0DD14FF022
:10730000500372B683F31188BFF36F8FBFF34F8FB3
:1073100062B6FB6100BF00BFFDE703F0DFF83B6B27
:107320009A6B3B6BDB6B9A4202D33B68022B29D1F1
:107330003A68B968386B00F08CFCF8623B6B5B6AAA
:10734000002B10D03B6B2433184601F039FB034669
:10735000002B13D03F4B4FF080521A60BFF34F8F7A
:10736000BFF36F8F0AE0FB6A002B07D0394B4FF059
:1073700080521A60BFF34F8FBFF36F8F03F0E4F8B2
:10738000012363E07B68002B03D103F0DDF80023C9
:107390005CE07B6B002B06D107F11403184601F06B
:1073A00075FB01237B6303F0CFF801F0A3F803F032
:1073B00095F83B6B93F844305BB2B3F1FF3F03D1D8
:1073C0003B6B002283F844203B6B93F845305BB263
:1073D000B3F1FF3F03D13B6B002283F8452003F05C
:1073E000B3F83A1D07F114031146184601F064FB87
:1073F0000346002B24D1386B00F023FD0346002BFD
:1074000018D03B6B10337A681146184601F082FAA7
:10741000386B00F0AEFC01F07BF80346002B7FF4E4
:107420007CAF0C4B4FF080521A60BFF34F8FBFF30D
:107430006F8F72E7386B00F09CFC01F069F86CE725
:10744000386B00F096FC01F063F8002318463837DB
:10745000BD4680BD04ED00E080B58EB000AFF860A1
:10746000B9607A603B60FB683B633B6B002B0DD1DE
:107470004FF0500372B683F31188BFF36F8FBFF3E1
:107480004F8F62B67B6200BF00BFFDE7BB68002B79
:1074900003D13B6B1B6C002B01D1012300E00023C7
:1074A000002B0DD14FF0500372B683F31188BFF358
:1074B0006F8FBFF34F8F62B63B6200BF00BFFDE727
:1074C0003B68022B03D13B6BDB6B012B01D101230A
:1074D00000E00023002B0DD14FF0500372B683F370
:1074E0001188BFF36F8FBFF34F8F62B6FB6100BF90
:1074F00000BFFDE703F0DAF8EFF311824FF050031D
:1075000072B683F31188BFF36F8FBFF34F8F62B6EC
:10751000BA617B61BB69FB623B6B9A6B3B6BDB6B5C
:107520009A4202D33B68022B2CD13B6B93F8453037
:1075300087F82B303A68B968386B00F08AFB97F906
:107540002B30B3F1FF3F12D13B6B5B6A002B16D09F
:107550003B6B2433184601F033FA0346002B0ED060
:107560007B68002B0BD07B6801221A6007E097F83C
:107570002B300133DBB25AB23B6B83F84520012339
:107580007B6301E000237B63FB6A3B613B6983F320
:10759000118800BF7B6B18463837BD4680BD80B56B
:1075A0008EB000AF786039607B683B633B6B002B2B
:1075B0000DD14FF0500372B683F31188BFF36F8F74
:1075C000BFF34F8F62B63B6200BF00BFFDE73B6B6E
:1075D0001B6C002B0DD04FF0500372B683F3118853
:1075E000BFF36F8FBFF34F8F62B6FB6100BF00BF69
:1075F000FDE73B6B1B68002B03D13B6B9B68002BAB
:1076000001D1012300E00023002B0DD14FF05003E6
:1076100072B683F31188BFF36F8FBFF34F8F62B6DB
:10762000BB6100BF00BFFDE703F040F8EFF311823C
:107630004FF0500372B683F31188BFF36F8FBFF31F
:107640004F8F62B67A613B617B69FB623B6B9B6BE0
:10765000BB623B6BDB6BBA6A9A422BD23B6B93F8F3
:10766000453087F82730BB6A5A1C3B6B9A6397F901
:107670002730B3F1FF3F12D13B6B5B6A002B16D072
:107680003B6B2433184601F09BF90346002B0ED0C8
:107690003B68002B0BD03B6801221A6007E097F88B
:1076A00027300133DBB25AB23B6B83F8452001230C
:1076B0007B6301E000237B63FB6AFB60FB6883F371
:1076C000118800BF7B6B18463837BD4680BD00006F
:1076D00080B58CB000AFF860B9607A600023FB62BF
:1076E000FB68BB62BB6A002B0DD14FF0500372B632
:1076F00083F31188BFF36F8FBFF34F8F62B63B6286
:1077000000BF00BFFDE7BB68002B03D1BB6A1B6C49
:10771000002B01D1012300E00023002B0DD14FF0FD
:10772000500372B683F31188BFF36F8FBFF34F8F8F
:1077300062B6FB6100BF00BFFDE701F051FB0346ED
:10774000002B02D17B68002B01D1012300E0002334
:10775000002B0DD14FF0500372B683F31188BFF3A5
:107760006F8FBFF34F8F62B6BB6100BF00BFFDE7F5
:1077700002F0B4FEBB6A9B6B7B627B6A002B1FD05E
:10778000B968B86A00F0CFFA7B6A5A1EBB6A9A637E
:10779000BB6A1B69002B0FD0BB6A1033184601F07F
:1077A0000FF90346002B07D03C4B4FF080521A6074
:1077B000BFF34F8FBFF36F8F02F0C6FE012369E066
:1077C0007B68002B03D102F0BFFE002362E0FB6A5E
:1077D000002B06D107F11003184601F057F90123D9
:1077E000FB6202F0B1FE00F085FE02F077FEBB6A9C
:1077F00093F844305BB2B3F1FF3F03D1BB6A002280
:1078000083F84420BB6A93F845305BB2B3F1FF3F85
:1078100003D1BB6A002283F8452002F095FE3A1D91
:1078200007F110031146184601F046F90346002BF4
:1078300023D1B86A00F0EFFA0346002B17D0BB6AD9
:1078400024337A681146184601F064F8B86A00F0EB
:1078500090FA00F05DFE0346002B89D10F4B4FF0EC
:1078600080521A60BFF34F8FBFF36F8F80E7B86A03
:1078700000F07FFA00F04CFE7AE7B86A00F079FA7F
:1078800000F046FEB86A00F0C6FA0346002B3FF44B
:107890006FAF002318463037BD4680BD04ED00E0D1
:1078A00080B58EB000AF7860396000237B637B6861
:1078B000FB6200233B63FB6A002B0DD14FF05003AA
:1078C00072B683F31188BFF36F8FBFF34F8F62B629
:1078D0003B6200BF00BFFDE7FB6A1B6C002B0DD0B5
:1078E0004FF0500372B683F31188BFF36F8FBFF36D
:1078F0004F8F62B6FB6100BF00BFFDE701F070FA79
:107900000346002B02D13B68002B01D1012300E08C
:107910000023002B0DD14FF0500372B683F3118872
:10792000BFF36F8FBFF34F8F62B6BB6100BF00BF65
:10793000FDE702F0D3FDFB6A9B6BBB62BB6A002BC9
:1079400024D0BB6A5A1EFB6A9A63FB6A1B68002B31
:1079500004D101F00FFC0246FB6A9A60FB6A1B69C6
:10796000002B0FD0FB6A1033184601F029F80346AC
:10797000002B07D0554B4FF080521A60BFF34F8F4A
:10798000BFF36F8F02F0E0FD01239AE03B68002B0C
:1079900014D13B6B002B0DD04FF0500372B683F324
:1079A0001188BFF36F8FBFF34F8F62B67B6100BF4B
:1079B00000BFFDE702F0C8FD002382E07B6B002BD7
:1079C00006D107F10C03184601F060F801237B6330
:1079D00002F0BAFD00F08EFD02F080FDFB6A93F824
:1079E00044305BB2B3F1FF3F03D1FB6A002283F85E
:1079F0004420FB6A93F845305BB2B3F1FF3F03D1FB
:107A0000FB6A002283F8452002F09EFD3A4607F10A
:107A10000C031146184601F04FF80346002B32D1F3
:107A2000F86A00F0F8F90346002B26D0FB6A1B68C1
:107A3000002B09D102F052FDFB6A9B68184601F049
:107A4000EDF9386302F080FDFB6A24333A68114691
:107A5000184600F05FFFF86A00F08BF900F058FD5F
:107A60000346002B7FF465AF184B4FF080521A602D
:107A7000BFF34F8FBFF36F8F5BE7F86A00F079F9C0
:107A800000F046FD55E7F86A00F073F900F040FD9C
:107A9000F86A00F0C0F90346002B3FF44AAF3B6B95
:107AA000002B0DD002F01AFDF86A00F0BAF87862E7
:107AB000FB6A9B68796A184601F0BCFA02F044FD43
:107AC000002318463837BD4680BD00BF04ED00E0F6
:107AD00080B58EB000AFF860B9607A60FB683B6338
:107AE0003B6B002B0DD14FF0500372B683F311881E
:107AF000BFF36F8FBFF34F8F62B63B6200BF00BF13
:107B0000FDE7BB68002B03D13B6B1B6C002B01D145
:107B1000012300E00023002B0DD14FF0500372B67B
:107B200083F31188BFF36F8FBFF34F8F62B6FB6192
:107B300000BF00BFFDE702F0B9FDEFF311824FF087
:107B4000500372B683F31188BFF36F8FBFF34F8F6B
:107B500062B6BA617B61BB69FB623B6B9B6BBB62CC
:107B6000BB6A002B2FD03B6B93F8443087F827304B
:107B7000B968386B00F0D7F8BB6A5A1E3B6B9A6342
:107B800097F92730B3F1FF3F12D13B6B1B69002BF4
:107B900016D03B6B1033184600F012FF0346002B43
:107BA0000ED07B68002B0BD07B6801221A6007E0A7
:107BB00097F827300133DBB25AB23B6B83F844208D
:107BC00001237B6301E000237B63FB6A3B613B692C
:107BD00083F3118800BF7B6B18463837BD4680BDE4
:107BE00080B584B000AF78607B68002B0DD14FF07A
:107BF000500372B683F31188BFF36F8FBFF34F8FBB
:107C000062B6BB6000BF00BFFDE702F067FC7B68A7
:107C10009B6BFB6002F098FCFB6818461037BD4672
:107C200080BD80B485B000AF78607B685B6A002B54
:107C300006D07B681B6B1B68C3F11403FB6001E07B
:107C40000023FB60FB6818461437BD465DF8047BD3
:107C5000704780B586B000AFF860B9607A600023E5
:107C60007B61FB689B6B3B61FB681B6C002B0DD140
:107C7000FB681B68002B4DD1FB689B68184601F020
:107C80004DF97861FB6800229A6043E07B68002B25
:107C900019D1FB685868FB681B6C1A46B9681FF05D
:107CA00046FDFB685A68FB681B6C1A44FB685A6007
:107CB000FB685A68FB689B689A422BD3FB681A687A
:107CC000FB685A6026E0FB68D868FB681B6C1A46A4
:107CD000B9681FF02CFDFB68DA68FB681B6C5B421F
:107CE0001A44FB68DA60FB68DA68FB681B689A4232
:107CF00007D2FB689A68FB681B6C5B421A44FB68FE
:107D0000DA607B68022B05D13B69002B02D03B690E
:107D1000013B3B613B695A1CFB689A637B691846CF
:107D20001837BD4680BD80B582B000AF786039603D
:107D30007B681B6C002B18D07B68DA687B681B6C37
:107D40001A447B68DA607B68DA687B689B689A42D1
:107D500003D37B681A687B68DA607B68D9687B68C4
:107D60001B6C1A4638681FF0E2FC00BF0837BD469E
:107D700080BD80B584B000AF786002F0AFFB7B6857
:107D800093F84530FB7311E07B685B6A002B12D0DF
:107D90007B682433184600F013FE0346002B01D005
:107DA00000F0F2FEFB7B013BDBB2FB7397F90F3077
:107DB000002BE9DC00E000BF7B68FF2283F8452050
:107DC00002F0C2FB02F08AFB7B6893F84430BB737D
:107DD00011E07B681B69002B12D07B6810331846BA
:107DE00000F0EEFD0346002B01D000F0CDFEBB7B82
:107DF000013BDBB2BB7397F90E30002BE9DC00E0EE
:107E000000BF7B68FF2283F8442002F09DFB00BF87
:107E10001037BD4680BD80B584B000AF786002F0F9
:107E20005DFB7B689B6B002B02D10123FB6001E0B3
:107E30000023FB6002F088FBFB6818461037BD4644
:107E400080BD80B584B000AF786002F047FB7B68EE
:107E50009A6B7B68DB6B9A4202D10123FB6001E0E5
:107E60000023FB6002F070FBFB6818461037BD462C
:107E700080BD000080B485B000AF78603960002319
:107E8000FB6014E00F4AFB6852F83330002B0BD133
:107E90000C49FB683A6841F833200A4AFB68DB006A
:107EA00013447A685A6006E0FB680133FB60FB68A4
:107EB0000F2BE7D900BF00BF1437BD465DF8047B28
:107EC000704700BFF009022080B586B000AFF860AF
:107ED000B9607A60FB687B6102F000FB7B6993F814
:107EE00044305BB2B3F1FF3F03D17B69002283F8DA
:107EF00044207B6993F845305BB2B3F1FF3F03D177
:107F00007B69002283F8452002F01EFB7B699B6B96
:107F1000002B06D17B6924337A68B968184600F0D3
:107F200021FD7869FFF725FF00BF1837BD4680BDEA
:107F300080B58EB004AFF860B9607A603B607B6B4F
:107F4000002B0DD14FF0500372B683F31188BFF3AD
:107F50006F8FBFF34F8F62B63B6200BF00BFFDE77C
:107F6000BB6B002B0DD14FF0500372B683F3118819
:107F7000BFF36F8FBFF34F8F62B6FB6100BF00BFCF
:107F8000FDE75C233B613B695C2B0DD04FF0500358
:107F900072B683F31188BFF36F8FBFF34F8F62B652
:107FA000BB6100BF00BFFDE73B69BB6B002B1ED070
:107FB0007B6B002B1BD0BB6B7B627B6A7A6B1A637B
:107FC0007B6A022283F85920002303937B6A029381
:107FD00007F1140301933B6B00933B687A68B9681F
:107FE000F86800F050F8786A00F0E0F801E000234B
:107FF0007B617B6918462837BD4680BD80B58CB053
:1080000004AFF860B9603B601346FB80FB889B00BF
:10801000184601F05DFF78617B69002B0ED05C2073
:1080200001F056FFF861FB69002B03D0FB697A6908
:108030001A6305E0786902F01DF801E00023FB6196
:10804000FB69002B17D0FB69002283F85920FA88BE
:1080500000230393FB690293FB6A0193BB6A0093BD
:108060003B68B968F86800F00EF8F86900F09EF80F
:108070000123BB6102E04FF0FF33BB61BB691846CF
:108080002037BD4680BD80B588B000AFF860B960CC
:108090007A603B603B6B186B7B689B001A46A5219E
:1080A0001EF00FFC3B6B1A6B79686FF040430B447A
:1080B0009B001344BB61BB6923F00703BB61BB6931
:1080C00003F00703002B0DD04FF0500372B683F37B
:1080D0001188BFF36F8FBFF34F8F62B67B6100BF14
:1080E00000BFFDE7BB68002B1FD00023FB6112E03F
:1080F000BA68FB69134419783A6BFB69134434334B
:108100000A461A70BA68FB6913441B78002B06D024
:10811000FB690133FB61FB690F2BE9D900E000BF6C
:108120003B6B002283F8432003E03B6B002283F883
:108130003420BB6A132B01D91323BB623B6BBA6A91
:10814000DA623B6BBA6ADA643B6B00221A653B6BFE
:1081500004331846FEF755FD3B6B18331846FEF7FF
:1081600050FD3B6B3A6B1A61BB6AC3F114023B6B67
:108170009A613B6B3A6B5A623B6B00225A653B6BD0
:10818000002283F858203A68F968B86902F09AF832
:1081900002463B6B1A60FB6A002B02D0FB6A3A6B0B
:1081A0001A6000BF2037BD4680BD000080B582B098
:1081B00000AF786002F092F92C4B1B6801332B4A18
:1081C00013602B4B1B68002B09D1294A7B68136075
:1081D000264B1B68012B10D100F0FAFC0DE0254B5B
:1081E0001B68002B09D1224B1B68DA6A7B68DB6AAB
:1081F0009A4202D81E4A7B6813601F4B1B680133EA
:108200001D4A13601C4B1A687B685A647B68DB6AE2
:1082100001229A40194B1B681343184A13607B686C
:10822000DA6A13469B0013449B00154A1A447B6884
:10823000043319461046FEF7F1FC02F085F90D4BA8
:108240001B68002B0ED00A4B1B68DA6A7B68DB6A5E
:108250009A4207D20B4B4FF080521A60BFF34F8FF8
:10826000BFF36F8F00BF0837BD4680BD740C02207E
:10827000700A0220800C0220900C02207C0C02204C
:10828000740A022004ED00E080B584B000AF78608D
:1082900002F024F97B68002B02D13A4B1B6800E006
:1082A0007B68FB60FB6804331846FEF714FD034649
:1082B000002B15D1FB68DA6A334913469B0013443F
:1082C0009B000B441B68002B0AD1FB68DB6A012270
:1082D00002FA03F3DA432D4B1B6813402B4A136059
:1082E000FB689B6A002B04D0FB6818331846FEF726
:1082F000F2FC274B1B680133254A1360214B1B6896
:10830000FA689A420BD1FB68043319462148FEF7FC
:1083100085FC214B1B6801331F4A136009E01F4B8A
:108320001B68013B1D4A1360F86800F0F7FC00F081
:1083300027FD02F009F91A4B1B68002B1ED0114BC8
:108340001B68FA689A4219D1164B1B68002B0DD096
:108350004FF0500372B683F31188BFF36F8FBFF3F2
:108360004F8F62B6BB6000BF00BFFDE70E4B4FF002
:1083700080521A60BFF34F8FBFF36F8F00BF10376B
:10838000BD4680BD700A0220740A02207C0C0220C7
:10839000900C0220480C02205C0C0220740C02207D
:1083A000800C02209C0C022004ED00E080B584B01B
:1083B00000AF78600023FB607B68002B1AD0154B60
:1083C0001B68002B0DD04FF0500372B683F3118859
:1083D000BFF36F8FBFF34F8F62B6BB6000BF00BFAC
:1083E000FDE700F087F80021786800F0D7FE00F084
:1083F0008FF8F860FB68002B07D1074B4FF08052D5
:108400001A60BFF34F8FBFF36F8F00BF1037BD46A9
:1084100080BD00BF9C0C022004ED00E080B58AB056
:1084200004AF0023BB6000237B603A46391D07F18F
:108430000803184610F078FB39687B68BA68029226
:1084400001930023009300230A4624492448FFF7A0
:108450006FFD0346234A1360224B1B68002B02D09A
:1084600001237B6101E000237B617B69012B02D149
:1084700000F0FAFE78617B69012B18D14FF05003B0
:1084800072B683F31188BFF36F8FBFF34F8F62B65D
:108490003B6100BF144B4FF0FF321A60134B0122B7
:1084A0001A60134B00221A6001F09AFF11E07B69F9
:1084B000B3F1FF3F0DD14FF0500372B683F3118833
:1084C000BFF36F8FBFF34F8F62B6FB6000BF00BF7B
:1084D000FDE700BF1837BD4680BD00BF808E020893
:1084E000A18B0008980C0220940C0220800C022022
:1084F000780C022080B400AF044B1B680133034AA0
:10850000136000BFBD465DF8047B70479C0C0220E1
:1085100080B584B000AF0023FB600023BB60434BF9
:108520001B68002B0DD14FF0500372B683F31188F6
:10853000BFF36F8FBFF34F8F62B63B6000BF00BFCA
:10854000FDE701F0CBFF394B1B68013B374A136055
:10855000364B1B68002B61D1354B1B68002B5DD05F
:108560002EE0344BDB68DB68FB60FB681833184691
:10857000FEF7B1FBFB6804331846FEF7ACFBFB6863
:10858000DB6A01229A402C4B1B6813432A4A136072
:10859000FB68DA6A13469B0013449B00274A1A447F
:1085A000FB68043319461046FEF738FBFB68DA6AAD
:1085B000234B1B68DB6A9A4202D3224B01221A60CA
:1085C0001C4B1B68002BCCD1FB68002B01D000F0AA
:1085D000D7FB1D4B1B687B607B68002B10D000F025
:1085E00059F80346002B02D0164B01221A607B6813
:1085F000013B7B607B68002BF1D1134B00221A609A
:10860000104B1B68002B09D00123BB600F4B4FF0B0
:1086100080521A60BFF34F8FBFF36F8F01F094FF4A
:10862000BB6818461037BD4680BD00BF9C0C0220B9
:10863000740C0220340C02207C0C0220740A0220EC
:10864000700A0220880C0220840C022004ED00E055
:1086500080B483B000AF054B1B687B607B68184615
:108660000C37BD465DF8047B704700BF780C0220D4
:1086700080B582B000AF02F019F800237B60044B94
:108680001B683B603B6818460837BD4680BD00BF8D
:10869000780C022080B586B000AF00237B61504B80
:1086A0001B68002B40F08B804E4B1B6801333B61F5
:1086B0004C4A3B6913603B69002B23D14A4B1B6832
:1086C0001B68002B0DD04FF0500372B683F3118856
:1086D000BFF36F8FBFF34F8F62B63B6000BF00BF29
:1086E000FDE7414B1B68FB60404B1B683E4A136033
:1086F0003E4AFB6813603E4B1B6801333C4A1360E3
:1087000000F03EFB3B4B1B683A699A4248D3364B1C
:108710001B681B68002B04D1364B4FF0FF321A60E8
:108720003EE0314B1B68DB68DB68BB60BB685B68A5
:108730007B603A697B689A4203D22E4A7B68136059
:108740002EE0BB6804331846FEF7C5FABB689B6A87
:10875000002B04D0BB6818331846FEF7BCFABB6880
:10876000DB6A01229A40244B1B681343224A1360A0
:10877000BB68DA6A13469B0013449B001F4A1A44E5
:10878000BB68043319461046FEF748FABB68DA6A3C
:108790001B4B1B68DB6A9A42B9D301237B61B6E7A6
:1087A000174B1B68DA6A154913469B0013449B005C
:1087B0000B441B68012B07D901237B6104E0114B9B
:1087C0001B6801330F4A13600F4B1B68002B01D04D
:1087D00001237B617B6918461837BD4680BD00BF09
:1087E0009C0C0220780C02202C0C0220300C022061
:1087F0008C0C0220940C02207C0C0220740A0220B3
:10880000700A0220840C0220880C022080B588B0F7
:1088100000AF3B4B1B68002B03D03A4B01221A6080
:1088200069E0384B00221A60374B1B681B6BFB61F9
:108830004FF0A533BB61FB691B68BA699A4211D13D
:10884000FB6904331B68BA699A420BD1FB69083390
:108850001B68BA699A4205D1FB690C331B68BA6977
:108860009A4208D0284B1A68274B1B6834331946A4
:10887000104610F02DF9254B1B68FB60FB68B3FA1E
:1088800083F3FB72FB7AC3F11F037B6120497A6992
:1088900013469B0013449B000B441B68002B0DD117
:1088A0004FF0500372B683F31188BFF36F8FBFF39D
:1088B0004F8F62B67B6000BF00BFFDE77A69134649
:1088C0009B0013449B00124A13443B613B695B6865
:1088D0005A683B695A603B695A683B6908339A4257
:1088E00004D13B695B685A683B695A603B695B68C5
:1088F000DB68054A136000BF2037BD4680BD00BF5E
:108900009C0C0220880C0220700A02207C0C0220A1
:10891000740A022080B584B000AF786039607B684B
:10892000002B0DD14FF0500372B683F31188BFF3C3
:108930006F8FBFF34F8F62B6FB6000BF00BFFDE7D4
:10894000074B1B68183319467868FEF78BF901212D
:10895000386800F023FC00BF1037BD4680BD00BF63
:10896000700A022080B586B000AFF860B9607A6006
:10897000FB68002B0DD14FF0500372B683F31188C2
:10898000BFF36F8FBFF34F8F62B67B6100BF00BF35
:10899000FDE70A4B1B6818331946F868FEF73EF9E5
:1089A0007B68002B02D04FF0FF33BB607968B8685A
:1089B00000F0F4FB00BF1837BD4680BD700A0220EE
:1089C00080B586B000AF78607B68DB68DB683B61B0
:1089D0003B69002B0DD14FF0500372B683F3118821
:1089E000BFF36F8FBFF34F8F62B6FB6000BF00BF56
:1089F000FDE73B6918331846FEF76DF91D4B1B6800
:108A0000002B1CD13B6904331846FEF764F93B691F
:108A1000DB6A01229A40184B1B681343164A136005
:108A20003B69DA6A13469B0013449B00134A1A44BD
:108A30003B69043319461046FEF7F0F805E03B6940
:108A4000183319460E48FEF7E9F83B69DA6A0D4B10
:108A50001B68DB6A9A4205D901237B610A4B01221C
:108A60001A6001E000237B617B6918461837BD4618
:108A700080BD00BF9C0C02207C0C0220740A0220E6
:108A8000340C0220700A0220880C022080B483B0CB
:108A900000AF7860064B1A687B681A60054B1A684D
:108AA0007B685A6000BF0C37BD465DF8047B704799
:108AB0008C0C0220780C022080B588B000AF786062
:108AC00039607B68002B0DD14FF0500372B683F3F1
:108AD0001188BFF36F8FBFF34F8F62B63B6100BF4A
:108AE00000BFFDE73B68002B0DD14FF0500372B67D
:108AF00083F31188BFF36F8FBFF34F8F62B6FB60B4
:108B000000BF00BFFDE701F0E9FC1D4B1B68BB6126
:108B10007B685B68BA69D31A7B613B681B68B3F1F9
:108B2000FF3F02D10023FB6123E07B681A68154BED
:108B30001B689A4207D07B685B68BA699A4202D385
:108B40000123FB6115E03B681B687A699A420BD2EE
:108B50003B681A687B69D21A3B681A607868FFF72D
:108B600095FF0023FB6104E03B6800221A600123AB
:108B7000FB6101F0E9FCFB6918462037BD4680BD6A
:108B8000780C02208C0C022080B400AF034B012231
:108B90001A6000BFBD465DF8047B7047880C022058
:108BA00080B582B000AF786000F052F8064B1B68C9
:108BB000012BF9D9054B4FF080521A60BFF34F8F4C
:108BC000BFF36F8FF0E700BF740A022004ED00E0EE
:108BD00080B582B000AF00237B600CE07A6813465A
:108BE0009B0013449B00124A13441846FDF7E9FF0B
:108BF0007B6801337B607B68132BEFD90D48FDF751
:108C0000E0FF0D48FDF7DDFF0C48FDF7DAFF0C48EB
:108C1000FDF7D7FF0B48FDF7D4FF0B4B054A1A6051
:108C20000A4B054A1A6000BF0837BD4680BD00BF29
:108C3000740A0220040C0220180C0220340C0220BA
:108C4000480C0220600C02202C0C0220300C022068
:108C500080B582B000AF19E001F040FC104BDB683A
:108C6000DB687B607B6804331846FEF734F80D4BF5
:108C70001B68013B0B4A13600B4B1B68013B0A4A04
:108C8000136001F061FC786800F048F8064B1B683F
:108C9000002BE1D100BF00BF0837BD4680BD00BF3B
:108CA000480C0220740C02205C0C022080B485B0B9
:108CB00000AF78600023FB6005E07B6801337B60D8
:108CC000FB680133FB607B681B78A52BF5D0FB6844
:108CD0009B08FB60FB689BB218461437BD465DF8E5
:108CE000047B704780B586B000AF78607B68002B4E
:108CF00002D1094B1B6800E07B687B617B691B6BC1
:108D00003B613869FFF7D2FF0346FB60FB681846FA
:108D10001837BD4680BD00BF700A022080B584B000
:108D200000AF78607B6893F85930002B08D17B68DE
:108D30001B6B184601F09EF9786801F09BF91BE067
:108D40007B6893F85930012B03D1786801F092F9D0
:108D500012E07B6893F85930022B0DD04FF050038E
:108D600072B683F31188BFF36F8FBFF34F8F62B674
:108D7000FB6000BF00BFFDE700BF1037BD4680BDF0
:108D800080B483B000AF0C4B1B681B68002B04D170
:108D90000A4B4FF0FF321A6008E0074B1B68DB6894
:108DA000DB687B607B685B68044A136000BF0C373C
:108DB000BD465DF8047B70472C0C0220940C022009
:108DC00080B483B000AF054B1B687B607B6818469E
:108DD0000C37BD465DF8047B704700BF700A022067
:108DE00080B483B000AF0B4B1B68002B02D1012372
:108DF0007B6008E0084B1B68002B02D102237B60DC
:108E000001E000237B607B6818460C37BD465DF8A7
:108E1000047B7047800C02209C0C022080B584B03B
:108E200000AF78607B68BB600023FB607B68002B31
:108E300069D0BB68DA6A364B1B68DB6A9A4259D242
:108E4000BB689B69002B06DB314B1B68DB6AC3F1F7
:108E50001402BB689A61BB685969BB68DA6A134639
:108E60009B0013449B002B4A134499423AD1BB68A0
:108E700004331846FDF72FFF0346002B15D1BB68BE
:108E8000DA6A244913469B0013449B000B441B6879
:108E9000002B0AD1BB68DB6A012202FA03F3DA4332
:108EA0001D4B1B6813401C4A1360194B1B68DA6A80
:108EB000BB68DA62BB68DB6A01229A40164B1B680A
:108EC0001343154A1360BB68DA6A13469B001344C8
:108ED0009B00104A1A44BB68043319461046FDF73C
:108EE0009DFE04E00A4B1B68DA6ABB68DA62012364
:108EF000FB6008E0BB68DA6C054B1B68DB6A9A42D2
:108F000001D20123FB60FB6818461037BD4680BDC7
:108F1000700A0220740A02207C0C022080B586B000
:108F200000AF78607B683B6100237B617B68002B2E
:108F300074D03D4B1B683A699A420DD04FF05003F4
:108F400072B683F31188BFF36F8FBFF34F8F62B692
:108F5000FB6000BF00BFFDE73B691B6D002B0DD11F
:108F60004FF0500372B683F31188BFF36F8FBFF3D6
:108F70004F8F62B6BB6000BF00BFFDE73B691B6D52
:108F80005A1E3B691A653B69DA6A3B69DB6C9A4297
:108F900044D03B691B6D002B40D13B69043318461C
:108FA000FDF799FE0346002B15D13B69DA6A1F498C
:108FB00013469B0013449B000B441B68002B0AD1F3
:108FC0003B69DB6A012202FA03F3DA43184B1B68A0
:108FD0001340174A13603B69DA6C3B69DA623B69FC
:108FE000DB6AC3F114023B699A613B69DB6A0122C7
:108FF0009A400F4B1B6813430D4A13603B69DA6AB2
:1090000013469B0013449B00084A1A443B690433EF
:1090100019461046FDF702FE01237B617B69184665
:109020001837BD4680BD00BF700A0220740A0220B6
:109030007C0C022080B588B000AF786039607B6816
:10904000BB6101237B617B68002B00F08980BB69D9
:109050001B6D002B0DD14FF0500372B683F31188B6
:10906000BFF36F8FBFF34F8F62B6FB6000BF00BFCF
:10907000FDE7BB69DB6C3A689A4202D93B68FB6149
:1090800002E0BB69DB6CFB61BB69DB6AFA699A428F
:1090900066D0BB691B6D7A699A4261D1324B1B68FD
:1090A000BA699A420DD14FF0500372B683F311881A
:1090B000BFF36F8FBFF34F8F62B6BB6000BF00BFBF
:1090C000FDE7BB69DB6A3B61BB69FA69DA62BB69D0
:1090D0009B69002B04DBFB69C3F11402BB699A6135
:1090E000BB6959693A6913469B0013449B001F4AA8
:1090F0001344994234D1BB6904331846FDF7EBFDA4
:109100000346002B15D1BB69DA6A184913469B0048
:1091100013449B000B441B68002B0AD1BB69DB6A1C
:10912000012202FA03F3DA43114B1B681340104A81
:109130001360BB69DB6A01229A400D4B1B68134325
:109140000B4A1360BB69DA6A13469B0013449B0009
:10915000064A1A44BB69043319461046FDF75EFD02
:1091600000BF2037BD4680BD700A0220740A02206D
:109170007C0C022080B400AF074B1B68002B04D08E
:10918000054B1B681A6D01321A65034B1B681846A4
:10919000BD465DF8047B7047700A022080B584B03C
:1091A00000AF78603960294B1B68FB60284B1B6857
:1091B00004331846FDF78FFD0346002B0BD1244BDB
:1091C0001B68DB6A012202FA03F3DA43214B1B68B6
:1091D0001340204A13607B68B3F1FF3F0AD13B681C
:1091E000002B07D01A4B1B68043319461A48FDF7A9
:1091F00015FD26E0FA687B681344BB60144B1B68BE
:10920000BA685A60BA68FB689A4209D2134B1A6866
:109210000F4B1B68043319461046FDF723FD10E081
:109220000F4B1A680A4B1B68043319461046FDF7AA
:1092300019FD0C4B1B68BA689A4202D2094ABB68F6
:10924000136000BF1037BD4680BD00BF780C022000
:10925000700A02207C0C0220600C0220300C0220DC
:109260002C0C0220940C022080B58AB004AF00239D
:109270007B6100F003FB1E4B1B68002B21D00023F9
:10928000FB600023BB603A1D07F1080107F10C03E6
:1092900018460FF063FC7968BB68FA680292019384
:1092A0000423009300230A4612491348FEF740FEA8
:1092B0000346124A1360114B1B68002B01D0012397
:1092C0007B617B69002B0DD14FF0500372B683F3A5
:1092D0001188BFF36F8FBFF34F8F62B63B6100BF42
:1092E00000BFFDE77B6918461837BD4680BD00BF4B
:1092F000D00C0220888E020841940008D40C022071
:1093000080B58AB000AFF860B9607A603B60002336
:109310007B62FB68002B0DD14FF0500372B683F3D4
:109320001188BFF36F8FBFF34F8F62B63B6200BFF0
:1093300000BFFDE7194B1B68002B2AD0BB687B617F
:109340007B68BB61FB68FB61BB68052B18DCFFF722
:1093500047FD0346022B09D1104B186807F1140191
:1093600000233A6BFDF76EFF786212E00B4B186832
:1093700007F1140100230022FDF764FF786208E082
:10938000064B186807F1140100233A68FEF764F8E9
:1093900078627B6A18462837BD4680BDD00C022013
:1093A00080B588B002AF78603960244B1B68DB68F9
:1093B000DB687B617B6904331846FDF78CFC7B69B5
:1093C00093F8283003F00403002B25D07B699A69B9
:1093D0007B68D1187B683A68786900F0D7F8034653
:1093E000002B22D00023009300237A6800217869A3
:1093F000FFF786FF38613B69002B16D14FF0500311
:1094000072B683F31188BFF36F8FBFF34F8F62B6CD
:10941000FB6000BF00BFFDE77B6993F8283023F0B5
:109420000103DAB27B6983F828207B691B6A7869BB
:10943000984700BF1837BD4680BD00BFC80C02204A
:1094400080B584B000AF786007F10803184600F0DB
:1094500059F8F860BB681946F86800F005F800F0A4
:10946000D7F800BFF0E7000080B584B000AF7860A7
:109470003960FFF73FF807F10803184600F066F877
:10948000F860BB68002B30D13B68002B0AD17A68AA
:10949000FB689A4206D8FFF73BF8F9687868FFF74F
:1094A0007FFF24E03B68002B08D0134B1B681B6830
:1094B000002B01D1012300E000233B600F4B186813
:1094C0007A68FB68D31A3A681946FEF7FDFCFFF785
:1094D0001FF80346002B0AD1094B4FF080521A6047
:1094E000BFF34F8FBFF36F8F01E0FFF711F800BF9D
:1094F0001037BD4680BD00BFCC0C0220D00C02202E
:1095000004ED00E080B485B000AF78600E4B1B68BE
:109510001B68002B01D1012200E000227B681A6049
:109520007B681B68002B05D1074B1B68DB681B6839
:10953000FB6001E00023FB60FB6818461437BD4662
:109540005DF8047B704700BFC80C022080B584B072
:1095500000AF7860FFF77CF8F8600B4B1B68FA6887
:109560009A4205D200F022F97B6801221A6002E0DB
:109570007B6800221A60044AFB681360FB68184687
:109580001037BD4680BD00BFD80C022080B586B024
:1095900000AFF860B9607A603B6000237B61FB68D4
:1095A000BA685A60FB68FA681A61BA687B689A42BE
:1095B00012D87A683B68D21AFB689B699A4202D338
:1095C00001237B611BE0104B1A68FB6804331946CA
:1095D0001046FDF747FB12E07A683B689A4206D2D4
:1095E000BA683B689A4202D301237B6107E0074BCC
:1095F0001A68FB68043319461046FDF733FB7B6994
:1096000018461837BD4680BDCC0C0220C80C02207D
:1096100080B58CB002AFB6E0BB68002BC0F2B3805F
:109620003B697B627B6A5B69002B04D07B6A0433F5
:109630001846FDF750FB3B1D1846FFF787FF3862C1
:10964000BB68092B00F29C8001A252F823F000BFF6
:10965000799600087996000879960008F396000834
:109660000797000857970008799600087996000830
:10967000F3960008079700087B6A93F8283043F0B8
:109680000103DAB27B6A83F82820FA687B6A9B6957
:10969000D118FB683A6A786AFFF778FF0346002B17
:1096A00070D07B6A1B6A786A98477B6A93F8283087
:1096B00003F00403002B65D0FA687B6A9B691A44A7
:1096C0000023009300230021786AFFF719FEF86158
:1096D000FB69002B56D14FF0500372B683F311880B
:1096E000BFF36F8FBFF34F8F62B6BB6100BF00BF88
:1096F000FDE77B6A93F8283023F00103DAB27B6A36
:1097000083F828203FE07B6A93F8283043F0010378
:10971000DAB27B6A83F82820FA687B6A9A617B6AEE
:109720009B69002B0DD14FF0500372B683F3118863
:10973000BFF36F8FBFF34F8F62B67B6100BF00BF77
:10974000FDE77B6A9A693B6AD1183B6A3A6A786A94
:10975000FFF71CFF17E07B6A93F8283003F0020341
:10976000002B03D1786A00F085FC0CE07B6A93F84B
:10977000283023F00103DAB27B6A83F8282002E064
:1097800000BF00E000BF084B1B6807F10801002282
:109790001846FDF79DFF0346002B7FF43DAF00BF49
:1097A00000BF2837BD4680BDD00C022080B588B0F0
:1097B00002AF4BE02F4B1B68DB681B683B612D4BF6
:1097C0001B68DB68DB68FB60FB6804331846FDF749
:1097D00082FAFB681B6AF8689847FB6893F82830A0
:1097E00003F00403002B31D0FB689B693A691344F2
:1097F000BB60BA683B699A420ED9FB68BA685A6086
:10980000FB68FA681A611B4B1A68FB680433194637
:109810001046FDF727FA19E00023009300233A6968
:109820000021F868FFF76CFD78607B68002B0DD194
:109830004FF0500372B683F31188BFF36F8FBFF3FD
:109840004F8F62B63B6000BF00BFFDE7094B1B684E
:109850001B68002BAED1074B1B687B61064B1B6856
:10986000044A1360044A7B69136000BF1837BD4681
:1098700080BD00BFC80C0220CC0C022080B582B095
:1098800002AF00F02BFE154B1B68002B20D11448B3
:10989000FDF797F91348FDF794F9134B104A1A6036
:1098A000124B104A1A6000230093114B114A0C21ED
:1098B0001020FDF7A7FA0346084A1360074B1B6800
:1098C000002B05D0054B1B680B491846FEF7D2FA52
:1098D00000F03AFE00BFBD4680BD00BFD00C0220A4
:1098E000A00C0220B40C0220C80C0220CC0C0220D8
:1098F0009C0D0220DC0C0220908E020880B485B002
:1099000000AF0346FB800023FB60B7F90630842BD1
:1099100005D0B7F90620FB6813440333FB60FB68EE
:1099200018461437BD465DF8047B704780B483B099
:1099300000AFEFF305837B607B68002B14BF01232E
:109940000023DBB218460C37BD465DF8047B704738
:1099500080B500AFFEF762FD0023184680BD80B5DC
:1099600000AFFFF7E3FF0346002B03D0FEF780FEB6
:10997000034602E0FEF76CFE0346184680BDF0B5D4
:1099800089B004AF786039607B685B69002B20D0B8
:109990007B689B69002B1CD07B685C687B681D68BA
:1099A0007B681E697B68B3F908301846FFF7A6FF8D
:1099B00001467B685B697A68926902920193009123
:1099C0003B68324629462046FEF7B2FA0346FB6062
:1099D0001CE07B685C687B681D687B681B699EB2C5
:1099E0007B68B3F908301846FFF788FF024607F195
:1099F0000C03019300923B68324629462046FEF74D
:109A0000FDFA0346012B01D0002300E0FB68184655
:109A10001437BD46F0BD80B582B000AF786078687D
:109A2000FEF732FC002318460837BD4680BD80B5DE
:109A300084B000AF78607B68FB60FB68002B01D0CE
:109A4000FB6800E001231846FEF7B0FC002318462F
:109A50001037BD4680BD80B582B000AF78607B68AE
:109A60005B68002B07D07B685B6819460120FDF717
:109A7000E8FA034603E00120FDF7CBFA0346184657
:109A80000837BD4680BD000080B584B000AF786067
:109A900039600023BB607B68002B01D180233AE052
:109AA0000023FB603B68B3F1FF3F03D14FF0FF336E
:109AB000FB6009E03B68002B06D03B68FB60FB685D
:109AC000002B01D10123FB60FFF730FF0346002B81
:109AD00017D007F108031A4600217868FDF7F8FF50
:109AE0000346012B01D0FF2315E0BB68002B11D0EA
:109AF0000B4B4FF080521A60BFF34F8FBFF36F8F45
:109B000008E0F9687868FDF7CBFE0346012B01D029
:109B1000FF2300E0002318461037BD4680BD00BF7C
:109B200004ED00E080B584B000AF78600023FB60F6
:109B30000023BB60FFF7FAFE0346002B16D007F1A7
:109B4000080319467868FDF72AFD0346012B01D06A
:109B5000FF2317E0BB68002B13D00C4B4FF0805253
:109B60001A60BFF34F8FBFF36F8F0AE0002300220C
:109B700000217868FDF766FB0346012B01D0FF2327
:109B8000FB60FB6818461037BD4680BD04ED00E061
:109B900080B586B002AF786039607B685B68002B67
:109BA00016D03B68012B0AD17B685B6803220092C8
:109BB000002200210120FDF725F9034623E0386843
:109BC00039687B685B681A46FDF7C6FA03461AE0F7
:109BD0003B68012B10D1032200210120FDF799F9E8
:109BE000F860FB68002B05D0002300220021F868F4
:109BF000FDF728FBFB6806E03B683A68114618460B
:109C0000FDF7E7FA034618461037BD4680BD000051
:109C100080B584B000AF786039600023BB607B689A
:109C2000002B01D180233AE00023FB603B68B3F1B5
:109C3000FF3F03D14FF0FF33FB6009E03B68002B8F
:109C400006D03B68FB60FB68002B01D10123FB6061
:109C5000FFF76CFE0346002B17D007F108031A46E6
:109C600000217868FDF734FF0346012B01D0FF2364
:109C700015E0BB68002B11D00B4B4FF080521A60DF
:109C8000BFF34F8FBFF36F8F08E0F9687868FDF777
:109C900007FE0346012B01D0FF2300E000231846F6
:109CA0001037BD4680BD00BF04ED00E080B584B034
:109CB00000AF78600023FB600023BB60FFF736FE37
:109CC0000346002B16D007F1080319467868FDF704
:109CD00066FC0346012B01D0FF2317E0BB68002B75
:109CE00013D00C4B4FF080521A60BFF34F8FBFF36D
:109CF0006F8F0AE00023002200217868FDF7A2FAA6
:109D00000346012B01D0FF23FB60FB681846103788
:109D1000BD4680BD04ED00E090B585B002AF78602F
:109D200039607B689B68002B11D07B68DB68002B57
:109D30000DD07B6818687B6859687B689A687B6877
:109D4000DB6800240094FDF75DF8034608E07B68BB
:109D500018687B685B6800221946FDF7DAF803464D
:109D600018460C37BD4690BD80B586B000AFF86090
:109D7000B9607A6000233B617B687B617B69002B63
:109D800001D101237B61FFF7D1FD0346002B18D0E1
:109D900007F1100207F108010023F868FDF75CFBEA
:109DA0000346012B01D0FF2318E03B69002B14D0A0
:109DB0000C4B4FF080521A60BFF34F8FBFF36F8F81
:109DC0000BE007F1080100237A69F868FDF73AFA19
:109DD0000346012B01D0FF2300E00023184618376B
:109DE000BD4680BD04ED00E090B58BB000AFF860DB
:109DF000B9607A60BB68FB610023BB61BB68002B64
:109E00000AD180237B61FB681C4607F1140393E8A9
:109E1000070084E8070054E000233B6200237B62D4
:109E20007B68B3F1FF3F03D14FF0FF337B6209E062
:109E30007B68002B06D07B687B627B6A002B01D19C
:109E400001237B62FFF772FD0346002B1CD007F154
:109E5000200207F1140304331946B868FDF738FEF1
:109E60000346012B02D110237B6101E000237B61BB
:109E70003B6A002B1DD0154B4FF080521A60BFF388
:109E80004F8FBFF36F8F14E007F1140304337A6A26
:109E90001946B868FDF71CFC0346012B02D11023BC
:109EA0007B6106E07B6A002B01D1002300E04023A8
:109EB0007B61FB681C4607F1140393E8070084E804
:109EC0000700F8682C37BD4690BD00BF04ED00E0E8
:109ED00080B58AB000AF78600023FB61FEF70AFB13
:109EE0005F4B1B68002B01D100F030F95D4B1A6805
:109EF0007B681340002B40F094807B68002B20D0BF
:109F000008227B6813447B607B6803F00703002B07
:109F100017D07B6823F0070308337B607B6803F06E
:109F20000703002B0DD04FF0500372B683F3118856
:109F3000BFF36F8FBFF34F8F62B67B6100BF00BF6F
:109F4000FDE77B68002B6CD0474B1B687A689A4210
:109F500067D8464B3B62454B1B687B6204E07B6ADB
:109F60003B627B6A1B687B627B6A5B687A689A42A9
:109F700003D97B6A1B68002BF1D1394B1B687A6AC5
:109F80009A424ED03B6A1B6808221344FB617B6AED
:109F90001A683B6A1A607B6A5A687B68D21A08237F
:109FA0005B009A4222D97A6A7B681344BB61BB6921
:109FB00003F00703002B0DD04FF0500372B683F36C
:109FC0001188BFF36F8FBFF34F8F62B63B6100BF45
:109FD00000BFFDE77B6A5A687B68D21ABB695A608A
:109FE0007B6A7A685A60B86900F012F91E4B1A68E9
:109FF0007B6A5B68D31A1C4A13601B4B1A681C4BA4
:10A000001B689A4203D2184B1B68194A13607B6A7B
:10A010005A68144B1B681A437B6A5A607B6A002299
:10A020001A60FEF775FAFB69002B01D10EF074FD82
:10A03000FB6903F00703002B0DD04FF0500372B6FD
:10A0400083F31188BFF36F8FBFF34F8F62B6FB604E
:10A0500000BF00BFFDE7FB6918462837BD4680BD3D
:10A06000F49D0320009E0320F89D0320EC9D032017
:10A07000FC9D032080B586B000AF78607B687B6173
:10A080007B68002B4ED008235B427A6913447B61C6
:10A090007B693B613B695A68244B1B681340002B6A
:10A0A0000DD14FF0500372B683F31188BFF36F8F59
:10A0B000BFF34F8F62B6FB6000BF00BFFDE73B6997
:10A0C0001B68002B0DD04FF0500372B683F311883C
:10A0D000BFF36F8FBFF34F8F62B6BB6000BF00BF8F
:10A0E000FDE73B695A68114B1B681340002B19D0E0
:10A0F0003B691B68002B15D13B695A680B4B1B68E9
:10A10000DB431A403B695A60FEF7F4F93B695A6831
:10A11000074B1B681344064A1360386900F078F84F
:10A12000FEF7F6F900BF1837BD4680BD009E03203C
:10A13000F89D032080B400AF034B1B681846BD4652
:10A140005DF8047B704700BFF89D032080B485B0A4
:10A1500000AF4FF4C833BB60274BFB60FB6803F0D4
:10A160000703002B0CD0FB680733FB60FB6823F070
:10A170000703FB60BA68FB68D31A1F4A1344BB602D
:10A18000FB687B601D4A7B6813601C4B00225A6091
:10A190007B68BA681344FB600822FB689B1AFB606B
:10A1A000FB6823F00703FB60FB68154A1360144B40
:10A1B0001B6800225A60124B1B6800221A607B68E1
:10A1C0003B603B68FA68D21A3B685A600C4B1A68CD
:10A1D0003B681A603B685B680A4A13603B685B68CF
:10A1E000094A1360094B4FF000421A6000BF143750
:10A1F000BD465DF8047B7047EC0D0220EC9D03200A
:10A20000F49D0320FC9D0320F89D0320009E032065
:10A2100080B485B000AF7860284BFB6002E0FB683B
:10A220001B68FB60FB681B687A689A42F7D8FB687A
:10A23000BB60FB685B68BA6813447A689A4208D1CD
:10A24000FB685A687B685B681A44FB685A60FB6865
:10A250007B607B68BB607B685B68BA681A44FB689C
:10A260001B689A4218D1FB681A68154B1B689A4202
:10A270000DD07B685A68FB681B685B681A447B6872
:10A280005A60FB681B681A687B681A6008E00C4B10
:10A290001A687B681A6003E0FB681A687B681A60BA
:10A2A000FA687B689A4202D0FB687A681A6000BF3D
:10A2B0001437BD465DF8047B704700BFEC9D03205A
:10A2C000F49D032080B485B000AFF860B9607A6077
:10A2D000FB68043BFB60FB684FF080721A60FB6810
:10A2E000043BFB60BB6823F00102FB681A60FB685B
:10A2F000043BFB600C4AFB681A60FB68143BFB6084
:10A300007A68FB681A60FB68043BFB60FB686FF0CF
:10A3100002021A60FB68203BFB60FB68184614379A
:10A32000BD465DF8047B70472DA3000880B485B05E
:10A3300000AF00237B60154B1B68B3F1FF3F0DD0CE
:10A340004FF0500372B683F31188BFF36F8FBFF3E2
:10A350004F8F62B6FB6000BF00BFFDE74FF05003B8
:10A3600072B683F31188BFF36F8FBFF34F8F62B65E
:10A37000BB6000BF00BF7B68002BFCD000BF00BFEC
:10A380001437BD465DF8047B704700BF0C00022007
:10A39000074B19680868B0E8F04F80F30988BFF3ED
:10A3A0006F8F4FF0000080F311887047AFF300808B
:10A3B000700A022000BF00BF08480068006880F3F0
:10A3C00008884FF0000080F3148862B661B6BFF3CE
:10A3D0004F8FBFF36F8F00DF00BF00BF08ED00E0BD
:10A3E00080B584B000AF374BFB60FB681B78DBB2F5
:10A3F0007B60FB68FF221A70FB681B78DBB2FB7086
:10A40000FB78DBB203F05003DAB22F4B1A702F4BFC
:10A4100007221A6009E02D4B1B68013B2B4A136091
:10A42000FB78DBB25B00DBB2FB70FB78DBB203F0E6
:10A430008003802BEFD0254B1B68C3F10703042B4F
:10A440000DD04FF0500372B683F31188BFF36F8FB6
:10A45000BFF34F8F62B6BB6000BF00BFFDE71B4B71
:10A460001B681B02194A1360184B1B6803F4E06356
:10A47000164A13607B68DAB2FB681A70144B1B68CB
:10A48000134A43F470031360114B1B68104A43F0E6
:10A490007043136000F0DCF80E4B00221A6000F0ED
:10A4A000FBF80D4B1B680C4A43F040431360FFF769
:10A4B00083FFFEF7ABF9FFF739FF0023184610378B
:10A4C000BD4680BD00E400E0049E0320089E0320FA
:10A4D00020ED00E00C00022034EF00E080B483B0F7
:10A4E00000AF4FF0500372B683F31188BFF36F8F44
:10A4F000BFF34F8F62B67B6000BF114B1B68013307
:10A500000F4A13600E4B1B68012B12D10D4B1B68B9
:10A51000DBB2002B0DD04FF0500372B683F31188DD
:10A52000BFF36F8FBFF34F8F62B63B6000BF00BFBA
:10A53000FDE700BF0C37BD465DF8047B704700BFE8
:10A540000C00022004ED00E080B483B000AF134B98
:10A550001B68002B0DD14FF0500372B683F31188A6
:10A56000BFF36F8FBFF34F8F62B67B6000BF00BF3A
:10A57000FDE70A4B1B68013B084A1360074B1B6849
:10A58000002B05D100233B603B6883F3118800BF9B
:10A5900000BF0C37BD465DF8047B70470C000220FD
:10A5A000EFF30980BFF36F8F154B1A681EF0100F81
:10A5B00008BF20ED108A20E9F04F106009B44FF079
:10A5C000500072B680F31188BFF34F8FBFF36F8FC7
:10A5D00062B6FEF71BF94FF0000080F3118809BC4A
:10A5E00019680868B0E8F04F1EF0100F08BFB0EC13
:10A5F000108A80F30988BFF36F8F7047AFF3008034
:10A60000700A022000BF00BF80B582B000AF4FF0DB
:10A61000500372B683F31188BFF36F8FBFF34F8F70
:10A6200062B67B6000BFFEF735F80346002B03D00F
:10A63000064B4FF080521A6000233B603B6883F367
:10A64000118800BF00BF0837BD4680BD04ED00E0A3
:10A6500080B400AF0B4B00221A600B4B00221A6033
:10A660000A4B1B680A4AA2FB03239B09094A013BC8
:10A670001360044B07221A6000BFBD465DF8047BDF
:10A68000704700BF10E000E018E000E0000002208A
:10A69000D34D621014E000E0DFF80C00016841F4D3
:10A6A00070010160704700BF88ED00E080B485B0A4
:10A6B00000AFEFF30583FB60FB680F2B17D91A4A35
:10A6C000FB6813441B78FB72184B1B78FA7A9A428A
:10A6D0000DD24FF0500372B683F31188BFF36F8F22
:10A6E000BFF34F8F62B67B6000BF00BFFDE7104B2A
:10A6F0001B6803F4E0620F4B1B689A420DD94FF0C0
:10A70000500372B683F31188BFF36F8FBFF34F8F7F
:10A7100062B63B6000BF00BFFDE700BF1437BD4617
:10A720005DF8047B704700BFF0E300E0049E032067
:10A730000CED00E0089E032080B586B000AF786085
:10A7400039600E23FB827B685B890E2B6ED97B6898
:10A75000DB7B002B06D13B6893F834300133DAB24F
:10A760007B68DA737B685B683B613B691A7B5B7B68
:10A770001B021343FB813B691B7803F00103002B91
:10A7800023D03B691B78012B0FD13B695B78002BF1
:10A790001BD13B699B785E2B17D17B685B7B43F0B9
:10A7A0001003DAB27B685A730FE03B69062228492E
:10A7B00018461CF05DF80346002B06D17B685B7BD6
:10A7C00043F00803DAB27B685A73FB89082B03D085
:10A7D000B3F5C16F14D032E03B6893F8313003F029
:10A7E0000803002B24D0FB8A1946786801F0D0FEBC
:10A7F0000346002B1ED1396878680AF037FD13E054
:10A800003B6893F8313003F00803002B14D0FB8A27
:10A810001946786801F0BCFE0346002B0ED139685A
:10A82000786809F083FE00BF00230CE000BF06E05B
:10A8300000BF04E000BF02E000BF00E000BF786896
:10A8400001F02CFF002318461837BD4680BD00BF1D
:10A8500008EA020880B586B000AFF860B9607A6097
:10A860003B603B8C184600F079FA0346FB820E21D0
:10A87000B86801F07DFE0346002B25D1BB685B68FC
:10A880003B613B69FA8A9A813B690622396818461E
:10A890001CF04DFF3B6906330622796818461CF010
:10A8A00046FFFB6893F83030062B06D00A4B4FF476
:10A8B00099720A490A481BF03BFEFB689B69B9681C
:10A8C000F8689847034602E000BF6FF0010318469E
:10A8D0001837BD4680BD00BF988E0208E88E02087A
:10A8E0001C8F020880B584B000AF78607B68FB6085
:10A8F000FB685868FB689968FB68DA68FB681B6945
:10A9000001F0BEF9002318461037BD4680BD80B562
:10A9100084B000AF78607B68FB60FB68DB68002B6D
:10A9200007D0FB68DB68FA68526810469847034610
:10A9300006E0FB689B68FA68526810469847002357
:10A9400018461037BD4680BD80B58EB000AFF860A8
:10A95000B9607A603B60BB68002B01D1114BBB60D2
:10A960007B68002B01D10F4B7B603B68002B01D132
:10A970000C4B3B60FB68BB61BB68FB617B683B6267
:10A980003B687B6207F114031946074800F084F91D
:10A99000034687F8373097F9373018463837BD46C1
:10A9A00080BD00BF30EB0208E5A8000880B58EB07E
:10A9B00000AFF860B9607A60FB68BB61BB68FB619F
:10A9C0007B683B6207F114031946064800F064F9FE
:10A9D000034687F8373097F9373018463837BD4681
:10A9E00080BD00BF0FA9000880B584B000AF7860BB
:10A9F000396008F0B3FAF860FB68B3F1FF3F0BD1A0
:10AA000013480BF02EFF0022396878680BF0A0FE87
:10AA10000F480BF017FF18E0FB68002B02D108F07D
:10AA200063FAE6E70A480BF01CFFFA6839687868B1
:10AA30000BF08EFEB86006480BF004FFBB68B3F164
:10AA4000FF3F02D108F050FAD3E71037BD4680BD72
:10AA5000189E032080B584B000AF786010480BF0DA
:10AA6000F1FE104B1B68002B05D00E4B1B680E4AE5
:10AA700012681046984707F10C0319460B48FFF778
:10AA8000B3FFFB68002B06D1094B912209490A4804
:10AA90001BF04EFD03E0FB68184600F00FF8EAE7F4
:10AAA000189E03200C9E0320109E0320149E03205A
:10AAB000448F0208908F0208B08F020880B582B0E0
:10AAC00000AF78607B681B78022B26D0022B2BDC32
:10AAD000002B02D0012B15D026E07B68DB687A685A
:10AAE00050687A689268114698470346002B04D054
:10AAF0007B685B68184601F0D1FD7968092000F099
:10AB0000A3FE18E07B685B687A68926810469847F5
:10AB10007968082000F098FE0DE07B685B687A6831
:10AB200092681046984706E0054BCF220549064833
:10AB30001BF0FEFC00BF00BF0837BD4680BD00BF54
:10AB4000448F0208908F0208B08F020880B586B04B
:10AB500000AFF860B9607A601A480BF038FE03461F
:10AB6000002B05D1184BFC22184919481BF0E0FCBA
:10AB7000092000F0F3FD78617B69002B02D14FF0D2
:10AB8000FF331AE07B6900221A707B69FA685A6009
:10AB90007B69BA689A607B697A68DA607969094882
:10ABA0000BF0BCFD0346002B06D07969092000F0AC
:10ABB0004BFE4FF0FF3300E0002318461837BD4628
:10ABC00080BD00BF149E0320448F0208D88F020866
:10ABD000B08F020880B582B000AF786039603B6802
:10ABE00093F8313003F01803002B06D0084A396877
:10ABF0007868FFF7ABFF034605E0064A39687868D6
:10AC0000FFF7A4FF034618460837BD4680BD00BFC6
:10AC100039A700086D52010880B584B000AF786094
:10AC2000396019480BF0D3FD0346002B06D1174BB2
:10AC300040F25D12164917481BF07AFC082000F01C
:10AC40008DFDF860FB68002B02D14FF0FF3317E059
:10AC5000FB6801221A70FB687A685A60FB683A68E0
:10AC60009A60F96808480BF059FD0346002B06D09E
:10AC7000F968082000F0E8FD4FF0FF3300E0002302
:10AC800018461037BD4680BD149E0320448F02082D
:10AC9000D88F0208B08F020880B584B000AF78600A
:10ACA000396008480BF0CEFD7B683868984703464A
:10ACB000FB7304480BF0D5FD97F90F301846103799
:10ACC000BD4680BD189E032080B584B002AF786079
:10ACD000396000F072F8174A7B681360164A3B68C7
:10ACE0001360062115480BF0F7FC0346002B06D035
:10ACF000134B40F26122134913481BF019FC13480F
:10AD00000BF084FD0346002B06D00D4B40F265226C
:10AD10000F490D481BF00CFC002300934FF48053A7
:10AD200000220C490C480BF0A9FD00BF0837BD46B6
:10AD300080BD00BF0C9E0320109E0320149E0320A4
:10AD4000448F0208E88F0208B08F0208189E032083
:10AD50000C90020855AA00083090020880B483B015
:10AD600000AF0346FB80B7F906301B021AB2FB881E
:10AD70001B0A9BB21BB213431BB29BB218460C3783
:10AD8000BD465DF8047B704780B483B000AF786047
:10AD90007B681A067B681B0203F47F031A437B68F7
:10ADA0001B0A03F47F431A437B681B0E13431846A8
:10ADB0000C37BD465DF8047B704780B582B000AFAC
:10ADC00000237B600BF014FD00F0D4F800F058FC79
:10ADD00000F064FD08F0FAF801F0F8FF08F002F85E
:10ADE00000BF0837BD4680BD80B483B000AF0346C6
:10ADF000FB80054B1A68FB88134418460C37BD4688
:10AE00005DF8047B704700BF4CFE032080B483B024
:10AE100000AF7860054B1B687A68D31A9BB218465E
:10AE20000C37BD465DF8047B704700BF4CFE032025
:10AE300090B585B000AF7860454B1B687A689A4240
:10AE400006D2444B40F2DF12434944481BF070FBEA
:10AE5000434B1B687A689A4206D33E4B4FF4F0721C
:10AE600040493E481BF064FB7B681B79002B06D0F1
:10AE7000384B40F2E1123C4938481BF059FB7B68E3
:10AE80001B88B3F5C04F06D9324B4FF4F2723749E5
:10AE900032481BF04DFB7B681B881846FFF7A4FF68
:10AEA000F8607A68FB689A4224D0FB681B79002B13
:10AEB00020D12B4B1B68FA689A421BD02C4B1B6885
:10AEC000FA689A4202D12A4A7B681360FB681A88A2
:10AED0007B681A80FB681B88B3F5C04F0AD0FB68FB
:10AEE0001B881846FFF780FF04467868FFF78EFF3F
:10AEF000034663807B685B881846FFF775FFB86080
:10AF0000BA687B689A421FD0BB681B79002B1BD1A3
:10AF1000174B1B687A689A4202D1154ABB681360C6
:10AF20007B681A88BB681A807B681B88B3F5C04FA2
:10AF30000AD07B681B881846FFF756FF0446B8689E
:10AF4000FFF764FF0346638000BF1437BD4690BD22
:10AF50004CFE0320409002088C900208A490020846
:10AF600050FE0320CC900208E890020804910208E9
:10AF700058FE032080B582B000AF1F4B073323F08B
:10AF800007031A461D4B1A601C4B1B687B607B68CD
:10AF90004FF4C0421A807B6800225A807B680022EE
:10AFA0001A714FF4C040FFF71FFF0346144A1360A5
:10AFB000134B1B6801221A71114B1B684FF4C042DE
:10AFC0001A800F4B1B684FF4C0425A800B4B1B6812
:10AFD0000C4A13600C480BF019FC0346002B06D0FA
:10AFE0000A4B40F21F220A490A481BF0A1FA00BF8F
:10AFF0000837BD4680BD00BF349E03204CFE0320B1
:10B0000050FE032058FE032054FE03204090020807
:10B0100030910208A490020880B586B000AF786035
:10B020007868FFF7F3FE0346FB827B681B881846AF
:10B03000FFF7DAFE38617B685B881846FFF7D4FEBD
:10B04000F8607B681B88B3F5C04F18D87B685B88B5
:10B05000B3F5C04F13D87B685B88FA8A9A4204D054
:10B06000FB681B88FA8A9A4209D1084B1B683A6927
:10B070009A4206D03B695B88FA8A9A4201D0002343
:10B0800000E0012318461837BD4680BD50FE03205E
:10B0900080B588B000AF78607B68002B70D07B688B
:10B0A00003F00703002B0DD0374B40F273223749D2
:10B0B00037481BF03DFA0BF007FCF860F8680BF01E
:10B0C00011FC5EE07B68083BFB61324B1B68FA6950
:10B0D0009A4206D37B6803F110022F4B1B689A42F9
:10B0E0000DD9294B40F27F222C4929481BF020FA28
:10B0F0000BF0EAFB386138690BF0F4FB41E02848BB
:10B100000BF0A0FBFB691B79002B10D11E4B4FF4F9
:10B11000237224491E481BF00BFA21480BF0A1FBB7
:10B120000BF0D2FB786178690BF0DCFB29E0F86961
:10B13000FFF772FF0346002B10D1134B40F295220C
:10B14000194913481BF0F4F915480BF08AFB0BF072
:10B15000BBFBB861B8690BF0C5FB12E0FB690022CC
:10B160001A71124B1B68FA699A4202D20F4AFB69A4
:10B170001360F869FFF75CFE09480BF072FB00E012
:10B1800000BF2037BD4680BD409002084C910208A8
:10B19000A49002084CFE032050FE03207091020888
:10B1A00054FE03208C910208B491020858FE03203B
:10B1B00080B588B000AF78600B467B807B88073312
:10B1C0009BB223F00703FB83FB8B0F2B01D81023CB
:10B1D000FB83FB8BB3F5C04F03D8FA8B7B889A4275
:10B1E00001D20023D8E06E4B1B687A689A4204D3E0
:10B1F0006C4B1B687A689A4206D36B4B40F2D122A3
:10B200006A496B481BF094F9654B1B687A689A424F
:10B2100004D3644B1B687A689A4207D30BF054FB43
:10B22000B860B8680BF05EFB7B68B5E07B68083BF4
:10B23000BB61B869FFF7EAFD0346FB82BB691A8868
:10B24000FB8AD31A9BB2083BBB82FA8BBB8A9A4219
:10B2500006D9554B4FF43972564955481BF068F9D9
:10B26000FA8BBB8A9A4201D9002395E0FA8BBB8AFC
:10B270009A4201D17B688FE04F480BF0E3FABB693B
:10B280001B881846FFF7B0FD38613B691B79002B1E
:10B290003FD1BB691B88B3F5C04F06D1424B40F28A
:10B2A000F522464942481BF043F93B691B88BB81A4
:10B2B000FA8AFB8B13449BB20833FB81404B1B681B
:10B2C0003A699A4206D1FB891846FFF78DFD03467D
:10B2D0003B4A1360FB891846FFF786FD38613B69DE
:10B2E00000221A713B69BA891A803B69FA8A5A802E
:10B2F000BB69FA891A803B691B88B3F5C04F47D0F8
:10B300003B691B881846FFF76FFD0246FB89538097
:10B310003EE0FB8B03F11802BB8A9A4238D8FA8AC6
:10B32000FB8B13449BB20833FB81BB691B88B3F5CD
:10B33000C04F06D11C4B40F2163220491C481BF06E
:10B34000F7F8FB891846FFF74FFD38611C4B1B6867
:10B350003A699A4202D21A4A3B6913603B69002259
:10B360001A71BB691A883B691A803B69FA8A5A804C
:10B37000BB69FA891A803B691B88B3F5C04F07D0B7
:10B380003B691B881846FFF72FFD0246FB89538057
:10B3900009480BF066FA7B6818462037BD4680BD29
:10B3A0004CFE032050FE032040900208E891020862
:10B3B000A49002080092020854FE03202092020882
:10B3C00058FE032080B588B000AF0346FB80FB88A1
:10B3D000002B01D10023E2E0FB8807339BB223F06E
:10B3E0000703BB83BB8B0F2B01D81023BB83BB8B05
:10B3F000B3F5C04F03D8BA8BFB889A4201D2002321
:10B40000CDE069480BF01EFA684B1B681846FFF741
:10B41000FDFC0346FB83B7E0FB8B1846FFF7E4FC1B
:10B4200078617B691B79002B40F0A7807B691B88C2
:10B430001A46FB8BD31AA3F10802BB8B9A42C0F0C9
:10B440009C807B691B881A46FB8BD31AA3F10802E8
:10B45000BB8B18339A4233D3FA8BBB8B13449BB20A
:10B4600008337B827B8AB3F5C04F06D1504B40F244
:10B470008732504950481BF05BF87B8A1846FFF72B
:10B48000B3FCF860FB6800221A717B691A88FB68BC
:10B490001A80FB68FA8B5A807B697A8A1A807B69EA
:10B4A00001221A71FB681B88B3F5C04F0BD0FB68F3
:10B4B0001B881846FFF798FC02467B8A538002E0FF
:10B4C0007B6901221A71394B1B687A699A4227D12C
:10B4D000364B1B68BB6105E0BB691B881846FFF74C
:10B4E00083FCB861BB691B79002B04D0334B1B680C
:10B4F000BA699A42F0D12D4ABB6913602B4B1A6886
:10B500002E4B1B689A420BD0284B1B681B79002BD3
:10B5100006D0274B40F2B532294927481BF008F8DE
:10B5200021480BF09EF9BA8B7B6913440833234AF8
:10B530001268934206D91E4B40F2B93221491E4887
:10B540001AF0F6FF7B6903F00703002B06D0184BB7
:10B5500040F2BB321C4918481AF0EAFF7B6903F03D
:10B560000703002B06D0124B40F2BD321749124898
:10B570001AF0DEFF7B69083311E0FB8B1846FFF7FA
:10B5800033FC03461B88FB83FA8BBB8BC3F5C0439C
:10B590009A42FFF441AF04480BF063F900231846C8
:10B5A0002037BD4680BD00BF54FE032058FE032057
:10B5B0004090020820920208A490020850FE032046
:10B5C000349202085092020880920208B092020857
:10B5D00080B584B000AF03460A46FB801346BB80AB
:10B5E000FB88BA8802FB03F3FB60FB689BB21A4638
:10B5F000FB68934201D000230EE0FB689BB2184623
:10B60000FFF7E0FEB860BB68002B04D0FA680021A9
:10B61000B8681BF056F9BB6818461037BD4680BDA8
:10B6200080B485B000AF78607B689B6800221A60A8
:10B630007B685B68073323F00703BB600023FB6074
:10B6400011E07B689B681A68BB681A607B689B681E
:10B65000BA681A607B681B881A46BB681344BB60D3
:10B66000FB680133FB607B685B881A46FB6893428A
:10B67000E7DB00BF00BF1437BD465DF8047B7047B1
:10B6800080B582B000AF0023FB8009E0FB88084A48
:10B6900052F823301846FFF7C3FFFB880133FB80C5
:10B6A000FB880C2BF2D900BF00BF0837BD4680BD18
:10B6B000B4EA020880B584B000AF78600BF004F9FA
:10B6C000F8607B689B681B68BB60BB68002B15D06B
:10B6D0007B689B68BA6812681A60BB6803F007034E
:10B6E000002B06D0094B4FF48C72094909481AF017
:10B6F0001FFFF8680BF0F6F8BB6803E0F8680BF082
:10B70000F1F8002318461037BD4680BDD4920208D8
:10B71000209302084493020880B582B000AF78609D
:10B720007B68002B06D10A4B4FF49E7209490A48E8
:10B730001AF0FEFE7B68002B01D1002303E078683D
:10B74000FFF7B8FF034618460837BD4680BD00BF67
:10B75000D49202086C9302084493020880B584B026
:10B7600000AF0346FB71FB790C2B08D90A4B40F262
:10B7700057120A490A481AF0DBFE002308E0FB7959
:10B78000084A52F823301846FFF794FFF860FB6828
:10B7900018461037BD4680BDD49202088093020837
:10B7A00044930208B4EA020880B584B000AF786020
:10B7B00039603B6803F00703002B06D00D4B4FF4B4
:10B7C000B6720D490D481AF0B3FE3B68FB600BF0F2
:10B7D0007BF8B8607B689B681A68FB681A607B68B6
:10B7E0009B68FA681A60B8680BF07CF800BF1037E5
:10B7F000BD4680BDD4920208A0930208449302087B
:10B8000080B582B000AF786039607B68002B06D1CC
:10B810000A4B40F295120A490A481AF089FE7B68E1
:10B82000002B07D03B68002B04D039687868FFF7FD
:10B83000BBFF00E000BF0837BD4680BDD4920208C0
:10B840006C9302084493020880B582B000AF0346AF
:10B850003960FB71FB790C2B07D90C4B4FF4D57277
:10B860000B490C481AF064FE0CE03B68002B08D032
:10B87000FB79094A52F8233039681846FFF794FFDC
:10B8800000E000BF0837BD4680BD00BFD49202086B
:10B89000C093020844930208B4EA020880B400AFDF
:10B8A00000BFBD465DF8047B7047000080B586B0E0
:10B8B00000AFF860B9607A603B60FB68002B08D18C
:10B8C0005B4B40F227125B495B481AF031FE0023C4
:10B8D000A9E07B6A002B08D1554B4FF4947257496D
:10B8E00055481AF025FE00239DE0BB68002B01D1CE
:10B8F000534BBB607B68002B01D1514B7B603B6895
:10B90000002B01D14E4B3B60FB6800225A60FB6864
:10B9100000229A60FB680022DA60FB68494A5A619B
:10B92000FB6800221A85FB68002283F83120FB683F
:10B9300024330422002118461AF0C3FFFB680022BA
:10B94000DA61FB683A6A1A623F4B1A78FB6883F83F
:10B950003420FB68BA6A1A613B687A68B968F8688B
:10B9600000F08EF97B6AF86898470346002B01D0F7
:10B97000002358E0FB6893F83430FF2B03D1FB68B9
:10B98000002283F8342000233B61304B1B687B612D
:10B990002BE07A69FB689A4206D1254B40F28B1264
:10B9A0002B4925481AF0C4FD3B6901333B613B69D3
:10B9B000FF2B06DD1E4B40F28D1226491E481AF061
:10B9C000B7FD7B6993F83420FB6893F834309A42D2
:10B9D00008D1FB6893F834300133DAB2FB6883F89E
:10B9E000342005E07B691B687B617B69002BD0D12B
:10B9F0007B69002BBED1FB6893F83430FE2B03D15A
:10BA0000114B00221A7006E0FB6893F834300133C2
:10BA1000DAB20D4B1A700D4B1A68FB681A600B4AAC
:10BA2000FB681360FB6818461837BD4680BD00BF31
:10BA3000DC9302088894020844940208A494020843
:10BA400030EB020863BF0008A8D80420A0D8042067
:10BA5000C8940208DC94020880B582B000AF786018
:10BA600039603968786802F097FE3968786807F0BD
:10BA700033FF00BF0837BD4680BD000080B586B0EB
:10BA800000AFF860B9607A60BB68002B06D11D4B2F
:10BA900040F2CB121C491D481AF04AFD7B68002B6E
:10BAA00006D1184B4FF4E672174918481AF040FDBA
:10BAB000BB681A68FB6804331B689A421CD0BB68D9
:10BAC0001B687B61FB6804331A687B681A6007F1A6
:10BAD000140319467868FFF7BFFFBB68002B02D03C
:10BAE000BB681B6800E00023FA6853600121F86816
:10BAF00000F04CF9012300E0002318461837BD463A
:10BB000080BD00BFDC9302080C9502084494020833
:10BB100080B584B000AF786039607B68002B07D1B6
:10BB20000B4B4FF4FC720B490B481AF001FD0BE074
:10BB30003B68002B01D1094B3B6007F10C031A460F
:10BB400039687868FFF79AFF1037BD4680BD00BF9F
:10BB5000DC9302081C9502084494020830EB0208AA
:10BB600080B485B000AFF860B9607A60BB681A68CD
:10BB7000FB6808331B689A420AD0BB68002B02D0CE
:10BB8000BB681B6800E00023FA689360012300E0B3
:10BB9000002318461437BD465DF8047B704700004B
:10BBA00080B584B000AF786039600023FB607B68AB
:10BBB000002B07D10A4B40F23A220A490A481AF0F0
:10BBC000B7FC09E03B68002B01D1084B3B60FA68E9
:10BBD00039687868FFF7C4FF1037BD4680BD00BFE5
:10BBE000DC9302083C9502084494020830EB0208FA
:10BBF00080B485B000AFF860B9607A60BB681A683D
:10BC0000FB680C331B689A420AD0BB68002B02D039
:10BC1000BB681B6800E00023FA68D360012300E0E2
:10BC2000002318461437BD465DF8047B70470000BA
:10BC300080B584B000AF786039600023FB607B681A
:10BC4000002B07D10A4B40F277220A490A481AF022
:10BC50006FFC09E03B68002B01D1084B3B60FA68A0
:10BC600039687868FFF7C4FF1037BD4680BD00BF54
:10BC7000DC930208609502084494020830EB020845
:10BC800080B588B000AFF860B9607A603B6000238F
:10BC9000FB610023BB61BB68002B01D11C4BBB6067
:10BCA0007B68002B01D11A4B7B603B68002B01D1D4
:10BCB000174B3B60BB68002B03D0BB681B68002B95
:10BCC00001D1012300E000237B617B69002B06D0BA
:10BCD00007F110031A46B968F868FFF7CFFEFA6952
:10BCE0007968F868FFF73CFFBA693968F868FFF7C8
:10BCF0007FFF7B69002B06D107F110031A46B96854
:10BD0000F868FFF7BBFE00BF2037BD4680BD00BF0F
:10BD100030EB020880B483B000AF7860044A7B68DF
:10BD2000136000BF0C37BD465DF8047B704700BF51
:10BD3000A4D8042080B582B000AF78607B68002B67
:10BD400007D10F4B4FF454720E490F481AF0F0FB15
:10BD500013E07B6893F8313003F00103002B0CD122
:10BD60007B6893F8313043F00103DAB27B6883F8E3
:10BD700031200321786800F009F80837BD4680BDFE
:10BD8000DC9302087C9502084494020880B582B0D6
:10BD900000AF78600B46FB707B68002B06D1184B18
:10BDA00040F26D32174918481AF0C2FB7B6893F8CD
:10BDB000313003F00403002B1ED07B6893F8313040
:10BDC00003F00103002B17D0FB7803F00103002BD5
:10BDD00013D07B6804331B68002B0ED07B6893F86C
:10BDE000313003F00803002B07D07B680433194679
:10BDF000786808F0F5FF00E000BF0837BD4680BD59
:10BE0000DC930208989502084494020880B582B039
:10BE100000AF78607B68002B07D1124B40F29B3259
:10BE2000114912481AF084FB19E07B6893F831300D
:10BE300003F00103002B12D07B6893F8313023F01C
:10BE40000103DAB27B6883F831207B6893F83130E4
:10BE500003F00803002B02D0786808F037FB08379E
:10BE6000BD4680BDDC930208BC95020844940208DC
:10BE700080B582B000AF78607B68002B07D1154B8E
:10BE80004FF47872144915481AF052FB1EE07B6893
:10BE900093F8313003F00403002B17D17B6893F83B
:10BEA000313043F00403DAB27B6883F831207868DC
:10BEB00007F0A4FE03217868FFF768FF7B68DB6961
:10BEC000002B03D07B68DB69786898470837BD464C
:10BED00080BD00BFDC930208DC9502084494020890
:10BEE00080B582B000AF78607B68002B07D1114B22
:10BEF00040F20642104911481AF01AFB17E07B681D
:10BF000093F8313003F00403002B10D07B6893F8D2
:10BF1000313023F00403DAB27B6883F831207B6888
:10BF2000DB69002B03D07B68DB69786898470837AA
:10BF3000BD4680BDDC9302080096020844940208C6
:10BF400080B483B000AF786039607B68002B02D08A
:10BF50007B683A68DA6100BF0C37BD465DF8047B48
:10BF6000704780B485B000AFF860B9607A606FF058
:10BF70000B0318461437BD465DF8047B704700007C
:10BF800080B485B000AF0346FB71FB79002B13D062
:10BF90000D4B1B68FB600CE0FB6893F834300133F9
:10BFA000DBB2FA799A4201D1FB6806E0FB681B68B4
:10BFB000FB60FB68002BEFD1002318461437BD4609
:10BFC0005DF8047B704700BFA0D8042080B582B024
:10BFD00000AF0AF079FC38600D4B00221A70386807
:10BFE0000AF080FC0B4B1B687B600AE07B685B6F90
:10BFF000002B03D0786802F00DFC05E07B68DB685D
:10C000007B607B68002BF1D10837BD4680BD00BF47
:10C01000A9D80420B8D8042080B582B000AF7860D9
:10C02000FFF7D4FF00BF0837BD4680BD80B582B0A2
:10C0300000AF0AF049FC78600F4B1B78FB700E4B89
:10C0400001221A7078680AF04DFCFB78002B0FD1A2
:10C0500000210A48FEF7E0FD0346002B08D00AF055
:10C0600033FC7860044B00221A7078680AF03AFCBE
:10C0700000BF0837BD4680BDA9D8042019C00008FC
:10C0800080B485B000AFF860B96011461A460B461F
:10C09000FB801346BB80FB6800221A60FB68BA680D
:10C0A0005A60FB68FA881A81FB68BA885A813B8B10
:10C0B000DAB2FB681A73FB683A7F5A73FB68012295
:10C0C0009A73FB680022DA7300BF1437BD465DF82F
:10C0D000047B704780B58CB002AF0346FB710B4602
:10C0E000BB8013467B80FB797B847B88B3F5207F04
:10C0F0007FD0B3F5207F00F3C880B3F5C17F10D0A7
:10C10000B3F5C17F00F3C180012B02D0412B40F079
:10C11000BC807A88BB881946002000F0D1F878628C
:10C12000BDE000237B620023FB61BB887B830C2086
:10C13000FFF714FB38613B69002B09D1FFF776FF4D
:10C140007B6A002B02D0786A00F0A8FA0023A7E0EF
:10C150007B8C07339BB223F007039BB2C3F5BE630E
:10C160009BB27A8B934228BF1346FB817B8C1033A2
:10C170003A691344073323F007031846F9897A8B89
:10C18000002301937B8800930B4601463869FFF733
:10C1900077FF3B695B6803F00703002B06D0424B37
:10C1A0004FF48072414942481AF0C2F97B8C073340
:10C1B00023F00703B3F5BE6F06D13B4B4FF48172FA
:10C1C0003C493B481AF0B4F97B6A002B02D13B6929
:10C1D0007B6202E0FB693A691A603B69FB617A8B1A
:10C1E000FB89D31A7B8300237B847B8B002B9ED11E
:10C1F00055E07B8C07339BB223F007039AB2BB88D0
:10C2000007339BB223F007039BB213443B833B8B62
:10C210001033FB823A8BBB88073323F007039A4223
:10C2200006D3FA8ABB88073323F007039A4201D268
:10C23000002335E0FB8A1846FFF7C4F878627B6A72
:10C24000002B01D100232BE07B8C10337A6A13443E
:10C25000073323F007031846B988BA8800230193EF
:10C260007B8800930B460146786AFFF709FF7B6ADB
:10C270005B6803F00703002B10D00B4B4FF4917257
:10C280000D490B481AF054F908E0074B40F2271209
:10C290000A4907481AF04CF9002301E000BF7B6A05
:10C2A00018462837BD4680BD2496020870960208BD
:10C2B000A0960208C8960208FC9602082897020871
:10C2C00080B586B002AF78600B467B8013463B801A
:10C2D0003B88412B09D03B88012B06D00F4B4FF4F4
:10C2E000A5720F490F481AF023F90B20FFF736FA11
:10C2F000F860FB68002B01D100230BE079887A8875
:10C30000002301933B8800930B467968F868FFF798
:10C31000B7FEFB6818461037BD4680BD249602085C
:10C3200044970208A096020880B588B002AF7B60EF
:10C330000346FB730B46BB8113467B81FB7B7B82F1
:10C340007B8A073323F00702BB891A44BB8C9A42CD
:10C3500001D9002318E03B6A002B07D07B8A073302
:10C3600023F007033A6A13447B6101E000237B61F9
:10C370007868B989BA89022301937B8900930B46B7
:10C380007969FFF77DFE7B6818461837BD4680BD8A
:10C3900080B584B000AF78600B467B807B68002B53
:10C3A00006D13A4B4FF4CC7239493A481AF0C0F8EA
:10C3B0007B681B897A889A4263D27B681A897B885A
:10C3C000D31A3B817B887B817B68FB6018E0FB682C
:10C3D0005B897A89D31A7B81FB681A893B89D31AD6
:10C3E0009AB2FB681A81FB681B68FB60FB68002B34
:10C3F00006D1264B40F2AF12274926481AF098F88A
:10C40000FB685B897A899A42E1D8FB681B7B03F061
:10C410000F03002B21D1FB685B897A899A421CD0DB
:10C42000FB685B7B03F00203002B16D1FB685A68A4
:10C43000FB68D31A9AB27B8913449BB21946F868F9
:10C44000FEF7B6FEF860FB68002B06D10F4B40F2FA
:10C45000BD1212490F481AF06BF8FB687A895A81AD
:10C46000FB685A89FB681A81FB681B68002B04D0A3
:10C47000FB681B68184600F011F9FB6800221A607F
:10C4800000E000BF1037BD4680BD00BF2496020803
:10C4900058970208A0960208709702088897020829
:10C4A00080B586B000AFF860B9601346FB71FB68D9
:10C4B000002B06D12B4B40F2DF122B492B481AF0F0
:10C4C00037F8FB68002B03D0BB68B3F5803F01D37E
:10C4D000012343E0BB68002B01D100233EE0BB6891
:10C4E0007B82FB681A897B8A13449BB27A8A9A42C0
:10C4F00001D9012332E0FB681B7B3B823B8A03F0BE
:10C500008003002B0CD0FB685A68BB685B42134465
:10C510007B61FB6810337A699A420DD201231DE0DA
:10C52000FB79002B06D0FB685A68BB685B4213445A
:10C530007B6101E0012311E0FB687A695A60FB68C6
:10C540005A897B8A13449AB2FB685A81FB681A891C
:10C550007B8A13449AB2FB681A8100231846183765
:10C56000BD4680BD24960208A4970208A096020842
:10C5700080B582B000AF7860396000223968786891
:10C58000FFF78EFF034618460837BD4680BD000002
:10C5900080B584B000AF786039607B68002B06D12D
:10C5A000204B40F24B222049204819F0C1FF7B6804
:10C5B000002B03D03B68B3F5803F01D301232CE06F
:10C5C0003B68002B01D1002327E03B68FB817B689F
:10C5D0005B89FA899A4208D9124B40F255221449D4
:10C5E000124819F0A5FF012317E07B685B68BB6068
:10C5F0007B685A683B681A447B685A607B685A8932
:10C60000FB89D31A9AB27B685A817B681A89FB89A5
:10C61000D31A9AB27B681A81002318461037BD4698
:10C6200080BD00BF24960208A4970208A0960208C5
:10C63000B097020880B582B000AF78600B467B806F
:10C6400013467B70B7F90230002B08DAB7F90230D5
:10C650005B4219467868FFF79BFF034607E0B7F98E
:10C6600002307A7819467868FFF71AFF03461846B1
:10C670000837BD4680BD80B582B000AF78600B46FC
:10C680007B80B7F90230012219467868FFF7D2FFA4
:10C69000034618460837BD4680BD000080B588B007
:10C6A00000AF78607B68002B0BD17B68002B06D134
:10C6B0003B4B4FF437723B493B4819F039FF00239D
:10C6C00069E00023FB7762E00AF0FEF8B8617B685E
:10C6D0009B7B002B06D1324B40F2F122334932488A
:10C6E00019F026FF7B689B7B013BDAB27B689A736B
:10C6F0007B689B7BFB75B8690AF0F4F8FB7D002B27
:10C7000043D17B681B683B617B681B7B03F00F0395
:10C71000FB737B685B7B03F00203002B11D07B680B
:10C72000BB60BB681B69002B06D11D4B40F2FF228A
:10C730001F491D4819F0FCFEBB681B6978689847C3
:10C740001DE0FB7B022B04D179680C20FFF77CF8FD
:10C7500015E0FB7B012B04D179680B20FFF774F8FF
:10C760000DE0FB7B002B03D17868FEF791FC06E01F
:10C770000B4B40F20F320F490B4819F0D9FEFB7FEB
:10C780000133FB773B697B6001E000237B607B68C2
:10C79000002B99D1FB7F18462037BD4680BD00BFD6
:10C7A00024960208A4970208A0960208D0970208CF
:10C7B000E89702080C98020880B485B000AF786052
:10C7C0000023FB8105E0FB890133FB817B681B684B
:10C7D0007B607B68002BF6D1FB8918461437BD4679
:10C7E0005DF8047B7047000080B584B000AF7860CE
:10C7F0007B68002B16D00AF067F8F8607B689B7B9B
:10C800000133DAB27B689A73F8680AF06BF87B68D8
:10C810009B7B002B06D1054B40F242320449054870
:10C8200019F086FE00BF1037BD4680BD2496020871
:10C8300020980208A096020880B584B000AF786006
:10C8400039607B68002B02D03B68002B07D1204B5E
:10C8500040F259321F49204819F06AFE34E07B68E3
:10C86000FB600AE0FB681A893B681B8913449AB293
:10C87000FB681A81FB681B68FB60FB681B68002B68
:10C88000F0D1FB681A89FB685B899A4206D0104B8D
:10C8900040F262321149104819F04AFEFB681B68E9
:10C8A000002B06D00A4B40F263320D490A4819F0BA
:10C8B0003FFEFB681A893B681B8913449AB2FB68E8
:10C8C0001A81FB683A681A601037BD4680BD00BF08
:10C8D0002496020834980208A09602086C98020870
:10C8E0009C98020880B582B000AF786039603968E2
:10C8F0007868FFF7A1FF3868FFF776FF00BF0837B9
:10C90000BD4680BD80B586B000AF78603960002339
:10C910007B6100233B617B68002B08D03B68002BC8
:10C9200005D07B681A893B681B899A4209D2574B0C
:10C9300040F2C9325649574819F0FAFD6FF00F031B
:10C940009FE07B685B891A467B69D21A3B685B89EA
:10C9500019463B69CB1A9A4206D33B685B891A4653
:10C960003B69D31AFB6005E07B685B891A467B69EB
:10C97000D31AFB607B685A687B69D0183B685A6899
:10C980003B691344FA6819461AF0D1FE7A69FB68CC
:10C9900013447B613A69FB6813443B617B685B89A4
:10C9A0001A467B69934206D9384B40F2D9323A494C
:10C9B000384819F0BDFD3B685B891A463B699342D4
:10C9C00006D9324B40F2DA323449324819F0B0FD20
:10C9D0003B685B891A463B69934204D300233B6161
:10C9E0003B681B683B607B685B891A467B699342A6
:10C9F00014D100237B617B681B687B607B68002B04
:10CA00000CD13B68002B09D0204B4FF4797224499C
:10CA1000204819F08DFD6FF00F0332E03B68002BCA
:10CA200013D03B685A893B681B899A420DD13B68F9
:10CA30001B68002B09D0154B40F2E9321949154803
:10CA400019F076FD6FF005031BE07B68002B13D017
:10CA50007B685A897B681B899A420DD17B681B6869
:10CA6000002B09D0094B40F2EE320E49094819F06B
:10CA70005FFD6FF0050304E03B68002B7FF461AFBE
:10CA8000002318461837BD4680BD00BF2496020813
:10CA9000E8980208A096020818990208309902083E
:10CAA0004C9902085C99020880B588B000AFF86024
:10CAB000B96011461A460B46FB801346BB80002323
:10CAC0007B830023FB82FB68002B08D12B4B40F2B9
:10CAD0000A422B492B4819F02BFD00234AE0BB6882
:10CAE000002B08D1254B40F20B422749254819F06D
:10CAF0001FFD00233EE0FB68FB6134E0BB88002B98
:10CB00000AD0FB695B89BA889A4205D3FB695B89C5
:10CB1000BA88D31ABB8023E0FB695A89BB88D31A31
:10CB20003B833A8BFB889A4201D9FB883B837B8B02
:10CB3000BA68D018FB695A68BB8813443A8B194607
:10CB40001AF0F5FDFA8A3B8B1344FB827A8B3B8B00
:10CB500013447B83FA883B8BD31AFB800023BB8072
:10CB6000FB691B68FB61FB88002B02D0FB69002B73
:10CB7000C4D1FB8A18462037BD4680BD24960208E2
:10CB800088990208A0960208A899020880B487B084
:10CB900000AFF8600B467A607B817B89FB82FB6883
:10CBA0003B6107E03B695B89FA8AD31AFB823B69E8
:10CBB0001B683B613B69002B04D03B695B89FA8AA7
:10CBC0009A42EFD27B68002B02D07B68FA8A1A80E7
:10CBD0003B6918461C37BD465DF8047B7047000072
:10CBE00080B584B000AF03463A60FB710B46BB8052
:10CBF0003B681989BA88FB791846FFF76BFAF86029
:10CC0000FB68002B01D1002311E03968F868FFF7B9
:10CC100079FE0346FB7297F90B30002B06D0064BCA
:10CC200040F224520549064819F082FCFB68184678
:10CC30001037BD4680BD00BF24960208B49A020892
:10CC4000A096020880B584B000AF78600B467B8068
:10CC50007B881946786800F00CF8F860FB68002BB8
:10CC600002DBFB68DBB200E0002318461037BD464C
:10CC700080BD80B584B000AF78600B467B8007F143
:10CC80000A027B8819467868FFF780FFF860FB6826
:10CC9000002B0AD0FB685A897B899A4205D9FB6828
:10CCA0005B687A8913441B7801E04FF0FF33184624
:10CCB0001037BD4680BD80B588B000AFF8607A609F
:10CCC0001A460B467B8113463B817B89FB83FB68BD
:10CCD000BB61FB681B8919467A893B8913449942D9
:10CCE0000ADA4FF6FF7337E0BB695B89FA8BD31A18
:10CCF000FB83BB691B68BB61BB69002B04D0BB69AC
:10CD00005B89FA8B9A42EFD20023FB821FE0FA8BF9
:10CD1000FB8A13449BB21946B869FFF793FF034699
:10CD20007B75FB8A7A6813441B783B757A7D3B7D63
:10CD30009A4209D0FB8A4FF6FE72934228BF1346EF
:10CD40009BB201339BB207E0FB8A0133FB82FA8A74
:10CD50003B899A42DBD3002318462037BD4680BD6D
:10CD600080B586B000AFF860B96011461A460B4630
:10CD7000FB801346BB80FB681A89FB88D31ABB82F1
:10CD8000FB681B891946FA88BB881344994216DB55
:10CD9000BB88FB820FE0FB88F98ABA68F868FFF766
:10CDA0008AFF03467B827B8A002B01D1FB8A08E045
:10CDB000FB8A0133FB82FA8ABB8A9A42EBD94FF68F
:10CDC000FF7318461837BD4680BD000080B500AF20
:10CDD00019F030FA03469BB2C3F30D039BB2A3F5DF
:10CDE00080439AB2014B1A8000BF80BD1000022020
:10CDF00080B582B000AF78607B681B7D012B05D1C8
:10CE0000064BD4220649074819F092FB79680120A5
:10CE1000FEF71AFD00BF0837BD4680BD409B0208E3
:10CE20008C9B0208A09B020880B582B000AF78609E
:10CE30007B681B7D012B05D1064BDF220649074885
:10CE400019F076FB79680220FEF7FEFC00BF083778
:10CE5000BD4680BD409B0208C89B0208A09B0208FB
:10CE600080B500AF01F006F8074B1B780133DAB24A
:10CE7000054B1A70044B1B7803F00103002B01D003
:10CE800000F0B2FC00BF80BDC1D8042080B584B0E2
:10CE900000AF786039603B68002B05D10D4BFF2255
:10CEA0000D490E4819F044FB7B68FB600AE0FB6803
:10CEB000DB6F3A689A4202D1FB680022DA67FB68AE
:10CEC000DB68FB60FB68002BF1D100BF00BF1037AF
:10CED000BD4680BD409B0208E49B0208A09B02085F
:10CEE00080B584B000AF78607B68002B06D1144B0E
:10CEF00040F211121349144819F01AFB7B681B7D8C
:10CF0000012B06D00E4B4FF4897210490E4819F0D0
:10CF10000FFB0123FB600BE00D4AFB6852F8233046
:10CF20001B6879681846FFF7B1FFFB680133FB60A7
:10CF3000FB68032BF0D900BF00BF1037BD4680BD92
:10CF4000409B02080C9C0208A09B0208189C020847
:10CF500000EB0208B0B588B004AF78600B46FB70F8
:10CF60007B68002B06D1634B4FF4AF726249634874
:10CF700019F0DEFAFB78002B66D07B681B7D042B52
:10CF800003D07B681B7D072B5ED17B689B6F002BDA
:10CF900004D17B681B8DB3F5804F55D07B685B8BCC
:10CFA00003F01003002B06D1524B4FF4B2725449D8
:10CFB000524819F0BDFA7B68186D7B685C6A7D6821
:10CFC0007B6804337A68D28A7968098B029101926E
:10CFD00000932B4622460146786805F083FC78686A
:10CFE00001F05CFA474B1B687A689A4205D1454BC1
:10CFF0001B68DB68434A136013E0424B1B68FB600D
:10D000000CE0FB68DB687A689A4204D17B68DA68D6
:10D01000FB68DA6005E0FB68DB68FB60FB68002BFF
:10D02000EFD17B680022DA60374B01221A70374B50
:10D030001B687A689A4202D103F0FAFE02E078682F
:10D04000FFF7D6FE002350E07B681B7D022B3BD010
:10D05000022B44DC002B02D0012B2AD03FE07B685E
:10D06000DB8A002B21D02A4B1B687A689A4205D1B3
:10D07000274B1B68DB68264A136013E0244B1B68B0
:10D08000BB600CE0BB68DB687A689A4204D17B68BD
:10D09000DA68BB68DA6005E0BB68DB68BB60BB6868
:10D0A000002BEFD17B680022DA607868FFF7A0FEE2
:10D0B0001AE07868FFF714FF7968164801F03EFA25
:10D0C0007868FFF7B1FE0FE079680E4801F036FA94
:10D0D0000D4B01221A707868FFF78AFE04E0786829
:10D0E00000F01AF8034600E0002318461037BD464A
:10D0F000B0BD00BF409B0208309C0208A09B020804
:10D10000509C0208B8D80420C0D80420F8D80420C5
:10D11000B0D80420B4D8042080B584B000AF7860C3
:10D120007B68002B06D12E4B4FF4CE722D492E4832
:10D1300019F0FEF97B681B7D072B20D0072B2BDC19
:10D14000032B02D0042B0DD026E0786804F0D8FC25
:10D150000346FB7397F90F30002B1FD17B68052224
:10D160001A751BE0786804F0CBFC0346FB7397F953
:10D170000F30002B14D17B6805221A7510E07868F7
:10D1800004F0BEFC0346FB7397F90F30002B09D166
:10D190007B6809221A7505E000231CE000BF02E04D
:10D1A00000BF00E000BF97F90F30002B03D1786873
:10D1B00004F0E4FD0DE097F90F30B3F1FF3F08D123
:10D1C0007B685B8B43F008039AB27B685A83002329
:10D1D00001E097F90F3018461037BD4680BD00BFFB
:10D1E000409B02080C9C0208A09B020880B582B0FC
:10D1F00000AF78607B68002B09D10F4B4FF4F472BD
:10D200000E490F4819F094F96FF00F030FE07B6897
:10D210001B7D012B06D07B685B8B43F010039AB219
:10D220007B685A8301217868FFF794FE034618460D
:10D230000837BD4680BD00BF409B02086C9C0208B9
:10D24000A09B020880B58EB004AF786039607B681F
:10D25000002B07D1524B40F23D225249524819F05F
:10D2600067F999E07B681B7D012B06D14C4B4FF48D
:10D2700010724E494C4819F05BF97B681B7D0A2BF4
:10D2800007D179684A4801F059F97868FFF7B0FD8D
:10D2900082E000237B6200237B847B681B6DBB6183
:10D2A0007B685B6A7B617B68D3F890303B617B680D
:10D2B0001B69FB607B681B7D002B26D17B68DB8AAA
:10D2C000002B2ED03B4B1B687A689A4205D1394B14
:10D2D0001B68DB68374A136013E0364B1B68FB6141
:10D2E0000CE0FB69DB687A689A4204D17B68DA68F3
:10D2F000FB69DA6005E0FB69DB68FB61FB69002B19
:10D30000EFD17B680022DA600BE03B687B627B68D0
:10D31000DB8A7B847968284801F010F9274B0122C9
:10D320001A707B681B6F002B04D07B681B6F18463C
:10D3300000F080FE7B68DB6E002B04D07B68DB6E28
:10D34000184600F077FE7B685B6F002B04D07B688B
:10D350005B6F184600F06EFE7B6A002B0ED079687A
:10D360007B6804337A68128B02927A8C0192009364
:10D370000B467A69B969786805F0B4FA7B681B7D59
:10D38000FB727868FFF734FD3B69002B04D03B69E2
:10D390006FF00C01F86898472837BD4680BD00BF84
:10D3A000409B0208A09C0208A09B0208BC9C0208AB
:10D3B000BCD80420B0D80420B8D80420C0D8042099
:10D3C00080B582B000AF786001217868FFF73AFF3E
:10D3D00000BF0837BD4680BD80B584B000AF78601F
:10D3E0007B68002B06D1254B40F2A6322449254804
:10D3F00019F09EF87B685B6A7A68128D1344FB60B3
:10D400007B68DB6A7A68528EB2F5005F28BF4FF402
:10D41000005292B21344FA68D31A002B08DB7B68DF
:10D420001A8D7B685A857B68DB6AFA68D31A20E01C
:10D430007B685A6A7B68DB6AD31A002B03DD7B6842
:10D4400000225A8514E07B68DA6A7B685B6AD31A2B
:10D45000BB60BB68B3F5803F06D3084B40F2B632E1
:10D460000949084819F064F8BB689AB27B685A8584
:10D47000002318461037BD4680BD00BF409B020800
:10D48000B89D0208A09B0208DC9D020880B584B00C
:10D4900000AF78600B467B807B68002B07D11F4B69
:10D4A00040F2CF321E491F4819F042F832E07B6843
:10D4B0001B7D012B06D1194B40F2D2321A49194873
:10D4C00019F036F87B681A8D7B881344FB81FB8941
:10D4D000B3F5804F04D87B681B8DFA899A4204D239
:10D4E0007B684FF480421A8502E07B68FA891A85CE
:10D4F0007868FFF771FFB860BB68B3F5067F09D3A2
:10D500007B685B8B43F002039AB27B685A8378682E
:10D5100004F034FC1037BD4680BD00BF409B0208BC
:10D52000F89D0208A09B0208109E020880B483B0F8
:10D5300000AF0023BB801E4B1B8801339AB21C4BEB
:10D540001A801B4B1B884FF6FF72934203D1184B76
:10D550004FF440421A800023FB711EE0FB79154A0C
:10D5600052F823301B683B6011E03B68DA8A104BAD
:10D570001B889A4208D1BB880133BB80BB88B3F5B6
:10D58000804FD8D300230DE03B68DB683B603B68ED
:10D59000002BEAD1FB790133FB71FB79032BDDD939
:10D5A000034B1B8818460C37BD465DF8047B70475B
:10D5B0001000022000EB020880B58AB000AFF860CE
:10D5C000B9603B601346FB8000237B62FB68002B45
:10D5D00009D17D4B40F235427C497D4818F0A8FFC7
:10D5E0006FF00F03ECE0BB68002B09D1764B40F2E3
:10D5F00036427849764818F09BFF6FF00F03DFE062
:10D60000FB681B7D002B09D06F4B4FF4876272497A
:10D610006F4818F08DFF6FF00903D1E0BB68002B55
:10D6200002D0BB681B6800E00023FA685360FB6807
:10D63000FA881A83FB681B7A002B06D0FB681B7ADA
:10D640001846FEF79DFC786205E0FB680433184637
:10D6500007F066FD78627B6A002B02D16FF003034E
:10D66000AEE0FB68002B03D0FB681B68002B11D1D8
:10D670007B6A002B02D07B6A043300E00023FB614D
:10D68000FB69002B02D16FF0030399E0FB691A6874
:10D69000FB681A60FB68DB8A7B83FB68DB8A002BF4
:10D6A0000CD1FFF743FF03461A46FB68DA82FB689A
:10D6B000DB8A002B02D16FF0010381E0F86800F0F3
:10D6C000D1FF7861FB6800225A62FB687A691A65AB
:10D6D0007B695A1EFB685A647B695A1EFB689A650F
:10D6E0007B695A1EFB68DA65FB684FF480425A85F5
:10D6F000FB685A8DFB681A85FB685A6AFB68DA6218
:10D70000FB684FF48042A3F86020FB684FF4067278
:10D710005A86FB68588EFB6804331A46796A00F013
:10D72000C7FF03461A46FB685A86FB680122A3F826
:10D730004820FB683A68C3F888200221F86804F0A2
:10D740002FFA0346FB7497F91330002B36D1FB6890
:10D7500002221A757B8B002B21D0204B1B68FA68A4
:10D760009A4205D11D4B1B68DB681C4A136013E00D
:10D770001A4B1B683B620CE03B6ADB68FA689A4212
:10D7800004D1FB68DA683B6ADA6005E03B6ADB6873
:10D790003B623B6A002BEFD1FB680022DA60104B42
:10D7A0001A68FB68DA600E4AFB68136005F05AFAE3
:10D7B0000C4B01221A70F86804F0E0FA97F9133064
:10D7C00018462837BD4680BD409B0208389E020897
:10D7D000A09B0208549E0208709E0208B0D8042044
:10D7E000B8D80420C0D80420B0B590B004AF00234E
:10D7F00087F82530954B1B680133944A1360944B8E
:10D800001B780133DAB2924B1A7000E000BF00239C
:10D81000BB62904B1B68FB62B7E2FB6A1B7D002B6F
:10D8200006D18D4B40F2BE428C498D4818F080FEE7
:10D83000FB6A1B7D012B06D1874B40F2BF42894911
:10D84000874818F075FEFB6A1B7D0A2B06D1824BB8
:10D850004FF498628449824818F06AFEFB6A9A7F06
:10D860007B4B1B789A4205D1FB6ABB62FB6ADB6883
:10D87000FB628AE2764B1A78FB6A9A77002387F874
:10D880002730002387F82630FB6A1B7D022B0AD144
:10D89000FB6A93F84230052B05D997F827300133FE
:10D8A00087F827301EE1FB6A93F842300B2B05D92D
:10D8B00097F82730013387F8273013E1FB6A93F894
:10D8C000A130002B75D0FB6A1B6F002B06D0624B7A
:10D8D00040F2D4426549624818F02AFEFB6ADB6ECA
:10D8E000002B06D15C4B40F2D54261495C4818F0F0
:10D8F0001FFEFB6A93F8A2300B2B05D997F827304F
:10D90000013387F82730EDE0FB6A93F8A130013B43
:10D91000584AD35C7B74FB6A93F8A0307A7C9A42B5
:10D9200007D9FB6A93F8A0300133DAB2FB6A83F8B7
:10D93000A020FB6A93F8A0307A7C9A4200F2D28051
:10D9400001233B62FB6AB3F86030002B08D1F86A10
:10D9500005F0BAF80346002B14D000233B6211E017
:10D96000FB6AB3F860301946F86A03F081FF03469A
:10D97000002B07D1F86A04F001FA0346002B01D10D
:10D9800000233B623B6A002B00F0AC80FB6A002264
:10D9900083F8A020FB6A93F8A130062B00F2A28046
:10D9A000FB6A93F8A1300133DAB2FB6A83F8A12055
:10D9B00098E0FB6AB3F93030002B0FDBFB6AB3F958
:10D9C000303047F6FF72934208D0FB6AB3F930302B
:10D9D0009BB201339BB21AB2FB6A1A86FB6AB3F997
:10D9E0003020FB6AB3F940309A427BDBF86A04F0DE
:10D9F000B9FC0346002B07D0FB6A1B6F002B71D1CB
:10DA0000FB6ADB6E002B6DD0FB6A1B7D022B3AD0CC
:10DA1000FB6A93F842300C2B28BF0C23FB76FB6A81
:10DA2000B3F93C30DB101BB21A46FB6AB3F93E3047
:10DA30001344FA7E10498A5C93407B617B6947F608
:10DA4000FE7293421ADC7B691AB219E0ACD804204A
:10DA5000C2D80420B8D80420409B0208A09E020827
:10DA6000A09B0208CC9E0208F89E0208289F02088C
:10DA70005C9F0208F8EA0208E8EA020847F6FF722B
:10DA8000FB6AA3F84020FB6A00221A86FB6AB3F8FF
:10DA90006020FB6AB3F84830934228BF13467B826C
:10DAA0007B8A5B089AB2FB6AA3F84A20FB6AB3F848
:10DAB0004A20FB6A5B8E5B009BB29A4206D2FB6AED
:10DAC0005B8E5B009AB2FB6AA3F84A20FB6A5A8E0F
:10DAD000FB6AA3F84820FB6A0022A3F86A20F86AD0
:10DAE00004F0B0FCFB6A1B7D062B11D1FB6A5B8B3B
:10DAF00003F01003002B0BD0944B1A68FB6A1B6ACF
:10DB0000D31A282B04D997F82730013387F8273008
:10DB1000FB6A5B7A03F00803002B53D0FB6A1B7D82
:10DB2000042B03D0FB6A1B7D072B4BD1874B1A6854
:10DB3000FB6A1B6AD21AFB6AD3F89410FB6AD3F80B
:10DB40009C30F86AD0F8980000FB03F30B4480493E
:10DB5000A1FB03135B099A420AD997F827300133D6
:10DB600087F8273097F82630013387F8263029E0E8
:10DB7000764B1A68FB6A1B6AD21AFB6AD3F89410B8
:10DB8000FB6A93F8A3301846FB6AD3F8983000FB81
:10DB900003F30B446E49A1FB03135B099A4211D9AD
:10DBA000F86A04F051FF034687F8253097F92530CD
:10DBB000002B07D1FB6A93F8A3300133DAB2FB6A7A
:10DBC00083F8A320FB6A5B6F002B11D05F4B1A68B0
:10DBD000FB6A1B6AD21AFB6AB3F9403019460B463E
:10DBE0005B000B445B009A4202D3F86A00F012FE1D
:10DBF000FB6A1B7D032B0BD1544B1A68FB6A1B6A13
:10DC0000D31A282B04D997F82730013387F8273007
:10DC1000FB6A1B7D092B0BD14C4B1A68FB6A1B6AF4
:10DC2000D31AF02B04D997F82730013387F827301F
:10DC300097F82730002B60D0FB6AD3F89030FB6058
:10DC4000F86A00F02BFCBB6A002B10D0414B1B681C
:10DC5000FA6A9A4206D1404B40F26D523F49404821
:10DC600018F066FCFB6ADA68BB6ADA600FE0394BD1
:10DC70001B68FA6A9A4206D0374B40F27152394912
:10DC8000374818F055FCFB6ADB68324A136097F896
:10DC90002630002B13D0FB6A186DFB6A5C6AFD6AA4
:10DCA000FB6A0433FA6AD28AF96A098B02910192FB
:10DCB00000932B4622460146F86A04F013FEFB6AE5
:10DCC0001B69BB60FB6A1B7DFB71FB6A3B60FB6AE7
:10DCD000DB68FB623868FFF78BF8234B00221A7071
:10DCE000FB68002B04D0FB686FF00C01B868984704
:10DCF0001D4B1B78002B48D089E5FB6ABB62FB6A91
:10DD0000DB68FB62BB6A1B7F0133DAB2BB6A1A773E
:10DD1000BB6A1A7FBB6A5B7F9A4236D3BB6A00221A
:10DD20001A77114B00221A70BB6AD3F88C30002B83
:10DD30001CD0BB6AD3F88C30BA6A1269B96A104633
:10DD40009847034687F8253013E000BFACD804207D
:10DD5000D34D6210B8D80420409B0208949F02085B
:10DD6000A09B0208C09F0208C0D80420002387F8A7
:10DD70002530384B1B78002B7FF448AD97F92530C0
:10DD8000002B02D1B86A03F0F9FFFB6A002B7FF485
:10DD900044AD0023BB62304B1B68FB6252E0FB6A60
:10DDA0001B7D0A2B06D02D4B40F2A1522C492D4849
:10DDB00018F0BEFB002387F827302B4B1A68FB6A4C
:10DDC0001B6AD31AF02B04D997F82730013387F850
:10DDD000273097F82730002B2FD0F86A00F05EFB31
:10DDE000BB6A002B10D01C4B1B68FA6A9A4206D102
:10DDF0001A4B40F2AF521D491A4818F099FBFB6AC2
:10DE0000DA68BB6ADA600FE0134B1B68FA6A9A4261
:10DE100006D0124B40F2B3521549124818F088FB55
:10DE2000FB6ADB680C4A1360FB6AFB61FB6ADB6818
:10DE3000FB62F869FEF7DCFF04E0FB6ABB62FB6A89
:10DE4000DB68FB62FB6A002BA9D100BF00BF303743
:10DE5000BD46B0BDC0D80420BCD80420409B0208F9
:10DE6000EC9F0208A09B0208ACD804201CA002086A
:10DE700044A0020880B582B000AF2D4B1B7801335F
:10DE8000DAB22B4B1A702B4B1B687B6048E07B6827
:10DE90009A7F274B1B789A423FD0254B1A787B6894
:10DEA0009A777B685B8B03F00103002B10D07B68B3
:10DEB0005B8B43F002039AB27B685A83786803F065
:10DEC0005DFF7B685B8B23F003039AB27B685A8308
:10DED0007B685B8B03F00803002B09D07B685B8BAE
:10DEE00023F008039AB27B685A837868FFF714F925
:10DEF0007B68DB683B607B689B6F002B0AD00E4B16
:10DF000000221A70786800F019F80B4B1B78002B70
:10DF100000D0B8E73B687B6002E07B68DB687B6031
:10DF20007B68002BB3D100BF00BF0837BD4680BD62
:10DF3000C2D80420B8D80420C0D8042090B585B039
:10DF400000AF78607B68002B09D1374B40F2096243
:10DF50003649374818F0ECFA6FF00F0360E07B6841
:10DF60009B6F5B7BBB737B689B6FBB607B68002296
:10DF70009A677B68D3F88430002B0BD07B68D3F88A
:10DF800084407B6818690023BA687968A047034613
:10DF9000FB7307E00023BA687968002000F0A4F85A
:10DFA0000346FB7397F90F30002B2AD1BB7B03F09C
:10DFB0002003002B33D07B681B8DB3F5804F05D039
:10DFC0007B681B8D01339AB27B681A857B68D3F816
:10DFD0008430002B0BD07B68D3F884407B681869B1
:10DFE000002300227968A0470346FB7301E0002369
:10DFF000FB7397F90F3013F10D0F10D16FF00C0375
:10E000000EE097F90F3013F10D0F02D16FF00C03F2
:10E0100006E07B68BA689A676FF0040300E00023AB
:10E0200018461437BD4690BD409B02086CA00208FC
:10E03000A09B020880B584B000AF786007E07B68E1
:10E040001B68FB60786800F00AF8FB687B607B68FF
:10E05000002BF4D100BF00BF1037BD4680BD80B596
:10E0600082B000AF78607B68002B0CD07B685B6867
:10E07000002B04D07B685B681846FEF70FFB7968BD
:10E080000320FDF7E1FB00BF0837BD4680BD00005F
:10E0900080B584B000AF78607B68002B06D10F4B51
:10E0A00040F282620E490F4818F042FA0320FDF751
:10E0B00055FBF860FB68002B01D100230AE0102219
:10E0C0007968F86819F033FBFB685B681846FEF75F
:10E0D0008BFBFB6818461037BD4680BD409B02088D
:10E0E000B0A00208A09B020880B584B000AFF86021
:10E0F000B9607A60FB70BB68002B09D1124B4FF4FA
:10E10000D3621249124818F013FA6FF00F0316E0A9
:10E110007B68002B09D07B681B891946B868FFF71C
:10E12000B5F97868FEF7BAFA08E097F90330002BE2
:10E1300004D1B868FFF75AF8034600E000231846F8
:10E140001037BD4680BD00BF409B0208CCA002082E
:10E15000A09B020880B586B000AF0346FB7197F91B
:10E160000730002B01DBFB7900E07F23FB72FB7A99
:10E17000002B34D0FB7A013BFB720023FB600023B1
:10E180003B61194B1B687B611FE07B695B7DFA7A01
:10E190009A420CD87B695B7DFA7A9A4212D1134B72
:10E1A0001A687B691B6AD31AFA689A420AD80F4B1D
:10E1B0001A687B691B6AD31AFB607B693B617B69C8
:10E1C0005B7DFB727B69DB687B617B69002BDCD14B
:10E1D0003B69002B04D03869FFF7F2F800E000BF7C
:10E1E0001837BD4680BD00BFB8D80420ACD8042085
:10E1F00080B586B000AF0346FB71FB79082B09D0D0
:10E20000FB79092B06D01A4B40F2DD6219491A48F6
:10E2100018F08EF90023FB6000233B61174B1B684D
:10E220007B6117E07B691B7DFA799A420FD1144B11
:10E230001A687B691B6AD31AFA689A4207D8104B8E
:10E240001A687B691B6AD31AFB607B693B617B6937
:10E25000DB687B617B69002BE4D13B69002B03D039
:10E2600000213869FEF7EEFF00BF1837BD4680BDBC
:10E27000409B0208E8A00208A09B0208B8D804202E
:10E28000ACD8042080B584B000AF00237B600023AD
:10E29000BB60124B1B68FB6012E0114B1A68FB68F5
:10E2A0001B6AD31A7A689A4207D80D4B1A68FB6822
:10E2B0001B6AD31A7B60FB68BB60FB68DB68FB6092
:10E2C000FB68002BE9D1BB68002B02D0B868FFF7D0
:10E2D00077F800BF1037BD4680BD00BFBCD8042012
:10E2E000ACD8042080B582B000AF104B1B687B60B7
:10E2F00014E07B68DB683B607B685B8B03F00803A2
:10E30000002B09D07B685B8B23F008039AB27B68F3
:10E310005A837868FEF700FF3B687B607B68002BC0
:10E32000E7D100BF00BF0837BD4680BDB8D8042084
:10E3300080B584B000AF0346FB710120FDF70EFAF3
:10E34000F860FB68002B26D1FFF7CCFFFFF79AFFA0
:10E350000120FDF703FAF860FB68002B1BD10920B0
:10E36000FFF746FF0120FDF7F9F9F860FB68002B85
:10E3700011D10820FFF73CFF0120FDF7EFF9F8600D
:10E38000FB68002B07D1FB791846FFF7E3FE01205D
:10E39000FDF7E4F9F860FB68002B49D0A4220021C6
:10E3A000F86818F08EFAFB68FA795A75FB684FF432
:10E3B0008042A3F86420FB684FF480425A85FB68D2
:10E3C0005A8DFB681A85FB68FF22DA72FB684FF4EE
:10E3D00006725A86FB680622A3F84020FB680622D4
:10E3E000DA87FB684FF6FF721A86FB680122A3F8F2
:10E3F0004820124B1A68FB681A62114B1A78FB68A6
:10E400009A77FB684FF48042A3F84A20FB680D4AD4
:10E41000C3F88420FB6842F21072C3F89420FB68B2
:10E4200040F6B832C3F89820FB680522C3F89C2058
:10E43000FB6818461037BD4680BD00BFACD804202D
:10E44000C2D80420E9E0000880B500AF4020FFF703
:10E450006FFF0346184680BD80B582B000AF78607C
:10E4600039607B68002B0ED07B681B7D012B06D1A9
:10E47000074B40F2DF720749074818F059F87B68EC
:10E480003A68C3F8842000BF0837BD4680BD00BF8E
:10E49000409B0208F8A00208A09B020880B582B049
:10E4A00000AF78607B68002B07D1214B40F651020A
:10E4B0002049214818F03CF837E07B681B7D002B91
:10E4C00033D07B681B7D0A2B2FD07B681B7D012BF3
:10E4D0002BD07B689B6F002B07D07B689B6F184607
:10E4E000FEF7DCF87B6800229A677B685B6F002B85
:10E4F00002D0786800F08EF97B684FF6FF721A86BA
:10E500007B68DB6E1846FFF795FD7B681B6F18462E
:10E51000FFF790FD7B680022DA667B68DA6E7B6825
:10E520001A677B680022A3F868200837BD4680BDC3
:10E53000409B0208A8A10208A09B020880B584B0F5
:10E5400000AF786039603B68002B06D13E4B40F647
:10E5500083023E493E4817F0EBFF7B68002B06D153
:10E56000394B40F684023B49394817F0E1FF7B689C
:10E570001B683A689A4205D17B681B68DA687B6839
:10E580001A6013E07B681B68FB600CE0FB68DB68CB
:10E590003A689A4204D13B68DA68FB68DA6005E0C1
:10E5A000FB68DB68FB60FB68002BEFD13B68002257
:10E5B000DA603868FFF772FF3B681B7D0A2B13D0C7
:10E5C0003B681B7D012B0FD03B685B8B03F0010385
:10E5D000002B09D03B685B8B43F002039AB23B6887
:10E5E0005A83386803F0CAFB3B681B7D012B20D09F
:10E5F0003B68DB6E002B06D0134B40F693021649A6
:10E60000134817F095FF3B681B6F002B06D00E4B8D
:10E6100040F6940211490E4817F08AFF3B685B6F81
:10E62000002B06D0084B40F696020D49084817F01B
:10E630007FFF3B6800221A753B680022DA8200BF28
:10E640001037BD4680BD00BF409B0208C4A1020830
:10E65000A09B0208E0A1020800A2020818A202087A
:10E6600034A2020880B582B000AF78607B68002BCE
:10E6700006D10A4B40F6AF0209490A4817F058FF85
:10E68000094B1A68094B1B681344074A1360064B71
:10E690001B6818460837BD4680BD00BF409B020876
:10E6A0004CA20208A09B020814000220ACD804204F
:10E6B00080B586B000AF0346B9607A60FB817B68A5
:10E6C000002B06D1144B40F6C5021449144817F02C
:10E6D0002FFFBB68002B01D1FB8919E0BB681B8DA4
:10E6E000FB82FB8A002B12D02823BB82FA8ABB8ACA
:10E6F0009A4204D9FA8ABB8AD31A9BB200E000235B
:10E700007B827A8AFB89934228BF1346FB81FB896F
:10E7100018461837BD4680BD409B020868A2020813
:10E72000A09B020880B584B000AF786039603B6878
:10E73000FB607B68002B20D1144B4FF4106214490E
:10E74000144817F0F5FE18E0FB681A687B681B6830
:10E750009A420FD1FB681B689BB24FF6A9629342A5
:10E7600008D0FB68DB68BB60F868FEF729FEBB6871
:10E77000FB6002E0FB68DB68FB60FB68002BE3D119
:10E7800000BF00BF1037BD4680BD00BF409B0208E0
:10E7900090A20208A09B020880B584B000AF786008
:10E7A00039607B68002B2AD07B681B68002B26D041
:10E7B000154B1B6819467868FFF7B4FF134B1B68AD
:10E7C00019467868FFF7AEFF3B68002B17D03B680F
:10E7D0001B68002B13D00E4B1B68FB600CE0FB6822
:10E7E0001A687B681B689A4203D13B681A68FB6809
:10E7F0001A60FB68DB68FB60FB68002BEFD100BF91
:10E800001037BD4680BD00BFB8D80420B0D8042062
:10E81000B4D8042080B582B000AF78607B685B6FAD
:10E82000002B07D07B685B6F1846FFF703FC7B6803
:10E8300000225A6700BF0837BD4680BD90B58DB035
:10E8400004AF786039607B68002B05D19B4B832235
:10E850009B499C4817F06CFE7B685B689A4A136082
:10E860007B685B89132B40F2D183984B5B69974A95
:10E8700012681146184606F0F5FE0346002B40F0DC
:10E88000C783924B5B6903F0F003E02B00F0C08379
:10E890008D4B1B689B899BB21846FCF75FFA0346B9
:10E8A0001B0B9BB2DBB29B00BB74BB7C132B40F2F7
:10E8B000B183BB7C9AB27B681B899A4200F2AA831F
:10E8C000BB7C9BB2143B9AB2814B1A80814B0022D5
:10E8D0001A607B685A89BB7C9BB29A4209D37C4BF5
:10E8E0001A887D4B1A80BB7C19467868FDF750FE6C
:10E8F0004EE07B681B68002B05D1704BC222774924
:10E90000704817F015FE14217868FDF741FE7B680A
:10E910005A89714B1A806E4B1A886F4B1B88D31A19
:10E920003B826D4B1B8819467868FDF731FE7B688A
:10E930001B685B893A8A9A4200F26E837B681B6887
:10E940005B68644A13607B681B683A8A1146184604
:10E95000FDF71EFE7B681A893B8AD31A9AB27B6840
:10E960001A817B685B89002B05D0544BDF225C4900
:10E97000544817F0DDFD7B681A897B681B681B898A
:10E980009A4205D04D4BE02256494E4817F0D0FD33
:10E990004D4B1B681B889BB24B4A14681846FCF70A
:10E9A000DDF903462380484B1B685B889BB2464ACF
:10E9B00014681846FCF7D2F903466380424B1B6883
:10E9C0005B68414A14681846FCF7DEF90346636049
:10E9D0006368454A13603C4B1B689B683A4A14685D
:10E9E0001846FCF7D1F90346A360A3683F4A1360B9
:10E9F000354B1B68DB899BB2334A14681846FCF719
:10EA0000ADF90346E381304B1B689B899BB21846E6
:10EA1000FCF7A4F90346DBB203F03F03DAB2344B50
:10EA20001A707B681A89334B1A80314B1B7803F0BC
:10EA30000303002B0CD02F4B1B8801339AB22D4BB4
:10EA40001A807B681A892B4B1B889A4200F2E68257
:10EA50000023BB61284B1B68FB619DE0FB691B7DAC
:10EA6000002B05D1154BFB222449164817F060FDF9
:10EA7000FB691B7D0A2B05D1104BFC222049114854
:10EA800017F056FDFB691B7D012B05D10B4BFD22B9
:10EA90001C490C4817F04CFDFB691B7A002B33D046
:10EAA000FB691A7A094B5B6893F834300133DBB2A7
:10EAB0009A4229D0FB69BB616BE000BFC4A2020887
:10EAC00014A302082CA30208D4D804201C9E0320FF
:10EAD000D8D80420DCD80420DAD8042054A30208B3
:10EAE00064A3020870A30208E4D80420E8D8042034
:10EAF000F0D80420EED80420B8D8042090A302084F
:10EB0000B8A30208E4A30208FB691A8B724B1B68C6
:10EB10001B889BB29A423AD1FB69DA8A6E4B1B681A
:10EB20005B889BB29A4232D1FB695A686B4B1B6976
:10EB30009A422CD1FB691A68684B5B699A4226D1CC
:10EB4000FB69DB68FA699A4206D1654B40F20D1207
:10EB50006449654817F0ECFCBB69002B0AD0FB69DF
:10EB6000DA68BB69DA60614B1A68FB69DA605F4A90
:10EB7000FB691360FB69DB68FA699A4211D1584B53
:10EB800040F215125A49584817F0D2FC09E0FB69C7
:10EB9000BB61FB69DB68FB61FB69002B7FF45EAF47
:10EBA00000E000BFFB69002B40F0AA80514B1B68BE
:10EBB000FB613FE0FB691B7D0A2B06D0484B40F20E
:10EBC0001F124D49484817F0B3FCFB691B7A002B14
:10EBD00009D0FB691A7A414B5B6893F834300133F2
:10EBE000DBB29A4222D1FB691A8B3B4B1B681B8814
:10EBF0009BB29A421BD1FB69DA8A374B1B685B8850
:10EC00009BB29A4213D1FB695A68344B1B699A42F2
:10EC10000DD1FB691A68314B5B699A4207D1F869DB
:10EC200000F056FB7868FDF739FDFDE100BFFB6998
:10EC3000DB68FB61FB69002BBCD10023BB612F4B60
:10EC40001B687B612AE07B691B7A002B0CD07B69F7
:10EC50001A7A224B5B6893F834300133DBB29A4264
:10EC600002D07B69BB6116E07B69DA8A1A4B1B68AC
:10EC70005B889BB29A420CD17B691A68174B5B691F
:10EC80009A420FD07B69002B0DD07B691B68002B4B
:10EC900009D07B69BB617B69DB687B617B69002B89
:10ECA000D1D100E000BF7B69002B29D0BB69002BCC
:10ECB0000AD07B69DA68BB69DA60104B1A687B6935
:10ECC000DA600E4A7B691360786900F003FA7868AD
:10ECD000FDF7E4FCA8E100BFD4D804201C9E03206B
:10ECE000C4A202080CA402082CA30208B8D804206D
:10ECF00038A40208BCD8042064A40208B4D80420B4
:10ED0000FB69002B00F05881954B00221A607B684C
:10ED10001A89934B1A81924A7B685360914B1B6806
:10ED20008F4AD360904B00221A60904B00221A70D9
:10ED30008F4B00221A808F4B1B7803F00803002BA7
:10ED400006D07B685B7B43F00103DAB27B685A73C1
:10ED5000FB699B6F002B17D0F869FFF7EFF80346AC
:10ED600013F10D0F07D0FB699B6F002B0CD0824B6A
:10ED70001B88002B08D0FB695B8D002B40F0E380E3
:10ED8000F86903F0FFFDDEE07C4AFB691360F86977
:10ED900000F018FB0346FB7497F9133013F10D0FC5
:10EDA00000F0D380714B1B7803F00803002B15D0C3
:10EDB000FB69D3F89030002B08D0FB69D3F8903072
:10EDC000FA6912696FF00D0110469847F9696C48AD
:10EDD000FFF7B4FBF869FEF70BF8DAE00023FB74E9
:10EDE000634B1B88002B1DD0614B1B88FB81FB698B
:10EDF000D3F88030002B0AD0FB69D3F88030FA6951
:10EE00001069FA89F96998470346FB7401E0002309
:10EE1000FB7497F9133013F10D0F00F09880544BE9
:10EE200000221A80F86900F015F90346002B40F023
:10EE300090804D4B1B68002B41D0FB699B6F002BD2
:10EE400006D0504B4FF4F3724F49504817F070FB07
:10EE5000FB695B8B03F01003002B08D0424B1B684F
:10EE60001846FDF71BFCF869FEF7AAFA91E0FB696A
:10EE7000D3F88430002B0CD0FB69D3F88440FB69B5
:10EE80001869394B1A680023F969A0470346FB74D7
:10EE900008E0354B1A680023F9690020FFF724F9D0
:10EEA0000346FB7497F9133013F10D0F53D097F904
:10EEB0001330002B03D02C4B1A68FB699A672B4B3D
:10EEC0001B7803F02003002B30D0FB699B6F002BD5
:10EED00009D0FB699B6F5A7BFB699B6F42F0200254
:10EEE000D2B25A7322E0FB691B8DB3F5804F05D077
:10EEF000FB691B8D01339AB2FB691A85FB69D3F854
:10EF00008430002B0BD0FB69D3F88440FB6918696F
:10EF100000230022F969A0470346FB7401E00023A7
:10EF2000FB7497F9133013F10D0F16D0134B002219
:10EF30001A60F86900F08EF80346002B28D1F869B2
:10EF400002F01CFF25E000BF23E000BF21E000BF6E
:10EF50001FE000BF1DE000BF1BE000BF19E000BFC5
:10EF6000C4D80420D4D80420F4D80420F1D8042034
:10EF7000ECD80420F0D80420EED80420F8D80420DF
:10EF8000B8D80420C4A2020894A402082CA3020842
:10EF900000BF274B00221A60264B00221A60264B26
:10EFA0005B68002B3FD0244B5B681846FDF776FB6F
:10EFB000214B00225A6036E0204B1B689B899BB294
:10EFC0001846FBF7CBFE0346DBB203F00403002B2D
:10EFD00018D11B4B19681B4B1B881A461A4B1B6810
:10EFE000D018164B1B685B889BB2144A12681288B3
:10EFF00092B202920193154B0093154B02460020EA
:10F0000003F070FC7868FDF749FB0CE000BF06E0F8
:10F0100000BF04E000BF02E000BF00E000BF78686E
:10F02000FDF73CFB00E000BF2437BD4690BD00BFAC
:10F03000F8D80420F4D80420C4D80420D4D804205C
:10F04000E8D80420EED80420E4D804202C9E032025
:10F05000309E032080B582B000AF78607B68002BC3
:10F0600006D1174B40F25A221649174817F060FA9A
:10F07000164B1B7803F01003002B1CD07B685B8BB6
:10F0800003F01003002B0DD17B68D3F89030002BD8
:10F0900008D07B68D3F890307A6812696FF00E015F
:10F0A0001046984779680A48FFF748FA7868FDF7EC
:10F0B0009FFE012300E0002318460837BD4680BDAF
:10F0C000C4A20208B0A402082CA30208F1D80420AC
:10F0D000B8D8042090B58BB004AF78606F4B1B7824
:10F0E00003F00403002B40F0D2807B68002B06D194
:10F0F0006B4B40F281226B496B4817F019FA674B52
:10F100001B7803F01003002B19D0684B1968684B6B
:10F110001B881A46674B1B68D018674B1B685B88B7
:10F120009BB2654A1268128892B202920193634BB5
:10F130000093634B0246786803F0D4FBA9E0574B79
:10F140001B7803F00203002B00F0A3807B685B7D3B
:10F150001846FFF7EDF878617B69002B11D17B68C9
:10F160009B69002B0AD07B689B697A6810694FF015
:10F17000FF32002198470346BB738BE0F023BB733B
:10F1800088E0504B5A697B691A604E4B1A697B695B
:10F190005A607B68DA8A7B69DA82474B1B681B8876
:10F1A0009AB27B691A837B6903221A75414B1B68EB
:10F1B0005A1C7B695A627B695A6A7B69DA62786990
:10F1C000FFF750FA38617B693A699A657B693A6959
:10F1D0001A657B693A695A647B693A69DA65354B25
:10F1E0001B685A1E7B695A657B681A697B691A61BC
:10F1F0007B697A68DA677B685B7A03F00C03DAB2C2
:10F200007B695A727B681A7A7B691A722E4B1A686C
:10F210007B69DA602C4A7B69136003F023FD2B4B7A
:10F2200001221A70786901F08BFD234B1B68DB8982
:10F230009AB27B69A3F860207B69B3F860207B6990
:10F24000A3F862207B695C8E7B690433184605F065
:10F2500067FF01467B6904331A462046FFF728FA08
:10F2600003461A467B695A861221786902F098FC97
:10F270000346FB7397F90F30002B04D00021786907
:10F28000FDF7E0FF06E0786902F078FD01E000BFDD
:10F2900000E000BF1C37BD4690BD00BFF0D8042081
:10F2A000C4A20208D8A402082CA30208E8D80420AB
:10F2B000EED80420E4D80420D4D804202C9E0320C7
:10F2C000309E03201C9E0320B8D80420C0D8042000
:10F2D00080B586B004AF78602F4B1B7803F0040331
:10F2E000002B53D17B68002B06D12C4B40F2EE2231
:10F2F0002B492C4817F01CF9274B1B7803F002030D
:10F30000002B2AD0284B1A687B685B6AD31A002B23
:10F310002DDB254B1A687B685B6A7968098D0B4485
:10F32000D31A002B23DC214B1968214B1B881A466A
:10F330001D4B1B68D0181F4B1B685B889BB21D4A76
:10F340001268128892B2029201931B4B00931B4BDE
:10F350000246786803F0C6FA1BE00F4B1B7803F0F7
:10F360000103002B03D0164B1A687B681A62104BFE
:10F370001B88002B0CD07B685B8B43F002039AB296
:10F380007B685A83786802F0F9FC01E000BF00E076
:10F3900000BF0837BD4680BDF0D80420C4A20208D3
:10F3A000F8A402082CA30208E4D80420E8D804201A
:10F3B000EED80420D4D804202C9E0320309E0320B5
:10F3C000ACD8042090B58DB004AF78600023FB76F4
:10F3D0000023BB767B68002B06D19D4B4FF4477210
:10F3E0009C499D4817F0A4F89C4B1B7803F004033C
:10F3F000002B4ED07B681B7D022B08D17B681A6DD9
:10F40000974B1B689A4223D10123FB7620E07B684F
:10F410005A6A944B1B689A4202D10123FB7617E08B
:10F42000904B1A687B685B6AD31A002B10DB8D4BFC
:10F430001A687B685B6A7968098D0B44D31A002BC4
:10F4400006DC7B685B8B43F002039AB27B685A83CD
:10F45000FB7E002B1BD07B681B7D002B06D17C4BD9
:10F460004FF44E7280497C4817F062F87F4B1B784E
:10F4700043F00803DAB27D4B1A707B685B8B23F094
:10F4800001039AB27B685A836FF00D037AE300237D
:10F4900078E3724B1B7803F00203002B10D07B68DB
:10F4A0001B7D022B0CD07B681B7D032B08D07B6857
:10F4B0005B8B43F002039AB27B685A83002361E3BB
:10F4C0007B685B8B03F01003002B03D1684B1A6839
:10F4D0007B681A627B68002283F8A3207B68002285
:10F4E00083F8A220786801F02BFC7B681B7D023B2F
:10F4F000072B00F2378301A252F823F01DF5000814
:10F500004DF70008C5F80008EFF8000813FA0008E6
:10F51000C5F800089FFA00082FFB00084F4B1B7826
:10F5200003F01003002B00F0E4804C4B1B7803F039
:10F530000203002B00F0DD807B685B6C5A1C484B9B
:10F540001B689A4240F0D580464B1B685A1C7B686A
:10F550005A627B685A6A7B68DA62414B1A687B6838
:10F560005A64444B1B68DB899AB27B68A3F860201D
:10F570007B68B3F860207B68A3F86220394B1B6876
:10F580005A1E7B685A657B6804221A757B685C8EFC
:10F590007B680433184605F0C3FD01467B680433DD
:10F5A0001A462046FFF784F803461A467B685A86B7
:10F5B0007B685B8E9A007B685B8E5B0041F21C115E
:10F5C0008B4238BF0B469A4204D27B685B8E9B000D
:10F5D0009BB20DE07B685B8E5B0041F21C12934294
:10F5E00004D97B685B8E5B009BB201E041F21C1387
:10F5F0007A68A2F848307B68B3F86630002B06D1F1
:10F60000134B4FF45B721C49134816F091FF7B6853
:10F61000B3F86630013B9AB27B68A3F866207B683A
:10F620001B6FFB61FB69002B2AD17B68DB6EFB61E2
:10F63000FB69002B06D1064B4FF45D720F4906485B
:10F6400016F076FFFB691A687B68DA661CE000BF7B
:10F65000C4A2020818A502082CA30208F0D80420AE
:10F66000E8D80420E4D8042034A50208F1D8042006
:10F67000ACD80420D4D8042054A502086CA50208F4
:10F68000FB691A687B681A67F869FEF7E8FC7B6813
:10F690001B6F002B04D17B684FF6FF721A8606E0C1
:10F6A0007B6800221A867B68002283F842207B68F0
:10F6B000D3F88830002B0AD07B68D3F888307A687A
:10F6C00010690022796898470346BB7601E0002361
:10F6D000BB7697F91A3013F10D0F02D16FF00C03BE
:10F6E00050E27B685B8B43F002039AB27B685A83DB
:10F6F0003AE2984B1B7803F01003002B00F03482A1
:10F70000954B1968954B1B881A46954B1B68D0186A
:10F71000944B1B685B889BB2924A1268128892B223
:10F7200002920193904B0093904B0246786803F04D
:10F73000D9F87B6893F84230052B00F215827B687C
:10F7400000221A86786802F0A5FE0DE2814B1B7834
:10F7500003F01003002B00F0A1807F4B1A687B6838
:10F760005B6CD31A013B002B7EDB7B4B1A687B68FA
:10F770001B6DD31A002B77DC7B6804221A757B681B
:10F78000DB6F002B02D1FA23BB761DE07B68DB6FB9
:10F790009B69002B06D1764B4FF46A727549764807
:10F7A00016F0C6FE7B68DB6F9B69002B0AD07B6876
:10F7B000DB6F9B697A681069002279689847034675
:10F7C000BB7601E0F023BB7697F91A30002B0AD004
:10F7D00097F91A3013F10D0F02D07868FDF7F0FD9C
:10F7E0006FF00C03CEE1786800F0E0FA634B1B8801
:10F7F000002B05D0614B1B88013B9AB25F4B1A80EE
:10F800007B685B8E9A007B685B8E5B0041F21C110B
:10F810008B4238BF0B469A4204D27B685B8E9B00BA
:10F820009BB20DE07B685B8E5B0041F21C12934241
:10F8300004D97B685B8E5B009BB201E041F21C1334
:10F840007A68A2F848304E4B1B7803F02003002B57
:10F8500037D07B685B8B43F002039AB27B685A8394
:10F860007B6807221A752CE03B4B19683B4B1B88C1
:10F870001A463B4B1B68D0183A4B1B685B889BB2FF
:10F88000384A1268128892B202920193364B009362
:10F89000364B0246786803F025F867E12D4B1B785C
:10F8A00003F00203002B00F061817B685B6A5A1E43
:10F8B0002B4B1B689A4240F05981786802F00CFE8D
:10F8C00054E153E1786800F071FA2D4B1B7803F096
:10F8D0002003002B00F04C817B685B8B43F002031C
:10F8E0009AB27B685A837B6807221A7540E1786870
:10F8F00000F05CFA224B1B7803F02003002B71D040
:10F90000144B1B7803F01003002B60D07B681A6D3A
:10F91000114B1B689A425AD17B68DB6E002B56D183
:10F920007B685B8B43F002039AB27B685A837868EA
:10F93000FEF7B4FD134B1B687A689A4205D1114B50
:10F940001B68DB680F4A13602EE00E4B1B687B615F
:10F9500027E000BFF0D80420E8D80420EED8042027
:10F96000E4D80420D4D804202C9E0320309E032009
:10F97000C4A2020880A502082CA30208ECD8042027
:10F98000F1D80420B8D804207B69DB687A689A42F1
:10F9900004D17B68DA687B69DA6005E07B69DB6843
:10F9A0007B617B69002BEFD17B680022DA60774BAB
:10F9B00001221A707B680A221A75754B1A687B68D7
:10F9C000DA60734A7B68136003F04CF9D2E07B681D
:10F9D0005B8B43F002039AB27B685A837B680822F0
:10F9E0001A75C7E06B4B1B7803F01003002B00F077
:10F9F000C1807B681A6D684B1B689A4240F0BA80E0
:10FA00007B68DB6E002B40F0B5807B6806221A75A0
:10FA1000B0E0786800F0CAF9604B1B7803F020036F
:10FA2000002B00F0A9807B685B8B43F002039AB245
:10FA30007B685A837868FEF731FD594B1B687A68FA
:10FA40009A4205D1564B1B68DB68554A136013E098
:10FA5000534B1B683B610CE03B69DB687A689A4258
:10FA600004D17B68DA683B69DA6005E03B69DB68F2
:10FA70003B613B69002BEFD17B680022DA60434B8E
:10FA800001221A707B680A221A75414B1A687B683A
:10FA9000DA603F4A7B68136003F0E4F86CE0786852
:10FAA00000F084F93B4B1B7803F01003002B65D06A
:10FAB0007B681A6D384B1B689A425FD17B68DB6E9E
:10FAC000002B5BD17868FEF7E9FC354B1B687A6840
:10FAD0009A4205D1324B1B68DB68314A136013E050
:10FAE0002F4B1B68FB600CE0FB68DB687A689A426E
:10FAF00004D17B68DA68FB68DA6005E0FB68DB68E4
:10FB0000FB60FB68002BEFD17B680022DA601F4BA3
:10FB100001221A707B680A221A751D4B1A687B68CD
:10FB2000DA601B4A7B68136003F09CF826E0786873
:10FB300000F03CF9174B1B7803F01003002B1FD08B
:10FB40007B681A6D144B1B689A4219D17B68DB6E77
:10FB5000002B15D1114B1B7843F01003DAB20F4B79
:10FB60001A700DE000BF0CE000BF0AE000BF08E023
:10FB700000BF06E000BF04E000BF02E000BF00E0FD
:10FB800000BF002318462437BD4690BDC0D80420CE
:10FB9000BCD80420F0D80420E8D80420F1D80420F0
:10FBA000B8D8042090B585B000AF786039607B6824
:10FBB000002B06D13B4B40F21F423B493B4816F01D
:10FBC000B7FC7B68DB689B899BB21846FBF7C6F8DD
:10FBD0000346DBB203F00103002B28D03868FEF7A0
:10FBE00029FA00233B6056E03B68DB689B899BB2A7
:10FBF0001846FBF7B3F80346DBB203F00103002B12
:10FC00000DD07B68DB689B899CB20120FBF7A6F8CE
:10FC100003461A467B68DB68224392B29A813B68AE
:10FC2000FB603B681B683B60F868FEF718FA3B68AE
:10FC3000002B0ED07B681B891A461D4B1B681A448B
:10FC40003B68DB685B68396809890B44D31A002B71
:10FC5000CADA3B68002B1ED07B681B891A46144BFE
:10FC60001B681A443B68DB685B68D31A002B12DD03
:10FC70003B68DB685B689AB20D4B1B689BB2D31A7A
:10FC80009AB27B681A817B685A687B681B8919461F
:10FC90001046FCF77DFB7B683A681A6000BF14379A
:10FCA000BD4690BDC4A20208A0A502082CA302086C
:10FCB000E4D80420B0B586B000AFF860B9607A60CF
:10FCC0003B603EE0BB687B61BB681B68BB607B69D7
:10FCD0005B681846FCF770FD03467B82FB68B3F84F
:10FCE00066307A8A9A4206D92A4B40F257422A490C
:10FCF0002A4816F01DFCFB68B3F866207B8AD31AED
:10FD00009AB2FB68A3F866207B691A89244B1B888A
:10FD100013449AB2224B1A807869FEF7A0F9FB6867
:10FD2000B3F86630002B0CD0BB68002B09D13B68C0
:10FD3000002B06D1174B40F261421A49174816F0C2
:10FD4000F7FBBB68002B20D0BB68DB685B681846FC
:10FD5000FBF71AF80446BB681B891D46BB68DB68C5
:10FD60009B899BB21846FAF7F9FF0346DBB203F012
:10FD70000303002B01D0012300E000232B44E218F1
:10FD8000094B1B68D31A002B9CDDBB68184618373B
:10FD9000BD46B0BDC4A20208C8A502082CA3020833
:10FDA000ECD80420F0A50208E8D80420B0B594B03F
:10FDB00000AF78600023BB647B68002B06D1914BB9
:10FDC00040F27B429049914816F0B2FB7B681B7D64
:10FDD000032B06D88B4B40F27C428D498B4816F0A2
:10FDE000A7FB8C4B1B7803F01003002B00F0648200
:10FDF0007B68B3F860301A467B689B6D13443B63A5
:10FE00007B685A6D844B1B68D31A002B1BDB7B6805
:10FE10005A6D814B1B689A4206D17B689A6D7F4B65
:10FE20001B68D31A002B0EDB7B689A6D7B4B1B681B
:10FE30009A4225D17A4B1B68DB899AB27B68B3F86A
:10FE400060309A421CD9764B1B68DB899AB27B687A
:10FE5000A3F860207B68B3F862207B68B3F8603059
:10FE60009A4205D27B68B3F860207B68A3F86220D1
:10FE7000694B1A687B685A65684B1A687B689A6593
:10FE8000664B1A687B685B6CD31A002B58DC654B99
:10FE90001B88002B4BD17B689B6D7A68B2F8602081
:10FEA00013443A6B9A4242D17B68B3F93030002B4D
:10FEB0003DDB7B685A6C594B1B689A4237D1012352
:10FEC000BB647B6893F84330FF2B07D07B6893F8C3
:10FED00043300133DAB27B6883F843207B6893F8C0
:10FEE0004330032B1BD97B68B3F848207B685B8EBB
:10FEF00013449AB27B68B3F848309A420AD37B68BD
:10FF0000B3F848207B685B8E13449AB27B68A3F8F1
:10FF1000482004E07B684FF6FF72A3F848207B6816
:10FF200093F84330022B02D9786802F041FBBB6C96
:10FF3000002B40F061817B68002283F843205BE165
:10FF4000364B1A687B685B6CD31A013B002BC0F2FE
:10FF50004E81324B1A687B681B6DD31A002B00F35D
:10FF600046817B685B8B03F00403002B10D07B6819
:10FF70005B8B23F004039AB27B685A837B68B3F8E7
:10FF80004A207B68A3F848207B680022A3F86A20F7
:10FF90007B68002283F842207B68B3F93C30DB1099
:10FFA0001BB29AB27B68B3F93E309BB213449BB24A
:10FFB0001AB27B68A3F84020184B1B689AB27B6882
:10FFC0005B6C9BB2D31AFB857B68002283F84320CD
:10FFD000124B1A687B685A647B681B7D032B40F2C6
:10FFE00097807B68B3F848207B68B3F84A309A4220
:10FFF00045D27B685B8B03F40063002B14D0012394
:020000040801F1
:1000000013E000BFC4A2020810A602082CA3020835
:100010002CA60208F0D80420E4D80420E8D8042054
:10002000D4D80420EED80420022387F82D3097F886
:100030002D309AB27B685B8E12FB03F39BB2FA8D74
:10004000934228BF13467B857B68B3F848207B8D9D
:1000500013449AB27B68B3F848309A4209D37B685C
:10006000B3F848207B8D13449AB27B68A3F84820EC
:100070004EE07B684FF6FF72A3F8482048E07B68AB
:10008000B3F86A20FB8D13449AB27B68B3F86A30E8
:100090009A4209D37B68B3F86A20FB8D13449AB265
:1000A0007B68A3F86A2004E07B684FF6FF72A3F830
:1000B0006A207B68B3F86A207B68B3F848309A42BC
:1000C00026D37B68B3F86A207B68B3F84830D31A2C
:1000D0009AB27B68A3F86A207B68B3F848207B68F3
:1000E0005B8E13449AB27B68B3F848309A420AD3C5
:1000F0007B68B3F848207B685B8E13449AB27B68B8
:10010000A3F8482004E07B684FF6FF72A3F848206C
:100110007B68196F7B68DB6E984A7868FFF7CAFDC9
:1001200002467B681A677B68D96E7B681B6F944AAE
:100130007868FFF7BFFD02467B68DA667B681B6F55
:10014000002B04D17B684FF6FF721A8602E07B68B1
:1001500000221A867B6800221A777B68DB6E002BF0
:1001600003D17B680022A3F868207B68B3F8642081
:10017000844B1B8813449AB27B68A3F864207B6885
:100180005B8B03F40063002B35D07B681B6F002B67
:1001900018D17B68DB6E002B0CD07B68DC6C7B6835
:1001A000DB6EDB685B681846FAF7EEFD0346E31A80
:1001B000002B20DC7B685B8B23F400639AB27B68A6
:1001C0005A8318E07B68DC6C7B681B6FDB685B68BC
:1001D0001846FAF7D9FD0346E31A002B0BDC7B68BF
:1001E0005B8B23F400639AB27B685A8303E07868E0
:1001F00002F0C8FB00E000BF7B685B6B002B5BD0AC
:100200007B689A6B604B1B68D31A002B54DA5F4BE8
:100210001B689AB27B685B6B9BB2D31A9BB2A7F840
:100220004E30B7F84E207B68B3F93C30DB101BB280
:100230009BB2D31A9BB2A7F84E307B68B3F93C301F
:100240009AB2B7F84E3013449BB21AB27B689A87C1
:10025000B7F94E30002B05DAB7F84E305B429BB24F
:10026000A7F84E30B7F84E207B68B3F93E309B10AC
:100270001BB29BB2D31A9BB2A7F84E307B68B3F97E
:100280003E309AB2B7F84E3013449BB21AB27B6834
:10029000DA877B68B3F93C30DB101BB29AB27B681B
:1002A000B3F93E309BB213449BB21AB27B68A3F8F9
:1002B00040207B6800225A63354B1B88002B00F0DE
:1002C000DF847B681B7D062B00F2DA847B685A6A28
:1002D000304B1B68D31A013B002BC0F28F807B6828
:1002E0005A6A2B4B1B8819462A4B1B680B44D31A9E
:1002F0000133002B00F38280274B5B687B647B68B3
:100300005A6A244B1B68D31A7B62234B5B68002B11
:1003100006D1224B40F294522149224816F008F9A6
:100320007B6A4FF6FE72934206D91C4B40F29552FF
:100330001D491C4816F0FCF87B6AA7F84230164BA2
:100340005B681B89B7F842209A4206D9134B40F2EA
:1003500097521649134816F0EBF80F4B1A89B7F865
:100360004230D31A9AB20C4B1A810B4B5B681A8934
:10037000B7F84230D31A7B842AE000BF48A60208AF
:1003800050A60208ECD80420E8D80420ACD80420F9
:10039000EED80420E4D80420C4D80420C4A2020863
:1003A00058A602082CA3020868A6020878A602082C
:1003B0007B6C5B89B7F84220D31AA7F842307B6C7C
:1003C0007A8C1A817B6C00225A817B6C1B687B645F
:1003D0007B6C5B89B7F842209A42E9D8B7F8423083
:1003E0001946786CFCF7D4F87B685B6A904A136016
:1003F000904BDB688E4A12685A600DE08C4B1A688D
:100400007B685B6AD31A002B06DA7B685B8B43F050
:1004100002039AB27B685A83854B1A687B685B6AD1
:10042000D31A002BC0F22784814B1A687B685B6A61
:100430007968098D0B44D31A0133002B00F31B8418
:100440007B685A6A7A4B1B689A4240F09882794BD3
:100450001C89784BDB689B899BB21846FAF77EFCB7
:100460000346DBB203F00303002B01D0012300E0BD
:10047000002323449AB2704B1A807B681A8D6E4B0E
:100480001B889A4274D26B4BDB689B899BB21846DF
:10049000FAF764FC0346DBB203F00103002B1ED025
:1004A000644BDB689B899BB21BB223F47C531CB268
:1004B000604BDB689B899BB21846FAF74FFC0346FA
:1004C000DBB203F03E039BB21846FAF747FC034643
:1004D0001BB223431AB2574BDB6892B29A817B68F6
:1004E0001A8D544B1A81534BDB689B899BB218467B
:1004F000FAF734FC0346DBB203F00203002B05D00D
:100500004C4B1B89013B9AB24A4B1A81494B5B68A1
:10051000484A128911461846FBF73AFF454B1C8999
:10052000444BDB689B899BB21846FAF717FC0346DD
:10053000DBB203F00303002B01D0012300E0002312
:1005400023449AB23C4B1A803B4B1B881A46384BCB
:100550001B681A447B685B6A7968098D0B449A4270
:1005600006D0364B40F2CB523549364815F0E0FF05
:100570007B685B6F002B00F0E6802E4BDB689B896D
:100580009BB21846FAF7EAFB0346DBB203F001031D
:10059000002B10D00AE07B685B6FFB607B685B6FB1
:1005A0001A687B685A67F868FDF759FD7B685B6FCE
:1005B000002BF0D1C7E07B685B6FFB6351E0FB6B06
:1005C000DB689B899BB21846FAF7C8FB0346DBB28F
:1005D00003F00103002B3CD0164BDB689B899BB2D8
:1005E0001846FAF7BBFB0346DBB203F00203002B0D
:1005F0002FD1104BDB689B899CB20120FAF7AEFB30
:1006000003461A460B4BDB68224392B29A81094B90
:100610001C89084BDB689B899BB21846FAF79EFB46
:100620000346DBB203F00303002B0DD001230CE0E3
:10063000E4D80420C4D80420EED80420C4A20208C0
:1006400088A602082CA30208002323449AB2984BE0
:100650001A80FB6B3B61FB6B1B68FB633869FDF722
:10066000FEFCFB6B002B0ED0914B1B881A46914B66
:100670001B681A44FB6BDB685B68F96B09890B44E8
:10068000D31A002B9BDAFB6B002B59D0884B1B88AD
:100690001A46884B1B681A44FB6BDB685B68D31AED
:1006A000002B4DDDFB6BDB685B689AB2814B1B68EE
:1006B0009BB2D31A9AB2804B1A817F4BDB689B891D
:1006C0009BB21846FAF74AFB0346DBB203F002037B
:1006D000002B05D0784B1B89013B9AB2764B1A81CF
:1006E000754B5B68744A128911461846FBF750FE39
:1006F000714B1C89704BDB689B899BB21846FAF7DB
:100700002DFB0346DBB203F00303002B01D00123D2
:1007100000E0002323449AB2654B1A80644B1B8887
:100720001A46644B1B681A44FB6BDB685B689A4291
:1007300006D0624B40F2FC526149624815F0F8FE67
:100740007B68FA6B5A675A4B1B881A46594B1B68D1
:100750001A447B685A627B681A8D554B1B889A42F3
:1007600006D2564B40F207625749564815F0E0FE54
:100770007B681A8D4E4B1B88D31A9AB27B681A85F8
:100780007868FCF729FE4C4B5B681B89002B06D070
:10079000494B5B684D4A1360474B00225A60464BF9
:1007A000DB689B899BB21846FAF7D8FA0346DBB29E
:1007B00003F00103002B00F0B880454B1B7843F099
:1007C0002003DAB2424B1A70AFE07B685B6FBB600C
:1007D0007B685B6FDB685B68364A1360BB681B89AC
:1007E0001C46BB68DB689B899BB21846FAF7B6FAD1
:1007F0000346DBB203F00303002B01D0012300E02A
:1008000000231A197B685B6A1A447B685A627B680A
:100810001B8D1C46BB681B891D46BB68DB689B891A
:100820009BB21846FAF79AFA0346DBB203F00303C9
:10083000002B01D0012300E000232B449C4206D270
:100840001E4B40F22B6223491E4815F071FEBB6817
:100850001B891C46BB68DB689B899BB21846FAF76C
:100860007DFA0346DBB203F00303002B01D0012322
:1008700000E0002319197B681A8D8BB2D31A9AB243
:100880007B681A857868FCF7A7FDBB685B681B89E5
:10089000002B28D00D4B1B68002B1DD00B4B1A686A
:1008A000BB685B6819461046FBF7C6FF18E000BF3F
:1008B000EED80420E4D80420C4D80420C4A202083E
:1008C000C0A602082CA30208FCA60208F4D8042043
:1008D000F1D804201CA70208BB685B68704A13604B
:1008E000BB6800225A60BB68DB689B899BB21846D4
:1008F000FAF734FA0346DBB203F00103002B0DD004
:10090000684B1B7843F02003DAB2664B1A707B68A1
:100910001B7D042B02D17B6807221A75BB681A68FD
:100920007B685A67B868FDF79AFB7B685B6F002BA2
:1009300008D07B685B6FDB685A687B685B6A9A42A9
:100940003FF443AF7B685B8B03F00103002B0ED0B9
:100950007B685B8B23F001039AB27B685A837B68C8
:100960005B8B43F002039AB27B685A8387E17B6812
:100970005B8B43F001039AB27B685A837FE17B680B
:100980005B6F002B06D14848FDF782FB02467B686F
:100990005A676CE100237B637B685B6FBB6356E146
:1009A000BB6BDB685A68414B1B689A421DD13E4BBA
:1009B0001A89BB6B1B899A4240F24E813A48FDF777
:1009C00067FB78617B69002B00F048817B6B002B13
:1009D00003D07B6B7A691A6002E07B687A695A6798
:1009E000B96B7869FFF7DEF838E17B6B002B17D124
:1009F0002E4B1A68BB6BDB685B68D31A002B57DA87
:100A00002948FDF745FBB861BB69002B00F0288140
:100A10007B68BA695A67B96BB869FFF7C3F81FE119
:100A2000224B1A687B6BDB685B68D31A013B002B97
:100A30003EDB1E4B1A68BB6BDB685B68D31A013365
:100A4000002B35DC1848FDF723FBF861FB69002B10
:100A500000F008817B6BDB685B687A6B12891A4453
:100A6000124B1B68D31A002B12DD104B1B689AB275
:100A70007B6BDB685B689BB2D31A9AB27B6B1A8183
:100A80007B6B5A687B6B1B8919461046FBF780FC11
:100A90007B6BFA691A60B96BF869FFF783F8E1E0DC
:100AA000F4D80420F1D80420C4D80420E4D80420C9
:100AB000BB6B7B63BB6B1B68002B40F0C5807F4B1F
:100AC0001A68BB6BDB685B68D31A002B40F3BC80F1
:100AD000BB6BDB689B899BB21846FAF73FF903466C
:100AE000DBB203F00103002B40F0BE807448FDF739
:100AF000CFFA0246BB6B1A60BB6B1B68002B00F081
:100B0000B580BB6BDB685B68BA6B12891A446B4BB0
:100B10001B68D31A002B12DD684B1B689AB2BB6BA3
:100B2000DB685B689BB2D31A9AB2BB6B1A81BB6B52
:100B30005A68BB6B1B8919461046FBF729FC614BB1
:100B40001B881A465D4B1B681A447B685B6A796890
:100B5000098D0B44D31A002B40F38880BB6B1B68B4
:100B6000DB689B899BB21846FAF7F8F80346DBB2BC
:100B700003F00103002B21D0BB6B1B68DB689B8952
:100B80009BB21BB223F47C531CB2BB6B1B68DB68AB
:100B90009B899BB21846FAF7E1F80346DBB203F0F3
:100BA0003E039BB21846FAF7D9F803461BB223431B
:100BB0001AB2BB6B1B68DB6892B29A817B685B6A76
:100BC0009AB27B681B8D134499B23C4B1B689AB256
:100BD000BB6B1B688A1A92B21A81BB6B1B685A687E
:100BE000BB6B1B681B8919461046FBF7D1FBBB6B1F
:100BF0001B681C89BB6B1B68DB689B899BB2184612
:100C0000FAF7ACF80346DBB203F00303002B01D084
:100C1000012300E0002323449AB22A4B1A80294B77
:100C20001B881A46254B1B681A447B685B6A7968E7
:100C3000098D0B449A4219D0234B4FF4DF622349AC
:100C4000234815F075FC11E0BB6B1B68BB63BB6BE5
:100C5000002B7FF4A5AE0AE000BF08E000BF06E06D
:100C600000BF04E000BF02E000BF00E000BF786802
:100C700001F088FE03E0786801F084FE1AE019E0D4
:100C80000E4B1A687B685B6AD31A002B0ADB0B4B8E
:100C90001A687B685B6A7968098D0B44D31A013343
:100CA000002B07DD7B685B8B43F002039AB27B6805
:100CB0005A83FFE700BF5037BD46B0BDE4D80420DB
:100CC000C4D80420EED80420C4A2020888A60208D2
:100CD0002CA3020880B483B000AF154B1B885A1CAC
:100CE00091B2134A1180FB80124B1B68002B04D079
:100CF000114B1B88FA889A4208D2104B1B68143398
:100D00003B60FB883A6813441B780BE0FB88DAB23F
:100D1000094B1B88DBB2D31A7B71064B1A687B79AF
:100D200013441B7818460C37BD465DF8047B7047AA
:100D3000E0D80420DCD80420DAD80420D4D8042059
:100D400080B584B000AF78607B68002B06D1334B50
:100D500040F27D723249334815F0EAFB324B1B8872
:100D6000002B57D0314B00221A8047E0FFF7B2FF2B
:100D70000346FB73FB7B022B06D0022B2BDC002BE4
:100D800043D0012B39D026E0FFF7A4FF0346042B04
:100D90003DD1264B1B880133234A1288934236DA11
:100DA000FFF798FF03461B02BB81FFF793FF034643
:100DB0001A46BB891343BB81BB8940F2B4529342AC
:100DC00004D8BB89002B01D0BA8901E040F2B452AB
:100DD0007B685A8612E0FFF77DFF0346FB72FB7AC1
:100DE000012B16D9FB7A9AB2104B1B8813449BB285
:100DF000023B9AB20D4B1A8000E000BF0B4B1A88E1
:100E0000094B1B889A42B1D304E000BF02E000BF47
:100E100000E000BF1037BD4680BD00BFC4A202087D
:100E200044A702082CA30208D8D80420E0D8042044
:100E300080B400AF054B1B7843F01003DAB2034BCC
:100E40001A7000BFBD465DF8047B7047F1D80420DE
:100E500080B584B000AFF860B9607A60FB68002BA1
:100E60000AD0FB681B7A002B06D0FB681B7A184659
:100E7000FBF786F8034603E0786804F051F903466F
:100E800018461037BD4680BD90B587B000AFF860FA
:100E9000B9603B601346FB71FB68002B05D1434BE7
:100EA000A3224349434815F043FBBB68002B05D1FF
:100EB0003E4BA42240493F4815F03AFB97F82830B2
:100EC0009B00DBB203F00403FB750320FAF746FC3A
:100ED00038613B69002B04D1B868FBF7DFFB0023C6
:100EE00060E03B6997F828209A723B6900221A60FB
:100EF0003B69BA685A60BB681A89FB7D9BB29A420B
:100F000005D22A4BB0222D492A4815F011FBBB68A7
:100F10001A89FB7D9BB2D31A9AB23B691A811421BC
:100F2000B868FBF725FB0346002B04D03869FDF7B2
:100F300096F8002336E03B695B685A683B69DA60E3
:100F4000FB68DA8A3B69DC681046F9F707FF03465D
:100F50002380FB681A8B3B69DC681046F9F7FEFEBC
:100F6000034663803B69DC683868F9F70DFF034688
:100F70006360FB7D9B08DBB205339BB21B039AB217
:100F8000FB799BB213439AB23B69DC681046F9F7D0
:100F9000E5FE0346A3813B69DB6800229A740022C8
:100FA000DA743B6918461C37BD4690BD60A702083D
:100FB000B0A70208D0A70208F8A702081CA80208D8
:100FC00080B586B000AF7B600346FB730B46BB81E8
:100FD00013467B81BB89FB827B68002B05D1304B9C
:100FE000E8223049304815F0A3FA3B6A002B05D1BE
:100FF0002B4BE9222D492C4815F09AFABA897B89A6
:101000009A4221D297F8243003F00203002B11D129
:101010003B6A5B8B03F04003002B15D197F8283017
:10102000002B07D03B6ADB6E002B03D13B6A1B6FA2
:10103000002B09D0BB8903F2BB5323F007027B8945
:10104000934228BF1346FB82F98AFB7B4FF4207240
:101050001846FBF73FF838613B69002B01D10023AC
:1010600019E03B691B68002B06D00D4B40F20B12B8
:101070000F490D4815F05CFA3B695A89BB89D31AB0
:101080009AB27B681A803B69BA891A813B691A89CE
:101090003B695A813B6918461837BD4680BD00BF81
:1010A00060A7020834A80208D0A7020858A80208BE
:1010B00078A8020880B582B000AF78600B467B80CC
:1010C0007B68002B06D1334B40F233123249334850
:1010D00015F02EFA7B681B7D042B0ED07B681B7DE0
:1010E000072B0AD07B681B7D022B06D07B681B7DFB
:1010F000032B02D06FF00A0348E07B88002B01D15C
:10110000002343E07B68B3F864307A889A4209D9B7
:101110007B685B8B43F080039AB27B685A834FF005
:10112000FF3333E07B68B3F86630172B09D97B684F
:101130005B8B43F080039AB27B685A834FF0FF3396
:1011400024E07B68B3F86630002B0FD07B681B6F00
:10115000002B1AD17B68DB6E002B16D10D4B40F2B1
:1011600055120F490D4815F0E3F90EE07B681B6F2F
:10117000002B03D17B68DB6E002B06D0054B4FF4B0
:10118000AC720849054815F0D3F900231846083712
:10119000BD4680BD60A702088CA80208D0A702083F
:1011A000ACA80208E8A8020890B59BB004AFF860AC
:1011B000B96011461A460B46FB8013467B7100232B
:1011C0007B6500233B650023FB640023BB64002395
:1011D0007B640023A7F84230002387F827300023E0
:1011E0007B820023FB870023BB87FB68002B09D190
:1011F000A44B4FF4CF72A449A44815F099F96FF0AD
:101200000F032AE3FB68B3F862305B089AB2FB680D
:101210005B8E934228BF1346BB84BB8C002B02D14C
:10122000FB685B8E00E0BB8CBB84BB68002B09D1E4
:10123000944B40F2AD129649944815F079F96FF04D
:101240000F030AE3FB881946F868FFF733FF0346EC
:1012500087F8233097F92330002B02D097F92330F9
:10126000FBE2FB68B3F86630A7F84030002387F84C
:101270002230FB68DB6E002B00F0F680FB68DB6E33
:101280003B6502E03B6D1B683B653B6D1B68002BBB
:10129000F8D13B6D9B7A9B009BB203F004033B8427
:1012A000BA8C3B6D1B8919463B8C0B449A4206DA7B
:1012B000744B4FF4F3727749744815F039F93B6D6C
:1012C0001A893B8C13449BB2BA8CD31A7B87FB6878
:1012D000B3F868307B827B8A002B26D07B8A7A8F9A
:1012E0009A4206D2674B4FF4FC726B49674815F07F
:1012F0001FF93B6DFB647B8AFA88934228BF134633
:101300009BB27A8F934228BF1346FB87B7F84220DF
:10131000FB8F1344A7F842307A8AFB8FD31A9BB213
:101320007B827A8FFB8FD31A7B877B8A002B0BD033
:10133000B7F84220FB889A4206D0524B4FF4007215
:101340005649524815F0F4F8B7F84220FB889A4203
:1013500080F067817B8F002B00F063813B6D1B89E0
:10136000002B00F05E81FA88B7F84230D21A7B8FEA
:101370009342A8BF1346FB833B6DFB647B7903F06C
:101380000103002B27D007F112007A8FF98B01237C
:1013900002937B790193FB68009303460020FFF7DB
:1013A0000FFE78657B6D002B00F025827B6D586801
:1013B000B7F84230BA681344FA8B194616F0B7F9F9
:1013C000786DFBF7F9F903461A46B7F84030134435
:1013D000A7F8403041E03B6D5B687B6302E07B6BCC
:1013E0001B687B637B6B1B68002BF8D17B6B1B7BC3
:1013F00003F0C003002B15D17B6B5B687A6B5289BD
:101400001344BA689A420DD1B7F84230002B06D087
:101410001C4B40F2312222491C4815F089F8FB8B05
:10142000BB871AE0FB8B012219460020FAF752FE17
:1014300078657B6D002B00F0E081B7F84230BA6828
:101440001A447B6D5A60786DFBF7B6F903461A466D
:10145000B7F840301344A7F84030B7F84220FB8B70
:101460001344A7F84230DCE0FB68B3F86830002B87
:1014700000F0D780034B40F24A220A49034815F096
:1014800057F8CEE060A702081CA90208D0A70208FE
:1014900034A9020868A9020880A90208A0A90208C4
:1014A000C0A90208ECA90208FA88B7F84230D31A9A
:1014B000BB8397F822309BB2BA8CD31A7B837A8B8A
:1014C000BB8B934228BF13463B837B7903F0010318
:1014D000002B36D097F822309AB23B8B134499B246
:1014E0007B6C002B0CBF01230023DBB207F1120041
:1014F000BA8C02937B790193FB68009303463620F4
:10150000FFF75EFD38633B6B002B00F078813B6B8F
:101510005B893A8B9A4206D98C4B40F266228C4901
:101520008C4815F005F83B6B5A6897F82230D018B4
:10153000B7F84230BA6813443A8B194616F0F7F8F8
:101540002FE07B8A002B06D0804B40F2712282492B
:10155000804814F0EDFF3B8B012219463620FAF744
:10156000B9FD78617B69002B00F04B81B7F8423000
:10157000BA681A447B695A6097F822309BB24FF4DC
:10158000207219463620FAF7A5FD38633B6B002B15
:1015900003D17869FBF782F836E17969386BFBF79C
:1015A0004BF9386BFBF708F903461A46B7F8403099
:1015B0001344A7F84030B7F84030182B03D9386BE4
:1015C000FBF76CF820E1FB68DA6DB7F842301A449B
:1015D00097F82730009313460022396BF868FFF71D
:1015E00053FCF864FB6C002B00F00D817B6C002B2E
:1015F00002D1FB6C7B640CE0BB6C002B06D1534B1F
:1016000040F2AB225549534814F092FFBB6CFA6C80
:101610001A60FB6CBB64B7F842203B8B1344A7F8FD
:101620004230B7F84220FB889A42FFF43DAFFB8F6F
:10163000002B2CD03B6D5B68FB621EE0FB6A1A89B5
:10164000FB8F13449AB2FB6A1A81FB6A1B68002B5A
:1016500010D1FB6A5B68FA6A52891344FA8FB96841
:10166000184616F064F8FB6A5A89FB8F13449AB245
:10167000FB6A5A81FB6A1B68FB62FB6A002BDDD1A7
:101680003B6D1A89FB8F13449AB23B6D1A817A8A9B
:10169000FB68A3F868207B6D002B18D03B6D002BF6
:1016A00006D12A4B4FF438722D492A4814F040FFD6
:1016B0003B6D5B68796D1846FBF7BEF83B6D1A8988
:1016C0007B6D1B8913449AB23B6D1A8137E0BB8F47
:1016D000002B34D03B6D002B03D03B6D5B68002B9F
:1016E00006D11A4B40F2E6221E491A4814F020FF98
:1016F0003B6D5B68BB6209E0BB6A1A89BB8F134410
:101700009AB2BB6A1A81BB6A1B68BB62BB6A1B6860
:10171000002BF1D1BB6A1A89BB8F13449AB2BB6A02
:101720001A81BB6A5A89BB8F13449AB2BB6A5A8129
:101730003B6D1A89BB8F13449AB23B6D1A813B6D86
:10174000002B11D1FB687A6CDA6610E060A7020802
:101750001CAA0208D0A702085CAA02086CAA020808
:1017600080AA0208B8AA02083B6D7A6C1A60FB686E
:10177000DA6DFB881A44FB68DA65FB68B3F864200D
:10178000FB88D31A9AB2FB68A3F86420FB68B7F809
:101790004020A3F86620FB68B3F86630002B0ED01B
:1017A000FB681B6F002B0AD1FB68DB6E002B06D198
:1017B0002C4B40F212322C492C4814F0B9FEFB6C31
:1017C000002B16D0FB6CDB68002B12D07B7903F06A
:1017D0000203002B0DD1FB6CDB689B899CB20820B7
:1017E000F9F7BCFA03461A46FB6CDB68224392B257
:1017F0009A81002331E000BF06E000BF04E000BF93
:1018000002E000BF00E000BFFB685B8B43F0800399
:101810009AB2FB685A837B6D002B02D0786DFAF781
:101820003DFF7B6C002B02D0786CFCF703FCFB685F
:10183000B3F86630002B0ED0FB681B6F002B0AD16B
:10184000FB68DB6E002B06D1064B40F227320649BF
:10185000064814F06DFE4FF0FF3318465C37BD4666
:1018600090BD00BF60A70208F0AA0208D0A7020836
:1018700090B58BB002AF78600B467B800023FB6194
:1018800000237B6100233B617B68002B06D1954BD5
:1018900040F24B329449954814F04AFE7B68DB6E67
:1018A0007B617B69002B02D14FF0FF3316E17B880F
:1018B000002B09D18B4B40F253328D498B4814F0E9
:1018C00037FE6FF0050309E17B691B897A889A422C
:1018D00001D3002302E17B685B8E7A889A4206D9A5
:1018E000804B40F25B328349804814F021FE7B69D3
:1018F0001B89002B06D17B4B4FF457727E497B48E6
:1019000014F016FE7B699B7AFB73FB7B9B00DBB2BA
:1019100003F00403BB737B691A897B88D31ABB81EC
:10192000BB7B9AB2BB8913449BB24FF42072194619
:101930003620FAF7CFFB38613B69002B00F0B78007
:101940007B695B681A897B691B89D31A9AB27B8889
:1019500013447B817B6958683B695A68BB7BD1180B
:101960007B89BA89FBF7A0F803461A46BB899342E4
:1019700040F09F807B69DB689B899BB21846F9F732
:10198000EDF90346DBB203F03F03FB760023BB76A1
:10199000FB7E03F00803002B07D0FB7E23F0080337
:1019A000FB76BB7E43F00803BB76FB7E03F00103AE
:1019B000002B07D0FB7E23F00103FB76BB7E43F0B8
:1019C0000103BB767B69DB685B681846F9F7DCF9D5
:1019D00002467B88D118BA7EFB7B00930B4639699F
:1019E0007868FFF751FAF861FB69002B63D07B69D7
:1019F0005B681846FAF7E0FE03461A467B68B3F8C0
:101A000066309B1A9AB27B68A3F866207B69586897
:101A10007B695B681A89BB89D31A9BB21946FAF7AE
:101A2000B7FC7B691A89BB89D31A9AB27B691A8180
:101A30007B69DB689B899CB2FB7E9BB21846F9F7F9
:101A40008DF903461A467B69DB68224392B29A817C
:101A50007B695B681846FAF7AFFE03461A467B6857
:101A6000B3F8663013449AB27B68A3F86620FB692A
:101A70005B681846FAF7A0FE03461A467B68B3F87F
:101A8000663013449AB27B68A3F866207B691A68B3
:101A9000FB691A607B69FA691A60FB691B68002B95
:101AA00003D17B680022A3F86820002316E000BF62
:101AB00002E000BF00E000BFFB69002B06D0094B2D
:101AC0004FF476720D49094814F032FD3B69002B42
:101AD00002D03869FAF7E2FD4FF0FF331846243799
:101AE000BD4690BD60A7020810AB0208D0A702084F
:101AF00034AB020858AB020868AB020878AB0208A6
:101B000090B585B000AF78607B68002B06D1214B83
:101B100040F2EB322049214814F00AFD7B68DB6E6D
:101B2000002B2ED07B68DB6EFB6002E0FB681B683D
:101B3000FB60FB681B68002BF8D1FB68DB689B89A6
:101B40009BB21846F9F70AF90346DBB203F0070324
:101B5000002B16D1FB68DB689B899CB20120F9F74A
:101B6000FDF803461A46FB68DB68224392B29A816D
:101B70007B685B8B43F020039AB27B685A83002317
:101B800004E00121786800F00BF80346184614378A
:101B9000BD4690BD60A7020884AB0208D0A702082A
:101BA00080B58AB002AF78600B46FB700023FB77EC
:101BB0000023FB75FB7803F00303002B06D1674B72
:101BC00040F211426649674814F0B2FC7B68002B72
:101BD00006D1624B40F213426349624814F0A8FCFC
:101BE000FB7803F00203002B01D00123FB77FB7F7E
:101BF0009B00DBB203F00403FB75FB7D9BB24FF44B
:101C0000207219463620FAF765FA38613B69002BD5
:101C100009D17B685B8B43F080039AB27B685A835F
:101C20004FF0FF3395E03B695A89FB7D9BB29A42A6
:101C300006D24A4B40F239424C494A4814F078FCEB
:101C40007B68D96DFA78FB7F00930B463969786819
:101C5000FFF71AF9F860FB68002B09D17B685B8BF2
:101C600043F080039AB27B685A834FF0FF3370E0F1
:101C7000FB68DB6803F00303002B06D0374B40F210
:101C800042423B49374814F053FCFB681B89002B48
:101C900006D0324B40F243423649324814F048FCF9
:101CA0007B68DB6E002B03D17B68FA68DA660DE097
:101CB0007B68DB6EBB6102E0BB691B68BB61BB6913
:101CC0001B68002BF8D1BB69FA681A607B68002298
:101CD000A3F86820FB7803F00203002B04D1FB7803
:101CE00003F00103002B04D07B68DB6D5A1C7B687A
:101CF000DA65FB7803F00103002B06D07B685B8B71
:101D000043F020039AB27B685A83FB685B681846ED
:101D1000FAF752FD03461A467B68B3F8663013445F
:101D20009AB27B68A3F866207B68B3F86630002B14
:101D30000ED07B681B6F002B0AD17B68DB6E002BFB
:101D400006D1064B40F265420B49064814F0F0FB01
:101D5000002318462037BD4680BD00BF60A702089B
:101D6000A0AB0208D0A70208F8AB020818AC020822
:101D700054AC02086CAC020898AC0208B0B58AB04A
:101D800000AF78607B68002B06D18A4B40F2E142BD
:101D900089498A4814F0CCFB7B681B7D012B06D156
:101DA000844B40F2E3428649844814F0C1FB854BE2
:101DB0001B687A689A4201D10023CEE17B68B3F8B0
:101DC00048207B68B3F86030934228BF13469BB22B
:101DD000BB617B68DB6E7B627B6A002B0BD17B680F
:101DE0005B8B03F00203002B00F0AA81786800F0FF
:101DF000C9FD0346B1E179687B6804331A46786807
:101E0000FFF726F878617B69002B02D16FF003039E
:101E1000A3E17B68002B03D07B681B68002B11D1EA
:101E20007B69002B02D07B69043300E000233B6117
:101E30003B69002B02D16FF003038EE13B691A6806
:101E40007B681A607B6ADB685B681846F8F79CFF62
:101E500002467B685B6CD31A7A6A12891344BA69AA
:101E60009A4227D27B68B3F860301A46BB69934226
:101E700014D17B681B6F002B10D17B6893F8A130C5
:101E8000002B0BD17B68002283F8A0207B68012205
:101E900083F8A1207B68002283F8A2207B685B8BFB
:101EA00003F00203002B00F04D81786800F06AFD1A
:101EB000034652E17B68002283F8A1207B681B6FF8
:101EC0003B623B6A002B00F01C8102E03B6A1B680E
:101ED0003B623B6A1B68002BF8D112E17B6ADB682E
:101EE0009B899BB21846F8F739FF0346DBB203F033
:101EF0000403002B06D02F4B40F2365232492F48B4
:101F000014F016FB7B681B6F002B1FD07B685B8B6C
:101F100003F04403002B19D17B68DB6E002B0BD040
:101F20007B68DB6E1B68002B10D17B68DB6E1A8927
:101F30007B685B8E9A4209D27B68B3F86430002BD1
:101F400004D07B68B3F86630172B01D9012300E079
:101F50000023002B06D17B685B8B03F0A003002BD2
:101F600000F0E4807B681B7D022B0DD07B6ADB6870
:101F70009B899CB21020F8F7F1FE03461A467B6A53
:101F8000DB68224392B29A817A697968786A00F0B4
:101F900009F90346FB7397F90F30002B16D07B68C5
:101FA0005B8B43F080039AB27B685A8397F90F30BA
:101FB000D3E000BF60A70208C0AC0208D0A70208A7
:101FC000D8AC0208F8D8042000AD02087B6A1A6871
:101FD0007B68DA667B681B7D022B06D07B685B8B97
:101FE00023F003039AB27B685A837B6ADB685B68E1
:101FF0001846F8F7C9FE04467B6A1B891D467B6AB2
:10200000DB689B899BB21846F8F7A8FE0346DBB253
:1020100003F00303002B01D0012300E000232B4435
:102020002344BB607B681A6DBB68D31A002B02DAAD
:102030007B68BA681A657B6A1B891C467B6ADB6809
:102040009B899BB21846F8F789FE0346DBB203F082
:102050000303002B01D0012300E000232344002BC5
:1020600049D07B6A00221A607B681B6F002B05D168
:102070007B687A6A1A677B6A3B623FE07B6ADB684F
:102080005B681846F8F780FE04463B6ADB685B68CD
:102090001846F8F779FE0346E31A002B24DA7B682A
:1020A0007033FB6102E0FB691B68FB61FB691B6825
:1020B000002B11D0FB691B68DB685B681846F8F7DA
:1020C00063FE04467B6ADB685B681846F8F75CFED3
:1020D0000346E31A002BE6DBFB691A687B6A1A6089
:1020E000FB697A6A1A6009E03B6A7A6A1A603B6A9D
:1020F0001B683B6202E0786AFBF7B1FF7B68DB6E2E
:102100007B627B6A002B12D07B6ADB685B681846B7
:10211000F8F73AFE02467B685B6CD31A7A6A12893A
:102120001344BA699A42BFF4D9AE00E000BF7B689D
:10213000DB6E002B08D17B680022A3F8682004E046
:1021400000BF02E000BF00E000BF7B685B8B23F0B4
:1021500080039AB27B685A83002318462837BD460D
:10216000B0BD00BF80B582B000AF78607B68002B47
:1021700006D1094B40F29A520849094814F0D8F99F
:102180007B685B689B7B012B01D0012300E000236F
:1021900018460837BD4680BD60A7020818AD020882
:1021A000D0A70208B0B58CB004AFF860B9607A600F
:1021B000FB68002B06D1644B4FF4B7626349644857
:1021C00014F0B6F9BB68002B06D15F4B40F2B95250
:1021D00060495F4814F0ACF97B68002B06D15A4B7C
:1021E00040F2BA525C495A4814F0A2F9F868FFF775
:1021F000B9FF0346002B01D00023A1E0BB685A6A57
:10220000FB68DC681046F8F7BFFD0346A360BB68B7
:102210005A8DFB68DC681046F8F7A0FD0346E381A1
:10222000BB685B6ABA68528D1A44BB68DA62FB68A5
:10223000DB681433FB61FB689B7A03F00103002B1E
:1022400015D0BB6804331A46796840F2B450FCF7E5
:102250002FFA03467B837B8B43F001731846F8F714
:1022600093FD0246FB691A60FB690433FB61BB689E
:10227000B3F93030002B02DABB6800221A86BB6843
:102280005B6B002B0CD1354B1A68BB685A63FB683B
:10229000DB685B681846F8F777FD0246BB689A630F
:1022A000FB68DA68FB685B685B68D31A3B83FB6892
:1022B0005B685989FB685B683A8B8A1A92B25A81CB
:1022C000FB685B681989FB685B683A8B8A1A92B273
:1022D0001A81FB685B68FA68D2685A60FB68DB6841
:1022E00000221A7400225A74FB68DA68FB689B7A31
:1022F00003F00103002B01D0182300E01423134442
:10230000FA699A4206D0104B40F21C6214491048F8
:1023100014F00EF9FB685868B968BB681C1DBB68EF
:10232000DD7ABB689B7A7A6802920622019200935A
:102330002B46224603F0BEF80346FB7597F917308B
:1023400018462037BD46B0BD60A7020840AD020860
:10235000D0A7020860AD020880AD0208ACD8042006
:10236000A4AD0208B0B584B000AF78607B68002BE4
:1023700006D1314B40F263623049314814F0D8F84D
:102380007B681B6F002B02D16FF0050350E07B6868
:102390001B6FFB600BE0F868FFF7E4FE0346002BC1
:1023A00002D06FF0050343E0FB681B68FB60FB682D
:1023B0001B68002BEFD1F868FFF7D4FE0346002B13
:1023C00002D06FF0050333E07B68DA6EFB681A60B9
:1023D0007B681A6F7B68DA667B6800221A677B6805
:1023E0005B8B43F400639AB27B685A83FB68DB68BB
:1023F0005B681846F8F7C8FC0446FB681B891D4655
:10240000FB68DB689B899BB21846F8F7A7FC03467C
:10241000DBB203F00303002B01D0012300E0002313
:102420002B44E2187B68DA647B6800225A6300233D
:1024300018461037BD46B0BD60A70208B8AD020807
:10244000D0A7020880B582B000AF78607B68002B0F
:1024500006D10D4B4FF4D3620C490D4814F068F8C7
:102460007B6893F84230FF2B07D07B6893F84230AB
:102470000133DAB27B6883F842207868FFF77EFC8C
:1024800000BF0837BD4680BD60A70208DCAD02086A
:10249000D0A7020880B582B000AF78607B68002BBF
:1024A00006D10A4B40F2AD6209490A4814F040F8DF
:1024B0007868FFF757FF0346002B02D17868FFF7D3
:1024C000C1FF00BF0837BD4680BD00BF60A702083E
:1024D00000AE0208D0A7020890B585B000AF7860C2
:1024E0007B68002B06D12F4B40F2C1622E492F484A
:1024F00014F01EF87B681B6F002B02D16FF00503F0
:102500004CE07B681B6FBB60B868FFF72BFE03468F
:10251000002B02D06FF0050340E0BB681A687B68AF
:102520001A677B686C33FB6002E0FB681B68FB602A
:10253000FB681B68002B11D0FB681B68DB685B68BD
:102540001846F8F721FC0446BB68DB685B68184650
:10255000F8F71AFC0346E31A002BE6DBFB681A685F
:10256000BB681A60FB68BA681A60BB681B68002BFE
:1025700003D17B680022A3F868207B6893F842307F
:10258000FF2B07D07B6893F842300133DAB27B68C7
:1025900083F842207B6800225A63002318461437D0
:1025A000BD4690BD60A702081CAE0208D0A7020875
:1025B00080B582B000AF78607B68002B06D12A4BD3
:1025C00040F2F96229492A4813F0B2FF7B681B6F79
:1025D000002B45D07B685B8B03F00403002B3FD1BD
:1025E0007868FFF779FF0346002B39D17B68B3F891
:1025F00060207B68B3F84830934228BF13469BB2F3
:10260000002B00DA01335B109AB27B68A3F84A20F2
:102610007B68B3F84A301A467B685B8E5B009A424F
:1026200006D27B685B8E5B009AB27B68A3F84A2077
:102630007B68B3F84A207B685B8E194649000B44DF
:102640009BB213449AB27B68A3F848207B685B8BEB
:1026500043F004039AB27B685A837B6800221A868F
:1026600000BF0837BD4680BD60A7020834AE02082F
:10267000D0A7020880B586B000AFF8607B600B463B
:102680007B8113463B817A893B8913449BB2143387
:102690009BB24FF4207219462220F9F71BFD786196
:1026A0007B69002B4DD07B8913337A695289934221
:1026B00006DB264B40F223722549264813F038FFEB
:1026C0007B695B683B613B8C1846F8F747FB034628
:1026D0001A463B691A80BB8C1846F8F73FFB034645
:1026E0001A463B695A803B697A685A60F868F8F77D
:1026F0004BFB02463B699A607B899B089BB2053382
:102700009BB21B039AB297F828309BB213439BB23B
:102710001846F8F723FB03461A463B699A81BB8D9E
:102720001846F8F71BFB03461A463B69DA813B69FA
:1027300000221A7400225A743B6900229A74002203
:10274000DA747B6918461837BD4680BD60A7020859
:1027500054AE0208D0A70208B0B58AB004AFF86042
:102760007B600B467B8113463B81FB68002B06D1C7
:10277000154B40F242721549154813F0D9FEFB681B
:10278000586AFB68DB8AFA68128BF968498D3D89C3
:102790007C89039110210291019200937B682A4663
:1027A0002146FFF767FF78617B69002B06D0FB6845
:1027B0005B6AFA68528D1A44FB68DA627B691846D4
:1027C0001837BD46B0BD00BF60A7020884AE02083E
:1027D000D0A7020880B588B000AFF860B960114694
:1027E0001A460B46FB711346BB710023FB83BB6883
:1027F000002B06D1124B40F256721249124813F0C8
:1028000097FEBB685B68BB61BB6914337B61FB8B64
:102810009B001A46FB799B0003F004031344143316
:10282000BA6913447A699A4206D0054B40F2757230
:102830000649054813F07CFE00BF2037BD4680BD29
:1028400060A70208ACAE0208D0A70208A4AD020837
:1028500080B58AB004AFF860B9607A603B60BB684D
:10286000002B06D11C4B40F287721C491C4813F008
:102870005FFE3A687968F868FEF7EAFA38613B6902
:10288000002B02D1FC23FB751CE0FB68002B06D05B
:10289000FB68DB7ABB75FB689B7A7B7503E0FF23E3
:1028A000BB7500237B75BA7D3B69029306230193B8
:1028B0007B7D009313463A687968B86802F0FAFDA8
:1028C0000346FB75B868F9F7E9FE97F91730184623
:1028D0001837BD4680BD00BF60A70208D4AE02080D
:1028E000D0A7020890B58BB004AFF860B9607A60E9
:1028F0003B603B68002B06D11E4B40F2C4721E4960
:102900001E4813F015FEBB6A002B06D1194B40F28E
:10291000C5721B49194813F00BFE0023FB754023B9
:10292000BB82FB7D9CB2B868F8F72EFA0246BB8AE0
:102930000393142302933B8E0193BB8D00931346A4
:10294000002221467868FFF795FE38613B69002B2D
:102950000CD0FB7D00223969F868FFF73BFFBB6AAA
:102960003A683969F868FFF773FF00E000BF1C3769
:10297000BD4690BD60A7020800AF0208D0A70208BC
:102980001CAF020890B587B000AF78600023FB75DC
:102990000023BB757B68002B06D1284B40F2EA72FE
:1029A0002749284813F0C4FDFB7D9B00DBB203F0F0
:1029B00004037B757B7D9CB27B681B6D1846F8F722
:1029C000E3F90346002221467868FFF7C5FE386127
:1029D0003B69002B09D17B685B8B43F003039AB200
:1029E0007B685A836FF0010323E0BB7DFA7D396970
:1029F0007868FFF7EFFE7A687B6804333969786896
:102A0000FFF726FF0346FB7397F90F30002B07D023
:102A10007B685B8B43F003039AB27B685A8306E0C2
:102A20007B685B8B23F003039AB27B685A8397F928
:102A30000F3018461C37BD4690BD00BF60A7020886
:102A400038AF0208D0A7020890B587B000AF786011
:102A50000023FB757B68002B06D1184B40F624023F
:102A60001749184813F064FDFB7D9CB27B681B6D11
:102A7000013B1846F8F788F903460022214678689A
:102A8000FFF76AFE38613B69002B02D14FF0FF333C
:102A900010E0FB7D002239697868FFF79BFE7A68B9
:102AA0007B68043339697868FFF7D2FE0346FB730D
:102AB00097F90F3018461C37BD4690BD60A7020835
:102AC00058AF0208D0A7020890B58BB000AF78606D
:102AD000002387F827307B68002B06D14C4B40F64B
:102AE0004F024C494C4813F023FD7B68DB6E3B6280
:102AF0003B6A002B01D1002386E07B6893F8A2306B
:102B0000FF2B07D07B6893F8A2300133DAB27B68E1
:102B100083F8A2203B6ADB689B899BB21846F8F7D2
:102B20001DF90346DBB203F00103002B05D03B6A1D
:102B30001B89002B01D1012300E00023FB77FB7FE1
:102B4000002B0CBF01230023DBB2BB8397F8273097
:102B500099B23B6ADB685B68BA8B7868FFF7FCFD6B
:102B6000B861BB69002B02D14FF0FF334CE0BB6969
:102B70005B687B61FB7F002B11D07B699B899BB2DB
:102B80001BB223F47C531CB21120F8F7E7F803467C
:102B90001BB223431BB29AB27B699A8110E0BB69D6
:102BA0005B6814333B613B6A58683B6A5B681A890F
:102BB0003B6A1B89D31A9BB201223969F9F774FF6A
:102BC0003B6ADB685B681846F8F7DEF803460133BA
:102BD000FB607B681A6DFB68D31A002B02DA7B68F6
:102BE000FA681A6597F827300022B9697868FFF704
:102BF000F1FD7A687B680433B9697868FFF728FECD
:102C00000346FB7297F90B3018462C37BD4690BD32
:102C100060A7020874AF0208D0A7020880B582B08E
:102C200000AF7860FAF71CF90A4B1B68002B03D140
:102C3000094B1B68002B05D000220849FA2000F040
:102C4000F3F803E0064B00221A6000BF00BF08370C
:102C5000BD4680BDB8D80420BCD804201D2C010876
:102C600004D9042080B500AF0A4B1B68002B0FD19C
:102C7000094B1B68002B03D1084B1B68002B07D0A6
:102C8000044B01221A6000220549FA2000F0CCF81A
:102C900000BF80BD04D90420B8D80420BCD80420CB
:102CA0001D2C010880B586B000AFF860B9607A606D
:102CB0000A20F8F753FD38613B69002B09D13B69C5
:102CC000002B51D12A4BBE222A492B4813F030FC4D
:102CD0004AE03B6900221A603B69BA689A603B6926
:102CE0007A68DA603B69FA685A60244B1B68002BEB
:102CF00003D1224A3B69136037E03B695A681F4B96
:102D00001B685B68D31ADB0F03F00103DBB2002BF7
:102D100007D01A4B1A683B691A60184A3B6913605E
:102D200023E0164B1B687B611AE07B691B68002B54
:102D30000BD03B695A687B691B685B68D31ADB0F51
:102D400003F00103DBB2002B07D07B691A683B69F3
:102D50001A607B693A691A6007E07B691B687B61CE
:102D60007B69002BE1D100E000BF1837BD4680BD74
:102D700098AF0208E8AF020828B00208FCD8042087
:102D800080B586B000AF78607B687B617B695B68EB
:102D9000984705F023F938617B691A680F4B1B6867
:102DA0001344FB60FA683B69D31ADB0F03F001039D
:102DB000DBB2002B09D07B691A683B6913447A683F
:102DC00007491846FFF76EFF04E07A680449F8687F
:102DD000FFF768FF00BF1837BD4680BD00D904204B
:102DE000812D010880B582B000AF01237B600EE029
:102DF0000B4A7B6852F833007B68DB00084A1344B7
:102E00001A46084900F010F87B6801337B607B6844
:102E1000032BEDD900BF00BF0837BD4680BD00BF02
:102E200010EB0208812D010880B586B000AFF86074
:102E3000B9607A60FB68B3F1804F06D30A4B40F269
:102E400029120A490A4813F073FB05F0C7F8024635
:102E5000FB6813447B617A68B9687869FFF722FFE1
:102E600000BF1837BD4680BD98AF020850B00208B9
:102E700028B0020880B584B000AF78603960194B83
:102E80001B68002B29D0174B1B68BB600023FB601D
:102E90001FE0BB689B687A689A4215D1BB68DB6803
:102EA0003A689A4210D1FB68002B04D1BB681B68BA
:102EB0000C4A136003E0BB681A68FB681A60B968C3
:102EC0000A20F8F7C1FC09E0BB68FB60BB681B681F
:102ED000BB60BB68002BDCD100E000BF1037BD46F3
:102EE00080BD00BFFCD8042080B584B000AF05F0E1
:102EF00075F8F860174B1B68BB60BB68002B22D0CD
:102F0000BB685B68FA68D31ADB0F03F00103DBB21E
:102F1000002B1AD1BB681B680E4A1360BB689B6804
:102F20007B60BB68DB683B60BB685B680A4A136018
:102F3000B9680A20F8F788FC7B68002BDAD07B6838
:102F400038689847D6E700BF00E000BF1037BD469D
:102F500080BD00BFFCD8042000D9042080B582B019
:102F600000AF164B1B68002B02D14FF0FF3320E05F
:102F700005F034F87860114B1B685A687B68D31AE7
:102F8000DB0F03F00103DBB2002B01D0002310E0C4
:102F90000A4B1B685A687B68D31A3B603B68002B5E
:102FA00006DA074B4FF4DC720649074813F0C0FA03
:102FB0003B6818460837BD4680BD00BFFCD80420DA
:102FC00098AF020888B0020828B0020880B500AFA8
:102FD00013F030F903469BB2C3F30D039BB2A3F584
:102FE00080439AB2014B1A8000BF80BD18000220B6
:102FF00080B483B000AF0023FB80174B1B885A1CA2
:1030000091B2154A11804FF6FF72934203D1124BD1
:103010004FF440421A80114B1B683B6011E03B6843
:103020005A8A0D4B1B889A4208D1FB880133FB80DA
:10303000FB88B3F5804FE0D3002307E03B68DB68F3
:103040003B603B68002BEAD1034B1B8818460C37CA
:10305000BD465DF8047B70471800022008D90420A3
:1030600080B584B000AFF860B9601346FB71FB68AF
:10307000002B05D1274B87222749284813F058FAFF
:10308000BB68002B05D1234B88222549234813F028
:103090004FFAFB681B7A002B0BD0FB681A7A214B86
:1030A0005B6893F834300133DBB29A4201D00023DD
:1030B0002BE0FB79002B18D0FB68002B13D0FB68AA
:1030C0001B68002B0FD0174B5B69B3F1FF3F0AD091
:1030D000FB681A68134B5B695A40BB6808331B686E
:1030E0001340002B10D101230FE0FB68002B09D007
:1030F000FB681B68002B05D0FB681A68094B5B69ED
:103100009A4201D1012300E0002318461037BD4642
:1031100080BD00BF9CB00208E8B002080CB10208F4
:1031200034B102081C9E032090B58DB002AF7860C8
:1031300039600023FB767B68002B05D17C4BCF22C6
:103140007C497D4813F0F4F93B68002B05D1784B9E
:10315000D0227A49784813F0EBF97B685B89072B1A
:1031600003D87868F9F79AFADEE07B685B687B61E0
:10317000734B5B69724A12681146184602F072FA84
:103180000346FB747B691B889BB21846F7F7E6FD84
:1031900003463B827B695B889BB21846F7F7DEFDEE
:1031A0000346FB8100237B6200233B620023FB611B
:1031B000644B1B687B6254E07B6A5B8AFA899A42A3
:1031C0004AD1FB7C1A463968786AFFF749FF034603
:1031D000002B41D07B6A1B7C03F00403002B1DD124
:1031E000FB69002B02D17B6AFB6117E0FB7C002BA3
:1031F00014D0534B5B69B3F1FF3F0FD1FB691A68E1
:103200003B6804331B689A4208D07B6A1A683B68A3
:1032100004331B689A4201D17B6AFB617B6A9B8AFB
:103220003A8A9A4218D17B6A5B68002B05D07B6A88
:103230005A68434B1B699A420ED13B6A002B14D04B
:103240007B6ADA683B6ADA603E4B1A687B6ADA604E
:103250003C4A7B6A136008E07B6A3B627B6ADB68FE
:103260007B627B6A002BA7D100E000BF7B6A002B4A
:1032700001D1FB697B627B6A002B02D00123FB76C4
:103280000AE03B6804331A682D4B5B699A420CBF15
:1032900001230023DBB2FB76FB7E002B41D008210B
:1032A0007868F9F775F90346002B0AD0204B4FF4E4
:1032B000B8722549204813F03BF97868F9F7EEF920
:1032C00032E07B6A002B12D07B6A9B69002B0AD00C
:1032D0007B6A9C697B6AD8693B8A00931B4B7A683E
:1032E000796AA04721E07868F9F7D8F91CE0FB7CFF
:1032F000002B12D1124B5B6903F0F003E02B0CD0D2
:103300000F4B9B8908339BB21BB219467868F9F7BB
:10331000B2F90321786801F079FE7868F9F7BEF90F
:1033200003E07868F9F7BAF900BF2C37BD4690BDC5
:103330009CB002085CB102080CB1020874B102082A
:103340001C9E032008D9042090B102082C9E032063
:1033500080B588B002AFF860B9607A607B80FB68A6
:10336000002B09D1234B4FF406722349234813F055
:10337000DFF86FF00F0338E0BB68002B09D11D4B5D
:1033800040F219221E491D4813F0D2F86FF00F03C6
:103390002BE07B68002B09D1164B40F21A22194909
:1033A000164813F0C5F86FF00F031EE0FB681B7A98
:1033B000002B06D0FB681B7A1846F8F7E1FD786110
:1033C00003E0786801F0ACFE78617B69002B02D1E4
:1033D0006FF0030309E07A887B69009313467A68EB
:1033E000B968F86800F010F8034618461837BD466B
:1033F00080BD00BF9CB00208DCB102080CB102081D
:10340000F4B1020810B2020880B588B002AFF860CB
:10341000B9607A607B80FB68002B09D12E4B4FF49A
:1034200020722E492E4813F083F86FF00F034FE0FF
:10343000BB68002B09D1284B40F28122294928483A
:1034400013F076F86FF00F0342E07B68002B09D190
:10345000214B40F282222449214813F069F86FF091
:103460000F0335E03B6A002B09D11B4B40F283224E
:103470001E491B4813F05CF86FF00F0328E0FB684F
:10348000002B09D0FB681B68002B05D0FB681B686C
:1034900003F0F003E02B03D13B6A04337B610BE0C4
:1034A000FB681A683B6A04331B689A4202D06FF0CB
:1034B00003030DE0FB687B617A887B6901933B6ABB
:1034C000009313467A68B968F86800F011F803466B
:1034D00018461837BD4680BD9CB002082CB20208C1
:1034E0000CB1020848B2020864B2020884B20208B1
:1034F00080B58CB004AFF860B9607A607B80FB68FF
:10350000002B09D1654B40F2D1226549654813F083
:103510000FF86FF00F03BCE0BB68002B09D15F4BC5
:1035200040F2D22260495F4813F002F86FF00F03B7
:10353000AFE07B68002B09D1584B40F2D3225B49A6
:10354000584812F0F5FF6FF00F03A2E0FB6A002B62
:1035500009D1524B4FF435725549524812F0E8FFE9
:103560006FF00F0395E0BB6A002B09D14B4B40F283
:10357000D52250494B4812F0DBFF6FF00F0388E073
:10358000FB685B8A002B0FD1F968FB685B8A1A46DF
:10359000F86800F093F80346FB7697F91B30002B90
:1035A00002D097F91B3074E0BB681B894FF6F772A5
:1035B000934202D94FF0FF336BE00821B868F8F767
:1035C000D7FF0346002B15D04FF42072082122208C
:1035D000F8F780FDF861FB69002B02D14FF0FF3353
:1035E00057E0BB681B89002B06D0B968F869F9F76A
:1035F00079F901E0BB68FB61FB695B89072B06D8A1
:10360000264B40F20D322C49264812F091FFFB69FF
:103610005B687B61FB685B8A1846F7F79FFB034694
:103620001A467B691A807B881846F7F797FB034692
:103630001A467B695A807B6900229A710022DA71EE
:10364000FB691B891846F7F789FB03461A467B6915
:103650009A801123FB74FB68DB7ABB74FB689B7A4E
:10366000B97CBA6A0292FA7C019200930B467A689E
:10367000F96AF86901F048FF0346FB76FA69BB680E
:103680009A4204D0F869F9F709F80023FB6197F929
:103690001B3018462037BD4680BD00BF9CB00208D5
:1036A000A4B202080CB10208C4B20208E4B20208D3
:1036B00008B302082CB3020850B3020880B586B0E4
:1036C00000AFF860B9601346FB80BB68002B01D1E6
:1036D000394BBB60FB68002B09D1384B40F2B73245
:1036E0003749384812F024FF6FF00F0360E00023E1
:1036F000FB74354B1B687B6109E0FA687B699A4271
:1037000002D10123FB7405E07B69DB687B617B6987
:10371000002BF2D1FB88002B09D1FFF769FC03468F
:10372000FB80FB88002B2CD16FF0070340E0264B79
:103730001B687B6122E0FA687B699A421BD07B6937
:103740005B8AFA889A4216D17B691A68BB681B6843
:103750009A420DD0BB68002B0AD0BB681B68002BB7
:1037600006D07B69002B03D07B691B68002B02D13C
:103770006FF007031CE07B69DB687B617B69002BD2
:10378000D9D1BB68002B02D0BB681B6800E00023C6
:10379000FA681360FB68FA885A82FB7C002B06D11A
:1037A000094B1A68FB68DA60074AFB68136000235C
:1037B00018461837BD4680BD30EB02089CB00208A1
:1037C00080B302080CB1020808D9042080B584B087
:1037D00000AFF860B9607A60FB68002B07D1084B36
:1037E00040F28A420749084812F0A2FE05E0FB6851
:1037F000BA689A61FB687A68DA611037BD4680BDA5
:103800009CB00208ECB302080CB1020880B584B089
:1038100000AF78607B68002B07D1194B40F2A142C2
:103820001849194812F084FE26E0184B1B687A6884
:103830009A4205D1154B1B68DB68144A136017E0E8
:10384000124B1B68FB6010E0FB68DB68002B09D0A3
:10385000FB68DB687A689A4204D17B68DA68FB68A7
:10386000DA6005E0FB68DB68FB60FB68002BEBD1EE
:1038700079680020F7F7E8FF1037BD4680BD00BF2C
:103880009CB0020804B402080CB1020808D9042054
:1038900080B582B000AF0020F7F760FF78607B68EA
:1038A000002B07D020220021786813F00AF87B68EB
:1038B000FF22DA727B6818460837BD4680BD80B5A6
:1038C00084B000AF0346FB71FFF7E2FFF860FB68CE
:1038D00018461037BD4680BD80B485B000AF786013
:1038E00039607B68002B1ED07B681B68002B1AD0C8
:1038F0003B68002B17D03B681B68002B13D00D4B87
:103900001B68FB600CE0FB681A687B681B689A42C6
:1039100003D13B681A68FB681A60FB68DB68FB60D0
:10392000FB68002BEFD100BF1437BD465DF8047B68
:10393000704700BF08D9042080B584B000AF78601C
:103940007B685B6AFB60FB685B7A0133DAB2FB6819
:103950005A72786800F0B4F800BF1037BD4680BDD9
:1039600080B584B000AF78607B685B6AFB60FB6801
:103970001B7A002B03D07868FFF7DEFF05E078683C
:1039800000F075F8FB6864221A7200BF1037BD465C
:1039900080BD000080B584B000AF786039607B687E
:1039A0005B6ABB607B6893F82E301A467B6893F89D
:1039B0002F301B021A431E4B13441846F7F7E4F945
:1039C00003461846F7F7E0F9F860BB685B7A1A46D9
:1039D000FB681344FB60FB689AB2164B1343FB6011
:1039E000FB68154A934203D8FB6803F57E43FB60EE
:1039F000FB68124A934203D9FB68A3F57E43FB6040
:103A0000FB680D4A934203D9FB680C4A934205D9DF
:103A10000B4BBC220B490C4812F08AFDF868F7F7F3
:103A2000B3F902463B681A6000BF1037BD4680BD3F
:103A30000001FEA90000FEA9FF00FEA9FFFEFEA9ED
:103A40001CB40208E0B4020880B4020880B584B057
:103A500000AF78607B685B6AFB60FB68194678683A
:103A600001F0BEF9034618461037BD4680BD80B54B
:103A700082B000AF78607B6804331946786801F043
:103A8000AFF9034618460837BD4680BD80B586B0FD
:103A900000AF78607B685B6A7B614FF6FF733B61C8
:103AA0000023FB60796907F10C0307F110027868C5
:103AB000F8F7E6F8002318461837BD4680BD000029
:103AC00080B584B000AF78607B685B6AFB600023E0
:103AD000FB727B6893F8313003F00103002B09D1AE
:103AE0001F4B40F205121F491F4812F021FD6FF0D5
:103AF0000F0330E01D4B1D4A1C497868F8F7C0F8E9
:103B0000FB68002B0ED10C210120F7F761FDF86056
:103B1000FB68002B02D14FF0FF331CE07B68FA6892
:103B20005A620EE0FB6800221A71FB680022DA80FC
:103B3000FB6800225A71FB6800221A60FB680022B1
:103B40001A72FB6819467868FFF724FF786800F05E
:103B50000FF897F90B3018461037BD4680BD00BFEF
:103B60001CB40208FCB4020880B4020830EB02085E
:103B700080B485B000AF78607B685B6AFB60FB68EF
:103B800001221A71FB6800225A717B6893F82F306A
:103B90001A067B6893F82D301B041A437B6893F850
:103BA0002C301B0213437A6892F82E2013437A6854
:103BB000526A002A03D07A68526A527A00E00022E0
:103BC000D1180D4BA3FB0123DA0813469B001344C5
:103BD0005B00CA1A92B2FB68DA80FB685B7A0A2B38
:103BE00003D9FB684FF41672DA8000BF1437BD4664
:103BF0005DF8047B704700BFCDCCCCCC80B584B0E1
:103C000000AF78607B685B6AFB60FB68002B06D0C6
:103C1000FB681B79002B02D07868FFF7A9FF00BF73
:103C20001037BD4680BD000080B584B000AF78601D
:103C30007B685B6AFB60FB68002B10D0FB6800228E
:103C40001A717B6804331B689BB24FF6A9629342DA
:103C500005D1054B044A04497868F8F711F80023A8
:103C600018461037BD4680BD30EB020880B582B0E3
:103C700000AF524B1B687B6096E07B685B6A3B60E1
:103C80003B68002B00F08D803B681B7A002B05D031
:103C90003B681B7A013BDAB23B681A723B68DB88EF
:103CA000002B05D03B68DB88013B9AB23B68DA8089
:103CB0003B681B79012B02D0022B51D071E03B688D
:103CC000DB88002B6AD13B685B79022B0CD93B68FF
:103CD00002221A717868FFF7D9FE3B6801225A71F7
:103CE0003B681422DA8059E07868FFF7AFFE3B6842
:103CF0005B790133DAB23B685A713B685B79032B1D
:103D000003D13B681422DA8048E07B6893F82F30B7
:103D10001A067B6893F82D301B041A437B6893F8CE
:103D20002C301B0213437A6892F82E2013437A68D2
:103D3000526A002A03D07A68526A527A00E000225E
:103D4000D1181F4BA3FB0123DA0813469B00134431
:103D50005B00CA1A93B20A339AB23B68DA801DE05C
:103D60003B68DB88002B1BD17868FFF780FE3B683F
:103D70001422DA803B685B790133DAB23B685A710E
:103D80003B685B79012B0BD93B6803221A713B68B6
:103D900000225A713B680022DA8001E000BF00E097
:103DA00000BF7B681B687B607B68002B7FF465AF7E
:103DB00000BF00BF0837BD4680BD00BFA0D80420AB
:103DC000CDCCCCCC80B58AB000AF786039607B6850
:103DD0005B6A7B627B6A002B61D07B6A1B79002B5C
:103DE0005DD07B6803F12A0207F10C0310681860AC
:103DF00092889A803B680E335B889BB21B043B62BF
:103E00003B680E331B889BB21A463B6A13433B62E6
:103E10003B6ABB613B6818335B889BB21B04FB6148
:103E20003B6818331B889BB21A46FB691343FB613E
:103E3000FB697B617B6A1B79012B1CD1BA697B6AA8
:103E40001B689A4213D0BB69002B28D17A697B6A20
:103E50001B689A4223D13B6803F1080107F10C0368
:103E60000622184612F004FD0346002B17D078688E
:103E7000FFF762FD13E0BA697B6A1B689A420ED1B4
:103E80003B6803F1080107F10C030622184612F003
:103E9000EFFC0346002B02D07868FFF761FD00BFFE
:103EA0002837BD4680BD80B485B000AF78603960EA
:103EB0007B685B6AFB60FB68002B07D03B681A6875
:103EC000FB681B689A4201D1012300E00023DBB2AA
:103ED00018461437BD465DF8047B704780B582B044
:103EE00000AF786015497A6813465B001344DB0025
:103EF0000B441B68002B13D010497A6813465B00F3
:103F00001344DB000B441B681846F8F7C7FB0B494A
:103F10007A6813465B001344DB000B4400221A60EE
:103F200006497A6813465B001344DB000B441433E4
:103F300000221A7000BF0837BD4680BD0CD904208E
:103F400080B582B000AF00237B6096E04F497A686D
:103F500013465B001344DB000B4414331B78FB70E7
:103F6000FB78002B00F0868048497A6813465B0096
:103F70001344DB000B4412331B88013398B24349CE
:103F80007A6813465B001344DB000B44123302468D
:103F90001A803E497A6813465B001344DB000B44E9
:103FA00012331B88B3F5967F15D238497A681346C9
:103FB0005B001344DB000B4414331B78012B0ED140
:103FC00032497A6813465B001344DB000B4412331A
:103FD0001B88042B03D97868FFF780FF4AE02B4940
:103FE0007A6813465B001344DB000B4414331B78E0
:103FF000032B0AD125497A6813465B001344DB0082
:104000000B44143304221A7034E020497A681346B2
:104010005B001344DB000B4414331B78042B0AD1E0
:104020001A497A6813465B001344DB000B441433CF
:1040300002221A701EE015497A6813465B00134489
:10404000DB000B4414331B78012B13D10F497A6822
:1040500013465B001344DB000B44083318687A688E
:1040600013465B001344DB00084A1344043319462B
:1040700000F0B6FE7B6801337B607B68092B7FF71D
:1040800065AF00BF00BF0837BD4680BD0CD9042016
:1040900080B58AB000AFF8600B467A60FB720A23E5
:1040A000FB840A23BB840A237B8400233B840A23EA
:1040B000FB830023BB8300237B8300233B830023FC
:1040C0003B84AEE0B7F92020A64913465B001344B9
:1040D000DB000B4414331B78FB75B7F922300A2B35
:1040E00005D1FB7D002B02D13B8C7B8495E0FB7DD1
:1040F000002B00F09280FB7D012B09D0FB7D012B72
:1041000006D8994B40F223129849994812F010FAB8
:10411000FB68002B20D0FB681968B7F92020914874
:1041200013465B001344DB00034404331B689942CD
:1041300012D17B68002B0CD0B7F920208949134697
:104140005B001344DB000B4408331B687A689A4217
:1041500002D1B7F9203000E1FB7D012B40D1B7F946
:104160002020804913465B001344DB000B441B688E
:10417000002B1AD0B7F920207A4913465B0013446C
:10418000DB000B4412331B88BA8B9A4245D83B8C18
:10419000FB83B7F92020734913465B001344DB000F
:1041A0000B4412331B88BB8337E0B7F920206D49DD
:1041B00013465B001344DB000B4412331B887A8BDD
:1041C0009A422AD83B8CFB84B7F9202065491346D4
:1041D0005B001344DB000B4412331B887B831CE021
:1041E000FB7D012B19D9B7F920205E4913465B00EE
:1041F0001344DB000B4412331B883A8B9A420CD8D1
:104200003B8CBB84B7F92020564913465B0013440E
:10421000DB000B4412331B883B833B8C01339BB286
:104220003B84B7F92030092B7FF74CAFFB7A03F0C2
:104230000203002B08D1B7F922300A2B07D1FB7AF1
:1042400003F00103002B02D14FF0FF3385E0B7F9F3
:104250002230092B02DC7B8C3B8439E0B7F9243017
:10426000092B14DCBB8C3B84B7F920203D49134655
:104270005B001344DB000B441B68002B18D03A4B47
:1042800040F26D123B493A4812F052F910E0B7F98A
:104290002630092B02DCFB8C3B8409E0B7F91E3089
:1042A000092B02DCFB8B3B8402E04FF0FF3354E030
:1042B000B7F92030092B06DD2B4B40F27F122E4937
:1042C0002B4812F035F9B7F920301846FFF706FEF3
:1042D000B7F92030092B06DD234B40F28312264923
:1042E000234812F025F9B7F920201E4913465B0038
:1042F0001344DB000B4414331B78002B06D01A4BFD
:104300004FF4C2721D491A4812F012F9FB68002BD3
:104310000BD0B7F92020FB681968124813465B00E0
:104320001344DB00034404331960B7F920200D491E
:1043300013465B001344DB000B44123300221A8047
:10434000B7F92020074913465B001344DB000B44F8
:1043500008337A681A60B7F9203018462837BD4606
:1043600080BD00BF0CD9042020B5020874B5020836
:10437000B4B50208DCB50208F4B5020808B60208B4
:1043800080B588B002AFF860B9607A60FB70FB68F6
:1043900093F83030062B06D0484B40F2A91248491A
:1043A000484812F0C5F8BB68002B12D0BB681B68E8
:1043B000002B0ED0BB681B68F968184601F052F953
:1043C0000346002B05D1BB681B6803F0F003E02B0C
:1043D00002D16FF00F036CE0FB78FA681946B868F9
:1043E000FFF756FE0346FB82B7F91630002B02DAC0
:1043F000FB8A5BB25DE0B7F91620334913465B00D8
:104400001344DB000B44143302221A70B7F9162050
:104410002D4913465B001344DB000B440833FA6854
:104420001A60B7F9162013465B001344DB0008330B
:10443000254A1344043306227968184613F077F9A5
:10444000B7F91620204913465B001344DB000B44E8
:10445000123300221A80B7F916201B4913465B005D
:104460001344DB000B441B68002B21D0B7F9162046
:10447000154913465B001344DB000B441B683B618A
:10448000B7F91620104913465B001344DB000B44B8
:1044900000221A60FB6803F12A024FF400630093C4
:1044A0007B683969F868F6F7D5F93869F8F7F6F8EE
:1044B000002318461837BD4680BD00BF20B502084E
:1044C00034B60208B4B502080CD9042080B584B013
:1044D00000AF78600023FB601EE01349FA681346C2
:1044E0005B001344DB000B4414331B78FB72FB7A34
:1044F000002B0ED00C49FA6813465B001344DB0016
:104500000B4408331B687A689A4202D1F868FFF7B7
:10451000E5FCFB680133FB60FB68092BDDDD00BFB8
:1045200000BF1037BD4680BD0CD90420B0B58CB09B
:1045300004AF786039603B68002B07D14B4B40F2E9
:104540008A224B494B4811F0F3FF8BE07B685B6894
:10455000BB61BB691B889BB2B3F5807F0CD1BB6983
:104560001B79062B08D1BB695B79042B04D1BB698D
:104570005B889BB2082B03D07868F8F78FF871E05E
:10458000B9693868FFF71EFCBB690E335B889BB2C4
:104590001B047B61BB690E331B889BB21A467B6987
:1045A00013437B617B69FB60BB6918335B889BB2FB
:1045B0001B043B61BB6918331B889BB21A463B69DD
:1045C00013433B613B69BB603B6804331B68002BB2
:1045D00002D10023FB7709E0BA683B6804331B680B
:1045E0009A420CBF01230023DBB2FB77BB6903F1C6
:1045F0000802FB7F002B01D0012300E0022307F11A
:104600000C013868FFF7BCFEBB69DB889BB2B3F5D1
:10461000807F03D0B3F5007F1ED020E0FB7F002B0E
:104620001CD03B6803F12A00BB6903F108043B6816
:1046300003F12A053B680433BA6908320221039169
:1046400007F10C010291019200932B46224601468C
:10465000386800F0F5FA01E000BF00E000BF7868BC
:10466000F8F71CF82037BD46B0BD00BF20B50208E2
:104670008CB60208B4B5020880B586B002AFF86007
:10468000B9601346FB71FA79444913465B00134441
:10469000DB000B4414331B78012B06D8404B40F24F
:1046A000EE224049404811F043FFFA793B49134656
:1046B0005B001344DB000B4414331B78022B53D1F3
:1046C000FA79364913465B001344DB000B4412337E
:1046D0001B88B3F58E7F19D9FA7913465B00134412
:1046E000DB002E4A134404331946F86800F078FBC7
:1046F0000346002B38D1FA79284913465B0013444E
:10470000DB000B44143303221A702DE0FA7923499D
:1047100013465B001344DB000B4412331B88B3F5D4
:10472000877F21D3FA7913465B001344DB001B4AD1
:104730001344191DFA7913465B001344DB00083358
:10474000164A134404331A46F86800F027FB034660
:10475000002B09D1FA79114913465B001344DB00A1
:104760000B44143303221A70FB6803F12A01FA790F
:1047700013465B001344DB000833084A1344043338
:104780004FF4006200920A46B968F868F6F762F8DA
:10479000034618461037BD4680BD00BF0CD9042023
:1047A00020B50208ACB60208B4B5020880B58CB0DA
:1047B00002AFF860B9607A607B683B62FB68002BEF
:1047C00006D1784B40F21E327749784811F0B0FE9E
:1047D000BB68002B06D1734B40F21F3274497348FB
:1047E00011F0A6FE7B68002B06D16E4B4FF4487289
:1047F00070496E4811F09CFE7B681B68F96818468A
:1048000000F030FF0346002B02D06B4B7B62B9E017
:104810007B681B6803F0F003E02B18D101233B7485
:1048200000237B745E23BB747B6801331B7803F029
:104830007F03DBB2FB747B6802331B783B757B68BC
:1048400003331B787B7507F110037B629AE07B686A
:104850001A68FB6804331B685A40FB6808331B68FE
:104860001340002B1CD07B681B689BB24FF6A962DB
:10487000934215D0BB685B68BB61BB69DB689BB2C8
:104880004FF6A96293420BD0FB680C331B68002BD8
:1048900003D0FB680C333B6202E06FF003037DE062
:1048A000464B1B781946464A0B465B000B44DB001F
:1048B000134414331B78012B25D9404B1B78194620
:1048C0003F4A0B465B000B44DB00134408331B6874
:1048D000FA689A4217D13B6A1A68384B1B78184617
:1048E000374903465B000344DB000B4404331B6879
:1048F0009A4208D1314B1B781A46B968F868FFF71D
:10490000BBFE03464AE00023FB7731E0FA7F2C49E7
:1049100013465B001344DB000B4414331B78012B5C
:1049200023D9FA7F264913465B001344DB000B446E
:1049300008331B68FA689A4217D13B6A1968FA7FF4
:104940001F4813465B001344DB00034404331B6819
:1049500099420AD1194AFB7F1370FB7F1A46B96846
:10496000F868FFF789FE034618E0FB7F0133FB7709
:10497000FB7F092BCAD9BA68396AF86800F022F8B7
:1049800003460BE0FB6803F12A024FF40063009337
:104990007B6AB968F868F5F75DFF03461846283763
:1049A000BD4680BD20B502088CB60208B4B5020829
:1049B000DCB602087CB6020808EA0208FCD904202A
:1049C0000CD9042080B58CB002AFF860B9607A6071
:1049D000FB682A337B61FF2387F8273000233B6283
:1049E000BB681B68F968184600F03CFE0346002BC4
:1049F0000CD1BB681B6803F0F003E02B06D0BB684A
:104A0000002B03D0BB681B68002B02D16FF00F0393
:104A100001E1FA680121B868FFF73AFB03467B829F
:104A2000B7F91230002B02DA7B8A5BB2F3E07B8AA3
:104A30007E2B06D97A4B40F2C1327A497A4811F07E
:104A400077FD7B8A7B747A7C784913465B0013443C
:104A5000DB000B4414331B78002B15D101233B6280
:104A60007A7C724913465B001344DB000B44143319
:104A700001221A707A7C6D4913465B001344DB00F7
:104A80000B440833FA681A607A7C684913465B0065
:104A90001344DB000B4414331B78012B11D07A7CB8
:104AA000624913465B001344DB000B4414331B784C
:104AB000012B06D85A4B40F2CD325D495A4811F0CD
:104AC00037FD3B6A002B02D17B68002B0CD1B96803
:104AD000F86800F085F9034687F827307B68002BDB
:104AE00002D197F9273096E07B68002B06D14C4B1A
:104AF00040F2E1324F494C4811F01AFD7A7C4B49A3
:104B000013465B001344DB000B4414331B78012B6A
:104B100017D9494A7B7C13707A7C13465B00134497
:104B2000DB000833414A134404334FF4006200921F
:104B30007A697968F868F5F78DFE034687F82730BB
:104B400067E07A7C394913465B001344DB000B4471
:104B500014331B78012B5CD10023BB617B68FB61A4
:104B60001CE0FB695A89FB691B899A420AD1FB69DF
:104B70001B68002B06D02A4B40F2F1322F492A48FD
:104B800011F0D6FCFB691B7B03F04003002B02D025
:104B90000123BB6105E0FB691B68FB61FB69002B1E
:104BA000DFD1BB69002B07D07A684FF420710E204B
:104BB000F8F716F8F86104E07B68FB61F869F7F72D
:104BC00013FEFB69002B21D07A7C184913465B0049
:104BD0001344DB000B441B68002B0AD07A7C13497A
:104BE00013465B001344DB000B441B681846F7F7C1
:104BF00055FD7A7C0D4913465B001344DB000B44E2
:104C0000FA691A60002387F8273002E0FF2387F84B
:104C1000273097F9273018462837BD4680BD00BF9A
:104C200020B50208E8B60208B4B502080CD9042081
:104C3000F8B60208DCB60208FCD9042020B7020846
:104C400080B58CB002AFF860B9607A603B60002339
:104C500087F82730FB68002B06D14A4B40F25742B9
:104C600049494A4811F064FC4FF420721C210E207F
:104C7000F7F730FA38623B6A002B02D14FF0FF336E
:104C80007CE03B6A5B891B2B06D83E4B40F26242BC
:104C90003F493E4811F04CFC3B6A5B68FB61BB8FAF
:104CA0001846F6F75BF803461A46FB69DA80FB689C
:104CB00093F83030062B06D0324B40F2694235492A
:104CC000324811F035FCFB69083306223968184672
:104CD00012F02DFDFB6912330622796B184612F093
:104CE00026FD3B6B1B68BB61BB699AB2FB69DA812D
:104CF000BB691B0C9AB2FB691A82BB6B1B687B6198
:104D00007B699AB2FB691A837B691B0C9AB2FB69B7
:104D10005A83FB6900221A70002242F001025A7085
:104D2000FB69002242F008029A700022DA70FB69E7
:104D300006221A71FB6904225A713B6B1B689BB2F5
:104D40004FF6A962934209D140F606030093124B35
:104D5000BA68396AF868F5F77DFD08E040F60603A1
:104D600000937B68BA68396AF868F5F773FD386AAA
:104D7000F7F794FC00233B6297F927301846283751
:104D8000BD4680BD20B502088CB60208B4B5020845
:104D90003CB7020870B7020808EA020880B588B07C
:104DA00004AFF860B9607A60FB6803F12A01FB6820
:104DB00003F12A00FB68043301220392BA680292CD
:104DC000064A0192009303467A68F868FFF738FFB5
:104DD000034618461037BD4680BD00BF10EA0208E2
:104DE00080B582B000AF78603960054A396878686C
:104DF000FFF7D4FF034618460837BD4680BD00BF05
:104E000008EA020880B58EB004AF78603960794B4B
:104E10009B687B627B6A1B7803F00F03DBB29B000D
:104E2000DBB27B847B8C132B40F2CD807B685B896B
:104E3000032B40F2CA807B685B681B7887F82130BF
:104E400097F82130002B00F0B780082B40F0B78096
:104E5000694BFB61674B5B6903F0F003E02B00F0EB
:104E6000BB80644B5B69634A12681146184600F0C8
:104E7000F9FB0346002B40F0B1807B681B89072BB0
:104E800040F2A5807B8C0E3319467868F7F770FBEB
:104E90000346002B4BD07B681A897B8C13447B83A1
:104EA0007B681B897A8B9A42C0F09A807B8B4FF487
:104EB000207219460E20F7F70DF978617B69002BF7
:104EC00000F090807B695B891A467B8C08339A429C
:104ED00003D27869F7F7E2FB85E07B695B687A8C3F
:104EE000796A184612F023FC7B8C19467869F7F72B
:104EF0004FFB0346002B09D0404BB62240494148A6
:104F000011F016FB7869F7F7C9FB6CE079687869EE
:104F1000F7F7F8FC0346002B03D07869F7F7BEFBE0
:104F200061E07868F7F7BAFB7B697B600FE07B8C08
:104F30000E3319467868F7F72BFB0346002B06D093
:104F40002E4BC72230492F4811F0F2FA4BE07B6814
:104F50005B683B617B8C19467868F7F709FB034671
:104F6000002B2BD17B685B68FB60FB691A68FB68D0
:104F7000DA60204B1A69FB681A613B6900221A70DB
:104F80003B6900229A700022DA70FB68FF221A72D5
:104F9000FB6800229A720022DA723B6802930123B6
:104FA000019300230093FF230022F969786800F041
:104FB00081FA0346FB7201E000BF00E000BF7868A1
:104FC000F7F76CFB13E000BF02E000BF00E000BF9A
:104FD0007868F7F763FB0AE000BF04E000BF02E077
:104FE00000BF00E000BF7868F7F758FB00BF283724
:104FF000BD4680BD1C9E0320309E0320B4B702082E
:1050000004B802083CB8020864B8020880B582B04F
:1050100000AF78600B46FB70FB781A460321786876
:1050200000F014F800BF0837BD4680BD80B582B0DF
:1050300000AF78600B46FB70FB781A460B2178684E
:1050400000F004F800BF0837BD4680BD80B58CB0C5
:1050500004AF78600B46FB701346BB704FF42072B0
:1050600024212220F7F736F8F861FB69002B4CD099
:10507000FB695B89232B06D8264B4FF4B472264973
:10508000264811F055FA7B685B68BB61FB695B6879
:105090007B617B69FA781A707B69BA785A707B6990
:1050A00000221A7100225A717B6900229A71002233
:1050B000DA71FB695B6803F108007B685B681C229E
:1050C000194612F034FBBB69DB68FB6007F10C0387
:1050D000184600F025F838613B69002B11D07B6938
:1050E00000229A700022DA7007F10C023B690293E9
:1050F0000123019300230093FF230021F86900F0AE
:10510000D9F9F869F7F7CAFA00E000BF2037BD46C1
:1051100080BD00BFB4B7020898B802083CB80208C6
:1051200080B485B000AF7860334B1B68FB6036E01D
:10513000FB6893F8313003F00103DBB2002B2BD076
:10514000FB6893F831309B0803F00103DBB2002BBE
:1051500022D0FB6804331B68002B1DD07B681A68C3
:10516000FB6804331B685A40FB6808331B68134014
:10517000002B01D1FB6838E0FB6893F8313003F075
:105180000203002B08D17B681A68FB680C331B688C
:105190009A4201D1FB6828E0FB681B68FB60FB6852
:1051A000002BC5D1154B1B68002B1AD0134B1B6865
:1051B00093F8313003F00103002B12D00F4B1B6822
:1051C00093F8313003F00403002B0AD00B4B1B681B
:1051D00004331B68002B04D07B681B68DBB27F2B79
:1051E00001D1002301E0054B1B6818461437BD466A
:1051F0005DF8047B704700BFA0D80420A4D8042029
:1052000080B582B000AF78607B6893F8313003F0EE
:105210000103DBB2002B1FD07B6804331B68002B1B
:105220001AD0104B5A697B6804331B689A4208D025
:105230000C4B5B697968184600F014FA0346002BA2
:1052400001D0012309E008497868FEF72CFE0346E7
:10525000002B01D0012300E0002318460837BD468B
:1052600080BD00BF1C9E0320309E032080B586B009
:1052700000AF786039607B685B687B617B691B7815
:105280001B09DBB2042B04D07868F7F707FA002378
:1052900007E17B691B7803F00F03DBB29B00DBB2F5
:1052A000FB817B695B889BB21846F5F757FD034687
:1052B000BB817B681B89BA899A4204D2BB89194693
:1052C0007868F7F765F87B685B89FA899A4207D8AE
:1052D0007B681B89BA899A4202D8FB89132B04D8B0
:1052E0007868F7F7DBF90023DBE07B691B696F4A1D
:1052F00053617B69DB686D4A13616C4B5B6903F03A
:10530000F003E02B12D13B6893F8313003F0010336
:10531000DBB2002B07D03B6804331B68002B02D0A4
:105320003B683B612AE000233B6127E03868FFF7D8
:1053300067FF0346002B02D03B683B611EE0002361
:105340003B615A4B5B69DBB27F2B17D0584B1B6814
:105350003B610EE03A693B689A4206D03869FFF734
:105360004FFF0346002B08D100E000BF3B691B68DC
:105370003B613B69002BEDD100E000BF4B4B1B694B
:105380003968184600F06EF90346002B05D1474BEB
:105390001B6903F0F003E02B04D17868F7F77EF97E
:1053A00000237EE03B69002B04D17868F7F776F99B
:1053B000002376E07B69DB889BB21A464FF63F7389
:1053C0001340002B0BD0786800F04CFE78607B68AF
:1053D000002B01D1002364E07B685B687B61334A6A
:1053E0003B691360314A3B685360304A7B69936084
:1053F0007B691B7803F00F03DBB29B00DBB21A461C
:105400002A4B9A81FB8919467868F7F7C1F87B69BE
:105410005B7A112B06D0112B13DC012B0CD0062B41
:1054200005D00EE039687868FDF77EFE26E0396821
:105430007868F9F703FA21E039687868FFF7E2FC49
:105440001CE01A4B5B693969184600F00BF90346FA
:10545000002B0FD1154B5B6903F0F003E02B09D053
:10546000B7F90E3019467868F7F705F90221786820
:10547000FFF7CCFD7868F7F711F900BF0B4B00225E
:105480001A600A4B00225A60084B00229A60074BB0
:1054900000229A81054B00221A61044B00225A61B6
:1054A000002318461837BD4680BD00BF1C9E032050
:1054B000A0D8042080B58AB004AFF860B9607A60E3
:1054C000FB70BB687B617B68002B09D0BB68002B3D
:1054D00003D0BB681B68002B02D1BB6A04337B611D
:1054E000FA78BB6A029397F82430019397F820303A
:1054F000009313467A687969F86800F005F8034666
:1055000018461837BD4680BD80B588B000AFF8603A
:10551000B9607A60FB70FB689B7B012B06D04B4B1C
:105520004FF455724A494B4811F002F87B68002B42
:1055300060D014237B831421F868F7F719F8034629
:10554000002B02D06FF001037CE0FB685B68FB611D
:10555000FB685B89132B06D83C4B4FF462723E49C3
:105560003C4810F0E5FFFB69FA781A72FB6997F87E
:105570002C205A727B681A68FB691A617B8B9B0826
:105580009BB2DBB243F04003DAB2FB691A70FB69ED
:1055900097F828205A70FB681B891846F5F7DEFB40
:1055A00003461A46FB695A80FB6900229A71002261
:1055B000DA712A4B1B881846F5F7D0FB03461A46CA
:1055C000FB699A80254B1B8801339AB2234B1A80C2
:1055D000BB68002B04D1224B1A68FB69DA6003E038
:1055E000BB681A68FB69DA60FB6900229A720022C4
:1055F000DA720FE0FB685B89132B02D86FF00103AE
:1056000020E0FB685B68FB61FB691B697B6107F15C
:1056100014037B603B6B1B8D002B0CD0FB681A893D
:105620003B6B1B8D9A4206D97A68396BF86800F09B
:105630000DFF034606E03B6B5B697A68F968386BDF
:105640009847034618462037BD4680BDC4B80208B7
:1056500014B9020820B9020848B90208FED904208A
:1056600030EB020880B485B000AF786039607B68A9
:10567000FB607B68B3F1FF3F02D07B68002B01D158
:1056800001232AE03B6893F8313003F00203002B3A
:1056900001D1002321E03B6804331B687A689A42F9
:1056A00001D1002319E0FA683B6804331B685A40B3
:1056B0003B6808331B681340002B0DD13B6808334F
:1056C0001B68DA437B681A403B6808331B68DB437E
:1056D0009A4201D1012300E0002318461437BD4649
:1056E0005DF8047B7047000080B58AB000AF786039
:1056F000396007F10C03FB617B681B7887F8223067
:1057000097F822300133894A13441B7803F00403CD
:10571000002B01D1002305E100237B620A2387F8D7
:10572000233097F82230302B1CD17B6801337B600B
:105730007B681B7887F8223097F82230782B03D0CB
:1057400097F82230582B0AD1102387F823307B6832
:1057500001337B607B681B7887F8223002E00823E6
:1057600087F8233097F822300133704A13441B78AE
:1057700003F00403002B11D097F823307A6A03FB5F
:1057800002F297F822301344303B7B627B6801338E
:105790007B607B681B7887F82230E3E797F823303B
:1057A000102B27D197F822300133604A13441B781D
:1057B00003F04403002B1DD07B6A1B0197F82220C5
:1057C00002F10A0197F82220013258480244127867
:1057D00002F00302022A01D1612200E041228A1A6A
:1057E00013437B627B6801337B607B681B7887F89F
:1057F0002230B7E797F822302E2B14D107F10C0393
:105800000C33FA699A4201D300238BE0FB691A1D1D
:10581000FA617A6A1A607B6801337B607B681B7867
:1058200087F822306CE700BF97F82230002B0BD0AE
:1058300097F8223001333D4A13441B7803F00803E4
:10584000002B01D100236DE007F10C03FA69D31A94
:105850009B100133042B53D801A252F823F000BF50
:10586000755801080F590108795801089B5801081B
:10587000C9580108002355E07B6AB3F1807F01D34A
:1058800000234FE0FB68FF2B01D900234AE0FB68AF
:105890001B067A6A13437B623AE07B6AB3F5803F6A
:1058A00001D300233EE0FB68FF2B02D83B69FF2BAE
:1058B00001D9002336E0FB681A063B691B04134339
:1058C0007A6A13437B6223E07B6AFF2B01D90023B2
:1058D00028E0FB68FF2B05D83B69FF2B02D87B69CA
:1058E000FF2B01D900231DE0FB681A063B691B044E
:1058F0001A437B691B0213437A6A13437B6207E0F6
:105900000B4BF9220B490C4810F012FE00E000BFCF
:105910003B68002B05D0786AF5F736FA02463B68FB
:105920001A60012318462837BD4680BD600B030866
:1059300078B90208CCB90208D8B9020880B582B09B
:1059400000AF786010220449786800F007F8034639
:1059500018460837BD4680BD00DA042080B48DB0FB
:1059600000AFF860B9607A6000233B62FB681B6897
:10597000BB61BB68FB6207F11803BB62002387F8B9
:10598000273058E0002387F82630BB6A1A78324B5C
:10599000A3FB0213D9080B469B000B445B00D31AF0
:1059A000FB77BB6A1B782C4AA2FB0323DB08DAB225
:1059B000BB6A1A7097F826305A1C87F826201946B9
:1059C000FB7F3033DAB201F130033B4403F81C2C87
:1059D000BB6A1B78002BD8D111E03B6A5A1C3A6293
:1059E0007A689A4201DC002330E097F82620FB6AAF
:1059F000591CF96230323A4412F81C2C1A7097F88C
:105A000026305A1E87F82620002BE6D13B6A5A1C06
:105A10003A627A689A4201DC002317E0FB6A5A1C5A
:105A2000FA622E221A70BB6A0133BB6297F82730E4
:105A3000013387F8273097F82730032BA2D9FB6A68
:105A4000013BFB62FB6A00221A70BB6818463437C0
:105A5000BD465DF8047B7047CDCCCCCC80B584B01E
:105A600000AF0023BB60124B1B68FB6018E0FB68B3
:105A7000DB7F002B0BD0FB68DB7F013BDAB2FB68DE
:105A8000DA77FB68BB60FB681B68FB6008E0FB68BB
:105A90007B60FB681B68FB60B968786800F00AF8F7
:105AA000FB68002BE3D100BF00BF1037BD4680BDAF
:105AB00010DA042080B588B000AF78603960002328
:105AC000FB833A687B689A4205D1454BAB22454936
:105AD000454810F02DFD3B68002B0AD03B681B6841
:105AE0007A689A4205D03E4BAD2240493E4810F0BC
:105AF0001FFD7B685B685B687B617B699B889BB2F1
:105B0000002B2AD17B685B68BB617B691A687B6864
:105B10005A60BB6958687B6808331422194611F033
:105B200006FE0121B869FFF781FAB869F6F744FE6D
:105B300003467B82FA8B7B8A1344B3F5803F05DBF7
:105B4000274BBC222A49284810F0F2FCFA8B7B8AAA
:105B50001344FB83B869F6F7A1FD7B685B68BB6102
:105B60001FE0BB695B687B61BB69FB607B691B688D
:105B7000BB61F868F6F720FE03467B82FA8B7B8ACE
:105B80001344B3F5803F05DB154BCC22184916486A
:105B900010F0CEFCFA8B7B8A1344FB83F868F6F78F
:105BA0007DFDBB69002BDCD13968786800F0C2F854
:105BB000104B1B88FA8B9A4205D9094BD2220E4909
:105BC000094810F0B5FC0B4B1A88FB8BD31A9AB21C
:105BD000084B1A80FB8B18462037BD4680BD00BF9E
:105BE00000BA020854BA020860BA020888BA020869
:105BF0009CBA020814DA0420BCBA020880B58AB044
:105C000000AF7860396000237B6100233B62002392
:105C1000FB610023BB6100233B61284B1B687B6257
:105C200030E07B6A5A697B68DB689A420CD17B6AF8
:105C30009A697B681B699A4206D17B6A9A897B685C
:105C40009B889BB29A4214D03B6901333B613B6A0B
:105C5000002B04D17B6A3B62FB69BB6109E07B6A74
:105C6000DA7F3B6ADB7F9A4203D87B6A3B62FB693F
:105C7000BB617B6A1B68002B01D07B6AFB617B6A7E
:105C80001B687B627B6A002BCBD13B6A002B08D060
:105C9000B969386AFFF70EFFF8607A69FB68134448
:105CA0007B617A693B689A4202DA3B69012BACDC82
:105CB0007B6918462837BD4680BD00BF10DA042036
:105CC00080B584B000AF786039600420F5F746FDF8
:105CD000F860FB68002B10D139687868FFF78EFFF9
:105CE00002463B68934203DC0420F5F737FDF86079
:105CF000FB68002B01D1002316E020220021F86868
:105D000010F0DFFDFB680F22DA77094B1A68FB6899
:105D10001A60074AFB681360FB680833142279682D
:105D2000184611F004FDFB6818461037BD4680BDCB
:105D300010DA042080B582B000AF78603960104B73
:105D40001B687A689A4204D17B681B680C4A13600E
:105D50000DE03B68002B06D10A4B40F245120A4980
:105D60000A4810F0E5FB7B681A683B681A6079689E
:105D70000420F5F769FD00BF0837BD4680BD00BFB0
:105D800010DA042000BA0208E0BA020860BA020879
:105D900080B58CB000AFF860B9607A600023BB6258
:105DA00001233B62BB685B68FB61FB695B889BB25C
:105DB0001846F4F7D3FF03467B83FB691B7803F097
:105DC0000F03DBB29B007B767B7E9BB27A8B9A4281
:105DD00002D24FF0FF3335E17B7E9BB27A8BD31A30
:105DE0007B83FB69DB889BB21846F4F7B7FF034659
:105DF000C3F30C039BB2DB00FB82BB685B68FB62F6
:105E0000FB6A00221A7000225A7000229A70002247
:105E1000DA70FB6AFA8A9A80FA8A7B8B13449AB208
:105E2000FB6ADA80FB6ADB889BB2FA8A9A4202D963
:105E30004FF0FF3306E1FB685B687B6268E07B6ADA
:105E40005B683B61FB6A9B889AB23B699B889BB20B
:105E50009A4235D2FB6A7A6A1A60BB6A002B20D05C
:105E6000FB6A9B889AB2BB6ADB889BB29A4207D3D3
:105E7000FB6ADB889AB23B699B889BB29A4202D943
:105E80004FF0FF33DEE0BB6ABA681A60BB6ADB889A
:105E90009AB2FB6A9B889BB29A423DD000233B6238
:105EA0003AE0FB6ADB889AB23B699B889BB29A42D4
:105EB00002D94FF0FF33C5E0FB68BA685A602BE0A7
:105EC000FB6A9B889AB23B699B889BB29A4202D13B
:105ED0004FF0FF33B6E0FB6A9B889AB23B69DB88E0
:105EE0009BB29A4202D24FF0FF33ABE0BB6A002B69
:105EF00009D0BB6ADB889AB23B699B889BB29A4205
:105F000001D000233B623B691B687B623B69BB623B
:105F10007B6A002B93D100E000BF7B6A002B2DD160
:105F2000BB6A002B1CD0BB6ADB889AB2FB6A9B88D9
:105F30009BB29A4206D9454B4FF4DB72444945481F
:105F400010F0F6FABB6ABA681A60BB6ADB889AB2CC
:105F5000FB6A9B889BB29A4210D000233B620DE003
:105F6000FB685B68002B06D0384B4FF4DF723A4970
:105F7000384810F0DDFAFB68BA685A607B68002B7D
:105F800005D1FB689B7F03F00103002B59D03B6ACE
:105F9000002B4FD0FB685B68002B06D0FB685B686A
:105FA0005B689B889BB2002B02D000233B6241E0E0
:105FB000FB6ABB62FB6A1B687B6212E07B6A5B6800
:105FC000FB62BB6ADB889AB2FB6A9B889BB29A42EF
:105FD00002D000233B6207E0FB6ABB62FB6A1B68DE
:105FE0007B627B6A002BE9D13B6A002B22D0FB68E5
:105FF0005B68002B06D1154B40F2DF12174915489C
:1060000010F096FAFB685B685B68FA6A9A4206D100
:106010000E4B4FF4F07211490E4810F089FAFB6AEA
:106020001B68002B06D0094B4FF4F1720C4909484C
:1060300010F07EFA3B6A002B14BF01230023DBB271
:1060400000E0002318463037BD4680BD00BA020884
:10605000FCBA020860BA02081CBB020854BB020862
:1060600064BB020880B58EB000AF78607B685B6867
:10607000BB62BB6A1B7803F00F03DBB29B00DBB291
:10608000142B40F07181BB6ADB889BB21846F4F791
:1060900065FE0346C3F30C039BB2DB00FB84BB6AC3
:1060A0005B889BB21846F4F759FE0346BB84BB6A73
:1060B0001B7803F00F03DBB29B0087F8233097F8BF
:1060C00023309BB2BA8C9A42C0F0508197F82330AB
:1060D0009BB2BA8CD31ABB847868F6F76DFB034683
:1060E0003B848C4B1B881A463B8C13440A2B10DDD7
:1060F0003B8C1946B86AFFF781FD0346002B00F080
:106100003781844B1B881A463B8C13440A2B00F3BF
:106110002F81814B1B683B6315E03B6B5A69BB6A5F
:10612000DB689A420CD13B6B9A69BB6A1B699A4245
:1061300006D13B6B9A89BB6A9B889BB29A4206D078
:106140003B6B1B683B633B6B002BE6D100E000BF61
:106150003B6B002B09D13B8C1946B86AFFF7B0FDA9
:1061600038633B6B002B1CD105E1BB6ADB889BB21B
:106170001846F4F7F3FD0346C3F30C03002B10D1CC
:106180003B6BDB891846F4F7E9FD0346C3F30C03C8
:10619000002B06D03B6B08331422B96A184611F065
:1061A000C6FABB6ADB889BB203F02003002B0CBF4E
:1061B00001230023DBB2FB61FB69002B0ED0FA8CBC
:1061C000BB8C13447B837A8BFB8C9A42C0F0A080FB
:1061D0007B8B4FF6EB72934200F29A80FA697968F2
:1061E000386BFFF7D5FD78617B69B3F1FF3F00F0B5
:1061F0009B80484B1A883B8C13449AB2454B1A80BB
:10620000FB69002B0DD0FA8CBB8C13447B823B6B5B
:106210007A8A9A833B6B9B7F43F00103DAB23B6B34
:106220009A777B69012B71D13B6B9B8B14333B823B
:106230003B6B5B685B681B687B633B6B5B685B68A5
:10624000BB623B6B083314221946B86A11F06FFA2F
:106250003B8A1846F4F782FD03461A46BB6A5A8009
:10626000BB6A00229A710022DA71BB6A00229A721C
:106270000022DA723B6B5B687B600DE07B6B5B68D6
:10628000FB601421786BF6F783F9796B7868F6F781
:10629000D3FAFB681B687B637B6B002BEED11E4B34
:1062A0001B683A6B9A4202D10023FB6210E01A4B42
:1062B0001B68FB6207E0FB6A1B683A6B9A4206D0D8
:1062C000FB6A1B68FB62FB6A002BF4D100E000BF95
:1062D000F96A386BFFF72EFD7868F6F76DFA03461A
:1062E0003B840C4B1B883A8C9A4206D90B4B40F2EC
:1062F0009B220B490B4810F01BF9064B1A883B8C6C
:10630000D31A9AB2034B1A807B6838E0002336E038
:1063100000BF0AE014DA042010DA042000BA0208F0
:1063200088BB020860BA020800BF3B6B002B06D195
:10633000154B4FF42A721549154810F0F9F83B6BCC
:106340005B68002B16D1134B1B683A6B9A4206D040
:106350000D4B40F2AB2210490D4810F0E9F8002136
:10636000386BFFF7E7FC06E000BF04E000BF02E087
:1063700000BF00E000BF7868F6F790F900231846E8
:106380003837BD4680BD00BF00BA0208A4BB020872
:1063900060BA020810DA0420B0BB020880B500AF72
:1063A0000520F5F7DBF90346184680BD80B582B0BD
:1063B00000AF78607B68002B06D1074B4FF4317239
:1063C0000649074810F0B4F879680520F5F73CFA5B
:1063D00000BF0837BD4680BD00BA0208D0BB020826
:1063E00060BA020880B584B000AF78607B68FB605B
:1063F000FB68002B06D1114B40F2CE221049114808
:1064000010F096F8FA687B689A4206D00B4B40F27F
:10641000CF220D490B4810F08BF8FB685B69002B0D
:1064200004D0FB685B691846F6F738F9F868FFF79F
:10643000BDFF00BF1037BD4680BD00BF00BA0208D7
:10644000DCBB020860BA0208E8BB020880B594B061
:1064500002AFF860B9607A600023A7F84630BB68E5
:106460001B8D143B002B00DA0733DB107B871423D2
:10647000FB87FB685B687B637B6B3B633B6B1B78D9
:1064800003F00F03DBB29B00DBB2142B02D06FF0E2
:10649000050310E1FB685B89132B09D8884B4FF487
:1064A0003F728849884810F043F86FF0050302E115
:1064B0003B6BDB889BB21846F4F750FC0346BB8766
:1064C000BB8FC3F30C03A7F84030BB8F03F400531A
:1064D000FB62FB681B89143BA7F84230E1E07B8F2D
:1064E000DB009BB2B7F84220934228BF13467B855E
:1064F0004FF4207214210E20F5F7ECFD78627B6AD0
:10650000002B00F0D5807B6A5B89132B06D86C4B7F
:106510004FF449726D496C4810F00AF87B6A5B6869
:106520001422796B184611F002F97B6A5B683B63B1
:106530007B8DA7F8443064E0FB685A89FB8FD31A3F
:10654000FB83FB685B89FA8F9A4206D95C4B40F269
:106550002D325F495C480FF0EBFFFA8BB7F84430FF
:10656000934228BF1346A7F84630B7F84630002BB1
:1065700005D10023FB87FB681B68FB6041E0FFF748
:106580000DFFB861BB69002B03D1786AF6F786F876
:106590008FE0B869FB685A68FB8F1344B7F8461060
:1065A000B7F8462001920093034641220020F5F7F8
:1065B000BBFE78617B69002B06D1B869FFF7F6FE58
:1065C000786AF6F76BF874E0F868F6F70DF9BB69CE
:1065D000FA685A61BB693F4A1A617969786AF6F7C5
:1065E0002BF9B7F84420B7F84630D31AA7F844304F
:1065F000B7F84430002B04D00023FB87FB681B68EE
:10660000FB60B7F84430002B96D1FA8FB7F84630CC
:106610001344FB87BB681B8DA3F11302B7F842300C
:106620009A42CCBF01230023DBB23B62B7F8403073
:10663000C3F30C03BB873B6A002B02D0FB6A002B21
:1066400003D0BB8F43F40053BB87BB8F1846F4F7CE
:1066500085FB03461A463B6BDA807B8D14339BB275
:106660001846F4F77BFB03461A463B6B5A803B6B9C
:1066700000229A720022DA72BB685B697A68796AD2
:10668000B8689847786AF6F709F8B7F842207B8D22
:10669000D31AA7F84230B7F840207B8F1344A7F8ED
:1066A0004030B7F84230002B7FF419AF002302E0EE
:1066B00000BF4FF0FF3318464837BD4680BD00BFCE
:1066C00000BA0208F4BB020860BA020810BC020853
:1066D00030BC0208E563010880B586B000AF786081
:1066E00039603B68BB600423FB6000233B610023EF
:1066F0007B6107F1080300211846F3F70DFB024602
:106700007B681A607B681B68002B02D14FF0FF3357
:1067100000E0002318461837BD4680BD80B584B020
:1067200000AF786039607B681B68396800221846C2
:10673000F3F71AFB0346002B02D10023FB7301E0A1
:10674000FF23FB7397F90F3018461037BD4680BD05
:1067500080B58CB000AFF861B9617A61F3F7FFF8EA
:10676000F8627B69002B17D0FB69196807F12003D9
:106770007A691846F3F738FB3B6A102B09D17B6A1C
:106780001A46BB691A60F3F7EAF80246FB6AD31AA5
:1067900019E04FF0FF3316E0FB6919683B464FF0F4
:1067A000FF321846F3F720FB07F120033A4607CAE9
:1067B00083E807007B6A1A46BB691A60F3F7CFF8D3
:1067C0000246FB6AD31A18463037BD4680BD80B4F6
:1067D00083B000AF78607B681B68002B01D1002379
:1067E00000E0012318460C37BD465DF8047B704776
:1067F00080B500AF0348F3F72EF90346024A136051
:1068000000BF80BD38EB02081CDA042080B584B0DC
:1068100000AF78600023BB600023FB6007F1080332
:106820001846F3F718F902467B681A607B681B6804
:10683000002B02D14FF0FF3300E000231846103741
:10684000BD4680BD80B582B000AF78607B681B68B4
:106850004FF0FF311846F3F717F900BF0837BD4670
:1068600080BD80B582B000AF78607B681B68184639
:10687000F3F758F900BF0837BD4680BD80B58CB02E
:1068800000AFF860B9607A603B6007F11403002242
:106890001A605A609A60DA601A615A619A61FB68FC
:1068A0007B61BB68BB61BB6B1BB2BB833B687B621C
:1068B00007F1140379681846F3F761F803461846A0
:1068C0003037BD4680BD000080B500AF044B1B686B
:1068D0004FF0FF311846F3F7D7F80123184680BD73
:1068E0001CDA042080B582B000AF7860044B1B68CE
:1068F0001846F3F717F900BF0837BD4680BD00BF43
:106900001CDA04202DE9B04F94B000AFF863FB6BA4
:106910001B681846F4F738FA0346FB64FB6B5B68A8
:106920001846F4F731FAB864FB6C534A1A44002352
:1069300014461D46C7E91045D7E9104522462B46A7
:106940004FF000004FF00001590141EAD2615001BF
:1069500002460B46B2EB040863EB05094FF0000258
:106960004FF000034FEA890343EA98734FEA880225
:106970009046994618EB04033B6149EB05037B61A4
:106980004FF000024FF00003D7E904452946CB0041
:10699000214643EA51732146CA0014461D46BB6C8A
:1069A00000223B637A63D7E90C8942464B464FF09D
:1069B00000004FF00001590141EAD2615001024646
:1069C0000B464146B2EB010A494663EB010B4FF01F
:1069D00000024FF000034FEA4B2343EADA534FEA39
:1069E0004A2292469B4643461AEB0303BB604B4642
:1069F0004BEB0303FB604FF000024FF00003D7E9BD
:106A000002AB59468B01514643EA916351468A01D4
:106A10005146511A3960594663EB01037B60D7E94F
:106A20000001034642469B18BB624B460A4642EBB6
:106A30000303FB624FF000024FF00003F96A0A0003
:106A400000230E4BA3FB02239B0900223B627A62C8
:106A5000D7E908120B46E318BB61134645EB030365
:106A6000FB61074BD7E90612C3E9001200BF50379C
:106A7000BD46BDE8B08F00BF8081557CD34D62100C
:106A8000B0CE052080B582B000AF78603022002102
:106A900078680FF016FF7B6823221A7000BF083752
:106AA000BD4680BD80B584B000AF78600D4B1B68DB
:106AB00000220D491846FCF7B7F90A4B1B685B002A
:106AC000FB60FB68094A934207D8064B1B68FA68CB
:106AD0009A4202D9034AFB68136000BF1037BD46D3
:106AE00080BD00BF44DA0420356D0108F049020082
:106AF00080B584B000AF7860184B1B78BB7300235F
:106B0000FB731FE0154B1B780133DAB2134B1A707D
:106B1000124B1B78022B02D9104B00221A700F4B1C
:106B20001B781A460E4B53F83230002B07D00D4B12
:106B300043F698221A60002000F0FCF80BE0FB7B83
:106B40000133FB73FB7B012BDCD9044ABB7B137045
:106B50000020FFF7A7FF1037BD4680BD40DA0420B4
:106B600028DA042044DA042080B588B000AFF86049
:106B7000B9607A603B60F023FB777B681B89302B20
:106B80002DD100217868F6F75DF8034603F007037E
:106B9000BB77354B1B78002B02D1BB7F042B06D073
:106BA000314B1B78012B18D1BB7F052B15D101214F
:106BB0007868F6F747F803467B777B7F002B02D196
:106BC0000123FB770BE007F11001282308227868E6
:106BD000F5F76AFF0023FB7701E0FD23FB77786878
:106BE000F5F75CFD97F91F30002B2ED107F110034C
:106BF0001846FFF787FE1D4B1B781D4ADB00134428
:106C00001B791A4A1278104643F00103D9B2184A88
:106C1000C30013440A461A71134B1B78002B1FD173
:106C200000211448FCF726F900211348FCF722F94B
:106C3000124B43F698221A6043F69823BB61002258
:106C40000D49B869FCF7F0F80AE097F91F30012BFD
:106C500006D1054B1B78002B02D10020FFF748FF1F
:106C600000BF2037BD4680BD20DA042040DA042072
:106C700028DA0420F16A0108356D010844DA04209D
:106C800080B584B000AF78607B68002B06D1214BC3
:106C90004FF40872204921480FF04AFC4FF420724B
:106CA00030213620F5F716FAF860FB68002B26D065
:106CB000FB685B68BB60B868FFF7E4FE184B1868B8
:106CC0007B237A68F968FCF743FBF868F5F7E6FC84
:106CD000144B1B78144ADB0013441B79114A1278B9
:106CE00010465B00D9B2104AC30013440A461A7119
:106CF00000220E4943F69820FCF796F805E00022A2
:106D00000B4943F69820FCF78FF800BF1037BD46BB
:106D100080BD00BF40BC020890BC0208A4BC0208B1
:106D200024DA042040DA042028DA0420F16A010879
:106D3000356D010880B584B000AF7860114B1B78C9
:106D40001A46114B53F83230BB60BB68002B02D19E
:106D50006FF00F0300E00023FB7397F90F30002B57
:106D600005D107F108031846FFF78AFF05E0002266
:106D7000064943F69820FCF757F800BF1037BD4688
:106D800080BD00BF40DA042028DA0420F16A01083F
:106D900080B500AF204B1B68002B3BD12E20FCF7A9
:106DA0008EFD03461C4A13601B4B1B68002B06D14B
:106DB0001A4B40F296221A491A480FF0B9FB164BAB
:106DC0001B68002B26D0144B1B680022164918465E
:106DD000FCF7FCFC154B1B78002B07D1144B43F63A
:106DE00098221A600020FFF7A5FF13E00F4B1B78D5
:106DF000012B0FD1084B1B685A7A074B1B6842F0D6
:106E00002002D2B25A72044B1B687B2209491846F1
:106E1000FCF754FC00BF80BD24DA042040BC02080B
:106E2000CCBC0208A4BC0208696B010820DA04206B
:106E300044DA042030EB020880B582B000AF134B77
:106E40001B68002B1ED00023FB7108E0FB79104A61
:106E5000DB00134400221A71FB790133FB71FB79CB
:106E6000022BF3D900210B48FCF704F800210A4853
:106E7000FCF700F8054B1B681846FCF7C7FC034BF2
:106E800000221A6000BF0837BD4680BD24DA042006
:106E900028DA0420356D0108F16A010880B400AFDA
:106EA000054B1B68002B14BF01230023DBB21846DF
:106EB000BD465DF8047B704724DA042080B483B0BB
:106EC00000AF03463960FB71FB79022B0ED83B689B
:106ED000002B06D0FB7908493A68126841F8332044
:106EE00004E0FB79044A002142F8331000BF0C375C
:106EF000BD465DF8047B704728DA042080B483B077
:106F000000AF0346FB71FB79022B04D8FB79DB0051
:106F1000044A134400E0044B18460C37BD465DF8A4
:106F2000047B704728DA042030EB020880B500AFFC
:106F3000124B00229A82114B00221A610F4B9B6860
:106F4000002B07D00D4B9B681846F5F7A7FB0B4BA2
:106F500000229A6000210A48FBF78CFF074B5B6810
:106F6000002B09D0054B1B685B68044A5268104629
:106F70009847024B00225A6000BF80BD48DA0420C7
:106F80001D75010890B589B000AFF8607B600B46B5
:106F90007B8113467B727868E9F7E6FC0346FB6168
:106FA000FB699BB205339BB24FF420721946362021
:106FB000F5F790F8B861BB69002B22D0BB695B681C
:106FC0007B617B694FF4A0621A807B7A9AB27B69FD
:106FD0009C1C1046F3F7C2FE034623807B69181DF4
:106FE000FB6901331A46796810F0A1FB074BD8689A
:106FF0007B89FA68B969FCF7ABF9B869F5F74EFB1C
:1070000000E000BF2437BD4690BD00BF48DA042031
:1070100090B585B000AF0346FB804FF42072042189
:107020003620F5F757F8F860FB68002B1AD0FB689C
:107030005B68BB60BB684FF480621A80BB689C1CB5
:10704000FB881846F3F78AFE03462380074BD8686F
:10705000064B9B8A064AF968FCF77AF9F868F5F757
:107060001DFB00E000BF1437BD4690BD48DA042088
:1070700058DA042080B582B000AF154B9B685B895D
:107080004FF4207219463620F5F724F878607B68B3
:10709000002B18D00E4B9B6819467868F5F732FC28
:1070A0000346002B03D07868F5F7F8FA0CE0084B9C
:1070B000D868074B9B8A074A7968FCF749F97868D2
:1070C000F5F7ECFA00E000BF0837BD4680BD00BF11
:1070D00048DA042058DA042090B583B000AF284B7A
:1070E0009B68002B04D0264B9B681846F5F7D6FA10
:1070F0004FF420724FF401713620F4F7EBFF034692
:107100001F4A93601E4B9B68002B35D01C4B9B681D
:107110005B687B607B684FF440721A80184B1A8C56
:107120007B689C1C1046F3F719FE03462380144B22
:107130001B689B68124A50687A68111D4FF40072F0
:10714000984738603B68002B09DA0D4B998A0D4B44
:1071500002220D48FFF716FFFFF7E8FE0DE0084B8F
:107160009A683B689BB204339BB219461046F5F708
:107170000FF9FFF77FFF00E000BF0C37BD4690BD61
:1071800048DA04204CBD020858DA042080B592B0D9
:1071900000AFF860B9607A603B607B685B683B6415
:1071A000A14B9B8A002B05D09F4B9B8AB7F85020A0
:1071B0009A4209D19C4B1B69002B10D09A4B1A693B
:1071C0003B681B689A420AD0B7F85010974B0222CE
:1071D0003868FFF7D7FE7868F5F760FA90E13B6C06
:1071E0001B88FB63904B9B698F4AD3618E4B0022B7
:1071F00083F82220FB6BB3F5806F00F02981FB6BD5
:10720000B3F5806F00F37181FB6BB3F5407F00F045
:10721000A380FB6BB3F5407F00F36781FB6BB3F595
:10722000807F04D0FB6BB3F5007F40F05E810023CC
:1072300087F82F307C4B5B68002B07D0B7F85010D5
:107240007A4B02223868FFF79DFE56E1002278490A
:107250004FF47A70FBF7E8FD07F12F0102230122BA
:107260007868F5F77DFD03467B867B8E013B9BB2FC
:10727000152B07D9B7F850106E4B02223868FFF76C
:1072800081FE3AE17B8E013B9AB207F1180102239D
:107290007868F5F709FC7B8E01339BB207F12F016B
:1072A00001227868F5F75CFD03463B863A8E7B8EBB
:1072B000D31A9BB2082B07D9B7F850105E4B0222A5
:1072C0003868FFF75FFE18E13A8E7B8ED31A9AB2C8
:1072D0007B8E01339BB207F110017868F5F7E4FB70
:1072E000514B1B681B68FA6BB2F5007F0CBF012283
:1072F0000022D2B207F1100107F1180098470346A7
:10730000494A5360484B01221A84474B5B68002B63
:1073100007D1B7F85010494B01223868FFF732FE09
:10732000EBE03B681B68404A13613F4AB7F85030B6
:107330009382FB6BB3F5007F07D13B4B012283F8AF
:1073400023200020FFF764FED7E0374B002283F8AC
:107350002320FFF7C1FED0E0334B5B68002B07D141
:10736000B7F85010364B02223868FFF70BFEC4E026
:107370002D4B93F82330012B07D0B7F85010314B29
:1073800002223868FFF7FEFDB7E03B6C02331B8832
:107390001846F3F7E3FC03463B87234B1B8C3A8FDD
:1073A0009A422CD104217868F5F7F2F81E4B1B683D
:1073B000DB681D4A526879681046984778637B6B92
:1073C000002B09DAB7F850101F4B02223868FFF77C
:1073D000D9FDFFF7ABFD03E03B8F1846FFF718FE22
:1073E0007B681B89B3F5007F02D2FFF79FFD84E025
:1073F0000D4B1B8C01339AB20B4B1A847DE03B8FF3
:1074000001339AB2084B1B8C9A4204D13B8F184629
:10741000FFF7FEFD71E0B7F850100C4B05223868FD
:10742000FFF7B0FD69E000BF48DA042074BD020830
:107430001D750108A0BD0208C8BD0208ECBD020808
:107440000CBE02081CBE020834BE020848BE020878
:107450002D4B5B68002B07D1B7F850102B4B022245
:107460003868FFF78FFD48E0274B93F82330002B57
:1074700007D0B7F85010264B02223868FFF782FD7C
:107480003BE03B6C02331B881846F3F767FC03466E
:107490007B871D4B1B8C7A8F9A4207D0B7F8501010
:1074A0001C4B05223868FFF76DFD26E000237B6446
:1074B000154B9B68002B09D0134B9B681B89B3F5B8
:1074C000017F14BF01230023DBB27B647B6C002BA4
:1074D00008D10D4B1B8C01339AB20B4B1A84FFF76A
:1074E000FBFD0AE0FFF722FD07E0B7F850100A4B5A
:1074F00004223868FFF746FD00BF7868F5F7CEF83C
:107500004837BD4680BD00BF48DA04200CBE0208E3
:107510005CBE020848BE020874BE020880B582B094
:1075200000AF7860184B9B690133174A9361164B83
:107530005B68002B23D0002214494FF47A70FBF7CC
:1075400073FC114B9A69104BDB69D31A0A2B17DDB8
:107550000D4B9B68002B0FD00B4B93F82230042B64
:107560000AD8FFF787FD084B93F822300133DAB2CF
:10757000054B83F8222003E0FFF7D8FC00E000BFB2
:107580000837BD4680BD00BF48DA04201D750108DC
:1075900080B584B000AF78602E20FCF790F9F860D9
:1075A000FB68002B02D14FF0FF3328E0452216493B
:1075B000F868FCF783F80346FB7297F90B30002B51
:1075C00005D0F868FCF722F997F90B3017E00F4B5C
:1075D00000225A600D4B00229A820C4A7B6813608D
:1075E0000A4B00229A61094B00229A60074AFB6805
:1075F000D36000220649F868FCF7E8F80023184633
:107600001037BD4680BD00BF30EB020848DA0420C9
:107610008D71010880B500AF0C4BDB68002B06D1E3
:107620000B4B40F2AD120B490B480EF081FF074B9C
:10763000DB681846FCF7EAF8FFF778FC2422002103
:1076400002480FF03EF900BF80BD00BF48DA0420B9
:1076500088BE0208E0BE020808BF020880B500AF7D
:10766000002201210748EAF7A3FF0A20F2F7DFF919
:10767000012201210348EAF79BFF6420F2F7D7F9C2
:1076800000BF80BD00000240B0B58CB004AF924B8B
:1076900000221A70904B00225A708F4B00229A7071
:1076A0008D4B0022DA708D4B00221A708B4B00221A
:1076B0005A708A4B00229A70884B0022DA70884BED
:1076C00000221A70864B00225A70854B00229A7055
:1076D000834B0022DA70FFF7C1FF4FF4FA60F2F734
:1076E000A6F900210020F3F7EFFA7B4B1B781A066E
:1076F000794B5B781B041A43774B9B781B0213432F
:10770000754AD27813431A06734B1B781906724BCD
:107710005B781B041943704B9B781B020B436E492B
:10772000C9780B431B0203F47F031A436A4B1B788F
:107730001906694B5B781B041943674B9B781B0246
:107740000B436549C9780B431B0A03F47F431A4373
:10775000614B1B781906604B5B781B0419435E4B29
:107760009B781B020B435C49C9780B431B0E1343E8
:107770005C4A1360594B1B781A06584B5B781B0404
:107780001A43564B9B781B021343544AD278134337
:107790001A06524B1B781906504B5B781B04194391
:1077A0004E4B9B781B020B434C49C9780B431B0281
:1077B00003F47F031A43494B1B781906474B5B7848
:1077C0001B041943454B9B781B020B434349C97863
:1077D0000B431B0A03F47F431A43404B1B781906E3
:1077E0003E4B5B781B0419433C4B9B781B020B43BD
:1077F0003A49C9780B431B0E13433B4A1360384B7D
:107800001B781A06364B5B781B041A43344B9B7863
:107810001B021343324AD27813431A06304B1B78AB
:1078200019062F4B5B781B0419432D4B9B781B02C9
:107830000B432B49C9780B431B0203F47F031A4304
:10784000274B1B781906264B5B781B041943244BE6
:107850009B781B020B432249C9780B431B0A03F494
:107860007F431A431E4B1B7819061D4B5B781B0484
:1078700019431B4B9B781B020B431949C9780B43D7
:107880001B0E1343194A1360194B0293194B0193B2
:1078900000230093154B144A12491748F4F706F8D1
:1078A0001548F4F737FA1448F4F744FA1349124824
:1078B000F4F746FB124B3C1D1D460FCD0FC495E857
:1078C000070084E807003B1D0B491846F2F757F8FC
:1078D00000BF2037BD46B0BDB0DA0420B4DA0420C2
:1078E000B8DA0420A4DA0420A8DA0420ACDA0420F0
:1078F000D5AB0008417F01086CDA04200579010846
:1079000038BF020880B483B000AF786000BF0C3786
:10791000BD465DF8047B704780B487B000AF7860E7
:1079200039603B687B617B683B612023FB60BFF370
:107930004F8F00BF0BE00D4A3B69C2F85C32FB6819
:107940003A6913443B617A69FB68D31A7B617B69AE
:10795000002BF0DCBFF34F8F00BFBFF36F8F00BF72
:1079600000BF1C37BD465DF8047B704700ED00E0AA
:1079700080B582B000AF7860044B1B681846F2F700
:1079800095F900BF0837BD4680BD00BFCC9E0520DD
:1079900080B582B000AF7860044B1B681846F2F7E0
:1079A00085F900BF0837BD4680BD00BFD09E0520C9
:1079B00080B582B000AF78607868ECF7BCFA034617
:1079C00003F08003802B04D1044B1B681846F2F7A8
:1079D0006DF900BF0837BD4680BD00BFCC9E0520B5
:1079E00080B582B000AF00237B600F4B5B690E4A0D
:1079F00010683A1D002198470346002B10DB7B6876
:107A000043F490537B60084B1B69074A10687A68FF
:107A1000002198470346002B02D104480EF0F0FDE8
:107A200000BF0837BD4680BDBC9F052054BF02087B
:107A3000B0B5B4B000AF7860002387F8C73000233A
:107A4000C7F8C8300023C7F8C03007F15C036422D0
:107A5000002118460EF035FFB04BB14A1A600023E2
:107A600087F85430802387F85530E12387F8563063
:107A7000002387F85730002387F85830002387F811
:107A80005930A64A07F154035360A44B4FF4000247
:107A90009A60A24BA34ADA60A04BA34A1A619F4B9B
:107AA0004FF4C0625A61A14B1B78DAB2A04BDA7076
:107AB000A04B1B78DAB29E4B1A719F4B1B78DAB23F
:107AC0009B4B5A719A4BDB7887F85730984B1B7950
:107AD00087F85830964B5B7987F859308F4B944A2A
:107AE0005A608E48EBF7DEFB034687F8C730382232
:107AF000002192480EF0E5FE904B21221A608F4B38
:107B00004FF440025A618D4B00221A618C48F3F702
:107B100087FD7B68062283F83020804B5B681A78EB
:107B20007B6883F82A207D4B5B6801331A787B6879
:107B300083F82B20794B5B6802331A787B6883F8D3
:107B40002C20764B5B6803331A787B6883F82D20F2
:107B5000724B5B6804331A787B6883F82E206F4B76
:107B60005B6805331A787B6883F82F207B6840F2C6
:107B7000DC521A857B6893F8313043F00A03DAB29D
:107B80007B6883F831200023FB6400233B6507F109
:107B90004C0301211846F1F7FBFF0346694A1360C5
:107BA00000237B640023BB6407F1440301211846D2
:107BB000F1F7EEFF0346644A1360624B1B68002135
:107BC0001846F2F725F8604B1B6800211846F2F7BB
:107BD0001FF85E4B07F128041D460FCD0FC495E832
:107BE000070084E8070007F1280379681846F1F7D1
:107BF000C6FE57495748EEF7DEFE5648EEF70DFF32
:107C00000346002B06D07868F4F76AF97868F4F731
:107C1000FDF880E097F8C730002B64D14D48EEF7AF
:107C200049FFC7F8C000D7F8C030012B06DC7868E0
:107C3000F4F756F97868F4F7E9F856E0D7F8C03069
:107C4000023B032B2AD801A252F823F05D7C0108E5
:107C50006F7C01087F7C01088F7C01084FF4006372
:107C6000C7F8CC304FF48043C7F8C8301FE000237A
:107C7000C7F8CC304FF48043C7F8C83017E04FF452
:107C80000063C7F8CC300023C7F8C8300FE00023EA
:107C9000C7F8CC300023C7F8C83008E04FF40063C1
:107CA000C7F8CC304FF48043C7F8C83000BF07F1A5
:107CB0005C0319461948EBF7DDFFD7F8CC307B673A
:107CC000D7F8C8303B6707F15C0319461348ECF757
:107CD000C8F81248EBF780FB7868F4F72BF878685F
:107CE000F4F7C6F801E000F01DFEEBF7CFFA03460B
:107CF000B3F5805F0FD1184B07F10C041D460FCD73
:107D00000FC495E8070084E8070007F10C03002181
:107D10001846F1F734FED037BD46B0BDD49E0520DD
:107D20000080024040DC0520A0DB052020F4F01F8D
:107D30003000022021F4F01F22F4F01F849F052060
:107D400040EB0208CC9E0520D09E052090BF020883
:107D50001C000220BC9F0520BCBF020880B592B069
:107D600000AF7860396000237B6400233B6400230C
:107D700087F83F3007F10C033022002118460EF03F
:107D8000A0FD07F10C033022002118460EF099FDEA
:107D90003B683B6445E07B6C032B02D96FF00B031F
:107DA0007FE03B6C59687A6C13465B0013449B0080
:107DB00048333B443C3B19603B6C5B8919467A6C09
:107DC00013465B0013449B0048333B44383B196027
:107DD0007B6C002B11D07B6C5A1E07F10C00796C68
:107DE0000B465B000B449B00C11813465B00134419
:107DF0009B0048333B44343B19603B6C1B68002BB1
:107E000009D17A6C13465B0013449B0048333B4412
:107E1000343B00221A607B6C01337B643B6C1B6833
:107E20003B643B6C002BB6D13B681B891A461F4B49
:107E30005A601E4A07F10C0393601C4A3B68536367
:107E40003868F4F7D1FC19491948EBF7B5FB03463C
:107E5000002B03D1002387F83F301BE01448ECF7D8
:107E60005DF8034603F00203002B0DD0114B1B6895
:107E70004FF4FA611846F1F7CBFE0D48EBF73CFDE5
:107E8000FE2387F83F3005E03868F4F707FCF42359
:107E900087F83F3097F93F3013F1020FD3D097F9AD
:107EA0003F3018464837BD4680BD00BF849F05203F
:107EB000D49E0520D09E052080B584B000AF7860A8
:107EC0000023FB60074B1B78002B05D107F10C0347
:107ED00019460548EBF7CCFBFB6818461037BD4642
:107EE00080BD00BFC89E0520D49E052080B584B00B
:107EF00000AF78600023FB607B68BB600F4B1B68A2
:107F00004FF0FF311846F1F783FE0346002BF5D101
:107F1000B868FFF7D1FFF860FB68002B0AD0BB6898
:107F20001B69B968F86898470346002B02D0F868C7
:107F3000F4F7B4FBFB68002BEAD1DFE7CC9E052009
:107F400080B582B000AF78607B68002B06D10E4B05
:107F500040F249220D490E480EF0EAFA7B6873227E
:107F600083F832207B68742283F833207B68094AC7
:107F70005A617B68084A9A617868FFF759FD0023C7
:107F800018460837BD4680BDD8BF020810C0020899
:107F900020C00208AD4701085D7D010880B584B0AE
:107FA00000AF78607B68FB60F9680948F3F728FC4C
:107FB000084B1B78012B07D1064B00221A70064B89
:107FC0001B681846F1F772FE00BF1037BD4680BD32
:107FD00040EB0208C89E0520CC9E052080B500AF6E
:107FE000EBF724F90346184680BD000080B58EB03B
:107FF00000AF786007F1240300221A605A609A608B
:10800000DA601A617B681B68444A934240F08180C1
:10801000434B1B6B424A43F000731363404B1B6B93
:1080200003F000733B623B6A3D4B1B6B3C4A43F0E1
:10803000806313633A4B1B6B03F08063FB61FB6946
:10804000374B1B6B364A43F000631363344B1B6B97
:1080500003F00063BB61BB69314B1B6B304A43F0DB
:10806000040313632E4B1B6B03F004037B617B69DA
:108070002B4B1B6B2A4A43F001031363284B1B6BEA
:1080800003F001033B613B69254B1B6B244A43F022
:1080900040031363224B1B6B03F04003FB60FB6840
:1080A00032237B620223BB620023FB6202233B6319
:1080B0000B237B6307F1240319461A48EAF7CCF82F
:1080C00086237B620223BB620023FB6202233B63A5
:1080D0000B237B6307F1240319461348EAF7BCF826
:1080E0004FF4D0437B620223BB620023FB62022376
:1080F0003B630B237B6307F1240319460B48EAF724
:10810000ABF8002205213D20EAF7BFFF3D20EAF74A
:10811000D8FF00BF3837BD4680BD00BF0080024099
:1081200000380240000802400000024000180240EF
:1081300080B500AF0248EBF7AFFE0023184680BDC4
:10814000D49E052080B400AF00231846BD465DF8DC
:10815000047B704780B584B000AFF860B9607A6086
:108160007B68BA68F9680748EBF7F0FC0346002B18
:1081700002D04FF0FF3300E0002318461037BD4611
:1081800080BD00BFD49E052080B584B000AFF860EC
:10819000B9607A607B68BA68F9680748EBF721FD37
:1081A0000346002B02D04FF0FF3300E000231846B7
:1081B0001037BD4680BD00BFD49E052080B500AFFE
:1081C000EBF734F80346184680BD000080B5BEB01A
:1081D00000AF786007F16C036422002118460EF0AE
:1081E00070FB0023C7F8DC300023C7F8F43000230D
:1081F000C7F8F0300023C7F8EC307B68C7F8D830F8
:10820000BC48EEF757FCC7F8DC00D7F8D83093F835
:1082100031309B0803F00103DBB2002B13D0D7F8F9
:10822000DC30012B0FDCB448EBF746F90022B349F0
:10823000D7F8D800F2F7BAFB0022B149D7F8D80036
:10824000F2F7B4FB70E0D7F8D83093F8313003F090
:108250000403002B68D1D7F8DC30012B64DDD7F89C
:10826000DC30023B032B37D801A252F823F000BFC9
:108270008182010899820108AF820108C582010844
:108280004FF40063C7F8EC304FF48043C7F8F03088
:108290000123C7F8F43020E00023C7F8EC304FF496
:1082A0008043C7F8F0300123C7F8F43015E04FF4ED
:1082B0000063C7F8EC300023C7F8F0300123C7F89B
:1082C000F4300AE00023C7F8EC300023C7F8F030A0
:1082D0000123C7F8F43000E000BFD7F8F430002BDA
:1082E00022D007F16C0319468348EBF7C3FCD7F89B
:1082F000EC30C7F88430D7F8F030C7F8803007F199
:108300006C0319467C48EBF7ACFD7B48EBF764F84F
:1083100000227C49D7F8D800F2F748FB00227A49BE
:10832000D7F8D800F2F742FBD7F8D83093F83130BD
:108330009B0803F00103C7F8D430744B1B68002B73
:1083400024DB724B1B68D7F8D4209A421ED0D7F892
:10835000D430002B15D0D7F8F030B3F5804F01D1D1
:10836000642200E00A22D7F8EC30B3F5006F01D1A7
:10837000674B00E0674BD7F8DC1067480EF0D8F881
:1083800004E0D7F8DC1065480EF0D2F85F4AD7F861
:10839000D43013605748EEF78DFBC7F8D000604B20
:1083A0001B68D7F8D0209A4200F09F80D7F8D830C9
:1083B00093F831309B0803F00103DBB2002B00F08F
:1083C0009480574AD7F8D0301360564B1B78002B57
:1083D00018D1D7F8D030052B07D0D7F8D030042BE0
:1083E00003D0D7F8D030032B05D1FFF7F9FA4D4B66
:1083F00001221A7006E0D7F8D030022B02D1494B87
:1084000001221A700023C7F8E8300023C7F8E430CF
:10841000012387F8E330D7F8D030023B032B2BD869
:1084200001A252F823F000BF398401084B840108EF
:108430005B8401086B8401084FF48043C7F8E8307F
:108440004FF40063C7F8E4301AE04FF48043C7F8F4
:10845000E8300023C7F8E43012E00023C7F8E83022
:108460004FF40063C7F8E4300AE00023C7F8E830AF
:108470000023C7F8E43003E0002387F8E33000BFAF
:1084800097F8E330002B30D007F1080319461A485B
:10849000EBF7F0FBFB69D7F8E8209A4204D13B6A7E
:1084A000D7F8E4209A4220D0D7F8E830FB61D7F81B
:1084B000E4303B6207F1080319460F48EBF7D1FCA3
:1084C000D7F8E830B3F5804F01D1642100E00A21EC
:1084D000D7F8E430B3F5006F01D10D4A00E00D4A42
:1084E000D7F8D03010480EF023F86420F1F79FFA47
:1084F00086E600BFBC9F0520D49E05200DBE000867
:10850000E1BE000835BD000871BE00083800022039
:1085100048C002084CC0020850C0020880C00208CF
:108520003C000220DC9F0520A8C0020880B586B070
:1085300002AF78601248F3F7EFF8F860FB68002BA1
:1085400014D0FB6803F120027B681A60FB680D4AB7
:108550001A617B681B684FF4C06201920093FB684C
:10856000412200210020F3F7DFFE05E0064B012247
:108570001A707B6800221A6000BF1037BD4680BDAC
:1085800040EB02089D7F0108C89E052080B588B099
:1085900000AFF860B9607A607B80FB68BB61BB6844
:1085A0007B610023FB617B68203BFB61FB69002250
:1085B0001A60FB6900221A81FB697A885A81BB69BB
:1085C0001B68002B03D1BB69FA691A6003E07B6961
:1085D0001B68FA691A607B69FA691A60BB691B68D3
:1085E000FB6109E0FB691A897B8813449AB2FB6935
:1085F0001A81FB691B68FB61FB69002BF2D17B8848
:1086000019467868FFF788F900BF2037BD4680BD5E
:1086100080B582B000AF78607868F4F73FF800BFAB
:108620000837BD4680BD000080B582B000AF7860DD
:10863000154B1B68D3F8C431002B03D00020F1F791
:10864000EAF9F5E7104B1B68D3F894310A2B16D9D9
:108650000E4B5B680D4A23F4000353600B4B5B68C1
:108660000A4A43F400035360074B1B68D3F8002108
:10867000054B1B6842F00102C3F80021D8E7C8206F
:10868000F1F7D5F9D4E700BFD49E052000380140AA
:1086900080B400AFBFF34F8F00BFBFF36F8F00BF39
:1086A0000D4B0022C3F85022BFF34F8F00BFBFF322
:1086B0006F8F00BF084B5B69074A43F40033536177
:1086C000BFF34F8F00BFBFF36F8F00BF00BFBD462A
:1086D0005DF8047B704700BF00ED00E080B485B01A
:1086E00000AF1F4B0022C3F88420BFF34F8F00BFA1
:1086F0001B4BD3F880307B607B685B0BC3F30E03AE
:10870000FB607B68DB08C3F30903BB60FB685A01AD
:1087100043F6E0731340BA68920711491343C1F856
:108720006032BB685A1EBA60002BEFD1FB685A1E3C
:10873000FA60002BE5D1BFF34F8F00BF084B5B6998
:10874000074A43F480335361BFF34F8F00BFBFF339
:108750006F8F00BF00BF1437BD465DF8047B7047C4
:1087600000ED00E080B500AF00F09CF8FFF790FF4F
:10877000FFF7B4FFEAF730FD00F020F800F0D8F87A
:1087800000F06CFB00F074FC00F0A2FC00F0D0FCE8
:1087900000F0FEFC00F02CFD00F05AFD00F088FD1A
:1087A00000F0B6FD00F0DCFB07F006FA0BF0AAF8CB
:1087B00000F0EEF9F1F7CCF800BFFDE780B594B01A
:1087C00000AF07F11C033422002118460EF079F89F
:1087D00007F1080300221A605A609A60DA601A6191
:1087E000EAF724FB2D4B1B6C2C4A43F08053136497
:1087F0002A4B1B6C03F080537B607B68284B1B6803
:10880000274A43F440431360254B1B6803F440435D
:108810003B603B680923FB614FF480333B620123DB
:108820003B6302237B634FF48003BB631923FB6329
:108830004FF4D8733B6402237B640223BB6402239E
:10884000FB6407F11C031846E8F71AFC0346002BEB
:1088500001D000F067F8EAF7F9FA0346002B01D0DF
:1088600000F060F80F23BB600223FB6000233B6134
:108870004FF4A0537B614FF48053BB6107F10803B1
:1088800007211846E8F7AAFE0346002B01D000F0A6
:1088900049F800BF5037BD4680BD00BF00380240D8
:1088A0000070004080B584B000AF3B4600221A60E3
:1088B0005A609A60DA60EAF717FC01233B700023E4
:1088C0007B704FF000537B6012233B7200237B725E
:1088D0000123BB720323FB7200233B7301237B73D1
:1088E0000023BB730023FB733B461846EAF734FCB6
:1088F0000420EAF711FC00BF1037BD4680BD000020
:1089000080B582B000AF78607B681B68044A9342F0
:1089100001D1EAF777FC00BF0837BD4680BD00BF34
:108920000014004080B400AF72B600BF00BFFDE786
:1089300080B58EB000AF07F1240300221A605A60A0
:108940009A60DA601A615D4B1B6B5C4A43F010035E
:1089500013635A4B1B6B03F010033B623B6A574B8C
:108960001B6B564A43F004031363544B1B6B03F019
:108970000403FB61FB69514B1B6B504A43F020031E
:1089800013634E4B1B6B03F02003BB61BB694B4B66
:108990001B6B4A4A43F080031363484B1B6B03F085
:1089A00080037B617B69454B1B6B444A43F00103A9
:1089B0001363424B1B6B03F001033B613B693F4B6D
:1089C0001B6B3E4A43F0020313633C4B1B6B03F0EB
:1089D0000203FB60FB68394B1B6B384A43F008030A
:1089E0001363364B1B6B03F00803BB60BB68334B50
:1089F0001B6B324A43F040031363304B1B6B03F095
:108A000040037B607B6800224AF204112C48E9F79E
:108A1000CFFD012201212B48E9F7CAFD002248F2CF
:108A200020012848E9F7C4FD002240F2022126482F
:108A3000E9F7BEFD002220212448E9F7B9FD4AF2FA
:108A400004137B620123BB620023FB6200233B63B0
:108A500007F1240319461A48E9F7FEFB48F22103FF
:108A60007B620123BB620023FB6200233B6307F1AF
:108A7000240319461348E9F7EFFB40F202237B6217
:108A80000123BB620023FB6200233B6307F1240345
:108A900019460D48E9F7E0FB20237B620123BB6206
:108AA0000023FB6200233B6307F1240319460748B8
:108AB000E9F7D2FB00BF3837BD4680BD0038024021
:108AC0000010024000000240000C0240001802406A
:108AD00080B584B000AF7860396039680C480DF01B
:108AE00027FD7868F0F7FEF80346194609480DF0AF
:108AF0001FFD4FF0500372B683F31188BFF36F8FE1
:108B0000BFF34F8F62B6FB6000BF00BFFDE700BF41
:108B1000D4C0020804C1020880B400AF00BFBD4643
:108B20005DF8047B7047000080B485B000AFF8604A
:108B3000B9607A60FB68074A1A60BB68064A1A6027
:108B40007B684FF480721A6000BF1437BD465DF831
:108B5000047B70470CA0052068A0052080B485B078
:108B600000AFF860B9607A60FB68074A1A60BB68BA
:108B7000064A1A607B684FF400721A6000BF14370F
:108B8000BD465DF8047B704768A40520C4A4052099
:108B9000B0B58EB000AF08F089F8184B07F11C048F
:108BA0001D460FCD0FC495E8070084E8070007F1C4
:108BB0001C0300211846F0F7E2FE0346104A13603A
:108BC000104B3C461D460FCD0FC495E8070084E8C6
:108BD00007003B4600211846F0F7D1FE03460A4A3B
:108BE000136007F0D9FF07F06DFF40F6B830F0F7DB
:108BF0001EFF00BF3837BD46B0BD00BF44C10208EC
:108C0000E89F05206CC10208EC9F0520B0B58AB032
:108C100000AF7860FEF738FD02F00AFB02F06AFA56
:108C200002F09AFC42F21070F0F701FF0E4B07F1D0
:108C30000C041D460FCD0FC495E8070084E807001B
:108C400007F10C0300211846F0F799FE0346074A86
:108C500013604FF480710648E9F7C3FC4FF4FA70D3
:108C6000F0F7E5FE00BFF4E798C10208F09F052089
:108C70000010024080B582B000AF7860054B1B68E1
:108C8000002B02D00348EBF783FDC820EFF78EFBE3
:108C9000F4E700BFC4AC0520B0B5ACB000AF78605D
:108CA0005A4B07F194041D460FCD0FC495E80700F9
:108CB00084E8070007F1940300211846F0F75FFEEF
:108CC0000346534A1360534B07F178041D460FCDFA
:108CD0000FC495E8070084E8070007F17803002136
:108CE0001846F0F74CFE03464B4A13604B4B07F116
:108CF0005C041D460FCD0FC495E8070084E807000B
:108D000007F15C0300211846F0F739FE0346444A98
:108D10001360444B07F140041D460FCD0FC495E886
:108D2000070084E8070007F1400300211846F0F728
:108D300026FE03463C4A13603C4B07F124041D46C3
:108D40000FCD0FC495E8070084E8070007F124035E
:108D500000211846F0F713FE0346354A1360354BE1
:108D600007F108041D460FCD0FC495E8070084E8FD
:108D7000070007F1080300211846F0F700FE03463C
:108D80002D4A1360EAF752FA02462C4B1B68D31A9D
:108D90001A464FF482712A480DF0CAFBF1F7CAF95E
:108DA0000346194627480DF0C3FB234B1B68002BD5
:108DB00001D0254900E02549174B1B68002B01D045
:108DC000214A00E0214A124B1B68002B01D01E4BA8
:108DD00000E01E4B1E480DF0ABFBEAF727FA0246F7
:108DE000164B1B68D21A42F210731344194AA2FBA5
:108DF00003239B09184A136041F28830EFF7D6FA33
:108E000042F21070EFF7D2FAFAE700BF58C2020838
:108E1000F49F052084C20208F89F0520B0C2020812
:108E2000FC9F0520D8C2020800A0052004C3020848
:108E300004A0052030C3020808A00520E09F0520FB
:108E4000B4C10208D8C1020800C2020804C2020864
:108E50000CC20208D34D6210E49F052080B582B099
:108E600000AF3E4B1B6B3D4A43F4800313633B4B07
:108E70001B6B03F480037B607B68384B1B6B374AAA
:108E800043F400131363354B1B6B03F400133B6077
:108E90003B68002205210B20EAF7F7F80B20EAF7E0
:108EA00010F9002205210C20EAF7EFF80C20EAF770
:108EB00008F9002205210D20EAF7E7F80D20EAF76E
:108EC00000F9002205210E20EAF7DFF80E20EAF76C
:108ED000F8F8002205210F20EAF7D7F80F20EAF76B
:108EE000F0F8002205211020EAF7CFF81020EAF769
:108EF000E8F8002205211120EAF7C7F81120EAF767
:108F0000E0F8002205212F20EAF7BFF82F20EAF72A
:108F1000D8F8002205213920EAF7B7F83920EAF716
:108F2000D0F8002205213A20EAF7AFF83A20EAF714
:108F3000C8F8002205214520EAF7A7F84520EAF7FE
:108F4000C0F8002205214620EAF79FF84620EAF7FC
:108F5000B8F800BF0837BD4680BD00BF00380240EA
:108F600080B586B000AF3B1D00221A605A609A603F
:108F7000DA601A6100233B60244B254A1A60234BB8
:108F800000225A60214B7F229A60204BFF22DA6038
:108F90001E4B00221A611D4B00225A611B4B0022FE
:108FA0009A611A48EBF704FC0346002B01D0FFF747
:108FB000B9FC00233B7100237B710023BB710023AC
:108FC0003B6100237B613B1D012219460F48EBF7F3
:108FD00071FC0346002B01D0FFF7A4FC05233B7076
:108FE00009237B700123BB702623FB703B460122C3
:108FF00019460648EBF756FD0346002B01D0FFF754
:1090000091FC00BF1837BD4680BD00BFD4AC052021
:109010000028004080B5A6B000AF786007F10803D3
:109020009022002118460DF04CFC7B681B680E4A0C
:10903000934214D12023BB604FF40073BB6307F14C
:1090400008031846E8F7E0FC0346002B01D0FFF7C1
:1090500069FC064B1B6F054A43F40043136700BFCE
:109060009837BD4680BD00BF002800400038024050
:1090700080B500AF144B154A1A60134B4FF4E13220
:109080005A60114B00229A600F4B0022DA600E4B9F
:1090900000221A610C4B0C225A610B4B00229A6180
:1090A000094B0022DA61084B00221A62064B0022AB
:1090B0005A620548EBF7B9FE0346002B01D0FFF7D3
:1090C00031FC00BF80BD00BFF4AC0520004C004067
:1090D00080B500AF144B154A1A60134B4FF4E132C0
:1090E0005A60114B00229A600F4B0022DA600E4B3F
:1090F00000221A610C4B0C225A610B4B00229A6120
:10910000094B0022DA61084B00221A62064B00224A
:109110005A620548EBF789FE0346002B01D0FFF7A2
:1091200001FC00BF80BD00BF7CAD052000500040A9
:1091300080B500AF144B154A1A60134B4FF4E1325F
:109140005A60114B00229A600F4B0022DA600E4BDE
:1091500000221A610C4B0C225A610B4B00229A61BF
:10916000094B0022DA61084B00221A62064B0022EA
:109170005A620548EBF759FE0346002B01D0FFF772
:10918000D1FB00BF80BD00BF04AE052000780040C9
:1091900080B500AF144B154A1A60134B4FF4E132FF
:1091A0005A60114B00229A600F4B0022DA600E4B7E
:1091B00000221A610C4B0C225A610B4B00229A615F
:1091C000094B0022DA61084B00221A62064B00228A
:1091D0005A620548EBF729FE0346002B01D0FFF742
:1091E000A1FB00BF80BD00BF8CAE0520007C00400D
:1091F00080B500AF144B154A1A60134B4FF4E1329F
:109200005A60114B00229A600F4B0022DA600E4B1D
:1092100000221A610C4B0C225A610B4B00229A61FE
:10922000094B0022DA61084B00221A62064B002229
:109230005A620548EBF7F9FD0346002B01D0FFF712
:1092400071FB00BF80BD00BF14AF052000100140BE
:1092500080B500AF144B154A1A60134B4FF4E1323E
:109260005A60114B00229A600F4B0022DA600E4BBD
:1092700000221A610C4B0C225A610B4B00229A619E
:10928000094B0022DA61084B00221A62064B0022C9
:109290005A620548EBF7C9FD0346002B01D0FFF7E2
:1092A00041FB00BF80BD00BF9CAF052000440040D3
:1092B00080B500AF144B154A1A60134B4FF4E132DE
:1092C0005A60114B00229A600F4B0022DA600E4B5D
:1092D00000221A610C4B0C225A610B4B00229A613E
:1092E000094B0022DA61084B00221A62064B002269
:1092F0005A620548EBF799FD0346002B01D0FFF7B2
:1093000011FB00BF80BD00BF24B005200048004015
:1093100080B500AF144B154A1A60134B4FF4E1327D
:109320005A60114B00229A600F4B0022DA600E4BFC
:1093300000221A610C4B0C225A610B4B00229A61DD
:10934000094B0022DA61084B00221A62064B002208
:109350005A620548EBF769FD0346002B01D0FFF781
:10936000E1FA00BF80BD00BFACB005200014014091
:1093700080B5BCB000AF786007F1DC0300221A6052
:109380005A609A60DA601A6107F14C03902200215A
:1093900018460DF096FA7B681B68654A934240F0C8
:1093A000D7804FF40073FB640023C7F89C3007F1AB
:1093B0004C031846E8F728FB0346002B01D0FFF7C3
:1093C000B1FA5C4B1B6C5B4A43F400231364594BAA
:1093D0001B6C03F40023BB64BB6C564B1B6B554AE0
:1093E00043F001031363534B1B6B03F001037B64D6
:1093F0007B6C504B1B6B4F4A43F0040313634D4B84
:109400001B6B03F004033B643B6C4FF48053C7F8C1
:10941000DC300223C7F8E0300023C7F8E430032330
:10942000C7F8E8300623C7F8EC3007F1DC0319462B
:109430004148E8F711FF4FF40063C7F8DC3002231E
:10944000C7F8E0300023C7F8E4300323C7F8E8305A
:109450000823C7F8EC3007F1DC0319463748E8F772
:10946000FBFE374B374A1A60354B4FF000625A60AB
:10947000334B00229A60324B0022DA60304B4FF4BB
:1094800080621A612E4B00225A612D4B00229A6194
:109490002B4B4FF48072DA61294B00221A62284B61
:1094A00000225A622648E9F7B7F80346002B01D09C
:1094B000FFF738FA7B68224A5A67214A7B68936330
:1094C000214B224A1A60204B4FF000625A601E4B1B
:1094D00040229A601C4B0022DA601B4B4FF48062E2
:1094E0001A61194B00225A61174B00229A61164BE0
:1094F0000022DA61144B00221A62134B00225A62D6
:109500001148E9F789F80346002B01D0FFF70AFA62
:109510007B680D4A1A670C4A7B6893630022052119
:109520003420E9F7B2FD3420E9F7CBFD00F024BC8C
:10953000004C004000380240000002400008024099
:1095400034B105204060024094B1052070600240B3
:109550007B681B689E4A934240F0A4804FF480636E
:10956000FB640023C7F8A03007F14C031846E8F766
:109570004BFA0346002B01D0FFF7D4F9954B1B6C37
:10958000944A43F480131364924B1B6C03F48013CE
:10959000FB63FB6B8F4B1B6B8E4A43F00203136321
:1095A0008C4B1B6B03F00203BB63BB6B4FF440534C
:1095B000C7F8DC300223C7F8E0300023C7F8E430F6
:1095C0000323C7F8E8300823C7F8EC3007F1DC03C1
:1095D00019468148E8F740FE804B814A1A607F4B6C
:1095E0004FF000625A607D4B00229A607B4B002254
:1095F000DA607A4B4FF480621A61784B00225A612C
:10960000764B00229A61754B4FF48072DA61734B8E
:1096100000221A62714B00225A627048E8F7FCFF80
:109620000346002B01D0FFF77DF97B686B4A5A6730
:109630006A4A7B6893636B4B6B4A1A60694B4FF0C5
:1096400000625A60674B40229A60664B0022DA60E3
:10965000644B4FF480621A61624B00225A61614B85
:1096600000229A615F4B0022DA615E4B00221A628F
:109670005C4B00225A625B48E8F7CEFF0346002BA2
:1096800001D0FFF74FF97B68564A1A67554A7B6845
:109690009363002205213520E9F7F7FC3520E9F72F
:1096A00010FD69E37B681B68504A934245D14FF433
:1096B0008053FB640023C7F8A83007F14C03184619
:1096C000E8F7A2F90346002B01D0FFF72BF9414B35
:1096D0001B6C404A43F0804313643E4B1B6C03F009
:1096E00080437B637B6B3B4B1B6B3A4A43F020030D
:1096F0001363384B1B6B03F020033B633B6BC023AE
:10970000C7F8DC300223C7F8E0300023C7F8E430A4
:109710000323C7F8E8300823C7F8EC3007F1DC036F
:1097200019463348E8F798FD002205215220E9F751
:10973000ACFC5220E9F7C5FC1EE37B681B682D4A90
:1097400093425BD14FF40053FB640023C7F8AC3065
:1097500007F14C031846E8F757F90346002B01D0F0
:10976000FFF7E0F81B4B1B6C1A4A43F000431364ED
:10977000184B1B6C03F00043FB62FB6A154B1B6B21
:10978000144A43F010031363124B1B6B03F01003D6
:10979000BB62BB6A0323C7F8DC300223C7F8E030A2
:1097A0000023C7F8E4300323C7F8E8300823C7F8DC
:1097B000EC3007F1DC0319460F48E8F74DFD0022B5
:1097C00005215320E9F761FC5320E9F77AFCD3E245
:1097D000005000400038024000040240F4B105206F
:1097E0001060024054B20520B8600240007800408A
:1097F00000140240007C0040001002407B681B689F
:10980000A74A934240F0A3804023FB640023C7F89B
:10981000903007F14C031846E8F7F6F80346002BA2
:1098200001D0FFF77FF89F4B5B6C9E4A43F010031B
:1098300053649C4B5B6C03F010037B627B6A994B17
:109840001B6B984A43F002031363964B1B6B03F0A8
:1098500002033B623B6A4FF44043C7F8DC3002230B
:10986000C7F8E0300023C7F8E4300323C7F8E83036
:109870000423C7F8EC3007F1DC0319468A48E8F7FF
:10988000EBFC8A4B8A4A1A60884B4FF000625A60A0
:10989000864B00229A60854B0022DA60834B4FF49E
:1098A00080621A61814B00225A61804B00229A61CA
:1098B0007E4B4FF48072DA617C4B00221A627B4B44
:1098C00000225A627948E8F7A7FE0346002B01D030
:1098D000FFF728F87B68754A5A67744A7B68936378
:1098E000744B754A1A60734B4FF000625A60714BAB
:1098F00040229A606F4B0022DA606E4B4FF4806218
:109900001A616C4B00225A616A4B00229A61694BC2
:109910000022DA61674B00221A62664B00225A620B
:109920006448E8F779FE0346002B01D0FEF7FAFF02
:109930007B68604A1A675F4A7B689363002205214F
:109940002520E9F7A2FB2520E9F7BBFB14E27B68A1
:109950001B685A4A934240F0BD808023FB64002379
:10996000C7F8943007F14C031846E8F74DF8034662
:10997000002B01D0FEF7D6FF4A4B1B6C494A43F43B
:1099800000331364474B1B6C03F40033FB61FB692A
:10999000444B1B6B434A43F008031363414B1B6B5F
:1099A00003F00803BB61BB696023C7F8DC30022306
:1099B000C7F8E0300023C7F8E4300323C7F8E830E5
:1099C0000723C7F8EC3007F1DC0319463C48E8F7F9
:1099D00043FC3C4B3C4A1A603A4B4FF000625A60E1
:1099E000384B00229A60374B0022DA60354B4FF437
:1099F00080621A61334B00225A61324B00229A6115
:109A0000304B4FF48072DA612E4B00221A622D4BDC
:109A100000225A622B48E8F7FFFD0346002B01D0D5
:109A2000FEF780FF7B68274A5A67264A7B68936364
:109A3000264B274A1A60254B4FF000625A60234B91
:109A400040229A60214B0022DA60204B4FF4806262
:109A50001A611E4B00225A611C4B00229A611B4B5B
:109A60000022DA61194B00221A62184B00225A6256
:109A70001648E8F7D1FD0346002B01D0FEF752FF50
:109A80007B68124A1A67114A7B689363002205219A
:109A90002620E9F7FAFA2620E9F713FB6CE100BF6C
:109AA000001001400038024000040240B4B205201A
:109AB0004064024014B30520B864024000440040F2
:109AC000000C024074B3052088600240D4B3052026
:109AD000A06002407B681B68A94A934240F0A480C2
:109AE0004FF48073FB640023C7F8983007F14C03F0
:109AF0001846E7F789FF0346002B01D0FEF712FF57
:109B0000A04B1B6C9F4A43F4802313649D4B1B6C3A
:109B100003F480237B617B699A4B1B6B994A43F06A
:109B200002031363974B1B6B03F002033B613B691A
:109B30004FF44063C7F8DC300223C7F8E03000235D
:109B4000C7F8E4300323C7F8E8300723C7F8EC3040
:109B500007F1DC0319468C48E8F77EFB8B4B8C4AF7
:109B60001A608A4B4FF000625A60884B00229A605C
:109B7000864B0022DA60854B4FF480621A61834B7A
:109B800000225A61814B00229A61804B4FF480720F
:109B9000DA617E4B00221A627C4B00225A627B48BB
:109BA000E8F73AFD0346002B01D0FEF7BBFE7B68C9
:109BB000764A5A67754A7B689363764B764A1A6091
:109BC000744B4FF000625A60724B40229A60714BA6
:109BD0000022DA606F4B4FF480621A616D4B0022F5
:109BE0005A616C4B00229A616A4B0022DA61694B20
:109BF00000221A62674B00225A626648E8F70CFDA1
:109C00000346002B01D0FEF78DFE7B68614A1A6780
:109C1000604A7B689363002205212720E9F735FA23
:109C20002720E9F74EFAA7E07B681B685B4A93425E
:109C300040F0A2804FF40063FB640023C7F8A43017
:109C400007F14C031846E7F7DFFE0346002B01D06F
:109C5000FEF768FE4B4B5B6C4A4A43F020035364AB
:109C6000484B5B6C03F02003FB60FB68454B1B6BB0
:109C7000444A43F004031363424B1B6B03F0040399
:109C8000BB60BB68C023C7F8DC300223C7F8E030F4
:109C90000023C7F8E4300323C7F8E8300823C7F8E7
:109CA000EC3007F1DC0319463D48E8F7D5FA3D4BA7
:109CB0003D4A1A603B4B4FF020625A60394B0022FC
:109CC0009A60384B0022DA60364B4FF480621A619A
:109CD000344B00225A61334B00229A61314B4FF4CE
:109CE0008072DA612F4B00221A622E4B00225A62D8
:109CF0002C48E8F791FC0346002B01D0FEF712FE3A
:109D00007B68284A5A67274A7B689363274B284A0F
:109D10001A60264B4FF020625A60244B40229A6012
:109D2000224B0022DA60214B4FF480621A611F4BF4
:109D300000225A611D4B00229A611C4B0022DA61FD
:109D40001A4B00221A62194B00225A621748E8F790
:109D500063FC0346002B01D0FEF7E4FD7B68134A49
:109D60001A67124A7B689363002205214720E9F7AE
:109D70008CF94720E9F7A5F900BFF037BD4680BD53
:109D800000480040003802400004024034B405207E
:109D90002860024094B4052058600240001401403D
:109DA00000080240F4B405202864024054B50520A0
:109DB000A064024080B58EB000AF786000233B63A2
:109DC00073463B63EFF30883FB60FB687B633B6B8D
:109DD00003F00403002B04D0EFF30983BB60BB68DE
:109DE0007B637B6B1B68FB627B6B5B68BB627B6B23
:109DF0009B687B627B6BDB683B627B6B1B69FB61F7
:109E00007B6B5B69BB617B6B9B697B617B6BDB699C
:109E10003B61786805F0CAFF224805F0C7FF396B3F
:109E2000214805F0F3FFF96A204805F0EFFFB96A11
:109E30001F4805F0EBFF796A1E4805F0E7FF396A15
:109E40001D4805F0E3FFF9691C4805F0DFFFB9691B
:109E50001B4805F0DBFF79691A4805F0D7FF39691F
:109E6000194805F0D3FF194BDB6A1946184805F06D
:109E7000CDFF164B9B6A1946164805F0C7FF134BDA
:109E80005B6B1946144805F0C1FF104B9B6B1946DC
:109E9000124805F0BBFF124805F088FF00BF3837B5
:109EA000BD4680BDF4C602080CC7020814C70208EC
:109EB0001CC7020824C702082CC7020834C70208BE
:109EC0003CC7020844C702084CC7020800ED00E086
:109ED00054C702085CC7020864C702086CC70208BE
:109EE00074C7020880B400AF00BFFDE780B500AFC3
:109EF0000248FFF75FFF00BFFDE700BF84C702080D
:109F000080B500AF0248FFF755FF00BFFDE700BF77
:109F10009CC7020880B500AF0248FFF74BFF00BFA7
:109F2000FDE700BFB4C7020880B500AF0248FFF7E5
:109F300041FF00BFFDE700BFCCC7020880B400AFFF
:109F400000BFBD465DF8047B7047000080B500AFE0
:109F50000248E8F701FD00BF80BD00BFF4B1052055
:109F600080B500AF0248E8F7F7FC00BF80BD00BF36
:109F700034B4052080B500AF0248E8F7EDFC00BF1F
:109F800080BD00BF34B1052080B500AF0248E8F7BE
:109F9000E3FC00BF80BD00BF94B4052080B500AFD6
:109FA0000248E8F7D9FC00BF80BD00BF94B105208E
:109FB00080B500AF0248E8F7CFFC00BF80BD00BF0E
:109FC00074B3052080B500AF0248E8F7C5FC00BFB8
:109FD00080BD00BFD4B3052080B500AF0248EAF7CA
:109FE000FBFF00BF80BD00BF14AF052080B500AFF0
:109FF0000248EAF7F1FF00BF80BD00BF9CAF05201B
:10A0000080B500AF0248EAF7E7FF00BF80BD00BFA0
:10A0100024B0052080B500AF0248E8F79DFC00BFE2
:10A0200080BD00BF54B2052080B500AF0248EAF7FA
:10A03000D3FF00BF80BD00BFF4AC052080B500AFEA
:10A040000248EAF7C9FF00BF80BD00BF7CAD052014
:10A0500080B500AF0248E6F71FFE00BF80BD00BF1D
:10A06000B4B5052080B500AF0248E8F775FC00BF25
:10A0700080BD00BFF4B4052080B500AF0248E8F70A
:10A080006BFC00BF80BD00BFB4B2052080B500AF3F
:10A090000248E9F795FC00BF80BD00BFD49E0520B3
:10A0A00080B500AF0248E8F757FC00BF80BD00BF95
:10A0B00054B5052080B500AF0248E8F74DFC00BF5D
:10A0C00080BD00BF14B3052080B500AF0248EAF799
:10A0D00083FF00BF80BD00BFACB0052080B500AFDE
:10A0E0000248EAF779FF00BF80BD00BF04AE05203B
:10A0F00080B500AF0248EAF76FFF00BF80BD00BF28
:10A100008CAE052080B582B000AF114B1B6C104A9D
:10A1100043F0805313640E4B1B6C03F080537B6041
:10A120007B680B4B5B6C0A4A43F480435364084BD7
:10A130005B6C03F480433B603B6800220F216FF0AF
:10A140000100E8F7A2FF00BF0837BD4680BD00BF91
:10A150000038024080B58EB000AF78600023FB620B
:10A160000023BB62334B1B6C324A43F02003136461
:10A17000304B1B6C03F02003FB60FB6807F11002FF
:10A1800007F1140311461846E7F70CFC3B6AFB6223
:10A19000FB6A002B03D1E7F7DDFB786304E0E7F708
:10A1A000D9FB03465B007B637B6B234AA2FB032343
:10A1B0009B0C013BBB62214B214A1A601F4B40F2B2
:10A1C000E732DA601D4ABB6A53601C4B00221A61F9
:10A1D0001A4B00229A60194B00229A611748E6F741
:10A1E00081FC034687F8333097F83330002B1BD1BE
:10A1F0001248E6F7D9FC034687F8333097F8333036
:10A20000002B11D13720E8F75CFF7B680F2B08D8B3
:10A21000002279683720E8F738FF0A4A7B68136024
:10A2200002E0012387F8333097F833301846383787
:10A23000BD4680BD0038024083DE1B43B4B5052017
:10A24000001400400400022080B487B000AF7860A2
:10A25000144A154BD31A7B617B693B61134B1B6816
:10A26000002B02D1114B124A1A60104B1A687B68FE
:10A2700013443A699A4205D20E4B0C221A604FF0F1
:10A28000FF3309E0094B1B68FB60084B1A687B68C9
:10A290001344064A1360FB6818461C37BD465DF838
:10A2A000047B7047000008200010000000B6052065
:10A2B000E0DC052018DA042080B582B000AF7860B9
:10A2C000EEF78EFD0346012B1ED0114B1B68002BB1
:10A2D0000ED1F0F703F90E4B1B68002B06D10D4988
:10A2E0000420ECF7AEFE0346094A1360F0F72CF9A0
:10A2F000074B1B68002B08D0054B1B684FF0FF3144
:10A300001846ECF7F0FE00E000BF0837BD4680BD00
:10A3100004B6052008B6052080B582B000AF78608D
:10A32000064B1B68002B04D0044B1B681846ECF747
:10A33000A3FE00BF0837BD4680BD00BF04B60520A0
:10A3400080B400AF01231846BD465DF8047B70471A
:10A3500080B483B000AF78603960054B16221A6074
:10A360004FF0FF3318460C37BD465DF8047B70474D
:10A3700018DA042080B582B000AF78604FF0FF316A
:10A380007868FFF7E5FF00BFFDE780B586B000AF56
:10A39000F860B9607A6000237B610AE0AFF3008067
:10A3A0000146BB685A1CBA60CAB21A707B69013395
:10A3B0007B617A697B689A42F0DB7B6818461837C4
:10A3C000BD4680BD80B483B000AF78604FF0FF33EE
:10A3D00018460C37BD465DF8047B704780B483B0E7
:10A3E00000AF786039603B684FF400525A60002338
:10A3F00018460C37BD465DF8047B704780B483B0C7
:10A4000000AF7860012318460C37BD465DF8047B29
:10A41000704780B485B000AFF860B9607A600023FF
:10A4200018461437BD465DF8047B7047DFF834D01A
:10A43000E6F746FB0C480D490D4A002302E0D458CC
:10A44000C4500433C4188C42F9D30A4A0A4C00237E
:10A4500001E013600432A242FBD30DF037F9FEF79E
:10A4600081F970470000082000000220D009022076
:10A47000340D0308D00902209CDB0520FEE7000014
:10A4800080B500AF002208490848EAF7ADFA00227B
:10A4900007490648EAF78AFB064B9B6A9AB2064BC5
:10A4A0001A8000BF80BD00BF5CB60520D4AC05207B
:10A4B00070B605200028004074B605202DE9B04F85
:10A4C00090B000AFC7E90201D7E902014FF47A72F8
:10A4D0004FF00003E6F770F802460B461346FB63A5
:10A4E000D7E902014FF47A724FF00003E6F764F8FF
:10A4F00013467B870023FB6207F1180300221A60D2
:10A500005A609A60DA601A61FB6B00223B607A60E5
:10A51000D7E90023C7E9042307F1100318460CF01C
:10A520000BFA78637B6B002B66D07B6B5B69DBB2CD
:10A53000643BDBB287F82F307B6B1B69DBB20133E6
:10A54000DBB287F82D307B6BDB68DBB287F82E300F
:10A550007B6B9B68DBB20833DBB23B767B6B5B6863
:10A56000DBB27B767B6B1B68DBB2BB7607F12C031F
:10A57000002219462348EAF795FA07F1180300224A
:10A5800019462048EAF796F97B8F002298469146B3
:10A59000404649464FF000024FF000034FEA0923BE
:10A5A00043EA18634FEA0822841A61EB0305164B4D
:10A5B00014EB030A45F1000B4FF47A724FF00003DD
:10A5C00050465946E5F7F8FF02460B4613467B8690
:10A5D0000C48EAF7F9FB0B4B1B68CA225A62094B7D
:10A5E0001B6853225A62074B1B687A8E9A62054B8E
:10A5F0001B68FF225A6200E000BF4037BD46BDE83D
:10A60000B08F00BFD4AC052018E4030080B582B041
:10A6100000AF00F011F8C7E90001D7E900014FF4DD
:10A620007A724FF00003E5F7C7FF02460B4610466B
:10A6300019460837BD4680BD2DE9B04F96B000AF32
:10A64000FFF71EFF5B4BDB786433FB63594B5B7892
:10A65000013BBB63574B9B787B63574B1B78083B95
:10A660003B63554B5B78FB62534B9B78BB6207F1B6
:10A67000280318460CF03EFBC7E91401D7E9142360
:10A68000B3F1FF3F08BFB2F1FF3F06D14FF0000327
:10A690004FF00004C7E9083483E0484B1B889BB2A5
:10A6A00000229A469346504659464FF000024FF01A
:10A6B00000034FEA4B1343EADA634FEA4A12841A63
:10A6C00061EB03054FF000024FF00003AB0043EADB
:10A6D0009473A20014461D46B4EB0A03BB6065EBFD
:10A6E0000B03FB604FF000024FF00003D7E9024577
:10A6F0002946CB00214643EA51732146CA0030491E
:10A700005118B96143F10003FB614FF0FF024FF0B4
:10A710000003D7E90601E5F74FFF02460B46134653
:10A72000A7F84E30D7E9140102460B464FF000045B
:10A730004FF000055D0145EAD265540122462B46E3
:10A74000B2EB000863EB01094FF000024FF0000389
:10A750004FEA890343EA98734FEA88029046994684
:10A7600018EB00033B6049EB01037B604FF00002F4
:10A770004FF00003D7E900452946CB00214643EAC4
:10A7800051732146CA00B7F84E1000203961786134
:10A79000D7E90445214651183962294643EB0101A6
:10A7A0007962D7E90823104619465837BD46BDE8F7
:10A7B000B08F00BF70B605205CB6052074B60520CA
:10A7C00018E4030080B483B000AF786039607A6821
:10A7D0003B6862FA03F318460C37BD465DF8047B0C
:10A7E00070470000B0B5CEB000AF07F59C73A3F57D
:10A7F0009A73186007F59C73A3F59C731960002386
:10A80000C7F814310023C7F810313FE007F59C73F7
:10A81000A3F59C731A68D7F8103113441B781A06F5
:10A82000D7F81031013307F59C71A1F59C710968C7
:10A830000B441B781B041A43D7F81031023307F579
:10A840009C71A1F59C7109680B441B781B02134392
:10A85000D7F81021033207F59C71A1F59C710968A6
:10A860000A44127843EA020107F59C73A3F5987332
:10A87000D7F8142143F82210D7F814310133C7F860
:10A880001431D7F810310433C7F81031D7F8143128
:10A890000F2BBBD977E0D7F814319A1E07F59C73BC
:10A8A000A3F5987353F8223011211846FFF78AFF59
:10A8B0000446D7F814319A1E07F59C73A3F59873D4
:10A8C00053F8223013211846FFF77CFF034684EA31
:10A8D0000302D7F81431991E07F59C73A3F59873FA
:10A8E00053F821309B0A5A40D7F81431D91F07F585
:10A8F0009C73A3F5987353F82130D418D7F814310A
:10A90000A3F10F0207F59C73A3F5987353F8223057
:10A9100007211846FFF756FF0546D7F81431A3F173
:10A920000F0207F59C73A3F5987353F82230122198
:10A930001846FFF747FF034685EA0302D7F81431AC
:10A94000A3F10F0107F59C73A3F5987353F8213019
:10A95000DB085340E218D7F81431A3F1100107F5D2
:10A960009C73A3F5987353F82130D11807F59C73A5
:10A97000A3F59873D7F8142143F82210D7F81431AF
:10A980000133C7F81431D7F814313F2B83D907F5B9
:10A990009C73A3F59A731B689B68C7F8343107F55D
:10A9A0009C73A3F59A731B68DB68C7F8303107F511
:10A9B0009C73A3F59A731B681B69C7F82C3107F5C4
:10A9C0009C73A3F59A731B685B69C7F8283107F578
:10A9D0009C73A3F59A731B689B69C7F8243107F52C
:10A9E0009C73A3F59A731B68DB69C7F8203107F5E0
:10A9F0009C73A3F59A731B681B6AC7F81C3107F593
:10AA00009C73A3F59A731B685B6AC7F8183100231F
:10AA1000C7F8143185E00621D7F82401FFF7D2FEEC
:10AA200004460B21D7F82401FFF7CCFE03465C4017
:10AA30001921D7F82401FFF7C5FE034684EA030273
:10AA4000D7F818311A44D7F82011D7F81C315940DB
:10AA5000D7F824311940D7F81C314B401A447249B9
:10AA6000D7F8143151F823301A4407F59C73A3F535
:10AA70009873D7F8141153F821301344C7F80C31E8
:10AA80000221D7F83401FFF79DFE04460D21D7F8C7
:10AA90003401FFF797FE03465C401621D7F83401D6
:10AAA000FFF790FE034684EA0302D7F83411D7F883
:10AAB00030311940D7F83401D7F830311843D7F87E
:10AAC0002C3103400B431344C7F80831D7F81C312D
:10AAD000C7F81831D7F82031C7F81C31D7F824311E
:10AAE000C7F82031D7F82821D7F80C311344C7F81C
:10AAF0002431D7F82C31C7F82831D7F83031C7F8CE
:10AB00002C31D7F83431C7F83031D7F80C21D7F8C9
:10AB100008311344C7F83431D7F814310133C7F87A
:10AB20001431D7F814313F2B7FF675AF07F59C73BE
:10AB3000A3F59A731B689A68D7F834311A4407F55D
:10AB40009C73A3F59A731B689A6007F59C73A3F531
:10AB50009A731B68DA68D7F830311A4407F59C738A
:10AB6000A3F59A731B68DA6007F59C73A3F59A73D3
:10AB70001B681A69D7F82C311A4407F59C73A3F5A2
:10AB80009A731B681A6107F59C73A3F59A731B6887
:10AB90005A69D7F828311A4407F59C73A3F59A73BC
:10ABA0001B685A6107F59C73A3F59A731B689A6931
:10ABB000D7F824311A4407F59C73A3F59A731B68E0
:10ABC0009A6107F59C73A3F59A731B68DA69D7F845
:10ABD00020311A4407F59C73A3F59A731B68DA6158
:10ABE00007F59C73A3F59A731B681A6AD7F81C3192
:10ABF0001A4407F59C73A3F59A731B681A6207F54C
:10AC00009C73A3F59A731B685A6AD7F818311A44D3
:10AC100007F59C73A3F59A731B685A6200BF07F58A
:10AC20009C77BD46B0BD00BF4CEB020880B483B03A
:10AC300000AF786079684FF000024FF00003C1E97F
:10AC400000237B680E4A9A607B680E4ADA607B6854
:10AC50000D4A1A617B680D4A5A617B680C4A9A61F9
:10AC60007B680C4ADA617B680B4A1A627B680B4A84
:10AC70005A6200BF0C37BD465DF8047B704700BFC9
:10AC800067E6096A85AE67BB72F36E3C3AF54FA57D
:10AC90007F520E518C68059BABD9831F19CDE05BA9
:10ACA00080B584B000AF786039607B68D3E9002359
:10ACB000134603F03F03FB60FB685A1CFA607A6896
:10ACC0001344802283F82820FB68382B13D97B6833
:10ACD00003F12802FB68D018FB68C3F140031A4651
:10ACE00000210BF0EEFD0023FB607B682833194642
:10ACF0007868FFF777FD7B6803F12802FB68D018BE
:10AD0000FB68C3F138031A4600210BF0DAFD7B68BB
:10AD1000D3E900014FF000024FF00003CB0043EAFB
:10AD20005073C2007968C1E900237B68D3E9000150
:10AD30004FF000024FF000030A0E0023D2B27B68EE
:10AD400083F860207B68D3E900014FF000024FF0E8
:10AD500000030A0C0023D2B27B6883F861207B6871
:10AD6000D3E900014FF000024FF000030A0A00236C
:10AD7000D2B27B6883F862207B68D3E900014FF090
:10AD800000024FF000030A000023D2B27B6883F870
:10AD900063207B68D3E900014FF000024FF000030D
:10ADA000020E42EA01220B0ED2B27B6883F86420C5
:10ADB0007B68D3E900014FF000024FF00003020C62
:10ADC00042EA01420B0CD2B27B6883F865207B68B3
:10ADD000D3E900014FF000024FF00003020A42EAFB
:10ADE00001620B0AD2B27B6883F866207B68D3E9E4
:10ADF0000023D2B27B6883F867207B68283319462A
:10AE00007868FFF7EFFC0023BB6035E07B68BA6829
:10AE1000023253F822301A0EBB689B0019463B6879
:10AE20000B44D2B21A707B68BA68023253F82230EF
:10AE3000190CBB689B0001333A681344CAB21A70FC
:10AE40007B68BA68023253F82230190ABB689B004B
:10AE500002333A681344CAB21A707B68BA68023285
:10AE600053F82210BB689B0003333A681344CAB2FC
:10AE70001A70BB680133BB60BB68072BC6D9786802
:10AE8000FFF7D4FE00BF1037BD4680BD2DE9B043AB
:10AE900086B000AFF860B9607A60BB687B61FB6820
:10AEA000D3E90023134603F03F033B61FB68D3E97A
:10AEB0000023796800200C46054612EB040843EB9A
:10AEC0000509FB68C3E900893B69002B37D07A6824
:10AED0003B6913443F2B0AD8FB6803F128023B6906
:10AEE00013447A68796918460CF021FC31E0FB685C
:10AEF00003F128023B69D0183B69C3F140031A46AD
:10AF000079690CF014FC3A697B681344403B7B6020
:10AF10003B69C3F140037A6913447B61FB682833C2
:10AF20001946F868FFF75EFC09E07969F868FFF7F1
:10AF300059FC7B68403B7B607B6940337B617B686D
:10AF40003F2BF2D8FB6828337A68796918460CF0F1
:10AF5000EEFB1837BD46BDE8B08380B586B000AFC4
:10AF6000F860B9607A60FB6880333B617B68402B96
:10AF700010D8FB687A68B96818460CF0D8FBFA68F4
:10AF80007B68D0187B68C3F140031A4600210BF0A0
:10AF900098FC13E03869FFF749FE7A68B9683869A8
:10AFA000FFF774FFFB6819463869FFF779FEFB6805
:10AFB00020332022002118460BF083FC00237B6104
:10AFC0000EE0FA687B6913441B7883F05C03D9B206
:10AFD000FA687B6913440A461A707B6901337B6106
:10AFE0007B693F2BEDD93869FFF720FEFB684022D3
:10AFF00019463869FFF74AFFFB6803F160003B69B7
:10B000000833202219460CF092FB00237B610EE0EE
:10B01000FA687B6913441B7883F06A03D9B2FA6833
:10B020007B6913440A461A707B6901337B617B6933
:10B030003F2BEDD93869FFF7F9FDFB68402219462F
:10B040003869FFF723FFFB6803F140003B690833D1
:10B05000202219460CF06BFB00BF1837BD4680BD9F
:10B0600080B584B000AFF860B9607A60FB68803367
:10B070007A68B9681846FFF709FF00BF1037BD4668
:10B0800080BD80B584B000AF786039607B68803364
:10B09000FB603968F868FFF703FEFB6803F10800FE
:10B0A0007B686033202219460CF041FBF9684FF0B1
:10B0B00040024FF00003C1E9002320223968F868FC
:10B0C000FFF7E4FE3968F868FFF7EAFDFB6803F173
:10B0D00008007B684033202219460CF028FBF968F1
:10B0E0004FF040024FF00003C1E9002300BF1037CA
:10B0F000BD4680BD2DE9F04192B00AAF0023FB7739
:10B100000FE0FA7F304B13441A46FB7F1278D2B21D
:10B11000103307F110010B4403F8102CFB7F0133AF
:10B12000FB77FB7F0B2BECD97B7D1D463B7DFA7CAF
:10B13000B97C787C3C7C049403900291019200934A
:10B140002B46224A182122480BF062FA2049214856
:10B150000CF0E5FA3B7C9E467B7C9846BB7CFB6012
:10B16000FA7C397D787DBC7DFD7D3E7E97F819C0E7
:10B17000C7F808C097F81AC0C7F804C097F81BC0F2
:10B18000634609937B680893BB6807930696059509
:10B190000494039002910192FB6800934346724627
:10B1A0005E210D480BF0C4F9094A60210B480BF0F1
:10B1B000BFF9084A61210A480BF0BAF900BF2037ED
:10B1C000BD46BDE8F08100BF20F4F01FE4C70208CF
:10B1D000D0CE0520E8CE052000C8020858C80208D5
:10B1E00080C8020880B582B000AF7860796800201E
:10B1F000FBF764FEFBF7CCFD00BF0837BD4680BD02
:10B2000080B584B000AF3B46102219460648FAF7D5
:10B21000A5FB3B461A46882104480BF089F900BF7C
:10B220001037BD4680BD00BF70DA0420A8C80208F0
:10B2300080B582B000AF05F0FDFC0346FB7197F9C5
:10B240000730002B09DA97F907301A46932108488E
:10B250000BF06EF94FF0FF3306E0962105480BF036
:10B2600067F900F017F9002318460837BD4680BD7E
:10B27000C0C80208F8C8020880B59AB000AF78606C
:10B2800007F11C034422002118460BF01AFB07F1BA
:10B2900008037B66194BFB6107F11C0304333F2253
:10B2A000796818460BF034FB002387F85F307B6E1B
:10B2B00007F11C021A607B6E44225A60EFF70EF908
:10B2C0007A6E0F490F4807F0ACFD034687F86330EC
:10B2D000EFF73AF997F86330002B07D097F863300F
:10B2E0001A46BF2108480BF023F904E07A68C4210C
:10B2F00006480BF01DF96837BD4680BD54424552E3
:10B30000A0C90208A4D60520ACC90208ECC90208ED
:10B3100080B59AB000AF7860396007F11C03442211
:10B32000002118460BF0CDFA07F108037B667B6E0F
:10B3300007F11C021A607B6E44225A607A6E1A4929
:10B340001A4806F026FE38663B6E002B09D1DC2138
:10B3500017480BF0EDF81449144807F0B7FC002328
:10B360001DE0FB69134A934209D0E42112480BF017
:10B37000DFF80D490D4807F0A9FC00230FE03B68FA
:10B380005A1E07F11C030433194678680BF0C0FA03
:10B390003B68013B7A68134400221A700123184667
:10B3A0006837BD4680BD00BFA0C90208A4D60520ED
:10B3B00020CA02085442455268CA020880B500AF4C
:10B3C0000449054807F082FCF62104480BF0B0F868
:10B3D00000BF80BDA0C90208A4D605209CCA0208EF
:10B3E00080B483B000AF03460A46FB711346BB71BD
:10B3F000FB79002B02D0FB79082B01D9022308E04E
:10B40000BB79002B04D0BB79012B01D0012300E0D4
:10B41000002318460C37BD465DF8047B70470000DA
:10B4200080B483B000AF0346FB71FB79002B02D0E0
:10B43000FB79082B01D9002302E0FB79034AD35C96
:10B4400018460C37BD465DF8047B704778C605206A
:10B4500080B586B000AF3B467B617B69094A1A60C4
:10B460007B6909225A607A690749084807F0D9FCC4
:10B470004FF4937106480BF05BF800BF1837BD46D8
:10B4800080BD00BF78C60520C8CA0208A4D6052022
:10B49000D8CA020880B588B000AF3B1DFB61FB69CC
:10B4A0000E4A1A60FB6909225A60FA690C490D4874
:10B4B00006F06FFDB861BB69092B05D140F233116D
:10B4C00009480BF035F804E00922002103480BF08D
:10B4D000F8F900BF2037BD4680BD00BF78C6052003
:10B4E000C8CA0208A4D6052008CB020880B592B0CD
:10B4F00000AF3B464022002118460BF0E2F93B46E4
:10B5000040211846FFF704FF034687F8473097F8B5
:10B510004730002B16D0E7F789FE03460B4AA2FB03
:10B5200003239B093B643A463B6C0949002003F026
:10B5300031FB3A463B6C40F2471106480AF0F8FFEF
:10B54000FFF73CFF00BF4837BD4680BDD34D6210BA
:10B550003CCB02084CCB020880B58CB000AF07F1A1
:10B560001403FB6211220021AB480BF0AAF9FB6A1D
:10B57000A94A1A60FB6A11225A60FA6AA749A848C8
:10B5800006F007FDB862BB6A112B40F06381A24B45
:10B590001B7C012B40F05E819F4B1B781A069E4B53
:10B5A0005B781B041A439C4B9B781B0213439A4AFB
:10B5B000D27813431A06984B1B781906964B5B7882
:10B5C0001B041943944B9B781B020B439249C97887
:10B5D0000B431B0203F47F031A438F4B1B7819069E
:10B5E0008D4B5B781B0419438B4B9B781B020B43E1
:10B5F0008949C9780B431B0A03F47F431A43864BDE
:10B600001B781906844B5B781B041943824B9B788B
:10B610001B020B438049C9780B431B0E13433B614C
:10B620007D4B1B791A067C4B5B791B041A437A4BC2
:10B630009B791B021343784AD27913431A06764B3F
:10B640001B791906744B5B791B041943724B9B7968
:10B650001B020B437049C9790B431B0203F47F03A0
:10B660001A436D4B1B7919066B4B5B791B0419430D
:10B67000694B9B791B020B436749C9790B431B0A32
:10B6800003F47F431A43644B1B791906624B5B79C1
:10B690001B041943604B9B791B020B435E49C9791C
:10B6A0000B431B0E1343FB605B4B1B7A1A065A4B72
:10B6B0005B7A1B041A43584B9B7A1B021343564A6E
:10B6C000D27A13431A06544B1B7A1906524B5B7AF3
:10B6D0001B041943504B9B7A1B020B434E49C97AFA
:10B6E0000B431B0203F47F031A434B4B1B7A1906CF
:10B6F000494B5B7A1B041943474B9B7A1B020B4354
:10B700004549C97A0B431B0A03F47F431A43424B52
:10B710001B7A1906404B5B7A1B0419433E4B9B7AFC
:10B720001B020B433C49C97A0B431B0E1343BB60FE
:10B73000394B1B7B1A06384B5B7B1B041A43364B79
:10B740009B7B1B021343344AD27B13431A06324BB2
:10B750001B7B1906304B5B7B1B0419432E4B9B7BD9
:10B760001B020B432C49C97B0B431B0203F47F03D1
:10B770001A43294B1B7B1906274B5B7B1B04194380
:10B78000254B9B7B1B020B432349C97B0B431B0AA5
:10B7900003F47F431A43204B1B7B19061E4B5B7B34
:10B7A0001B0419431C4B9B7B1B020B431A49C97B8F
:10B7B0000B431B0E13437B6007F1080307F10C02D8
:10B7C00007F110011748EFF7BFF8174A0021154895
:10B7D000EFF7ECF8002215491248EFF7E7F80022DE
:10B7E00013491048EFF7E2F80E4B93F8313043F06D
:10B7F0000203DAB20B4B83F831200E4A7B681360E8
:10B800000D4B01221A7040F277110C480AF090FE9D
:10B810000B4B1B78002B15E0BCCE052088CB020813
:10B82000A4D605206CDA0420293C01080DBE0008CE
:10B8300035BD0008B8CE0520A0CE052090CB02086B
:10B84000AACE052026D11648FFF7CCFC154B0122C5
:10B850001A701FE0144A00211448EFF7A7F8144BA0
:10B8600000221A704FF4C17112480AF061FE124BA7
:10B870003B600C4B1B78002B0DD13B461846FFF765
:10B88000B1FC084B01221A7040F289110B480AF0F2
:10B890004FFE00E000BF00BF3037BD4680BD00BF97
:10B8A000B8CE0520AACE0520C13A01086CDA0420E2
:10B8B000A0CE0520D8CB0208C0A8000A14CC0208EC
:10B8C00080B586B000AF0C4B01221A743B467B61F9
:10B8D0007B69094A1A607B6911225A607A690749B3
:10B8E000074807F09EFA40F29B1106480AF020FE36
:10B8F00000BF1837BD4680BDBCCE052088CB0208EE
:10B90000A4D6052038CC020880B500AF0D4B1B78BB
:10B91000DBB2002B05D14FF4D2710B480AF008FEC0
:10B920000FE00A494FF000024FF00003C1E9002385
:10B93000FBF7B4FA0346002B01D0FBF77DFAFBF7C7
:10B9400027FA80BDA0CE052084CC0208B0CE052009
:10B95000F0B591B006AFC7E902017A607B807B68E1
:10B96000002B02D07B88152B06D87B68002B48D093
:10B970007B6800221A7044E0D7E902014FF47A7222
:10B980004FF00003E4F718FE02460B46C7E9082310
:10B99000D7E902014FF47A724FF00003E4F70CFE8E
:10B9A0001346FB61D7E90823C7E9042307F1100315
:10B9B00018460AF0C1FFB861BB69002B03D17B6850
:10B9C00000221A701EE07E88BB695B6903F26C7C02
:10B9D000BB691B690133BA69D268B9698968B869FA
:10B9E0004068BC692468FD69059504940390029140
:10B9F000019200936346054A314678680AF008FED2
:10BA000000E000BF2C37BD46F0BD00BFACCC020843
:10BA100080B500AF154B1B68002B24D0134B1B685F
:10BA20004FF0FF311846EBF75EFB114B1B68002B04
:10BA300013D00F4B1B68002200211846F7F7C6FEF3
:10BA40000B4B1B681846F7F7E1FE094B00221A6002
:10BA500040F2D71107480AF06BFD044B1B681846EB
:10BA6000EBF70AFB00E000BF80BD00BF74D60520E5
:10BA700094CE0520D0CC020880B582B000AFFFF78D
:10BA8000C7FF3E4B1B684FF0FF311846EBF72BFB0F
:10BA90003B4B93F8313043F00203DAB2384B83F872
:10BAA0003120F7F7F5FE78607B68002B0CD14FF45E
:10BAB000F47134480AF03CFD304B1B681846EBF734
:10BAC000DBFA4FF0FF3355E04CF250322E497868E4
:10BAD000F7F7F4FD0346FB7097F90330002B12D003
:10BAE00097F903301A464FF4F87128480AF020FD00
:10BAF0007868F7F78BFE214B1B681846EBF7BCFA0A
:10BB00004FF0FF3336E07B685B7A43F02003DAB214
:10BB10007B685A721A4B93F8313043F00203DAB261
:10BB2000174B83F83120002219497868F7F74EFE49
:10BB3000184A7B6813607B685B8A1A464FF4FE7173
:10BB400015480AF0F5FC7B685B7A03F02003002BB4
:10BB500001D0124A00E0124A094B93F8313040F20A
:10BB6000FD1110480AF0E4FC044B1B681846EBF783
:10BB700083FA002318460837BD4680BD74D60520D9
:10BB80006CDA0420F4CC020830EB020828CD02085D
:10BB9000B1D1010894CE05204CCD020878CD020821
:10BBA0007CCD020880CD020880B5ADF5C06D00AF38
:10BBB00007F5C063A3F2FC53186007F5C063A3F256
:10BBC000F45300221A608F4A07F5C063A3F5BE63E1
:10BBD00012681A6007F5C063A3F5BE631B68002BEB
:10BBE00020D0894B93F831309B0803F00103DBB27E
:10BBF000002B17D007F5C063A3F2F45307F5C0621A
:10BC0000A2F5BE6212681A6000BFFFF7F9FA40F2AF
:10BC100023217E480AF08CFCFFF72EFF0346002B01
:10BC200030D109E040F21F2179480AF081FC4FF43D
:10BC30007A70EDF7FCFEC6E740F6B830EDF7F7FE98
:10BC4000714B93F831309B0803F00103DBB2002BFA
:10BC500012D0704B1B684FF0FF311846EBF743FAD8
:10BC60006D4B1B680021184600F0A2F9694B1B6858
:10BC70001846EBF701FA0AE040F2322167480AF071
:10BC800057FC04E040F2372165480AF051FC654B4F
:10BC90001B6807F1140164221846EBF719FD0346EF
:10BCA000012B24D15C4B1B68002B05D140F25321A2
:10BCB0005D480AF03DFCA3E0564B1B684FF0FF3196
:10BCC0001846EBF710FA07F5C063A3F2EC53B3F88C
:10BCD000E42507F1140303F5BC6107F114031846CA
:10BCE00000F0CCFB4B4B1B681846EBF7C5F9454AF7
:10BCF00007F5C063A3F5BF6312681A6007F5C06358
:10BD0000A3F5BF631A6807F5C063A3F2F4531B6879
:10BD10009A4214BF01230023DBB287F8FE3507F5F2
:10BD2000C063A3F5BF631B68002B14BF012300236E
:10BD3000DBB287F8FD35002387F8FF3597F8FE352D
:10BD4000002B13D040F2632138480AF0F1FB0123A5
:10BD500087F8FF3507F5C063A3F2F45307F5C06217
:10BD6000A2F5BF6212681A60FFF74AFA97F8FD352C
:10BD7000002B06D1FFF74CFE4FF47A70EDF757FE1B
:10BD80003EE097F8FF35002B81D0FFF741FE4FF4DE
:10BD90004870EDF74CFEFFF76FFE0346002B25D1F0
:10BDA00040F6B830EDF743FE174B93F831309B085F
:10BDB00003F00103DBB2002B12D0164B1B684FF0CF
:10BDC000FF311846EBF78FF9134B1B68002118461B
:10BDD00000F0EEF80F4B1B681846EBF74DF956E7ED
:10BDE00040F281210D480AF0A3FB50E740F2862182
:10BDF0000F480AF09DFB4FF4FA60EDF718FE00BF04
:10BE000045E700BF70DA04206CDA0420D8CD0208C0
:10BE1000B0CD020874D6052094CE05200CCE0208C1
:10BE20003CCE020898D605206CCE0208A0CE0208AF
:10BE3000D0CE020880B58CB000AFC7E902017A60AD
:10BE40003B603B68002B58D03B68012B03D17B68DB
:10BE500000221A7052E00023FB62D7E90223134349
:10BE600008D1FB6A5A1CFA621A467B6813443022D6
:10BE70001A703CE00023BB621DE0D7E902014FF0DD
:10BE80000A024FF00003E4F797FBD2B2BB6A591CD9
:10BE9000B9623032D2B230333B4403F8202CD7E9B8
:10BEA00002014FF00A024FF00003E4F785FB02465F
:10BEB0000B46C7E90223D7E902231343DDD10EE085
:10BEC000BB6A013BBB62FB6A5A1CFA621A467B687A
:10BED000134407F11001BA6A0A4412781A70BB6A57
:10BEE000002B04DD3B68013BFA6A9A42E8DBFB6AFF
:10BEF0007A68134400221A7000E000BF3037BD4654
:10BF000080BD80B58CB000AFC7E902017A60002324
:10BF1000FB62D7E90223134308D1FB6A5A1CFA6279
:10BF20001A467B68134430221A7037E00023BB6244
:10BF30001DE0D7E902014FF00A024FF00003E4F7D9
:10BF40003BFBD2B2BB6A591CB9623032D2B2303339
:10BF50003B4403F8202CD7E902014FF00A024FF0CE
:10BF60000003E4F729FB02460B46C7E90223D7E9A1
:10BF700002231343DDD10EE0BB6A013BBB62FB6AC7
:10BF80005A1CFA621A467B68134407F11001BA6A18
:10BF90000A4412781A70BB6A002BEDDCFB6A7A68DF
:10BFA000134400221A7000BF3037BD4680BD000028
:10BFB000F0B5EDB00AAF07F5C473A3F5C27318600E
:10BFC0000A4607F5C473A3F5C3731A80454B1B6873
:10BFD0004FF0FF311846EBF786F807F5C473A3F569
:10BFE000C2731B68002B05D13E4B1B681846EBF74C
:10BFF00043F806E23C4B93F8313003F00103002B89
:10C000000AD140F2CF2139480AF092FA354B1B6829
:10C010001846EBF731F8F4E1334B93F8313043F045
:10C020000203DAB2304B83F8312009F051FCC7F833
:10C030007C01FEF7EBFAC7E95C0107F59E7320224D
:10C04000002118460AF03DFC294BC7F86C31D7F89F
:10C050006C311B781E46D7F86C3101331B781A46B9
:10C06000D7F86C3102331B781946D7F86C3103339B
:10C070001B781C46D7F86C3104331B781D46D7F863
:10C080006C3105331B7807F59E7004930395029479
:10C09000019100923346174A20210AF0B9FA4FF471
:10C0A0000072002114480AF00CFC07F5927300227C
:10C0B0001A605A609A60DA601A611A7507F592730D
:10C0C0001A46D7E95C01FFF71CFF0C4B1B78DBB26B
:10C0D000002B17D00A4BC7F884310123C7F88031F1
:10C0E00016E000BF74D605206CDA042004CF0208E5
:10C0F00096DA04203CCF020878BA0520A0CE0520AD
:10C100005CCF0208C14BC7F884310023C7F88031E7
:10C11000BF4B01221A60BF48F9F710FC07F5C47342
:10C12000A3F5C3731B88BA4A1268BB49089107F587
:10C1300092710791B949069105920493B84B039304
:10C1400007F59E730293D7F884310193B54B0093A2
:10C150000346B54A40F2FF11B4480AF059FA07F510
:10C1600082732022002118460AF0ABFB07F1180366
:10C170002022AF491846FEF7F0FEAC48E4F7F4FB86
:10C18000024607F11803A9491846FEF769FF07F5AB
:10C19000827207F1180311461846FEF772FF07F581
:10C1A000C473A3F5BE7300221A605A601A7297F81E
:10C1B00004311C4697F8053197F8062197F80711C6
:10C1C00007F10C000291019200932346994A09213C
:10C1D0000AF01EFA904809F063FB03461A46964996
:10C1E000D7F87C0109F000FB07F59E73184609F0AB
:10C1F00057FB03461A469149D7F87C0109F0F4FA37
:10C20000864809F04DFB03461A468D49D7F87C0154
:10C2100009F0EAFA824809F043FB03461A468949C5
:10C22000D7F87C0109F0E0FA7E4809F039FB0346B3
:10C230001A468549D7F87C0109F0D6FA7548F9F70E
:10C240007DFB0346184609F02BFB03461A467F493F
:10C25000D7F87C0109F0C8FAD7F8800109F0E8FAAC
:10C2600003461A467A49D7F87C0109F0BDFA07F56A
:10C27000C473A3F5C3731B8807EE903AB8EE677BCF
:10C28000B0EE470B09F0ECFA03461A467149D7F8AD
:10C290007C0109F0A9FAD7E95C01E4F757F90246F5
:10C2A0000B4643EC102B09F0DBFA03461A466A49A9
:10C2B000D7F87C0109F098FA554B1B6807EE903AC5
:10C2C000B8EE677BB0EE470B09F0CAFA03461A4690
:10C2D0006249D7F87C0109F087FA07F10C03184688
:10C2E00009F0DEFA03461A465D49D7F87C0109F0E9
:10C2F0007BFAD7F87C0108F021FBC7F86801D7F872
:10C300006831002B74D0D7F8682140F217315548B6
:10C310000AF00EF9D7F86801E4F726FB0346A7F800
:10C320006631B7F866310133A7F86431B7F8643184
:10C330004FF4C17219463620EFF7CCFEC7F8600102
:10C34000B7F86431B3F5B86F12D940F21D314648E1
:10C350000AF0EEF8D7F8680107F0E8FAD7F87C01A0
:10C3600007F0C8FB414B1B681846EAF785FE48E01A
:10C37000D7F86031002B2DD0D7F860315B68B7F863
:10C380006621D7F8681118460BF0D1F9D7F860315B
:10C390005A68B7F8663113440A221A7007F5C47355
:10C3A000A3F5C2704CF25033314AD7F860110068DF
:10C3B000F6F7CEFF034687F85F3197F95F311A46EB
:10C3C00040F22B312B480AF0B3F8D7F86001F0F7B0
:10C3D00065F904E040F2313127480AF0A9F8D7F8AE
:10C3E000680107F0A3FA0A4B1B680133084A13607F
:10C3F000D7F87C0107F07EFB1C4B1B681846EAF758
:10C400003BFE07F5C677BD46F0BD00BF64CF02080E
:10C410004800022070DA0420ECCF0208D0CE0520BC
:10C42000FCCF02080CD002086CCF020878BA0520B5
:10C4300014D0020838D002084CD0020854D00208A8
:10C4400058D002085CD0020864D0020874D00208F8
:10C450007CD0020888D0020890D0020894D002084C
:10C4600098D00208A0D00208C0D0020874D60520D7
:10C4700034EB0208E8D0020818D102082DE9F04F89
:10C48000ADF52B7D0AAF07F52073A3F5197318607E
:10C4900007F52073A3F51A73196007F52073A3F24B
:10C4A0006A231A8007F52073A3F519731A6840F2FE
:10C4B0003F31BB480AF03CF807F52073A3F5197328
:10C4C000186808F02DFAC7F87C02D7F87C32002BE8
:10C4D00000F05B86B349D7F87C0209F031F9C7F860
:10C4E0007802D7F87832002B05D1D7F87C0207F014
:10C4F00001FB00F04BBED7F878321B69AA491846F9
:10C50000E4F728FA0346002B40F03C83A749D7F80C
:10C510007C0209F015F9C7F83802A549D7F87C0262
:10C5200009F00EF9C7F83402A249D7F87C0209F0E5
:10C5300007F9C7F83002A049D7F87C0209F000F9E2
:10C54000C7F82C029D49D7F87C0209F0F9F8C7F822
:10C550002802D7F83832002B00F00586D7F8383299
:10C56000DB68042B40F0FF85D7F83432002B00F055
:10C57000FC85D7F83432DB68042B40F0F685D7F819
:10C580003032002B00F0F385D7F83032DB68032B14
:10C5900040F0ED85D7F82C32002B00F0EA85D7F873
:10C5A0002C32DB68032B40F0E485D7F82832002BCF
:10C5B00000F0E185D7F82832DB68042B40F0DB85FA
:10C5C000D7F838321B697E491846E4F7C3F90346A9
:10C5D000002B40F0D285FEF719F8C7E98801D7E9AA
:10C5E0008845D7F83032D3E9062310461946E3F7D9
:10C5F000FBFF02460B46A11AB96065EB0303FB6023
:10C60000D7E90223002B07DA00215042386061EBA2
:10C6100003037B60D7E90023C7E98623D7E9862394
:10C620003D2A73F1000304DB4FF45871654809F0AB
:10C630007FFFD7F82C3293ED067BFCEEC77B17EE1D
:10C64000903AC7F81432604B1B68D7F814229A420C
:10C6500004D140F266315D4809F06AFF5A4AD7F8C2
:10C66000143213604FF40072002159480AF029F97E
:10C6700007F52073A3F5CC7300221A605A609A6004
:10C68000DA601A611A75D7F83032D3E906231046FA
:10C690001946E3F7C1FF02460B46C7E9822307F1BB
:10C6A000E8031A46D7E98201FFF72BFCD7F83832A6
:10C6B0001969D7F834321B693B4A039207F1E80243
:10C6C0000292D7F81422019200930B46414A40F29D
:10C6D000FF113F4809F09CFF07F52073A3F517737E
:10C6E000184620231A4600210AF0EBF807F580735C
:10C6F000202239491846FEF730FC3548E4F734F972
:10C70000024607F5807332491846FEF7A9FC07F187
:10C71000240207F5807311461846FEF7B2FC07F5B0
:10C720002073A3F5D27300221A605A601A7207F5BB
:10C730002073A3F517731B781C4607F52073A3F528
:10C7400017735B781A4607F52073A3F517739B7868
:10C75000194607F52073A3F51773DB7807F1DC00A2
:10C7600002930191009223461C4A092109F050FFCF
:10C77000D7F828321B6907F1DC0211461846E4F7A6
:10C78000E9F80346002B2DD0D7F828321B6907F1B2
:10C79000DC024FF46271124809F0CAFE00F0F0BCEE
:10C7A00044D102084CD0020864D1020878D10208B2
:10C7B00080D1020890D0020894D0020898D00208D4
:10C7C0008CD1020898D1020898CE0520C0D1020869
:10C7D00078B60520F4D1020814D0020838D0020837
:10C7E00038D2020809F074F8C7F80402CA4BC7F837
:10C7F0000032D7F800321B781E46D7F800320133DA
:10C800001B781A46D7F8003202331B781946D7F83E
:10C81000003203331B781C46D7F8003204331B78F0
:10C820001D46D7F8003205331B7807F14400049306
:10C8300003950294019100923346B84A202109F0F1
:10C84000E7FEB74809F02CF803461A46B549D7F871
:10C85000040208F0C9FF07F14403184609F020F864
:10C8600003461A46B049D7F8040208F0BDFFAF48A6
:10C8700009F016F803461A46AD49D7F8040208F045
:10C88000B3FFAC4809F00CF803461A46AA49D7F89A
:10C89000040208F0A9FFA94809F002F803461A4665
:10C8A000A749D7F8040208F09FFFA648F9F746F811
:10C8B0000346184608F0F4FF03461A46A249D7F883
:10C8C000040208F091FFFDF7A1FEC7E97E01D7E958
:10C8D0007E01E3F73BFE02460B4643EC102B08F0CB
:10C8E000BFFF03461A469949D7F8040208F07CFFB7
:10C8F000974B1B6807EE903AB8EE677BB0EE470B9C
:10C9000008F0AEFF03461A469249D7F8040208F031
:10C910006BFF4FF4007200218F4809F0D2FF07F53A
:10C920002073A3F5DE7300221A605A609A60DA6001
:10C930001A611A7507F1C4031A46D7E97E01FFF799
:10C94000E0FA8048F8F7FAFF0146814B1B68744A09
:10C95000069207F1C4020592744A04920393754B40
:10C96000029307F144030193744B00930B467B4AF7
:10C9700040F2FF11784809F04BFE07F52073A3F54C
:10C980000773184620231A46002109F09AFF07F57D
:10C990008073202272491846FEF7DFFA6E48E3F7EB
:10C9A000E3FF024607F580736B491846FEF758FB14
:10C9B00007F1640207F5807311461846FEF761FB24
:10C9C00007F52073A3F5E47300221A605A601A7207
:10C9D00007F52073A3F507731B781C4607F5207332
:10C9E000A3F507735B781A4607F52073A3F5077361
:10C9F0009B78194607F52073A3F50773DB7807F1D9
:10CA0000B8000293019100922346564A092109F089
:10CA1000FFFD07F1B8031A464FF46F71524809F051
:10CA200087FD07F1B803184608F03AFF03461A4697
:10CA30004E49D7F8040208F0D7FED7F8040207F0F1
:10CA40007DFFC7F8F401D7F8F431002B5FD0D7F899
:10CA5000F42140F2C331464809F06AFDD7F8F401E9
:10CA6000E3F782FF0346A7F8F231B7F8F23101335A
:10CA7000A7F8F0313F4B1B684FF0FF311846EAF73B
:10CA800032FBB7F8F0314FF4C17219463620EFF798
:10CA900021FBC7F8EC01D7F8EC31002B29D0D7F8EF
:10CAA000EC315B68B7F8F221D7F8F41118460AF0B8
:10CAB0003EFED7F8EC315A68B7F8F23113440A2237
:10CAC0001A702D4B18684CF250332C4AD7F8EC11E1
:10CAD000F6F73EFC034687F8EB3197F9EB311A463F
:10CAE00040F2CF31264809F023FDD7F8EC01EFF7EB
:10CAF000D5FD204B1B681846EAF7BEFAD7F8F401BB
:10CB000006F014FF124B1B680133114A1360D7F86B
:10CB1000040206F0EFFF33E396DA04203CCF02086C
:10CB200074D202084CD0020854D00208D0CE05209E
:10CB300058D00208FCCF02085CD002080CD00208D2
:10CB400064D0020870DA042074D0020890D0020881
:10CB50004800022094D0020878B8052088D2020844
:10CB600014D0020838D00208ECD2020898D002088B
:10CB7000A0D0020874D6052094CE052034EB02081C
:10CB80001CD30208D7F878321B6965491846E3F7C9
:10CB9000E1FE0346002B40F0F2826249D7F87C02A6
:10CBA00008F0CEFDC7F874025F49D7F87C0208F0A0
:10CBB000C7FDC7F870025D49D7F87C0208F0C0FDD8
:10CBC000C7F86C025A49D7F87C0208F0B9FDC7F8DB
:10CBD00068025849D7F87C0208F0B2FDC7F8640231
:10CBE0005549D7F87C0208F0ABFDC7F860025349FD
:10CBF000D7F87C0208F0A4FDC7F85C025049D7F8CA
:10CC00007C0208F09DFDC7F858024E49D7F87C0217
:10CC100008F096FDC7F854024B49D7F87C0208F09B
:10CC20008FFDC7F85002D7F87432002B23D0D7F805
:10CC30007032002B1FD0D7F86C32002B1BD0D7F8E6
:10CC40006832002B17D0D7F86432002B13D0D7F8F6
:10CC50006032002B0FD0D7F85C32002B0BD0D7F806
:10CC60005832002B07D0D7F85432002B03D0D7F816
:10CC70005032002B05D140F2EA31344809F058FC1B
:10CC80007EE207F52073A3F50F73184620231A469A
:10CC9000002109F016FE2E4B93F82A301E462C4B2D
:10CCA00093F82B301A462A4B93F82C301946284B10
:10CCB00093F82D301C46264B93F82E301D46244BFE
:10CCC00093F82F3007F144000493039502940191E7
:10CCD000009233461F4A202109F09AFCD7F874329B
:10CCE0001B6907F1440211461846E3F733FE034679
:10CCF000002B05D040F2F531174809F019FC3FE24E
:10CD0000D7F870321B6915491846E3F723FE03462E
:10CD1000002B27D040F2FB31114809F009FC2FE22B
:10CD20003CD3020848D3020854D3020860D3020857
:10CD300064D302086CD3020874D302087CD30208BF
:10CD400090D0020894D0020898D0020888D3020834
:10CD50006CDA04203CCF0208B4D30208D0CE052000
:10CD6000E4D30208FDF752FCC7E99201D7E99245E6
:10CD7000D7F85832D3E9062310461946E3F734FCB6
:10CD800002460B46B4EB020A65EB030B52465B46C8
:10CD9000002B06DA0021D2F1000861EB03094246BC
:10CDA0004B46C7E99023D7E990233D2A73F100034E
:10CDB00004DB40F20341B54809F0BAFBD7F854321E
:10CDC00093ED067BFCEEC77B17EE903AC7F83C323A
:10CDD000AF4B1B68D7F83C229A4204D140F20A417B
:10CDE000AC4809F0A5FBAA4AD7F83C3213604FF4CF
:10CDF00000720021A84809F064FD07F52073A3F52F
:10CE0000F07300221A605A609A60DA601A611A752B
:10CE1000D7F85832D3E9062310461946E3F7FCFB4E
:10CE200007F1A0031A46FFF76CF8D7F864321B69C4
:10CE3000BB60D7F860321B69D7F85C221269D7F85B
:10CE40006C120969D7F868020069D7F8744224693E
:10CE5000D7F870522D69914E089607F1A0060796F3
:10CE600006950594D7F83C420494039002910192F0
:10CE70000093BB688A4A40F2FF11874809F0C8FB5B
:10CE800007F52073A3F50773184620231A460021DF
:10CE900009F017FD07F58073202282491846FEF736
:10CEA0005CF87D48E3F760FD024607F580737A4938
:10CEB0001846FEF7D5F807F1640207F580731146AE
:10CEC0001846FEF7DEF807F52073A3F5F673002287
:10CED0001A605A601A7207F52073A3F507731B785E
:10CEE0001C4607F52073A3F507735B781A4607F510
:10CEF0002073A3F507739B78194607F52073A3F5F4
:10CF00000773DB7807F194000293019100922346A6
:10CF1000654A092109F07CFBD7F850321B6907F1FB
:10CF2000940211461846E3F715FD0346002B0AD07C
:10CF3000D7F850321B6907F1940240F231415B4847
:10CF400009F0F6FA1CE1D7F86C321B6907F1900280
:10CF500011461846F8F7C8FBD7F868321B6907F185
:10CF60008C0211461846F8F7BFFBD7F864321B69EC
:10CF700007F1880211461846F8F7B6FBD7F8603279
:10CF80001B6907F1840211461846F8F7ADFB4848C3
:10CF9000F9F758FC07F1900319464648EEF7B8FD3B
:10CFA00007F18C0319464348EEF7FAFD07F18803B1
:10CFB00019464048EEF73CFE3F4A07F52073A3F5BB
:10CFC000FE731B6813603D4B01221A7007F5207336
:10CFD000A3F5F8731B683A4A136007F52073A3F5AD
:10CFE000FA731B68364A536007F52073A3F5FC7388
:10CFF0001B68334A936007F52073A3F5FE731B6823
:10D000002F4AD360FEF75CFC2A48F6F70DFE29484C
:10D01000EEF7FCFE2748EEF78DFE2548F9F721FCD8
:10D02000244B93F8313043F00203DAB2214B83F8FA
:10D030003120244B1B68002B11D040F25241224872
:10D0400009F076FA214B01221A70E6F7EFF8024652
:10D050001F4B13441F4A13601F4B01221A704FF4D9
:10D060008B611E4809F064FAFEF7CAF84FF4967017
:10D07000ECF7DDFC1A4B1B78002B33D10E48FEF782
:10D08000B1F8174B01221A703BE000BF98D102089B
:10D0900098CE0520C0D1020878B605203CD30208FE
:10D0A0000CD4020814D0020838D0020838D2020882
:10D0B000189E03206CDA0420B8CE0520A0CE0520EF
:10D0C000BCCE052090CE052098D40208CDCE0520F8
:10D0D00078ECFFFFA4CE0520A8CE0520C8D4020816
:10D0E000AACE0520F9F7A8FE2B48FEF77BF82A48C0
:10D0F000F8F724FC03461A4640F26541274809F038
:10D1000017FA274B1B68002B27D0FEF781FC4FF442
:10D11000FA70ECF78CFCFEF7AFFC0346002B16D13F
:10D1200040F6B830ECF783FC1D4B1B684FF0FF3125
:10D130001846E9F7D8FF1B4B1B6802211846FEF77B
:10D1400037FF174B1B681846E9F796FF18E040F2C7
:10D150007541154809F0ECF912E040F27A411348A4
:10D1600009F0E6F90CE000BF0AE000BF08E000BFEC
:10D1700006E000BF04E000BF02E000BF00E000BF27
:10D18000D7F87C0206F0B6FC00E000BF07F5217777
:10D19000BD46BDE8F08F00BFB8CE052008D5020817
:10D1A00074D6052094CE052038D502086CD5020827
:10D1B00090B5ADF20C6D00AF07F5C164A4F2FC545C
:10D1C000206007F5C160A0F5C060016007F5C1618E
:10D1D000A1F204610A6007F5C162A2F5C1621360A1
:10D1E00007F5C163A3F204631B68002B6ED03A4BB2
:10D1F0001B68002B07D107F5C163A3F2046318680D
:10D20000EFF74CFA63E007F5C163A3F204631B6810
:10D210001B89A7F80636B7F8063640F2DB52934270
:10D2200028BF1346A7F80436B7F8042607F11401FF
:10D2300007F5C163A3F2046000230068EFF734FC34
:10D24000B7F8043607F5C162A2F2F4520021D154B6
:10D2500007F5C163A3F2F453B7F80426A3F8DC255D
:10D2600007F5C163A3F5C1631B68C7F8003607F56E
:10D27000C163A3F2F453D7F800261268C3F8E0257F
:10D2800007F5C163A3F2F453B7F81826A3F8E42511
:10D29000114B186807F1140100230022E9F7D2FFAF
:10D2A000C7F8FC05D7F8FC35012B07D0B7F80436D2
:10D2B0001A4640F29F41094809F03AF907F5C1635F
:10D2C000A3F204631868EFF7E9F900E000BF07F282
:10D2D0000C67BD4690BD00BF98D605209CD50208BE
:10D2E00080B584B000AF3B48F9F7ACFA3A4B1B6805
:10D2F0004FF0FF311846E9F7F6FE0346012B03D045
:10D300003448F9F7AEFA61E0344B1B68002B28D0A3
:10D31000324B1B68BB60314B00221A60304B00223D
:10D320001A70B868EFF762FF0346FB7197F9073090
:10D33000002B0BD0B868F0F743F897F907301A467E
:10D3400040F2CA41274809F0F3F804E040F2CE4128
:10D35000254809F0EDF840F2D141244809F0E8F8F9
:10D3600000E000BF224B00221A701B4B1B681846BE
:10D37000E9F782FE1748F9F774FA0023FB600BE027
:10D380003B68002B08D03B681846ECF773FEFB683F
:10D390000133FB6000233B60164B1B6839460022BB
:10D3A0001846EAF795F90346012BE9D0FB68002BF4
:10D3B00003D10A4B1B68002B05D0FA684FF49D611E
:10D3C0000D4809F0B5F81420EAF7F0FF1037BD4614
:10D3D00080BD00BF189E032078D6052090CE052082
:10D3E000A9CE0520D0D5020808D6020830D60208FA
:10D3F000CDCE05209CD6052054D6020890B58DB020
:10D4000004AF78604FF4FA63FB6141F28833BB618B
:10D41000874B93F831309B0803F00103DBB2002BFC
:10D4200001D0012300E00023FB75824B1B78FA7DBD
:10D430009A4220D07F4AFB7D1370FB7D002B0CD1DC
:10D4400040F206517C4809F073F87C4B1B68002BB6
:10D4500011D07B4B01221A700DE040F20E51794839
:10D4600009F066F8784B00221A60784B00221A60A7
:10D47000774B01221A70724B1B78DBB2002B0AD05B
:10D48000FFF72EFFE5F7D2FE0346704A13606420D3
:10D49000ECF7CDFACAE06F4B1B78DBB2002B0CD156
:10D4A000694B00221A60694B00221A60FFF718FFCF
:10D4B0004FF4FA70ECF7BBFAB8E0FB7D002B03D118
:10D4C000C820ECF7B4FAB1E05C4B1B68002B40F0CD
:10D4D000AA805D4B1B68002B09D1E5F7A7FE034628
:10D4E000594A1360E5F7A2FE0346584A1360E5F770
:10D4F0009DFE3861544B1B683A69D31AFA699A4207
:10D500000BD8524B1B683A69D31ABA699A4208D9A8
:10D510004F4B1B78DBB2002B03D16420ECF787FA6A
:10D5200084E04B4B00221A704B48F9F78BF9434BC0
:10D530001B68002B03D04848F9F793F976E0F0F721
:10D5400083FFF860FB68002B5CD0FB68434AC3F89C
:10D550009020FB685B7A43F00803DAB2FB685A72EA
:10D56000FB6842F21072C3F89420FB6840F6B832B0
:10D57000C3F89820FB680522C3F89C20384B1B7821
:10D580001846384B1B781C46374B1B781A46374BCE
:10D590001B7819464CF25A330293019100922346AC
:10D5A00002464FF4AE61324808F0C2FF314B4CF2F4
:10D5B0005A322B49F868EFF7FFFF0346FB7297F9E1
:10D5C0000B30002B17D0F868EFF7FAFE0023FB6052
:10D5D000294B00221A701C4B00221A60E5F726FE28
:10D5E00003461A4A13601C48F9F73BF940F2DC5035
:10D5F000ECF71DFA17E0114AFB6813601648F9F7BB
:10D6000030F910E040F28A511C4808F091FFE5F72C
:10D610000DFE03460D4A13600F48F9F722F94FF447
:10D62000FA60ECF704FA0A20ECF701FAF0E600BF22
:10D630006CDA04204C00022080D6020890CE05202F
:10D64000CDCE0520B0D6020804CF0520A4CE0520FB
:10D65000A8CE0520A0CE0520189E032081D6010863
:10D66000B8CE0520B9CE0520BACE0520BBCE052008
:10D67000DCD60208C9D60108A9CE05201CD70208AD
:10D6800080B582B000AF78600B46FB700A4B012278
:10D690001A700A4B00221A60094B00221A7097F97F
:10D6A00003301A4640F2A151064808F041FF00BF7E
:10D6B0000837BD4680BD00BFCDCE052090CE0520E9
:10D6C000A9CE05204CD7020880B584B000AFF86021
:10D6D000B9601346FB7197F90730002B2BD02E4B06
:10D6E0001B680A211846E9F7FEFC0346012B17D1F7
:10D6F000BB68002B0FD0294B1B68BA689A420AD12D
:10D70000264B00221A60264B00221A70E5F78EFD88
:10D710000346244A1360204B1B681846E9F7ACFC0B
:10D72000214B01221A704FF4B761204808F000FF26
:10D7300097F907302BE0194ABB681360184B012298
:10D740001A7040F2C1511A4808F0F2FEBB685B8BB8
:10D7500043F040039AB2BB685A831649B868F0F7A1
:10D760007BFE00F09FFD144B1B78002B02D1134B66
:10D7700001221A70114B1B78012B07D1FDF7B6FE61
:10D780000E4B00221A700C4B01221A70002318460F
:10D790001037BD4680BD00BF78D6052090CE05204D
:10D7A000A9CE0520A4CE0520CDCE05207CD7020829
:10D7B000ACD70208C1D7010801CF052000CF052052
:10D7C00080B586B000AFF860B9607A60FB7097F9F9
:10D7D0000330002B02D17B68002B0BD1184B0122A8
:10D7E0001A70184B00221A60174B00221A706FF043
:10D7F0000E0321E04FF400620021144809F061F8A3
:10D800007B681B8940F2FF72934228BF1346FB825C
:10D81000FA8A00230D497868EFF746F90B49B86892
:10D8200000F016F87B681B891946B868EFF72EFEE2
:10D830007868EEF733FF002318461837BD4680BDE1
:10D84000CDCE052090CE0520A9CE052090C605207E
:10D850002DE9B043ADF5067D06AF07F50073A3F5DE
:10D86000FA73186007F50073A3F5FC7319600023C1
:10D87000C7F8FC310023C7F8F83107F50073A3F5AA
:10D88000D673184644231A46002109F01AF80023DB
:10D89000C7F8F4310023C7F8F031002387F8EF31DF
:10D8A000002387F8EE31002387F8ED31002387F855
:10D8B000EC31002387F8EB3107F50073A3F5FC7317
:10D8C0001A6840F25961D14808F032FE07F500733A
:10D8D000A3F5FC73186807F023F8C7F8E401D7F83C
:10D8E000E431002B00F0D584C949D7F8E40107F0F2
:10D8F00027FFC7F8E001C749D7F8E40107F020FF88
:10D90000C7F8DC01C449D7F8E40107F019FFC7F8EC
:10D91000D801C249D7F8E40107F012FFC7F8D401D3
:10D92000BF49D7F8E40107F00BFFC7F8D001D7F8DB
:10D93000E031002B00F05C84D7F8E031DB68042B89
:10D9400040F05684D7F8DC31002B00F05384D7F830
:10D95000DC31DB68042B40F04D84D7F8D831002B44
:10D9600000F04A84D7F8D831DB68032B40F04484B8
:10D97000D7F8D431002B00F04184D7F8D431DB68DC
:10D98000032B40F03B84D7F8D031002B00F03884D3
:10D99000D7F8D031DB68042B40F03284D7F8DC3183
:10D9A0001B69A0491846E2F7D5FF0346002B06D0B5
:10D9B00040F26B619C4808F0BBFD00F050BCD7F80A
:10D9C000D83193ED067BFCEEC77B17EE903AC7F893
:10D9D000CC31D7F8D431D3E9062310461946E2F703
:10D9E0001BFE02460B46C7E97023FCF70FFEC7E992
:10D9F0006E01D7E96E01D7E97023B0EB020861EB45
:10DA0000030942464B46002B05DA0021544261EBE4
:10DA1000030522462B46C7E96C23D7E96C233D2A30
:10DA200073F1000304DB40F27661804808F080FD6A
:10DA30007F4B1B68D7F8CC219A4204D140F27C611D
:10DA40007C4808F075FD7A4AD7F8CC31136007F5A9
:10DA50000073A3F5E27300221A605A609A60DA60DC
:10DA60001A611A7507F13C031A46D7E97001FEF7EF
:10DA700048FA4FF4006200216F4808F022FFD7F8FF
:10DA8000E0311B696D491846E2F764FF0346002B3D
:10DA900040F0DA806A49D7F8E40107F051FEC7F890
:10DAA00090016849D7F8E40107F04AFEC7F88C01F5
:10DAB000D7F89031002B11D0D7F89031DB68032BC9
:10DAC0000CD1D7F8903193ED067BFCEEC77B17EEB7
:10DAD000902A07F50073A3F5D6731A60D7F88C3136
:10DAE000002B15D0D7F88C31DB68042B10D1D7F878
:10DAF0008C31196907F1540304333F22184608F0AA
:10DB000007FF07F50073A3F5D673002283F84320BF
:10DB100007F0DEFEC7F8F801D7F8F831002B00F067
:10DB20007183D7F89031002B18D0D7F89031DB688B
:10DB3000032B13D107F50073A3F5D6731B6807EE0B
:10DB4000903AB8EE677BB0EE470B07F089FE0346CC
:10DB50001A463B49D7F8F80107F046FE314807F06E
:10DB60009FFE03461A462B49D7F8F80107F03CFE02
:10DB7000D7F88C31002B11D0D7F88C31DB68042B0F
:10DB80000CD107F154030433184607F089FE03460D
:10DB90001A462C49D7F8F80107F026FED7F8CC3101
:10DBA00007EE903AB8EE677BB0EE470B07F058FEF1
:10DBB00003461A461849D7F8F80107F015FED7E9C9
:10DBC0007001E2F7C3FC02460B4643EC102B07F052
:10DBD00047FE03461A461149D7F8F80107F004FE3C
:10DBE000164807F05DFE03461A460949D7F8F801C2
:10DBF00007F0FAFDD7F8F80106F0A0FEC7F8FC011F
:10DC0000D7F8FC31002B40F0738128E3D0D702080D
:10DC10004CD00208F0D7020894D0020890D0020835
:10DC200098D00208E8CE0520FCD7020898D1020857
:10DC30009CCE0520C0D1020878BE052028D8020855
:10DC400038D8020888D00208D7F8E0311B697B4930
:10DC50001846E2F77FFE0346002B50D17849D7F8EB
:10DC6000E40107F06DFDC7F898017649D7F8E401A3
:10DC700007F066FDC7F89401D7F89831002B0DD056
:10DC8000D7F89831DB68032B08D1D7F89431002BF3
:10DC900004D0D7F89431DB68032B05D04FF4D7615B
:10DCA000694808F045FCDAE2D7F8983193ED067B35
:10DCB000FCEEC77B17EE903AC7F8F431D7F89431F1
:10DCC00093ED067BFCEEC77B17EE903AC7F8F03178
:10DCD00007F13C030393D7F8CC310293D7F8F43122
:10DCE0000193D7F8F0310093584B594A4FF4006133
:10DCF000584808F08DFC574BC7F8FC31F8E0D7F8CE
:10DD0000E0311B6954491846E2F724FE0346002B14
:10DD100052D15249D7F8E40107F012FDC7F8A0012B
:10DD20004F49D7F8E40107F00BFDC7F89C01D7F87D
:10DD3000A031002B0DD0D7F8A031DB68032B08D120
:10DD4000D7F89C31002B04D0D7F89C31DB68032B2B
:10DD500005D040F2D361434808F0EAFB7FE2D7F8F0
:10DD6000A03193ED067BFCEEC77BC7ED017A3B79D2
:10DD700087F8EF31D7F89C3193ED067BFCEEC77B3B
:10DD8000C7ED017A3B7987F8EE3197F8EF3197F8D4
:10DD9000EE2107F13C0103910292D7F8CC210192C8
:10DDA00000932A4B304A4FF400612A4808F030FCB7
:10DDB000284BC7F8FC319BE0D7F8E0311B692B49B1
:10DDC0001846E2F7C7FD0346002B40F04382234983
:10DDD000D7F8E40107F0B4FCC7F8AC012449D7F840
:10DDE000E40107F0ADFCC7F8A8012249D7F8E40127
:10DDF00007F0A6FCC7F8A401D7F8AC31002B16D069
:10DE0000D7F8AC31DB68032B11D1D7F8A831002B40
:10DE10000DD0D7F8A831DB68032B08D1D7F8A4318F
:10DE2000002B04D0D7F8A431DB68032B26D040F2B6
:10DE3000EF61114808F07CFB11E200BF40D80208F6
:10DE400050D8020858D8020864D80208E8CE052045
:10DE500090D8020878BE0520ECD80208FCD8020849
:10DE600008D9020810D902083CD9020898D902083A
:10DE7000A8D90208B0D90208BCD90208D7F8AC3139
:10DE800093ED067BFCEEC77BC7ED017A3B7987F803
:10DE9000ED31D7F8A83193ED067BFCEEC77BC7EDDB
:10DEA000017A3B7987F8EC31D7F8A43193ED067B02
:10DEB000FCEEC77BC7ED017A3B7987F8EB3197F829
:10DEC000EC3197F8EB2197F8ED1107F13C00049045
:10DED000D7F8CC010390029101920093CA4BCB4A30
:10DEE0004FF40061CA4808F093FBC94BC7F8FC31F6
:10DEF000D7F8FC31002B00F0AF81D7F8FC311B784C
:10DF0000002B00F0A98107F50073A3F5F273184602
:10DF100020231A46002108F0D4FC07F50073A3F56E
:10DF2000F87300221A605A601A7207F198032022CF
:10DF3000B8491846FDF711F8D7F8FC01E2F714FDCF
:10DF4000024607F19803D7F8FC111846FDF788F848
:10DF500007F11C0207F1980311461846FDF791F8E6
:10DF600007F50073A3F5F2731B781C4607F50073E1
:10DF7000A3F5F2735B781A4607F50073A3F5F27305
:10DF80009B78194607F50073A3F5F273DB7807F168
:10DF9000100002930191009223469F4A092108F044
:10DFA00037FBD7F8D0311B6907F11002114618462C
:10DFB000E2F7D0FC0346002B0AD0D7F8D0311B691A
:10DFC00007F1100240F21571944808F0B1FA46E1E9
:10DFD000D7F8E0311B6992491846E2F7BBFC0346CB
:10DFE000002B0FD18F4B186807F15401002300223A
:10DFF000E9F728F90346012B04D040F222718A4840
:10E0000008F096FAD7F8E0311B6988491846E2F71C
:10E01000A1FC0346002B16D1D7F8F011D7F8F40174
:10E0200002F09CFCC7F88801D7F88831002B05D195
:10E030003C227F49002000F03FFC04E000227D49A3
:10E04000012000F039FCD7F8E0311B697A49184605
:10E05000E2F780FC0346002B34D197F8EF31002B18
:10E0600027D097F8EF31082B23D897F8EF31734971
:10E0700097F8EE21CA5497F8EF31184602F002FAE9
:10E08000034687F8873197F98731002B08D197F835
:10E09000EF311A4640F23F71694808F049FA08E04A
:10E0A00097F8EF2197F9873140F24371654808F0FE
:10E0B0003FFA97F8EF2197F8EE3140F24671624847
:10E0C00008F036FAD7F8E0311B6960491846E2F7E4
:10E0D00041FC0346002B40F0C180002387F8EA3161
:10E0E000002387F8E93197F8EC31002B07D097F837
:10E0F000EC31012B03D0012387F8EA316DE097F86A
:10E10000ED31002B2FD1012387F8E83126E097F875
:10E11000EC2197F8E83111461846FDF761F90346FE
:10E1200087F8853197F98531002B06D197F8E831CA
:10E13000474997F8EC21CA540BE097F98531032B36
:10E1400003D1032387F8EA313AE0022387F8EA3162
:10E1500036E097F8E831013387F8E83197F8E8318D
:10E16000082BD4D92CE097F8ED31002B25D097F867
:10E17000ED31082B21D897F8EC2197F8ED311146B5
:10E180001846FDF72DF9034687F8863197F9863151
:10E19000002B06D197F8ED312D4997F8EC21CA54A0
:10E1A0000EE097F98631032B03D1032387F8EA3178
:10E1B00006E0022387F8EA3102E0012387F8EA311A
:10E1C00097F8EA31002B08D197F8EB31012B04D1F5
:10E1D000FDF73EF9012387F8E93197F8E93197F81F
:10E1E000EC2197F8EA1197F8ED0101F043F836E0D9
:10E1F00000BF34E000BF32E000BF30E000BF2EE0DF
:10E2000000BF2CE000BF2AE0E8CE0520E4D90208D8
:10E2100078BE052014D0020838D0020838D202088F
:10E2200028D80208A0D6052048DA020840D80208FB
:10E230007CDA020894DA0208ECD8020884C60520C9
:10E24000ACDA0208DCDA020810DB020898D902080E
:10E2500078C6052000BF02E000BF00E000BFD7F88D
:10E26000F831002B03D0D7F8F80105F043FCD7F8BC
:10E27000FC310B4A934207D0D7F8FC31002B03D076
:10E28000D7F8FC0105F052FBD7F8E40105F032FCA9
:10E2900000E000BF07F50077BD46BDE8B08300BFD2
:10E2A00078BE0520F0B5E1B006AFB44B1B68002B7B
:10E2B00000F05E81B24B1B78DBB2012B40F058813D
:10E2C00007F006FBC7F86401FCF7A0F9C7E956019F
:10E2D00007F5987320220021184608F0F2FAA94B9E
:10E2E000C7F85431D7F854311B781E46D7F854314B
:10E2F00001331B781A46D7F8543102331B7819467C
:10E30000D7F8543103331B781C46D7F85431043303
:10E310001B781D46D7F8543105331B7807F59870E4
:10E32000049303950294019100923346964A20216A
:10E3300008F06EF94FF400720021944808F0C1FA19
:10E3400007F58C7300221A605A609A60DA601A61CD
:10E350001A7507F58C731A46D7E95601FDF7D1FDFA
:10E360008B4B01221A608A4B1B6807F58C72049252
:10E370000393884B029307F598730193864B0093A0
:10E38000864B874A40F2FF11804808F041F907F1B7
:10E39000F80320220021184608F093FA07F1100331
:10E3A000202280491846FCF7D8FD7848E2F7DCFACD
:10E3B000024607F1100375491846FCF751FE07F1B4
:10E3C000F80207F1100311461846FCF75AFE07F54C
:10E3D000B473A3F5B27300221A605A601A7297F8E8
:10E3E000F8301C4697F8F93097F8FA2097F8FB10A8
:10E3F000381D02910192009323466B4A092108F0CF
:10E4000007F96A4807F04CFA03461A466849D7F8F4
:10E41000640107F0E9F9614807F042FA03461A4639
:10E420006449D7F8640107F0DFF907F598731846D7
:10E4300007F036FA03461A465F49D7F8640107F039
:10E44000D3F9544807F02CFA03461A465B49D7F82B
:10E45000640107F0C9F9504807F022FA03461A464A
:10E460005749D7F8640107F0BFF9D7E95601E2F739
:10E470006DF802460B4643EC102B07F0F1F903460A
:10E480001A465049D7F8640107F0AEF9404B1B68B3
:10E4900007EE903AB8EE677BB0EE470B07F0E0F975
:10E4A00003461A464849D7F8640107F09DF93B1D19
:10E4B000184607F0F5F903461A464449D7F86401AF
:10E4C00007F092F9D7F8640106F038FAC7F850015E
:10E4D000D7F85031002B46D0D7F8502140F2CD71FB
:10E4E0003B4808F025F8D7F85001E2F73DFA03461B
:10E4F00001331846EBF7ECFC024607F5B473A3F5BD
:10E50000B4731A6007F5B473A3F5B4731B68002BDA
:10E5100020D007F5B473A3F5B4731B68D7F8501176
:10E52000184609F0FCF82B4B1868394600230022E6
:10E53000E8F788FE0346012B0CD007F5B473A3F56A
:10E54000B4731B681846EBF795FD40F2D47122486E
:10E5500007F0EEFFD7F8500105F0E8F90C4B1B6807
:10E5600001330B4A1360D7F8640105F0C3FA00E0E9
:10E5700000BF07F5B677BD46F0BD00BF90CE0520C1
:10E58000A9CE052096DA04203CCF020878BC0520ED
:10E5900044000220FCCF02080CD00208E8CE05207F
:10E5A00044DB020814D0020838D00208A8DB0208B5
:10E5B0004CD00208F0D7020854D002085CD0020800
:10E5C00064D0020890D0020894D0020898D00208C3
:10E5D000B4DB02089CD60520D4DB020890B5D5B088
:10E5E00004AF07F5A073A3F59C73196007F5A0733A
:10E5F000A3F59E731A6007F5A073A3F231130246C8
:10E600001A709B4B1B68002B00F02D81994B1B78D7
:10E61000DBB2012B40F0278107F05AF9C7F83C0123
:10E62000FBF7F4FFC7E94C01934807F039F90346BB
:10E630001A469249D7F83C0107F0D6F807F5A073BF
:10E64000A3F59E731B6807EE903AB8EE677BB0EEB9
:10E65000470B07F005F903461A468949D7F83C01EC
:10E6600007F0C2F807F5A073A3F59C73186807F0CC
:10E6700017F903461A468349D7F83C0107F0B4F866
:10E68000814B1B6807EE903AB8EE677BB0EE470B04
:10E6900007F0E6F803461A467C49D7F83C0107F034
:10E6A000A3F807F5A073A3F231131B7807EE903A95
:10E6B000B8EE677BB0EE470B07F0D2F803461A4678
:10E6C0007349D7F83C0107F08FF8D7E94C01E1F71F
:10E6D0003DFF02460B4643EC102B07F0C1F8034602
:10E6E0001A466C49D7F83C0107F07EF86A4807F0F3
:10E6F000D7F803461A466949D7F83C0107F074F881
:10E70000D7F83C0106F01AF9C7F82C01D7F82C31DC
:10E71000002B04D1D7F83C0105F0ECF9A4E007F593
:10E72000847320220021184608F0CBF807F120035B
:10E7300020225B491846FCF710FCD7F82C01E2F7C1
:10E7400013F9024607F12003D7F82C111846FCF7FD
:10E7500087FC07F5847207F1200311461846FCF781
:10E7600090FC07F5A073A3F5967300221A605A6017
:10E770001A7297F808311C4697F8093197F80A2160
:10E7800097F80B1107F114000291019200932346B0
:10E79000444A092107F03CFF07F11403184607F02B
:10E7A0007FF803461A464049D7F83C0107F01CF8A9
:10E7B000D7F83C0106F0C2F8C7F82801D7F828318D
:10E7C000002B47D0D7F828214FF40161374807F0D4
:10E7D000AFFED7F82801E2F7C7F803460133184621
:10E7E000EBF776FB024607F5A073A3F598731A6062
:10E7F00007F5A073A3F598731B68002B21D007F5CC
:10E80000A073A3F598731B68D7F82811184608F071
:10E8100086FF274B186807F1100100230022E8F754
:10E8200011FD0346012B0CD007F5A073A3F59873D7
:10E830001B681846EBF71EFC40F617011D4807F051
:10E8400077FED7F8280105F071F80F4B1B680133EC
:10E850000D4A1360D7F82C0105F068F8D7F83C0191
:10E8600005F048F900E000BF07F5A277BD4690BD6E
:10E8700090CE0520A9CE0520E8CE0520F0D70208CD
:10E8800004DC020818DC02084400022094D00208CC
:10E8900008D9020890D0020820DC02084CD00208F7
:10E8A00014D0020838D0020898D0020834DC0208DC
:10E8B0009CD6052060DC020890B5D5B004AF07F502
:10E8C000A073A3F59C73196007F5A073A3F59E735D
:10E8D0001A6007F5A073A3F2311302461A709B4B1E
:10E8E0001B68002B00F02D81994B1B78DBB2012BAC
:10E8F00040F0278106F0ECFFC7F83C01FBF786FEED
:10E90000C7E94C01934806F0CBFF03461A469249EB
:10E91000D7F83C0106F068FF07F5A073A3F59E73D6
:10E920001B6807EE903AB8EE677BB0EE470B06F037
:10E9300097FF03461A468949D7F83C0106F054FF71
:10E9400007F5A073A3F59C73186806F0A9FF0346AA
:10E950001A468349D7F83C0106F046FF814B1B68F5
:10E9600007EE903AB8EE677BB0EE470B06F078FF03
:10E9700003461A467C49D7F83C0106F035FF07F5F7
:10E98000A073A3F231131B7807EE903AB8EE677BC1
:10E99000B0EE470B06F064FF03461A467349D7F8FA
:10E9A0003C0106F021FFD7E94C01E1F7CFFD02461B
:10E9B0000B4643EC102B06F053FF03461A466C49F6
:10E9C000D7F83C0106F010FF6A4806F069FF0346DD
:10E9D0001A466949D7F83C0106F006FFD7F83C0112
:10E9E00005F0ACFFC7F82C01D7F82C31002B04D16F
:10E9F000D7F83C0105F07EF8A4E007F584732022E7
:10EA00000021184607F05DFF07F1200320225B4933
:10EA10001846FCF7A2FAD7F82C01E1F7A5FF024649
:10EA200007F12003D7F82C111846FCF719FB07F55E
:10EA3000847207F1200311461846FCF722FB07F504
:10EA4000A073A3F5967300221A605A601A7297F8A1
:10EA500008311C4697F8093197F80A2197F80B11ED
:10EA600007F114000291019200932346444A0921C0
:10EA700007F0CEFD07F11403184606F011FF034618
:10EA80001A464049D7F83C0106F0AEFED7F83C01E3
:10EA900005F054FFC7F82801D7F82831002B47D0DC
:10EAA000D7F8282140F65501374807F041FDD7F83F
:10EAB0002801E1F759FF034601331846EBF708FA3E
:10EAC000024607F5A073A3F598731A6007F5A073C3
:10EAD000A3F598731B68002B21D007F5A073A3F54D
:10EAE00098731B68D7F82811184608F018FE274BB2
:10EAF000186807F1100100230022E8F7A3FB034682
:10EB0000012B0CD007F5A073A3F598731B6818466A
:10EB1000EBF7B0FA40F65C011D4807F009FDD7F8A5
:10EB2000280104F003FF0F4B1B6801330D4A1360EB
:10EB3000D7F82C0104F0FAFED7F83C0104F0DAFF14
:10EB400000E000BF07F5A277BD4690BD90CE05203E
:10EB5000A9CE0520E8CE0520F0D7020804DC020883
:10EB600018DC02084400022094D0020808D90208E8
:10EB700090D0020898DC02084CD0020814D0020899
:10EB800038D0020898D00208ACDC02089CD60520D8
:10EB9000D8DC020890B5D5B004AF044607F5A070E4
:10EBA000A0F59C70016007F5A071A1F59E710A6047
:10EBB00007F5A072A2F5A072136007F5A073A3F287
:10EBC000311322461A70A24B1B68002B00F03B81C8
:10EBD000A04B1B78DBB2012B40F0358106F078FEAC
:10EBE000C7F83C01FBF712FDC7E94C019A4806F053
:10EBF00057FE03461A469949D7F83C0106F0F4FD42
:10EC000007F5A073A3F59C73186806F049FE034648
:10EC10001A469349D7F83C0106F0E6FD07F5A073C4
:10EC2000A3F59E73186806F03BFE03461A468D490D
:10EC3000D7F83C0106F0D8FD07F5A073A3F2311315
:10EC40001B7807EE903AB8EE677BB0EE470B06F004
:10EC500007FE03461A468449D7F83C0106F0C4FD76
:10EC6000824B1B6807EE903AB8EE677BB0EE470B1D
:10EC700006F0F6FD03461A467D49D7F83C0106F03A
:10EC8000B3FDD7E94C01E1F761FC02460B4643ECCA
:10EC9000102B06F0E5FD03461A467649D7F83C01ED
:10ECA00006F0A2FD744806F0FBFD03461A467349C0
:10ECB000D7F83C0106F098FD07F5A073A3F5A07303
:10ECC0001B6807EE903AB8EE677BB0EE470B06F094
:10ECD000C7FD03461A466A49D7F83C0106F084FD91
:10ECE000D7F83C0105F02AFEC7F82C01D7F82C31E3
:10ECF000002B04D1D7F83C0104F0FCFEA4E007F59A
:10ED0000847320220021184607F0DBFD07F1200361
:10ED100020225C491846FCF720F9D7F82C01E1F7CE
:10ED200023FE024607F12003D7F82C111846FCF702
:10ED300097F907F5847207F1200311461846FCF78E
:10ED4000A0F907F5A073A3F5967300221A605A6024
:10ED50001A7297F808311C4697F8093197F80A217A
:10ED600097F80B1107F114000291019200932346CA
:10ED7000454A092107F04CFC07F11403184606F038
:10ED80008FFD03461A464149D7F83C0106F02CFD99
:10ED9000D7F83C0105F0D2FDC7F82801D7F8283193
:10EDA000002B47D0D7F8282140F68E01384807F0CD
:10EDB000BFFBD7F82801E1F7D7FD0346013318461A
:10EDC000EBF786F8024607F5A073A3F598731A606F
:10EDD00007F5A073A3F598731B68002B21D007F5E6
:10EDE000A073A3F598731B68D7F82811184608F08C
:10EDF00096FC284B186807F1100100230022E8F761
:10EE000021FA0346012B0CD007F5A073A3F59873E4
:10EE10001B681846EBF72EF940F696011E4807F0DE
:10EE200087FBD7F8280104F081FD104B1B680133E4
:10EE30000E4A1360D7F82C0104F078FDD7F83C0196
:10EE400004F058FE00E000BF07F5A277BD4690BD74
:10EE500090CE0520A9CE0520E8CE0520F0D70208E7
:10EE600018DC020888D0020810DD020844000220E5
:10EE700094D0020890D0020818DD02084CD0020895
:10EE800030DD020814D0020838D0020898D00208F9
:10EE900038DD02089CD6052064DD020890B5D3B0A9
:10EEA00004AF07F59C73A3F59A731860D64B1B68E3
:10EEB000002B00F0A081D54B1B78DBB2012B40F07A
:10EEC0009A8107F59C73A3F59A731B68002B00F0D9
:10EED000948106F0FDFCC7F83401D7F83431002BDB
:10EEE00000F08D81FBF792FBC7E94A01C84806F0A4
:10EEF000D7FC03461A46C749D7F8340106F074FC1C
:10EF0000C54806F0CDFC03461A46C449D7F834017B
:10EF100006F06AFCC24806F0C3FC03461A46C14923
:10EF2000D7F8340106F060FC07F59C73A3F59A73DB
:10EF30001B689B7B07EE903AB8EE677BB0EE470B01
:10EF400006F08EFC03461A46B749D7F8340106F09E
:10EF50004BFC07F59C73A3F59A731B681B7807EEAF
:10EF6000903AB8EE677BB0EE470B06F079FC0346AB
:10EF70001A46AE49D7F8340106F036FCAC4B1B6894
:10EF800007EE903AB8EE677BB0EE470B06F068FCF0
:10EF900003461A46A749D7F8340106F025FCA648CF
:10EFA00006F07EFC03461A46A449D7F8340106F061
:10EFB0001BFC07F59C73A3F59A731B685B7B07EE3C
:10EFC000903AB8EE677BB0EE470B06F049FC03467B
:10EFD0001A469B49D7F8340106F006FC07F59C73E6
:10EFE000A3F59A731B685B6807EE903AB8EEE77B6F
:10EFF000B0EE470B06F034FC03461A469149D7F8A9
:10F00000340106F0F1FBD7E94A01E1F79FFA024625
:10F010000B4643EC102B06F023FC03461A468A49A4
:10F02000D7F8340106F0E0FB884806F039FC0346C7
:10F030001A468749D7F8340106F0D6FB07F59C73CA
:10F04000A3F59A731B689B6807EE903AB8EEE77BCE
:10F05000B0EE470B06F004FC03461A467D49D7F88C
:10F06000340106F0C1FB07F59C73A3F59A731B6886
:10F070001B7B07EE903AB8EE677BB0EE470B06F0CD
:10F08000EFFB03461A467449D7F8340106F0ACFB8F
:10F09000D7F8340105F052FCC7F82401D7F8243121
:10F0A000002B04D1D7F8340104F024FDA8E007F5C3
:10F0B000807320220021184607F003FC07F1180393
:10F0C000202266491846FBF748FFD7F82401E1F7EC
:10F0D0004BFC024607F11803D7F824111846FBF73A
:10F0E000BFFF07F5807207F1180311461846FBF7BA
:10F0F000C8FF07F59C73A3F5967300221A605A6047
:10F100001A7297F800311C4697F8013197F80221DE
:10F1100097F8031107F10C00029101920093234626
:10F120004F4A092107F074FA07F10C03184606F05C
:10F13000B7FB03461A464B49D7F8340106F054FB97
:10F14000D7F8340105F0FAFBC7F82001D7F82031D1
:10F15000002B47D0D7F820214FF40E61424807F02A
:10F16000E7F9D7F82001E1F7FFFB03460133184622
:10F17000EAF7AEFE024607F59C73A3F598731A6092
:10F1800007F59C73A3F598731B68002B21D007F536
:10F190009C73A3F598731B68D7F82011184608F0E4
:10F1A000BEFA324B186807F1080100230022E8F785
:10F1B00049F80346012B0CD007F59C73A3F598730F
:10F1C0001B681846EAF756FF40F6E701284807F0A3
:10F1D000AFF9D7F8200104F0A9FB154B1B680133E8
:10F1E000134A1360D7F8240104F0A0FBD7F83401C8
:10F1F00004F080FC04E000BF02E000BF00E000BFBC
:10F2000007F59E77BD4690BD90CE0520A9CE05207E
:10F21000E8CE0520F0D70208A0DD0208A8DD02082C
:10F22000FCCF02085CD00208A8D90208FCD802086A
:10F230004400022094D002080CD00208B4DD020879
:10F24000C0DD0208CCDD020890D00208D8DD02083B
:10F250004CD00208E4DD0208ECDD020814D00208FC
:10F2600038D0020898D00208FCDD02089CD60520A0
:10F2700020DE0208B0B5D2B004AF05460C461046F9
:10F28000194607F59C73A3F231132A461A7007F545
:10F290009C73A3F5997322461A7007F59C73A3F229
:10F2A000331302461A7007F59C73A3F59A730A4646
:10F2B0001A70AC4B1B68002B00F04C81AA4B1B78DA
:10F2C000DBB2012B40F0468106F002FBC7F83401A7
:10F2D000D7F83431002B00F03F81FBF797F9C7E9ED
:10F2E0004A01A24806F0DCFA03461A46A049D7F8BC
:10F2F000340106F079FA07F59C73A3F233131B78F7
:10F3000007EE903AB8EE677BB0EE470B06F0A8FA2E
:10F3100003461A469749D7F8340106F065FA07F50F
:10F320009C73A3F59A731B7807EE903AB8EE677B4F
:10F33000B0EE470B06F094FA03461A468E49D7F80A
:10F34000340106F051FA07F59C73A3F231131B78D0
:10F3500007EE903AB8EE677BB0EE470B06F080FA06
:10F3600003461A468549D7F8340106F03DFA844B26
:10F370001B6807EE903AB8EE677BB0EE470B06F0DD
:10F380006FFA03461A467F49D7F8340106F02CFA83
:10F3900007F59C73A3F599731B7807EE903AB8EEC6
:10F3A000677BB0EE470B06F05BFA03461A467649D8
:10F3B000D7F8340106F018FAD7E94A01E1F7C6F8A0
:10F3C00002460B4643EC102B06F04AFA03461A4657
:10F3D0006E49D7F8340106F007FA6D4806F060FA76
:10F3E00003461A466B49D7F8340106F0FDF9D7F801
:10F3F000340105F0A3FAC7F82401D7F82431002B13
:10F4000004D1D7F8340104F075FBA6E007F580734A
:10F4100020220021184607F054FA07F11803202291
:10F420005D491846FBF799FDD7F82401E1F79CFAEE
:10F43000024607F11803D7F824111846FBF710FE0F
:10F4400007F5807207F1180311461846FBF719FEFD
:10F4500007F59C73A3F5967300221A605A601A721E
:10F4600097F800311C4697F8013197F8022197F878
:10F47000031107F10C000291019200932346474AC1
:10F48000092107F0C5F807F10C03184606F008FA41
:10F4900003461A464249D7F8340106F0A5F9D7F8D1
:10F4A000340105F04BFAC7F82001D7F82031002BC2
:10F4B00047D0D7F8202140F629113A4807F038F80C
:10F4C000D7F82001E1F750FA034601331846EAF76E
:10F4D000FFFC024607F59C73A3F598731A6007F5C5
:10F4E0009C73A3F598731B68002B21D007F59C73C0
:10F4F000A3F598731B68D7F82011184608F00FF988
:10F50000294B186807F1080100230022E7F79AFE4B
:10F510000346012B0CD007F59C73A3F598731B6869
:10F520001846EAF7A7FD4FF41361204807F000F8EA
:10F53000D7F8200104F0FAF9114B1B680133104A87
:10F540001360D7F8240104F0F1F9D7F8340104F07E
:10F55000D1FA02E000BF00E000BF07F59C77BD468E
:10F56000B0BD00BF90CE0520A9CE0520E8CE052075
:10F57000F0D70208A8D9020854DE0208FCD8020815
:10F580004400022094D0020808D9020890D0020852
:10F5900060DE02084CD0020814D0020838D00208FD
:10F5A00098D0020870DE02089CD6052098DE02087A
:10F5B0002DE9F043B9B004AF786007F18803202249
:10F5C0000021184607F07DF907F168032022002189
:10F5D000184607F076F907F1500300221A605A60C6
:10F5E0009A60DA601A615A6107F1380300221A60E2
:10F5F0005A609A60DA601A611A7507F120030022D6
:10F600001A605A609A60DA601A615A6107F10C0355
:10F6100000221A605A609A60DA601A614FF4FA6246
:10F620004FF00003C7E9302342F21073C7F8BC3033
:10F630004FF000024FF00003C7E92C234FF0000207
:10F640004FF00003C7E93223E3F7F0FDC7F8AC0041
:10F650006E4B1B68D7F8AC20D31AD7F8BC209A425F
:10F6600000F2D0806A494FF000024FF00003C1E978
:10F670000023FCF749F94FF47A70EAF7D8F9644BA4
:10F68000D3E90023134351D0FAF7D6FFC7E92C0181
:10F690005F4BD3E90023D7E92C01904271EB0303C0
:10F6A0000AD25B4BD3E90001D7E92C23841A61EB22
:10F6B0000305C7E932450AE0554BD3E90023D7E9F2
:10F6C0002C01B0EB020861EB0309C7E93289514B09
:10F6D0001B78002B07D0D7E93223D7E930019042BD
:10F6E00071EB030322D24A4BD3E90023104619469B
:10F6F000FAF7E4FE474B1B78002B08D1454B01225B
:10F700001A7040F66A11444806F012FF0EE007F145
:10F7100050021823D7E93201FCF78CFB07F15003A4
:10F720001A4640F66F113D4806F002FF0020F7F739
:10F73000E5FBC7F8A800D7F8A8301B781E46D7F815
:10F74000A83001331B781A46D7F8A83002331B784B
:10F750001946D7F8A83003331B7807F10C00029341
:10F760000191009233462E4A142106F051FF07F111
:10F770000C031A4640F67A112A4806F0D9FE244BAB
:10F78000D3E90023134319D0214BD3E9000107F13A
:10F7900088022023FCF7DCF81D4BD3E9000107F1B8
:10F7A00038021523FCF746FB07F1380307F18802FE
:10F7B0004FF418611C4806F0BBFE04E040F68411CB
:10F7C0001A4806F0B5FEFAF737FFC7E92C0107F132
:10F7D00068022023D7E92C01FCF7BAF807F12002D0
:10F7E0001823D7E92C01FCF725FB07F1200307F1CB
:10F7F000680240F68A110E4806F09AFE034AD7F8CE
:10F80000AC3013606420EAF712F91DE708CF052039
:10F81000B0CE05200CCF0520CCDE0208FCDE0208AD
:10F8200030DF02083CDF020864DF020888DF0208DC
:10F83000A8DF020880B594B000AF7860234B1B6846
:10F8400007F108014FF0FF321846E7F741FF034682
:10F85000012B39D10023BB60BA681D4B1B681344D0
:10F860001A461C490020FEF7B9FEBA6807F10803E2
:10F87000043340F6A311184806F05AFE07F10803B6
:10F8800004331846FBF7F8FC4FF4FA70E8F78EFDE6
:10F89000BB68002B0AD0BB68104A02FB03F3104A76
:10F8A000A2FB03239B091846E8F780FD4FF4FA708A
:10F8B000E8F77CFD0123FB64FB6C83F3138800BF36
:10F8C000E3F70DFC00BFFDE700BFB7E7A0D60520BA
:10F8D000E49F0520D0DF0208E0DF020840420F006D
:10F8E000D34D621080B5ADF6380D00AF07F6380382
:10F8F000A3F6340318601023C7F828381423C7F878
:10F900002438A14B1B6807F501614FF0FF32184600
:10F91000E7F7DEFE0346012B40F03181D7F81038BF
:10F92000002B00F02E81D7F810381846E1F71CF8AC
:10F93000C7F82008D7F82038B3F5006F0CD3D7F8F4
:10F94000202840F6E111914806F0F2FDD7F8103872
:10F950001846EAF78FFB15E1D7F82038A7F81E38CC
:10F96000B7F81E380133A7F81C38D7F81018B7F8C5
:10F970001E2807F11003184607F0D9FEB7F81E3805
:10F9800007F63802A2F628020A21D1547E4B1B68E2
:10F990001846E8F725F9C7F81808D7F81828D7F84F
:10F9A00024389A422FD90023C7F8343813E007F6D9
:10F9B0003803A3F62C031B68002B07D007F6380387
:10F9C000A3F62C031B681846EAF754FBD7F8343823
:10F9D0000133C7F834386C4B1B6807F10C01002267
:10F9E0001846E7F775FE0346012B05D1D7F83428F2
:10F9F000D7F828389A42DAD3D7F8342840F6FB11E2
:10FA0000634806F095FD6348F6F71CFF624B1B68E0
:10FA10004FF0FF311846E7F766FB604B1B68002B81
:10FA200004D05F4B1B78DBB2012B12D040F60821CB
:10FA30005C4806F07DFDD7F810381846EAF71AFB47
:10FA4000554B1B681846E7F717FB5248F6F709FFB6
:10FA500098E0524B1B68B3F86430A7F832380023A3
:10FA6000C7F82C3829E0484B1B6807F10801002231
:10FA70001846E7F72DFE0346012B2BD107F6380376
:10FA8000A3F503631B68002B0CD007F63803A3F51E
:10FA900003631B681846EAF7EDFA40F61B2142485B
:10FAA00006F046FDD7F82C380133C7F82C383B4B0D
:10FAB0001B68B3F86430A7F83238B7F83228B7F8C3
:10FAC0001C389A4207D2D7F82C28D7F828389A42FF
:10FAD000C9D300E000BFB7F83228B7F81C389A4203
:10FAE00016D2B7F81C28B7F8323840F628212F482C
:10FAF00006F01EFDD7F810381846EAF7BBFA264B79
:10FB00001B681846E7F7B8FA2248F6F7AAFE39E06C
:10FB1000224B1868B7F81C2807F110010123F1F7F0
:10FB200043FB034687F8173897F91738002B0DD198
:10FB3000D7F810381846EAF79DFA174B1B68184695
:10FB4000E7F79AFA1348F6F78CFEDAE697F91738D2
:10FB50001A4640F63B21164806F0EAFC154B0122F6
:10FB60001A70D7F810381846EAF784FA0A4B1B685F
:10FB70001846E7F781FA0748F6F773FE02E000BF80
:10FB8000BFE600BFBDE600BF9CD6052018E0020816
:10FB900044E00208189E032078D6052090CE052068
:10FBA000A9CE052074E002089CE00208C8E0020823
:10FBB00004E10208CDCE052080B500AF184B1B78BC
:10FBC000002B28D1164B01221A70164B164A1749E2
:10FBD000012000F0F9FA154B1B68002B1DD0124BC9
:10FBE0001B68104A118800221846E2F7E1FC012048
:10FBF000E7F70FFA03460E4A13600C4B1B685B686D
:10FC00001A4601210B4806F093FC4FF4C8310A480C
:10FC100006F08EFC02E000BF00E000BF80BD00BF28
:10FC200024D0052018CF052014CF052010CF0520A3
:10FC300020D005203CE102086CE1020880B582B0CA
:10FC400000AF78600B467B80114B1B68002B1AD0ED
:10FC50007B88002B17D00F4B1B680F4A118801229D
:10FC60001846E2F7A5FC0A4B18687A88642379687D
:10FC7000E5F729F9074B1B68074A11880022184647
:10FC8000E2F796FC00E000BF0837BD4680BD00BF2C
:10FC900010CF052014CF052018CF052080B582B0E5
:10FCA00000AF154B1B88002B21D0144B1B68002B79
:10FCB00006D0124B1B684FF0FF311846E7F7F0FDF6
:10FCC0000D4B1B88FB800C4B00221A80FB881946C9
:10FCD0000B48FFF7B3FF094B1B68002B08D0074BFD
:10FCE0001868002300220021E7F7ACFA00E000BF0B
:10FCF0000837BD4680BD00BF1CD0052020D00520A0
:10FD00001CCF052080B582B000AF0346FB71104BBD
:10FD10001B68002B17D00F4B1B88FF2B09D80D4BEE
:10FD20001B885A1C91B20B4A118019460A4AFB796A
:10FD30005354FB790A2B03D0064B1B88FF2B03D9A6
:10FD4000FFF7ACFF00E000BF0837BD4680BD00BF35
:10FD500010CF05201CD005201CCF052080B586B013
:10FD600000AFF860B9607A603B60BB68012B04D0DB
:10FD7000BB68022B01D03B6813E07B683B6100232A
:10FD80007B6109E03A697B6913441B781846FFF7E9
:10FD9000B9FF7B6901337B617A693B689A42F1D391
:10FDA0003B6818461837BD4680BD000090B583B04B
:10FDB00000AF7860124B1B68002B1CD0114B1B68E6
:10FDC000114A118801221846E2F7F2FB0C4B1C681D
:10FDD0007868E0F7C9FD03469AB264237968204643
:10FDE000E5F771F8074B1B68074A1188002218468F
:10FDF000E2F7DEFB00E000BF0C37BD4690BD00BF60
:10FE000010CF052014CF052018CF052080B58EB067
:10FE100000AF78603960444B1B68002B7FD0002313
:10FE20007B637B683B630AE03A6B531C3B637B6BF1
:10FE3000591C7963127838333B4403F8302C3B6B00
:10FE40001B78002B02D07B6B0B2BEDDD7B6B5A1CE0
:10FE50007A6338333B443D2203F8302C7B6B5A1CC9
:10FE60007A6338333B44302203F8302C7B6B5A1CC6
:10FE70007A6338333B44782203F8302C0723FB6243
:10FE800020E0FB6A9B003A6822FA03F3DBB203F03E
:10FE90000F0387F82B3097F82B30092B04D897F8ED
:10FEA0002B303033DAB203E097F82B303733DAB245
:10FEB0007B6B591C796338333B4403F8302CFB6A65
:10FEC000013BFB62FB6A002BDBDA7B6B5A1C7A631B
:10FED00038333B440D2203F8302C7B6B5A1C7A6379
:10FEE00038333B440A2203F8302C104B1B68104A6D
:10FEF000118801221846E2F75BFB0B4B18687B6BFD
:10FF00009AB207F108016423E4F7DDFF074B1B6891
:10FF1000074A118800221846E2F74AFB00E000BFBA
:10FF20003837BD4680BD00BF10CF052014CF052057
:10FF300018CF052080B594B000AF03463960FB713F
:10FF40001346BB80194B1B68002B28D0BB88002BA5
:10FF500027D0BB88402B24D8FB793B73BB88FB811F
:10FF6000BA8807F10C0304333968184607F0DFFB41
:10FF70000023BB600D4B186807F1080207F10C0164
:10FF80000023E7F769FABB68002B0BD0084B4FF052
:10FF900080521A60BFF34F8FBFF36F8F02E000BF34
:10FFA00000E000BF5037BD4680BD00BF28D005200F
:10FFB00004ED00E080B485B000AF78600B467B8034
:10FFC0004FF6FF73FB810023BB8122E0BB897A6877
:10FFD00013441B781A46FB895340FB810023FB72B4
:10FFE00011E0FB8903F00103002B06D0FB895B08BD
:10FFF0009AB20D4B5340FB8102E0FB895B08FB8109
:020000040802F0
:10000000FB7A0133FB72FB7A072BEAD9BB890133F8
:10001000BB81BA897B889A42D8D3FB8918461437AA
:10002000BD465DF8047B704701A0FFFF80B584B03A
:1000300000AF78600B467B800023FB7347E0FB7BBF
:10004000274A4C2101FB03F313441B687A689A4248
:100050003AD17B88002B11D07B883F2B0ED8FB7BBD
:100060000133D8B2FB7B4C2202FB03F308331C4A5A
:10007000134403337A881946FFF75CFFFB7B184A69
:100080004C2101FB03F313440A331B78002B0DD0E2
:10009000FB7B4C2202FB03F30833114A1344033366
:1000A000402219467868E6F732FC14E0FB7B4C22CC
:1000B00002FB03F308330A4A134403334022194670
:1000C0007868E6F7D4FB06E0FB7B0133FB73FB7B30
:1000D000072BB4D900BF00BF1037BD4680BD00BF9D
:1000E0005000022080B582B000AF002244211020D1
:1000F000E6F70FFF0346324A13600023FB7155E019
:10010000FB79002B4ED0FB792E4A4C2101FB03F3E7
:1001100013441B683B60FB792A4A4C2101FB03F323
:10012000134404331868FB79264A4C2101FB03F37E
:10013000134408331B8800221946E2F739FAFB7989
:10014000204A4C2101FB03F313440A331B78002B94
:100150001AD03B685B6F002B16D03B685B6F0022A8
:10016000DA613B685B6F1846E2F756FAFB794C227E
:1001700002FB03F30833134A1344033340221946A6
:100180003868E6F7C4FB0EE0FB794C2202FB03F370
:1001900008330C4A13440333402219463868E6F703
:1001A00066FB00E000BFFB790133FB71FB79072B95
:1001B000A6D9FFF701FD00BF0837BD4680BD00BFCF
:1001C00028D005205000022080B485B000AFB9606F
:1001D0007A603B600346FB73BB6800221A607B6851
:1001E00000221A603B6800221A80FB7B002B23D080
:1001F000FB7B082B20D8FB7B013B124A4C2101FBE7
:1002000003F313441A68BB681A60FB7B013B0D4A79
:100210004C2101FB03F3134404331A687B681A6012
:10022000FB7B013B074A4C2101FB03F313440833DA
:100230001A883B681A8000E000BF1437BD465DF89D
:10024000047B70475000022080B58CB000AFB960CD
:100250007B600346FB731346BB81BB89042B01D82B
:100260000023A9E0BB681B78012B01D00023A3E089
:10027000BB6801331B78042B01D000239CE0BB68D2
:1002800002331B7887F8293097F82930FB84FB8CE0
:1002900005339BB2BA899A4201D000238CE0BB8916
:1002A000023B9BB21946B868FFF784FE0346BB8445
:1002B000BB89013BBA6813441B781BB21B021AB2FC
:1002C000BB89023BB9680B441B781BB213431BB2BA
:1002D0007B84BA8C7B8C9A4201D000236CE0102284
:1002E0000021786806F0EDFA7B68FA7B1A70FB8CC7
:1002F0005B083B840323FB850023BB8500237B85B0
:100300004DE0FB8DBA6813441B781BB21B021AB276
:10031000FB8D0133B9680B441B781BB213431BB22E
:10032000FB83FB8D0233FB857B8D002B09D1FB8B7F
:10033000002B14BF01230023DBB21A467B681A731B
:100340002AE07B8D012B09D1FB8B002B14BF0123ED
:100350000023DBB21A467B685A731DE07B8D022BAB
:1003600002D1FB8BBB8517E07B8D032B14D1BB8D9A
:100370001A04FB8B13437B6107F114031B68BB61F9
:10038000D7ED067A9FED0E7A67EE877AFDEEE77A73
:1003900017EE902A7B685A607B8D01337B857A8DBE
:1003A0003B8C9A42ADD3FB7B1846FBF739F80346EA
:1003B0001A467B689A73012318463037BD4680BDC4
:1003C0000000C84290B59BB002AF7860FFF78AFE8C
:1003D000264B1B6807F118014FF0FF321846E7F76C
:1003E00077F90346012BF3D13B7E1946204806F0EE
:1003F0009FF80023A7F85E300EE0B7F85E30603358
:100400003B4413F8443C19461A4806F091F8B7F8F3
:100410005E300133A7F85E307B8BB7F85E209A42DE
:10042000EBD3154806F0ECF8387E7A8B07F1080418
:1004300007F11803191D2346FFF706FF0346002B9B
:1004400010D0F9683B7D1A467B7D1846BB7D009332
:1004500003460A4806F06CF807F108031846FEF751
:100460001DFDB5E7064806F0CBF8B1E728D005201A
:10047000A8E10208B4E10208BCE10208C0E10208F8
:10048000ECE1020880B586B000AF0346FB71FB7952
:10049000002B02D0FB79082B02D94FF0FF334AE042
:1004A000FB79012B02D16FF0010344E0FB79013BA2
:1004B0004C2202FB03F3224A13447B6101233B726B
:1004C00004237B720023BB720023FB7200233B7367
:1004D00004237B7307F1080306211846FFF76AFD22
:1004E00003467B827B8ADBB2BB737B8A1B0A9BB28F
:1004F000DBB2FB737B6958687B691B890122194653
:10050000E2F756F87B69186807F1080164230822AE
:10051000E4F7D9FC03467B747B6958687B691B89C7
:1005200000221946E2F744F87B7C002B01D100231E
:1005300001E04FF0FF3318461837BD4680BD00BFBD
:100540005000022080B582B000AF00237B601E4BBC
:100550005B6903F00053002B01D1012300E000236D
:100560007B607B68002B04D11848FFF71FFC00BF9D
:10057000FDE7174B174A9A61154B4FF48022DA6159
:10058000154B144A1A60144B4FF400325A60124B48
:1005900011229A60104B114ADA600F4B4FF400326F
:1005A0001A610D4B12225A610D4B02221A600D4B3B
:1005B0004FF400321A600B4B1B68054A136200238C
:1005C00018460837BD4680BD003C024000E20208E4
:1005D000B002022000000A0830D0052000000C08FC
:1005E00048D005204CD0052080B586B000AFF8601B
:1005F000B9607A600E4B9A69FB6813447B61FB68B3
:10060000002B06DBFA687B681A44094BDB699A42C7
:1006100002D94FF0FF3306E07B697A681946B86863
:1006200007F085F87B6818461837BD4680BD00BFC7
:10063000B002022080B586B002AF78600B467B80A6
:10064000304B1B78012B02D04FF0FF3356E07B88F4
:10065000002B01D1002351E07A882B4B1B681A44F0
:100660002A4B1B689A420DD9274B1A687988274B69
:100670001B6800930B464621254805F059FF4FF0B3
:10068000FF333BE0234B1B68002B06D0214B1B683C
:100690004FF0FF311846E6F726FD1F4B18681A4B3E
:1006A00019687B887A6800F0BBFCF860194B1B68FE
:1006B000002B04D0174B1B681846E6F7DDFC7B883F
:1006C000FA689A4209D0104B1B681A465721134802
:1006D00005F02EFF4FF0FF3310E0114B1B687A88B6
:1006E0007968184602F02EFF03460D4A13607A8897
:1006F000054B1B681344044A136000231846103747
:10070000BD4680BD50D005205CD0052054D00520CA
:10071000A0E2020870D6052064D00520D8E20208C5
:1007200060D0052080B500AF064B00221A70064B42
:1007300000221A60054B00221A60F6F76BFF00BF1B
:1007400080BD00BF50D005205CD0052060D00520C2
:1007500080B58CB002AF374B1B78012B66D1364B7E
:100760001A68364B1B689A4207D1354B1A68354BCD
:100770001B689A4201D1012300E000237B627B6A5F
:10078000002B12D12C4B19682C4B18682C4B1B6872
:100790002C4A12680192009303460A4678212A489F
:1007A00005F0C6FEFFF7BEFF41E0234B1A68244B5D
:1007B0001B688021254805F0BBFE3B1D202200213F
:1007C000184606F07EF8224B7B600123BB601B4B72
:1007D0001B68FB601B4B1B683B611E4B1B68002B9F
:1007E00006D01C4B1B684FF0FF311846E6F77BFC28
:1007F000194B1B684FF480320021184600F07CFC36
:10080000154B18683A1D2023002100F009FC114BFC
:100810001B68002B04D00F4B1B681846E6F72CFC16
:10082000044B02221A70E2F75AFC00E000BF28379E
:10083000BD4680BD50D005205CD0052054D0052099
:1008400060D0052058D0052004E3020840E30208E8
:100850004F42554C70D6052068D0052080B584B035
:1008600000AFF860B9601346FB71FB79002B05D12E
:10087000A521114805F05CFE002319E00F49F86836
:10088000E0F768F80346002B07D00C4BFA68AA2162
:100890000B4805F04DFE00230AE00A4B1B78012BA4
:1008A00005D0AF21084805F043FE002300E00123F6
:1008B00018461037BD4680BD84E30208B0E3020845
:1008C000C8E3020850D00520FCE3020880B485B0DC
:1008D00000AFF860B9607A604FF0FF331846143704
:1008E000BD465DF8047B704780B584B000AF78608A
:1008F0003960134B1B78012B02D04FF0FF331BE004
:100900003B681B89FB81FB89002B01D1002313E08D
:10091000FA8900230B493868ECF7C6F803461A46F3
:10092000FB89934202D04FF0FF3305E0FB89194663
:100930000448FFF77FFE034618461037BD4680BDCA
:1009400050D005206CD0052080B582B000AF786013
:10095000FFF7FEFE00BF0837BD4680BD80B584B0FE
:1009600000AF78603960464B1B78002B06D0E12140
:10097000444805F0DDFD4FF0FF337DE07B68002B40
:1009800003D07B68B3F5801F07D97A68E6213E481B
:1009900005F0CEFD6FF001036EE03B68002B06D141
:1009A000EB213A4805F0C4FD6FF0020364E03848DB
:1009B00000F086FA0346374A1360374800F080FAA1
:1009C0000346364A1360334B1B68002B03D0334B6E
:1009D0001B68002B06D1F321314805F0A9FD6FF00B
:1009E000030349E02F4B1B68002B06D02D4B1B68DF
:1009F0004FF0FF311846E6F776FB264B1B684FF4A5
:100A000080120021184600F077FB264B1B68002B54
:100A100004D0244B1B681846E6F72EFB224A7B685D
:100A20001360224A3B681360214B00221A60214B5D
:100A300000221A60124B01221A701F48F6F7A8FD17
:100A40000346FB7397F90F30002B0DD097F90F3049
:100A50001A4640F21111194805F06AFD084B0022B0
:100A60001A706FF0040307E03B687A6840F21511D2
:100A7000134805F05DFD002318461037BD4680BDC4
:100A800050D0052030E4020860E4020888E402083F
:100A9000ACE4020864D00520B8E4020868D0052060
:100AA000C4E4020870D6052054D0052058D0052093
:100AB0005CD0052060D005204CEC0208ECE4020874
:100AC00010E5020880B500AF002201210120E6F701
:100AD00020FA0346264A1360002221210120E6F76E
:100AE00018FA0346234A1360002201210120E6F789
:100AF00010FA0346204A1360002204210120E6F781
:100B000008FA03461D4A1360002201210120E6F77E
:100B100000FA03461A4A136000220C210420E6F76B
:100B2000F8F90346174A136000220C210420E6F767
:100B3000F0F90346144A136000224FF4BD61082007
:100B4000E6F7E7F90346114A13600022042120204A
:100B5000E6F7DFF903460E4A136000224421012024
:100B6000E6F7D7F903460B4A136000BF80BD00BF0C
:100B70007CD6052080D6052088D6052084D6052081
:100B80008CD6052090D6052094D6052098D6052031
:100B90009CD60520A0D6052080B500AF0420E6F73E
:100BA00038FA03460A4A13600420E6F732FA03468D
:100BB000084A13600420E6F72CFA0346064A13603D
:100BC0000420E6F726FA0346044A136000BF80BDFE
:100BD0006CD6052070D6052074D6052078D6052061
:100BE00080B582B000AF7860074B1B68002B07D040
:100BF000054B1B684FF0FF311846E6F774FA00E02A
:100C000000BF0837BD4680BD70D6052080B582B0D4
:100C100000AF7860064B1B68002B05D0044B1B68A7
:100C20001846E6F729FA00E000BF0837BD4680BD48
:100C300070D6052080B584B002AF164B1B78002B10
:100C400001D0012321E0144B2122C3F86823134A69
:100C50000221114802F04EFB114A03210E4802F016
:100C600049FB0023009300230E4A0F490A4802F073
:100C700095FB0346FB71FB79002B02D04FF0FF334D
:100C800003E0044B01221A70012318460837BD46C1
:100C900080BD00BF14DA0520A4D60520E10B0208B0
:100CA0000D0C0208FCE5020808E6020880B582B0D7
:100CB00000AF00F037F878607B68002B03DB00F0B2
:100CC000D3F8786000E000BF7B68002B07DD0F4B96
:100CD0001B78002B03D10D4B01221A7011E07B68A9
:100CE000002B0EDC094B00221A70302208490948FB
:100CF00005F01EFC0849094805F01AFC084805F0F3
:100D00007FFC7B6818460837BD4680BD15DA052094
:100D10005CEC020870E602088CE6020894E6020821
:100D2000C8E6020880B582B000AF0F4B1B78002BDD
:100D300001D0002314E000237B6009E00B4B5B6AC9
:100D4000002B02D0094B5B6A98477B6801337B60BC
:100D500001227B689342F1D3034B01221A700023D6
:100D600018460837BD4680BD16DA0520B0020220BD
:100D700080B584B000AF78600023FB600DE00B4BC2
:100D800018221946786805F0B1FD0346002B01D101
:100D9000064B07E0FB680133FB600122FB689342CE
:100DA000EDD3002318461037BD4680BDB0020220A7
:100DB00080B584B000AF786039600023BB60002349
:100DC000FB603BE0FB689B017A6813441C331846C8
:100DD000FFF7CEFFB860BB68002B2BD0FB689B01F0
:100DE0007A6813445B6BBA68D26993421CDB902229
:100DF0001749184805F09CFBFB689B017A6813446F
:100E0000191DFB689B017A6813445A6BBB68DB6948
:100E1000114805F08DFB114805F0F2FB104B002244
:100E20001A604FF0FF330EE00E49FB68BA6841F8D4
:100E3000232000E000BFFB680133FB60FA683B68D9
:100E40009A42BFD3002318461037BD4680BD00BF6D
:100E5000A8EC0208E4E6020800E7020850E70208EE
:100E600024DA05201CDA052080B500AF104B1B7872
:100E7000002B02D00F4B1B6817E00F4B0F4A1A6074
:100E80000C4B01221A600C4B1B680A4A126811466F
:100E90001846FFF78DFF0346002B03D1044B0122B8
:100EA0001A7000E000BF034B1B68184680BD00BFEE
:100EB00020DA052024DA052018DA052068EC02087B
:100EC00080B584B000AF78600023FB6015E0104B64
:100ED0001A68FB689B011344043319467868DFF7EE
:100EE00039FD0346002B05D1094B1A68FB689B01AD
:100EF000134408E0FB680133FB60064B1B68FA688B
:100F00009A42E4D3002318461037BD4680BD00BF87
:100F100018DA052024DA052080B483B000AF7860A9
:100F2000074B1B687A68D31A9B111A46054B53F876
:100F3000223018460C37BD465DF8047B704700BF71
:100F400018DA05201CDA052080B586B000AFF860FD
:100F5000B9607A603B6000237B6100233B61BA6823
:100F60003B681A44FB689B6B9A420ED94FF4CF72D0
:100F70002549264805F0DCFA254805F0D9FA254828
:100F800005F03EFB4FF0FF333AE0F868FFF7C4FF8F
:100F900038613B69002B14D140F2A5121A491B4855
:100FA00005F0C6FAFB6803F11C01FB6804331A461E
:100FB000194805F0BDFA174805F022FB4FF0FF3342
:100FC0001EE03B699B6AFA68526B1146BA680A4494
:100FD00010463A687968984778617B69002B0EDA89
:100FE0004FF4D6720849094805F0A2FAFB681C3391
:100FF00019460A4805F09CFA064805F001FB7B6992
:1010000018461837BD4680BDC4EC0208E4E6020865
:1010100058E7020850E7020890E70208DCE70208F8
:1010200080B586B000AFF860B9607A603B6000239D
:101030007B6100233B61BA683B681A44FB689B6B89
:101040009A420ED940F2C7122549264805F070FA97
:10105000254805F06DFA254805F0D2FA4FF0FF3328
:101060003AE0F868FFF758FF38613B69002B14D16C
:101070004FF4E7721A491B4805F05AFAFB6803F16E
:101080001C01FB6804331A46194805F051FA174849
:1010900005F0B6FA4FF0FF331EE03B69DB6AFA68F1
:1010A000526B1146BA680A4410463A687968984704
:1010B00078617B69002B0EDA40F2D51208490948A5
:1010C00005F036FAFB681C3319460A4805F030FA79
:1010D000064805F095FA7B6918461837BD4680BD6D
:1010E000D8EC0208E4E6020810E8020850E702081B
:1010F00048E8020894E8020880B586B000AFF860BE
:10110000B9607A6000237B6100233B61BA687B6829
:101110001A44FB689B6B9A420ED94FF4F77225492B
:10112000254805F005FA254805F002FA244805F09F
:1011300067FA4FF0FF3339E0F868FFF7EDFE3861EA
:101140003B69002B14D140F2F5121A491A4805F0F8
:10115000EFF9FB6803F11C01FB6804331A461948D8
:1011600005F0E6F9164805F04BFA4FF0FF331DE0A5
:101170003B691B6BFA68526B1146BA680A4479687E
:101180001046984778617B69002B0EDA4FF4FE72A7
:101190000849094805F0CCF9FB681C3319460A4890
:1011A00005F0C6F9064805F02BFA7B691846183792
:1011B000BD4680BDECEC0208E4E60208CCE802087B
:1011C00050E7020804E9020850E9020880B586B039
:1011D00000AFF860B9607A60FB70FB68002B01D14A
:1011E00000BFFDE7BB68002B01D100BFFDE77B68B6
:1011F000002B01D100BFFDE7FB681B7E002B01D057
:1012000000235FE0FB68BA681A60FB68FA781A711D
:10121000FB683A6A5A62FB685B7E002B30D1FFF7AD
:1012200045FD7868FFF74CFE0246FB689A60FB6854
:101230009B68002B01D1042344E0FB689B681C33AE
:101240001846FFF795FD03461B6A7B61FB68DB6868
:10125000002B03D1FB687A69DA600CE0FB68DB687D
:101260007A69B3FBF2F2796901FB02F29B1A002B57
:1012700001D0082326E0FB689B689A6BFB681A6123
:10128000FB68DA68FB68DB68013B1340002B01D088
:1012900000BFFDE7FB681B69FA68D268B3FBF2F197
:1012A00001FB02F29B1A002B01D008230AE0FB6825
:1012B0001A69FB68DB68B2FBF3F3012B01D8082342
:1012C00000E0002318461837BD4680BD80B483B0C7
:1012D00000AF78600B46FB70FB78002B0CD17B686D
:1012E00001221A76074B1B7883F00103DBB2002B37
:1012F00002D0044B01221A7000BF0C37BD465DF8C6
:10130000047B704728DA052080B584B000AF786090
:1013100039600823BB600023FB603FE07968FA680E
:1013200013465B001344DB000B4403F52B731A6870
:101330003B685B689A421FD13B681B78002B0ED03C
:10134000FA6813465B001344DB0003F52A737A68DE
:10135000134418223968184606F0E9F936E079682E
:10136000FA6813465B001344DB000B4403F52B7350
:101370004FF0FF321A6029E07968FA6813465B0083
:101380001344DB000B4403F52B731B68B3F1FF3FE1
:1013900001D1FB68BB60FB680133FB60FB68072B76
:1013A000BCD93B681B78002B10D0BB68072B0DD82D
:1013B000BA6813465B001344DB0003F52A737A68AE
:1013C000134418223968184606F0B1F91037BD46A3
:1013D00080BD80B485B000AF786039600023FB60C9
:1013E00019E07968FA6813465B001344DB000B448C
:1013F00003F52B731B683A689A4209D1FA681346C1
:101400005B001344DB0003F52A737A68134406E09B
:10141000FB680133FB60FB68072BE2D90023184609
:101420001437BD465DF8047B704780B586B000AFC9
:10143000F860B9607A60B968F868FFF7CAFF786148
:101440007B69002B0CD07B697A685A61FB68DA688B
:101450007B6959687B695B69CB1A1A447B691A619D
:1014600000BF1837BD4680BD80B586B000AFF860BC
:10147000B9601346FB71B968F868FFF7AAFF786195
:101480007B69002B02D07B69FA795A7000BF18374C
:10149000BD4680BD80B588B000AFF860B9607A60A5
:1014A0003B604023BB6140237B617A68B9680020C0
:1014B00002F048F803461B0C3B824FF6FF737B8219
:1014C0000023FB6170E03B68B3F1FF3F51D0FB6844
:1014D000FA69153233F832303A8A9A4207D1FA68FB
:1014E000FB691533DB0013443A685A608EE0FA68F2
:1014F000FB691533DB0013445B68B3F1FF3F05D193
:10150000BB69402B02D1FB69BB614AE0FA68FB6909
:101510001533DB0013445B68B3F1FF3F41D0FA6839
:10152000FB691533DB0013445B88002B0ED0FA688F
:10153000FB691533DB0013445B88013B99B2FA6801
:10154000FB691533DB0013440A465A80FA68FB69CD
:101550001533DB0013445B887A8A9A4221D9FB69F0
:101560007B61FA68FB691533DB0013445B887B827F
:1015700017E0FB68FA69153233F832303A8A9A423A
:101580000FD1FA68FB691533DB0013444FF0FF32CB
:101590005A60FA68FB691533DB00134400225A8055
:1015A00034E0FB690133FB61FB693F2B8BD9BB69DD
:1015B0003F2B14D8FA68BB691533DB0013443A6833
:1015C0005A60FB68BA691532398A23F83210FA6812
:1015D000BB691533DB00134440225A8016E07B6957
:1015E0003F2B13D8FA687B691533DB0013443A6844
:1015F0005A60FB687A691532398A23F83210FA6822
:101600007B691533DB00134440225A802037BD46E6
:1016100080BD80B596B000AFF860B9607A603B607D
:101620007A68B968002001F08DFF03461B0CA7F80B
:10163000523000237B655FE0FA687B6D1533DB0079
:1016400013445B68B3F1FF3F53D0FB687A6D1532EA
:1016500033F83230B7F852209A424AD107F11003DA
:1016600040220021184605F02CF9FA687B6D1533ED
:10167000DB0013445B6803F1400107F110024023D3
:10168000F86802F07AF807F110037A681946B8682A
:1016900005F02CF90346002B2BD1FA687B6D15332E
:1016A000DB0013445A683B681A60FA687B6D153397
:1016B000DB0013445B884FF6BE72934208D9FA6888
:1016C0007B6D1533DB0013444FF6FF725A800EE03A
:1016D000FA687B6D1533DB0013445B88403399B2A5
:1016E000FA687B6D1533DB0013440A465A800123E8
:1016F00006E07B6D01337B657B6D3F2B9CD900231E
:1017000018465837BD4680BD80B590B000AFF86030
:10171000B9607A60BB68BB63FB68DB68BA68B2FB20
:10172000F3F3FA68D26802FB03F31946F868FFF78F
:1017300050FE78637B6B002B55D07B6B5B69BA687E
:101740009A4250D14FF0FF3358E007F110022023A6
:10175000B968F86802F011F80346002B02D04FF088
:10176000FF334BE00023FB6331E007F11002FB6B1A
:1017700013441B781A46FB6B013340333B4413F888
:10178000303C1B021A44FB6B023340333B4413F8DA
:10179000303C1B041A44FB6B033340333B4413F8C7
:1017A000303C1B0613443B633B6B164A93420BD100
:1017B000BA68FB6B1344283BBA6B9A4204D8BA68E8
:1017C000FB6B1344283B19E0FB6B0133FB63FB6BA2
:1017D0001B2B05D8BA68FB6B13447A689A42C4D8AD
:1017E000BB681C33BB60BA687B689A4204D2BB6892
:1017F00020337A689A42A8D84FF0FF331846403712
:10180000BD4680BD4B56303080B586B000AFF86025
:10181000B9607A604FF0FF337B61BB685B78012B66
:1018200002D14FF0FF3344E07B681B6DB3F1FF3F03
:1018300004D1BB685B6840337B6139E07B681A6D1B
:10184000BB685968FB68DB680B449A422DD87B68FB
:101850005B78002B06D07B681A6D7B689B6813440D
:101860007B6103E07B681B6D08337B61BB685A6852
:10187000FB68DB681344403B1A467969F868FFF758
:1018800043FF78617B69B3F1FF3F0BD0BB685A68B7
:10189000FB68DB6813447A699A4203D87B689B68CB
:1018A000002B05D14FF0FF3303E04FF0FF3300E092
:1018B0007B6918461837BD4680BD80B5A4B002AF1D
:1018C000786039600023C7F88430002387F88330BC
:1018D0003B68196D07F12C024023786801F04DFF39
:1018E00007F12C030621184601F079FE0346DAB20F
:1018F0003B681A70BA6D3B689A603B689B68B3F1AD
:10190000FF3F09D03B689A687B681B699A4203D8FD
:101910003B689B683F2B1AD83B6840229A603B6823
:101920001B78052B0ED03B6805221A703B68196D99
:1019300007F12C0201230193052300930623786805
:1019400001F075FE3B6800225A700223B4E007F1F3
:101950002C03343304221946D7F8840001F0F2FD39
:10196000C7F8840007F12C03383304221946D7F84E
:10197000840001F0E7FDC7F884003B689B68403BAA
:101980007B670023FB670023BB6728E0FB6F2033E6
:101990007A6F9A4202D92023BB6703E07A6FFB6F0C
:1019A000D31ABB673B681A6DFB6F134403F1400108
:1019B000BB6F073323F0070307F10C02786801F0CF
:1019C000DCFE07F10C03BA6F1946D7F8840001F06A
:1019D000B9FDC7F88400FA6FBB6F1344FB67FA6F59
:1019E0007B6F9A42D2D3FB6DD7F884209A421CD0E9
:1019F00097F86030402B28BF4023DBB2FB663B6882
:101A000000225A70022387F883303B681B6D4033F5
:101A10003B673B6803F11002FB6E073323F00703BB
:101A2000396F786801F0A9FE44E03B6801225A70E2
:101A30003B681B6D40333B673B6803F1100097F830
:101A40006030DA1D97F860300733594203F007031E
:101A500001F0070158BF4B42D31A0246396F78682C
:101A600001F08BFE97F86030DA1D97F8603007338D
:101A7000594203F0070301F0070158BF4B42D31A44
:101A80001A463B6F1A443B685A657A6E3B68DA60C7
:101A900097F860203B689A7097F860303F2B02D926
:101AA0003F2387F8603097F860301A463B6813444C
:101AB00000221A7497F8833018468837BD4680BDD7
:101AC00080B5AEB000AFF860B9607A60FB700023FB
:101AD00087F8B73007F1680340220021184604F068
:101AE000F0FEFB68DA68BB68B3FBF2F101FB02F2BF
:101AF0009B1A002B01D000BFFDE77B68002B01D1B2
:101B000000BFFDE7B968F868FFF763FCC7F8B000ED
:101B1000D7F8B030002B17D0FB7883F00103DBB28D
:101B2000002B08D1FB78002B0ED0D7F8B0305B69C2
:101B3000B3F1FF3F08D01822D7F8B010786805F04D
:101B4000F6FD97F8B730DCE007F168024023B9688A
:101B5000F86801F012FE7B6800225A707B68002250
:101B60009A707B68BA685A60D7F898207B689A6048
:101B70007B689B68654A934208D1D7F89C30B3F1E3
:101B8000FF3F0CD0D7F89C30002B08D07B68002298
:101B90001A707B684FF0FF32DA600823B1E07B688F
:101BA00001221A70D7F89C207B68DA6007F168037D
:101BB0000421184601F013FD0346DAB27B685A701F
:101BC00007F1680318330421184601F008FD0346A5
:101BD000DAB27B689A70FB78002B79D07B680022A0
:101BE0001A617B685B6803F140027B685A617B681D
:101BF0005B78012B06D1FB68DB68A3F140027B68B0
:101C00001A6160E07B685B78022B5CD1FB68DB6863
:101C1000A3F140027B681A617B685B6840333B66D6
:101C200007F110031946F868FFF747FE7B7C83F045
:101C30000103DBB2002B0CD03B7C012B09D03B7C99
:101C4000052B06D07B6800221A61022387F8B73083
:101C500018E07B685A69BB691A447B685A617B68E3
:101C60001A69BB69D21A7B681A6107F110031A4618
:101C70007968F868FFF7C8FD03463B663B6EB3F131
:101C8000FF3FCDD17B6859697B685A68FB68DB6888
:101C900013441A46F86801F01CFDC7F8A8007B68D9
:101CA0005B69D7F8A8209A420DD07B68D7F8A820A6
:101CB0005A61FB68DA687B685968D7F8A830CB1A94
:101CC0001A447B681A617968F868FFF71DFB16E013
:101CD0007B685B681946F868FFF77BFBC7F8AC00C8
:101CE000D7F8AC30002B0AD17B684FF0FF325A6135
:101CF0007B6800221A617968F868FFF705FB97F89E
:101D0000B7301846B837BD4680BD00BF46444230A4
:101D100080B487B000AFF860B9607A60BB68DB68F8
:101D2000B3F1FF3F03D1FB68DB687B6106E0BB6872
:101D3000DB68FA68D26802FB03F37B617A687B692F
:101D40001A44FB681B699A420ED8BB685A687B69C3
:101D50001A44FB681B699A4204D2BB685A687B69C3
:101D6000134403E0002301E04FF0FF3318461C3713
:101D7000BD465DF8047B704780B58CB000AFF8605D
:101D8000B9607A603B600023BB62FB685B69FB6201
:101D9000FB68DB68BA6A1344BB6207F110020023D8
:101DA000F96AF868FFF78CFE0346002B29D1BB6B5C
:101DB000002B28D07B7C022B02D07B7C032B23D1F1
:101DC0007B6903F14002BB681A65B968F868FFF7E0
:101DD00074FDBB6B3A687968B86898470346002B76
:101DE0001FD107F11003BA681946F868FFF70CFD18
:101DF0000246BB681A65BB681B6DB3F1FF3FE4D1B7
:101E000002E000BF00E000BF07F11003BA6A194604
:101E1000F868FFF77DFFF862FB6AB3F1FF3FB7D1C7
:101E200000E000BF3037BD4680BD80B588B000AF50
:101E3000F860B9607A60BB68FB617B68BB61F86978
:101E4000DEF792FD7861FB689B781A467B699342C6
:101E500001D0002317E0FB685B78002B12D0FB68F1
:101E60001B78022B0ED1FB6810337A69F96918468A
:101E700004F03CFD0346002B04D1BB6901221A701B
:101E8000012300E0002318462037BD4680BD000036
:101E900080B588B002AFF860B9607A600023FB7546
:101EA00007F11703054A0092BA687968F868FFF7E6
:101EB00063FFFB7D18461837BD4680BD2B1E020808
:101EC00080B586B000AFF860B9607A600023FB751A
:101ED000B868DEF749FD38617B6850333A69B96804
:101EE000F868FFF796FB0346002B05D07968F86881
:101EF000FFF7E3FC012311E07A68B968F868FFF79F
:101F0000C7FF0346FB75FB7D002B06D07B681B6D6E
:101F10003A69B968F868FFF7BDFAFB7D18461837CB
:101F2000BD4680BD80B59CB000AFF860B9607A60F6
:101F30003B600023FB6607F114031A46B968F86892
:101F4000FFF7BEFF0346002B18D0BB6F002B02D05B
:101F50003A6ABB6F1A603B6A3A689A4202D93B6A96
:101F6000FB6601E03B68FB667B68002B0CD0B96E1A
:101F7000FB6E7A68F86801F000FC05E0BB6F002B8F
:101F800002D0BB6F00221A60FB6E18467037BD4648
:101F900080BD80B588B002AFF860B9607A60002378
:101FA0007B61FB681B7E83F00103DBB2002B01D059
:101FB00000231DE0FB68DB69002B03D0FB68DB69B5
:101FC000F86898477B681A687B6859687B681033A3
:101FD00000930B46B968F868FFF7A4FF7861FB68C7
:101FE0001B6A002B03D0FB681B6AF86898477B6963
:101FF00018461837BD4680BD80B588B002AFF8607E
:10200000B9607A600023FB757A680023019301238D
:1020100000930623B968F86801F009FB0346FB75D5
:10202000FB7D002B01D0FB7D0EE0BB6803F1280196
:102030007B6803F12802002300931823F86801F05D
:10204000DBFB0346FB75FB7D18461837BD4680BD9C
:1020500080B59EB002AFF860B9607A60002387F85F
:102060006F3007F12C0340220021184604F029FCB0
:10207000FB68DA68BB68B3FBF2F101FB02F29B1A62
:10208000002B01D000BFFDE7FB68DB681A46B9688A
:10209000F86801F092FB034687F86F3097F86F30CD
:1020A000002B4BD107F12C034022FF21184604F0EE
:1020B00008FC07F12C020123019301230093042360
:1020C000B968F86801F0B3FABB6803F1180107F1C9
:1020D0002C0303F11802012301930123009304232D
:1020E000F86801F0A4FA184BFB657B683B664FF07B
:1020F000FF337B66BB6803F1300107F12C0303F16A
:102100003002012300931023F86801F075FB0346A9
:1021100087F86F3007F1140300221A605A609A6042
:10212000DA601A615A61BB68BB614FF0FF33BB6272
:1021300007F114031946F868FFF7E6F897F86F30CF
:1021400018467037BD4680BD4644423080B58EB0DB
:1021500002AFF860B9607A603B60002387F82F30E7
:10216000BB685B78012B16D1BB68596807F1140274
:1021700001230193022300930423F86801F057FA26
:10218000034687F82F30BB685B6802221946F8685F
:10219000FFF76AF930E0BB685B78022B2CD1BB6893
:1021A0001B697F2B05D9BB681A697B68D31A7F2B03
:1021B0001CD8BB68596807F114020123019303235B
:1021C00000930423F86801F032FA034687F82F30B1
:1021D000BB685B6803221946F868FFF745F93B685E
:1021E000002B09D03B6801221A7005E03B68002BE8
:1021F00002D03B6800221A7097F82F30184630370B
:10220000BD4680BD80B586B000AFF860B9603B6068
:102210001346FB7100233B61FB685B697B61FB68D4
:10222000DB683A6913443B610023BA687969F8684E
:10223000FFF746FCFB79002B04D0BB685B78FA798A
:102240009A4214D197F82830002B05D00123BA68A0
:102250007969F868FFF734FC7B6A002B07D07B6A4A
:102260003A6A3968B86898470346002B0AD13A6938
:10227000B968F868FFF74CFD78617B69B3F1FF3FFF
:10228000CDD100E000BF1837BD4680BD80B487B017
:1022900000AFF860B9607A60BB687B617B683B61C6
:1022A000FB681B78002B09D0FB685B78012B05D1FC
:1022B0007B691B685A1C7B691A600CE0FB681B7801
:1022C000002B08D0FB685B78022B04D13B691B68AC
:1022D0005A1C3B691A60002318461C37BD465DF83E
:1022E000047B704780B487B000AFF860B9607A6053
:1022F000BB687B61FB681B78002B1ED0FB681A69EA
:102300007B695B6880339A4217D9FB689B78012B05
:102310000CD0FB689B78022B0FD17B691B6893F86C
:10232000303083F00103DBB2002B06D07B699B6861
:10233000FA6852691A60012300E0002318461C372E
:10234000BD465DF8047B704780B58EB004AFF86081
:10235000B9607A604FF0FF337B6200233B62002359
:10236000FB61FB683B617B687B6107F12403BB6118
:1023700007F1200200230293204B019307F11C0375
:10238000009313460022B968F868FFF73BFFFB692A
:10239000002B0CD007F1100301220292184A01927F
:1023A000002200920222B968F868FFF72BFF3B6A0F
:1023B000002B1DD07B6AB3F1FF3F19D13B6A012B83
:1023C00004D8FB6893F83030002B0DD007F11003D0
:1023D000012202920A4A0192002200920122B96867
:1023E000F868FFF70FFF03E0FB68012283F8302055
:1023F0007B6A18462837BD4680BD00BF8D22020883
:10240000E522020880B5AAB002AFF860B9607A6030
:10241000FB70002387F89F3007F13C03582200210E
:10242000184604F04EFA7B68002B0FD107F13C03ED
:102430001A46B968F868FFF743FD0346002B03D03E
:1024400007F13C037B6001E0052399E0FB7883F012
:102450000103DBB2002B13D07B68196D07F1140266
:1024600000230193032300930623F86801F0DFF8AB
:10247000034687F89F30FB68012283F8A4203AE0E6
:102480007B68196D07F11402012301930423009363
:102490000623F86801F0CBF8034687F89F30FB6805
:1024A00093F8A43083F00103DBB2002B1FD097F820
:1024B0009F30002B1BD1BB68002B0AD0B868DEF719
:1024C00053FA02464FF0FF33B968F868FEF7E2FFAF
:1024D0000DE07B68002B0AD07B6803F110017B685C
:1024E0009B781A464FF0FF33F868FEF7D3FFFB687E
:1024F000002283F8A4207B681A6DFB68DB68B2FBBE
:10250000F3F3FA68D26802FB03F31833C7F8983084
:1025100097F89F30002B31D107F114020423D7F82C
:102520009810F86801F0B7F80346012B26D107F19F
:10253000140201230193022300930423D7F8981077
:10254000F86801F074F8034687F89F307B681A6DCD
:10255000FB68DB68B2FBF3F3FA68D26802FB03F3B3
:102560001946F868FEF735FFC7F89400D7F894309D
:10257000002B03D0D7F8943002229A7097F89F303E
:102580001846A037BD4680BD80B5C0B002AF7860A8
:102590003960002387F8F7303B681B78022B05D1A0
:1025A00000233A6800217868FFF72CFF3B689A689F
:1025B00007F1A40319467868FFF7C6FEC7F8E800DC
:1025C000D7F8E830B3F1FF3F29D07B6893F831307A
:1025D000002B26D03B681B78032B22D107F1080380
:1025E00041220021184604F06CF93B6803F1100108
:1025F0003B689B781A4607F10803184604F088F9EF
:1026000007F14C0207F1080319467868FFF740FC10
:102610000346002B05D0002387F8F730A7E00723F7
:10262000ADE03B689B68C7F8E4303B689A6807F107
:10263000A40100237868FFF789FD07F1BC0200239D
:102640000193012300930623D7F8E810786800F07F
:10265000EEFFD7F8E430283BC7F8E4300023C7F892
:10266000F0300023C7F8EC303CE0D7F8F0302033EE
:10267000D7F8E4209A4203D92023C7F8EC3006E0CB
:10268000D7F8E420D7F8F030D31AC7F8EC303B681D
:102690001A6DD7F8F030134403F12801D7F8EC3065
:1026A000073323F0070307F14C02786801F065F85F
:1026B000D7F8E820D7F8F030134403F1280107F1E8
:1026C0004C0201230093D7F8EC30786801F094F8BD
:1026D000034687F8F730D7F8F020D7F8EC301344EA
:1026E000C7F8F030D7F8F020D7F8E4309A42BCD3DE
:1026F00007F1BC0201230193022300930623D7F8BC
:10270000E810786800F093FF7B68DB68D7F8E82072
:10271000B2FBF3F37A68D26802FB03F03B689B7864
:10272000DA1D3B689B780733594203F0070301F039
:10273000070158BF4B42D31A1A46D7F8E8301A445B
:102740003B68DB68073323F00703134440331A4622
:1027500001467868FEF769FE3B6803F110013B68AB
:102760009B781A46D7F8E8307868FEF793FE012385
:102770003A6800217868FFF745FE97F8F730184669
:10278000F837BD4680BD80B586B000AFF860B9604F
:102790007A600023FB754FF0FF333B617A68B968BC
:1027A000F868FFF7D1FD38613B69B3F1FF3F18D1FD
:1027B000FB6893F83030002B0CD0FB7D83F00103D5
:1027C000DBB2002B06D07968F86800F0DBF8012353
:1027D000FB75E3E7FB7D002B03D0FB68002283F849
:1027E00030203B6918461837BD4680BD80B586B09D
:1027F00000AFF860B9607A603B607B68073323F014
:1028000007023B68073323F00703134440337B611F
:102810007A69B968F868FFF7B6FF034618461837B3
:10282000BD4680BD80B487B000AFF860B9607A6003
:10283000BB687B617B683B61FB681B78002B08D021
:102840007B691B685A1C7B691A60FB685A683B6984
:102850001A60002318461C37BD465DF8047B70479C
:1028600080B5ACB002AFF860B9607A60BB68C7F8F9
:10287000A430D7F8A4301B68C7F8A0300023C7F8ED
:102880009C30FB681B78002B77D0FB689B78022B71
:1028900003D0FB689B78032B6FD1FB685B6803F167
:1028A000180107F12C020123019303230093042351
:1028B000D7F8A00000F0BBFEFB685B684033C7F8A8
:1028C000943007F144031946D7F8A000FEF7F5FF4E
:1028D00097F84530002B0FD097F84430022B03D0E7
:1028E00097F84430032B07D107F144031946D7F872
:1028F000A000FFF749FE00BF07F144031A46F9683C
:10290000D7F8A000FEF780FF0346C7F89430D7F849
:102910009430B3F1FF3FD4D1FB685B684FF0FF32D6
:102920001946D7F8A000FFF793FBD7F8A4309B68AF
:10293000C7F89C30FB685A68D7F8A4309A60002228
:10294000F968D7F8A000FFF7E3F90246D7F8A030FE
:102950005A6107F114020123D7F89C10D7F8A000A0
:10296000FFF7AEF80346002B07D17A6AD7F8A430F8
:102970005B689A4201D9012300E000231846A8377A
:10298000BD4680BD80B592B004AF78603960002349
:10299000FB610023BB6107F11C0207F1200100234A
:1029A0000293144B019307F118030093134601227D
:1029B0007868FFF727FCFB69012B13D87B68FB6065
:1029C0003B683B61BB697B6107F10C0307F12001A8
:1029D00000220292084A01920022009200227868A6
:1029E000FFF710FC7B68002283F8302000BF3837E7
:1029F000BD4680BD252802086128020880B582B046
:102A000000AF78607B681B6919467868FFF7BAFFEA
:102A100000BF0837BD4680BD80B59AB002AFF860F0
:102A2000B9607A603B60002387F85F300023FB7455
:102A3000BB685B69BB657868DDF796FF0346402B92
:102A400001D905233BE107F114034022FF21184679
:102A500003F037FF9C4BFB637868DDF785FF034687
:102A6000DBB287F84830BB6EFB6497F84830DA1D5C
:102A700097F848300733594203F0070301F0070184
:102A800058BF4B42D31A1A46FB6C073323F0070397
:102A9000134440333B643A6CFB68DB68403B9A422A
:102AA00001D907230BE1BB6DB3F1FF3F0BD13B6CA9
:102AB0001A46B968F868FFF766FEB865BB6DB3F1F2
:102AC000FF3F00F0F58097F85F30002B09D13A6C9A
:102AD00007F11303B968F868FFF738FB034687F876
:102AE0005F3097F85F30002B69D1FF23BB74002360
:102AF0007B64786C07F1140334330422194600F028
:102B000021FD03467B64786C07F1140338330422FB
:102B1000194600F017FD03467B647B6C97F848204C
:102B20007968184600F00EFD03467B6497F848303C
:102B3000DA1D97F848300733594203F0070301F0D4
:102B4000070158BF4B42D31A97F848209B1A7B6560
:102B500008E07B6C07F112010122184600F0F2FC3C
:102B600003467B647B6D5A1E7A65002BF1D17B6C2A
:102B7000FA6C3968184600F0E5FC03467B64FB6C90
:102B8000073323F00702FB6CD31A7B6508E07B6CEC
:102B900007F112010122184600F0D4FC03467B64C1
:102BA0007B6D5A1E7A65002BF1D107F114031A468A
:102BB000B96DF868FFF720FA034687F85F3097F899
:102BC0005F30002B37D1BB6D03F1400197F84830DF
:102BD0007A68F86800F030FE034687F85F30FB7CC7
:102BE00083F00103DBB2002B1DD0BB68586897F857
:102BF0004830DA1D97F848300733594203F007038D
:102C000001F0070158BF4B42D31A1A46BB6D1A4454
:102C1000FB6C073323F00703134440331A46014685
:102C2000F868FEF702FC97F848301A46BB6D7968E1
:102C3000F868FEF72FFC97F85F30002B1AD197F851
:102C40004830DA1D97F848300733594203F007033C
:102C500001F0070158BF4B42D31A1A46BB6D13440B
:102C600003F14001FB6C3A68F86800F0E5FD0346AB
:102C700087F85F3097F85F30002B0DD107F1140211
:102C800001230193022300930623B96DF86800F035
:102C9000CEFC034687F85F3097F85F30002B0BD1EE
:102CA000FB7C002B08D0FB68012283F8302003E076
:102CB000072387F85F3000E000BF97F85F301846C1
:102CC0006037BD4680BD00BF4B56303080B584B004
:102CD00000AF786039600023FB737B681B7E83F054
:102CE0000103DBB2002B01D0082318E07B68DB690D
:102CF000002B03D07B68DB697868984701230022AA
:102D000039687868FFF77EFB0346FB737B681B6AB4
:102D1000002B03D07B681B6A78689847FB7B1846BA
:102D20001037BD4680BD90B589B002AFF860B9607C
:102D30007A603B600023FB750023BB757B68002B2A
:102D400008D101230022B968F868FFF75BFB03464E
:102D5000FB7561E0FB6803F18C04B868DDF704FEE5
:102D600002463B682146F868FFF740FD0346B3F191
:102D7000FF3F01D1072350E0FB6834331A46B9689E
:102D8000F868FFF79DF80346BB75BB7D002B09D0A3
:102D9000FB6803F134020023B968F868FFF732FBDF
:102DA0000346FB75FB7D002B0BD1FB6803F18C0107
:102DB0003B6800937B68BA68F868FFF72DFE03460E
:102DC000FB75BB7D002B0CD0FB7D002B09D1FB6874
:102DD00003F134020123B968F868FFF713FB0346D7
:102DE000FB75FB6893F83030002B15D0B868DDF721
:102DF000BBFD0446B868DDF7B7FD0346073303F0B3
:102E00000703E21A3B68073323F0070313444733F1
:102E10001946F868FFF7B6FDFB7D18461C37BD461E
:102E200090BD80B586B000AFF860B9607A600023CD
:102E3000FB75FB681B7E83F00103DBB2002B01D026
:102E400008231AE0FB68DB69002B03D0FB68DB6911
:102E5000F86898477B681A687B685B68B968F868A7
:102E6000FFF761FF0346FB75FB681B6A002B03D06D
:102E7000FB681B6AF8689847FB7D18461837BD4603
:102E800080BD80B58EB002AF7860002387F82F3008
:102E90007B68DB69002B03D07B68DB697868984727
:102EA00000237B620AE07A687B6A1533DB001344F7
:102EB0004FF0FF325A607B6A01337B627B6A3F2BA3
:102EC000F1D90023BB6211E04FF0FF32B96A786894
:102ED000FFF7BEF8034687F82F3097F82F30002B06
:102EE0005AD17B68DB68BA6A1344BB627B681B6992
:102EF000BA6A9A42E8D300237B6247E07B68996A0A
:102F00007A6A13465B0013449B000B449B68002BBA
:102F10000DD17B68996A7A6A13465B0013449B0063
:102F20000B445B681846DDF71FFD386209E07B68DB
:102F3000996A7A6A13465B0013449B000B449B68B2
:102F40003B624FF0FF33FB617B68996A7A6A1346F4
:102F50005B0013449B000B4418687B68996A7A6A8B
:102F600013465B0013449B000B445A6807F10801A9
:102F70003B6A0093134602467868FFF74DFD97F8C9
:102F80002F30002B0AD17B6A01337B627B68DB6ABE
:102F90007A6A9A42B2D302E000BF00E000BF7B68C9
:102FA00000225A617B681B6A002B03D07B681B6A76
:102FB0007868984797F82F3018463037BD4680BD5F
:102FC00090B589B002AF78607B68D3F86833BB6096
:102FD00007F10C020023009304233E497868FEF7B2
:102FE000A1FF0346002B68D0FA68BB689A426CD0F8
:102FF00000237B615CE07B68996A7A6913465B0019
:1030000013449B000B4419687B6834331A46786874
:10301000FEF756FF034683F00103DBB2002B44D0DA
:103020007B68996A7A6913465B0013449B000B44E2
:103030009B68002B0DD17B68996A7A6913465B0007
:1030400013449B000B445B681846DDF78DFC386128
:1030500009E07B68996A7A6913465B0013449B0018
:103060000B449B683B617B684FF0FF32C3F8A020A4
:103070007B6803F18C007B68996A7A6913465B0070
:1030800013449B000B441C687B68996A7A69134659
:103090005B0013449B000B445A683B690093134642
:1030A000224601467868FFF7B7FC7B6901337B61F4
:1030B0007B68DB6A7A699A429DD307F10802042390
:1030C00004497868FFF72FFE00E000BF1C37BD46BB
:1030D00090BD00BF88E9020880B487B000AFF860F7
:1030E000B9607A60BB687B617B683B613B691B7838
:1030F000012B0BD1FB685B78032B03D0FB685B785B
:10310000022B03D1FB685A687B691A60FB685A7806
:103110003B691A70002318461C37BD465DF8047BD6
:10312000704780B586B000AFF860B9607A60FB6820
:103130001B7883F00103DBB2002B16D0BB687B61E8
:103140007B683B617B691B685A1C7B691A603B6921
:103150009B7E002B01D0012308E0FB685B684FF0E9
:10316000FF3219463869FEF773FF002318461837F7
:10317000BD4680BD80B586B000AFF860B9607A60AA
:10318000BB687B61FB681B78002B0AD0FB689B78CF
:10319000032B06D17B69012283F830207869FFF781
:1031A0002DFC002318461837BD4680BD80B592B06F
:1031B00002AFF860B9607A60BB68FB63FB685B785C
:1031C000002B0CD0FB681B78032B08D1F968F86B37
:1031D000FFF7DAF90346002B26D0012325E0FB6830
:1031E0001B78012B0DD1FB68196D07F11402012327
:1031F0000193052300930623F86B00F018FA0123CE
:1032000013E0FB685B78002B0ED0FB681B78022B69
:103210000AD1FB6803F11001FB689B781A46FB6832
:103220001B6DF86BFEF736F9002318464037BD4694
:1032300080BD000080B5A4B004AF7860002387F89B
:103240007F300023BB607B68012283F8312007F1C7
:10325000080207F10C0100230293234B01937B68C2
:103260000093134600227868FEF7CCFF7B689B7EB4
:10327000002B04D0BB68002B01D0022330E07B6818
:103280001A697B68DB68B2FBF3F2BB689A4202D131
:103290007868FFF7F6FD07F10C0100230293134B4A
:1032A0000193002300937B6800227868FEF7AAFF51
:1032B00007F124010E4B009300237A687868FEF72B
:1032C0005BFD7B6893F83030002B03D07868FFF704
:1032D00095FBEDE77B68002283F8312097F87F307B
:1032E00018468037BD4680BD23310208753102087B
:1032F000AD31020880B485B000AFF860B9607A6083
:10330000FB68002B01D100BFFDE7BB680B2B3FD84A
:1033100001A252F823F000BF493302085F330208CC
:1033200069330208713302089133020891330208AD
:103330009133020891330208913302088F33020857
:103340008F33020879330208FB681B7E002B01D003
:1033500000BFFDE77B681A68FB68DA6018E0FB686D
:10336000DA687B681A6013E07A68FB68DA610FE05C
:103370007A68FB681A620BE0FB681B7E002B01D0A9
:1033800000BFFDE77B681A78FB689A7600E000BF13
:1033900000BF1437BD465DF8047B704780B592B01E
:1033A00004AFF860B9607A603B60002387F837307B
:1033B0003B6C009300237A68B968F868FDF706FF54
:1033C000034687F8373097F83730002B40F0A88055
:1033D000FB68DB69002B03D0FB68DB69F868984762
:1033E000FB68002283F83020FB68002283F831203C
:1033F0003B68002B07D0FB683A68283392E803004B
:1034000083E8030005E0FB680022DA62FB68002223
:103410009A6200237B610023FB74FB6800225A61DF
:1034200007F1140207F1180100230293444B0193A2
:1034300007F11303009313460022F868FEF7E2FE3B
:103440007A69FB685A61FB681A69FB68DB68B2FB42
:10345000F3F3012B01D800BFFDE700233B6325E018
:10346000F9683A6B13465B001344DB000B4403F529
:103470002A7300221A70F9683A6B13465B001344F2
:10348000DB000B4403F52F734FF0FF321A60F9682D
:103490003A6B13465B001344DB000B4403F52B73BC
:1034A0004FF0FF321A603B6B01333B633B6B072BE2
:1034B000D6D900233B630AE0FA683B6B1533DB0087
:1034C00013444FF0FF325A603B6B01333B633B6B5D
:1034D0003F2BF1D9FB681B6A002B03D0FB681B6AEA
:1034E000F8689847F868FFF7A5FE034687F8373075
:1034F000FB68DB69002B03D0FB68DB69F868984741
:1035000097F83730002B02D1F868FFF759FDFB68B8
:103510001B6A002B06D0FB681B6AF868984702E01C
:1035200000BF00E000BF97F837301946F868FDF794
:10353000CDFE97F8373018463837BD4680BD00BFFE
:10354000D930020880B487B000AFF860B9607A6003
:10355000BB687B61FB68DB43FB600EE07B695A1C48
:103560007A611B781A46FB685340DBB2094A52F86D
:103570002320FB681B0A5340FB607B685A1E7A605D
:10358000002BEBD1FB68DB4318461C37BD465DF8CA
:10359000047B704700ED020880B586B000AFF8608C
:1035A000B9607A604FF0FF337B61BB689B01393BA8
:1035B000DB081A46FF21F86803F083F97B68002BCB
:1035C00008D07B68013BDB007B61FA687B691344B0
:1035D00000221A707B6918461837BD4680BD80B43A
:1035E00085B000AF786039600023FB603B68013B29
:1035F0003B603B68BB600AE03B689B01DB087A6884
:1036000013441B78002B08D0FB680133FB603B6838
:103610005A1E3A60002BEFD100E000BFBA68FB6889
:10362000D31A18461437BD465DF8047B704780B541
:1036300088B002AFF860B9607A603B600023FB7528
:103640003A6A3B689A4201D300BFFDE77B68002BD2
:1036500001D100BFFDE73A6A39687868FFF79CFF3F
:1036600038613B69B3F1FF3F01D100230FE0BA6835
:103670003B69D1187A683B691A4497F82430009363
:103680000823F86800F0B8F80346FB75FB7D184680
:103690001837BD4680BD80B584B000AFF860B96012
:1036A0007A603B607B68002B01D100BFFDE73B687F
:1036B0009B01393BDB087A68B968F86800F05DF86F
:1036C00039687868FFF78BFF034618461037BD4608
:1036D00080BD80B590B000AFF860B9607A6000231B
:1036E00087F83F30BB687B6335E0BB6820337A687E
:1036F0009A4202D920233B6303E07A68BB68D31A5D
:103700003B6307F110023B6BB968F86800F035F8CD
:103710000023BB6318E097F83F30FF2B0AD007F176
:103720001002BB6B13441B78FF2B03D1BA68BB6B31
:1037300013447B6307F11002BB6B13441B7887F8BB
:103740003F30BB6B0133BB63BA6B3B6B9A42E2D336
:10375000BB682033BB60BA687B689A42C5D397F8D0
:103760003F30FF2B04D17B6B073323F0070300E0CE
:103770007B6818464037BD4680BD80B586B000AF37
:10378000F860B9607A603B600023FB75FB685B7E84
:10379000002B01D002230CE0FB6898683B687A6834
:1037A000B968FDF7D1FB0346002B01DA0223FB7554
:1037B000FB7D18461837BD4680BD80B586B000AF8A
:1037C000F860B9607A600023FB75FB685B7E002BB4
:1037D00001D001230CE0FB689B687A68B968184641
:1037E000FDF78AFC0346002B01DA0123FB75FB7D04
:1037F00018461837BD4680BD80B586B000AFF8606A
:10380000B9607A603B600023FB75FB685B7E002B30
:1038100001D003230CE0FB6898683B687A68B968BC
:10382000FDF7FEFB0346002B01DA0323FB75FB7D4E
:1038300018461837BD4680BD80B58CB002AFF86021
:10384000B9607A603B60002387F8273008233B6229
:1038500007F114033A6AFF21184603F032F83B6877
:10386000072B0CD93B6823F00703002200927A68EB
:10387000B968F868FFF7C0FF034687F827303B6850
:1038800003F00703FB6197F82730002B1DD1FB697C
:10389000002B1AD03B6823F007037A68D11807F190
:1038A0001403FA69184603F042FF3B6823F007024D
:1038B000BB68D11807F11402002300933B6AF86833
:1038C000FFF79AFF034687F8273097F82730184606
:1038D0002837BD4680BD80B582B000AF786078687B
:1038E000E6F7F6FA034618460837BD4680BD80B5B0
:1038F00082B000AF78607868E6F7BCFB00BF08379D
:10390000BD4680BD80B582B000AF064B3B60064B24
:103910007B603B46184600F0A5F800BF0837BD465F
:1039200080BD00BFD7380208EF38020880B582B0EA
:1039300000AF78607B68002B02D07868FFF7D7FF74
:1039400000BF0837BD4680BD80B485B000AF786049
:1039500039607B68002B07D17A683B689A4214BFB4
:1039600001230023DBB255E03B68002B0DD101237E
:1039700050E07B681B78002B01D100234AE07B6874
:1039800001337B603B6801333B607B681B78FB73D2
:10399000FB7B0133224A13441B7803F00303012B02
:1039A00003D1FB7B03F1200200E0FA7B3B681B782C
:1039B000BB73BB7B01331A490B441B7803F0030331
:1039C000012B02D1BB7B203300E0BB7B9A42D0D0DD
:1039D0007B681B787B737B7B0133114A13441B7814
:1039E00003F00303012B03D17B7B03F1200200E0F2
:1039F0007A7B3B681B783B733B7B013308490B4464
:103A00001B7803F00303012B02D13B7B203300E042
:103A10003B7BD31A18461437BD465DF8047B7047CC
:103A2000600B030880B584B000AF78607868DCF77D
:103A30009BFF03460133FB60094B1B68F8689847FE
:103A4000B860BB68002B01D1002305E0FA687968F3
:103A5000B86803F06CFEBB6818461037BD4680BDE1
:103A6000E802022080B483B000AF78607B68002B4E
:103A700006D1104B104A1A60104B114A1A6013E01D
:103A80007B681B68002B02D07B681B6800E00A4B38
:103A9000084A13607B685B68002B02D07B685B6818
:103AA00000E0074B054A13600C37BD465DF8047B08
:103AB000704700BFE8020220D1600208EC02022039
:103AC000E160020880B582B000AF094B1B68282076
:103AD000984778607B68002B04D028220021786802
:103AE00002F0EFFE7B6818460837BD4680BD00BF78
:103AF000E802022080B584B000AF786037E07B68D0
:103B00001B68FB607B68DB6803F48073002B08D1C3
:103B10007B689B68002B04D07B689B681846FFF786
:103B2000E9FF7B68DB6803F48073002B09D17B68B5
:103B30001B69002B05D0124B1B687A68126910466E
:103B400098477B68DB6803F40073002B09D17B681E
:103B50001B6A002B05D00A4B1B687A68126A104654
:103B60009847074B1B6878689847FB687B607B68C1
:103B7000002BC4D100BF00BF1037BD4680BD00BFC1
:103B8000EC02022080B52DED028B8AB000AF786088
:103B900039604FF000024FF00003C7E908234FF0EF
:103BA00000026F4BC7E906234FF000024FF00003FD
:103BB000C7E904230023FB600123BB603B681B783B
:103BC0002D2B07D14FF00002664BC7E906233B6857
:103BD00001333B603B681B78302B02D13B680133DB
:103BE0003B603B681B78302B1ED93B681B78392B18
:103BF0001AD897ED087BB2EE046B27EE066B3B6894
:103C00005A1C3A601B78303B07EE903AB8EEE77BDF
:103C100036EE077B87ED087B3B681B782F2B03D99B
:103C20003B681B78392BE4D93B681B782E2B2FD1AE
:103C30003B6801331B782F2B2AD93B6801331B7853
:103C4000392B25D83B6801333B6097ED087BB2EEFA
:103C5000046B27EE066B3B685A1C3A601B78303BBE
:103C600007EE903AB8EEE77B36EE077B87ED087BF0
:103C700097ED047BB7EE006B37EE467B87ED047B58
:103C80003B681B782F2B03D93B681B78392BDCD979
:103C90003B681B78652B03D03B681B78452B2AD1EA
:103CA0003B6801333B603B681B782B2B03D13B689F
:103CB00001333B6017E03B681B782D2B13D14FF08D
:103CC000FF33BB603B6801333B600CE0FA6813468E
:103CD0009B0013445B0019463B685A1C3A601B78F2
:103CE000303B0B44FB603B681B782F2B03D93B68B0
:103CF0001B78392BEAD997ED066B97ED087B26EEFA
:103D0000078BFB68BA6802FB03F307EE903AB8EE44
:103D1000E76B97ED047B36EE077BB0EE471BB2EE08
:103D2000040B01F0E9FDB0EE407B28EE077B87ED48
:103D3000087B7968D7E90823C1E9062397ED087B5A
:103D4000FDEEC77B17EE902A7B685A617B680322E1
:103D5000DA603B6818462837BD46BDEC028B80BD53
:103D60000000F03F0000F0BF80B483B000AF786087
:103D70007B68013B7B607B685B107A6813437B60E8
:103D80007B689B107A6813437B607B681B117A68A1
:103D900013437B607B681B127A6813437B607B68EC
:103DA0001B147A6813437B607B68013318460C3719
:103DB000BD465DF8047B704780B584B000AF786085
:103DC00039607B68002B03D07B681B68002B01D116
:103DD000002346E07B689B683A6813443B607B683D
:103DE0005B683A689A4205DC7B681B687A6892686F
:103DF000134436E03868FFF7B7FFF8601B4B1B68C9
:103E0000FA6810469847B860BB68002B0DD1184B74
:103E10001B687A681268104698477B6800225A60CF
:103E20007B6800221A6000231BE0BB68002B07D0D0
:103E30007B6819687B685B681A46B86803F077FC92
:103E40000B4B1B687A681268104698477B68FA68C3
:103E50005A607B68BA681A607B689B681A46BB68C0
:103E6000134418461037BD4680BD00BFE80202204B
:103E7000EC02022090B585B000AF78607B68002B23
:103E800003D07B681B68002B01D100230DE07B6809
:103E90001B687A6892681344FB607B689B681C46C9
:103EA000F868DCF761FD0346234418461437BD4625
:103EB00090BD00000000000080B586B000AF7860C3
:103EC000396000237B617B68D3E90623C7E90223BD
:103ED00097ED027BB5EE407BF1EE10FA18D13B680E
:103EE000002B05D002213868FFF766FF786104E0F7
:103EF000614B1B680220984778617B69002B00F0BA
:103F00009E807B695D491A460B461B88138096E0AC
:103F10007B685B6907EE903AB8EEE76B97ED027B42
:103F200036EE477BB0EEC77B9FED476BB4EEC67BAA
:103F3000F1EE10FA2AD897ED027B9FED456BB4EEB7
:103F4000C67BF1EE10FA21D897ED027B9FED426B14
:103F5000B4EEC67BF1EE10FA18DB3B68002B05D0FF
:103F600015213868FFF728FF786104E0424B1B6891
:103F70001520984778617B69002B60D07B685B696E
:103F80001A463F49786902F079FB58E03B68002BFC
:103F900005D040213868FFF70FFF786104E0364B09
:103FA0001B684020984778617B69002B47D097EDCC
:103FB000020B01F08DFFB0EE406B97ED027B36EE09
:103FC000477BB0EEC77B9FED206BB4EEC67BF1EE76
:103FD00010FA11D897ED027BB0EEC77B9FED206BF6
:103FE000B4EEC67BF1EE10FA06D5D7E902232549D7
:103FF000786902F043FB22E097ED027BB0EEC77BCD
:104000009FED196BB4EEC67BF1EE10FA0AD497ED72
:10401000027BB0EEC77B9FED166BB4EEC67BF1EE74
:1040200010FA06DDD7E902231749786902F026FB6A
:1040300005E0D7E902231549786902F01FFB7B6987
:1040400018461837BD4680BD000000000000B03C97
:104050000000C0FFFFFFDF41000000000000E0C1E2
:1040600044F3C2E4E4E9634C8DEDB5A0F7C6B03E7D
:104070000000000065CDCD41E802022094E902086D
:1040800098E902089CE90208A4E90208A8E90208E4
:1040900080B485B000AF78600023FB607B681B783C
:1040A0002F2B0BD97B681B78392B07D87B681B78A3
:1040B0001A46FB681344303BFB6021E07B681B78A9
:1040C000402B0BD97B681B78462B07D87B681B7865
:1040D0001A46FB681344373BFB6011E07B681B7892
:1040E000602B0BD97B681B78662B07D87B681B7805
:1040F0001A46FB681344573BFB6001E00023A8E02D
:10410000FB681B01FB607B6801337B607B681B786D
:104110002F2B0BD97B681B78392B07D87B681B7832
:104120001A46FB681344303BFB6021E07B681B7838
:10413000402B0BD97B681B78462B07D87B681B78F4
:104140001A46FB681344373BFB6011E07B681B7821
:10415000602B0BD97B681B78662B07D87B681B7894
:104160001A46FB681344573BFB6001E0002370E0F4
:10417000FB681B01FB607B6801337B607B681B78FD
:104180002F2B0BD97B681B78392B07D87B681B78C2
:104190001A46FB681344303BFB6021E07B681B78C8
:1041A000402B0BD97B681B78462B07D87B681B7884
:1041B0001A46FB681344373BFB6011E07B681B78B1
:1041C000602B0BD97B681B78662B07D87B681B7824
:1041D0001A46FB681344573BFB6001E0002338E0BC
:1041E000FB681B01FB607B6801337B607B681B788D
:1041F0002F2B0BD97B681B78392B07D87B681B7852
:104200001A46FB681344303BFB6021E07B681B7857
:10421000402B0BD97B681B78462B07D87B681B7813
:104220001A46FB681344373BFB6011E07B681B7840
:10423000602B0BD97B681B78662B07D87B681B78B3
:104240001A46FB681344573BFB6001E0002300E083
:10425000FB6818461437BD465DF8047B70470000C4
:1042600080B588B000AF786039603B680133FB618E
:1042700000237B613B681B78222B0DD09F4A3B6853
:104280001360002366E1FB695A1CFA611B785C2B02
:1042900002D1FB690133FB61FB691B78222B09D03A
:1042A000FB691B78002B05D07B6901337B617B693F
:1042B000002BE8D1924B1B687A690132104698476F
:1042C000F860FB68002B01D1002343E13B68013318
:1042D000FB61FB68BB6123E1FB691B785C2B08D0A9
:1042E000FA69531CFB61BB69591CB96112781A70D9
:1042F00016E1FB690133FB61FB691B78623B132B01
:1043000000F2048101A252F823F000BF5D430208CD
:104310000D4502080D4502080D45020869430208D3
:104320000D4502080D4502080D4502080D4502081D
:104330000D4502080D4502080D45020875430208A7
:104340000D4502080D4502080D450208814302088B
:104350000D4502088D43020899430208BB695A1CA7
:10436000BA6108221A70D8E0BB695A1CBA610C22E3
:104370001A70D2E0BB695A1CBA610A221A70CCE0EA
:10438000BB695A1CBA610D221A70C6E0BB695A1C7F
:10439000BA6109221A70C0E0FB6901331846FFF7C1
:1043A00077FE3861FB690433FB613B69B3F55C4F11
:1043B00004D33B69B3F5604FC0F0AF803B69002B7D
:1043C00000F0AB803B69B3F5584F2DD33B69B3F593
:1043D0005C4F29D2FB6901331B785C2B40F09D8038
:1043E000FB6902331B78752B40F09780FB69033320
:1043F0001846FFF74DFEB860FB690633FB61BB68EA
:10440000B3F55C4FC0F08980BB68B3F5604F80F0B6
:1044100084803B699A023B4B1340BA68C2F309029D
:10442000134303F580333B6104237B613B697F2B9E
:1044300002D801237B610CE03B69B3F5006F02D227
:1044400002237B6105E03B69B3F5803F01D2032382
:104450007B617B69BA691344BB617B69013B032BB8
:1044600047D801A252F823F0D9440208B9440208FF
:1044700099440208794402083B69DBB203F03F0328
:10448000DBB2BA69013ABA6163F07F03DAB2BB69A1
:104490001A703B699B093B613B69DBB203F03F0348
:1044A000DBB2BA69013ABA6163F07F03DAB2BB6981
:1044B0001A703B699B093B613B69DBB203F03F0328
:1044C000DBB2BA69013ABA6163F07F03DAB2BB6961
:1044D0001A703B699B093B610B4A7B6913441A784C
:1044E0003B69DBB2B9690139B9611343DAB2BB691F
:1044F0001A707B69BA691344BB610EE02CDA05209F
:10450000E802022000FC0F0000F10208BB695A1CFF
:10451000BA61FA6912781A7000BFFB690133FB6156
:10452000FB691B78222B04D0FB691B78002B7FF4DE
:10453000D3AEBB6900221A70FB691B78222B02D113
:10454000FB690133FB617B68FA681A617B680422AE
:10455000DA60FB6918462037BD4680BD80B588B05B
:1045600000AF7860396000233B610023FB607B680B
:10457000FB6118E0FB691B78002B03D0FB691B78FB
:104580001F2B07D9FB691B78222B03D0FB691B78F3
:104590005C2B01D1012300E00023FA681343FB6088
:1045A000FB690133FB61FB691B78002BE2D1FB68DF
:1045B000002B32D1FA697B68D31A3B613B68002B30
:1045C00007D03B69033319463868FFF7F5FB78617C
:1045D00006E0984B1B683A690332104698477861A9
:1045E0007B69002B01D1002320E17B69BB61BB69A2
:1045F0005A1CBA6122221A707968B86903F08FF8E0
:104600003B69BA69134422221A703B690133BA69C3
:10461000134400221A707B6908E17B68002B1AD1D1
:104620003B68002B05D003213868FFF7C5FB786194
:1046300004E0804B1B680320984778617B69002B5E
:1046400001D10023F2E07B697B4A118892781980BE
:104650009A707B69EAE07B68FB6114E0FB7A19469B
:10466000764802F036F90346002B03D03B6901334C
:104670003B6105E0FB7A1F2B02D83B6905333B61A8
:10468000FB690133FB61FB691B78FB72FB7A002B32
:1046900005D03B6901333B613B69002BDED13B68B0
:1046A000002B07D03B69033319463868FFF784FBBA
:1046B000786106E05F4B1B683A6903321046984701
:1046C00078617B69002B01D10023AFE07B69BB617E
:1046D0007B68FB61BB695A1CBA6122221A7095E0A3
:1046E000FB691B781F2B10D9FB691B78222B0CD080
:1046F000FB691B785C2B08D0FA69531CFB61BB6912
:10470000591CB96112781A7080E0BB695A1CBA61F1
:104710005C221A70FB695A1CFA611B78FB72FB7AE7
:10472000222B3DDC082B67DB083B1A2B64D801A247
:1047300052F823F0BD470208ED470208D5470208AA
:10474000F9470208C9470208E1470208F947020889
:10475000F9470208F9470208F9470208F947020831
:10476000F9470208F9470208F9470208F947020821
:10477000F9470208F9470208F9470208F947020811
:10478000F9470208F9470208F9470208F947020801
:10479000F9470208F9470208F9470208B147020839
:1047A0005C2B29D1BB695A1CBA615C221A702DE0BE
:1047B000BB695A1CBA6122221A7027E0BB695A1CD5
:1047C000BA6162221A7021E0BB695A1CBA61662282
:1047D0001A701BE0BB695A1CBA616E221A7015E090
:1047E000BB695A1CBA6172221A700FE0BB695A1C6D
:1047F000BA6174221A7009E0FB7A1A461049B86946
:1048000001F03CFFBB690533BB6100BFFB691B784E
:10481000002B7FF465AFBB695A1CBA6122221A7063
:10482000BB695A1CBA6100221A707B69184620378E
:10483000BD4680BDE8020220ACE90208B0E90208EA
:10484000B8E9020880B582B000AF786039607B6853
:104850001B6939681846FFF781FE0346184608377A
:10486000BD4680BD80B483B000AF786002E07B6855
:1048700001337B607B68002B07D07B681B78002BA3
:1048800003D07B681B78202BF1D97B6818460C3746
:10489000BD465DF8047B704780B586B000AFF86018
:1048A000B9607A6000237B61FFF70CF938611B4B1C
:1048B00000221A603B69002B01D100232AE0F8682E
:1048C000FFF7D0FF03461946386900F047F87861D2
:1048D0007B69002B04D13869FFF70CF9002319E03C
:1048E0007B68002B0FD07869FFF7BCFF78617B698C
:1048F0001B78002B07D03869FFF7FCF8074A7B6963
:104900001360002306E0BB68002B02D0BB687A6905
:104910001A603B6918461837BD4680BD2CDA052061
:1049200080B582B000AF7860002200217868FFF780
:10493000B3FF034618460837BD4680BD80B582B038
:1049400000AF7860002300220021786800F07EF834
:10495000034618460837BD4680BD000080B582B0CA
:1049600000AF786039603B68002B01D1002360E024
:1049700004223249386801F0B9FF0346002B05D103
:104980007B680222DA603B68043352E005222C493E
:10499000386801F0ABFF0346002B05D17B6800228D
:1049A000DA603B68053344E004222649386801F0A8
:1049B0009DFF0346002B08D17B680122DA607B68EB
:1049C00001225A613B68043333E03B681B78222B99
:1049D00005D139687868FFF743FC034629E03B6856
:1049E0001B782D2B07D03B681B782F2B09D93B68F0
:1049F0001B78392B05D839687868FFF7C3F8034668
:104A000017E03B681B785B2B05D13968786800F0AC
:104A1000E1F803460DE03B681B787B2B05D1396834
:104A2000786800F0DBFA034603E0074A3B6813604E
:104A3000002318460837BD4680BD00BFC0E9020804
:104A4000C8E90208D0E902082CDA052080B586B052
:104A500000AFF860B9607A603B6000237B61FB685F
:104A6000002B01D10023AAE03B68002B60D0FB683B
:104A7000DB68DBB2062B00F2A18001A252F823F022
:104A8000BD4A0208DB4A02089D4A0208F94A0208A8
:104A9000054B0208114B0208214B0208052138681A
:104AA000FFF78AF978617B69002B00F082807B69CF
:104AB000454A1068186012791A717AE00621386840
:104AC000FFF77AF978617B69002B74D07B693F4AE4
:104AD0001068186092889A806DE005213868FFF7A9
:104AE0006BF978617B69002B67D07B69384A106865
:104AF000186012791A7160E03968F868FFF7DCF91C
:104B000078615BE03968F868FFF79CFE786155E0F2
:104B10003B687A68B968F86800F0D2F878614DE0CF
:104B20003B687A68B968F86800F016FB786145E080
:104B3000FB68DB68DBB2062B40D801A252F823F0F9
:104B4000674B0208714B02085D4B02087B4B020861
:104B5000874B0208934B0208A34B02081A48FEF742
:104B600061FF78612AE01948FEF75CFF786125E073
:104B70001748FEF757FF786120E00021F868FFF73B
:104B80009BF978611AE00021F868FFF75BFE786115
:104B900014E000237A68B968F86800F091F8786149
:104BA0000CE000237A68B968F86800F0D5FA7861FB
:104BB00004E000BF02E000BF00E000BF7B691846D0
:104BC0001837BD4680BD00BFC0E90208C8E9020829
:104BD000D0E9020880B584B000AF786039603B68E6
:104BE0001B785B2B04D0354A3B681360002360E0E0
:104BF0007B680522DA603B6801331846FFF732FE16
:104C000038603B681B785D2B02D13B68013350E074
:104C1000FEF758FFF8607B68FA689A607B689B68CB
:104C2000002B01D1002344E03868FFF71BFE034648
:104C30001946F868FFF792FE03461846FFF712FE82
:104C400038603B68002B25D1002332E0FEF73AFFA5
:104C5000B860BB68002B01D100232AE0FB68BA686A
:104C60001A60BB68FA685A60BB68FB603B68013336
:104C70001846FFF7F7FD03461946F868FFF76EFE82
:104C800003461846FFF7EEFD38603B68002B01D164
:104C900000230EE03B681B782C2BD7D03B681B7899
:104CA0005D2B02D13B68013303E0044A3B6813608B
:104CB000002318461037BD4680BD00BF2CDA052002
:104CC00080B58EB000AFF860B9607A603B600023B9
:104CD0007B630523FB62FB689B68BB6200237B62EE
:104CE00000233B620023FB610023BB6105E07B6A7C
:104CF00001337B62BB6A1B68BB62BB6A002BF6D1C7
:104D00007B6A002B18D13B68002B05D00321386843
:104D1000FFF752F8786304E0844B1B680320984740
:104D200078637B6B002B05D07B6B814A118892786E
:104D300019809A707B6B4AE13B68002B73D03B680B
:104D40009B683B6201213868FFF736F838633B6B9C
:104D5000002B01D100233AE13B6B5B221A703B68C8
:104D60009B685A1C3B689A60FB689B68BB623CE08E
:104D7000BB68591C3B687A68B86AFFF767FE3868F9
:104D8000FFF778F802463B689A60BB6A1B68002B05
:104D900028D07B68002B01D0022300E00123FB62B6
:104DA000FB6A013319463868FFF706F838633B6B36
:104DB000002B01D100230AE13B6B5A1C3A632C22E1
:104DC0001A707B68002B04D03B6B5A1C3A6320227C
:104DD0001A703B6B00221A703B689A68FB6A1A448F
:104DE0003B689A60BB6A1B68BB62BB6A002B02D03F
:104DF000FB69002BBCD002213868FEF7DDFF386369
:104E00003B6B002B01D10023E1E03B6B5A1C3A6362
:104E10005D221A703B6B00221A703B681A683B6A6D
:104E200013447B63D2E0414B1B687A6A92001046C0
:104E3000984778617B69002B01D10023C7E07B6A2A
:104E40009B001A460021786901F03BFDFB689B68D6
:104E5000BB6227E0BB68591C00237A68B86AFFF779
:104E6000F5FD38613B6A5A1C3A629B007A6913442B
:104E70003A691A603B69002B0FD03869DBF774FD83
:104E800002467B68002B01D0012300E000231A4476
:104E9000FB6A13440233FB6201E00123FB61BB6A3E
:104EA0001B68BB62BB6A002B02D0FB69002BD1D010
:104EB000FB69002B05D11D4B1B68FA6A1046984709
:104EC00078637B6B002B01D10123FB61FB69002B15
:104ED0001FD000233B6212E03B6A9B007A691344B7
:104EE0001B68002B08D0134B1B683A6A9200796943
:104EF0000A441268104698473B6A01333B623A6A9B
:104F00007B6A9A42E8DB0B4B1B6878699847002361
:104F10005DE07B6B5B221A707B6B01333B633B6B09
:104F200000221A7000233B623EE000BFE80202202C
:104F3000D8E90208EC0202203B6A9B007A6913441C
:104F40001B681846DBF710FDB8613B6A9B007A6965
:104F500013441B68BA691946386B02F0E8FB3A6BD8
:104F6000BB6913443B637B6A013B3A6A9A420FD0A8
:104F70003B6B5A1C3A632C221A707B68002B04D0BE
:104F80003B6B5A1C3A6320221A703B6B00221A704A
:104F9000114B1B683A6A920079690A4412681046FC
:104FA00098473B6A01333B623A6A7B6A9A42C3DBA9
:104FB000094B1B68786998473B6B5A1C3A635D2222
:104FC0001A703B6B5A1C3A6300221A707B6B1846AE
:104FD0003837BD4680BD00BFEC02022080B584B0EA
:104FE00000AF786039603B681B787B2B04D0594A4E
:104FF0003B6813600023A8E07B680622DA603B6808
:1050000001331846FFF72EFC38603B681B787D2B78
:1050100002D13B68013398E0FEF754FDF8607B68ED
:10502000FA689A607B689B68002B01D100238CE0B2
:105030003868FFF717FC03461946F868FFF710F9C0
:1050400003461846FFF70EFC38603B68002B01D181
:1050500000237AE0FB681A69FB681A62FB68002289
:105060001A613B681B783A2B04D03A4A3B681360BC
:1050700000236AE03B6801331846FFF7F3FB034661
:105080001946F868FFF76AFC03461846FFF7EAFB83
:1050900038603B68002B49D1002356E0FEF712FD33
:1050A000B860BB68002B01D100234EE0FB68BA68F2
:1050B0001A60BB68FA685A60BB68FB603B680133E2
:1050C0001846FFF7CFFB03461946F868FFF7C8F804
:1050D00003461846FFF7C6FB38603B68002B01D13A
:1050E000002332E0FB681A69FB681A62FB68002241
:1050F0001A613B681B783A2B04D0164A3B68136050
:10510000002322E03B6801331846FFF7ABFB034660
:105110001946F868FFF722FC03461846FFF7A2FB82
:1051200038603B68002B01D100230EE03B681B7800
:105130002C2BB3D03B681B787D2B02D13B6801330D
:1051400003E0044A3B681360002318461037BD464D
:1051500080BD00BF2CDA052090B593B000AFF86099
:10516000B9607A603B6000237B6200233B620023CE
:105170007B640723FB630023BB63FB689B683B6383
:105180000023FB620023BB620023FB6105E0FB6A96
:105190000133FB623B6B1B683B633B6B002BF6D11F
:1051A000FB6A002B4BD13B68002B0CD07B68002B9B
:1051B00002D0BB68043300E0032319463868FEF7C9
:1051C000FBFD78640BE0924B1B687A68002A02D0E2
:1051D000BA68043200E003221046984778647B6C7A
:1051E000002B01D10023A4E27B6C3B643B6C5A1C76
:1051F0003A647B221A707B68002B14D03B6C5A1CDB
:105200003A640A221A700023BB6307E03B6C5A1C05
:105210003A6409221A70BB6B0133BB63BB68013B64
:10522000BA6B9A42F2DB3B6C5A1C3A647D221A70CC
:105230003B6C5A1C3A6400221A707B6C79E23B6822
:10524000002B00F002813B689B68BB637B68002BEE
:1052500001D0022300E00123FB63FB6B01331946FD
:105260003868FEF7A9FD38643B6C002B01D10023A0
:105270005FE23B6C5A1C3A647B221A707B68002BFD
:1052800004D03B6C5A1C3A640A221A703B6C002210
:105290001A703B689A68FB6B1A443B689A60FB681B
:1052A0009B683B63BB680133BB6096E07B68002B67
:1052B0001ED0B9683868FEF77FFD38643B6C002B60
:1052C00001D1002335E200237B6307E03B6C5A1CCD
:1052D0003A6409221A707B6B01337B637A6BBB687B
:1052E0009A42F3DB3B689A68BB681A443B689A6051
:1052F0003B6B1B6A39681846FFF730F93868FEF7D0
:10530000B9FD02463B689A607B68002B01D00223FE
:1053100000E00123FB63F96B3868FEF74DFD38644C
:105320003B6C002B01D1002303E23B6C5A1C3A6416
:105330003A221A707B68002B04D03B6C5A1C3A64EA
:1053400009221A703B689A68FB6B1A443B689A60A2
:105350003B687A68B968386BFFF778FB3868FEF706
:1053600089FD02463B689A607B68002B14BF0123CD
:105370000023DBB21A463B6B1B68002B14BF0123D2
:105380000023DBB21344FB63FB6B0133194638681F
:10539000FEF712FD38643B6C002B01D10023C8E1FD
:1053A0003B6B1B68002B04D03B6C5A1C3A642C22CC
:1053B0001A707B68002B04D03B6C5A1C3A640A229A
:1053C0001A703B6C00221A703B689A68FB6B1A4497
:1053D0003B689A603B6B1B683B633B6B002B7FF425
:1053E00065AF7B68002B02D0BB68013300E002236D
:1053F00019463868FEF7E0FC38643B6C002B01D19D
:10540000002396E17B68002B11D00023BB6309E0E9
:10541000E80202203B6C5A1C3A6409221A70BB6BEA
:105420000133BB63BB68013BBA6B9A42F2DB3B6C56
:105430005A1C3A647D221A703B6C00221A703B6839
:105440001A68BB6B13447B6472E16B4B1B68FA6A8E
:1054500092001046984778627B6A002B01D10023A6
:1054600067E1654B1B68FA6A9200104698473862FC
:105470003B6A002B05D1614B1B68786A9847002373
:1054800057E1FB6A9B001A460021786A01F019FA7D
:10549000FB6A9B001A460021386A01F012FAFB6889
:1054A0009B683B63BB680133BB607B68002B41D0CA
:1054B000FA6BBB681344FB633CE03B6B1B6A002147
:1054C0001846FFF74BF8B861BB6B9B003A6A134470
:1054D000BA691A6000237A68B968386BFFF7B6FAC0
:1054E0007861BB6B5A1CBA639B007A6A13447A6971
:1054F0001A60BB69002B18D07B69002B15D0786926
:10550000DBF732FA0446B869DBF72EFA0346234488
:105510007A68002A02D0BA68023200E000221A44F7
:10552000FB6B13440233FB6301E00123BB623B6B63
:105530001B683B633B6B002BBFD1BB6A002B05D1C3
:105540002D4B1B68FA6B1046984778647B6C002BD8
:1055500001D10123BB62BB6A002B33D00023BB63A4
:1055600022E0BB6B9B003A6A13441B68002B08D0F7
:10557000224B1B68BA6B9200396A0A4412681046C3
:105580009847BB6B9B007A6A13441B68002B08D0BA
:105590001A4B1B68BA6B9200796A0A44126810466B
:1055A0009847BB6B0133BB63BA6BFB6A9A42D8DB8B
:1055B000124B1B68386A9847104B1B68786A9847EB
:1055C0000023B6E07B6C7B221A707B6C01333B645A
:1055D0007B68002B04D03B6C5A1C3A640A221A7078
:1055E0003B6C00221A700023BB6378E07B68002BC1
:1055F00012D000237B630BE0E8020220EC020220C1
:105600003B6C5A1C3A6409221A707B6B01337B6332
:105610007A6BBB689A42F3DBBB6B9B003A6A13441C
:105620001B681846DBF7A0F9F861BB6B9B003A6A70
:1056300013441B68FA691946386C02F078F83A6C22
:10564000FB6913443B643B6C5A1C3A643A221A705F
:105650007B68002B04D03B6C5A1C3A6409221A70F8
:10566000BB6B9B007A6A13441B681946386C02F0C6
:1056700056F8BB6B9B007A6A13441B681846DBF72D
:1056800073F902463B6C13443B64FB6A013BBA6B03
:105690009A4204D03B6C5A1C3A642C221A707B68E4
:1056A000002B04D03B6C5A1C3A640A221A703B6CE3
:1056B00000221A70214B1B68BA6B9200396A0A44A7
:1056C0001268104698471D4B1B68BA6B9200796AA6
:1056D0000A44126810469847BB6B0133BB63BA6B30
:1056E000FB6A9A4282DB154B1B68386A9847134B5A
:1056F0001B68786A98477B68002B0FD00023BB6338
:1057000007E03B6C5A1C3A6409221A70BB6B0133E8
:10571000BB63BB68013BBA6B9A42F2DB3B6C5A1C21
:105720003A647D221A703B6C5A1C3A6400221A704B
:105730007B6C18464C37BD4690BD00BFEC02022082
:1057400080B584B000AF786039607B689B68FB608F
:1057500002E0FB681B68FB60FB68002B08D0FB685D
:105760001B6A39681846FEF7EFF80346002BF0D1A4
:10577000FB6818461037BD4680BD80B483B000AFCB
:10578000786039607B683A681A603B687A685A606A
:1057900000BF0C37BD465DF8047B704780B584B010
:1057A00000AF786039607B689B68FB603B68002BCA
:1057B00015D0FB68002B06D17B683A689A600FE031
:1057C000FB681B68FB60FB68002B03D0FB681B6851
:1057D000002BF5D13968F868FFF7CFFF00E000BF74
:1057E0001037BD4680BD000080B584B000AFF860C2
:1057F000B9607A607B68002B14D07B681B6A002B31
:1058000005D00A4B1B687A68126A10469847B86838
:10581000FEF708F902467B681A627968F868FFF7B4
:10582000BDFF00E000BF1037BD4680BDEC02022086
:1058300080B584B000AF7860FEF744F9F860FB688B
:10584000002B08D07B68002B14BF01230023DBB2A0
:105850001A46FB68DA60FB6818461037BD4680BD03
:1058600080B584B000AF87ED000BFEF72BF9F86030
:10587000FB68002B0FD0FB680322DA60F968D7E9D8
:105880000023C1E9062397ED007BFDEEC77B17EEF1
:10589000902AFB685A61FB6818461037BD4680BDE8
:1058A00080B584B000AF7860FEF70CF9F860FB6853
:1058B000002B08D0FB680422DA607868FEF7B2F8A3
:1058C0000246FB681A61FB6818461037BD4680BD6A
:1058D00080B582B000AFFEF7F5F878607B68002BEA
:1058E00002D07B680622DA607B6818460837BD461E
:1058F00080BD0000000000002DE9F04F55EC104B7A
:105900002DED0A8B2E0D11EE90CA06F1FF3E40F2EE
:10591000FD7089B086452A4621468DED001A4FEA72
:105920001C5700F2C780C7F30A0EAEF2BE307F28C4
:1059300098BF002000F22F81BFEE000BD24CD34B5A
:105940001444C4F3463503EB451693ED006B93ED19
:10595000027B251596ED189B96ED162B05EE105A39
:105960006FF3130496ED128B93ED0C4BB8EEC55B01
:1059700093ED04ABA5EE062BA5EE079B93ED08BBBC
:1059800093ED105B93ED067B93ED0A6B93ED0E3B6D
:105990000E1E171B47EC1C6BACEE080BA0EE053B74
:1059A000A0EE046B20EE0A5B30EE024B20EE058B7E
:1059B000A0EE0B7BA8EE036B32EE442BA8EE067B29
:1059C00032EE002BB0EE483B39EE022B90EE053B59
:1059D00034EE085B20EE080B34EE454B32EE036BE1
:1059E00034EE084B36EE046BA0EE076B35EE064B3B
:1059F00021EE048B18EE902AB0EE487BC2F30A55D4
:105A00006FF47273EB183E2B91EE047B35EE445B22
:105A100035EE065BA1EE057B00F2EF809C4B93ED2B
:105A2000024B93ED005BB0EE441B93ED042BA8EE0C
:105A3000051B93ED066B11EE101A31EE441B01F0BD
:105A40007F0293ED0E4BA1EE028BA1EE068B93ED40
:105A50000C6B37EE087B27EE072B921802F10F0430
:105A600003EBC202A7EE046B92ED1C4B03EBC402E6
:105A700093ED0A3B93ED085B53F834605768A7EE4B
:105A8000035B4018002422EE023B37EE047BA21990
:105A9000A2EE057B07EB4033A3EE067B002D00F062
:105AA000BB8043EC102BA7EE000B09B0BDEC0A8BBA
:105AB000BDE8F08F11EE103AD8184CEB0C0A6FF0DD
:105AC000010910F1FF3B4AF1FF3E6FF40018D94580
:105AD00078EB0E0EC0F0548114EB040E45EB050A72
:105AE0001EF1FF3B6AF10000D94578EB0000C0F0E1
:105AF0001F81002DC7F30A0E80F2778140F2FE303D
:105B0000864540F3F58040F23340864500F37481CA
:105B1000A0EB0E004FF0FF39A0F1200309FA03FBC0
:105B200009FA00F8C0F1200A48EA0B08019329FAA3
:105B30000AFB009B48EA0B0809FA00F923EA090965
:105B40002CEA080859EA080840F0D280C3400198BE
:105B50000CFA0AFA2CFA00F043EA0A03034303F0B2
:105B600001039804AEF2BE337F2B22F00042C6F34D
:105B70000A0621D8002E7FF4DFAE9FED3F7B45EC77
:105B8000164B26EE077B55EC174B25F000422146BD
:105B9000A2F15072D0E6009BD8184CEB0C086FF0C5
:105BA000010B10F1FF3A48F1FF396FF40016D345AD
:105BB00076EB0906C0F02281364B9A4208BF0029D5
:105BC00000F0B38040F2BD339E45324B48D90129E5
:105BD00072EB030334BF01230023B7F5006F2CBF22
:105BE00000270127BB424FF000000ED109B0BDECE9
:105BF0000A8BBDE8F04F00F013BA002BC0F2818091
:105C0000B5F5816F2AD9002AF0DB09B0BDEC0A8B0B
:105C1000BDE8F04F00F00CBAA14280F29D80B7EED3
:105C2000004B03F17F5101F50011104641EC150BBB
:105C300027EE057B35EE076BB0EEC63BB4EEC43BFA
:105C4000F1EE10FA28D49FED0E0B26EE000B09B0F2
:105C5000BDEC0A8BBDE8F04F00F01ABA0025DDE676
:105C6000002088429341B7EE000B34BF31EE000BA9
:105C700030EE410B19E700BF000000000000304388
:105C80000000000000001000AB6A19C008F1020813
:105C9000500103080000F03FB5EEC06BF1EE10FAC2
:105CA00001D5BFEE004B36EE042B35EE465B34EEED
:105CB000423B35EE075B33EE067B37EE057B37EE76
:105CC000027B37EE446BB5EE406BF1EE10FA04D177
:105CD000002201F0004343EC162B9FED735B8DED2A
:105CE000045B9DED047B27EE057B8DED067BAAE72B
:105CF00045EC104B09B0BDEC0A8BBDE8F04F00F04D
:105D0000B7B9B7EE000B38EE000B00283FF4CDAE6C
:105D1000B1EE400BC9E64918694B82F400224FF0FE
:105D200000005241884293415AD3B7EE000BBCE6C3
:105D3000002D20EE000B73DB00205EEA0A0A40F023
:105D40009C80BCF1000FBFF6B0AE09B0BDEC0A8B71
:105D5000BDE8F04F00F074B903F140419FED546B82
:105D600001F57001104641EC100BA7EE000B20EE80
:105D7000060B09B0BDEC0A8BBDE8F04F00F094B9FA
:105D800050EA0A03C7D021194E4F4FF0000645EBE9
:105D900005038E4277EB030E1A4621D3BA4508BF9E
:105DA000B0421DD14848834208BFB142BDD0464BE6
:105DB0006FEA0C0C9A424FEADC7C34BF00220122CD
:105DC00062456BD09FED3C0B6FE6009B8CF4002C82
:105DD000DB183B4B4CEB0C0C864273EB0C03A4D250
:105DE00045EC174B37EE010B5FE6AEF2BE337F2B6F
:105DF0003FF6E8AE0020BDE60020B3E650EA080614
:105E000089D0324F0026BD4208BFB442DDD018F51C
:105E1000001F08BFB042E3D1491845EB0202C6E7B4
:105E2000C7F30A02A2F2FF31342985D8C2F586628F
:105E30004FF0FF31A2F11D04033201FA04F601FA1A
:105E400002F0C2F120053043009B21FA05F63043F1
:105E5000914023EA01012CEA000001437FF46CAF7A
:105E6000D3401A460CFA05F52A432CFA04F42243CF
:105E700012F001020ED110465FE7BCF1000FBFF631
:105E800014AEB7EE006B86EE007B8DED027B9DEDD0
:105E9000020B0AE60120B1EE400B4EE721EE010BAA
:105EA00003E600BFAFF30080000000000000100018
:105EB000000000000000007F000000000000000063
:105EC0000000F0FF0000E0FF0000E07F0000F03F76
:105ED00000B583B08DED000B01990098C1F30A5213
:105EE000A2F2FF33132B24DC002B44DB3A4A1A4185
:105EF00001EA020E5EEA000E8C461FD09FED347B55
:105F00009DED006B36EE077BB5EEC07BF1EE10FA2F
:105F100009DD002904DA4FF4801141FA03F39C44AF
:105F20002CEA020100200B46024643EC102B03B082
:105F300000BD332B06DDB3F5806F2AD09DED000B3D
:105F400003B000BDA2F213424FF0FF3C2CFA02F264
:105F50001042F3D09FED1E7B9DED006B36EE077B6C
:105F6000B5EEC07BF1EE10FADDDD002984461CDBC6
:105F70002CEA0200D7E79FED167B30EE077BB5EEEB
:105F8000C07BF1EE10FACEDD002907DB00200146D0
:105F9000C9E79DED007B37EE070BD1E721F000410B
:105FA00008430FD14FF00041BDE7142B0DD04FF047
:105FB000010EC3F134030EFA03F39C44604588BF1D
:105FC0007144D5E705490020ADE70131D0E700BFB6
:105FD0009C7500883CE4377EFFFF0F000000F0BF97
:105FE00010B52DED028BB0EE408B044601F068FB3E
:105FF000B0EE480BBDEC028B046010BD82B058B10E
:10600000B1EE407B8DED007B9DED007B222020EEEC
:10601000070B02B0FFF7E4BFB0EE407BF2E700BF32
:106020009FED010BFFF7EABF000000000000001029
:106030009FED010BFFF7E2BF0000000000000070C1
:1060400082B00028BFEE006BB7EE007B07FE067B38
:106050008DED007B9DED000B9FED037B222080EEFC
:10606000070B02B0FFF7BCBF0000000000000000FB
:10607000B0EE407BB4EE477BF1EE10FA30EE406BB1
:1060800086EE060B02D62120FFF7AABF704700BF9D
:10609000B5EE400BF1EE10FA00D070472220FFF76A
:1060A0009FBF00BF000000009FED076BB0EEC07BFC
:1060B000B4EE467BF1EE10FA00DC70472220FFF7C9
:1060C0008FBF00BFAFF30080FFFFFFFFFFFFEF7F39
:1060D000024B0146186800F02DB800BF04030220EF
:1060E000024B0146186801F057BB00BF04030220B1
:1060F00070B50F4E0C463168054611B901F0D0FA63
:1061000030602146284601F0CBFA431C03D14FF002
:10611000FF34204670BDC41C24F00304A042F8D014
:10612000211A284601F0BCFA0130F2D1EFE700BF96
:1061300030DA05202DE9F843CD1C25F0030508359C
:106140000C2D38BF0C25002D064601DBA94204D9D1
:106150000C2333600020BDE8F883DFF8D480F4F727
:10616000ABF8D8F800301C4644BB29463046FFF750
:10617000BFFF431C044658D1D8F800402746002FE3
:1061800043D1002C4BD023683946304604EB030939
:1061900001F086FA814542D121686D1A29463046C0
:1061A000FFF7A6FF01303AD023682B442360D8F8CC
:1061B00000305A6862BBC8F800700FE02268521BBA
:1061C00020D40B2A17D96119A342256018BF596042
:1061D000636808BFC8F8001062514B603046F4F79E
:1061E0009BF804F10B00231D20F00700C21A1CBF0E
:1061F0001B1AA350AFE76268A3420CBFC8F8002087
:106200005A60EBE723466468AEE73C467F68B6E732
:106210001A465B68A342FBD100235360DEE70C23E0
:1062200033603046F4F778F894E70560D6E700BFAE
:1062300034DA0520164B10B51C68226BB2B9182051
:10624000FFF746FF0246206320B9124B1248522145
:1062500001F07CFA1149124BC0E90013114B836025
:106260000B23838100210120C2E9040113690E4838
:1062700054690E49584301FB0400A3FB013101336B
:1062800040EB0100C2E9043020F0004010BD00BF27
:1062900004030220C0090308D70903080E33CDAB5D
:1062A00034126DE6ECDE05002DF451582D7F954C2F
:1062B000242B2DE9F0478646904601D8012B06D1C4
:1062C00001F0FEF9162303600020BDE8F087344892
:1062D0000D462A4615F8014B065D16F00806F8D162
:1062E0002D2C10D12C780126951C33F0100215D1DD
:1062F000302C0DD12A7802F0DF02582A08D16C78B0
:10630000023510230AE02B2C04BF2C78951CECE7F7
:10631000002BF6D1302C14BF0A23082306F1004CC1
:106320000CF1FF3C0022BCFBF3F9104603FB19CA39
:10633000A4F13007092F0FD83C46A3421BDD571CA0
:1063400007D0814514D301D1A24511DB00FB0340E6
:10635000012215F8014BEBE7A4F14107192F01D8F1
:10636000373CEAE7A4F16107192F04D8573CE4E76A
:106370004FF0FF32EDE7531C08D12223CEF8003056
:106380006046B8F1000FA0D0691E06E006B1404299
:10639000B8F1000F99D0002AF6D1C8F8001094E7A0
:1063A000610B0308FFF784BF002310B50446C0E962
:1063B0000033C0E90433836081814366C281836115
:1063C000194608225C3000F07CFA0D4B63620D4BDD
:1063D000A3620D4BE3620D4B23630D4B24629C4281
:1063E00006D003F16802944202D0D0339C4205D11A
:1063F00004F15800BDE8104001F08CB910BD00BF99
:10640000C1660208E76602081F67020845670208BE
:1064100038DA0520024A0349034800F06BB800BF90
:10642000F0020220FD8202080803022041680C4BA2
:10643000994210B5044601D001F060FFA168094BF4
:10644000994202D0204601F059FFE168064B99427B
:1064500004D02046BDE8104001F050BF10BD00BF81
:1064600038DA0520A0DA052008DB05200C4B0D4AA0
:106470000D4810B504211A600022FFF795FF0A4B62
:1064800001221C46092103F16800FFF78DFF04F18A
:10649000D0000222BDE810401221FFF785BF00BFE7
:1064A00070DB05201564020838DA0520014801F088
:1064B00033B900BF9ADB0520014801F02FB900BFB6
:1064C0009ADB052010B50446FFF7F0FF236A1BB1E5
:1064D000BDE81040FFF7F0BF044B2362044B1B687C
:1064E000002BF5D1FFF7C2FFF2E700BF2D640208D1
:1064F00070DB05202DE9F843074688461446002640
:10650000D4E90195B9F1010905D52468002CF7D12A
:106510003046BDE8F883AB89012B07D9B5F90E30B9
:10652000013303D029463846C04706436835E9E7BA
:106530000FB407B5064904AB086853F8042B81680B
:10654000019301F0B1FB03B05DF804EB04B07047B8
:1065500004030220036A70B5846805460E460BB931
:10656000FFF7B0FF636EDB0705D4A389980502D45B
:10657000A06D01F0D1F8A389190702D52369002B7A
:1065800035D12146284600F01FF980B34FF0FF3582
:10659000636EDA0705D4A3899B0502D4A06D01F0D0
:1065A000BDF8284670BD002B04DAA269934217DBC0
:1065B0000A2915D023685A1C22601970A36816F89E
:1065C000011F013BA3600029EDD1002B11DA224607
:1065D0000A21284600F0BAF80130D7D00A25D7E7BB
:1065E0002246284600F0B2F80130E7D1CEE7013E5E
:1065F000E4E723685A1C22600A221A70EEE70000C2
:10660000024B01461868FFF7A5BF00BF0403022034
:106610000CB430B5184B0C1E1D689DB008DA8B23E6
:106620002B604FF0FF301DB0BDE8304002B0704726
:106630004FF40273ADF814304FF000031B9314BFF6
:1066400004F1FF332346049307934FF6FF73029040
:106650000690ADF81630209A21AB02A92846019386
:1066600001F000FA431CBCBF8B232B60002CDAD056
:10667000029B00221A70D6E7040302200EB410B564
:106680009DB01FAB029006906FF000410A48079141
:1066900004910A4953F8042B0591002402A90068CB
:1066A00001931B9401F0DEF9029B1C701DB0BDE844
:1066B000104003B0704700BF040302200802FFFF30
:1066C00010B50C46B1F90E1000F0D8FF0028ABBF92
:1066D000636DA3891B1823F48053ACBF6365A3814A
:1066E00010BD002070472DE9F0411F468B89DB0566
:1066F00005460C46164605D5B1F90E1002230022B8
:1067000000F0AAFFA389B4F90E1023F48053A381EB
:1067100032463B462846BDE8F041F9F71FBB10B5AD
:106720000C46B1F90E1000F097FFB4F90C30421C82
:106730000BBF23F4805343F48053A381A38118BF7C
:10674000606510BDB1F90E1000F076BFF8B50E46C9
:106750001446054618B1036A0BB9FFF7B3FEA369E7
:10676000A360A3891A0701D5236943B921462846A6
:1067700000F02AF818B14FF0FF373846F8BD23680B
:106780002269981A6369F6B28342374605DC2146CE
:10679000284601F0B3FD0028EDD1A368013BA360BA
:1067A00023685A1C22601E706269431C9A4204D0FE
:1067B000A389DB07E1D50A2EDFD12146284601F067
:1067C0009DFD0028D9D0D6E738B5284B0546186876
:1067D0000C4618B1036A0BB9FFF774FEB4F90C301C
:1067E0001A0721D4D80607D409222A6043F04003AF
:1067F000A3814FF0FF3030E0590712D5616B41B1F2
:1068000004F14403994202D0284600F0C5FF00235A
:1068100063630022B4F90C3062602269226023F0C5
:10682000240343F00803A38122693AB99A0501D5EC
:10683000180603D52146284601F0BEFDB4F90C30F8
:1068400013F001020AD00022A26062695242A261E2
:10685000226942B913F08000C8D138BD990758BFEA
:106860006269A260F4E70020F7E700BF040302209A
:1068700010B501390244904201D1002005E00378AF
:1068800011F8014FA34201D0181B10BD0130F2E7EF
:10689000884210B501EB020402D98442234607D88E
:1068A000431EA14207D011F8012B03F8012FF8E78E
:1068B0000244824200D110BD13F8011D02F8011DEF
:1068C000F7E702440346934200D1704703F8011BE7
:1068D000F9E7C9B20346184613F8012B12B18A42F0
:1068E000F9D17047002918BF0020704710B56AB170
:1068F0000139841810F8012B11F8013F9A4203D195
:10690000A04201D0002AF5D1D01A10BD1046FCE7F4
:1069100010B50139034632B111F8014F03F8014BAC
:10692000013A002CF7D11A440021934200D110BD46
:1069300003F8011BF9E7000038B50B4B1D686A6BC3
:10694000044652B92420FFF7C3FB0246686320B90E
:10695000064B0748322100F0F9FE20461146BDE8FB
:10696000384000F007B800BF04030220C009030844
:106970002F0A03082DE9F0410C46074601F082FD7D
:1069800021460646384601F081FD436999070446D1
:1069900003F26C7806D1642298FBF2F302FB1383B6
:1069A000002B6FD14FF4C87398FBF3F503FB1585EB
:1069B000B5FA85F56D09644B6D4205F030051D444F
:1069C00000F002FC00F00CFC604B1B68002B68D050
:1069D0007368434558D1D7E900233768D6E90801E1
:1069E000002F59D1824273EB01015CDB012323624A
:1069F000336D21684FF4616293FBF2F002FB1033B8
:106A00003C2293FBF2F602FB1633C91A6268A368B4
:106A10002160921B1B1A3B296260A3604FDD01328B
:106A200062603C3921603B2A4FDD0133A3603C3A70
:106A30006260172B4FDDE2690132E261A269013227
:106A4000072AA8BF0022A261E268183B0132A360B6
:106A50002369E26055F823108A420EDD0B2BA2EB6E
:106A60000102E26003F1010209BF636922610022B1
:106A7000013302BF22616361E26100F0ABFB20469B
:106A8000BDE8F081012596E7404600F0EBFA0028CA
:106A9000A1D14FF0FF3304E0824273EB010102DA2F
:106AA0000023236209E0D6E9120182428B41B4BF80
:106AB000012300232362002B9AD1B36A99E70029AE
:106AC000B1DA013A62603C31ACE7002AB1DA013B4D
:106AD000A3603C32ACE7002BCFDAE269013AE26115
:106AE000A269013A48BF0622A261E2681833013A5E
:106AF000E260A360002AC0D12369013B04D4236172
:106B000055F82330E360B8E70B23236163695A1E0D
:106B10006261920703F26B7305D1642193FBF1F27A
:106B200001FB12326AB94FF4C87293FBF2F102FB17
:106B30001133B3FA83F35B0903F5B673E3610B23F7
:106B4000DEE70123F8E700BFC40C030894DB05204F
:106B5000F7B501683B29044611D93C22684600F08C
:106B600013FE019A63680099002A0B446360BBBF5F
:106B70003C3203F1FF3322602260B8BF636061687A
:106B80003B2911D93C22684600F0FEFD019AA3681A
:106B90000099002A0B44A360BBBF3C3203F1FF33D2
:106BA00062606260B8BFA360A168172911D918227A
:106BB000684600F0E9FD019AE3680099002A0B4459
:106BC000E360BBBF183203F1FF33A260A260B8BF1D
:106BD000E36021690B2911D90C22684600F0D4FD2D
:106BE000019A63690099002A0B446361BBBF0C32B0
:106BF00003F1FF3322612261B8BF636163699A07C1
:106C00003FD1642193FBF1F201FB1232002A3AD109
:106C100003F26C734FF4C87293FBF2F102FB113371
:106C2000002B0CBF1D231C23E268002A2DDD304DF4
:106C30002169012914BF55F82100184682424DDD13
:106C40000131121A0C29E2602161F1D1636900203F
:106C5000591C20618807616146D1642091FBF0F6E0
:106C600000FB1611002941D103F26D734FF4C87176
:106C700093FBF1F001FB1033002B0CBF1D231C23F1
:106C8000D6E71C23D0E71D23CEE7194E0B25642041
:106C9000216901392161013116D16369591E8F07BC
:106CA000C4E904511CD191FBF0F700FB1711C9B9DD
:106CB00003F26B734FF4C87193FBF1F701FB1733C9
:106CC000002B0CBF1D231C232169012914BF56F87A
:106CD000211019460A44002AE260D9DD03B0F0BD54
:106CE0001C23F1E71D23EFE71C23A1E71D239FE7EA
:106CF000940C03082DE9F04F85B0074601F0C2FB64
:106D000081463846FFF724FFD7E900433C2202FBC7
:106D10000344BB687D694FF4616202FB0344D7E919
:106D20000363C34A52F82320013E012B164411DDB0
:106D3000A9070FD1642295FBF2F302FB135343B969
:106D400005F26C734FF4C87293FBF2F102FB11333E
:106D500003B9013605F51C53103344F62062934203
:106D6000FE6100F27081462D40F3B680462340F26A
:106D70006D1C64214FF4C8709A0740F0A78093FB04
:106D8000F1F201FB1232002A40F0A38003F26C7290
:106D900092FBF0FE00FB1E22002A0CBF4FF4B772DC
:106DA00062460133AB421644E6D1A24B4FEAE47887
:106DB000C6FB034800F008FA00F012FA9E4B1B686D
:106DC000002B00F04781D7F820A078695346012BAB
:106DD000A8BF01230193D9F8043000F26C708342FC
:106DE00040F0BD80D9E90821D9F85000D9F84CC04D
:106DF000131A0393D9F848300293029AD9F828302D
:106E000061EBE07BB2EB030E6CEBE371744578EB66
:106E1000010280F2C780D9F80020002A00F0D0805B
:106E2000039A944278EB0B02C0F21181744578EB1F
:106E30000101B4BF4FF0010B4FF0000BBAF1000F8E
:106E4000C0F29480019A82EA0B0ABAF1010F40F075
:106E50008D80BBF1000F00F0C2801B1A3A681A4403
:106E60001C193A603846FA68019248EBE378FFF75C
:106E70006FFEFB68019A9B1A78D0012B00F3B1805A
:106E8000B3F1FF3FA8BF9A46FB691AEB03035644D0
:106E900040F1B0806B1E990740F0A680642293FBFE
:106EA000F2F102FB1133002B40F0A1804FF4C873C4
:106EB00005F26B7595FBF3F203FB1255002D40F2C2
:106EC0006D1318BF4FF4B673FB614FE040F26D12C3
:106ED00067E74FF4B77264E73FF467AF452340F2CA
:106EE0006D1C64214FF4C87012E062BB93FBF1F299
:106EF00001FB123252BB03F26C7292FBF0FE00FBFC
:106F00001E22002A0CBF4FF4B7726246B61A013B2C
:106F1000AB4203F00302E8DCDAB9642295FBF2F33A
:106F200002FB1353C3B905F26C734FF4C87293FBA1
:106F3000F2F102FB1133002B40F26D1308BF4FF446
:106F4000B773F61A31E740F26D12DFE74FF4B7720C
:106F5000DCE740F26D13F4E74FF4B773F1E700F0AC
:106F600081F800287FF43EAFDDF804B0BBF1010FDB
:106F700072D1D9F850301C1948EBE3784FF0010B6F
:106F800000F028F90436072396FBF3F3C3EBC303A1
:106F9000F61A56D4C7F820B0BE612046414605B067
:106FA000BDE8F08F029A121A02924FEAE0726CEB7F
:106FB000020C029A944278EB0C0CBFF62CAFD3E78C
:106FC000039A944278EB0B02FFF630AFBAF1000F50
:106FD000CFDB4FF0010B35E74FF0000B32E7C31A60
:106FE0003CE74FF0FF3A4FE74FF4B6736CE740F2DF
:106FF0006D1369E7AA0717D1642195FBF1F201FB34
:107000001252DAB94FF4C87205F26C7595FBF2F1C1
:1070100002FB1155002D40F26D1208BF4FF4B772FC
:107020009342A8BF9B1A4FE740F26D12F8E700BFEA
:10703000640C03088051010094DB05204FF4B77203
:10704000EEE70736A6E74FF0FF34A046A5E7BAF112
:10705000000FC1DA4FF0000BD9F828301C1948EBAB
:10706000E3788DE72DE9F041044601F00BFA40F298
:10707000B1739C4240F3A2806FF4F662A618A4F2AA
:10708000B27340F26D12B61002FB03666FF4C86172
:107090006FF06302A4F26D7393FBF2F34FF4C872C6
:1070A0001E446318B3FBF2F3454A44601E44054690
:1070B00000F150072B7A4A2B3AD1696914F0030F7B
:1070C00001EB060308D14FF0640E94FBFEFC0EFBAF
:1070D0001C4CBCF1000F08D14FF4C87E94FBFEFCA1
:1070E0000EFB1C4CBCF1000F20D13B29D4BF00216A
:1070F00001210B44013BA9694FEAE17CC3FB021C5F
:10710000AB6AC9184CEBE373C5E908132835AF42E5
:10711000D0D1D0E90843D0E912128C429341B4BFD8
:107120000123002303600120BDE8F0810021E0E796
:10713000442B02D16B693344DDE7A30705D16421F9
:1071400094FBF1F301FB134393BB4FF4C87194FB21
:10715000F1F301FB1343B3FA83F35B095942DFF800
:1071600064C0D5F80C8001F0300133464FF0000EBA
:1071700061440EF1010EF04551F82EC01ADC03F106
:10718000040E07219EFBF1F1C1EBC101AEEB010E34
:107190006969B1EB0E0E296901F1FF3148BF0EF1AB
:1071A000070EC1EBC1017144614505DA0B44A2E74A
:1071B0000123D3E76344DCE70739F5E70020B3E7B1
:1071C00080510100C00C0308014800F0A4BA00BFC0
:1071D00098DB0520014800F0A0BA00BF98DB05202D
:1071E000014B186800F002B8040302202DE9F04FAB
:1071F0008DB0054601F046F9BC49BD4F044628460E
:1072000000F050FB3968064610BBBA4BBA4A18600A
:10721000BA4BA6621860BA4B2665C3E900224A2021
:1072200000220023207284F83000C4E90366C4E918
:107230000566C4E90823C4E90D66C4E90F66C4E91C
:1072400012230846FEF74CFF3E600DB0BDE8F08FFC
:10725000002940F08F803868FEF742FF3046D9F7AA
:1072600083FB411C2846FEF765FF3860002840F08C
:107270008780A24AA24FDFF87CA200231360A14AB4
:10728000CAF8003000200021C7E90022C4E9033316
:10729000C4E90533C4E90801C4E90D33C4E90F3377
:1072A000C4E912014A222272A36284F830202365C5
:1072B00033783A2B08BF01360DF1280B33783C2B7D
:1072C00062D1751C904A91495B46284601F0AEF8A0
:1072D0000028BADD0A9BDA1E072AB6D8EA5C3E2AE5
:1072E000B3D10236F518F35C2D2B5BD101354FF08D
:1072F000FF380023ADF81E30ADF820300DF1200925
:107300000DF11E030093CDE901B98149CDF80CB010
:107310005B4607AA284601F089F8002895DDBDF8EC
:107320001E30BDF820603C2202FB0366BDF81C3015
:107330004FF4616202FB03660A9B08FB06F605EB4D
:107340000308EB5C3C2B40F0ED8008F10105714A2D
:107350006E495B46284601F069F8002828DC98F859
:1073600001303E2B24D1684BA662C7E90033CAF82E
:1073700000606AE7D9F7EEFA00287FF46CAF64E7A3
:10738000314600F0CCF974E75F4A63495B4630460A
:1073900001F04CF800287FF758AF0A9BDA1E072A45
:1073A000A0D952E72B2B08BF01354FF00108A0E709
:1073B0000A9BDA1E072A3FF648AFEA5C3E2A7FF4B2
:1073C00044AF08F1020808EB030518F803302D2B31
:1073D00040F0B78001354FF0FF380023ADF81C3086
:1073E000ADF81E30ADF820300A930DF11E03009366
:1073F000CDE9029B4649CDF804B05B4607AA284672
:1074000001F014F8002800F3A280A6F5616304934C
:107410000A9BA0461D444FF0000B2B782C2B08BF75
:10742000013595F80090B9F14D0F40F0A0800AABFE
:107430000DF12602CDE9013209AA009237490393E2
:107440000DF12202284600F0F1FF03287FF4FDAE83
:10745000BDF822104B1E0B2B3FF6F7AEBDF82420D3
:10746000531E042B3FF6F1AEBDF82630062B3FF637
:10747000ECAEC8E9031288F80890C8F814300A9BEB
:1074800005EB030900254FF00203ADF81C30ADF801
:107490001E50ADF820500A9599F800302F2B40F07F
:1074A00094800AAB08AACDE901320DF11E020092C8
:1074B0001B49039307AA484600F0B8FFA84200F30F
:1074C00084804A2100220023C4E90355C4E90555FC
:1074D000C4E90823C4E90D55C4E90F55C4E91223D2
:1074E0002172A56284F830102565AEE6880A03088B
:1074F00074DB052090DB05208B0A030894DB052054
:10750000FC020220110B030884DB05208F0A03080C
:10751000C40A030878DB0520A20A0308B00A03089E
:10752000C30A0308404A41495B46404600F07EFFDB
:1075300000287FF718AF0A9BDA1E072A7FF643AFB1
:1075400083E62B2B08BF01354FF0010845E7BDF856
:107550001E20BDF820303C2101FB0233BDF81C2069
:107560004FF4616101FB023308FB03F34FE7B9F10C
:107570004A0F06BF01354B4644230A220BA9284671
:10758000059300F005FADDF82C90059BADF8260078
:10759000A94514D14D23BBF1000F07D1237203215C
:1075A0000223C4E90313C4F814B06BE784F8303045
:1075B0000B220123C4E90D230023E36362E780B2B9
:1075C00088F80830C8F814005CE7BDF81E20BDF844
:1075D00020303C2101FB0233BDF81C204FF46161D7
:1075E00001FB0233C8F818300A9D0BF10103022B8E
:1075F0004D4408F128084FF0010B7FF40EAF049BB7
:1076000023650B4B3B606068074BA6627B60FFF70E
:1076100029FDA26A236DCAF800209B1A054A18BFEB
:107620000123136011E600BF78DB0520A20A0308DE
:1076300084DB052094DB052038B5064D0023044685
:1076400008462B60F2F7BEFE431C02D12B6803B143
:10765000236038BD18DA042038B5074D04460846C3
:10766000114600222A601A46F2F7D3FE431C02D1CB
:107670002B6803B1236038BD18DA042038B5074DF4
:1076800004460846114600222A601A46F2F77DFE9B
:10769000431C02D12B6803B1236038BD18DA0420E3
:1076A00038B5064D0023044608462B60F2F7CCFDA2
:1076B000431C02D12B6803B1236038BD18DA0420C3
:1076C000014B1868704700BF0403022070B50D4BD2
:1076D0000D4D5B1B9C100026A64209D101F0C4FB96
:1076E0000A4D0B4B5B1B9C100026A64205D170BDBA
:1076F00055F8043B98470136EEE755F8043B9847A8
:107700000136F2E72C0D03082C0D03082C0D03089D
:10771000300D030870477047704770477047034645
:1077200011F8012B03F8012B002AF9D170470A4404
:10773000914200F1FF3300D1704710B511F8014BB1
:1077400003F8014F9142F9D110BD00001FB5144656
:107750001A46094B1B680546D8684CB1074B009187
:10776000CDE9013406492B4600F0F0FD00F056FF4C
:10777000044B1C46F3E700BF04030220D60A0308AB
:10778000E30A0308110B030810B591FBF2F402FBA6
:1077900014110460416010BD38B50546002941D080
:1077A00051F8043C0C1F002BB8BFE418F2F784FD1D
:1077B0001D4A136833B9636014602846BDE8384039
:1077C000F2F7AABDA34208D9206821188B4201BF55
:1077D00019685B6809182160EDE71A465B680BB110
:1077E000A342FAD911685018A0420BD12068014475
:1077F000501883421160E0D118685B6853600844F8
:107800001060DAE702D90C232B60D6E72068211834
:107810008B4204BF19685B68636004BF091821606C
:107820005460CAE738BD00BF34DA05202DE9F84FAF
:10783000DFF86CA006468946174600F0F7FEDAF836
:10784000004034B14B46984613F8012B3AB13D2A1B
:10785000F9D1304600F0F0FE0020BDE8F88FA8EB2B
:107860000908A34654F8040B0028F2D042464946C2
:10787000FFF73CF80028F4D154F8043C03EB08056A
:1078800013F808303D2BECD1DAF80030ABEB0303F2
:107890009B1030463B6000F0CFFE681CDDE700BF68
:1078A0004000022007B501AAFFF7C0FF03B000BDEA
:1078B0002DE9F043344E86460D46284615F8014B17
:1078C000375D17F00807F8D12D2C10D12C7801273F
:1078D000851C33F0100015D1302C0DD1287800F024
:1078E000DF00582808D16C78023510230AE02B2CD1
:1078F00004BF2C78851CECE7002BF6D1302C14BF8C
:107900000A2308234FF0FF380026B8FBF3F803FBE7
:1079100008F96FEA09093046A4F1300CBCF1090FEF
:1079200010D86446A3421EDDB6F1FF3F07D0804564
:1079300016D301D1A14513DB00FB0340012615F846
:10794000014BE9E7A4F1410CBCF1190F01D8373C18
:10795000E8E7A4F1610CBCF1190F04D8573CE1E74A
:107960004FF0FF36EBE7731C06D12223CEF8003030
:10797000304632B9BDE8F08307B14042002AF9D061
:1079800006B1691E1160F5E7610B0308FFF790BFB0
:1079900013460A46014602480068FFF789BF00BF48
:1079A000040302202DE9F0478E681F46BE4282463E
:1079B0000C469046334653D8B1F90C0010F4906F42
:1079C0002BD065692368096905EB4505A3EB01091F
:1079D00005EBD5757B1C6D104B44AB422A4684BF2A
:1079E0001D462A46430527D511465046FEF7A2FB01
:1079F000064658B321694A46FFF799FEA38923F446
:107A0000906343F08003A381266165614E44A5EB3A
:107A100009052660A5603E463B461F4620683A465B
:107A20004146FEF735FFA3689B1BA36023683B44D8
:107A300023600020BDE8F087504600F003FE0646B4
:107A40000028E1D121695046FFF7A6FE0C23CAF8B1
:107A50000030A38943F04003A3814FF0FF30E9E7F2
:107A60003E46DBE72DE9F0471F468B891B069CB09D
:107A700006460D46144610D50B6973B94021FEF732
:107A800059FB2860286130B90C2333604FF0FF3078
:107A90001CB0BDE8F08740236B61002309932023CD
:107AA0008DF8293003973023654F8DF82A304FF039
:107AB00001082346994613F8012B0AB1252AF9D16A
:107AC000B9EB040A0BD05346224629463046FFF74D
:107AD00069FF013000F0A480099A5244099299F894
:107AE0000030002B00F09C8000234FF0FF32CDE9E6
:107AF000052309F10109049307938DF853301A9374
:107B00004C464F4814F8011B0522D8F739FF049B57
:107B1000D0B9D80644BF20228DF85320190744BF9E
:107B20002B228DF8532099F800202A2A13D0079A87
:107B30004C4600204FF00A0C214611F8013B303B27
:107B4000092B49D968B913E0C01B08FA00F01843A3
:107B50000490A146D4E7039A111D12680391002AEC
:107B600001DB079204E0524243F0020307920493C0
:107B700023782E2B0AD163782A2B32D1039B1A1D2E
:107B80001B68039243EAE37302340593DFF8C09065
:107B9000217803224846D8F7F3FE38B1049BA0EBC6
:107BA00009004022824013430134049314F8011B5E
:107BB00024488DF828100622D8F7E2FE002835D098
:107BC000214818BB039B073323F0070308330393B3
:107BD000099B034409936CE70CFB02320C4601201D
:107BE000AAE700230134059319464FF00A0C2046FA
:107BF00010F8012B303A092A03D9002BC6D0059181
:107C0000C4E70CFB012104460123F0E703AB00931A
:107C10002A460E4B04A93046AFF30080421CD7D150
:107C2000AB895B063FF532AF099831E703AB0093B0
:107C30002A46064B04A9304600F0B8F9EEE700BF2B
:107C4000120B03081C0B030800000000A5790208B2
:107C5000180B03089368013B002B10B4936008DAFB
:107C60009469A34201DB0A2903D15DF8044BFEF7B6
:107C70006DBD1368581C1060197008465DF8044B00
:107C80007047F8B506460F461446D518AC4201D1E8
:107C9000002007E014F8011B3A463046FFF7DAFFF0
:107CA000431CF3D1F8BD00002DE9F0470D469CB010
:107CB00014461F46064618B1036A0BB9FEF702FCCC
:107CC0006B6ED90705D4AB899A0502D4A86DFFF76E
:107CD00023FDAB891B0701D52B699BB9294630468B
:107CE000FEF772FD70B16B6EDC0704D54FF0FF300C
:107CF0001CB0BDE8F087AB899805F7D4A86DFFF7F5
:107D00000DFDF3E70023099320238DF82930039715
:107D100030236A4F8DF82A304FF0010823469946E8
:107D200013F8012B0AB1252AF9D1B9EB040A0BD0BB
:107D30005346224629463046FFF7A3FF013000F0A4
:107D4000A480099A5244099299F80030002B00F05F
:107D50009C8000234FF0FF32CDE9052309F1010992
:107D6000049307938DF853301A934C46534814F8F4
:107D7000011B0522D8F704FE049BD0B9D90644BFE5
:107D800020228DF853201A0744BF2B228DF8532050
:107D900099F800202A2A13D0079A4C4600204FF069
:107DA0000A0C214611F8013B303B092B49D968B92F
:107DB00013E0C01B08FA00F018430490A146D4E772
:107DC000039A111D12680391002A01DB079204E057
:107DD000524243F002030792049323782E2B0AD1D8
:107DE00063782A2B32D1039B1A1D1B68039243EA46
:107DF000E37302340593DFF8D490217803224846D8
:107E0000D8F7BEFD38B1049BA0EB090040228240A8
:107E100013430134049314F8011B29488DF82810EA
:107E20000622D8F7ADFD00283ED0264818BB039B9C
:107E3000073323F0070308330393099B0344099393
:107E40006CE70CFB02320C460120AAE70023013448
:107E5000059319464FF00A0C204610F8012B303AD2
:107E6000092A03D9002BC6D00591C4E70CFB0121D8
:107E700004460123F0E703AB00932A46124B04A902
:107E80003046AFF30080431CD7D16B6ED90705D4C1
:107E9000AB899A0502D4A86DFFF740FCAB895B065D
:107EA0003FF524AF099823E703AB00932A46064B1E
:107EB00004A9304600F07AF8E5E700BF120B03088A
:107EC0001C0B030800000000837C0208180B030849
:107ED0002DE9F047164698468A680B69DDF8209030
:107EE0009342B8BF1346336091F8432007460C46CF
:107EF0000AB1013333602368990642BF3368023305
:107F00003360256815F0060506D104F1190AE36807
:107F100032689B1AAB4226DC94F843302268003B5F
:107F200018BF012392062BD404F143024146384680
:107F3000C84701301ED02368226903F00603042BD2
:107F400002BFE5683368ED1AA3680CBF25EAE57542
:107F500000259342C4BF9B1AED1800261A34B5427F
:107F60001AD1002008E00123524641463846C8474E
:107F7000013003D14FF0FF30BDE8F0870135C6E78F
:107F8000E1185A1C302081F84300224494F845102F
:107F900082F843100233C7E70123224641463846A0
:107FA000C8470130E6D00136D9E700002DE9F0439B
:107FB0000D7E85B0782D90460C9E07460C4699465E
:107FC00001F1430207D8622D0AD8002D00F0D780B6
:107FD000582D00F0BC8004F1420684F842503BE08A
:107FE000A5F16303152BF6D801A151F823F000BFCA
:107FF000498002085D800208D77F0208D77F020807
:10800000D77F0208D77F02085D800208D77F020869
:10801000D77F0208D77F0208D77F02086581020850
:108020008780020817810208D77F0208D77F0208DD
:1080300087810208D77F020887800208D77F02085D
:10804000D77F02081F81020833681A1D1B6832603F
:1080500004F1420684F842300123A1E0336820682D
:10806000191D3160060601D51D6803E04506FBD5E4
:10807000B3F90050002D03DA2D236D4284F843300C
:108080005B480A2311E021683368080653F8045B53
:1080900002D4490648BFADB23360237E54486F2BEB
:1080A0005CD10823002184F843106668A660002E86
:1080B00005DB21682E4321F00401216050D01646D3
:1080C000B5FBF3F103FB115C10F80CC006F801CD11
:1080D000AC4663450D46F3D9082B0BD12368DB076B
:1080E00008D5236961689942DEBF302306F8013C58
:1080F00006F1FF36921B2261CDF80090434603AA99
:1081000021463846FFF7E4FE01304ED14FF0FF30F4
:1081100005B0BDE8F083236843F0200323603548B1
:10812000782584F845502368316813F0800F51F8A2
:10813000045B03D113F0400F18BFADB23160D90713
:1081400044BF43F0200323601DB11023AAE7284851
:10815000E7E7236823F020032360F6E70A23A1E77B
:108160001646B9E7336825686169181D30602E0628
:108170001B6801D5196002E06806FBD51980002351
:1081800023611646B8E733681A1D32601E686268BC
:1081900000213046D8F7F4FB08B1801B60606368AB
:1081A0002361002384F84330A6E723693246414621
:1081B0003846C8470130A9D023689B0713D4E0682C
:1081C000039B9842B8BF1846A2E7012332464146B6
:1081D0003846C847013099D00135E36803995B1AE6
:1081E000AB42F2DCEBE7002504F11906F5E700BF2E
:1081F000230B0308340B0308B1F90C202DE9F041DF
:10820000160705460C4651D44B68002B02DC0B6C5C
:10821000002B49DDE66A002E46D0002312F480527E
:108220002F682B6031D0626DA389590705D563682B
:10823000D21A636B0BB1236CD21A0023E66A216A4F
:108240002846B047421CB4F90C3006D129681D29D4
:1082500046D8294ACA40D60742D500226260D904CE
:108260002269226004D5421C01D12B6803B96065E4
:10827000616B2F60C1B104F14403994202D02846DA
:10828000FFF78AFA002363630EE0216A0123284680
:10829000B0470246501CC7D12B68002BC4D01D2B01
:1082A00001D0162B1AD12F6000201EE00F69002F7D
:1082B000FAD093070E6808BF4B690F6018BF002300
:1082C000A6EB07088B60B8F1000FEDDD216AA66A06
:1082D00043463A462846B047002808DCB4F90C303B
:1082E00043F04003A3814FF0FF30BDE8F081074425
:1082F000A8EB0008E7E700BF0100402038B50B6994
:1083000005460C4613B90025284638BD18B1036A46
:108310000BB9FEF7D7F8B4F90C30002BF3D0626E2E
:10832000D00704D4990502D4A06DFFF7F5F92846CB
:108330002146FFF761FF636EDA070546E4D4A3899F
:108340009B05E1D4A06DFFF7E9F9DDE70EB403B5B5
:10835000014603AB054853F8042B00680193FFF76F
:10836000A3FC02B05DF804EB03B0704704030220E5
:1083700070B50C46B1F90E10002996B015461E4690
:108380000ADAA18911F0800113D14FF48062002034
:1083900031602A6016B070BD6A4600F01DF90028F1
:1083A000EFDB019901F47041A1F5005359425941A5
:1083B000EBE700214022EAE78B8973B59E0705466B
:1083C0000C4607D504F14703236023610123636151
:1083D00002B070BD01AB6A46FFF7CAFF009E284697
:1083E0003146FDF7A7FEB4F90C3038B99A05EFD441
:1083F00023F0030343F00203A381E3E743F0800388
:10840000A381019B2060C4E90406002BE0D0B4F9ED
:108410000E10284600F0F2F80028D9D0A38923F0E6
:10842000030343F00103A381D2E700000EB470B54B
:108430009DB021AC00254FF4017254F8046BADF8E7
:1084400014201B9502900690D8F78EFA0B4B0390E0
:1084500007900B480B934FF6FF73ADF8163032467A
:10846000234602A900680F951495019400F072F953
:108470001DB0BDE8704003B0704700BFE36602085E
:108480000403022000487047580302202DE9F04100
:108490004D4A0C460023D0E90001D8F7C1FA002A62
:1084A000BCBF02F5A83202F5C0724FF4616100F55D
:1084B0002F20B2FBF1F301FB13224FF03C01ACBFC4
:1084C00000F66C2000F66B20A360B2FBF1F301FB19
:1084D000132263602260C31C072293FBF2F2C2EBFB
:1084E000C2029B1A394955D50733A361A0F50E3353
:1084F000A3F52C7393FBF1F1354B03FB010048F618
:10850000AC63B0FBF3F3034440F2B45CB0FBFCF2A9
:108510009B1A40F26D172F4AB0FBF2F264269B1AA9
:10852000B3FBF7F2B3FBFCF3B2FBF6F5EB1A034433
:1085300007FB1233992003EB8307023703F1010E87
:10854000B7FBF0FC00FB0CF002304FF00508B0FB6D
:10855000F8F0AEEB000040F2F95E77458CBF6FF0AB
:108560000907022767444FF4C87C0CFB0121012F47
:1085700098BF0131B3F5997F12D3A3F59973E361E5
:10858000A1F26C710023E060C4E90471236220460B
:10859000BDE8F0810028A361A8DB90FBF1F1ABE717
:1085A00012F0030F02D106FB15255DB94FF4C87513
:1085B000B2FBF5F605FB1622B2FA82F252093B3302
:1085C0001344DCE70122FAE780510100B13A0200CE
:1085D0004FC5FDFFB03A020038B5074D00230446F1
:1085E000084611462B60F1F7F9FE431C02D12B68B7
:1085F00003B1236038BD00BF18DA042038B5064D3A
:108600000023044608462B60F1F7F8FE431C02D114
:108610002B6803B1236038BD18DA042008B50620A2
:1086200000F0FEFB0120F1F7A5FE00000148FFF776
:1086300073B800BF99DB05200148FFF76FB800BF92
:1086400099DB05202DE9F041074614460D4621B976
:10865000BDE8F0411146FDF76DBD2AB9FFF79CF862
:1086600025462846BDE8F08100F0F6FB8442064628
:1086700002D8B4EB500FF4D821463846FDF75AFD26
:10868000804608B94546ECE7B4422246294628BF51
:108690003246FFF74CF829463846FFF77DF8F1E7F8
:1086A00038B54B1C144603D14FF0FF35284638BD72
:1086B000938923F020039381636B5268CDB28BB111
:1086C000A36B934208DD23685A1E226003F8015C05
:1086D000636801336360E9E7214600F03EFB002850
:1086E000F1D0E1E72169236851B1994208D213F82A
:1086F000011CA94204D1013B013223606260D5E72D
:10870000C4E90F3204F1440363630323A3632346E4
:1087100003F8465F23600123DCE710B50C46496B84
:1087200069B104F14403994201D0FFF735F8236C95
:1087300063600020606313B1E36B236010BD2369A5
:10874000236000236360A38943F02003A3814FF0DB
:10875000FF30F3E72DE9F04FADF5237D41AC0D4639
:108760000021C4E9031101A96161AF49C4F87C117A
:10877000DFF8C4B2AD49C4F880110746E84600935B
:1087800092F80090B9F1000F00F060811BF80930F9
:1087900013F0080302F101061BD06B68002B10DDFB
:1087A0002B681A781BF80220120701D43246E7E73B
:1087B0002269013222616A680133013A6A602B60E2
:1087C000EBE7D4F880312946384698470028E7D0AF
:1087D000ECE7B9F1250F40F084802360A360537863
:1087E0002A2B02BF1023961C23600A22B2461AF8D5
:1087F000011BA1F13003092B1DD98D4B0322184613
:10880000D8F7BEF838B18A4B2268C01A01238340DA
:1088100013432360564616F8013B782B06D8572B96
:1088200010D8252B5DD057D8002B76D00323A36119
:108830000A23636089E0A36802FB03113039A16059
:108840005646D3E7A3F15802202AEFD801A151F8E8
:1088500022F000BF298902082D8802082D8802080D
:10886000858902082D8802082D8802082D880208B3
:108870002D8802082D8802082D8802082D880208FC
:108880009B89020881890208DF880208DF880208C4
:10889000DF8802082D8802083B8902082D8802081B
:1088A0002D8802082D8802082D880208AB8902084D
:1088B00043890208218902082D8802082D880208B0
:1088C000A78902082D880208818902082D880208DC
:1088D0002D88020829890208453B022BA6D80523CA
:1088E00032E06B68002B0DDD2B681A784A4540F0AA
:1088F000AD8001336A682B602369013A01336A60F5
:10890000236153E7D4F88031294638469847002838
:10891000EAD0E068002840F091804FF0FF3091E00D
:10892000226842F020022260226842F40072226033
:1089300010226E2B626006D801E0002363600323DF
:1089400002E0082363600423A3616B68002B3CDD15
:108950002368590605D42B681A781BF802201207E1
:108960003BD4A369022B4BDC43462A4621463846BA
:1089700000F06EF8012869D002287FF417AFC8E72D
:108980000A22D6E7314601A800F0AEF9236843F089
:108990004003236006460123D6E7236843F04003E3
:1089A00023600023D0E70223CEE72068C3063FF50B
:1089B000FDAED8F800302269191DC8F800101B68F8
:1089C000C0074CBF1A801A60F0E6D4F880312946FF
:1089D000384698470028BBD09BE7226901322261C4
:1089E0006A68013A002A6A6002DD01332B60B2E74F
:1089F000D4F880312946384698470028ABD088E71C
:108A0000042B06DC43462A462146384600F07AF815
:108A1000B0E7084B002B3FF4C9AE43462A46214637
:108A20003846AFF30080A5E7A18602081B8702083D
:108A3000180B030800000000610B0308AB895B06FC
:108A40003FF56BAF0DF5237DBDE8F08FE068F9E7EA
:108A50002DE9F84315468A6880460C4632B98A6982
:108A6000002A14BF4FF0FF3201228A602268DFF82B
:108A70009090D1065FBF1A68111D19601668002713
:108A8000A06988B1012807D12B681A7863699B5CBB
:108A900053B9002F32D023E0022821D12B681B7854
:108AA00019F803301B071BD42368DA065EBF2B6856
:108AB0001B7806F8013B6B68013B6B602B68013348
:108AC0002B60A368013B0137A3604BB16B68002B9F
:108AD000D6DCD4F880312946404698470028CFD0CC
:108AE000236813F0100305D1E2680132E260A26945
:108AF00002B1337023693B4423610020BDE8F88351
:108B0000610B03082DE9F04F9846734B0C468246E3
:108B1000164693E8070087B003AB83E807006F4B66
:108B2000A1696F4A032908BF1A46A36801925A1E19
:108B3000B2F5AE7F84BF6FF4AE7503EB050927462F
:108B400084BF40F25D13A36057F81C3B43F45063AD
:108B500098BF4FF0000923603D464FF0000B31688D
:108B600003AB097853F82B000222D7F709FF28B38B
:108B7000BBF1010F58D162682AB92268082142F47A
:108B8000007261602260226822F4A0622260A26802
:108B9000511EA16092B13268511C3160127805F803
:108BA000012B7268013A002A726007DCD4F8802138
:108BB000314650469047002840F083800BF1010B6E
:108BC000BBF1030FCBD1616809B90A216160454B44
:108BD0006069591A00F088F84FF0000BA36822680A
:108BE000002B3DD03168606991F800C010F80C008E
:108BF000002835D0BCF1300F24D1100522D50BF15F
:108C0000010BB9F1000F03D0013309F1FF39A36063
:108C10007368013B002B73601BDD336801333360E5
:108C2000A368013BA360D9E7BBF1020FAFD1226873
:108C300002F4C061B1F5007FC5D11021616042F43A
:108C40008072A3E722F4106222600B7805F8013BE2
:108C5000DEE7D4F880313146504698470028DFD00F
:108C60002368DB050DD5BD4209D915F8011CD4F8E0
:108C70007C3132465046984705F1FF394D46BD429A
:108C800027D0226812F0100212D12A706368019E68
:108C900039465046B047D8F8003021681A1DC8F848
:108CA00000208E061B680FD51860E3680133E3606F
:108CB0002369ED1B5D442B442361002007B0BDE810
:108CC000F08F4FF0000BCBE7CA074CBF188018603D
:108CD000EBE70120F2E700BFDCE90208A563020828
:108CE0008D790208550B030870B50B7804465E2B8E
:108CF0000BBF4B784A1C8A1C002108BF0121013898
:108D000004F1FF0500F8011FA842FBD10BB9501E6A
:108D100070BD81F00101E1541046024612F8015B7A
:108D20002D2D05D05D2D16D0002DF1D02B46F2E76C
:108D300046785D2EFAD0B342F8DC02301A46013292
:108D40009642A154FBDCF21A013AB342A8BF0022BA
:108D500001331344E1E71046DAE72DE9F0410C4610
:108D6000496B04F1440399421DD14FF48061FDF732
:108D7000E1F918B94FF0FF30BDE8F0814FF480639E
:108D8000A36394F84630606380F8FF3394F845306D
:108D900080F8FE3394F8443080F8FD3300F2FD3063
:108DA00020600020E8E7A66B77003A46FFF74AFC10
:108DB00005460028DED000EB060801463246404654
:108DC000FEF7B5FCC4E90D57C4F80080E9E71F2998
:108DD00038B505460C4604D9162303604FF0FF3022
:108DE00038BDC26B12B152F821304BB9284600F0A1
:108DF00031F8224601462846BDE8384000F018B850
:108E0000012B0AD0591C03D1162303600120E7E788
:108E1000002142F82410204698470020E0E7000097
:108E2000024B01461868FFF7D2BF00BF04030220BF
:108E300038B5074D00230446084611462B60F1F76C
:108E400087FA431C02D12B6803B1236038BD00BFF1
:108E500018DA0420F1F774BA51F8043C181F002BFB
:108E6000BCBF0B58C0187047F8B500BFF8BC08BCB1
:108E70009E467047F8B500BFF8BC08BC9E467047D8
:108E800049444C4500000000546D72205376630045
:108E9000546D725100000000443A2F4465736B74A6
:108EA0006F702F53656E736F72436F6E63656E7470
:108EB0007261746F722F4D6964646C65776172655D
:108EC000732F54686972645F50617274792F4C77A4
:108ED00049502F7372632F6E657469662F657468CD
:108EE00065726E65742E63006E657469662D3E68EA
:108EF00077616464725F6C656E206D757374206257
:108F000065203620666F722065746865726E6574C0
:108F10005F6F757470757421000000004173736594
:108F20007274696F6E2022257322206661696C65F8
:108F300064206174206C696E6520256420696E2050
:108F400025730A00443A2F4465736B746F702F5376
:108F5000656E736F72436F6E63656E747261746F6A
:108F6000722F4D6964646C6577617265732F546804
:108F70006972645F50617274792F4C7749502F7316
:108F800072632F6170692F74637069702E630000C3
:108F900074637069705F7468726561643A20696EA9
:108FA00076616C6964206D657373616765000000AC
:108FB000417373657274696F6E2022257322206677
:108FC00061696C6564206174206C696E652025643C
:108FD00020696E2025730A00496E76616C696420F1
:108FE0006D626F78000000006661696C65642074D2
:108FF0006F206372656174652074637069705F745B
:109000006872656164206D626F7800006661696CEA
:10901000656420746F20637265617465206C6F6392
:109020006B5F74637069705F636F7265000000004E
:1090300074637069705F7468726561640000000039
:10904000443A2F4465736B746F702F53656E736F62
:1090500072436F6E63656E747261746F722F4D69C7
:1090600064646C6577617265732F54686972645FBC
:1090700050617274792F4C7749502F7372632F634C
:109080006F72652F6D656D2E63000000706C7567E3
:109090005F686F6C65733A206D656D203E3D207290
:1090A000616D0000417373657274696F6E202225D3
:1090B0007322206661696C6564206174206C696E3E
:1090C0006520256420696E2025730A00706C756721
:1090D0005F686F6C65733A206D656D203C2072612E
:1090E0006D5F656E64000000706C75675F686F6C23
:1090F00065733A206D656D2D3E75736564203D3D49
:1091000020300000706C75675F686F6C65733A2083
:109110006D656D2D3E6E657874203C3D204D454D4E
:109120005F53495A455F414C49474E454400000052
:109130006661696C656420746F2063726561746533
:10914000206D656D5F6D7574657800006D656D5F90
:10915000667265653A2073616E697479206368652B
:10916000636B20616C69676E6D656E740000000052
:109170006D656D5F667265653A20696C6C656761E7
:109180006C206D656D6F7279000000006D656D5F1C
:10919000667265653A20696C6C6567616C206D6507
:1091A0006D6F72793A20646F75626C6520667265C6
:1091B000650000006D656D5F667265653A20696CDB
:1091C0006C6567616C206D656D6F72793A206E6FAA
:1091D0006E2D6C696E6B65643A20646F75626C65A8
:1091E00020667265650000006D656D5F7472696D63
:1091F0003A206C6567616C206D656D6F7279000057
:109200006D656D5F7472696D2063616E206F6E6C49
:109210007920736872696E6B206D656D6F7279006D
:10922000696E76616C6964206E6578742070747202
:10923000000000006D656D5F6D616C6C6F633A20BE
:10924000216C667265652D3E7573656400000000D3
:109250006D656D5F6D616C6C6F633A20616C6C6FF6
:109260006361746564206D656D6F7279206E6F74D3
:109270002061626F76652072616D5F656E642E009D
:109280006D656D5F6D616C6C6F633A20616C6C6FC6
:109290006361746564206D656D6F72792070726FA3
:1092A0007065726C7920616C69676E65642E000070
:1092B0006D656D5F6D616C6C6F633A2073616E6993
:1092C000747920636865636B20616C69676E6D6596
:1092D0006E740000443A2F4465736B746F702F53A3
:1092E000656E736F72436F6E63656E747261746FD7
:1092F000722F4D6964646C6577617265732F546871
:109300006972645F50617274792F4C7749502F7382
:1093100072632F636F72652F6D656D702E63000031
:109320006D656D705F6D616C6C6F633A206D656D1E
:10933000702070726F7065726C7920616C69676EF5
:1093400065640000417373657274696F6E20222535
:109350007322206661696C6564206174206C696E9B
:109360006520256420696E2025730A00696E766188
:109370006C696420706F6F6C20646573630000001B
:109380006D656D705F6D616C6C6F633A20747970A0
:1093900065203C204D454D505F4D41580000000078
:1093A0006D656D705F667265653A206D656D2070E4
:1093B000726F7065726C7920616C69676E656400AC
:1093C0006D656D705F667265653A207479706520B1
:1093D0003C204D454D505F4D41580000443A2F44CC
:1093E00065736B746F702F53656E736F72436F6E1E
:1093F00063656E747261746F722F4D6964646C651D
:1094000077617265732F54686972645F506172741A
:10941000792F4C7749502F7372632F636F72652FCA
:109420006E657469662E63006E657469665F696E49
:109430007075743A20696E76616C6964207062752B
:1094400066000000417373657274696F6E20222597
:109450007322206661696C6564206174206C696E9A
:109460006520256420696E2025730A006E65746985
:10947000665F696E7075743A20696E76616C6964B6
:10948000206E6574696600006E657469665F61646C
:10949000643A20696E76616C6964206E65746966F1
:1094A000000000006E657469665F6164643A204E76
:1094B0006F20696E69742066756E6374696F6E20C3
:1094C000676976656E0000006E6574696620616C80
:1094D000726561647920616464656400746F6F20F3
:1094E0006D616E79206E65746966732C206D61788C
:1094F0002E20737570706F72746564206E756D6266
:10950000657220697320323535000000696E76611E
:109510006C696420706F696E746572006E65746941
:10952000665F7365745F6970616464723A20696E26
:1095300076616C6964206E65746966006E65746935
:10954000665F7365745F6E65746D61736B3A2069F5
:109550006E76616C6964206E657469660000000057
:109560006E657469665F7365745F67773A20696ECC
:1095700076616C6964206E65746966006E657469F5
:10958000665F7365745F75703A20696E76616C69A9
:1095900064206E65746966006E657469665F6973E0
:1095A0007375655F7265706F7274733A20696E7659
:1095B000616C6964206E6574696600006E6574692B
:1095C000665F7365745F646F776E3A20696E76616B
:1095D0006C6964206E657469660000006E6574696C
:1095E000665F7365745F6C696E6B5F75703A206956
:1095F0006E76616C6964206E6574696600000000B7
:109600006E657469665F7365745F6C696E6B5F64C9
:109610006F776E3A20696E76616C6964206E65744E
:1096200069660000443A2F4465736B746F702F5362
:10963000656E736F72436F6E63656E747261746F83
:10964000722F4D6964646C6577617265732F54681D
:109650006972645F50617274792F4C7749502F732F
:1096600072632F636F72652F706275662E630000E0
:10967000706275665F616C6C6F633A2070627566CC
:1096800020712D3E7061796C6F61642070726F7013
:1096900065726C7920616C69676E6564000000001A
:1096A000417373657274696F6E2022257322206680
:1096B00061696C6564206174206C696E6520256445
:1096C00020696E2025730A00504255465F504F4F67
:1096D0004C5F42554653495A45206D75737420625C
:1096E0006520626967676572207468616E204D4508
:1096F0004D5F414C49474E4D454E54007062756672
:109700005F616C6C6F633A20706275662D3E7061AC
:10971000796C6F61642070726F7065726C79206112
:109720006C69676E65640000706275665F616C6C81
:109730006F633A206572726F6E656F75732074790E
:1097400070650000696E76616C6964207062756690
:109750005F74797065000000706275665F726561A4
:109760006C6C6F633A207020213D204E554C4C00AC
:10977000706275665F7265616C6C6F633A20712010
:10978000213D204E554C4C006D656D5F7472696DC6
:109790002072657475726E65642071203D3D204EA7
:1097A000554C4C007020213D204E554C4C00000083
:1097B000696E6372656D656E745F6D61676E697405
:1097C000756465203C3D20702D3E6C656E00000088
:1097D000706275665F667265653A20702D3E7265CF
:1097E00066203E203000000070632D3E6375737468
:1097F0006F6D5F667265655F66756E6374696F6EC7
:1098000020213D204E554C4C00000000696E7661D1
:109810006C69642070627566207479706500000060
:109820007062756620726566206F766572666C6F11
:1098300077000000286820213D204E554C4C2920FF
:10984000262620287420213D204E554C4C292028C6
:1098500070726F6772616D6D65722076696F6C6191
:10986000746573204150492900000000702D3E743A
:109870006F745F6C656E203D3D20702D3E6C656E93
:1098800020286F66206C6173742070627566206991
:109890006E20636861696E2900000000702D3E6EC5
:1098A000657874203D3D204E554C4C00702D3E7423
:1098B0006F745F6C656E203D3D20702D3E6C656E53
:1098C000202B20712D3E746F745F6C656E0000005C
:1098D000702D3E746F745F6C656E203D3D20702D61
:1098E0003E6C656E00000000706275665F636F70AD
:1098F000793A20746172676574206E6F74206269B2
:109900006720656E6F75676820746F20686F6C6480
:1099100020736F75726365006F66667365745F743C
:109920006F203C3D20705F746F2D3E6C656E0000B3
:109930006F66667365745F66726F6D203C3D207064
:109940005F66726F6D2D3E6C656E0000705F746FA8
:1099500020213D204E554C4C000000007062756681
:109960005F636F7079282920646F6573206E6F7450
:1099700020616C6C6F77207061636B65742071750A
:109980006575657321000000706275665F636F70B6
:10999000795F7061727469616C3A20696E76616C8E
:1099A0006964206275660000706275665F636F703F
:1099B000795F7061727469616C3A20696E76616C6E
:1099C000696420646174617074720000706275660D
:1099D0005F6765745F636F6E746967756F75733AFF
:1099E00020696E76616C6964206275660000000013
:1099F000706275665F6765745F636F6E74696775C3
:109A00006F75733A20696E76616C69642064617465
:109A10006170747200000000706275665F74616B43
:109A2000653A20696E76616C696420627566000033
:109A3000706275665F74616B653A20696E76616C01
:109A4000696420646174617074720000706275668C
:109A50005F74616B653A20627566206E6F74206C6E
:109A60006172676520656E6F756768007062756604
:109A70005F74616B653A20696E76616C6964207011
:109A800062756600646964206E6F7420636F70791C
:109A900020616C6C20646174610000006368656320
:109AA0006B20706275665F736B6970207265737589
:109AB0006C740000706275665F636F707920666118
:109AC000696C656400000000434C4F53454400003E
:109AD0004C495354454E000053594E5F53454E5424
:109AE0000000000053594E5F5243564400000000EE
:109AF00045535441424C49534845440046494E5F02
:109B0000574149545F31000046494E5F574149541F
:109B10005F320000434C4F53455F574149540000AA
:109B2000434C4F53494E47004C4153545F41434BC4
:109B30000000000054494D455F5741495400000062
:109B4000443A2F4465736B746F702F53656E736F57
:109B500072436F6E63656E747261746F722F4D69BC
:109B600064646C6577617265732F54686972645FB1
:109B700050617274792F4C7749502F7372632F6341
:109B80006F72652F7463702E630000007463705FE2
:109B9000667265653A204C495354454E00000000FA
:109BA000417373657274696F6E202225732220667B
:109BB00061696C6564206174206C696E6520256440
:109BC00020696E2025730A007463705F6672656594
:109BD0005F6C697374656E3A20214C495354454E4D
:109BE000000000007463705F72656D6F76655F6C76
:109BF000697374656E65723A20696E76616C69642A
:109C0000206C697374656E65720000007063622079
:109C1000213D204E554C4C007063622D3E737461A3
:109C20007465203D3D204C495354454E00000000D2
:109C30007463705F636C6F73655F73687574646F72
:109C4000776E3A20696E76616C6964207063620099
:109C50007063622D3E666C61677320262054465FF8
:109C60005258434C4F534544000000007463705FEA
:109C7000636C6F73653A20696E76616C69642070FD
:109C8000636200007463705F73687574646F776EED
:109C90003A20696E76616C6964207063620000002E
:109CA0007463705F6162616E646F6E3A20696E7694
:109CB000616C69642070636200000000646F6E274D
:109CC000742063616C6C207463705F61626F727486
:109CD0002F7463705F6162616E646F6E20666F7275
:109CE000206C697374656E2D7063627300000000F0
:109CF0007463705F62696E643A20696E76616C6944
:109D000064207063620000007463705F62696E6457
:109D10003A2063616E206F6E6C792062696E6420F8
:109D2000696E20737461746520434C4F5345440041
:109D30007463705F6163636570745F6E756C6C3AB9
:109D400020696E76616C69642070636200000000B7
:109D50007463705F6C697374656E5F776974685F54
:109D60006261636B6C6F675F616E645F6572723AAC
:109D700020696E76616C6964207063620000000087
:109D80007463705F6C697374656E5F776974685F24
:109D90006261636B6C6F675F616E645F6572723A7C
:109DA0002070636220616C726561647920636F6EFC
:109DB0006E656374656400007463705F75706461E0
:109DC00074655F7263765F616E6E5F776E643A2072
:109DD000696E76616C696420706362006E65775F9E
:109DE0007263765F616E6E5F776E64203C3D2030FB
:109DF00078666666660000007463705F72656376FD
:109E000065643A20696E76616C69642070636200F3
:109E1000646F6E27742063616C6C207463705F7272
:109E2000656376656420666F72206C697374656E15
:109E30002D706362730000007463705F636F6E6EF9
:109E40006563743A20696E76616C69642070636240
:109E5000000000007463705F636F6E6E6563743A38
:109E600020696E76616C6964206970616464720057
:109E70007463705F636F6E6E6563743A2063616EC6
:109E8000206F6E6C7920636F6E6E656374206672EE
:109E90006F6D20737461746520434C4F53454400CB
:109EA0007463705F736C6F77746D723A2061637462
:109EB000697665207063622D3E737461746520213C
:109EC0003D20434C4F5345440A0000007463705FCB
:109ED000736C6F77746D723A206163746976652074
:109EE0007063622D3E737461746520213D204C497E
:109EF0005354454E0A0000007463705F736C6F77B3
:109F0000746D723A20616374697665207063622DA6
:109F10003E737461746520213D2054494D452D5791
:109F20004149540A000000007463705F736C6F77DE
:109F300074696D723A207065727369737420746904
:109F4000636B696E67207769746820696E2D666C33
:109F50006967687420646174610000007463705FF5
:109F6000736C6F7774696D723A2070657273697380
:109F700074207469636B696E672077697468206503
:109F80006D7074792073656E6420627566666572A3
:109F9000000000007463705F736C6F77746D723AC9
:109FA000206D6964646C652074637020213D2074A9
:109FB00063705F6163746976655F706362730000EC
:109FC0007463705F736C6F77746D723A2066697238
:109FD000737420706362203D3D207463705F616321
:109FE000746976655F706362730000007463705F0C
:109FF000736C6F77746D723A2054494D452D5741FB
:10A000004954207063622D3E7374617465203D3D38
:10A010002054494D452D5741495400007463705FE9
:10A02000736C6F77746D723A206D6964646C65202F
:10A0300074637020213D207463705F74775F706378
:10A04000627300007463705F736C6F77746D723A43
:10A0500020666972737420706362203D3D207463D2
:10A06000705F74775F706362730000007463705F89
:10A0700070726F636573735F726566757365645F35
:10A08000646174613A20696E76616C696420706302
:10A09000620000007463705F7365747072696F3A78
:10A0A00020696E76616C6964207063620000000054
:10A0B0007463705F7365675F636F70793A20696E70
:10A0C00076616C6964207365670000007463705F7B
:10A0D000726563765F6E756C6C3A20696E76616C42
:10A0E0006964207063620000696E76616C69642047
:10A0F0007374617465000000696E76616C69642038
:10A10000736F636B657420737461746520666F721E
:10A1100020726563762063616C6C6261636B000022
:10A12000696E76616C696420736F636B657420730C
:10A130007461746520666F722073656E742063614C
:10A140006C6C6261636B0000696E76616C6964209F
:10A15000736F636B657420737461746520666F72CE
:10A16000206572722063616C6C6261636B00000039
:10A170007463705F706F6C6C3A20696E76616C69A5
:10A180006420706362000000696E76616C6964200F
:10A19000736F636B657420737461746520666F728E
:10A1A00020706F6C6C0000007463705F7063625F9E
:10A1B00070757267653A20696E76616C69642070AB
:10A1C000636200007463705F7063625F72656D6FDD
:10A1D00076653A20696E76616C696420706362000E
:10A1E0007463705F7063625F72656D6F76653A204D
:10A1F000696E76616C6964207063626C6973740067
:10A20000756E73656E74207365676D656E7473200B
:10A210006C65616B696E6700756E61636B65642068
:10A220007365676D656E7473206C65616B696E67CD
:10A23000000000006F6F736571207365676D656E58
:10A240007473206C65616B696E6700007463705F86
:10A250006E6578745F6973733A20696E76616C69B4
:10A2600064207063620000007463705F6566665FFF
:10A2700073656E645F6D73735F6E657469663A20B3
:10A28000696E76616C6964206473745F6970000044
:10A290007463705F6E657469665F69705F61646442
:10A2A000725F6368616E6765645F7063626C697337
:10A2B000743A20696E76616C6964206F6C645F61CA
:10A2C00064647200443A2F4465736B746F702F534B
:10A2D000656E736F72436F6E63656E747261746FD7
:10A2E000722F4D6964646C6577617265732F546871
:10A2F0006972645F50617274792F4C7749502F7383
:10A3000072632F636F72652F7463705F696E2E6363
:10A31000000000007463705F696E7075743A2069A4
:10A320006E76616C69642070627566004173736556
:10A330007274696F6E2022257322206661696C65D4
:10A3400064206174206C696E6520256420696E202C
:10A3500025730A00702D3E6E65787420213D204ED5
:10A36000554C4C00702D3E6C656E203D3D203000FC
:10A37000702D3E746F745F6C656E203D3D20702DB6
:10A380003E6E6578742D3E746F745F6C656E000070
:10A390007463705F696E7075743A20616374697676
:10A3A00065207063622D3E737461746520213D20C9
:10A3B000434C4F53454400007463705F696E707581
:10A3C000743A20616374697665207063622D3E7310
:10A3D0007461746520213D2054494D452D574149F4
:10A3E000540000007463705F696E7075743A206188
:10A3F0006374697665207063622D3E737461746561
:10A4000020213D204C495354454E00007463705F39
:10A41000696E7075743A207063622D3E6E65787453
:10A4200020213D2070636220286265666F7265207E
:10A4300063616368652900007463705F696E70759D
:10A44000743A207063622D3E6E65787420213D2041
:10A450007063622028616674657220636163686559
:10A46000290000007463705F696E7075743A20543F
:10A47000494D452D57414954207063622D3E7374F8
:10A48000617465203D3D2054494D452D5741495447
:10A49000000000007063622D3E726566757365642E
:10A4A0005F64617461203D3D204E554C4C000000BE
:10A4B0007463705F696E7075745F64656C617965F3
:10A4C000645F636C6F73653A20696E76616C696472
:10A4D00020706362000000007463705F6C697374C5
:10A4E000656E5F696E7075743A20696E76616C692D
:10A4F00064207063620000007463705F74696D654E
:10A50000776169745F696E7075743A20696E7661FF
:10A510006C696420706362007463705F70726F6353
:10A520006573733A20696E76616C6964207063624A
:10A53000000000007463705F696E7075743A20707B
:10A5400063622D3E737461746520213D20434C4F3E
:10A55000534544007063622D3E736E645F71756590
:10A5600075656C656E203E20300000006E6F2073B4
:10A5700065676D656E7420746F2066726565000096
:10A580007063622D3E6C697374656E65722D3E61F9
:10A59000636365707420213D204E554C4C000000D3
:10A5A0007463705F6F6F735F696E736572745F73EE
:10A5B00065676D656E743A20696E76616C696420BA
:10A5C00063736567000000007063622D3E736E6404
:10A5D0005F71756575656C656E203E3D20706275B6
:10A5E000665F636C656E286E6578742D3E70290019
:10A5F0007463705F726563656976653A2076616C35
:10A600006964207175657565206C656E6774680096
:10A610007463705F726563656976653A20696E760A
:10A62000616C696420706362000000007463705F95
:10A63000726563656976653A2077726F6E6720731D
:10A640007461746500000000756E61636B65640081
:10A65000756E73656E740000696E7365672E702089
:10A66000213D204E554C4C00696E73616E65206F24
:10A6700066667365742100007062756620746F6F82
:10A680002073686F727421007463705F7265636514
:10A690006976653A207365676D656E74206E6F74B8
:10A6A000207472696D6D656420636F727265637486
:10A6B0006C7920746F207263765F776E640A000095
:10A6C0007463705F726563656976653A2073656768
:10A6D0006D656E74206E6F74207472696D6D656443
:10A6E00020636F72726563746C7920746F206F6F72
:10A6F0007365712071756575650A00007463705F1C
:10A70000726563656976653A207463706C656E2066
:10A710003E207263765F776E640A00007463705F38
:10A72000726563656976653A206F6F736571207431
:10A7300063706C656E203E207263765F776E640A8C
:10A74000000000007463705F70617273656F7074F5
:10A750003A20696E76616C69642070636200000063
:10A76000443A2F4465736B746F702F53656E736F2B
:10A7700072436F6E63656E747261746F722F4D6990
:10A7800064646C6577617265732F54686972645F85
:10A7900050617274792F4C7749502F7372632F6315
:10A7A0006F72652F7463705F6F75742E63000000A5
:10A7B0007463705F6372656174655F7365676D650F
:10A7C0006E743A20696E76616C6964207063620011
:10A7D000417373657274696F6E202225732220663F
:10A7E00061696C6564206174206C696E6520256404
:10A7F00020696E2025730A007463705F637265615F
:10A8000074655F7365676D656E743A20696E766115
:10A810006C6964207062756600000000702D3E74E3
:10A820006F745F6C656E203E3D206F70746C656E5A
:10A83000000000007463705F706275665F7072651F
:10A84000616C6C6F633A20696E76616C6964206F2D
:10A8500076657273697A65007463705F706275669D
:10A860005F707265616C6C6F633A20696E76616CC3
:10A8700069642070636200006E65656420756E63B4
:10A880006861696E65642070627566007463705FEC
:10A8900077726974655F636865636B733A20696E8C
:10A8A00076616C6964207063620000007463705F9D
:10A8B00077726974653A207062756673206F6E20D6
:10A8C0007175657565203D3E206174206C6561730E
:10A8D00074206F6E65207175657565206E6F6E2DC5
:10A8E000656D7074790000007463705F77726974CD
:10A8F000653A206E6F207062756673206F6E2071EE
:10A9000075657565203D3E20626F746820717565C0
:10A9100075657320656D7074790000007463705FF5
:10A9200077726974653A20696E76616C696420702B
:10A93000636200007463705F77726974653A2061C6
:10A940007267203D3D204E554C4C202870726F6739
:10A9500072616D6D65722076696F6C6174657320CC
:10A9600041504929000000006D73735F6C6F636193
:10A970006C20697320746F6F20736D616C6C0000C4
:10A98000696E636F6E73697374656E74206F76653C
:10A990007273697A652076732E2073706163650027
:10A9A000696E636F6E73697374656E74206F76651C
:10A9B0007273697A652076732E206C656E000000D4
:10A9C0007463705F77726974653A20524F4D2070DE
:10A9D000627566732063616E6E6F74206265206FAE
:10A9E00076657273697A656400000000756E736540
:10A9F0006E745F6F76657273697A65206D69736DC9
:10AA00006174636820287063622D3E756E73656E95
:10AA100074206973204E554C4C2900007463705F9C
:10AA200077726974653A20636865636B2074686146
:10AA30007420666972737420706275662063616E3B
:10AA400020686F6C642074686520636F6D706C653E
:10AA50007465207365676C656E0000006F766572C3
:10AA600073697A65203D3D20300000007072657684
:10AA70005F73656720213D204E554C4C000000005F
:10AA80007463705F77726974653A2063616E6E6F8C
:10AA90007420636F6E636174656E6174652077689E
:10AAA000656E207063622D3E756E73656E742069ED
:10AAB0007320656D707479007463705F7772697468
:10AAC000653A20657874656E73696F6E206F6620D5
:10AAD0007265666572656E6365207265717569720F
:10AAE0006573207265666572656E636500000000BF
:10AAF0007463705F77726974653A2076616C69641B
:10AB0000207175657565206C656E6774680000005E
:10AB10007463705F73706C69745F756E73656E7467
:10AB20005F7365673A20696E76616C696420706353
:10AB30006200000043616E27742073706C6974209A
:10AB40007365676D656E7420696E746F206C656ED9
:10AB5000677468203000000073706C6974203C3D9D
:10AB6000206D737300000000757365672D3E6C6582
:10AB70006E203E2030000000736567203D3D204E72
:10AB8000554C4C007463705F73656E645F66696EEC
:10AB90003A20696E76616C6964207063620000001F
:10ABA0007463705F656E71756575655F666C61670E
:10ABB000733A206E65656420656974686572205417
:10ABC00043505F53594E206F72205443505F4649A3
:10ABD0004E20696E20666C616773202870726F6703
:10ABE00072616D6D65722076696F6C61746573203A
:10ABF00041504929000000007463705F656E7175F3
:10AC00006575655F666C6167733A20696E76616C25
:10AC100069642070636200007463705F656E7175B3
:10AC20006575655F666C6167733A20636865636B21
:10AC3000207468617420666972737420706275662E
:10AC40002063616E20686F6C64206F70746C656E39
:10AC5000000000007365672D3E74637068647220A5
:10AC60006E6F7420616C69676E6564007463705FF9
:10AC7000656E71756575655F666C6167733A2069AD
:10AC80006E76616C6964207365676D656E74206CA7
:10AC9000656E6774680000007463705F656E71753F
:10ACA0006575655F666C6167733A20696E76616C85
:10ACB0006964207175657565206C656E67746800E0
:10ACC0007463705F6F75747075743A20696E766125
:10ACD0006C69642070636200646F6E277420636126
:10ACE0006C6C207463705F6F757470757420666F20
:10ACF00072206C697374656E2D706362730000005E
:10AD0000525354206E6F7420657870656374656467
:10AD100020686572652100007463705F6F757470E0
:10AD200075745F7365676D656E745F627573793A8C
:10AD300020696E76616C69642073656700000000AD
:10AD40007463705F6F75747075745F7365676D653C
:10AD50006E743A20696E76616C6964207365670071
:10AD60007463705F6F75747075745F7365676D651C
:10AD70006E743A20696E76616C696420706362005B
:10AD80007463705F6F75747075745F7365676D65FC
:10AD90006E743A20696E76616C6964206E657469C0
:10ADA000660000006F7074696F6E73206E6F7420A0
:10ADB00066696C6C656400007463705F7265786DC1
:10ADC00069745F72746F5F707265706172653A204A
:10ADD000696E76616C696420706362007463705F91
:10ADE0007265786D69745F72746F5F636F6D6D69A2
:10ADF000743A20696E76616C696420706362000049
:10AE00007463705F7265786D69745F72746F3A20F5
:10AE1000696E76616C696420706362007463705F50
:10AE20007265786D69743A20696E76616C69642028
:10AE3000706362007463705F7265786D69745F66D9
:10AE40006173743A20696E76616C69642070636224
:10AE500000000000636865636B207468617420669D
:10AE60006972737420706275662063616E20686F0A
:10AE70006C6420737472756374207463705F6864AB
:10AE8000720000007463705F6F75747075745F6139
:10AE90006C6C6F635F6865616465723A20696E7699
:10AEA000616C696420706362000000007463705F0D
:10AEB0006F75747075745F66696C6C5F6F707469C0
:10AEC0006F6E733A20696E76616C6964207062758A
:10AED000660000007463705F6F75747075745F63F3
:10AEE0006F6E74726F6C5F7365676D656E743A2018
:10AEF000696E76616C69642070627566000000009E
:10AF00007463705F7273743A20696E76616C696401
:10AF1000206C6F63616C5F69700000007463705F28
:10AF20007273743A20696E76616C69642072656D23
:10AF30006F74655F697000007463705F73656E6441
:10AF40005F656D7074795F61636B3A20696E7661DD
:10AF50006C696420706362007463705F6B65657018
:10AF6000616C6976653A20696E76616C69642070FF
:10AF7000636200007463705F7A65726F5F77696EF9
:10AF8000646F775F70726F62653A20696E76616C8C
:10AF90006964207063620000443A2F4465736B74E7
:10AFA0006F702F53656E736F72436F6E63656E744F
:10AFB0007261746F722F4D6964646C65776172653C
:10AFC000732F54686972645F50617274792F4C7783
:10AFD00049502F7372632F636F72652F74696D65AB
:10AFE0006F7574732E6300007379735F74696D6598
:10AFF0006F75743A2074696D656F757420213D20FA
:10B000004E554C4C2C20706F6F6C204D454D505F51
:10B010005359535F54494D454F555420697320652A
:10B020006D70747900000000417373657274696F0C
:10B030006E2022257322206661696C65642061742C
:10B04000206C696E6520256420696E2025730A00D6
:10B0500054696D656F75742074696D6520746F6FC8
:10B06000206C6F6E672C206D6178206973204C57BF
:10B0700049505F55494E5433325F4D41582F34206B
:10B080006D73656373000000696E76616C6964209E
:10B09000736C65657074696D65000000443A2F44F7
:10B0A00065736B746F702F53656E736F72436F6E41
:10B0B00063656E747261746F722F4D6964646C6540
:10B0C00077617265732F54686972645F506172743E
:10B0D000792F4C7749502F7372632F636F72652FEE
:10B0E0007564702E630000007564705F696E707522
:10B0F000745F6C6F63616C5F6D617463683A206943
:10B100006E76616C696420706362000041737365E0
:10B110007274696F6E2022257322206661696C65E6
:10B1200064206174206C696E6520256420696E203E
:10B1300025730A007564705F696E7075745F6C6F5B
:10B1400063616C5F6D617463683A20696E76616CEF
:10B150006964206E65746966000000007564705F44
:10B16000696E7075743A20696E76616C69642070DE
:10B17000627566007564705F696E7075743A2069F7
:10B180006E76616C6964206E65746966000000000B
:10B19000706275665F72656D6F76655F6865616424
:10B1A0006572206661696C65640A00007564705F91
:10B1B00073656E643A20696E76616C6964207063B1
:10B1C000620000007564705F73656E643A20696E9A
:10B1D00076616C6964207062756600007564705FEA
:10B1E00073656E64746F3A20696E76616C69642071
:10B1F000706362007564705F73656E64746F3A208B
:10B20000696E76616C69642070627566000000008A
:10B210007564705F73656E64746F3A20696E7661F1
:10B220006C6964206473745F697000007564705F9A
:10B2300073656E64746F5F69663A20696E76616CDF
:10B2400069642070636200007564705F73656E648A
:10B25000746F5F69663A20696E76616C696420700C
:10B26000627566007564705F73656E64746F5F69A4
:10B27000663A20696E76616C6964206473745F69F4
:10B28000700000007564705F73656E64746F5F6951
:10B29000663A20696E76616C6964206E65746966D1
:10B2A000000000007564705F73656E64746F5F69A1
:10B2B000665F7372633A20696E76616C69642070B0
:10B2C000636200007564705F73656E64746F5F69BC
:10B2D000665F7372633A20696E76616C6964207090
:10B2E000627566007564705F73656E64746F5F6924
:10B2F000665F7372633A20696E76616C696420647C
:10B3000073745F69700000007564705F73656E64CC
:10B31000746F5F69665F7372633A20696E76616C01
:10B320006964207372635F69700000007564705F08
:10B3300073656E64746F5F69665F7372633A2069E8
:10B340006E76616C6964206E657469660000000049
:10B35000636865636B2074686174206669727374D6
:10B3600020706275662063616E20686F6C64207364
:10B370007472756374207564705F68647200000095
:10B380007564705F62696E643A20696E76616C699B
:10B3900064207063620000007564705F636F6E6E9E
:10B3A0006563743A20696E76616C696420706362CB
:10B3B000000000007564705F636F6E6E6563743AC1
:10B3C00020696E76616C69642069706164647200E2
:10B3D0007564705F646973636F6E6E6563743A2041
:10B3E000696E76616C696420706362007564705F79
:10B3F000726563763A20696E76616C696420706369
:10B40000620000007564705F72656D6F76653A204A
:10B41000696E76616C69642070636200443A2F44FF
:10B4200065736B746F702F53656E736F72436F6EBD
:10B4300063656E747261746F722F4D6964646C65BC
:10B4400077617265732F54686972645F50617274BA
:10B45000792F4C7749502F7372632F636F72652F6A
:10B46000697076342F6175746F69702E6300000007
:10B470006E6574696620213D204E554C4C000000DD
:10B48000417373657274696F6E2022257322206682
:10B4900061696C6564206174206C696E6520256447
:10B4A00020696E2025730A006175746F6970202110
:10B4B0003D204E554C4C00006E6574696620616CF1
:10B4C000726561647920686173206120737472759C
:10B4D0006374206175746F69702073657400000077
:10B4E0004155544F49502061646472657373206EF6
:10B4F0006F7420696E2072616E6765006E65746995
:10B5000066206973206E6F742075702C206F6C64D8
:10B51000207374796C6520706F72743F00000000B6
:10B52000443A2F4465736B746F702F53656E736F5D
:10B5300072436F6E63656E747261746F722F4D69C2
:10B5400064646C6577617265732F54686972645FB7
:10B5500050617274792F4C7749502F7372632F6347
:10B560006F72652F697076342F6574686172702E02
:10B57000630000007374617465203D3D20455448AC
:10B580004152505F53544154455F50454E44494EDB
:10B5900047207C7C207374617465203E3D204554B7
:10B5A000484152505F53544154455F535441424CBB
:10B5B00045000000417373657274696F6E20222527
:10B5C0007322206661696C6564206174206C696E09
:10B5D0006520256420696E2025730A006172705F02
:10B5E0007461626C655B695D2E71203D3D204E5536
:10B5F0004C4C000069203C204152505F5441424C69
:10B60000455F53495A4500006172705F7461626C16
:10B61000655B695D2E7374617465203D3D20455402
:10B62000484152505F53544154455F454D50545921
:10B63000000000006E657469662D3E687761646481
:10B64000725F6C656E203D3D204554485F48574110
:10B650004444525F4C454E006574685F72657420C7
:10B66000213D204E554C4C2026262069705F726586
:10B670007420213D204E554C4C00000069706164DF
:10B68000647220213D204E554C4C00006E6574695B
:10B690006620213D204E554C4C0000006574685FCB
:10B6A00072657420213D204E554C4C006172705FD4
:10B6B0007461626C655B6172705F6964785D2E7342
:10B6C00074617465203E3D204554484152505F539B
:10B6D000544154455F535441424C45007120213D33
:10B6E000204E554C4C00000074797065206F7665D3
:10B6F00072666C6F770000006172705F7461626CDB
:10B70000655B695D2E7374617465203D3D20504515
:10B710004E44494E47206F7220535441424C4500DD
:10B720006E6F207061636B657420717565756573EC
:10B7300020616C6C6F77656421000000636865634D
:10B740006B2074686174206669727374207062750E
:10B75000662063616E20686F6C6420737472756319
:10B7600074206574686172705F6864720000000024
:10B770006E657469662D3E6877616464725F6C659E
:10B780006E206D7573742062652074686520736126
:10B790006D65206173204554485F485741444452C9
:10B7A0005F4C454E20666F7220657468617270212F
:10B7B00000000000443A2F4465736B746F702F5380
:10B7C000656E736F72436F6E63656E747261746FD2
:10B7D000722F4D6964646C6577617265732F54686C
:10B7E0006972645F50617274792F4C7749502F737E
:10B7F00072632F636F72652F697076342F69636D82
:10B80000702E630069636D705F696E7075743A20A5
:10B810006D6F76696E6720722D3E7061796C6F6115
:10B820006420746F2069636D70206865616465725F
:10B83000206661696C65640A0000000041737365ED
:10B840007274696F6E2022257322206661696C65AF
:10B8500064206174206C696E6520256420696E2007
:10B8600025730A0069636D705F696E7075743A20A4
:10B87000726573746F72696E67206F726967696E43
:10B88000616C20702D3E7061796C6F61642066611F
:10B89000696C65640A000000636865636B20746806
:10B8A00061742066697273742070627566206361CA
:10B8B0006E20686F6C642069636D70206D657373B2
:10B8C00061676500443A2F4465736B746F702F5342
:10B8D000656E736F72436F6E63656E747261746FC1
:10B8E000722F4D6964646C6577617265732F54685B
:10B8F0006972645F50617274792F4C7749502F736D
:10B9000072632F636F72652F697076342F6970349C
:10B910002E630000702D3E726566203D3D20310093
:10B92000417373657274696F6E20222573222066DD
:10B9300061696C6564206174206C696E65202564A2
:10B9400020696E2025730A00636865636B20746844
:10B950006174206669727374207062756620636119
:10B960006E20686F6C6420737472756374206970E4
:10B970005F68647200000000443A2F4465736B7482
:10B980006F702F53656E736F72436F6E63656E7465
:10B990007261746F722F4D6964646C657761726552
:10B9A000732F54686972645F50617274792F4C7799
:10B9B00049502F7372632F636F72652F69707634ED
:10B9C0002F6970345F616464722E6300756E686104
:10B9D0006E646C6564000000417373657274696F16
:10B9E0006E2022257322206661696C656420617473
:10B9F000206C696E6520256420696E2025730A001D
:10BA0000443A2F4465736B746F702F53656E736F78
:10BA100072436F6E63656E747261746F722F4D69DD
:10BA200064646C6577617265732F54686972645FD2
:10BA300050617274792F4C7749502F7372632F6362
:10BA40006F72652F697076342F6970345F6672612A
:10BA5000672E63007072657620213D206970720048
:10BA6000417373657274696F6E202225732220669C
:10BA700061696C6564206174206C696E6520256461
:10BA800020696E2025730A00707265762D3E6E6502
:10BA90007874203D3D206970720000007062756608
:10BAA000735F6672656564202B20636C656E203C55
:10BAB0003D203078666666660000000069705F723F
:10BAC000656173735F70627566636F756E74203E37
:10BAD0003D2070627566735F667265656400000084
:10BAE00073616E69747920636865636B206C696E3D
:10BAF0006B6564206C6973740000000063686563A3
:10BB00006B20667261676D656E747320646F6E275B
:10BB100074206F7665726C61700000006E6F20702B
:10BB2000726576696F757320667261676D656E7494
:10BB30002C2074686973206D75737420626520749D
:10BB4000686520666972737420667261676D656EE0
:10BB50007421000073616E69747920636865636B9A
:10BB60000000000076616C69646174655F646174F3
:10BB7000616772616D3A6E6578745F706275662197
:10BB80003D4E554C4C00000069705F7265617373E7
:10BB90005F70627566636F756E74203E3D20636CE6
:10BBA000656E000069707220213D204E554C4C009E
:10BBB0006E6F74206669727374616C74686F7567F8
:10BBC00068206A75737420656E71756575656400AB
:10BBD0007020213D204E554C4C00000070637220B7
:10BBE000213D204E554C4C00706372203D3D20702D
:10BBF000000000006970345F6672616728293A208E
:10BC00007062756620746F6F2073686F72740000C5
:10BC100074686973206E6565647320612070627555
:10BC20006620696E206F6E6520706965636521000E
:10BC3000702D3E6C656E203E3D20706F6666000084
:10BC4000443A2F4465736B746F702F53656E736F36
:10BC500072436F6E63656E747261746F722F4D699B
:10BC600064646C6577617265732F54686972645F90
:10BC700050617274792F4C7749502F7372632F6122
:10BC80007070732F736E74702F736E74702E6300E8
:10BC90007365727665725F6164647220213D204E27
:10BCA000554C4C00417373657274696F6E20222588
:10BCB0007322206661696C6564206174206C696E12
:10BCC0006520256420696E2025730A004661696C31
:10BCD000656420746F20616C6C6F6361746520759E
:10BCE00064702070636220666F7220736E747020BF
:10BCF000636C69656E740000496E76616C696420DE
:10BD00006F7065726174696E67206D6F64650000A5
:10BD10004F7065726174696E67206D6F6465206D28
:10BD2000757374206E6F742062652073657420775C
:10BD300068696C6520534E545020636C69656E745D
:10BD40002069732072756E6E696E67004572726F3E
:10BD500072206F636375726564207768696C652013
:10BD600072656164696E67207468652066696C65D8
:10BD70002E0000004F6E6C79206F6E6520636F6E31
:10BD80006E656374696F6E20617420612074696DE3
:10BD90006520697320737570706F7274656400003C
:10BDA00046696C656E616D6520746F6F206C6F6E97
:10BDB000672F6E6F74204E554C4C207465726D6900
:10BDC0006E617465640000004D6F646520746F6F70
:10BDD000206C6F6E672F6E6F74204E554C4C207424
:10BDE00065726D696E61746564000000556E616214
:10BDF0006C6520746F206F70656E2072657175655B
:10BE0000737465642066696C652E00004E6F206354
:10BE10006F6E6E656374696F6E0000004E6F742004
:10BE20006120777269746520636F6E6E65637469F3
:10BE30006F6E00006572726F722077726974696E3E
:10BE4000672066696C65000057726F6E6720626CD0
:10BE50006F636B206E756D62657200004E6F7420AB
:10BE600061207265616420636F6E6E656374696FD3
:10BE70006E000000556E6B6E6F776E206F7065728E
:10BE80006174696F6E000000443A2F4465736B74EF
:10BE90006F702F53656E736F72436F6E63656E7450
:10BEA0007261746F722F4D6964646C65776172653D
:10BEB000732F54686972645F50617274792F4C7784
:10BEC00049502F7372632F617070732F7466747092
:10BED0002F746674705F7365727665722E630000EE
:10BEE000436C65616E75702063616C6C6564206F76
:10BEF0006E206E6F6E2D696E697469616C697A650A
:10BF00006420544654500000417373657274696F25
:10BF10006E2022257322206661696C65642061743D
:10BF2000206C696E6520256420696E2025730A00E7
:10BF30004574684C696E6B0030BF0208CD81010802
:10BF4000FFFF0000000000000002000000000000F1
:10BF5000000000005B4554485D2050485920617541
:10BF6000746F2D6E65676F2072652D7472696767D7
:10BF7000657265642028726574727920666F72201C
:10BF80003130304D290D00004574684966000000CD
:10BF900088BF0208ED7E01080300000000000000D9
:10BFA000000400000000000000000000524D49495C
:10BFB0005F5761746368646F67000000ACBF02087C
:10BFC00029860108030000000000000000010000B5
:10BFD0000000000000000000443A2F4465736B74B9
:10BFE0006F702F53656E736F72436F6E63656E74FF
:10BFF0007261746F722F4C5749502F54617267658C
:10C00000742F65746865726E657469662E630000CE
:10C010006E6574696620213D204E554C4C00000031
:10C02000417373657274696F6E20222573222066D6
:10C0300061696C6564206174206C696E652025649B
:10C0400020696E2025730A00464400004844000021
:10C050005B4554485D206C696E6B205550202870FC
:10C0600068793D256C642C20256C754D2F2573292E
:10C070002C206E657469662075700D0A0000000042
:10C080005B4554485D206C696E6B20444F574E20D1
:10C09000287068793D256C64292C206E657469666A
:10C0A00020646F776E0D0A005B4554485D204D415A
:10C0B00043207265636F6E666967202D3E20256C94
:10C0C000754D2F257320287068793D256C64290DE6
:10C0D0000A0000000D0A21212120535441434B2026
:10C0E0004F564552464C4F572044455445435445BE
:10C0F0004420696E207461736B3A202573202121DE
:10C10000210D0A005461736B20737461636B2068A6
:10C11000696768207761746572206D61726B202891
:10C120006D696E206672656520776F726473293A57
:10C1300020256C750D0A000064656661756C745489
:10C1400061736B0038C102080D8C0108000000000B
:10C1500000000000000400000000000000000000DB
:10C16000495744475461736B0000000060C10208E6
:10C17000758C010803000000000000008000000032
:10C1800000000000000000005461736B5F496E699D
:10C19000745461736B00000088C10208998C010817
:10C1A000000000000000000000040000000000008B
:10C1B000000000005B5254533A25645D20696E69AB
:10C1C000742072756E2074696D653A20256C752037
:10C1D0006D730D0A000000005B4442475D206865F6
:10C1E0006170206C6566742061667465722074618C
:10C1F000736B733A2025752062797465730D0A009C
:10C200004F4B00004641494C000000005B44424750
:10C210005D207461736B5F6372656174653A20734E
:10C22000656E736F726875623D2573207463705F0D
:10C23000636C69656E743D2573207564703D25736C
:10C240000D0A00005564705F646973636F766572F0
:10C250005F7461736B00000044C20208A9BB01084F
:10C2600000000000000000000008000000000000C6
:10C27000000000005463705F636C69656E745F74E6
:10C2800061736B0074C20208FDD301080000000056
:10C290000000000000080000000000000000000096
:10C2A0007463705F73656E6465725F7461736B0055
:10C2B000A0C20208E5F8010800000000000000002C
:10C2C00000080000000000000000000076526562D7
:10C2D0006F6F745461736B00CCC2020835F80108AB
:10C2E000000000000000000000020000000000004C
:10C2F0000000000054696D6553796E635461736B7F
:10C3000000000000F4C20208B1F5010800000000BE
:10C310000000000000040000000000000000000019
:10C3200053656E736F724875625F5461736B000082
:10C3300020C30208C503020800000000000000003E
:10C340000008000000000000000000005B52545391
:10C350003A25645D203D3D3D3D3D3D3D3D3D3D3DFE
:10C360003D3D3D3D3D3D3D3D3D2053797374656D03
:10C37000205461736B20496E666F203D3D3D3D3D0D
:10C380003D3D3D3D3D3D3D3D3D3D3D3D3D3D3D0D0D
:10C390000A0000005B5254533A25645D20546F74C8
:10C3A000616C2072756E6E696E67207461736B20AC
:10C3B000636F756E743A20256C750D0A00000000DD
:10C3C0005B5254533A25645D202D2D2D2D2D2D2D9E
:10C3D0002D2D2D2D2D2D2D2D2D2D2D2D2D2D2D2D8D
:10C3E0002D2D2D2D2D2D2D2D2D2D2D2D2D2D2D2D7D
:10C3F0002D2D2D2D2D2D2D2D2D2D2D2D2D2D2D2D6D
:10C400002D2D2D0D0A0000005B5254533A25645D1A
:10C410002031202C64656661756C745461736B48BF
:10C42000616E646C652020202020202020206D6912
:10C430006E20737461636B206C6566743A20256CA2
:10C44000752062797465730D0A0000005B525453C5
:10C450003A25645D2032202C495744475461736B60
:10C4600048616E646C652020202020202020202040
:10C4700020206D696E20737461636B206C65667437
:10C480003A20256C752062797465730D0A000000EE
:10C490005B5254533A25645D2033202C5461736BF6
:10C4A0005F496E69745461736B48616E646C65209A
:10C4B0002020202020206D696E20737461636B2022
:10C4C0006C6566743A20256C752062797465730D0D
:10C4D0000A0000005B5254533A25645D2034202C3E
:10C4E0005564705F646973636F7665725F746173BE
:10C4F0006B48616E646C652020206D696E207374DA
:10C5000061636B206C6566743A20256C75206279D6
:10C510007465730D0A0000005B5254533A25645D44
:10C520002035202C5463705F636C69656E745F7492
:10C5300061736B48616E646C6520202020206D69FA
:10C540006E20737461636B206C6566743A20256C91
:10C55000752062797465730D0A0000005B525453B4
:10C560003A25645D2036202C5463705F73656E64D9
:10C5700065725F7461736B48616E646C6520202026
:10C5800020206D696E20737461636B206C65667426
:10C590003A20256C752062797465730D0A000000DD
:10C5A0005B5254533A25645D2037202C5265626FEC
:10C5B0006F745461736B48616E646C652020202039
:10C5C0002020202020206D696E20737461636B2011
:10C5D0006C6566743A20256C752062797465730DFC
:10C5E0000A0000005B5254533A25645D2038202C29
:10C5F00054696D6553796E635461736B48616E6401
:10C600006C6520202020202020206D696E2073740E
:10C6100061636B206C6566743A20256C75206279C5
:10C620007465730D0A0000005B5254533A25645D33
:10C630002039202C53656E736F7248756254617394
:10C640006B48616E646C65202020202020206D697D
:10C650006E20737461636B206C6566743A20256C80
:10C66000752062797465730D0A0000005B525453A3
:10C670003A25645D2048656170204E6F77204672D0
:10C6800065653A202575204279746573207C204DBC
:10C69000696E204672656520486561703A2025758F
:10C6A0002042797465730D0A000000005B525453F8
:10C6B0003A25645D203D3D3D3D3D3D3D3D3D3D3D9B
:10C6C0003D3D3D3D3D3D3D3D3D3D3D3D3D3D3D3D9A
:10C6D0003D3D3D3D3D3D3D3D3D3D3D3D3D3D3D3D8A
:10C6E0003D3D3D3D3D3D3D3D3D3D3D3D3D3D3D0DAA
:10C6F0000A0D0A002D2D2D2D206661756C742066A3
:10C7000072616D65202D2D2D2D0D0A004C522020BB
:10C710002000000052302020200000005231202054
:10C720002000000052322020200000005233202040
:10C730002000000052313220200000004558435FA5
:10C740004C520000504320202000000078505352EB
:10C750002000000048465352200000004346535238
:10C76000200000004D4D464152000000424641521B
:10C77000200000002D2D2D2D20656E64202D2D2DE7
:10C780002D0D0A000D0A21212120486172644661A5
:10C79000756C74202121210D0A0000000D0A212151
:10C7A00021204D656D4D616E616765202121210D50
:10C7B0000A0000000D0A212121204275734661758F
:10C7C0006C74202121210D0A000000000D0A212196
:10C7D000212055736167654661756C7420212121A4
:10C7E0000D0A000025303258253032582530325895
:10C7F000253032582530325825303258000000009C
:10C800005B4E45543A25645D204368697020667527
:10C810006C6C205549443A2025303258202530325E
:10C8200058202530325820253032582025303258B3
:10C8300020253032582025303258202530325820DB
:10C8400025303258202530325820253032582025C6
:10C850003032580D0A0000005B4E45543A25645DA5
:10C86000204175746F2067656E6572617465204440
:10C8700045564943455F534E3A2025730D0A000043
:10C880005B4E45543A25645D204175746F206765A1
:10C890006E6572617465204445564943455F49445D
:10C8A0003A2025730D0A00005B4E45543A25645D1D
:10C8B000204C6F63616C2049503A2025730D0A00AB
:10C8C0005B4E45543A25645D2045544820646174AC
:10C8D000616261736520696E697469616C697A610E
:10C8E00074696F6E206661696C65642C2065727274
:10C8F0003D25640D0A0000005B4E45543A25645DF9
:10C900002045544820646174616261736520696EDA
:10C91000697469616C697A6174696F6E207375639B
:10C920006365737366756C0A0D0A00005B4E4554AF
:10C930003A25645D205265626F6F74206461746192
:10C940006261736520696E697469616C697A61748A
:10C95000696F6E206661696C65642C206572723D3A
:10C9600025640D0A0D0A00005B4E45543A25645DAE
:10C97000205265626F6F74206461746162617365D7
:10C9800020696E697469616C697A6174696F6E207F
:10C990007375636365737366756C0A0D0A00000036
:10C9A0007265626F6F745F696E666F005B4E4554AF
:10C9B0003A25645D204661696C656420746F20735C
:10C9C000617665207265626F6F7420696E666F2C88
:10C9D000206572723D25642E2041626F7274207250
:10C9E00065626F6F742E0A0D0A0000005B4E45549D
:10C9F0003A25645D205265626F6F742070657273B2
:10CA0000697374656E7420696E666F2073617665F4
:10CA1000642C20726561736F6E3A25730A0D0A00EB
:10CA20005B4E45543A25645D207265626F6F745F9A
:10CA3000696E666F204B5620656D707479206F7239
:10CA4000206C656E6774682F637263206572726F05
:10CA5000722C2064656C6574652064616D61676526
:10CA600064206B760A0D0A005B4E45543A25645DDE
:10CA7000207265626F6F745F696E666F206D6167AB
:10CA8000696320696E76616C69642C2064656C65ED
:10CA90007465206B760A0D0A000000005B4E455459
:10CAA0003A25645D205265626F6F74207065727301
:10CAB000697374656E7420696E666F20636C65615E
:10CAC0007265640A0D0A000073656E736F725F6DA4
:10CAD0006F64655F636667005B4E45543A25645D2D
:10CAE0002053656E736F72206D6F646520636F6E87
:10CAF00066696720736176656420746F20466C6197
:10CB000073680A0D0A0000005B4E45543A25645DC7
:10CB10002053656E736F72206D6F646520636F6E56
:10CB2000666967206C6F616465642066726F6D2052
:10CB3000466C6173680A0D0A000000007265626F3E
:10CB40006F745F7375636365737300005B4E455468
:10CB50003A25645D205265706F7274207265626F51
:10CB60006F7420737563636573732C2072656173D2
:10CB70006F6E3A25732C20757074696D653A256C5B
:10CB800075730A0D0A0000006E65745F63666700C6
:10CB90005B4E45543A25645D20466C617368206C99
:10CBA0006F6164696E67206E6574776F726B206366
:10CBB0006F6E66696775726174696F6E20737563F5
:10CBC0006365656465642C205443502073746172FE
:10CBD0007465640A0D0A00005B4E45543A25645D95
:10CBE000204E6F7420636F6E6E656374656420748D
:10CBF0006F20746865206E6574776F726B2C20737C
:10CC000074617274696E67204175746F49500A0DC2
:10CC10000A0000005B4E45543A25645D204175745E
:10CC20006F4950204F4B2C20737461727420534E07
:10CC300054500A0D0A0000005B4E45543A25645DCD
:10CC40002054686520646973747269627574696FD1
:10CC50006E206E6574776F726B20706172616D65A6
:10CC6000746572732068617665206265656E2073F5
:10CC70006176656420746F20466C6173680A0D0AE2
:10CC8000000000005B4E45543A25645D204E545030
:10CC900020736B69703A206E6574776F726B206ECB
:10CCA0006F742072656164790A0D0A00253034645E
:10CCB0002D253032642D2530326420253032643AFF
:10CCC000253032643A253032642E2530336400003A
:10CCD0005B4E45543A25645D20554450206F6C648A
:10CCE000205043422064657374726F7965640A0D45
:10CCF0000A0000005B4E45543A25645D207564705F
:10CD00005F6E65772829206661696C65642C2070E8
:10CD1000636220706F6F6C206578686175737465ED
:10CD2000640A0D0A000000005B4E45543A25645D1C
:10CD3000207564705F62696E64206661696C2C2086
:10CD40006572723A25640D0A000000005B4E45547E
:10CD50003A25645D2055445020504342206372655B
:10CD600061746520737563636573732C20706F72D3
:10CD7000743A25640D0A0000594553004E4F0000D7
:10CD80005B4E45543A25645D20534F465F42524FF7
:10CD90004144434153543A2573206E657469665F7C
:10CDA000666C6167733A3078253038580D0A000098
:10CDB0005B4E45543A25645D2057616974696E671E
:10CDC00020666F72206175746F206C696E6B2069CC
:10CDD000702E2E2E0A0D0A005B4E45543A25645DD6
:10CDE0002056616C6964204950206F627461696EDD
:10CDF00065642C20737461727420554450207365EF
:10CE000072766963650A0D0A000000005B4E4554A6
:10CE10003A25645D204C696E6B20646F776E2061EB
:10CE20006761696E2C20736B697020646576696335
:10CE3000655F6F6E6C696E650A0D0A005B4E455446
:10CE40003A25645D207564705F6E657728292066D9
:10CE500061696C65642C206E6F207063622061765E
:10CE600061696C61626C65210A0D0A005B4E455474
:10CE70003A25645D205544502050434220696E7627
:10CE8000616C69642C20736B69702074686973200D
:10CE9000756470207061636B65740A0D0A00000090
:10CEA0005B4E45543A25645D204C6F63616C2049AC
:10CEB00050206368616E6765642C206D61726B2021
:10CEC0005544502072656275696C640A0D0A000051
:10CED0005B4E45543A25645D2055445020504342F2
:10CEE00020637265617465206661696C65642C20DD
:10CEF00072657472792061667465722032730A0DEE
:10CF00000A0000005B4E45543A25645D206E65744E
:10CF10006966206E6F742075702C20736B697020A9
:10CF2000756470206F6E6C696E652062726F6164EB
:10CF3000636173740D0A0D0A000000002530325839
:10CF40003A253032583A253032583A253032583A5C
:10CF5000253032583A253032580000007472756519
:10CF60000000000066616C73650000007B22637541
:10CF7000725F6970223A222573222C226669726DD3
:10CF8000776172655F766572223A222573222C22C0
:10CF900069735F7265626F6F74223A25732C226D1C
:10CFA0006163223A222573222C226D6F64656C2204
:10CFB0003A222573222C22726561736F6E223A2504
:10CFC000642C22736571223A256C752C22736E22B3
:10CFD0003A222573222C227473223A25732C227450
:10CFE000797065223A222573227D00006465766996
:10CFF00063655F6F6E6C696E6500000053454E534C
:10D000004F522D4855422D56312E3000312E302EA4
:10D010003000000030313233343536373839616210
:10D02000636465663031323334353637383961629E
:10D0300063646566000000002530325825303258A0
:10D040002530325825303258000000007479706560
:10D05000000000006D616300736E00006D6F646519
:10D060006C0000006669726D776172655F7665724B
:10D07000000000006375725F6970000069735F7281
:10D0800065626F6F74000000726561736F6E0000FF
:10D0900074730000736571007369676E00000000AF
:10D0A0005B4E45543A25645D205544502053656ECF
:10D0B00064204A534F4E3A0D0A25730D0A0D0A009B
:10D0C0005B4E45543A25645D20756470206A736F29
:10D0D0006E20746F6F206C6F6E672C2064726F709F
:10D0E0000D0A0D0A000000005B4E45543A25645DB0
:10D0F00020554450206465766963655F6F6E6C6986
:10D100006E652073656E64207374617475733A255F
:10D11000640D0A0D0A0000005B4E45543A25645D1B
:10D12000207062756620616C6C6F63206661696C4B
:10D1300065642C20706F6F6C20656D7074790D0ABA
:10D140000D0A00005B4E45543A25645D205544505D
:10D150002052656376204A534F4E3A0D0A25730DCF
:10D160000A0D0A00646973636F7665725F72657198
:10D170007565737400000000646F6D61696E000076
:10D18000676174657761795F6D61630046414354FF
:10D190004F52595F4F494C005B4E45543A25645DF0
:10D1A0002054696D6520766572696669636174698A
:10D1B0006F6E206661696C6564210D0A0D0A0000BE
:10D1C0005B4E45543A25645D2053657175656E6309
:10D1D00065206E756D626572207665726966696339
:10D1E0006174696F6E206661696C6564210D0A0D5A
:10D1F0000A0000007B22646F6D61696E223A22256D
:10D2000073222C22676174657761795F6D61632297
:10D210003A222573222C22736571223A256C752CD3
:10D22000227473223A25732C2274797065223A2273
:10D230002573227D000000005B4E45543A25645D55
:10D24000207369676E20636865636B206661696C33
:10D250006564210D0A45787065637465643A20251C
:10D26000732C2041637475616C3A2025730D0A0D8F
:10D270000A000000646973636F7665725F7265739C
:10D28000706F6E73650000007B226375725F69705A
:10D29000223A222573222C226669726D77617265AB
:10D2A0005F766572223A222573222C226D616322F9
:10D2B0003A222573222C226D6F64656C223A222556
:10D2C00073222C22736571223A25752C22736E22EB
:10D2D0003A222573222C227473223A25732C22744D
:10D2E000797065223A222573227D00005B4E4554F9
:10D2F0003A25645D2043616C6320646973636F76D3
:10D3000065725F726573706F6E7365207369676EA7
:10D310003A2025730D0A0D0A000000005B4E4554AB
:10D320003A25645D205544502073656E6420737403
:10D33000617475733A25640D0A0D0A00636F6E6699
:10D3400069675F73657400007461726765745F6D0F
:10D35000616300007461726765745F736E00000042
:10D36000697000006E65746D61736B006761746550
:10D3700077617900686F73745F697000686F7374A8
:10D380005F6D6163000000005B4E45543A25645DAB
:10D39000204B45592076616C75652076657269660B
:10D3A00069636174696F6E206661696C6564210DE3
:10D3B0000A0D0A005B4E45543A25645D204D4143F9
:10D3C000206164647265737320766572696669634F
:10D3D0006174696F6E206661696C6564210D0A0D68
:10D3E0000A0000005B4E45543A25645D20534E20F0
:10D3F000766572696669636174696F6E20666169DA
:10D400006C6564210D0A0D0A000000007B22676133
:10D410007465776179223A222573222C22686F7312
:10D42000745F6970223A222573222C22686F73740C
:10D430005F6D6163223A222573222C226970223AA1
:10D44000222573222C226E65746D61736B223A2241
:10D450002573222C22736571223A256C752C227457
:10D4600061726765745F6D6163223A222573222CB5
:10D47000227461726765745F736E223A222573228B
:10D480002C227473223A25732C2274797065223A07
:10D49000222573227D0000005B4E45543A25645DD1
:10D4A00020536572766572204950206368616E670B
:10D4B00065642C206D61726B206173796E632063EB
:10D4C0006C6F73650D0A00005B4E45543A25645D30
:10D4D00020446973747269627574696F6E206E6539
:10D4E00074776F726B207375636365737366756CA5
:10D4F0006C7920616E6420466C617368207361767C
:10D5000065640D0A0D0A00005B4E45543A25645DC2
:10D5100020534E5450207570646174656420746F9C
:10D52000206E6577207365727665722069703A2087
:10D5300025730D0A000000005B4E45543A25645DDA
:10D5400020526563726561746520554450205043D4
:10D550004220616674657220636F6E6669675F73EF
:10D560006574206661696C65640D0A005B4E455404
:10D570003A25645D20756470206D75746578206E41
:10D580006F7420696E69742C20736B6970207564E8
:10D59000702072656275696C640D0A005B4E4554BB
:10D5A0003A25645D20554450207175657565206687
:10D5B000756C6C2C2064726F7020756470207061C3
:10D5C000636B65742C206C656E3A25750D0A00003E
:10D5D0005B4E45543A25645D20544350207463707B
:10D5E0005F636C6F7365206661696C2025642C2015
:10D5F00066616C6C6261636B207463705F61626F03
:10D6000072740D0A000000005B4E45543A25645DBB
:10D6100020544350207463705F636C6F73652067A0
:10D620007261636566756C20636C6F73650D0A00CB
:10D630005B4E45543A25645D20544350207063622C
:10D6400020736166656C7920636C6F7365640D0A85
:10D65000000000005B4E45543A25645D2054435061
:10D6600020636C65617220256C752070656E64693D
:10D670006E672073656E64206D73670D0A0000008D
:10D680005B4E45543A25645D20455448206C696ED4
:10D690006B20444F574E202D3E20666F72636520ED
:10D6A00054435020636C6F73650D0A0D0A0000002F
:10D6B0005B4E45543A25645D20455448206C696EA4
:10D6C0006B205550202D3E20666173742072656377
:10D6D0006F6E6E6563740D0A0D0A00005B4E455453
:10D6E0003A25645D20537461727420636F6E6E65B9
:10D6F0006374207365727665722049503A25642EF2
:10D7000025642E25642E256420504F52543A2564FA
:10D71000202E2E2E2E2E2E0D0A0D0A005B4E455465
:10D720003A25645D207463705F6E657728292066F2
:10D7300061696C65642C206F7574206F66206D655F
:10D740006D6F7279210D0A0D0A0000005B4E455481
:10D750003A25645D20544350206572726F72202810
:10D760006D61726B206173796E6320636C6F73659A
:10D77000292C206572723A25640D0A005B4E4554CF
:10D780003A25645D205443502068616E647368617B
:10D790006B65206661696C2C206469726563742016
:10D7A000636C65616E0D0A0D0A0000005B4E455406
:10D7B0003A25645D2054435020636F6E6E65637438
:10D7C0002073756363657373210D0A0D0A000000F1
:10D7D0005B4E45543A25645D2054435020526563A6
:10D7E00076204A534F4E3A0D0A25730D0A0D0A0052
:10D7F0006465766963655F69640000005B4E45544B
:10D800003A25645D20446576696365204944207645
:10D810006572696669636174696F6E206661696CBF
:10D820006564210D0A0D0A006465766963655F729F
:10D8300065626F6F7400000064656C6179000000C0
:10D84000757067726164655F737461727400000063
:10D850006E65775F6C656E006E65775F63726333CC
:10D86000320000005B4E45543A25645D20757067B8
:10D87000726164655F737461727420706172616D4E
:10D8800020696E76616C69640D0A0D0A0000000063
:10D890007B226465766963655F6964223A22257339
:10D8A000222C226E65775F6372633332223A256CD5
:10D8B000752C226E65775F6C656E223A256C752C2F
:10D8C00022736571223A256C752C227473223A25D5
:10D8D000732C2274797065223A22757067726164C4
:10D8E000655F7374617274227D00000073656E73EE
:10D8F0006F725F646174615F61636B0073656E7307
:10D900006F725F6964000000737461747573000066
:10D910005B4E45543A25645D2073656E736F725F8C
:10D92000646174615F61636B20706172616D206915
:10D930006E76616C69640D0A0D0A00007B226465D5
:10D94000766963655F6964223A222573222C22730B
:10D95000656E736F725F6964223A25642C22736569
:10D9600071223A256C752C22737461747573223A96
:10D9700025642C227473223A25732C2274797065E5
:10D98000223A2273656E736F725F646174615F61C6
:10D99000636B227D000000006D6F64655F736574CA
:10D9A0005F726571000000006D6F6465000000002B
:10D9B00070657273697374656E7400005B4E4554D4
:10D9C0003A25645D206D6F64655F7365745F726591
:10D9D0007120706172616D20696E76616C69640D91
:10D9E0000A0D0A007B226465766963655F696422BB
:10D9F0003A222573222C226D6F6465223A25642C0D
:10DA00002270657273697374656E74223A25642C92
:10DA10002273656E736F725F6964223A25642C22EB
:10DA2000736571223A256C752C227473223A257322
:10DA30002C2274797065223A226D6F64655F73657C
:10DA4000745F726571227D005B4E45543A25645DBA
:10DA5000205265626F6F7420636D64207175657507
:10DA6000652066756C6C2C2064726F7020636F6D1E
:10DA70006D616E640D0A0D0A00000000757067721A
:10DA80006164655F73746172745F61636365707410
:10DA900065640000757067726164655F73746172BC
:10DAA000745F72656A656374656400005B4E45541B
:10DAB0003A25645D2073656E736F725F6461746193
:10DAC0005F61636B202D3E2071756572792043483C
:10DAD0002575204F4B0D0A0D0A0000005B4E455482
:10DAE0003A25645D2073656E736F725F6461746163
:10DAF0005F61636B202D3E2071756572792043480C
:10DB00002575204641494C282564290D0A0D0A0037
:10DB10005B4E45543A25645D2073656E736F725F8A
:10DB2000646174615F61636B2073656E736F725FB4
:10DB300069643A2575207374617475733A25750D9F
:10DB40000A0D0A007B226465766963655F69642259
:10DB50003A222573222C226669726D776172655FA5
:10DB6000766572223A222573222C226D6163223A55
:10DB7000222573222C226D6F64656C223A22257354
:10DB8000222C22736571223A256C752C2274732223
:10DB90003A25732C2274797065223A22726567697E
:10DBA00073746572227D00007265676973746572B3
:10DBB000000000005B4E45543A25645D2053656EBD
:10DBC000642072656769737465723A0D0A25730D76
:10DBD0000A0D0A005B4E45543A25645D20544350BB
:10DBE0002073656E642071756575652066756C6C53
:10DBF0002C2064726F702072656769737465720D92
:10DC00000A000000657374696D617465645F647512
:10DC1000726174696F6E00006D6573736167650092
:10DC20006465766963655F7265626F6F745F616377
:10DC30006B0000005B4E45543A25645D2053656ED1
:10DC400064206465766963655F7265626F6F745F97
:10DC500061636B3A0D0A25730D0A0D0A000000007E
:10DC60005B4E45543A25645D205443502073656EE5
:10DC7000642071756575652066756C6C2C20647206
:10DC80006F70206465766963655F7265626F6F743B
:10DC90005F61636B0D0A0000757067726164655F98
:10DCA00073746172745F61636B0000005B4E455476
:10DCB0003A25645D2053656E6420757067726164F7
:10DCC000655F73746172745F61636B3A0D0A2573EB
:10DCD0000D0A0D0A000000005B4E45543A25645DB4
:10DCE000205443502073656E6420717565756520FE
:10DCF00066756C6C2C2064726F7020757067726131
:10DD000064655F73746172745F61636B0D0A000018
:10DD1000726573756C7400006465766963655F7223
:10DD200065626F6F745F726573756C7400000000DC
:10DD3000757074696D6500005B4E45543A25645DED
:10DD40002053656E64206465766963655F72656201
:10DD50006F6F745F726573756C743A0D0A25730D7D
:10DD60000A0D0A005B4E45543A25645D2054435029
:10DD70002073656E642071756575652066756C6CC1
:10DD80002C2064726F70206465766963655F7265CC
:10DD9000626F6F745F726573756C740D0A000000BA
:10DDA00056312E300000000068775F766572736927
:10DDB0006F6E000073775F76657273696F6E000037
:10DDC00074656D705F666C616700000074656D70EE
:10DDD000657261747572650073656E736F725F64EE
:10DDE00061746100766F6C7461676500766F6C7446
:10DDF0006167655F666C6167000000005B4E4554BB
:10DE00003A25645D2053656E642073656E736F728E
:10DE10005F646174613A0D0A25730D0A0D0A0000F2
:10DE20005B4E45543A25645D205443502073656E23
:10DE3000642071756575652066756C6C2C20647244
:10DE40006F702073656E736F725F646174610D0A29
:10DE500000000000706572736973746564000000EF
:10DE60006D6F64655F7365745F7265737000000049
:10DE70005B4E45543A25645D2053656E64206D6F9A
:10DE800064655F7365745F726573703A0D0A25731C
:10DE90000D0A0D0A000000005B4E45543A25645DF2
:10DEA000205443502073656E64207175657565203C
:10DEB00066756C6C2C2064726F70206D6F64655F8A
:10DEC0007365745F726573700D0A00005B4E455494
:10DED0003A25645D20506F7765722D6F6E206669FC
:10DEE0007273742073796E63204E5450202D3E203F
:10DEF000525443204F4B0D0A000000005B4E455426
:10DF00003A25645D2054696D6520646966663A202F
:10DF10002573206D73203E207468726573686F6C82
:10DF2000642C2072652D73796E630D0A0000000069
:10DF300025642E25642E25642E2564005B4E4554F1
:10DF40003A25645D2043757272656E74204E54509C
:10DF5000205365727665722049503A2025730D0A68
:10DF6000000000005B4E45543A25645D204E54503D
:10DF700054696D653A202573207C204D535F5453BE
:10DF80003A2025730D0A00005B4E45543A25645D26
:10DF9000204E54502073796E63206661696C2C208A
:10DFA00074733D300D0A00005B4E45543A25645DA4
:10DFB0002052544354696D653A202573207C204DCE
:10DFC000535F54533A2025730D0A0D0A00000000D8
:10DFD0007265626F6F745F6163636570746564001E
:10DFE0005B4E45543A25645D20416363657074203F
:10DFF0007265626F6F743A2064656C6179203D20B0
:10E000002575732C20726561736F6E203D2025731A
:10E010000D0A0D0A000000005B4E45543A25645D70
:10E0200020544350206D736720746F6F206C6F6EA7
:10E030006720282575292C2064726F700D0A0D0A3F
:10E04000000000005B4E45543A25645D2051756523
:10E050007565206F766572666C6F772070726520CB
:10E06000636C65617220256C7520706B740D0A0DF0
:10E070000A0000005B4E45543A25645D205443502D
:10E08000206F66666C696E652C2064726F70206DFF
:10E090006573736167650D0A0D0A00005B4E455498
:10E0A0003A25645D20544350206275662066756C85
:10E0B0006C2C2064726F702070656E64696E6720CE
:10E0C000706B740D0A0D0A005B4E45543A25645D71
:10E0D000205443502073656E642062756620667517
:10E0E0006C6C20286E6565642025642C2066726542
:10E0F00065202564292C2064726F7020706B740D6C
:10E100000A0D0A005B4E45543A25645D2074637025
:10E110005F7772697465206661696C2C2065727224
:10E120003A25642C206D61726B206173796E6320D7
:10E13000636C6F73650D0A0D0A0000000D0A5B44E5
:10E1400042475D20525334383520232575206465BD
:10E1500062756720706F72742072656164792C201B
:10E16000256C7520384E310D0A0000005B44424793
:10E170005D206865617020746F74616C3A2025754C
:10E180002062797465730D0A000000005B25735DE1
:10E19000206C656E3D25753A200000002530325810
:10E1A000200000000D0000005B5325752052585DD3
:10E1B0002000000025303258200000000D00000033
:10E1C00020202D3E2074656D703D256C64207666A0
:10E1D0006C61673D25752074666C61673D2575200F
:10E1E0006D6F64653D25750D0A00000020202D3EF1
:10E1F000207061727365204641494C0D000000009B
:10E200000D0A5B46414C5D204552524F523A2073F5
:10E21000696E676C652D62616E6B206D6F64652041
:10E2200064657465637465642E20536574206E4460
:10E2300042414E4B3D3020286475616C2D62616E09
:10E240006B29207669612053544D333243756265E2
:10E2500050726F6772616D6D65722C207468656EA7
:10E260002072657472792E0D0A0000000D0A5B465B
:10E270004C4153485D2070726F67206661696C2065
:10E2800053523D000D0A5B464C4153485D20657278
:10E29000617365206661696C2053523D0000000087
:10E2A0005B4F54413A25645D206F74613A20636886
:10E2B000756E6B206F766572666C6F77206F666621
:10E2C0003D256C75206C656E3D2575206578703D2B
:10E2D000256C750D0A0D0A005B4F54413A25645DAB
:10E2E000206F74613A2066616C20777269746520D2
:10E2F0006661696C206F66663D256C750D0A0D0AB6
:10E30000000000005B4F54413A25645D206F74614A
:10E310003A2061626F7274206F66663D256C7520CD
:10E320006578703D256C75206372633D2530386CCF
:10E3300058206578703D2530386C580D0A0D0A005C
:10E340005B4F54413A25645D206F74613A20636FDE
:10E350006D706C657465206C656E3D256C75206311
:10E3600072633D2530386C582C20777269746520B3
:10E370006D6574612026207265626F6F740D0A0DE1
:10E380000A0000005B4F54413A25645D206F7461C0
:10E390005F746674703A2072656164206E6F7420D9
:10E3A000737570706F727465640D0A0D0A00000059
:10E3B0004F696C5F50756D705F436F6E74726F6CF8
:10E3C0002E62696E000000005B4F54413A25645D87
:10E3D000206F74615F746674703A2072656A656359
:10E3E000742066696C6520257320286578706563E4
:10E3F00074202573290D0A0D0A0000005B4F54415B
:10E400003A25645D206F74615F746674703A206EA3
:10E410006F206163746976652075706772616465E9
:10E420002073657373696F6E0D0A0D0A000000009A
:10E430005B4F54413A25645D206F74613A206275E8
:10E4400073792C2069676E6F7265207570677261D1
:10E4500064655F73746172740D0A0D0A0000000038
:10E460005B4F54413A25645D206F74613A20696EB8
:10E4700076616C6964206E65775F6C656E3D256CB6
:10E48000750D0A0D0A0000005B4F54413A25645D8A
:10E49000206F74613A20696E76616C6964206E65E4
:10E4A000775F63726333320D0A0D0A006669726D1D
:10E4B000776172655F6100006F74615F6D657461A3
:10E4C000000000005B4F54413A25645D206F746189
:10E4D0003A20706172746974696F6E206E6F742077
:10E4E000666F756E640D0A0D0A0000005B4F5441A3
:10E4F0003A25645D206F74613A20746674705F69B8
:10E500006E6974206661696C2025640D0A0D0A002D
:10E510005B4F54413A25645D206F74613A207570F9
:10E5200067726164655F73746172742061636365AF
:10E53000707465642C20657870656374206C656EFA
:10E540003D256C75206372633D2530386C582C2056
:10E5500054465450206C697374656E696E670D0A79
:10E560000D0A00005B4F54413A25645D206F7461D1
:10E570003A206D657461206D616769633D3078256F
:10E5800030386C582073746174653D2564202830E0
:10E590003D4E4F4E452C313D50454E44494E472C43
:10E5A000323D444F4E452C333D434F4E4649524D2C
:10E5B00045442C343D4641494C4544290D0A0D0A39
:10E5C000000000005B4F54413A25645D206F746188
:10E5D0003A206E6577206669726D77617265206298
:10E5E0006F6F746564204F4B202D3E20434F4E4685
:10E5F00049524D45440D0A0D0A00000065665F6BE7
:10E600007664623100000000737973646200000078
:10E61000443A2F4465736B746F702F53656E736F3C
:10E6200072436F6E63656E747261746F722F55738F
:10E630006572436F64652F4C6F6769632F73796EE2
:10E640006369662E630000005B25733A25645D20D4
:10E65000466C617368444220666F726D617420611C
:10E660006E64207265736574204F4B0D0A000000C4
:10E670001B5B33313B32326D5B452F46414C5D2095
:10E680002825733A2564292000000000302E352EFD
:10E6900039390000466C617368204162737472619D
:10E6A0006374696F6E204C617965722028562573FA
:10E6B0002920696E697469616C697A65206661698F
:10E6C0006C65642E000000001B5B306D00000000D4
:10E6D0006E616D6500000000666C6173685F646563
:10E6E000760000001B5B33313B32326D5B452F46B9
:10E6F000414C5D202825733A256429200000000044
:10E70000496E697469616C697A65206661696C65D6
:10E71000642120506172746974696F6E28257329B1
:10E72000206F666673657420616464726573732814
:10E73000256C6429206F7574206F6620666C617388
:10E740006820626F756E64283C2564292E000000E5
:10E750001B5B306D00000000506172746974696F5A
:10E760006E2072656164206572726F722120506143
:10E7700072746974696F6E2061646472657373206A
:10E780006F7574206F6620626F756E642E000000D6
:10E79000506172746974696F6E207265616420657E
:10E7A00072726F722120446F6E277420666F756ECF
:10E7B0006420666C617368206465766963652825EA
:10E7C0007329206F662074686520706172746974A3
:10E7D000696F6E282573292E000000005061727445
:10E7E0006974696F6E2072656164206572726F7200
:10E7F0002120466C6173682064657669636528250D
:10E8000073292072656164206572726F7221000045
:10E81000506172746974696F6E20777269746520D3
:10E820006572726F722120506172746974696F6EC3
:10E830002061646472657373206F7574206F662045
:10E84000626F756E642E0000506172746974696F36
:10E850006E207772697465206572726F7221202054
:10E86000446F6E277420666F756E6420666C6173EA
:10E87000682064657669636528257329206F6620A2
:10E8800074686520706172746974696F6E2825738D
:10E89000292E0000506172746974696F6E2077725E
:10E8A000697465206572726F722120466C617368AD
:10E8B00020646576696365282573292077726974F9
:10E8C00065206572726F72210000000050617274E1
:10E8D0006974696F6E206572617365206572726F0D
:10E8E000722120506172746974696F6E2061646472
:10E8F00072657373206F7574206F6620626F756E1A
:10E90000642E0000506172746974696F6E206572C4
:10E91000617365206572726F722120446F6E277477
:10E9200020666F756E6420666C617368206465761E
:10E9300069636528257329206F66207468652070D7
:10E940006172746974696F6E282573292E00000046
:10E95000506172746974696F6E20657261736520AD
:10E960006572726F722120466C61736820646576EF
:10E970006963652825732920657261736520657256
:10E98000726F7221000000005F5F7665725F6E75C6
:10E990006D5F5F003000000025640000252E3066AA
:10E9A000000000002565000025660000222200000E
:10E9B000225C080C0A0D090075253034780000002F
:10E9C0006E756C6C0000000066616C736500000081
:10E9D00074727565000000005B5D0000570B030852
:10E9E0005A0B03085D0B0308000000000000000044
:10E9F00001020304060708090000000001020304E5
:10EA00000006101600061016FFFFFFFFFFFF0000B4
:10EA1000000000000000000020000C005CFE03204D
:10EA2000E4FF0320A8001400E8FF0320100D0420D9
:10EA300020000800140D04201C0E042010001800F3
:10EA4000200E0420A80F042020000500AC0F042095
:10EA50005410042018000F0058100420C81104207E
:10EA600010000200CC110420F4110420280004003E
:10EA7000F8110420A012042010000800A4120420A1
:10EA80002C1304201000080030130420B8130420B5
:10EA900010000C00BC13042084140420100040005B
:10EAA00088140420901804200006200094180420E4
:10EAB0009CD8042018EA020824EA020830EA020876
:10EAC0003CEA020848EA020854EA020860EA02083E
:10EAD0006CEA020878EA020884EA020890EA02086E
:10EAE0009CEA0208A8EA02080102030405060707D7
:10EAF000070707070700000003060C1830607800BE
:10EB0000B4D80420B0D80420B8D80420BCD804203D
:10EB1000FA00000061CE0008E80300005D5A010819
:10EB2000E8030000413F0108640000006D3C01085B
:10EB300000000000FFFFFFFF0000000000000000D9
:10EB400020062000BCDA0420C49E0520982F8A42AB
:10EB500091443771CFFBC0B5A5DBB5E95BC256392F
:10EB6000F111F159A4823F92D55E1CAB98AA07D847
:10EB7000015B8312BE853124C37D0C55745DBE726A
:10EB8000FEB1DE80A706DC9B74F19BC1C1699BE4EA
:10EB90008647BEEFC69DC10FCCA10C246F2CE92D7A
:10EBA000AA84744ADCA9B05CDA88F97652513E989E
:10EBB0006DC631A8C82703B0C77F59BFF30BE0C6A5
:10EBC0004791A7D55163CA0667292914850AB72733
:10EBD00038211B2EFC6D2C4D130D385354730A65D0
:10EBE000BB0A6A762EC9C281852C7292A1E8BFA2A7
:10EBF0004B661AA8708B4BC2A3516CC719E892D10F
:10EC0000240699D685350EF470A06A1016C1A41991
:10EC1000086C371E4C774827B5BCB034B30C1C3990
:10EC20004AAAD84E4FCA9C5BF36F2E68EE828F744F
:10EC30006F63A5781478C8840802C78CFAFFBE9069
:10EC4000EB6C50A4F7A3F9BEF27871C65D08020818
:10EC500049090208CD080208E908020866616C5FEC
:10EC6000696E6974000000003031504565665F6B65
:10EC70007664623100000000000000000000000027
:10EC80000000000073746D33325F6F6E63686970EB
:10EC90000000000000000000000000000000000074
:10ECA0000000040000000000636865636B5F616E34
:10ECB000645F7570646174655F706172745F6361D5
:10ECC0006368650066616C5F706172746974696F16
:10ECD0006E5F72656164000066616C5F7061727482
:10ECE0006974696F6E5F77726974650066616C5FE5
:10ECF000706172746974696F6E5F657261736500CB
:10ED000000000000963007772C610EEEBA51099989
:10ED100019C46D078FF46A7035A563E9A395649EE5
:10ED20003288DB0EA4B8DC791EE9D5E088D9D29709
:10ED30002B4CB609BD7CB17E072DB8E7911DBF9065
:10ED40006410B71DF220B06A4871B9F3DE41BE8489
:10ED50007DD4DA1AEBE4DD6D51B5D4F4C785D383E5
:10ED600056986C13C0A86B647AF962FDECC9658A89
:10ED70004F5C0114D96C0663633D0FFAF50D088DE5
:10ED8000C8206E3B5E10694CE44160D5727167A289
:10ED9000D1E4033C47D4044BFD850DD26BB50AA5E5
:10EDA000FAA8B5356C98B242D6C9BBDB40F9BCAC09
:10EDB000E36CD832755CDF45CF0DD6DC593DD1AB65
:10EDC000AC30D9263A00DE518051D7C81661D0BF89
:10EDD000B5F4B42123C4B3569995BACF0FA5BDB8E5
:10EDE0009EB802280888055FB2D90CC624E90BB189
:10EDF000877C6F2F114C6858AB1D61C13D2D66B6E5
:10EE00009041DC760671DB01BC20D2982A10D5EF48
:10EE10008985B1711FB5B606A5E4BF9F33D4B8E8A4
:10EE2000A2C9077834F9000F8EA8099618980EE148
:10EE3000BB0D6A7F2D3D6D08976C6491015C63E6A4
:10EE4000F4516B6B62616C1CD83065854E0062F2C8
:10EE5000ED95066C7BA5011BC1F4088257C40FF524
:10EE6000C6D9B06550E9B712EAB8BE8B7C88B9FC48
:10EE7000DF1DDD62492DDA15F37CD38C654CD4FBA4
:10EE80005861B24DCE51B53A7400BCA3E230BBD448
:10EE900041A5DF4AD795D83D6DC4D1A4FBF4D6D3A4
:10EEA0006AE96943FCD96E34468867ADD0B860DA48
:10EEB000732D0444E51D03335F4C0AAAC97C0DDDA4
:10EEC0003C710550AA41022710100BBE86200CC9C8
:10EED00025B56857B3856F2009D466B99FE461CE24
:10EEE0000EF9DE5E98C9D9292298D0B0B4A8D7C748
:10EEF000173DB359810DB42E3B5CBDB7AD6CBAC0A4
:10EF00002083B8EDB6B3BF9A0CE2B6039AD2B174BF
:10EF10003947D5EAAF77D29D1526DB048316DC731B
:10EF2000120B63E3843B64943E6A6D0DA85A6A7ABF
:10EF30000BCF0EE49DFF099327AE000AB19E077D1B
:10EF400044930FF0D2A3088768F2011EFEC206693F
:10EF50005D5762F7CB67658071366C19E7066B6E9B
:10EF6000761BD4FEE02BD3895A7ADA10CC4ADD67BF
:10EF70006FDFB9F9F9EFBE8E43BEB717D58EB0601B
:10EF8000E8A3D6D67E93D1A1C4C2D83852F2DF4FBF
:10EF9000F167BBD16757BCA6DD06B53F4B36B2481B
:10EFA000DA2B0DD84C1B0AAFF64A0336607A0441BF
:10EFB000C3EF60DF55DF67A8EF8E6E3179BE69461B
:10EFC0008CB361CB1A8366BCA0D26F2536E268523F
:10EFD00095770CCC03470BBBB91602222F2605559B
:10EFE000BE3BBAC5280BBDB2925AB42B046AB35CBF
:10EFF000A7FFD7C231CFD0B58B9ED92C1DAEDE5B1B
:10F00000B0C2649B26F263EC9CA36A750A936D02FE
:10F01000A906099C3F360EEB85670772135700055A
:10F02000824ABF95147AB8E2AE2BB17B381BB60C7E
:10F030009B8ED2920DBED5E5B7EFDC7C21DFDB0BDA
:10F04000D4D2D38642E2D4F1F8B3DD686E83DA1FFE
:10F05000CD16BE815B26B9F6E177B06F7747B7185A
:10F06000E65A0888706A0FFFCA3B06665C0B0111FE
:10F07000FF9E658F69AE62F8D3FF6B6145CF6C165A
:10F0800078E20AA0EED20DD75483044EC2B30339FE
:10F09000612667A7F71660D04D476949DB776E3E5A
:10F0A0004A6AD1AEDC5AD6D9660BDF40F03BD8377E
:10F0B00053AEBCA9C59EBBDE7FCFB247E9FFB530DA
:10F0C0001CF2BDBD8AC2BACA3093B353A6A3B424FE
:10F0D0000536D0BA9306D7CD2957DE54BF67D9235A
:10F0E0002E7A66B3B84A61C4021B685D942B6F2AFE
:10F0F00037BE0BB4A18E0CC31BDF055A8DEF022D5A
:10F100000000C0E0F0F8FC000038FAFE422EE63FB6
:10F110003067C79357F32E3D000000000000E0BFAA
:10F12000605555555555E5BF060000000000E03F0D
:10F130004E5559999999E93F7AA429555555E5BFF6
:10F14000E945489B5B49F2BFC33F268B2B00F03F4C
:10F150000000000000A0F63F0000000000000000DA
:10F1600000C8B9F2822CD6BF8056372824B4FA3CA6
:10F17000000000000080F63F0000000000000000DA
:10F18000000858BFBDD1D5BF20F7E0D808A51CBDE9
:10F19000000000000060F63F0000000000000000DA
:10F1A000005845177776D5BF6D50B6D5A46223BDFC
:10F1B000000000000040F63F0000000000000000DA
:10F1C00000F82D87AD1AD5BFD567B09EE484E6BCA4
:10F1D000000000000020F63F0000000000000000DA
:10F1E000007877955FBED4BFE03E2993691B04BDCC
:10F1F000000000000000F63F0000000000000000DA
:10F2000000601CC28B61D4BFCC844C482FD8133D06
:10F210000000000000E0F53F0000000000000000DA
:10F2200000A886863004D4BF3A0B82EDF342DC3C62
:10F230000000000000C0F53F0000000000000000DA
:10F24000004869554CA6D3BF60945186C6B1203D95
:10F250000000000000A0F53F0000000000000000DA
:10F260000080989ADD47D3BF9280C5D44D59253D83
:10F27000000000000080F53F0000000000000000DA
:10F280000020E1BAE2E8D2BFD82BB7991E7B263D19
:10F29000000000000060F53F0000000000000000DA
:10F2A0000088DE135A89D2BF3FB0CFB614CA153DCD
:10F2B000000000000060F53F0000000000000000BA
:10F2C0000088DE135A89D2BF3FB0CFB614CA153DAD
:10F2D000000000000040F53F0000000000000000BA
:10F2E0000078CFFB4129D2BF76DA5328245A16BDC5
:10F2F000000000000020F53F0000000000000000BA
:10F30000009869C198C8D1BF0454E768BCAF1FBD5D
:10F31000000000000000F53F0000000000000000B9
:10F3200000A8ABAB5C67D1BFF0A88233C61F1F3DFE
:10F330000000000000E0F43F0000000000000000BA
:10F340000048AEF98B05D1BF665A05FDC4A826BD9D
:10F350000000000000C0F43F0000000000000000BA
:10F36000009073E224A3D0BF0E03F47EEE6B0CBDBD
:10F370000000000000A0F43F0000000000000000BA
:10F3800000D0B4942540D0BF7F2DF49EB836F0BC99
:10F390000000000000A0F43F00000000000000009A
:10F3A00000D0B4942540D0BF7F2DF49EB836F0BC79
:10F3B000000000000080F43F00000000000000009A
:10F3C00000405E6D18B9CFBF873C99AB2A570D3D01
:10F3D000000000000060F43F00000000000000009A
:10F3E0000060DCCBADF0CEBF24AF869CB7262B3DB2
:10F3F000000000000040F43F00000000000000009A
:10F4000000F02A6E0727CEBF10FF3F544F2F17BDC5
:10F41000000000000020F43F000000000000000099
:10F4200000C04F6B215CCDBF1B68CABB91BA213DA8
:10F43000000000000000F43F000000000000000099
:10F4400000A09AC7F78FCCBF34849F684F79273DBF
:10F45000000000000000F43F000000000000000079
:10F4600000A09AC7F78FCCBF34849F684F79273D9F
:10F470000000000000E0F33F00000000000000007A
:10F4800000902D7486C2CBBF8FB78B31B04E193D23
:10F490000000000000C0F33F00000000000000007A
:10F4A00000C0804EC9F3CABF6690CD3F634EBA3CE0
:10F4B0000000000000A0F33F00000000000000007A
:10F4C00000B0E21FBC23CABFEAC146DC648C25BD84
:10F4D0000000000000A0F33F00000000000000005A
:10F4E00000B0E21FBC23CABFEAC146DC648C25BD64
:10F4F000000000000080F33F00000000000000005A
:10F500000050F49C5A52C9BFE3D4C104D9D12ABDDA
:10F51000000000000060F33F000000000000000059
:10F5200000D02065A07FC8BF09FADB7FBFBD2B3D9F
:10F53000000000000040F33F000000000000000059
:10F5400000E0100289ABC7BF584A537290DB2B3DD5
:10F55000000000000040F33F000000000000000039
:10F5600000E0100289ABC7BF584A537290DB2B3DB5
:10F57000000000000020F33F000000000000000039
:10F5800000D019E70FD6C6BF66E2B2A36AE410BD89
:10F59000000000000000F33F000000000000000039
:10F5A0000090A77030FFC5BF3950109F439E1EBD0D
:10F5B000000000000000F33F000000000000000019
:10F5C0000090A77030FFC5BF3950109F439E1EBDED
:10F5D0000000000000E0F23F00000000000000001A
:10F5E00000B0A1E3E526C5BF8F5B07908BDE20BD91
:10F5F0000000000000C0F23F00000000000000001A
:10F600000080CB6C2B4DC4BF3C783561C10C173DDD
:10F610000000000000C0F23F0000000000000000F9
:10F620000080CB6C2B4DC4BF3C783561C10C173DBD
:10F630000000000000A0F23F0000000000000000F9
:10F6400000901E20FC71C3BF3A54274D8678F13CD0
:10F65000000000000080F23F0000000000000000F9
:10F6600000F01FF85295C2BF08C47117308D24BD39
:10F67000000000000060F23F0000000000000000F9
:10F6800000602FD52AB7C1BF96A31118A4802EBD44
:10F69000000000000060F23F0000000000000000D9
:10F6A00000602FD52AB7C1BF96A31118A4802EBD24
:10F6B000000000000040F23F0000000000000000D9
:10F6C0000090D07C7ED7C0BFF45BE88896690A3D85
:10F6D000000000000040F23F0000000000000000B9
:10F6E0000090D07C7ED7C0BFF45BE88896690A3D65
:10F6F000000000000020F23F0000000000000000B9
:10F7000000E0DB3191ECBFBFF233A35C547525BD43
:10F71000000000000000F23F0000000000000000B8
:10F7200000002B6E0727BEBF3C00F02A2C342A3D78
:10F73000000000000000F23F000000000000000098
:10F7400000002B6E0727BEBF3C00F02A2C342A3D58
:10F750000000000000E0F13F000000000000000099
:10F7600000C05B8F545EBCBF06BE5F58570C1DBD0A
:10F770000000000000C0F13F000000000000000099
:10F7800000E04A3A6D92BABFC8AA5BE83539253D18
:10F790000000000000C0F13F000000000000000079
:10F7A00000E04A3A6D92BABFC8AA5BE83539253DF8
:10F7B0000000000000A0F13F000000000000000079
:10F7C00000A031D645C3B8BF68562F4D297C133DE4
:10F7D0000000000000A0F13F000000000000000059
:10F7E00000A031D645C3B8BF68562F4D297C133DC4
:10F7F000000000000080F13F000000000000000059
:10F800000060E58AD2F0B6BFDA7333C9379726BDF8
:10F81000000000000060F13F000000000000000058
:10F820000020063F071BB5BF575EC6615B021F3D48
:10F83000000000000060F13F000000000000000038
:10F840000020063F071BB5BF575EC6615B021F3D28
:10F85000000000000040F13F000000000000000038
:10F8600000E01B96D741B3BFDF13F9CCDA5E2C3D25
:10F87000000000000040F13F000000000000000018
:10F8800000E01B96D741B3BFDF13F9CCDA5E2C3D05
:10F89000000000000020F13F000000000000000018
:10F8A0000080A3EE3665B1BF09A38F765E7C143D60
:10F8B000000000000000F13F000000000000000018
:10F8C000008011C0300AAFBF918E36839E592D3D06
:10F8D000000000000000F13F0000000000000000F8
:10F8E000008011C0300AAFBF918E36839E592D3DE6
:10F8F0000000000000E0F03F0000000000000000F9
:10F9000000801971DD42ABBF4C70D6E57A821C3D98
:10F910000000000000E0F03F0000000000000000D8
:10F9200000801971DD42ABBF4C70D6E57A821C3D78
:10F930000000000000C0F03F0000000000000000D8
:10F9400000C032F65874A7BFEEA1F23446FC2CBDBD
:10F950000000000000C0F03F0000000000000000B8
:10F9600000C032F65874A7BFEEA1F23446FC2CBD9D
:10F970000000000000A0F03F0000000000000000B8
:10F9800000C0FEB9879EA3BFAAFE26F5B702F53CCC
:10F990000000000000A0F03F000000000000000098
:10F9A00000C0FEB9879EA3BFAAFE26F5B702F53CAC
:10F9B000000000000080F03F000000000000000098
:10F9C0000000780E9B829FBFE4097E7C268029BDC3
:10F9D000000000000080F03F000000000000000078
:10F9E0000000780E9B829FBFE4097E7C268029BDA3
:10F9F000000000000060F03F000000000000000078
:10FA00000080D5071BB997BF39A6FA93548D28BD3E
:10FA1000000000000040F03F000000000000000077
:10FA20000000FCB0A8C08FBF9CA6D3F67C1EDFBC34
:10FA3000000000000040F03F000000000000000057
:10FA40000000FCB0A8C08FBF9CA6D3F67C1EDFBC14
:10FA5000000000000020F03F000000000000000057
:10FA60000000106B2AE07FBFE440DA0D3FE219BDD1
:10FA7000000000000020F03F000000000000000037
:10FA80000000106B2AE07FBFE440DA0D3FE219BDB1
:10FA9000000000000000F03F000000000000000037
:10FAA0000000000000000000000000000000000056
:10FAB000000000000000F03F000000000000000017
:10FAC0000000000000000000000000000000000036
:10FAD0000000000000C0EF3F000000000000000038
:10FAE000000089751510803FE82B9D996BC710BDEC
:10FAF000000000000080EF3F000000000000000058
:10FB0000008093585620903FD2F7E2065BDC23BD7D
:10FB1000000000000040EF3F000000000000000077
:10FB20000000C9282549983F340C5A32BAA02ABD92
:10FB3000000000000000EF3F000000000000000097
:10FB40000040E7895D41A03F53D7F15CC011013D02
:10FB50000000000000C0EE3F0000000000000000B8
:10FB600000002ED4AE66A43F28FDBD7573162CBDD3
:10FB7000000000000080EE3F0000000000000000D8
:10FB800000C09F14AA94A83F7D265AD0957919BD2C
:10FB9000000000000040EE3F0000000000000000F8
:10FBA00000C0DDCD73CBAC3F0728D847F2681ABD43
:10FBB000000000000020EE3F0000000000000000F8
:10FBC00000C006C031EAAE3F7B3BC94F3E110EBDBF
:10FBD0000000000000E0ED3F000000000000000019
:10FBE000006046D13B97B13F9B9E0D565D3225BDCF
:10FBF0000000000000A0ED3F000000000000000039
:10FC000000E0D1A7F5BDB33FD74EDBA55EC82C3DC4
:10FC1000000000000060ED3F000000000000000058
:10FC200000A0974D5AE9B53F1E1D5D3C06692CBDED
:10FC3000000000000040ED3F000000000000000058
:10FC400000C0EA0AD300B73F32ED9DA98D1EEC3CFF
:10FC5000000000000000ED3F000000000000000078
:10FC60000040595D5E33B93FDA47BD3A5C11233D30
:10FC70000000000000C0EC3F000000000000000099
:10FC80000060AD8DC86ABB3FE568F72B809013BD5F
:10FC90000000000000A0EC3F000000000000000099
:10FCA0000040BC015888BC3FD3AC5AC6D146263D63
:10FCB000000000000060EC3F0000000000000000B9
:10FCC00000200A8339C7BE3FE045E6AF68C02DBDBE
:10FCD000000000000040EC3F0000000000000000B9
:10FCE00000E0DB3991E8BF3FFD0AA14FD63425BDC6
:10FCF000000000000000EC3F0000000000000000D9
:10FD000000E027828E17C13FF2072DCE78EF213D0C
:10FD10000000000000E0EB3F0000000000000000D9
:10FD200000F0237E2BAAC13F349938448EA72C3D86
:10FD30000000000000A0EB3F0000000000000000F9
:10FD40000080860C61D1C23FA1B481CB6C9D033D84
:10FD5000000000000080EB3F0000000000000000F9
:10FD6000009015B0FC65C33F89724B23A82FC63C99
:10FD7000000000000040EB3F000000000000000019
:10FD800000B033833D91C43F78B6FD547983253D5F
:10FD9000000000000020EB3F000000000000000019
:10FDA00000B0A1E4E527C53FC77D69E5E833263DFE
:10FDB0000000000000E0EA3F00000000000000003A
:10FDC00000108CBE4E57C63F782E3C2C8BCF193D71
:10FDD0000000000000C0EA3F00000000000000003A
:10FDE0000070758B12F0C63FE1219CE58D1125BD99
:10FDF0000000000000A0EA3F00000000000000003A
:10FE0000005044858D89C73F0543917010661CBD25
:10FE1000000000000060EA3F000000000000000059
:10FE2000000039EBAFBEC83FD12CE9AA543D07BD55
:10FE3000000000000040EA3F000000000000000059
:10FE40000000F7DC5A5AC93F6FFFA05828F2073D5F
:10FE5000000000000000EA3F000000000000000079
:10FE600000E08A3CED93CA3F69215650437228BD99
:10FE70000000000000E0E93F00000000000000007A
:10FE800000D05B57D831CB3FAAE1AC4E8D350CBDCD
:10FE90000000000000C0E93F00000000000000007A
:10FEA00000E03B3887D0CB3FB6125459C44B2DBD30
:10FEB0000000000000A0E93F00000000000000007A
:10FEC0000010F0C6FB6FCC3FD22B96C572ECF1BC94
:10FED000000000000060E93F00000000000000009A
:10FEE0000090D4B03DB1CD3F35B015F72AFF2ABD03
:10FEF000000000000040E93F00000000000000009A
:10FF00000010E7FF0E53CE3F30F441602712C23C91
:10FF1000000000000020E93F000000000000000099
:10FF20000000DDE4ADF5CE3F118EBB651521CABCE6
:10FF3000000000000000E93F000000000000000099
:10FF400000B0B36C1C99CF3F30DF0CCAECCB1B3D2B
:10FF50000000000000C0E83F0000000000000000BA
:10FF600000584D603871D03F914EED16DB9CF83C47
:10FF70000000000000A0E83F0000000000000000BA
:10FF8000006061672DC4D03FE9EA3C168B18273D1D
:10FF9000000000000080E83F0000000000000000BA
:10FFA00000E827828E17D13F1CF0A5630E212CBDDF
:10FFB000000000000060E83F0000000000000000BA
:10FFC00000F8ACCB5C6BD13F8116A5F7CD9A2B3DE9
:10FFD000000000000040E83F0000000000000000BA
:10FFE00000685A6399BFD13FB7BD4751EDA62C3D7C
:10FFF000000000000020E83F0000000000000000BA
:020000040803EF
:1000000000B80E6D4514D23FEABA46BADE870A3D03
:100010000000000000E0E73F0000000000000000DA
:100020000090DC7CF0BED23FF404504AFA9C2A3D9A
:100030000000000000C0E73F0000000000000000DA
:100040000060D3E1F114D33FB83C21D37AE228BD5C
:100050000000000000A0E73F0000000000000000DA
:100060000010BE76676BD33FC877F1B0CD6E113DFF
:10007000000000000080E73F0000000000000000DA
:100080000030337752C2D33F5CBD06B6543B183DB7
:10009000000000000060E73F0000000000000000DA
:1000A00000E8D523B419D43F9DE090EC36E4083D38
:1000B000000000000040E73F0000000000000000DA
:1000C00000C871C28D71D43F75D66709CE272FBD88
:1000D000000000000020E73F0000000000000000DA
:1000E0000030179EE0C9D43FA4D80A1B89202EBD3A
:1000F000000000000000E73F0000000000000000DA
:1001000000A03807AE22D53F59C7648170BE2E3D8E
:100110000000000000E0E63F0000000000000000DA
:1001200000D0C853F77BD53FEF405DEEEDAD1F3DEE
:100130000000000000C0E63F0000000000000000DA
:10014000006059DFBDD5D53FDC65A4082A0B0ABD88
:10015000FE822B6547156740000000000000384311
:100160000000FAFE422E76BF3A3B9EBC9AF70CBDC9
:10017000BDFDFFFFFFFFDF3F3C5455555555C53FC3
:10018000912B17CF5555A53F17D0A4671111813F6B
:10019000000000000000C842EF39FAFE422EE63FA0
:1001A00024C482FFBDBFCE3FB5F40CD7086BAC3F73
:1001B000CC5046D2ABB2833F843A4E9BE0D7553FFA
:1001C0000000000000000000000000000000F03F00
:1001D0006EBF881A4F3B9B3C3533FBA93DF6EF3F82
:1001E0005DDCD89C136071BC6180773E9AECEF3F78
:1001F000D16687107A5E90BC857F6EE815E3EF3F8D
:1002000013F6673552D28C3C748515D3B0D9EF3FC5
:10021000FA8EF92380CE8BBCDEF6DD296BD0EF3F62
:1002200061C8E6614EF7603CC89B751845C7EF3F53
:1002300099D3335BE4A3903C83F3C6CA3EBEEF3F41
:100240006D7B835DA69A973C0F89F96C58B5EF3F9B
:10025000FCEFFD921AB58E3CF747722B92ACEF3F44
:10026000D19C2F703DBE3E3CA2D1D332ECA3EF3FD8
:100270000B6E908934036ABC1BD3FEAF669BEF3FC5
:100280000EBD2F2A525695BC515B12D00193EF3F01
:1002900055EA4E8CEF8050BCCC316CC0BD8AEF3F2C
:1002A00016F4D5B923C991BCE02DA9AE9A82EF3FCF
:1002B000AF555CE9E3D3803C518EA5C8987AEF3FF7
:1002C0004893A5EA151B80BC7B517D3CB872EF3F7B
:1002D0003D32DE55F01F8FBCEA8D8C38F96AEF3F56
:1002E000BF53133F8C898B3C75CB6FEB5B63EF3F48
:1002F00026EB11769CD996BCD45C0484E05BEF3F7E
:10030000602F3A3EF7EC9A3CAAB968318754EF3F28
:100310009D3886CB82E78FBC1DD9FC22504DEF3F24
:100320008DC3A644416F8A3CD68C62883B46EF3F22
:100330007D04E4B0057A803C96DC7D91493FEF3F37
:1003400094A8A8E3FD8E963C3862756E7A38EF3F2C
:100350007D4874F2185E873C3FA6B24FCE31EF3F26
:10036000F2E71F982B47803CDD7CE265452BEF3F91
:100370005E08713F7BB896BC8163F5E1DF24EF3FF7
:1003800031AB096DE1F7823CE1DE1FF59D1EEF3FC9
:10039000FABF6F1A9B213DBC90D9DAD07F18EF3F8E
:1003A000B40A0C7282378B3C0B03E4A68512EF3F34
:1003B0008FCBCE8992146E3C562F3EA9AF0CEF3FE7
:1003C000B6ABB04D754D833C15B7310AFE06EF3F15
:1003D0004C74ACE20142863C31D84CFC7001EF3FDA
:1003E0004AF8D35D39DD8F3CFF1664B208FCEE3F5E
:1003F000045B8E3B80A386BCF19F925FC5F6EE3F07
:1004000068504BCCED4A92BCCBA93A37A7F1EE3FEE
:100410008E2D511BF80799BC66D8056DAEECEE3FEA
:10042000D236943EE8D171BCF79FE534DBE7EE3F6E
:10043000151BCEB3191999BCE5A813C32DE3EE3FE4
:100440006D4C2AA7489F853C2234124CA6DEEE3F15
:100450008A69287A601293BC1C80AC0445DAEE3FAE
:100460005B8917488FA758BC2A2EF7210AD6EE3F82
:100470001B9A49679B2C7CBC97A850D9F5D1EE3FBD
:1004800011ACC260ED63433C2D89616008CEEE3F44
:10049000EF64063B0966963C57001DED41CAEE3FEE
:1004A0007903A1DAE1CC6E3CD03CC1B5A2C6EE3FE7
:1004B00030120F3F8EFF933CDED3D7F02AC3EE3FBE
:1004C000B0AF7ABBCE90763C272A36D5DABFEE3F66
:1004D00077E054EBBD1D933C0DDDFD99B2BCEE3FC2
:1004E0008EA3710034948FBCA72C9D76B2B9EE3FD9
:1004F00049A393DCCCDE87BC4266CFA2DAB6EE3FDE
:100500005F380FBDC6DE78BC824F9D562BB4EE3FE0
:10051000F65C7BEC461286BC0F925DCAA4B1EE3F3E
:100520008ED7FD180535933CDA27B53647AFEE3F39
:10053000059B8A2FB7987B3CFDC797D412ADEE3F41
:1005400009541CE2E163903C295448DD07ABEE3FBF
:10055000EAC6195085C7343CB746598A26A9EE3FEA
:1005600035C0642BE632943C4821AD156FA7EE3FB1
:100570009F7699614AE48CBC09DC76B9E1A5EE3F2F
:10058000A84DEF3BC5338CBC85553AB07EA4EE3FF9
:10059000AEE92B89785384BC20C3CC3446A3EE3F0C
:1005A00058585678DDCE93BC2522558238A2EE3FAE
:1005B00064197E80AA10573C73A94CD455A1EE3F14
:1005C00028225EBFEFB393BCCD3B7F669EA0EE3F7B
:1005D00082B93487AD126ABCBFDA0B7512A0EE3F48
:1005E000EEA96DB8EF6763BC2F1A653CB29FEE3F72
:1005F0005188E0543DDC80BC849451F97D9FEE3FEE
:10060000CF3E5A7E641F78BC745FECE8759FEE3F66
:10061000B07D8BC04AEE86BC7481A5489A9FEE3FA0
:100620008AE6551E321986BCC9674256EB9FEE3FDB
:10063000D3D4095ECB9C903C3F5DDE4F69A0EE3F7A
:100640001DA54DB9DC327BBC8701EB7314A1EE3FD5
:100650006BC06754FDEC943C32C13001EDA1EE3F1C
:10066000556CD6ABE1EB653C624ECF36F3A2EE3F64
:1006700042CFB32FC5A188BC121A3E5427A4EE3F27
:1006800034373BF1B66993BC13CE4C9989A5EE3F44
:100690001EFF193A845E80BCADC723461AA7EE3F01
:1006A0006E5772D850D494BCED92449BD9A8EE3FBB
:1006B000008A0E5B67AD903C99668AD9C7AAEE3F67
:1006C000B4EAF0C12FB78D3CDBA02A42E5ACEE3F87
:1006D000FFE7C59C60B665BC8C44B51632AFEE3FF3
:1006E000445FF35983F67B3C36771599AEB1EE3F04
:1006F000833D1EA71F0993BCC6FF910B5BB4EE3F61
:10070000291E6C8BB8A95DBCE5C5CDB037B7EE3FEF
:1007100059B9907CF9236CBC0F52C8CB44BAEE3F58
:10072000AAF9F422434392BC504EDE9F82BDEE3FB5
:100730004B8E66D76CCA85BCBA07CA70F1C0EE3F53
:1007400027CE912BFCAF713C90F0A38291C4EE3F79
:10075000BB730AE135D26D3C2323E31963C8EE3F36
:100760006322622204C587BC65E55D7B66CCEE3FF3
:10077000D531E2E3861C8B3C332D4AEC9BD0EE3F17
:1007800015BBBCD3D1BB91BC5D253EB203D5EE3FBA
:10079000D231EE9C31CC903C58B330139ED9EE3F11
:1007A000B35A736E8469843CBFFD79556BDEEE3FAE
:1007B000B49D8E97CDDF82BC7AF3D3BF6BE3EE3F5F
:1007C0008733CB92771A8C3CADD35A999FE8EE3F92
:1007D000FAD9D14A8F7B90BC66B68D2907EEEE3FE1
:1007E000BAAEDC56D9C355BCFB154FB8A2F3EE3FE9
:1007F00040F6A63D0EA490BC3A59E58D72F9EE3F45
:100800003493AD38F4D668BC475EFBF276FFEE3F1A
:10081000358A586BE2EE91BC4A06A130B005EF3F35
:10082000CDDD5F0AD7FF743CD2C14B901E0CEF3F69
:10083000AC9892FAFBBD91BC091ED75BC212EF3F88
:10084000B30CAF30AE6E733C9C5285DD9B19EF3F0D
:1008500094FD9F5C32E38E3C7AD0FF5FAB20EF3F8C
:10086000AC5909D18FE0843C4BD1572EF127EF3F93
:10087000671A4E38AFCD633CB5E706946D2FEF3F56
:100880006819926C2C6B673C6990EFDC2037EF3F66
:10089000D2B5CC83188A80BCFAC35D550B3FEF3FBD
:1008A0006FFAFF3F5DAD8FBC7C89074A2D47EF3F54
:1008B00049A97538AE0D90BCF2890D08874FEF3FFE
:1008C000A7073DA685A3743C87A4FBDC1858EF3F1F
:1008D0000F2240209E9182BC9883C916E360EF3FAF
:1008E000AC92C1D5505A8E3C8532DB03E669EF3FAE
:1008F0004B6B01AC593A843C60B401F32173EF3F78
:100900001F3EB40721D582BC5F9B7B33977CEF3FB2
:10091000C90D473BB92A89BC29A1F5144686EF3F8A
:10092000D3883A6004B6743CF63F8BE72E90EF3FD5
:1009300071729D51ECC5833C834CC7FB519AEF3FCC
:10094000F091D38F12F78FBCDA90A4A2AFA4EF3F3F
:100950007D7423E298AE8DBCF1678E2D48AFEF3FDA
:100960000820AA41BCC38E3C275A61EE1BBAEF3F58
:1009700032EBA9C3942B843C97BA6B372BC5EF3F5E
:10098000EE85D131A9648A3C40456E5B76D0EF3F5D
:10099000EDE33BE4BA378EBC14BE9CADFDDBEF3F0C
:1009A0009DCD914D3B89773CD8909E81C1E7EF3F2B
:1009B00089CC6041C105533CF1718F2BC2F3EF3FED
:1009C0005245454E54206D616C6C6F6320737563A6
:1009D000636565646564002F6275696C642F676E7A
:1009E000752D746F6F6C732D666F722D73746D330C
:1009F000325F31342E332E72656C312E3230323507
:100A0000313032372D303730302F7372632F6E65AF
:100A1000776C69622F6E65776C69622F6C696263AF
:100A20002F7374646C69622F72616E642E63002F81
:100A30006275696C642F676E752D746F6F6C732DA2
:100A4000666F722D73746D33325F31342E332E72B4
:100A5000656C312E32303235313032372D3037300F
:100A6000302F7372632F6E65776C69622F6E6577B6
:100A70006C69622F6C6962632F74696D652F6C639A
:100A80006C74696D652E6300545A00474D540025FF
:100A900031315B2D2B302D39412D5A612D7A5D2559
:100AA0006E002531315B412D5A612D7A5D256E0036
:100AB0004D256875256E2E256875256E2E25687561
:100AC000256E002F256875256E3A256875256E3AC6
:100AD000256875256E002C2066756E6374696F6ECF
:100AE0003A2000617373657274696F6E20222573FA
:100AF00022206661696C65643A2066696C65202213
:100B00002573222C206C696E65202564257325735E
:100B10000A00232D302B2000686C4C006566674569
:100B20004647003031323334353637383941424365
:100B30004445460030313233343536373839616216
:100B40006364656600412D46612D66383930313267
:100B500033343536375D002B2D00303000785800A7
:100B6000002020202020202020202828282828207D
:100B70002020202020202020202020202020202075
:100B800020881010101010101010101010101010DD
:100B900010040404040404040404041010101010CD
:100BA0001010414141414141010101010101010197
:100BB00001010101010101010101010110101010E9
:100BC0001010424242424242020202020202020269
:100BD00002020202020202020202020210101010BD
:100BE00020000000000000000000000000000000E5
:100BF00000000000000000000000000000000000F5
:100C000000000000000000000000000000000000E4
:100C100000000000000000000000000000000000D4
:100C200000000000000000000000000000000000C4
:100C300000000000000000000000000000000000B4
:100C400000000000000000000000000000000000A4
:100C50000000000000000000000000000000000094
:100C600000000000000000001F0000003B0000002A
:100C70005A0000007800000097000000B500000056
:100C8000D4000000F300000011010000300100005A
:100C90004E0100001F0000001C0000001F000000AB
:100CA0001E0000001F0000001E0000001F000000CA
:100CB0001F0000001E0000001F0000001E000000BA
:100CC0001F0000001F0000001C0000001F000000AB
:100CD0001E0000001F0000001E0000001F0000009A
:100CE0001F0000001E0000001F0000001E0000008A
:100CF0001F0000001F0000001D0000001F0000007A
:100D00001E0000001F0000001E0000001F00000069
:100D10001F0000001E0000001F0000001E00000059
:040D20001F000000B0
:080D240034F9FC7F010000001E
:040D2C002502000894
:040D300001020008B4
:100D34000024F4001000000001000000AAAAAAAADE
:100D440000C000006E19000000C0000031810108DD
:100D5400458101088981010855810108BD81010887
:100D64000080E10000000000FFFFFFFF9DFFFFFF88
:100D740058B6052001000000010000000100000039
:100D840004AE052000000240200000000000000026
:100D9400000000000000000000000000000000004F
:100DA400000000000000000000000000000000003F
:100DB400000000000000000000000000000000002F
:100DC4000000000000000000000000008CAE0520C0
:100DD40000100240040000000000000000000000B9
:100DE40000000000000000000000000000000000FF
:100DF40000000000000000000000000000000000EF
:100E040000000000000000000000000000000000DE
:100E1400000000000000000024B005200010024083
:100E2400002001000000000000000000000000009D
:100E340000000000000000000000000000000000AE
:100E4400000000000000000000000000000000009E
:100E5400000000000000000000000000000000008E
:100E6400000000007CAD052000100240008001005D
:100E7400000000000000000000000000000000006E
:100E8400000000000000000000000000000000005E
:100E9400000000000000000000000000000000004E
:100EA400000000000000000000000000000000003E
:100EB40014AF0520000C02400002010000000000F5
:100EC400000000000000000000000000000000001E
:100ED400000000000000000000000000000000000E
:100EE40000000000000000000000000000000000FE
:100EF400000000000000000000000000ACB005206D
:100F04000018024020000100000000000000000062
:100F140000000000000000000000000000000000CD
:100F240000000000000000000000000000000000BD
:100F340000000000000000000000000000000000AD
:100F44000000000000000000F4AC05200000024096
:100F5400008001000000000000000000000000000C
:100F6400000000000000000000000000000000007D
:100F7400000000000000000000000000000000006D
:100F8400000000000000000000000000000000005D
:100F9400000000009CAF0520000C0240020001008C
:100FA400000000000000000000000000000000003D
:100FB400000000000000000000000000000000002D
:100FC400000000000000000000000000000000001D
:100FD400000000000000000000000000000000000D
:100FE40073746D33325F6F6E636869700000000064
:100FF400000000000000000000000A0800000400D7
:101004000000020045050208E9050208A1050220C6
:101014004D08022040000000D1600208E16002088F
:10102400000000000300000038DA05208B0A0308E2
:101034008B0A0308080302200000000038DA0520A8
:10104400A0DA052008DB05200000000000000000F5
:10105400000000000000000000000000000000008C
:10106400000000000000000000000000000000007C
:10107400000000000000000000000000000000006C
:10108400000000000000000001000000000000005B
:101094004A00000000000000000000000000000002
:1010A400000000000000000000000000000000003C
:1010B40000000000000000004A00000000000000E2
:1010C400000000000000000000000000000000001C
:1010D400000000000000000000000000000000000C
:1010E40080B400AF00BF064BDB6803F48033002BF1
:1010F400F9D100BF00BFBD465DF8047B704700BF57
:10110400003C024080B400AF034BF322DA6000BF1E
:10111400BD465DF8047B7047003C024080B400AFDC
:10112400074B1B69002B05DA054B064A5A60044B32
:10113400054A5A6000BFBD465DF8047B704700BF96
:10114400003C024023016745AB89EFCD80B400AF7A
:10115400054B1B69044A43F00043136100BFBD46BD
:101164005DF8047B704700BF003C024080B582B04C
:1011740000AF78603960FFF7B3FFFFF7C3FF1A4B86
:101184001B69194A23F440731361174B1B69164AF0
:1011940043F400731361144B1B69134A43F00103B6
:1011A40013617B683A681A60BFF34F8F00BFFFF783
:1011B40097FF0D4B1B690C4A23F0010313610A4B83
:1011C400DB680A4A1360094B1B6803F0F203002B27
:1011D40004D1054B0122DA60002301E04FF0FF3314
:1011E40018460837BD4680BD003C02402CD005207F
:1011F40090B587B000AFF860C7E900233B68194693
:10120400F868FFF7B3FF78617B69002B0FD1FB68A7
:101214001C1DD7E900014FF000024FF000030A0043
:101224000023134619462046FFF7A0FF78617B6927
:1012340018461C37BD4690BD80B582B000AF7860BB
:10124400FFF74EFF204B1B691F4A23F440731361C1
:101254001D4B1B691C4A43F4407313611A4B1B69F1
:10126400194A23F0F8031361174B1A697B68DB00F2
:10127400DBB21343144A43F002031361124B1B699C
:10128400114A43F480331361BFF34F8F00BFFFF75C
:1012940027FF0D4B1B690C4A23F0FA0313610A4B19
:1012A400DB680A4A1360094B1B6803F0F203002B46
:1012B40004D1054B0122DA60002301E04FF0FF3333
:1012C40018460837BD4680BD003C02402CD005209E
:1012D4002DE9F04FABB000AF78673967FA66A44BDD
:1012E4009A697B6F1344C7F89C30D7F89C20FB6E37
:1012F4001344C7F898300023C7F8A0307B6F002B45
:1013040008DB9B4B9A699A4BDB691A44D7F89830EF
:10131400934202D94FF0FF3324E1FB6E002B01D13D
:1013240000231FE1D7F89C3003F00703002B04D1FE
:10133400FB6E03F00703002B02D04FF0FF3311E1E3
:10134400EFF31083FB67FB6FC7F8943072B600BFEE
:10135400FFF7E4FEFFF7D6FE0023C7F8A430EEE063
:101364004FF000024FF00003C7E922233A6FD7F889
:10137400A4301344C7F88430D7F884301B78DBB228
:101384000022BB63FA63D7E90E23C7E92223D7F807
:10139400843001331B78DBB200229A4693464FF027
:1013A40000004FF000014FEA0B2141EA1A614FEAB5
:1013B4000A20D7E9222342EA00063E630B437B63FB
:1013C400D7E90C23C7E92223D7F8843002331B78EA
:1013D400DBB20022984691464FF000004FF0000126
:1013E4004FEA094141EA18414FEA0840D7E922236C
:1013F40042EA0006BE620B43FB62D7E90A23C7E94F
:101404002223D7F8843003331B78DBB200223B66F7
:101414007A66D7E918120B461D0A0B461C06D7E953
:10142400222342EA040139622B437B62D7E9082371
:10143400C7E92223D7F8843004331B78DBB20022B7
:10144400BB65FA654FF000004FF00001BB6D190059
:101454000020D7E9222342EA0006BE610B43FB6168
:10146400D7E90623C7E92223D7F8843005331B784C
:10147400DBB200223B657A654FF000004FF00001BB
:101484003B6D19020020D7E9222342EA00063E619F
:101494000B437B61D7E90423C7E92223D7F88430BF
:1014A40006331B78DBB20022BB64FA644FF0000001
:1014B4004FF00001BB6C19040020D7E9222342EA53
:1014C4000006BE600B43FB60D7E90223C7E9222371
:1014D400D7F8843007331B78DBB200223B647A648C
:1014E4004FF000004FF000013B6C19060020D7E9D3
:1014F400222342EA00063E600B437B60D7E90023C7
:10150400C7E92223D7F89C20D7F8A430D118D7E90B
:1015140022230846FFF76CFE0346002B0AD04FF047
:10152400FF33C7F8A030134B1B681946124800F06C
:10153400E3F80AE0D7F8A4300833C7F8A430D7F8A2
:10154400A420FB6E9A42FFF40BAFFFF7FFFDD7F820
:101554009430C7F88030D7F8803083F3108800BF08
:10156400D7F8A0301846AC37BD46BDE8F08F00BFB1
:10157400B00202202CD005206CE2020880B58EB0A7
:1015840000AF78603960574B9A697B6813443B62BB
:101594003A6A3B681344FB614FF0FF337B634FF0BF
:1015A400FF333B630023FB627B68002B07DB4D4B5F
:1015B4009A694C4BDB691344FA699A4202D94FF099
:1015C400FF338BE03B68002B01D1002386E000232E
:1015D400BB623AE04449BA6A13465B0013449B0079
:1015E4000B4419684048BA6A13465B0013449B00D5
:1015F400034404331B680B447B613B49BA6A1346BA
:101604005B0013449B000B441B683A6A9A4208D35C
:101614003A6A7B699A4204D27B6B002B01DABB6A7B
:101624007B633149BA6A13465B0013449B000B4445
:101634001B68FA699A4205D9FA697B699A4201D80A
:10164400BB6A3B63BB6A0133BB62284B1B68BA6A43
:101654009A42BFDB7B6B002B06DB3B6B002B03DB6F
:101664003A6B7B6B9A4202DA4FF0FF3336E0EFF3CA
:1016740010833B613B69BB6172B600BFFFF74EFD4F
:10168400FFF740FD7B6B7B621BE017497A6A1346C8
:101694005B0013449B000B4408331B681846FFF798
:1016A400CBFD0346002B09D04FF0FF33FB62104BF8
:1016B4001B6819460F4800F01FF806E07B6A0133E7
:1016C4007B627A6A3B6B9A42DFDDFFF73FFDBB69C1
:1016D400FB60FB6883F3108800BFFB6A1846383749
:1016E400BD4680BDB002022030D0052048D0052080
:1016F4002CD0052084E202085FF800F00DFE0108FA
:040000050801A42D1D
:00000001FF
