:020000040800F2
:1000000000000824B94902089D450208A5450208D8
:10001000CD450208D5450208DD4502080000000074
:10002000000000000000000000000000A1530108D3
:10003000E545020800000000F1550108514501089E
:100040000D4A02080D4A02080D4A02080D4A02082C
:100050000D4A02080D4A02080D4A02080D4A02081C
:100060000D4A02080D4A0208F3450208014602083B
:1000700015460208294602083D4602085146020874
:1000800065460208794602080D4A02088D460208B4
:10009000A14602080D4A02080D4A0208B5460208A8
:1000A0000D4A02080D4A02080D4A02080D4A0208CC
:1000B0000D4A02080D4A02080D4A02080D4A0208BC
:1000C0000D4A02080D4A02080D4A02080D4A0208AC
:1000D0000D4A0208A19A0308CD46020835470208D6
:1000E000E14602080D4A0208000000000D4A02081D
:1000F0000D4A02080D4A02080D4A02080D4A02087C
:100100000D4A02080D4A02080D4A02080D4A02086B
:100110000D4A02080D4A02080D4A0208F946020873
:100120000D4A02080D4A02080D4A02080D4A02084B
:100130000D4A02080D4702080D4A02080D4A02083E
:1001400000000000000000000000000000000000AF
:100150000D4A02080D4A02080D4A02080D4A02081B
:100160000D4A02080D4A02080D4A02080D4A02080B
:100170000D4A02080D4A02080D4A0208000000005C
:100180000D4A02080D4A02080D4A02080D4A0208EB
:100190000D4A02080D4A02080D4A02080D4A0208DB
:1001A0000D4A02080D4A02080D4A02080D4A0208CB
:1001B0000D4A02080D4A02080D4A02080D4A0208BB
:1001C0000D4A02080D4A02080D4A02080D4A0208AB
:1001D0000D4A02080D4A02080D4A02080D4A02089B
:1001E0000D4A02080D4A02080D4A02080D4A02088B
:1001F0000D4A02080D4A02080D4A02080D4A02087B
:100200000D4A02080D4A02080D4A02080D4A02086A
:100210000D4A02080D4A02080D4A02080D4A02085A
:100220000D4A02080D4A02080D4A020800000000AB
:100230000D4A02080D4A0208000000000D4A02089B
:100240000D4A0208214702080D4A02080D4A020819
:100250000D4A02080D4A02080D4A02080D4A02081A
:100260000D4A02080D4A02080D4A02080D4A02080A
:100270000D4A02080D4A02080D4A0208000000005B
:100280000D4A02080D4A02080D4A0208000000004B
:08029000000000000D4A020805
:1002A00010B5054C237833B9044B13B10448AFF3B0
:1002B00000800123237010BD100600240000000000
:1002C000F07D040808B5034B1BB103490348AFF3A5
:1002D000008008BD0000000014060024F07D040822
:1002E00081F0004102E000BF83F0004330B54FEAE7
:1002F00041044FEA430594EA050F08BF90EA020F54
:100300001FBF54EA000C55EA020C7FEA645C7FEAE6
:10031000655C00F0E2804FEA5454D4EB5555B8BF09
:100320006D420CDD2C4480EA020281EA030382EA7A
:10033000000083EA010180EA020281EA0303362D0C
:1003400088BF30BD11F0004F4FEA01314FF4801CDF
:100350004CEA113102D0404261EB410113F0004FF1
:100360004FEA03334CEA133302D0524263EB4303A8
:1003700094EA050F00F0A780A4F10104D5F1200E46
:100380000DDB02FA0EFC22FA05F2801841F10001A1
:1003900003FA0EF2801843FA05F359410EE0A5F175
:1003A00020050EF1200E012A03FA0EFC28BF4CF0A6
:1003B000020C43FA05F3C01851EBE37101F000455C
:1003C00007D54FF0000EDCF1000C7EEB00006EEB69
:1003D0000101B1F5801F1BD3B1F5001F0CD34908F3
:1003E0005FEA30004FEA3C0C04F101044FEA44524A
:1003F00012F5800F80F09A80BCF1004F08BF5FEAD1
:10040000500C50F1000041EB045141EA050130BDB0
:100410005FEA4C0C404141EB0101013C28BFB1F5C2
:10042000801FE9D291F0000F04BF01460020B1FA0D
:1004300081F308BF2033A3F10B03B3F120020CDAE0
:100440000C3208DD02F1140CC2F10C0201FA0CF0BE
:1004500021FA02F10CE002F11402D8BFC2F1200C23
:1004600001FA02F120FA0CFCDCBF41EA0C019040D9
:10047000E41AA2BF01EB0451294330BD6FEA040422
:100480001F3C1CDA0C340EDC04F11404C4F120020D
:1004900020FA04F001FA02F340EA030021FA04F31F
:1004A00045EA030130BDC4F10C04C4F1200220FA76
:1004B00002F001FA04F340EA0300294630BD21FAB4
:1004C00004F0294630BD94F0000F83F4801306BF7A
:1004D00081F480110134013D4EE77FEA645C18BF6E
:1004E0007FEA655C29D094EA050F08BF90EA020F05
:1004F00005D054EA000C04BF1946104630BD91EAFD
:10050000030F1EBF0021002030BD5FEA545C05D1FF
:100510004000494128BF41F0004130BD14F580043E
:100520003CBF01F5801130BD01F0004545F0FE41B2
:1005300041F470014FF0000030BD7FEA645C1ABFE7
:10054000194610467FEA655C1CBF0B46024650EA1E
:10055000013406BF52EA033591EA030F41F400214A
:1005600030BD00BF90F0000F04BF0021704730B5D0
:100570004FF4806404F132044FF000054FF00001A5
:1005800050E700BF90F0000F04BF0021704730B566
:100590004FF4806404F1320410F0004548BF40423B
:1005A0004FF000013EE700BF42004FEAE2014FEA90
:1005B00031014FEA02701FBF12F07F4393F07F4F6B
:1005C00081F06051704732F07F4208BF704793F06E
:1005D0007F4F04BF41F40021704730B54FF4607481
:1005E00001F0004521F000411CE700BF50EA010284
:1005F00008BF704730B54FF000050AE050EA01022D
:1006000008BF704730B511F0004502D5404261EB9C
:1006100041014FF4806404F132045FEA915C3FF4DD
:10062000D8AE4FF003025FEADC0C18BF03325FEA7A
:10063000DC0C18BF033202EBDC02C2F1200300FA2B
:1006400003FC20FA02F001FA03FE40EA0E0021FA50
:1006500002F11444BDE600BF53B94AB9002908BFEE
:1006600000281CBF4FF0FF314FF0FF3000F0C0B941
:10067000ADF1080C6DE904CE00F03EF8DDF804E0C1
:10068000DDE9022304B0704708B502460B4643EC8F
:10069000172BB5EEC07BF1EE10FA03D4BDE808408D
:1006A00000F00AB8B1EE477B51EC170B00F004F8EC
:1006B000404261EB410108BD9FED0B6B41EC170B14
:1006C0009FED0B5B27EE066BBCEEC66BB8EE464BA0
:1006D000A4EE457BFCEEC77B16EE101A17EE900ACF
:1006E000704700BFAFF30080000000000000F03D45
:1006F000000000000000F0412DE9F047089D0F4682
:1007000004468C46002B48D18A42164661D9B2FA7B
:1007100082F34BB1C3F1200201FA03FC20FA02F28A
:100720009E4042EA0C0C9C404FEA164EB7B2BCFB0E
:10073000FEF1220C0EFB11CC42EA0C4201FB07F049
:10074000904209D9B21801F1FF3C80F0EE8090424E
:1007500040F2EB8002393244121AA4B2B2FBFEF02E
:100760000EFB102244EA024400FB07F7A74209D916
:10077000341900F1FF3280F0DA80A74240F2D780CE
:100780003444023840EA0140E41B00211DB1DC4042
:100790000023C5E90043BDE8F0878B4206D90DB1BF
:1007A000C5E9000100210846BDE8F087B3FA83F1EE
:1007B000002948D1BB4202D3824200F20781841A49
:1007C00067EB030201209446002DE4D0C5E9004CFC
:1007D000E1E7002A00F09280B2FA82F3002B40F0A9
:1007E000A8808A1A4FEA164E1FFA86FC0121200CB7
:1007F000B2FBFEF70EFB172240EA02420CFB07F0A9
:10080000904207D9B21807F1FF3802D2904200F2A5
:10081000E2804746121AA4B2B2FBFEF00EFB102291
:1008200044EA02440CFB00FCA44507D9341900F14A
:10083000FF3202D2A44500F2CB801046A4EB0C0498
:1008400040EA0740A2E7C1F120068B4022FA06FCED
:100850004CEA030C07FA01F420FA06F3F7404FEADA
:100860001C49234300FA01F81FFA8CFEB7FBF9F08C
:100870001C0C09FB107744EA074400FB0EF7A74263
:1008800002FA01F20AD91CEB040400F1FF3A80F0ED
:100890009B80A74240F2988002386444E41B9FB2D8
:1008A000B4FBF9F309FB134447EA044403FB0EFECF
:1008B000A64509D91CEB040403F1FF3780F08280C0
:1008C000A6457FD9023B644443EA0040A4EB0E04F2
:1008D000A0FB02E7BC427346B94663D360D05DB16A
:1008E000B8EB030264EB090404FA06F622FA01F3FA
:1008F0001E43CC40C5E9006400214CE7620848086B
:1009000042EAC1710B0C43EA00438AB242EA034255
:10091000B3FBF6F1E407B4463746B6461F23B0FBF7
:10092000F6F0D21B41EA004161E7614614E7104648
:1009300028E7C3F1200120FA01F29E4027FA01F1D5
:100940009F403A434FEA164E1FFA86FCB1FBFEF772
:100950000EFB1710110C41EA004107FB0CF888450B
:1009600004FA03F43AD9711807F1FF3001D288452F
:100970001FD8A1EB0801B1FBFEF808FB0CF70EFB3A
:10098000181192B242EA0142BA422FD2B21808F1CB
:10099000FF31C6D2BA42C4D2A8F102013244C0E744
:1009A000F0459CD2BEEB020367EB0C070138B94659
:1009B00095E7A6EB08084144B81EB1FBFEF808FB1A
:1009C0000CF7DCE73B467FE7504667E70846FBE667
:1009D0003444023832E7023F32441BE7A1EB0801FE
:1009E0003846B1FBFEF808FB0CF7C8E7414698E72C
:1009F000704700BF10F8012B11F8013B012A28BFF6
:100A00009A42F7D0D01A70470000000000000000A2
:100A100001F0FF01102A2BDB10F0070F08D010F8AF
:100A2000013B013A8B422DD010F0070F42B3F6D1B3
:100A3000F0B441EA012141EA014122F007047FF0CC
:100A400000070023F0E80256083C85EA010586EA23
:100A5000010685FA47F5A3FA87F586FA47F6A5FA5F
:100A600087F68EB9EED1F0BC01F0FF0102F007026B
:100A700032B110F8013B013A83EA010313B1F8D116
:100A80000020704701387047002D06BF35460338F7
:100A9000073815F0010F07D1013015F4807F02BF30
:100AA000013015F4C03F0130F0BC0138704700BF81
:100AB000034613F8012B002AFBD1181A013870479E
:100AC0007BB972B90029BEBF00204FF0004106E09B
:100AD00008BF00281CBF6FF000414FF0FF30FFF748
:100AE00087BFADF1080C6DE904CE002909DB002BAE
:100AF0001ADBFFF701FEDDF804E0DDE9022304B0B4
:100B00007047404261EB4101002B1BDBFFF7F4FD16
:100B1000DDF804E0DDE9022304B0404261EB41016D
:100B2000524263EB43037047524263EB4303FFF7C8
:100B3000E3FDDDF804E0DDE9022304B0404261EBAF
:100B400041017047524263EB4303FFF7D5FDDDF8E7
:100B500004E0DDE9022304B0524263EB4303704733
:100B600080B400AF434BD3F88830424A43F470035B
:100B7000C2F88830404B1B6803F00F03062B07D8E0
:100B80003D4B1B6823F00F033B4A43F00703136000
:100B90003A4B1B68394A43F001031360374B00227C
:100BA0001A61364B1A683549354B13400B60324B8E
:100BB0001B6803F00803002B07D02F4B1B6823F0A2
:100BC0000F032D4A43F0070313602C4B00229A6158
:100BD0002A4B0022DA61294B00221A62274B294A4C
:100BE0009A62264B284ADA62244B284A1A63234B1E
:100BF00000225A63214B254A9A63204B0022DA6374
:100C00001E4B224A1A641D4B00225A641B4B1B6860
:100C10001A4A23F480231360184B00221A661C4BD7
:100C20001A681C4B1340B3F1005F02D21A4B012229
:100C30001A60124BD3F8D43003F48053002B13D135
:100C40000E4BD3F8D4300D4A43F48053C2F8D4305D
:100C5000124B43F2D2021A60084BD3F8D430074A41
:100C600023F48053C2F8D43000BFBD465DF8047B46
:100C7000704700BF00ED00E0002000520044025821
:100C80007FEDF6EA000202020000FF01800201018E
:100C90000010005C0000FFFF08810051004000527E
:100CA00080B400AF094BDB68084A43F00203D3600D
:100CB00000BF064B5B6803F40053002BF9D000BF64
:100CC00000BFBD465DF8047B704700BF0048025876
:100CD00080B582B000AF78607B68002B01D1012322
:100CE00049E07B6893F83D30DBB2002B06D17B688E
:100CF000002283F83C20786823F07EF87B6802228B
:100D000083F83D207B681A687B68043319461046D7
:100D100000F0D6FA7B68012283F848207B68012224
:100D200083F83E207B68012283F83F207B68012204
:100D300083F840207B68012283F841207B680122F0
:100D400083F842207B68012283F843207B680122DC
:100D500083F844207B68012283F845207B680122C8
:100D600083F846207B68012283F847207B680122B4
:100D700083F83D20002318460837BD4680BD00009B
:100D800080B485B000AF78607B6893F83D30DBB20B
:100D9000012B01D0012354E07B68022283F83D201F
:100DA0007B681B68DA687B681B6842F00102DA60C6
:100DB0007B681B68264A934222D07B681B68B3F18C
:100DC000804F1DD07B681B68224A934218D07B68F5
:100DD0001B68214A934213D07B681B681F4A9342C9
:100DE0000ED07B681B681E4A934209D07B681B6843
:100DF0001C4A934204D07B681B681B4A934215D15E
:100E00007B681B689A68194B1340FB60FB68062BD4
:100E100015D0FB68B3F5803F11D07B681B681A685A
:100E20007B681B6842F001021A6008E07B681B685F
:100E30001A687B681B6842F001021A6000E000BF7C
:100E4000002318461437BD465DF8047B704700BF89
:100E5000000001400004004000080040000C004079
:100E6000000401400018004000400140070001005C
:100E700080B584B000AF78607B681B68DB68FB607E
:100E80007B681B681B69BB60BB6803F00203002B17
:100E900020D0FB6803F00203002B1BD07B681B688B
:100EA0006FF002021A617B6801221A777B681B6867
:100EB0009B6903F00303002B03D0786800F0E2F98C
:100EC00005E0786800F0D4F9786800F0E5F97B680F
:100ED00000221A77BB6803F00403002B20D0FB68C4
:100EE00003F00403002B1BD07B681B686FF0040227
:100EF0001A617B6802221A777B681B689B6903F47E
:100F00004073002B03D0786800F0BCF905E07868E6
:100F100000F0AEF9786800F0BFF97B6800221A771C
:100F2000BB6803F00803002B20D0FB6803F0080324
:100F3000002B1BD07B681B686FF008021A617B686E
:100F400004221A777B681B68DB6903F00303002B1C
:100F500003D0786800F096F905E0786800F088F929
:100F6000786800F099F97B6800221A77BB6803F073
:100F70001003002B20D0FB6803F01003002B1BD0C4
:100F80007B681B686FF010021A617B6808221A7771
:100F90007B681B68DB6903F44073002B03D078681F
:100FA00000F070F905E0786800F062F9786800F008
:100FB00073F97B6800221A77BB6803F00103002BEA
:100FC0000CD0FB6803F00103002B07D07B681B6883
:100FD0006FF001021A61786821F0E0FCBB6803F051
:100FE0008003002B04D1BB6803F40053002B0CD00A
:100FF000FB6803F08003002B07D07B681B686FF44D
:1010000002521A61786800F031FBBB6803F4807308
:10101000002B0CD0FB6803F08003002B07D07B680B
:101020001B686FF480721A61786800F029FBBB6856
:1010300003F04003002B0CD0FB6803F04003002BAF
:1010400007D07B681B686FF040021A61786800F077
:101050002DF9BB6803F02003002B0CD0FB6803F0D4
:101060002003002B07D07B681B686FF020021A61F9
:10107000786800F0F1FA00BF1037BD4680BD00006F
:1010800080B584B000AF786039600023FB737B6863
:1010900093F83C30012B01D10223DCE07B68012274
:1010A00083F83C207B68022283F83D207B681B6824
:1010B0009B68BB60BA686A4B1340BB60BB6823F493
:1010C0007F43BB607B681B68BA689A603B681B689B
:1010D000644A934200F0A980624A934200F2AE80D3
:1010E000614A934200F0A1805F4A934200F2A680D9
:1010F0005E4A934200F099805C4A934200F29E80DF
:10110000B3F1101F00F09180B3F1101F00F2968030
:10111000B3F5801F00F08980B3F5801F00F28E8048
:10112000B3F5005F3ED0B3F5005F00F28780B3F502
:10113000805F00F08680B3F5805F7FD8702B1AD077
:10114000702B7BD8602B50D0602B77D8502B3CD0A5
:10115000502B73D8402B58D0402B6FD8302B64D0F5
:10116000302B6BD8202B60D0202B67D8002B5CD085
:10117000102B5AD062E07B6818683B6899683B681E
:101180005A683B68DB6800F0B9F97B681B689B68AC
:10119000BB60BB6843F07703BB607B681B68BA68C1
:1011A0009A604FE07B6818683B6899683B685A68AA
:1011B0003B68DB6800F0A2F97B681B689A687B6873
:1011C0001B6842F480429A603CE07B6818683B6888
:1011D00059683B68DB681A4600F012F97B681B68A7
:1011E0005021184600F06CF92CE07B6818683B68C9
:1011F00059683B68DB681A4600F031F97B681B6868
:101200006021184600F05CF91CE07B6818683B68B8
:1012100059683B68DB681A4600F0F2F87B681B6887
:101220004021184600F04CF90CE07B681A683B68D6
:101230001B681946104600F043F903E00123FB73D5
:1012400000E000BF7B68012283F83D207B6800221C
:1012500083F83C20FB7B18461037BD4680BD00BF9D
:1012600088FFCEFF4000100030001000200010006A
:1012700080B483B000AF786000BF0C37BD465DF826
:10128000047B704780B483B000AF786000BF0C3738
:10129000BD465DF8047B704780B483B000AF7860D2
:1012A00000BF0C37BD465DF8047B704780B483B047
:1012B00000AF786000BF0C37BD465DF8047B704717
:1012C00080B485B000AF786039607B681B68FB60D4
:1012D0007B68434A934213D07B68B3F1804F0FD0B1
:1012E0007B68404A93420BD07B683F4A934207D0C9
:1012F0007B683E4A934203D07B683D4A934208D1C3
:10130000FB6823F07003FB603B685B68FA6813437B
:10131000FB607B68324A93421FD07B68B3F1804FF9
:101320001BD07B682F4A934217D07B682E4A93428A
:1013300013D07B682D4A93420FD07B682C4A93428E
:101340000BD07B682B4A934207D07B682A4A934292
:1013500003D07B68294A934208D1FB6823F4407389
:10136000FB603B68DB68FA681343FB60FB6823F0B3
:1013700080023B685B691343FB603B689A687B684B
:10138000DA623B681A687B689A627B68144A934207
:101390000FD07B68164A93420BD07B68154A934264
:1013A00007D07B68144A934203D07B68134A934268
:1013B00003D13B681A697B681A637B681B6843F03A
:1013C00004027B681A607B6801225A617B68FA68B4
:1013D0001A6000BF1437BD465DF8047B704700BF3C
:1013E000000001400004004000080040000C0040E4
:1013F0000004014000400140004401400048014019
:1014000080B487B000AFF860B9607A60FB681B6A8F
:101410007B61FB681B6A23F00102FB681A62FB68B0
:101420009B693B613B6923F0F0033B617B681B01D7
:101430003A6913433B617B6923F00A037B617A6954
:10144000BB6813437B61FB683A699A61FB687A6900
:101450001A6200BF1C37BD465DF8047B704780B43C
:1014600087B000AFF860B9607A60FB681B6A7B6187
:10147000FB681B6A23F01002FB681A62FB689B6919
:101480003B613B6923F470433B617B681B033A6912
:1014900013433B617B6923F0A0037B61BB681B01A5
:1014A0007A6913437B61FB683A699A61FB687A69E0
:1014B0001A6200BF1C37BD465DF8047B7047000010
:1014C00080B485B000AF786039607B689B68FB6052
:1014D000FA68094B1340FB603A68FB68134343F01A
:1014E0000703FB607B68FA689A6000BF1437BD464B
:1014F0005DF8047B704700BF8FFFCFFF80B487B0DB
:1015000000AFF860B9607A603B60FB689B687B6104
:101510007B6923F47F437B613B681A027B681A4333
:10152000BB6813437A6913437B61FB687A699A60ED
:1015300000BF1C37BD465DF8047B704780B485B0A2
:1015400000AF786039607B6893F83C30012B01D1A3
:1015500002236DE07B68012283F83C207B68022235
:1015600083F83D207B681B685B68FB607B681B68B9
:101570009B68BB607B681B68304A934204D07B68E1
:101580001B682F4A934208D1FB6823F47003FB6069
:101590003B685B68FA681343FB60FB6823F07003E9
:1015A000FB603B681B68FA681343FB607B681B6841
:1015B000FA685A607B681B68204A934222D07B6895
:1015C0001B68B3F1804F1DD07B681B681D4A934296
:1015D00018D07B681B681C4A934213D07B681B6839
:1015E0001A4A93420ED07B681B68154A934209D071
:1015F0007B681B68164A934204D07B681B68154AB7
:1016000093420CD1BB6823F08003BB603B689B68AE
:10161000BA681343BB607B681B68BA689A607B68D2
:10162000012283F83D207B68002283F83C200023C0
:1016300018461437BD465DF8047B70470000014032
:10164000000401400004004000080040000C00407D
:10165000001800400040014080B483B000AF7860C3
:1016600000BF0C37BD465DF8047B704780B483B083
:1016700000AF786000BF0C37BD465DF8047B704753
:1016800080B483B000AF786000BF0C37BD465DF812
:10169000047B704780B584B000AF78607B68002B16
:1016A00001D10123E3E07B68D3F88430002B06D11D
:1016B0007B682022C3F88420786820F00DFD6E4BF3
:1016C000D3F8F4306C4A43F00203C2F8F4306A4BAA
:1016D000D3F8F43003F00203BB60BB687B681B7A6D
:1016E000002B03D1002008F0D3FF03E04FF40000EB
:1016F00008F0CEFF614B5B687B681B6803F5805385
:101700001B687A68126843F0010302F58052136087
:1017100008F082FFF86011E008F07EFF0246FB68E7
:10172000D31AB3F5FA7F09D97B680422C3F888205D
:101730007B68E022C3F88420012398E07B681B6863
:1017400003F580531B6803F00103002BE4D1786894
:1017500000F01CFF02F090FC0346494AA2FB032361
:101760009A0C7B681B68013AC3F8DC20786801F0AA
:1017700019F97B681B6803F58053D3F8003123F413
:10178000E0137A68126843F4002302F58052C2F82D
:1017900000317B685B6903F00303002B09D07B6891
:1017A0000122C3F888207B68E022C3F8842001234B
:1017B0005DE07B681B6803F58053D3F80821314B4B
:1017C00013407A68526951007A6812680B4302F537
:1017D0008052C2F80831786801F081F9786801F028
:1017E000C7F97B685B6805331B781A027B685B6806
:1017F00004331B7819467B681B680A43C3F800232F
:101800007B685B6803331B781A067B685B6802336E
:101810001B781B041A437B685B6801331B781B022F
:101820001A437B685B681B7819467B681B680A4310
:10183000C3F804237B681B68D3F80C177B681A680D
:10184000114B0B43C2F80C377B681B68D3F8101799
:101850007B681A680D4B0B43C2F810377B68002277
:10186000C3F888207B681022C3F884200023184620
:101870001037BD4680BD00BF004402580004005828
:1018800083DE1B430180FFFF6000020C00C0200CC0
:1018900080B582B000AF78607B68D3F88430102BBD
:1018A00065D17B682022C3F884207B6801229A6579
:1018B0007B680422DA66786800F0E4F97B681B68CC
:1018C00003F58053D3F804317A68126843F00103BA
:1018D00002F58052C2F804317B681B6803F580531F
:1018E000D3F808317A68126843F0010302F5805298
:1018F000C2F808317B681B6803F58053D3F8603168
:101900007A68126843F4817302F58052C2F860313C
:101910007B681B68D3F8002D7B681B6842F00102CE
:10192000C3F8002D7B681B681A687B681B6842F04F
:1019300002021A607B681B681A687B681B6842F0A9
:1019400001021A607B681B6803F58053D3F83411D9
:101950007B681A684DF2C1030B4302F58052C2F84E
:1019600034317B684022C3F88420002300E0012347
:1019700018460837BD4680BD80B485B000AF78609A
:101980007B68D3F88430402B65D17B682022C3F874
:1019900084207B681B6803F58053D3F834117B687F
:1019A0001A68304B0B4002F58052C2F834317B6824
:1019B0001B6803F58053D3F804317A68126823F06A
:1019C000010302F58052C2F804317B681B6803F5FD
:1019D0008053D3F808317A68126823F0010302F5C6
:1019E0008052C2F808317B681B681A687B681B68E4
:1019F00022F001021A607B681B68D3F8002D7B6817
:101A00001B6842F00102C3F8002D7B681B681A684E
:101A10007B681B6822F002021A600023FB600EE064
:101A20007B68FA68123253F82230BB60BB68DB680F
:101A300023F08042BB68DA60FB680133FB60FB681F
:101A4000032BEDD97B6800229A657B681022C3F8CE
:101A50008420002300E0012318461437BD465DF8BA
:101A6000047B70473E2FFFFF80B582B000AF7860E7
:101A700039603B68002B09D17B68D3F8883043F08C
:101A800001027B68C3F8882001233AE07B68D3F821
:101A90008430402B34D13B685A6B7B68DA63012277
:101AA0003968786801F0C2F80346002B09D07B68DA
:101AB000D3F8883043F002027B68C3F88820012302
:101AC0001FE0BFF34F8F00BF7B689B6A5A1C7B6887
:101AD0009A627B689B6A032B04D97B689B6A1A1FF6
:101AE0007B689A627B68996A7B681A687B680631B2
:101AF00053F8213002F58052C2F82031002300E073
:101B0000012318460837BD4680BD80B588B000AFB8
:101B10007860396000237B610023FB743B68002BF5
:101B200009D17B68D3F8883043F001027B68C3F8A1
:101B300088200123A2E07B68D3F88430402B01D0B9
:101B400001239BE07B68DB6DFB617B68FA691232E5
:101B500053F82230BB617B68DB6EC3F10403FB608A
:101B600064E0BB69DB6803F08043002B07D0BB69EE
:101B70005A687B689A67BB691A687B685A67BB6951
:101B8000DB6803F00053002B03D17B68DB6F002B75
:101B90003AD0BB69DB6803F00053002B05D07B68AB
:101BA00000221A667B6800225A66BB69DB68C3F3B1
:101BB0000E027B685B6ED31ABB60BB69DB6803F007
:101BC0008053002B05D0BB69DA687B681A67012354
:101BD000FB747B6803F17C007B6803F18001BB69C7
:101BE0001B691A46BB689BB220F036FC7B681B6EF3
:101BF0005A1C7B681A667B685A6EBB681A447B68FD
:101C00005A66BB6900221A61FB690133FB61FB69FB
:101C1000032B02D9FB69043BFB617B68FA69123232
:101C200053F82230BB617B6901337B61BB69DB68A0
:101C3000002B06DB7A69FB689A4202D2FB7C002B00
:101C40008FD07B68DA6E7B691A447B68DA667B68C2
:101C5000DB6E002B02D0786800F014F87B68FA691C
:101C6000DA65FB7C012B08D17B68DA6F3B681A6070
:101C70007B680022DA67002300E001231846203742
:101C8000BD4680BD80B588B000AF78600023BB60E2
:101C90000123FB747B689B6EFB617B68FA691232DF
:101CA00053F822307B617B68DB6EBB6138E07B6977
:101CB0001B69002B12D107F10803184620F09CFB8A
:101CC000BB68002B02D10023FB7407E0BB681A46F7
:101CD0007B691A61BB681A467B691A60FB7C002B22
:101CE0001ED07B689B6D002B04D07B694FF0414276
:101CF000DA6003E07B694FF00142DA60FB6901338F
:101D0000FB61FB69032B02D9FB69043BFB617B6828
:101D1000FA69123253F822307B61BB69013BBB6127
:101D2000BB69002B02D0FB7C002BC0D17B68DB6E33
:101D3000BA699A421BD0FB69033303F00303FB60CB
:101D4000BFF35F8F00BF7B681969FA6813465B00B9
:101D50001344DB00CA187B681B6803F58053C3F883
:101D600028217B68FA699A667B68BA69DA6600BFDF
:101D70002037BD4680BD80B586B000AF78607B68F7
:101D80001833BB60BB689B6A7B61BB68DB6A3B61E5
:101D90000123FB7347E00123BB737B69013B7B613C
:101DA000BA683B6904339B0013445B68002B0AD17B
:101DB0003B6901333B613B69032B02D93B69043B1F
:101DC0003B610023BB73BB7B002B2CD07B68D968A5
:101DD0003A6913465B001344DB000B44DB68002BBD
:101DE0001FDBBA683B6904339B0013445B681846E9
:101DF00020F09AFBBA683B6904339B00134400222D
:101E00005A603B6901333B613B69032B02D93B6953
:101E1000043B3B61BB687A699A62BB683A69DA62E3
:101E200001E00023FB737B69002B02D0FB7B002BBE
:101E3000B1D1002318461837BD4680BD80B586B0A5
:101E400000AF78607B681B68D3F8B0307B617B683B
:101E50001B6803F58053D3F860313B617B681B68D6
:101E600003F58053D3F83431FB606D4B9B6ABB6044
:101E70003B6903F04003002B10D0FB6803F04003E4
:101E8000002B0BD07B681B6803F580531A4648F281
:101E90004003C2F8603178681FF050FE3B6903F0E0
:101EA0000103002B10D0FB6803F00103002B0BD0C3
:101EB0007B681B6803F580531A4648F20103C2F899
:101EC000603178681FF04AFE3B6903F48043002BC1
:101ED00047D0FB6803F48043002B42D07B68D3F8E3
:101EE000883043F008027B68C3F888203B6903F41C
:101EF0008053002B1ED07B681B6803F58053D3F8FA
:101F0000602141F2021313407A68C2F88C307B687A
:101F10001B6803F58053D3F834317A68126823F4D0
:101F2000404302F58052C2F834317B68E022C3F8A6
:101F3000842013E07B681B6803F58053D3F860317D
:101F400003F4CD427B68C3F88C207B681B6803F5E3
:101F500080531A464FF4CD43C2F8603178681FF0C1
:101F60000DFE7B6903F48043002B04D17B6903F4ED
:101F70000053002B19D07B68D3F8883043F010024F
:101F80007B68C3F888207B681B68D3F8B8207B681F
:101F9000C3F890207B68E022C3F8842078681FF0A3
:101FA000EDFD7B680022C3F890207B6903F01003ED
:101FB000002B0FD07B681B68D3F8C03003F06002A1
:101FC0007B68C3F89420786800F02CF87B680022C6
:101FD000C3F894207B6903F02003002B0FD07B68AB
:101FE0001B68D3F8D03003F00F027B68C3F8982049
:101FF000786800F021F87B680022C3F89820BB685D
:1020000003F48003002B06D0054B4FF480029A6244
:10201000786800F01BF800BF1837BD4680BD00BFD0
:102020008000005880B483B000AF786000BF0C37E8
:10203000BD465DF8047B704780B483B000AF786024
:1020400000BF0C37BD465DF8047B704780B483B099
:1020500000AF786000BF0C37BD465DF8047B704769
:1020600080B586B000AFF860B9607A603B60FB680D
:102070001B68D3F8003203F00103002B01D00123C9
:102080003EE0FB681B68D3F800327B617B6923F07C
:102090007872BB685B0513437B617B6923F4F8129C
:1020A0007B681B0413437B617B6943F00C037B61FA
:1020B0007B6943F001037B61FB681B687A69C3F8A5
:1020C000002208F0A9FA386109E008F0A5FA0246F2
:1020D0003B69D31AB3F57A7F01D9012310E0FB687D
:1020E0001B68D3F8003203F00103002BEDD1FB682D
:1020F0001B68D3F804329BB21A463B681A6000236F
:1021000018461837BD4680BD80B586B000AFF86070
:10211000B9607A603B60FB681B68D3F8003203F05B
:102120000103002B01D001233CE0FB681B68D3F8BE
:1021300000327B617B6923F07872BB685B051343D7
:102140007B617B6923F4F8127B681B0413437B617A
:102150007B6923F00C0343F004037B617B6943F04C
:1021600001037B613B689AB2104BC3F804220F4A0B
:102170007B69C2F8003208F04FFA386109E008F0D4
:102180004BFA02463B69D31AB3F57A7F01D9012392
:1021900008E0FB681B68D3F8003203F00103002B52
:1021A000EDD1002318461837BD4680BD008002409F
:1021B00080B483B000AF786039603B68002B01D1F8
:1021C0000123C3E17B681B681B6803F00C023B68BA
:1021D000DA627B681B681B6803F01003002B14BFD6
:1021E00001230023DBB21A463B6883F828207B6872
:1021F0001B681B6803F060023B685A627B681B68BF
:102200001B6803F48073002B0CBF01230023DBB297
:102210001A463B6883F820207B681B681B6803F420
:102220000073002B14BF01230023DBB21A463B6866
:10223000DA777B681B681B6803F48063002B0CBF94
:1022400001230023DBB21A463B689A777B681B6840
:102250001B6803F40063002B14BF01230023DBB2CF
:102260001A463B685A777B681B681B6803F48053E7
:10227000002B14BF01230023DBB21A463B681A77F8
:102280007B681B681B6803F400523B689A617B689B
:102290001B681B6803F480423B685A617B681B68BB
:1022A0001B6803F48033002B14BF01230023DBB22F
:1022B0001A463B689A747B681B681B6803F40033FA
:1022C000002B0CBF01230023DBB21A463B685A7473
:1022D0007B681B681B6803F40023002B0CBF0123E1
:1022E0000023DBB21A463B681A747B681B681B68C4
:1022F00003F48013002B14BF01230023DBB21A4622
:102300003B68DA737B681B681B6803F40013002BBF
:1023100014BF01230023DBB21A463B689A737B6823
:102320001B681B6803F48003002B14BF01230023E8
:10233000DBB21A463B685A737B681B681B6803F460
:102340000003002B14BF01230023DBB21A463B68B5
:102350001A737B681B681B6803F0E0623B689A6035
:102360007B681B681B6803F00063002B14BF01230C
:102370000023DBB21A463B681A717B681B681B6836
:1023800003F0E0423B681A607B681B685B68C3F33C
:102390000D023B685A637B681B685B6803F48033FB
:1023A000002B0CBF01230023DBB21A463B6883F8E5
:1023B00032207B681B685B6803F40033002B14BF7A
:1023C00001230023DBB21A463B6883F831207B6887
:1023D0001B685B6803F48023002B14BF01230023D8
:1023E000DBB21A463B6883F830207B681B685B6869
:1023F00003F08073002B14BF01230023DBB21A46C5
:102400003B6883F838207B681B685B685B0E03F0D1
:102410001F023B68DA637B681B68DB6803F4807328
:10242000002B14BF01230023DBB21A463B6883F85C
:1024300040207B681B68DB6803F00F023B685A642E
:102440007B681B681B6F03F00203002B14BF012382
:102450000023DBB21A463B6883F854207B681B6874
:102460001B6F03F08003002B0CBF01230023DBB2A2
:102470001A463B6883F84C207B681B681B6F03F08F
:1024800070023B681A657B681B681B6F1B0C9AB255
:102490003B689A647B681B68D3F8903003F00103B3
:1024A000002B14BF01230023DBB21A463B6883F8DC
:1024B00056207B681B68D3F8903003F00203002B92
:1024C00014BF01230023DBB21A463B6883F8552072
:1024D0007B681B68D3F8003D03F072023B689A6585
:1024E0007B681B68D3F8303D03F023023B68DA6554
:1024F0007B681B68D3F8303D03F00803002B14BF42
:1025000001230023DBB21A463B6883F862207B6814
:102510001B68D3F8303D03F01003002B14BF0123D8
:102520000023DBB21A463B6883F861207B681B6896
:10253000D3F8303D03F04003002B0CBF01230023F0
:10254000DBB21A463B6883F86020002318460C373C
:10255000BD465DF8047B704780B582B000AF7860FF
:1025600039603B68002B01D101230BE07B68D3F875
:102570008430102B05D13968786800F071F8002399
:1025800000E0012318460837BD4680BD80B584B001
:1025900000AF78607B681B68D3F80032FB60FB6893
:1025A00023F47063FB6001F067FDB860BB681A4AF2
:1025B000934204D8FB6843F40073FB6022E0BB68DD
:1025C000164A934204D2FB6843F44073FB6019E05F
:1025D000BB68134A934215D9BB68124A934204D888
:1025E000FB6843F48073FB600CE0BB680E4A9342C7
:1025F00004D8FB6843F48063FB6003E0FB6843F4AA
:10260000A063FB607B681B68FA68C3F8002200BF08
:102610001037BD4680BD00BFBF0E16020087930372
:10262000FFE0F5057FD1F0087FB2E60E80B483B0FD
:1026300000AF78607B68D3F8883018460C37BD4609
:102640005DF8047B704780B483B000AF78607B682E
:10265000D3F88C3018460C37BD465DF8047B7047C4
:1026600080B485B000AF786039603B689A683B6899
:102670001B681A433B681B79DB061A433B681B7BCC
:10268000DB051A433B685B7B9B051A433B689B7BDE
:102690005B051A433B68DB7B1B0513433A68127CDE
:1026A000002A02D14FF4002200E0002213433A68CE
:1026B000527C002A02D14FF4003200E000221A437B
:1026C0003B689B7C1B041A433B685B691A433B686D
:1026D0009B691A433B681B7F1B031A433B685B7F64
:1026E000DB0213433A68927F002A02D14FF48062E2
:1026F00000E000221A433B68DB7F5B0213433A6829
:1027000092F82020002A02D14FF4807200E00022CB
:102710001A433B685B6A1A433B6893F828301B01F5
:102720001A433B68DB6A1343FB607B681B681A68CB
:10273000564B13407A681268F9680B4313603B6884
:10274000DB6B5A063B6893F838301B061A433B682C
:1027500093F830309B041A433B6893F831305B04A4
:1027600013433A6892F83220002A02D14FF48032A3
:1027700000E000221A433B685B6B1343FB607B68FD
:102780001B685A68424B13407A681268F9680B4319
:1027900053603B6893F840301A023B685B6C13430C
:1027A000FB607B681B68DA683A4B13407A681268F2
:1027B000F9680B43D3603B6893F854305A003B6888
:1027C0001B6D13433A6892F84C20002A01D18022F5
:1027D00000E000221A433B689B6C1B041343FB6020
:1027E0007B681B681A6F4FF60D7313407A68126886
:1027F000F9680B4313673B6893F856301A463B68F9
:1028000093F855305B001343FB607B681B68D3F87B
:10281000903023F003017B681B68FA680A43C3F811
:1028200090207B681B68D3F8003D23F072013B6861
:102830009A6D7B681B680A43C3F8002D3B68DB6D0B
:102840003A6892F86020002A01D1402200E000227C
:102850001A433B6893F861301B011A433B6893F8B5
:102860006230DB001343FB607B681B68D3F8303DAC
:1028700023F07B017B681B68FA680A43C3F8302D9C
:1028800000BF1437BD465DF8047B704783800400A9
:102890000080F8C0F0FEFFFF80B485B000AF786024
:1028A00039607B681B6803F580531A68384B134006
:1028B0003A6811687A6812680B4302F58052136017
:1028C0003B681B791A033B689B681A433B681B7B78
:1028D000DB031343FB607B681B6803F580535A6876
:1028E0002C4B13407A681268F9680B4302F580524A
:1028F00053603B685B7B1A043B681B6A1343FB60B5
:102900007B681B6803F58053D3F80021224B1340EA
:102910007A681268F9680B4302F58052C2F80031F8
:102920003B681A693B681B7D1B011A433B685B7F50
:102930001B031343FB607B681B6803F58053D3F8CC
:102940000421164B13407A681268F9680B4302F5AC
:102950008052C2F804313B681B7FDA073B689B69F1
:102960001343FB607B681B6803F58053D3F8082191
:102970000B4B13407A681268F9680B4302F58052DA
:10298000C2F8083100BF1437BD465DF8047B7047BC
:10299000FD87FFFFFE2FFFFF00C0FEFFEFEFC0FF30
:1029A000FFFFC07F80B5A4B000AF7860012387F837
:1029B0003B3000233B65002387F84930002387F82C
:1029C0004B30012387F83030012387F85E30012334
:1029D00087F83A30002387F85430012387F88C3089
:1029E0004FF400537B64002387F864300023BB66F8
:1029F000002387F88D30002387F88E304FF4C363AF
:102A00003B66002387F8383000237B63012387F877
:102A10003D30002387F83E30002387F848300023FC
:102A2000FB6700237B670023BB65002387F86C30BE
:102A3000002387F88230012387F84A302023C7F823
:102A40008830012387F84C30002387F85D304FF041
:102A50004053FB624FF480433B64002387F83930D6
:102A60000223C7F88430002387F88030002387F8DA
:102A70008130002387F85C30012387F83C30002345
:102A80003B67012387F8783007F12C0319467868F3
:102A9000FFF7E6FD01233B7301233B610023BB608D
:102AA000002387F8243000237B7500233B754FF407
:102AB00000133B6200233B774FF40013BB610023FC
:102AC00087F825304FF40673BB6207F108031946F7
:102AD0007868FFF7E1FE00BF9037BD4680BD80B447
:102AE00085B000AF78600023FB601DE07B68D9688B
:102AF000FA6813465B001344DB000B44BB60BB6801
:102B000000221A60BB6800225A60BB6800229A60EB
:102B1000BB680022DA60B9687B68FA68063243F85D
:102B20002210FB680133FB60FB68032BDED97B6856
:102B300000229A627B681B6803F580531A460323C0
:102B4000C2F82C317B68DA687B681B6803F5805318
:102B5000C3F814217B68DA687B681B6803F580532F
:102B6000C3F8202100BF1437BD465DF8047B7047D1
:102B700080B485B000AF78600023FB6023E07B6801
:102B80001969FA6813465B001344DB000B44BB6011
:102B9000BB6800221A60BB6800225A60BB68002232
:102BA0009A60BB680022DA60BB6800221A61BB68C9
:102BB00000225A61B9687B68FA68123243F8221021
:102BC000FB680133FB60FB68032BD8D97B680022CC
:102BD000DA657B6800221A667B6800229A667B6849
:102BE0000022DA667B6800229A657B681B6803F521
:102BF00080531A460323C2F830317B681A697B6818
:102C00001B6803F58053C3F81C217B681B6903F123
:102C100048027B681B6803F58053C3F8282100BF76
:102C20001437BD465DF8047B7047000080B491B056
:102C300000AFF860B9607A60FB6818337B627B6A2A
:102C40001B69FB637B6A1B693B6200237B637B6AB6
:102C5000FA6B53F822303B63BB689B68FB6200232E
:102C6000BB623B6BDB6803F00043B3F1004F07D05E
:102C70007A6AFB6B04339B0013445B68002B01D022
:102C8000022366E2BB681B6803F00403002B44D0F8
:102C90003B6BDA68754B1340BA68526A1A433B6B58
:102CA000DA603B6BDB6843F480323B6BDA60FB68D5
:102CB0001B681A6EFB681B6842F480121A66BB68B8
:102CC0001B6803F00803002B27D03B6B9B689AB26C
:102CD000BB68DB6A1B041A433B6B9A603B6BDB6887
:102CE00043F400323B6BDA603B6BDB6823F4402239
:102CF000BB681B6B1A433B6BDA60FB681B685A6E40
:102D0000FB681B6842F480125A66FB681B681A6DE8
:102D1000FB681B6842F080621A65BB681B6803F0A1
:102D20001003002B0ED03B6B9A68514B1340BA68CE
:102D300092691A433B6B9A603B6BDB6843F080629D
:102D40003B6BDA60BB681B6803F00403002B05D102
:102D5000BB681B6803F01003002B36D03B6BDB68AD
:102D600043F080423B6BDA60BFF35F8F00BF3B6B89
:102D7000DB6843F000423B6BDA60FB6B0133FB63C3
:102D8000FB6B032B02D9FB6B043BFB637B6AFA6B87
:102D900053F822303B637B6B01337B633B6BDB6817
:102DA00003F00043B3F1004F0FD17B6A3A6A53F846
:102DB00022303B63BFF35F8F00BF3B6BDB6823F0C8
:102DC00000423B6BDA600223C3E17B6B01337B6320
:102DD000FB6A1B681A463B6B1A603B6B9A68244B74
:102DE0001340FA6A52681A433B6B9A60FB6A9B680D
:102DF000002B12D0FB6A9B68FB62FB6A1B681A46B9
:102E00003B6B5A603B6B9A681A4B1340FA6A5268E4
:102E100012041A433B6B9A6008E03B6B00225A6035
:102E20003B6B9A68134B13403A6B9360BB681B680B
:102E300003F01003002B21D03B6BDB6823F4F0027E
:102E4000BB681B6ADB041A433B6BDA603B6BDA68D6
:102E5000094B1340BA68D2691A433B6BDA603B6B8B
:102E6000DB6843F480223B6BDA602EE00000FFFF5A
:102E700000C0FFFFFFFF00C00000FCFF3B6BDA68F3
:102E80007B4B1340BA6852681A433B6BDA60BB68ED
:102E90001B6803F00103002B08D03B6BDB6823F4B5
:102EA0004032BB685B691A433B6BDA60BB681B68E6
:102EB00003F02003002B08D03B6BDB6823F040625B
:102EC000BB681B691A433B6BDA60BB681B6803F085
:102ED0000403002B08D03B6B9B6823F44042BB6883
:102EE0009B6A1A433B6B9A603B6BDB6843F0005272
:102EF0003B6BDA603B6BDB6823F080423B6BDA6054
:102F0000BFF35F8F00BF3B6BDB6843F000423B6B5E
:102F1000DA60BB681B6803F00203002B00F0DA8064
:102F20003B6BDB6823F06072BB68DB681A433B6B6A
:102F3000DA60CFE03B6BDB6823F080523B6BDA60FA
:102F4000FB6B0133FB63FB6B032B02D9FB6B043B75
:102F5000FB637B6AFA6B53F822303B633B6BDB68A5
:102F600023F000523B6BDA603B6BDB6803F00043FD
:102F7000B3F1004F07D07A6AFB6B04339B00134414
:102F80005B68002B29D03B6AFB637B6AFA6B53F8C2
:102F900022303B630023BB6319E0BFF35F8F00BFA8
:102FA0003B6BDB6823F000423B6BDA60FB6B013369
:102FB000FB63FB6B032B02D9FB6B043BFB637B6A5C
:102FC000FA6B53F822303B63BB6B0133BB63BA6BC4
:102FD0007B6B9A42E1D30223BBE07B6B01337B63C3
:102FE000FB6A9B68FB62FB6A1B681A463B6B1A60B4
:102FF0003B6B9A681F4B1340FA6A52681A433B6B4B
:103000009A60FB6A9B68002B12D0FB6A9B68FB628C
:10301000FB6A1B681A463B6B5A603B6B9A68164BFF
:103020001340FA6A526812041A433B6B9A6008E034
:103030003B6B00225A603B6B9A680F4B13403A6B14
:103040009360BB681B6803F01003002B18D03B6B28
:10305000DA680A4B1340BA68D2691A433B6BDA60EC
:103060003B6BDB6843F480223B6BDA6020E000BFFF
:103070000080FFFF00C0FFFFFFFF00C00000FCFF5B
:103080003B6BDA68364B1340BA6852681A433B6BA5
:10309000DA60BB681B6803F00103002B08D03B6BB0
:1030A000DB6823F44032BB685B691A433B6BDA6030
:1030B000BB6A0133BB62BFF35F8F00BF3B6BDB6852
:1030C00043F000423B6BDA603B6BDB6823F08042ED
:1030D0003B6BDA60FB6A9B68002B7FF42BAF7B684D
:1030E000002B06D03B6B9B6843F000423B6B9A6021
:1030F00005E03B6B9B6823F000423B6B9A603B6BA7
:10310000DB6843F080523B6BDA607B6A5A6A796A0B
:10311000FB6B04339B000B445A607B6AFA6B1A61A9
:10312000EFF31083BB61BB69FB6101237B617B69AA
:1031300083F3108800BF7B6A9A6ABB6A13445A1CE7
:103140007B6A9A62FB693B613B6983F3108800BF2D
:10315000002318464437BD465DF8047B704700BF26
:103160000080FFFF80B58CB000AF78607B68002BDB
:1031700002D1012300F048BC7B681B6803F0010307
:10318000002B00F08880994B1B6903F03803FB6229
:10319000964B9B6ABB62FB6A102B07D0FB6A182B0D
:1031A00011D1BB6A03F00303022B0CD18F4B1B68B8
:1031B00003F40033002B6DD07B685B68002B69D172
:1031C000012300F021BC7B685B68B3F5803F06D12A
:1031D000864B1B68854A43F4803313602EE07B687E
:1031E0005B68002B0CD1814B1B68804A23F4803331
:1031F00013607E4B1B687D4A23F4802313601DE01F
:103200007B685B68B3F5A02F0CD1784B1B68774ABD
:1032100043F480231360754B1B68744A43F4803376
:1032200013600BE0714B1B68704A23F4803313600A
:103230006E4B1B686D4A23F4802313607B685B68C8
:10324000002B13D007F0E8F9786208E007F0E4F902
:1032500002467B6AD31A642B01D90323D4E3634B60
:103260001B6803F40033002BF0D014E007F0D4F90E
:10327000786208E007F0D0F902467B6AD31A642B23
:1032800001D90323C0E3594B1B6803F40033002B1F
:10329000F0D100E000BF7B681B6803F00203002B45
:1032A00000F0CA80514B1B6903F038033B624F4B5F
:1032B0009B6AFB613B6A002B07D03B6A182B56D1F7
:1032C000FB6903F00303002B51D1484B1B6803F04B
:1032D0000403002B05D07B68DB68002B01D10123A0
:1032E00092E3424B1B6823F019027B68DB683F497D
:1032F00013430B6007F090F9786208E007F08CF94F
:1033000002467B6AD31A022B01D903237CE3374B95
:103310001B6803F00403002BF0D007F0ADF903465F
:1033200041F20302934217D87B681B69402B08D1F6
:103330002E4B5B6823F47C332C4A43F400335360F8
:103340007AE02A4B5B6823F47C327B681B691B03A1
:10335000264913434B606FE0244B5B6823F0FE4229
:103360007B681B691B06214913434B6064E07B6843
:10337000DB68002B47D01D4B1B6823F019027B68CC
:10338000DB681A4913430B6007F046F9786208E0DE
:1033900007F042F902467B6AD31A022B01D90323B4
:1033A00032E3124B1B6803F00403002BF0D007F04C
:1033B00063F9034641F20302934219D87B681B6903
:1033C000402B08D1094B5B6823F47C33074A43F454
:1033D0000033536030E0054B5B6823F47C327B683C
:1033E0001B691B03014913434B6025E0004402584D
:1033F0009A4B5B6823F0FE427B681B691B0697496A
:1034000013434B6018E0954B1B68944A23F001036B
:10341000136007F001F9786208E007F0FDF8024652
:103420007B6AD31A022B01D90323EDE28B4B1B6875
:1034300003F00403002BF0D17B681B6803F010033A
:10344000002B00F0A980854B1B6903F03803BB619A
:10345000824B9B6A7B61BB69082B07D0BB69182B29
:103460003AD17B6903F00303012B35D17B4B1B68F9
:1034700003F48073002B05D07B68DB69802B01D0BF
:103480000123C1E207F0F8F8034641F20302934238
:1034900017D87B681B6A202B08D1704B5B6823F020
:1034A000F8436E4A43F08043536075E06B4B5B68B2
:1034B00023F0F8427B681B6A9B06684913434B6004
:1034C0006AE0664BDB6823F07C527B681B6A1B0654
:1034D00062491343CB605FE07B68DB69002B42D01D
:1034E0005E4B1B685D4A43F08003136007F094F85D
:1034F000786208E007F090F802467B6AD31A022B44
:1035000001D9032380E2554B1B6803F48073002B21
:10351000F0D007F0B1F8034641F20302934217D806
:103520007B681B6A202B08D14C4B5B6823F0F84367
:103530004A4A43F0804353602EE0484B5B6823F0D7
:10354000F8427B681B6A9B06444913434B6023E0A7
:10355000424BDB6823F07C527B681B6A1B063F49A9
:103560001343CB6018E03D4B1B683C4A23F08003BB
:10357000136007F051F8786208E007F04DF8024652
:103580007B6AD31A022B01D903233DE2334B1B681C
:1035900003F48073002BF0D17B681B6803F00803F1
:1035A000002B36D07B685B69002B19D02B4B5B6FEF
:1035B0002A4A43F00103536707F02EF8786208E0C7
:1035C00007F02AF802467B6AD31A022B01D903239B
:1035D0001AE2224B5B6F03F00203002BF0D018E0DD
:1035E0001E4B5B6F1D4A23F00103536707F014F86D
:1035F000786208E007F010F802467B6AD31A022BC3
:1036000001D9032300E2154B5B6F03F00203002B8B
:10361000F0D17B681B6803F02003002B39D07B6856
:103620009B69002B1CD00D4B1B680C4A43F4805344
:10363000136006F0F1FF786208E006F0EDFF024645
:103640007B6AD31A022B01D90323DDE1034B1B68EC
:1036500003F40053002BF0D01BE000BF00440258DD
:103660009B4B1B689A4A23F48053136006F0D4FFE7
:10367000786208E006F0D0FF02467B6AD31A022B7C
:1036800001D90323C0E1924B1B6803F40053002BC4
:10369000F0D17B681B6803F00403002B00F08180ED
:1036A0008C4B1B688B4A43F48073136006F0B4FFA5
:1036B000786208E006F0B0FF02467B6AD31A642BFA
:1036C00001D90323A0E1834B1B6803F48073002B13
:1036D000F0D07B689B68012B06D17D4B1B6F7C4A29
:1036E00043F0010313672DE07B689B68002B0CD12E
:1036F000774B1B6F764A23F001031367744B1B6FE4
:10370000734A23F0040313671CE07B689B68052B56
:103710000CD16F4B1B6F6E4A43F0040313676C4B65
:103720001B6F6B4A43F0010313670BE0684B1B6F81
:10373000674A23F001031367654B1B6F644A23F04C
:10374000040313677B689B68002B15D006F064FFA9
:1037500078620AE006F060FF02467B6AD31A41F203
:103760008832934201D903234EE1594B1B6F03F07A
:103770000203002BEED014E006F04EFF78620AE060
:1037800006F04AFF02467B6AD31A41F2883293421E
:1037900001D9032338E14E4B1B6F03F00203002BCA
:1037A000EED17B685B6A002B00F02D81484B1B69D2
:1037B00003F03803182B00F0BD807B685B6A022B96
:1037C00040F09E80424B1B68414A23F08073136097
:1037D00006F022FF786208E006F01EFF02467B6AD0
:1037E000D31A022B01D903230EE1394B1B6803F0D6
:1037F0000073002BF0D1364B9A6A374B13407A682E
:10380000916A7A68D26A12010A43314913438B6282
:103810007B681B6B013BC3F308027B685B6B013B5E
:103820005B029BB21A437B689B6B013B1B0403F456
:10383000FE031A437B68DB6B013B1B0603F0FE4370
:10384000234913430B63224BDB6A214A23F0010314
:10385000D3621F4B5A6B214B13407A68926CD20093
:103860001B4913434B631A4BDB6A23F00C027B6842
:103870001B6C17491343CB62154BDB6A23F0020222
:103880007B685B6C12491343CB62114BDB6A104AB5
:1038900043F48033D3620E4BDB6A0D4A43F40033AA
:1038A000D3620B4BDB6A0A4A43F48023D362084B92
:1038B000DB6A074A43F00103D362054B1B68044AE5
:1038C00043F08073136006F0A7FE786211E000BF3A
:1038D00000440258004802580CFCFFFF0700FFFF9D
:1038E00006F09AFE02467B6AD31A022B01D9032303
:1038F0008AE0474B1B6803F00073002BF0D082E096
:10390000434B1B68424A23F08073136006F084FE29
:10391000786208E006F080FE02467B6AD31A022B2A
:1039200001D9032370E03A4B1B6803F00073002BAE
:10393000F0D168E0364B9B6A3B61354B1B6BFB60FB
:103940007B685B6A012B31D03B6903F003027B6823
:103950009B6A9A422AD13B691B0903F03F027B68AC
:10396000DB6A9A4222D1FB68C3F308027B681B6BB7
:10397000013B9A421AD1FB685B0A03F07F027B6825
:103980005B6B013B9A4211D1FB681B0C03F07F0279
:103990007B689B6B013B9A4208D1FB681B0E03F0CE
:1039A0007F027B68DB6B013B9A4201D001232BE055
:1039B000174B5B6BDB08C3F30C033B617B689B6CB1
:1039C0003A699A421FD0124BDB6A114A23F0010375
:1039D000D36206F021FE786200BF06F01DFE0246AB
:1039E0007B6A9342F9D00A4B5A6B0A4B13407A68B0
:1039F000926CD200064913434B63054BDB6A044AC1
:103A000043F00103D362002318463037BD4680BD22
:103A1000004402580700FFFF80B586B000AF786011
:103A200039607B68002B01D101239CE18A4B1B6824
:103A300003F00F033A689A4210D9874B1B6823F0B2
:103A40000F0285493B6813430B60834B1B6803F0EF
:103A50000F033A689A4201D0012384E17B681B6816
:103A600003F00403002B10D07B681A697B4B9B6921
:103A700003F070039A4208D9784B9B6923F07002D7
:103A80007B681B69754913438B617B681B6803F076
:103A90000803002B10D07B685A69704BDB6903F078
:103AA00070039A4208D96D4BDB6923F070027B6882
:103AB0005B696A491343CB617B681B6803F01003A1
:103AC000002B10D07B689A69644BDB6903F4E063D8
:103AD0009A4208D9614BDB6923F4E0627B689B69F9
:103AE0005E491343CB617B681B6803F02003002B06
:103AF00010D07B68DA69594B1B6A03F070039A4255
:103B000008D9564B1B6A23F070027B68DB69534966
:103B100013430B627B681B6803F00203002B10D079
:103B20007B68DA684D4B9B6903F00F039A4208D912
:103B30004A4B9B6923F00F027B68DB6847491343BC
:103B40008B617B681B6803F00103002B55D0434B4E
:103B50009B6923F470627B689B68404913438B61C7
:103B60007B685B68022B07D13C4B1B6803F4003376
:103B7000002B21D10123F6E07B685B68032B07D182
:103B8000364B1B6803F00073002B15D10123EAE0CC
:103B90007B685B68012B07D1304B1B6803F4807393
:103BA000002B09D10123DEE02C4B1B6803F004033A
:103BB000002B01D10123D6E0284B1B6923F007021B
:103BC0007B685B68254913430B6106F025FD78612E
:103BD0000AE006F021FD02467B69D31A41F28832E1
:103BE000934201D90323BEE01C4B1B6903F038024A
:103BF0007B685B68DB009A42EBD17B681B6803F053
:103C00000203002B10D07B68DA68144B9B6903F029
:103C10000F039A4208D2114B9B6923F00F027B6875
:103C2000DB680E4913438B610B4B1B6803F00F03DA
:103C30003A689A4214D2084B1B6823F00F020649D7
:103C40003B6813430B60044B1B6803F00F033A6897
:103C50009A4205D0012386E0002000520044025819
:103C60007B681B6803F00403002B10D07B681A6983
:103C70003F4B9B6903F070039A4208D23C4B9B690F
:103C800023F070027B681B69394913438B617B68A1
:103C90001B6803F00803002B10D07B685A69344B73
:103CA000DB6903F070039A4208D2314BDB6923F0E1
:103CB00070027B685B692E491343CB617B681B688C
:103CC00003F01003002B10D07B689A69284BDB6946
:103CD00003F4E0639A4208D2254BDB6923F4E062E7
:103CE0007B689B6922491343CB617B681B6803F0A7
:103CF0002003002B10D07B68DA691D4B1B6A03F090
:103D000070039A4208D21A4B1B6A23F070027B6838
:103D1000DB69174913430B6200F034F80246144B79
:103D20009B691B0A03F00F031249CB5C03F01F03CE
:103D300022FA03F33B610E4B9B6903F00F030D4A1C
:103D4000D35C03F01F033A6922FA03F30A4A1360B3
:103D50000A4A3B6913600A4B1B68184620F012FDA3
:103D60000346FB73FB7B18461837BD4680BD00BF7A
:103D700000440258F8010508040000240000002453
:103D80000800002480B489B000AFB34B1B6903F076
:103D90003803182B00F2558101A252F823F000BF1E
:103DA000053E000843400008434000084340000827
:103DB00043400008434000084340000843400008D7
:103DC0002B3E0008434000084340000843400008E1
:103DD00043400008434000084340000843400008B7
:103DE000313E0008434000084340000843400008BB
:103DF0004340000843400008434000084340000897
:103E0000373E0008944B1B6803F02003002B09D0B9
:103E1000914B1B68DB0803F00303904A22FA03F37B
:103E2000BB6111E18D4BBB610EE18D4BBB610BE1C1
:103E30008C4BBB6108E1884B9B6A03F003037B61F9
:103E4000854B9B6A1B0903F03F033B61824BDB6A96
:103E500003F00103FB60804B5B6BDB08C3F30C03D7
:103E6000FA6802FB03F307EE903AF8EE677AC7EDC3
:103E7000027A3B69002B00F0E1807B69022B00F0A5
:103E800083807B69022B00F2A1807B69002B03D029
:103E90007B69012B56D099E06F4B1B6803F0200320
:103EA000002B2DD06C4B1B68DB0803F003036B4A1F
:103EB00022FA03F37B607B6807EE903AF8EE676ABC
:103EC0003B6907EE903AF8EE677A86EEA77A624B86
:103ED0001B6BC3F3080307EE903AF8EE676A97EDA1
:103EE000026ADFED615AC6EE257A76EEA77AF7EE22
:103EF000006A77EEA67A67EE277AC7ED077A87E041
:103F00003B6907EE903AF8EE677ADFED586A86EE85
:103F1000A77A514B1B6BC3F3080307EE903AF8EEF8
:103F2000676A97ED026ADFED505AC6EE257A76EEA3
:103F3000A77AF7EE006A77EEA67A67EE277AC7EDE2
:103F4000077A65E03B6907EE903AF8EE677ADFEDB5
:103F5000486A86EEA77A404B1B6BC3F3080307EE53
:103F6000903AF8EE676A97ED026ADFED3F5AC6EEC7
:103F7000257A76EEA77AF7EE006A77EEA67A67EEF4
:103F8000277AC7ED077A43E03B6907EE903AF8EEEF
:103F9000677ADFED386A86EEA77A2F4B1B6BC3F387
:103FA000080307EE903AF8EE676A97ED026ADFEDD4
:103FB0002E5AC6EE257A76EEA77AF7EE006A77EEED
:103FC000A67A67EE277AC7ED077A21E03B6907EE0C
:103FD000903AF8EE677ADFED266A86EEA77A1E4BF6
:103FE0001B6BC3F3080307EE903AF8EE676A97ED90
:103FF000026ADFED1D5AC6EE257A76EEA77AF7EE55
:10400000006A77EEA67A67EE277AC7ED077A00BFD7
:10401000114B1B6B5B0A03F07F0301333B603B6872
:1040200007EE903AB8EE677AD7ED076AC6EE877A60
:10403000FCEEE77A17EE903ABB6105E00023BB6126
:1040400002E0074BBB6100BFBB6918462437BD4681
:104050005DF8047B704700BF004402580090D00315
:1040600000093D0040787D01000000460024744CAA
:104070000024744A20BCBE4B80B582B000AFFFF76D
:1040800081FE0246104B9B691B0A03F00F030F4988
:10409000CB5C03F01F0322FA03F37B600A4B9B699E
:1040A00003F00F03094AD35C03F01F037A6822FA76
:1040B00003F3074A1360074A7B681360044B1B68CD
:1040C00018460837BD4680BD00440258F80105086F
:1040D000040000240000002480B500AFFFF7CCFFEF
:1040E0000246064BDB691B0903F007030449CB5C5E
:1040F00003F01F0322FA03F3184680BD0044025860
:10410000F801050880B500AFFFF7B6FF0246064B81
:10411000DB691B0A03F007030449CB5C03F01F03B0
:1041200022FA03F3184680BD00440258F80105083E
:1041300080B483B000AF786039607B683F221A603A
:104140001A4B1B6903F007027B685A60174B9B6987
:1041500003F470627B689A60144B9B6903F00F0252
:104160007B68DA60114B9B6903F070027B681A610F
:104170000E4BDB6903F070027B685A610B4BDB6905
:1041800003F4E0627B689A61084B1B6A03F07002DB
:104190007B68DA61064B1B6803F00F023B681A600C
:1041A00000BF0C37BD465DF8047B704700440258E1
:1041B000002000522DE9B04FCAB000AFC7F814017B
:1041C000002387F82731002387F82631D7F81431E8
:1041D000D3E9002302F00064002554EA050349D026
:1041E000D7F814319B6EB3F5401F2FD0B3F5401FA5
:1041F00028D8B3F5001F1AD0B3F5001F22D8002B22
:1042000003D0B3F5801F07D01CE0B84BDB6AB74A78
:1042100043F40033D3621AE0D7F814310833022193
:10422000184602F061FB034687F827310FE0D7F804
:10423000143128330221184602F008FC034687F89F
:10424000273104E0012387F8273100E000BF97F809
:104250002731002B0AD1A54B1B6D23F44011D7F851
:1042600014319B6EA14A0B43136503E097F8273185
:1042700087F82631D7F81431D3E9002302F4807887
:104280004FF0000958EA090347D0D7F814319B6D65
:10429000042B2AD801A252F823F000BFB142000833
:1042A000BF420008D5420008F3420008F34200086C
:1042B0008E4BDB6A8D4A43F40033D3621AE0D7F8A1
:1042C000143108330021184602F00EFB034687F82C
:1042D00027310FE0D7F8143128330021184602F0B7
:1042E000B5FB034687F8273104E0012387F827311F
:1042F00000E000BF97F82731002B0AD17B4B1B6DE4
:1043000023F00701D7F814319B6D784A0B431365EE
:1043100003E097F8273187F82631D7F81431D3E92D
:10432000002302F4007A4FF0000B5AEA0B034CD042
:10433000D7F81431DB6DB3F5807F30D0B3F5807FD3
:1043400029D8C02B2DD0C02B25D8802B18D0802B5E
:1043500021D8002B02D0402B07D01CE0634BDB6A36
:10436000624A43F40033D3621CE0D7F814310833B7
:104370000021184602F0B8FA034687F8273111E009
:10438000D7F8143128330021184602F05FFB0346AA
:1043900087F8273106E0012387F8273102E000BFC4
:1043A00000E000BF97F82731002B0AD14F4B1B6D5F
:1043B00023F4E071D7F81431DB6D4C4A0B431365DD
:1043C00003E097F8273187F82631D7F81431D3E97D
:1043D000002302F48063C7F808310023C7F80C31CA
:1043E000D7E942120B46134353D0D7F81431D3F810
:1043F000A830B3F5000F35D0B3F5000F2ED8B3F5C4
:10440000C00F31D0B3F5C00F28D8B3F5800F1AD044
:10441000B3F5800F22D8002B03D0B3F5001F07D0CF
:104420001CE0324BDB6A314A43F40033D3621CE0B8
:10443000D7F8143108330021184602F055FA034624
:1044400087F8273111E0D7F81431283300211846B6
:1044500002F0FCFA034687F8273106E0012387F8CB
:10446000273102E000BF00E000BF97F82731002BA2
:104470000BD11E4B9B6D23F46001D7F81431D3F898
:10448000A8301A4A0B43936503E097F8273187F861
:104490002631D7F81431D3E9002302F40063C7F8BA
:1044A00000310023C7F80431D7E940120B4613430B
:1044B00056D0D7F81431D3F8AC30B3F1806F38D080
:1044C000B3F1806F31D8B3F1407F34D0B3F1407F86
:1044D0002BD8B3F1007F1DD0B3F1007F25D8002B7E
:1044E00006D0B3F1807F0AD01FE000BF004402581D
:1044F000A24BDB6AA14A43F40033D3621CE0D7F835
:10450000143108330021184602F0EEF9034687F80B
:10451000273111E0D7F8143128330021184602F072
:1045200095FA034687F8273106E0012387F82731FB
:1045300002E000BF00E000BF97F82731002B0BD14D
:104540008E4B9B6D23F0E061D7F81431D3F8AC307B
:104550008A4A0B43936503E097F8273187F82631A1
:10456000D7F81431D3E9002302F00073C7F8F8300C
:104570000023C7F8FC30D7E93E120B4613433AD06C
:10458000D7F81431DB6C302B1FD0302B19D8202BEF
:104590000CD0202B15D8002B19D0102B11D1774B14
:1045A000DB6A764A43F40033D36211E0D7F8143162
:1045B00008330221184602F097F9034687F827319D
:1045C00006E0012387F8273102E000BF00E000BFCA
:1045D00097F82731002B0AD1684BDB6C23F03001B0
:1045E000D7F81431DB6C654A0B43D36403E097F8CA
:1045F000273187F82631D7F81431D3E9002302F4A4
:104600008053C7F8F0300023C7F8F430D7E93C12E4
:104610000B46134351D0D7F814311B6EB3F5804FBE
:1046200035D0B3F5804F2ED8B3F5405F31D0B3F518
:10463000405F28D8B3F5005F1AD0B3F5005F22D8E9
:10464000002B03D0B3F5805F07D01CE04B4BDB6A37
:104650004A4A43F40033D3621CE0D7F814310833DC
:104660000021184602F040F9034687F8273111E08F
:10467000D7F8143128330021184602F0E7F9034631
:1046800087F8273106E0012387F8273102E000BFD1
:1046900000E000BF97F82731002B0AD1374B1B6D84
:1046A00023F4E041D7F814311B6E344A0B431365F1
:1046B00003E097F8273187F82631D7F81431D3E98A
:1046C000002302F40053C7F8E8300023C7F8EC30A9
:1046D000D7E93A120B46134356D0D7F814315B6E24
:1046E000B3F5A02F33D0B3F5A02F2CD8B3F5802F7E
:1046F0002FD0B3F5802F26D8B3F5403F2BD0B3F59C
:10470000403F20D8B3F5003F12D0B3F5003F1AD890
:10471000002B22D0B3F5803F15D1D7F814310833E0
:104720000121184602F0E0F8034687F8273115E02A
:10473000D7F8143128330121184602F087F90346CF
:1047400087F827310AE0012387F8273106E000BF08
:1047500004E000BF02E000BF00E000BF97F827318F
:10476000002B0DD1054B1B6D23F4E021D7F814313C
:104770005B6E024A0B43136506E000BF004402581B
:1047800097F8273187F82631D7F81431D3E9002379
:1047900002F48043C7F8E0300023C7F8E430D7E9DB
:1047A00038120B46134355D0D7F81431D3F8B03034
:1047B000B3F1A04F33D0B3F1A04F2CD8B3F1804F59
:1047C0002FD0B3F1804F26D8B3F1405F2BD0B3F197
:1047D000405F20D8B3F1005F12D0B3F1005F1AD868
:1047E000002B22D0B3F1805F15D1D7F814310833F4
:1047F0000121184602F078F8034687F8273115E0C2
:10480000D7F8143128330121184602F01FF9034666
:1048100087F827310AE0012387F8273106E000BF37
:1048200004E000BF02E000BF00E000BF97F82731BE
:10483000002B0BD1A34B9B6D23F0E041D7F8143133
:10484000D3F8B0309F4A0B43936503E097F82731C4
:1048500087F82631D7F81431D3E9002302F4004356
:10486000C7F8D8300023C7F8DC30D7E936120B463A
:10487000134337D0D7F814311B6FB3F1005F0ED05C
:10488000B3F1005F16D8002B18D0B3F1805F11D1BF
:104890008C4BDB6A8B4A43F40033D3620FE0D7F8CA
:1048A000143108330121184602F01EF8034687F838
:1048B000273104E0012387F8273100E000BF97F893
:1048C0002731002B0AD17F4B1B6D23F04051D7F8C5
:1048D00014311B6F7B4A0B43136503E097F82731B4
:1048E00087F82631D7F81431D3E9002302F080731A
:1048F000C7F8D0300023C7F8D430D7E934120B46BC
:10490000134339D0D7F814319B6C032B1CD801A268
:1049100052F823F05149000825490008334900089E
:1049200051490008674BDB6A664A43F40033D3629F
:104930000FE0D7F8143108330221184601F0D4FFF4
:10494000034687F8273104E0012387F8273100E088
:1049500000BF97F82731002B0AD15A4BDB6C23F0AC
:104960000301D7F814319B6C564A0B43D36403E020
:1049700097F8273187F82631D7F81431D3E9002387
:1049800002F48003C7F8C8300023C7F8CC30D7E959
:1049900032120B46134300F09F804B4B1B684A4A70
:1049A00043F48073136005F037FEC7F820010BE075
:1049B00005F032FE0246D7F82031D31A642B03D912
:1049C000032387F8273105E03F4B1B6803F480730E
:1049D000002BEDD097F82731002B79D1394B1A6F86
:1049E000D7F81431D3F8B430534003F44073002B9C
:1049F00015D0344B1B6F23F44073C7F81C31314B77
:104A00001B6F304A43F4803313672E4B1B6F2D4AC4
:104A100023F4803313672B4AD7F81C311367D7F878
:104A20001431D3F8B430B3F5807F18D105F0F4FD1C
:104A3000C7F820010DE005F0EFFD0246D7F8203160
:104A4000D21A41F288339A4203D9032387F82731D7
:104A500005E01C4B1B6F03F00203002BEBD097F813
:104A60002731002B29D1D7F81431D3F8B43003F40F
:104A70004073B3F5407F0ED1124B1B6923F47C5178
:104A8000D7F81431D3F8B4301A09104B13400D4A3B
:104A90000B43136105E00B4B1B690A4A23F47C535B
:104AA0001361084B196FD7F81431D3F8B430C3F33E
:104AB0000B03044A0B4313670EE097F8273187F87E
:104AC000263109E00044025800480258CFFFFF0099
:104AD00097F8273187F82631D7F81431D3E9002326
:104AE00002F00103C7F8C0300023C7F8C430D7E98B
:104AF00030120B46134300F08980D7F81431DB6F76
:104B0000282B6BD801A252F823F000BFE54B000818
:104B1000DD4B0008DD4B0008DD4B0008DD4B0008D5
:104B2000DD4B0008DD4B0008DD4B0008B14B0008F1
:104B3000DD4B0008DD4B0008DD4B0008DD4B0008B5
:104B4000DD4B0008DD4B0008DD4B0008C74B0008BB
:104B5000DD4B0008DD4B0008DD4B0008DD4B000895
:104B6000DD4B0008DD4B0008DD4B0008E54B00087D
:104B7000DD4B0008DD4B0008DD4B0008DD4B000875
:104B8000DD4B0008DD4B0008DD4B0008E54B00085D
:104B9000DD4B0008DD4B0008DD4B0008DD4B000855
:104BA000DD4B0008DD4B0008DD4B0008E54B00083D
:104BB000D7F8143108330121184601F095FE034659
:104BC00087F827310FE0D7F8143128330121184630
:104BD00001F03CFF034687F8273104E0012387F802
:104BE000273100E000BF97F82731002B0AD1BF4BD7
:104BF0005B6D23F03801D7F81431DB6FBB4A0B43F0
:104C0000536503E097F8273187F82631D7F8143138
:104C1000D3E9002302F00203C7F8B8300023C7F835
:104C2000BC30D7E92E120B46134341D0D7F81431CC
:104C30009B6F052B24D801A252F823F0894C000861
:104C4000554C00086B4C0008894C0008894C000842
:104C5000894C0008D7F8143108330121184601F0B7
:104C600043FE034687F827310FE0D7F81431283385
:104C70000121184601F0EAFE034687F8273104E0D7
:104C8000012387F8273100E000BF97F82731002B78
:104C90000AD1964B5B6D23F00701D7F814319B6F57
:104CA000924A0B43536503E097F8273187F8263182
:104CB000D7F81431D3E9002302F00403C7F8B03069
:104CC0000023C7F8B430D7E92C120B46134344D065
:104CD000D7F81431D3F89430052B25D801A252F817
:104CE00023F000BF314D0008FD4C0008134D0008B3
:104CF000314D0008314D0008314D0008D7F814310E
:104D000008330121184601F0EFFD034687F82731EB
:104D10000FE0D7F8143128330121184601F096FE30
:104D2000034687F8273104E0012387F8273100E0A4
:104D300000BF97F82731002B0BD16C4B9B6D23F0F4
:104D40000701D7F81431D3F89430684A0B439365C0
:104D500003E097F8273187F82631D7F81431D3E9E3
:104D6000002302F02003C7F8A8300023C7F8AC30B6
:104D7000D7E92A120B46134355D0D7F81431D3F88C
:104D80009030B3F1A04F33D0B3F1A04F2CD8B3F192
:104D9000804F2FD0B3F1804F26D8B3F1405F2BD096
:104DA000B3F1405F20D8B3F1005F12D0B3F1005FE0
:104DB0001AD8002B22D0B3F1805F15D1D7F8143167
:104DC00008330021184601F08FFD034687F827318C
:104DD00015E0D7F8143128330221184601F036FEC9
:104DE000034687F827310AE0012387F8273106E0D8
:104DF00000BF04E000BF02E000BF00E000BF97F882
:104E00002731002B0BD1394B5B6D23F0E041D7F8F4
:104E10001431D3F89030354A0B43536503E097F8CB
:104E2000273187F82631D7F81431D3E9002302F06F
:104E30004003C7F8A0300023C7F8A430D7E92812F0
:104E40000B46134358D0D7F81431D3F89C30B3F540
:104E5000A05F33D0B3F5A05F2CD8B3F5805F2FD01F
:104E6000B3F5805F26D8B3F5406F2BD0B3F5406F14
:104E700020D8B3F5006F12D0B3F5006F1AD8002B0D
:104E800022D0B3F5806F15D1D7F814310833002143
:104E9000184601F029FD034687F8273115E0D7F8B9
:104EA000143128330221184601F0D0FD034687F85B
:104EB00027310AE0012387F8273106E000BF04E02C
:104EC00000BF02E000BF00E000BF97F82731002BD1
:104ED0000ED1064B9B6D23F4E051D7F81431D3F873
:104EE0009C30024A0B43936506E000BF0044025821
:104EF00097F8273187F82631D7F81431D3E9002302
:104F000002F08003C7F898300023C7F89C30D7E937
:104F100026120B46134355D0D7F81431D3F8A030DE
:104F2000B3F5204F33D0B3F5204F2CD8B3F5004F55
:104F30002FD0B3F5004F26D8B3F5C04F2BD0B3F523
:104F4000C04F20D8B3F5804F12D0B3F5804F1AD898
:104F5000002B22D0B3F5005F15D1D7F814310833F8
:104F60000021184601F0C0FC034687F8273115E000
:104F7000D7F8143128330221184601F067FD0346A3
:104F800087F827310AE0012387F8273106E000BFC0
:104F900004E000BF02E000BF00E000BF97F8273147
:104FA000002B0BD1A14B9B6D23F46041D7F814313A
:104FB000D3F8A0309D4A0B43936503E097F827315F
:104FC00087F82631D7F81431D3E9002302F008031B
:104FD000C7F890300023C7F89430D7E924120B4665
:104FE00013431ED0D7F81431D3F88430B3F5805F63
:104FF0000CD1D7F8143128330221184601F026FDD0
:105000000346002B02D0012387F82631874B5B6DC6
:1050100023F44051D7F81431D3F88430834A0B433A
:105020005365D7F81431D3E9002302F01003C7F811
:1050300088300023C7F88C30D7E922120B4613437F
:105040001ED0D7F81431D3F89830B3F5807F0CD147
:10505000D7F8143128330221184601F0F7FC034633
:10506000002B02D0012387F82631704B9B6D23F46F
:105070004071D7F81431D3F898306C4A0B439365DC
:10508000D7F81431D3E9002302F40023C7F88030A5
:105090000023C7F88430D7E920120B4613433ED0D3
:1050A000D7F81431D3F8A430B3F5003F22D0B3F5CC
:1050B000003F1BD8002B03D0B3F5803F0BD015E089
:1050C000D7F8143108330021184601F00DFC0346CF
:1050D00087F827310FE0D7F814312833022118461A
:1050E00001F0B4FC034687F8273104E0012387F878
:1050F000273100E000BF97F82731002B0BD14B4B35
:105100009B6D23F44031D7F81431D3F8A430474ACB
:105110000B43936503E097F8273187F82631D7F8DA
:105120001431D3E9002302F48023BB670023FB671B
:10513000D7E91E120B4613433BD0D7F81431D3F8EE
:105140008830B3F5401F1FD0B3F5401F18D8B3F512
:10515000801F03D0B3F5001F07D011E0334BDB6A8B
:10516000324A43F40033D3620FE0D7F814312833C6
:105170000121184601F06AFC034687F8273104E054
:10518000012387F8273100E000BF97F82731002B73
:105190000BD1264B5B6D23F44011D7F81431D3F8B3
:1051A0008830224A0B43536503E097F8273187F88C
:1051B0002631D7F81431D3E9002302F480333B675A
:1051C00000237B67D7E91C120B46134334D0D7F872
:1051D00014311B6D002B03D0B3F5803F07D011E0D5
:1051E000124BDB6A114A43F40033D3620EE0D7F866
:1051F000143108330221184601F076FB034687F884
:10520000273103E0012387F8273100BF97F82731C2
:10521000002B0DD1054BDB6C23F48031D7F8143112
:105220001B6D024A0B43D36406E000BF00440258E2
:1052300097F8273187F82631D7F81431D3E90023BE
:1052400002F00053BB660023FB66D7E91A120B4637
:1052500013430CD0D7F8143128330221184601F03B
:10526000F5FB0346002B02D0012387F82631D7F83F
:105270001431D3E9002302F400333B6600237B663C
:10528000D7E918120B46134338D0D7F81431D3F8A6
:105290008030B3F5407F18D0B3F5407F11D8B3F517
:1052A000007F14D0B3F5007F0BD8002B11D0B3F5DD
:1052B000807F06D1C34BDB6AC24A43F40033D3621A
:1052C00008E0012387F8273104E000BF02E000BFB7
:1052D00000E000BF97F82731002B0BD1B94B5B6D75
:1052E00023F44071D7F81431D3F88030B54A0B431A
:1052F000536503E097F8273187F82631D7F8143142
:10530000D3E9002302F48013BB650023FB65D7E9D2
:1053100016120B46134309D0AA4B1B6D23F0004114
:10532000D7F814315B6FA74A0B431365D7F81431D4
:10533000D3E9002302F080533B6500237B65D7E966
:1053400014120B4613430AD09E4B1B6923F4804171
:10535000D7F81431D3F8B8309A4A0B431361D7F811
:105360001431D3E9002302F40013BB640023FB646F
:10537000D7E912120B46134309D0924B1B6D23F051
:105380008071D7F81431DB6E8E4A0B431365D7F862
:105390001431D3E9002302F080433B6400237B6493
:1053A000D7E910120B4613430ED0864B1B69854A72
:1053B00023F400431361834B1969D7F81431D3F8F0
:1053C000BC30804A0B431361D7F81431D3E9002372
:1053D00002F00043BB630023FB63D7E90E120B46C8
:1053E000134309D0774BDB6C23F04051D7F81431CD
:1053F0005B6D744A0B43D364D7F81431D3E90023AF
:1054000002F400033B6300237B63D7E90C120B46D5
:1054100013430AD06B4B5B6D23F44001D7F8143172
:10542000D3F88C30674A0B435365D7F81431D3E96E
:1054300000230021B96203F00103FB62D7E90A12DD
:105440000B46134311D0D7F8143108330021184606
:1054500001F04AFA034687F8273197F82731002BE5
:1054600003D097F8273187F82631D7F81431D3E9DC
:1054700000230021396203F002037B62D7E908129E
:105480000B46134311D0D7F81431083301211846C5
:1054900001F02AFA034687F8273197F82731002BC5
:1054A00003D097F8273187F82631D7F81431D3E99C
:1054B00000230021B96103F00403FB61D7E9061260
:1054C0000B46134311D0D7F8143108330221184684
:1054D00001F00AFA034687F8273197F82731002BA5
:1054E00003D097F8273187F82631D7F81431D3E95C
:1054F00000230021396103F008037B61D7E904121E
:105500000B46134311D0D7F8143128330021184625
:1055100001F09CFA034687F8273197F82731002BD2
:1055200003D097F8273187F82631D7F81431D3E91B
:1055300000230021B96003F01003FB60D7E90212D9
:105540000B46134311D0D7F81431283301211846E4
:1055500001F07CFA034687F8273197F82731002BB2
:1055600003D097F8273187F82631D7F81431D3E9DB
:1055700000230021396003F020037B60D7E900128B
:105580000B46134311D0D7F81431283302211846A3
:1055900001F05CFA034687F8273197F82731002B92
:1055A00003D097F8273187F8263197F82631002B5A
:1055B00001D1002300E00123184607F59477BD468A
:1055C000BDE8B08F0044025880B590B000AFC7E985
:1055D0000001D7E90023A2F580710B4340F09480CD
:1055E0009E4B1B6D03F007033B633B6B042B00F2E8
:1055F000878001A252F823F00D56000835560008A6
:105600005D560008F956000885560008934B1B6844
:1056100003F00073B3F1007F08D107F124031846AB
:1056200001F010F8BB6AFB6300F045BD0023FB638B
:1056300000F041BD894B1B6803F00063B3F1006FBC
:1056400008D107F11803184600F054FDBB69FB634D
:1056500000F031BD0023FB6300F02DBD7F4B1B68C4
:1056600003F00053B3F1005F08D107F10C031846B3
:1056700000F094FEFB68FB6300F01DBD0023FB639C
:1056800000F019BD754BDB6C03F040537B63734B2B
:105690001B6803F00403042B0CD17B6B002B09D196
:1056A0006E4B1B68DB0803F003036D4A22FA03F319
:1056B000FB631FE0694B1B6803F48073B3F5807FC5
:1056C00006D17B6BB3F1805F02D1664BFB6311E0C7
:1056D000624B1B6803F40033B3F5003F06D17B6BCC
:1056E000B3F1005F02D1604BFB6303E00023FB6377
:1056F00000F0E1BC00F0DFBC5C4BFB6300F0DBBC06
:105700000023FB6300F0D7BCD7E90023A2F50071AA
:105710000B4340F0AD80514B1B6D03F4E0733B63D2
:105720003B6BB3F5807F56D03B6BB3F5807F00F2C7
:1057300090803B6BC02B00F088803B6BC02B00F24D
:1057400088803B6B802B32D03B6B802B00F28180BA
:105750003B6B002B03D03B6B402B14D079E03F4BCD
:105760001B6803F00073B3F1007F08D107F1240335
:10577000184600F067FFBB6AFB6300F09CBC002387
:10578000FB6300F098BC354B1B6803F00063B3F17A
:10579000006F08D107F11803184600F0ABFCBB6995
:1057A000FB6300F088BC0023FB6300F084BC2B4B40
:1057B0001B6803F00053B3F1005F08D107F10C033D
:1057C000184600F0EBFDFB68FB6300F074BC00239F
:1057D000FB6300F070BC214BDB6C03F040537B6338
:1057E0001E4B1B6803F00403042B0CD17B6B002BB6
:1057F00009D11A4B1B68DB0803F00303184A22FA8D
:1058000003F3FB631FE0154B1B6803F48073B3F5D0
:10581000807F06D17B6BB3F1805F02D1114BFB63BC
:1058200011E00E4B1B6803F40033B3F5003F06D1C3
:105830007B6BB3F1005F02D10B4BFB6303E00023F2
:10584000FB6300F038BC00F036BC084BFB6300F093
:1058500032BC0023FB6300F02EBC00BF00440258A2
:105860000090D00300093D0040787D010080BB001E
:10587000D7E90023A2F580610B4340F09C809E4B4A
:105880009B6D03F460033B633B6BB3F5000F54D097
:105890003B6BB3F5000F00F28B803B6BB3F5C00F91
:1058A00000F083803B6BB3F5C00F00F281803B6B4F
:1058B000B3F5800F2FD03B6BB3F5800F78D83B6BDF
:1058C000002B04D03B6BB3F5001F12D070E08A4B65
:1058D0001B6803F00073B3F1007F07D107F12403C5
:1058E000184600F0AFFEBB6AFB63E4E30023FB63F2
:1058F000E1E3814B1B6803F00063B3F1006F07D154
:1059000007F11803184600F0F5FBBB69FB63D2E30F
:105910000023FB63CFE3784B1B6803F00053B3F124
:10592000005F07D107F10C03184600F037FDFB6854
:10593000FB63C0E30023FB63BDE36F4BDB6C03F051
:1059400040537B636C4B1B6803F00403042B0CD1A6
:105950007B6B002B09D1684B1B68DB0803F003034A
:10596000664A22FA03F3FB631EE0634B1B6803F4F1
:105970008073B3F5807F06D17B6BB3F1805F02D17A
:105980005F4BFB6310E05C4B1B6803F40033B3F523
:10599000003F06D17B6BB3F1005F02D1594BFB6333
:1059A00002E00023FB6386E385E3574BFB6382E35E
:1059B0000023FB637FE3D7E90023A2F500610B43DB
:1059C00040F0A7804C4B9B6D03F0E0633B633B6B67
:1059D000B3F1806F55D03B6BB3F1806F00F29680CE
:1059E0003B6BB3F1407F00F084803B6BB3F1407FB1
:1059F00000F28C803B6BB3F1007F30D03B6BB3F196
:105A0000007F00F283803B6B002B04D03B6BB3F133
:105A1000807F12D07AE0384B1B6803F00073B3F13B
:105A2000007F07D107F12403184600F00BFEBB6A84
:105A3000FB6340E30023FB633DE32F4B1B6803F054
:105A40000063B3F1006F07D107F11803184600F0A7
:105A500051FBBB69FB632EE30023FB632BE3264B67
:105A60001B6803F00053B3F1005F07D107F10C038B
:105A7000184600F093FCFB68FB631CE30023FB6308
:105A800019E31D4BDB6C03F040537B631A4B1B681F
:105A900003F00403042B0CD17B6B002B09D1164BB4
:105AA0001B68DB0803F00303144A22FA03F3FB63C9
:105AB0001EE0114B1B6803F48073B3F5807F06D1A1
:105AC0007B6BB3F1805F02D10D4BFB6310E00A4B9F
:105AD0001B6803F40033B3F5003F06D17B6BB3F1D1
:105AE000005F02D1074BFB6302E00023FB63E2E2AD
:105AF000E1E2054BFB63DEE2004402580090D00374
:105B000000093D0040787D010080BB000023FB635D
:105B1000D1E2D7E90023A2F580510B4340F09C80ED
:105B2000934B1B6D03F4E043BB63BB6BB3F5804F3A
:105B300054D0BB6BB3F5804F00F28B80BB6BB3F5D9
:105B4000405F00F08380BB6BB3F5405F00F2818063
:105B5000BB6BB3F5005F2FD0BB6BB3F5005F78D89C
:105B6000BB6B002B04D0BB6BB3F5805F12D070E031
:105B70007F4B1B6803F00073B3F1007F07D107F17F
:105B80002403184600F05EFDBB6AFB6393E200232A
:105B9000FB6390E2764B1B6803F00063B3F1006F88
:105BA00007D107F11803184600F0A4FABB69FB639C
:105BB00081E20023FB637EE26D4B1B6803F0005320
:105BC000B3F1005F07D107F10C03184600F0E6FBC4
:105BD000FB68FB636FE20023FB636CE2644BDB6CEE
:105BE00003F040537B63624B1B6803F00403042BF8
:105BF0000CD17B6B002B09D15D4B1B68DB0803F0DC
:105C000003035C4A22FA03F3FB631EE0584B1B6854
:105C100003F48073B3F5807F06D17B6BB3F1805FB3
:105C200002D1554BFB6310E0514B1B6803F400336A
:105C3000B3F5003F06D17B6BB3F1005F02D14F4B50
:105C4000FB6302E00023FB6335E234E24C4BFB6371
:105C500031E20023FB632EE2D7E90023A2F50051D5
:105C60000B4340F08F80424B1B6D03F4E023BB637A
:105C7000BB6BB3F5A02F6BD0BB6BB3F5A02F74D863
:105C8000BB6BB3F5802F56D0BB6BB3F5802F6CD8B0
:105C9000BB6BB3F5403F3BD0BB6BB3F5403F64D823
:105CA000BB6BB3F5003F21D0BB6BB3F5003F5CD8B5
:105CB000BB6B002B04D0BB6BB3F5803F04D054E02A
:105CC000FEF70AFAF863F6E1294B1B6803F000635C
:105CD000B3F1006F07D107F11803184600F00AFA74
:105CE000FB69FB63E7E10023FB63E4E1204B1B68F6
:105CF00003F00053B3F1005F07D107F10C0318461E
:105D000000F04CFB3B69FB63D5E10023FB63D2E170
:105D1000174B1B6803F00403042B09D1144B1B68B9
:105D2000DB0803F00303134A22FA03F3FB63C2E127
:105D30000023FB63BFE10E4B1B6803F48073B3F5D4
:105D4000807F02D10C4BFB63B5E10023FB63B2E122
:105D5000074B1B6803F40033B3F5003F02D1074B38
:105D6000FB63A8E10023FB63A5E10023FB63A2E141
:105D7000004402580090D00300093D0040787D01A6
:105D80000080BB00D7E90023A2F500210B4373D1AB
:105D90009C4B9B6D03F44033BB63BB6BB3F5003F7F
:105DA0002FD0BB6BB3F5003F63D8BB6B002B04D087
:105DB000BB6BB3F5803F12D05BE0924B1B6803F0E6
:105DC0000063B3F1006F07D107F11803184600F024
:105DD00091F9BB69FB636EE10023FB636BE1894BC7
:105DE0001B6803F00053B3F1005F07D107F10C0308
:105DF000184600F0D3FA7B69FB635CE10023FB6388
:105E000059E1804BDB6C03F040537B637D4B1B6897
:105E100003F00403042B0CD17B6B002B09D1794BCD
:105E20001B68DB0803F00303774A22FA03F3FB63E2
:105E30001EE0744B1B6803F48073B3F5807F06D1BA
:105E40007B6BB3F1805F02D1704BFB6310E06D4B55
:105E50001B6803F40033B3F5003F06D17B6BB3F14D
:105E6000005F02D16A4BFB6302E00023FB6322E187
:105E700021E10023FB631EE1D7E90023A2F5803175
:105E80000B4333D15F4BDB6C03F48033BB63BB6BE1
:105E9000002B04D0BB6BB3F5803F12D023E0594BED
:105EA0001B6803F00073B3F1007F07D107F12403EF
:105EB000184600F0C7FBBB6AFB63FCE00023FB63F2
:105EC000F9E0504B1B6803F00063B3F1006F07D19A
:105ED00007F11803184600F00DF93B6AFB63EAE08E
:105EE0000023FB63E7E00023FB63E4E0D7E9002342
:105EF000A2F580410B4340F08D80424B9B6D03F037
:105F0000E043BB63BB6BB3F1A04F6BD0BB6BB3F192
:105F1000A04F74D8BB6BB3F1804F56D0BB6BB3F1BD
:105F2000804F6CD8BB6BB3F1405F3BD0BB6BB3F120
:105F3000405F64D8BB6BB3F1005F21D0BB6BB3F1A2
:105F4000005F5CD8BB6B002B04D0BB6BB3F1805FF0
:105F500004D054E000F0B8F8F863ACE0294B1B68BB
:105F600003F00063B3F1006F07D107F1180318467F
:105F700000F0C0F8FB69FB639DE00023FB639AE03F
:105F8000204B1B6803F00053B3F1005F07D107F10A
:105F90000C03184600F002FA3B69FB638BE0002318
:105FA000FB6388E0174B1B6803F00403042B09D143
:105FB000144B1B68DB0803F00303134A22FA03F3B4
:105FC000FB6378E00023FB6375E00E4B1B6803F472
:105FD0008073B3F5807F02D10C4BFB636BE0002331
:105FE000FB6368E0074B1B6803F40033B3F5003F25
:105FF00002D1074BFB635EE00023FB635BE0002301
:10600000FB6358E0004402580090D00300093D00B3
:1060100040787D01D7E90023A2F500410B4348D128
:10602000274B1B6D03F04053BB63BB6BB3F1005FA9
:106030002AD0BB6BB3F1005F38D8BB6B002B04D008
:10604000BB6BB3F1805F0DD030E01D4B1B6803F4D8
:106050000033B3F5003F02D11A4BFB632BE0002362
:10606000FB6328E0164B1B6803F00073B3F1007F5D
:1060700007D107F12403184600F0E4FABB6AFB637A
:1060800019E00023FB6316E00D4B1B6803F000636F
:10609000B3F1006F07D107F11803184600F02AF892
:1060A000FB69FB6307E00023FB6304E00023FB6361
:1060B00001E00023FB63FB6B18464037BD4680BD03
:1060C0000044025840787D0180B500AFFDF7D4FF51
:1060D0000246064B1B6A1B0903F007030449CB5C0D
:1060E00003F01F0322FA03F3184680BD0044025850
:1060F000F801050880B489B000AF7860A14B9B6AB5
:1061000003F00303BB619F4B9B6A1B0B03F03F0330
:106110007B619C4BDB6A1B0903F001033B61994BDC
:10612000DB6BDB08C3F30C033A6902FB03F307EEF6
:10613000903AF8EE677AC7ED037A7B69002B00F09E
:106140001181BB69022B00F08380BB69022B00F236
:10615000A180BB69002B03D0BB69012B56D099E00D
:10616000884B1B6803F02003002B2DD0854B1B6848
:10617000DB0803F00303844A22FA03F3BB60BB6825
:1061800007EE903AF8EE676A7B6907EE903AF8EE10
:10619000677A86EEA77A7B4B9B6BC3F3080307EE07
:1061A000903AF8EE676A97ED036ADFED785AC6EE2B
:1061B000257A76EEA77AF7EE006A77EEA67A67EE92
:1061C000277AC7ED077A87E07B6907EE903AF8EE09
:1061D000677ADFED6F6A86EEA77A6A4B9B6BC3F333
:1061E000080307EE903AF8EE676A97ED036ADFED71
:1061F000675AC6EE257A76EEA77AF7EE006A77EE52
:10620000A67A67EE277AC7ED077A65E07B6907EE25
:10621000903AF8EE677ADFED5F6A86EEA77A594B1F
:106220009B6BC3F3080307EE903AF8EE676A97EDAD
:10623000036ADFED565AC6EE257A76EEA77AF7EEB8
:10624000006A77EEA67A67EE277AC7ED077A43E011
:106250007B6907EE903AF8EE677ADFED4F6A86EEDB
:10626000A77A484B9B6BC3F3080307EE903AF8EE0E
:10627000676A97ED036ADFED455AC6EE257A76EE3A
:10628000A77AF7EE006A77EEA67A67EE277AC7ED6F
:10629000077A21E07B6907EE903AF8EE677ADFED46
:1062A0003D6A86EEA77A374B9B6BC3F3080307EE74
:1062B000903AF8EE676A97ED036ADFED345AC6EE5E
:1062C000257A76EEA77AF7EE006A77EEA67A67EE81
:1062D000277AC7ED077A00BF2A4B9B6B5B0A03F056
:1062E0007F0307EE903AF8EE677AB7EE007A37EE62
:1062F000877AD7ED076AC6EE877AFCEEE77A17EE63
:10630000902A7B681A601F4B9B6B1B0C03F07F036A
:1063100007EE903AF8EE677AB7EE007A37EE877AB2
:10632000D7ED076AC6EE877AFCEEE77A17EE902A79
:106330007B685A60134B9B6B1B0E03F07F0307EEC9
:10634000903AF8EE677AB7EE007A37EE877AD7EDB3
:10635000076AC6EE877AFCEEE77A17EE902A7B682A
:106360009A6008E07B6800221A607B6800225A600D
:106370007B6800229A6000BF2437BD465DF8047B2D
:10638000704700BF004402580090D0030000004650
:106390000024744C0024744A20BCBE4B80B489B0E5
:1063A00000AF7860A14B9B6A03F00303BB619F4B76
:1063B0009B6A1B0D03F03F037B619C4BDB6A1B0A4E
:1063C00003F001033B61994B5B6CDB08C3F30C03E7
:1063D0003A6902FB03F307EE903AF8EE677AC7EDED
:1063E000037A7B69002B00F01181BB69022B00F05E
:1063F0008380BB69022B00F2A180BB69002B03D014
:10640000BB69012B56D099E0884B1B6803F0200331
:10641000002B2DD0854B1B68DB0803F00303844A57
:1064200022FA03F3BB60BB6807EE903AF8EE676AA6
:106430007B6907EE903AF8EE677A86EEA77A7B4B97
:106440001B6CC3F3080307EE903AF8EE676A97ED0A
:10645000036ADFED785AC6EE257A76EEA77AF7EE74
:10646000006A77EEA67A67EE277AC7ED077A87E0AB
:106470007B6907EE903AF8EE677ADFED6F6A86EE99
:10648000A77A6A4B1B6CC3F3080307EE903AF8EE49
:10649000676A97ED036ADFED675AC6EE257A76EEF6
:1064A000A77AF7EE006A77EEA67A67EE277AC7ED4D
:1064B000077A65E07B6907EE903AF8EE677ADFEDE0
:1064C0005F6A86EEA77A594B1B6CC3F3080307EE8D
:1064D000903AF8EE676A97ED036ADFED565AC6EE1A
:1064E000257A76EEA77AF7EE006A77EEA67A67EE5F
:1064F000277AC7ED077A43E07B6907EE903AF8EE1A
:10650000677ADFED4F6A86EEA77A484B1B6CC3F3C0
:10651000080307EE903AF8EE676A97ED036ADFED3D
:10652000455AC6EE257A76EEA77AF7EE006A77EE40
:10653000A67A67EE277AC7ED077A21E07B6907EE36
:10654000903AF8EE677ADFED3D6A86EEA77A374B30
:106550001B6CC3F3080307EE903AF8EE676A97EDF9
:10656000036ADFED345AC6EE257A76EEA77AF7EEA7
:10657000006A77EEA67A67EE277AC7ED077A00BF42
:106580002A4B1B6C5B0A03F07F0307EE903AF8EE90
:10659000677AB7EE007A37EE877AD7ED076AC6EEEC
:1065A000877AFCEEE77A17EE902A7B681A601F4B19
:1065B0001B6C1B0C03F07F0307EE903AF8EE677A32
:1065C000B7EE007A37EE877AD7ED076AC6EE877A9C
:1065D000FCEEE77A17EE902A7B685A60134B1B6C2F
:1065E0001B0E03F07F0307EE903AF8EE677AB7EEE2
:1065F000007A37EE877AD7ED076AC6EE877AFCEE27
:10660000E77A17EE902A7B689A6008E07B680022A0
:106610001A607B6800225A607B6800229A6000BF83
:106620002437BD465DF8047B704700BF0044025824
:106630000090D003000000460024744C0024744AEB
:1066400020BCBE4B80B489B000AF7860A04B9B6A81
:1066500003F00303BB619E4B9B6A1B0903F03F03DE
:106660007B619B4BDB6A03F001033B61984B5B6BE7
:10667000DB08C3F30C033A6902FB03F307EE903A1D
:10668000F8EE677AC7ED037A7B69002B00F0118181
:10669000BB69022B00F08380BB69022B00F2A18052
:1066A000BB69002B03D0BB69012B56D099E0884B06
:1066B0001B6803F02003002B2DD0854B1B68DB08E3
:1066C00003F00303834A22FA03F3BB60BB6807EEBF
:1066D000903AF8EE676A7B6907EE903AF8EE677ACF
:1066E00086EEA77A7A4B1B6BC3F3080307EE903A4A
:1066F000F8EE676A97ED036ADFED775AC6EE257A02
:1067000076EEA77AF7EE006A77EEA67A67EE277A3A
:10671000C7ED077A87E07B6907EE903AF8EE677A73
:10672000DFED6E6A86EEA77A694B1B6BC3F3080335
:1067300007EE903AF8EE676A97ED036ADFED665A66
:10674000C6EE257A76EEA77AF7EE006A77EEA67A9D
:1067500067EE277AC7ED077A65E07B6907EE903A26
:10676000F8EE677ADFED5E6A86EEA77A584B1B6B10
:10677000C3F3080307EE903AF8EE676A97ED036AF1
:10678000DFED555AC6EE257A76EEA77AF7EE006A67
:1067900077EEA67A67EE277AC7ED077A43E07B6942
:1067A00007EE903AF8EE677ADFED4E6A86EEA77A4A
:1067B000474B1B6BC3F3080307EE903AF8EE676A8A
:1067C00097ED036ADFED445AC6EE257A76EEA77A96
:1067D000F7EE006A77EEA67A67EE277AC7ED077ABA
:1067E00021E07B6907EE903AF8EE677ADFED3B6ACD
:1067F00086EEA77A364B1B6BC3F3080307EE903A7D
:10680000F8EE676A97ED036ADFED335AC6EE257A34
:1068100076EEA77AF7EE006A77EEA67A67EE277A29
:10682000C7ED077A00BF2A4B1B6B5B0A03F07F039F
:1068300007EE903AF8EE677AB7EE007A37EE877A8D
:10684000D7ED076AC6EE877AFCEEE77A17EE902A54
:106850007B681A601E4B1B6B1B0C03F07F0307EE5B
:10686000903AF8EE677AB7EE007A37EE877AD7ED8E
:10687000076AC6EE877AFCEEE77A17EE902A7B6805
:106880005A60134B1B6B1B0E03F07F0307EE903A0D
:10689000F8EE677AB7EE007A37EE877AD7ED076AB7
:1068A000C6EE877AFCEEE77A17EE902A7B689A604C
:1068B00008E07B6800221A607B6800225A607B68CF
:1068C00000229A6000BF2437BD465DF8047B704704
:1068D000004402580090D003000000460024744C8D
:1068E0000024744A20BCBE4B80B584B000AF7860F1
:1068F00039600023FB73534B9B6A03F00303032BA4
:1069000001D1012399E04F4B1B684E4A23F080636D
:10691000136003F081FEB86008E003F07DFE0246DC
:10692000BB68D31A022B01D9032386E0454B1B68B1
:1069300003F00063002BF0D1424B9B6A23F47C32BE
:106940007B681B681B033F4913438B627B685B6852
:10695000013BC3F308027B689B68013B5B029BB26F
:106960001A437B68DB68013B1B0403F4FE031A43F4
:106970007B681B69013B1B0603F0FE43314913434F
:106980008B63304BDB6A23F0C0027B685B692D4967
:106990001343CB622B4BDB6A23F020027B689B699D
:1069A00028491343CB62274BDB6A264A23F01003A6
:1069B000D362244BDA6B244B13407A68D269D2003D
:1069C00020491343CB631F4BDB6A1E4A43F010037D
:1069D000D3623B68002B06D11A4BDB6A194A43F499
:1069E0000023D3620FE03B68012B06D1154BDB6A15
:1069F000144A43F48013D36205E0124BDB6A114A58
:106A000043F40013D3620F4B1B680E4A43F08063BC
:106A1000136003F001FEB86008E003F0FDFD0246DC
:106A2000BB68D31A022B01D9032306E0054B1B6870
:106A300003F00063002BF0D0FB7B18461037BD46F7
:106A400080BD00BF004402580700FFFF80B584B03E
:106A500000AF786039600023FB73534B9B6A03F0EF
:106A60000303032B01D1012399E04F4B1B684E4ACE
:106A700023F08053136003F0CFFDB86008E003F00B
:106A8000CBFD0246BB68D31A022B01D9032386E053
:106A9000454B1B6803F00053002BF0D1424B9B6A1F
:106AA00023F07C727B681B681B053F4913438B6294
:106AB0007B685B68013BC3F308027B689B68013B12
:106AC0005B029BB21A437B68DB68013B1B0403F447
:106AD000FE031A437B681B69013B1B0603F0FE4360
:106AE000314913430B64304BDB6A23F440627B680B
:106AF0005B692D491343CB622B4BDB6A23F4007295
:106B00007B689B6928491343CB62274BDB6A264A83
:106B100023F48073D362244B5A6C244B13407A685D
:106B2000D269D200204913434B641F4BDB6A1E4AD3
:106B300043F48073D3623B68002B06D11A4BDB6AA7
:106B4000194A43F48003D3620FE03B68012B06D15E
:106B5000154BDB6A144A43F40003D36205E0124B81
:106B6000DB6A114A43F08073D3620F4B1B680E4AF5
:106B700043F08053136003F04FFDB86008E003F06A
:106B80004BFD0246BB68D31A022B01D9032306E052
:106B9000054B1B6803F00053002BF0D0FB7B18461D
:106BA0001037BD4680BD00BF004402580700FFFFFC
:106BB00080B489B000AF786039600023FB61894BF5
:106BC0007B6194E13B681A680121FB6901FA03F3D8
:106BD00013403B613B69002B00F086813B685B689A
:106BE00003F00303012B05D03B685B6803F003034C
:106BF000022B30D17B689B68BB61FB695B00032281
:106C000002FA03F3DB43BA691340BB613B68DA68FD
:106C1000FB695B0002FA03F3BA691343BB617B684B
:106C2000BA699A607B685B68BB610122FB6902FA02
:106C300003F3DB43BA691340BB613B685B681B0924
:106C400003F00102FB6902FA03F3BA691343BB6163
:106C50007B68BA695A603B685B6803F00303032BE7
:106C600017D07B68DB68BB61FB695B00032202FA1B
:106C700003F3DB43BA691340BB613B689A68FB6965
:106C80005B0002FA03F3BA691343BB617B68BA691C
:106C9000DA603B685B6803F00303022B23D1FB69D6
:106CA000DA087B68083253F82230BB61FB6903F0D5
:106CB00007039B000F2202FA03F3DB43BA69134078
:106CC000BB613B681A69FB6903F007039B0002FA8A
:106CD00003F3BA691343BB61FB69DA087B680832C6
:106CE000B96943F822107B681B68BB61FB695B00D4
:106CF000032202FA03F3DB43BA691340BB613B682A
:106D00005B6803F00302FB695B0002FA03F3BA69F4
:106D10001343BB617B68BA691A603B685B6803F424
:106D20004033002B00F0E0802F4BD3F8F4302E4A94
:106D300043F00203C2F8F4302B4BD3F8F43003F0E5
:106D40000203FB60FB68294AFB699B08023352F887
:106D50002330BB61FB6903F003039B000F2202FA9F
:106D600003F3DB43BA691340BB617B68204A93425B
:106D700052D07B681F4A934231D07B681E4A9342AF
:106D80002BD07B681D4A934225D07B681C4A9342D6
:106D90001FD07B681B4A934219D07B681A4A9342E2
:106DA00013D07B68194A93420DD07B68184A9342EE
:106DB00007D07B68174A934201D109232DE00A23AB
:106DC0002BE0082329E0072327E0062325E00523FD
:106DD00023E0042321E003231FE002231DE001231D
:106DE0001BE000BF80000058004402580004005817
:106DF000000002580004025800080258000C025813
:106E0000001002580014025800180258001C0258C2
:106E100000200258002402580023FA6902F00302FD
:106E200092009340BA691343BB613849FB699B08E0
:106E30000233BA6941F823204FF0B0431B68BB61AD
:106E40003B69DB43BA691340BB613B685B6803F491
:106E50008013002B03D0BA693B691343BB614FF029
:106E6000B042BB6913604FF0B0435B68BB613B69E4
:106E7000DB43BA691340BB613B685B6803F40013F2
:106E8000002B03D0BA693B691343BB614FF0B0429A
:106E9000BB6953607B695B68BB613B69DB43BA6973
:106EA0001340BB613B685B6803F40033002B03D0E5
:106EB000BA693B691343BB617B69BA695A607B69F4
:106EC0001B68BB613B69DB43BA691340BB613B682C
:106ED0005B6803F48033002B03D0BA693B6913432A
:106EE000BB617B69BA691A60FB690133FB613B686E
:106EF0001A68FB6922FA03F3002B7FF463AE00BF2C
:106F000000BF2437BD465DF8047B7047000400587D
:106F100080B487B000AF7860396000237B61754B27
:106F20003B61D9E001227B6902FA03F33A6813401E
:106F3000FB60FB68002B00F0CC806F4A7B699B08EC
:106F4000023352F82330BB607B6903F003039B00DC
:106F50000F2202FA03F3BA681340BB607B68674AEA
:106F6000934237D07B68664A934231D07B68654A4A
:106F700093422BD07B68644A934225D07B68634A56
:106F800093421FD07B68624A934219D07B68614A62
:106F9000934213D07B68604A93420DD07B685F4A6E
:106FA000934207D07B685E4A934201D1092312E0E5
:106FB0000A2310E008230EE007230CE006230AE072
:106FC000052308E0042306E0032304E0022302E093
:106FD000012300E000237A6902F00302920093404B
:106FE000BA689A4236D13B691A68FB68DB431A409B
:106FF0003B691A603B695A68FB68DB431A403B698E
:107000005A604FF0B0435A68FB68DB434FF0B04121
:1070100013404B604FF0B0431A68FB68DB434FF0FE
:10702000B04113400B607B6903F003039B000F2208
:1070300002FA03F3BB60304A7B699B08023352F8C3
:107040002310BB68DA432C487B699B080A40023353
:1070500040F823207B681A687B695B00032101FAF2
:1070600003F31A437B681A607B69DA087B6808328D
:1070700053F822107B6903F007039B000F2202FAEA
:1070800003F3DB437A69D20819407B68083243F87E
:1070900022107B68DA687B695B00032101FA03F345
:1070A000DB431A407B68DA607B685A6801217B69A0
:1070B00001FA03F3DB431A407B685A607B689A68E5
:1070C0007B695B00032101FA03F3DB431A407B6811
:1070D0009A607B6901337B613A687B6922FA03F32A
:1070E000002B7FF41FAF00BF00BF1C37BD465DF80B
:1070F000047B7047800000580004005800000258CC
:107100000004025800080258000C025800100258EF
:107110000014025800180258001C0258002002589F
:107120000024025880B485B000AF78600B467B80A5
:107130007B681A697B881340002B02D00123FB7304
:1071400001E00023FB73FB7B18461437BD465DF856
:10715000047B704780B483B000AF78600B467B80BF
:1071600013467B707B78002B03D07A887B689A610A
:1071700003E07B881A047B689A6100BF0C37BD4628
:107180005DF8047B704780B582B000AF0346FB809A
:107190004FF0B043D3F88820FB881340002B08D071
:1071A0004FF0B042FB88C2F88830FB88184624F0C4
:1071B00091F800BF0837BD4680BD000080B586B09D
:1071C00000AF786003F028FA38617B68002B01D1AA
:1071D000012316E37B681B68664A93424AD07B68AA
:1071E0001B68654A934245D07B681B68634A93429B
:1071F00040D07B681B68624A93423BD07B681B6827
:10720000604A934236D07B681B685F4A934231D014
:107210007B681B685D4A93422CD07B681B685C4A84
:10722000934227D07B681B685A4A934222D07B68DE
:107230001B68594A93421DD07B681B68574A93428A
:1072400018D07B681B68564A934213D07B681B6832
:10725000544A93420ED07B681B68534A934209D02C
:107260007B681B68514A934204D07B681B68504A74
:10727000934201D1012300E00023002B00F03B8169
:107280007B68022283F835207B68002283F8342053
:107290007B681B68374A93424AD07B681B68364A32
:1072A000934245D07B681B68344A934240D07B6848
:1072B0001B68334A93423BD07B681B68314A934238
:1072C00036D07B681B68304A934231D07B681B689C
:1072D0002E4A93422CD07B681B682D4A934227D0BC
:1072E0007B681B682B4A934222D07B681B682A4A22
:1072F00093421DD07B681B68284A934218D07B6854
:107300001B68274A934213D07B681B68254A934227
:107310000ED07B681B68244A934209D07B681B68A7
:10732000224A934204D07B681B68214A934208D1C9
:107330007B681B681A687B681B6822F001021A6070
:1073400007E07B681B681A687B681B6822F00102F3
:107350001A602FE003F060F902463B69D31A052B4F
:1073600028D97B6820225A657B68032283F8352060
:10737000012346E210000240280002404000024083
:10738000580002407000024088000240A000024005
:10739000B8000240100402402804024040040240A9
:1073A000580402407004024088040240A0040240D5
:1073B000B80402407B681B681B6803F00103002BC4
:1073C000C8D17B681B681B687B617A69834B13405B
:1073D0007B617B689A687B68DB681A437B681B6902
:1073E0001A437B685B691A437B689B691A437B6815
:1073F000DB691A437B681B6A13437A6913437B6119
:107400007B685B6A042B07D17B68DA6A7B681B6B3D
:1074100013437A6913437B61714B1A68714B1340B4
:10742000B3F1005F28D37B685B68282B03D97B68A6
:107430005B682E2B17D97B685B683E2B03D97B6872
:107440005B68422B0FD97B685B68462B03D97B684E
:107450005B68482B07D97B685B684E2B05D97B6836
:107460005B68522B01D8012300E00023002B03D0DE
:107470007B6943F480137B617B681B687A691A60BF
:107480007B681B685B697B617B6923F007037B6119
:107490007B685B6A7A6913437B617B685B6A042B58
:1074A00017D17B689B6A7A6913437B617B68DB6ACF
:1074B000002B0ED0786802F0F5FC0346002B08D0B4
:1074C0007B6840225A657B68012283F835200123BE
:1074D00097E17B681B687A695A61786802F030FC32
:1074E0000346BB607B68DB6D03F01F033F229A40BD
:1074F000BB689A60CDE07B681B683B4A934222D010
:107500007B681B68394A93421DD07B681B68384AE8
:10751000934218D07B681B68364A934213D07B682D
:107520001B68354A93420ED07B681B68334A9342EE
:1075300009D07B681B68324A934204D07B681B6881
:10754000304A934201D1012300E00023002B00F0D8
:1075500097807B681B68244A934221D07B681B6814
:10756000224A93421CD07B681B68214A934217D061
:107570007B681B681F4A934212D07B681B681E4AB7
:1075800093420DD07B681B681C4A934208D07B68ED
:107590001B681B4A934203D07B681B68194A9342BD
:1075A0007B68022283F835207B68002283F8342030
:1075B0007B681B681B687B617A69134B13407B6196
:1075C0007B689B68402B21D07B689B68802B02D115
:1075D0004FF480431BE0002319E000BF3F8010FE02
:1075E0000010005C0000FFFF085402581C540258B1
:1075F0003054025844540258585402586C5402589B
:1076000080540258945402580F00FEFF10237A68E9
:10761000D268D2081A437B681B69DB081A437B686F
:107620005B69DB081A437B689B69DB081A437B684C
:10763000DB69DB081A437B681B6A1B0913437A6901
:1076400013437B617B681B687A691A607B681B68DF
:107650001A466E4B13446E4AA2FB03231B099A0081
:107660007B68DA65786802F06BFB0346FB607B6839
:10767000DB6D03F01F0301229A40FB685A6008E0AB
:107680007B6840225A657B68032283F835200123FA
:10769000B7E07B681B685F4A934272D07B681B68C7
:1076A0005D4A93426DD07B681B685C4A934268D008
:1076B0007B681B685A4A934263D07B681B68594AAF
:1076C00093425ED07B681B68574A934259D07B68CF
:1076D0001B68564A934254D07B681B68544A9342B5
:1076E0004FD07B681B68534A93424AD07B681B6823
:1076F000514A934245D07B681B68504A934240D020
:107700007B681B684E4A93423BD07B681B684D4A9E
:10771000934236D07B681B684B4A934231D07B68DA
:107720001B684A4A93422CD07B681B68484A9342A4
:1077300027D07B681B68474A934222D07B681B682E
:10774000454A93421DD07B681B68444A934218D037
:107750007B681B68424A934213D07B681B68414A8E
:1077600093420ED07B681B683F4A934209D07B68E6
:107770001B683E4A934204D07B681B683C4A934294
:1077800001D1012300E00023002B32D0786802F001
:1077900005FC7B689B68802B02D17B6800225A60C5
:1077A0007B685A687B681B6ED2B21A607B685B6E1E
:1077B0007A68926E5A607B685B68002B10D07B6899
:1077C0005B68082B0CD8786802F082FC7B68DB6E63
:1077D00000221A607B681B6F7A68526F5A6008E05B
:1077E0007B680022DA667B6800221A677B680022C9
:1077F0005A677B6800225A657B68012283F835202E
:10780000002318461837BD4680BD00BFF8ABFDA762
:10781000CDCCCCCC100002402800024040000240F9
:10782000580002407000024088000240A000024060
:10783000B800024010040240280402404004024004
:10784000580402407004024088040240A004024030
:10785000B8040240085402581C54025830540258CC
:1078600044540258585402586C54025880540258D8
:107870009454025880B584B000AF78607B68002BC8
:1078800001D10123A8E17B681B68824A93424AD058
:107890007B681B68804A934245D07B681B687F4A9F
:1078A000934240D07B681B687D4A93423BD07B6803
:1078B0001B687C4A934236D07B681B687A4A9342A5
:1078C00031D07B681B68794A93422CD07B681B6857
:1078D000774A934227D07B681B68764A934222D02E
:1078E0007B681B68744A93421DD07B681B68734A8F
:1078F000934218D07B681B68714A934213D07B680F
:107900001B68704A93420ED07B681B686E4A934294
:1079100009D07B681B686D4A934204D07B681B6862
:107920006B4A934208D17B681B681A687B681B68A6
:1079300022F001021A6007E07B681B681A687B6806
:107940001B6822F001021A607B681B68514A93424F
:107950004AD07B681B68504A934245D07B681B68BD
:107960004E4A934240D07B681B684D4A93423BD0BD
:107970007B681B684B4A934236D07B681B684A4A37
:10798000934231D07B681B68484A93422CD07B6875
:107990001B68474A934227D07B681B68454A93423D
:1079A00022D07B681B68444A93421DD07B681B68C9
:1079B000424A934218D07B681B68414A934213D0D5
:1079C0007B681B683F4A93420ED07B681B683E4A27
:1079D000934209D07B681B683C4A934204D07B6881
:1079E0001B683B4A934201D1012300E00023002B96
:1079F00025D07B681B6800221A607B681B68002208
:107A00005A607B681B6800229A607B681B680022B2
:107A1000DA607B681B6800221A617B681B68212280
:107A20005A61786802F08CF90346BB607B68DB6DB5
:107A300003F01F033F229A40BB689A6081E07B6895
:107A40001B68244A934222D07B681B68224A9342D7
:107A50001DD07B681B68214A934218D07B681B6845
:107A60001F4A934213D07B681B681E4A93420ED074
:107A70007B681B681C4A934209D07B681B681B4AC1
:107A8000934204D07B681B68194A934232D1012388
:107A900031E000BF100002402800024040000240D8
:107AA000580002407000024088000240A0000240DE
:107AB000B800024010040240280402404004024082
:107AC000580402407004024088040240A0040240AE
:107AD000B8040240085402581C540258305402584A
:107AE00044540258585402586C5402588054025856
:107AF000945402580023002B21D07B681B6800227D
:107B00001A607B681B6800225A607B681B68002231
:107B10009A607B681B680022DA607B681B68002221
:107B20001A61786802F00CF90346FB607B68DB6D34
:107B300003F01F0301229A40FB685A6001E0012311
:107B40004AE0786802F02AFA7B681B6E002B08D0A6
:107B50007B681B6E00221A607B685B6E7A68926E8F
:107B60005A607B685B68002B0FD07B685B68082BD2
:107B70000BD8786802F0ACFA7B68DB6E00221A60E2
:107B80007B681B6F7A68526F5A607B680022DA66E6
:107B90007B6800221A677B6800225A677B68002294
:107BA000DA637B6800221A647B6800225A647B686F
:107BB00000229A647B680022DA647B6800221A65DE
:107BC0007B6800225A657B68002283F835207B6839
:107BD000002283F83420002318461037BD4680BDAC
:107BE00080B586B000AFF860B9607A603B60002372
:107BF000FB75FB68002B01D1012326E2FB6893F89B
:107C00003430012B01D102231FE2FB68012283F8EB
:107C10003420FB6893F83530DBB2012B40F00A8248
:107C2000FB68022283F83520FB6800225A65FB6856
:107C30001B68684A93424AD0FB681B68664A9342B5
:107C400045D0FB681B68654A934240D0FB681B68BF
:107C5000634A93423BD0FB681B68624A934236D02A
:107C6000FB681B68604A934231D0FB681B685F4A1F
:107C700093422CD0FB681B685D4A934227D0FB6877
:107C80001B685C4A934222D0FB681B685A4A9342A5
:107C90001DD0FB681B68594A934218D0FB681B68CB
:107CA000574A934213D0FB681B68564A93420ED042
:107CB000FB681B68544A934209D0FB681B68534A0F
:107CC000934204D0FB681B68514A934208D1FB6879
:107CD0001B681A68FB681B6822F001021A6007E043
:107CE000FB681B681A68FB681B6822F001021A60B7
:107CF0003B687A68B968F86801F076FEFB681B6833
:107D0000344A93424AD0FB681B68334A934245D0B9
:107D1000FB681B68314A934240D0FB681B68304ABD
:107D200093423BD0FB681B682E4A934236D0FB68D7
:107D30001B682D4A934231D0FB681B682B4A934243
:107D40002CD0FB681B682A4A934227D0FB681B682B
:107D5000284A934222D0FB681B68274A93421DD0D1
:107D6000FB681B68254A934218D0FB681B68244AAD
:107D7000934213D0FB681B68224A93420ED0FB68E3
:107D80001B68214A934209D0FB681B681F4A934233
:107D900004D0FB681B681E4A934201D1012300E016
:107DA0000023002B36D0FB681B681B6823F01E02E3
:107DB000FB681B6842F016021A60FB681B6C002B04
:107DC0003ED0FB681B681A68FB681B6842F008021B
:107DD0001A6035E0100002402800024040000240D6
:107DE000580002407000024088000240A00002409B
:107DF000B80002401004024028040240400402403F
:107E0000580402407004024088040240A00402406A
:107E1000B8040240FB681B681B6823F00E02FB6875
:107E20001B6842F00A021A60FB681B6C002B07D02B
:107E3000FB681B681A68FB681B6842F004021A6042
:107E4000FB681B68834A934272D0FB681B68824AB6
:107E500093426DD0FB681B68804A934268D0FB68F0
:107E60001B687F4A934263D0FB681B687D4A93423C
:107E70005ED0FB681B687C4A934259D0FB681B6844
:107E80007A4A934254D0FB681B68794A93424FD098
:107E9000FB681B68774A93424AD0FB681B68764AA6
:107EA000934245D0FB681B68744A934240D0FB68FC
:107EB0001B68734A93423BD0FB681B68714A93422C
:107EC00036D0FB681B68704A934231D0FB681B6850
:107ED0006E4A93422CD0FB681B686D4A934227D0B0
:107EE000FB681B686B4A934222D0FB681B686A4A96
:107EF00093421DD0FB681B68684A934218D0FB6808
:107F00001B68674A934213D0FB681B68654A93421B
:107F10000ED0FB681B68644A934209D0FB681B685B
:107F2000624A934204D0FB681B68614A934201D1C4
:107F3000012300E00023002B1AD0FB681B6E1B6896
:107F400003F48033002B07D0FB681B6E1A68FB68B4
:107F50001B6E42F480721A60FB68DB6E002B07D048
:107F6000FB68DB6E1A68FB68DB6E42F480721A6095
:107F7000FB681B68374A93424AD0FB681B68364A45
:107F8000934245D0FB681B68344A934240D0FB685B
:107F90001B68334A93423BD0FB681B68314A9342CB
:107FA00036D0FB681B68304A934231D0FB681B68AF
:107FB0002E4A93422CD0FB681B682D4A934227D04F
:107FC000FB681B682B4A934222D0FB681B682A4A35
:107FD00093421DD0FB681B68284A934218D0FB6867
:107FE0001B68274A934213D0FB681B68254A9342BB
:107FF0000ED0FB681B68244A934209D0FB681B68BB
:10800000224A934204D0FB681B68214A934208D15C
:10801000FB681B681A68FB681B6842F001021A6063
:1080200012E0FB681B681A68FB681B6842F00102DB
:108030001A6009E0FB684FF400625A65FB68002291
:1080400083F834200123FB75FB7D18461837BD46A5
:1080500080BD00BF100002402800024040000240E6
:10806000580002407000024088000240A000024018
:10807000B8000240100402402804024040040240BC
:10808000580402407004024088040240A0040240E8
:10809000B8040240085402581C5402583054025884
:1080A00044540258585402586C5402588054025890
:1080B0009454025880B586B000AF786002F0ACFAF4
:1080C00038617B68002B01D10123DCE27B6893F8E7
:1080D0003530DBB2022B08D07B6880225A657B6882
:1080E000002283F834200123CDE27B681B68764AA6
:1080F00093424AD07B681B68744A934245D07B68A0
:108100001B68734A934240D07B681B68714A934254
:108110003BD07B681B68704A934236D07B681B68F3
:108120006E4A934231D07B681B686D4A93422CD0D3
:108130007B681B686B4A934227D07B681B686A4A3E
:10814000934222D07B681B68684A93421DD07B68AB
:108150001B68674A934218D07B681B68654A934244
:1081600013D07B681B68644A93420ED07B681B68FF
:10817000624A934209D07B681B68614A934204D0EB
:108180007B681B685F4A934201D1012300E0002312
:10819000002B13D07B681B681A687B681B6822F071
:1081A0001E021A607B681B685A697B681B6822F094
:1081B00080025A617B681B687B610AE07B681B68F0
:1081C0001A687B681B6822F00E021A607B681B68C5
:1081D0007B617B681B683C4A934272D07B681B685A
:1081E0003A4A93426DD07B681B68394A934268D003
:1081F0007B681B68374A934263D07B681B68364AAA
:1082000093425ED07B681B68344A934259D07B68A6
:108210001B68334A934254D07B681B68314A9342AF
:108220004FD07B681B68304A93424AD07B681B68FA
:108230002E4A934245D07B681B682D4A934240D01A
:108240007B681B682B4A93423BD07B681B682A4A99
:10825000934236D07B681B68284A934231D07B68B2
:108260001B68274A93422CD07B681B68254A93429F
:1082700027D07B681B68244A934222D07B681B6806
:10828000224A93421DD07B681B68214A934218D032
:108290007B681B681F4A934213D07B681B681E4A89
:1082A00093420ED07B681B681C4A934209D07B68BE
:1082B0001B681B4A934204D07B681B68194A93428F
:1082C00032D1012331E000BF1000024028000240FB
:1082D0004000024058000240700002408800024006
:1082E000A0000240B80002401004024028040240EE
:1082F00040040240580402407004024088040240D6
:10830000A0040240B8040240085402581C54025809
:108310003054025844540258585402586C5402586D
:1083200080540258945402580023002B07D07B68D5
:108330001B6E1A687B681B6E22F480721A607B6861
:108340001B686D4A93424AD07B681B686B4A934214
:1083500045D07B681B686A4A934240D07B681B68A3
:10836000684A93423BD07B681B68674A934236D089
:108370007B681B68654A934231D07B681B68644AFE
:1083800093422CD07B681B68624A934227D07B685B
:108390001B68614A934222D07B681B685F4A934204
:1083A0001DD07B681B685E4A934218D07B681B68AF
:1083B0005C4A934213D07B681B685B4A93420ED0A1
:1083C0007B681B68594A934209D07B681B68584AEE
:1083D000934204D07B681B68564A934208D17B685D
:1083E0001B681A687B681B6822F001021A6007E0AC
:1083F0007B681B681A687B681B6822F001021A60A0
:1084000013E002F009F902463B69D31A052B0CD997
:108410007B6820225A657B68032283F835207B68BD
:10842000002283F8342001232DE17B691B6803F0CF
:108430000103002BE5D17B681B682F4A93424AD089
:108440007B681B682D4A934245D07B681B682C4A89
:10845000934240D07B681B682A4A93423BD07B689A
:108460001B68294A934236D07B681B68274A93428F
:1084700031D07B681B68264A93422CD07B681B68EE
:10848000244A934227D07B681B68234A934222D018
:108490007B681B68214A93421DD07B681B68204A79
:1084A000934218D07B681B681E4A934213D07B68A6
:1084B0001B681D4A93420ED07B681B681B4A93427F
:1084C00009D07B681B681A4A934204D07B681B68FA
:1084D000184A934201D1012300E00023002B2BD046
:1084E0007B689B6DBB607B68DB6D03F01F033F22E5
:1084F0009A40BB689A602AE01000024028000240BF
:1085000040000240580002407000024088000240D3
:10851000A0000240B80002401004024028040240BB
:1085200040040240580402407004024088040240A3
:10853000A0040240B80402407B689B6DFB607B682E
:10854000DB6D03F01F0301229A40FB685A607B68D1
:108550001B684F4A934272D07B681B684D4A934216
:108560006DD07B681B684C4A934268D07B681B685F
:108570004A4A934263D07B681B68494A93425ED063
:108580007B681B68474A934259D07B681B68464A00
:10859000934254D07B681B68444A93424FD07B6817
:1085A0001B68434A93424AD07B681B68414A934206
:1085B00045D07B681B68404A934240D07B681B686B
:1085C0003E4A93423BD07B681B683D4A934236D07B
:1085D0007B681B683B4A934231D07B681B683A4AF0
:1085E00093422CD07B681B68384A934227D07B6823
:1085F0001B68374A934222D07B681B68354A9342F6
:108600001DD07B681B68344A934218D07B681B6876
:10861000324A934213D07B681B68314A93420ED092
:108620007B681B682F4A934209D07B681B682E4ADF
:10863000934204D07B681B682C4A934201D10123EA
:1086400000E00023002B15D07B685B6E7A68926E89
:108650005A607B68DB6E002B0CD07B68DB6E1A687F
:108660007B68DB6E22F480721A607B681B6F7A680D
:10867000526F5A607B68012283F835207B680022A4
:1086800083F83420002318461837BD4680BD00BF4C
:108690001000024028000240400002405800024002
:1086A0007000024088000240A0000240B800024072
:1086B00010040240280402404004024058040240D2
:1086C0007004024088040240A0040240B804024042
:1086D000085402581C54025830540258445402584A
:1086E000585402586C5402588054025894540258FA
:1086F00080B584B000AF78607B68002B01D1012386
:1087000037E27B6893F83530DBB2022B04D07B680C
:1087100080225A6501232CE27B681B685C4A9342E5
:108720004AD07B681B685B4A934245D07B681B68D4
:10873000594A934240D07B681B68584A93423BD0C9
:108740007B681B68564A934236D07B681B68554A43
:10875000934231D07B681B68534A93422CD07B688C
:108760001B68524A934227D07B681B68504A934249
:1087700022D07B681B684F4A93421DD07B681B68E0
:108780004D4A934218D07B681B684C4A934213D0E1
:108790007B681B684A4A93420ED07B681B68494A33
:1087A000934209D07B681B68474A934204D07B6898
:1087B0001B68464A934201D1012300E00023002BAD
:1087C00000F086807B68042283F835207B681B6874
:1087D0002F4A93424AD07B681B682E4A934245D069
:1087E0007B681B682C4A934240D07B681B682B4AED
:1087F00093423BD07B681B68294A934236D07B6802
:108800001B68284A934231D07B681B68264A9342F2
:108810002CD07B681B68254A934227D07B681B6855
:10882000234A934222D07B681B68224A93421DD080
:108830007B681B68204A934218D07B681B681F4ADC
:10884000934213D07B681B681D4A93420ED07B680D
:108850001B681C4A934209D07B681B681A4A9342E2
:1088600004D07B681B68194A934208D17B681B6857
:108870001A687B681B6822F001021A6078E17B6845
:108880001B681A687B681B6822F001021A606FE19E
:108890001000024028000240400002405800024000
:1088A0007000024088000240A0000240B800024070
:1088B00010040240280402404004024058040240D0
:1088C0007004024088040240A0040240B804024040
:1088D0007B681B681A687B681B6822F00E021A60AE
:1088E0007B681B686C4A93424AD07B681B686B4A62
:1088F000934245D07B681B68694A934240D07B68AD
:108900001B68684A93423BD07B681B68664A934267
:1089100036D07B681B68654A934231D07B681B6800
:10892000634A93422CD07B681B68624A934227D0EB
:108930007B681B68604A934222D07B681B685F4A51
:1089400093421DD07B681B685D4A934218D07B68B8
:108950001B685C4A934213D07B681B685A4A934257
:108960000ED07B681B68594A934209D07B681B680C
:10897000574A934204D07B681B68564A934208D1F9
:108980007B681B681A687B681B6822F001021A600A
:1089900007E07B681B681A687B681B6822F001028D
:1089A0001A607B681B683C4A934272D07B681B68E4
:1089B0003A4A93426DD07B681B68394A934268D02B
:1089C0007B681B68374A934263D07B681B68364AD2
:1089D00093425ED07B681B68344A934259D07B68CF
:1089E0001B68334A934254D07B681B68314A9342D8
:1089F0004FD07B681B68304A93424AD07B681B6823
:108A00002E4A934245D07B681B682D4A934240D042
:108A10007B681B682B4A93423BD07B681B682A4AC1
:108A2000934236D07B681B68284A934231D07B68DA
:108A30001B68274A93422CD07B681B68254A9342C7
:108A400027D07B681B68244A934222D07B681B682E
:108A5000224A93421DD07B681B68214A934218D05A
:108A60007B681B681F4A934213D07B681B681E4AB1
:108A700093420ED07B681B681C4A934209D07B68E6
:108A80001B681B4A934204D07B681B68194A9342B7
:108A900032D1012331E000BF100002402800024023
:108AA000400002405800024070000240880002402E
:108AB000A0000240B8000240100402402804024016
:108AC00040040240580402407004024088040240FE
:108AD000A0040240B8040240085402581C54025832
:108AE0003054025844540258585402586C54025896
:108AF00080540258945402580023002B28D07B68DD
:108B00001B6E1A687B681B6E22F480721A607B6889
:108B10009B6DFB607B68DB6D03F01F0301229A40B5
:108B2000FB685A607B685B6E7A68926E5A607B68FD
:108B3000DB6E002B0CD07B68DB6E1A687B68DB6E0B
:108B400022F480721A607B681B6F7A68526F5A60D9
:108B50007B68012283F835207B68002283F834206B
:108B60007B681B6D002B03D07B681B6D7868984772
:108B7000002318461037BD4680BD00BF80B58AB0BF
:108B800000AF78600023FB60674B1B68674AA2FB5D
:108B900003239B0A7B627B689B6D3B627B689B6DBA
:108BA000FB613B6A1B68BB61FB691B687B617B687F
:108BB0001B685F4A93424AD07B681B685D4A9342B8
:108BC00045D07B681B685C4A934240D07B681B6839
:108BD0005A4A93423BD07B681B68594A934236D02D
:108BE0007B681B68574A934231D07B681B68564AA2
:108BF00093422CD07B681B68544A934227D07B68F1
:108C00001B68534A934222D07B681B68514A9342A7
:108C10001DD07B681B68504A934218D07B681B6844
:108C20004E4A934213D07B681B684D4A93420ED044
:108C30007B681B684B4A934209D07B681B684A4A91
:108C4000934204D07B681B68484A934201D10123B8
:108C500000E00023002B00F02B847B68DB6D03F029
:108C60001F0308229A40BB691340002B00F0A2802A
:108C70007B681B682E4A93424AD07B681B682D4A4A
:108C8000934245D07B681B682B4A934240D07B6857
:108C90001B682A4A93423BD07B681B68284A934250
:108CA00036D07B681B68274A934231D07B681B68AB
:108CB000254A93422CD07B681B68244A934227D0D4
:108CC0007B681B68224A934222D07B681B68214A3A
:108CD00093421DD07B681B681F4A934218D07B6863
:108CE0001B681E4A934213D07B681B681C4A934240
:108CF0000ED07B681B681B4A934209D07B681B68B7
:108D0000194A934204D07B681B68184A93422FD1BA
:108D10007B681B681B6803F00403002B14BF01234E
:108D20000023DBB22EE000BF00000024B5814E1B03
:108D3000100002402800024040000240580002405B
:108D40007000024088000240A0000240B8000240CB
:108D5000100402402804024040040240580402402B
:108D60007004024088040240A0040240B80402409B
:108D70007B681B681B6803F00803002B14BF0123EA
:108D80000023DBB2002B15D07B681B681A687B6858
:108D90001B6822F004021A607B68DB6D03F01F037E
:108DA00008229A403B6A9A607B685B6D43F001023F
:108DB0007B685A657B68DB6D03F01F03BA6922FA92
:108DC00003F303F00103002B6ED07B681B68694A34
:108DD00093424AD07B681B68674A934245D07B68C0
:108DE0001B68664A934240D07B681B68644A934282
:108DF0003BD07B681B68634A934236D07B681B6814
:108E0000614A934231D07B681B68604A93422CD000
:108E10007B681B685E4A934227D07B681B685D4A6B
:108E2000934222D07B681B685B4A93421DD07B68CB
:108E30001B685A4A934218D07B681B68584A934271
:108E400013D07B681B68574A93420ED07B681B681F
:108E5000554A934209D07B681B68544A934204D018
:108E60007B681B68524A93420AD17B681B685B6926
:108E700003F08003002B14BF01230023DBB203E0C7
:108E80007B681B681B680023002B0DD07B68DB6DA3
:108E900003F01F0301229A403B6A9A607B685B6D76
:108EA00043F002027B685A657B68DB6D03F01F03A9
:108EB00004229A40BB691340002B00F08F807B682E
:108EC0001B682C4A93424AD07B681B682A4A93420B
:108ED00045D07B681B68294A934240D07B681B6859
:108EE000274A93423BD07B681B68264A934236D080
:108EF0007B681B68244A934231D07B681B68234AF5
:108F000093422CD07B681B68214A934227D07B6810
:108F10001B68204A934222D07B681B681E4A9342FA
:108F20001DD07B681B681D4A934218D07B681B6864
:108F30001B4A934213D07B681B681A4A93420ED097
:108F40007B681B68184A934209D07B681B68174AE4
:108F5000934204D07B681B68154A93422AD17B68F0
:108F60001B681B6803F00203002B14BF01230023BE
:108F7000DBB223E010000240280002404000024023
:108F8000580002407000024088000240A0000240E9
:108F9000B80002401004024028040240400402408D
:108FA000580402407004024088040240A0040240B9
:108FB000B80402407B681B681B680023002B0DD09F
:108FC0007B68DB6D03F01F0304229A403B6A9A60C2
:108FD0007B685B6D43F004027B685A657B68DB6DE0
:108FE00003F01F0310229A40BB691340002B00F0CE
:108FF000A6807B681B68854A93424AD07B681B68C1
:10900000834A934245D07B681B68824A934240D092
:109010007B681B68804A93423BD07B681B687F4A11
:10902000934236D07B681B687D4A934231D07B687F
:109030001B687C4A93422CD07B681B687A4A934217
:1090400027D07B681B68794A934222D07B681B68D3
:10905000774A93421DD07B681B68764A934218D0AA
:109060007B681B68744A934213D07B681B68734A01
:1090700093420ED07B681B68714A934209D07B688B
:109080001B68704A934204D07B681B686E4A934207
:109090000AD17B681B681B6803F00803002B14BF10
:1090A00001230023DBB209E07B681B681B6803F027
:1090B0000403002B14BF01230023DBB2002B3ED09E
:1090C0007B68DB6D03F01F0310229A403B6A9A60B5
:1090D0007B681B681B6803F48023002B18D07B6817
:1090E0001B681B6803F40023002B08D17B681B6CF2
:1090F000002B24D07B681B6C786898471FE07B6846
:109100009B6C002B1BD07B689B6C7868984716E0A3
:109110007B681B681B6803F48073002B07D17B6896
:109120001B681A687B681B6822F008021A607B685B
:109130001B6C002B03D07B681B6C786898477B689E
:10914000DB6D03F01F0320229A40BB691340002B04
:1091500000F010817B681B682C4A93424AD07B68E0
:109160001B682B4A934245D07B681B68294A93426F
:1091700040D07B681B68284A93423BD07B681B68C1
:10918000264A934236D07B681B68254A934231D0E9
:109190007B681B68234A93422CD07B681B68224A59
:1091A000934227D07B681B68204A934222D07B6879
:1091B0001B681F4A93421DD07B681B681D4A93425F
:1091C00018D07B681B681C4A934213D07B681B68CD
:1091D0001A4A93420ED07B681B68194A934209D001
:1091E0007B681B68174A934204D07B681B68164A49
:1091F00093422BD17B681B681B6803F01003002B84
:1092000014BF01230023DBB22AE000BF100002409C
:109210002800024040000240580002407000024016
:1092200088000240A0000240B80002401004024042
:1092300028040240400402405804024070040240E6
:1092400088040240A0040240B80402407B681B6806
:109250001B6803F00203002B14BF01230023DBB2C1
:10926000002B00F087807B68DB6D03F01F0320225A
:109270009A403B6A9A607B6893F83530DBB2042BE6
:1092800039D17B681B681A687B681B6822F016025C
:109290001A607B681B685A697B681B6822F0800231
:1092A0005A617B681B6C002B03D17B689B6C002B85
:1092B00007D07B681B681A687B681B6822F008026D
:1092C0001A607B68DB6D03F01F033F229A403B6A04
:1092D0009A607B68012283F835207B68002283F83E
:1092E00034207B681B6D002B00F04A837B681B6D6C
:1092F0007868984744E37B681B681B6803F4802305
:10930000002B18D07B681B681B6803F40023002B1C
:1093100008D17B685B6C002B2CD07B685B6C786819
:10932000984727E07B68DB6B002B23D07B68DB6BE7
:10933000786898471EE07B681B681B6803F480739D
:10934000002B0FD17B681B681A687B681B6822F0B2
:1093500010021A607B68012283F835207B680022A6
:1093600083F834207B68DB6B002B03D07B68DB6BDE
:10937000786898477B685B6D002B00F006837B68FC
:109380005B6D03F00103002B00F088807B680422F2
:1093900083F835207B681B687A4A93424AD07B6801
:1093A0001B68794A934245D07B681B68774A934291
:1093B00040D07B681B68764A93423BD07B681B6831
:1093C000744A934236D07B681B68734A934231D00B
:1093D0007B681B68714A93422CD07B681B68704A7B
:1093E000934227D07B681B686E4A934222D07B68E9
:1093F0001B686D4A93421DD07B681B686B4A934281
:1094000018D07B681B686A4A934213D07B681B683C
:10941000684A93420ED07B681B68674A934209D022
:109420007B681B68654A934204D07B681B68644A6A
:10943000934208D17B681B681A687B681B6822F01E
:1094400001021A6007E07B681B681A687B681B686A
:1094500022F001021A60FB680133FB607A6A9A42CB
:1094600007D37B681B681B6803F00103002BF2D154
:1094700000E000BF7B681B681B6803F00103002B42
:1094800004D07B68032283F8352003E07B68012247
:1094900083F835207B68002283F834207B68DB6CFE
:1094A000002B00F072827B68DB6C786898476CE276
:1094B0007B681B68434A934222D07B681B68424A00
:1094C00093421DD07B681B68404A934218D07B684A
:1094D0001B683F4A934213D07B681B683D4A934206
:1094E0000ED07B681B683C4A934209D07B681B689E
:1094F0003A4A934204D07B681B68394A934201D1AF
:10950000012300E00023002B00F03F827B681B68F2
:109510001B683B617B68DB6D03F01F0304229A40EC
:109520007B691340002B00F0CD803B6903F00403FE
:10953000002B00F0C7807B68DB6D03F01F03042263
:109540009A40FB695A603B6903F40043002B49D001
:109550003B6903F48033002B09D17B689B6C002BA3
:1095600000F010827B689B6C786898470AE27B6801
:109570001B6C002B00F006827B681B6C7868984798
:1095800000E200BF100002402800024040000240FC
:10959000580002407000024088000240A0000240D3
:1095A000B800024010040240280402404004024077
:1095B000580402407004024088040240A0040240A3
:1095C000B8040240085402581C540258305402583F
:1095D00044540258585402586C540258805402584B
:1095E000945402583B6903F02003002B60D17B6840
:1095F0001B687F4A93424AD07B681B687D4A93422E
:1096000045D07B681B687C4A934240D07B681B68CE
:109610007A4A93423BD07B681B68794A934236D0A2
:109620007B681B68774A934231D07B681B68764A17
:1096300093422CD07B681B68744A934227D07B6886
:109640001B68734A934222D07B681B68714A93421D
:109650001DD07B681B68704A934218D07B681B68DA
:109660006E4A934213D07B681B686D4A93420ED0BA
:109670007B681B686B4A934209D07B681B686A4A07
:10968000934204D07B681B68684A934208D17B6888
:109690001B681A687B681B6822F008021A6007E0E2
:1096A0007B681B681A687B681B6822F004021A60DA
:1096B0007B681B6C002B00F065817B681B6C7868F5
:1096C00098475FE17B68DB6D03F01F0302229A403D
:1096D0007B691340002B00F0C5803B6903F0020357
:1096E000002B00F0BF807B68DB6D03F01F030222BC
:1096F0009A40FB695A603B6903F40043002B18D081
:109700003B6903F48033002B09D17B685B6C002B31
:1097100000F03A817B685B6C7868984734E17B683D
:10972000DB6B002B00F030817B68DB6B786898473F
:109730002AE13B6903F02003002B40F089807B681D
:109740001B682B4A93424AD07B681B68294A934284
:1097500045D07B681B68284A934240D07B681B68D1
:10976000264A93423BD07B681B68254A934236D0F9
:109770007B681B68234A934231D07B681B68224A6E
:1097800093422CD07B681B68204A934227D07B6889
:109790001B681F4A934222D07B681B681D4A934274
:1097A0001DD07B681B681C4A934218D07B681B68DD
:1097B0001A4A934213D07B681B68194A93420ED011
:1097C0007B681B68174A934209D07B681B68164A5E
:1097D000934204D07B681B68144A934228D17B686B
:1097E0001B681A687B681B6822F014021A6027E065
:1097F0001000024028000240400002405800024091
:109800007000024088000240A0000240B800024000
:109810001004024028040240400402405804024060
:109820007004024088040240A0040240B8040240D0
:109830007B681B681A687B681B6822F00A021A6042
:109840007B68012283F835207B68002283F834206E
:109850007B68DB6B002B00F097807B68DB6B7868A4
:10986000984791E07B68DB6D03F01F0308229A4064
:109870007B691340002B00F088803B6903F00803EC
:10988000002B00F082807B681B68414A93424AD0DB
:109890007B681B683F4A934245D07B681B683E4A01
:1098A000934240D07B681B683C4A93423BD07B6824
:1098B0001B683B4A934236D07B681B68394A934207
:1098C00031D07B681B68384A93422CD07B681B6878
:1098D000364A934227D07B681B68354A934222D090
:1098E0007B681B68334A93421DD07B681B68324AF1
:1098F000934218D07B681B68304A934213D07B6830
:109900001B682F4A93420ED07B681B682D4A9342F6
:1099100009D07B681B682C4A934204D07B681B6883
:109920002A4A934208D17B681B681A687B681B68C7
:1099300022F01C021A6007E07B681B681A687B68CB
:109940001B6822F00E021A607B68DB6D03F01F03B8
:1099500001229A40FB695A607B6801225A657B6844
:10996000012283F835207B68002283F834207B684D
:10997000DB6C002B09D07B68DB6C7868984704E0CF
:1099800000BF02E000BF00E000BF2837BD4680BD39
:1099900010000240280002404000024058000240EF
:1099A0007000024088000240A0000240B80002405F
:1099B00010040240280402404004024058040240BF
:1099C0007004024088040240A0040240B80402402F
:1099D00080B483B000AF78607B685B6D18460C374D
:1099E000BD465DF8047B704780B487B000AFF86077
:1099F000B9607A603B60FB689B6D7B61FB689B6D27
:109A00003B61FB681B687F4A934272D0FB681B680E
:109A10007D4A93426DD0FB681B687C4A934268D0B4
:109A2000FB681B687A4A934263D0FB681B68794ADB
:109A300093425ED0FB681B68774A934259D0FB681B
:109A40001B68764A934254D0FB681B68744A934261
:109A50004FD0FB681B68734A93424AD0FB681B686F
:109A6000714A934245D0FB681B68704A934240D0CC
:109A7000FB681B686E4A93423BD0FB681B686D4ACB
:109A8000934236D0FB681B686B4A934231D0FB6827
:109A90001B686A4A93422CD0FB681B68684A934251
:109AA00027D0FB681B68674A934222D0FB681B687B
:109AB000654A93421DD0FB681B68644A934218D0E4
:109AC000FB681B68624A934213D0FB681B68614ABB
:109AD00093420ED0FB681B685F4A934209D0FB6833
:109AE0001B685E4A934204D0FB681B685C4A934241
:109AF00001D1012300E00023002B0DD0FB685B6E39
:109B0000FA68926E5A60FB68DB6E002B04D0FB682B
:109B10001B6FFA68526F5A60FB681B68394A9342A0
:109B20004AD0FB681B68384A934245D0FB681B68E3
:109B3000364A934240D0FB681B68354A93423BD07B
:109B4000FB681B68334A934236D0FB681B68324A75
:109B5000934231D0FB681B68304A93422CD0FB689B
:109B60001B682F4A934227D0FB681B682D4A9342FB
:109B700022D0FB681B682C4A93421DD0FB681B68EF
:109B80002A4A934218D0FB681B68294A934213D093
:109B9000FB681B68274A93420ED0FB681B68264A65
:109BA000934209D0FB681B68244A934204D0FB68A7
:109BB0001B68234A934201D1012300E00023002BBC
:109BC00059D0FB68DB6D03F01F033F229A407B698D
:109BD0009A60FB681B681A68FB681B6822F4802285
:109BE0001A60FB681B683A685A60FB689B68402BE8
:109BF00038D1FB681B687A689A60FB681B68BA6892
:109C0000DA6086E010000240280002404000024076
:109C1000580002407000024088000240A00002404C
:109C2000B8000240100402402804024040040240F0
:109C3000580402407004024088040240A00402401C
:109C4000B8040240085402581C54025830540258B8
:109C500044540258585402586C54025880540258C4
:109C600094540258FB681B68BA689A60FB681B68CA
:109C70007A68DA604DE0FB681B68294A934222D07B
:109C8000FB681B68274A93421DD0FB681B68264A65
:109C9000934218D0FB681B68244A934213D0FB6898
:109CA0001B68234A93420ED0FB681B68214A9342EB
:109CB00009D0FB681B68204A934204D0FB681B68EC
:109CC0001E4A934201D1012300E00023002B20D043
:109CD000FB68DB6D03F01F0301229A403B695A6069
:109CE000FB681B683A685A60FB689B68402B08D188
:109CF000FB681B687A689A60FB681B68BA68DA6060
:109D000007E0FB681B68BA689A60FB681B687A68A2
:109D1000DA6000BF1C37BD465DF8047B704700BFAA
:109D2000085402581C5402583054025844540258E3
:109D3000585402586C540258805402589454025893
:109D400080B485B000AF78607B681B68424A93425C
:109D50004AD07B681B68414A934245D07B681B68A8
:109D60003F4A934240D07B681B683E4A93423BD0B7
:109D70007B681B683C4A934236D07B681B683B4A31
:109D8000934231D07B681B68394A93422CD07B6860
:109D90001B68384A934227D07B681B68364A934237
:109DA00022D07B681B68354A93421DD07B681B68B4
:109DB000334A934218D07B681B68324A934213D0CF
:109DC0007B681B68304A93420ED07B681B682F4A21
:109DD000934209D07B681B682D4A934204D07B686C
:109DE0001B682C4A934201D1012300E00023002B81
:109DF00024D07B681B68DBB2103B274AA2FB0323FD
:109E00001B09FB60FB6803F00703244AD35C1A4676
:109E10007B68DA65FB68032B08D97B681B681A46E8
:109E20001F4B13401A1D7B689A650DE07B681B6809
:109E30001A461B4B13407A68936505E07B681B68E4
:109E400023F0FF027B689A657B689B6D1846143788
:109E5000BD465DF8047B70471000024028000240B8
:109E6000400002405800024070000240880002405A
:109E7000A0000240B8000240100402402804024042
:109E8000400402405804024070040240880402402A
:109E9000A0040240B8040240ABAAAAAA080205081E
:109EA00000FCFFFF80B485B000AF78600023FB7337
:109EB0007B689B69002B20D17B689B6A032B58D859
:109EC00001A252F823F000BFD99E0008EB9E0008C3
:109ED000D99E0008739F00087B68DB6A03F08073DB
:109EE000002B48D00123FB7345E07B68DB6AB3F1AC
:109EF000C07F42D10123FB733FE07B689B69B3F5D0
:109F0000005F23D17B689B6A032B38D801A252F8EB
:109F100023F000BF259F00082B9F0008259F000805
:109F20003D9F00080123FB7330E07B68DB6A03F090
:109F30008073002B25D00123FB7322E07B68DB6A52
:109F4000B3F1C07F1FD10123FB731CE07B689B6AC8
:109F5000022B02D9032B03D018E00123FB7315E079
:109F60007B68DB6A03F08073002B0ED00123FB7348
:109F70000BE000BF0AE000BF08E000BF06E000BF42
:109F800004E000BF02E000BF00E000BFFB7B18461A
:109F90001437BD465DF8047B704700BF80B485B0C0
:109FA00000AF78607B681B68BB607B681B68384AC1
:109FB000934222D07B681B68364A93421DD07B684F
:109FC0001B68354A934218D07B681B68334A93421A
:109FD00013D07B681B68324A93420ED07B681B68A3
:109FE000304A934209D07B681B682F4A934204D0C1
:109FF0007B681B682D4A934201D1012300E00023B6
:10A00000002B1AD07B681B68DBB2083B284AA2FBF6
:10A0100003231B09FB60FA68264B13449B001A4676
:10A020007B681A667B68244A5A66FB6803F01F0344
:10A0300001229A407B689A6624E07B681B68DBB249
:10A04000103B1E4AA2FB03231B09FB60BB681C4A92
:10A05000934206D8BB681B4A934202D9FB68083377
:10A06000FB60FA68184B13449B001A467B681A661B
:10A070007B68164A5A66FB6803F01F0301229A4068
:10A080007B689A6600BF1437BD465DF8047B704755
:10A09000085402581C540258305402584454025870
:10A0A000585402586C540258805402589454025820
:10A0B000CDCCCCCC0096001680580258ABAAAAAAE8
:10A0C000B80402400F0402400082001080080240E1
:10A0D00080B485B000AF78607B685B68DBB2FB6002
:10A0E000FB68002B4AD0FB68082B47D87B681B68AD
:10A0F000254A934222D07B681B68244A93421DD094
:10A100007B681B68224A934218D07B681B68214AEF
:10A11000934213D07B681B681F4A93420ED07B6822
:10A120001B681E4A934209D07B681B681C4A9342F5
:10A1300004D07B681B681B4A934201D1012300E0D5
:10A140000023002B0AD0FA68174B13449B001A46D1
:10A150007B68DA667B68154A1A6709E0FA68144B6F
:10A1600013449B001A467B68DA667B68114A1A67BB
:10A17000FB68013B01229A407B685A6700BF143795
:10A18000BD465DF8047B7047085402581C540258C1
:10A190003054025844540258585402586C540258CF
:10A1A00080540258945402583F9600164059025861
:10A1B0003F8200104009024080B584B000AF786053
:10A1C000194BDB6803F00403042B0AD0164BDB6841
:10A1D00003F007037A689A4201D001231FE00023AD
:10A1E0001DE0114BDB6823F007020F497B68134326
:10A1F000CB6000F011FAF86009E000F00DFA0246B9
:10A20000FB68D31AB3F57A7F01D9012307E0064B27
:10A210005B6803F40053B3F5005FEED100231846EA
:10A220001037BD4680BD00BF0048025880B485B0DD
:10A2300000AF78607B6803F00703FB600B4BDB68C3
:10A24000BB60BA684FF6FF031340BB60FB681A029D
:10A25000BB681A43064B1343BB60044ABB68D36018
:10A2600000BF1437BD465DF8047B704700ED00E089
:10A270000000FA0580B400AF044BDB681B0A03F052
:10A2800007031846BD465DF8047B704700ED00E00B
:10A2900080B483B000AF0346FB80B7F90630002BD3
:10A2A0000BDBFB8803F01F020749B7F906305B0997
:10A2B000012000FA02F241F8232000BF0C37BD460E
:10A2C0005DF8047B704700BF00E100E080B483B01C
:10A2D00000AF0346FB80B7F90630002B12DBFB888A
:10A2E00003F01F020A49B7F906305B09012000FAA2
:10A2F00002F2203341F82320BFF34F8F00BFBFF39A
:10A300006F8F00BF00BF0C37BD465DF8047B704700
:10A3100000E100E080B483B000AF03463960FB8009
:10A32000B7F90630002B0ADB3B68DAB20C49B7F903
:10A3300006301201D2B20B4483F800230AE03B68D6
:10A34000DAB20849FB8803F00F03043B1201D2B2D2
:10A350000B441A7600BF0C37BD465DF8047B70478E
:10A3600000E100E000ED00E080B489B000AFF860EB
:10A37000B9607A60FB6803F00703FB61FB69C3F116
:10A380000703042B28BF0423BB61FB690433062B9E
:10A3900002D9FB69033B00E000237B614FF0FF32F1
:10A3A000BB6902FA03F3DA43BB681A407B699A403F
:10A3B0004FF0FF317B6901FA03F3D9437B680B400F
:10A3C000134318462437BD465DF8047B70470000F0
:10A3D00080B400AFBFF34F8F00BF064BDB6803F4C0
:10A3E000E0620449044B1343CB60BFF34F8F00BFBF
:10A3F00000BFFDE700ED00E00400FA0580B582B083
:10A4000000AF78607868FFF711FF00BF0837BD46DE
:10A4100080BD80B586B000AF0346B9607A60FB812D
:10A42000FFF728FF78617A68B9687869FFF79CFFC1
:10A430000246B7F90E3011461846FFF76BFF00BF12
:10A440001837BD4680BD80B582B000AF0346FB80A3
:10A45000B7F906301846FFF71BFF00BF0837BD46A7
:10A4600080BD80B582B000AF0346FB80B7F90630EF
:10A470001846FFF72BFF00BF0837BD4680BD80B5EB
:10A4800000AFFFF7A5FF000080B400AFBFF35F8F00
:10A4900000BF074B5B6A064A23F480335362054BC7
:10A4A00000225A6000BFBD465DF8047B704700BFC4
:10A4B00000ED00E090ED00E080B483B000AF786084
:10A4C0000B4A7B6843F0010353600A4B5B6A094AFD
:10A4D00043F480335362BFF34F8F00BFBFF36F8FDE
:10A4E00000BF00BF0C37BD465DF8047B704700BF5E
:10A4F00090ED00E000ED00E080B483B000AF786044
:10A500007B685A781B4B9A601A4B1B69194A23F0D7
:10A5100001031361174A7B685B68D3607B681B7B10
:10A520001A077B68DB7A1B061A437B689B7ADB047D
:10A530001A437B685B7B9B041A437B689B7B5B04B1
:10A540001A437B68DB7B1B041A437B685B7A1B0224
:10A550001A437B681B7A5B0013437A6812781146B2
:10A56000044A0B43136100BF0C37BD465DF8047B02
:10A57000704700BF90ED00E080B582B000AF0320CF
:10A58000FFF73CFFF9F7FEFB0246154B9B691B0AE0
:10A5900003F00F031349CB5C03F01F0322FA03F30C
:10A5A0007B600F4B9B6903F00F030E4AD35C03F0F3
:10A5B0001F037A6822FA03F30B4A13600B4A7B6885
:10A5C00013600F201AF0DEF80346002B01D00123A0
:10A5D00002E01AF0B9F8002318460837BD4680BDDE
:10A5E00000440258F801050804000024000000247B
:10A5F00080B400AF064B1B781A46064B1B68134409
:10A60000044A136000BFBD465DF8047B704700BF7D
:10A610000C0000242C06002480B400AF034B1B6800
:10A620001846BD465DF8047B704700BF2C06002429
:10A6300080B584B000AF7860FFF7EEFFB8607B684C
:10A64000FB60FB68B3F1FF3F05D00A4B1B781A464D
:10A65000FB681344FB6000BFFFF7DEFF0246BB68E8
:10A66000D31AFA689A42F7D800BF00BF1037BD4628
:10A6700080BD00BF0C00002480B400AF034B1B68FA
:10A680001B0C1846BD465DF8047B70470010005C4B
:10A6900080B483B000AF7860064B5B6823F460023F
:10A6A00004497B6813434B6000BF0C37BD465DF81F
:10A6B000047B70470004005880B483B000AF78601A
:10A6C0003960074B5A687B68DB431A4004493B6892
:10A6D00013434B6000BF0C37BD465DF8047B7047E9
:10A6E0000004005880B582B000AF78607B68002B12
:10A6F00001D101238BE07B6893F84130DBB2002B62
:10A7000006D17B68002283F84020786819F0C8F8E9
:10A710007B68242283F841207B681B681A687B6869
:10A720001B6822F001021A607B685A687B681B680C
:10A7300022F070621A617B681B689A687B681B68EC
:10A7400022F400429A607B68DB68012B07D17B68AA
:10A750009A687B681B6842F400429A6006E07B6856
:10A760009A687B681B6842F404429A607B68DB68E5
:10A77000022B08D17B681B685A687B681B6842F40F
:10A7800000625A6007E07B681B685A687B681B6838
:10A7900022F400625A607B681B6859687B681A68FB
:10A7A0001D4B0B4353607B681B68DA687B681B6832
:10A7B00022F40042DA607B681A697B685B6942EACE
:10A7C00003017B689B691A027B681B680A43DA6095
:10A7D0007B68D9697B681A6A7B681B680A431A60C0
:10A7E0007B681B681A687B681B6842F001021A606C
:10A7F0007B6800225A647B68202283F841207B68B2
:10A8000000221A637B68002283F842200023184646
:10A810000837BD4680BD00BF0080000280B588B00B
:10A8200002AFF8607A601A460B467B8113463B8183
:10A83000FB6893F84130DBB2202B40F0FD80FB68D1
:10A8400093F84030012B01D10223F6E0FB6801228E
:10A8500083F84020FFF7E0FE38613B69009319233D
:10A8600001224FF40041F86800F00AFA0346002B79
:10A8700001D00123E1E0FB68212283F84120FB683D
:10A88000102283F84220FB6800225A64FB687A6831
:10A890005A62FB683A895A85FB6800225A63FB6852
:10A8A0005B8D9BB2FF2B06D9FB68FF221A854FF008
:10A8B00080737B6107E0FB685B8D9AB2FB681A8549
:10A8C0004FF000737B61FB681B8D002B24D0FB686D
:10A8D0005B6A1A78FB681B689A62FB685B6A5A1CA1
:10A8E000FB685A62FB685B8D9BB2013B9AB2FB68C6
:10A8F0005A85FB681B8D013B9AB2FB681A85FB6881
:10A900001B8DDBB20133DAB279894E4B00937B6940
:10A91000F86800F005FC66E0FB681B8DDAB2798907
:10A92000484B00937B69F86800F0FAFB5BE03A69FA
:10A93000396AF86800F0FDF90346002B01D00123C5
:10A940007BE0FB685B6A1A78FB681B689A62FB68AD
:10A950005B6A5A1CFB685A62FB685B8D9BB2013BC9
:10A960009AB2FB685A85FB681B8D013B9AB2FB6863
:10A970001A85FB685B8D9BB2002B34D0FB681B8D66
:10A98000002B30D13B6900933B6A00228021F8689C
:10A9900000F076F90346002B01D001234DE0FB685F
:10A9A0005B8D9BB2FF2B0ED9FB68FF221A85FB68DB
:10A9B0001B8DDAB27989002300934FF08073F86819
:10A9C00000F0AEFB0FE0FB685B8D9AB2FB681A8566
:10A9D000FB681B8DDAB27989002300934FF0007376
:10A9E000F86800F09DFBFB685B8D9BB2002B9ED14D
:10A9F0003A69396AF86800F0E3F90346002B01D0A0
:10AA000001231AE0FB681B682022DA61FB681B68DF
:10AA10005968FB681A680C4B0B405360FB68202296
:10AA200083F84120FB68002283F84220FB68002263
:10AA300083F84020002300E0022318461837BD4663
:10AA400080BD00BF0020008000E800FE80B588B017
:10AA500002AFF8607A601A460B467B8113463B8151
:10AA6000FB6893F84130DBB2202B40F0DB80FB68C1
:10AA700093F84030012B01D10223D4E0FB6801227E
:10AA800083F84020FFF7C8FD78617B6900931923A4
:10AA900001224FF40041F86800F0F2F80346002B61
:10AAA00001D00123BFE0FB68222283F84120FB682C
:10AAB000102283F84220FB6800225A64FB687A68FF
:10AAC0005A62FB683A895A85FB6800225A63FB6820
:10AAD0005B8D9BB2FF2B0ED9FB68FF221A85FB68AA
:10AAE0001B8DDAB27989524B00934FF08073F8686E
:10AAF00000F016FB6DE0FB685B8D9AB2FB681A856F
:10AB0000FB681B8DDAB27989494B00934FF00073D3
:10AB1000F86800F005FB5CE07A69396AF86800F0D3
:10AB200093F90346002B01D001237CE0FB681B68EE
:10AB30005A6AFB685B6AD2B21A70FB685B6A5A1C7D
:10AB4000FB685A62FB681B8D013B9AB2FB681A8551
:10AB5000FB685B8D9BB2013B9AB2FB685A85FB6830
:10AB60005B8D9BB2002B34D0FB681B8D002B30D14A
:10AB70007B6900933B6A00228021F86800F080F82E
:10AB80000346002B01D001234DE0FB685B8D9BB297
:10AB9000FF2B0ED9FB68FF221A85FB681B8DDAB2EA
:10ABA0007989002300934FF08073F86800F0B8FAB9
:10ABB0000FE0FB685B8D9AB2FB681A85FB681B8D02
:10ABC000DAB27989002300934FF00073F86800F03F
:10ABD000A7FAFB685B8D9BB2002B9DD17A69396A1D
:10ABE000F86800F0EDF80346002B01D001231AE0CD
:10ABF000FB681B682022DA61FB681B685968FB68E8
:10AC00001A680C4B0B405360FB68202283F84120EC
:10AC1000FB68002283F84220FB68002283F8402072
:10AC2000002300E0022318461837BD4680BD00BF50
:10AC30000024008000E800FE80B483B000AF78609C
:10AC40007B681B689B6903F00203022B03D17B68BE
:10AC50001B6800229A627B681B689B6903F00103F2
:10AC6000012B07D07B681B689A697B681B6842F0E0
:10AC700001029A6100BF0C37BD465DF8047B704746
:10AC800080B584B000AFF860B9603B601346FB71DB
:10AC90003BE0BA693968F86800F062F90346002BB6
:10ACA00001D0012341E03B68B3F1FF3F2DD0FFF716
:10ACB000B3FC0246BB69D31A3A689A4202D33B6896
:10ACC000002B22D1FB681B689A69BB681340BA68E5
:10ACD0009A420CBF01230023DBB21A46FB799A4249
:10ACE00013D1FB685B6C43F02002FB685A64FB687D
:10ACF000202283F84120FB68002283F84220FB6871
:10AD0000002283F8402001230FE0FB681B689A694A
:10AD1000BB681340BA689A420CBF01230023DBB220
:10AD20001A46FB799A42B4D0002318461037BD4624
:10AD300080BD80B584B000AFF860B9607A6033E060
:10AD40007A68B968F86800F00BF90346002B01D067
:10AD5000012331E0BB68B3F1FF3F25D0FFF75CFC76
:10AD600002467B68D31ABA689A4202D3BB68002BAA
:10AD70001AD1FB681B689B6903F00203022B13D0F6
:10AD8000FB685B6C43F02002FB685A64FB6820227E
:10AD900083F84120FB68002283F84220FB680022F0
:10ADA00083F84020012307E0FB681B689B6903F0E0
:10ADB0000203022BC4D1002318461037BD4680BDC4
:10ADC00080B584B000AFF860B9607A602FE07A682F
:10ADD000B968F86800F0C4F80346002B01D00123DD
:10ADE0002DE0FFF719FC02467B68D31ABA689A4235
:10ADF00002D3BB68002B1AD1FB681B689B6903F068
:10AE00002003202B13D0FB685B6C43F02002FB680F
:10AE10005A64FB68202283F84120FB68002283F8F3
:10AE20004220FB68002283F84020012307E0FB68F2
:10AE30001B689B6903F02003202BC8D10023184610
:10AE40001037BD4680BD000080B586B000AFF86009
:10AE5000B9607A600023FB7571E07A68B968F868B8
:10AE600000F07EF80346002B01D00123FB75FB6840
:10AE70001B689B6903F02003202B3BD1FB7D002B3B
:10AE800038D1FB681B689B6903F00403042B05D1D0
:10AE9000FB681B8D002B01D00023FB75FB681B6832
:10AEA0009B6903F01003102B21D1FB681B68102253
:10AEB000DA61FB6804225A64FB681B682022DA61AD
:10AEC000FB681B685968FB681A68244B0B40536089
:10AED000FB68202283F84120FB68002283F842208F
:10AEE000FB68002283F840200123FB7502E0FB6829
:10AEF00000225A64FFF790FB02467B68D31ABA68B7
:10AF00009A4202D3BB68002B19D1FB7D002B16D1CE
:10AF1000FB681B689B6903F00403042B0FD0FB68DC
:10AF20005B6C43F02002FB685A64FB68202283F8C4
:10AF30004120FB68002283F840200123FB75FB6859
:10AF40001B689B6903F00403042B02D0FB7D002BDC
:10AF500083D0FB7D18461837BD4680BD00E800FE53
:10AF600080B58AB000AFF860B9607A60002387F8D6
:10AF70002730FB681B689B69BB6100233B627B68D1
:10AF8000FB61BB6903F01003002B68D0FB681B68F2
:10AF90001022DA6149E0BB68B3F1FF3F45D0FFF70B
:10AFA0003BFB0246FB69D31ABA689A4202D3BB68DC
:10AFB000002B3AD1FB681B685B6803F480437B611C
:10AFC000FB6893F84230FB74FB681B689B6903F4D1
:10AFD0000043B3F5004F21D17B69B3F5804F1DD0FD
:10AFE000FB7C202B1AD0FB681B685A68FB681B6827
:10AFF00042F480425A60FFF70FFBF8610EE0FFF762
:10B000000BFB0246FB69D31A192B07D93B6A43F0A5
:10B0100020033B62012387F8273006E0FB681B68AA
:10B020009B6903F02003202BE9D1FB681B689B6917
:10B0300003F02003202B03D097F82730002BAAD051
:10B0400097F82730002B03D1FB681B682022DA61B8
:10B050003B6A43F004033B62012387F82730FB6817
:10B060001B689B69BB61BB6903F48073002B0BD029
:10B070003B6A43F001033B62FB681B684FF480723C
:10B08000DA61012387F82730BB6903F48063002B62
:10B090000BD03B6A43F008033B62FB681B684FF42C
:10B0A0008062DA61012387F82730BB6903F40073FB
:10B0B000002B0BD03B6A43F002033B62FB681B682A
:10B0C0004FF40072DA61012387F8273097F82730B0
:10B0D000002B1CD0F868FFF7AFFDFB681B685968B0
:10B0E000FB681A680D4B0B405360FB685A6C3B6A57
:10B0F0001A43FB685A64FB68202283F84120FB68EE
:10B10000002283F84220FB68002283F8402097F851
:10B11000273018462837BD4680BD00BF00E800FE36
:10B1200080B487B000AFF8607B600B467B8113462C
:10B130007B727B89C3F309027B7A1B0403F47F03D0
:10B140001A437B681A433B6A134323F000437B6135
:10B15000FB681B685A683B6A5B0D03F48061084B0F
:10B160000B43DB4302EA0301FB681B687A690A436D
:10B170005A6000BF1C37BD465DF8047B704700BFB6
:10B18000FF63FF0380B483B000AF786039607B68F1
:10B1900093F84130DBB2202B38D17B6893F84030F4
:10B1A000012B01D1022332E07B68012283F8402089
:10B1B0007B68242283F841207B681B681A687B68BF
:10B1C0001B6822F001021A607B681B681A687B68A2
:10B1D0001B6822F480521A607B681B6819687B68C0
:10B1E0001B683A680A431A607B681B681A687B68A8
:10B1F0001B6842F001021A607B68202283F841201C
:10B200007B68002283F84020002300E002231846D8
:10B210000C37BD465DF8047B704780B485B000AF45
:10B22000786039607B6893F84130DBB2202B39D1EC
:10B230007B6893F84030012B01D1022333E07B6817
:10B24000012283F840207B68242283F841207B6818
:10B250001B681A687B681B6822F001021A607B6811
:10B260001B681B68FB60FB6823F47063FB603B6832
:10B270001B02FA681343FB607B681B68FA681A605C
:10B280007B681B681A687B681B6842F001021A60C1
:10B290007B68202283F841207B68002283F84020CD
:10B2A000002300E0022318461437BD465DF8047BF6
:10B2B000704780B483B000AF786039607B689B686A
:10B2C00023F47C123B681A437B689A6000BF0C37FA
:10B2D000BD465DF8047B704780B483B000AF7860F2
:10B2E00039607B689B6823F0E0723B681A437B6897
:10B2F0009A6000BF0C37BD465DF8047B704780B490
:10B3000083B000AF78607B689B6803F0E0731846F9
:10B310000C37BD465DF8047B704780B487B000AF42
:10B32000786039603B68C3F31303002B07D13B6897
:10B330009B0E03F01F03012202FA03F315E03B68A2
:10B340003B613B6993FAA3F3FB60FB687B617B691C
:10B35000002B01D1202303E07B69B3FA83F3DBB236
:10B3600003F01F03012202FA03F37A68D2691A4339
:10B370007B68DA6100BF1C37BD465DF8047B70470F
:10B3800080B487B000AFF860B9607A603B60FB685A
:10B3900060331A46BB689B0013447B617B691B6862
:10B3A00003F000427B6803F0F8413B680B431A430B
:10B3B0007B691A6000BF1C37BD465DF8047B70478F
:10B3C00080B485B000AFF860B9607A60FB681B6933
:10B3D00023F4F042BB6803F01F03796801FA03F31A
:10B3E0001A43FB681A6100BF1437BD465DF8047B41
:10B3F000704780B487B000AFF860B9607A60FB68CE
:10B4000060331A46BB689B0013447B617B691B68F1
:10B4100023F000427B681A437B691A6000BF1C3727
:10B42000BD465DF8047B704780B483B000AF7860A0
:10B430007B68DB6803F44063002B01D1012300E04B
:10B44000002318460C37BD465DF8047B704780B476
:10B4500087B000AFF860B9607A60FB6830331A4695
:10B46000BB681B0A9B0003F00C0313447B617B69E0
:10B470001A68BB6803F01F031F2101FA03F3DB43C3
:10B480001A407B689B0E03F01F01BB6803F01F038B
:10B4900001FA03F31A437B691A6000BF1C37BD46EB
:10B4A0005DF8047B704780B483B000AF786039608A
:10B4B0007B68DB6823F003023B681A437B68DA6031
:10B4C00000BF0C37BD465DF8047B704780B487B081
:10B4D00000AFF860B9607A60FB6814331A46BB6845
:10B4E0005B0E9B0003F0040313447B617B691A68C5
:10B4F000BB681B0D03F01F03072101FA03F3DB43B5
:10B500001A40BB681B0D03F01F03796801FA03F3AF
:10B510001A437B691A6000BF1C37BD465DF8047B87
:10B520007047000080B485B000AFF860B9607A6001
:10B53000FB68D3F8C020BB68C3F31303DB431A4096
:10B540007B6803F018030849D940BB680B40C3F37C
:10B5500013031A43FB68C3F8C02000BF1437BD466D
:10B560005DF8047B704700BFFFFF0F0080B483B01D
:10B5700000AF78607B689B6803F01F0318460C37A8
:10B58000BD465DF8047B704780B483B000AF78603F
:10B590007B689A68044B13407A68936000BF0C374D
:10B5A000BD465DF8047B7047C0FFFF5F80B483B089
:10B5B00000AF78607B689B6803F00053B3F1005FD5
:10B5C00001D1012300E0002318460C37BD465DF889
:10B5D000047B704780B483B000AF78607B689A6862
:10B5E000054B134043F080527B689A6000BF0C37D4
:10B5F000BD465DF8047B7047C0FFFF6F80B483B029
:10B6000000AF78607B689B6803F08053B3F1805F84
:10B6100001D1012300E0002318460C37BD465DF838
:10B62000047B704780B483B000AF78607B689A6811
:10B63000054B134043F001027B689A6000BF0C3752
:10B64000BD465DF8047B7047C0FFFF7F80B483B0C8
:10B6500000AF78607B689B6803F00103012B01D188
:10B66000012300E0002318460C37BD465DF8047B3B
:10B670007047000080B483B000AF78607B689A6840
:10B68000054B134043F004027B689A6000BF0C37FF
:10B69000BD465DF8047B7047C0FFFF7F80B483B078
:10B6A00000AF78607B689B6803F00403042B01D132
:10B6B000012300E0002318460C37BD465DF8047BEB
:10B6C000704780B483B000AF78607B689B6803F0FC
:10B6D0000803082B01D1012300E0002318460C3792
:10B6E000BD465DF8047B704790B589B000AF7860C7
:10B6F0000023FB770023BB607B68002B01D1012373
:10B700008FE17B68DB68002B7B685B6D002B09D1C8
:10B71000786817F02BFE7B6800229A657B68002210
:10B7200083F850207B681B681846FFF73FFF0346ED
:10B73000002B04D07B681B681846FFF725FF7B6849
:10B740001B681846FFF75AFF0346002B14D17B688D
:10B750001B681846FFF73EFF874B1B689B09874A0B
:10B76000A2FB03239B090133BB6002E0BB68013BE2
:10B77000BB60BB68002BF9D17B681B681846FFF7DC
:10B780003DFF0346002B0DD17B685B6D43F010023B
:10B790007B685A657B689B6D43F001027B689A6504
:10B7A0000123FB777B681B681846FFF777FF7861FA
:10B7B0007B685B6D03F01003002B40F029817B69EF
:10B7C000002B40F025817B685B6D23F4817343F08F
:10B7D00002027B685A657B681B681846FFF736FFD4
:10B7E0000346002B36D17B681B68654A934204D020
:10B7F0007B681B68634A93420ED16148FFF726FFBE
:10B8000004466048FFF722FF03462343002B0CBF8A
:10B8100001230023DBB208E05B48FFF717FF034674
:10B82000002B0CBF01230023DBB2002B12D07B685E
:10B830001B68534A934204D07B681B68514A934269
:10B8400001D1524A00E0524A7B685B6819461046B3
:10B85000FFF72FFDFEF710FF034641F2030293426C
:10B8600014D97B689B68102B10D17B685B7D5A03D1
:10B870007B681B6B1A437B689B681A437B681B7F42
:10B880001B04134343F00C03BB610DE07B685B7D3D
:10B890005A037B681B6B1A437B689B681A437B685F
:10B8A0001B7F1B041343BB617B681B7F012B06D1ED
:10B8B0007B681B6A013B5B04BA691343BB617B680D
:10B8C0005B6A002B09D07B685B6A03F478727B6843
:10B8D0009B6A1343BA691343BB617B681B68DA68D0
:10B8E0002C4B13407A681268B9690B43D3607B68AC
:10B8F0001B681846FFF7D2FE38617B681B68184644
:10B90000FFF7DFFEF8603B69002B5FD1FB68002B7F
:10B910005CD17B681B7D9A037B68DB6A1343BB6148
:10B920007B681B68DA681C4B13407A681268B96937
:10B930000B43D3607B6893F83830012B30D17B68A0
:10B940005B6A002B7B681B681A69144B13407A688A
:10B95000D26B013A11047A68126C11437A68526C06
:10B9600011437A68926C0A431A437B681B6842F061
:10B9700001021A611CE000BF00000024632D3E0597
:10B9800000200240002102400060025800230240D3
:10B990000063025803C0F0FFFCBFFFFF1EF800FC6D
:10B9A0007B681B681A697B681B6822F001021A61B8
:10B9B0007B681B681B6923F070417B685A6B7B684E
:10B9C0001B680A431A61786800F016FD7B68DB6823
:10B9D000012B0CD17B681B681B6B23F00F017B686C
:10B9E0009B695A1E7B681B680A431A6307E07B68E1
:10B9F0001B681A6B7B681B6822F00F021A637B6856
:10BA00005B6D23F0030343F001027B685A6507E096
:10BA10007B685B6D43F010027B685A650123FB77FE
:10BA2000FB7F18462437BD4690BD00BF80B586B069
:10BA300000AFF860B9607A60FB681B68554A9342B2
:10BA400004D0FB681B68544A934201D1534B00E079
:10BA5000534B1846FFF78AFD3861FB681B68184690
:10BA6000FFF71CFE0346002B40F08C80FB6893F828
:10BA70005030012B01D1022387E0FB68012283F8BB
:10BA800050203B69002B05D03B69052B02D03B6958
:10BA9000092B70D1F86800F091FB0346FB75FB7D24
:10BAA000002B63D1FB685A6D3E4B134043F4807208
:10BAB000FB685A65FB681B68374A934202D0FB68F3
:10BAC0001B6800E0334BFA681268934202D03B696E
:10BAD000002B05D1FB685B6D23F48012FB685A656F
:10BAE000FB685B6D03F48053002B06D0FB689B6DF5
:10BAF00023F00602FB689A6502E0FB6800229A6563
:10BB0000FB68DB6C284ADA63FB68DB6C274A1A6443
:10BB1000FB68DB6C264ADA64FB681B681C221A602F
:10BB2000FB68002283F85020FB681B685A68FB689A
:10BB30001B6842F010025A60FB681A68FB68DB6AF7
:10BB400019461046FFF7AFFCFB68D86CFB681B6812
:10BB500040331946BA687B68FCF742F80346FB7528
:10BB6000FB681B681846FFF785FD0DE0FB680022A7
:10BB700083F8502008E00123FB75FB68002283F85E
:10BB8000502001E00223FB75FB7D18461837BD46A7
:10BB900080BD00BF0020024000210240002302407F
:10BBA00000630258FEF0FFFFD1C20008A9C30008DD
:10BBB000C5C3000880B483B000AF786000BF0C3705
:10BBC000BD465DF8047B704780B483B000AF7860F9
:10BBD00000BF0C37BD465DF8047B704790B58DB053
:10BBE00000AF78603960002387F82F300023FB60B6
:10BBF0003B68DB68654A93427B6893F85030012BC1
:10BC000001D10223C7E27B68012283F850207B68C0
:10BC10001B681846FFF742FD0346002B40F0AC823C
:10BC20003B681B68002B2CDB3B681B68C3F31303CA
:10BC3000002B08D13B681B689B0E03F01F030122F9
:10BC400002FA03F316E03B681B687B617B6993FA99
:10BC5000A3F33B613B69BB61BB69002B01D120238E
:10BC600003E0BB69B3FA83F3DBB203F01F030122E5
:10BC700002FA03F37A681268D1697A6812680B4392
:10BC8000D3617B6818683B6859683B681B681A4633
:10BC9000FFF7DDFB7B681B681846FFF7FFFCB86207
:10BCA0007B681B681846FFF70CFD7862BB6A002BA7
:10BCB00040F0B8807B6A002B40F0B4807B68186845
:10BCC0003B6819683B689B681A46FFF7FFFB304BDF
:10BCD0001B6803F07043B3F1805F0BD13B685A6976
:10BCE0007B681B68DB689B0803F007035B0002FAB4
:10BCF00003F31DE07B681B68DB6803F01003002B77
:10BD00000BD13B685A697B681B68DB689B0803F0B2
:10BD100007035B0002FA03F30AE03B685A697B6899
:10BD20001B68DB689B0803F004035B0002FA03F363
:10BD30003B623B681B69042B2CD07B6818683B680E
:10BD400019693B681A683B6AFFF71AFB7B68186839
:10BD50003B6819693B685B7E012B02D14FF00043C1
:10BD600000E000231A46FFF744FB7B6818683B6835
:10BD700019693B681B7E012B02D14FF4006300E080
:10BD800000231A46FFF71CFB4CE000BF0000FF47F2
:10BD90000010005C7B681B681B6E03F0F8423B6878
:10BDA0001B689B069A4207D17B681B681A6E7B68EA
:10BDB0001B6822F000421A667B681B685B6E03F00A
:10BDC000F8423B681B689B069A4207D17B681B6858
:10BDD0005A6E7B681B6822F000425A667B681B68BB
:10BDE0009B6E03F0F8423B681B689B069A4207D1A2
:10BDF0007B681B689A6E7B681B6822F000429A661B
:10BE00007B681B68DB6E03F0F8423B681B689B068F
:10BE10009A4207D17B681B68DA6E7B681B6822F048
:10BE20000042DA667B681B681846FFF70FFC034682
:10BE3000002B40F0AA817B6818683B6819683B6852
:10BE4000DB681A46FFF76EFB3B68DB68874A934264
:10BE500040F09A807B681A687B681B6884498B4233
:10BE600047D13B681B6883498B4240D03B681B68C5
:10BE700081498B4239D03B681B6880498B4232D064
:10BE80003B681B687E498B422BD03B681B687D4911
:10BE90008B4224D03B681B687B498B421DD03B689A
:10BEA0001B687A498B4216D03B681B6878498B42E5
:10BEB0000FD03B681B6877498B4208D03B681B68F2
:10BEC00075498B4201D1754B5AE0002358E0744B01
:10BED00056E0744B54E06E4B52E06C4B50E0724BAA
:10BEE0004EE0724B4CE0724B4AE0724B48E001234B
:10BEF00046E07B681B6870498B4240D13B681B68F9
:10BF00005C498B4239D03B681B685B498B4232D01D
:10BF10003B681B6859498B422BD03B681B685849CA
:10BF20008B4224D03B681B6856498B421DD03B682E
:10BF30001B6855498B4216D03B681B6853498B429E
:10BF40000FD03B681B6852498B4208D03B681B6886
:10BF500051498B4201D1514B12E0002310E0514B6B
:10BF60000EE04B4B0CE0494B0AE04F4B08E04F4BC7
:10BF700006E04F4B04E04F4B02E0012300E00023BA
:10BF800019461046FFF7C9F93B681B68002B80F281
:10BF9000FC807B681B68364A934204D07B681B6830
:10BFA000454A934201D1454B00E0454B1846FFF707
:10BFB000A6F9F8617B681B682D4A934204D07B6820
:10BFC0001B683D4A93420ED12948FFF73FFB0446C8
:10BFD0003948FFF73BFB03462343002B0CBF0123EB
:10BFE0000023DBB208E03748FFF730FB0346002BA5
:10BFF0000CBF01230023DBB2002B00F0B3803B68B1
:10C000001B68314A934265D1FB6903F40003002B9E
:10C0100060D17B681B682B4A934240F0B6807B68F6
:10C020001B68134A934204D07B681B68224A9342E0
:10C0300001D1224A00E0224AFB6943F40003194679
:10C040001046FFF749F9214B1B689B09204AA2FBC8
:10C0500003239B0901335B00FB6002E0FB68013BAB
:10C06000FB60FB68002BF9D18FE000BF0000FF47A9
:10C070000020024002003004040060080800900C18
:10C080001000C0102000F0140004002A0008302E18
:10C0900000106032000021430000844B0000B84FC4
:10C0A00000005247002090360002B0250001802198
:10C0B0008000501D40002019002102400023024052
:10C0C0000063025800600258000084CB0000002486
:10C0D000632D3E053B681B68314A93421ED1FB69C4
:10C0E00003F08073002B19D17B681B682D4A9342A3
:10C0F0004BD17B681B682C4A934204D07B681B6839
:10C100002A4A934201D12A4A00E02A4AFB6943F0B5
:10C11000807319461046FFF7DFF836E03B681B686E
:10C12000254A934231D1FB6903F48003002B2CD1C3
:10C130007B681B681B4A934227D17B681B681A4A9D
:10C14000934204D07B681B68184A934201D1184A75
:10C1500000E0184AFB6943F4800319461046FFF7D4
:10C16000BBF812E07B685B6D43F020027B685A6588
:10C17000012387F82F3008E07B685B6D43F02002D5
:10C180007B685A65012387F82F307B68002283F88B
:10C19000502097F82F3018463437BD4690BD00BF69
:10C1A000000052C7006002580020024000210240F7
:10C1B00000230240006302580000B8CF80B584B06D
:10C1C00000AF78607B681B681846FFF73FFA0346AC
:10C1D000002B6ED17B681B689A68384B1340002B8C
:10C1E0000DD07B685B6D43F010027B685A657B68FD
:10C1F0009B6D43F001027B689A6501235AE07B68DE
:10C200001B681846FFF70EFAFEF706FAF8607B681F
:10C210001B682B4A934204D07B681B68294A9342CF
:10C2200001D1294B00E0294B1846FFF79FF9B86070
:10C230007B681B68234A934202D07B681B6800E03E
:10C240001F4B7A68126893422CD0BB68002B30D108
:10C2500028E07B681B681846FFF7F8F90346002BB7
:10C2600004D17B681B681846FFF7DCF9FEF7D4F9A8
:10C270000246FB68D31A022B14D97B681B681B6823
:10C2800003F00103012B0DD07B685B6D43F01002BE
:10C290007B685A657B689B6D43F001027B689A65F9
:10C2A000012307E07B681B681B6803F00103012B77
:10C2B000CFD1002318461037BD4680BD3F00008017
:10C2C0000020024000210240002302400063025887
:10C2D00080B584B000AF78607B689B6BFB60FB68C7
:10C2E0005B6D03F05003002B4BD1FB685B6D43F497
:10C2F0000072FB685A65FB681B681B6803F0080343
:10C30000002B21D0FB681B681846FFF78DF8034609
:10C31000002B32D0FB681B68DB6803F40053002B52
:10C320002BD1FB685B6D23F48072FB685A65FB6858
:10C330005B6D03F48053002B1FD1FB685B6D43F0F2
:10C340000102FB685A6518E0FB681B68DB6803F0B4
:10C350000303002B11D1FB685B6D23F48072FB6833
:10C360005A65FB685B6D03F48053002B05D1FB68B5
:10C370005B6D43F00102FB685A65F86821F04EF8E6
:10C380000EE0FB685B6D03F01003002B03D0F86830
:10C39000FFF71AFC04E0FB68DB6CDB6C78689847FD
:10C3A00000BF1037BD4680BD80B584B000AF786057
:10C3B0007B689B6BFB60F868FFF7FCFB00BF1037E6
:10C3C000BD4680BD80B584B000AF78607B689B6B54
:10C3D000FB60FB685B6D43F04002FB685A65FB68DD
:10C3E0009B6D43F00402FB689A65F868FFF7ECFB6D
:10C3F00000BF1037BD4680BD80B584B000AF786007
:10C400007B681B687A4A934204D07B681B68794A30
:10C41000934209D1784B9B6803F44033002B14BF3F
:10C4200001230023DBB208E0744B9B6803F4403324
:10C43000002B14BF01230023DBB2002B1CD0F7F725
:10C440001BFEF8607B685B68B3F5403F10D0B3F526
:10C45000403F73D8B3F5803F02D0B3F5003F6DD1B4
:10C460007B685B681B0CFA68B2FBF3F3FB6068E067
:10C47000FB689B08FB6064E04FF400204FF0000174
:10C48000F9F7A2F8F8607B685B68B3F5301F51D00C
:10C49000B3F5301F54D8B3F5201F47D0B3F5201F94
:10C4A0004ED8B3F5101F3DD0B3F5101F48D8B3F5E3
:10C4B000001F33D0B3F5001F42D8B3F5E01F29D0D9
:10C4C000B3F5E01F3CD8B3F5C01F1AD0B3F5C01FB9
:10C4D00036D8B3F5A01F14D0B3F5A01F30D8B3F5EC
:10C4E000801F0ED0B3F5801F2AD8B3F5402F08D097
:10C4F000B3F5402F24D8B3F5802F02D0B3F5002F29
:10C500001ED17B685B689B0C5B00FA68B2FBF3F39F
:10C51000FB6016E0FB681B09FB6012E0FB685B092F
:10C52000FB600EE0FB689B09FB600AE0FB68DB092F
:10C53000FB6006E0FB681B0AFB6002E000BF00E056
:10C5400000BFFEF799F8034641F20302934215D863
:10C55000FB682B4A934208D97B681B689A687B6802
:10C560001B6842F480729A603EE07B681B689A68A0
:10C570007B681B6822F480729A6035E0FB685B0878
:10C58000FB60FB681F4A934208D87B681B689A6867
:10C590007B681B6822F440729A6025E0FB681A4AA7
:10C5A00093420AD87B681B689B6823F440727B68BF
:10C5B0001B6842F480729A6016E0FB68134A93424B
:10C5C0000AD87B681B689B6823F440727B681B68F1
:10C5D00042F400729A6007E07B681B689A687B6887
:10C5E0001B6842F440729A6000BF1037BD4680BDA0
:10C5F0000020024000210240002302400063025854
:10C60000002D3101105E5F0020BCBE0040787D012E
:10C6100080B598B000AF7860844A07F10C031146EA
:10C620004C22184639F05FF87B68002B01D10123BA
:10C63000C6E17B681B687E4A934206D17B681B6813
:10C6400003F580731A467B685A607B6893F89830CC
:10C65000DBB2002B06D17B68002283F89920786832
:10C6600017F036F87B681B689A697B681B6822F0B4
:10C6700010029A61FDF7D0FFF86514E0FDF7CCFFDA
:10C680000246FB6DD31A0A2B0DD97B68D3F89C3078
:10C6900043F001027B68C3F89C207B68032283F887
:10C6A000982001238CE17B681B689B6903F00803D9
:10C6B000082BE3D07B681B689A697B681B6842F093
:10C6C00001029A61FDF7A8FFF86514E0FDF7A4FFE9
:10C6D0000246FB6DD31A0A2B0DD97B68D3F89C3028
:10C6E00043F001027B68C3F89C207B68032283F837
:10C6F0009820012364E17B681B689B6903F00103B8
:10C70000002BE3D07B681B689A697B681B6842F04A
:10C7100002029A617B681B7C012B08D17B681B6835
:10C720009A697B681B6822F040029A6107E07B6887
:10C730001B689A697B681B6842F040029A617B68BB
:10C740005B7C012B08D17B681B689A697B681B683E
:10C7500042F480429A6107E07B681B689A697B68B3
:10C760001B6822F480429A617B689B7C012B08D174
:10C770007B681B689A697B681B6822F480529A6107
:10C7800007E07B681B689A697B681B6842F48052EB
:10C790009A617B681B689B6923F440717B689A6887
:10C7A0007B681B680A439A617B681B689A697B688F
:10C7B0001B6822F0A4029A617B681B681A697B6877
:10C7C0001B6822F010021A617B68DB68012B08D11C
:10C7D0007B681B689A697B681B6842F004029A6157
:10C7E00030E07B68DB68002B2CD07B68DB68022B99
:10C7F00020D07B681B689A697B681B6842F08002C6
:10C800009A617B681B681A697B681B6842F010029A
:10C810001A617B68DB68032B14D17B681B689A69FB
:10C820007B681B6842F020029A610BE0087E0408D6
:10C8300000A000407B681B689A697B681B6842F017
:10C8400020029A617B689B69013B5A067B68DB6921
:10C85000013B1B021A437B681B6A013B42EA03014E
:10C860007B685B69013B1A047B681B680A43DA61D9
:10C870007B689B68B3F5407F15D17B689B6A5A1E25
:10C880007B68DB6A013B1B021A437B681B6B013B25
:10C890001B0142EA03017B685B6A013B1A047B6867
:10C8A0001B680A43DA607B681B6E002B0AD07B682A
:10C8B0001B68D3F8C0107B685A6E7B681B680A43FC
:10C8C000C3F8C0207B68DA6D7B681B6E1344002BB5
:10C8D00011D07B681B68D3F8C83023F007017B6850
:10C8E0009B6E9B0060333B4453F8542C7B681B6861
:10C8F0000A43C3F8C8207B681B6C002B11D07B68EF
:10C900001B68D3F8BC3023F007017B685B6C9B008D
:10C9100060333B4453F8542C7B681B680A43C3F8CC
:10C92000BC207B689B6C002B12D07B681B68D3F803
:10C93000BC3023F070017B68DB6C9B0060333B44B0
:10C9400053F8543C1A017B681B680A43C3F8BC20A7
:10C950007B681B6D002B12D07B681B68D3F8BC3042
:10C9600023F4E0617B685B6D9B0060333B4453F8CC
:10C97000543C1A027B681B680A43C3F8BC207B68DE
:10C980001B68114A934207D17B685B689A687B6891
:10C990005B6822F003029A607B680022C3F894204F
:10C9A0007B680022C3F89C207B68012283F89820D2
:10C9B000786800F02BFE034687F85B3097F85B3011
:10C9C00018466037BD4680BD00A0004080B487B0E7
:10C9D00000AF786039607B6893F89830FB73FB7B1D
:10C9E000012B02D0FB7B022B57D13B681B68002B2D
:10C9F0002BD13B68DB68072B0DD13B681B691A0400
:10CA00003B68DB691B021A433B689B69134343F095
:10CA100060537B610EE03B689B689A073B68DB686C
:10CA2000DB061A433B681B691B041A433B685B69BE
:10CA300013437B617B68DA6E3B685B689B00134441
:10CA4000BB60BB687A691A6025E03B68DB685A07FF
:10CA50003B681B6913437B613B68DB68072B03D191
:10CA60003B689B693B6106E03B689B689A073B68B3
:10CA70005B6913433B617B681A6F3B685B68DB0053
:10CA80001344BB60BB687A691A60BB680433BB603F
:10CA9000BB683A691A60002308E07B68D3F89C30D1
:10CAA00043F002027B68C3F89C20012318461C3720
:10CAB000BD465DF8047B704780B485B000AFF86078
:10CAC000B9607A603B60FB6893F89830DBB2012B69
:10CAD00010D1BB681A017B689B001A433B685B005E
:10CAE00042EA0301FB681B68BA690A43C3F8802065
:10CAF000002308E0FB68D3F89C3043F00402FB6895
:10CB0000C3F89C20012318461437BD465DF8047B0A
:10CB1000704780B483B000AF78607B6893F898303A
:10CB2000DBB2012B11D17B68022283F898207B684D
:10CB30001B689A697B681B6822F001029A617B6816
:10CB40000022C3F89C20002308E07B68D3F89C30C7
:10CB500043F004027B68C3F89C20012318460C377D
:10CB6000BD465DF8047B704780B586B000AFF860C5
:10CB7000B9607A60FB6893F89830DBB2022B41D140
:10CB8000FB681B68D3F8C03003F07C53002B09D13D
:10CB9000FB68D3F89C3043F02002FB68C3F89C206C
:10CBA000012338E0FB681B68D3F8C43003F400139A
:10CBB000002B09D0FB68D3F89C3043F40072FB686B
:10CBC000C3F89C20012326E0FB681B68D3F8C4301F
:10CBD0001B0C03F01F037B617B697A68B968F868F6
:10CBE00000F09AFEFB681B6801217A6901FA02F2E3
:10CBF000C3F8D02001227B699A40FB68C3F89420D7
:10CC0000002308E0FB68D3F89C3043F00802FB687F
:10CC1000C3F89C20012318461837BD4680BD00008C
:10CC200080B48BB000AFF860B9607A603B600023DD
:10CC3000FB61FB6893F89830FB76FB7E022B40F09B
:10CC40004981BB68402B4CD1FB681B68D3F8A030EE
:10CC500003F4FE03002B09D1FB68D3F89C3043F0AA
:10CC60002002FB68C3F89C2001233CE1FB681B68A1
:10CC7000D3F8A43003F07F03002B09D1FB68D3F86D
:10CC80009C3043F48072FB68C3F89C2001232AE1A6
:10CC9000FB681B68D3F8A43003F08073B3F1807F86
:10CCA0000AD1FB681B68D3F8A03003F00043B3F14E
:10CCB000004F01D10123FB61FB681B68D3F8A4304E
:10CCC0001B0A03F03F03FA691344FB61FB685A6FC8
:10CCD000FB685B6CF96901FB03F39B0013447B6207
:10CCE00068E0BB68412B4CD1FB681B68D3F8B030BF
:10CCF00003F4FE03002B09D1FB68D3F89C3043F00A
:10CD00002002FB68C3F89C200123ECE0FB681B6851
:10CD1000D3F8B43003F07F03002B09D1FB68D3F8BC
:10CD20009C3043F48072FB68C3F89C200123DAE056
:10CD3000FB681B68D3F8B43003F08073B3F1807FD5
:10CD40000AD1FB681B68D3F8B03003F00043B3F19D
:10CD5000004F01D10123FB61FB681B68D3F8B4309D
:10CD60001B0A03F03F03FA691344FB61FB689A6FE7
:10CD7000FB68DB6CF96901FB03F39B0013447B62E6
:10CD800018E0FB681B6DBA689A4209D3FB68D3F8B8
:10CD90009C3043F02002FB68C3F89C200123A2E0F2
:10CDA000FB68DA6FFB685B6DB96801FB03F39B00FE
:10CDB00013447B627B6A1B6803F080427B685A6085
:10CDC0007B685B68002B07D17B6A1B689B0CC3F3F5
:10CDD0000A027B681A6005E07B6A1B6823F06042E8
:10CDE0007B681A607B6A1B6803F000527B689A605C
:10CDF0007B6A1B6803F000427B681A617B6A04331C
:10CE00007B627B6A1B689AB27B68DA617B6A1B680B
:10CE10001B0C03F00F027B68DA607B6A1B6803F46B
:10CE200080127B685A617B6A1B6803F400127B687E
:10CE30009A617B6A1B681B0E03F07F027B681A6293
:10CE40007B6A1B68DA0F7B685A627B6A04337B62F9
:10CE50007B6A7B6100233B620AE07A693B6A1A4481
:10CE600039683B6A0B4412781A703B6A01333B62A3
:10CE70007B68DB681F4AD35C1A463B6A9342ECD35B
:10CE8000BB68402B05D1FB681B68FA69C3F8A82072
:10CE90001EE0BB68412B05D1FB681B68FA69C3F82B
:10CEA000B82015E0BB681F2B08D8FB681B68012160
:10CEB000BA6801FA02F2C3F8982009E0BB6803F0EF
:10CEC0001F02FB681B68012101FA02F2C3F89C20D3
:10CED000002308E0FB68D3F89C3043F00802FB68AD
:10CEE000C3F89C20012318462C37BD465DF8047B0F
:10CEF000704700BF1002050880B485B000AF7860AD
:10CF00007B681B68D3F8C43003F03F03FB60FB6809
:10CF100018461437BD465DF8047B704780B487B06F
:10CF200000AFF860B9607A60FB6893F89830FB75E1
:10CF3000FB7D012B02D0FB7D022B55D1FB681B68CA
:10CF40009A6DBB681340002B08D1FB681B68DA6D33
:10CF5000FB681B6842F00102DA6514E0FB681B689D
:10CF60009A6DBB681340BA689A4208D1FB681B6887
:10CF7000DA6DFB681B6842F00202DA6503E0FB68C9
:10CF80001B680322DA65BB6803F40073002B09D029
:10CF9000FB681B68D3F8E010FB681B687A680A43DB
:10CFA000C3F8E020BB6803F48063002B09D0FB6862
:10CFB0001B68D3F8E410FB681B687A680A43C3F85F
:10CFC000E420FB681B68596DBA680F4B1340FA6880
:10CFD00012680B4353650D4B5A69BB689B0F0B4995
:10CFE00013434B61002308E0FB68D3F89C3043F007
:10CFF0000202FB68C3F89C20012318461C37BD467B
:10D000005DF8047B704700BFFFFFCF3F00A80040E2
:10D0100080B596B000AF78609A4B1B699B077B6523
:10D02000984B5B699B077A6D13407B657B681B6837
:10D030001B6D03F470433B657B681B685B6D3A6D49
:10D0400013403B657B681B681B6D03F00F03FB649B
:10D050007B681B685B6DFA6C1340FB647B681B6824
:10D060001B6D03F0F003BB647B681B685B6DBA6CDF
:10D070001340BB647B681B681B6D03F071537B64BA
:10D080007B681B685B6D7A6C13407B647B681B68F4
:10D090001B6D03F060733B647B681B685B6D3A6CCF
:10D0A00013403B647B681B685B6DFB637B681B689C
:10D0B0001B6DBB63FB6B1B0A03F00103002B10D03D
:10D0C000BB6B1B0A03F00103002B0AD07B681B68B3
:10D0D0004FF480721A656B4B00221A61786800F079
:10D0E00049FAFB6B9B0A03F00103002B1DD0BB6BBD
:10D0F0009B0A03F00103002B17D07B681B68D3F851
:10D10000DC307B637B681B68D3F8E4307A6B1340B8
:10D110007B637B681B684FF480621A65594B002261
:10D120001A61796B786800F0FCF97B6D002B0DD0EB
:10D130007B681A68796D544B0B401365514A7B6DBF
:10D140009B0F1361796D786800F0C0F93B6D002B7F
:10D150000DD07B681A68396D4B4B0B401365494AFB
:10D160003B6D9B0F1361396D786800F0BAF9FB6C69
:10D17000002B0DD07B681A68F96C434B0B4013658C
:10D18000404AFB6C9B0F1361F96C78681FF09CFBA5
:10D19000BB6C002B0DD07B681A68B96C3A4B0B4006
:10D1A0001365384ABB6C9B0F1361B96C78681FF02C
:10D1B000E3FBFB6BDB0A03F00103002B10D0BB6B1E
:10D1C000DB0A03F00103002B0AD07B681B684FF4D5
:10D1D00000621A652B4B00221A61786800F08CF906
:10D1E000FB6B5B0A03F00103002B1DD0BB6B5B0ADA
:10D1F00003F00103002B17D07B681B68D3F8D830ED
:10D200003B637B681B68D3F8E0303A6B13403B63A9
:10D210007B681B684FF400721A651A4B00221A6172
:10D22000396B786800F072F9FB6BDB0C03F00103DB
:10D23000002B10D0BB6BDB0C03F00103002B0AD0DA
:10D240007B681B684FF400221A650E4B00221A619E
:10D25000786800F071F9FB6B1B0C03F00103002BE5
:10D2600016D0BB6B1B0C03F00103002B10D07B68A6
:10D270001B684FF480321A65024B00221A617868ED
:10D2800004E000BF00A80040FFFFCF3F00F05EF9C0
:10D29000FB6B9B0C03F00103002B10D0BB6B9B0CB2
:10D2A00003F00103002B0AD07B681B684FF4802237
:10D2B0001A65834B00221A61786800F051F9FB6B04
:10D2C0005B0C03F00103002B15D0BB6B5B0C03F070
:10D2D0000103002B0FD07B681B684FF400321A65E6
:10D2E000774B00221A617B68D3F89C3043F08002B0
:10D2F0007B68C3F89C203B6C002B0DD07B681A68C0
:10D30000396C704B0B4013656D4A3B6C9B0F13617E
:10D31000396C786800F042F97B6C002B11D07B6887
:10D320001A68796C674B0B401365654A7B6C9B0FE1
:10D3300013617B68D3F89C207B6C1A437B68C3F82D
:10D340009C207B681B68604A934240F0AC807B68FD
:10D350005B689B6803F00303002B00F0A4807B68EC
:10D360005B681B6A03F00F03FB627B685B685B6AA8
:10D37000FA6A1340FB627B685B681B6A03F0300348
:10D38000BB627B685B685B6ABA6A1340BB627B689E
:10D390005B681B6A03F4C0737B627B685B685B6AD3
:10D3A0007A6A13407B627B685B681B6A03F4FC4308
:10D3B0003B627B685B685B6A3A6A13403B627B68EE
:10D3C0005B681B6A03F4F023FB617B685B685B6A44
:10D3D000FA691340FB617B685B685B6ABB617B68D1
:10D3E0005B681B6A7B61FB6A002B07D07B685B680C
:10D3F000FA6A1A62F96A786800F0DBF8BB6A002BF7
:10D4000007D07B685B68BA6A1A62B96A786800F00C
:10D41000DBF8BB699B0903F00103002B1AD07B6981
:10D420009B0903F00103002B14D07B685B68DB6B66
:10D430001B0C9BB23B617B685B68DB6B03F03F03BB
:10D44000FB607B685B6840221A62FA683969786819
:10D4500000F0C5F87B6A002B07D07B685B687A6AAE
:10D460001A62796A786800F0C6F83B6A002B0BD024
:10D470007B685B683A6A1A627B68D3F89C203B6AD7
:10D480001A437B68C3F89C20FB69002B0BD07B6898
:10D490005B68FA691A627B68D3F89C20FB691A43BF
:10D4A0007B68C3F89C207B68D3F89C30002B02D0AB
:10D4B000786800F069F800BF5837BD4680BD00BFEE
:10D4C00000A80040FFFFCF3F00A0004080B483B021
:10D4D00000AF7860396000BF0C37BD465DF8047B53
:10D4E000704780B483B000AF7860396000BF0C37FC
:10D4F000BD465DF8047B704780B483B000AF7860B0
:10D5000000BF0C37BD465DF8047B704780B483B024
:10D5100000AF7860396000BF0C37BD465DF8047B12
:10D52000704780B483B000AF7860396000BF0C37BB
:10D53000BD465DF8047B704780B483B000AF78606F
:10D5400000BF0C37BD465DF8047B704780B483B0E4
:10D5500000AF786000BF0C37BD465DF8047B7047B4
:10D5600080B483B000AF786000BF0C37BD465DF873
:10D57000047B704780B483B000AF786000BF0C3785
:10D58000BD465DF8047B704780B483B000AF78601F
:10D5900000BF0C37BD465DF8047B704780B483B094
:10D5A00000AF7860396000BF0C37BD465DF8047B82
:10D5B000704780B483B000AF7860396000BF0C372B
:10D5C000BD465DF8047B704780B483B000AF7860DF
:10D5D000396000BF0C37BD465DF8047B704780B4EE
:10D5E00085B000AFF860B9607A6000BF1437BD46FF
:10D5F0005DF8047B704780B483B000AF7860396019
:10D6000000BF0C37BD465DF8047B704780B485B021
:10D6100000AF78607B685B6BBB607B681B68D3F88E
:10D620008420A74B1340BA6891007A6812680B43B4
:10D63000C2F884307B681B68D3F8843023F47F0100
:10D640007B689B6B1A047B681B680A43C3F88420C1
:10D650007B689B6BBA681344BB607B681B68D3F81C
:10D660008820974B1340BA6891007A6812680B4380
:10D67000C2F888307B681B68D3F8883023F4FE0139
:10D680007B68DB6B1A047B681B680A43C3F888203D
:10D690007B68DB6B5B00BA681344BB607B681B680C
:10D6A000D3F8A020864B1340BA6891007A681268BC
:10D6B0000B43C2F8A0307B681B68D3F8A03023F47A
:10D6C000FE017B681B6C1A047B681B680A43C3F865
:10D6D000A0207B681B6C7A68526C02FB03F3BA686B
:10D6E0001344BB607B681B68D3F8B020744B1340B5
:10D6F000BA6891007A6812680B43C2F8B0307B6850
:10D700001B68D3F8B03023F4FE017B689B6C1A04CD
:10D710007B681B680A43C3F8B0207B689B6C7A68FF
:10D72000D26C02FB03F3BA681344BB607B681B68CE
:10D73000D3F8AC20624B1340BA6891007A68126843
:10D740000B43C2F8AC307B681B6D7A68526D02FBEC
:10D7500003F3BA681344BB607B681B68D3F8F020FE
:10D76000574B1340BA6891007A6812680B43C2F8AD
:10D77000F0307B681B68D3F8F03023F47C117B68B1
:10D780009B6D1A047B681B680A43C3F8F0207B6812
:10D790009B6D5B00BA681344BB607B681B68D3F861
:10D7A000C020474B1340BA6891007A6812680B4357
:10D7B000C2F8C0307B681B68D3F8C03023F47C11FA
:10D7C0007B68DB6D1A047B681B680A43C3F8C020C2
:10D7D0007B681B68D3F8C03023F07C517B681B6EDC
:10D7E0001A067B681B680A43C3F8C0207B685A6B23
:10D7F000344B13449A007B68DA667B68DA6E7B6888
:10D800009B6B9B001A447B681A677B681A6F7B6866
:10D81000DB6BDB001A447B685A677B685A6F7B6856
:10D820001B6C7968496C01FB03F39B001A447B680D
:10D830009A677B689A6F7B689B6C7968C96C01FBFF
:10D8400003F39B001A447B68DA677B68DA6F7B68B6
:10D850001B6D7968496D01FB03F39B001A447B68DB
:10D86000C3F880207B68D3F880207B689B6DDB0049
:10D870001A447B68C3F884207B68D3F884207B68D3
:10D88000DB6D7968896E01FB03F39B001A447B68AA
:10D89000C3F888207B68D3F888207B681B6E796882
:10D8A000896E01FB03F39B001A447B68C3F8902048
:10D8B0007B68D3F89030044A934215D906E000BF44
:10D8C0000300FFFF002B0010FCD300407B68D3F85F
:10D8D0009C3043F020027B68C3F89C207B680322C5
:10D8E00083F89820012310E07B68DB6EFB6005E085
:10D8F000FB6800221A60FB680433FB607B68D3F886
:10D900009030FA689A42F3D3002318461437BD4684
:10D910005DF8047B704700BF80B489B000AFF86049
:10D92000B9607A603B60BB685B68002B0AD1BB685A
:10D930001A69BB689B681A43BB681B689B04134346
:10D94000FB610AE0BB681A69BB689B681A43BB6845
:10D950001B68134343F08043FB61BB681B6A1A06D4
:10D96000BB68DB691A43BB689B691A43BB685B6988
:10D970001A43BB68DB681B0413433B61FB68D3F8A5
:10D980008420FB689B6E396801FB03F39B00134402
:10D99000BB61BB69FA691A60BB690433BB61BB69CF
:10D9A0003A691A60BB690433BB6100237B6120E0E4
:10D9B0007B6903337A6813441B781A067B69023348
:10D9C00079680B441B781B041A437B69013379681F
:10D9D0000B441B781B02134379687A690A44127856
:10D9E0001A43BB691A60BB690433BB617B690433AA
:10D9F0007B61BB68DB68064AD35C1A467B6993424D
:10DA0000D6D300BF00BF2437BD465DF8047B704706
:10DA10001002050880B483B000AF78607B681B6893
:10DA20004AF6AA221A60002318460C37BD465DF854
:10DA3000047B704780B584B000AF78600123FB732E
:10DA40007B68002B71D07B6893F82130DBB2002B10
:10DA500006D17B68002283F82020786815F0FAFF51
:10DA60007B68022283F821207B681B68DB6803F057
:10DA70001003102B50D07B681B68CA225A627B6847
:10DA80001B6853225A62786800F04AFA0346FB7317
:10DA9000FB7B002B24D17B681B6899687B681A6824
:10DAA000244B0B4093607B681B6899687B685A68BD
:10DAB0007B681B691A437B689B691A437B681B68F8
:10DAC0000A439A607B689B6819047B68DA687B6804
:10DAD0001B680A431A61786800F056FA0346FB7324
:10DAE000FB7B002B13D17B681B68DA6C7B681B689F
:10DAF00022F00302DA647B681B68D96C7B68DA6900
:10DB00007B685B691A437B681B680A43DA647B683D
:10DB10001B68FF225A6201E00023FB73FB7B002B92
:10DB200003D17B68012283F82120FB7B1846103744
:10DB3000BD4680BDBFFF8FFF90B587B000AFF860D6
:10DB4000B9607A60FB6893F82030012B01D1022381
:10DB500089E0FB68012283F82020FB68022283F819
:10DB60002120FB681B68CA225A62FB681B6853228B
:10DB70005A62F86800F0D4F90346FB74FB7C002B72
:10DB800061D17B68002B26D1FB681B689B6803F082
:10DB90004003002B02D1BB680022DA70BB681B78FF
:10DBA000184600F02FFA03461C04BB685B78184641
:10DBB00000F028FA03461B021C43BB689B781846FA
:10DBC00000F020FA034644EA0302BB68DB789B05B9
:10DBD00013437B6118E0FB681B689B6803F04003FC
:10DBE000002B02D1BB680022DA70BB681B781A04D4
:10DBF000BB685B781B021343BA6892781A43BB6810
:10DC0000DB789B0513437B61FB681A687969184BC5
:10DC10000B401360FB681B689A68FB681B6822F462
:10DC200080229A60FB681B689968BB68DA68BB68E9
:10DC30001B691A43FB681B680A439A60F86800F086
:10DC4000A3F90346FB74FB681B68FF225A62FB7C46
:10DC5000002B03D1FB68012283F82120FB680022FE
:10DC600083F82020FB7C18461C37BD4690BD00BFC2
:10DC70007F7F7F0080B586B000AFF860B9607A60C2
:10DC8000FB681B689A6ABB685A60FB681B681B6963
:10DC9000C3F30E02BB689A60FB681B681A68224BCC
:10DCA00013407B617B691B0CDBB203F03F03DAB2EC
:10DCB000BB681A707B691B0ADBB203F07F03DAB220
:10DCC000BB685A707B69DBB203F07F03DAB2BB68D2
:10DCD0009A707B699B0DDBB203F00103DAB2BB687B
:10DCE000DA707B68002B1AD1BB681B78184600F0ED
:10DCF000A9F903461A46BB681A70BB685B781846D8
:10DD000000F0A0F903461A46BB685A70BB689B78BE
:10DD1000184600F097F903461A46BB689A7000232C
:10DD200018461837BD4680BD7F7F7F0090B587B00D
:10DD300000AFF860B9607A60FB6893F82030012B7F
:10DD400001D1022373E0FB68012283F82020FB68E5
:10DD5000022283F821207B68002B0ED1BB685B7800
:10DD600003F01003002B08D0BB685B7823F010038E
:10DD7000DBB20A33DAB2BB685A707B68002B1CD165
:10DD8000BB68DB78184600F03DF903461C04BB680D
:10DD90005B78184600F036F903461B021C43BB684B
:10DDA0009B78184600F02EF9034644EA0302BB684C
:10DDB0001B785B0313437B610EE0BB68DB781A04BE
:10DDC000BB685B781B021343BA6892781A43BB683E
:10DDD0001B785B0313437B61FB681B68CA225A6292
:10DDE000FB681B6853225A62F86800F099F80346F2
:10DDF000FB74FB7C002B0AD1FB681A6879690E4B17
:10DE00000B405360F86800F0BFF80346FB74FB68F2
:10DE10001B68FF225A62FB7C002B03D1FB680122A6
:10DE200083F82120FB68002283F82020FB7C184621
:10DE30001C37BD4690BD00BF3FFFFF0080B586B0D8
:10DE400000AFF860B9607A60FB681B685A68214BC4
:10DE500013407B617B691B0CDAB2BB68DA707B69AB
:10DE60001B0ADBB203F01F03DAB2BB685A707B698E
:10DE7000DBB203F03F03DAB2BB689A707B695B0BDD
:10DE8000DBB203F00703DAB2BB681A707B68002BC1
:10DE90001AD1BB68DB78184600F0D4F803461A465E
:10DEA000BB68DA70BB685B78184600F0CBF80346B5
:10DEB0001A46BB685A70BB689B78184600F0C2F8D7
:10DEC00003461A46BB689A70002318461837BD46A9
:10DED00080BD00BF3FFFFF0080B584B000AF786019
:10DEE0007B681B680D4ADA60FCF796FBF86009E076
:10DEF000FCF792FB0246FB68D31AB3F57A7F01D98F
:10DF0000032307E07B681B68DB6803F02003002B1A
:10DF1000EED0002318461037BD4680BD5FFF0300DA
:10DF200080B584B000AF78600023FB737B681B680A
:10DF3000DB6803F04003002B20D17B681B684FF0A7
:10DF4000FF32DA60FCF768FBB8600DE0FCF764FBB9
:10DF50000246BB68D31AB3F57A7F05D90323FB7356
:10DF60007B68032283F821207B681B68DB6803F051
:10DF70004003002B02D1FB7B032BE7D1FB7B184630
:10DF80001037BD4680BD000080B584B000AF78601A
:10DF90000023FB731A4BDB68194A23F08003D3601C
:10DFA000174B9B6803F02003002B0CD17868FFF718
:10DFB00093FF0346002B1ED07B68032283F82120A9
:10DFC0000323FB7317E00E4B9B680D4A23F02003DD
:10DFD00093607868FFF780FF0346002B05D07B68CD
:10DFE000032283F821200323FB73054B9B68044A1B
:10DFF00043F020039360FB7B18461037BD4680BD7D
:10E000000040005880B485B000AF0346FB71002388
:10E01000FB60FB79FB7205E0FB680133FB60FB7A78
:10E020000A3BFB72FB7A092BF6D8FB68DBB21B01BB
:10E03000DAB2FB7A1343DBB218461437BD465DF8FB
:10E04000047B704780B485B000AF0346FB71FB7959
:10E050001B09DBB21A46920013445B00FB73FB7989
:10E0600003F00F03DAB2FB7B1344DBB2184614371C
:10E07000BD465DF8047B704780B483B000AF786024
:10E080007B6893F82030012B01D1022324E07B68C8
:10E09000012283F820207B68022283F821207B68FC
:10E0A0001B68CA225A627B681B6853225A627B68CB
:10E0B0001B689A687B681B6842F020029A607B6844
:10E0C0001B68FF225A627B68012283F821207B684B
:10E0D000002283F82020002318460C37BD465DF847
:10E0E000047B704780B584B000AF78607B68002BFC
:10E0F00001D101230FE17B6800229A627B681B68D3
:10E10000874A93420FD07B681B68864A93420AD0A5
:10E110007B681B68844A934205D07B68DB680F2BC1
:10E1200001D90123F7E0786800F02EFEF8607B68E3
:10E130001B687B4A93420CD07B681B68794A9342E8
:10E1400007D07B681B68784A934202D0FB68082B93
:10E1500011D87B681B68724A934209D07B681B68A0
:10E16000704A934204D07B681B686F4A934204D183
:10E17000FB68102B01D90123CDE07B6893F8813037
:10E18000DBB2002B06D17B68002283F88020786800
:10E1900015F042FD7B68022283F881207B681B68B2
:10E1A0001A687B681B6822F001021A607B681B6892
:10E1B0009B6803F4F813BB607B689B69B3F1806FC5
:10E1C00019D17B685B68B3F5800F03D17B689B6BCB
:10E1D000002B08D07B685B68002B0CD17B689B6BA5
:10E1E000B3F1805F07D17B681B681A687B681B6886
:10E1F00042F480521A607B685B6803F48003002B52
:10E200000FD07B68DB68062B0BD97B681B681B680B
:10E2100023F480717B681A6D7B681B680A431A605F
:10E2200007E07B681B681A687B681B6822F48072B1
:10E230001A607B68DA697B689B6A1A43BB681A4379
:10E240007B68DB6B42EA03017B68DA687B681B68EA
:10E250000A439A607B685A6B7B685B6A1A437B68E7
:10E260009B6B1A437B689B691A437B681B691A4343
:10E270007B685B691A437B681B6A1A437B685B682F
:10E280001A437B68DB6C1A437B689B681A437B6884
:10E290009B6C42EA03017B689A6D7B681B680A43AA
:10E2A000DA607B685B68002B13D17B681B689B6816
:10E2B00023F4C0527B681B6842F400629A607B685A
:10E2C0001B689B6823F4C0627B681B6842F4806211
:10E2D0009A607B681B681A6D7B681B6822F00102DC
:10E2E0001A657B685B6803F48003002B0AD07B68A7
:10E2F0001B68DB6823F000417B685A6D7B681B68F4
:10E300000A43DA607B680022C3F884207B6801221C
:10E3100083F88120002318461037BD4680BD00BF1A
:10E320000030014000380040003C004080B588B01B
:10E3300002AFF860B9603B601346FB80FB681B6866
:10E3400020337B61FCF768F93861FB6893F8813012
:10E35000DBB2012B01D00223D1E1BB68002B02D03C
:10E36000FB88002B01D10123C9E1FB6893F88030C1
:10E37000012B01D10223C2E1FB68012283F8802036
:10E38000FB68032283F88120FB680022C3F8842005
:10E39000FB68BA68DA65FB68FA88A3F86020FB6856
:10E3A000FA88A3F86220FB6800225A66FB68002204
:10E3B000A3F86820FB680022A3F86A20FB6800220B
:10E3C0005A67FB6800221A67FB689B68B3F5C02F89
:10E3D00008D1FB681B681A68FB681B6842F400627E
:10E3E0001A6009E0FB681B68DB6823F4C022FB6845
:10E3F0001B6842F40032DA60FB681B685A68964B6F
:10E400001340F988FA6812680B435360FB681B6875
:10E410001A68FB681B6842F001021A60FB685B68BF
:10E42000B3F5800F07D1FB681B681A68FB681B688F
:10E4300042F400721A60FB68DB680F2B47D93FE09B
:10E44000FB681B685B6903F00203022B14D1FB68B5
:10E45000DA6DFB681B6812681A62FB68DB6D1A1DB7
:10E46000FB68DA65FB68B3F862309BB2013B9AB295
:10E47000FB68A3F8622023E0FCF7CEF802463B6974
:10E48000D31A3A689A4203D83B68B3F1FF3F02D1EE
:10E490003B68002B14D1F86800F0A8FBFB68D3F8A8
:10E4A000843043F48072FB68C3F88420FB68012247
:10E4B00083F88120FB68002283F8802003231EE17B
:10E4C000FB68B3F862309BB2002BB9D1F1E0FB6876
:10E4D000DB68072B40F2E6805DE0FB681B685B6948
:10E4E00003F00203022B32D1FB68B3F862309BB217
:10E4F000012B18D9FB68DB6B002B14D0FB68DA6D9D
:10E50000FB681B6812681A62FB68DB6D1A1DFB68EA
:10E51000DA65FB68B3F862309BB2023B9AB2FB68E3
:10E52000A3F8622037E0FB68DB6D1A887B691A80EC
:10E53000FB68DB6D9A1CFB68DA65FB68B3F8623038
:10E540009BB2013B9AB2FB68A3F8622023E0FCF780
:10E5500063F802463B69D31A3A689A4203D83B688B
:10E56000B3F1FF3F02D13B68002B14D1F86800F0F3
:10E570003DFBFB68D3F8843043F48072FB68C3F83A
:10E580008420FB68012283F88120FB68002283F845
:10E5900080200323B3E0FB68B3F862309BB2002B0A
:10E5A0009BD186E0FB681B685B6903F00203022BCA
:10E5B00054D1FB68B3F862309BB2032B18D9FB68C7
:10E5C000DB6B402B14D9FB68DA6DFB681B681268A3
:10E5D0001A62FB68DB6D1A1DFB68DA65FB68B3F82D
:10E5E00062309BB2043B9AB2FB68A3F8622059E008
:10E5F000FB68B3F862309BB2012B17D9FB68DB6B69
:10E60000002B13D0FB68DB6D1A887B691A80FB68CE
:10E61000DB6D9A1CFB68DA65FB68B3F862309BB26D
:10E62000023B9AB2FB68A3F862203BE0FB68DA6D1C
:10E63000FB681B68203312781A70FB68DB6D5A1C6C
:10E64000FB68DA65FB68B3F862309BB2013B9AB2B3
:10E65000FB68A3F8622025E00000FFFFFBF7DCFF6A
:10E6600002463B69D31A3A689A4203D83B68B3F131
:10E67000FF3F02D13B68002B14D1F86800F0B6FAD6
:10E68000FB68D3F8843043F48072FB68C3F88420BD
:10E69000FB68012283F88120FB68002283F8802038
:10E6A00003232CE0FB68B3F862309BB2002B7FF4AD
:10E6B00079AF3B6900933B6800220821F86800F0BD
:10E6C00035FB0346002B07D0FB68D3F8843043F0BA
:10E6D0002002FB68C3F88420F86800F087FAFB6822
:10E6E000012283F88120FB68002283F88020FB68E8
:10E6F000D3F88430002B01D0012300E0002318461A
:10E700001837BD4680BD00BF80B588B000AFF86047
:10E71000B9603B601346FB80FB68DB6B5B099BB217
:10E720000133FB83FB681B683033BB61FBF774FF6D
:10E730007861FB6893F88130DBB2012B01D00223B2
:10E7400050E2BB68002B02D0FB88002B01D10123D3
:10E7500048E2FB6893F88030012B01D1022341E2AB
:10E76000FB68012283F88020FB68042283F8812063
:10E77000FB680022C3F88420FB68BA685A66FB680D
:10E78000FA88A3F86820FB68FA88A3F86A20FB6877
:10E790000022DA65FB680022A3F86020FB680022F3
:10E7A000A3F86220FB6800221A67FB6800225A6700
:10E7B000FB689B68B3F5C02F08D1FB681B681A681B
:10E7C000FB681B6822F400621A6009E0FB681B68A2
:10E7D000DB6823F4C022FB681B6842F48022DA6005
:10E7E000FB681B685A68954B1340F988FA681268F1
:10E7F0000B435360FB681B681A68FB681B6842F098
:10E8000001021A60FB685B68B3F5800F07D1FB68F3
:10E810001B681A68FB681B6842F400721A60FB6888
:10E82000DB680F2B6CD964E0FB681B685B693B619C
:10E83000FB681B685B6903F00103012B14D1FB68C3
:10E840001A68FB685B6E126B1A60FB685B6E1A1DC0
:10E85000FB685A66FB68B3F86A309BB2013B9AB218
:10E86000FB68A3F86A2044E0FB68B3F86A309BB207
:10E87000FA8B9A4219D93B6903F40043002B14D058
:10E88000FB681A68FB685B6E126B1A60FB685B6E54
:10E890001A1DFB685A66FB68B3F86A309BB2013BED
:10E8A0009AB2FB68A3F86A2023E0FBF7B5FE0246A4
:10E8B0007B69D31A3A689A4203D83B68B3F1FF3FA9
:10E8C00002D13B68002B14D1F86800F08FF9FB6887
:10E8D000D3F8843043F48072FB68C3F88420FB686B
:10E8E000012283F88120FB68002283F88020032323
:10E8F00078E1FB68B3F86A309BB2002B94D15EE1FB
:10E90000FB68DB68072B40F253818FE0FB681B68D4
:10E910005B693B61FB681B685B6903F00103012BCA
:10E9200014D1FB685B6EBA69128892B21A80FB68D8
:10E930005B6E9A1CFB685A66FB68B3F86A309BB240
:10E94000013B9AB2FB68A3F86A206FE0FB68B3F85A
:10E950006A309BB2FA8B9A4224D93B6903F4004394
:10E96000002B1FD0FB685B6EBA69128892B21A80C6
:10E97000FB685B6E9A1CFB685A66FB685B6EBA6943
:10E98000128892B21A80FB685B6E9A1CFB685A660A
:10E99000FB68B3F86A309BB2023B9AB2FB68A3F8FB
:10E9A0006A2043E0FB68B3F86A309BB2012B19D1AF
:10E9B0003B6903F40053002B14D0FB685B6EBA690B
:10E9C000128892B21A80FB685B6E9A1CFB685A66CA
:10E9D000FB68B3F86A309BB2013B9AB2FB68A3F8BC
:10E9E0006A2023E0FBF718FE02467B69D31A3A68D7
:10E9F0009A4203D83B68B3F1FF3F02D13B68002B3A
:10EA000014D1F86800F0F2F8FB68D3F8843043F4CE
:10EA10008072FB68C3F88420FB68012283F88120A0
:10EA2000FB68002283F880200323DBE0FB68B3F857
:10EA30006A309BB2002B7FF469AFC0E00000FFFF9B
:10EA4000FB681B685B693B61FB681B685B6903F0E3
:10EA50000103012B17D1FB681B6803F13002FB682F
:10EA60005B6E1278D2B21A70FB685B6E5A1CFB6840
:10EA70005A66FB68B3F86A309BB2013B9AB2FB68F6
:10EA8000A3F86A2094E0FB68B3F86A309BB2FA8B73
:10EA90009A4246D93B6903F40043002B41D0FB68FE
:10EAA0001B6803F13002FB685B6E1278D2B21A70F9
:10EAB000FB685B6E5A1CFB685A66FB681B6803F1B7
:10EAC0003002FB685B6E1278D2B21A70FB685B6E24
:10EAD0005A1CFB685A66FB681B6803F13002FB682E
:10EAE0005B6E1278D2B21A70FB685B6E5A1CFB68C0
:10EAF0005A66FB681B6803F13002FB685B6E127894
:10EB0000D2B21A70FB685B6E5A1CFB685A66FB68CF
:10EB1000B3F86A309BB2043B9AB2FB68A3F86A2050
:10EB200046E0FB68B3F86A309BB2032B1CD83B6904
:10EB300003F4C043002B17D0FB681B6803F13002BD
:10EB4000FB685B6E1278D2B21A70FB685B6E5A1C5F
:10EB5000FB685A66FB68B3F86A309BB2013B9AB215
:10EB6000FB68A3F86A2023E0FBF756FD02467B69A9
:10EB7000D31A3A689A4203D83B68B3F1FF3F02D1F7
:10EB80003B68002B14D1F86800F030F8FB68D3F82C
:10EB9000843043F48072FB68C3F88420FB68012250
:10EBA00083F88120FB68002283F88020032319E08A
:10EBB000FB68B3F86A309BB2002B7FF441AFF86872
:10EBC00000F014F8FB68012283F88120FB68002222
:10EBD00083F88020FB68D3F88430002B01D0012318
:10EBE00000E0002318462037BD4680BD80B485B0C4
:10EBF00000AF78607B681B685B69FB607B681B68A3
:10EC00009A697B681B6842F008029A617B681B68FE
:10EC10009A697B681B6842F010029A617B681B68E6
:10EC20001A687B681B6822F001021A607B681B6807
:10EC300019697B681A683C4B0B4013617B681B6841
:10EC40009A687B681B6822F440429A607B6893F85C
:10EC50008130DBB2042B14D0FB6803F02003002BBF
:10EC60000FD07B68D3F8843043F080027B68C3F810
:10EC700084207B681B689A697B681B6842F02002CD
:10EC80009A617B6893F88130DBB2032B14D0FB6868
:10EC900003F04003002B0FD07B68D3F8843043F09F
:10ECA00004027B68C3F884207B681B689A697B68D0
:10ECB0001B6842F040029A61FB6803F40073002B6A
:10ECC0000FD07B68D3F8843043F001027B68C3F82F
:10ECD00084207B681B689A697B681B6842F4007219
:10ECE0009A61FB6803F48073002B0FD07B68D3F824
:10ECF000843043F008027B68C3F884207B681B687B
:10ED00009A697B681B6842F480729A617B68002272
:10ED1000A3F862207B680022A3F86A2000BF1437A2
:10ED2000BD465DF8047B704790FCFFFF80B584B062
:10ED300000AFF860B9603B601346FB7110E0FBF771
:10ED40006BFC0246BB69D31A3A689A4203D83B6807
:10ED5000B3F1FF3F02D13B68002B01D103230FE049
:10ED6000FB681B685A69BB681340BA689A420CBFBB
:10ED700001230023DBB21A46FB799A42DFD000233D
:10ED800018461037BD4680BD80B485B000AF7860AE
:10ED90007B68DB6B5B090133FB607B68DB680133FD
:10EDA000BB60BB680733DB08BB60BB68FA6802FB6B
:10EDB00003F318461437BD465DF8047B704780B5F1
:10EDC00082B000AF78607B68002B01D1012342E064
:10EDD0007B68D3F88830002B06D17B68002283F84B
:10EDE0008420786815F012F97B682422C3F8882003
:10EDF0007B681B681A687B681B6822F001021A6036
:10EE00007B689B6A002B02D0786801F0BDFB7868B4
:10EE100000F052FE0346012B01D101231BE07B6869
:10EE20001B685A687B681B6822F490425A607B68B2
:10EE30001B689A687B681B6822F02A029A607B68CC
:10EE40001B681A687B681B6842F001021A607868C8
:10EE500001F03CFC034618460837BD4680BD80B52E
:10EE600082B000AF78607B68002B01D1012331E0D4
:10EE70007B682422C3F888207B681B681A687B683B
:10EE80001B6822F001021A607B681B6800221A606E
:10EE90007B681B6800225A607B681B6800229A60AE
:10EEA000786815F005FB7B680022C3F890207B682A
:10EEB0000022C3F888207B680022C3F88C207B687E
:10EEC0000022DA667B6800221A677B68002283F8DA
:10EED0008420002318460837BD4680BD80B58AB01F
:10EEE00002AFF860B9603B601346FB80FB68D3F863
:10EEF0008830202B7BD1BB68002B02D0FB88002BF5
:10EF000001D1012374E0FB680022C3F89020FB6864
:10EF10002122C3F88820FBF77FFB7861FB68FA8821
:10EF2000A3F85420FB68FA88A3F85620FB689B6876
:10EF3000B3F5805F08D1FB681B69002B04D1002367
:10EF4000FB61BB68BB6103E0BB68FB610023BB6185
:10EF500030E03B6800937B6900228021F86801F073
:10EF60005FFC0346002B05D0FB682022C3F88820F5
:10EF700003233DE0FB69002B0BD1BB691B881A46BC
:10EF8000FB681B68C2F308029A62BB690233BB616B
:10EF900007E0FB691A78FB681B689A62FB6901331A
:10EFA000FB61FB68B3F856309BB2013B9AB2FB6839
:10EFB000A3F85620FB68B3F856309BB2002BC8D19B
:10EFC0003B6800937B6900224021F86801F028FC2F
:10EFD0000346002B05D0FB682022C3F888200323BA
:10EFE00006E0FB682022C3F88820002300E002230B
:10EFF00018462037BD4680BD80B58AB000AFF860A6
:10F00000B9601346FB80FB68D3F88830202B67D1AA
:10F01000BB68002B02D0FB88002B01D1012360E0EC
:10F02000FB68BA681A65FB68FA88A3F85420FB6885
:10F03000FA88A3F85620FB680022C3F89020FB68EA
:10F040002122C3F88820FB68DB6F002B28D0FB68E7
:10F05000DB6F264ADA63FB68DB6F254A1A64FB68BC
:10F06000DB6F244ADA64FB68DB6F00221A65FB68F9
:10F07000D86FFB681B6D1946FB681B6828331A465E
:10F08000FB88F8F7ADFD0346002B09D0FB68102282
:10F09000C3F89020FB682022C3F88820012320E0D9
:10F0A000FB681B6840221A62FB681B6808337B619F
:10F0B0007B6953E8003F3B613B6943F080037B621F
:10F0C000FB681B6808337A6A3A62FB61F9693A6A3D
:10F0D00041E80023BB61BB69002BE5D1002300E0C0
:10F0E000022318462837BD4680BD00BF990B010892
:10F0F0002F0C0108B10D010880B58AB000AFF8608F
:10F10000B9601346FB80FB68D3F88C30202B37D1D5
:10F11000BB68002B02D0FB88002B01D1012330E01B
:10F12000FB680022DA66FB681B68184A93421FD00E
:10F13000FB681B685B6803F40003002B18D0FB68B6
:10F140001B687B617B6953E8003F3B613B6943F08F
:10F1500080637B62FB681B681A467B6A3B62FA61CC
:10F16000F9693A6A41E80023BB61BB69002BE6D12B
:10F17000FB881A46B968F86801F0C0FB034600E056
:10F18000022318462837BD4680BD00BF000C00583A
:10F1900080B590B000AF78607B68D3F88830FB63AF
:10F1A0007B68D3F88C30BB637B681B689B6803F07B
:10F1B0008003802B39D1FB6B212B36D17B681B68F8
:10F1C00008333B623B6A53E8003FFB61FB6923F075
:10F1D00080037B637B681B6808337A6BFA62BB62CF
:10F1E000B96AFA6A41E800237B627B6A002BE5D1A9
:10F1F0007B68DB6F002B15D07B68DB6F1846F8F758
:10F2000059FF0346002B0DD07B68DB6F1846FAF7D9
:10F21000DFFB0346202B05D17B681022C3F890202A
:10F22000032347E0786801F00FFC7B681B689B684C
:10F2300003F04003402B3CD1BB6B222B39D17B68C0
:10F240001B680833FB60FB6853E8003FBB60BB688A
:10F2500023F040033B637B681B6808333A6BBA6159
:10F260007B617969BA6941E800233B613B69002B06
:10F27000E5D17B68D3F88030002B17D07B68D3F8BA
:10F2800080301846F8F716FF0346002B0ED07B6837
:10F29000D3F880301846FAF79BFB0346202B05D1A4
:10F2A0007B681022C3F89020032303E0786801F004
:10F2B0000DFC002318464037BD4680BD80B5BAB06E
:10F2C00000AF78607B681B68DB69C7F8E4307B6857
:10F2D0001B681B68C7F8E0307B681B689B68C7F831
:10F2E000DC30D7F8E42040F60F031340C7F8D830DD
:10F2F000D7F8D830002B1BD1D7F8E43003F0200327
:10F30000002B15D0D7F8E03003F02003002B05D1F7
:10F31000D7F8DC3003F08053002B09D07B685B6F9B
:10F32000002B00F093837B685B6F786898478DE3D0
:10F33000D7F8D830002B00F02381D7F8DC208D4B94
:10F340001340002B06D1D7F8E0208B4B1340002B45
:10F3500000F01681D7F8E43003F00103002B11D040
:10F36000D7F8E03003F48073002B0BD07B681B6868
:10F3700001221A627B68D3F8903043F001027B6867
:10F38000C3F89020D7F8E43003F00203002B11D02B
:10F39000D7F8DC3003F00103002B0BD07B681B682F
:10F3A00002221A627B68D3F8903043F004027B6833
:10F3B000C3F89020D7F8E43003F00403002B11D0F9
:10F3C000D7F8DC3003F00103002B0BD07B681B68FF
:10F3D00004221A627B68D3F8903043F002027B6803
:10F3E000C3F89020D7F8E43003F00803002B17D0BF
:10F3F000D7F8E03003F02003002B05D1D7F8DC204C
:10F400005C4B1340002B0BD07B681B6808221A62F0
:10F410007B68D3F8903043F008027B68C3F89020F3
:10F42000D7F8E43003F40063002B12D0D7F8E030B3
:10F4300003F08063002B0CD07B681B684FF40062E4
:10F440001A627B68D3F8903043F020027B68C3F8DF
:10F4500090207B68D3F89030002B00F0F982D7F829
:10F46000E43003F02003002B13D0D7F8E03003F092
:10F470002003002B05D1D7F8DC3003F08053002B9C
:10F4800007D07B685B6F002B03D07B685B6F78686D
:10F4900098477B68D3F89030C7F8D4307B681B68F6
:10F4A0009B6803F04003402B05D0D7F8D43003F01D
:10F4B0002803002B54D0786801F008FB7B681B6898
:10F4C0009B6803F04003402B46D17B681B680833E0
:10F4D000C7F89C30D7F89C3053E8003FC7F8983005
:10F4E000D7F8983023F04003C7F8D0307B681B680A
:10F4F0000833D7F8D020C7F8A820C7F8A430D7F829
:10F50000A410D7F8A82041E80023C7F8A030D7F806
:10F51000A030002BD9D17B68D3F88030002B17D0D6
:10F520007B68D3F88030154A1A657B68D3F8803041
:10F530001846F9F7DDF80346002B19D07B68D3F89D
:10F5400080301B6D7A68D2F88020104698470FE013
:10F55000786800F0A7FA0BE0786800F0A3FA07E0FB
:10F56000786800F09FFA7B680022C3F890206FE271
:10F5700000BF6DE20100001020010004310E0108FF
:10F580007B68DB6E012B40F00382D7F8E43003F098
:10F590001003002B00F0FC81D7F8E03003F01003DB
:10F5A000002B00F0F5817B681B6810221A627B68D3
:10F5B0001B689B6803F04003402B40F06D817B6823
:10F5C000D3F880301B68A44A934268D07B68D3F894
:10F5D00080301B68A14A934261D07B68D3F88030A9
:10F5E0001B689F4A93425AD07B68D3F880301B68CF
:10F5F0009C4A934253D07B68D3F880301B689A4A68
:10F6000093424CD07B68D3F880301B68974A934272
:10F6100045D07B68D3F880301B68954A93423ED032
:10F620007B68D3F880301B68924A934237D07B685E
:10F63000D3F880301B68904A934230D07B68D3F86F
:10F6400080301B688D4A934229D07B68D3F8803084
:10F650001B688B4A934222D07B68D3F880301B68AA
:10F66000884A93421BD07B68D3F880301B68864A57
:10F67000934214D07B68D3F880301B68834A93424E
:10F680000DD07B68D3F880301B68814A934206D046
:10F690007B68D3F880301B687E4A934206D17B6832
:10F6A000D3F880301B685B689BB205E07B68D3F8B9
:10F6B00080301B685B689BB2A7F8BE30B7F8BE30DD
:10F6C000002B00F0AD807B68B3F85C30B7F8BE204B
:10F6D0009A4280F0A5807B68B7F8BE20A3F85E2030
:10F6E0007B68D3F88030DB69B3F5807F00F08780DA
:10F6F0007B681B68C7F88830D7F8883053E8003F2C
:10F70000C7F88430D7F8843023F48073C7F8B83052
:10F710007B681B681A46D7F8B830C7F89430C7F82A
:10F720009020D7F89010D7F8942041E80023C7F82C
:10F730008C30D7F88C30002BDAD17B681B6808330B
:10F740007B677B6F53E8003F3B673B6F23F0010310
:10F75000C7F8B4307B681B680833D7F8B420C7F803
:10F760008020FB67F96FD7F8802041E80023BB6752
:10F77000BB6F002BE1D17B681B6808333B663B6E97
:10F7800053E8003FFB65FB6D23F04003C7F8B03042
:10F790007B681B680833D7F8B020FA66BB66B96E81
:10F7A000FA6E41E800237B667B6E002BE3D17B6819
:10F7B0002022C3F88C207B680022DA667B681B68F5
:10F7C000FB64FB6C53E8003FBB64BB6C23F010038D
:10F7D000C7F8AC307B681B681A46D7F8AC30BB65FD
:10F7E0007A65796DBA6D41E800233B653B6D002B6E
:10F7F000E4D17B68D3F880301846F8F75BFC7B686F
:10F8000002221A677B68B3F85C207B68B3F85E302D
:10F810009BB2D31A9BB2194678681CF001FE19E11D
:10F820007B68B3F85C30B7F8BE209A4240F0128192
:10F830007B68D3F88030DB69B3F5807F40F00A81C4
:10F840007B6802221A677B68B3F85C3019467868D7
:10F850001CF0E6FDFEE000BF100002402800024060
:10F860004000024058000240700002408800024000
:10F87000A0000240B80002401004024028040240E8
:10F8800040040240580402407004024088040240D0
:10F89000A0040240B80402407B68B3F85C207B6897
:10F8A000B3F85E309BB2D31AA7F8CE307B68B3F8BA
:10F8B0005E309BB2002B00F0CF80B7F8CE30002B2B
:10F8C00000F0CA807B681B68BB63BB6B53E8003FDA
:10F8D0007B637B6B23F49073C7F8C8307B681B682D
:10F8E0001A46D7F8C8307B643A64396C7A6C41E8C0
:10F8F0000023FB63FB6B002BE4D17B681B680833A0
:10F900007B627B6A53E8003F3B623A6A554B134087
:10F91000C7F8C4307B681B680833D7F8C4203A6343
:10F92000FB62F96A3A6B41E80023BB62BB6A002BB9
:10F93000E3D17B682022C3F88C207B680022DA6642
:10F940007B6800225A677B681B683B613B6953E810
:10F95000003FFB60FB6823F01003C7F8C0307B68F2
:10F960001B681A46D7F8C030FB61BA61B969FA69F9
:10F9700041E800237B617B69002BE4D17B68022294
:10F980001A67B7F8CE30194678681CF049FD63E075
:10F99000D7F8E43003F48013002B0ED0D7F8DC3016
:10F9A00003F48003002B08D07B681B684FF480129F
:10F9B0001A62786801F079FA51E0D7F8E43003F080
:10F9C0008003002B14D0D7F8E03003F08003002B25
:10F9D00005D1D7F8DC3003F40003002B08D07B6896
:10F9E0009B6F002B3AD07B689B6F7868984735E017
:10F9F000D7F8E43003F04003002B09D0D7F8E0300B
:10FA000003F04003002B03D0786801F023FA26E0CE
:10FA1000D7F8E43003F40003002B09D0D7F8E03026
:10FA200003F08043002B03D0786801F052FA16E00F
:10FA3000D7F8E43003F08073002B10D0D7F8E03013
:10FA4000002B0CDA786801F03AFA08E000BF06E013
:10FA500000BF04E000BF02E000BF00E000BFE837E5
:10FA6000BD4680BDFEFFFFEF80B483B000AF78607D
:10FA700000BF0C37BD465DF8047B704780B483B08F
:10FA800000AF786000BF0C37BD465DF8047B70475F
:10FA900080B483B000AF786000BF0C37BD465DF81E
:10FAA000047B704780B483B000AF786000BF0C3730
:10FAB000BD465DF8047B70472DE9B04F92B000AFB2
:10FAC0007861002387F842307B699A687B691B69FB
:10FAD0001A437B695B691A437B69DB6913437B6467
:10FAE0007B691B681A68BE4B13407A691268796C8F
:10FAF0000B4313607B691B685B6823F440517B698F
:10FB0000DA687B691B680A435A607B699B697B647E
:10FB10007B691B68B34A934204D07B691B6A7A6C89
:10FB200013437B647B691B689A68AF4B13407A6907
:10FB30001268796C0B4393607B691B68DB6A23F066
:10FB40000F017B695A6A7B691B680A43DA627B6929
:10FB50001B68A64A934277D1A54B5B6D03F038032F
:10FB6000282B6DD801A252F823F000BF11FC000829
:10FB700041FC000841FC000841FC000841FC000871
:10FB800041FC000841FC000841FC000819FC000889
:10FB900041FC000841FC000841FC000841FC000851
:10FBA00041FC000841FC000841FC000821FC000861
:10FBB00041FC000841FC000841FC000841FC000831
:10FBC00041FC000841FC000841FC000829FC000839
:10FBD00041FC000841FC000841FC000841FC000811
:10FBE00041FC000841FC000841FC000831FC000811
:10FBF00041FC000841FC000841FC000841FC0008F1
:10FC000041FC000841FC000841FC000839FC0008E8
:10FC1000012387F8433022E2042387F843301EE2B1
:10FC2000082387F843301AE2102387F8433016E29E
:10FC3000202387F8433012E2402387F843300EE256
:10FC4000802387F843300AE27B691B68694A934244
:10FC500030D1674B5B6D03F00703052B26D801A25B
:10FC600052F823F07DFC000885FC00088DFC00089C
:10FC700095FC00089DFC0008A5FC0008002387F8FF
:10FC80004330ECE1042387F84330E8E1082387F8A8
:10FC90004330E4E1102387F84330E0E1202387F884
:10FCA0004330DCE1402387F84330D8E1802387F8F4
:10FCB0004330D4E17B691B684F4A934230D14C4BAF
:10FCC0005B6D03F00703052B26D801A252F823F041
:10FCD000E9FC0008F1FC0008F9FC000801FD00083F
:10FCE00009FD000811FD0008002387F84330B6E144
:10FCF000042387F84330B2E1082387F84330AEE1AC
:10FD0000102387F84330AAE1202387F84330A6E187
:10FD1000402387F84330A2E1802387F843309EE1F7
:10FD20007B691B68354A934230D1314B5B6D03F0E0
:10FD30000703052B26D801A252F823F055FD000831
:10FD40005DFD000865FD00086DFD000875FD0008FB
:10FD50007DFD0008002387F8433080E1042387F805
:10FD600043307CE1082387F8433078E1102387F89B
:10FD7000433074E1202387F8433070E1402387F853
:10FD800043306CE1802387F8433068E17B691B686E
:10FD90001B4A934242D1164B5B6D03F00703052BC0
:10FDA00038D801A252F823F0C1FD0008C9FD0008AF
:10FDB000D1FD0008D9FD000805FE00080DFE000871
:10FDC000002387F843304AE1042387F8433046E1B3
:10FDD000082387F8433042E1102387F843303EE19F
:10FDE000F369FFCF000C0058FFF4FF110010014031
:10FDF000004402580044004000480040004C0040CD
:10FE000000500040202387F8433028E1402387F842
:10FE1000433024E1802387F8433020E17B691B686D
:10FE2000CB4A934276D1CB4B5B6D03F03803282B42
:10FE30006CD801A252F823F0DDFE00080DFF000887
:10FE40000DFF00080DFF00080DFF00080DFF000862
:10FE50000DFF00080DFF0008E5FE00080DFF00087B
:10FE60000DFF00080DFF00080DFF00080DFF000842
:10FE70000DFF00080DFF0008EDFE00080DFF000853
:10FE80000DFF00080DFF00080DFF00080DFF000822
:10FE90000DFF00080DFF0008F5FE00080DFF00082B
:10FEA0000DFF00080DFF00080DFF00080DFF000802
:10FEB0000DFF00080DFF0008FDFE00080DFF000803
:10FEC0000DFF00080DFF00080DFF00080DFF0008E2
:10FED0000DFF00080DFF000805FF0008012387F84B
:10FEE0004330BCE0042387F84330B8E0082387F8A8
:10FEF0004330B4E0102387F84330B0E0202387F884
:10FF00004330ACE0402387F84330A8E0802387F8F3
:10FF10004330A4E07B691B688F4A934230D18D4BFC
:10FF20005B6D03F00703052B26D801A252F823F0DE
:10FF300049FF000851FF000859FF000861FF000851
:10FF400069FF000871FF0008002387F8433086E04E
:10FF5000042387F8433082E0082387F843307EE0AB
:10FF6000102387F843307AE0202387F8433076E087
:10FF7000402387F8433072E0802387F843306EE0F7
:10FF80007B691B68754A934230D1724B5B6D03F0FD
:10FF90000703052B26D801A252F823F0B5FF00086D
:10FFA000BDFF0008C5FF0008CDFF0008D5FF000811
:10FFB000DDFF0008002387F8433050E0042387F872
:10FFC00043304CE0082387F8433048E0102387F89B
:10FFD000433044E0202387F8433040E0402387F853
:10FFE00043303CE0802387F8433038E07B691B686E
:10FFF0005B4A934230D1574B9B6D03F00703052BAF
:020000040801F1
:1000000026D801A252F823F0210001082900010896
:1000100031000108390001084100010849000108C8
:10002000022387F843301AE0042387F8433016E0B0
:10003000082387F8433012E0102387F843300EE09E
:10004000202387F843300AE0402387F8433006E056
:10005000802387F8433002E0802387F843307B69B0
:100060001B683F4A934240F0F88097F84330202BBA
:1000700046DC022BC0F28280023B1E2B7ED801A2FE
:1000800052F823F0070101087D0101080F01010862
:100090007D0101087D0101087D0101081F010108A2
:1000A0007D0101087D0101087D0101087D01010834
:1000B0007D0101087D0101087D0101082F01010872
:1000C0007D0101087D0101087D0101087D01010814
:1000D0007D0101087D0101087D0101087D01010804
:1000E0007D0101087D0101087D0101087D010108F4
:1000F0007D0101087D0101087D0101086F010108F2
:10010000402B37D03AE0F5F7DFFFF8633CE007F12A
:1001100024031846F5F7EEFFBB6AFB6334E007F1F2
:1001200018031846F6F73AF9FB69FB632CE0094B14
:100130001B6803F02003002B16D0064B1B68DB085E
:1001400003F00303074A22FA03F3FB631CE000BF3A
:10015000001401400044025800780040007C004038
:10016000000C00580090D0039D4BFB630CE09D4BAE
:10017000FB6309E04FF40043FB6305E00023FB63EE
:10018000012387F8423000BFFB6B002B00F0DE81BB
:100190007B695B6A944A32F813301A46FB6BB3FBF7
:1001A000F2F33B637B695A6813465B0013443A6B76
:1001B0009A4205D37B695B681B033A6B9A4203D969
:1001C000012387F84230C1E1FB6B0022BB60FA607B
:1001D0007B695B6A844A32F813309BB200223B6031
:1001E0007A60D7E90023D7E90201F0F735FA024631
:1001F0000B46104619464FF000024FF000030B0269
:1002000043EA1063020279694968490800200C46F4
:10021000054612EB040843EB05097B695B68002285
:100220009A46934652465B4640464946F0F714FAD2
:1002300002460B461346BB63BB6BB3F5407F08D346
:10024000BB6BB3F5801F04D27B691B68BA6BDA60A5
:100250007CE1012387F8423078E17B69DB69B3F503
:10026000004F40F0C58097F84330202B48DC002B2E
:100270007BDB202B79D801A252F823F00703010879
:100280000F0301086B0301086B0301081703010842
:100290006B0301086B0301086B03010827030108C6
:1002A0006B0301086B0301086B0301086B03010872
:1002B0006B0301086B0301086B0301083703010896
:1002C0006B0301086B0301086B0301086B03010852
:1002D0006B0301086B0301086B0301086B03010842
:1002E0006B0301086B0301086B0301086B03010832
:1002F0006B0301086B0301086B0301085D03010830
:10030000402B2ED031E0F3F7E7FEF86333E0F3F74C
:10031000F9FEF8632FE007F124031846F5F7EAFE2B
:10032000BB6AFB6327E007F118031846F6F736F8B7
:10033000FB69FB631FE02D4B1B6803F02003002BC0
:1003400009D02A4B1B68DB0803F00303244A22FA76
:1003500003F3FB630FE0224BFB630CE0214BFB63D9
:1003600009E04FF40043FB6305E00023FB63012336
:1003700087F8423000BFFB6B002B00F0E7807B6901
:100380005B6A194A32F813301A46FB6BB3FBF2F37F
:100390005A007B695B685B081A447B695B68B2FB47
:1003A000F3F3BB63BB6B0F2B16D9BB6BB3F5803F6D
:1003B00012D2BB6B9BB223F00F03FB86BB6B5B08B7
:1003C0009BB203F007039AB2FB8E1343FB867B6953
:1003D0001B68FA8EDA60B9E0012387F84230B5E095
:1003E0000090D00300093D00200205080044025897
:1003F00097F84330202B49DC002B7CDB202B7AD86C
:1004000001A252F823F000BF930401089B040108E5
:10041000F7040108F7040108A3040108F704010820
:10042000F7040108F7040108B3040108F704010800
:10043000F7040108F7040108F7040108F7040108AC
:10044000F7040108F7040108C3040108F7040108D0
:10045000F7040108F7040108F7040108F70401088C
:10046000F7040108F7040108F7040108F70401087C
:10047000F7040108F7040108F7040108F70401086C
:10048000F7040108F7040108E9040108402B2ED005
:1004900031E0F3F721FEF86333E0F3F733FEF8635E
:1004A0002FE007F124031846F5F724FEBB6AFB632F
:1004B00027E007F118031846F5F770FFFB69FB63A7
:1004C0001FE02D4B1B6803F02003002B09D02A4BA3
:1004D0001B68DB0803F00303284A22FA03F3FB63DB
:1004E0000FE0264BFB630CE0254BFB6309E04FF468
:1004F0000043FB6305E00023FB63012387F84230E0
:1005000000BFFB6B002B21D07B695B6A1D4A32F870
:1005100013301A46FB6BB3FBF2F27B695B685B0836
:100520001A447B695B68B2FBF3F3BB63BB6B0F2BB5
:1005300009D9BB6BB3F5803F05D2BB6B9AB27B691F
:100540001B68DA6002E0012387F842307B690122F0
:10055000A3F86A207B690122A3F868207B69002246
:100560005A677B6900229A6797F8423018464837E5
:10057000BD46BDE8B08F00BF004402580090D003D4
:1005800000093D002002050880B483B000AF786008
:100590007B689B6A03F00803002B0AD07B681B680A
:1005A0005B6823F400417B689A6B7B681B680A4395
:1005B0005A607B689B6A03F00103002B0AD07B68BA
:1005C0001B685B6823F400317B68DA6A7B681B6810
:1005D0000A435A607B689B6A03F00203002B0AD02F
:1005E0007B681B685B6823F480317B681A6B7B68CF
:1005F0001B680A435A607B689B6A03F00403002B64
:100600000AD07B681B685B6823F480217B685A6B87
:100610007B681B680A435A607B689B6A03F010037F
:10062000002B0AD07B681B689B6823F480517B6891
:10063000DA6B7B681B680A439A607B689B6A03F0ED
:100640002003002B0AD07B681B689B6823F40051B1
:100650007B681A6C7B681B680A439A607B689B6A9C
:1006600003F04003002B1AD07B681B685B6823F4FF
:1006700080117B685A6C7B681B680A435A607B68F0
:100680005B6CB3F5801F0AD17B681B685B6823F441
:10069000C0017B689A6C7B681B680A435A607B6860
:1006A0009B6A03F08003002B0AD07B681B685B68A1
:1006B00023F400217B68DA6C7B681B680A435A606C
:1006C00000BF0C37BD465DF8047B704780B598B01D
:1006D00002AF78607B680022C3F89020F9F79CFF96
:1006E00078657B681B681B6803F00803082B2FD113
:1006F0006FF07E4300937B6D00224FF40011786809
:1007000000F08EF80346002B22D07B681B68BB6389
:10071000BB6B53E8003F7B637B6B23F080033B653F
:100720007B681B681A463B6D7B643A64396C7A6C53
:1007300041E80023FB63FB6B002BE6D17B682022A2
:10074000C3F888207B68002283F88420032363E0B9
:100750007B681B681B6803F00403042B49D16FF00E
:100760007E4300937B6D00224FF48001786800F097
:1007700057F80346002B3CD07B681B687B627B6A82
:1007800053E8003F3B623B6A23F49073FB647B6851
:100790001B681A46FB6C3B63FA62F96A3A6B41E8E4
:1007A0000023BB62BB6A002BE6D17B681B68083361
:1007B0003B613B6953E8003FFB60FB6823F00103AA
:1007C000BB647B681B680833BA6CFA61BB61B969AA
:1007D000FA6941E800237B617B69002BE5D17B68E6
:1007E0002022C3F88C207B68002283F88420032316
:1007F00012E07B682022C3F888207B682022C3F89F
:100800008C207B680022DA667B6800221A677B688E
:10081000002283F88420002318465837BD4680BD47
:1008200080B584B000AFF860B9603B601346FB71DF
:100830004FE0BB69B3F1FF3F4BD0F9F7EDFE024645
:100840003B68D31ABA699A4202D3BB69002B01D123
:1008500003234EE0FB681B681B6803F00403002BB6
:1008600037D0BB68802B34D0BB68402B31D0FB68BD
:100870001B68DB6903F00803082B10D1FB681B68B9
:1008800008221A62F86800F021F9FB680822C3F810
:100890009020FB68002283F88420012329E0FB6874
:1008A0001B68DB6903F40063B3F5006F11D1FB68CB
:1008B0001B684FF400621A62F86800F007F9FB68E1
:1008C0002022C3F89020FB68002283F884200323B1
:1008D0000FE0FB681B68DA69BB681340BA689A428C
:1008E0000CBF01230023DBB21A46FB799A42A0D049
:1008F000002318461037BD4680BD000080B596B075
:1009000000AFF860B9601346FB80FB68BA689A656F
:10091000FB68FA88A3F85C20FB680022C3F89020EB
:10092000FB682222C3F88C20FB68D3F88030002BB0
:100930002DD0FB68D3F88030404ADA63FB68D3F8E7
:1009400080303F4A1A64FB68D3F880303D4ADA644D
:10095000FB68D3F8803000221A65FB68D3F880006A
:10096000FB681B6824331946FB689B6D1A46FB889D
:10097000F7F736F90346002B09D0FB681022C3F8BD
:100980009020FB682022C3F88C20012351E0FB68F3
:100990001B69002B18D0FB681B68FB63FB6B53E8DB
:1009A000003FBB63BB6B43F480737B65FB681B68D4
:1009B0001A467B6DBB647A64796CBA6C41E800239B
:1009C0003B643B6C002BE6D1FB681B680833BB62C1
:1009D000BB6A53E8003F7B627B6A43F001033B65DF
:1009E000FB681B6808333A6D7A633B63396B7A6B3B
:1009F00041E80023FB62FB6A002BE5D1FB681B6822
:100A000008337B617B6953E8003F3B613B6943F0FE
:100A10004003FB64FB681B680833FA6C3A62FB61B5
:100A2000F9693A6A41E80023BB61BB69002BE5D153
:100A3000002318465837BD4680BD00BF4B0C010847
:100A4000730D0108B10D010880B48FB000AF78605C
:100A50007B681B683B623B6A53E8003FFB61FB69B4
:100A600023F0C0037B637B681B681A467B6BFB62C9
:100A7000BA62B96AFA6A41E800237B627B6A002B9A
:100A8000E6D17B681B680833FB60FB6853E8003FD6
:100A9000BB60BB6823F400033B637B681B680833BF
:100AA0003A6BBA617B617969BA6941E800233B61BD
:100AB0003B69002BE5D17B682022C3F8882000BF6A
:100AC0003C37BD465DF8047B7047000080B495B0AC
:100AD00000AF78607B681B687B637B6B53E8003FEB
:100AE0003B633B6B23F49073FB647B681B681A4683
:100AF000FB6C3B64FA63F96B3A6C41E80023BB631F
:100B0000BB6B002BE6D17B681B6808333B623B6AFA
:100B100053E8003FFB61FA691E4B1340BB647B68DE
:100B20001B680833BA6CFA62BB62B96AFA6A41E8B8
:100B300000237B627B6A002BE5D17B68DB6E012B97
:100B400018D17B681B68FB60FB6853E8003FBB6003
:100B5000BB6823F010037B647B681B681A467B6CC0
:100B6000BB617A617969BA6941E800233B613B69FD
:100B7000002BE6D17B682022C3F88C207B68002202
:100B8000DA667B6800225A6700BF5437BD465DF8BD
:100B9000047B7047FEFFFFEF80B590B000AF786038
:100BA0007B689B6BFB637B68DB69B3F5807F37D029
:100BB000FB6B0022A3F85620FB6B1B6808337B629B
:100BC0007B6A53E8003F3B623B6A23F08003BB63D0
:100BD000FB6B1B680833BA6B3A63FB62F96A3A6BCA
:100BE00041E80023BB62BB6A002BE5D1FB6B1B68AD
:100BF0003B613B6953E8003FFB60FB6843F0400307
:100C00007B63FB6B1B681A467B6BFB61BA61B9693E
:100C1000FA6941E800237B617B69002BE6D102E0A1
:100C2000F86B1BF0EBFB00BF4037BD4680BD80B5C5
:100C300084B000AF78607B689B6BFB60F868FEF760
:100C400013FF00BF1037BD4680BD80B59CB000AF1C
:100C500078607B689B6BFB667B68DB69B3F5807FA4
:100C600071D0FB6E0022A3F85E20FB6E1B68FB6454
:100C7000FB6C53E8003FBB64BB6C23F48073BB6622
:100C8000FB6E1B681A46BB6EBB657A65796DBA6DE3
:100C900041E800233B653B6D002BE6D1FB6E1B68F2
:100CA0000833BB63BB6B53E8003F7B637B6B23F074
:100CB00001037B66FB6E1B6808337A6E7A643B64C3
:100CC000396C7A6C41E80023FB63FB6B002BE5D1A8
:100CD000FB6E1B6808337B627B6A53E8003F3B6214
:100CE0003B6A23F040033B66FB6E1B6808333A6E99
:100CF0003A63FB62F96A3A6B41E80023BB62BB6A64
:100D0000002BE5D1FB6E2022C3F88C20FB6EDB6E3E
:100D1000012B18D1FB6E1B683B613B6953E8003F18
:100D2000FB60FB6823F01003FB65FB6E1B681A4633
:100D3000FB6DFB61BA61B969FA6941E800237B6127
:100D40007B69002BE6D1FB6E00221A67FB6EDB6E1F
:100D5000012B07D1FB6EB3F85C301946F86E1BF01F
:100D60005FFB02E0F86EFEF789FE00BF7037BD46FC
:100D700080BD80B584B000AF78607B689B6BFB6002
:100D8000FB6801221A67FB68DB6E012B09D1FB6847
:100D9000B3F85C305B089BB21946F8681BF040FB67
:100DA00002E0F868FEF774FE00BF1037BD4680BD54
:100DB00080B586B000AF78607B689B6B7B617B6998
:100DC000D3F888303B617B69D3F88C30FB607B695A
:100DD0001B689B6803F08003802B09D13B69212BA2
:100DE00006D17B690022A3F856207869FFF72CFE14
:100DF0007B691B689B6803F04003402B09D1FB68AB
:100E0000222B06D17B690022A3F85E207869FFF7C8
:100E10005DFE7B69D3F8903043F010027B69C3F824
:100E200090207869FEF73EFE00BF1837BD4680BDB2
:100E300080B584B000AF78607B689B6BFB60FB681B
:100E40000022A3F85E20F868FEF72CFE00BF1037E2
:100E5000BD4680BD80B588B000AF78607B681B68F8
:100E6000FB60FB6853E8003FBB60BB6823F04003B6
:100E7000FB617B681B681A46FB69BB617A61796913
:100E8000BA6941E800233B613B69002BE6D17B68EE
:100E90002022C3F888207B6800229A6778681BF0BC
:100EA000ADFA00BF2037BD4680BD80B483B000AF2F
:100EB000786000BF0C37BD465DF8047B704780B496
:100EC00083B000AF786000BF0C37BD465DF8047B8F
:100ED000704780B483B000AF786000BF0C37BD4668
:100EE0005DF8047B704780B485B000AF78607B68A4
:100EF00093F88430012B01D1022327E07B68012283
:100F000083F884207B682422C3F888207B681B68D0
:100F10001B68FB607B681B681A687B681B6822F093
:100F200001021A60FB6823F00053FB607B6800221B
:100F30005A667B681B68FA681A607B682022C3F8CF
:100F400088207B68002283F8842000231846143709
:100F5000BD465DF8047B704780B584B000AF786013
:100F600039607B6893F88430012B01D102232DE096
:100F70007B68012283F884207B682422C3F88820C0
:100F80007B681B681B68FB607B681B681A687B6852
:100F90001B6822F001021A607B681B689B6823F0C3
:100FA00060417B681B683A680A439A60786800F081
:100FB000A3F87B681B68FA681A607B682022C3F874
:100FC00088207B68002283F884200023184610378D
:100FD000BD4680BD80B584B000AF786039607B6865
:100FE00093F88430012B01D102232DE07B6801228C
:100FF00083F884207B682422C3F888207B681B68E0
:101000001B68FB607B681B681A687B681B6822F0A2
:1010100001021A607B681B689B6823F060617B6833
:101020001B683A680A439A60786800F065F87B6844
:101030001B68FA681A607B682022C3F888207B68E6
:10104000002283F88420002318461037BD4680BD57
:1010500080B58CB000AFF860B9601346FB80FB68C8
:10106000D3F88C30202B42D1BB68002B02D0FB88F8
:10107000002B01D101233BE0FB680122DA66FB680B
:1010800000221A67FB881A46B968F868FFF736FC31
:10109000034687F82F3097F82F30002B24D1FB68B8
:1010A000DB6E012B1DD1FB681B6810221A62FB68E6
:1010B0001B68BB61BB6953E8003F7B617B6943F000
:1010C0001003BB62FB681B681A46BB6A7B623A620C
:1010D000396A7A6A41E80023FB61FB69002BE6D19B
:1010E00002E0012387F82F3097F82F3000E0022329
:1010F00018463037BD4680BD80B485B000AF7860FB
:101100007B685B6E002B08D17B680122A3F86A2004
:101110007B680122A3F8682031E01023FB731023C1
:10112000BB737B681B689B685B0EDBB203F0070335
:101130007B737B681B689B685B0FDBB203F0070364
:101140003B73BB7B3A7B11498A5C02FB03F33A7B1E
:101150000F498A5C93FBF2F39AB27B68A3F86A208A
:10116000FB7B7A7B09498A5C02FB03F37A7B0849A3
:101170008A5C93FBF2F39AB27B68A3F8682000BF05
:101180001437BD465DF8047B704700BF3802050880
:101190004002050880B483B000AF786039607B6896
:1011A000002B0BD03B68DB68002B07D03B689B68AB
:1011B000002B03D03B681B69002B02D14FF0FF339B
:1011C00014E03B681A687B689A603B685A687B68E1
:1011D000DA603B68DA687B685A613B689A687B68CA
:1011E0001A613B681A697B689A61002318460C37BC
:1011F000BD465DF8047B704780B586B000AF78606F
:101200000023FB6000237B6100233B617B685B68FC
:10121000002B39D17B689B68002B02D07B689B68D0
:1012200098477B6820221A6000237B611CE07B6862
:101230005B6907F10C021221786998470346002B7D
:1012400003DA6FF004033B610BE0FB6803F01F035C
:101250007A699A4205D17B687A691A6000233B61FA
:1012600005E07B6901337B617B691F2BDFD97B68DC
:101270001B681F2B02D96FF002033B613B69002BF7
:1012800002D17B6801225A603B6918461837BD4677
:1012900080BD80B584B000AF78600023FB607B68C0
:1012A0005B697A68106807F10C02012198470346D0
:1012B000002B02DA6FF004036EE07B685B697A68EA
:1012C000106807F10C02012198470346002B02DA4F
:1012D0006FF0040360E0FB6803F00403002B01D10E
:1012E000012359E07B685B697A68106807F10C029A
:1012F000002198470346002B02DA6FF004034BE00D
:10130000FB6803F48053002B1BD1FB6803F40053EC
:10131000002B06D0FB6803F48073002B01D002235E
:101320003AE0FB6803F40053002B01D0032333E0C1
:10133000FB6803F48073002B01D004232CE0052309
:101340002AE07B685B697A68106807F10C021F214C
:1013500098470346002B02DA6FF004031CE0FB6899
:1013600003F48053002B01D1062315E0FB6803F042
:101370001C03182B01D102230EE0FB6803F01C03B1
:10138000082B01D1032307E0FB6803F01C03142B97
:1013900001D1042300E0052318461037BD4680BD67
:1013A00080B483B000AF78607B6803F108027B688B
:1013B0005A607B684FF0FF329A607B6803F1080245
:1013C0007B68DA607B6803F108027B681A617B68DE
:1013D00000221A6000BF0C37BD465DF8047B7047E1
:1013E00080B483B000AF78607B6800221A6100BFD0
:1013F0000C37BD465DF8047B704780B485B000AF04
:10140000786039607B685B68FB603B68FA685A60AB
:10141000FB689A683B689A60FB689B683A685A6008
:10142000FB683A689A603B687A681A617B681B6857
:101430005A1C7B681A6000BF1437BD465DF8047BF8
:10144000704780B485B000AF786039603B681B6836
:10145000BB60BB68B3F1FF3F03D17B681B69FB60D6
:101460000CE07B680833FB6002E0FB685B68FB60B4
:10147000FB685B681B68BA689A42F6D2FB685A68D8
:101480003B685A603B685B683A689A603B68FA68F8
:101490009A60FB683A685A603B687A681A617B68B0
:1014A0001B685A1C7B681A6000BF1437BD465DF884
:1014B000047B704780B485B000AF78607B681B699F
:1014C000FB607B685B687A6892689A607B689B685F
:1014D0007A6852685A60FB685B687A689A4203D1FE
:1014E0007B689A68FB685A607B6800221A61FB6817
:1014F0001B685A1EFB681A60FB681B681846143785
:10150000BD465DF8047B704780B584B000AF78605D
:1015100039607B68FB60FB68002B0BD14FF05003F8
:1015200083F31188BFF36F8FBFF34F8FBB6000BF92
:1015300000BFFDE704F000F8FB681A68FB68DB6B8E
:10154000F968096C01FB03F31A44FB689A60FB68B5
:1015500000229A63FB681A68FB685A60FB681A6885
:10156000FB68DB6B013BF968096C01FB03F31A4470
:10157000FB68DA60FB68FF2283F84420FB68FF22E7
:1015800083F845203B68002B14D1FB681B69002BB6
:101590001AD0FB681033184601F018FE0346002BE2
:1015A00012D00D4B4FF080521A60BFF34F8FBFF334
:1015B0006F8F09E0FB6810331846FFF7F1FEFB68F8
:1015C00024331846FFF7ECFE03F0E8FF012318462A
:1015D0001037BD4680BD00BF04ED00E080B58EB081
:1015E00002AFF860B9607A603B60FB68002B0BD1FA
:1015F0004FF0500383F31188BFF36F8FBFF34F8F0A
:10160000BB6200BF00BFFDE73B68002B0BD14FF072
:10161000500383F31188BFF36F8FBFF34F8F7B624B
:1016200000BF00BFFDE77B68002B02D0BB68002B2A
:1016300001D0012300E00023002B0BD14FF0500319
:1016400083F31188BFF36F8FBFF34F8F3B6200BFEF
:1016500000BFFDE77B68002B02D1BB68002B01D1E6
:10166000012300E00023002B0BD14FF0500383F344
:101670001188BFF36F8FBFF34F8FFB6100BF00BFB7
:10168000FDE750237B617B69502B0BD04FF050035B
:1016900083F31188BFF36F8FBFF34F8FBB6100BF20
:1016A00000BFFDE77B693B68FB62FB6A002B0DD046
:1016B000FB6A012283F8462097F83820FB6A0093E2
:1016C00013467A68B968F86800F040F8FB6A184673
:1016D0003037BD4680BD80B58AB002AFF860B960D2
:1016E0001346FB71FB68002B0BD14FF0500383F3C3
:1016F0001188BFF36F8FBFF34F8F3B6100BF00BFF7
:10170000FDE7FB68BA6802FB03F3FB61FB6950333A
:10171000184603F0D9FBB861BB69002B11D0BB6937
:101720007B617B6950337B61BB69002283F8462073
:10173000FA79BB69009313467A69B968F86800F0D2
:1017400005F8BB6918462037BD4680BD80B584B01A
:1017500000AFF860B9607A60FB70BB68002B03D102
:10176000BB69BA691A6002E0BB697A681A60BB6932
:10177000FA68DA63BB69BA681A640121B869FFF7CD
:10178000C3FEBB69FA7883F84C2000BF1037BD4612
:1017900080BD80B582B000AF78607B68002B0ED032
:1017A0007B6800229A607B6800221A607B680022B6
:1017B000DA60002300220021786800F011F900BFF0
:1017C0000837BD4680BD80B586B000AF0346FB71CB
:1017D00001237B6100233B61FB791A4639697869F3
:1017E000FFF779FFF860F868FFF7D3FFFB6818464A
:1017F0001837BD4680BD80B588B002AF034639605A
:10180000FB7101237B6100233B61FB7900933B6803
:10181000002239697869FFF7E1FEF860F868FFF7A0
:10182000B8FFFB6818461837BD4680BD90B587B035
:1018300000AF78607B683B613B69002B0BD14FF0B8
:10184000500383F31188BFF36F8FBFF34F8FFB609B
:1018500000BF00BFFDE73B699C6801F00DFF034638
:101860009C4211D13B69DB685A1E3B69DA603B69D7
:10187000DB68002B05D1002300220021386900F02D
:10188000AFF801237B6101E000237B617B6918468F
:101890001C37BD4690BD90B587B000AF7860396009
:1018A0007B683B613B69002B0BD14FF0500383F306
:1018B0001188BFF36F8FBFF34F8FFB6000BF00BF76
:1018C000FDE73B699C6801F0D7FE03469C4207D1C7
:1018D0003B69DB685A1C3B69DA6001237B610CE0E1
:1018E0003968386900F08EFB78617B69002B04D081
:1018F0003B69DB685A1C3B69DA607B6918461C3718
:10190000BD4690BD80B58AB002AFF860B9607A601C
:10191000FB68002B0BD14FF0500383F31188BFF30A
:101920006F8FBFF34F8FBB6100BF00BFFDE7BA6889
:10193000FB689A420BD94FF0500383F31188BFF331
:101940006F8FBFF34F8F7B6100BF00BFFDE70223A6
:1019500000937B6800220021F868FFF73FFEF861E2
:10196000FB69002B02D0FB69BA689A63FB691846D1
:101970002037BD4680BD80B586B000AF7860396045
:101980007B68002B0BD14FF0500383F31188BFF31A
:101990006F8FBFF34F8F3B6100BF00BFFDE73A6819
:1019A0007B689A420BD94FF0500383F31188BFF341
:1019B0006F8FBFF34F8FFB6000BF00BFFDE70222B8
:1019C00000217868FFF787FE78617B69002B02D0E1
:1019D0007B693A689A637B6918461837BD4680BDB3
:1019E00080B58EB000AFF860B9607A603B600023CC
:1019F0007B63FB683B633B6B002B0BD14FF05003C9
:101A000083F31188BFF36F8FBFF34F8FBB6200BFAB
:101A100000BFFDE7BB68002B03D13B6B1B6C002BA9
:101A200001D1012300E00023002B0BD14FF0500324
:101A300083F31188BFF36F8FBFF34F8F7B6200BFBB
:101A400000BFFDE73B68022B03D13B6BDB6B012B37
:101A500001D1012300E00023002B0BD14FF05003F4
:101A600083F31188BFF36F8FBFF34F8F3B6200BFCB
:101A700000BFFDE701F010FE0346002B02D17B689A
:101A8000002B01D1012300E00023002B0BD14FF0EC
:101A9000500383F31188BFF36F8FBFF34F8FFB6148
:101AA00000BF00BFFDE703F047FD3B6B9A6B3B6B4C
:101AB000DB6B9A4202D33B68022B29D13A68B968A2
:101AC000386B00F08CFCF8623B6B5B6A002B10D02B
:101AD0003B6B2433184601F079FB0346002B13D0EF
:101AE0003F4B4FF080521A60BFF34F8FBFF36F8FA1
:101AF0000AE0FB6A002B07D0394B4FF080521A6086
:101B0000BFF34F8FBFF36F8F03F048FD012363E0F6
:101B10007B68002B03D103F041FD00235CE07B6B6D
:101B2000002B06D107F11403184601F0B5FB012381
:101B30007B6303F033FD01F079F803F0FDFC3B6BB0
:101B400093F844305BB2B3F1FF3F03D13B6B00220B
:101B500083F844203B6B93F845305BB2B3F1FF3F11
:101B600003D13B6B002283F8452003F017FD3A1D9B
:101B700007F114031146184601F0A4FB0346002B9D
:101B800024D1386B00F023FD0346002B18D03B6BAB
:101B900010337A681146184601F0C6FA386B00F027
:101BA000AEFC01F089F80346002B7FF47CAF0C4BB0
:101BB0004FF080521A60BFF34F8FBFF36F8F72E701
:101BC000386B00F09CFC01F077F86CE7386B00F0A4
:101BD00096FC01F071F8002318463837BD4680BDE9
:101BE00004ED00E080B590B000AFF860B9607A60B5
:101BF0003B60FB68BB63BB6B002B0BD14FF050030A
:101C000083F31188BFF36F8FBFF34F8FBB6200BFA9
:101C100000BFFDE7BB68002B03D1BB6B1B6C002B27
:101C200001D1012300E00023002B0BD14FF0500322
:101C300083F31188BFF36F8FBFF34F8F7B6200BFB9
:101C400000BFFDE73B68022B03D1BB6BDB6B012BB5
:101C500001D1012300E00023002B0BD14FF05003F2
:101C600083F31188BFF36F8FBFF34F8F3B6200BFC9
:101C700000BFFDE703F024FEEFF311824FF05003A5
:101C800083F31188BFF36F8FBFF34F8FFA61BB618E
:101C9000FB697B63BB6B9A6BBB6BDB6B9A4202D3BA
:101CA0003B68022B2FD1BB6B93F8453087F833305C
:101CB000BB6B9B6BFB623A68B968B86B00F08FFB3B
:101CC00097F93330B3F1FF3F12D1BB6B5B6A002B46
:101CD00016D0BB6B2433184601F078FA0346002B6C
:101CE0000ED07B68002B0BD07B6801221A6007E0C6
:101CF00097F833300133DBB25AB2BB6B83F845201F
:101D00000123FB6301E00023FB637B6B7B617B6949
:101D100083F3118800BFFB6B18464037BD4680BD7A
:101D200080B58EB000AF786039607B683B633B6BF9
:101D3000002B0BD14FF0500383F31188BFF36F8F4B
:101D4000BFF34F8F3B6200BF00BFFDE73B6B1B6CD7
:101D5000002B0BD04FF0500383F31188BFF36F8F2C
:101D6000BFF34F8FFB6100BF00BFFDE73B6B1B68FC
:101D7000002B03D13B6B9B68002B01D1012300E0BA
:101D80000023002B0BD14FF0500383F31188BFF3D6
:101D90006F8FBFF34F8FBB6100BF00BFFDE703F044
:101DA0008FFDEFF311824FF0500383F31188BFF3DF
:101DB0006F8FBFF34F8F7A613B617B69FB623B6B37
:101DC0009B6BBB623B6BDB6BBA6A9A422BD23B6B61
:101DD00093F8453087F82730BB6A5A1C3B6B9A63EF
:101DE00097F92730B3F1FF3F12D13B6B5B6A002BB1
:101DF00016D03B6B2433184601F0E8F90346002B5C
:101E00000ED03B68002B0BD03B6801221A6007E024
:101E100097F827300133DBB25AB23B6B83F8452089
:101E200001237B6301E000237B63FB6AFB60FB68AB
:101E300083F3118800BF7B6B18463837BD4680BDE1
:101E400080B58CB000AFF860B9607A600023FB62A7
:101E5000FB68BB62BB6A002B0BD14FF0500383F3CE
:101E60001188BFF36F8FBFF34F8F3B6200BF00BF7E
:101E7000FDE7BB68002B03D1BB6A1B6C002B01D1B3
:101E8000012300E00023002B0BD14FF0500383F31C
:101E90001188BFF36F8FBFF34F8FFB6100BF00BF8F
:101EA000FDE701F0F9FB0346002B02D17B68002B14
:101EB00001D1012300E00023002B0BD14FF0500390
:101EC00083F31188BFF36F8FBFF34F8FBB6100BFE8
:101ED00000BFFDE703F030FBBB6A9B6B7B627B6A54
:101EE000002B1FD0B968B86A00F0E3FA7B6A5A1E6B
:101EF000BB6A9A63BB6A1B69002B0FD0BB6A1033A5
:101F0000184601F063F90346002B07D03C4B4FF015
:101F100080521A60BFF34F8FBFF36F8F03F03EFB09
:101F2000012369E07B68002B03D103F037FB00231A
:101F300062E0FB6A002B06D107F11003184601F09E
:101F4000ABF90123FB6203F029FB00F06FFE03F005
:101F5000F3FABB6A93F844305BB2B3F1FF3F03D1AD
:101F6000BB6A002283F84420BB6A93F845305BB219
:101F7000B3F1FF3F03D1BB6A002283F8452003F091
:101F80000DFB3A1D07F110031146184601F09AF9AE
:101F90000346002B23D1B86A00F003FB0346002B55
:101FA00017D0BB6A24337A681146184601F0BCF892
:101FB000B86A00F0A4FA00F07FFE0346002B89D136
:101FC0000F4B4FF080521A60BFF34F8FBFF36F8FEC
:101FD00080E7B86A00F093FA00F06EFE7AE7B86A1C
:101FE00000F08DFA00F068FEB86A00F0DAFA0346F5
:101FF000002B3FF46FAF002318463037BD4680BD3D
:1020000004ED00E080B58EB000AF78603960002349
:102010007B637B68FB6200233B63FB6A002B0BD175
:102020004FF0500383F31188BFF36F8FBFF34F8FCF
:102030003B6200BF00BFFDE7FB6A1B6C002B0BD0AF
:102040004FF0500383F31188BFF36F8FBFF34F8FAF
:10205000FB6100BF00BFFDE701F01EFB0346002B44
:1020600002D13B68002B01D1012300E00023002BAB
:102070000BD14FF0500383F31188BFF36F8FBFF381
:102080004F8FBB6100BF00BFFDE703F055FAFB6A4D
:102090009B6BBB62BB6A002B24D0BB6A5A1EFB6AD7
:1020A0009A63FB6A1B68002B04D101F06FFC0246A7
:1020B000FB6A9A60FB6A1B69002B0FD0FB6A103326
:1020C000184601F083F80346002B07D0544B4FF01D
:1020D00080521A60BFF34F8FBFF36F8F03F05EFA29
:1020E000012398E03B68002B12D13B6B002B0BD0F7
:1020F0004FF0500383F31188BFF36F8FBFF34F8FFF
:102100007B6100BF00BFFDE703F048FA002382E0D7
:102110007B6B002B06D107F10C03184601F0BCF8CD
:1021200001237B6303F03AFA00F080FD03F004FA28
:10213000FB6A93F844305BB2B3F1FF3F03D1FB6A13
:10214000002283F84420FB6A93F845305BB2B3F178
:10215000FF3F03D1FB6A002283F8452003F01EFAFB
:102160003A4607F10C031146184601F0ABF8034656
:10217000002B32D1F86A00F014FA0346002B26D067
:10218000FB6A1B68002B09D103F0D6F9FB6A9B6838
:10219000184601F09FFA386303F000FAFB6A243313
:1021A0003A681146184600F0BFFFF86A00F0A7F938
:1021B00000F082FD0346002B7FF467AF184B4FF011
:1021C00080521A60BFF34F8FBFF36F8F5DE7F86ADD
:1021D00000F095F900F070FD57E7F86A00F08FF90C
:1021E00000F06AFDF86A00F0DCF90346002B3FF4CA
:1021F0004CAF3B6B002B0DD003F09EF9F86A00F05A
:10220000D6F87862FB6A9B68796A184601F03AFB57
:1022100003F0C4F9002318463837BD4680BD00BF1F
:1022200004ED00E080B58EB000AFF860B9607A6070
:10223000FB683B633B6B002B0BD14FF0500383F3E8
:102240001188BFF36F8FBFF34F8F3B6200BF00BF9A
:10225000FDE7BB68002B03D13B6B1B6C002B01D14E
:10226000012300E00023002B0BD14FF0500383F338
:102270001188BFF36F8FBFF34F8FFB6100BF00BFAB
:10228000FDE703F01DFBEFF311824FF0500383F3E2
:102290001188BFF36F8FBFF34F8FBA617B61BB694A
:1022A000FB623B6B9B6BBB62BB6A002B2FD03B6B13
:1022B00093F8443087F82730B968386B00F0F9F8A4
:1022C000BB6A5A1E3B6B9A6397F92730B3F1FF3F05
:1022D00012D13B6B1B69002B16D03B6B1033184699
:1022E00000F074FF0346002B0ED07B68002B0BD050
:1022F0007B6801221A6007E097F827300133DBB2D0
:102300005AB23B6B83F8442001237B6301E0002336
:102310007B63FB6A3B613B6983F3118800BF7B6B86
:1023200018463837BD4680BD80B584B000AF7860B0
:102330007B68002B0BD14FF0500383F31188BFF360
:102340006F8FBFF34F8FBB6000BF00BFFDE703F08F
:10235000F3F87B689B6BFB6003F020F9FB68184681
:102360001037BD4680BD80B584B000AF78607B6813
:10237000FB60FB68002B0BD14FF0500383F31188F7
:10238000BFF36F8FBFF34F8FBB6000BF00BFFDE790
:10239000F86800F05FF9FB6893F84630002B02D133
:1023A000F86802F05FFE00BF1037BD4680BD80B404
:1023B00085B000AF78607B685B6A002B06D07B68D5
:1023C0001B6B1B68C3F13803FB6001E00023FB605B
:1023D000FB6818461437BD465DF8047B704780B52E
:1023E00086B000AFF860B9607A6000237B61FB685B
:1023F0009B6B3B61FB681B6C002B0DD1FB681B6862
:10240000002B4DD1FB689B68184601F0CBF9786131
:10241000FB6800229A6043E07B68002B19D1FB68BF
:102420005868FB681B6C1A46B96833F05CF9FB68A6
:102430005A68FB681B6C1A44FB685A60FB685A6850
:10244000FB689B689A422BD3FB681A68FB685A604A
:1024500026E0FB68D868FB681B6C1A46B96833F045
:1024600042F9FB68DA68FB681B6C5B421A44FB6844
:10247000DA60FB68DA68FB681B689A4207D2FB687F
:102480009A68FB681B6C5B421A44FB68DA607B68E5
:10249000022B05D13B69002B02D03B69013B3B611C
:1024A0003B695A1CFB689A637B6918461837BD461E
:1024B00080BD80B582B000AF786039607B681B6CEE
:1024C000002B18D07B68DA687B681B6C1A447B6829
:1024D000DA607B68DA687B689B689A4203D37B6822
:1024E0001A687B68DA607B68D9687B681B6C1A465F
:1024F000386833F0F8F800BF0837BD4680BD80B5B6
:1025000084B000AF786003F017F87B6893F845302B
:10251000FB7311E07B685B6A002B12D07B6824336D
:10252000184600F053FE0346002B01D000F02EFFAA
:10253000FB7B013BDBB2FB7397F90F30002BE9DC2F
:1025400000E000BF7B68FF2283F8452003F026F8F7
:1025500002F0F2FF7B6893F84430BB7311E07B68B4
:102560001B69002B12D07B681033184600F02EFE3A
:102570000346002B01D000F009FFBB7B013BDBB21F
:10258000BB7397F90E30002BE9DC00E000BF7B68DD
:10259000FF2283F8442003F001F800BF1037BD4646
:1025A00080BD80B584B000AF786002F0C5FF7B6865
:1025B0009B6B002B02D10123FB6001E00023FB6039
:1025C00002F0ECFFFB6818461037BD4680BD80B5B1
:1025D00084B000AF786002F0AFFF7B689A6B7B68D5
:1025E000DB6B9A4202D10123FB6001E00023FB6018
:1025F00002F0D4FFFB6818461037BD4680BD0000CE
:1026000080B485B000AF786039600023FB6014E0CF
:102610000F4AFB6852F83330002B0BD10C49FB6892
:102620003A6841F833200A4AFB68DB0013447A68B1
:102630005A6006E0FB680133FB60FB68072BE7D9B3
:1026400000BF00BF1437BD465DF8047B704700BF74
:102650003006002480B485B000AF78600023FB60B2
:1026600016E0104AFB68DB0013445B687A689A4204
:102670000BD10C4AFB68002142F83310094AFB6871
:10268000DB00134400225A6006E0FB680133FB6064
:10269000FB68072BE5D900BF00BF1437BD465DF8C6
:1026A000047B70473006002480B586B000AFF86028
:1026B000B9607A60FB687B6102F03EFF7B6993F84A
:1026C00044305BB2B3F1FF3F03D17B69002283F852
:1026D00044207B6993F845305BB2B3F1FF3F03D1EF
:1026E0007B69002283F8452002F058FF7B699B6BD1
:1026F000002B06D17B6924337A68B968184600F04C
:1027000039FD7869FFF7FBFE00BF1837BD4680BD75
:1027100080B58EB004AFF860B9607A603B607B6BC7
:10272000002B0BD14FF0500383F31188BFF36F8F51
:10273000BFF34F8F3B6200BF00BFFDE7BB6B002BB9
:102740000BD14FF0500383F31188BFF36F8FBFF3AA
:102750004F8FFB6100BF00BFFDE74FF4C0733B61CB
:102760003B69B3F5C07F0BD04FF0500383F3118862
:10277000BFF36F8FBFF34F8FBB6100BF00BFFDE79B
:102780003B69BB6B002B1ED07B6B002B1BD0BB6B44
:102790007B627B6A7A6B1A637B6A022283F87D21F3
:1027A000002303937B6A029307F1140301933B6BAD
:1027B00000933B687A68B968F86800F051F8786A65
:1027C00000F01EF901E000237B617B691846283781
:1027D000BD4680BD80B58CB004AFF860B9603B6089
:1027E0001346FB80FB889B00184602F06DFB786166
:1027F0007B69002B0FD04FF4C07002F065FBF861CD
:10280000FB69002B03D0FB697A691A6305E07869DC
:1028100002F028FC01E00023FB61FB69002B17D0CC
:10282000FB69002283F87D21FA8800230393FB696A
:102830000293FB6A0193BB6A00933B68B968F8682E
:1028400000F00EF8F86900F0DBF80123BB6102E04C
:102850004FF0FF33BB61BB6918462037BD4680BDD2
:1028600080B588B000AFF860B9607A603B603B6BC0
:10287000186B7B689B001A46A52131F08AFF3B6BE1
:102880001A6B79686FF040430B449B001344BB61A3
:10289000BB6923F00703BB61BB6903F00703002B8F
:1028A0000BD04FF0500383F31188BFF36F8FBFF34A
:1028B0004F8F7B6100BF00BFFDE7BB68002B1FD0BF
:1028C0000023FB6112E0BA68FB69134419783A6B84
:1028D000FB69134434330A461A70BA68FB6913441F
:1028E0001B78002B06D0FB690133FB61FB690F2BC2
:1028F000E9D900E000BF3B6B002283F8432003E0EE
:102900003B6B002283F83420BB6A372B01D9372375
:10291000BB623B6BBA6ADA623B6BBA6ADA643B6BE6
:1029200000221A653B6B04331846FEF759FD3B6BDA
:1029300018331846FEF754FD3B6B3A6B1A61BB6ABD
:10294000C3F138023B6B9A613B6B3A6B5A623B6B4B
:102950000022C3F878213B6B002283F87C213B6B7B
:1029600058334FF490720021184631F012FF3B6B40
:10297000204ADA653B6B204A1A663B6B1F4A5A664F
:10298000396B4FF001024FF00003C1E93C233B6B70
:1029900043F20E32A3F8F8203B6B4AF6CD32A3F88F
:1029A000FA203B6B41F23422A3F8FC203B6B4EF241
:1029B0006D62A3F8FE203B6B4DF6EC62A3F800219C
:1029C0003B6B0522A3F802213B6B0B22A3F80421E9
:1029D0003A68F968B86902F07DFC02463B6B1A6000
:1029E000FB6A002B02D0FB6A3A6B1A6000BF2037EB
:1029F000BD4680BD70C90424D8C9042440CA04243B
:102A000080B582B000AF786002F096FD2D4B1B6858
:102A100001332C4A13602C4B1B68002B09D12A4A26
:102A20007B681360274B1B68012B10D100F028FD39
:102A30000DE0264B1B68002B09D1234B1B68DA6A7B
:102A40007B68DB6A9A4202D81F4A7B681360204B7E
:102A50001B6801331E4A13601D4B1A687B685A6459
:102A60007B68DA6A1B4B1B689A4203D97B68DB6A76
:102A7000184A13607B68DA6A13469B0013449B0074
:102A8000154A1A447B68043319461046FEF7B5FC14
:102A900002F084FD0D4B1B68002B0ED00A4B1B6807
:102AA000DA6A7B68DB6A9A4207D20C4B4FF080529D
:102AB0001A60BFF34F8FBFF36F8F00BF0837BD465B
:102AC00080BD00BF440B002470060024500B00247E
:102AD000600B00244C0B00247406002404ED00E07D
:102AE00080B584B000AF78600023FB607B68002B6A
:102AF00018D0144B1B68002B0BD04FF0500383F3FE
:102B00001188BFF36F8FBFF34F8FBB6000BF00BF53
:102B1000FDE700F08BF80021786801F041F900F042
:102B2000CBF8F860FB68002B07D1074B4FF08052C1
:102B30001A60BFF34F8FBFF36F8F00BF1037BD46D2
:102B400080BD00BF6C0B002404ED00E080B58AB0AE
:102B500004AF0023BB6000237B603A46391D07F1B8
:102B60000803184602F07CF939687B68BA6802925B
:102B700001930023009300230A4624492448FFF7C9
:102B8000C7FD0346234A1360224B1B68002B02D06B
:102B900001237B6101E000237B617B69012B02D172
:102BA00001F052F978617B69012B1BD14FF0500382
:102BB00083F31188BFF36F8FBFF34F8F3B6100BF6B
:102BC000154B1B685833154A1360154B4FF0FF32F5
:102BD0001A60144B01221A60134B00221A6002F093
:102BE00007FC0FE07B69B3F1FF3F0BD14FF05003BF
:102BF00083F31188BFF36F8FBFF34F8FFB6000BF6C
:102C000000BFFDE700BF1837BD4680BD547E0408F5
:102C1000A5330108680B002470060024F803002483
:102C2000640B0024500B0024480B002480B400AF38
:102C3000044B1B680133034A136000BFBD465DF8B7
:102C4000047B70476C0B002480B483B000AF00237A
:102C50003B60144B1B68002B01D001233B60124BDF
:102C60001B68DB6A002B02D000237B6012E00F4B55
:102C70001B68012B02D900237B600BE03B68002B13
:102C800002D000237B6005E0094B1A68094B1B68E2
:102C9000D31A7B607B6818460C37BD465DF8047B11
:102CA000704700BF4C0B00247006002474060024FB
:102CB000640B0024480B002480B584B000AF0023CF
:102CC000FB600023BB60424B1B68002B0BD14FF015
:102CD000500383F31188BFF36F8FBFF34F8F3B60B7
:102CE00000BF00BFFDE702F027FC394B1B68013B2A
:102CF000374A1360364B1B68002B62D1354B1B687B
:102D0000002B5ED02FE0344BDB68DB68FB60FB6898
:102D100018331846FEF7CEFBFB6804331846FEF75F
:102D2000C9FBFB68DA6A2D4B1B689A4203D9FB6822
:102D3000DB6A2A4A1360FB68DA6A13469B00134475
:102D40009B00274A1A44FB68043319461046FEF7D5
:102D500054FBFB68DA6A234B1B68DB6A9A4202D396
:102D6000214B01221A601C4B1B68002BCBD1FB6846
:102D7000002B01D000F060FC1C4B1B687B607B6863
:102D8000002B10D000F08CF80346002B02D0164B1D
:102D900001221A607B68013B7B607B68002BF1D1CC
:102DA000124B00221A60104B1B68002B09D0012324
:102DB000BB600F4B4FF080521A60BFF34F8FBFF3D1
:102DC0006F8F02F0EBFBBB6818461037BD4680BD25
:102DD0006C0B0024440B0024040B00244C0B002437
:102DE0007406002470060024580B0024540B0024A1
:102DF00004ED00E080B483B000AF054B1B687B603E
:102E00007B6818460C37BD465DF8047B704700BFF1
:102E1000480B002480B582B000AF02F051FD0023C2
:102E20007B60044B1B683B603B6818460837BD4617
:102E300080BD00BF480B002480B400AF034B1B686B
:102E40001846BD465DF8047B704700BF440B002464
:102E500080B485B000AF78600F4B1A687B681A4465
:102E60000E4B1B689A420BD94FF0500383F3118825
:102E7000BFF36F8FBFF34F8FFB6000BF00BFFDE755
:102E8000054B1A687B681344034A136000BF14376C
:102E9000BD465DF8047B7047480B0024640B00249A
:102EA00080B586B000AF00237B614F4B1B68002BC1
:102EB00040F090804D4B1B6801333B614B4A3B69AE
:102EC00013603B69002B21D1494B1B681B68002B09
:102ED0000BD04FF0500383F31188BFF36F8FBFF314
:102EE0004F8F3B6000BF00BFFDE7414B1B68FB609D
:102EF000404B1B683E4A13603E4AFB6813603E4BE2
:102F00001B6801333C4A136000F096FB3B4B1B6887
:102F10003A699A4249D3364B1B681B68002B04D18F
:102F2000364B4FF0FF321A603FE0314B1B68DB68D5
:102F3000DB68BB60BB685B687B603A697B689A4210
:102F400003D22E4A7B6813602FE0BB680433184617
:102F5000FEF7B0FABB689B6A002B04D0BB6818333D
:102F60001846FEF7A7FABB68DA6A254B1B689A4237
:102F700003D9BB68DB6A224A1360BB68DA6A13466E
:102F80009B0013449B001F4A1A44BB680433194634
:102F90001046FEF732FABB68DA6A1B4B1B68DB6A25
:102FA0009A42B8D301237B61B5E7174B1B68DA6AF5
:102FB000144913469B0013449B000B441B68012BD0
:102FC00001D901237B61114B1B68002B07D0012322
:102FD0007B6104E00E4B1B6801330D4A13607B6973
:102FE00018461837BD4680BD6C0B0024480B0024E2
:102FF000FC0A0024000B00245C0B0024640B00245A
:103000004C0B00247406002470060024580B002486
:10301000540B002480B586B000AF3D4B1B68002BDD
:1030200003D03C4B01221A606EE03A4B00221A603A
:10303000394B1B681B6B3B614FF0A533FB603B6951
:103040001B68FA689A4211D13B6904331B68FA681D
:103050009A420BD13B6908331B68FA689A4205D142
:103060003B690C331B68FA689A4208D02A4B1A68ED
:10307000294B1B6834331946104610F0D5F8274BFE
:103080001B687B6111E07B69002B0BD14FF0500373
:1030900083F31188BFF36F8FBFF34F8F7B6000BF47
:1030A00000BFFDE77B69013B7B611D497A691346DF
:1030B0009B0013449B000B441B68002BE3D07A69F0
:1030C00013469B0013449B00154A1344BB60BB6826
:1030D0005B685A68BB685A60BB685A68BB6808334B
:1030E0009A4204D1BB685B685A68BB685A60BB6887
:1030F0005B68DB68084A1360084A7B691360064B0B
:103100001B685833074A136000BF1837BD4680BD9F
:103110006C0B0024580B0024700600244C0B002478
:1031200074060024F803002480B584B000AF7860F2
:1031300039607B68002B0BD14FF0500383F311886B
:10314000BFF36F8FBFF34F8FFB6000BF00BFFDE782
:10315000074B1B68183319467868FEF772F901218E
:10316000386800F01DFE00BF1037BD4680BD00BFAF
:103170007006002480B586B000AFF860B9607A6050
:10318000FB68002B0BD14FF0500383F31188BFF382
:103190006F8FBFF34F8F7B6100BF00BFFDE70A4B0E
:1031A0001B6818331946F868FEF727F97B68002B6F
:1031B00002D04FF0FF33BB607968B86800F0F0FDD3
:1031C00000BF1837BD4680BD7006002480B586B0AC
:1031D00000AF78607B68DB68DB683B613B69002B94
:1031E0000BD14FF0500383F31188BFF36F8FBFF300
:1031F0004F8FFB6000BF00BFFDE73B6918331846E7
:10320000FEF758F91E4B1B68002B1FD13B69043396
:103210001846FEF74FF93B69DA6A1A4B1B689A4267
:1032200003D93B69DB6A174A13603B69DA6A1346C4
:103230009B0013449B00144A1A443B69043319460B
:103240001046FEF7DAF800F0F7F905E03B691833AD
:1032500019460E48FEF7D1F83B69DA6A0C4B1B6839
:10326000DB6A9A4205D901237B610A4B01221A606D
:1032700001E000237B617B6918461837BD4680BD9D
:103280006C0B00244C0B002474060024040B002457
:1032900070060024580B002480B483B000AF78601F
:1032A000064B1A687B681A60054B1A687B685A607F
:1032B00000BF0C37BD465DF8047B70475C0B0024F3
:1032C000480B002480B588B000AF786039607B6817
:1032D000002B0BD14FF0500383F31188BFF36F8F96
:1032E000BFF34F8F3B6100BF00BFFDE73B68002B82
:1032F0000BD14FF0500383F31188BFF36F8FBFF3EF
:103300004F8FFB6000BF00BFFDE702F015F91D4BBA
:103310001B68BB617B685B68BA69D31A7B613B68D9
:103320001B68B3F1FF3F02D10023FB6123E07B6800
:103330001A68154B1B689A4207D07B685B68BA69AC
:103340009A4202D30123FB6115E03B681B687A694E
:103350009A420BD23B681A687B69D21A3B681A60A2
:103360007868FFF799FF0023FB6104E03B680022C7
:103370001A600123FB6102F011F9FB69184620373E
:10338000BD4680BD480B00245C0B002480B400AF18
:10339000034B01221A6000BFBD465DF8047B7047F5
:1033A000580B002480B584B000AF786000F0A8F816
:1033B000184B1B68012B07D9174B4FF080521A602E
:1033C000BFF34F8FBFF36F8FFFF73EFCF860FB68D2
:1033D000012BEBD9FFF72AFC104B1A68104B1B6826
:1033E0009A420BD24FF0500383F31188BFF36F8FD3
:1033F000BFF34F8FBB6000BF00BFFDE7FFF724FCAA
:10340000F860FB68012B02D9F86802F047F9FFF772
:1034100053FCCBE77406002404ED00E0640B0024A9
:10342000480B002480B483B000AF01233B6001232C
:10343000FB710F4B1B68002B02D00023FB7110E0C7
:103440000C4B1B68002B02D00023FB7109E00A4BD8
:103450001A680A4B19683B68CB1A9A4201D10223B9
:10346000FB71FB7918460C37BD465DF8047B70474D
:10347000040B0024580B0024300B0024440B0024C0
:1034800080B582B000AF00237B600CE07A68134601
:103490009B0013449B00124A13441846FDF780FF1B
:1034A0007B6801337B607B68372BEFD90D48FDF7D4
:1034B00077FF0D48FDF774FF0C48FDF771FF0C48CE
:1034C000FDF76EFF0B48FDF76BFF0B4B054A1A60CB
:1034D0000A4B054A1A6000BF0837BD4680BD00BFD1
:1034E00074060024D40A0024E80A0024040B0024F3
:1034F000180B0024300B0024FC0A0024000B0024CD
:1035000080B582B000AF19E002F016F8104BDB680E
:10351000DB687B607B6804331846FDF7CBFF0D4BFF
:103520001B68013B0B4A13600B4B1B68013B0A4AAB
:10353000136002F033F8786800F048F8064B1B6817
:10354000002BE1D100BF00BF0837BD4680BD00BFE2
:10355000180B0024440B00242C0B002480B485B0ED
:1035600000AF78600023FB6005E07B6801337B607F
:10357000FB680133FB607B681B78A52BF5D0FB68EB
:103580009B08FB60FB689BB218461437BD465DF88C
:10359000047B704780B586B000AF78607B68002BF5
:1035A00002D1094B1B6800E07B687B617B691B6B68
:1035B0003B613869FFF7D2FF0346FB60FB681846A2
:1035C0001837BD4680BD00BF7006002480B584B0AA
:1035D00000AF78607B685833184631F0A9FF7B68EC
:1035E00093F87D31002B08D17B681B6B184601F0E6
:1035F00039FD786801F036FD19E07B6893F87D317C
:10360000012B03D1786801F02DFD10E07B6893F861
:103610007D31022B0BD04FF0500383F31188BFF3A1
:103620006F8FBFF34F8FFB6000BF00BFFDE700BF90
:103630001037BD4680BD000080B483B000AF0C4B96
:103640001B681B68002B04D10A4B4FF0FF321A6035
:1036500008E0074B1B68DB68DB687B607B685B68A6
:10366000044A136000BF0C37BD465DF8047B704709
:10367000FC0A0024640B002480B483B000AF054B27
:103680001B687B607B6818460C37BD465DF8047B81
:10369000704700BF7006002480B483B000AF0B4BAE
:1036A0001B68002B02D101237B6008E0084B1B68DC
:1036B000002B02D102237B6001E000237B607B684A
:1036C00018460C37BD465DF8047B7047500B00244C
:1036D0006C0B002480B584B000AF78607B68BB6061
:1036E0000023FB607B68002B51D0BB68DA6A2A4B51
:1036F0001B68DB6A9A4241D2BB689B69002B06DBE0
:10370000254B1B68DB6AC3F13802BB689A61BB6852
:103710005969BB68DA6A13469B0013449B001F4A31
:103720001344994222D1BB6804331846FDF7C2FE08
:10373000194B1B68DA6ABB68DA62BB68DA6A184B35
:103740001B689A4203D9BB68DB6A154A1360BB68E1
:10375000DA6A13469B0013449B00104A1A44BB6864
:10376000043319461046FDF748FE04E00A4B1B6877
:10377000DA6ABB68DA620123FB6008E0BB68DA6CD6
:10378000054B1B68DB6A9A4201D20123FB60FB6890
:1037900018461037BD4680BD70060024740600240C
:1037A0004C0B002480B586B000AF78607B683B612D
:1037B00000237B617B68002B58D02F4B1B683A6934
:1037C0009A420BD04FF0500383F31188BFF36F8FF1
:1037D000BFF34F8FFB6000BF00BFFDE73B691B6D70
:1037E000002B0BD14FF0500383F31188BFF36F8F81
:1037F000BFF34F8FBB6000BF00BFFDE73B691B6D90
:103800005A1E3B691A653B69DA6A3B69DB6C9A426E
:103810002CD03B691B6D002B28D13B690433184623
:10382000FDF748FE3B69DA6C3B69DA623B69DB6AAB
:10383000C3F138023B699A613B69DA6A0F4B1B6836
:103840009A4203D93B69DB6A0C4A13603B69DA6A26
:1038500013469B0013449B00094A1A443B690433F6
:1038600019461046FDF7C9FD01237B617B691846A7
:103870001837BD4680BD00BF700600244C0B0024E5
:103880007406002480B588B000AF786039607B682A
:10389000BB6101237B617B68002B6CD0BB691B6D16
:1038A000002B0BD14FF0500383F31188BFF36F8FC0
:1038B000BFF34F8FFB6000BF00BFFDE7BB69DB6C50
:1038C0003A689A4202D93B68FB6102E0BB69DB6C53
:1038D000FB61BB69DB6AFA699A424CD0BB691B6D1C
:1038E0007A699A4247D1264B1B68BA699A420BD132
:1038F0004FF0500383F31188BFF36F8FBFF34F8FE7
:10390000BB6000BF00BFFDE7BB69DB6A3B61BB6911
:10391000FA69DA62BB699B69002B04DBFB69C3F1BE
:103920003802BB699A61BB6959693A6913469B00C1
:1039300013449B00134A134499421CD1BB690433BE
:103940001846FDF7B7FDBB69DA6A0F4B1B689A4250
:1039500003D9BB69DB6A0C4A1360BB69DA6A134698
:103960009B0013449B00074A1A44BB690433194661
:103970001046FDF742FD00BF2037BD4680BD00BFA9
:1039800070060024740600244C0B002480B400AFA1
:10399000074B1B68002B04D0054B1B681A6D0132C6
:1039A0001A65034B1B681846BD465DF8047B7047DB
:1039B0007006002480B584B000AF7860396001F0F3
:1039C000BBFD204B1B68D3F87831002B13D11D4B66
:1039D0001B68012283F87C213B68002B0BD001215E
:1039E000386800F0DDF9184B4FF080521A60BFF3D1
:1039F0004F8FBFF36F8F01F0D1FD01F09DFD114B93
:103A00001B68D3F87831FB60FB68002B0ED07B6815
:103A1000002B05D00B4B1B680022C3F8782105E072
:103A2000084B1B68FA68013AC3F87821054B1B68FC
:103A3000002283F87C2101F0B1FDFB6818461037A5
:103A4000BD4680BD7006002404ED00E080B58AB05C
:103A500000AFF860B9603B601346FB7101237B62E5
:103A6000FB68002B0BD14FF0500383F31188BFF399
:103A70006F8FBFF34F8FBB6100BF00BFFDE7FB68D7
:103A80003B6201F059FD3B68002B04D03B6AD3F840
:103A900078213B681A603B6A93F87C31FB773B6A7C
:103AA000022283F87C21FB79042B2ED801A252F844
:103AB00023F000BF2F3B0108C93A0108DB3A010897
:103AC000EB3A0108F53A01083B6AD3F87821BB6864
:103AD0001A433B6AC3F878212CE03B6AD3F878316B
:103AE0005A1C3B6AC3F8782124E03B6ABA68C3F8E1
:103AF00078211FE0FB7F022B04D03B6ABA68C3F831
:103B0000782117E000237B6214E03B6AD3F8783118
:103B1000B3F1FF3F0DD04FF0500383F31188BFF393
:103B20006F8FBFF34F8F7B6100BF00BFFDE700BF0A
:103B300000E000BFFB7F012B3DD13B6A04331846F8
:103B4000FDF7B8FC3B6ADA6A1E4B1B689A4203D940
:103B50003B6ADB6A1B4A13603B6ADA6A13469B00C6
:103B600013449B00184A1A443B6A04331946104612
:103B7000FDF743FC3B6A9B6A002B0BD04FF05003D0
:103B800083F31188BFF36F8FBFF34F8F3B6100BF8B
:103B900000BFFDE7FFF750FD3B6ADA6A0B4B1B687D
:103BA000DB6A9A4207D90A4B4FF080521A60BFF382
:103BB0004F8FBFF36F8F01F0F1FC7B6A18462837F7
:103BC000BD4680BD4C0B0024740600247006002402
:103BD00004ED00E080B58EB000AFF860B9603B60E6
:103BE0001346FB7101237B63FB68002B0BD14FF065
:103BF000500383F31188BFF36F8FBFF34F8F7B6246
:103C000000BF00BFFDE701F05BFEFB683B63EFF325
:103C100011824FF0500383F31188BFF36F8FBFF30E
:103C20004F8F3A62FB613B6AFB623B68002B04D01A
:103C30003B6BD3F878213B681A603B6B93F87C317F
:103C400087F82B303B6B022283F87C21FB79042B15
:103C50002ED801A252F823F0D53C01086D3C010892
:103C60007F3C01088F3C0108993C01083B6BD3F86D
:103C70007821BB681A433B6BC3F878212DE03B6B7E
:103C8000D3F878315A1C3B6BC3F8782125E03B6BA5
:103C9000BA68C3F8782120E097F82B30022B04D0C3
:103CA0003B6BBA68C3F8782117E000237B6314E00C
:103CB0003B6BD3F87831B3F1FF3F0DD04FF0500399
:103CC00083F31188BFF36F8FBFF34F8FBB6100BFCA
:103CD00000BFFDE700BF00E000BF97F82B30012BCD
:103CE00047D13B6B9B6A002B0BD04FF0500383F303
:103CF0001188BFF36F8FBFF34F8F7B6100BF00BF91
:103D0000FDE7214B1B68002B1DD13B6B043318468C
:103D1000FDF7D0FB3B6BDA6A1C4B1B689A4203D958
:103D20003B6BDB6A194A13603B6BDA6A13469B00F4
:103D300013449B00164A1A443B6B04331946104641
:103D4000FDF75BFB05E03B6B183319461148FDF7A7
:103D500054FB3B6BDA6A104B1B68DB6A9A4208D94A
:103D60003B6C002B02D03B6C01221A600B4B0122F2
:103D70001A60FB6A3B613B6983F3118800BF7B6B70
:103D800018463837BD4680BD6C0B00244C0B002410
:103D900074060024040B002470060024580B002431
:103DA00080B584B000AF78603960214B1B68FB6040
:103DB000204B1B6804331846FDF77CFB7B68B3F18E
:103DC000FF3F0AD13B68002B07D01A4B1B68043316
:103DD00019461948FDF711FB26E0FA687B68134481
:103DE000BB60144B1B68BA685A60BA68FB689A4299
:103DF00009D2124B1A680F4B1B6804331946104640
:103E0000FDF71FFB10E00E4B1A680A4B1B680433CA
:103E100019461046FDF715FB0A4B1B68BA689A4213
:103E200002D2084ABB68136000BF1037BD4680BD90
:103E3000480B002470060024300B0024000B0024E3
:103E4000FC0A0024640B002480B58AB004AF002370
:103E50007B6100F013FB1D4B1B68002B21D000235E
:103E6000FB600023BB603A1D07F1080107F10C035A
:103E7000184601F00FF87968BB68FA68029201935E
:103E80001823009300230A4611491248FEF740FC0C
:103E90000346114A1360104B1B68002B01D001230D
:103EA0007B617B69002B0BD14FF0500383F31188AA
:103EB000BFF36F8FBFF34F8F3B6100BF00BFFDE7C4
:103EC0007B6918461837BD4680BD00BFA00B002493
:103ED0005C7E040815400108A40B002480B58AB05C
:103EE00000AFF860B9607A603B6000237B62FB68DA
:103EF000002B0BD14FF0500383F31188BFF36F8F6A
:103F0000BFF34F8F3B6200BF00BFFDE7194B1B683B
:103F1000002B2AD0BB683B617B687B61FB68BB617F
:103F2000BB68052B18DCFFF7B7FB0346022B09D152
:103F3000104B186807F1100100233A6BFDF750FD94
:103F4000786212E00B4B186807F110010023002281
:103F5000FDF746FD786208E0064B186807F110018E
:103F600000233A68FDF73EFE78627B6A18462837E0
:103F7000BD4680BDA00B002480B588B002AF78603C
:103F80003960234B1B68DB68DB687B617B6904332A
:103F90001846FDF78FFA7B6993F8283003F0040385
:103FA000002B23D07B699A697B68D1187B683A68BB
:103FB000786900F0D5F80346002B20D00023009349
:103FC00000237A6800217869FFF788FF38613B6930
:103FD000002B14D14FF0500383F31188BFF36F8F80
:103FE000BFF34F8FFB6000BF00BFFDE77B6993F815
:103FF000283023F00103DAB27B6983F828207B693B
:104000001B6A7869984700BF1837BD4680BD00BF5E
:10401000980B002480B584B000AF786007F10803E6
:10402000184600F059F8F860BB681946F86800F0C7
:1040300005F800F0D7F800BFF0E7000080B584B0C5
:1040400000AF78603960FEF7F1FD07F1080318460C
:1040500000F066F8F860BB68002B30D13B68002B9D
:104060000AD17A68FB689A4206D8FEF725FEF968FD
:104070007868FFF781FF24E03B68002B08D0134BE2
:104080001B681B68002B01D1012300E000233B606B
:104090000F4B18687A68FB68D31A3A681946FEF71E
:1040A00003FBFEF709FE0346002B0AD1094B4FF034
:1040B00080521A60BFF34F8FBFF36F8F01E0FEF79E
:1040C000FBFD00BF1037BD4680BD00BF9C0B002428
:1040D000A00B002404ED00E080B485B000AF786050
:1040E0000E4B1B681B68002B01D1012200E000224F
:1040F0007B681A607B681B68002B05D1074B1B6827
:10410000DB681B68FB6001E00023FB60FB6818466E
:104110001437BD465DF8047B704700BF980B002440
:1041200080B584B000AF7860FEF764FEF8600B4B9A
:104130001B68FA689A4205D200F03AF97B680122BE
:104140001A6002E07B6800221A60044AFB68136070
:10415000FB6818461037BD4680BD00BFA80B002481
:1041600080B586B000AFF860B9607A603B6000232C
:104170007B61FB68BA685A60FB68FA681A61BA68C2
:104180007B689A4212D87A683B68D21AFB689B69AE
:104190009A4202D301237B611BE0104B1A68FB6833
:1041A000043319461046FDF74CF912E07A683B6873
:1041B0009A4206D2BA683B689A4202D301237B61D5
:1041C00007E0074B1A68FB68043319461046FDF7F1
:1041D00038F97B6918461837BD4680BD9C0B002412
:1041E000980B002480B58EB002AFCEE07B68002B28
:1041F00019DA3B1D0433FB62FB6A002B0BD14FF035
:10420000500383F31188BFF36F8FBFF34F8FFB61B0
:1042100000BF00BFFDE7FB6A1B68FA6A5068FA6AD4
:104220009268114698477B68002BC0F2AE80FB680D
:10423000BB62BB6A5B69002B04D0BB6A04331846BF
:10424000FDF738F93B461846FFF76AFF78627B684E
:10425000092B00F2978001A252F823F08542010851
:104260008542010885420108FB4201080F4301080D
:104270005B4301088542010885420108FB420108B1
:104280000F430108BB6A93F8283043F00103DAB208
:10429000BB6A83F82820BA68BB6A9B69D118BB68DF
:1042A0007A6AB86AFFF75CFF0346002B6CD0BB6AE2
:1042B0001B6AB86A9847BB6A93F8283003F0040376
:1042C000002B61D0BA68BB6A9B691A440023009333
:1042D00000230021B86AFFF701FE38623B6A002B19
:1042E00052D14FF0500383F31188BFF36F8FBFF3A8
:1042F0004F8FBB6100BF00BFFDE7BB6A93F828305A
:1043000023F00103DAB2BB6A83F828203DE0BB6AE0
:1043100093F8283043F00103DAB2BB6A83F828200F
:10432000BA68BB6A9A61BB6A9B69002B0BD14FF0DC
:10433000500383F31188BFF36F8FBFF34F8F7B61FF
:1043400000BF00BFFDE7BB6A9A697B6AD1187B6A30
:104350007A6AB86AFFF704FF17E0BB6A93F828305F
:1043600003F00203002B03D1B86A00F07BFE0CE0DF
:10437000BB6A93F8283023F00103DAB2BB6A83F8F2
:10438000282002E000BF00E000BF084B1B68391D79
:1043900000221846FDF754FD0346002B7FF426AF9C
:1043A00000BF00BF3037BD4680BD00BFA00B00245A
:1043B00080B588B002AF49E02E4B1B68DB681B68F4
:1043C0003B612C4B1B68DB68DB68FB60FB680433DC
:1043D0001846FDF76FF8FB681B6AF8689847FB689A
:1043E00093F8283003F00403002B2FD0FB689B695F
:1043F0003A691344BB60BA683B699A420ED9FB68BC
:10440000BA685A60FB68FA681A611A4B1A68FB6846
:10441000043319461046FDF714F817E00023009303
:1044200000233A690021F868FFF758FD78607B683F
:10443000002B0BD14FF0500383F31188BFF36F8F24
:10444000BFF34F8F3B6000BF00BFFDE7094B1B6808
:104450001B68002BB0D1074B1B687B61064B1B68A8
:10446000044A1360044A7B69136000BF1837BD46D5
:1044700080BD00BF980B00249C0B002480B582B047
:1044800002AF01F059F8154B1B68002B20D11448DE
:10449000FCF786FF1348FCF783FF134B104A1A60A2
:1044A000124B104A1A6000230093114B114A10213D
:1044B0001420FDF793F80346084A1360074B1B6866
:1044C000002B05D0054B1B680B491846FEF798F8E2
:1044D00001F064F800BFBD4680BD00BFA00B002402
:1044E000700B0024840B0024980B00249C0B0024E8
:1044F000EC0C0024AC0B0024647E040880B483B070
:1045000000AF03463960FB80B7F90630002B0ADBA9
:104510003B68DAB20C49B7F906301201D2B20B444B
:1045200083F800230AE03B68DAB20849FB8803F00D
:104530000F03043B1201D2B20B441A7600BF0C37B2
:10454000BD465DF8047B704700E100E000ED00E04F
:1045500080B500AF054B1B68FFF79EF80346012BA3
:1045600001D001F079F800BF80BD00BF10E000E08D
:1045700080B500AF00216FF00400FFF7BFFF00BF60
:1045800080BD000080B483B000AFEFF305833B60D3
:104590003B68002B03D06FF005037B600CE00A4BF7
:1045A0001B68002B05D1084B01221A6000237B6099
:1045B00002E04FF0FF337B607B6818460C37BD4646
:1045C0005DF8047B704700BF3C0D002480B582B0CD
:1045D00000AFEFF305833B603B68002B03D06FF027
:1045E00005037B6010E00B4B1B68012B09D1FFF723
:1045F000BFFF084B02221A60FEF7A8FA00237B6077
:1046000002E04FF0FF337B607B6818460837BD46F9
:1046100080BD00BF3C0D002480B582B000AFEFF339
:1046200005833B603B68002B03D0FEF7F3FB78600B
:1046300002E0FEF7DFFB78607B6818460837BD466E
:1046400080BD80B58EB004AFF860B9607A60002399
:104650003B61EFF305837B617B69002B40F0818038
:10466000FB68002B7DD04FF480633B621823FB6115
:1046700000237B624FF0FF33BB617B68002B46D089
:104680007B681B68002B02D07B681B687B627B68A1
:104690009B69002B02D07B689B69FB61FB69002B47
:1046A00008D0FB69382B05D87B685B6803F00103F1
:1046B000002B01D0002355E07B685B69002B03D001
:1046C0007B685B699B083B627B689B68002B0FD013
:1046D0007B68DB68B3F5C07F0AD37B681B69002B5E
:1046E00006D07B685B69002B02D00123BB6110E020
:1046F0007B689B68002B0CD17B68DB68002B08D1A2
:104700007B681B69002B04D10023BB6101E00023FF
:10471000BB61BB69012B10D17B681B697A68926809
:1047200002920193FB690093BB683A6A796AF86860
:10473000FDF7EEFF03463B6113E0BB69002B10D190
:104740003B6A9AB207F110030193FB690093BB68BF
:10475000796AF868FEF73EF80346012B01D0002382
:104760003B613B6918462837BD4680BD80B584B0A3
:1047700000AF7860EFF30583BB60BB68002B03D00C
:104780006FF00503FB6007E00023FB607B68002BF4
:1047900002D07868FEF7A4F9FB6818461037BD46CA
:1047A00080BD80B588B000AF78600023FB61EFF377
:1047B0000583BB60BB68002B74D17B68002B03D0E2
:1047C0007B685B68BB6101E00023BB61BB6903F0F0
:1047D0000103002B02D001237B6101E000237B61F8
:1047E000BB6903F00803002B5CD14FF0FF333B6142
:1047F0007B68002B15D07B689B68002B06D07B68FC
:10480000DB684F2B02D901233B610CE07B689B687E
:10481000002B08D17B68DB68002B04D100233B61AF
:1048200001E000233B613B69012B12D17B69002B26
:1048300007D07B689B6819460420FCF7DCFFF86111
:1048400016E07B689B6819460120FCF7D4FFF861ED
:104850000EE03B69002B0BD17B69002B04D00420B8
:10486000FCF7B1FFF86103E00120FCF7ACFFF86151
:10487000FB69002B0CD07B68002B03D07B681B6886
:10488000FB6001E00023FB60F968F869FDF7B8FE02
:10489000FB69002B06D07B69002B03D0FB6943F03A
:1048A0000103FB61FB6918462037BD4680BD80B51A
:1048B00086B000AF786039607B6823F001033B610C
:1048C0007B6803F00103FB6000237B61EFF305834A
:1048D000BB60BB68002B03D06FF005037B612CE04D
:1048E0003B69002B03D16FF003037B6125E0FB687C
:1048F000002B11D039683869FCF7CDFF0346012B36
:104900001BD03B68002B03D06FF001037B6114E0E8
:104910006FF002037B6110E039683869FDF772FBC4
:104920000346012B09D03B68002B03D06FF0010335
:104930007B6102E06FF002037B617B6918461837E8
:10494000BD4680BD80B586B000AF78607B6823F03F
:1049500001033B617B6803F00103FB6000237B6183
:10496000EFF30583BB60BB68002B03D06FF005033A
:104970007B611FE03B69002B03D16FF003037B6178
:1049800018E0FB68002B09D03869FCF74FFF03469D
:10499000012B0FD06FF002037B610BE0002300229C
:1049A00000213869FDF71CF80346012B02D06FF097
:1049B00002037B617B6918461837BD4680BD80B510
:1049C0008AB002AFF860B9607A600023FB61EFF350
:1049D00005833B613B69002B75D1FB68002B72D0CE
:1049E000BA68FB689A426ED84FF0FF33BB617B68B0
:1049F000002B15D07B689B68002B06D07B68DB689A
:104A00004F2B02D90123BB610CE07B689B68002B14
:104A100008D17B68DB68002B04D10023BB6101E077
:104A20000023BB61BB69B3F1FF3F4CD0FB68012B96
:104A300028D1BB69012B0AD17B689B6803220092B5
:104A4000002200210120FCF7C9FDF86105E00322E6
:104A500000210120FCF73FFEF861FB69002B22D00A
:104A6000BB68002B1FD0002300220021F869FCF74F
:104A7000B7FF0346012B16D0F869FDF774FC00233D
:104A8000FB6110E0BB69012B08D17B689B681A466B
:104A9000B968F868FCF736FFF86104E0B968F868AF
:104AA000FCF769FFF861FB69002B0CD07B68002BD9
:104AB00003D07B681B687B6101E000237B6179691F
:104AC000F869FDF79DFDFB6918462037BD4680BD9E
:104AD00080B586B000AF786039607B683B610023A9
:104AE0007B613B69002B03D16FF003037B6139E0ED
:104AF000EFF30583FB60FB68002B22D03B68002BA3
:104B000003D06FF003037B612CE00023BB6007F14F
:104B100008031A4600213869FDF784FB0346012B80
:104B200003D06FF002037B611CE0BB68002B19D03F
:104B30000F4B4FF080521A60BFF34F8FBFF36F8F50
:104B400010E039683869FDF75DFA0346012B09D09A
:104B50003B68002B03D06FF001037B6102E06FF034
:104B600002037B617B6918461837BD4680BD00BFD4
:104B700004ED00E080B586B000AF78607B683B61F3
:104B800000237B613B69002B03D16FF003037B6142
:104B90002CE0EFF30583FB60FB68002B1AD00023A9
:104BA000BB6007F1080319463869FDF7B9F80346F9
:104BB000012B03D06FF002037B6117E0BB68002B71
:104BC00014D00D4B4FF080521A60BFF34F8FBFF3DC
:104BD0006F8F0BE00023002200213869FCF700FFF3
:104BE0000346012B02D06FF002037B617B691846FC
:104BF0001837BD4680BD00BF04ED00E080B58AB027
:104C000002AFF860B9607A600023FB61EFF30583BF
:104C10003B613B69002B5FD1FB68002B5CD0BB681C
:104C2000002B59D04FF0FF33BB617B68002B29D09C
:104C30007B689B68002B12D07B68DB684F2B0ED9FA
:104C40007B681B69002B0AD07B685A69FB68B968CE
:104C500001FB03F39A4202D30123BB6114E07B689A
:104C60009B68002B10D17B68DB68002B0CD17B6824
:104C70001B69002B08D17B685B69002B04D10023E2
:104C8000BB6101E00023BB61BB69012B0BD17B68D9
:104C90001A697B689B6800210091B968F868FCF785
:104CA0009DFCF86108E0BB69002B05D10022B968C2
:104CB000F868FCF710FDF861FB69002B0CD07B68ED
:104CC000002B03D07B681B687B6101E000237B61C4
:104CD0007969F869FDF794FCFB6918462037BD46F1
:104CE00080BD000080B588B000AFF860B9603B605F
:104CF0001346FB71FB68BB610023FB61EFF3058387
:104D00007B617B69002B28D0BB69002B05D0BB6879
:104D1000002B02D03B68002B03D06FF00303FB6134
:104D200038E000233B6107F110020023B968B8693D
:104D3000FCF758FF0346012B03D06FF00203FB6121
:104D400028E03B69002B25D0154B4FF080521A60AC
:104D5000BFF34F8FBFF36F8F1CE0BB69002B02D0F6
:104D6000BB68002B03D16FF00303FB6112E000234B
:104D70003A68B968B869FCF733FE0346012B09D0DD
:104D80003B68002B03D06FF00103FB6102E06FF082
:104D90000203FB61FB6918462037BD4680BD00BF9A
:104DA00004ED00E080B588B000AFF860B9607A60CB
:104DB0003B60FB68BB610023FB61EFF305837B6114
:104DC0007B69002B28D0BB69002B05D0BB68002B6A
:104DD00002D03B68002B03D06FF00303FB6137E088
:104DE00000233B6107F110031A46B968B869FDF763
:104DF00019FA0346012B03D06FF00203FB6127E091
:104E00003B69002B24D0154B4FF080521A60BFF342
:104E10004F8FBFF36F8F1BE0BB69002B02D0BB68C5
:104E2000002B03D16FF00303FB6111E03A68B9680E
:104E3000B869FDF705F80346012B09D03B68002B44
:104E400003D06FF00103FB6102E06FF00203FB612E
:104E5000FB6918462037BD4680BD00BF04ED00E069
:104E600080B485B000AFF860B9607A60FB68074A2B
:104E70001A60BB68064A1A607B684FF480621A6049
:104E800000BF1437BD465DF8047B7047400D002419
:104E9000C00E002480B485B000AFF860B9607A60BD
:104EA000FB68074A1A60BB68064A1A607B684FF4C1
:104EB000A0421A6000BF1437BD465DF8047B7047FE
:104EC000C01E00244020002480B58AB000AF786066
:104ED0000023FB61FDF7AAFE5C4B1B68002B01D190
:104EE00000F03CF95A4B1A687B681340002B40F0E5
:104EF00095807B68002B1ED008227B6813447B6062
:104F00007B6803F00703002B15D07B6823F00703B1
:104F100008337B607B6803F00703002B0BD04FF056
:104F2000500383F31188BFF36F8FBFF34F8F7B6103
:104F300000BF00BFFDE77B68002B6FD0454B1B68AF
:104F40007A689A426AD8444B3B62434B1B687B6247
:104F500004E07B6A3B627B6A1B687B627B6A5B68FE
:104F60007A689A4203D97B6A1B68002BF1D1374BD0
:104F70001B687A6A9A4251D03B6A1B680822134424
:104F8000FB617B6A1A683B6A1A607B6A5A687B68B5
:104F9000D21A08235B009A4220D97A6A7B681344AC
:104FA000BB61BB6903F00703002B0BD04FF050032C
:104FB00083F31188BFF36F8FBFF34F8F3B6100BF47
:104FC00000BFFDE77B6A5A687B68D21ABB695A60EA
:104FD0007B6A7A685A60B86900F022F91D4B1A683A
:104FE0007B6A5B68D31A1B4A13601A4B1A681B4B07
:104FF0001B689A4203D2174B1B68184A13607B6ADE
:105000005A68134B1B681A437B6A5A607B6A0022FA
:105010001A60134B1B680133114A1360FDF74CFEF5
:10502000FB6903F00703002B0BD04FF0500383F311
:105030001188BFF36F8FBFF34F8FFB6000BF00BFBE
:10504000FDE7FB6918462837BD4680BD488004242B
:105050005C8004244C800424408004245080042478
:105060005480042480B586B000AF78607B687B6193
:105070007B68002B4FD008235B427A6913447B6125
:105080007B693B613B695A68254B1B681340002BC9
:105090000BD14FF0500383F31188BFF36F8FBFF331
:1050A0004F8FFB6000BF00BFFDE73B691B68002B13
:1050B0000BD04FF0500383F31188BFF36F8FBFF312
:1050C0004F8FBB6000BF00BFFDE73B695A68144BC0
:1050D0001B681340002B1ED03B691B68002B1AD1A4
:1050E0003B695A680E4B1B68DB431A403B695A60A8
:1050F000FDF79CFD3B695A680A4B1B681344094A3B
:105100001360386900F08CF8074B1B680133064ABE
:105110001360FDF7D1FD00BF1837BD4680BD00BF4D
:105120005C8004244C8004245880042480B400AFA4
:10513000034B1B681846BD465DF8047B704700BFF3
:105140004C80042480B400AF034B1B681846BD4656
:105150005DF8047B704700BF5080042480B485B0A4
:1051600000AF4FF44833BB60274BFB60FB6803F094
:105170000703002B0CD0FB680733FB60FB6823F0B0
:105180000703FB60BA68FB68D31A1F4A1344BB606D
:10519000FB687B601D4A7B6813601C4B00225A60D1
:1051A0007B68BA681344FB600822FB689B1AFB60AB
:1051B000FB6823F00703FB60FB68154A1360144B80
:1051C0001B6800225A60124B1B6800221A607B6821
:1051D0003B603B68FA68D21A3B685A600C4B1A680D
:1051E0003B681A603B685B680A4A13603B685B680F
:1051F000094A1360094B4FF000421A6000BF143790
:10520000BD465DF8047B7047406001244080042463
:1052100048800424508004244C8004245C800424AE
:1052200080B485B000AF7860284BFB6002E0FB687B
:105230001B68FB60FB681B687A689A42F7D8FB68BA
:10524000BB60FB685B68BA6813447A689A4208D10D
:10525000FB685A687B685B681A44FB685A60FB68A5
:105260007B607B68BB607B685B68BA681A44FB68DC
:105270001B689A4218D1FB681A68154B1B689A4242
:105280000DD07B685A68FB681B685B681A447B68B2
:105290005A60FB681B681A687B681A6008E00C4B50
:1052A0001A687B681A6003E0FB681A687B681A60FA
:1052B000FA687B689A4202D0FB687A681A6000BF7D
:1052C0001437BD465DF8047B704700BF408004245E
:1052D0004880042480B485B000AFF860B9607A607B
:1052E000FB68043BFB60FB684FF080721A60FB6850
:1052F000043BFB60BB6823F00102FB681A60FB689B
:10530000043BFB600C4AFB681A60FB68143BFB60C3
:105310007A68FB681A60FB68043BFB60FB686FF00F
:1053200002021A60FB68203BFB60FB6818461437DA
:10533000BD465DF8047B70473D53010880B485B0DD
:1053400000AF00237B60134B1B68B3F1FF3F0BD012
:105350004FF0500383F31188BFF36F8FBFF34F8F6C
:10536000FB6000BF00BFFDE74FF0500383F31188DF
:10537000BFF36F8FBFF34F8FBB6000BF00BF7B6871
:10538000002BFCD000BF00BF1437BD465DF8047B86
:10539000704700BF10000024000000000000000063
:1053A000074B19680868B0E8F04F80F30988BFF32D
:1053B0006F8F4FF0000080F311887047AFF30080CB
:1053C0007006002400BF00BF08480068006880F332
:1053D00008884FF0000080F3148862B661B6BFF30E
:1053E0004F8FBFF36F8F00DF00BF00BF08ED00E0FD
:1053F00080B586B000AF474B1B68474A93420BD13C
:105400004FF0500383F31188BFF36F8FBFF34F8FBB
:10541000FB6000BF00BFFDE73E4B1B683F4A934265
:105420000BD14FF0500383F31188BFF36F8FBFF39D
:105430004F8F3B6100BF00BFFDE7394B7B617B694C
:105440001B78DBB27B607B69FF221A707B691B785B
:10545000DBB2FB70FB78DBB203F05003DAB2314B06
:105460001A70314B07221A6009E02F4B1B68013B71
:105470002D4A1360FB78DBB25B00DBB2FB70FB787C
:10548000DBB203F08003802BEFD0274B1B68C3F106
:105490000703042B0BD04FF0500383F31188BFF3A5
:1054A0006F8FBFF34F8FBB6000BF00BFFDE71E4B88
:1054B0001B681B021C4A13601B4B1B6803F4E06350
:1054C000194A13607B68DAB27B691A70174B1B6844
:1054D000164A43F470031360144B1B68134A43F0DD
:1054E0007043136000F0A6F9114B00221A6000F01F
:1054F000DDF9104B1B680F4A43F040431360FFF780
:1055000063FFFDF787FDFFF719FF002318461837E3
:10551000BD4680BD00ED00E071C20F4170C20F4179
:1055200000E400E06C8004247080042420ED00E09E
:105530001000002434EF00E080B483B000AF4FF0DF
:10554000500383F31188BFF36F8FBFF34F8F7B60DE
:1055500000BF104B1B6801330E4A13600D4B1B68D4
:10556000012B10D10C4B1B68DBB2002B0BD04FF082
:10557000500383F31188BFF36F8FBFF34F8F3B60EE
:1055800000BF00BFFDE700BF0C37BD465DF8047BE0
:10559000704700BF1000002404ED00E080B483B029
:1055A00000AF124B1B68002B0BD14FF0500383F35D
:1055B0001188BFF36F8FBFF34F8F7B6000BF00BFB9
:1055C000FDE70A4B1B68013B084A1360074B1B6849
:1055D000002B05D100233B603B6883F3118800BF9B
:1055E00000BF0C37BD465DF8047B704710000024F7
:1055F000EFF30980BFF36F8F154B1A681EF0100F81
:1056000008BF20ED108A20E9F04F106009B44FF078
:10561000500080F31188BFF34F8FBFF36F8FFDF7FA
:10562000F9FC4FF0000080F3118809BC1968086884
:10563000B0E8F04F1EF0100F08BFB0EC108A80F3F6
:105640000988BFF36F8F7047AFF30080AFF300801E
:105650007006002400BF00BF80B582B000AF4FF0DD
:10566000500383F31188BFF36F8FBFF34F8F7B60BD
:1056700000BFFDF715FC0346002B03D0064B4FF08F
:1056800080521A6000233B603B6883F3118800BF9F
:1056900000BF0837BD4680BD04ED00E080B588B08E
:1056A00000AF78605D4B1B687A689A4202D95B4B09
:1056B0001B687B605A4B1B68594A23F00103136037
:1056C000584B1A687B68013B5749096801FB03F393
:1056D0001344FB61554B1B68FA699A4204D9534B3A
:1056E0001B68FA69D31AFB6172B6BFF34F8FBFF321
:1056F0006F8FFDF797FE0346002B10D1494B4C4AA4
:105700001B681360464B1B68454A43F00103136056
:10571000454B1B68464A013B136062B679E0444A38
:10572000FB6913603F4B00221A603D4B1B683C4AEB
:1057300043F0010313607B683B6100233B613869E0
:105740000DF0BCFA3B69002B04D0BFF34F8F30BF84
:10575000BFF36F8F78680DF0BBFA62B6BFF34F8F5F
:10576000BFF36F8F72B6BFF34F8FBFF36F8F2C4BAA
:1057700006221A602A4B1B6803F48033002B1DD0CD
:10578000294B1A68274B1968FB69CB1A1344013B54
:105790007B61264B1B687A699A4204D3224B1B68B3
:1057A0007A699A4203D9204B1B68013B7B61204AEE
:1057B0007B6913607B68013BBB6118E01A4B1B6877
:1057C0007A6803FB02F2174B1B68D31AFB60164B77
:1057D0001B68FA68B2FBF3F3BB61BB690133124A81
:1057E000126803FB02F21249FB68D31A0B600D4BDF
:1057F00000221A600A4B1B68094A43F00103136038
:10580000B869FDF725FB084B1B68094A013B13608B
:1058100062B600BF2037BD4680BD00BF648004244F
:1058200010E000E018E000E06080042468800424B8
:1058300014E000E080B400AF144B1B68144AA2FBD4
:1058400003239B09134A1360124B1B686FF07F42BE
:10585000B2FBF3F3104A1360104B2D221A60104B69
:1058600000221A600F4B00221A60084B1B68084A7E
:10587000A2FB03239B090C4A013B1360084B072240
:105880001A6000BFBD465DF8047B7047000000242D
:10589000D34D621060800424648004246880042452
:1058A00010E000E018E000E014E000E0DFF80C0099
:1058B000016841F470010160704700BF88ED00E0AD
:1058C00080B485B000AFEFF30583FB60FB680F2B5E
:1058D00015D9184AFB6813441B78FB72164B1B78CA
:1058E000FA7A9A420BD24FF0500383F31188BFF338
:1058F0006F8FBFF34F8F7B6000BF00BFFDE70F4B83
:105900001B6803F4E0620E4B1B689A420BD94FF000
:10591000500383F31188BFF36F8FBFF34F8F3B604A
:1059200000BF00BFFDE700BF1437BD465DF8047B34
:10593000704700BFF0E300E06C8004240CED00E051
:105940007080042480B586B000AF786039600E2383
:10595000FB827B685B890E2B6ED97B68DB7B002B1F
:1059600006D13B6893F834300133DAB27B68DA73DE
:105970007B685B683B613B691A7B5B7B1B02134363
:10598000FB813B691B7803F00103002B23D03B69AB
:105990001B78012B0FD13B695B78002B1BD13B6936
:1059A0009B785E2B17D17B685B7B43F01003DAB2E8
:1059B0007B685A730FE03B690622284918462EF08F
:1059C000BFFE0346002B06D17B685B7B43F00803D8
:1059D000DAB27B685A73FB89082B03D0B3F5C16F29
:1059E00014D032E03B6893F8313003F00803002B09
:1059F00024D0FB8A1946786801F022FB0346002B6D
:105A00001ED1396878680AF0D7F813E03B6893F83C
:105A1000313003F00803002B14D0FB8A1946786854
:105A200001F00EFB0346002B0ED13968786809F0AF
:105A300023FA00BF00230CE000BF06E000BF04E033
:105A400000BF02E000BF00E000BF786801F07EFB0D
:105A5000002318461837BD4680BD00BF4802050820
:105A600080B586B000AFF860B9607A603B603B8C6F
:105A7000184600F0DFF90346FB820E21B86801F0FA
:105A8000CFFA0346002B25D1BB685B683B613B69BD
:105A9000FA8A9A813B690622396818462FF023FE5C
:105AA0003B6906330622796818462FF01CFEFB6816
:105AB00093F83030062B06D00A4B4FF499720A49FE
:105AC0000A482EF059FCFB689B69B968F86898474A
:105AD000034602E000BF6FF0010318461837BD46C9
:105AE00080BD00BF6C7E0408BC7E0408F07E040804
:105AF00080B584B000AF7860396007F0EDFEF860E3
:105B0000FB68B3F1FF3F0BD113480BF032FB0022CF
:105B1000396878680BF0BAFA0F480BF01BFB18E0F5
:105B2000FB68002B02D107F09DFEE6E70A480BF068
:105B300020FBFA68396878680BF0A8FAB860064864
:105B40000BF008FBBB68B3F1FF3F02D107F08AFE00
:105B5000D3E71037BD4680BD8080042480B584B073
:105B600000AF786010480BF0F5FA104B1B68002B63
:105B700005D00E4B1B680E4A12681046984707F175
:105B80000C0319460B48FFF7B3FFFB68002B06D147
:105B9000094B912209490A482EF0EEFB03E0FB680D
:105BA000184600F00FF8EAE780800424748004248B
:105BB000788004247C800424187F0408647F04080F
:105BC000847F040880B582B000AF78607B681B7862
:105BD000022B26D0022B2BDC002B02D0012B15D060
:105BE00026E07B68DB687A6850687A6892681146BC
:105BF00098470346002B04D07B685B68184601F089
:105C0000A5FA7968092000F077FB18E07B685B68EB
:105C10007A689268104698477968082000F06CFB13
:105C20000DE07B685B687A6892681046984706E0EA
:105C3000054BCF22054906482EF09EFB00BF00BF52
:105C40000837BD4680BD00BF187F0408647F040884
:105C5000847F040880B586B000AFF860B9607A60D0
:105C60001A480BF044FA0346002B05D1184BFC22CE
:105C7000184919482EF080FB092000F0CDFA786110
:105C80007B69002B02D14FF0FF331AE07B690022C1
:105C90001A707B69FA685A607B69BA689A607B6996
:105CA0007A68DA60796909480BF0D6F90346002B67
:105CB00006D07969092000F01FFB4FF0FF3300E0A8
:105CC000002318461837BD4680BD00BF7C800424E1
:105CD000187F0408AC7F0408847F040880B582B074
:105CE00000AF786039603B6893F8313003F01803F7
:105CF000002B06D0084A39687868FFF7ABFF0346E7
:105D000005E0064A39687868FFF7A4FF034618469D
:105D10000837BD4680BD00BF45590108B9FB0108E1
:105D200080B584B000AF7860396019480BF0DFF9B6
:105D30000346002B06D1174B40F25D121649174857
:105D40002EF01AFB082000F067FAF860FB68002BC1
:105D500002D14FF0FF3317E0FB6801221A70FB6895
:105D60007A685A60FB683A689A60F96808480BF0EC
:105D700073F90346002B06D0F968082000F0BCFA3E
:105D80004FF0FF3300E0002318461037BD4680BDBA
:105D90007C800424187F0408AC7F0408847F0408F6
:105DA00080B584B002AF7860396000F02EF9174AF0
:105DB0007B681360164A3B681360062115480BF098
:105DC00031F90346002B06D0134B40F261221349F0
:105DD00013482EF0D1FA13480BF0A6F90346002B16
:105DE00006D00D4B40F265220F490D482EF0C4FA43
:105DF000202300934FF4805300220C490C480BF0F1
:105E0000C5F900BF0837BD4680BD00BF74800424BB
:105E1000788004247C800424187F0408BC7F040854
:105E2000847F040880800424E07F04085D5B01080F
:105E30000480040880B483B000AF0346FB80B7F948
:105E400006301B021AB2FB881B0A9BB21BB213431B
:105E50001BB29BB218460C37BD465DF8047B7047F9
:105E600080B483B000AF78607B681A067B681B0241
:105E700003F47F031A437B681B0A03F47F431A432E
:105E80007B681B0E134318460C37BD465DF8047B38
:105E9000704780B489B000AF786039607B68FB617F
:105EA0000023FB8100237B61FB6903F001033B615D
:105EB0003B69002B0DD03B68002B0ADDFA69531CAF
:105EC000FB6107F10E03013312781A703B68013B46
:105ED0003B60FB69BB610AE0BB699A1CBA611B8825
:105EE0001A467B6913447B613B68023B3B603B681D
:105EF000012BF1DC3B68002B04DD07F10E03BA69CE
:105F000012781A70FB891A467B6913447B617B699E
:105F10001A0C7B699BB213447B617B691A0C7B6909
:105F20009BB213447B613B69002B07D07B691B024A
:105F30009AB27B691B0ADBB213437B617B699BB21C
:105F400018462437BD465DF8047B704780B582B0A3
:105F500000AF78600B467B807B8819467868FFF736
:105F600098FF0346DB439BB218460837BD4680BD09
:105F700080B586B000AF78600023FB6000237B61B2
:105F80007B683B612BE03B695A683B695B8919463A
:105F90001046FFF77EFF03461A467B6913447B6178
:105FA0007B691A0C7B699BB213447B613B695B89FB
:105FB00003F001039BB2002B0ED0FB68002B0CBF3B
:105FC00001230023DBB2FB607B691B029AB27B6971
:105FD0001B0ADBB213437B613B691B683B613B6976
:105FE000002BD0D1FB68002B07D07B691B029AB233
:105FF0007B691B0ADBB213437B617B699BB2DB438A
:106000009BB218461837BD4680BD80B582B000AF40
:1060100000237B600BF07CF800F00EF800F08EF8A7
:1060200000F094F907F090FC01F09EFB07F098FB5C
:1060300000BF0837BD4680BD80B400AF00BFBD467D
:106040005DF8047B704780B483B000AF786039603E
:106050007B6818460C37BD465DF8047B704700002E
:1060600080B584B000AF786078682DF07BF9034686
:10607000FB60FB68002B06D10BF0A8F8B860B8688D
:106080000BF0B2F80DE0FB68033323F003031A466C
:10609000FB68934205D0054BD522054905482EF0F3
:1060A0006BF9FB6818461037BD4680BD14800408A4
:1060B0005C8004088080040880B582B000AF7860FE
:1060C0007B68002B05D10D4BE6220D490D482EF0C3
:1060D00053F97B68033323F003031A467B6893422A
:1060E00005D0064BE722084906482EF045F97868A6
:1060F0002DF040F900BF0837BD4680BD148004086C
:10610000A880040880800408B880040880B582B0A4
:1061100000AF78603960396878682DF007F9034678
:1061200018460837BD4680BD80B483B000AF7860A4
:1061300000BF0C37BD465DF8047B704780B582B068
:1061400000AF0023FB8009E0FB88084A52F82330A7
:106150001846FFF7E9FFFB880133FB80FB880C2B17
:10616000F2D900BF00BF0837BD4680BD8C020508CC
:1061700080B584B000AF78607B681B88033323F060
:1061800003031846FFF76CFFF8600BF01FF8B860C8
:10619000FB68002B10D0FB6803F00303002B06D034
:1061A000094B4FF48C72094909482EF0E5F8B8689C
:1061B0000BF01AF8FB6803E0B8680BF015F8002341
:1061C00018461037BD4680BDD08004081C810408E5
:1061D0004081040880B582B000AF78607B68002BF6
:1061E00006D10A4B4FF49E7209490A482EF0C4F8B2
:1061F0007B68002B01D1002303E07868FFF7B8FF2C
:10620000034618460837BD4680BD00BFD08004084D
:10621000688104084081040880B584B000AF03465B
:10622000FB71FB790C2B08D90A4B40F257120A4933
:106230000A482EF0A1F8002308E0FB79084A52F83A
:1062400023301846FFF794FFF860FB6818461037B4
:10625000BD4680BDD08004087C81040840810408CC
:106260008C02050880B584B000AF786039603B6867
:1062700003F00303002B06D00A4B4FF4B6720A4911
:106280000A482EF079F83B68FB600AF09FFFB8607F
:10629000B8680AF0A9FFF868FFF70EFF00BF1037D3
:1062A000BD4680BDD08004089C810408408104085C
:1062B00080B582B000AF786039607B68002B06D172
:1062C0000A4B40F295120A490A482EF055F87B68AD
:1062D000002B07D03B68002B04D039687868FFF7A3
:1062E000C1FF00E000BF0837BD4680BDD080040874
:1062F000688104084081040880B582B000AF03467D
:106300003960FB71FB790C2B07D90C4B4FF4D5721C
:106310000B490C482EF030F80CE03B68002B08D0FD
:10632000FB79094A52F8233039681846FFF79AFF7B
:1063300000E000BF0837BD4680BD00BFD080040824
:10634000BC810408408104088C02050880B400AFB9
:1063500000BFBD465DF8047B7047000080B586B085
:1063600000AFF860B9607A603B60FB68002B08D131
:106370005B4B40F227125B495B482DF0FDFF002389
:10638000A9E07B6A002B08D1554B4FF49472574912
:1063900055482DF0F1FF00239DE0BB68002B01D193
:1063A000534BBB607B68002B01D1514B7B603B683A
:1063B000002B01D14E4B3B60FB6800225A60FB680A
:1063C00000229A60FB680022DA60FB68494A5A6141
:1063D000FB6800221A85FB68002283F83120FB68E5
:1063E00024330422002118462EF0D3F9FB68002242
:1063F000DA61FB683A6A1A623F4B1A78FB6883F8E5
:106400003420FB68BA6A1A613B687A68B968F86830
:1064100000F08EF97B6AF86898470346002B01D09C
:10642000002358E0FB6893F83430FF2B03D1FB685E
:10643000002283F8342000233B61304B1B687B61D2
:106440002BE07A69FB689A4206D1254B40F28B1209
:106450002B4925482DF090FF3B6901333B613B6997
:10646000FF2B06DD1E4B40F28D1226491E482DF0F3
:1064700083FF7B6993F83420FB6893F834309A42A9
:1064800008D1FB6893F834300133DAB2FB6883F843
:10649000342005E07B691B687B617B69002BD0D1D0
:1064A0007B69002BBED1FB6893F83430FE2B03D1FF
:1064B000114B00221A7006E0FB6893F83430013368
:1064C000DAB20D4B1A700D4B1A68FB681A600B4A52
:1064D000FB681360FB6818461837BD4680BD00BFD7
:1064E000D88104088482040840820408A082040839
:1064F00008030508136A0108A48004249C8004246E
:10650000C4820408D882040880B582B000AF7860E5
:1065100039603968786802F0FDFD3968786807F0FD
:1065200099FE00BF0837BD4680BD000080B586B02B
:1065300000AFF860B9607A60BB68002B06D11D4BD4
:1065400040F2CB121C491D482DF016FF7B68002B32
:1065500006D1184B4FF4E672174918482DF00CFF7E
:10656000BB681A68FB6804331B689A421CD0BB687E
:106570001B687B61FB6804331A687B681A6007F14B
:10658000140319467868FFF7BFFFBB68002B02D0E1
:10659000BB681B6800E00023FA6853600121F868BB
:1065A00000F04CF9012300E0002318461837BD46DF
:1065B00080BD00BFD8810408088304084082040815
:1065C00080B584B000AF786039607B68002B07D15C
:1065D0000B4B4FF4FC720B490B482DF0CDFE0BE03A
:1065E0003B68002B01D1094B3B6007F10C031A46B5
:1065F00039687868FFF79AFF1037BD4680BD00BF45
:10660000D881040818830408408204080803050898
:1066100080B485B000AFF860B9607A60BB681A6872
:10662000FB6808331B689A420AD0BB68002B02D073
:10663000BB681B6800E00023FA689360012300E058
:10664000002318461437BD465DF8047B70470000F0
:1066500080B584B000AF786039600023FB607B6850
:10666000002B07D10A4B40F23A220A490A482DF082
:1066700083FE09E03B68002B01D1084B3B60FA68C0
:1066800039687868FFF7C4FF1037BD4680BD00BF8A
:10669000D8810408388304084082040808030508E8
:1066A00080B485B000AFF860B9607A60BB681A68E2
:1066B000FB680C331B689A420AD0BB68002B02D0DF
:1066C000BB681B6800E00023FA68D360012300E088
:1066D000002318461437BD465DF8047B7047000060
:1066E00080B584B000AF786039600023FB607B68C0
:1066F000002B07D10A4B40F277220A490A482DF0B5
:106700003BFE09E03B68002B01D1084B3B60FA6877
:1067100039687868FFF7C4FF1037BD4680BD00BFF9
:10672000D88104085C830408408204080803050833
:1067300080B588B000AFF860B9607A603B60002334
:10674000FB610023BB61BB68002B01D11C4BBB600C
:106750007B68002B01D11A4B7B603B68002B01D179
:10676000174B3B60BB68002B03D0BB681B68002B3A
:1067700001D1012300E000237B617B69002B06D05F
:1067800007F110031A46B968F868FFF7CFFEFA69F7
:106790007968F868FFF73CFFBA693968F868FFF76D
:1067A0007FFF7B69002B06D107F110031A46B968F9
:1067B000F868FFF7BBFE00BF2037BD4680BD00BFB5
:1067C0000803050880B483B000AF7860044A7B6892
:1067D000136000BF0C37BD465DF8047B704700BFF7
:1067E000A080042480B582B000AF78607B68002B65
:1067F00007D10F4B4FF454720E490F482DF0BCFDDA
:1068000013E07B6893F8313003F00103002B0CD1C7
:106810007B6893F8313043F00103DAB27B6883F888
:1068200031200321786800F009F80837BD4680BDA3
:10683000D8810408788304084082040880B582B0B7
:1068400000AF78600B46FB707B68002B06D1184BBD
:1068500040F26D32174918482DF08EFD7B6893F891
:10686000313003F00403002B1ED07B6893F83130E5
:1068700003F00103002B17D0FB7803F00103002B7A
:1068800013D07B6804331B68002B0ED07B6893F811
:10689000313003F00803002B07D07B68043319461E
:1068A000786808F01DFF00E000BF0837BD4680BDD6
:1068B000D8810408948304084082040880B582B01B
:1068C00000AF78607B68002B07D1124B40F29B32FF
:1068D000114912482DF050FD19E07B6893F83130D2
:1068E00003F00103002B12D07B6893F8313023F0C2
:1068F0000103DAB27B6883F831207B6893F831308A
:1069000003F00803002B02D0786808F085FA0837F6
:10691000BD4680BDD8810408B883040840820408BD
:1069200080B582B000AF78607B68002B07D1154B33
:106930004FF47872144915482DF01EFD1EE07B6857
:1069400093F8313003F00403002B17D17B6893F8E0
:10695000313043F00403DAB27B6883F83120786881
:1069600007F00AFE03217868FFF768FF7B68DB69A0
:10697000002B03D07B68DB69786898470837BD46F1
:1069800080BD00BFD8810408D88304084082040871
:1069900080B582B000AF78607B68002B07D1114BC7
:1069A00040F20642104911482DF0E6FC17E07B68E2
:1069B00093F8313003F00403002B10D07B6893F878
:1069C000313023F00403DAB27B6883F831207B682E
:1069D000DB69002B03D07B68DB6978689847083750
:1069E000BD4680BDD8810408FC83040840820408A9
:1069F00080B483B000AF786039607B68002B02D030
:106A00007B683A68DA6100BF0C37BD465DF8047BED
:106A1000704780B485B000AFF860B9607A606FF0FD
:106A20000B0318461437BD465DF8047B7047000021
:106A300080B485B000AF0346FB71FB79002B13D007
:106A40000D4B1B68FB600CE0FB6893F8343001339E
:106A5000DBB2FA799A4201D1FB6806E0FB681B6859
:106A6000FB60FB68002BEFD1002318461437BD46AE
:106A70005DF8047B704700BF9C80042480B582B021
:106A800000AF0AF0A3FB38600D4B00221A70386883
:106A90000AF0AAFB0B4B1B687B600AE07B685B6F0C
:106AA000002B03D0786802F073FB05E07B68DB689D
:106AB0007B607B68002BF1D10837BD4680BD00BFED
:106AC000A5800424B480042480B582B000AF78602F
:106AD000FFF7D4FF00BF0837BD4680BD80B582B048
:106AE00000AF0AF073FB78600F4B1B78FB700E4B06
:106AF00001221A7078680AF077FBFB78002B0FD11F
:106B000000210A48FFF70CF90346002B08D00AF0D1
:106B10005DFB7860044B00221A7078680AF064FB11
:106B200000BF0837BD4680BDA5800424C96A01089E
:106B300080B485B000AFF860B96011461A460B46C4
:106B4000FB801346BB80FB6800221A60FB68BA68B2
:106B50005A60FB68FA881A81FB68BA885A813B8BB5
:106B6000DAB2FB681A73FB683A7F5A73FB6801223A
:106B70009A73FB680022DA7300BF1437BD465DF8D4
:106B8000047B704780B58CB002AF0346FB710B46A7
:106B9000BB8013467B80FB797B847B88B3F5207FA9
:106BA00000F08280B3F5207F00F3C980B3F5C17F88
:106BB00010D0B3F5C17F00F3C280012B02D0412B6E
:106BC00040F0BD807A88BB881946002000F0D2F8DA
:106BD0007862BEE000237B620023FB61BB887B837D
:106BE0000C20FFF719FB38613B69002B09D1FFF737
:106BF00075FF7B6A002B02D0786A00F0A7FA0023A9
:106C0000A8E07B8C03339BB223F003039AB240F2DB
:106C1000EC539B1A9BB27A8B934228BF1346FB819D
:106C20007B8C10333A691344033323F00303184673
:106C3000F9897A8B002301937B8800930B460146E8
:106C40003869FFF775FF3B695B6803F00303002BAE
:106C500006D0424B4FF48072414942482DF08CFBE4
:106C60007B8C033323F0030340F2EC52934206D1B2
:106C70003A4B4FF481723C493A482DF07DFB7B6AD8
:106C8000002B02D13B697B6202E0FB693A691A6022
:106C90003B69FB617A8BFB89D31A7B8300237B845E
:106CA0007B8B002B9CD154E07B8C03339BB223F075
:106CB00003039AB2BB8803339BB223F003039BB256
:106CC00013443B833B8B10337B613A8BBB8803338C
:106CD00023F003039A4206D3BB88033323F0030354
:106CE0007A699A4201D2002334E07869FFF7B8F953
:106CF00078627B6A002B01D100232BE07B8C103360
:106D00007A6A1344033323F003031846B988BA8818
:106D1000002301937B8800930B460146786AFFF7B6
:106D200007FF7B6A5B6803F00303002B10D00B4B5B
:106D30004FF491720D490B482DF01EFB08E0074BF4
:106D400040F227120A4907482DF016FB002301E004
:106D500000BF7B6A18462837BD4680BD20840408E2
:106D60006C8404089C840408C4840408F88404081F
:106D70002485040880B586B002AF78600B467B801E
:106D800013463B803B88412B09D03B88012B06D022
:106D90000F4B4FF4A5720F490F482DF0EDFA0B2061
:106DA000FFF73AFAF860FB68002B01D100230BE0F3
:106DB00079887A88002301933B8800930B46796891
:106DC000F868FFF7B5FEFB6818461037BD4680BD72
:106DD00020840408408504089C84040880B588B099
:106DE00002AF7B600346FB730B46BB8113467B817E
:106DF000FB7B7B827B8A033323F00302BB891A442B
:106E0000BB8C9A4201D9002318E03B6A002B07D0C3
:106E10007B8A033323F003033A6A13447B6101E066
:106E200000237B617868B989BA89022301937B8941
:106E300000930B467969FFF77BFE7B68184618378D
:106E4000BD4680BD80B584B000AF78600B467B80C6
:106E50007B68002B06D1394B4FF4CC723849394846
:106E60002DF08AFA7B681B897A889A4261D27B6806
:106E70001A897B88D31A3B817B887B817B68FB6086
:106E800018E0FB685B897A89D31A7B81FB681A89D1
:106E90003B89D31A9AB2FB681A81FB681B68FB60B6
:106EA000FB68002B06D1254B40F2AF12264925483E
:106EB0002DF062FAFB685B897A899A42E1D8FB6817
:106EC0001B7B03F00F03002B1FD1FB685B897A89C2
:106ED0009A421AD0FB685B7B03F00203002B14D1AB
:106EE000FB685A68FB68D21A7B8913441946F86814
:106EF000FFF7A9F8F860FB68002B06D10F4B40F2B2
:106F0000BD1212490F482DF037FAFB687A895A8171
:106F1000FB685A89FB681A81FB681B68002B04D048
:106F2000FB681B68184600F011F9FB6800221A6024
:106F300000E000BF1037BD4680BD00BF20840408BC
:106F4000548504089C8404086C850408848504081E
:106F500080B586B000AFF860B9601346FB71FB687E
:106F6000002B06D12B4B40F2DF122B492B482DF082
:106F700003FAFB68002B03D0BB68B3F5803F01D355
:106F8000012343E0BB68002B01D100233EE0BB6836
:106F90007B82FB681A897B8A13449BB27A8A9A4265
:106FA00001D9012332E0FB681B7B3B823B8A03F063
:106FB0008003002B0CD0FB685A68BB685B4213440B
:106FC0007B61FB6810337A699A420DD201231DE080
:106FD000FB79002B06D0FB685A68BB685B42134400
:106FE0007B6101E0012311E0FB687A695A60FB686C
:106FF0005A897B8A13449AB2FB685A81FB681A89C2
:107000007B8A13449AB2FB681A810023184618370A
:10701000BD4680BD20840408A08504089C84040823
:1070200080B582B000AF7860396000223968786836
:10703000FFF78EFF034618460837BD4680BD0000A7
:1070400080B584B000AF786039607B68002B06D1D2
:10705000204B40F24B22204920482DF08DF97B68CF
:10706000002B03D03B68B3F5803F01D301232CE014
:107070003B68002B01D1002327E03B68FB817B6844
:107080005B89FA899A4208D9124B40F25522144979
:1070900012482DF071F9012317E07B685B68BB6033
:1070A0007B685A683B681A447B685A607B685A89D7
:1070B000FB89D31A9AB27B685A817B681A89FB894B
:1070C000D31A9AB27B681A81002318461037BD463E
:1070D00080BD00BF20840408A08504089C840408A7
:1070E000AC85040880B582B000AF78600B467B8029
:1070F00013467B70B7F90230002B08DAB7F902307B
:107100005B4219467868FFF79BFF034607E0B7F933
:1071100002307A7819467868FFF71AFF0346184656
:107120000837BD4680BD80B582B000AF78600B46A1
:107130007B80B7F90230012219467868FFF7D2FF49
:10714000034618460837BD4680BD000080B588B0AC
:1071500000AF78607B68002B0BD17B68002B06D1D9
:107160003B4B4FF437723B493B482DF005F9002368
:1071700069E00023FB7762E00AF028F8B8617B68D9
:107180009B7B002B06D1324B40F2F122334932482F
:107190002DF0F2F87B689B7B013BDAB27B689A7337
:1071A0007B689B7BFB75B8690AF01EF8FB7D002BA2
:1071B00043D17B681B683B617B681B7B03F00F033B
:1071C000FB737B685B7B03F00203002B11D07B68B1
:1071D000BB60BB681B69002B06D11D4B40F2FF2230
:1071E0001F491D482DF0C8F8BB681B69786898478F
:1071F0001DE0FB7B022B04D179680C20FFF77CF8A3
:1072000015E0FB7B012B04D179680B20FFF774F8A4
:107210000DE0FB7B002B03D17868FEF74DFF06E005
:107220000B4B40F20F320F490B482DF0A5F8FB7FB6
:107230000133FB773B697B6001E000237B607B6867
:10724000002B99D1FB7F18462037BD4680BD00BF7B
:1072500020840408A08504089C840408CC850408C4
:10726000E48504080886040880B485B000AF78601F
:107270000023FB8105E0FB890133FB817B681B68F0
:107280007B607B68002BF6D1FB8918461437BD461E
:107290005DF8047B7047000080B584B000AF786073
:1072A0007B68002B16D009F091FFF8607B689B7B10
:1072B0000133DAB27B689A73F86809F095FF7B684E
:1072C0009B7B002B06D1054B40F242320449054816
:1072D0002DF052F800BF1037BD4680BD2084040851
:1072E0001C8604089C84040880B584B000AF7860D4
:1072F00039607B68002B02D03B68002B07D1204B04
:1073000040F259321F4920482DF036F834E07B68AE
:10731000FB600AE0FB681A893B681B8913449AB238
:10732000FB681A81FB681B68FB60FB681B68002B0D
:10733000F0D1FB681A89FB685B899A4206D0104B32
:1073400040F26232114910482DF016F8FB681B68B4
:10735000002B06D00A4B40F263320D490A482DF04B
:107360000BF8FB681A893B681B8913449AB2FB68C7
:107370001A81FB683A681A601037BD4680BD00BFAD
:1073800020840408308604089C8404086886040865
:107390009886040880B582B000AF7860396039689B
:1073A0007868FFF7A1FF3868FFF776FF00BF08375E
:1073B000BD4680BD80B586B000AF786039600023DF
:1073C0007B6100233B617B68002B08D03B68002B6E
:1073D00005D07B681A893B681B899A4209D2574BB2
:1073E00040F2C932564957482CF0C6FF6FF00F03E0
:1073F0009FE07B685B891A467B69D21A3B685B8990
:1074000019463B69CB1A9A4206D33B685B891A46F8
:107410003B69D31AFB6005E07B685B891A467B6990
:10742000D31AFB607B685A687B69D0183B685A683E
:107430003B691344FA6819462EF055F97A69FB68DE
:1074400013447B613A69FB6813443B617B685B8949
:107450001A467B69934206D9384B40F2D9323A49F1
:1074600038482CF089FF3B685B891A463B69934298
:1074700006D9324B40F2DA32344932482CF07CFFE4
:107480003B685B891A463B69934204D300233B6106
:107490003B681B683B607B685B891A467B6993424B
:1074A00014D100237B617B681B687B607B68002BA9
:1074B0000CD13B68002B09D0204B4FF47972244942
:1074C00020482CF059FF6FF00F0332E03B68002B8F
:1074D00013D03B685A893B681B899A420DD13B689F
:1074E0001B68002B09D0154B40F2E93219491548A9
:1074F0002CF042FF6FF005031BE07B68002B13D0DC
:107500007B685A897B681B899A420DD17B681B680E
:10751000002B09D0094B40F2EE320E4909482CF0FD
:107520002BFF6FF0050304E03B68002B7FF461AF95
:10753000002318461837BD4680BD00BF20840408CC
:10754000E48604089C840408148704082C87040833
:10755000488704085887040880B588B000AFF860F1
:10756000B96011461A460B46FB801346BB800023C8
:107570007B830023FB82FB68002B08D12B4B40F25E
:107580000A422B492B482CF0F7FE00234AE0BB6847
:10759000002B08D1254B40F20B42274925482CF0FF
:1075A000EBFE00233EE0FB68FB6134E0BB88002B70
:1075B0000AD0FB695B89BA889A4205D3FB695B896B
:1075C000BA88D31ABB8023E0FB695A89BB88D31AD7
:1075D0003B833A8BFB889A4201D9FB883B837B8BA8
:1075E000BA68D018FB695A68BB8813443A8B1946AD
:1075F0002EF079F8FA8A3B8B1344FB827A8B3B8B13
:1076000013447B83FA883B8BD31AFB800023BB8017
:10761000FB691B68FB61FB88002B02D0FB69002B18
:10762000C4D1FB8A18462037BD4680BD208404089B
:10763000848704089C840408A487040880B487B065
:1076400000AFF8600B467A607B817B89FB82FB6828
:107650003B6107E03B695B89FA8AD31AFB823B698D
:107660001B683B613B69002B04D03B695B89FA8A4C
:107670009A42EFD27B68002B02D07B68FA8A1A808C
:107680003B6918461C37BD465DF8047B7047000017
:1076900080B584B000AF03463A60FB710B46BB80F7
:1076A0003B681989BA88FB791846FFF76BFAF860CE
:1076B000FB68002B01D1002311E03968F868FFF75F
:1076C00079FE0346FB7297F90B30002B06D0064B70
:1076D00040F22452054906482CF04EFEFB6818463D
:1076E0001037BD4680BD00BF20840408B088040860
:1076F0009C84040880B584B000AF78600B467B8022
:107700007B881946786800F00CF8F860FB68002B5D
:1077100002DBFB68DBB200E0002318461037BD46F1
:1077200080BD80B584B000AF78600B467B8007F1E8
:107730000A027B8819467868FFF780FFF860FB68CB
:10774000002B0AD0FB685A897B899A4205D9FB68CD
:107750005B687A8913441B7801E04FF0FF331846C9
:107760001037BD4680BD000080B500AF2BF0B8FEDD
:1077700003469BB2C3F30D039BB2A3F580439AB2B9
:10778000014B1A8000BF80BD1400002480B582B078
:1077900000AF78607B681B7D012B05D1064BD4229E
:1077A000064907482CF0E8FD79680120FEF7A4FDA2
:1077B00000BF0837BD4680BD3C89040884890408A1
:1077C0009889040880B582B000AF78607B681B7D23
:1077D000012B05D1064BDF22064907482CF0CCFDD2
:1077E00079680220FEF788FD00BF0837BD4680BDDE
:1077F0003C890408C08904089889040880B500AF52
:1078000001F000F8074B1B780133DAB2054B1A7010
:10781000044B1B7803F00103002B01D000F0B2FCF5
:1078200000BF80BDBD80042480B584B000AF786007
:1078300039603B68002B05D10D4BFF220D490E48E6
:107840002CF09AFD7B68FB600AE0FB68DB6F3A680E
:107850009A4202D1FB680022DA67FB68DB68FB60B2
:10786000FB68002BF1D100BF00BF1037BD4680BDC3
:107870003C890408DC8904089889040880B584B030
:1078800000AF78607B68002B06D1144B40F21112D8
:10789000134914482CF070FD7B681B7D012B06D02A
:1078A0000E4B4FF4897210490E482CF065FD0123F0
:1078B000FB600BE00D4AFB6852F823301B687968C7
:1078C0001846FFF7B1FFFB680133FB60FB68032B31
:1078D000F0D900BF00BF1037BD4680BD3C89040809
:1078E000048A040898890408108A0408D802050844
:1078F000B0B588B004AF78600B46FB707B68002B96
:1079000006D1634B4FF4AF72624963482CF034FDEB
:10791000FB78002B66D07B681B7D042B03D07B6833
:107920001B7D072B5ED17B689B6F002B04D17B688E
:107930001B8DB3F5804F55D07B685B8B03F0100334
:10794000002B06D1524B4FF4B272544952482CF0DE
:1079500013FD7B68186D7B685C6A7D687B68043307
:107960007A68D28A7968098B0291019200932B463A
:1079700022460146786805F073FC786801F04CFAFD
:10798000474B1B687A689A4205D1454B1B68DB68F8
:10799000434A136013E0424B1B68FB600CE0FB683A
:1079A000DB687A689A4204D17B68DA68FB68DA603F
:1079B00005E0FB68DB68FB60FB68002BEFD17B68B0
:1079C0000022DA60374B01221A70374B1B687A6845
:1079D0009A4202D103F0EAFE02E07868FFF7D6FE91
:1079E000002350E07B681B7D022B3BD0022B44DC44
:1079F000002B02D0012B2AD03FE07B68DB8A002BD2
:107A000021D02A4B1B687A689A4205D1274B1B6804
:107A1000DB68264A136013E0244B1B68BB600CE054
:107A2000BB68DB687A689A4204D17B68DA68BB6815
:107A3000DA6005E0BB68DB68BB60BB68002BEFD198
:107A40007B680022DA607868FFF7A0FE1AE07868A9
:107A5000FFF714FF7968164801F02EFA7868FFF7EF
:107A6000B1FE0FE079680E4801F026FA0D4B0122B5
:107A70001A707868FFF78AFE04E0786800F01AF858
:107A8000034600E0002318461037BD46B0BD00BFD6
:107A90003C890408288A040898890408488A04084C
:107AA000B4800424BC800424F4800424AC80042426
:107AB000B080042480B584B000AF78607B68002B70
:107AC00006D12E4B4FF4CE722D492E482CF054FC8B
:107AD0007B681B7D072B20D0072B2BDC032B02D0D0
:107AE000042B0DD026E0786804F0C8FC0346FB7335
:107AF00097F90F30002B1FD17B6805221A751BE008
:107B0000786804F0BBFC0346FB7397F90F30002B39
:107B100014D17B6805221A7510E0786804F0AEFC79
:107B20000346FB7397F90F30002B09D17B680922BC
:107B30001A7505E000231CE000BF02E000BF00E072
:107B400000BF97F90F30002B03D1786804F0D4FD03
:107B50000DE097F90F30B3F1FF3F08D17B685B8BE5
:107B600043F008039AB27B685A83002301E097F937
:107B70000F3018461037BD4680BD00BF3C89040851
:107B8000048A04089889040880B582B000AF786040
:107B90007B68002B09D10F4B4FF4F4720E490F484C
:107BA0002CF0EAFB6FF00F030FE07B681B7D012BCD
:107BB00006D07B685B8B43F010039AB27B685A83D4
:107BC00001217868FFF794FE034618460837BD4642
:107BD00080BD00BF3C890408648A040898890408B1
:107BE00080B58EB004AF786039607B68002B07D118
:107BF000524B40F23D22524952482CF0BDFB99E0D5
:107C00007B681B7D012B06D14C4B4FF410724E4903
:107C10004C482CF0B1FB7B681B7D0A2B07D179689F
:107C20004A4801F049F97868FFF7B0FD82E0002387
:107C30007B6200237B847B681B6DBB617B685B6A16
:107C40007B617B68D3F890303B617B681B69FB608C
:107C50007B681B7D002B26D17B68DB8A002B2ED016
:107C60003B4B1B687A689A4205D1394B1B68DB682D
:107C7000374A136013E0364B1B68FB610CE0FB696D
:107C8000DB687A689A4204D17B68DA68FB69DA605B
:107C900005E0FB69DB68FB61FB69002BEFD17B68CA
:107CA0000022DA600BE03B687B627B68DB8A7B84C6
:107CB0007968284801F000F9274B01221A707B6887
:107CC0001B6F002B04D07B681B6F184600F07AFEF8
:107CD0007B68DB6E002B04D07B68DB6E184600F0FF
:107CE00071FE7B685B6F002B04D07B685B6F18466E
:107CF00000F068FE7B6A002B0ED079687B68043345
:107D00007A68128B02927A8C019200930B467A6900
:107D1000B969786805F0A4FA7B681B7DFB72786806
:107D2000FFF734FD3B69002B04D03B696FF00C0179
:107D3000F86898472837BD4680BD00BF3C890408D5
:107D4000988A040898890408B48A0408B88004242E
:107D5000AC800424B4800424BC80042480B582B0A8
:107D600000AF786001217868FFF73AFF00BF08375D
:107D7000BD4680BD80B584B000AF78607B68002BC5
:107D800006D1254B40F2A632244925482CF0F4FABE
:107D90007B685B6A7A68128D1344FB607B68DB6AE0
:107DA0007A68528EB2F5005F28BF4FF4005292B24B
:107DB0001344FA68D31A002B08DB7B681A8D7B68A2
:107DC0005A857B68DB6AFA68D31A20E07B685A6AB6
:107DD0007B68DB6AD31A002B03DD7B6800225A859F
:107DE00014E07B68DA6A7B685B6AD31ABB60BB68A5
:107DF000B3F5803F06D3084B40F2B6320949084834
:107E00002CF0BAFABB689AB27B685A8500231846F0
:107E10001037BD4680BD00BF3C890408B08B040804
:107E200098890408D48B040880B584B000AF7860CA
:107E30000B467B807B68002B07D11F4B40F2CF3273
:107E40001E491F482CF098FA32E07B681B7D012BFD
:107E500006D1194B40F2D2321A4919482CF08CFA4B
:107E60007B681A8D7B881344FB81FB89B3F5804FB7
:107E700004D87B681B8DFA899A4204D27B684FF440
:107E800080421A8502E07B68FA891A857868FFF7D4
:107E900071FFB860BB68B3F5067F09D37B685B8B65
:107EA00043F002039AB27B685A83786804F024FC9A
:107EB0001037BD4680BD00BF3C890408F08B040824
:107EC00098890408088C040880B483B000AF0023AC
:107ED000BB801E4B1B8801339AB21C4B1A801B4B74
:107EE0001B884FF6FF72934203D1184B4FF4404268
:107EF0001A800023FB711EE0FB79154A52F82330EB
:107F00001B683B6011E03B68DA8A104B1B889A4281
:107F100008D1BB880133BB80BB88B3F5804FD8D371
:107F200000230DE03B68DB683B603B68002BEAD137
:107F3000FB790133FB71FB79032BDDD9034B1B88E4
:107F400018460C37BD465DF8047B704714000024CA
:107F5000D802050880B58AB000AFF860B9603B6010
:107F60001346FB8000237B62FB68002B09D17D4B0D
:107F700040F235427C497D482CF0FEF96FF00F034A
:107F8000ECE0BB68002B09D1764B40F236427849D1
:107F900076482CF0F1F96FF00F03DFE0FB681B7DF2
:107FA000002B09D06F4B4FF4876272496F482CF059
:107FB000E3F96FF00903D1E0BB68002B02D0BB6886
:107FC0001B6800E00023FA685360FB68FA881A8394
:107FD000FB681B7A002B06D0FB681B7A1846FEF75D
:107FE00027FD786205E0FB680433184607F03EFD84
:107FF00078627B6A002B02D16FF00303AEE0FB686E
:10800000002B03D0FB681B68002B11D17B6A002B6F
:1080100002D07B6A043300E00023FB61FB69002B84
:1080200002D16FF0030399E0FB691A68FB681A60DC
:10803000FB68DB8A7B83FB68DB8A002B0CD1FFF7B4
:1080400043FF03461A46FB68DA82FB68DB8A002B93
:1080500002D16FF0010381E0F86800F0C1FF7861A0
:10806000FB6800225A62FB687A691A657B695A1EAE
:10807000FB685A647B695A1EFB689A657B695A1EC5
:10808000FB68DA65FB684FF480425A85FB685A8DBD
:10809000FB681A85FB685A6AFB68DA62FB684FF472
:1080A0008042A3F86020FB684FF406725A86FB6892
:1080B000588EFB6804331A46796A00F0B7FF03460E
:1080C0001A46FB685A86FB680122A3F84820FB6821
:1080D0003A68C3F888200221F86804F01FFA0346C2
:1080E000FB7497F91330002B36D1FB6802221A7506
:1080F0007B8B002B21D0204B1B68FA689A4205D15C
:108100001D4B1B68DB681C4A136013E01A4B1B688D
:108110003B620CE03B6ADB68FA689A4204D1FB6878
:10812000DA683B6ADA6005E03B6ADB683B623B6A1F
:10813000002BEFD1FB680022DA60104B1A68FB6855
:10814000DA600E4AFB68136005F04AFA0C4B012214
:108150001A70F86804F0D0FA97F9133018462837E7
:10816000BD4680BD3C890408308C04089889040809
:108170004C8C0408688C0408AC800424B48004246B
:10818000BC800424B0B590B004AF002387F825303C
:10819000954B1B680133944A1360944B1B78013351
:1081A000DAB2924B1A7000E000BF0023BB62904B22
:1081B0001B68FB629FE2FB6A1B7D002B06D18D4B87
:1081C00040F2BE428C498D482CF0D6F8FB6A1B7DEC
:1081D000012B06D1874B40F2BF42894987482CF0DA
:1081E000CBF8FB6A1B7D0A2B06D1824B4FF49862B9
:1081F000844982482CF0C0F8FB6A9A7F7B4B1B783D
:108200009A4205D1FB6ABB62FB6ADB68FB6272E2E1
:10821000764B1A78FB6A9A77002387F82730002379
:1082200087F82630FB6A1B7D022B0AD1FB6A93F884
:108230004230052B05D997F82730013387F82730CE
:108240001EE1FB6A93F842300B2B05D997F82730D3
:10825000013387F8273013E1FB6A93F89930002B3C
:1082600075D0FB6A1B6F002B06D0624B40F2D442E4
:10827000654962482CF080F8FB6ADB6E002B06D162
:108280005C4B40F2D54261495C482CF075F8FB6AC2
:1082900093F89A300B2B05D997F82730013387F8DC
:1082A0002730EDE0FB6A93F89930013B584AD35CE4
:1082B0007B74FB6A93F898307A7C9A4207D9FB6A00
:1082C00093F898300133DAB2FB6A83F89820FB6A9E
:1082D00093F898307A7C9A4200F2D28001233B6274
:1082E000FB6AB3F86030002B08D1F86A05F0AAF8F1
:1082F0000346002B14D000233B6211E0FB6AB3F865
:1083000060301946F86A03F071FF0346002B07D16D
:10831000F86A04F0F1F90346002B01D100233B6217
:108320003B6A002B00F0AC80FB6A002283F89820A7
:10833000FB6A93F89930062B00F2A280FB6A93F84F
:1083400099300133DAB2FB6A83F8992098E0FB6A2E
:10835000B3F93030002B0FDBFB6AB3F9303047F64E
:10836000FF72934208D0FB6AB3F930309BB20133FD
:108370009BB21AB2FB6A1A86FB6AB3F93020FB6A19
:10838000B3F940309A427BDBF86A04F0A9FC03465B
:10839000002B07D0FB6A1B6F002B71D1FB6ADB6ED1
:1083A000002B6DD0FB6A1B7D022B3AD0FB6A93F841
:1083B00042300C2B28BF0C23FB76FB6AB3F93C3010
:1083C000DB101BB21A46FB6AB3F93E301344FA7E47
:1083D00010498A5C93407B617B6947F6FE72934249
:1083E0001ADC7B691AB219E0A8800424BE80042438
:1083F000B48004243C890408988C040898890408F3
:10840000C48C0408F08C0408208D0408548D0408E2
:10841000D0020508C002050847F6FF72FB6AA3F800
:108420004020FB6A00221A86FB6AB3F86020FB6AD0
:10843000B3F84830934228BF13467B827B8A5B089F
:108440009AB2FB6AA3F84A20FB6AB3F84A20FB6A97
:108450005B8E5B009BB29A4206D2FB6A5B8E5B002E
:108460009AB2FB6AA3F84A20FB6A5A8EFB6AA3F809
:108470004820FB6A0022A3F86A20F86A04F0A0FCF6
:10848000FB6A1B7D062B11D1FB6A5B8B03F010038B
:10849000002B0BD09D4B1A68FB6A1B6AD31A282B42
:1084A00004D997F82730013387F82730FB6A5B7AC5
:1084B00003F00803002B4CD0FB6A1B7D042B03D078
:1084C000FB6A1B7D072B44D1904B1A68FB6A1B6A21
:1084D000D21AFB6AD3F8941043F698230B448C49C4
:1084E000A1FB03135B099A420AD997F8273001339D
:1084F00087F8273097F82630013387F8263028E0B0
:10850000824B1A68FB6A1B6AD21AFB6AD3F8941072
:10851000FB6A93F89B30184640F6B83300FB03F330
:108520000B447B49A1FB03135B099A4211D9F86AFA
:1085300004F048FF034687F8253097F92530002BD3
:1085400007D1FB6A93F89B300133DAB2FB6A83F8F8
:108550009B20FB6A5B6F002B11D06C4B1A68FB6A87
:108560001B6AD21AFB6AB3F9403019460B465B000E
:108570000B445B009A4202D3F86A00F009FEFB6AE2
:108580001B7D032B0BD1614B1A68FB6A1B6AD31A44
:10859000282B04D997F82730013387F82730FB6A56
:1085A0001B7D092B0BD1594B1A68FB6A1B6AD31A26
:1085B000F02B04D997F82730013387F8273097F844
:1085C0002730002B60D0FB6AD3F89030FB60F86A4C
:1085D00000F022FCBB6A002B10D04E4B1B68FA6ADD
:1085E0009A4206D14C4B40F26D524C494C482BF00C
:1085F000C3FEFB6ADA68BB6ADA600FE0454B1B68B2
:10860000FA6A9A4206D0444B40F2715245494448B6
:108610002BF0B2FEFB6ADB683E4A136097F8263007
:10862000002B13D0FB6A186DFB6A5C6AFD6AFB6A5B
:108630000433FA6AD28AF96A098B02910192009393
:108640002B4622460146F86A04F00AFEFB6A1B69C3
:10865000BB60FB6A1B7DFB71FB6A3B60FB6ADB68EE
:10866000FB623868FFF792F82F4B00221A70FB6804
:10867000002B04D0FB686FF00C01B86898472A4BB8
:108680001B78002B37D090E5FB6ABB62FB6ADB6886
:10869000FB62BB6A1B7F0133DAB2BB6A1A77BB6A23
:1086A0001A7FBB6A5B7F9A4225D3BB6A00221A7786
:1086B0001D4B00221A70BB6AD3F88C30002B0BD0F4
:1086C000BB6AD3F88C30BA6A1269B96A1046984707
:1086D000034687F8253002E0002387F82530124B47
:1086E0001B78002B7FF460AD97F92530002B02D169
:1086F000B86A04F001F8FB6A002B7FF45CAD00233C
:10870000BB620A4B1B68FB6265E000BFA8800424C3
:10871000D34D6210B48004243C8904088C8D040875
:1087200098890408B88D0408BC800424B880042407
:10873000FB6A1B7D0A2B06D02B4B40F2A1522B4922
:108740002B482BF019FE002387F82730294B1A6895
:10875000FB6A1B6AD31AF02B04D997F82730013330
:1087600087F8273097F82730002B2FD0F86A00F0D1
:1087700053FBBB6A002B10D01F4B1B68FA6A9A424E
:1087800006D1194B40F2AF521C4919482BF0F4FDA9
:10879000FB6ADA68BB6ADA600FE0174B1B68FA6A9B
:1087A0009A4206D0104B40F2B352154910482BF0B4
:1087B000E3FDFB6ADB68104A1360FB6AFB61FB6A3E
:1087C000DB68FB62F869FEF7E1FF04E0FB6ABB626D
:1087D000FB6ADB68FB62FB6A002BA9D100BF00BF0C
:1087E0003037BD46B0BD00BF3C890408E48D0408A5
:1087F00098890408A8800424B8800424148E0408EE
:108800003C8E040880B582B000AF2D4B1B7801333D
:10881000DAB22B4B1A702B4B1B687B6048E07B68ED
:108820009A7F274B1B789A423FD0254B1A787B685A
:108830009A777B685B8B03F00103002B10D07B6879
:108840005B8B43F002039AB27B685A83786803F02B
:1088500053FF7B685B8B23F003039AB27B685A83D8
:108860007B685B8B03F00803002B09D07B685B8B74
:1088700023F008039AB27B685A837868FFF71AF9E5
:108880007B68DB683B607B689B6F002B0AD00E4BDC
:1088900000221A70786800F019F80B4B1B78002B37
:1088A00000D0B8E73B687B6002E07B68DB687B60F8
:1088B0007B68002BB3D100BF00BF0837BD4680BD29
:1088C000BE800424B4800424BC80042490B585B008
:1088D00000AF78607B68002B09D1374B40F209620A
:1088E000364937482BF048FD6FF00F0360E07B6896
:1088F0009B6F5B7BBB737B689B6FBB607B6800225D
:108900009A677B68D3F88430002B0BD07B68D3F850
:1089100084407B6818690023BA687968A0470346D9
:10892000FB7307E00023BA687968002000F0A4F820
:108930000346FB7397F90F30002B2AD1BB7B03F062
:108940002003002B33D07B681B8DB3F5804F05D0FF
:108950007B681B8D01339AB27B681A857B68D3F8DC
:108960008430002B0BD07B68D3F884407B68186977
:10897000002300227968A0470346FB7301E000232F
:10898000FB7397F90F3013F10D0F10D16FF00C033B
:108990000EE097F90F3013F10D0F02D16FF00C03B9
:1089A00006E07B68BA689A676FF0040300E0002372
:1089B00018461437BD4690BD3C890408648E0408EF
:1089C0009889040880B584B000AF786007E07B68C0
:1089D0001B68FB60786800F00AF8FB687B607B68C6
:1089E000002BF4D100BF00BF1037BD4680BD80B55D
:1089F00082B000AF78607B68002B0CD07B685B682E
:108A0000002B04D07B685B681846FEF79FFB7968F3
:108A10000320FDF771FC00BF0837BD4680BD000094
:108A200080B584B000AF78607B68002B06D10F4B17
:108A300040F282620E490F482BF09EFC0320FDF7A6
:108A4000EBFBF860FB68002B01D100230AE0102249
:108A50007968F8682CF047FEFB685B681846FEF7FB
:108A60001BFCFB6818461037BD4680BD3C890408D6
:108A7000A88E04089889040880B584B000AFF86017
:108A8000B9607A60FB70BB68002B09D1124B4FF4C0
:108A9000D362124912482BF06FFC6FF00F0316E0FF
:108AA0007B68002B09D07B681B891946B868FFF7E3
:108AB000BBF97868FEF74AFB08E097F90330002B12
:108AC00004D1B868FFF760F8034600E000231846B9
:108AD0001037BD4680BD00BF3C890408C48E040821
:108AE0009889040880B586B000AF0346FB7197F9FA
:108AF0000730002B01DBFB7900E07F23FB72FB7A60
:108B0000002B34D0FB7A013BFB720023FB60002377
:108B10003B61194B1B687B611FE07B695B7DFA7AC7
:108B20009A420CD87B695B7DFA7A9A4212D1134B38
:108B30001A687B691B6AD31AFA689A420AD80F4BE3
:108B40001A687B691B6AD31AFB607B693B617B698E
:108B50005B7DFB727B69DB687B617B69002BDCD111
:108B60003B69002B04D03869FFF7F8F800E000BF3C
:108B70001837BD4680BD00BFB4800424A8800424FB
:108B800080B586B000AF0346FB71FB79082B09D096
:108B9000FB79092B06D01A4B40F2DD6219491A48BD
:108BA0002BF0EAFB0023FB6000233B61174B1B68A3
:108BB0007B6117E07B691B7DFA799A420FD1144BD8
:108BC0001A687B691B6AD31AFA689A4207D8104B55
:108BD0001A687B691B6AD31AFB607B693B617B69FE
:108BE000DB687B617B69002BE4D13B69002B03D000
:108BF00000213869FEF7F4FF00BF1837BD4680BD7D
:108C00003C890408E08E040898890408B480042490
:108C1000A880042480B584B000AF00237B600023CB
:108C2000BB60124B1B68FB6012E0114B1A68FB68BB
:108C30001B6AD31A7A689A4207D80D4B1A68FB68E8
:108C40001B6AD31A7B60FB68BB60FB68DB68FB6058
:108C5000FB68002BE9D1BB68002B02D0B868FFF796
:108C60007DF800BF1037BD4680BD00BFB88004242A
:108C7000A880042480B582B000AF104B1B687B60D5
:108C800014E07B68DB683B607B685B8B03F0080368
:108C9000002B09D07B685B8B23F008039AB27B68BA
:108CA0005A837868FEF706FF3B687B607B68002B81
:108CB000E7D100BF00BF0837BD4680BDB4800424A3
:108CC00080B584B000AF0346FB710120FDF7A4FA24
:108CD000F860FB68002B26D1FFF7CCFFFFF79AFF67
:108CE0000120FDF799FAF860FB68002B1BD10920E1
:108CF000FFF746FF0120FDF78FFAF860FB68002BB5
:108D000011D10820FFF73CFF0120FDF785FAF8603C
:108D1000FB68002B07D1FB791846FFF7E3FE012023
:108D2000FDF77AFAF860FB68002B40D09C22002106
:108D3000F8682BF02EFDFB68FA795A75FB684FF442
:108D40008042A3F86420FB684FF480425A85FB6898
:108D50005A8DFB681A85FB68FF22DA72FB684FF4B4
:108D600006725A86FB680622A3F84020FB6806229A
:108D7000DA87FB684FF6FF721A86FB680122A3F8B8
:108D800048200D4B1A68FB681A620C4B1A78FB6876
:108D90009A77FB684FF48042A3F84A20FB68084AA0
:108DA000C3F88420FB6842F21072C3F89420FB6879
:108DB00018461037BD4680BDA8800424BE80042418
:108DC000798A010880B500AF4020FFF779FF03469C
:108DD000184680BD80B582B000AF786039607B688E
:108DE000002B0ED07B681B7D012B06D1074B40F278
:108DF000DF72074907482BF0BFFA7B683A68C3F86F
:108E0000842000BF0837BD4680BD00BF3C890408F0
:108E1000F08E04089889040880B582B000AF7860AD
:108E20007B68002B07D1214B40F651022049214895
:108E30002BF0A2FA37E07B681B7D002B33D07B68D8
:108E40001B7D0A2B2FD07B681B7D012B2BD07B68D1
:108E50009B6F002B07D07B689B6F1846FEF776F957
:108E60007B6800229A677B685B6F002B02D0786872
:108E700000F08EF97B684FF6FF721A867B68DB6E16
:108E80001846FFF79FFD7B681B6F1846FFF79AFD9A
:108E90007B680022DA667B68DA6E7B681A677B681B
:108EA0000022A3F868200837BD4680BD3C8904082D
:108EB000A08F04089889040880B584B000AF78605A
:108EC00039603B68002B06D13E4B40F683023E4999
:108ED0003E482BF051FA7B68002B06D1394B40F607
:108EE00084023B4939482BF047FA7B681B683A6893
:108EF0009A4205D17B681B68DA687B681A6013E0C8
:108F00007B681B68FB600CE0FB68DB683A689A4290
:108F100004D13B68DA68FB68DA6005E0FB68DB686F
:108F2000FB60FB68002BEFD13B680022DA603868F9
:108F3000FFF772FF3B681B7D0A2B13D03B681B7D3C
:108F4000012B0FD03B685B8B03F00103002B09D092
:108F50003B685B8B43F002039AB23B685A833868E4
:108F600003F0CAFB3B681B7D012B20D03B68DB6E06
:108F7000002B06D0134B40F69302164913482BF0F2
:108F8000FBF93B681B6F002B06D00E4B40F694029A
:108F900011490E482BF0F0F93B685B6F002B06D0AF
:108FA000084B40F696020D4908482BF0E5F93B685E
:108FB00000221A753B680022DA8200BF1037BD46D6
:108FC00080BD00BF3C890408BC8F04089889040850
:108FD000D88F0408F88F0408109004082C90040817
:108FE00080B582B000AF78607B68002B06D10A4B59
:108FF00040F6AF0209490A482BF0BEF9094B1A683E
:10900000094B1B681344074A1360064B1B6818463C
:109010000837BD4680BD00BF3C8904084490040861
:109020009889040818000024A880042480B586B01C
:1090300000AF0346B9607A60FB817B68002B06D1E4
:10904000144B40F6C502144914482BF095F9BB683F
:10905000002B01D1FB8919E0BB681B8DFB82FB8AC9
:10906000002B12D02823BB82FA8ABB8A9A4204D9E9
:10907000FA8ABB8AD31A9BB200E000237B827A8AE9
:10908000FB89934228BF1346FB81FB89184618379A
:10909000BD4680BD3C890408609004089889040896
:1090A00080B584B000AF786039603B68FB607B6856
:1090B000002B20D1144B4FF41062144914482BF0AC
:1090C0005BF918E0FB681A687B681B689A420FD14D
:1090D000FB681B689BB24FF6A962934208D0FB68FD
:1090E000DB68BB60F868FEF739FEBB68FB6002E036
:1090F000FB68DB68FB60FB68002BE3D100BF00BFAF
:109100001037BD4680BD00BF3C8904088890040824
:109110009889040880B584B000AF786039607B68B6
:10912000002B2AD07B681B68002B26D0154B1B68B0
:1091300019467868FFF7B4FF134B1B681946786827
:10914000FFF7AEFF3B68002B17D03B681B68002B76
:1091500013D00E4B1B68FB600CE0FB681A687B6841
:109160001B689A4203D13B681A68FB681A60FB6867
:10917000DB68FB60FB68002BEFD100BF1037BD46FA
:1091800080BD00BFB4800424AC800424B0800424DB
:1091900080B582B000AF78607B685B6F002B07D032
:1091A0007B685B6F1846FFF70DFC7B6800225A67EF
:1091B00000BF0837BD4680BD90B58DB004AF786064
:1091C00039607B68002B05D19B4B83229B499C48CF
:1091D0002BF0D2F87B685B689A4A13607B685B89E6
:1091E000132B40F2D183984B5B69974A1268114662
:1091F000184606F0DDFE0346002B40F0C783924B75
:109200005B6903F0F003E02B00F0C0838D4B1B681B
:109210009B899BB21846FCF70DFE03461B0B9BB2C5
:10922000DBB29B00BB74BB7C132B40F2B183BB7CD5
:109230009AB27B681B899A4200F2AA83BB7C9BB2DC
:10924000143B9AB2814B1A80814B00221A607B68D2
:109250005A89BB7C9BB29A4209D37C4B1A887D4BBE
:109260001A80BB7C19467868FDF7EAFE4EE07B6801
:109270001B68002B05D1704BC222774970482BF038
:109280007BF814217868FDF7DBFE7B685A89714B07
:109290001A806E4B1A886F4B1B88D31A3B826D4B1A
:1092A0001B8819467868FDF7CBFE7B681B685B89D5
:1092B0003A8A9A4200F26E837B681B685B68644A54
:1092C00013607B681B683A8A11461846FDF7B8FEA2
:1092D0007B681A893B8AD31A9AB27B681A817B68A9
:1092E0005B89002B05D0544BDF225C4954482BF09E
:1092F00043F87B681A897B681B681B899A4205D0F2
:109300004D4BE02256494E482BF036F84D4B1B682A
:109310001B889BB24B4A14681846FCF78BFD03462A
:109320002380484B1B685B889BB2464A14681846EA
:10933000FCF780FD03466380424B1B685B68414A33
:1093400014681846FCF78CFD034663606368454A61
:1093500013603C4B1B689B683A4A14681846FCF73C
:109360007FFD0346A360A3683F4A1360354B1B682B
:10937000DB899BB2334A14681846FCF75BFD034651
:10938000E381304B1B689B899BB21846FCF752FD6A
:109390000346DBB203F03F03DAB2344B1A707B684A
:1093A0001A89334B1A80314B1B7803F00303002BCF
:1093B0000CD02F4B1B8801339AB22D4B1A807B683F
:1093C0001A892B4B1B889A4200F2E6820023BB616C
:1093D000284B1B68FB619DE0FB691B7D002B05D1C1
:1093E000154BFB22244916482AF0C6FFFB691B7D5A
:1093F0000A2B05D1104BFC22204911482AF0BCFF52
:10940000FB691B7D012B05D10B4BFD221C490C4830
:109410002AF0B2FFFB691B7A002B33D0FB691A7A62
:10942000094B5B6893F834300133DBB29A4229D0A0
:10943000FB69BB616BE000BFBC90040808910408A5
:1094400020910408D080042484800424D48004243F
:10945000D8800424D6800424489104085891040834
:1094600064910408E0800424E4800424EC80042453
:10947000EA800424B480042484910408AC91040894
:10948000D8910408FB691A8B724B1B681B889BB22E
:109490009A423AD1FB69DA8A6E4B1B685B889BB2B1
:1094A0009A4232D1FB695A686B4B1B699A422CD1A4
:1094B000FB691A68684B5B699A4226D1FB69DB68D5
:1094C000FA699A4206D1654B40F20D12644965482B
:1094D0002AF052FFBB69002B0AD0FB69DA68BB692E
:1094E000DA60614B1A68FB69DA605F4AFB691360F6
:1094F000FB69DB68FA699A4211D1584B40F21512A8
:109500005A4958482AF038FF09E0FB69BB61FB69FA
:10951000DB68FB61FB69002B7FF45EAF00E000BFFE
:10952000FB69002B40F0AA80514B1B68FB613FE0B8
:10953000FB691B7D0A2B06D0484B40F21F124D4998
:1095400048482AF019FFFB691B7A002B09D0FB69F8
:109550001A7A414B5B6893F834300133DBB29A429C
:1095600022D1FB691A8B3B4B1B681B889BB29A422A
:109570001BD1FB69DA8A374B1B685B889BB29A4226
:1095800013D1FB695A68344B1B699A420DD1FB69B0
:109590001A68314B5B699A4207D1F86900F056FBB3
:1095A0007868FDF7D3FDFDE100BFFB69DB68FB6177
:1095B000FB69002BBCD10023BB612F4B1B687B6177
:1095C0002AE07B691B7A002B0CD07B691A7A224B2C
:1095D0005B6893F834300133DBB29A4202D07B6986
:1095E000BB6116E07B69DA8A1A4B1B685B889BB209
:1095F0009A420CD17B691A68174B5B699A420FD06B
:109600007B69002B0DD07B691B68002B09D07B691F
:10961000BB617B69DB687B617B69002BD1D100E09A
:1096200000BF7B69002B29D0BB69002B0AD07B6966
:10963000DA68BB69DA60104B1A687B69DA600E4A37
:109640007B691360786900F003FA7868FDF77EFDA6
:10965000A8E100BFD080042484800424BC900408C6
:109660000092040820910408B48004242C92040879
:10967000B880042458920408B0800424FB69002BAD
:1096800000F05881954B00221A607B681A89934B31
:109690001A81924A7B685360914B1B688F4AD36052
:1096A000904B00221A60904B00221A708F4B0022C0
:1096B0001A808F4B1B7803F00803002B06D07B68C1
:1096C0005B7B43F00103DAB27B685A73FB699B6FE3
:1096D000002B17D0F869FFF7F9F8034613F10D0FC7
:1096E00007D0FB699B6F002B0CD0824B1B88002B93
:1096F00008D0FB695B8D002B40F0E380F86903F034
:10970000FFFDDEE07C4AFB691360F86900F018FB9E
:109710000346FB7497F9133013F10D0F00F0D3805B
:10972000714B1B7803F00803002B15D0FB69D3F8AD
:109730009030002B08D0FB69D3F89030FA69126999
:109740006FF00D0110469847F9696C48FFF7B4FBBC
:10975000F869FEF71BF8DAE00023FB74634B1B8803
:10976000002B1DD0614B1B88FB81FB69D3F8803037
:10977000002B0AD0FB69D3F88030FA691069FA89A6
:10978000F96998470346FB7401E00023FB7497F9DD
:10979000133013F10D0F00F09880544B00221A8003
:1097A000F86900F015F90346002B40F090804D4B0E
:1097B0001B68002B41D0FB699B6F002B06D0504BE0
:1097C0004FF4F3724F4950482AF0D6FDFB695B8B8A
:1097D00003F01003002B08D0424B1B681846FDF71E
:1097E000B5FCF869FEF7BAFA91E0FB69D3F884306A
:1097F000002B0CD0FB69D3F88440FB691869394B06
:109800001A680023F969A0470346FB7408E0354B4A
:109810001A680023F9690020FFF72EF90346FB744C
:1098200097F9133013F10D0F53D097F91330002B24
:1098300003D02C4B1A68FB699A672B4B1B7803F0FB
:109840002003002B30D0FB699B6F002B09D0FB69F4
:109850009B6F5A7BFB699B6F42F02002D2B25A7316
:1098600022E0FB691B8DB3F5804F05D0FB691B8D92
:1098700001339AB2FB691A85FB69D3F88430002B57
:109880000BD0FB69D3F88440FB69186900230022E0
:10989000F969A0470346FB7401E00023FB7497F9C4
:1098A000133013F10D0F16D0134B00221A60F86914
:1098B00000F08EF80346002B28D1F86902F01CFF57
:1098C00025E000BF23E000BF21E000BF1FE000BF94
:1098D0001DE000BF1BE000BF19E000BFC0800424F2
:1098E000D0800424F0800424ED800424E880042443
:1098F000EC800424EA800424F4800424B48004244A
:10990000BC900408889204082091040800BF274BEB
:1099100000221A60264B00221A60264B5B68002B3F
:109920003FD0244B5B681846FDF710FC214B00220A
:109930005A6036E0204B1B689B899BB21846FCF7A7
:1099400079FA0346DBB203F00403002B18D11B4B5A
:1099500019681B4B1B881A461A4B1B68D018164BEC
:109960001B685B889BB2144A1268128892B20292FA
:109970000193154B0093154B0246002003F070FC39
:109980007868FDF7E3FB0CE000BF06E000BF04E0F1
:1099900000BF02E000BF00E000BF7868FDF7D6FB23
:1099A00000E000BF2437BD4690BD00BFF480042412
:1099B000F0800424C0800424D0800424E4800424A3
:1099C000EA800424E0800424948004249880042401
:1099D00080B582B000AF78607B68002B06D1174B52
:1099E00040F25A22164917482AF0C6FC164B1B783B
:1099F00003F01003002B1CD07B685B8B03F010037B
:109A0000002B0DD17B68D3F89030002B08D07B68F9
:109A1000D3F890307A6812696FF00E0110469847BB
:109A200079680A48FFF748FA7868FDF7AFFE012326
:109A300000E0002318460837BD4680BDBC900408EE
:109A4000A492040820910408ED800424B480042426
:109A500090B58BB004AF78606F4B1B7803F00403B4
:109A6000002B40F0D2807B68002B06D16B4B40F27C
:109A700081226B496B482AF07FFC674B1B7803F00F
:109A80001003002B19D0684B1968684B1B881A46C5
:109A9000674B1B68D018674B1B685B889BB2654A95
:109AA0001268128892B202920193634B0093634B47
:109AB0000246786803F0D4FBA9E0574B1B7803F00B
:109AC0000203002B00F0A3807B685B7D1846FFF744
:109AD000F7F878617B69002B11D17B689B69002BBB
:109AE0000AD07B689B697A6810694FF0FF320021C9
:109AF00098470346BB738BE0F023BB7388E0504B61
:109B00005A697B691A604E4B1A697B695A607B6897
:109B1000DA8A7B69DA82474B1B681B889AB27B69B9
:109B20001A837B6903221A75414B1B685A1C7B6997
:109B30005A627B695A6A7B69DA627869FFF750FA80
:109B400038617B693A699A657B693A691A657B690C
:109B50003A695A647B693A69DA65354B1B685A1E63
:109B60007B695A657B681A697B691A617B697A68C7
:109B7000DA677B685B7A03F00C03DAB27B695A72AE
:109B80007B681A7A7B691A722E4B1A687B69DA60D5
:109B90002C4A7B69136003F023FD2B4B01221A70C2
:109BA000786901F08BFD234B1B68DB899AB27B69D6
:109BB000A3F860207B69B3F860207B69A3F862207A
:109BC0007B695C8E7B690433184605F04FFF0146C4
:109BD0007B6904331A462046FFF728FA03461A46E3
:109BE0007B695A861221786902F098FC0346FB7360
:109BF00097F90F30002B04D000217869FDF7F0FFB2
:109C000006E0786902F078FD01E000BF00E000BFE7
:109C10001C37BD4690BD00BFEC800424BC900408F6
:109C2000CC92040820910408E4800424EA800424EF
:109C3000E0800424D08004249480042498800424A8
:109C400084800424B4800424BC80042480B586B0BD
:109C500004AF78602F4B1B7803F00403002B53D123
:109C60007B68002B06D12C4B40F2EE222B492C486E
:109C70002AF082FB274B1B7803F00203002B2AD02B
:109C8000284B1A687B685B6AD31A002B2DDB254BA7
:109C90001A687B685B6A7968098D0B44D31A002BBC
:109CA00023DC214B1968214B1B881A461D4B1B686E
:109CB000D0181F4B1B685B889BB21D4A1268128824
:109CC00092B2029201931B4B00931B4B02467868A1
:109CD00003F0C6FA1BE00F4B1B7803F00103002BC7
:109CE00003D0164B1A687B681A62104B1B88002B36
:109CF0000CD07B685B8B43F002039AB27B685A837B
:109D0000786802F0F9FC01E000BF00E000BF08370E
:109D1000BD4680BDEC800424BC900408EC9204088D
:109D200020910408E0800424E4800424EA800424D0
:109D3000D08004249480042498800424A8800424DF
:109D400090B58DB004AF78600023FB760023BB761E
:109D50007B68002B06D19D4B4FF447729C499D4870
:109D60002AF00AFB9C4B1B7803F00403002B4ED017
:109D70007B681B7D022B08D17B681A6D974B1B6893
:109D80009A4223D10123FB7620E07B685A6A944BE8
:109D90001B689A4202D10123FB7617E0904B1A68A8
:109DA0007B685B6AD31A002B10DB8D4B1A687B68CB
:109DB0005B6A7968098D0B44D31A002B06DC7B683B
:109DC0005B8B43F002039AB27B685A83FB7E002BC5
:109DD0001BD07B681B7D002B06D17C4B4FF44E7251
:109DE00080497C482AF0C8FA7F4B1B7843F008036F
:109DF000DAB27D4B1A707B685B8B23F001039AB259
:109E00007B685A836FF00D037AE3002378E3724B8B
:109E10001B7803F00203002B10D07B681B7D022B04
:109E20000CD07B681B7D032B08D07B685B8B43F0D9
:109E300002039AB27B685A83002361E37B685B8BE1
:109E400003F01003002B03D1684B1A687B681A6279
:109E50007B68002283F89B207B68002283F89A208D
:109E6000786801F02BFC7B681B7D023B072B00F21E
:109E7000378301A252F823F0999E0108C9A0010876
:109E800041A201086BA201088FA3010841A20108A9
:109E90001BA40108ABA401084F4B1B7803F010036F
:109EA000002B00F0E4804C4B1B7803F00203002BE6
:109EB00000F0DD807B685B6C5A1C484B1B689A4243
:109EC00040F0D580464B1B685A1C7B685A627B6801
:109ED0005A6A7B68DA62414B1A687B685A64444B61
:109EE0001B68DB899AB27B68A3F860207B68B3F8B3
:109EF00060207B68A3F86220394B1B685A1E7B6880
:109F00005A657B6804221A757B685C8E7B68043313
:109F1000184605F0ABFD01467B6804331A4620461F
:109F2000FFF784F803461A467B685A867B685B8E87
:109F30009A007B685B8E5B0041F21C118B4238BF3C
:109F40000B469A4204D27B685B8E9B009BB20DE06D
:109F50007B685B8E5B0041F21C12934204D97B68E4
:109F60005B8E5B009BB201E041F21C137A68A2F8A1
:109F700048307B68B3F86630002B06D1134B4FF4A2
:109F80005B721C4913482AF0F7F97B68B3F8663016
:109F9000013B9AB27B68A3F866207B681B6FFB616C
:109FA000FB69002B2AD17B68DB6EFB61FB69002B10
:109FB00006D1064B4FF45D720F4906482AF0DCF9D2
:109FC000FB691A687B68DA661CE000BFBC90040875
:109FD0000C93040820910408EC800424E4800424F9
:109FE000E080042428930408ED800424A88004243D
:109FF000D08004244893040860930408FB691A681D
:10A000007B681A67F869FEF7F2FC7B681B6F002B10
:10A0100004D17B684FF6FF721A8606E07B68002247
:10A020001A867B68002283F842207B68D3F8883048
:10A03000002B0AD07B68D3F888307A681069002238
:10A04000796898470346BB7601E00023BB7697F911
:10A050001A3013F10D0F02D16FF00C0350E27B6840
:10A060005B8B43F002039AB27B685A833AE2984BC7
:10A070001B7803F01003002B00F03482954B196815
:10A08000954B1B881A46954B1B68D018944B1B6840
:10A090005B889BB2924A1268128892B20292019334
:10A0A000904B0093904B0246786803F0D9F87B6898
:10A0B00093F84230052B00F215827B6800221A8645
:10A0C000786802F0A5FE0DE2814B1B7803F01003C7
:10A0D000002B00F0A1807F4B1A687B685B6CD31A61
:10A0E000013B002B7EDB7B4B1A687B681B6DD31A10
:10A0F000002B77DC7B6804221A757B68DB6F002BF2
:10A1000002D1FA23BB761DE07B68DB6F9B69002BD5
:10A1100006D1764B4FF46A72754976482AF02CF9CD
:10A120007B68DB6F9B69002B0AD07B68DB6F9B69C8
:10A130007A6810690022796898470346BB7601E087
:10A14000F023BB7697F91A30002B0AD097F91A3012
:10A1500013F10D0F02D07868FDF700FE6FF00C03CD
:10A16000CEE1786800F0E0FA634B1B88002B05D045
:10A17000614B1B88013B9AB25F4B1A807B685B8EF8
:10A180009A007B685B8E5B0041F21C118B4238BFEA
:10A190000B469A4204D27B685B8E9B009BB20DE01B
:10A1A0007B685B8E5B0041F21C12934204D97B6892
:10A1B0005B8E5B009BB201E041F21C137A68A2F84F
:10A1C00048304E4B1B7803F02003002B37D07B68C0
:10A1D0005B8B43F002039AB27B685A837B68072249
:10A1E0001A752CE03B4B19683B4B1B881A463B4BBE
:10A1F0001B68D0183A4B1B685B889BB2384A1268C0
:10A20000128892B202920193364B0093364B02466B
:10A21000786803F025F867E12D4B1B7803F0020303
:10A22000002B00F061817B685B6A5A1E2B4B1B6818
:10A230009A4240F05981786802F00CFE54E153E1F3
:10A24000786800F071FA2D4B1B7803F02003002B87
:10A2500000F04C817B685B8B43F002039AB27B6811
:10A260005A837B6807221A7540E1786800F05CFA2F
:10A27000224B1B7803F02003002B71D0144B1B786A
:10A2800003F01003002B60D07B681A6D114B1B6824
:10A290009A425AD17B68DB6E002B56D17B685B8B70
:10A2A00043F002039AB27B685A837868FEF7B4FDE4
:10A2B000134B1B687A689A4205D1114B1B68DB6807
:10A2C0000F4A13602EE00E4B1B687B6127E000BF36
:10A2D000EC800424E4800424EA800424E080042444
:10A2E000D08004249480042498800424BC90040822
:10A2F0007493040820910408E8800424ED80042469
:10A30000B48004247B69DB687A689A4204D17B6854
:10A31000DA687B69DA6005E07B69DB687B617B6911
:10A32000002BEFD17B680022DA60774B01221A7094
:10A330007B680A221A75754B1A687B68DA60734A63
:10A340007B68136003F04CF9D2E07B685B8B43F0D1
:10A3500002039AB27B685A837B6808221A75C7E0A9
:10A360006B4B1B7803F01003002B00F0C1807B685F
:10A370001A6D684B1B689A4240F0BA807B68DB6EAE
:10A38000002B40F0B5807B6806221A75B0E0786833
:10A3900000F0CAF9604B1B7803F02003002B00F09B
:10A3A000A9807B685B8B43F002039AB27B685A8377
:10A3B0007868FEF731FD594B1B687A689A4205D1DF
:10A3C000564B1B68DB68554A136013E0534B1B6800
:10A3D0003B610CE03B69DB687A689A4204D17B6898
:10A3E000DA683B69DA6005E03B69DB683B613B6941
:10A3F000002BEFD17B680022DA60434B01221A70F8
:10A400007B680A221A75414B1A687B68DA603F4AFA
:10A410007B68136003F0E4F86CE0786800F084F97E
:10A420003B4B1B7803F01003002B65D07B681A6D43
:10A43000384B1B689A425FD17B68DB6E002B5BD187
:10A440007868FEF7E9FC354B1B687A689A4205D1BB
:10A45000324B1B68DB68314A136013E02F4B1B68DB
:10A46000FB600CE0FB68DB687A689A4204D17B6889
:10A47000DA68FB68DA6005E0FB68DB68FB60FB68B4
:10A48000002BEFD17B680022DA601F4B01221A708B
:10A490007B680A221A751D4B1A687B68DA601B4AB2
:10A4A0007B68136003F09CF826E0786800F03CF9C4
:10A4B000174B1B7803F01003002B1FD07B681A6D1D
:10A4C000144B1B689A4219D17B68DB6E002B15D1A7
:10A4D000114B1B7843F01003DAB20F4B1A700DE0EA
:10A4E00000BF0CE000BF0AE000BF08E000BF06E0CC
:10A4F00000BF04E000BF02E000BF00E000BF002397
:10A5000018462437BD4690BDBC800424B88004247E
:10A51000EC800424E4800424ED800424B48004242A
:10A5200090B585B000AF786039607B68002B06D1AC
:10A530003B4B40F21F423B493B4829F01DFF7B68E3
:10A54000DB689B899BB21846FBF774FC0346DBB2C1
:10A5500003F00103002B28D03868FEF733FA0023FC
:10A560003B6056E03B68DB689B899BB21846FBF773
:10A5700061FC0346DBB203F00103002B0DD07B68C6
:10A58000DB689B899CB20120FBF754FC03461A460A
:10A590007B68DB68224392B29A813B68FB603B6830
:10A5A0001B683B60F868FEF722FA3B68002B0ED070
:10A5B0007B681B891A461D4B1B681A443B68DB6885
:10A5C0005B68396809890B44D31A002BCADA3B68E7
:10A5D000002B1ED07B681B891A46144B1B681A443B
:10A5E0003B68DB685B68D31A002B12DD3B68DB68D5
:10A5F0005B689AB20D4B1B689BB2D31A9AB27B6808
:10A600001A817B685A687B681B8919461046FCF7DB
:10A6100019FC7B683A681A6000BF1437BD4690BDCC
:10A62000BC9004089493040820910408E08004245A
:10A63000B0B586B000AFF860B9607A603B603EE0CC
:10A64000BB687B61BB681B68BB607B695B68184645
:10A65000FCF70AFE03467B82FB68B3F866307A8A11
:10A660009A4206D92A4B40F257422A492A4829F0F1
:10A6700083FEFB68B3F866207B8AD31A9AB2FB6824
:10A68000A3F866207B691A89244B1B8813449AB26D
:10A69000224B1A807869FEF7AAF9FB68B3F8663096
:10A6A000002B0CD0BB68002B09D13B68002B06D1D6
:10A6B000174B40F261421A49174829F05DFEBB680A
:10A6C000002B20D0BB68DB685B681846FBF7C8FB33
:10A6D0000446BB681B891D46BB68DB689B899BB22F
:10A6E0001846FBF7A7FB0346DBB203F00303002B7E
:10A6F00001D0012300E000232B44E218094B1B6822
:10A70000D31A002B9CDDBB6818461837BD46B0BD78
:10A71000BC900408BC93040820910408E880042439
:10A72000E4930408E4800424B0B594B000AF7860EA
:10A730000023BB647B68002B06D1914B40F27B4227
:10A740009049914829F018FE7B681B7D032B06D8A1
:10A750008B4B40F27C428D498B4829F00DFE8C4B8F
:10A760001B7803F01003002B00F064827B68B3F8C1
:10A7700060301A467B689B6D13443B637B685A6D5F
:10A78000844B1B68D31A002B1BDB7B685A6D814BF3
:10A790001B689A4206D17B689A6D7F4B1B68D31A5F
:10A7A000002B0EDB7B689A6D7B4B1B689A4225D190
:10A7B0007A4B1B68DB899AB27B68B3F860309A42A7
:10A7C0001CD9764B1B68DB899AB27B68A3F86020A2
:10A7D0007B68B3F862207B68B3F860309A4205D298
:10A7E0007B68B3F860207B68A3F86220694B1A6825
:10A7F0007B685A65684B1A687B689A65664B1A686D
:10A800007B685B6CD31A002B58DC654B1B88002BD4
:10A810004BD17B689B6D7A68B2F8602013443A6B29
:10A820009A4242D17B68B3F93030002B3DDB7B6824
:10A830005A6C594B1B689A4237D10123BB647B6821
:10A8400093F84330FF2B07D07B6893F843300133F4
:10A85000DAB27B6883F843207B6893F84330032B9C
:10A860001BD97B68B3F848207B685B8E13449AB28F
:10A870007B68B3F848309A420AD37B68B3F8482023
:10A880007B685B8E13449AB27B68A3F8482004E08F
:10A890007B684FF6FF72A3F848207B6893F843303B
:10A8A000022B02D9786802F041FBBB6C002B40F010
:10A8B00061817B68002283F843205BE1364B1A6894
:10A8C0007B685B6CD31A013B002BC0F24E81324B8C
:10A8D0001A687B681B6DD31A002B00F346817B68D6
:10A8E0005B8B03F00403002B10D07B685B8B23F0A1
:10A8F00004039AB27B685A837B68B3F84A207B686A
:10A90000A3F848207B680022A3F86A207B68002215
:10A9100083F842207B68B3F93C30DB101BB29AB25B
:10A920007B68B3F93E309BB213449BB21AB27B688A
:10A93000A3F84020184B1B689AB27B685B6C9BB2F3
:10A94000D31AFB857B68002283F84320124B1A68D8
:10A950007B685A647B681B7D032B40F297807B6881
:10A96000B3F848207B68B3F84A309A4245D27B68F6
:10A970005B8B03F40063002B14D0012313E000BFB2
:10A98000BC9004080494040820910408209404084E
:10A99000EC800424E0800424E4800424D080042497
:10A9A000EA800424022387F82D3097F82D309AB2DC
:10A9B0007B685B8E12FB03F39BB2FA8D934228BF38
:10A9C00013467B857B68B3F848207B8D13449AB28D
:10A9D0007B68B3F848309A4209D37B68B3F84820C3
:10A9E0007B8D13449AB27B68A3F848204EE07B68C5
:10A9F0004FF6FF72A3F8482048E07B68B3F86A205E
:10AA0000FB8D13449AB27B68B3F86A309A4209D33B
:10AA10007B68B3F86A20FB8D13449AB27B68A3F875
:10AA20006A2004E07B684FF6FF72A3F86A207B6817
:10AA3000B3F86A207B68B3F848309A4226D37B6823
:10AA4000B3F86A207B68B3F84830D31A9AB27B68AF
:10AA5000A3F86A207B68B3F848207B685B8E1344B8
:10AA60009AB27B68B3F848309A420AD37B68B3F84D
:10AA700048207B685B8E13449AB27B68A3F8482019
:10AA800004E07B684FF6FF72A3F848207B68196FDB
:10AA90007B68DB6E984A7868FFF7CAFD02467B68E0
:10AAA0001A677B68D96E7B681B6F944A7868FFF7DA
:10AAB000BFFD02467B68DA667B681B6F002B04D102
:10AAC0007B684FF6FF721A8602E07B6800221A86C6
:10AAD0007B6800221A777B68DB6E002B03D17B68D2
:10AAE0000022A3F868207B68B3F86420844B1B889D
:10AAF00013449AB27B68A3F864207B685B8B03F4F1
:10AB00000063002B35D07B681B6F002B18D17B684E
:10AB1000DB6E002B0CD07B68DC6C7B68DB6EDB684B
:10AB20005B681846FBF79CF90346E31A002B20DC10
:10AB30007B685B8B23F400639AB27B685A8318E0CE
:10AB40007B68DC6C7B681B6FDB685B681846FBF717
:10AB500087F90346E31A002B0BDC7B685B8B23F43D
:10AB600000639AB27B685A8303E0786802F0C8FBFE
:10AB700000E000BF7B685B6B002B5BD07B689A6B4F
:10AB8000604B1B68D31A002B54DA5F4B1B689AB2D8
:10AB90007B685B6B9BB2D31A9BB2A7F84E30B7F8B9
:10ABA0004E207B68B3F93C30DB101BB29BB2D31A4A
:10ABB0009BB2A7F84E307B68B3F93C309AB2B7F835
:10ABC0004E3013449BB21AB27B689A87B7F94E3065
:10ABD000002B05DAB7F84E305B429BB2A7F84E3037
:10ABE000B7F84E207B68B3F93E309B101BB29BB286
:10ABF000D31A9BB2A7F84E307B68B3F93E309AB2B5
:10AC0000B7F84E3013449BB21AB27B68DA877B6880
:10AC1000B3F93C30DB101BB29AB27B68B3F93E301B
:10AC20009BB213449BB21AB27B68A3F840207B68A6
:10AC300000225A63354B1B88002B00F0DF847B68B1
:10AC40001B7D062B00F2DA847B685A6A304B1B6846
:10AC5000D31A013B002BC0F28F807B685A6A2B4BC2
:10AC60001B8819462A4B1B680B44D31A0133002B4F
:10AC700000F38280274B5B687B647B685A6A244BB5
:10AC80001B68D31A7B62234B5B68002B06D1224BD7
:10AC900040F294522149224829F06EFB7B6A4FF61C
:10ACA000FE72934206D91C4B40F295521D491C4836
:10ACB00029F062FB7B6AA7F84230164B5B681B8960
:10ACC000B7F842209A4206D9134B40F297521649E0
:10ACD000134829F051FB0F4B1A89B7F84230D31AA9
:10ACE0009AB20C4B1A810B4B5B681A89B7F8423049
:10ACF000D31A7B842AE000BF3C94040844940408DF
:10AD0000E8800424E4800424A8800424EA80042445
:10AD1000E0800424C0800424BC9004084C940408FF
:10AD2000209104085C9404086C9404087B6C5B8993
:10AD3000B7F84220D31AA7F842307B6C7A8C1A817C
:10AD40007B6C00225A817B6C1B687B647B6C5B890B
:10AD5000B7F842209A42E9D8B7F842301946786CE1
:10AD6000FCF76EF97B685B6A904A1360904BDB6876
:10AD70008E4A12685A600DE08C4B1A687B685B6AD9
:10AD8000D31A002B06DA7B685B8B43F002039AB27E
:10AD90007B685A83854B1A687B685B6AD31A002BE1
:10ADA000C0F22784814B1A687B685B6A7968098DD9
:10ADB0000B44D31A0133002B00F31B847B685A6ABF
:10ADC0007A4B1B689A4240F09882794B1C89784BE9
:10ADD000DB689B899BB21846FBF72CF80346DBB275
:10ADE00003F00303002B01D0012300E000232344E0
:10ADF0009AB2704B1A807B681A8D6E4B1B889A42F0
:10AE000074D26B4BDB689B899BB21846FBF712F838
:10AE10000346DBB203F00103002B1ED0644BDB685A
:10AE20009B899BB21BB223F47C531CB2604BDB6842
:10AE30009B899BB21846FAF7FDFF0346DBB203F08D
:10AE40003E039BB21846FAF7F5FF03461BB22343B5
:10AE50001AB2574BDB6892B29A817B681A8D544BB9
:10AE60001A81534BDB689B899BB21846FAF7E2FFC5
:10AE70000346DBB203F00203002B05D04C4B1B89C9
:10AE8000013B9AB24A4B1A81494B5B68484A128986
:10AE900011461846FBF7D6FF454B1C89444BDB682F
:10AEA0009B899BB21846FAF7C5FF0346DBB203F055
:10AEB0000303002B01D0012300E0002323449AB2B6
:10AEC0003C4B1A803B4B1B881A46384B1B681A4474
:10AED0007B685B6A7968098D0B449A4206D0364BD1
:10AEE00040F2CB523549364829F046FA7B685B6F11
:10AEF000002B00F0E6802E4BDB689B899BB2184646
:10AF0000FAF798FF0346DBB203F00103002B10D0E1
:10AF10000AE07B685B6FFB607B685B6F1A687B682D
:10AF20005A67F868FDF763FD7B685B6F002BF0D113
:10AF3000C7E07B685B6FFB6351E0FB6BDB689B8961
:10AF40009BB21846FAF776FF0346DBB203F0010323
:10AF5000002B3CD0164BDB689B899BB21846FAF756
:10AF600069FF0346DBB203F00203002B2FD1104B25
:10AF7000DB689B899CB20120FAF75CFF03461A4606
:10AF80000B4BDB68224392B29A81094B1C89084B18
:10AF9000DB689B899BB21846FAF74CFF0346DBB28D
:10AFA00003F00303002B0DD001230CE0E080042408
:10AFB000C0800424EA800424BC9004087C94040823
:10AFC00020910408002323449AB2984B1A80FB6B0B
:10AFD0003B61FB6B1B68FB633869FDF708FDFB6B8E
:10AFE000002B0ED0914B1B881A46914B1B681A44BC
:10AFF000FB6BDB685B68F96B09890B44D31A002B88
:10B000009BDAFB6B002B59D0884B1B881A46884B68
:10B010001B681A44FB6BDB685B68D31A002B4DDDA1
:10B02000FB6BDB685B689AB2814B1B689BB2D31ADF
:10B030009AB2804B1A817F4BDB689B899BB2184682
:10B04000FAF7F8FE0346DBB203F00203002B05D04B
:10B05000784B1B89013B9AB2764B1A81754B5B6822
:10B06000744A128911461846FBF7ECFE714B1C8995
:10B07000704BDB689B899BB21846FAF7DBFE0346F0
:10B08000DBB203F00303002B01D0012300E0002317
:10B0900023449AB2654B1A80644B1B881A46644B52
:10B0A0001B681A44FB6BDB685B689A4206D0624BF4
:10B0B00040F2FC526149624829F05EF97B68FA6B04
:10B0C0005A675A4B1B881A46594B1B681A447B68AF
:10B0D0005A627B681A8D554B1B889A4206D2564B92
:10B0E00040F207625749564829F046F97B681A8DA5
:10B0F0004E4B1B88D31A9AB27B681A857868FCF786
:10B1000039FE4C4B5B681B89002B06D0494B5B68B2
:10B110004D4A1360474B00225A60464BDB689B89BF
:10B120009BB21846FAF786FE0346DBB203F0010332
:10B13000002B00F0B880454B1B7843F02003DAB2B7
:10B14000424B1A70AFE07B685B6FBB607B685B6FE4
:10B15000DB685B68364A1360BB681B891C46BB68AA
:10B16000DB689B899BB21846FAF764FE0346DBB2A4
:10B1700003F00303002B01D0012300E000231A1980
:10B180007B685B6A1A447B685A627B681B8D1C462D
:10B19000BB681B891D46BB68DB689B899BB2184650
:10B1A000FAF748FE0346DBB203F00303002B01D09D
:10B1B000012300E000232B449C4206D21E4B40F2A8
:10B1C0002B6223491E4829F0D7F8BB681B891C460F
:10B1D000BB68DB689B899BB21846FAF72BFE0346D7
:10B1E000DBB203F00303002B01D0012300E00023B6
:10B1F00019197B681A8D8BB2D31A9AB27B681A859B
:10B200007868FCF7B7FDBB685B681B89002B28D00A
:10B210000D4B1B68002B1DD00B4B1A68BB685B687D
:10B2200019461046FCF760F818E000BFEA800424D5
:10B23000E0800424C0800424BC900408B494040872
:10B2400020910408F0940408F0800424ED80042484
:10B2500010950408BB685B68704A1360BB680022E5
:10B260005A60BB68DB689B899BB21846FAF7E2FD1F
:10B270000346DBB203F00103002B0DD0684B1B78B3
:10B2800043F02003DAB2664B1A707B681B7D042BF7
:10B2900002D17B6807221A75BB681A687B685A67F7
:10B2A000B868FDF7A4FB7B685B6F002B08D07B6858
:10B2B0005B6FDB685A687B685B6A9A423FF443AF16
:10B2C0007B685B8B03F00103002B0ED07B685B8BEC
:10B2D00023F001039AB27B685A837B685B8B43F04F
:10B2E00002039AB27B685A8387E17B685B8B43F0E9
:10B2F00001039AB27B685A837FE17B685B6F002B06
:10B3000006D14848FDF78CFB02467B685A676CE122
:10B3100000237B637B685B6FBB6356E1BB6BDB68C1
:10B320005A68414B1B689A421DD13E4B1A89BB6B30
:10B330001B899A4240F24E813A48FDF771FB7861D1
:10B340007B69002B00F048817B6B002B03D07B6B6B
:10B350007A691A6002E07B687A695A67B96B786922
:10B36000FFF7DEF838E17B6B002B17D12E4B1A6804
:10B37000BB6BDB685B68D31A002B57DA2948FDF7F3
:10B380004FFBB861BB69002B00F028817B68BA696C
:10B390005A67B96BB869FFF7C3F81FE1224B1A6807
:10B3A0007B6BDB685B68D31A013B002B3EDB1E4BDB
:10B3B0001A68BB6BDB685B68D31A0133002B35DC82
:10B3C0001848FDF72DFBF861FB69002B00F00881A0
:10B3D0007B6BDB685B687A6B12891A44124B1B68C3
:10B3E000D31A002B12DD104B1B689AB27B6BDB6803
:10B3F0005B689BB2D31A9AB27B6B1A817B6B5A68DB
:10B400007B6B1B8919461046FBF71CFD7B6BFA69A9
:10B410001A60B96BF869FFF783F8E1E0F080042463
:10B42000ED800424C0800424E0800424BB6B7B6393
:10B43000BB6B1B68002B40F0C5807F4B1A68BB6B51
:10B44000DB685B68D31A002B40F3BC80BB6BDB6806
:10B450009B899BB21846FAF7EDFC0346DBB203F07A
:10B460000103002B40F0BE807448FDF7D9FA024674
:10B47000BB6B1A60BB6B1B68002B00F0B580BB6B0D
:10B48000DB685B68BA6B12891A446B4B1B68D31A72
:10B49000002B12DD684B1B689AB2BB6BDB685B68E4
:10B4A0009BB2D31A9AB2BB6B1A81BB6B5A68BB6B47
:10B4B0001B8919461046FBF7C5FC614B1B881A46D1
:10B4C0005D4B1B681A447B685B6A7968098D0B4485
:10B4D000D31A002B40F38880BB6B1B68DB689B8909
:10B4E0009BB21846FAF7A6FC0346DBB203F0010351
:10B4F000002B21D0BB6B1B68DB689B899BB21BB206
:10B5000023F47C531CB2BB6B1B68DB689B899BB22A
:10B510001846FAF78FFC0346DBB203F03E039BB2FA
:10B520001846FAF787FC03461BB223431AB2BB6BDB
:10B530001B68DB6892B29A817B685B6A9AB27B680F
:10B540001B8D134499B23C4B1B689AB2BB6B1B68B2
:10B550008A1A92B21A81BB6B1B685A68BB6B1B6854
:10B560001B8919461046FBF76DFCBB6B1B681C89D9
:10B57000BB6B1B68DB689B899BB21846FAF75AFCC9
:10B580000346DBB203F00303002B01D0012300E0EC
:10B59000002323449AB22A4B1A80294B1B881A464F
:10B5A000254B1B681A447B685B6A7968098D0B44DC
:10B5B0009A4219D0234B4FF4DF622349234828F0E5
:10B5C000DBFE11E0BB6B1B68BB63BB6B002B7FF426
:10B5D000A5AE0AE000BF08E000BF06E000BF04E03F
:10B5E00000BF02E000BF00E000BF786801F088FE05
:10B5F00003E0786801F084FE1AE019E00E4B1A6847
:10B600007B685B6AD31A002B0ADB0B4B1A687B68DA
:10B610005B6A7968098D0B44D31A0133002B07DD6F
:10B620007B685B8B43F002039AB27B685A83FFE727
:10B6300000BF5037BD46B0BDE0800424C080042464
:10B64000EA800424BC9004087C9404082091040837
:10B6500080B483B000AF154B1B885A1C91B2134ABB
:10B660001180FB80124B1B68002B04D0114B1B88F0
:10B67000FA889A4208D2104B1B6814333B60FB884F
:10B680003A6813441B780BE0FB88DAB2094B1B883D
:10B69000DBB2D31A7B71064B1A687B7913441B7893
:10B6A00018460C37BD465DF8047B7047DC800424E7
:10B6B000D8800424D6800424D080042480B584B0AB
:10B6C00000AF78607B68002B06D1334B40F27D726F
:10B6D0003249334828F050FE324B1B88002B57D09C
:10B6E000314B00221A8047E0FFF7B2FF0346FB739D
:10B6F000FB7B022B06D0022B2BDC002B43D0012B33
:10B7000039D026E0FFF7A4FF0346042B3DD1264B9A
:10B710001B880133234A1288934236DAFFF798FFD9
:10B7200003461B02BB81FFF793FF03461A46BB8902
:10B730001343BB81BB8940F2B452934204D8BB8906
:10B74000002B01D0BA8901E040F2B4527B685A86DE
:10B7500012E0FFF77DFF0346FB72FB7A012B16D93F
:10B76000FB7A9AB2104B1B8813449BB2023B9AB2ED
:10B770000D4B1A8000E000BF0B4B1A88094B1B8849
:10B780009A42B1D304E000BF02E000BF00E000BF76
:10B790001037BD4680BD00BFBC9004083895040832
:10B7A00020910408D4800424DC80042480B400AFF9
:10B7B000054B1B7843F01003DAB2034B1A7000BF3D
:10B7C000BD465DF8047B7047ED80042480B584B0ED
:10B7D00000AFF860B9607A60FB68002B0AD0FB68A4
:10B7E0001B7A002B06D0FB681B7A1846FBF720F962
:10B7F000034603E0786804F039F903461846103729
:10B80000BD4680BD90B587B000AFF860B9603B60C1
:10B810001346FB71FB68002B05D1434BA322434920
:10B82000434828F0A9FDBB68002B05D13E4BA4225C
:10B8300040493F4828F0A0FD97F828309B00DBB234
:10B8400003F00403FB750320FAF7E6FC38613B695B
:10B85000002B04D1B868FBF779FC002360E03B695A
:10B8600097F828209A723B6900221A603B69BA68EF
:10B870005A60BB681A89FB7D9BB29A4205D22A4B5B
:10B88000B0222D492A4828F077FDBB681A89FB7D34
:10B890009BB2D31A9AB23B691A811421B868FBF79C
:10B8A000BFFB0346002B04D03869FDF7A0F8002346
:10B8B00036E03B695B685A683B69DA60FB68DA8AA4
:10B8C0003B69DC681046FAF7B5FA03462380FB684B
:10B8D0001A8B3B69DC681046FAF7ACFA03466380C2
:10B8E0003B69DC683868FAF7BBFA03466360FB7DA6
:10B8F0009B08DBB205339BB21B039AB2FB799BB268
:10B9000013439AB23B69DC681046FAF793FA034690
:10B91000A3813B69DB6800229A740022DA743B69D8
:10B9200018461C37BD4690BD54950408A0950408E0
:10B93000C0950408E89504080C96040880B586B004
:10B9400000AF7B600346FB730B46BB8113467B81D4
:10B95000BB89FB827B68002B05D1304BE822304944
:10B96000304828F009FD3B6A002B05D12B4BE9221A
:10B970002D492C4828F000FDBA897B899A4221D2B2
:10B9800097F8243003F00203002B11D13B6A5B8B44
:10B9900003F04003002B15D197F82830002B07D077
:10B9A0003B6ADB6E002B03D13B6A1B6F002B09D077
:10B9B000BB8903F2B75323F003027B89934228BF6C
:10B9C0001346FB82F98AFB7B4FF420721846FBF783
:10B9D000D9F838613B69002B01D1002319E03B699C
:10B9E0001B68002B06D00D4B40F20B120F490D487F
:10B9F00028F0C2FC3B695A89BB89D31A9AB27B688A
:10BA00001A803B69BA891A813B691A893B695A8154
:10BA10003B6918461837BD4680BD00BF54950408E1
:10BA200024960408C09504084896040868960408FB
:10BA300080B582B000AF78600B467B807B68002BBE
:10BA400006D1334B40F233123249334828F094FC8C
:10BA50007B681B7D042B0ED07B681B7D072B0AD0D7
:10BA60007B681B7D022B06D07B681B7D032B02D0DD
:10BA70006FF00A0348E07B88002B01D1002343E0EC
:10BA80007B68B3F864307A889A4209D97B685B8B0B
:10BA900043F080039AB27B685A834FF0FF3333E060
:10BAA0007B68B3F866302B2B09D97B685B8B43F03E
:10BAB00080039AB27B685A834FF0FF3324E07B689F
:10BAC000B3F86630002B0FD07B681B6F002B1AD1A8
:10BAD0007B68DB6E002B16D10D4B40F255120F49DF
:10BAE0000D4828F049FC0EE07B681B6F002B03D14A
:10BAF0007B68DB6E002B06D0054B4FF4AC72084917
:10BB0000054828F039FC002318460837BD4680BD9B
:10BB1000549504087C960408C09504089C96040873
:10BB2000D896040890B59BB004AFF860B960114690
:10BB30001A460B46FB8013467B7100237B6500236E
:10BB40003B650023FB640023BB6400237B6400236C
:10BB5000A7F84230002387F8273000237B82002398
:10BB6000FB870023BB87FB68002B09D1A44B4FF454
:10BB7000CF72A449A44828F0FFFB6FF00F032AE31B
:10BB8000FB68B3F862305B089AB2FB685B8E934245
:10BB900028BF1346BB84BB8C002B02D1FB685B8E95
:10BBA00000E0BB8CBB84BB68002B09D1944B40F2F6
:10BBB000AD129649944828F0DFFB6FF00F030AE3BB
:10BBC000FB881946F868FFF733FF034687F82330F0
:10BBD00097F92330002B02D097F92330FBE2FB6862
:10BBE000B3F86630A7F84030002387F82230FB68AE
:10BBF000DB6E002B00F0F680FB68DB6E3B6502E03D
:10BC00003B6D1B683B653B6D1B68002BF8D13B6DA2
:10BC10009B7A9B009BB203F004033B84BA8C3B6D80
:10BC20001B8919463B8C0B449A4206DA744B4FF43D
:10BC3000F3727749744828F09FFB3B6D1A893B8C5F
:10BC400013449BB2BA8CD31A7B87FB68B3F8683075
:10BC50007B827B8A002B26D07B8A7A8F9A4206D2FF
:10BC6000674B4FF4FC726B49674828F085FB3B6DCE
:10BC7000FB647B8AFA88934228BF13469BB27A8F73
:10BC8000934228BF1346FB87B7F84220FB8F13442B
:10BC9000A7F842307A8AFB8FD31A9BB27B827A8FC5
:10BCA000FB8FD31A7B877B8A002B0BD0B7F84220FF
:10BCB000FB889A4206D0524B4FF4007256495248C4
:10BCC00028F05AFBB7F84220FB889A4280F067813F
:10BCD0007B8F002B00F063813B6D1B89002B00F0F4
:10BCE0005E81FA88B7F84230D21A7B8F9342A8BFA0
:10BCF0001346FB833B6DFB647B7903F00103002B50
:10BD000027D007F112007A8FF98B012302937B79F8
:10BD10000193FB68009303460020FFF70FFE786550
:10BD20007B6D002B00F025827B6D5868B7F84230A0
:10BD3000BA681344FA8B194629F0D5FC786DFBF7E5
:10BD400093FA03461A46B7F840301344A7F8403038
:10BD500041E03B6D5B687B6302E07B6B1B687B6350
:10BD60007B6B1B68002BF8D17B6B1B7B03F0C00344
:10BD7000002B15D17B6B5B687A6B52891344BA68D0
:10BD80009A420DD1B7F84230002B06D01C4B40F23E
:10BD9000312222491C4828F0EFFAFB8BBB871AE0BE
:10BDA000FB8B012219460020FAF7ECFE78657B6DCB
:10BDB000002B00F0E081B7F84230BA681A447B6D7E
:10BDC0005A60786DFBF750FA03461A46B7F84030D0
:10BDD0001344A7F84030B7F84220FB8B1344A7F870
:10BDE0004230DCE0FB68B3F86830002B00F0D7800D
:10BDF000034B40F24A220A49034828F0BDFACEE03C
:10BE0000549504080C970408C09504082497040866
:10BE1000589704087097040890970408B09704088E
:10BE2000DC970408FA88B7F84230D31ABB8397F836
:10BE300022309BB2BA8CD31A7B837A8BBB8B934212
:10BE400028BF13463B837B7903F00103002B36D0D8
:10BE500097F822309AB23B8B134499B27B6C002B3B
:10BE60000CBF01230023DBB207F11200BA8C02934E
:10BE70007B790193FB68009303463620FFF75EFD54
:10BE800038633B6B002B00F078813B6B5B893A8B0E
:10BE90009A4206D98C4B40F266228C498C4828F095
:10BEA0006BFA3B6B5A6897F82230D018B7F84230DB
:10BEB000BA6813443A8B194629F015FC2FE07B8AA7
:10BEC000002B06D0804B40F271228249804828F036
:10BED00053FA3B8B012219463620FAF753FE78615C
:10BEE0007B69002B00F04B81B7F84230BA681A44E6
:10BEF0007B695A6097F822309BB24FF42072194642
:10BF00003620FAF73FFE38633B6B002B03D178698C
:10BF1000FBF71CF936E17969386BFBF7E5F9386B0B
:10BF2000FBF7A2F903461A46B7F840301344A7F8C6
:10BF30004030B7F840302C2B03D9386BFBF706F9AB
:10BF400020E1FB68DA6DB7F842301A4497F82730E1
:10BF5000009313460022396BF868FFF753FCF8642E
:10BF6000FB6C002B00F00D817B6C002B02D1FB6C75
:10BF70007B640CE0BB6C002B06D1534B40F2AB2230
:10BF80005549534828F0F8F9BB6CFA6C1A60FB6C01
:10BF9000BB64B7F842203B8B1344A7F84230B7F894
:10BFA0004220FB889A42FFF43DAFFB8F002B2CD040
:10BFB0003B6D5B68FB621EE0FB6A1A89FB8F1344D2
:10BFC0009AB2FB6A1A81FB6A1B68002B10D1FB6ACC
:10BFD0005B68FA6A52891344FA8FB968184629F0E7
:10BFE00082FBFB6A5A89FB8F13449AB2FB6A5A811F
:10BFF000FB6A1B68FB62FB6A002BDDD13B6D1A8973
:10C00000FB8F13449AB23B6D1A817A8AFB68A3F8BE
:10C0100068207B6D002B18D03B6D002B06D12A4B7E
:10C020004FF438722D492A4828F0A6F93B6D5B6819
:10C03000796D1846FBF758F93B6D1A897B6D1B89A2
:10C0400013449AB23B6D1A8137E0BB8F002B34D07A
:10C050003B6D002B03D03B6D5B68002B06D11A4B68
:10C0600040F2E6221E491A4828F086F93B6D5B68CB
:10C07000BB6209E0BB6A1A89BB8F13449AB2BB6AE0
:10C080001A81BB6A1B68BB62BB6A1B68002BF1D1BB
:10C09000BB6A1A89BB8F13449AB2BB6A1A81BB6A06
:10C0A0005A89BB8F13449AB2BB6A5A813B6D1A8975
:10C0B000BB8F13449AB23B6D1A813B6D002B11D19B
:10C0C000FB687A6CDA6610E0549504080C98040852
:10C0D000C09504084C9804085C98040870980408FB
:10C0E000A89804083B6D7A6C1A60FB68DA6DFB88CF
:10C0F0001A44FB68DA65FB68B3F86420FB88D31A3E
:10C100009AB2FB68A3F86420FB68B7F84020A3F854
:10C110006620FB68B3F86630002B0ED0FB681B6FFF
:10C12000002B0AD1FB68DB6E002B06D12C4B40F2B2
:10C1300012322C492C4828F01FF9FB6C002B16D02A
:10C14000FB6CDB68002B12D07B7903F00203002B21
:10C150000DD1FB6CDB689B899CB20820F9F76AFE65
:10C1600003461A46FB6CDB68224392B29A81002395
:10C1700031E000BF06E000BF04E000BF02E000BF06
:10C1800000E000BFFB685B8B43F080039AB2FB6862
:10C190005A837B6D002B02D0786DFAF7D7FF7B6C4A
:10C1A000002B02D0786CFCF70DFCFB68B3F866300E
:10C1B000002B0ED0FB681B6F002B0AD1FB68DB6ED7
:10C1C000002B06D1064B40F227320649064828F0DC
:10C1D000D3F84FF0FF3318465C37BD4690BD00BF23
:10C1E00054950408E0980408C095040890B58BB0F5
:10C1F00002AF78600B467B800023FB6100237B61EC
:10C2000000233B617B68002B06D1954B40F24B32FB
:10C210009449954828F0B0F87B68DB6E7B617B69B8
:10C22000002B02D14FF0FF3316E17B88002B09D1A0
:10C230008B4B40F253328D498B4828F09DF86FF0BC
:10C24000050309E17B691B897A889A4201D300239F
:10C2500002E17B685B8E7A889A4206D9804B40F275
:10C260005B328349804828F087F87B691B89002B63
:10C2700006D17B4B4FF457727E497B4828F07CF8FF
:10C280007B699B7AFB73FB7B9B00DBB203F00403AF
:10C29000BB737B691A897B88D31ABB81BB7B9AB23B
:10C2A000BB8913449BB24FF4207219463620FAF72B
:10C2B00069FC38613B69002B00F0B7807B695B68E3
:10C2C0001A897B691B89D31A9AB27B8813447B81B4
:10C2D0007B6958683B695A68BB7BD1187B89BA89EE
:10C2E000FBF73AF903461A46BB89934240F09F8018
:10C2F0007B69DB689B899BB21846F9F79BFD034677
:10C30000DBB203F03F03FB760023BB76FB7E03F03A
:10C310000803002B07D0FB7E23F00803FB76BB7ECF
:10C3200043F00803BB76FB7E03F00103002B07D02C
:10C33000FB7E23F00103FB76BB7E43F00103BB765B
:10C340007B69DB685B681846F9F78AFD02467B88E3
:10C35000D118BA7EFB7B00930B4639697868FFF7EA
:10C3600051FAF861FB69002B63D07B695B68184662
:10C37000FAF77AFF03461A467B68B3F866309B1AD1
:10C380009AB27B68A3F866207B6958687B695B6812
:10C390001A89BB89D31A9BB21946FAF753FD7B69F8
:10C3A0001A89BB89D31A9AB27B691A817B69DB68C7
:10C3B0009B899CB2FB7E9BB21846F9F73BFD034676
:10C3C0001A467B69DB68224392B29A817B695B687B
:10C3D0001846FAF749FF03461A467B68B3F86630F9
:10C3E00013449AB27B68A3F86620FB695B68184621
:10C3F000FAF73AFF03461A467B68B3F866301344EF
:10C400009AB27B68A3F866207B691A68FB691A6098
:10C410007B69FA691A60FB691B68002B03D17B6892
:10C420000022A3F86820002316E000BF02E000BF4E
:10C4300000E000BFFB69002B06D0094B4FF4767279
:10C440000D49094827F098FF3B69002B02D0386955
:10C45000FAF77CFE4FF0FF3318462437BD4690BDF7
:10C460005495040800990408C09504082499040808
:10C4700048990408589904086899040890B585B04B
:10C4800000AF78607B68002B06D1214B40F2EB3285
:10C490002049214827F070FF7B68DB6E002B2ED0EF
:10C4A0007B68DB6EFB6002E0FB681B68FB60FB687F
:10C4B0001B68002BF8D1FB68DB689B899BB2184690
:10C4C000F9F7B8FC0346DBB203F00703002B16D1E3
:10C4D000FB68DB689B899CB20120F9F7ABFC034643
:10C4E0001A46FB68DB68224392B29A817B685B8BB9
:10C4F00043F020039AB27B685A83002304E00121B1
:10C50000786800F00BF8034618461437BD4690BD16
:10C510005495040874990408C095040880B58AB03D
:10C5200002AF78600B46FB700023FB770023FB759E
:10C53000FB7803F00303002B06D1674B40F2114256
:10C540006649674827F018FF7B68002B06D1624BCD
:10C5500040F213426349624827F00EFFFB7803F074
:10C560000203002B01D00123FB77FB7F9B00DBB292
:10C5700003F00403FB75FB7D9BB24FF42072194658
:10C580003620FAF7FFFA38613B69002B09D17B6846
:10C590005B8B43F080039AB27B685A834FF0FF3382
:10C5A00095E03B695A89FB7D9BB29A4206D24A4B81
:10C5B00040F239424C494A4827F0DEFE7B68D96D8B
:10C5C000FA78FB7F00930B4639697868FFF71AF910
:10C5D000F860FB68002B09D17B685B8B43F080031C
:10C5E0009AB27B685A834FF0FF3370E0FB68DB68D8
:10C5F00003F00303002B06D0374B40F242423B4985
:10C60000374827F0B9FEFB681B89002B06D0324B58
:10C6100040F243423649324827F0AEFE7B68DB6E7B
:10C62000002B03D17B68FA68DA660DE07B68DB6E6D
:10C63000BB6102E0BB691B68BB61BB691B68002B67
:10C64000F8D1BB69FA681A607B680022A3F86820F9
:10C65000FB7803F00203002B04D1FB7803F0010305
:10C66000002B04D07B68DB6D5A1C7B68DA65FB7895
:10C6700003F00103002B06D07B685B8B43F02003A3
:10C680009AB27B685A83FB685B681846FAF7ECFD40
:10C6900003461A467B68B3F8663013449AB27B6847
:10C6A000A3F866207B68B3F86630002B0ED07B6859
:10C6B0001B6F002B0AD17B68DB6E002B06D1064B6B
:10C6C00040F265420B49064827F056FE0023184603
:10C6D0002037BD4680BD00BF5495040890990408DA
:10C6E000C0950408E8990408089A0408449A0408C4
:10C6F0005C9A0408889A0408B0B58AB000AF7860E4
:10C700007B68002B06D18A4B40F2E14289498A4876
:10C7100027F032FE7B681B7D012B06D1844B40F253
:10C72000E3428649844827F027FE854B1B687A68D8
:10C730009A4201D10023CEE17B68B3F848207B68A0
:10C74000B3F86030934228BF13469BB2BB617B684D
:10C75000DB6E7B627B6A002B0BD17B685B8B03F00B
:10C760000203002B00F0AA81786800F0C9FD03469F
:10C77000B1E179687B6804331A467868FFF726F8D8
:10C7800078617B69002B02D16FF00303A3E17B6822
:10C79000002B03D07B681B68002B11D17B69002B19
:10C7A00002D07B69043300E000233B613B69002B2E
:10C7B00002D16FF003038EE13B691A687B681A604F
:10C7C0007B6ADB685B681846F9F74AFB02467B68C0
:10C7D0005B6CD31A7A6A12891344BA699A4227D2D7
:10C7E0007B68B3F860301A46BB69934214D17B680A
:10C7F0001B6F002B10D17B6893F89930002B0BD165
:10C800007B68002283F898207B68012283F89920B6
:10C810007B68002283F89A207B685B8B03F002031D
:10C82000002B00F04D81786800F06AFD034652E16C
:10C830007B68002283F899207B681B6F3B623B6A10
:10C84000002B00F01C8102E03B6A1B683B623B6AE4
:10C850001B68002BF8D112E17B6ADB689B899BB2D5
:10C860001846F9F7E7FA0346DBB203F00403002B9E
:10C8700006D02F4B40F2365232492F4827F07CFD2C
:10C880007B681B6F002B1FD07B685B8B03F044031E
:10C89000002B19D17B68DB6E002B0BD07B68DB6E25
:10C8A0001B68002B10D17B68DB6E1A897B685B8E5E
:10C8B0009A4209D27B68B3F86430002B04D07B68BD
:10C8C000B3F866302B2B01D9012300E00023002BA5
:10C8D00006D17B685B8B03F0A003002B00F0E480A3
:10C8E0007B681B7D022B0DD07B6ADB689B899CB229
:10C8F0001020F9F79FFA03461A467B6ADB68224349
:10C9000092B29A817A697968786A00F009F90346E7
:10C91000FB7397F90F30002B16D07B685B8B43F0CD
:10C9200080039AB27B685A8397F90F30D3E000BF37
:10C9300054950408B09A0408C0950408C89A0408DD
:10C94000F4800424F09A04087B6A1A687B68DA662B
:10C950007B681B7D022B06D07B685B8B23F0030377
:10C960009AB27B685A837B6ADB685B681846F9F782
:10C9700077FA04467B6A1B891D467B6ADB689B89C4
:10C980009BB21846F9F756FA0346DBB203F00303ED
:10C99000002B01D0012300E000232B442344BB6083
:10C9A0007B681A6DBB68D31A002B02DA7B68BA6801
:10C9B0001A657B6A1B891C467B6ADB689B899BB274
:10C9C0001846F9F737FA0346DBB203F00303002BEE
:10C9D00001D0012300E000232344002B49D07B6ACF
:10C9E00000221A607B681B6F002B05D17B687A6A76
:10C9F0001A677B6A3B623FE07B6ADB685B681846CC
:10CA0000F9F72EFA04463B6ADB685B681846F9F7CB
:10CA100027FA0346E31A002B24DA7B687033FB61A4
:10CA200002E0FB691B68FB61FB691B68002B11D0EE
:10CA3000FB691B68DB685B681846F9F711FA044666
:10CA40007B6ADB685B681846F9F70AFA0346E31A63
:10CA5000002BE6DBFB691A687B6A1A60FB697A6A5D
:10CA60001A6009E03B6A7A6A1A603B6A1B683B629B
:10CA700002E0786AFBF7BBFF7B68DB6E7B627B6A58
:10CA8000002B12D07B6ADB685B681846F9F7E8F97F
:10CA900002467B685B6CD31A7A6A12891344BA69BE
:10CAA0009A42BFF4D9AE00E000BF7B68DB6E002B7A
:10CAB00008D17B680022A3F8682004E000BF02E0F0
:10CAC00000BF00E000BF7B685B8B23F080039AB25D
:10CAD0007B685A83002318462837BD46B0BD00BF87
:10CAE00080B582B000AF78607B68002B06D1094B1F
:10CAF00040F29A520849094827F03EFC7B685B687F
:10CB00009B7B012B01D0012300E00023184608374E
:10CB1000BD4680BD54950408089B0408C0950408D0
:10CB2000B0B58CB004AFF860B9607A60FB68002BD8
:10CB300006D1644B4FF4B7626349644827F01CFC8C
:10CB4000BB68002B06D15F4B40F2B95260495F4889
:10CB500027F012FC7B68002B06D15A4B40F2BA52E8
:10CB60005C495A4827F008FCF868FFF7B9FF03460C
:10CB7000002B01D00023A1E0BB685A6AFB68DC6887
:10CB80001046F9F76DF90346A360BB685A8DFB6840
:10CB9000DC681046F9F74EF90346E381BB685B6A2F
:10CBA000BA68528D1A44BB68DA62FB68DB681433DA
:10CBB000FB61FB689B7A03F00103002B15D0BB6877
:10CBC00004331A46796840F2B450FCF72FFA034652
:10CBD0007B837B8B43F001731846F9F741F90246DA
:10CBE000FB691A60FB690433FB61BB68B3F9303041
:10CBF000002B02DABB6800221A86BB685B6B002B35
:10CC00000CD1354B1A68BB685A63FB68DB685B68FC
:10CC10001846F9F725F90246BB689A63FB68DA689B
:10CC2000FB685B685B68D31A3B83FB685B68598968
:10CC3000FB685B683A8B8A1A92B25A81FB685B6820
:10CC40001989FB685B683A8B8A1A92B21A81FB6871
:10CC50005B68FA68D2685A60FB68DB6800221A7465
:10CC600000225A74FB68DA68FB689B7A03F00103C0
:10CC7000002B01D0182300E014231344FA699A42D0
:10CC800006D0104B40F21C621449104827F074FB88
:10CC9000FB685868B968BB681C1DBB68DD7ABB6857
:10CCA0009B7A7A6802920622019200932B462246D2
:10CCB00003F0A6F80346FB7597F91730184620379E
:10CCC000BD46B0BD54950408309B0408C0950408C7
:10CCD000509B0408709B0408A8800424949B0408BB
:10CCE000B0B584B000AF78607B68002B06D1314BC3
:10CCF00040F263623049314827F03EFB7B681B6F8E
:10CD0000002B02D16FF0050350E07B681B6FFB60C6
:10CD10000BE0F868FFF7E4FE0346002B02D06FF04B
:10CD2000050343E0FB681B68FB60FB681B68002B86
:10CD3000EFD1F868FFF7D4FE0346002B02D06FF066
:10CD4000050333E07B68DA6EFB681A607B681A6F54
:10CD50007B68DA667B6800221A677B685B8B43F42A
:10CD600000639AB27B685A83FB68DB685B6818468D
:10CD7000F9F776F80446FB681B891D46FB68DB68FB
:10CD80009B899BB21846F9F755F80346DBB203F0CE
:10CD90000303002B01D0012300E000232B44E21801
:10CDA0007B68DA647B6800225A63002318461037D8
:10CDB000BD46B0BD54950408A89B0408C09504085E
:10CDC00080B582B000AF78607B68002B06D10D4B38
:10CDD0004FF4D3620C490D4827F0CEFA7B6893F8E4
:10CDE0004230FF2B07D07B6893F842300133DAB230
:10CDF0007B6883F842207868FFF77EFC00BF083725
:10CE0000BD4680BD54950408CC9B0408C095040819
:10CE100080B582B000AF78607B68002B06D10A4BEA
:10CE200040F2AD6209490A4827F0A6FA7868FFF790
:10CE300057FF0346002B02D17868FFF7C1FF00BF00
:10CE40000837BD4680BD00BF54950408F09B040818
:10CE5000C095040890B585B000AF78607B68002B62
:10CE600006D12F4B40F2C1622E492F4827F084FA99
:10CE70007B681B6F002B02D16FF005034CE07B68D1
:10CE80001B6FBB60B868FFF72BFE0346002B02D078
:10CE90006FF0050340E0BB681A687B681A677B681F
:10CEA0006C33FB6002E0FB681B68FB60FB681B687F
:10CEB000002B11D0FB681B68DB685B681846F8F72D
:10CEC000CFFF0446BB68DB685B681846F8F7C8FF0D
:10CED0000346E31A002BE6DBFB681A68BB681A609E
:10CEE000FB68BA681A60BB681B68002B03D17B68BB
:10CEF0000022A3F868207B6893F84230FF2B07D00C
:10CF00007B6893F842300133DAB27B6883F84220C1
:10CF10007B6800225A63002318461437BD4690BD33
:10CF2000549504080C9C0408C095040880B582B090
:10CF300000AF78607B68002B06D12A4B40F2F96283
:10CF400029492A4827F018FA7B681B6F002B45D027
:10CF50007B685B8B03F00403002B3FD17868FFF7FD
:10CF600079FF0346002B39D17B68B3F860207B68DA
:10CF7000B3F84830934228BF13469BB2002B00DA27
:10CF800001335B109AB27B68A3F84A207B68B3F840
:10CF90004A301A467B685B8E5B009A4206D27B68F9
:10CFA0005B8E5B009AB27B68A3F84A207B68B3F87B
:10CFB0004A207B685B8E194649000B449BB21344A0
:10CFC0009AB27B68A3F848207B685B8B43F004032C
:10CFD0009AB27B685A837B6800221A8600BF0837A2
:10CFE000BD4680BD54950408249C0408C0950408DF
:10CFF00080B586B000AFF8607B600B467B8113463E
:10D000003B817A893B8913449BB214339BB24FF422
:10D01000207219462220F9F7B5FD78617B69002B53
:10D020004DD07B8913337A695289934206DB264BB4
:10D0300040F223722549264827F09EF97B695B68F8
:10D040003B613B8C1846F8F7F5FE03461A463B69F0
:10D050001A80BB8C1846F8F7EDFE03461A463B696A
:10D060005A803B697A685A60F868F8F7F9FE024618
:10D070003B699A607B899B089BB205339BB21B037B
:10D080009AB297F828309BB213439BB21846F8F730
:10D09000D1FE03461A463B699A81BB8D1846F8F7C4
:10D0A000C9FE03461A463B69DA813B6900221A74BD
:10D0B00000225A743B6900229A740022DA747B6958
:10D0C00018461837BD4680BD54950408449C040892
:10D0D000C0950408B0B58AB004AFF8607B600B4619
:10D0E0007B8113463B81FB68002B06D1154B40F238
:10D0F00042721549154827F03FF9FB68586AFB68EA
:10D10000DB8AFA68128BF968498D3D897C89039125
:10D1100010210291019200937B682A462146FFF775
:10D1200067FF78617B69002B06D0FB685B6AFA6851
:10D13000528D1A44FB68DA627B6918461837BD467F
:10D14000B0BD00BF54950408749C0408C095040841
:10D1500080B588B000AFF860B96011461A460B463A
:10D16000FB711346BB710023FB83BB68002B06D108
:10D17000124B40F256721249124827F0FDF8BB6874
:10D180005B68BB61BB6914337B61FB8B9B001A46F8
:10D19000FB799B0003F0040313441433BA6913446E
:10D1A0007A699A4206D0054B40F2757206490548E5
:10D1B00027F0E2F800BF2037BD4680BD5495040833
:10D1C0009C9C0408C0950408949B040880B58AB010
:10D1D00004AFF860B9607A603B60BB68002B06D191
:10D1E0001C4B40F287721C491C4827F0C5F83A686E
:10D1F0007968F868FEF7EAFA38613B69002B02D1DA
:10D20000FC23FB751CE0FB68002B06D0FB68DB7A77
:10D21000BB75FB689B7A7B7503E0FF23BB7500231E
:10D220007B75BA7D3B690293062301937B7D009356
:10D2300013463A687968B86802F0E2FD0346FB7568
:10D24000B868F9F783FF97F9173018461837BD46C5
:10D2500080BD00BF54950408C49C0408C095040810
:10D2600090B58BB004AFF860B9607A603B603B6802
:10D27000002B06D11E4B40F2C4721E491E4827F0F7
:10D280007BF8BB6A002B06D1194B40F2C5721B49D3
:10D29000194827F071F80023FB754023BB82FB7D02
:10D2A0009CB2B868F8F7DCFD0246BB8A03931423EE
:10D2B00002933B8E0193BB8D0093134600222146BF
:10D2C0007868FFF795FE38613B69002B0CD0FB7D39
:10D2D00000223969F868FFF73BFFBB6A3A68396991
:10D2E000F868FFF773FF00E000BF1C37BD4690BD34
:10D2F00054950408F09C0408C09504080C9D04088B
:10D3000090B587B000AF78600023FB750023BB7534
:10D310007B68002B06D1284B40F2EA722749284847
:10D3200027F02AF8FB7D9B00DBB203F004037B753A
:10D330007B7D9CB27B681B6D1846F8F791FD034618
:10D34000002221467868FFF7C5FE38613B69002B53
:10D3500009D17B685B8B43F003039AB27B685A83E5
:10D360006FF0010323E0BB7DFA7D39697868FFF730
:10D37000EFFE7A687B68043339697868FFF726FF27
:10D380000346FB7397F90F30002B07D07B685B8B4C
:10D3900043F003039AB27B685A8306E07B685B8B99
:10D3A00023F003039AB27B685A8397F90F3018462B
:10D3B0001C37BD4690BD00BF54950408289D040845
:10D3C000C095040890B587B000AF78600023FB7566
:10D3D0007B68002B06D1184B40F6240217491848E9
:10D3E00026F0CAFFFB7D9CB27B681B6D013B184693
:10D3F000F8F736FD0346002221467868FFF76AFEFB
:10D4000038613B69002B02D14FF0FF3310E0FB7D08
:10D41000002239697868FFF79BFE7A687B680433DD
:10D4200039697868FFF7D2FE0346FB7397F90F302E
:10D4300018461C37BD4690BD54950408489D040805
:10D44000C095040890B58BB000AF7860002387F8D2
:10D4500027307B68002B06D14C4B40F64F024C49DD
:10D460004C4826F089FF7B68DB6E3B623B6A002BF1
:10D4700001D1002386E07B6893F89A30FF2B07D018
:10D480007B6893F89A300133DAB27B6883F89A208C
:10D490003B6ADB689B899BB21846F8F7CBFC0346D6
:10D4A000DBB203F00103002B05D03B6A1B89002B84
:10D4B00001D1012300E00023FB77FB7F002B0CBF91
:10D4C00001230023DBB2BB8397F8273099B23B6A74
:10D4D000DB685B68BA8B7868FFF7FCFDB861BB69F5
:10D4E000002B02D14FF0FF334CE0BB695B687B61DE
:10D4F000FB7F002B11D07B699B899BB21BB223F46D
:10D500007C531CB21120F8F795FC03461BB2234351
:10D510001BB29AB27B699A8110E0BB695B681433D5
:10D520003B613B6A58683B6A5B681A893B6A1B89A6
:10D53000D31A9BB201223969FAF70EF83B6ADB680D
:10D540005B681846F8F78CFC03460133FB607B6888
:10D550001A6DFB68D31A002B02DA7B68FA681A6529
:10D5600097F827300022B9697868FFF7F1FD7A68EB
:10D570007B680433B9697868FFF728FE0346FB72BD
:10D5800097F90B3018462C37BD4690BD54950408CA
:10D59000649D0408C095040880B582B000AF78602F
:10D5A000FAF72CF90A4B1B68002B03D1094B1B68B7
:10D5B000002B05D000220849FA2000F0F3F803E020
:10D5C000064B00221A6000BF00BF0837BD4680BD71
:10D5D000B4800424B880042499D50108008104246F
:10D5E00080B500AF0A4B1B68002B0FD1094B1B689D
:10D5F000002B03D1084B1B68002B07D0044B0122E2
:10D600001A6000220549FA2000F0CCF800BF80BD66
:10D6100000810424B4800424B880042499D501082E
:10D6200080B586B000AFF860B9607A600A20F8F77C
:10D63000F3FD38613B69002B09D13B69002B51D1C7
:10D640002A4BBE222A492B4826F096FE4AE03B6927
:10D6500000221A603B69BA689A603B697A68DA60AE
:10D660003B69FA685A60244B1B68002B03D1224A9D
:10D670003B69136037E03B695A681F4B1B685B6866
:10D68000D31ADB0F03F00103DBB2002B07D01A4BD8
:10D690001A683B691A60184A3B69136023E0164B0D
:10D6A0001B687B611AE07B691B68002B0BD03B6910
:10D6B0005A687B691B685B68D31ADB0F03F00103B0
:10D6C000DBB2002B07D07B691A683B691A607B6963
:10D6D0003A691A6007E07B691B687B617B69002BF4
:10D6E000E1D100E000BF1837BD4680BD889D040829
:10D6F000D89D0408189E0408F880042480B586B0DC
:10D7000000AF78607B687B617B695B68984704F059
:10D71000DBFC38617B691A680F4B1B681344FB60A4
:10D72000FA683B69D31ADB0F03F00103DBB2002B6D
:10D7300009D07B691A683B6913447A68074918461F
:10D74000FFF76EFF04E07A680449F868FFF768FFA6
:10D7500000BF1837BD4680BDFC800424FDD60108FB
:10D7600080B582B000AF01237B600EE00B4A7B687E
:10D7700052F833007B68DB00084A13441A46084914
:10D7800000F010F87B6801337B607B68032BEDD9D8
:10D7900000BF00BF0837BD4680BD00BFE8020508D6
:10D7A000FDD6010880B586B000AFF860B9607A6038
:10D7B000FB68B3F1804F06D30A4B40F229120A49A5
:10D7C0000A4826F0D9FD04F07FFC0246FB681344AA
:10D7D0007B617A68B9687869FFF722FF00BF183764
:10D7E000BD4680BD889D0408409E0408189E04081C
:10D7F00080B584B000AF78603960194B1B68002B8E
:10D8000029D0174B1B68BB600023FB601FE0BB687F
:10D810009B687A689A4215D1BB68DB683A689A427D
:10D8200010D1FB68002B04D1BB681B680C4A136045
:10D8300003E0BB681A68FB681A60B9680A20F8F749
:10D840005BFD09E0BB68FB60BB681B68BB60BB6835
:10D85000002BDCD100E000BF1037BD4680BD00BF0B
:10D86000F880042480B584B000AF04F02DFCF8608B
:10D87000174B1B68BB60BB68002B22D0BB685B6882
:10D88000FA68D31ADB0F03F00103DBB2002B1AD1C5
:10D89000BB681B680E4A1360BB689B687B60BB68F3
:10D8A000DB683B60BB685B680A4A1360B9680A20A2
:10D8B000F8F722FD7B68002BDAD07B683868984740
:10D8C000D6E700BF00E000BF1037BD4680BD00BFF7
:10D8D000F8800424FC80042480B582B000AF164B8D
:10D8E0001B68002B02D14FF0FF3320E004F0ECFB6B
:10D8F0007860114B1B685A687B68D31ADB0F03F002
:10D900000103DBB2002B01D0002310E00A4B1B689F
:10D910005A687B68D31A3B603B68002B06DA074BDA
:10D920004FF4DC720649074826F026FD3B6818468E
:10D930000837BD4680BD00BFF8800424889D0408D8
:10D94000789E0408189E040880B500AF25F0C8FD35
:10D9500003469BB2C3F30D039BB2A3F580439AB277
:10D96000014B1A8000BF80BD1C00002480B483B02E
:10D9700000AF0023FB80174B1B885A1C91B2154A3D
:10D9800011804FF6FF72934203D1124B4FF4404285
:10D990001A80114B1B683B6011E03B685A8A0D4BA3
:10D9A0001B889A4208D1FB880133FB80FB88B3F5C2
:10D9B000804FE0D3002307E03B68DB683B603B68B7
:10D9C000002BEAD1034B1B8818460C37BD465DF887
:10D9D000047B70471C0000240481042480B584B0BB
:10D9E00000AFF860B9601346FB71FB68002B05D1EE
:10D9F000274B87222749284826F0BEFCBB68002B0E
:10DA000005D1234B88222549234826F0B5FCFB6825
:10DA10001B7A002B0BD0FB681A7A214B5B6893F8BA
:10DA200034300133DBB29A4201D000232BE0FB7982
:10DA3000002B18D0FB68002B13D0FB681B68002B51
:10DA40000FD0174B5B69B3F1FF3F0AD0FB681A6830
:10DA5000134B5B695A40BB6808331B681340002BAB
:10DA600010D101230FE0FB68002B09D0FB681B6875
:10DA7000002B05D0FB681A68094B5B699A4201D1FB
:10DA8000012300E0002318461037BD4680BD00BFCB
:10DA90008C9E0408D49E0408F89E0408209F040865
:10DAA0008480042490B58DB002AF78603960002383
:10DAB000FB767B68002B05D17C4BCF227C497D48CF
:10DAC00026F05AFC3B68002B05D1784BD0227A49CE
:10DAD000784826F051FC7B685B89072B03D878686F
:10DAE000F9F734FBDEE07B685B687B61734B5B6955
:10DAF000724A12681146184602F05AFA0346FB743D
:10DB00007B691B889BB21846F8F794F903463B8261
:10DB10007B695B889BB21846F8F78CF90346FB815A
:10DB200000237B6200233B620023FB61644B1B6884
:10DB30007B6254E07B6A5B8AFA899A424AD1FB7C19
:10DB40001A463968786AFFF749FF0346002B41D02F
:10DB50007B6A1B7C03F00403002B1DD1FB69002BA7
:10DB600002D17B6AFB6117E0FB7C002B14D0534B86
:10DB70005B69B3F1FF3F0FD1FB691A683B6804335F
:10DB80001B689A4208D07B6A1A683B6804331B689A
:10DB90009A4201D17B6AFB617B6A9B8A3A8A9A42EC
:10DBA00018D17B6A5B68002B05D07B6A5A68434BAF
:10DBB0001B699A420ED13B6A002B14D07B6ADA684B
:10DBC0003B6ADA603E4B1A687B6ADA603C4A7B6AE1
:10DBD000136008E07B6A3B627B6ADB687B627B6A7E
:10DBE000002BA7D100E000BF7B6A002B01D1FB69AD
:10DBF0007B627B6A002B02D00123FB760AE03B6844
:10DC000004331A682D4B5B699A420CBF0123002331
:10DC1000DBB2FB76FB7E002B41D008217868F9F758
:10DC20000FFA0346002B0AD0204B4FF4B872254957
:10DC3000204826F0A1FB7868F9F788FA32E07B6A81
:10DC4000002B12D07B6A9B69002B0AD07B6A9C69EF
:10DC50007B6AD8693B8A00931B4B7A68796AA04734
:10DC600021E07868F9F772FA1CE0FB7C002B12D1F6
:10DC7000124B5B6903F0F003E02B0CD00F4B9B8938
:10DC800008339BB21BB219467868F9F74CFA0321A6
:10DC9000786801F057FE7868F9F758FA03E0786879
:10DCA000F9F754FA00BF2C37BD4690BD8C9E04088E
:10DCB000489F0408F89E0408609F04088480042498
:10DCC000048104247C9F04089480042480B588B0D7
:10DCD00002AFF860B9607A607B80FB68002B09D1E5
:10DCE000234B4FF406722349234826F045FB6FF07F
:10DCF0000F0338E0BB68002B09D11D4B40F21922FD
:10DD00001E491D4826F038FB6FF00F032BE07B689F
:10DD1000002B09D1164B40F21A221949164826F059
:10DD20002BFB6FF00F031EE0FB681B7A002B06D065
:10DD3000FB681B7A1846F8F77BFE786103E0786889
:10DD400001F094FE78617B69002B02D16FF0030330
:10DD500009E07A887B69009313467A68B968F868A5
:10DD600000F010F8034618461837BD4680BD00BFC6
:10DD70008C9E0408C89F0408F89E0408E09F0408CD
:10DD8000FC9F040880B588B002AFF860B9607A6083
:10DD90007B80FB68002B09D12E4B4FF420722E495B
:10DDA0002E4826F0E9FA6FF00F034FE0BB68002B16
:10DDB00009D1284B40F281222949284826F0DCFA73
:10DDC0006FF00F0342E07B68002B09D1214B40F23A
:10DDD00082222449214826F0CFFA6FF00F0335E064
:10DDE0003B6A002B09D11B4B40F283221E491B4882
:10DDF00026F0C2FA6FF00F0328E0FB68002B09D071
:10DE0000FB681B68002B05D0FB681B6803F0F00360
:10DE1000E02B03D13B6A04337B610BE0FB681A689B
:10DE20003B6A04331B689A4202D06FF003030DE093
:10DE3000FB687B617A887B6901933B6A0093134698
:10DE40007A68B968F86800F011F803461846183780
:10DE5000BD4680BD8C9E040818A00408F89E0408E6
:10DE600034A0040850A0040870A0040880B58CB049
:10DE700004AFF860B9607A607B80FB68002B09D141
:10DE8000654B40F2D1226549654826F075FA6FF07E
:10DE90000F03BCE0BB68002B09D15F4B40F2D222DC
:10DEA00060495F4826F068FA6FF00F03AFE07B68C7
:10DEB000002B09D1584B40F2D3225B49584826F039
:10DEC0005BFA6FF00F03A2E0FB6A002B09D1524B03
:10DED0004FF435725549524826F04EFA6FF00F0351
:10DEE00095E0BB6A002B09D14B4B40F2D52250493B
:10DEF0004B4826F041FA6FF00F0388E0FB685B8A1D
:10DF0000002B0FD1F968FB685B8A1A46F86800F0AD
:10DF100093F80346FB7697F91B30002B02D097F954
:10DF20001B3074E0BB681B894FF6F772934202D92D
:10DF30004FF0FF336BE00821B868F9F771F803463A
:10DF4000002B15D04FF4207208212220F8F71AFE7A
:10DF5000F861FB69002B02D14FF0FF3357E0BB683B
:10DF60001B89002B06D0B968F869F9F713FA01E0AC
:10DF7000BB68FB61FB695B89072B06D8264B40F227
:10DF80000D322C49264826F0F7F9FB695B687B6166
:10DF9000FB685B8A1846F7F74DFF03461A467B6914
:10DFA0001A807B881846F7F745FF03461A467B69B7
:10DFB0005A807B6900229A710022DA71FB691B8901
:10DFC0001846F7F737FF03461A467B699A801123F4
:10DFD000FB74FB68DB7ABB74FB689B7AB97CBA6A1A
:10DFE0000292FA7C019200930B467A68F96AF8690A
:10DFF00001F030FF0346FB76FA69BB689A4204D011
:10E00000F869F9F7A3F80023FB6197F91B3018466C
:10E010002037BD4680BD00BF8C9E040890A0040838
:10E02000F89E0408B0A00408D0A00408F4A00408D6
:10E0300018A104083CA1040880B586B000AFF860C0
:10E04000B9601346FB80BB68002B01D1394BBB6024
:10E05000FB68002B09D1384B40F2B73237493848BA
:10E0600026F08AF96FF00F0360E00023FB74354B54
:10E070001B687B6109E0FA687B699A4202D101233F
:10E08000FB7405E07B69DB687B617B69002BF2D167
:10E09000FB88002B09D1FFF769FC0346FB80FB8856
:10E0A000002B2CD16FF0070340E0264B1B687B61EF
:10E0B00022E0FA687B699A421BD07B695B8AFA8806
:10E0C0009A4216D17B691A68BB681B689A420DD0C8
:10E0D000BB68002B0AD0BB681B68002B06D07B698D
:10E0E000002B03D07B691B68002B02D16FF0070364
:10E0F0001CE07B69DB687B617B69002BD9D1BB6845
:10E10000002B02D0BB681B6800E00023FA68136094
:10E11000FB68FA885A82FB7C002B06D1094B1A68EF
:10E12000FB68DA60074AFB6813600023184618375B
:10E13000BD4680BD080305088C9E04086CA1040838
:10E14000F89E04080481042480B584B000AFF86010
:10E15000B9607A60FB68002B07D1084B40F28A4215
:10E160000749084826F008F905E0FB68BA689A6193
:10E17000FB687A68DA611037BD4680BD8C9E040862
:10E18000D8A10408F89E040880B584B000AF786078
:10E190007B68002B07D1194B40F2A142184919485E
:10E1A00026F0EAF826E0184B1B687A689A4205D1F7
:10E1B000154B1B68DB68144A136017E0124B1B6891
:10E1C000FB6010E0FB68DB68002B09D0FB68DB68B4
:10E1D0007A689A4204D17B68DA68FB68DA6005E005
:10E1E000FB68DB68FB60FB68002BEBD179680020E3
:10E1F000F8F782F81037BD4680BD00BF8C9E04083A
:10E20000F0A10408F89E04080481042480B582B0BB
:10E2100000AF0020F8F700F878607B68002B07D08B
:10E2200020220021786826F0B4FA7B68FF22DA7297
:10E230007B6818460837BD4680BD80B584B000AF06
:10E240000346FB71FFF7E2FFF860FB6818461037E2
:10E25000BD4680BD80B485B000AF786039607B6812
:10E26000002B1ED07B681B68002B1AD03B68002B4C
:10E2700017D03B681B68002B13D00D4B1B68FB604D
:10E280000CE0FB681A687B681B689A4203D13B6804
:10E290001A68FB681A60FB68DB68FB60FB68002B90
:10E2A000EFD100BF1437BD465DF8047B704700BF57
:10E2B0000481042480B584B000AF78607B685B6A19
:10E2C000FB60FB685B7A0133DAB2FB685A727868EC
:10E2D00000F0B4F800BF1037BD4680BD80B584B0F3
:10E2E00000AF78607B685B6AFB60FB681B7A002B81
:10E2F00003D07868FFF7DEFF05E0786800F075F876
:10E30000FB6864221A7200BF1037BD4680BD000052
:10E3100080B584B000AF786039607B685B6ABB60B1
:10E320007B6893F82E301A467B6893F82F301B02D7
:10E330001A431E4B13441846F7F792FD034618463E
:10E34000F7F78EFDF860BB685B7A1A46FB681344EA
:10E35000FB60FB689AB2164B1343FB60FB68154ADF
:10E36000934203D8FB6803F57E43FB60FB68124AC7
:10E37000934203D9FB68A3F57E43FB60FB680D4A1B
:10E38000934203D9FB680C4A934205D90B4BBC223C
:10E390000B490C4825F0F0FFF868F7F761FD0246DD
:10E3A0003B681A6000BF1037BD4680BD0001FEA962
:10E3B0000000FEA9FF00FEA9FFFEFEA908A20408B6
:10E3C000C8A2040868A2040880B584B000AF7860D1
:10E3D0007B685B6AFB60FB681946786801F080F92E
:10E3E000034618461037BD4680BD80B582B000AFE9
:10E3F00078607B6804331946786801F071F9034648
:10E4000018460837BD4680BD80B586B000AF78603D
:10E410007B685B6A7B614FF6FF733B610023FB60A7
:10E42000796907F10C0307F110027868F8F780F9B1
:10E43000002318461837BD4680BD000080B584B063
:10E4400000AF78607B685B6AFB600023FB727B68CF
:10E4500093F8313003F00103002B09D11F4B40F238
:10E4600005121F491F4825F087FF6FF00F0330E0AA
:10E470001D4B1D4A1C497868F8F75AF9FB68002BB8
:10E480000ED10C210120F7F741FEF860FB68002B4C
:10E4900002D14FF0FF331CE07B68FA685A620EE04D
:10E4A000FB6800221A71FB680022DA80FB680022F8
:10E4B0005A71FB6800221A60FB6800221A72FB681E
:10E4C00019467868FFF724FF786800F00FF897F98D
:10E4D0000B3018461037BD4680BD00BF08A20408A7
:10E4E000E4A2040868A204080803050880B485B003
:10E4F00000AF78607B685B6AFB60FB6801221A7181
:10E50000FB6800225A717B6893F82F301A067B68EB
:10E5100093F82D301B041A437B6893F82C301B02B0
:10E5200013437A6892F82E2013437A68526A002ABD
:10E5300003D07A68526A527A00E00022D1180D4B5B
:10E54000A3FB0123DA0813469B0013445B00CA1A9D
:10E5500092B2FB68DA80FB685B7A0A2B03D9FB680E
:10E560004FF41672DA8000BF1437BD465DF8047BA5
:10E57000704700BFCDCCCCCC80B584B000AF786004
:10E580007B685B6AFB60FB68002B06D0FB681B792D
:10E59000002B02D07868FFF7A9FF00BF1037BD46F7
:10E5A00080BD000080B584B000AF78607B685B6A96
:10E5B000FB60FB68002B10D0FB6800221A717B689F
:10E5C00004331B689BB24FF6A962934205D1054BF9
:10E5D000044A04497868F8F7ABF800231846103766
:10E5E000BD4680BD0803050880B582B000AF524B20
:10E5F0001B687B6096E07B685B6A3B603B68002B36
:10E6000000F08D803B681B7A002B05D03B681B7A9D
:10E61000013BDAB23B681A723B68DB88002B05D0FD
:10E620003B68DB88013B9AB23B68DA803B681B7928
:10E63000012B02D0022B51D071E03B68DB88002B0C
:10E640006AD13B685B79022B0CD93B6802221A71B4
:10E650007868FFF7D9FE3B6801225A713B681422A3
:10E66000DA8059E07868FFF7AFFE3B685B790133E9
:10E67000DAB23B685A713B685B79032B03D13B6884
:10E680001422DA8048E07B6893F82F301A067B6802
:10E6900093F82D301B041A437B6893F82C301B022F
:10E6A00013437A6892F82E2013437A68526A002A3C
:10E6B00003D07A68526A527A00E00022D1181F4BC8
:10E6C000A3FB0123DA0813469B0013445B00CA1A1C
:10E6D00093B20A339AB23B68DA801DE03B68DB886C
:10E6E000002B1BD17868FFF780FE3B681422DA808C
:10E6F0003B685B790133DAB23B685A713B685B79FE
:10E70000012B0BD93B6803221A713B6800225A7116
:10E710003B680022DA8001E000BF00E000BF7B68B8
:10E720001B687B607B68002B7FF465AF00BF00BF78
:10E730000837BD4680BD00BF9C800424CDCCCCCC26
:10E7400080B588B000AF786039607B685B6AFB6138
:10E75000FB69002B49D0FB691B79002B45D07B68F6
:10E7600003F12A0207F10C031068186092889A805E
:10E770003B680E331B68BB613B6818331B687B61C9
:10E78000FB691B79012B1CD1BA69FB691B689A4292
:10E7900013D0BB69002B28D17A69FB691B689A42A8
:10E7A00023D13B6803F1080107F10C030622184648
:10E7B00025F0C6FF0346002B17D07868FFF77AFDD7
:10E7C00013E0BA69FB691B689A420ED13B6803F1FA
:10E7D000080107F10C030622184625F0B1FF034695
:10E7E000002B02D07868FFF779FD00BF2037BD46C7
:10E7F00080BD80B485B000AF786039607B685B6AAB
:10E80000FB60FB68002B07D03B681A68FB681B683D
:10E810009A4201D1012300E00023DBB218461437ED
:10E82000BD465DF8047B704780B582B000AF78606C
:10E8300015497A6813465B001344DB000B441B68E0
:10E84000002B13D010497A6813465B001344DB0099
:10E850000B441B681846F8F779FC0B497A68134695
:10E860005B001344DB000B4400221A6006497A68FF
:10E8700013465B001344DB000B44143300221A7070
:10E8800000BF0837BD4680BD0881042480B582B032
:10E8900000AF00237B6096E04F497A6813465B0027
:10E8A0001344DB000B4414331B78FB70FB78002B04
:10E8B00000F0868048497A6813465B001344DB0009
:10E8C0000B4412331B88013398B243497A681346CC
:10E8D0005B001344DB000B44123302461A803E49AE
:10E8E0007A6813465B001344DB000B4412331B8829
:10E8F000B3F5967F15D238497A6813465B00134406
:10E90000DB000B4414331B78012B0ED132497A689B
:10E9100013465B001344DB000B4412331B88042BAB
:10E9200003D97868FFF780FF4AE02B497A681346DD
:10E930005B001344DB000B4414331B78032B0AD118
:10E9400025497A6813465B001344DB000B441433FB
:10E9500004221A7034E020497A6813465B0013449D
:10E96000DB000B4414331B78042B0AD11A497A6854
:10E9700013465B001344DB000B44143302221A706D
:10E980001EE015497A6813465B001344DB000B4414
:10E9900014331B78012B13D10F497A6813465B009F
:10E9A0001344DB000B44083318687A6813465B0095
:10E9B0001344DB00084A13440433194600F090FE68
:10E9C0007B6801337B607B68092B7FF765AF00BFF5
:10E9D00000BF0837BD4680BD0881042480B58AB0D9
:10E9E00000AFF8600B467A60FB720A23FB840A23AF
:10E9F000BB840A237B8400233B840A23FB830023FC
:10EA0000BB8300237B8300233B8300233B84AEE056
:10EA1000B7F92020A64913465B001344DB000B44E2
:10EA200014331B78FB75B7F922300A2B05D1FB7D17
:10EA3000002B02D13B8C7B8495E0FB7D002B00F00A
:10EA40009280FB7D012B09D0FB7D012B06D8994BD1
:10EA500040F223129849994825F08EFCFB68002B60
:10EA600020D0FB681968B7F92020914813465B0055
:10EA70001344DB00034404331B68994212D17B68C2
:10EA8000002B0CD0B7F92020894913465B001344B2
:10EA9000DB000B4408331B687A689A4202D1B7F94D
:10EAA000203000E1FB7D012B40D1B7F920208049C7
:10EAB00013465B001344DB000B441B68002B1AD089
:10EAC000B7F920207A4913465B001344DB000B445E
:10EAD00012331B88BA8B9A4245D83B8CFB83B7F91B
:10EAE0002020734913465B001344DB000B441233B0
:10EAF0001B88BB8337E0B7F920206D4913465B00C4
:10EB00001344DB000B4412331B887A8B9A422AD8B9
:10EB10003B8CFB84B7F92020654913465B00134406
:10EB2000DB000B4412331B887B831CE0FB7D012B35
:10EB300019D9B7F920205E4913465B001344DB0066
:10EB40000B4412331B883A8B9A420CD83B8CBB8403
:10EB5000B7F92020564913465B001344DB000B44F1
:10EB600012331B883B833B8C01339BB23B84B7F948
:10EB70002030092B7FF74CAFFB7A03F00203002B08
:10EB800008D1B7F922300A2B07D1FB7A03F0010331
:10EB9000002B02D14FF0FF3385E0B7F92230092B6B
:10EBA00002DC7B8C3B8439E0B7F92430092B14DC80
:10EBB000BB8C3B84B7F920203D4913465B001344CE
:10EBC000DB000B441B68002B18D03A4B40F26D124F
:10EBD0003B493A4825F0D0FB10E0B7F92630092B25
:10EBE00002DCFB8C3B8409E0B7F91E30092B02DC08
:10EBF000FB8B3B8402E04FF0FF3354E0B7F9203049
:10EC0000092B06DD2B4B40F27F122E492B4825F0B5
:10EC1000B3FBB7F920301846FFF706FEB7F92030EE
:10EC2000092B06DD234B40F283122649234825F0A9
:10EC3000A3FBB7F920201E4913465B001344DB00F9
:10EC40000B4414331B78002B06D01A4B4FF4C272BE
:10EC50001D491A4825F090FBFB68002B0BD0B7F933
:10EC60002020FB681968124813465B001344DB0040
:10EC7000034404331960B7F920200D4913465B00A3
:10EC80001344DB000B44123300221A80B7F9202012
:10EC9000074913465B001344DB000B4408337A68D2
:10ECA0001A60B7F9203018462837BD4680BD00BF2E
:10ECB0000881042408A3040858A3040898A304089E
:10ECC000C0A30408D8A30408ECA3040880B588B046
:10ECD00002AFF860B9607A60FB70FB6893F830307F
:10ECE000062B06D0484B40F2A9124849484825F067
:10ECF00043FBBB68002B12D0BB681B68002B0ED0F7
:10ED0000BB681B68F968184601F052F90346002BEE
:10ED100005D1BB681B6803F0F003E02B02D16FF054
:10ED20000F036CE0FB78FA681946B868FFF756FEE7
:10ED30000346FB82B7F91630002B02DAFB8A5BB27E
:10ED40005DE0B7F91620334913465B001344DB003E
:10ED50000B44143302221A70B7F916202D491346BA
:10ED60005B001344DB000B440833FA681A60B7F900
:10ED7000162013465B001344DB000833254A134476
:10ED8000043306227968184626F0ADFCB7F9162040
:10ED9000204913465B001344DB000B44123300226E
:10EDA0001A80B7F916201B4913465B001344DB0099
:10EDB0000B441B68002B21D0B7F9162015491346C8
:10EDC0005B001344DB000B441B683B61B7F9162062
:10EDD000104913465B001344DB000B4400221A6009
:10EDE000FB6803F12A024FF4006300937B683969E2
:10EDF000F868F6F735FE3869F8F7A8F900231846E1
:10EE00001837BD4680BD00BF08A3040818A4040835
:10EE100098A304080881042480B584B000AF78600A
:10EE20000023FB601EE01349FA6813465B0013449D
:10EE3000DB000B4414331B78FB72FB7A002B0ED0E3
:10EE40000C49FA6813465B001344DB000B4408339B
:10EE50001B687A689A4202D1F868FFF7E5FCFB6804
:10EE60000133FB60FB68092BDDDD00BF00BF1037FD
:10EE7000BD4680BD08810424B0B58AB004AF786077
:10EE800039603B68002B07D13F4B40F28A223F4953
:10EE90003F4825F071FA73E07B685B683B613B6932
:10EEA0001B889BB2B3F5807F0CD13B691B79062B85
:10EEB00008D13B695B79042B04D13B695B889BB229
:10EEC000082B03D07868F8F741F959E039693868B8
:10EED000FFF736FC3B690E331B68FB603B69183358
:10EEE0001B68BB603B6804331B68002B02D1002306
:10EEF000FB7509E0BA683B6804331B689A420CBF93
:10EF000001230023DBB2FB753B6903F10802FB7DA3
:10EF1000002B01D0012300E0022307F10C01386827
:10EF2000FFF7D4FE3B69DB889BB2B3F5807F03D04B
:10EF3000B3F5007F1ED020E0FB7D002B1CD03B688A
:10EF400003F12A003B6903F108043B6803F12A0539
:10EF50003B6804333A6908320221039107F10C013E
:10EF60000291019200932B4622460146386800F038
:10EF7000F5FA01E000BF00E000BF7868F8F7E6F8B6
:10EF80001837BD46B0BD00BF08A3040870A404082C
:10EF900098A3040880B586B002AFF860B960134644
:10EFA000FB71FA79444913465B001344DB000B44C0
:10EFB00014331B78012B06D8404B40F2EE22404917
:10EFC000404825F0D9F9FA793B4913465B001344D0
:10EFD000DB000B4414331B78022B53D1FA793649EA
:10EFE00013465B001344DB000B4412331B88B3F55C
:10EFF0008E7F19D9FA7913465B001344DB002E4A41
:10F00000134404331946F86800F06AFB0346002BEA
:10F0100038D1FA79284913465B001344DB000B44CE
:10F02000143303221A702DE0FA79234913465B004A
:10F030001344DB000B4412331B88B3F5877F21D3C5
:10F04000FA7913465B001344DB001B4A1344191D75
:10F05000FA7913465B001344DB000833164A134465
:10F0600004331A46F86800F019FB0346002B09D157
:10F07000FA79114913465B001344DB000B44143347
:10F0800003221A70FB6803F12A01FA7913465B0028
:10F090001344DB000833084A134404334FF400627E
:10F0A00000920A46B968F868F6F7DAFC0346184693
:10F0B0001037BD4680BD00BF0881042408A30408A2
:10F0C00090A4040898A3040880B58CB002AFF8603F
:10F0D000B9607A607B683B62FB68002B06D1784B95
:10F0E00040F21E327749784825F046F9BB68002B7C
:10F0F00006D1734B40F21F327449734825F03CF936
:10F100007B68002B06D16E4B4FF4487270496E48F5
:10F1100025F032F97B681B68F968184600F048FF53
:10F120000346002B02D06B4B7B62B9E07B681B6807
:10F1300003F0F003E02B18D101233B7400237B7410
:10F140005E23BB747B6801331B7803F07F03DBB263
:10F15000FB747B6802331B783B757B6803331B7839
:10F160007B7507F110037B629AE07B681A68FB6885
:10F1700004331B685A40FB6808331B681340002B9C
:10F180001CD07B681B689BB24FF6A962934215D0D6
:10F19000BB685B68BB61BB69DB689BB24FF6A96269
:10F1A00093420BD0FB680C331B68002B03D0FB6829
:10F1B0000C333B6202E06FF003037DE0464B1B78AB
:10F1C0001946464A0B465B000B44DB0013441433DC
:10F1D0001B78012B25D9404B1B7819463F4A0B461B
:10F1E0005B000B44DB00134408331B68FA689A4247
:10F1F00017D13B6A1A68384B1B78184637490346C3
:10F200005B000344DB000B4404331B689A4208D1C3
:10F21000314B1B781A46B968F868FFF7BBFE034606
:10F220004AE00023FB7731E0FA7F2C4913465B006C
:10F230001344DB000B4414331B78012B23D9FA7FD2
:10F24000264913465B001344DB000B4408331B685C
:10F25000FA689A4217D13B6A1968FA7F1F48134629
:10F260005B001344DB00034404331B6899420AD15A
:10F27000194AFB7F1370FB7F1A46B968F868FFF7DD
:10F2800089FE034618E0FB7F0133FB77FB7F092BE8
:10F29000CAD9BA68396AF86800F022F803460BE068
:10F2A000FB6803F12A024FF4006300937B6AB9689C
:10F2B000F868F6F7D5FB034618462837BD4680BDEB
:10F2C00008A3040870A4040898A30408C0A40408B0
:10F2D00060A4040848020508F88104240881042475
:10F2E00080B58CB002AFF860B9607A60FB682A33F1
:10F2F0007B61FF2387F8273000233B62BB681B68D4
:10F30000F968184600F054FE0346002B0CD1BB6888
:10F310001B6803F0F003E02B06D0BB68002B03D082
:10F32000BB681B68002B02D16FF00F0301E1FA6884
:10F330000121B868FFF752FB03467B82B7F9123010
:10F34000002B02DA7B8A5BB2F3E07B8A7E2B06D944
:10F350007A4B40F2C1327A497A4825F00DF87B8A1F
:10F360007B747A7C784913465B001344DB000B44C2
:10F3700014331B78002B15D101233B627A7C724930
:10F3800013465B001344DB000B44143301221A7054
:10F390007A7C6D4913465B001344DB000B44083351
:10F3A000FA681A607A7C684913465B001344DB00F4
:10F3B0000B4414331B78012B11D07A7C624913461D
:10F3C0005B001344DB000B4414331B78012B06D87D
:10F3D0005A4B40F2CD325D495A4824F0CDFF3B6A8A
:10F3E000002B02D17B68002B0CD1B968F86800F0C3
:10F3F00077F9034687F827307B68002B02D197F90D
:10F40000273096E07B68002B06D14C4B40F2E1326E
:10F410004F494C4824F0B0FF7A7C4B4913465B00BF
:10F420001344DB000B4414331B78012B17D9494AD2
:10F430007B7C13707A7C13465B001344DB0008333B
:10F44000414A134404334FF4006200927A697968A8
:10F45000F868F6F705FB034687F8273067E07A7C03
:10F46000394913465B001344DB000B4414331B780B
:10F47000012B5CD10023BB617B68FB611CE0FB6955
:10F480005A89FB691B899A420AD1FB691B68002BC8
:10F4900006D02A4B40F2F1322F492A4824F06CFF63
:10F4A000FB691B7B03F04003002B02D00123BB61EF
:10F4B00005E0FB691B68FB61FB69002BDFD1BB69C1
:10F4C000002B07D07A684FF420710E20F8F7E0F88F
:10F4D000F86104E07B68FB61F869F7F7DDFEFB6922
:10F4E000002B21D07A7C184913465B001344DB00C3
:10F4F0000B441B68002B0AD07A7C134913465B002F
:10F500001344DB000B441B681846F7F71FFE7A7C98
:10F510000D4913465B001344DB000B44FA691A6083
:10F52000002387F8273002E0FF2387F8273097F978
:10F53000273018462837BD4680BD00BF08A3040801
:10F54000CCA4040898A3040808810424DCA40408BB
:10F55000C0A40408F881042404A5040880B58AB076
:10F5600002AFF860B9607A603B600023FB77FB680C
:10F57000002B06D1434B40F257424349434824F005
:10F58000FBFE4FF420721C210E20F7F7FBFAB86146
:10F59000BB69002B02D14FF0FF336EE0BB695B8982
:10F5A0001B2B06D8374B40F262423949374824F0CA
:10F5B000E3FEBB695B687B61BB8E1846F6F73AFCDD
:10F5C00003461A467B69DA80FB6893F83030062BD5
:10F5D00006D02C4B40F269422E492C4824F0CCFE38
:10F5E0007B69083306223968184626F07CF87B6967
:10F5F00012330622F96A184626F075F87B690E3335
:10F60000BA6A12681A607B6918333A6B12681A601A
:10F610007B6900221A70002242F001025A707B6955
:10F62000002242F008029A700022DA707B690622FA
:10F630001A717B6904225A71BB6A1B689BB24FF630
:10F64000A962934209D140F606030093124BBA68AF
:10F65000B969F868F6F704FA08E040F60603009383
:10F660007B68BA68B969F868F6F7FAF9B869F7F724
:10F670006DFD0023BB6197F91F3018462037BD464A
:10F6800080BD00BF08A3040870A4040898A3040860
:10F6900020A5040854A504084802050880B588B0D0
:10F6A00004AFF860B9607A60FB6803F12A01FB6877
:10F6B00003F12A00FB68043301220392BA68029224
:10F6C000064A0192009303467A68F868FFF746FFFE
:10F6D000034618461037BD4680BD00BF50020508DE
:10F6E00080B582B000AF78603960054A39687868C3
:10F6F000FFF7D4FF034618460837BD4680BD00BF5C
:10F700004802050880B58EB004AF78603960874B39
:10F710009B687B627B6A1B7803F00F03DBB29B0064
:10F72000DBB27B847B8C132B40F2E8807B685B89A7
:10F73000032B40F2E5807B685B681B7887F82130FB
:10F7400097F82130002B00F0D280082B40F0D280B7
:10F75000774BFB61754B5B6903F0F003E02B00F026
:10F76000D680724B5B69714A12681146184600F0E8
:10F770001FFC0346002B40F0CC807B681B89072BC5
:10F7800040F2C0807868F6F7F3FB0346002B03D005
:10F790007868F7F7DBFCC5E07B8C0E331946786898
:10F7A000F7F73EFC0346002B4BD07B681A897B8C15
:10F7B00013447B837B681B897A8B9A42C0F0AB80B1
:10F7C0007B8B4FF4207219460E20F7F7DBF9786136
:10F7D0007B69002B00F0A1807B695B891A467B8CDA
:10F7E00008339A4203D27869F7F7B0FC96E07B6958
:10F7F0005B687A8C796A184625F075FF7B8C194610
:10F800007869F7F71DFC0346002B09D0494BB62257
:10F8100049494A4824F0B0FD7869F7F797FC7DE044
:10F8200079687869F7F7C6FD0346002B03D078693D
:10F83000F7F78CFC72E07868F7F788FC7B697B60EF
:10F840000FE07B8C0E3319467868F7F7F9FB034617
:10F85000002B06D0374BC7223949384824F08CFD9D
:10F860005CE07B685B683B617B8C19467868F7F7E6
:10F87000D7FB0346002B3CD17B685B68FB60FB69D0
:10F880001A68FB68DA60294B1A69FB681A613B69E0
:10F8900000221A703B695B889BB24FF6F772934265
:10F8A00007D93B695B889BB209339AB23B695A809E
:10F8B00006E03B695B889BB208339AB23B695A8089
:10F8C000FB68FF221A72FB6800229A720022DA7229
:10F8D0003B6802930123019300230093FF2300223E
:10F8E000F969786800F08CFA0346FB7201E000BF0A
:10F8F00000E000BF7868F7F729FC13E000BF02E0E2
:10F9000000BF00E000BF7868F7F720FC0AE000BF06
:10F9100004E000BF02E000BF00E000BF7868F7F736
:10F9200015FC00BF2837BD4680BD00BF848004247D
:10F930009880042498A50408E8A5040820A60408D3
:10F9400048A6040880B582B000AF78600B46FB7013
:10F95000FB781A460321786800F014F800BF0837D6
:10F96000BD4680BD80B582B000AF78600B46FB70AD
:10F97000FB781A460B21786800F004F800BF0837BE
:10F98000BD4680BD80B58CB004AF78600B46FB707F
:10F990001346BB704FF4207224212220F7F7F2F8AF
:10F9A000F861FB69002B56D0FB695B89232B06D8D5
:10F9B0002B4B4FF4B4722B492B4824F0DDFC7B68B1
:10F9C0005B68BB61FB695B687B617B69FA781A7075
:10F9D0007B69BA785A707B6900221A7100225A71C9
:10F9E0007B6900229A710022DA71FB695B6803F17E
:10F9F00008007B685B681C22194625F074FEBB6911
:10FA0000DB68FB6007F10C03184600F02FF8386143
:10FA10003B69002B1BD07B6900229A700022DA70B0
:10FA2000FB695B8919467869F6F790FA03461A462E
:10FA30007B695A8007F10C023B6902930123019311
:10FA400000230093FF230021F86900F0D9F9F86939
:10FA5000F7F77CFB00E000BF2037BD4680BD00BF4C
:10FA600098A504087CA6040820A6040880B485B0E4
:10FA700000AF7860334B1B68FB6036E0FB6893F89F
:10FA8000313003F00103DBB2002B2BD0FB6893F87D
:10FA900031309B0803F00103DBB2002B22D0FB685E
:10FAA00004331B68002B1DD07B681A68FB68043385
:10FAB0001B685A40FB6808331B681340002B01D1B8
:10FAC000FB6838E0FB6893F8313003F00203002B49
:10FAD00008D17B681A68FB680C331B689A4201D115
:10FAE000FB6828E0FB681B68FB60FB68002BC5D146
:10FAF000154B1B68002B1AD0134B1B6893F8313041
:10FB000003F00103002B12D00F4B1B6893F8313028
:10FB100003F00403002B0AD00B4B1B6804331B6853
:10FB2000002B04D07B681B68DBB27F2B01D1002344
:10FB300001E0054B1B6818461437BD465DF8047B91
:10FB4000704700BF9C800424A080042480B582B04C
:10FB500000AF78607B6893F8313003F00103DBB2CB
:10FB6000002B1FD07B6804331B68002B1AD0104B6E
:10FB70005A697B6804331B689A4208D00C4B5B6956
:10FB80007968184600F014FA0346002B01D00123CF
:10FB900009E008497868FEF72CFE0346002B01D0E7
:10FBA000012300E0002318460837BD4680BD00BF92
:10FBB000848004249880042480B586B000AF7860E7
:10FBC00039607B685B687B617B691B781B09DBB2F2
:10FBD000042B04D07868F7F7B9FA002307E17B69B2
:10FBE0001B7803F00F03DBB29B00DBB2FB817B6968
:10FBF0005B889BB21846F6F71DF90346BB817B680C
:10FC00001B89BA899A4204D2BB8919467868F7F7EA
:10FC100019F97B685B89FA899A4207D87B681B8946
:10FC2000BA899A4202D8FB89132B04D87868F7F76F
:10FC30008DFA0023DBE07B691B696F4A53617B69A6
:10FC4000DB686D4A13616C4B5B6903F0F003E02BDA
:10FC500012D13B6893F8313003F00103DBB2002B83
:10FC600007D03B6804331B68002B02D03B683B6124
:10FC70002AE000233B6127E03868FFF767FF03466F
:10FC8000002B02D03B683B611EE000233B615A4BD6
:10FC90005B69DBB27F2B17D0584B1B683B610EE0D2
:10FCA0003A693B689A4206D03869FFF74FFF03462E
:10FCB000002B08D100E000BF3B691B683B613B693A
:10FCC000002BEDD100E000BF4B4B1B693968184693
:10FCD00000F06EF90346002B05D1474B1B6903F07A
:10FCE000F003E02B04D17868F7F730FA00237EE0C8
:10FCF0003B69002B04D17868F7F728FA002376E0F7
:10FD00007B69DB889BB21A464FF63F731340002B8A
:10FD10000BD0786800F04CFE78607B68002B01D136
:10FD2000002364E07B685B687B61334A3B69136056
:10FD3000314A3B685360304A7B6993607B691B782A
:10FD400003F00F03DBB29B00DBB21A462A4B9A8109
:10FD5000FB8919467868F7F773F97B695B7A112B91
:10FD600006D0112B13DC012B0CD0062B05D00EE096
:10FD700039687868FDF796FE26E039687868F9F703
:10FD80001BFA21E039687868FFF7BCFC1CE01A4BCD
:10FD90005B693969184600F00BF90346002B0FD157
:10FDA000154B5B6903F0F003E02B09D0B7F90E3077
:10FDB00019467868F7F7B7F902217868FFF7C2FDAE
:10FDC0007868F7F7C3F900BF0B4B00221A600A4BA3
:10FDD00000225A60084B00229A60074B00229A8149
:10FDE000054B00221A61044B00225A610023184679
:10FDF0001837BD4680BD00BF848004249C80042445
:10FE000080B58AB004AFF860B9607A60FB70BB68F7
:10FE10007B617B68002B09D0BB68002B03D0BB68DB
:10FE20001B68002B02D1BB6A04337B61FA78BB6A82
:10FE3000029397F82430019397F8203000931346EB
:10FE40007A687969F86800F005F8034618461837AB
:10FE5000BD4680BD80B588B000AFF860B9607A60FB
:10FE6000FB70FB689B7B012B06D04B4B4FF455720C
:10FE70004A494B4824F080FA7B68002B60D0142359
:10FE80007B831421F868F7F7CBF80346002B02D0E8
:10FE90006FF001037CE0FB685B68FB61FB685B89DA
:10FEA000132B06D83C4B4FF462723E493C4824F079
:10FEB00063FAFB69FA781A72FB6997F82C205A7278
:10FEC0007B681A68FB691A617B8B9B089BB2DBB26B
:10FED00043F04003DAB2FB691A70FB6997F82820F7
:10FEE0005A70FB681B891846F5F7A4FF03461A46AB
:10FEF000FB695A80FB6900229A710022DA712A4B51
:10FF00001B881846F5F796FF03461A46FB699A8048
:10FF1000254B1B8801339AB2234B1A80BB68002BF8
:10FF200004D1224B1A68FB69DA6003E0BB681A68E7
:10FF3000FB69DA60FB6900229A720022DA720FE034
:10FF4000FB685B89132B02D86FF0010320E0FB688C
:10FF50005B68FB61FB691B697B6107F114037B60D4
:10FF60003B6B1B8D002B0CD0FB681A893B6B1B8DE8
:10FF70009A4206D97A68396BF86800F00DFF03469B
:10FF800006E03B6B5B697A68F968386B9847034613
:10FF900018462037BD4680BDA8A60408F8A6040868
:10FFA00004A704082CA70408FA8104240803050800
:10FFB00080B485B000AF786039607B68FB607B6897
:10FFC000B3F1FF3F02D07B68002B01D101232AE06F
:10FFD0003B6893F8313003F00203002B01D100237A
:10FFE00021E03B6804331B687A689A4201D1002300
:10FFF00019E0FA683B6804331B685A403B680833D1
:020000040802F0
:100000001B681340002B0DD13B6808331B68DA4393
:100010007B681A403B6808331B68DB439A4201D176
:10002000012300E0002318461437BD465DF8047B29
:100030007047000080B58AB000AF7860396007F182
:100040000C03FB617B681B7887F8223097F822301D
:100050000133894A13441B7803F00403002B01D1B8
:10006000002305E100237B620A2387F8233097F8F9
:100070002230302B1CD17B6801337B607B681B787E
:1000800087F8223097F82230782B03D097F8223067
:10009000582B0AD1102387F823307B6801337B600B
:1000A0007B681B7887F8223002E0082387F823302A
:1000B00097F822300133704A13441B7803F004038D
:1000C000002B11D097F823307A6A03FB02F297F8DD
:1000D00022301344303B7B627B6801337B607B685A
:1000E0001B7887F82230E3E797F82330102B27D1CD
:1000F00097F822300133604A13441B7803F044031D
:10010000002B1DD07B6A1B0197F8222002F10A0107
:1001100097F82220013258480244127802F0030274
:10012000022A01D1612200E041228A1A13437B6234
:100130007B6801337B607B681B7887F82230B7E7E8
:1001400097F822302E2B14D107F10C030C33FA69E7
:100150009A4201D300238BE0FB691A1DFA617A6A87
:100160001A607B6801337B607B681B7887F82230DC
:100170006CE700BF97F82230002B0BD097F82230A5
:1001800001333D4A13441B7803F00803002B01D1CF
:1001900000236DE007F10C03FA69D31A9B100133B9
:1001A000042B53D801A252F823F000BFC10102086A
:1001B0005B020208C5010208E701020815020208F5
:1001C000002355E07B6AB3F1807F01D300234FE029
:1001D000FB68FF2B01D900234AE0FB681B067A6A03
:1001E00013437B623AE07B6AB3F5803F01D300237F
:1001F0003EE0FB68FF2B02D83B69FF2B01D90023AF
:1002000036E0FB681A063B691B0413437A6A134302
:100210007B6223E07B6AFF2B01D9002328E0FB6887
:10022000FF2B05D83B69FF2B02D87B69FF2B01D937
:1002300000231DE0FB681A063B691B041A437B6917
:100240001B0213437A6A13437B6207E00B4BF922CC
:100250000B490C4824F090F800E000BF3B68002BED
:1002600005D0786AF5F7FCFD02463B681A60012369
:1002700018462837BD4680BDC96905085CA7040833
:10028000B0A70408BCA7040880B582B000AF7860AE
:1002900010220449786800F007F80346184608372A
:1002A000BD4680BDFC81042480B48DB000AFF860F1
:1002B000B9607A6000233B62FB681B68BB61BB6866
:1002C000FB6207F11803BB62002387F8273058E070
:1002D000002387F82630BB6A1A78324BA3FB02133F
:1002E000D9080B469B000B445B00D31AFB77BB6A13
:1002F0001B782C4AA2FB0323DB08DAB2BB6A1A7014
:1003000097F826305A1C87F826201946FB7F303391
:10031000DAB201F130033B4403F81C2CBB6A1B78B2
:10032000002BD8D111E03B6A5A1C3A627A689A4293
:1003300001DC002330E097F82620FB6A591CF962A3
:1003400030323A4412F81C2C1A7097F826305A1E94
:1003500087F82620002BE6D13B6A5A1C3A627A685D
:100360009A4201DC002317E0FB6A5A1CFA622E2233
:100370001A70BB6A0133BB6297F82730013387F8E4
:10038000273097F82730032BA2D9FB6A013BFB6289
:10039000FB6A00221A70BB6818463437BD465DF808
:1003A000047B7047CDCCCCCC80B584B000AF0023AB
:1003B000BB60124B1B68FB6018E0FB68DB7F002B07
:1003C0000BD0FB68DB7F013BDAB2FB68DA77FB68B6
:1003D000BB60FB681B68FB6008E0FB687B60FB6838
:1003E0001B68FB60B968786800F00AF8FB68002BAE
:1003F000E3D100BF00BF1037BD4680BD0C8204248E
:1004000080B588B000AF786039600023FB833A681C
:100410007B689A4205D1454BAB224549454823F0BC
:10042000ABFF3B68002B0AD03B681B687A689A4296
:1004300005D03E4BAD2240493E4823F09DFF7B68EE
:100440005B685B687B617B699B889BB2002B2AD1D0
:100450007B685B68BB617B691A687B685A60BB69B3
:1004600058687B6808331422194625F03CF90121AD
:10047000B869FFF777FAB869F6F7F6FE03467B82AC
:10048000FA8B7B8A1344B3F5803F05DB274BBC22F4
:100490002A49284823F070FFFA8B7B8A1344FB8398
:1004A000B869F6F753FE7B685B68BB611FE0BB6908
:1004B0005B687B61BB69FB607B691B68BB61F8683B
:1004C000F6F7D2FE03467B82FA8B7B8A1344B3F5A0
:1004D000803F05DB154BCC221849164823F04CFF12
:1004E000FA8B7B8A1344FB83F868F6F72FFEBB690F
:1004F000002BDCD13968786800F0C2F8104B1B88FB
:10050000FA8B9A4205D9094BD2220E49094823F0A9
:1005100033FF0B4B1A88FB8BD31A9AB2084B1A8005
:10052000FB8B18462037BD4680BD00BFE4A70408FA
:1005300038A8040844A804086CA8040880A8040883
:1005400010820424A0A8040880B58AB000AF7860A7
:10055000396000237B6100233B620023FB610023A1
:10056000BB6100233B61284B1B687B6230E07B6AE8
:100570005A697B68DB689A420CD17B6A9A697B680E
:100580001B699A4206D17B6A9A897B689B889BB2D9
:100590009A4214D03B6901333B613B6A002B04D182
:1005A0007B6A3B62FB69BB6109E07B6ADA7F3B6A7D
:1005B000DB7F9A4203D87B6A3B62FB69BB617B6A43
:1005C0001B68002B01D07B6AFB617B6A1B687B6226
:1005D0007B6A002BCBD13B6A002B08D0B969386A03
:1005E000FFF70EFFF8607A69FB6813447B617A6954
:1005F0003B689A4202DA3B69012BACDC7B69184606
:100600002837BD4680BD00BF0C82042480B584B06D
:1006100000AF786039600420F5F7FEFDF860FB68F4
:10062000002B10D139687868FFF78EFF02463B68CF
:10063000934203DC0420F5F7EFFDF860FB68002B24
:1006400001D1002316E020220021F86824F0A1F84F
:10065000FB680F22DA77094B1A68FB681A60074AB1
:10066000FB681360FB68083314227968184625F08C
:100670003AF8FB6818461037BD4680BD0C8204244A
:1006800080B582B000AF78603960104B1B687A6823
:100690009A4204D17B681B680C4A13600DE03B68EA
:1006A000002B06D10A4B40F245120A490A4823F0B2
:1006B00063FE7B681A683B681A6079680420F5F766
:1006C0001BFE00BF0837BD4680BD00BF0C8204245E
:1006D000E4A70408C4A8040844A8040880B58CB0A2
:1006E00000AFF860B9607A600023BB6201233B620F
:1006F000BB685B68FB61FB695B889BB21846F5F7DA
:1007000099FB03467B83FB691B7803F00F03DBB285
:100710009B007B767B7E9BB27A8B9A4202D24FF013
:10072000FF3335E17B7E9BB27A8BD31A7B83FB69E7
:10073000DB889BB21846F5F77DFB0346C3F30C0339
:100740009BB2DB00FB82BB685B68FB62FB6A00223A
:100750001A7000225A7000229A700022DA70FB6A26
:10076000FA8A9A80FA8A7B8B13449AB2FB6ADA80FF
:10077000FB6ADB889BB2FA8A9A4202D94FF0FF33B8
:1007800006E1FB685B687B6268E07B6A5B683B61F3
:10079000FB6A9B889AB23B699B889BB29A4235D28E
:1007A000FB6A7A6A1A60BB6A002B20D0FB6A9B88BE
:1007B0009AB2BB6ADB889BB29A4207D3FB6ADB889A
:1007C0009AB23B699B889BB29A4202D94FF0FF33A1
:1007D000DEE0BB6ABA681A60BB6ADB889AB2FB6A61
:1007E0009B889BB29A423DD000233B623AE0FB6A71
:1007F000DB889AB23B699B889BB29A4202D94FF040
:10080000FF33C5E0FB68BA685A602BE0FB6A9B883F
:100810009AB23B699B889BB29A4202D14FF0FF3358
:10082000B6E0FB6A9B889AB23B69DB889BB29A422E
:1008300002D24FF0FF33ABE0BB6A002B09D0BB6A9A
:10084000DB889AB23B699B889BB29A4201D0002315
:100850003B623B691B687B623B69BB627B6A002B26
:1008600093D100E000BF7B6A002B2DD1BB6A002B27
:100870001CD0BB6ADB889AB2FB6A9B889BB29A4207
:1008800006D9454B4FF4DB724449454823F074FDCB
:10089000BB6ABA681A60BB6ADB889AB2FB6A9B883B
:1008A0009BB29A4210D000233B620DE0FB685B686C
:1008B000002B06D0384B4FF4DF723A49384823F00A
:1008C0005BFDFB68BA685A607B68002B05D1FB684A
:1008D0009B7F03F00103002B59D03B6A002B4FD0C4
:1008E000FB685B68002B06D0FB685B685B689B88D5
:1008F0009BB2002B02D000233B6241E0FB6ABB624B
:10090000FB6A1B687B6212E07B6A5B68FB62BB6A06
:10091000DB889AB2FB6A9B889BB29A4202D0002382
:100920003B6207E0FB6ABB62FB6A1B687B627B6A17
:10093000002BE9D13B6A002B22D0FB685B68002BBF
:1009400006D1154B40F2DF121749154823F014FD6C
:10095000FB685B685B68FA6A9A4206D10E4B4FF4FB
:10096000F07211490E4823F007FDFB6A1B68002B4B
:1009700006D0094B4FF4F1720C49094823F0FCFCF6
:100980003B6A002B14BF01230023DBB200E00023ED
:1009900018463037BD4680BDE4A70408E0A8040827
:1009A00044A8040800A9040838A9040848A90408B0
:1009B00080B58EB000AF78607B685B68BB62BB6A55
:1009C0001B7803F00F03DBB29B00DBB2142B40F06B
:1009D0007181BB6ADB889BB21846F5F72BFA034698
:1009E000C3F30C039BB2DB00FB84BB6A5B889BB246
:1009F0001846F5F71FFA0346BB84BB6A1B7803F061
:100A00000F03DBB29B0087F8233097F823309BB2AB
:100A1000BA8C9A42C0F0508197F823309BB2BA8CBE
:100A2000D31ABB847868F6F71FFC03463B848C4BD3
:100A30001B881A463B8C13440A2B10DD3B8C19464D
:100A4000B86AFFF781FD0346002B00F03781844B25
:100A50001B881A463B8C13440A2B00F32F81814BD1
:100A60001B683B6315E03B6B5A69BB6ADB689A42C3
:100A70000CD13B6B9A69BB6A1B699A4206D13B6BEE
:100A80009A89BB6A9B889BB29A4206D03B6B1B68D3
:100A90003B633B6B002BE6D100E000BF3B6B002BC0
:100AA00009D13B8C1946B86AFFF7B0FD38633B6B40
:100AB000002B1CD105E1BB6ADB889BB21846F5F719
:100AC000B9F90346C3F30C03002B10D13B6BDB8950
:100AD0001846F5F7AFF90346C3F30C03002B06D015
:100AE0003B6B08331422B96A184624F0FCFDBB6A3C
:100AF000DB889BB203F02003002B0CBF01230023F3
:100B0000DBB2FB61FB69002B0ED0FA8CBB8C13446B
:100B10007B837A8BFB8C9A42C0F0A0807B8B4FF654
:100B2000EB72934200F29A80FA697968386BFFF7AA
:100B3000D5FD78617B69B3F1FF3F00F09B80484BA6
:100B40001A883B8C13449AB2454B1A80FB69002BE0
:100B50000DD0FA8CBB8C13447B823B6B7A8A9A83D0
:100B60003B6B9B7F43F00103DAB23B6B9A777B6967
:100B7000012B71D13B6B9B8B14333B823B6B5B68CE
:100B80005B681B687B633B6B5B685B68BB623B6B52
:100B9000083314221946B86A24F0A5FD3B8A18468A
:100BA000F5F748F903461A46BB6A5A80BB6A002229
:100BB0009A710022DA71BB6A00229A720022DA72FC
:100BC0003B6B5B687B600DE07B6B5B68FB601421BB
:100BD000786BF6F735FA796B7868F6F785FBFB6882
:100BE0001B687B637B6B002BEED11E4B1B683A6B43
:100BF0009A4202D10023FB6210E01A4B1B68FB6291
:100C000007E0FB6A1B683A6B9A4206D0FB6A1B68D6
:100C1000FB62FB6A002BF4D100E000BFF96A386B7D
:100C2000FFF72EFD7868F6F71FFB03463B840C4B5D
:100C30001B883A8C9A4206D90B4B40F29B220B49F7
:100C40000B4823F099FB064B1A883B8CD31A9AB2B7
:100C5000034B1A807B6838E0002336E000BF0AE0CF
:100C6000108204240C820424E4A704086CA904085C
:100C700044A8040800BF3B6B002B06D1154B4FF472
:100C80002A721549154823F077FB3B6B5B68002BF4
:100C900016D1134B1B683A6B9A4206D00D4B40F2AB
:100CA000AB2210490D4823F067FB0021386BFFF79A
:100CB000E7FC06E000BF04E000BF02E000BF00E088
:100CC00000BF7868F6F742FA002318463837BD4669
:100CD00080BD00BFE4A7040888A9040844A804084C
:100CE0000C82042494A9040880B500AF0520F5F710
:100CF00093FA0346184680BD80B582B000AF786095
:100D00007B68002B06D1074B4FF431720649074828
:100D100023F032FB79680520F5F7EEFA00BF0837BB
:100D2000BD4680BDE4A70408B4A9040844A804088B
:100D300080B584B000AF78607B68FB60FB68002BF7
:100D400006D1114B40F2CE221049114823F014FB7A
:100D5000FA687B689A4206D00B4B40F2CF220D49CD
:100D60000B4823F009FBFB685B69002B04D0FB6890
:100D70005B691846F6F7EAF9F868FFF7BDFF00BFB0
:100D80001037BD4680BD00BFE4A70408C0A9040811
:100D900044A80408CCA9040880B594B002AFF86058
:100DA000B9607A600023A7F84630BB681B8D143BFE
:100DB000002B00DA0733DB107B871423FB87FB68EB
:100DC0005B687B637B6B3B633B6B1B7803F00F03C0
:100DD000DBB29B00DBB2142B02D06FF0050310E1F5
:100DE000FB685B89132B09D8884B4FF43F72884905
:100DF000884823F0C1FA6FF0050302E13B6BDB8802
:100E00009BB21846F5F716F80346BB87BB8FC3F3B2
:100E10000C03A7F84030BB8F03F40053FB62FB6860
:100E20001B89143BA7F84230E1E07B8FDB009BB2CB
:100E3000B7F84220934228BF13467B854FF42072B7
:100E400014210E20F5F79EFE78627B6A002B00F0DD
:100E5000D5807B6A5B89132B06D86C4B4FF44972A3
:100E60006D496C4823F088FA7B6A5B681422796BC1
:100E7000184624F038FC7B6A5B683B637B8DA7F8DF
:100E8000443064E0FB685A89FB8FD31AFB83FB680C
:100E90005B89FA8F9A4206D95C4B40F22D325F494A
:100EA0005C4823F069FAFA8BB7F84430934228BFC4
:100EB0001346A7F84630B7F84630002B05D100237B
:100EC000FB87FB681B68FB6041E0FFF70DFFB86123
:100ED000BB69002B03D1786AF6F738F98FE0B8695F
:100EE000FB685A68FB8F1344B7F84610B7F84620E2
:100EF00001920093034641220020F5F76FFF7861CD
:100F00007B69002B06D1B869FFF7F6FE786AF6F721
:100F10001DF974E0F868F6F7BFF9BB69FA685A6121
:100F2000BB693F4A1A617969786AF6F7DDF9B7F863
:100F30004420B7F84630D31AA7F84430B7F8443005
:100F4000002B04D00023FB87FB681B68FB60B7F80D
:100F50004430002B96D1FA8FB7F846301344FB8704
:100F6000BB681B8DA3F11302B7F842309A42CCBF85
:100F700001230023DBB23B62B7F84030C3F30C031C
:100F8000BB873B6A002B02D0FB6A002B03D0BB8FD0
:100F900043F40053BB87BB8F1846F4F74BFF03465F
:100FA0001A463B6BDA807B8D14339BB21846F4F7FC
:100FB00041FF03461A463B6B5A803B6B00229A72F4
:100FC0000022DA72BB685B697A68796AB868984708
:100FD000786AF6F7BBF8B7F842207B8DD31AA7F8EA
:100FE0004230B7F840207B8F1344A7F84030B7F861
:100FF0004230002B7FF419AF002302E000BF4FF016
:10100000FF3318464837BD4680BD00BFE4A704083B
:10101000D8A9040844A80408F4A9040814AA0408D8
:10102000310D020880B582B000AF786039603B684E
:10103000002204211846F3F7E1FD02467B681A609E
:101040007B681B68002B02D14FF0FF3300E00023C8
:1010500018460837BD4680BD80B584B000AF7860C3
:1010600039607B681868394600230022F3F73AFE9E
:101070000346002B02D10023FB7301E0FF23FB7327
:1010800097F90F3018461037BD4680BD80B586B041
:1010900000AFF860B9607A60F3F7BEFA78617B68F8
:1010A000002B13D0FB6818687B680022B968F3F73F
:1010B00079FE38613B69002B05D1F3F7ADFA0246A2
:1010C0007B69D31A0FE04FF0FF330CE0FB68186820
:1010D0004FF0FF330022B968F3F764FEF3F79CFA90
:1010E00002467B69D31A18461837BD4680BD80B4C6
:1010F00083B000AF78607B681B68002B01D10023B0
:1011000000E0012318460C37BD465DF8047B7047AC
:1011100080B500AF0020F3F744FB0346014A13609B
:1011200000BF80BD1482042480B582B000AF786017
:101130000020F3F736FB02467B681A607B681B6869
:10114000002B02D14FF0FF3300E000231846083790
:10115000BD4680BD80B582B000AF78607B681B68FB
:101160004FF0FF311846F3F7A2FB00BF0837BD462A
:1011700080BD80B582B000AF78607B681B68184680
:10118000F3F7E0FB00BF0837BD4680BD80B58EB0E9
:1011900000AFF860B9607A603B6007F11403242265
:1011A0000021184623F0F5FAFB687B613B68BB62BF
:1011B0003B6CFB6207F114031A467968B868F3F7D1
:1011C00040FA034618463837BD4680BD80B500AFAB
:1011D000044B1B684FF0FF311846F3F768FB0123FF
:1011E000184680BD1482042480B582B000AF7860B8
:1011F000044B1B681846F3F7A5FB00BF0837BD4634
:1012000080BD00BF148204242DE9B04F94B000AF1C
:10121000F863FB6B1B681846F4F722FE0346FB6479
:10122000FB6B5B681846F4F71BFEB864FB6C534A13
:101230001A44002314461D46C7E91045D7E9104556
:1012400022462B464FF000004FF00001590141EAC1
:10125000D261500102460B46B2EB040863EB05096C
:101260004FF000024FF000034FEA890343EA9873FE
:101270004FEA88029046994618EB04033B6149EB1C
:1012800005037B614FF000024FF00003D7E90445EE
:101290002946CB00214643EA51732146CA00144631
:1012A0001D46BB6C00223B637A63D7E90C8942463A
:1012B0004B464FF000004FF00001590141EAD26166
:1012C000500102460B464146B2EB010A494663EB28
:1012D000010B4FF000024FF000034FEA4B2343EAAB
:1012E000DA534FEA4A2292469B4643461AEB0303DF
:1012F000BB604B464BEB0303FB604FF000024FF02B
:101300000003D7E902AB59468B01514643EA91638A
:1013100051468A015146511A3960594663EB01031F
:101320007B60D7E90001034642469B18BB624B46EF
:101330000A4642EB0303FB624FF000024FF000034A
:10134000F96A0A0000230E4BA3FB02239B0900222B
:101350003B627A62D7E908120B46E318BB61134679
:1013600045EB0303FB61074BD7E90612C3E9001203
:1013700000BF5037BD46BDE8B08F00BF8081557CAF
:10138000D34D6210E8A5042480B582B000AF786028
:1013900030220021786823F0FCF97B6823221A7040
:1013A00000BF0837BD4680BD80B584B000AF78600F
:1013B0000D4B1B6800220D491846FCF7F3F90A4B48
:1013C0001B685B00FB60FB68094A934207D8064B29
:1013D0001B68FA689A4202D9034AFB68136000BF8F
:1013E0001037BD4680BD00BF3C8204243916020878
:1013F000F049020080B584B000AF7860184B1B78CC
:10140000BB730023FB731FE0154B1B780133DAB26B
:10141000134B1A70124B1B78022B02D9104B00226F
:101420001A700F4B1B781A460E4B53F83230002BB4
:1014300007D00D4B43F698221A60002000F0FCF80C
:101440000BE0FB7B0133FB73FB7B012BDCD9044AF4
:10145000BB7B13700020FFF7A7FF1037BD4680BD90
:1014600038820424208204243C82042480B588B07D
:1014700000AFF860B9607A603B60F023FB777B686F
:101480001B89302B2DD100217868F6F733F90346FC
:1014900003F00703BB77354B1B78002B02D1BB7FD2
:1014A000042B06D0314B1B78012B18D1BB7F052BA9
:1014B00015D101217868F6F71DF903467B777B7F0C
:1014C000002B02D10123FB770BE007F11001282349
:1014D00008227868F6F740F80023FB7701E0FD2347
:1014E000FB777868F5F732FE97F91F30002B2ED185
:1014F00007F110031846FFF787FE1D4B1B781D4AA6
:10150000DB0013441B791A4A1278104643F001039A
:10151000D9B2184AC30013440A461A71134B1B78F8
:10152000002B1FD100211448FCF762F90021134859
:10153000FCF75EF9124B43F698221A6043F69823A3
:10154000BB6100220D49B869FCF72CF90AE097F954
:101550001F30012B06D1054B1B78002B02D1002038
:10156000FFF748FF00BF2037BD4680BD1882042426
:101570003882042420820424F51302083916020854
:101580003C82042480B584B000AF78607B68002B77
:1015900006D1214B4FF408722049214822F0ECFE7D
:1015A0004FF4207230213620F5F7ECFAF860FB6832
:1015B000002B26D0FB685B68BB60B868FFF7E4FED1
:1015C000184B18687B237A68F968FCF77FFBF8688A
:1015D000F5F7BCFD144B1B78144ADB0013441B7950
:1015E000114A127810465B00D9B2104AC300134466
:1015F0000A461A7100220E4943F69820FCF7D2F8E9
:1016000005E000220B4943F69820FCF7CBF800BF19
:101610001037BD4680BD00BF24AA040874AA040880
:1016200088AA04081C82042438820424208204240A
:10163000F51302083916020880B584B000AF78604F
:10164000114B1B781A46114B53F83230BB60BB6804
:10165000002B02D16FF00F0300E00023FB7397F91A
:101660000F30002B05D107F108031846FFF78AFF5A
:1016700005E00022064943F69820FCF793F800BFE6
:101680001037BD4680BD00BF388204242082042468
:10169000F513020880B500AF204B1B68002B3BD12F
:1016A0002E20FCF7CAFD03461C4A13601B4B1B6827
:1016B000002B06D11A4B40F296221A491A4822F002
:1016C0005BFE164B1B68002B26D0144B1B680022B8
:1016D00016491846FCF738FD154B1B78002B07D12F
:1016E000144B43F698221A600020FFF7A5FF13E081
:1016F0000F4B1B78012B0FD1084B1B685A7A074BF5
:101700001B6842F02002D2B25A72044B1B687B2243
:1017100009491846FCF790FC00BF80BD1C820424D8
:1017200024AA0408B0AA040888AA04086D140208B0
:10173000188204243C8204240803050880B582B082
:1017400000AF134B1B68002B1ED00023FB7108E079
:10175000FB79104ADB00134400221A71FB79013334
:10176000FB71FB79022BF3D900210B48FCF740F801
:1017700000210A48FCF73CF8054B1B681846FCF7AB
:1017800003FD034B00221A6000BF0837BD4680BD31
:101790001C8204242082042439160208F51302084E
:1017A00080B400AF054B1B68002B14BF012300233E
:1017B000DBB21846BD465DF8047B70471C820424EA
:1017C00080B483B000AF03463960FB71FB79022B14
:1017D0000ED83B68002B06D0FB7908493A6812689E
:1017E00041F8332004E0FB79044A002142F8331029
:1017F00000BF0C37BD465DF8047B7047208204248F
:1018000080B483B000AF0346FB71FB79022B04D890
:10181000FB79DB00044A134400E0044B18460C3704
:10182000BD465DF8047B7047208204240803050848
:1018300080B500AF00224FF480610848E5F78AFCCC
:101840000A20F2F793FF01224FF480610348E5F785
:1018500081FC6420F2F78AFF00BF80BD000C0258B3
:1018600080B500AF002220210748E5F773FC0A206D
:10187000F2F77CFF012220210348E5F76BFC64208E
:10188000F2F774FF00BF80BD0014025880B584B029
:1018900004AF974B00221A70954B00225A70944B5C
:1018A00000229A70924B0022DA70924B00221A703A
:1018B000904B00225A708F4B00229A708D4B002261
:1018C000DA708D4B00221A708B4B00225A708A4BB3
:1018D00000229A70884B0022DA70FFF7A9FFFFF709
:1018E000BFFF4FF4FA60F2F741FF00210020F4F748
:1018F00057FA7F4B1B781A067D4B5B781B041A4303
:101900007B4B9B781B021343794AD27813431A0608
:10191000774B1B781906764B5B781B041943744B85
:101920009B781B020B437249C9780B431B0203F4DB
:101930007F031A436E4B1B7819066D4B5B781B04B3
:1019400019436B4B9B781B020B436949C9780B43C6
:101950001B0A03F47F431A43654B1B781906644B3B
:101960005B781B041943624B9B781B020B43604955
:10197000C9780B431B0E1343604A13605D4B1B7801
:101980001A065C4B5B781B041A435A4B9B781B026C
:101990001343584AD27813431A06564B1B7819063C
:1019A000544B5B781B041943524B9B781B020B432F
:1019B0005049C9780B431B0203F47F031A434D4B74
:1019C0001B7819064B4B5B781B041943494B9B78DA
:1019D0001B020B434749C9780B431B0A03F47F439F
:1019E0001A43444B1B781906424B5B781B0419437E
:1019F000404B9B781B020B433E49C9780B431B0E9F
:101A000013433F4A13603C4B1B781A063A4B5B78F2
:101A10001B041A43384B9B781B021343364AD27877
:101A200013431A06344B1B781906334B5B781B049F
:101A30001943314B9B781B020B432F49C9780B4349
:101A40001B0203F47F031A432B4B1B7819062A4B06
:101A50005B781B041943284B9B781B020B432649D8
:101A6000C9780B431B0A03F47F431A43224B1B78AC
:101A70001906214B5B781B0419431F4B9B781B02F3
:101A80000B431D49C9780B431B0E13431D4A1360BA
:101A90001D4B02931D4B019300230093194B184AD1
:101AA00016491B48F4F75AFC1948F4F78BFE1848FE
:101AB000F4F798FE17491648F4F79AFF24220021FC
:101AC000154822F066FE144B144A1A60124B4FF46C
:101AD00000625A61104B10229A610F4A0C4910485B
:101AE000F2F7AFFD03460F4A136000BFBD4680BD4D
:101AF00084820424888204248C820424788204242E
:101B00007C82042480820424DD5C01082D200208EC
:101B100040820424291B02089082042430AB04086C
:101B2000DD220208B482042480B483B000AF786060
:101B300000BF0C37BD465DF8047B704780B582B0AE
:101B400000AF7860044B1B681846F3F713F800BF2A
:101B50000837BD4680BD00BFC082042480B582B076
:101B600000AF7860044B1B681846F3F703F800BF1A
:101B70000837BD4680BD00BFC482042480B582B052
:101B800000AF78607868E0F75EFD034603F08003FD
:101B9000802B04D1044B1B681846F2F7EBFF00BF03
:101BA0000837BD4680BD00BFC082042480B5AAB0FE
:101BB00000AF7860002387F89F300023C7F8A0307B
:101BC0000023C7F8983007F110036422002118465B
:101BD00022F0DFFD934B944A1A6000233B7280236E
:101BE0007B72E123BB720023FB7200233B73002353
:101BF0007B738C4A07F1080353608A4B01221A72E7
:101C0000884B8A4ADA60874B894A1A61854B4FF4C0
:101C1000C0625A61874B1B78DBB2FB72864B1B7824
:101C2000DBB23B73854B1B78DBB27B737D48DFF700
:101C300031FD034687F89F3038220021804822F08A
:101C4000A8FD7F4B21221A607D4B4FF440325A6130
:101C50007B4B00221A617B48F4F766FA7B68062208
:101C600083F830206F4B5B681A787B6883F82A20F2
:101C70006C4B5B6801331A787B6883F82B20694BC7
:101C80005B6802331A787B6883F82C20654B5B68AD
:101C900003331A787B6883F82D20624B5B6804332A
:101CA0001A787B6883F82E205E4B5B6805331A78C0
:101CB0007B6883F82F207B6840F2DC521A857B68B2
:101CC00093F8313043F00A03DAB27B6883F83120AD
:101CD000002200210120F2F772FE03465A4A1360E7
:101CE000002200210120F2F76AFE0346574A1360E2
:101CF00007F1740324220021184622F04AFD544BB8
:101D00007B674FF48053C7F888303023C7F88C3096
:101D100007F174031A4679684E48F2F792FC0346BD
:101D20004D4A13604D494E48EFF734FA4C48EFF7EF
:101D300063FA0346002B06D07868F4F729FE78682A
:101D4000F4F7BCFD6BE097F89F30002B65D1444859
:101D5000EFF79FFAC7F89800D7F89830012B06DC08
:101D60007868F4F715FE7868F4F7A8FD57E0D7F81F
:101D70009830023B032B2BD801A252F823F000BF6E
:101D8000911D0208A31D0208B31D0208C31D02080D
:101D90004FF40053C7F8A4304FF48043C7F8A03085
:101DA0001FE00023C7F8A4304FF48043C7F8A030E9
:101DB00017E04FF40053C7F8A4300023C7F8A03051
:101DC0000FE00023C7F8A4300023C7F8A03008E0D4
:101DD0004FF40053C7F8A4304FF48043C7F8A03045
:101DE00000BF07F1100319460E48E0F7E1F9D7F8F4
:101DF000A430BB62D7F8A0307B6207F1100319460C
:101E00000848E0F7A9FB0748DFF742FD7868F4F7D8
:101E1000E9FC7868F4F784FD01E000F0D1FDA83713
:101E2000BD4680BDC88204240080024060000030AE
:101E30000000003000E8F11F01E8F11F02E8F11F87
:101E40007883042410030508C0820424C482042477
:101E500038AB0408D91F0208B882042420000024EB
:101E6000B083042480B586B000AF78603960002369
:101E70007B6100233B610023FB7330220021454836
:101E800022F087FC3B683B6143E07B69032B02D96E
:101E90006FF00B0379E03B6959683E487A69134655
:101EA0005B0013449B00034419603B695B8918463F
:101EB00038497A6913465B0013449B000B44043392
:101EC00018607B69002B10D07B695A1E79690B461C
:101ED0005B000B449B002F4919442E4813465B00BE
:101EE00013449B000344083319603B691B68002BB3
:101EF00009D128497A6913465B0013449B000B44BF
:101F0000083300221A607B6901337B613B691B68DF
:101F10003B613B69002BB8D13B681B891A461E4BBD
:101F20005A601D4B1B4A9A601B4A3B6853633868D2
:101F3000F5F7B2F918491948DFF796FD0346002B6B
:101F400002D10023FB7319E01448E0F76FFB03464E
:101F500003F00203002B0CD0114B1B684FF4FA6105
:101F60001846F2F7B5FD0D48DFF705FFFE23FB73BA
:101F700004E03868F5F7EAF8F423FB7397F90F30BB
:101F800013F1020FD6D097F90F3018461837BD4617
:101F900080BD00BFD083042478830424C882042435
:101FA000C482042480B584B000AF78600023FB6055
:101FB000074B1B78002B05D107F10C031946054888
:101FC000DFF7A3FDFB6818461037BD4680BD00BF94
:101FD000BC820424C882042480B584B000AF786039
:101FE0000023FB607B68BB600F4B1B684FF0FF3129
:101FF0001846F2F76DFD0346002BF5D1B868FFF7E0
:10200000D1FFF860FB68002B0AD0BB681B69B96878
:10201000F86898470346002B02D0F868F5F796F861
:10202000FB68002BEAD1DFE7C082042480B582B0D0
:1020300000AF78607B68002B06D10E4B4FF40B721B
:102040000D490E4822F098F97B68732283F83220FC
:102050007B68742283F833207B68094A5A617B6865
:10206000084A9A617868FFF7A1FD002318460837EF
:10207000BD4680BD40AB040878AB040888AB0408BB
:10208000C9F00108651E020880B584B000AF786011
:102090007B68FB60F9680948F4F70AF9084B1B787C
:1020A000012B07D1064B00221A70064B1B681846FD
:1020B000F2F760FD00BF1037BD4680BD1003050874
:1020C000BC820424C082042480B500AFE8F7A4FADF
:1020D0000346184680BD000080B58EB000AF786022
:1020E00007F1240300221A605A609A60DA601A61CC
:1020F0007B681B684D4A934240F093804C4BD3F869
:10210000D8304B4A43F40043C2F8D830484BD3F898
:10211000D83003F400433B623B6A454BD3F8D830D8
:10212000434A43F48033C2F8D830414BD3F8D83017
:1021300003F48033FB61FB693D4BD3F8D8303C4A54
:1021400043F40033C2F8D830394BD3F8D83003F415
:102150000033BB61BB69364BD3F8E030344A43F0FF
:102160000403C2F8E030324BD3F8E03003F004034C
:102170007B617B692E4BD3F8E0302D4A43F001039D
:10218000C2F8E0302A4BD3F8E03003F001033B61A2
:102190003B69274BD3F8E030254A43F04003C2F8AF
:1021A000E030234BD3F8E03003F04003FB60FB68E2
:1021B00032237B620223BB620023FB6203233B6367
:1021C0000B237B6307F1240319461A48E4F7F0FC5C
:1021D00086237B620223BB620023FB6203233B63F3
:1021E0000B237B6307F1240319461348E4F7E0FC53
:1021F0004FF4D0437B620223BB620023FB620323C4
:102200003B630B237B6307F1240319460B48E4F778
:10221000CFFC002205213D20E8F7FBF83D20E8F740
:1022200012F900BF3837BD4680BD00BF00800240B4
:1022300000440258000802580000025800180258D2
:1022400080B500AF0248E0F7A1F90023184680BD31
:10225000C882042480B400AF00231846BD465DF850
:10226000047B704780B584B000AFF860B9607A60D5
:102270007B68BA68F9680748DFF7F2FE0346002B6F
:1022800002D04FF0FF3300E0002318461037BD4660
:1022900080BD00BFC882042480B584B000AFF86060
:1022A000B9607A607B68BA68F9680748DFF72CFF85
:1022B0000346002B02D04FF0FF3300E00023184606
:1022C0001037BD4680BD00BFC882042480B500AF72
:1022D000E8F7A2F90346184680BD000080B5A0B01B
:1022E00000AF786007F1080364220021184622F04D
:1022F00050FA00233B670023FB670023BB670023E2
:102300007B677B68FB663A48EEF7C3FF3867FB6E76
:1023100093F831309B0803F00103DBB2002B0CD0A3
:102320003B6F012B09DC3348DFF726FBF86EF4F72F
:10233000C5FAF86EF4F72CFB55E0FB6E93F83130DC
:1023400003F00403002B4ED13B6F012B4BDD3B6FA1
:10235000023B032B2AD801A252F823F06D23020876
:102360007F2302088F2302089F2302084FF40053A3
:102370007B674FF48043BB670123FB6717E00023B3
:102380007B674FF48043BB670123FB670FE04FF48B
:1023900000537B670023BB670123FB6707E0002333
:1023A0007B670023BB670123FB6700E000BFFB6F77
:1023B000002B18D007F1080319460E48DFF7F8FE86
:1023C0007B6F3B62BB6FFB6107F10803194609484D
:1023D000E0F7C2F80748DFF75BFAF86EF4F702FAA5
:1023E000F86EF4F79DFA6420F2F7C0F98BE700BFAE
:1023F000B0830424C882042480B586B002AF78601C
:102400001248F3F7E7FEF860FB68002B14D0FB6876
:1024100003F120027B681A60FB680D4A1A617B6831
:102420001B684FF4C06201920093FB6841220021B7
:102430000020F4F7D3FC05E0064B01221A707B68FC
:1024400000221A6000BF1037BD4680BD100305088A
:1024500089200208BC82042480B48DB000AFF860EB
:10246000B9607A607B80FB68BB62BB687B620023DB
:10247000FB627B68203BFB62FB6A00221A60FB6AFE
:1024800000221A81FB6A7A885A81BB6A1B68002B7A
:1024900003D1BB6AFA6A1A6003E07B6A1B68FA6AB6
:1024A0001A607B6AFA6A1A60BB6A1B68FB6209E001
:1024B000FB6A1A897B8813449AB2FB6A1A81FB6A09
:1024C0001B68FB62FB6A002BF2D17B887A683A6258
:1024D000FB61FB69002B1DDD3B6A03F01F02FB69FA
:1024E0001344BB613B6A7B61BFF34F8F00BF0D4A52
:1024F0007B69C2F85C327B6920337B61BB69203B1E
:10250000BB61BB69002BF2DCBFF34F8F00BFBFF391
:102510006F8F00BF00BF00BF3437BD465DF8047B3E
:10252000704700BF00ED00E080B582B000AF78607A
:102530007868F4F70BFE00BF0837BD4680BD000089
:1025400080B588B000AF00F0C3F9734B5B6903F44A
:102550000033002B1BD1BFF34F8F00BFBFF36F8F32
:1025600000BF6D4B0022C3F85022BFF34F8F00BF56
:10257000BFF36F8F00BF684B5B69674A43F400335A
:102580005361BFF34F8F00BFBFF36F8F00E000BFF9
:10259000614B5B6903F48033002B38D15E4B002222
:1025A000C3F88420BFF34F8F00BF5B4BD3F880305C
:1025B000BB60BB685B0BC3F30E037B60BB68DB08CF
:1025C000C3F309033B607B685A0143F6E073134091
:1025D0003A68920750491343C1F860323B685A1E6B
:1025E0003A60002BEFD17B685A1E7A60002BE5D150
:1025F000BFF34F8F00BF484B5B69474A43F48033BA
:102600005361BFF34F8F00BFBFF36F8F00E000BF78
:10261000E7F7B2FF00F094F800F00EF900F0D6F9F9
:1026200000F03CFF00F01AFF00F088FF00F0EAFF26
:1026300001F0F6F801F0AEF901F03EFA01F002FC0B
:1026400001F098FC01F04AFC01F08CFA00F0F4FD76
:1026500001F084FB1EF0E8F9304BBB6108237B617D
:102660007B69002B1DDDBB6903F01F027B691344EE
:102670003B61BB69FB60BFF34F8F00BF264AFB681D
:10268000C2F87032FB682033FB603B69203B3B6142
:102690003B69002BF2DCBFF34F8F00BFBFF36F8F9E
:1026A00000BF00BF04221D491D48E9F7BFF90346DA
:1026B000FB771C4BDB681B4A43F00303D360FB7FB3
:1026C000002B05D18E221849184821F055FE05E04F
:1026D000FB7F92221449164821F04EFE114B9B6855
:1026E00003F00403002B04D097220F49114821F076
:1026F00043FE114B1B6803F00103002B04D09B2207
:1027000009490E4821F038FEF1F73CFF00F0EAFAE3
:10271000F1F75CFF00BFFDE700ED00E000020038CC
:102720004C84042400600258B0AB0408DCAB0408FD
:10273000FCAB040824AC04080854025844AC040858
:1027400080B59CB000AF07F124034C22002118464D
:1027500022F01FF83B1D20220021184622F019F814
:102760000220E7F729FD00233B60314B9B69304A8B
:1027700043F4404393612E4B9B6903F440433B6019
:102780002C4BDB6A2B4A43F00103D362294BDB6AF3
:1027900003F001033B603B6800BF254B9B6903F4DA
:1027A0000053B3F5005FF8D109237B624FF4803307
:1027B000BB620123BB630223BB640223FB640523CA
:1027C0003B65C0237B650223BB650223FB650223B7
:1027D0003B6608237B660023BB660023FB6607F18C
:1027E00024031846E0F7BEFC0346002B01D000F09E
:1027F000E7F83F237B600323BB600023FB600823D3
:102800003B6140237B614023BB614FF48063FB61EC
:1028100040233B623B1D04211846E1F7FDF80346C7
:10282000002B01D000F0CCF800BF7037BD4680BD52
:10283000004802580004005880B5B0B000AF3B46D5
:10284000C0220021184621F0A4FF204A4FF00003C7
:10285000C7E900230523BB60A023FB6008233B617D
:1028600008237B610223BB618023FB6100233B6261
:1028700000237B620523BB62A023FB6204233B632E
:1028800002237B630823BB634FF40063FB630023D5
:102890003B6400237B644FF400533B664FF00053CE
:1028A0003B674FF48053C7F884300023C7F8A43047
:1028B0003B461846E1F77EFC0346002B01D000F0B2
:1028C0007FF800BFC037BD4680BD00BF089008003C
:1028D00080B584B000AF3B4600221A605A609A600F
:1028E000DA60E7F7D1FD01233B7000237B704FF0E6
:1028F00010537B6012233B7200237B720023BB7258
:102900000323FB7201233B7300237B730123BB73FF
:102910000023FB733B461846E7F7EEFD01237B706F
:102920004FF040537B6011233B7200237B720123E5
:102930007B730023BB730123FB733B461846E7F709
:10294000DBFD02237B70144B7B600E233B723B4606
:102950001846E7F7D1FD03237B704FF060537B608F
:102960000F233B723B461846E7F7C6FD04237B70F6
:102970004FF062537B600B233B7200237B73002379
:10298000FB733B461846E7F7B7FD0420E7F794FDD5
:1029900000BF1037BD4680BD0040003080B582B01A
:1029A00000AF78607B681B68044A934201D1E7F767
:1029B0001FFE00BF0837BD4680BD00BF00140040A9
:1029C00080B400AF72B600BF00BFFDE780B58EB027
:1029D00000AF07F1240300221A605A609A60DA609F
:1029E0001A61AE4BD3F8E030AC4A43F01003C2F8A2
:1029F000E030AA4BD3F8E03003F010033B623B6AAF
:102A0000A64BD3F8E030A54A43F02003C2F8E030EB
:102A1000A24BD3F8E03003F02003FB61FB699F4B2E
:102A2000D3F8E0309D4A43F08003C2F8E0309B4B7E
:102A3000D3F8E03003F08003BB61BB69974BD3F858
:102A4000E030964A43F00403C2F8E030934BD3F8E9
:102A5000E03003F004037B617B69904BD3F8E030F6
:102A60008E4A43F00103C2F8E0308C4BD3F8E030DB
:102A700003F001033B613B69884BD3F8E030874AA0
:102A800043F00203C2F8E030844BD3F8E03003F0A7
:102A90000203FB60FB68814BD3F8E0307F4A43F0D0
:102AA0000803C2F8E0307D4BD3F8E03003F00803B0
:102AB000BB60BB68794BD3F8E030784A43F0400301
:102AC000C2F8E030754BD3F8E03003F040037B6090
:102AD0007B68002204217248E4F73CFB012220219C
:102AE0007048E4F737FB002208216F48E4F732FB17
:102AF000002210216D48E4F72DFB002202216C48D2
:102B0000E4F728FB00224FF4C0516648E4F722FBAB
:102B100000224FF480616748E4F71CFB0022182173
:102B20006548E4F717FB04237B620123BB620123A2
:102B3000FB6200233B6307F1240319465848E4F77E
:102B400037F84FF4C1537B620123BB620023FB6261
:102B500000233B6307F1240319465248E4F728F8A1
:102B600008237B620123BB620023FB6202233B63D9
:102B700007F1240319464C48E4F71AF810237B6246
:102B80000123BB620023FB6201233B6307F12403A3
:102B900019464648E4F70CF802237B620123BB6226
:102BA0000023FB6200233B6307F1240319464048DE
:102BB000E3F7FEFF80237B624FF44413BB620023E4
:102BC000FB6207F1240319463548E3F7F1FF4FF4A0
:102BD00020637B624FF48813BB620023FB6207F122
:102BE000240319462E48E3F7E3FF4FF480637B622A
:102BF0000123BB620023FB6200233B6307F1240334
:102C000019462C48E3F7D4FF18237B620123BB62EB
:102C10000023FB6201233B6307F124031946264886
:102C2000E3F7C6FF4FF400437B624FF48813BB62A7
:102C30000223FB6207F1240319461F48E3F7B8FF9C
:102C400010237B624FF48813BB620023FB6207F101
:102C5000240319461648E3F7ABFF00214FF000604C
:102C6000E7F72AFD002206210A20E7F7D2FB0A2017
:102C7000E7F7E9FB002206211720E7F7CAFB172038
:102C8000E7F7E1FB002206212820E7F7C2FB282016
:102C9000E7F7D9FB00BF3837BD4680BD0044025876
:102CA0000010025800140258000802580000025890
:102CB00000040258000C02580018025880B483B077
:102CC00000AF786000BF0C37BD465DF8047B7047ED
:102CD00080B483B000AF786000BF0C37BD465DF8AC
:102CE000047B704780B500AF10F0E8FF11F00CF8DE
:102CF000184A00211848F1F7A4FC0346174A13604C
:102D0000174A00211748F1F79CFC0346164A136046
:102D10001648F1F746FD0346154A13601548F1F7CA
:102D200040FD0346144A13601448F1F73AFD034688
:102D3000134A13601348F1F734FD0346124A136037
:102D40001248F1F72EFD0346114A13600BF0A2FE64
:102D500000BF80BD14030508952D020800840424DB
:102D6000C80305080D32020814840424340000242A
:102D700030840424440000243484042454000024B7
:102D800038840424640000243C840424C40405081A
:102D90004084042480B582B000AF7860FEF776FDF1
:102DA00002F0FCFCE7F738FC0346294A1360284B85
:102DB0001B681946274821F0DFFA10F019F8E7F7E9
:102DC0002BFC0246224B1B68D31A1946224821F0DD
:102DD000D3FA02F0BDFDE7F71FFC02461C4B1B684F
:102DE000D31A19461D4821F0C7FA02F0B7FFE7F7DA
:102DF00013FC0246164B1B68D31A1946184821F0DB
:102E0000BBFA02F0E1FD0FF0D1FE012001F000FE5F
:102E10000FF0B2FF4FF47A70EFF762FE022001F07C
:102E2000F7FD0BF0EDFD4FF47A70EFF759FE02203D
:102E300001F0EEFD0B4A00210B48F1F702FC0346BE
:102E40000A4A13604FF4FA70EFF74AFEFAE700BF40
:102E50004484042470AD0408A0AD0408C8AD04087F
:102E6000F4AD040838030508AD30020804840424D6
:102E700080B584B000AFEFF7DFFFF860644821F061
:102E8000EBFAF968634821F077FA634821F0E4FA35
:102E9000624B1B681846F0F77DFB034619466048F5
:102EA00021F06AFA5F4B1B681846F0F773FB034684
:102EB00019465D4821F060FA5C4B1B681846F0F734
:102EC00069FB034619465A4821F056FA594B1B68CC
:102ED0001846F0F75FFB03461946574821F04CFAB5
:102EE000564B1B681846F0F755FB034619465448E5
:102EF00021F042FA534B1B681846F0F74BFB034690
:102F00001946514821F038FA504B1B681846F0F723
:102F100041FB034619464E4821F02EFA4D4B1B68E3
:102F20001846F0F737FB034619464B4821F024FAC0
:102F30004A4B1B681846F0F72DFB034619464848D4
:102F400021F01AFA474B1B681846F0F723FB03469B
:102F50001946454821F010FA444B1B681846F0F713
:102F600019FB03461946424821F006FA414B1B68FB
:102F70001846F0F70FFB034619463F4821F0FCF9CD
:102F80003E4B1B681846F0F705FB034619463C48C4
:102F900021F0F2F93B4B1B681846F0F7FBFA0346A9
:102FA0001946394821F0E8F9384B1B681846F0F704
:102FB000F1FA03461946364821F0DEF9354B1B6815
:102FC0001846F0F7E7FA03461946334821F0D4F9DA
:102FD000324B1B681846F0F7DDFA034619463048B5
:102FE00021F0CAF90C4821F037FAF2F79FF8B860DF
:102FF000F2F7A8F878607A68B9682A4821F0BCF935
:10300000294821F029FA00BF1037BD4680BD00BF16
:1030100024AE040868AE040890AE040814840424A6
:10302000D4AE04080084042414AF040840B104247E
:1030300054AF040844B1042494AF0408A88D0424B8
:10304000D4AF040800B2042414B00408E0B004248F
:1030500054B004082484042494B004080484042490
:10306000D4B004080884042414B104080C84042493
:1030700054B104081084042494B104082084042466
:10308000D4B104082884042414B204082C84042431
:1030900054B20408B482042494B20408B88204240C
:1030A000D4B2040814B3040850B3040880B582B045
:1030B00000AF7860364A00213648F1F7C2FA03467D
:1030C000354A1360354A00213548F1F7BAFA03460C
:1030D000344A1360344A00213448F1F7B2FA034607
:1030E000334A1360334A00213348F1F7AAFA034602
:1030F000324A1360324A00213248F1F7A2FA0346FD
:10310000314A1360314A00213148F1F79AFA0346F7
:10311000304A1360304A00213048F1F792FA0346F2
:103120002F4A13602F4A00212F48F1F78AFA0346ED
:103130002E4A13602E4A00212E48F1F782FA0346E8
:103140002D4A1360E7F768FA02462C4B1B68D31A26
:1031500019462B4821F010F9E7F75EFA0246274B93
:103160001B68D21A42F210731344264AA2FB0323AF
:103170009B09254A136041F28830EFF7B1FCFFF755
:1031800077FE4CF25030EFF7ABFC00BFF7E700BF23
:10319000580405087DD80208248404247C0405080A
:1031A00029CA020828840424A004050825B80208B6
:1031B0002C8404245C0305082D620208088404247E
:1031C000800305084D7902080C840424A403050833
:1031D00021AC020810840424EC03050889AF02081E
:1031E000188404241004050839B002081C8404243F
:1031F00034040508A1CF0208208404244484042454
:1032000094B30408D34D62104884042480B582B07E
:1032100000AF78600348EAF7FDFBC820EFF760FCD9
:1032200000BFF7E73887042480B483B000AF78602C
:10323000396000BFFDE7000080B588B000AF3B1DDE
:1032400000221A605A609A60DA601A615A619A61C3
:10325000404B414A1A603F4B4FF480225A603D4B2D
:1032600000229A603B4B0122DA603A4B04221A6139
:10327000384B00221A75374B01225A75354B042200
:103280009A61344B00221A77324B00225A62314B3A
:1032900000229A622F4B0322DA622E4B00221A631D
:1032A0002C4B00225A632B4B002283F83820294BE9
:1032B0000122DA632748E8F717FA0346002B01D00A
:1032C000FFF77EFB254B7B600623BB600423FB607E
:1032D00040F2FF733B6104237B610023BB61002349
:1032E0007B773B1D19461B48E8F778FC0346002B0B
:1032F00001D0FFF765FB1A4B7B600C23BB603B1DC5
:1033000019461448E8F76AFC0346002B01D0FFF782
:1033100057FB144B7B601223BB603B1D19460D48C5
:10332000E8F75CFC0346002B01D0FFF749FB0E4B8E
:103330007B601823BB603B1D19460648E8F74EFC2E
:103340000346002B01D0FFF73BFB00BF2037BD46F3
:1033500080BD00BF4C84042400600258000180211D
:103360000800900C8000501D0400600880B58AB0F1
:1033700000AF786007F1140300221A605A609A6067
:10338000DA601A617B681B682F4A934257D12F4B32
:10339000D3F8E0302D4A43F08073C2F8E0302B4B75
:1033A000D3F8E03003F080733B613B69274BD3F8DF
:1033B000E030264A43F02003C2F8E030234BD3F834
:1033C000E03003F02003FB60FB684FF470737B6117
:1033D0000323BB610023FB6107F1140319461C485A
:1033E000E3F7E6FB1B4B1C4A1A601A4B11225A608A
:1033F000184B00229A60174B0022DA60154B4FF4ED
:1034000080621A61134B4FF400625A61114B4FF402
:1034100000529A610F4B4FF48072DA610D4B00221B
:103420001A620C48E3F7CAFE0346002B01D0FFF7EF
:10343000C7FA7B68074ADA64064A7B68936300BF71
:103440002837BD4680BD00BF0060025800440258C6
:1034500000140258B08404240854025880B582B085
:1034600000AF0D4BD3F8E0300B4A43F40013C2F821
:10347000E030094BD3F8E03003F400137B607B6845
:10348000002205218120E6F7C4FF8120E6F7DBFF5B
:1034900000BF0837BD4680BD0044025880B582B0E9
:1034A00000AF254BD3F8D830234A43F00103C2F8CC
:1034B000D830214BD3F8D83003F001037B607B6810
:1034C000002205210B20E6F7A4FF0B20E6F7BBFF47
:1034D000002205210C20E6F79CFF0C20E6F7B3FF45
:1034E000002205210D20E6F794FF0D20E6F7ABFF43
:1034F000002205210E20E6F78CFF0E20E6F7A3FF41
:10350000002205210F20E6F784FF0F20E6F79BFF3E
:10351000002205211020E6F77CFF1020E6F793FF3C
:10352000002205211120E6F774FF1120E6F78BFF3A
:1035300000BF0837BD4680BD0044025880B500AFCB
:103540002E4B2F4A1A602D4B00229A602B4B0022E3
:10355000DA602A4B00221A74284B00225A74274B37
:1035600000229A74254B05225A61244B01229A614C
:10357000224B1F22DA61214B08221A621F4B0522BF
:103580005A621E4B01229A621C4B1F22DA621B4BAD
:1035900008221A63194B00225A63184B01229A63BE
:1035A000164B0022DA63154B20221A64134B0422B7
:1035B0005A64124B00229A64104B0422DA640F4BB7
:1035C00000221A650D4B04225A650C4B00229A65A5
:1035D0000A4B0022DA65094B10221A66074B0022BB
:1035E0005A66064B04229A660448E9F711F8034626
:1035F000002B01D0FFF7E4F900BF80BD288504242B
:1036000000A0004080B500AF2F4B304A1A602E4B0F
:1036100000229A602C4B0022DA602B4B00221A7495
:10362000294B00225A74284B00229A74264B0522FB
:103630005A61254B01229A61234B1F22DA61224BEA
:1036400008221A62204B05225A621F4B01229A62FD
:103650001D4B1F22DA621C4B08221A631A4B40F2E0
:1036600006425A63184B01229A63174B0022DA6311
:10367000154B00221A64144B04225A64124B202268
:103680009A64114B0422DA640F4B00221A650E4B28
:1036900004225A650C4B00229A650B4B0022DA6516
:1036A000094B20221A66084B00225A66064B042258
:1036B0009A660548E8F7ACFF0346002B01D0FFF7F8
:1036C0007FF900BF80BD00BFC885042400A400406E
:1036D00080B58CB000AF786007F11C0300221A603F
:1036E0005A609A60DA601A617B681B68464A9342A6
:1036F00040D1464B1B680133444A1360434B1B685F
:10370000012B0ED1424BD3F8EC30414A43F4807385
:10371000C2F8EC303E4BD3F8EC3003F48073BB615D
:10372000BB693B4BD3F8E030394A43F00103C2F8A0
:10373000E030374BD3F8E03003F001037B617B6965
:103740004FF4C053FB6102233B6200237B620023E2
:10375000BB620923FB6207F11C0319462D48E3F7FE
:1037600027FA002205211320E6F753FE1320E6F77F
:103770006AFE44E07B681B68274A93423FD1234B93
:103780001B680133214A1360204B1B68012B0ED1AB
:103790001F4BD3F8EC301E4A43F48073C2F8EC3070
:1037A0001B4BD3F8EC3003F480733B613B69184B3F
:1037B000D3F8E030164A43F00203C2F8E030144B6D
:1037C000D3F8E03003F00203FB60FB684FF4405392
:1037D000FB6102233B6200237B620023BB6209235F
:1037E000FB6207F11C0319460C48E3F7E1F90022DC
:1037F00005211420E6F70DFE1420E6F724FE00BF95
:103800003037BD4680BD00BF00A00040688604245C
:10381000004402580000025800A40040000402586E
:1038200080B500AF1B4B1C4A1A601A4B1B4A5A60EA
:10383000184B00229A60174B0122DA60154B0022C8
:103840001A61144B00225A61124B00229A61114BEB
:103850000022DA610F4B00221A620E48E6F742FF9F
:103860000346002B01D0FFF7ABF800210948E7F72A
:1038700089FC0346002B01D0FFF7A2F80A21054876
:10388000E7F7CBFC0346002B01D0FFF799F800BF08
:1038900080BD00BF6C86042400540040FFE0D010BF
:1038A00080B58AB000AF786007F1140300221A6077
:1038B0005A609A60DA601A617B681B68304A9342EA
:1038C0005AD1304BD3F8E0302E4A43F00203C2F80D
:1038D000E0302C4BD3F8E03003F002033B613B694E
:1038E000C0237B611223BB610123FB6102233B6286
:1038F00004237B6207F1140319462348E3F758F9C0
:10390000204BD3F8E8301F4A43F40013C2F8E830E4
:103910001C4BD3F8E83003F40013FB60FB681B4B2F
:103920001B4A1A60194B22225A60184B40229A6097
:10393000164B0022DA60154B4FF480621A61134B6C
:1039400000225A61114B00229A61104B0022DA6169
:103950000E4B00221A620D4B00225A620B48E3F70D
:103960002DFC0346002B01D0FFF72AF87B68074A9D
:103970009A63064A7B68936300BF2837BD4680BDC3
:10398000005400400044025800040258C086042439
:103990005800024080B586B000AF3B1D00221A607F
:1039A0005A609A60DA601A6100233B60274B284A0C
:1039B0001A60264B00225A60244B7F229A60234BC8
:1039C000FF22DA60214B00221A61204B00229A610B
:1039D0001E4B0022DA611D4B00225A611B48EAF798
:1039E00029F80346002B01D0FEF7EAFF00233B71C4
:1039F00000237B710023BB7100233B6100237B61AB
:103A00003B1D012219461148EAF796F80346002BA0
:103A100001D0FEF7D5FF01233B7001237B7001230A
:103A2000BB702523FB703B46012219460748EAF785
:103A30007DF90346002B01D0FEF7C2FF0348EAF7E9
:103A40001BFB00BF1837BD4680BD00BF488704245C
:103A50000040005880B5B2B000AF786007F10803AD
:103A6000C0220021184620F094FE7B681B68104A93
:103A7000934219D14FF480024FF00003C7E90223AB
:103A80004FF40073C7F8BC3007F108031846E0F79D
:103A900091FB0346002B01D0FEF792FF054B1B6FF5
:103AA000044A43F40043136700BFC837BD4680BDD6
:103AB000004000580044025880B500AF274B284A08
:103AC0001A60264B4FF480025A60244B00229A6001
:103AD000224B0722DA60214B00221A611F4B002281
:103AE0005A611E4B4FF080629A611C4B4FF040525E
:103AF000DA611A4B00221A62184B00225A62174BE5
:103B000000229A62154B0022DA62144B4FF0804279
:103B10005A63124B00229A63104B0022DA630F4B58
:103B200000221A640D4B00225A640C4B00229A6446
:103B30000A4B0022DA64094B00221A65074B002267
:103B40005A65064B00229A650448EAF7CBFA034609
:103B5000002B01D0FEF734FF00BF80BD6C8704242A
:103B60000030014080B500AF294B2A4A1A60284B2B
:103B70004FF480025A60264B4FF4C0229A60244BC7
:103B80000722DA60224B4FF000721A61204B4FF08F
:103B900080725A611E4B4FF080629A611C4B4FF04D
:103BA0004052DA611A4B00221A62194B00225A6203
:103BB000174B00229A62164B0022DA62144B4FF028
:103BC00080425A63124B00229A63114B0022DA633F
:103BD0000F4B00221A640E4B00225A640C4B002239
:103BE0009A640B4B0022DA64094B00221A65084BD9
:103BF00000225A65064B00229A650548EAF772FAD8
:103C00000346002B01D0FEF7DBFE00BF80BD00BFE6
:103C1000F48704240038004080B58CB000AF786091
:103C200007F11C0300221A605A609A60DA601A6178
:103C30007B681B68444A93424DD1444BD3F8F03023
:103C4000424A43F48053C2F8F030404BD3F8F0308E
:103C500003F48053BB61BB693C4BD3F8E0303B4A73
:103C600043F00103C2F8E030384BD3F8E03003F002
:103C700001037B617B69354BD3F8E030334A43F075
:103C80000203C2F8E030314BD3F8E03003F0020316
:103C90003B613B696023FB6102233B6200237B6243
:103CA0000323BB620523FB6207F11C031946284866
:103CB000E2F77EFF2023FB6102233B6200237B624D
:103CC0000323BB620523FB6207F11C03194621484D
:103CD000E2F76EFF33E07B681B681F4A93422ED1E8
:103CE0001A4BD3F8E830194A43F48043C2F8E8305D
:103CF000164BD3F8E83003F48043FB60FB68134BAA
:103D0000D3F8E030114A43F00203C2F8E0300F4B21
:103D1000D3F8E03003F00203BB60BB684FF4044308
:103D2000FB6102233B6200237B620023BB6205230D
:103D3000FB6207F11C0319460648E2F739FF00BF92
:103D40003037BD4680BD00BF0030014000440258FE
:103D500000000258000402580038004080B588B0C6
:103D600000AF07F1100300221A605A609A60DA600F
:103D70003B1D00221A605A609A601E4B4FF0804231
:103D80001A601C4BEF225A601A4B00229A60194BA2
:103D90004FF0FF32DA60174B00221A61154B0022F8
:103DA0009A611448DCF794FF0346002B01D0FEF71C
:103DB00007FE4FF480533B6107F1100319460D488D
:103DC000DDF75EF90346002B01D0FEF7F9FD002375
:103DD0007B600023FB603B1D19460648DDF7AEFB08
:103DE0000346002B01D0FEF7EBFD00BF2037BD4698
:103DF00080BD00BF7C88042480B584B000AF7860AB
:103E00007B681B68B3F1804F16D10D4BD3F8E830B7
:103E10000B4A43F00103C2F8E830094BD3F8E8300D
:103E200003F00103FB60FB68002205211C20E6F77C
:103E3000F0FA1C20E6F707FB00BF1037BD4680BD37
:103E40000044025880B500AF224B234A1A60214B30
:103E50004FF4E1325A601F4B00229A601D4B002242
:103E6000DA601C4B00221A611A4B0C225A61194B62
:103E700000229A61174B0022DA61164B00221A6267
:103E8000144B00225A62134B00229A621148EAF73F
:103E900096FF0346002B01D0FEF792FD00210D484E
:103EA000EDF75AF80346002B01D0FEF789FD0021FB
:103EB0000848EDF78FF80346002B01D0FEF780FD90
:103EC0000448EDF710F80346002B01D0FEF778FD0B
:103ED00000BF80BDC88804240010014080B500AF39
:103EE000224B234A1A60214B4FF4E1325A601F4B98
:103EF00000229A601D4B0022DA601C4B00221A61DE
:103F00001A4B0C225A61194B00229A61174B00225E
:103F1000DA61164B00221A62144B00225A62134BCC
:103F200000229A621148EAF74AFF0346002B01D0AB
:103F3000FEF746FD00210D48EDF70EF80346002B75
:103F400001D0FEF73DFD00210848EDF743F8034698
:103F5000002B01D0FEF734FD0448ECF7C4FF034604
:103F6000002B01D0FEF72CFD00BF80BD5C8904242E
:103F70000044004080B500AF224B234A1A60214B19
:103F80004FF4E1325A601F4B00229A601D4B002211
:103F9000DA601C4B00221A611A4B0C225A61194B31
:103FA00000229A61174B0022DA61164B00221A6236
:103FB000144B00225A62134B00229A621148EAF70E
:103FC000FEFE0346002B01D0FEF7FAFC00210D484F
:103FD000ECF7C2FF0346002B01D0FEF7F1FC0021F5
:103FE0000848ECF7F7FF0346002B01D0FEF7E8FC8A
:103FF0000448ECF778FF0346002B01D0FEF7E0FC05
:1040000000BF80BDF08904240048004080B5BEB0E8
:1040100000AF786007F1E40300221A605A609A60EA
:10402000DA601A6107F12003C0220021184620F04F
:10403000B0FB7B681B68B04A934240F0AD804FF004
:1040400001024FF00003C7E908230023C7F89C30A2
:1040500007F120031846E0F7ADF80346002B01D026
:10406000FEF7AEFCA54BD3F8F030A44A43F01003A2
:10407000C2F8F030A14BD3F8F03003F01003FB612D
:10408000FB699E4BD3F8E0309C4A43F00103C2F831
:10409000E0309A4BD3F8E03003F00103BB61BB6919
:1040A0004FF4C063C7F8E4300223C7F8E8300123B7
:1040B000C7F8EC300223C7F8F0300723C7F8F43014
:1040C00007F1E40319468E48E2F772FD8D4B8E4AE4
:1040D0001A608C4B29225A608A4B00229A60894BC5
:1040E0000022DA60874B4FF480621A61854B002210
:1040F0005A61844B00229A61824B0022DA61814B23
:104100004FF400321A627F4B00225A627D48E3F777
:1041100055F80346002B01D0FEF752FC7B68794A24
:10412000C3F88020774A7B689363784B784A1A609B
:10413000764B2A225A60754B40229A60734B0022BC
:10414000DA60724B4FF480621A61704B00225A6140
:104150006E4B00229A616D4B0022DA616B4B4FF47B
:1041600000321A62694B00225A626848E3F726F867
:104170000346002B01D0FEF723FC7B68634ADA6715
:10418000624A7B689363002207212520E6F741F904
:104190002520E6F758F979E17B681B685D4A934270
:1041A00040F0C4804FF002024FF00003C7E908233B
:1041B0000023C7F8983007F120031846DFF7FAFF0D
:1041C0000346002B01D0FEF7FBFB4C4BD3F8E83045
:1041D0004A4A43F40033C2F8E830484BD3F8E83099
:1041E00003F400337B617B69444BD3F8E030434AEE
:1041F00043F00803C2F8E030404BD3F8E03003F05E
:1042000008033B613B696023C7F8E4300223C7F829
:10421000E8300123C7F8EC300223C7F8F030072359
:10422000C7F8F43007F1E40319463B48E2F7C0FC55
:104230003A4B3B4A1A60394B2B225A60374B0022CB
:104240009A60364B0022DA60344B4FF480621A6178
:10425000324B00225A61314B00229A612F4B0022CF
:10426000DA612E4B00221A622C4B00225A622B4834
:10427000E2F7A4FF0346002B01D0FEF7A1FB7B6809
:10428000264AC3F88020254A7B689363254B264A3B
:104290001A60244B2C225A60224B40229A60214BF8
:1042A0000022DA601F4B4FF480621A611D4B00221E
:1042B0005A611C4B00229A611A4B0022DA61194B99
:1042C00000221A62174B00225A621648E2F776FF64
:1042D0000346002B01D0FEF773FB7B68114ADA67B7
:1042E000104A7B689363002205212620E6F791F8A7
:1042F0002620E6F7A8F8C9E0001001400044025863
:1043000000000258848A042410000240FC8A04241D
:104310002800024000440040000C0258748B042422
:1043200070000240EC8B0424880002407B681B680C
:10433000584A934240F0AA804FF002024FF0000327
:10434000C7E908230023C7F8983007F1200318466F
:10435000DFF730FF0346002B01D0FEF731FB4E4B59
:10436000D3F8E8304C4A43F48023C2F8E8304A4B93
:10437000D3F8E83003F48023FB60FB68464BD3F8A6
:10438000E030454A43F00803C2F8E030424BD3F82E
:10439000E03003F00803BB60BB684FF44073C7F81C
:1043A000E4300223C7F8E8300123C7F8EC300223D9
:1043B000C7F8F0300723C7F8F43007F1E4031946D3
:1043C0003648E2F7F5FB364B364A1A60344B2D225D
:1043D0005A60334B00229A60314B0022DA60304B36
:1043E0004FF480621A612E4B00225A612C4B00223E
:1043F0009A612B4B0022DA61294B00221A62284B6A
:1044000000225A622648E2F7D9FE0346002B01D06B
:10441000FEF7D6FA7B68224AC3F88020204A7B68E0
:104420009363214B214A1A601F4B2E225A601E4B68
:1044300040229A601C4B0022DA601B4B4FF48062D2
:104440001A61194B00225A61174B00229A61164BD0
:104450000022DA61144B00221A62134B00225A62C6
:104460001148E2F7ABFE0346002B01D0FEF7A8FA95
:104470007B680D4ADA670C4A7B689363002205214A
:104480002720E5F7C6FF2720E5F7DDFF00BFF83757
:10449000BD4680BD0048004000440258000C025850
:1044A000648C042440000240DC8C0424A000024000
:1044B00080B582B000AF78607B681B68314A934258
:1044C0001BD1314BD3F8F0302F4A23F01003C2F840
:1044D000F0304FF4C0612D48E2F71AFD7B68D3F845
:1044E00080301846E3F7C6F97B68DB6F1846E3F7C0
:1044F000C1F92520E5F7B5FF3FE07B681B68244A3A
:1045000093421AD1204BD3F8E8301F4A23F40033EA
:10451000C2F8E83060211F48E2F7FAFC7B68D3F864
:1045200080301846E3F7A6F97B68DB6F1846E3F79F
:10453000A1F92620E5F795FF1FE07B681B68164A66
:1045400093421AD1104BD3F8E8300F4A23F480235A
:10455000C2F8E8304FF440710E48E2F7D9FC7B68AE
:10456000D3F880301846E3F785F97B68DB6F18468F
:10457000E3F780F92720E5F774FF00BF0837BD4651
:1045800080BD00BF001001400044025800000258E6
:1045900000440040000C02580048004080B400AFC6
:1045A00000BFFDE780B485B000AF074BDB6AFB605E
:1045B000054B9B6ABB60044B9B6B7B60024B5B6B48
:1045C0003B6000BFFDE700BF00ED00E080B400AF3E
:1045D00000BFFDE780B400AF00BFFDE780B400AFCF
:1045E00000BFFDE780B400AF00BFBD465DF8047BAF
:1045F000704780B500AF1020E2F7C5FD00BF80BD59
:1046000080B500AF0248E4F7B9FA00BF80BD00BF33
:10461000848A042480B500AF0248E4F7AFFA00BFF3
:1046200080BD00BFFC8A042480B500AF0248E4F7D7
:10463000A5FA00BF80BD00BF648C042480B500AF24
:104640000248E4F79BFA00BF80BD00BFC086042487
:1046500080B500AF0248E4F791FA00BF80BD00BF0B
:10466000748B042480B500AF0248E4F787FA00BFDA
:1046700080BD00BFEC8B042480B500AF0248E4F796
:104680007DFA00BF80BD00BFDC8C042480B500AF84
:104690000248E8F7BDFC00BF80BD00BF28850424A8
:1046A00080B500AF0248E8F7B3FC00BF80BD00BF93
:1046B000C885042480B500AF8020E2F764FD4FF484
:1046C0000070E2F760FD00BF80BD000080B500AF64
:1046D0000248EAF7F3FD00BF80BD00BF5C890424F7
:1046E00080B500AF4FF40060E2F74DFD4FF400409D
:1046F000E2F749FD00BF80BD80B500AF0248DCF79E
:10470000B7FB00BF80BD00BF548D042480B500AF4F
:104710000248DDF793FB00BF80BD00BFC8820424C0
:1047200080B500AF0248E4F729FA00BF80BD00BFA2
:10473000B084042480B500AF0248EAF7BFFD00BF93
:1047400080BD00BFF089042480B582B000AF0C4B5F
:10475000D3F8F4300A4A43F00203C2F8F430084BAD
:10476000D3F8F43003F002037B607B6800220F2152
:104770006FF00100E5F74DFE00BF0837BD4680BD74
:104780000044025880B590B000AF78607B680F2B72
:1047900027D8002279683720E5F73BFE3720E5F778
:1047A00052FE294A7B681360284BD3F8E830274A29
:1047B00043F02003C2F8E830244BD3F8E83003F08C
:1047C0002003FB60FB6807F1100207F11403114698
:1047D0001846DFF7ADFCBB6ABB63BB6B002B06D191
:1047E00001E001232BE0DFF777FCF86304E0DFF75B
:1047F00073FC03465B00FB63FB6B154AA2FB0323C0
:104800009B0C013B7B63134B134A1A60114B40F224
:10481000E732DA600F4A7B6B53600E4B00221A615D
:104820000C4B00229A600B48DCF752FA0346002B2F
:1048300004D10848DCF7A4FA034600E00123184637
:104840004037BD4680BD00BF080000240044025828
:1048500083DE1B43548D04240014004080B487B0D1
:1048600000AF7860144A154BD31A7B617B693B61BA
:10487000134B1B68002B02D1114B124A1A60104BCC
:104880001A687B6813443A699A4205D20E4B0C228F
:104890001A604FF0FF3309E0094B1B68FB60084BBF
:1048A0001A687B681344064A1360FB6818461C3775
:1048B000BD465DF8047B704700000824001000002E
:1048C000A08D0424D8CA0424D0CA042480B400AF24
:1048D00001231846BD465DF8047B704780B483B061
:1048E00000AF78603960054B16221A604FF0FF3335
:1048F00018460C37BD465DF8047B7047D0CA0424C7
:1049000080B582B000AF78604FF0FF317868FFF774
:10491000E5FF00BFFDE780B586B000AFF860B96085
:104920007A6000237B610AE0AFF300800146BB6838
:104930005A1CBA60CAB21A707B6901337B617A690A
:104940007B689A42F0DB7B6818461837BD4680BD0D
:1049500080B483B000AF78604FF0FF3318460C3757
:10496000BD465DF8047B704780B483B000AF7860CB
:1049700039603B684FF400525A60002318460C37E8
:10498000BD465DF8047B704780B483B000AF7860AB
:10499000012318460C37BD465DF8047B704780B490
:1049A00085B000AFF860B9607A600023184614370C
:1049B000BD465DF8047B7047DFF838D0DCF770F94E
:1049C000DCF7CEF80C480D490D4A002302E0D4581C
:1049D000C4500433C4188C42F9D30A4A0A4C002349
:1049E00001E013600432A242FBD320F04BFEFDF73E
:1049F000A7FD704700000824000000240C060024D6
:104A0000D86D050810060024D8CA0424FEE700006B
:104A100080B582B000AF0346FB71054B1868F91DE5
:104A200002230022ECF7DCFF00BF0837BD4680BD43
:104A3000E4B0042480B500AF002208490848E9F733
:104A400019F9002207490648E9F7F8F9064B9B6A6D
:104A50009AB2064B1A8000BF80BD00BFAC8D042403
:104A600048870424C08D042400400058C48D0424C9
:104A70002DE9B04F90B000AFC7E90201D7E90201BC
:104A80004FF47A724FF00003DBF7E6FD02460B4667
:104A90001346FB63D7E902014FF47A724FF000032B
:104AA000DBF7DAFD13467B870023FB6207F118036F
:104AB00000221A605A609A60DA601A61FB6B002269
:104AC0003B607A60D7E90023C7E9042307F11003AC
:104AD00018461FF099FE78637B6B002B66D07B6BCA
:104AE0005B69DBB2643BDBB287F82F307B6B1B6901
:104AF000DBB20133DBB287F82D307B6BDB68DBB2D6
:104B000087F82E307B6B9B68DBB20833DBB23B76D9
:104B10007B6B5B68DBB27B767B6B1B68DBB2BB7647
:104B200007F12C03002219462348E9F7FFF807F1A3
:104B30001803002219462048E8F7FEFF7B8F002269
:104B400098469146404649464FF000024FF0000318
:104B50004FEA092343EA18634FEA0822841A61EBFB
:104B60000305164B14EB030A45F1000B4FF47A7260
:104B70004FF0000350465946DBF76EFD02460B46E8
:104B800013467B860C48E9F777FA0B4B1B68CA2261
:104B90005A62094B1B6853225A62074B1B687A8E74
:104BA0009A62054B1B68FF225A6200E000BF403743
:104BB000BD46BDE8B08F00BF4887042418E4030059
:104BC00080B582B000AF00F011F8C7E90001D7E965
:104BD00000014FF47A724FF00003DBF73DFD02460F
:104BE0000B46104619460837BD4680BD2DE9B04F2B
:104BF00096B000AFFFF71EFF5B4BDB786433FB63BF
:104C0000594B5B78013BBB63574B9B787B63574B9E
:104C10001B78083B3B63554B5B78FB62534B9B789F
:104C2000BB6207F1280318461FF0CCFFC7E9140147
:104C3000D7E91423B3F1FF3F08BFB2F1FF3F06D11C
:104C40004FF000034FF00004C7E9083483E0484BFD
:104C50001B889BB200229A469346504659464FF015
:104C600000024FF000034FEA4B1343EADA634FEAC6
:104C70004A12841A61EB03054FF000024FF0000363
:104C8000AB0043EA9473A20014461D46B4EB0A033A
:104C9000BB6065EB0B03FB604FF000024FF00003BD
:104CA000D7E902452946CB00214643EA5173214604
:104CB000CA0030495118B96143F10003FB614FF05C
:104CC000FF024FF00003D7E90601DBF7C5FC0246FF
:104CD0000B461346A7F84E30D7E9140102460B469F
:104CE0004FF000044FF000055D0145EAD265540124
:104CF00022462B46B2EB000863EB01094FF000029D
:104D00004FF000034FEA890343EA98734FEA8802A1
:104D10009046994618EB00033B6049EB01037B602A
:104D20004FF000024FF00003D7E900452946CB00C1
:104D3000214643EA51732146CA00B7F84E100020BD
:104D400039617861D7E9044521465118396229460D
:104D500043EB01017962D7E9082310461946583719
:104D6000BD46BDE8B08F00BFC08D0424AC8D0424C7
:104D7000C48D042418E40300B0B58CB000AF786093
:104D80000023BB6207F1140300221A605A609A6084
:104D9000DA601A617B6800221C461546C7E90245A5
:104DA00007F1080318461FF02FFDF862FB6A5B69E4
:104DB000DBB2643BDBB287F82B30FB6A1B69DBB2EA
:104DC0000133DBB287F82930FB6ADB68DBB287F896
:104DD0002A30FB6A9B68DBB20833DBB23B75FB6AA7
:104DE0005B68DBB27B75FB6A1B68DBB2BB7507F1E6
:104DF0002803002219460748E8F798FF07F1140333
:104E0000002219460348E8F797FE00BF3037BD4639
:104E1000B0BD00BF4887042480B58AB000AFFFF75B
:104E200009FE104BDB786433BB610E4B5B78013BB2
:104E30007B610C4B9B783B610B4B1B78083BFB6009
:104E4000094B5B78BB60084B9B787B603B1D184629
:104E50001FF0B8FE02460B46104619462837BD46DD
:104E600080BD00BFC08D0424AC8D042480B483B009
:104E700000AF786039607A683B6862FA03F31846DD
:104E80000C37BD465DF8047B70470000B0B5CEB06E
:104E900000AF07F59C73A3F59A73186007F59C7330
:104EA000A3F59C7319600023C7F814310023C7F8D9
:104EB00010313FE007F59C73A3F59C731A68D7F88F
:104EC000103113441B781A06D7F81031013307F557
:104ED0009C71A1F59C7109680B441B781B041A4353
:104EE000D7F81031023307F59C71A1F59C71096860
:104EF0000B441B781B021343D7F81021033207F52C
:104F00009C71A1F59C7109680A44127843EA020178
:104F100007F59C73A3F59873D7F8142143F8221072
:104F2000D7F814310133C7F81431D7F810310433EE
:104F3000C7F81031D7F814310F2BBBD977E0D7F869
:104F400014319A1E07F59C73A3F5987353F8223019
:104F500011211846FFF78AFF0446D7F814319A1E2C
:104F600007F59C73A3F5987353F822301321184664
:104F7000FFF77CFF034684EA0302D7F81431991E39
:104F800007F59C73A3F5987353F821309B0A5A4098
:104F9000D7F81431D91F07F59C73A3F5987353F80C
:104FA0002130D418D7F81431A3F10F0207F59C7300
:104FB000A3F5987353F8223007211846FFF756FFE0
:104FC0000546D7F81431A3F10F0207F59C73A3F53A
:104FD000987353F8223012211846FFF747FF034613
:104FE00085EA0302D7F81431A3F10F0107F59C738A
:104FF000A3F5987353F82130DB085340E218D7F833
:105000001431A3F1100107F59C73A3F5987353F8BD
:105010002130D11807F59C73A3F59873D7F81421A4
:1050200043F82210D7F814310133C7F81431D7F8F8
:1050300014313F2B83D907F59C73A3F59A731B6832
:105040009B68C7F8343107F59C73A3F59A731B6806
:10505000DB68C7F8303107F59C73A3F59A731B68BA
:105060001B69C7F82C3107F59C73A3F59A731B686D
:105070005B69C7F8283107F59C73A3F59A731B6821
:105080009B69C7F8243107F59C73A3F59A731B68D5
:10509000DB69C7F8203107F59C73A3F59A731B6889
:1050A0001B6AC7F81C3107F59C73A3F59A731B683C
:1050B0005B6AC7F818310023C7F8143185E0062170
:1050C000D7F82401FFF7D2FE04460B21D7F82401BC
:1050D000FFF7CCFE03465C401921D7F82401FFF707
:1050E000C5FE034684EA0302D7F818311A44D7F8FC
:1050F0002011D7F81C315940D7F824311940D7F87E
:105100001C314B401A447249D7F8143151F82330FE
:105110001A4407F59C73A3F59873D7F8141153F844
:1051200021301344C7F80C310221D7F83401FFF7BE
:105130009DFE04460D21D7F83401FFF797FE034684
:105140005C401621D7F83401FFF790FE034684EA4D
:105150000302D7F83411D7F830311940D7F83401A9
:10516000D7F830311843D7F82C3103400B431344A0
:10517000C7F80831D7F81C31C7F81831D7F82031F3
:10518000C7F81C31D7F82431C7F82031D7F82821C7
:10519000D7F80C311344C7F82431D7F82C31C7F8AD
:1051A0002831D7F83031C7F82C31D7F83431C7F867
:1051B0003031D7F80C21D7F808311344C7F834310F
:1051C000D7F814310133C7F81431D7F814313F2B15
:1051D0007FF675AF07F59C73A3F59A731B689A6801
:1051E000D7F834311A4407F59C73A3F59A731B68FA
:1051F0009A6007F59C73A3F59A731B68DA68D7F871
:1052000030311A4407F59C73A3F59A731B68DA6072
:1052100007F59C73A3F59A731B681A69D7F82C31AC
:105220001A4407F59C73A3F59A731B681A6107F576
:105230009C73A3F59A731B685A69D7F828311A44EE
:1052400007F59C73A3F59A731B685A6107F59C7365
:10525000A3F59A731B689A69D7F824311A4407F5A5
:105260009C73A3F59A731B689A6107F59C73A3F569
:105270009A731B68DA69D7F820311A4407F59C73D2
:10528000A3F59A731B68DA6107F59C73A3F59A730B
:105290001B681A6AD7F81C311A4407F59C73A3F5EA
:1052A0009A731B681A6207F59C73A3F59A731B68BF
:1052B0005A6AD7F818311A4407F59C73A3F59A7304
:1052C0001B685A6200BF07F59C77BD46B0BD00BFA2
:1052D000D404050880B483B000AF786079684FF0DB
:1052E00000024FF00003C1E900237B680E4A9A6078
:1052F0007B680E4ADA607B680D4A1A617B680D4A4A
:105300005A617B680C4A9A617B680C4ADA617B6857
:105310000B4A1A627B680B4A5A6200BF0C37BD46C3
:105320005DF8047B704700BF67E6096A85AE67BB1E
:1053300072F36E3C3AF54FA57F520E518C68059B77
:10534000ABD9831F19CDE05B80B584B000AF786026
:1053500039607B68D3E90023134603F03F03FB6009
:10536000FB685A1CFA607A681344802283F828206C
:10537000FB68382B13D97B6803F12802FB68D0182F
:10538000FB68C3F140031A4600211FF002FA002314
:10539000FB607B68283319467868FFF777FD7B68E8
:1053A00003F12802FB68D018FB68C3F138031A46E2
:1053B00000211FF0EEF97B68D3E900014FF00002F5
:1053C0004FF00003CB0043EA5073C2007968C1E993
:1053D00000237B68D3E900014FF000024FF0000387
:1053E0000A0E0023D2B27B6883F860207B68D3E981
:1053F00000014FF000024FF000030A0C0023D2B26C
:105400007B6883F861207B68D3E900014FF00002DC
:105410004FF000030A0A0023D2B27B6883F86220AF
:105420007B68D3E900014FF000024FF000030A004F
:105430000023D2B27B6883F863207B68D3E9000144
:105440004FF000024FF00003020E42EA01220B0E61
:10545000D2B27B6883F864207B68D3E900014FF007
:1054600000024FF00003020C42EA01420B0CD2B2E0
:105470007B6883F865207B68D3E900014FF0000268
:105480004FF00003020A42EA01620B0AD2B27B68C3
:1054900083F866207B68D3E90023D2B27B6883F867
:1054A00067207B68283319467868FFF7EFFC0023F4
:1054B000BB6035E07B68BA68023253F822301A0EBE
:1054C000BB689B0019463B680B44D2B21A707B68DC
:1054D000BA68023253F82230190CBB689B000133C2
:1054E0003A681344CAB21A707B68BA68023253F839
:1054F0002230190ABB689B0002333A681344CAB2CF
:105500001A707B68BA68023253F82210BB689B009D
:1055100003333A681344CAB21A70BB680133BB60E4
:10552000BB68072BC6D97868FFF7D4FE00BF1037D9
:10553000BD4680BD2DE9B04386B000AFF860B960CC
:105540007A60BB687B61FB68D3E90023134603F0F4
:105550003F033B61FB68D3E90023796800200C46D8
:10556000054612EB040843EB0509FB68C3E9008913
:105570003B69002B37D07A683B6913443F2B0AD82C
:10558000FB6803F128023B6913447A68796918467D
:1055900020F0A9F831E0FB6803F128023B69D0183C
:1055A0003B69C3F140031A46796920F09CF83A69D7
:1055B0007B681344403B7B603B69C3F140037A69DD
:1055C00013447B61FB6828331946F868FFF75EFCDB
:1055D00009E07969F868FFF759FC7B68403B7B601C
:1055E0007B6940337B617B683F2BF2D8FB682833B3
:1055F0007A687969184620F076F81837BD46BDE814
:10560000B08380B586B000AFF860B9607A60FB689F
:1056100080333B617B68402B10D8FB687A68B9689F
:10562000184620F060F8FA687B68D0187B68C3F1F0
:1056300040031A4600211FF0ACF813E03869FFF769
:1056400049FE7A68B9683869FFF774FFFB68194644
:105650003869FFF779FEFB682033202200211846C5
:105660001FF097F800237B610EE0FA687B69134412
:105670001B7883F05C03D9B2FA687B6913440A464D
:105680001A707B6901337B617B693F2BEDD93869E7
:10569000FFF720FEFB68402219463869FFF74AFFF2
:1056A000FB6803F160003B6908332022194620F0B3
:1056B0001AF800237B610EE0FA687B6913441B78BB
:1056C00083F06A03D9B2FA687B6913440A461A70F8
:1056D0007B6901337B617B693F2BEDD93869FFF72B
:1056E000F9FDFB68402219463869FFF723FFFB6884
:1056F00003F140003B690833202219461FF0F3FFF5
:1057000000BF1837BD4680BD80B584B000AFF860DB
:10571000B9607A60FB6880337A68B9681846FFF729
:1057200009FF00BF1037BD4680BD80B584B000AF13
:10573000786039607B688033FB603968F868FFF710
:1057400003FEFB6803F108007B68603320221946E2
:105750001FF0C9FFF9684FF040024FF00003C1E9A4
:10576000002320223968F868FFF7E4FE3968F868FA
:10577000FFF7EAFDFB6803F108007B684033202255
:1057800019461FF0B0FFF9684FF040024FF00003D8
:10579000C1E9002300BF1037BD4680BD2DE9F043AD
:1057A00091B00AAF0023FB750FE0FA7D2D4B134437
:1057B0001A46FB7D1278D2B2103307F108010B4470
:1057C00003F8102CFB7D0133FB75FB7D0B2BECD913
:1057D0007B7B1D463B7BFA7AB97A787A3C7A0494D3
:1057E00003900291019200932B461F4A18211F48F3
:1057F0001EF03AFE1D491E481FF06DFF3B7A9E4683
:105800007B7A9846BB7A9946FB7A7B603A7B797BB8
:10581000B87BFC7B3D7C7E7C97F812C0C7F800C04B
:1058200097F813C0634608933B680793069605955F
:1058300004940390029101927B6800934B46424688
:1058400071460C481EF098FD08490B481EF094FD67
:1058500007490A481EF090FD00BF1C37BD46BDE851
:10586000F08300BF00E8F11FB4B30408F4AC0424D3
:105870000CAD0424D0B3040824B4040848B40408CC
:1058800080B582B000AF786079680020FBF798FFA0
:10589000FBF700FF00BF0837BD4680BD80B586B06E
:1058A00000AFF860B9607A601C4B1B68002B01D117
:1058B0007B682EE0194B1B684FF0FF311846EEF75E
:1058C000F6FFEFF739FE0023FB828023BB8214E052
:1058D000FB8A7A68D21ABB8A9342A8BF13467B829E
:1058E000FB8ABA68D1187A8A4FF0FF330C48E9F77F
:1058F000F5FAFA8A7B8A1344FB82FB8A7A689A4219
:10590000E6DCEFF74BFE054B1B681846EFF71AF87D
:105910007B6818461837BD4680BD00BF308404241C
:105920005C89042480B584B000AF3B461022194640
:105930000548FAF7B9FC3B46194604481EF01CFD21
:1059400000BF1037BD4680BD448204246CB40408F7
:1059500080B586B002AF3B1D00221A605A60134A20
:105960000221134812F094FA124A0321104812F04F
:105970008FFA3B1D002200920F4A10490C4812F08A
:1059800083FB0346FB73FB7B002B07D0FB7B194695
:105990000B481EF0F1FC4FF0FF3303E009481EF006
:1059A0005BFD002318461037BD4680BD9D2D0308C2
:1059B00010A60424C92D030884B4040890B4040874
:1059C00098B40408CCB4040880B58CB000AF07F1DB
:1059D0001403FB6211220021AC481EF0DAFEFB6AC0
:1059E000AA4A1A60FB6A11225A60FA6AA849A948B1
:1059F00010F028FAB862BB6A112B40F05F81A34B0C
:105A00001B7C012B40F05A81A04B1B781A069F4B40
:105A10005B781B041A439D4B9B781B0213439B4AE4
:105A2000D27813431A06994B1B781906974B5B786B
:105A30001B041943954B9B781B020B439349C97870
:105A40000B431B0203F47F031A43904B1B78190688
:105A50008E4B5B781B0419438C4B9B781B020B43CA
:105A60008A49C9780B431B0A03F47F431A43874BC7
:105A70001B781906854B5B781B041943834B9B7875
:105A80001B020B438149C9780B431B0E13433B6137
:105A90007E4B1B791A067D4B5B791B041A437B4BAB
:105AA0009B791B021343794AD27913431A06774B29
:105AB0001B791906754B5B791B041943734B9B7952
:105AC0001B020B437149C9790B431B0203F47F038B
:105AD0001A436E4B1B7919066C4B5B791B041943F7
:105AE0006A4B9B791B020B436849C9790B431B0A1C
:105AF00003F47F431A43654B1B791906634B5B79AB
:105B00001B041943614B9B791B020B435F49C97905
:105B10000B431B0E1343FB605C4B1B7A1A065B4B5B
:105B20005B7A1B041A43594B9B7A1B021343574A57
:105B3000D27A13431A06554B1B7A1906534B5B7ADC
:105B40001B041943514B9B7A1B020B434F49C97AE3
:105B50000B431B0203F47F031A434C4B1B7A1906B9
:105B60004A4B5B7A1B041943484B9B7A1B020B433D
:105B70004649C97A0B431B0A03F47F431A43434B3C
:105B80001B7A1906414B5B7A1B0419433F4B9B7AE6
:105B90001B020B433D49C97A0B431B0E1343BB60E9
:105BA0003A4B1B7B1A06394B5B7B1B041A43374B62
:105BB0009B7B1B021343354AD27B13431A06334B9C
:105BC0001B7B1906314B5B7B1B0419432F4B9B7BC3
:105BD0001B020B432D49C97B0B431B0203F47F03BC
:105BE0001A432A4B1B7B1906284B5B7B1B0419436A
:105BF000264B9B7B1B020B432449C97B0B431B0A8F
:105C000003F47F431A43214B1B7B19061F4B5B7B1D
:105C10001B0419431D4B9B7B1B020B431B49C97B78
:105C20000B431B0E13437B6007F1100319461A4800
:105C3000F0F7C6FC07F10C0319461748F0F708FD0A
:105C400007F1080319461448F0F74AFD1248F8F71F
:105C5000A9FC1148F0F732FE0F48F0F7C3FD0E4BD8
:105C600093F8313043F00203DAB20B4B83F8312062
:105C70000A4A7B6813600A4B01221A7009481EF019
:105C8000EBFB094B1B78002B10E000BFFCA50424A4
:105C9000FCB4040810A6042440820424F8A50424BB
:105CA000D8A5042404B50408E1A5042420D1134890
:105CB000FFF7E6FD124B01221A7019E01148F8F7C0
:105CC000BDFB114B00221A7010481EF0C5FB104B93
:105CD0003B600B4B1B78002B0BD13B461846FFF764
:105CE000CFFD074B01221A700A481EF0B5FB00E0F9
:105CF00000BF00BF3037BD4680BD00BFF8A50424FB
:105D0000E1A5042440820424D8A5042448B504084D
:105D1000C0A8000A84B5040880B586B000AF0B4B5C
:105D200001221A743B467B617B69084A1A607B69D1
:105D300011225A607A690649064811F0B5FC0648F6
:105D40001EF08AFB00BF1837BD4680BDFCA50424A9
:105D5000FCB4040810A60424A4B5040880B586B0D9
:105D600002AF3B1D00221A605A60134A02211348F9
:105D700012F08EF8124A0321104812F089F83B1DE8
:105D8000002200920F4A10490C4812F07DF9034698
:105D9000FB73FB7B002B07D0FB7B19460B481EF0E7
:105DA000EBFA4FF0FF3303E009481EF055FB0023E8
:105DB00018461037BD4680BD9D2D030880A90424D8
:105DC000C92D0308E8B50408F4B5040800B60408B2
:105DD00038B6040880B59AB000AF786007F11C03AC
:105DE0004422002118461EF0D4FC07F108037B660C
:105DF000184BFB6107F11C0304333F2279681846F6
:105E00001EF0EEFC002387F85F307B6E07F11C026A
:105E10001A607B6E44225A60EFF78EFB7A6E0E4951
:105E20000E4811F041FC034687F86330EFF7B6FBEC
:105E300097F86330002B06D097F86330194608486E
:105E40001EF09AFA03E0796806481EF095FA683762
:105E5000BD4680BD544245526CB6040880A9042456
:105E600078B60408B4B6040880B59AB000AF78607C
:105E7000396007F11C034422002118461EF089FCFA
:105E800007F108037B667B6E07F11C021A607B6ECC
:105E900044225A607A6E194919480FF0D3FF3866C8
:105EA0003B6E002B08D117481EF0D6FA1349144850
:105EB00011F020FB00231CE0FB69134A934208D039
:105EC00012481EF0C9FA0D490D4811F013FB0023CA
:105ED0000FE03B685A1E07F11C030433194678682B
:105EE0001EF07EFC3B68013B7A68134400221A7066
:105EF000012318466837BD4680BD00BF6CB6040854
:105F000080A90424E8B604085442455230B7040876
:105F100080B500AF0449054811F0ECFA04481EF0C2
:105F20009BFA00BF80BD00BF6CB6040880A90424A2
:105F300060B7040880B592B000AF3B464022002114
:105F400018461EF026FC3B4640211846FFF78CFF02
:105F5000034687F8473097F84730002B15D0E4F711
:105F60005BFB03460B4AA2FB03239B093B643A46B7
:105F70003B6C0949002004F0D9FC3B463A6C1946B9
:105F800006481EF0F9F9FFF7C3FF00BF4837BD46CA
:105F900080BD00BFD34D621088B7040898B70408CD
:105FA00080B500AF0C4B1B78DBB2002B03D10B4844
:105FB0001EF052FA0FE00A494FF000024FF00003C2
:105FC000C1E90023FBF7ECFB0346002B01D0FBF7F4
:105FD000B5FBFBF75FFB80BDD8A50424D0B7040850
:105FE000E8A50424F0B591B006AFC7E902017A60D4
:105FF0007B807B68002B02D07B88152B06D87B68C2
:10600000002B48D07B6800221A7044E0D7E90201D7
:106010004FF47A724FF00003DAF71EFB02460B468C
:10602000C7E90823D7E902014FF47A724FF0000361
:10603000DAF712FB1346FB61D7E90823C7E904230B
:1060400007F1100318461EF0DFFBB861BB69002B97
:1060500003D17B6800221A701EE07E88BB695B69F1
:1060600003F26C7CBB691B690133BA69D268B969F8
:106070008968B8694068BC692468FD69059504941D
:1060800003900291019200936346054A3146786875
:106090001EF0EAF900E000BF2C37BD46F0BD00BF9E
:1060A000F8B7040880B500AF144B1B68002B22D052
:1060B000124B1B684FF0FF311846EEF7F8FB104B00
:1060C0001B68002B11D00E4B1B68002200211846C4
:1060D000F8F73AF80A4B1B681846F8F755F8084BDA
:1060E00000221A6007481EF0B7F9044B1B681846D7
:1060F000EEF728FC00E000BF80BD00BF3884042418
:10610000CCA504241CB8040880B582B000AFFFF70A
:10611000C9FF3B4B1B684FF0FF311846EEF7C7FB3A
:10612000384B93F8313043F00203DAB2354B83F841
:106130003120F8F76BF878607B68002B0AD1324881
:106140001EF08AF92E4B1B681846EEF7FBFB4FF04A
:10615000FF3350E04CF250322C497868F7F76CFF6F
:106160000346FB7097F90330002B10D097F90330EA
:10617000194627481EF000F97868F8F705F8204B13
:106180001B681846EEF7DEFB4FF0FF3333E07B6809
:106190005B7A43F02003DAB27B685A72194B93F8AA
:1061A000313043F00203DAB2164B83F8312000227B
:1061B00018497868F7F7C8FF174A7B6813607B684F
:1061C0005B8A194615481EF0D7F87B685B7A03F0A6
:1061D0002003002B01D0124B00E0124B094A92F829
:1061E0003120194610481EF0C7F8054B1B681846A9
:1061F000EEF7A8FB002318460837BD4680BD00BF58
:1062000038840424408204243CB8040808030508A8
:1062100068B804084D770208CCA5042488B804089F
:10622000B0B80408B4B80408B8B8040880B5ADF52F
:10623000C06D00AF07F5C063A3F2FC53186007F50B
:10624000C063A3F2F45300221A60754A07F5C063D5
:10625000A3F5BE6312681A6007F5C063A3F5BE63B9
:106260001B68002B15D007F5C063A3F2F45307F5A4
:10627000C062A2F5BE6212681A6000BFFFF752FB4F
:1062800068481EF0E9F8FFF73FFF0346002B1FD1D7
:1062900007E065481EF0E0F84FF47A70EEF766FA12
:1062A000D3E740F6B830EEF761FA604B1B684FF069
:1062B000FF311846EEF7FBFA5D4B1B6800211846CC
:1062C00000F080F9594B1B681846EEF73BFB02E0E3
:1062D00058481EF0C1F8584B1B6807F1140164229E
:1062E0001846EBF7ADFD0346012B22D1504B1B683E
:1062F000002B03D151481EF0AFF890E04B4B1B68C8
:106300004FF0FF311846EEF7D2FA07F5C063A3F25B
:10631000EC53B3F8E42507F1140303F5BC6107F16E
:106320001403184600F0A4FB404B1B681846EEF718
:1063300009FB3B4A07F5C063A3F5BF6312681A6007
:1063400007F5C063A3F5BF631A6807F5C063A3F23E
:10635000F4531B689A4214BF01230023DBB287F871
:10636000FE3507F5C063A3F5BF631B68002B14BFA0
:1063700001230023DBB287F8FD35002387F8FF35C2
:1063800097F8FE35002B11D02D481EF065F801233B
:1063900087F8FF3507F5C063A3F2F45307F5C06231
:1063A000A2F5BF6212681A60FFF7BCFA97F8FD35D4
:1063B000002B06D1FFF776FE4FF47A70EEF7D6F990
:1063C0002DE097F8FF35002B85D0FFF76BFE4FF4DB
:1063D0004870EEF7CBF9FFF797FE0346002B16D176
:1063E00040F6B830EEF7C2F9104B1B684FF0FF31A2
:1063F0001846EEF75CFA0E4B1B680021184600F0B9
:10640000E1F80A4B1B681846EEF79CFA63E70D4863
:106410001EF022F84FF4FA60EEF7A8F900BF5AE731
:106420004482042408B90408E4B804083884042425
:10643000CCA5042434B9040800B1042460B90408CC
:1064400090B90408BCB9040880B58CB000AFC7E9A6
:1064500002017A603B603B68002B58D03B68012BFF
:1064600003D17B6800221A7052E00023FB62D7E957
:106470000223134308D1FB6A5A1CFA621A467B684E
:10648000134430221A703CE00023BB621DE0D7E9C0
:1064900002014FF00A024FF00003DAF7DDF8D2B242
:1064A000BB6A591CB9623032D2B230333B4403F874
:1064B000202CD7E902014FF00A024FF00003DAF76F
:1064C000CBF802460B46C7E90223D7E90223134360
:1064D000DDD10EE0BB6A013BBB62FB6A5A1CFA626B
:1064E0001A467B68134407F11001BA6A0A4412780D
:1064F0001A70BB6A002B04DD3B68013BFA6A9A42C2
:10650000E8DBFB6A7A68134400221A7000E000BFDF
:106510003037BD4680BD80B58CB000AFC7E9020101
:106520007A600023FB62D7E90223134308D1FB6A98
:106530005A1CFA621A467B68134430221A7037E0FC
:106540000023BB621DE0D7E902014FF00A024FF0C1
:106550000003DAF781F8D2B2BB6A591CB962303253
:10656000D2B230333B4403F8202CD7E902014FF07C
:106570000A024FF00003DAF76FF802460B46C7E94C
:106580000223D7E902231343DDD10EE0BB6A013BAE
:10659000BB62FB6A5A1CFA621A467B68134407F115
:1065A0001001BA6A0A4412781A70BB6A002BEDDC3B
:1065B000FB6A7A68134400221A7000BF3037BD4668
:1065C00080BD0000F0B5EDB00AAF07F5C473A3F5C8
:1065D000C27318600A4607F5C473A3F5C3731A8023
:1065E000444B1B684FF0FF311846EEF760F907F592
:1065F000C473A3F5C2731B68002B05D13D4B1B6808
:106600001846EEF79FF9F7E13B4B93F8313003F072
:106610000103002B08D139481DF01EFF354B1B68C4
:106620001846EEF78FF9E7E1334B93F8313043F03A
:106630000203DAB2304B83F831201CF0D9F9C7F8E5
:106640007C01FEF7BDFAC7E95C0107F59E732022C5
:10665000002118461EF09DF8294BC7F86C31D7F879
:106660006C311B781E46D7F86C3101331B781A4603
:10667000D7F86C3102331B781946D7F86C310333E5
:106680001B781C46D7F86C3104331B781D46D7F8AD
:106690006C3105331B7807F59E70049303950294C3
:1066A000019100923346174A20211DF0DDFE4FF480
:1066B0000072002114481EF06CF807F59273002256
:1066C0001A605A609A60DA601A611A7507F5927357
:1066D0001A46D7E95C01FFF71EFF0C4B1B78DBB2B3
:1066E000002B17D00A4BC7F884310123C7F880313B
:1066F00016E000BF3884042440820424ECB9040866
:106700006A82042420BA0408C8910424D8A5042469
:1067100040BA0408BA4BC7F884310023C7F8803167
:10672000B84B01221A60B848F9F7AEFD07F5C473FB
:10673000A3F5C3731B88B34A1268B449089107F5DF
:1067400092710791B249069105920493B14B03935C
:1067500007F59E730293D7F884310193AE4B0093F3
:106760000346AE4A40F2FF11AD481DF07DFE07F52D
:1067700082732022002118461EF00BF807F118033F
:106780002022A8491846FEF73CFFA548DAF790F901
:10679000024607F11803A2491846FEF7B5FF07F5B0
:1067A000827207F1180311461846FEF7BEFF07F57F
:1067B000C473A3F5BE7300221A605A601A7297F868
:1067C00004311C4697F8053197F8062197F8071110
:1067D00007F10C000291019200932346924A09218D
:1067E0001DF042FE89481CF0EBF803461A468F491B
:1067F000D7F87C011CF088F807F59E7318461CF04A
:10680000DFF803461A468A49D7F87C011CF07CF869
:106810007F481CF0D5F803461A468649D7F87C0114
:106820001CF072F87B481CF0CBF803461A468249EC
:10683000D7F87C011CF068F877481CF0C1F80346D3
:106840001A467E49D7F87C011CF05EF86E48F9F7CD
:106850001BFD034618461CF0B3F803461A46784958
:10686000D7F87C011CF050F8D7F880011CF070F8C4
:1068700003461A467349D7F87C011CF045F807F522
:10688000C473A3F5C3731B8807EE903AB8EE677B19
:10689000B0EE470B1CF074F803461A466A49D7F865
:1068A0007C011CF031F8D7E95C01D9F79FFE024664
:1068B0000B4643EC102B1CF063F803461A46634961
:1068C000D7F87C011CF020F84E4B1B6807EE903A7D
:1068D000B8EE677BB0EE470B1CF052F803461A4641
:1068E0005B49D7F87C011CF00FF807F10C03184640
:1068F0001CF066F803461A465649D7F87C011CF08E
:1069000003F8D7F87C011BF0A9F8C7F86801D7F89D
:106910006831002B67D0D7F868114F481DF02CFD67
:10692000D7F86801DAF7C4F80346A7F86631B7F874
:1069300066310133A7F86431B7F864314FF4C1729E
:1069400019463620F0F71EF9C7F86001B7F8643130
:10695000B3F5B86F0BD941481DF07EFDD7F868013B
:106960001AF076F8D7F87C011AF056F944E0D7F817
:106970006031002B2BD0D7F860315B68B7F8662107
:10698000D7F8681118461EF0AEFED7F860315A6885
:10699000B7F8663113440A221A7007F5C473A3F5D9
:1069A000C2704CF250332E4AD7F860110068F7F7E6
:1069B0008DF9034687F85F3197F95F311946294809
:1069C0001DF0DAFCD7F86001F0F7C0FB02E02648C2
:1069D0001DF042FDD7F868011AF03AF8094B1B6820
:1069E0000133084A1360D7F87C011AF015F91F4BE0
:1069F0001B681846EDF7A6FF07F5C677BD46F0BD44
:106A000048BA04087C00002444820424D0BA040854
:106A1000F4AC0424E0BA0408F0BA040850BA04083C
:106A2000C8910424F8BA04081CBB040830BB04084D
:106A300038BB04083CBB040840BB040848BB04083E
:106A400058BB040860BB04086CBB040874BB040892
:106A500078BB04087CBB040884BB0408A4BB0408FE
:106A60000C030508C8BB0408F4BB040838840424DC
:106A70002DE9F04FADF52B7D0AAF07F52073A3F597
:106A80001973186007F52073A3F51A73196007F5D9
:106A90002073A3F26A231A8007F52073A3F51973F4
:106AA0001968B9481DF068FC07F52073A3F5197340
:106AB00018681AF0C5FFC7F87C02D7F87C32002BA3
:106AC00000F03186B149D7F87C021BF0C9FEC7F847
:106AD0007802D7F87832002B05D1D7F87C021AF06B
:106AE0009BF800F021BED7F878321B69A8491846F8
:106AF000D9F780FF0346002B40F03483A549D7F82F
:106B00007C021BF0ADFEC7F83802A349D7F87C021F
:106B10001BF0A6FEC7F83402A049D7F87C021BF090
:106B20009FFEC7F830029E49D7F87C021BF098FE02
:106B3000C7F82C029B49D7F87C021BF091FEC7F8DE
:106B40002802D7F83832002B00F0DB85D7F838322E
:106B5000DB68042B40F0D585D7F83432002B00F0E9
:106B6000D285D7F83432DB68042B40F0CC85D7F8D7
:106B70003032002B00F0C985D7F83032DB68032BA8
:106B800040F0C385D7F82C32002B00F0C085D7F831
:106B90002C32DB68032B40F0BA85D7F82832002B63
:106BA00000F0B785D7F82832DB68042B40F0B185B8
:106BB000D7F838321B697C491846D9F71BFF0346C2
:106BC000002B40F0A885FDF7FBFFC7E98801D7E956
:106BD0008845D7F83032D3E9062310461946D9F74D
:106BE00053FD02460B46A11AB96065EB0303FB6037
:106BF000D7E90223002B07DA00215042386061EB0D
:106C000003037B60D7E90023C7E98623D7E98623FE
:106C10003D2A73F1000302DB64481DF01DFCD7F828
:106C20002C3293ED067BFCEEC77B17EE903AC7F84B
:106C300014325F4B1B68D7F814229A4202D15D4888
:106C40001DF00AFC5A4AD7F8143213604FF4007250
:106C5000002159481DF09DFD07F52073A3F5CC7365
:106C600000221A605A609A60DA601A611A75D7F8C1
:106C70003032D3E9062310461946D9F71DFD0246E6
:106C80000B46C7E9822307F1E8031A46D7E98201D8
:106C9000FFF741FCD7F838321969D7F834321B694D
:106CA0003B4A039207F1E8020292D7F814220192BC
:106CB00000930B46414A40F2FF113F481DF0D4FBC0
:106CC00007F52073A3F51773184620231A460021F1
:106CD0001DF05FFD07F58073202239491846FEF745
:106CE00090FC3548D9F7E4FE024607F58073324937
:106CF0001846FEF709FD07F1240207F580731146D7
:106D00001846FEF712FD07F52073A3F5D273002293
:106D10001A605A601A7207F52073A3F517731B786F
:106D20001C4607F52073A3F517735B781A4607F521
:106D30002073A3F517739B78194607F52073A3F505
:106D40001773DB7807F1DC00029301910092234670
:106D50001C4A09211DF088FBD7F828321B6907F16E
:106D6000DC0211461846D9F745FE0346002B2DD00C
:106D7000D7F828321A6907F1DC03194612481DF0CA
:106D8000FBFA00F0CBBC00BF1CBC040830BB0408FD
:106D90003CBC040850BC040858BC040874BB04087C
:106DA00078BB04087CBB040864BC040870BC0408FD
:106DB000D0A5042494BC0408C88D0424C4BC0408D1
:106DC000F8BA04081CBB040808BD04081BF010FE38
:106DD000C7F80402C74BC7F80032D7F800321B7857
:106DE0001E46D7F8003201331B781A46D7F8003216
:106DF00002331B781946D7F8003203331B781C4640
:106E0000D7F8003204331B781D46D7F8003205331B
:106E10001B7807F1440004930395029401910092BA
:106E20003346B54A20211DF01FFBB4481BF0C8FDB6
:106E300003461A46B249D7F804021BF065FD07F174
:106E4000440318461BF0BCFD03461A46AD49D7F86B
:106E500004021BF059FDAC481BF0B2FD03461A4674
:106E6000AA49D7F804021BF04FFDA9481BF0A8FD62
:106E700003461A46A749D7F804021BF045FDA64869
:106E80001BF09EFD03461A46A449D7F804021BF0E6
:106E90003BFDA348F9F7F8F9034618461BF090FDAF
:106EA00003461A469F49D7F804021BF02DFDFDF753
:106EB00087FEC7E97E01D7E97E01D9F797FB024635
:106EC0000B4643EC102B1BF05BFD03461A4696491C
:106ED000D7F804021BF018FD944B1B6807EE903A9C
:106EE000B8EE677BB0EE470B1BF04AFD03461A462F
:106EF0008F49D7F804021BF007FD4FF40072002100
:106F00008C481DF046FC07F52073A3F5DE730022C4
:106F10001A605A609A60DA601A611A7507F1C40340
:106F20001A46D7E97E01FFF7F6FA7D48F9F7ACF982
:106F300001467E4B1B68714A069207F1C402059216
:106F4000714A049203937C4B029307F1440301932B
:106F5000714B00930B46794A40F2FF1175481DF0C2
:106F600083FA07F52073A3F50773184620231A4602
:106F700000211DF00EFC07F5807320227049184691
:106F8000FEF73FFB6B48D9F793FD024607F5807388
:106F900068491846FEF7B8FB07F1640207F58073ED
:106FA00011461846FEF7C1FB07F52073A3F5E473FD
:106FB00000221A605A601A7207F52073A3F507734E
:106FC0001B781C4607F52073A3F507735B781A46F8
:106FD00007F52073A3F507739B78194607F520730F
:106FE000A3F50773DB7807F1B800029301910092D3
:106FF0002346544A09211DF037FA07F1B803194610
:1070000051481DF0B9F907F1B80318461BF0D8FC38
:1070100003461A464D49D7F804021BF075FCD7F811
:1070200004021AF01BFDC7F8F401D7F8F431002B65
:107030005BD0D7F8F41146481DF09EF9D7F8F4015B
:10704000D9F736FD0346A7F8F231B7F8F23101332C
:10705000A7F8F0313F4B1B684FF0FF311846EDF7B2
:1070600026FCB7F8F0314FF4C17219463620EFF71D
:1070700089FDC7F8EC01D7F8EC31002B27D0D7F801
:10708000EC315B68B7F8F221D7F8F41118461EF01E
:107090002AFBD7F8EC315A68B7F8F23113440A22C8
:1070A0001A702D4B18684CF250332C4AD7F8EC115B
:1070B000F6F70CFE034687F8EB3197F9EB311946EA
:1070C00027481DF059F9D7F8EC01F0F73FF8214BAC
:1070D0001B681846EDF736FCD7F8F40119F0B8FC38
:1070E000124B1B680133114A1360D7F8040219F0E0
:1070F00093FD13E36A82042420BA040840BD040807
:1071000030BB040838BB0408F4AC04243CBB0408BE
:1071100054BD040840BB0408F0BA040848BB040886
:107120004482042458BB040874BB04087C00002477
:1071300078BB0408C88F0424E0BA040864BD0408BE
:10714000F8BA04081CBB0408C8BD04087CBB0408CA
:1071500084BB040838840424CCA504240C0305084B
:10716000F4BD0408D7F878321B6962491846D9F78C
:1071700041FC0346002B40F0D0825F49D7F87C02E7
:107180001BF06EFBC7F874025C49D7F87C021BF059
:1071900067FBC7F870025A49D7F87C021BF060FB06
:1071A000C7F86C025749D7F87C021BF059FBC7F8A7
:1071B00068025549D7F87C021BF052FBC7F86402FD
:1071C0005249D7F87C021BF04BFBC7F860025049CC
:1071D000D7F87C021BF044FBC7F85C024D49D7F896
:1071E0007C021BF03DFBC7F858024B49D7F87C02E4
:1071F0001BF036FBC7F854024849D7F87C021BF055
:107200002FFBC7F85002D7F87432002B23D0D7F8E1
:107210007032002B1FD0D7F86C32002B1BD0D7F860
:107220006832002B17D0D7F86432002B13D0D7F870
:107230006032002B0FD0D7F85C32002B0BD0D7F880
:107240005832002B07D0D7F85432002B03D0D7F890
:107250005032002B03D132481DF0FEF85EE207F5F4
:107260002073A3F50F73184620231A4600211DF042
:1072700090FA2C4B93F82A301E462A4B93F82B3069
:107280001A46284B93F82C301946264B93F82D308C
:107290001C46244B93F82E301D46224B93F82F307A
:1072A00007F1440004930395029401910092334640
:1072B0001D4A20211DF0D8F8D7F874321B6907F158
:1072C000440211461846D9F795FB0346002B03D01C
:1072D00016481DF0C1F821E2D7F870321B69144935
:1072E0001846D9F787FB0346002B25D011481DF01F
:1072F000B3F813E214BE040820BE04082CBE040830
:1073000038BE04083CBE040844BE04084CBE040851
:1073100054BE040874BB040878BB04087CBB040892
:1073200060BE04084082042420BA040888BE040811
:10733000F4AC0424B4BE0408FDF742FCC7E9920192
:10734000D7E99245D7F85832D3E9062310461946B3
:10735000D9F79AF902460B46B4EB020A65EB030B28
:1073600052465B46002B06DA0021D2F1000861EBA1
:10737000030942464B46C7E99023D7E990233D2AAB
:1073800073F1000302DBAD481DF066F8D7F8543204
:1073900093ED067BFCEEC77B17EE903AC7F83C32C4
:1073A000A74B1B68D7F83C229A4202D1A5481DF092
:1073B00053F8A34AD7F83C3213604FF4007200210F
:1073C000A1481DF0E6F907F52073A3F5F07300223C
:1073D0001A605A609A60DA601A611A75D7F85832E2
:1073E000D3E9062310461946D9F766F907F1A00339
:1073F0001A46FFF790F8D7F864321B69BB60D7F8DC
:1074000060321B69D7F85C221269D7F86C120969DF
:10741000D7F868020069D7F874422469D7F8705227
:107420002D698A4E089607F1A006079606950594E1
:10743000D7F83C4204940390029101920093BB68F8
:10744000834A40F2FF1180481DF00EF807F52073C3
:10745000A3F50773184620231A4600211DF099F959
:1074600007F5807320227B491846FEF7CAF8764854
:10747000D9F71EFB024607F5807373491846FEF7DD
:1074800043F907F1640207F5807311461846FEF7C9
:107490004CF907F52073A3F5F67300221A605A60C1
:1074A0001A7207F52073A3F507731B781C4607F5BE
:1074B0002073A3F507735B781A4607F52073A3F5CD
:1074C00007739B78194607F52073A3F50773DB78DC
:1074D00007F1940002930191009223465E4A09212C
:1074E0001CF0C2FFD7F850321B6907F19402114615
:1074F0001846D9F77FFA0346002B09D0D7F8503247
:107500001A6907F19403194654481CF035FF05E148
:10751000D7F86C321B6907F1900211461846F8F74C
:1075200089FDD7F868321B6907F18C0211461846AD
:10753000F8F780FDD7F864321B6907F1880211461D
:107540001846F8F777FDD7F860321B6907F1840217
:1075500011461846F8F76EFD07F1900319464048AA
:10756000EFF72EF807F18C0319463D48EFF770F856
:1075700007F1880319463A48EFF7B2F8394A07F598
:107580002073A3F5FE731B681360374B01221A703A
:1075900007F52073A3F5F8731B68344A136007F5E9
:1075A0002073A3F5FA731B68304A536007F5207304
:1075B000A3F5FC731B682D4A936007F52073A3F5B0
:1075C000FE731B68294AD360FEF7A6FB2448F6F732
:1075D000E9FF2348EFF772F92148EFF703F9204B51
:1075E00093F8313043F00203DAB21D4B83F83120B7
:1075F0001F4B1B68002B0CD01E481CF02DFF1E4B90
:1076000001221A70E3F708F802461C4B13441C4A87
:1076100013601C481CF020FFFEF784F94FF49670AD
:10762000EDF7A4F8184B1B78002B2FD10D48FEF76F
:1076300027F9154B01221A7035E000BF70BC040811
:10764000D0A5042494BC0408C88D042414BE0408E6
:10765000D8BE0408F8BA04081CBB040808BD040816
:1076600040820424F8A50424D8A50424FCA50424FD
:10767000C8A5042464BF0408F0AC042478ECFFFF20
:10768000DCA5042490BF0408E1A50424FAF756F809
:107690002848FEF7F5F82748F8F7F6FD034619469F
:1076A00025481CF069FE254B1B68002B25D0FEF7F2
:1076B000F9FC4FF4FA70EDF759F8FEF725FD034693
:1076C000002B16D140F6B830EDF750F81B4B1B6875
:1076D0004FF0FF311846EDF7EAF8194B1B6802210D
:1076E0001846FEF76FFF154B1B681846EDF72AF991
:1076F00014E014481CF0B0FE10E013481CF0ACFE7F
:107700000CE000BF0AE000BF08E000BF06E000BFD9
:1077100004E000BF02E000BF00E000BFD7F87C0239
:1077200019F07AFA00E000BF07F52177BD46BDE801
:10773000F08F00BFF8A50424CCBF040838840424CB
:10774000CCA50424F8BF040828C0040890B5ADF205
:107750000C6D00AF07F5C164A4F2FC54206007F57E
:10776000C160A0F5C060016007F5C161A1F20461CC
:107770000A6007F5C162A2F5C162136007F5C16333
:10778000A3F204631B68002B6CD0394B1B68002BE1
:1077900007D107F5C163A3F204631868EFF7D6FCBD
:1077A00061E007F5C163A3F204631B681B89A7F8B6
:1077B0000636B7F8063640F2DB52934228BF13462E
:1077C000A7F80436B7F8042607F1140107F5C163DA
:1077D000A3F2046000230068EFF7BEFEB7F804369A
:1077E00007F5C162A2F2F4520021D15407F5C1633A
:1077F000A3F2F453B7F80426A3F8DC2507F5C16318
:10780000A3F5C1631B68C7F8003607F5C163A3F28F
:10781000F453D7F800261268C3F8E02507F5C163D2
:10782000A3F2F453B7F81826A3F8E425104B186810
:1078300007F1140100230022EAF7D2F8C7F8FC058B
:10784000D7F8FC35012B05D0B7F80436194609489E
:107850001CF092FD07F5C163A3F204631868EFF70B
:1078600075FC00E000BF07F20C67BD4690BD00BF8D
:1078700000B1042454C0040880B584B000AF2A4B82
:107880001B684FF0FF311846EDF711F80346FB7205
:1078900097F90B30002B42D1244B1B68002B34D0BE
:1078A000224B1B681846F0F759FA21481CF0D4FD0A
:1078B0001E4B00221A601F4B00221A701E4B002222
:1078C0001A701E481CF0C8FD0023FB600BE07B68AB
:1078D000002B08D07B681846EDF7C4FBFB6801332A
:1078E000FB6000237B60164B1B68391D0022184685
:1078F000EAF7A6FA0346012BE9D0F96811481CF013
:107900003BFD1420EBF7ECF800E000BF0E4B00222B
:107910001A70054B1B681846EDF714F800E000BF1D
:107920001037BD4680BD00BF3C840424C8A5042494
:1079300084C00408E0A50424F0A50424BCC0040805
:1079400004B10424DCC00408F0AC042490B591B068
:1079500002AF78604FF4FA637B6341F288333B6394
:10796000E2F75AFE0346824A1360824B1B78DBB271
:10797000002B0FD0FFF780FFE2F74EFE03467C4A54
:107980001360E2F749FE03467B4A13606420ECF77C
:10799000EDFEECE0794B1B78DBB2002B11D1784B7C
:1079A00000221A60744B00221A60E2F735FE03468B
:1079B0006F4A1360FFF760FF4FF4FA70ECF7D6FEE2
:1079C000D5E0704B1B68002B4FD06F4B1B78DBB2A0
:1079D000012B4AD1694B1B78DBB2012B45D1E2F771
:1079E0001BFEF862624B1B68FA6AD31A44F61F62E8
:1079F00093422ED95E4AFB6A1360644B1B78DBB25C
:107A0000012B06D962481CF027FD5A4B01221A703F
:107A1000ADE05E4B1B78DBB20133DAB25B4B1A7020
:107A20005A4B1B78DBB2022219465A481CF0A4FCC0
:107A300007F10C031422002118461CF0AAFE07F1DE
:107A40000C03184600F096F907F10C03184600F0F5
:107A5000E3F9514B1B78012B07D1FEF76BFA4E4B24
:107A600000221A704D4B01221A70464B1B68002BE6
:107A70007AD1434B1B68002B09D1E2F7CDFD0346B9
:107A80003F4A1360E2F7C8FD03463B4A1360E2F742
:107A9000C3FDB8623A4B1B68BA6AD31A7A6B9A4232
:107AA00006D8354B1B68BA6AD31A3A6B9A4203D987
:107AB0006420ECF75BFE5AE0324B1B68002B01D0D0
:107AC000FFF7DAFEF1F77EF978627B6A002B3FD090
:107AD0007B6A334AC3F89020324B1B781946324BED
:107AE0001B781846314B1B781C46314B1B781A46C5
:107AF0004CF25A3301930092234602462D481CF063
:107B00003BFC2D4B4CF25A322649786AF0F722FAA8
:107B1000034687F8233097F92330002B14D0786A76
:107B2000F0F71CF900237B62174B00221A70144BEC
:107B300000221A60E2F770FD03460F4A136040F21C
:107B4000DC50ECF713FE0FE00E4A7B6A13600BE08B
:107B50001A481CF081FCE2F75FFD0346064A1360F9
:107B60004FF4FA60ECF702FE0A20ECF7FFFDFCE6AA
:107B7000F4A50424F0AC042428AD0424D8A50424DE
:107B80002CAD0424C8A50424E0A50424F0A50424F5
:107B900004C1040840C1040824AD042425AD042414
:107BA000C17B0208F8A50424F9A50424FAA504243D
:107BB000FBA5042468C10408F17B0208A8C10408DD
:107BC00080B582B000AF78600B46FB70064B012297
:107BD0001A7097F90330194604481CF0CDFB00BF1A
:107BE0000837BD4680BD00BFF0AC0424D4C10408F2
:107BF00080B584B000AFF860B9601346FB7197F9A7
:107C00000730002B34D02F4B1B680A211846ECF7A5
:107C10004EFE0346012B22D1BB68002B1AD02A4B03
:107C20001B68BA689A4215D1B868F0F797F8264BE6
:107C300000221A60254B00221A70254B00221A7070
:107C4000E2F7EAFC0346234A1360E2F7E5FC034649
:107C5000214A13601B4B1B681846ECF773FE1F4B41
:107C600001221A701E481CF0F7FB97F9073025E037
:107C7000154ABB681360154B01221A70144B002281
:107C80001A70E2F7C9FC0346124A136015481CF04B
:107C9000E3FBBB685B8B43F040039AB2BB685A833B
:107CA0001149B868F1F796F802F04CFB0F4B1B78BE
:107CB000002B02D10E4B01221A70002318461037F8
:107CC000BD4680BD3C840424C8A50424E0A504244A
:107CD000F0A50424F4A50424DCA50424F0AC0424B9
:107CE00004C2040830C20408F57C020825AD04244F
:107CF00024AD042480B586B000AFF860B9607A6026
:107D0000FB7097F90330002B02D17B68002B05D163
:107D1000164B01221A706FF00E0322E04FF400623E
:107D2000002113481CF035FD7B685B8940F2FF722F
:107D3000934228BF1346FB827B685B68FA8A194628
:107D40000B481DF0D0FC0A49B86801F071FD7B6852
:107D50005B891946B868F0F767F87868EFF7F6F9C5
:107D6000002318461837BD4680BD00BFF0AC042480
:107D7000C89D042480B58EB000AF78607B68002B6E
:107D800044D01422002178681CF003FD07F1080399
:107D9000184605F0EBFC0346002B38D03A7A7B6896
:107DA0001A7097F820207B685A7097F831207B680A
:107DB0009A7097F832207B68DA70D7ED097A9FEDD8
:107DC000157A67EE877AFDEEE77A17EE902A7B68E0
:107DD0005A60D7ED0A7A9FED0F7A67EE877AFDEE4B
:107DE000E77A17EE902A7B689A60D7ED0B7A9FEDC1
:107DF000097A67EE877AFCEEE77A17EE902A7B68BD
:107E0000DA6097F830207B681A7400E000BF3837DA
:107E1000BD4680BD0000C84290B5D7B004AF07F59D
:107E2000A473A3F5A273186007F5A473A3F5A27356
:107E30001B68002B00F0BF82894B1B68002B00F0F1
:107E4000BA82884B1B78DBB2012B40F0B4821AF067
:107E5000CFFDC7F84401FCF7B3FEC7E94E011AF0A5
:107E6000C7FDC7F8340180481AF0AAFD03461A4638
:107E70007E49D7F834011AF047FD1AF0B9FDC7F86A
:107E8000300107F5A473A3F5A2731B68DB6807EE46
:107E9000903AB8EE677BB0EE470B1AF071FD0346DF
:107EA0001A467349D7F830011AF02EFD07F5A4736E
:107EB000A3F5A2731B689B6807EE903AB8EEE77BC8
:107EC000B0EE470B1AF05CFD03461A466949D7F835
:107ED00030011AF019FD07F5A473A3F5A2731B680E
:107EE0005B6807EE903AB8EEE77BB0EE470B1AF00E
:107EF00047FD03461A466049D7F830011AF004FDE1
:107F000007F5A473A3F5A2731B689B7807EE903A5C
:107F1000B8EE677BB0EE470B1AF032FD03461A4607
:107F20005649D7F830011AF0EFFC07F5A473A3F512
:107F3000A2731B68DB7807EE903AB8EE677BB0EE71
:107F4000470B1AF01DFD03461A464D49D7F830017C
:107F50001AF0DAFC07F5A473A3F5A2731B681B786B
:107F600007EE903AB8EE677BB0EE470B1AF008FDCB
:107F700003461A464349D7F830011AF0C5FC07F505
:107F8000A473A3F5A2731B685B7807EE903AB8EE72
:107F9000677BB0EE470B1AF0F3FC03461A463A49EA
:107FA000D7F830011AF0B0FC07F5A473A3F5A2735B
:107FB0001B681B7C07EE903AB8EE677BB0EE470B70
:107FC0001AF0DEFC03461A463049D7F830011AF0A1
:107FD0009BFCD7F830212E49D7F834011AF094FCD5
:107FE0002C4B1B6807EE903AB8EE677BB0EE470B60
:107FF0001AF0C6FC03461A462749D7F834011AF08E
:1080000083FCD7E94E01D8F7F1FA02460B4643EC60
:10801000102B1AF0B5FC03461A462049D7F8340154
:108020001AF072FC1E481AF0CBFC03461A461D4992
:10803000D7F834011AF068FCD7F8340119F00EFDB6
:10804000C7F82C01D7F82C31002B2DD1D7F83401EB
:1080500018F0E2FDD7F8440118F0DEFDACE100BFF6
:10806000C8A50424E0A504240CAD042450C20408CF
:108070005CC2040870C204087CC204088CC20408F4
:108080009CC20408ACC20408B8C20408C4C20408F4
:10809000D0C204087800002478BB040874BB04082C
:1080A000E0C2040830BB040807F138032022C449A9
:1080B0001846FDF7A6FAD7F82C01D8F7F9FC0246C6
:1080C00007F13803D7F82C111846FDF71DFB07F10F
:1080D000180207F1380311461846FDF726FB07F58D
:1080E000A473A3F598731B781C4607F5A473A3F536
:1080F00098735B781A4607F5A473A3F598739B7879
:10810000194607F5A473A3F59873DB7807F10C0003
:108110000293019100922346AA4A09211CF0A4F976
:10812000A9481AF04DFC03461A46A849D7F844015D
:108130001AF0EAFBA6481AF043FC03461A46A54982
:10814000D7F844011AF0E0FB1AF052FCC7F82801F6
:1081500007F5A473A3F5A2731B68DB6807EE903ADA
:10816000B8EE677BB0EE470B1AF00AFC03461A46DE
:108170009949D7F828011AF0C7FB07F5A473A3F5AE
:10818000A2731B689B6807EE903AB8EEE77BB0EEEF
:10819000470B1AF0F5FB03461A469049D7F8280119
:1081A0001AF0B2FB07F5A473A3F5A2731B685B6812
:1081B00007EE903AB8EEE77BB0EE470B1AF0E0FB23
:1081C00003461A468649D7F828011AF09DFB07F5A1
:1081D000A473A3F5A2731B689B7807EE903AB8EEE0
:1081E000677BB0EE470B1AF0CBFB03461A467D497E
:1081F000D7F828011AF088FB07F5A473A3F5A2733A
:108200001B68DB7807EE903AB8EE677BB0EE470B61
:108210001AF0B6FB03461A467349D7F828011AF03C
:1082200073FB07F5A473A3F5A2731B681B7807EE15
:10823000903AB8EE677BB0EE470B1AF0A1FB03460D
:108240001A466A49D7F828011AF05EFB07F5A473AD
:10825000A3F5A2731B685B7807EE903AB8EE677BD4
:10826000B0EE470B1AF08CFB03461A466049D7F86C
:1082700028011AF049FB07F5A473A3F5A2731B6844
:108280001B7C07EE903AB8EE677BB0EE470B1AF016
:1082900077FB03461A465749D7F828011AF034FBF2
:1082A000D7F828215449D7F844011AF02DFB534B35
:1082B0001B6807EE903AB8EE677BB0EE470B1AF0FA
:1082C0005FFB03461A464E49D7F844011AF01CFBDF
:1082D000D7E94E01D8F78AF902460B4643EC102B3A
:1082E0001AF04EFB03461A464649D7F844011AF0E5
:1082F0000BFB07F10C0318461AF062FB03461A4603
:108300004149D7F844011AF0FFFAD7F8440119F0AF
:10831000A5FBC7F82401D7F82431002B3ED0D7F8AD
:108320002401D8F7C5FB034601331846ECF7CCFD12
:10833000024607F5A473A3F5A0731A6007F5A473AA
:10834000A3F5A0731B68002B1FD007F5A473A3F53A
:10835000A0731B68D7F8241118461DF0BCF92B4BED
:10836000186807F1080100230022E9F739FB0346EA
:10837000012B0AD007F5A473A3F5A0731B68184658
:10838000ECF770FE22481CF067F8D7F8240118F0CB
:108390005FFB1A4B1B680133184A1360D7F82C0196
:1083A00018F056FBD7F8340118F036FCD7F8440122
:1083B00018F032FC00E000BF07F5A677BD4690BD7F
:1083C000F8BA04081CBB0408E0C2040830BB040867
:1083D0000CAD042450C204085CC2040870C2040836
:1083E0007CC204088CC204089CC20408ACC2040805
:1083F000B8C20408C4C20408D0C20408780000242B
:1084000078BB040874BB04087CBB040804B10424D2
:10841000ECC2040880B58EB000AF78607B68002B9A
:108420004AD01422002178681CF0B3F907F1080340
:10843000184605F09BF90346002B3ED03A7A7B683C
:108440001A7097F820207B685A7097F83130012B0A
:1084500014BF01230023DBB21A467B689A7097F899
:1084600032207B68DA70D7ED097A9FED157A67EED6
:10847000877AFDEEE77A17EE902A7B685A60D7ED8F
:108480000A7A9FED0F7A67EE877AFDEEE77A17EEAC
:10849000902A7B689A60D7ED0B7A9FED097A67EE98
:1084A000877AFCEEE77A17EE902A7B68DA6097F815
:1084B00030207B681A7400E000BF3837BD4680BDAD
:1084C0000000C84280B582B000AF78607B68002BA6
:1084D00000F08D802C22002178681CF05AF9464B60
:1084E000D3ED007A9FED457A67EE877AFDEEE77A65
:1084F00017EE902A7B681A603F4BD3ED017A9FED0F
:108500003F7A67EE877AFDEEE77A17EE902A7B686E
:108510005A60394BD3ED027A9FED387A67EE877A4D
:10852000FDEEE77A17EE902A7B689A60324BD3ED26
:10853000037A9FED327A67EE877AFDEEE77A17EEDF
:10854000902A7B68DA602C4BD3ED047AFDEEE77A53
:1085500017EE902A7B681A61274BD3ED057AFDEE62
:10856000E77A17EE902A7B685A61234BD3ED067A9F
:108570009FED227A67EE877AFDEEE77A17EE902A72
:108580007B689A611C4BD3ED077A9FED1C7A67EEEE
:10859000877AFDEEE77A17EE902A7B68DA61164B50
:1085A000D3ED087A9FED157A67EE877AFDEEE77ACC
:1085B00017EE902A7B681A620F4BD3ED097A9FED74
:1085C0000F7A67EE877AFDEEE77A17EE902A7B68DE
:1085D0005A62094BD3ED0A7A9FED087A67EE877AE3
:1085E000FDEEE77A17EE902A7B689A6200E000BF02
:1085F0000837BD4680BD00BF84AF04240000C842D8
:1086000090B5DDB004AF07F5B073A3F5AE73186095
:1086100007F5B073A3F5AE731B68002B00F0EA8278
:10862000854B1B78DBB2012B40F0E4821AF0E0F9B5
:10863000C7F85C01D7F85C31002B00F0DD82FCF755
:10864000BFFAC7E954017D481AF0BAF903461A4641
:108650007B49D7F85C011AF057F97A481AF0B0F95B
:1086600003461A467849D7F85C011AF04DF9774B62
:108670001B6807EE903AB8EE677BB0EE470B1AF036
:108680007FF903461A467249D7F85C011AF03CF9A3
:10869000D7E95401D7F7AAFF02460B4643EC102B4B
:1086A0001AF06EF903461A466A49D7F85C011AF0C7
:1086B0002BF907F5B073A3F5AE731B681B7807EEB3
:1086C000903AB8EE677BB0EE470B1AF059F90346C3
:1086D0001A466149D7F85C011AF016F907F5B0732C
:1086E000A3F5AE731B681B78002B40F0C9801AF00D
:1086F0007FF9C7F8440107F5B073A3F5AE731B68A3
:108700000433C7F84031D7F840311B7807EE903A70
:10871000B8EE677BB0EE470B1AF032F903461A4603
:108720004E49D7F844011AF0EFF8D7F840315B789A
:1087300007EE903AB8EE677BB0EE470B1AF020F9DF
:1087400003461A464649D7F844011AF0DDF8D7F82F
:1087500040319B7807EE903AB8EE677BB0EE470B5E
:108760001AF00EF903461A463E49D7F844011AF0AA
:10877000CBF8D7F84031DB7807EE903AB8EE677B5C
:10878000B0EE470B1AF0FCF803461A463649D7F804
:1087900044011AF0B9F8D7F840315B6807EE903A17
:1087A000B8EEE77BB0EE470B1AF0EAF803461A463C
:1087B0002E49D7F844011AF0A7F8D7F840319B6842
:1087C00007EE903AB8EEE77BB0EE470B1AF0D8F818
:1087D00003461A462649D7F844011AF095F8D7F807
:1087E0004031DB6807EE903AB8EE677BB0EE470B9E
:1087F0001AF0C6F803461A461E49D7F844011AF083
:1088000083F8D7F840311B7C07EE903AB8EE677BCF
:10881000B0EE470B1AF0B4F803461A461649D7F8DB
:1088200044011AF071F8D7F844211449D7F85C01D3
:108830001AF06AF806E100BFE0A5042418C3040892
:1088400030BB04080CAD042450C204087800002496
:1088500078BB040874BB040828C30408ACC204082D
:10886000B8C204088CC204089CC204087CC2040874
:1088700070C204085CC20408C4C2040834C30408FB
:1088800007F5B073A3F5AE731B681B78012B40F09E
:10889000D9801AF0ADF8C7F84C0107F5B073A3F50D
:1088A000AE731B681833C7F84831D7F848311B68D6
:1088B00007EE903AB8EEE77BB0EE470B1AF060F89F
:1088C00003461A46CF49D7F84C011AF01DF8D7F8DD
:1088D00048315B6807EE903AB8EEE77BB0EE470BA5
:1088E0001AF04EF803461A46C749D7F84C011AF059
:1088F0000BF8D7F848319B6807EE903AB8EEE77B63
:10890000B0EE470B1AF03CF803461A46BF49D7F8B9
:108910004C0119F0F9FFD7F84831DB6807EE903ABF
:10892000B8EEE77BB0EE470B1AF02AF803461A467A
:10893000B749D7F84C0119F0E7FFD7F848311B6960
:1089400007EE903AB8EEE77BB0EE470B1AF018F856
:1089500003461A46AF49D7F84C0119F0D5FFD7F8AE
:1089600048315B6907EE903AB8EEE77BB0EE470B13
:108970001AF006F803461A46A749D7F84C0119F031
:10898000C3FFD7F848319B6907EE903AB8EEE77B12
:10899000B0EE470B19F0F4FF03461A469F49D7F88B
:1089A0004C0119F0B1FFD7F84831DB6907EE903A76
:1089B000B8EEE77BB0EE470B19F0E2FF03461A462C
:1089C0009749D7F84C0119F09FFFD7F848311B6A37
:1089D00007EE903AB8EEE77BB0EE470B19F0D0FF08
:1089E00003461A468F49D7F84C0119F08DFFD7F886
:1089F00048315B6A07EE903AB8EEE77BB0EE470B82
:108A000019F0BEFF03461A468749D7F84C0119F002
:108A10007BFFD7F848319B6A07EE903AB8EEE77BC8
:108A2000B0EE470B19F0ACFF03461A467F49D7F862
:108A30004C0119F069FFD7F84C217D49D7F85C014A
:108A400019F062FF07F5B073A3F5947300221A6062
:108A50005A609A60DA601A611A7507F138031A468B
:108A6000D7E95401FDF757FD4FF40062002171482A
:108A70001BF08FFE07F5B073A3F5AE731B681B7870
:108A800019466D4B1B6807F1380202920193009161
:108A90006A4B6B4A4FF4006166481BF0E5FC07F532
:108AA000B073A3F5A473184620231A4600211BF0C7
:108AB00070FE07F5B073A3F5AA7300221A605A601E
:108AC0001A7207F1500320225E491846FCF799FDFF
:108AD0005848D7F7EDFF024607F1500355491846AD
:108AE000FCF712FE07F1180207F150031146184671
:108AF000FCF71BFE07F5B073A3F5A4731B781C46A7
:108B000007F5B073A3F5A4735B781A4607F5B07345
:108B1000A3F5A4739B78194607F5B073A3F5A47366
:108B2000DB7807F10C000293019100922346464A3C
:108B300009211BF099FC07F10C03184619F040FFBE
:108B400003461A464149D7F85C0119F0DDFED7F813
:108B50005C0118F083FFC7F83C01D7F83C31002BCB
:108B600043D0D7F83C113A481BF006FCD7F83C013B
:108B7000D7F79EFF034601331846ECF7A5F90246E6
:108B800007F5B073A3F5AC731A6007F5B073A3F5DE
:108B9000AC731B68002B1FD007F5B073A3F5AC7343
:108BA0001B68D7F83C1118461CF095FD294B186836
:108BB00007F1080100230022E8F712FF0346012B0A
:108BC0000AD007F5B073A3F5AC731B681846ECF731
:108BD00049FA21481BF040FCD7F83C0117F038FF58
:108BE000154B1B680133144A1360D7F85C0118F069
:108BF00013F802E000BF00E000BF07F5B277BD4602
:108C000090BD00BF40C3040850C3040860C30408FB
:108C100074C3040888C3040898C30408A8C30408DC
:108C2000B8C30408CCC30408D4C30408DCC30408D4
:108C3000E4C30408C8950424780000240CAD04247F
:108C4000ECC30408F8BA04081CBB04087CBB040885
:108C50003CC4040804B1042460C4040880B586B090
:108C600000AFF860B960C7F804C0FB681B687B619F
:108C7000BB681B683B617B691A6A3B691B6A1946C2
:108C80001046D7F7B7FE034618461837BD4680BDD5
:108C9000F0B58DB000AF786007F14803BB6107F114
:108CA000080407F10805484B26460FCB86E80F005D
:108CB000A560464BE3607B68002B7DD07B68DB685A
:108CC000062B79D17B689B68FB620023BB620CE0BA
:108CD000BB6A0133BB62FB6ADB68062B02D1F86A10
:108CE000FFF7D6FFFB6A1B68FB62FB6A002BEFD124
:108CF000BB6A012B62D9BB6A9B001846ECF7E4F80B
:108D0000F861FB69002B5BD07B689B68FB620023EA
:108D10007B620BE07B6A9B00FA691344FA6A1A6073
:108D2000FB6A1B68FB627B6A01337B627A6ABB6AFF
:108D30009A42EFD307F1080343F001030422B96A12
:108D4000F8691AF0C0FCFB691A687B689A60FB69D5
:108D50001B6800225A6000233B621AE03B6A013321
:108D60009B00FA691A443B6A9B00F9690B441B6833
:108D700012681A603B6A9B00FA691A443B6A013325
:108D80009B00F9690B441B6812685A603B6A013307
:108D90003B62BB6A013B3A6A9A42DFD3BA6A6FF020
:108DA000404313449B00FA6913441B6800221A6075
:108DB000F869ECF757F904E000BF02E000BF00E0FB
:108DC00000BF3437BD46F0BD94C404085D8C020872
:108DD00080B584B000AF786039603B68002B01D16A
:108DE000012395E17B68002B03D07B68DB68062BB1
:108DF00001D000238CE1A949786819F031FDF860B1
:108E0000FB68002B0CD0FB68DB68032B08D1FB68E8
:108E100093ED067BFDEEC77B17EE902A3B681A6048
:108E20009F49786819F01CFDF860FB68002B0CD096
:108E3000FB68DB68032B08D1FB6893ED067BFDEE36
:108E4000C77B17EE902A3B685A609649786819F0FC
:108E500007FDF860FB68002B0CD0FB68DB68032B78
:108E600008D1FB6893ED067BFDEEC77B17EE902AD9
:108E70003B689A608C49786819F0F2FCF860FB68EE
:108E8000002B0CD0FB68DB68032B08D1FB6893ED4B
:108E9000067BFDEEC77B17EE902A3B68DA608349BC
:108EA000786819F0DDFCF860FB68002B0CD0FB68DB
:108EB000DB68032B08D1FB6893ED067BFDEEC77BD7
:108EC00017EE902A3B681A617949786819F0C8FC56
:108ED000F860FB68002B0CD0FB68DB68032B08D123
:108EE000FB6893ED067BFDEEC77B17EE902A3B688F
:108EF0005A617049786819F0B3FCF860FB68002B80
:108F00000CD0FB68DB68032B08D1FB6893ED067B74
:108F1000FDEEC77B17EE902A3B689A616649786838
:108F200019F09EFCF860FB68002B0CD0FB68DB6836
:108F3000032B08D1FB6893ED067BFDEEC77B17EE94
:108F4000902A3B68DA615D49786819F089FCF8601D
:108F5000FB68002B0CD0FB68DB68032B08D1FB6897
:108F600093ED067BFDEEC77B17EE902A3B681A62F5
:108F70005349786819F074FCF860FB68002B0CD03A
:108F8000FB68DB68032B08D1FB6893ED067BFDEEE5
:108F9000C77B17EE902A3B685A624A49786819F0F5
:108FA0005FFCF860FB68002B0CD0FB68DB68032BD0
:108FB00008D1FB6893ED067BFDEEC77B17EE902A88
:108FC0003B689A623B681B6807EE903AB8EEE77A16
:108FD000DFED3D6AC7EE267A3C4BC3ED007A3B6875
:108FE0005B6807EE903AB8EEE77ADFED376AC7EED6
:108FF000267A364BC3ED017A3B689B6807EE903AC0
:10900000B8EEE77ADFED306AC7EE267A2F4BC3ED74
:10901000027A3B68DB6807EE903AB8EEE77ADFED5C
:109020002A6AC7EE267A294BC3ED037A3B681B698F
:1090300007EE903AF8EEE77A244BC3ED047A3B68EA
:109040005B6907EE903AF8EEE77A204BC3ED057ABC
:109050003B689B6907EE903AB8EEE77ADFED1A6A53
:10906000C7EE267A194BC3ED067A3B68DB6907EE3B
:10907000903AB8EEE77ADFED146AC7EE267A134B22
:10908000C3ED077A3B681B6A07EE903AB8EEE77AC1
:10909000DFED0D6AC7EE267A1AE000BF40C3040870
:1090A00050C3040860C3040874C3040888C30408D8
:1090B00098C30408A8C30408B8C30408CCC30408B0
:1090C000D4C30408DCC304080000C84284AF0424ED
:1090D000114BC3ED087A3B685B6A07EE903AB8EE35
:1090E000E77ADFED0E6AC7EE267A0B4BC3ED097AFD
:1090F0003B689B6A07EE903AB8EEE77ADFED076AC5
:10910000C7EE267A044BC3ED0A7A09F0D9FE002394
:1091100018461037BD4680BD84AF04240000C84205
:1091200090B5D7B004AF07F5A473A3F5A273186088
:1091300007F5A473A3F5A2731B68002B00F07383DB
:10914000A84B1B68002B00F06E83A74B1B78DBB28B
:10915000012B40F0688319F04BFCC7F84401FBF782
:109160002FFDC7E94E0119F043FCC7F8340119F08F
:109170003FFCC7F8300107F5A473A3F5A2731B6881
:109180001B6907EE903AB8EEE77BB0EE470B19F09B
:10919000F7FB03461A469549D7F8300119F0B4FB9E
:1091A00007F5A473A3F5A2731B689B6907EE903AB9
:1091B000B8EEE77BB0EE470B19F0E2FB03461A4628
:1091C0008B49D7F8300119F09FFB07F5A473A3F57D
:1091D000A2731B685B6807EE903AB8EEE77BB0EECF
:1091E000470B19F0CDFB03461A468249D7F83001E8
:1091F00019F08AFB07F5A473A3F5A2731B68DB695A
:1092000007EE903AB8EEE77BB0EE470B19F0B8FBEB
:1092100003461A467849D7F8300119F075FB07F56F
:10922000A473A3F5A2731B685B6907EE903AB8EECE
:10923000E77BB0EE470B19F0A3FB03461A466F49D4
:10924000D7F8300119F060FB07F5A473A3F5A273FA
:109250001B68DB6807EE903AB8EEE77BB0EE470B91
:1092600019F08EFB03461A466549D7F8300119F00C
:109270004BFB07F5A473A3F5A2731B689B6807EE6D
:10928000903AB8EEE77BB0EE470B19F079FB034656
:109290001A465C49D7F8300119F036FB07F5A4737C
:1092A000A3F5A2731B689B6A07EE903AB8EEE77BC2
:1092B000B0EE470B19F064FB03461A465249D7F843
:1092C000300119F021FB07F5A473A3F5A2731B6805
:1092D0005B6A07EE903AB8EEE77BB0EE470B19F009
:1092E0004FFB03461A464949D7F8300119F00CFBE9
:1092F00007F5A473A3F5A2731B681B6A07EE903AE7
:10930000B8EEE77BB0EE470B19F03AFB03461A467E
:109310003F49D7F8300119F0F7FA07F5A473A3F520
:10932000A2731B681B6807EE903AB8EEE77BB0EEBD
:10933000470B19F025FB03461A463649D7F830018A
:1093400019F0E2FAD7F830213349D7F8340119F08F
:10935000DBFA324819F034FB03461A463049D7F895
:10936000340119F0D1FA2F4B1B6807EE903AB8EE92
:10937000677BB0EE470B19F003FB03461A462A49F8
:10938000D7F8340119F0C0FAD7E94E01D7F72EF912
:1093900002460B4643EC102B19F0F2FA03461A462C
:1093A0002249D7F8340119F0AFFA214819F008FB27
:1093B00003461A461F49D7F8340119F0A5FAD7F821
:1093C000340118F04BFBC7F82C01D7F82C31002BD7
:1093D00032D1D7F8340117F01FFCD7F8440117F049
:1093E0001BFC21E2C8A50424E0A5042488C30408CA
:1093F000A8C3040850C30408B8C3040898C30408E9
:1094000074C3040860C30408DCC30408D4C304089C
:10941000CCC3040840C30408A4C404080CAD04244D
:1094200050C204087800002478BB040874BB040808
:10943000B4C4040830BB040807F138032022DB4918
:109440001846FCF7DEF8D7F82C01D7F731FB0246B7
:1094500007F13803D7F82C111846FCF755F907F136
:10946000180207F1380311461846FCF75EF907F5B4
:10947000A473A3F598731B781C4607F5A473A3F592
:1094800098735B781A4607F5A473A3F598739B78D5
:10949000194607F5A473A3F59873DB7807F10C0060
:1094A0000293019100922346C14A09211AF0DCFF80
:1094B00019F09EFAC7F8280107F5A473A3F5A27363
:1094C0001B681B6907EE903AB8EEE77BB0EE470BDE
:1094D00019F056FA03461A46B649D7F8280119F08A
:1094E00013FA07F5A473A3F5A2731B689B6907EE33
:1094F000903AB8EEE77BB0EE470B19F041FA03461D
:109500001A46AD49D7F8280119F0FEF907F5A473FA
:10951000A3F5A2731B685B6807EE903AB8EEE77B91
:10952000B0EE470B19F02CFA03461A46A349D7F8B8
:10953000280119F0E9F907F5A473A3F5A2731B68D4
:10954000DB6907EE903AB8EEE77BB0EE470B19F017
:1095500017FA03461A469A49D7F8280119F0D4F9A0
:1095600007F5A473A3F5A2731B685B6907EE903A35
:10957000B8EEE77BB0EE470B19F002FA03461A4645
:109580009049D7F8280119F0BFF907F5A473A3F59E
:10959000A2731B68DB6807EE903AB8EEE77BB0EE8B
:1095A000470B19F0EDF903461A468749D7F8280109
:1095B00019F0AAF907F5A473A3F5A2731B689B68B9
:1095C00007EE903AB8EEE77BB0EE470B19F0D8F90A
:1095D00003461A467D49D7F8280119F095F907F591
:1095E000A473A3F5A2731B689B6A07EE903AB8EECA
:1095F000E77BB0EE470B19F0C3F903461A467449EE
:10960000D7F8280119F080F907F5A473A3F5A27320
:109610001B685B6A07EE903AB8EEE77BB0EE470B4B
:1096200019F0AEF903461A466A49D7F8280119F02D
:109630006BF907F5A473A3F5A2731B681B6A07EE09
:10964000903AB8EEE77BB0EE470B19F099F9034674
:109650001A466149D7F8280119F056F907F5A4739D
:10966000A3F5A2731B681B6807EE903AB8EEE77B80
:10967000B0EE470B19F084F903461A465749D7F85C
:10968000280119F041F9D7F828215549D7F84401A4
:1096900019F03AF9534819F093F903461A4652491A
:1096A000D7F8440119F030F9504B1B6807EE903A97
:1096B000B8EE677BB0EE470B19F062F903461A4625
:1096C0004B49D7F8440119F01FF9D7E94E01D6F7F5
:1096D0008DFF02460B4643EC102B19F051F903465F
:1096E0001A464449D7F8440119F00EF9424819F0D6
:1096F00067F903461A464149D7F8440119F004F9BD
:1097000007F10C03184619F05BF903461A463C4969
:10971000D7F8440119F0F8F8D7F8440118F09EF989
:10972000C7F82401D7F82431002B6FD0D7F82401D3
:10973000D7F7BEF9034601331846EBF7C5FB0246DF
:1097400007F5A473A3F5A0731A6007F5A473A3F536
:10975000A0731B68002B1FD007F5A473A3F5A0739B
:109760001B68D7F8241118461BF0B5FF254B186865
:1097700007F1080100230022E8F732F90346012B24
:109780000AD007F5A473A3F5A0731B681846EBF77E
:1097900069FC1D481AF060FED7F8240117F058F94B
:1097A000124B1B680133114A13602FE0F8BA04080A
:1097B0001CBB040888C30408A8C3040850C30408D9
:1097C000B8C3040898C3040874C3040860C3040839
:1097D000DCC30408D4C30408CCC3040840C3040891
:1097E000A4C404080CAD042450C20408780000246A
:1097F00078BB040874BB0408B4C4040830BB040874
:109800007CBB040804B10424C4C40408D7F82C01A8
:1098100017F01EF9D7F8340117F0FEF9D7F8440114
:1098200017F0FAF900E000BF07F5A677BD4690BD36
:109830002DE9B043ADF5327D06AF07F52C73A3F5E6
:109840002973186007F52C73A3F52A731960002398
:10985000C7F8AC320023C7F8A832002387F8A73234
:1098600007F52C73A3F5D273184644231A4600213A
:109870001AF08FFF002387F8A632002387F8A5325D
:10988000002387F8A43207F52C73A3F52A7319680F
:10989000B3481AF071FD07F52C73A3F52A73186805
:1098A00018F0CEF8C7F8A002D7F8A032002B00F0CD
:1098B0003B85AC49D7F8A00218F0D2FFC7F89C024C
:1098C000A949D7F8A00218F0CBFFC7F89802A7491A
:1098D000D7F8A00218F0C4FFC7F89402A449D7F83B
:1098E000A00218F0BDFFC7F89002A249D7F8A00265
:1098F00018F0B6FFC7F88C02D7F89C32002B00F0A6
:10990000E284D7F89C32DB68042B40F0DC84D7F883
:109910009832002B00F0D984D7F89832DB68042BFA
:1099200040F0D384D7F89432002B00F0D084D7F8DD
:109930009432DB68032B40F0CA84D7F89032002BB6
:1099400000F0C784D7F89032DB68032B40F0C18465
:10995000D7F88C32002B00F0BE84D7F88C32DB684D
:10996000042B40F0B884D7F898321B698249184616
:10997000D7F740F80346002B04D080481AF06CFD5E
:1099800000F0B8BCD7F8943293ED067BFCEEC77BB1
:1099900017EE903AC7F88832D7F89032D3E9062309
:1099A00010461946D6F788FE02460B46C7E9A023A3
:1099B000FBF706F9C7E99E01D7E99E01D7E9A02385
:1099C000B0EB020861EB030942464B46002B05DA77
:1099D0000021544261EB030522462B46C7E99C2334
:1099E000D7E99C233D2A73F1000302DB64481AF097
:1099F00033FD644B1B68D7F888229A4202D1624833
:109A00001AF02AFD5F4AD7F88832136007F52C73E5
:109A1000A3F5DE7300221A605A609A60DA601A6158
:109A20001A7507F1F4031A46D7E9A001FCF773FD94
:109A30004FF40062002155481AF0ABFED7F89C3273
:109A40001B6953491846D6F7D5FF0346002B33D17F
:109A50005049D7F8A00218F003FFC7F84402D7F81E
:109A60004432002B04D0D7F84432DB68032B04D0F7
:109A700049481AF0F1FC00F03DBCD7F8443293EDB0
:109A8000067BFCEEC77BC7ED017A3B7987F8A732EE
:109A900097F8A73207F1F4020292D7F888220192D0
:109AA0000093354B3D4A4FF4006138481AF0DCFC16
:109AB000364BC7F8AC324BE2D7F89C321B693849B9
:109AC0001846D6F797FF0346002B71D13549D7F8D2
:109AD000A00218F0C5FEC7F85402D7F85432002B84
:109AE00000F0FB83D7F85432DB68032B40F0F5839A
:109AF000D7F85432D3E9062310461946D6F7DCFDD1
:109B000002460B46C7E9922307F52C73A3F50073B1
:109B100000221A605A609A60DA601A611A7507F1B9
:109B2000B0021523D7E99201FCF78EFC07F1B003D0
:109B300019461D481AF020FC07F1F403029307F1BF
:109B4000B0030193D7F8883200930B4B174A4FF4B8
:109B500000610E481AF088FC0C4BC7F8AC32F7E1F4
:109B6000F8C4040830BB040850C2040878BB0408D9
:109B700074BB04087CBB04080CAD042418C504089D
:109B800070BC0408D4A5042494BC0408C89504241B
:109B900040C5040828C3040850C504087CC504084F
:109BA000C8C50408D8C50408E4C5040800C60408EC
:109BB000D7F89C321B699F491846D6F71BFF03460E
:109BC000002B40F0BC809C49D7F8A00218F048FE5A
:109BD000C7F85C029949D7F8A00218F041FEC7F80F
:109BE0005802D7F85C32002B11D0D7F85C32DB6812
:109BF000032B0CD1D7F85C3293ED067BFCEEC77BD0
:109C000017EE902A07F52C73A3F5D2731A60D7F8D4
:109C10005832002B15D0D7F85832DB68042B10D1FE
:109C2000D7F85832196907F5867304333F2218466E
:109C30001AF0D6FD07F52C73A3F5D273002283F832
:109C4000432018F0D5FEC7F8A802D7F8A832002B99
:109C500000F04583D7F85C32002B18D0D7F85C327F
:109C6000DB68032B13D107F52C73A3F5D2731B68A4
:109C700007EE903AB8EE677BB0EE470B18F080FE27
:109C800003461A466C49D7F8A80218F03DFE6C4806
:109C900018F096FE03461A466A49D7F8A80218F04B
:109CA00033FED7F85832002B11D0D7F85832DB6882
:109CB000042B0CD107F586730433184618F080FE88
:109CC00003461A465D49D7F8A80218F01DFED7F8DA
:109CD000883207EE903AB8EE677BB0EE470B18F08B
:109CE0004FFE03461A465849D7F8A80218F00CFE52
:109CF000D7E9A001D6F77AFC02460B4643EC102BBD
:109D000018F03EFE03461A465049D7F8A80218F04C
:109D1000FBFD484818F054FE03461A464C49D7F854
:109D2000A80218F0F1FDD7F8A80217F097FEC7F8BF
:109D3000AC02D7F8AC32002B40F00A81DAE2D7F857
:109D40009C321B6943491846D6F754FE0346002B44
:109D500040F08E804049D7F8A00218F081FDC7F886
:109D600068023E49D7F8A00218F07AFDC7F86402ED
:109D70003B49D7F8A00218F073FDC7F86002D7F886
:109D80006832002B16D0D7F86832DB68032B11D16C
:109D9000D7F86432002B0DD0D7F86432DB68032B80
:109DA00008D1D7F86032002B04D0D7F86032DB68D6
:109DB000032B03D02B481AF04FFB9BE2D7F86832F5
:109DC00093ED067BFCEEC77BC7ED017A3B7987F804
:109DD000A632D7F8643293ED067BFCEEC77BC7ED65
:109DE000017A3B7987F8A532D7F8603293ED067B8C
:109DF000FCEEC77BC7ED017A3B7987F8A43297F870
:109E0000A43297F8A62297F8A512049107F1F4015D
:109E100003910292D7F8882201920093084B124ACC
:109E20004FF4006111481AF01FFB104BC7F8AC3219
:109E30008EE000BF50C6040860C604086CBB04086E
:109E40000CAD042450C2040878BB040874BB040899
:109E500030BB040868C60408ACC20408C4C20408C5
:109E600078C6040888C60408B0C60408C895042447
:109E7000D7F89C321B69CA491846D6F7BBFD034682
:109E8000002B40F02E82C749D7F8A00218F0E8FC5A
:109E9000C7F86C0218F0ACFDC7F8A802D7F8A832D2
:109EA000002B00F02082BE4818F08AFD03461A46B7
:109EB000BD49D7F8A80218F027FDBC4818F080FD6E
:109EC00003461A46BA49D7F8A80218F01DFDD7F87C
:109ED000883207EE903AB8EE677BB0EE470B18F089
:109EE0004FFD03461A46B349D7F8A80218F00CFDF7
:109EF000D7E9A001D6F77AFB02460B4643EC102BBC
:109F000018F03EFD03461A46AB49D7F8A80218F0F0
:109F1000FBFCD7F86C32002B0BD00121D7F86C0278
:109F200018F077FD03461A469E49D7F8A80218F0A4
:109F3000EBFCD7F8A802FEF7ABFED7F8A80217F0A3
:109F40008DFDC7F8AC02D7F8AC32002B00F0CD8104
:109F5000D7F8AC32002B00F0CA81D7F8AC321B78AE
:109F6000002B00F0C48107F52C73A3F5EE7318469F
:109F700020231A4600211AF00CFC07F52C73A3F5D8
:109F8000F47300221A605A601A7207F5A87320222F
:109F90008A491846FBF735FBD7F8AC02D6F788FD9F
:109FA000024607F5A873D7F8AC121846FBF7ACFBCE
:109FB00007F1D40207F5A87311461846FBF7B5FB65
:109FC00007F52C73A3F5EE731B781C4607F52C736D
:109FD000A3F5EE735B781A4607F52C73A3F5EE73C1
:109FE0009B78194607F52C73A3F5EE73DB7807F120
:109FF000C8000293019100922346714A09211AF088
:10A0000033FAD7F88C321B6907F1C802114618469B
:10A01000D6F7F0FC0346002B09D0D7F88C321A692A
:10A0200007F1C803194667481AF0A6F962E16648C5
:10A030001AF012FA654B00221A70D7F89C321B698D
:10A0400063491846D6F7D6FC0346002B32D107F5F4
:10A050002C73A3F51173184644231A4600211AF0F5
:10A0600098FB07F52C73A3F5117397F8A7221A70C4
:10A0700097F8A732002B06D107F16C03043318467A
:10A08000FEF7C8F911E097F8A732012B06D107F1C6
:10A090006C0318331846FEF715FA06E097F8A73256
:10A0A00019464C481AF068F924E107F16C03184688
:10A0B000FEF7A6FAD7F89C321B6947491846D6F72F
:10A0C00099FC0346002B0DD1444B186807F58671A7
:10A0D00000230022E7F784FC0346012B02D040480E
:10A0E0001AF0BAF9D7F89C321B693E491846D6F7E0
:10A0F00081FC0346002B7ED107F16C03184603F068
:10A1000035FB0346002B73D007F52C73A3F51173B1
:10A1100093F82A30002B01D0012300E00023A7F898
:10A12000423297F8A632012B06D107F52C73A3F51E
:10A13000117304221A7009E097F8A632052B05D195
:10A1400007F52C73A3F5117300221A70B7F8423289
:10A15000002B08D107F52C73A3F5117397F8A522EE
:10A1600083F8282002E020481AF076F997F8A43204
:10A17000012B06D107F52C73A3F51173012283F887
:10A180002B2007F16C03184603F03AFB97F8A61250
:10A1900097F8A52297F8A43214481AF0EDF82AE0AF
:10A1A00024C70408A4C4040830BB04080CAD04246C
:10A1B00050C2040878BB040874BB0408F8BA040849
:10A1C0001CBB040808BD040834C70408F0A5042417
:10A1D00040C5040860C7040850C6040808B1042438
:10A1E00080C7040868C60408B0C70408E8C70408A4
:10A1F00050481AF031F9D7F89C321B694E4918467D
:10A20000D6F7F8FB0346002B73D107F11403184669
:10A21000FEF758F907F52C73A3F51C7207F52C739C
:10A22000A3F5277314461D460FCD0FC40FCD0FC4E1
:10A2300095E8070084E8070007F16C03184603F06F
:10A2400095FA0346012B05D007F114031846FEF7D3
:10A2500067FF4FE007F52C73A3F511731B78042BF0
:10A2600005D007F114031846FEF75AFF42E03349C0
:10A27000D7F8A00218F0F4FAC7F83C0207F114036B
:10A280001946D7F83C02FEF7A3FDC7F83802D7F805
:10A290003832002B11D007F52C73A3F5277207F580
:10A2A0002C73A3F51C7314461D460FCD0FC40FCDA0
:10A2B0000FC495E8070084E8070007F11403184667
:10A2C000FEF72EFF16E000BF14E000BF12E000BF53
:10A2D00010E000BF0EE000BF0CE000BF0AE000BFCE
:10A2E00008E000BF06E000BF04E000BF02E000BFDE
:10A2F00000E000BFD7F8A832002B03D0D7F8A8029F
:10A3000016F08AFCD7F8AC320D4A934207D0D7F842
:10A31000AC32002B03D0D7F8AC0216F099FBD7F87B
:10A32000A00216F079FC00E000BF07F52C77BD46CF
:10A33000BDE8B08334C8040824C70408A4C40408D2
:10A34000C8950424F0B5E1B006AFAF4B1B68002BF5
:10A3500000F05581AD4B1B78DBB2012B40F04F81F3
:10A3600018F046FBC7F86401FAF72AFCC7E9560162
:10A3700007F598732022002118461AF00AFAA44B18
:10A38000C7F85431D7F854311B781E46D7F85431EA
:10A3900001331B781A46D7F8543102331B7819461B
:10A3A000D7F8543103331B781C46D7F854310433A3
:10A3B0001B781D46D7F8543105331B7807F5987084
:10A3C000049303950294019100923346914A20210F
:10A3D0001AF04AF84FF4007200218F481AF0D9F9A8
:10A3E00007F58C7300221A605A609A60DA601A616D
:10A3F0001A7507F58C731A46D7E95601FCF78BF8E6
:10A40000864B01221A60854B1B6807F58C720492FB
:10A410000393834B029307F598730193814B009349
:10A42000814B824A40F2FF117B481AF01DF807F178
:10A43000F8032022002118461AF0ABF907F11003A7
:10A4400020227B491846FBF7DCF87348D6F730FB2F
:10A45000024607F1100370491846FBF755F907F15A
:10A46000F80207F1100311461846FBF75EF907F5ED
:10A47000B473A3F5B27300221A605A601A7297F887
:10A48000F8301C4697F8F93097F8FA2097F8FB1047
:10A49000381D0291019200932346664A092119F062
:10A4A000E3FF654818F08CFA03461A466349D7F86B
:10A4B000640118F029FA5C4818F082FA03461A463B
:10A4C0005F49D7F8640118F01FFA07F5987318462A
:10A4D00018F076FA03461A465A49D7F8640118F07C
:10A4E00013FA4F4818F06CFA03461A465649D7F843
:10A4F000640118F009FA4B4818F062FA03461A464C
:10A500005249D7F8640118F0FFF9D7E95601D6F798
:10A510006DF802460B4643EC102B18F031FA034657
:10A520001A464B49D7F8640118F0EEF93B4B1B680B
:10A5300007EE903AB8EE677BB0EE470B18F020FAC2
:10A5400003461A464349D7F8640118F0DDF93B1D6C
:10A55000184618F035FA03461A463F49D7F8640101
:10A5600018F0D2F9D7F8640117F078FAC7F850015B
:10A57000D7F85031002B3DD0D7F85001D6F798FAD4
:10A58000034601331846EAF79FFC024607F5B47309
:10A59000A3F5B4731A6007F5B473A3F5B4731B681D
:10A5A000002B1ED007F5B473A3F5B4731B68D7F85E
:10A5B000501118461BF08FF8284B186839460023B5
:10A5C0000022E7F70DFA0346012B0AD007F5B47312
:10A5D000A3F5B4731B681846EAF744FD204819F048
:10A5E0003BFFD7F8500116F033FA0C4B1B680133D0
:10A5F0000A4A1360D7F8640116F00EFB00E000BFB2
:10A6000007F5B677BD46F0BDC8A50424E0A504242F
:10A610006A82042420BA0408C89304247800002421
:10A62000E0BA0408F0BA04080CAD042470C80408A9
:10A63000F8BA04081CBB0408D4C8040830BB0408DA
:10A6400050C2040838BB040840BB040848BB0408D7
:10A6500074BB040878BB04087CBB040804B1042460
:10A66000E0C8040890B5D5B004AF07F5A073A3F512
:10A670009C73196007F5A073A3F59E731A6007F524
:10A68000A073A3F2311302461A70974B1B68002B7C
:10A6900000F02481954B1B78DBB2012B40F01E812A
:10A6A00018F0A6F9C7F83C01FAF78AFAC7E94C0195
:10A6B0008F4818F085F903461A468E49D7F83C01B1
:10A6C00018F022F907F5A073A3F59E731B6807EE37
:10A6D000903AB8EE677BB0EE470B18F051F903469D
:10A6E0001A468549D7F83C0118F00EF907F5A07312
:10A6F000A3F59C73186818F063F903461A467F495E
:10A70000D7F83C0118F000F97D4B1B6807EE903A32
:10A71000B8EE677BB0EE470B18F032F903461A46E5
:10A720007849D7F83C0118F0EFF807F5A073A3F2C9
:10A7300031131B7807EE903AB8EE677BB0EE470B0B
:10A7400018F01EF903461A466F49D7F83C0118F075
:10A75000DBF8D7E94C01D5F749FF02460B4643EC3D
:10A76000102B18F00DF903461A466849D7F83C013A
:10A7700018F0CAF8664818F023F903461A466549E6
:10A78000D7F83C0118F0C0F8D7F83C0117F066F98B
:10A79000C7F82C01D7F82C31002B04D1D7F83C0195
:10A7A00016F03AFA9BE007F5847320220021184640
:10A7B00019F0EFFF07F12003202257491846FAF756
:10A7C00020FFD7F82C01D6F773F9024607F12003D2
:10A7D000D7F82C111846FAF797FF07F5847207F19E
:10A7E000200311461846FAF7A0FF07F5A073A3F55A
:10A7F000967300221A605A601A7297F808311C4644
:10A8000097F8093197F80A2197F80B1107F114000E
:10A810000291019200932346404A092119F024FE37
:10A8200007F11403184618F0CBF803461A463C49C2
:10A83000D7F83C0118F068F8D7F83C0117F00EF98A
:10A84000C7F82801D7F82831002B3ED0D7F82801C7
:10A85000D6F72EF9034601331846EAF735FB0246D0
:10A8600007F5A073A3F598731A6007F5A073A3F515
:10A8700098731B68002B1FD007F5A073A3F598737E
:10A880001B68D7F8281118461AF025FF254B1868C1
:10A8900007F1100100230022E7F7A2F80346012B7D
:10A8A0000AD007F5A073A3F598731B681846EAF75A
:10A8B000D9FB1D4819F0D0FDD7F8280116F0C8F8CB
:10A8C0000F4B1B6801330E4A1360D7F82C0116F0AA
:10A8D000BFF8D7F83C0116F09FF900E000BF07F57C
:10A8E000A277BD4690BD00BFC8A50424E0A50424FE
:10A8F0000CAD042450C204080CC9040820C9040883
:10A900007800002478BB040828C9040874BB040834
:10A9100030C9040830BB0408F8BA04081CBB04089A
:10A920007CBB040804B1042444C9040890B5D5B024
:10A9300004AF044607F5A070A0F59C70016007F510
:10A94000A071A1F59E710A6007F5A072A2F5A07230
:10A95000136007F5A073A3F2311322461A709E4BC1
:10A960001B68002B00F032819C4B1B78DBB2012B63
:10A9700040F02C8118F03CF8C7F83C01FAF720F9B8
:10A98000C7E94C01964818F01BF803461A4695494A
:10A99000D7F83C0117F0B8FF07F5A073A3F59C7337
:10A9A000186818F00DF803461A468F49D7F83C018D
:10A9B00017F0AAFF07F5A073A3F59E73186817F0A8
:10A9C000FFFF03461A468949D7F83C0117F09CFF60
:10A9D00007F5A073A3F231131B7807EE903AB8EE97
:10A9E000677BB0EE470B17F0CBFF03461A46804952
:10A9F000D7F83C0117F088FF7E4B1B6807EE903AB2
:10AA0000B8EE677BB0EE470B17F0BAFF03461A4665
:10AA10007949D7F83C0117F077FFD7E94C01D5F712
:10AA2000E5FD02460B4643EC102B17F0A9FF034649
:10AA30001A467249D7F83C0117F066FF704817F0C4
:10AA4000BFFF03461A466F49D7F83C0117F05CFF79
:10AA500007F5A073A3F5A0731B6807EE903AB8EE54
:10AA6000677BB0EE470B17F08BFF03461A4666492B
:10AA7000D7F83C0117F048FFD7F83C0116F0EEFF7D
:10AA8000C7F82C01D7F82C31002B04D1D7F83C01A2
:10AA900016F0C2F89BE007F58473202200211846C7
:10AAA00019F077FE07F12003202258491846FAF7DB
:10AAB000A8FDD7F82C01D5F7FBFF024607F12003CC
:10AAC000D7F82C111846FAF71FFE07F5847207F124
:10AAD000200311461846FAF728FE07F5A073A3F5E0
:10AAE000967300221A605A601A7297F808311C4651
:10AAF00097F8093197F80A2197F80B1107F114001C
:10AB00000291019200932346414A092119F0ACFCBD
:10AB100007F11403184617F053FF03461A463D4940
:10AB2000D7F83C0117F0F0FED7F83C0116F096FF7D
:10AB3000C7F82801D7F82831002B3ED0D7F82801D4
:10AB4000D5F7B6FF034601331846EAF7BDF90246CA
:10AB500007F5A073A3F598731A6007F5A073A3F522
:10AB600098731B68002B1FD007F5A073A3F598738B
:10AB70001B68D7F8281118461AF0ADFD264B186847
:10AB800007F1100100230022E6F72AFF0346012BFC
:10AB90000AD007F5A073A3F598731B681846EAF767
:10ABA00061FA1E4819F058FCD7F8280115F050FF3B
:10ABB000104B1B6801330F4A1360D7F82C0115F0B6
:10ABC00047FFD7F83C0116F027F800E000BF07F573
:10ABD000A277BD4690BD00BFC8A50424E0A504240B
:10ABE0000CAD042450C2040820C904086CBB04083E
:10ABF00078C904087800002478BB040874BB0408F2
:10AC000080C9040830BB040898C90408F8BA0408CD
:10AC10001CBB04087CBB040804B10424A0C90408BC
:10AC20002DE9F043BFB004AF786007F1980320220C
:10AC30000021184619F0ADFD07F17803202200210C
:10AC4000184619F0A6FD07F1600300221A605A6049
:10AC50009A60DA601A615A6107F1480300221A60AB
:10AC60005A609A60DA601A611A7507F1300300229F
:10AC70001A605A609A60DA601A615A6107F11C031F
:10AC800000221A605A609A60DA601A614FF4FA6220
:10AC90004FF00003C7E9362342F21073C7F8D430EF
:10ACA0004FF000024FF00003C7E932234FF00002DB
:10ACB0004FF00003C7E93823DFF7AEFCC7F8C40044
:10ACC000A54B1B68D7F8C420D31AD7F8D4209A42D2
:10ACD00000F2308107F1080207F11003114618460F
:10ACE00002F00AFC97ED047B9FED956BB4EEC67BFA
:10ACF000F1EE10FA58DB97ED047B9FED936BB4EE09
:10AD0000C67BF1EE10FA4FD897ED027BB5EEC07B13
:10AD1000F1EE10FA48DB97ED027B9FED8D6BB4EE00
:10AD2000C67BF1EE10FA3FD897ED047BB2EE046BD0
:10AD300027EE067BFDEEC77B17EE903AC7F8C030D2
:10AD400097ED027BB2EE046B27EE067BFDEEC77B30
:10AD500017EE903AC7F8BC30D7F8C03023EAE37357
:10AD6000C7F8C030D7F8C030B3F5FA6FA8BF4FF4BA
:10AD7000FA63C7F8C030D7F8BC3023EAE373C7F8EA
:10AD8000BC30D7F8BC30B3F57A7FA8BF4FF47A73E4
:10AD9000C7F8BC30D7F8C0309AB2704B1A80D7F8D9
:10ADA000BC309AB26E4B1A806E494FF000024FF0E1
:10ADB0000003C1E90023FBF7F3F84FF47A70E9F7D9
:10ADC000D5FC684BD3E9002313434DD0F9F70EFFB0
:10ADD000C7E93201634BD3E90023D7E9320190423E
:10ADE00071EB03030AD25F4BD3E90001D7E93223A9
:10ADF000841A61EB0305C7E938450AE0594BD3E9EA
:10AE00000023D7E93201B0EB020861EB0309C7E97F
:10AE10003889554B1B78002B07D0D7E93823D7E961
:10AE20003601904271EB03031ED24E4BD3E900234F
:10AE300010461946F9F71CFE4B4B1B78002B06D128
:10AE4000494B01221A70494819F006FB0CE007F142
:10AE500060021823D7E93801FBF7F6FA07F160031F
:10AE60001946434819F088FA0020F6F7C9FCC7F8DC
:10AE7000B800D7F8B8301B781E46D7F8B830013381
:10AE80001B781A46D7F8B83002331B781946D7F822
:10AE9000B83003331B7807F11C0002930191009234
:10AEA0003346344A142119F0DFFA07F11C0319461E
:10AEB000314819F061FA2B4BD3E90023134318D022
:10AEC000284BD3E9000107F198022023FBF78AF809
:10AED000244BD3E9000107F148021523FBF7B4FA2C
:10AEE00007F1480207F198031946244819F044FA7B
:10AEF00002E0234819F0B0FAF9F778FEC7E9320109
:10AF000007F178022023D7E93201FBF76BF807F14C
:10AF100030021823D7E93201FBF796FA07F1300225
:10AF200007F178031946174819F026FA0A4AD7F8A4
:10AF3000C43013606420E9F719FCBDE6AFF300806C
:10AF400000000000000044C00000000000405F401E
:10AF5000000000000000594030AD042480000024AF
:10AF600082000024E8A5042434AD0424D8C90408D0
:10AF700004CA040834CA040840CA040864CA04089D
:10AF800084CA0408A0CA040880B594B000AF7860F1
:10AF9000234B1B6807F108014FF0FF321846E6F714
:10AFA0004FFF0346012B38D10023BB60BA681D4B0D
:10AFB0001B6813441A461C490020FFF753FBB9686D
:10AFC00007F1080304331A46184819F0D5F94FF46D
:10AFD000FA70E7F785FDBB68002B0AD0BB68144AFE
:10AFE00002FB03F3134AA2FB03239B091846E7F76E
:10AFF00077FD07F1080304331846FAF7EBFE4FF428
:10B00000FA70E7F76DFD0123FB64FB6C83F3138893
:10B0100000BFDFF734FA00BFFDE700BFB8E700BFAD
:10B0200008B1042448840424C4CA0408D4CA040807
:10B0300040420F00D34D621080B5ADF6380D00AF21
:10B0400007F63803A3F6340318601023C7F828382E
:10B050001423C7F82438944B1B6807F501614FF09F
:10B06000FF321846E6F7ECFE0346012B40F017814D
:10B07000D7F81038002B00F01481D7F81038184694
:10B08000D5F716FDC7F82008D7F82038B3F5006FBC
:10B090000AD3D7F82018854819F06EF9D7F8103878
:10B0A0001846E9F7DFFFFDE0D7F82038A7F81E388B
:10B0B000B7F81E380133A7F81C38D7F81018B7F8BE
:10B0C0001E2807F1100318461AF00DFBB7F81E38BA
:10B0D00007F63802A2F628020A21D154724B1B68E7
:10B0E0001846E7F721F9C7F81808D7F81828D7F84D
:10B0F00024389A422DD90023C7F8343813E007F6D4
:10B100003803A3F62C031B68002B07D007F638037F
:10B11000A3F62C031B681846E9F7A4FFD7F83438C8
:10B120000133C7F83438604B1B6807F10C0100226B
:10B130001846E6F785FE0346012B05D1D7F83428DB
:10B14000D7F828389A42DAD3D7F83418584819F083
:10B1500013F9584B1B684FF0FF311846E9F7A7FB6E
:10B16000554B1B68002B04D0544B1B78DBB2012BD2
:10B170000DD0534819F070F9D7F810381846E9F790
:10B1800071FF4C4B1B681846E9F7DCFB8AE04A4B21
:10B190001B68B3F86430A7F832380023C7F82C389E
:10B1A00027E0414B1B6807F1080100221846E6F72B
:10B1B00047FE0346012B29D107F63803A3F50363A5
:10B1C0001B68002B0AD007F63803A3F503631B683E
:10B1D0001846E9F747FF3B4819F03EF9D7F82C38F5
:10B1E0000133C7F82C38344B1B68B3F86430A7F828
:10B1F0003238B7F83228B7F81C389A4207D2D7F855
:10B200002C28D7F828389A42CBD300E000BFB7F8F3
:10B210003228B7F81C389A4212D2B7F81C38B7F85F
:10B2200032281946284819F0A7F8D7F810381846D8
:10B23000E9F718FF1F4B1B681846E9F783FB31E05D
:10B240001D4B1868B7F81C2807F110010123F0F70F
:10B2500069FC034687F8173897F91738002B0AD18D
:10B26000D7F810381846E9F7FDFE124B1B68184650
:10B27000E9F768FBEFE697F917381946134819F014
:10B280007BF8134B01221A70D7F810381846E9F7EB
:10B29000E9FE084B1B681846E9F754FB02E000BFC3
:10B2A000D9E600BFD7E600BF04B1042408CB0408E8
:10B2B00030CB04083C840424C8A50424E0A504245D
:10B2C0005CCB040880CB0408A8CB0408E4CB0408BA
:10B2D000F0AC042480B586B000AF0346FB804FF489
:10B2E00000718A48DBF71EFF0346FB754FF40061CF
:10B2F0008648DBF717FF0346BB7580218348DBF7E1
:10B3000011FF03467B75FB88B3F5007F03D0FB88F4
:10B31000B3F5006F77D17E4B1B78FA7D9A4205D149
:10B320007C4B1B78BA7D9A4200F0EB80784B1B78FF
:10B33000002B2FD1FB7D012B2CD1BB7D002B14D1F9
:10B34000754B01221A70754B18680023744A7249B4
:10B35000E6F748FC734B02221A70734B18680023FF
:10B360006F4A7049E6F73EFC47E06B4BFF221A70CC
:10B370006A4B186800236A4A6749E6F733FC694B51
:10B3800002221A70684B18680023654A6549E6F77F
:10B3900029FC32E05F4B1B78002B2ED1BB7D012BAB
:10B3A0002BD1FB7D012B14D15B4B01221A705B4B1F
:10B3B000186800235A4A5849E6F714FC594B0222F0
:10B3C0001A70594B18680023554A5649E6F70AFC8B
:10B3D00013E0514BFF221A70504B18680023504A5B
:10B3E0004D49E6F7FFFB4F4B02221A704E4B18688F
:10B3F00000234B4A4B49E6F7F5FB454AFB7D1370AA
:10B40000444ABB7D1370FB88802B4FD1474B1B7880
:10B41000012B0BD17B7D002B08D1454B01221A70EB
:10B42000E7F7F8FC0346434A13603CE03F4B1B78C8
:10B43000002B38D17B7D012B35D13D4B1B78002B68
:10B4400031D0E7F7E7FC38613A4B1B683A69D31A09
:10B45000FB604FF47A72FB6893420DD32E4B0322AC
:10B460001A70304B01221A702F4B186800232C4A97
:10B470002C49E6F7B7FB0CE0274B02221A70294B48
:10B4800002221A70284B18680023254A2549E6F73E
:10B49000A9FB224B18680023214A1F49E6F7A2FBAB
:10B4A000234B00221A70214A7B7D1370FB88B3F571
:10B4B000004F11D14FF400411F48DBF733FE034624
:10B4C000012B09D10123FB721C4B186807F10B01FA
:10B4D0000223134AE6F786FBFB88102B12D11021BA
:10B4E0001748DBF71FFE0346012B0BD10223BB726B
:10B4F000124B186807F10A010223094AE6F772FBAA
:10B5000000E000BF1837BD4680BD00BF00100258E4
:10B5100041AD042442AD042435AD0424F0B004242C
:10B5200038AD042436AD0424E4B0042443AD04242F
:10B5300040AD04243CAD042400180258F4B00424A7
:10B540000004025880B483B000AF0023FB7114E004
:10B55000FB790F4ADB0013441B79002B0AD1FB79DE
:10B560000B4ADB00134401221A71FB79DB00084A05
:10B57000134406E0FB790133FB71FB79032BE7D918
:10B58000002318460C37BD465DF8047B704700BFAA
:10B59000D8AD042480B582B000AF78607B68002B02
:10B5A00009D07B681B6800211846E9F791FA7B688F
:10B5B00000221A7100E000BF0837BD4680BD0000C0
:10B5C00080B485B000AF78600B467B804FF6FF7388
:10B5D000FB8110E0FB89DAB27B68591C79601B782B
:10B5E00053407B73FB891B0A9AB27B7B084931F875
:10B5F00013305340FB817B885A1E7A80002BE9D19F
:10B60000FB8918461437BD465DF8047B704700BFC0
:10B61000D405050880B500AF012208210248DBF7F8
:10B6200099FD00BF80BD00BF0018025880B500AF73
:10B63000002208210248DBF78DFD00BF80BD00BF5E
:10B640000018025890B583B000AF0020E9F7A9F8C0
:10B6500003461A4A1360002200210120E9F7AFF9DE
:10B660000346174A1360002224210820E6F733F826
:10B670000346144A13600023FB7112E0FC79002298
:10B6800000210120E9F79BF903460F4A42F83430C4
:10B69000FB790D4ADB00134400221A71FB79013358
:10B6A000FB71FB79032BE9D9402208490848E5F7EB
:10B6B000CFFC00BF0C37BD4690BD00BFC8AD042411
:10B6C000CCAD0424D0AD0424D8AD042484AD04242E
:10B6D000F089042480B586B000AF78603960FFF748
:10B6E00031FF78617B69002B02D16FF007033FE0E7
:10B6F0007B691A687B68DA617B686FF062021A62A4
:10B700001D4B18683B684FF47A7202FB03F31B4A27
:10B71000A2FB03239A0900237968E6F761F93861EF
:10B720003B69012B05D07869FFF734FF6FF0060302
:10B730001EE07B691A683B684FF47A7101FB03F3E2
:10B740000E49A1FB03139B0919461046E9F7C0F9FE
:10B750000346002B05D07869FFF71CFF4FF0FF333D
:10B7600006E07B681B6AFB607869FFF713FFFB68E4
:10B7700018461837BD4680BDD0AD0424D34D6210A5
:10B7800080B58EB000AF87ED010A07F108032422CF
:10B790000021184618F0FDFF214B1B697B6397EDD4
:10B7A000017AD7ED0D7AB4EEE77AF1EE10FA01DD09
:10B7B0007B6B7B60D7ED017AF5EEC07AF1EE10FA83
:10B7C00002D54FF000037B6097ED017AF1EE086A35
:10B7D000C7EE267AFDEEE77A17EE903A3B63022336
:10B7E0003B7201237B7246F281037B810223BB8182
:10B7F0003B6B1B149BB23B823B6B9BB27B8207F182
:10B80000080308333B6207F10803C8211846FFF715
:10B8100061FFF862FB6A18463837BD4680BD00BF3D
:10B8200084AF042480B5A4B000AF7860FFF70AFFAE
:10B8300007F1600300221A605A609A60DA601A61A8
:10B840000023A7F88E30012387F88D300023A7F856
:10B85000843000F017FD0346A7F8843007F1080391
:10B86000184601F083FF0346002B3CD0B14B1B88E8
:10B87000002B2AD1002387F88C30BB7C1A46B7F8FE
:10B880008430934206D0B7F88430DBB2BB74012316
:10B8900087F88C307B7B002B04D000237B73012343
:10B8A00087F88C3097F88C30002B04D007F1080310
:10B8B000184601F0A5FFB7F88430032B17D00320FA
:10B8C00000F07AFDC7F880000DE09A4B1B88022B30
:10B8D00009D97B7B012B06D001237B7307F1080379
:10B8E000184601F08DFFC820E8F740FFB1E700BF20
:10B8F000914B1B6807F13C0164221846E6F7A0FA59
:10B900000346012B7CD10023C7F8883097F83C30E0
:10B91000022B31D0022B63DC002B02D0012B0BD089
:10B920005EE097F83D00F98FB7F840207B6D00F09E
:10B930005BF9C7F888005BE097F83D30F98FB7F8FE
:10B940004220184600F066FAC7F88800D7F8883019
:10B95000002B4AD197F83D30012B46D1FB8F46F2A0
:10B960008302934204D0FB8F46F2840293423CD17F
:10B97000724B01221A7038E097F83D00F98FB7F842
:10B9800040207B6D00F028FBC7F88800D7F888308E
:10B99000002B2CD197F83D30012B28D1FA8FB7F826
:10B9A000403013449BB2013BA7F87630FB8F46F240
:10B9B0008302934205D8B7F8763046F2820293426A
:10B9C0000AD8FB8F46F28402934210D8B7F876303B
:10B9D00046F2830293420AD9584B01221A7006E0BC
:10B9E0006FF00503C7F8883002E000BF00E000BF39
:10B9F000D7F88830FB65BB6D1846E9F7BBF8E9E07E
:10BA0000002387F887304E4B1B780133DAB24C4B5A
:10BA10001A704B4B1B78042B05D9012387F887300C
:10BA2000474B00221A7097F88730002B42D1454BC4
:10BA30001B78032B34D801A252F823F04DBA020828
:10BA400059BA020865BA02088BBA020800F0D6FBA0
:10BA50000346A7F8623023E000F0F2FB0346A7F8A4
:10BA600064301DE000F00EFC0346DBB287F8663060
:10BA7000304B1B88002B12D197F86630032B0ED069
:10BA8000032000F099FCB86709E000F01DFCF0EE1F
:10BA9000407AFCEEE77A17EE903A3B6700E000BF91
:10BAA000284B1B780133DBB203F00303DAB2254BDA
:10BAB0001A7027E000233B8707F13803012240F684
:10BAC0000F217F2000F090F8F867FB6F002B10D05B
:10BAD0001D4B1B88632B05D81B4B1B8801339AB267
:10BAE000194B1A80002387F88D300023A7F88E3079
:10BAF00008E0012387F88D30134B00221A803B8F1A
:10BB0000A7F88E300D4B1B78002B0CD000F010FCEA
:10BB10000346A7F86C3000F02DFC0346A7F86E3002
:10BB2000064B00221A7097F88D30002B0ED101229F
:10BB30000DE000BFC4AD0424D0AD04248400002473
:10BB4000F8AD0424F9AD0424C6AD04240022224B30
:10BB50009A7007F10803184601F008FE0346002B0F
:10BB600035D0B7F86230FB81B7F864303B8297F884
:10BB70006630BB743B6FFB61B7F86C303B83B7F842
:10BB80006E307B83154B1B88022B01D9012300E00B
:10BB900000237B7397F88730002B13D097F88D30F4
:10BBA000002B0FD0B7F88E3007EE903AB8EE677AD8
:10BBB000DFED0B6AC7EE267A9FED0A7A67EE877A89
:10BBC000C7ED0B7A07F10803184601F019FE0120B2
:10BBD000E6F786FF8CE600BFC4AF0424C4AD04249E
:10BBE00000007A450000C84280B588B000AF7B6095
:10BBF0000346FB730B46BB8113467B817F4B1B685F
:10BC0000C8211846E8F753FE0346002B02D06FF018
:10BC10000303EFE00023BB7740220021784818F0AF
:10BC2000B8FDBB7F5A1CBA771946754AFB7B535443
:10BC3000BB7F5A1CBA771A46714B03219954BB89B2
:10BC40001B0A99B2BB7F5A1CBA771A46C9B26C4B11
:10BC50009954BB7F5A1CBA771A46BB89D9B2684B34
:10BC600099547B891B0A99B2BB7F5A1CBA771A4632
:10BC7000C9B2634B9954BB7F5A1CBA771A467B8969
:10BC8000D9B25F4B9954BB7F9BB219465C48FFF712
:10BC900097FC0346BB83BB7F5A1CBA771A46BB8B03
:10BCA000D9B2574B9954BB8B1B0A99B2BB7F5A1C14
:10BCB000BA771A46C9B2524B9954524B1B680021AD
:10BCC0001846E8F705FF504B00221A80FFF7A2FC48
:10BCD000BB7F9BB21A464A494C48E3F78DF9494B62
:10BCE0001B6814211846E8F7F3FE0346002B11D019
:10BCF0004648E3F74DFAFFF799FC40224449434890
:10BD0000E5F7A6F93D4B1B681846E8F71BFE4FF018
:10BD1000FF336FE03E4B9B78FB76FB7E9BB2053397
:10BD20003B833B8B042B04D9374B1B883A8B9A42BD
:10BD300007D9324B1B681846E8F704FE6FF0020380
:10BD400058E0334B5B785BB2002B07DA2B4B1B6858
:10BD50001846E8F7F7FD6FF004034BE03B8B023B1E
:10BD60002B4AD35C1AB23B8B013B2949CB5C1BB2FB
:10BD70001B021BB213431BB2FB823B8B023B9BB2E9
:10BD800019462348FFF71CFC0346BB82FA8ABB8A8C
:10BD90009A4207D0194B1B681846E8F7D3FD6FF09D
:10BDA000010327E00023FB7718E0FB7F5B000333F0
:10BDB000174AD35C1BB21B021AB2FB7F02335B0033
:10BDC0001349CB5C1BB2134319B2FB7F5B007A684B
:10BDD00013448AB21A80FB7F0133FB77FB7E5B083A
:10BDE000DBB2FA7F9A42E0D3044B1B681846E8F7AF
:10BDF000A9FD002318462037BD4680BDC8AD0424E8
:10BE000044AD0424CCAD0424D4AD0424F08904242E
:10BE100084AD042480B584B000AF0346FB710B46AB
:10BE2000BB8013467B80664B1B68C8211846E8F729
:10BE30003EFD0346002B02D06FF00303BBE000235E
:10BE4000FB73402200215F4818F0A3FCFB7B5A1CC7
:10BE5000FA7319465B4AFB795354FB7B5A1CFA73FD
:10BE60001A46584B06219954BB881B0A99B2FB7B92
:10BE70005A1CFA731A46C9B2524B9954FB7B5A1C8E
:10BE8000FA731A46BB88D9B24E4B99547B881B0A69
:10BE900099B2FB7B5A1CFA731A46C9B2494B9954A2
:10BEA000FB7B5A1CFA731A467B88D9B2454B9954CE
:10BEB000FB7B9BB219464348FFF782FB0346BB81DD
:10BEC000FB7B5A1CFA731A46BB89D9B23D4B995475
:10BED000BB891B0A99B2FB7B5A1CFA731A46C9B27A
:10BEE000384B9954384B1B6800211846E8F7F0FD91
:10BEF000364B00221A80FFF78DFBFB7B9BB21A4664
:10BF000030493348E3F778F82F4B1B681421184663
:10BF1000E8F7DEFD0346002B11D02D48E3F738F992
:10BF2000FFF784FB40222B492948E5F791F8244B81
:10BF30001B681846E8F706FD4FF0FF333BE0234B44
:10BF40001B88082B07D01E4B1B681846E8F7FAFC25
:10BF50006FF002032FE01F4B5B785BB2002B07DA18
:10BF6000174B1B681846E8F7EDFC6FF0040322E05E
:10BF7000184B9B791AB2174BDB791BB21B021BB211
:10BF800013431BB27B8106211248FFF719FB0346BE
:10BF90003B817A893B899A4207D0094B1B68184636
:10BFA000E8F7D0FC6FF0010305E0054B1B6818466D
:10BFB000E8F7C8FC002318461037BD4680BD00BF17
:10BFC000C8AD042444AD0424CCAD0424D4AD042471
:10BFD000F089042484AD042480B588B000AF7B6070
:10BFE0000346FB730B46BB8113467B817D4B1B686D
:10BFF000C8211846E8F75BFC0346002B02D06FF01F
:10C000000303EAE00023FB777B89DBB25B00FB766E
:10C0100040220021744818F0BCFBFB7F5A1CFA77C1
:10C020001946714AFB7B5354FB7F5A1CFA771A4618
:10C030006D4B10219954BB891B0A99B2FB7F5A1C86
:10C04000FA771A46C9B2684B9954FB7F5A1CFA77A3
:10C050001A46BB89D9B2644B99547B891B0A99B2A1
:10C06000FB7F5A1CFA771A46C9B25F4B9954FB7F83
:10C070005A1CFA771A467B89D9B25B4B9954FB7FDD
:10C080005A1CFA771946584AFB7E53540023BB8347
:10C090001CE0BB8B5B007A6813441B881B0A99B2B7
:10C0A000FB7F5A1CFA771A46C9B24F4B9954BB8B87
:10C0B0005B007A6813441988FB7F5A1CFA771A468A
:10C0C000C9B2494B9954BB8B0133BB83BA8B7B8973
:10C0D0009A42DED3FB7F9BB219464348FFF770FAC2
:10C0E00003463B83FB7F5A1CFA771A463B8BD9B237
:10C0F0003D4B99543B8B1B0A99B2FB7F5A1CFA7734
:10C100001A46C9B2384B9954384B1B68002118465F
:10C11000E8F7DEFC364B00221A80FFF77BFAFB7F44
:10C120009BB21A4630493348E2F766FF2F4B1B6833
:10C1300014211846E8F7CCFC0346002B11D02D48FB
:10C14000E3F726F8FFF772FA40222B492948E4F773
:10C150007FFF244B1B681846E8F7F4FB4FF0FF33D2
:10C160003BE0234B1B88082B07D01E4B1B6818464F
:10C17000E8F7E8FB6FF002032FE01F4B5B785BB240
:10C18000002B07DA174B1B681846E8F7DBFB6FF04C
:10C19000040322E0184B9B791AB2174BDB791BB2D0
:10C1A0001B021BB213431BB2FB8206211248FFF78E
:10C1B00007FA0346BB82FA8ABB8A9A4207D0094B28
:10C1C0001B681846E8F7BEFB6FF0010305E0054B5E
:10C1D0001B681846E8F7B6FB002318462037BD4613
:10C1E00080BD00BFC8AD042444AD0424CCAD0424FC
:10C1F000D4AD0424F089042484AD042480B582B035
:10C2000000AF00233B803B46012241F201010120A7
:10C21000FFF7EAFC78607B68002B06D0074B1B8891
:10C2200001339AB2054B1A8002E0044B00221A80B7
:10C230003B8818460837BD4680BD00BFC4AD042406
:10C2400080B582B000AF00233B803B46012246F21E
:10C2500041010120FFF7C8FC78607B68002B06D005
:10C26000074B1B8801339AB2054B1A8002E0044B3E
:10C2700000221A803B8818460837BD4680BD00BFA3
:10C28000C4AD042480B582B000AF00233B803B46A0
:10C29000012246F261010120FFF7A6FC78607B686D
:10C2A000002B06D0074B1B8801339AB2054B1A802E
:10C2B00002E0044B00221A803B8818460837BD462E
:10C2C00080BD00BFC4AD042480B584B000AF00239E
:10C2D0007B603B1D022246F26C010120FFF784FCCB
:10C2E000F860FB68002B08D00F4B1B8801339AB213
:10C2F0000D4B1A80DFED0D7A10E00B4B00221A80F7
:10C30000BB881B04FA881343BB60BB6807EE903AF6
:10C31000F8EEE77AB1EE087A67EE877AB0EE670A50
:10C320001037BD4680BD00BFC4AD0424000000002E
:10C3300080B582B000AF00233B803B46012246F22D
:10C3400083010120FFF750FC78607B68002B06D04A
:10C35000074B1B8801339AB2054B1A8002E0044B4D
:10C3600000221A803B8818460837BD4680BD00BFB2
:10C37000C4AD042480B582B000AF00233B803B46AF
:10C38000012246F284010120FFF72EFC78607B68D1
:10C39000002B06D0074B1B8801339AB2054B1A803D
:10C3A00002E0044B00221A803B8818460837BD463D
:10C3B00080BD00BFC4AD042480B584B000AF034687
:10C3C000FB80FB881A4646F260010120FFF722FD40
:10C3D000F860FB68002B06D0074B1B8801339AB22C
:10C3E000054B1A8002E0044B00221A80FB681846B5
:10C3F0001037BD4680BD00BFC4AD042480B582B0F7
:10C4000000AF78607B681B68044A934201D1FFF754
:10C410000DF900BF0837BD4680BD00BF0048004091
:10C4200080B582B000AF78600B467B807B681B686C
:10C43000094A93420CD1094A7B881380084B1B6838
:10C440001846E8F797FB402206490748E4F700FE44
:10C4500000BF0837BD4680BD00480040D4AD04246D
:10C46000CCAD042484AD0424F089042480B582B0CA
:10C4700002AF184B4FF080421A60164B00225A60F0
:10C48000144B02229A60134B0122DA60114B0022F6
:10C490001A61104B00225A610E490F48E0F796FAD4
:10C4A0000346002B03D045210C4801F0A5F80023DA
:10C4B00000930023002200210748E0F7FDFA03461D
:10C4C000002B03D05121054801F096F800BFBD466E
:10C4D00080BD00BFFCAD04242885042418CC0408CA
:10C4E00080B582B002AF184B4FF080421A60164BF5
:10C4F00000225A60144B02229A60134B0222DA6027
:10C50000114B00221A61104B00225A610E490F484C
:10C51000E0F75CFA0346002B03D074210C4801F0CD
:10C520006BF8002300930023012201210748E0F764
:10C53000C3FA0346002B03D07F21054801F05CF8C5
:10C5400000BFBD4680BD00BF1CAE0424C8850424C6
:10C5500018CC040880B500AF002201211148E0F793
:10C56000DDFC0346002B03D093210F4801F044F873
:10C57000002204210B48E0F7D1FC0346002B03D036
:10C580009821094801F038F8002202210548E0F717
:10C59000C5FC0346002B03D09D21034801F02CF875
:10C5A00000BF80BD2885042418CC040880B500AFE6
:10C5B000002210211148E0F7B1FC0346002B03D004
:10C5C000AF210F4801F018F8002220210B48E0F7B6
:10C5D000A5FC0346002B03D0B321094801F00CF859
:10C5E000022240210548E0F799FC0346002B03D0C6
:10C5F000B721034801F000F800BF80BDC8850424BE
:10C6000018CC040880B483B000AF786039603B6810
:10C61000194A934205D17B681B68D3F8A4203B6874
:10C620001A613B68154A934205D17B681B68D3F8B1
:10C63000B4203B681A613B681B691B0ADBB203F03C
:10C640001F03DAB23B681A753B681B691B0CDBB22F
:10C6500003F01F03DAB23B689A753B681B69DBB2D3
:10C6600003F03F03DAB23B685A7500BF0C37BD4692
:10C670005DF8047B704700BF88000024B4000024EC
:10C6800080B582B000AF78607B68DB78082B39D842
:10C6900001A252F823F000BFBDC60208C5C60208B9
:10C6A000CDC60208D5C60208DDC60208E5C60208E6
:10C6B000EDC60208F5C60208FDC60208324B00228C
:10C6C000DA6021E0304B0122DA601DE02E4B0222BD
:10C6D000DA6019E02C4B0322DA6015E02A4B0422C1
:10C6E000DA6011E0284B0522DA600DE0264B0622C5
:10C6F000DA6009E0244B0722DA6005E0224B0822C9
:10C70000DA6001E000233BE07B681B881A461E4B81
:10C710001A601D4B4FF080425A601B4B00229A60FA
:10C72000194B00221A61184B00225A61164B002245
:10C730009A61154B0022DA61134B00221A627B6862
:10C740009B78012B04D1104B4FF000529A6002E00D
:10C750000D4B00229A600D48E0F7CEFB0346002BFC
:10C7600001D100230CE07B6804331A4606490748D0
:10C77000E0F7FAF90346002B01D1012300E0002382
:10C7800018460837BD4680BD8CAE04242885042495
:10C7900080B582B000AF78607B68DB78082B39D831
:10C7A00001A252F823F000BFCDC70208D5C7020886
:10C7B000DDC70208E5C70208EDC70208F5C7020891
:10C7C000FDC7020805C802080DC80208324B002246
:10C7D000DA6021E0304B0122DA601DE02E4B0222AC
:10C7E000DA6019E02C4B0322DA6015E02A4B0422B0
:10C7F000DA6011E0284B0522DA600DE0264B0622B4
:10C80000DA6009E0244B0722DA6005E0224B0822B7
:10C81000DA6001E000233BE07B681B881A461E4B70
:10C820001A601D4B4FF080425A601B4B00229A60E9
:10C83000194B00221A61184B00225A61164B002234
:10C840009A61154B0022DA61134B00221A627B6851
:10C850009B78012B04D1104B4FF000529A6002E0FC
:10C860000D4B00229A600D48E0F746FB0346002B73
:10C8700001D100230CE07B6804331A4606490748BF
:10C88000E0F772F90346002B01D1012300E00023F9
:10C8900018460837BD4680BDB0AE0424C8850424C0
:10C8A00080B500AF0248E0F734F900BF80BD00BF9B
:10C8B0002885042480B500AF0248E0F72AF900BFBC
:10C8C00080BD00BFC885042480B584B000AF786007
:10C8D000396007F1080300221A605A60234A3B6856
:10C8E000D3603B68022B05D03B68012B02D03B682C
:10C8F000042B36D107F108031D4A40217868E0F780
:10C900008FF91A4B043307F1080292E8030083E819
:10C910000300174B1B689AB2144B1A80144BDB6848
:10C920001B0CDAB2114BDA70114B9B68B3F1005F4C
:10C9300003D10E4B01229A7002E00C4B00229A7038
:10C940000C4B1868002300220849E5F74BF9074B08
:10C950009B6A064978689847044B5B7DDBB2002BE5
:10C96000C8D100BF1037BD4680BD00BF880000247D
:10C970003CAE0424F8B0042480B584B000AF7860E5
:10C98000396007F1080300221A605A60234A3B68A5
:10C99000D3603B68202B05D03B68102B02D03B684E
:10C9A000402B36D107F108031D4A41217868E0F792
:10C9B00037F91A4B043307F1080292E8030083E8C1
:10C9C0000300174B1B689AB2144B1A80144BDB6898
:10C9D0001B0CDAB2114BDA70114B9B68B3F1005F9C
:10C9E00003D10E4B01229A7002E00C4B00229A7088
:10C9F0000C4B1868002300220849E5F7F3F8074BB1
:10CA00009B6A064978689847044B5B7DDBB2002B34
:10CA1000C8D100BF1037BD4680BD00BFB4000024A0
:10CA200064AE0424FCB00424B0B5BEB000AF78609E
:10CA30004FF4FA70E6F754F8984BC7F8E030984B8B
:10CA4000C7F8DC304FF07A53C7F8D83007F1080345
:10CA5000184600F08BFE034687F8D73097F8D7309A
:10CA6000002B03D13220E6F73BF8AEE1BB7C032B71
:10CA70000AD08C4800F0B2F98B4B4FF000021A60DC
:10CA80003220E6F72DF8A0E1884B07F168041D4637
:10CA90000FCD0FC40FCD0FC40FCD0FC495E80F00FD
:10CAA00084E80F0007F1680319467E4800F061FA38
:10CAB0004FF00003C7F8F4307B6AC7F8D030BB6E84
:10CAC000C7F8CC30BB6FC7F8C830FB6FC7F8C430AD
:10CAD0003B6FC7F8C030FB6EC7F8BC3097ED347AB7
:10CAE000D7ED2F7AB4EEE77AF1EE10FA07DB4FF0CC
:10CAF0000003C7F8F4306B4800F070F9DDE03B7BD1
:10CB0000032B03D097F83230002B07D04FF00003EF
:10CB1000C7F8F430634800F061F9CEE03B7A042BAB
:10CB200006D1604800F05AF97B6BC7F8F430C4E0D6
:10CB30003B7A012B03D03B7A022B40F0A280594A6A
:10CB4000D7F8CC30D360574AD7F8D03013613B7A4E
:10CB5000012B3DD1D7F8C830C7F8F03097ED337AC4
:10CB6000D7ED347A77EE677AC7ED2D7A97ED337A81
:10CB7000D7ED367A67EE277AC7ED2C7AD7ED2D7A86
:10CB8000F5EEC07AF1EE10FA18DD97ED2D7AD7EDBB
:10CB90002C7AB4EEE77AF1EE10FA0FD8D7ED2D6AC1
:10CBA00097ED2C7AC6EE877AC7ED2B7A97ED327A1D
:10CBB000D7ED2B7A67EE277AC7ED3C7AD7ED3C0AA2
:10CBC0009FED3B0A374800F023F987ED3D0A73E0FB
:10CBD0003B7A022B70D197ED337AD7ED347A77EE2A
:10CBE000677AC7ED3B7AD7ED3B7AF5EEC07AF1EE86
:10CBF00010FA03D54FF00003C7F8EC30D7ED307AC8
:10CC00009FED2C7AF4EEC77AF1EE10FA04D5D7F83E
:10CC1000C430C7F8E8300FE0D7ED3B6A97ED307AC3
:10CC2000C6EE877AC7ED2E7A97ED327AD7ED2E7A57
:10CC300067EE277AC7ED3A7A97ED3A7AD7ED317AEF
:10CC4000B4EEE77AF1EE10FA03D5D7F8C430C7F89E
:10CC5000E830D7ED3A0A9FED160A124800F0D8F8EE
:10CC600087ED3D0A97ED3D7AD7ED317AB4EEE77A5C
:10CC7000F1EE10FA00D91FE0D7F8C430C7F8F4304D
:10CC80001AE04FF00003C7F8F430064800F0A6F8A9
:10CC9000054B4FF000021A600FE000BF0000A040FB
:10CCA000CDCC4C3ED4AE0424F8AE042484AF04248E
:10CCB000000000000AD7233C00BFD7ED3D7AF5EE17
:10CCC000C07AF1EE10FA03D54FF00003C7F8F43044
:10CCD00097ED3D7AD7ED327AB4EEE77AF1EE10FABD
:10CCE00003DDD7F8C830C7F8F430384BD3ED007AFD
:10CCF00097ED3D7A77EE677AF0EEE77A97ED387A3E
:10CD0000B4EEE77AF1EE10FA07D597ED3D0AFEF79B
:10CD100037FD2E4AD7F8F43013603B7A042B27D026
:10CD20002B4BD3ED007A97ED3D7A77EE677AF0EEF4
:10CD3000E77A97ED377AB4EEE77AF1EE10FA17D585
:10CD400007F13803184600F011FD0346002B0FD001
:10CD5000D7ED3D7AFCEEE77A17EE903A7B6407F167
:10CD60003803184600F04CFD194AD7F8F430136028
:10CD70001423C7F8E43097ED337AD7ED347A77EEA1
:10CD8000677AF0EEE77AC7ED2A7A3B7A022B0FD169
:10CD9000D7ED307A9FED0F7A67EE877A97ED2A7A92
:10CDA000B4EEE77AF1EE10FA02D53223C7F8E43098
:10CDB000D7F8E4304FF47A7202FB03F3064AA2FB81
:10CDC00003239B091846E5F78BFE3FE6F8AE0424E3
:10CDD000E00000249A99993ED34D621080B483B04C
:10CDE00000AF78607B684FF000025A617B684FF0BB
:10CDF00000029A617B684FF00002DA617B684FF0B5
:10CE000000021A6200BF0C37BD465DF8047B704714
:10CE100080B48BB000AFF86087ED020AC7ED010A5D
:10CE2000FB6893ED037AFB68D3ED047A77EE677ABB
:10CE3000FB68C3ED057AFB6893ED007AFB68D3EDE0
:10CE4000056AFB68D3ED067A76EEE77A67EE277A15
:10CE5000C7ED087AFB6893ED017AFB68D3ED057A9C
:10CE600067EE277AC7ED077AFB6893ED027AFB68D5
:10CE7000D3ED056AFB68D3ED067A77EEA77A76EEF6
:10CE8000E76AFB68D3ED077A76EEA77A67EE277A32
:10CE9000C7ED067A97ED087AD7ED077A77EE277A0D
:10CEA00097ED067A77EE277AC7ED097AFB68D3ED1E
:10CEB000087A97ED097A77EE277AC7ED057A97ED2C
:10CEC000057AD7ED017AB4EEE77AF1EE10FA06DDD5
:10CED000D7ED097AF5EEC07AF1EE10FA0FDC97ED96
:10CEE000057AD7ED027AB4EEE77AF1EE10FA09D5B9
:10CEF000D7ED097AF5EEC07AF1EE10FA02D54FF0CF
:10CF000000037B62FB6893ED087AD7ED097A77EE30
:10CF1000277AFB68C3ED087AFB68D3ED087A97EDB2
:10CF2000017AB4EEE77AF1EE10FA02D5FB687A687E
:10CF30001A62FB68D3ED087A97ED027AB4EEE77ACD
:10CF4000F1EE10FA02DDFB68BA681A62FB689A69B2
:10CF5000FB68DA61FB685A69FB689A61FB681B6AC7
:10CF600007EE903AB0EE670A2C37BD465DF8047BB9
:10CF7000704780B483B000AF786039603B681A6A4C
:10CF80007B681A603B685A6A7B685A603B689A6A99
:10CF90007B689A6000BF0C37BD465DF8047B704724
:10CFA00080B59EB000AF7860CD4B1B78DBB2012B13
:10CFB00040F01F82E8F7C0FACA4A07F1380392E846
:10CFC000030083E80300C64B00221A70E8F7E6FA74
:10CFD0003B8F07EE903AF8EEE77A9FEDC37A27EEA3
:10CFE000877ADFEDC26AC7EE267AC7ED187A97ED29
:10CFF000187ADFEDBF6AC7EE267A9FEDBE7A67EE3C
:10D00000877AC7ED177ABC4B1B78BC4A9B00134448
:10D01000FA6D1A60B84B1B780133DBB203F00703DB
:10D02000DAB2B54B1A704FF000037B67002387F824
:10D03000673011E097F86730B04A9B001344D3ED96
:10D04000007A97ED1D7A77EE277AC7ED1D7A97F86B
:10D050006730013387F8673097F86730072BE9D9D5
:10D0600097ED1D7AF2EE006AC7EE267AC7ED1D7ABB
:10D07000A34B93ED0D7AA24BD3ED0C7A37EE677A82
:10D08000F3EE006AC6EE877AC7ED167A9C4B93EDF5
:10D090000C7AD7ED167A67EE277AB1EE007A77EE42
:10D0A000677AC7ED157A97ED1D7AD7ED167A67EE98
:10D0B000277A97ED157A77EE277AC7ED147AD7EDB0
:10D0C000147AB1EE007A37EEC77AF3EE006AC7EE53
:10D0D000267A9FED8C7A67EE877AC7ED1B7AD7EDBB
:10D0E0001B7AF5EEC07AF1EE10FA02D54FF000038C
:10D0F000FB667B8F07EE903AF8EEE77A9FED7A7A3F
:10D1000027EE877ADFED796AC7EE267AC7ED187ABF
:10D1100097ED187ADFED766AC7EE267A9FED757A7D
:10D1200067EE877AC7ED137A774B1B78774A9B00B7
:10D130001344FA6C1A60744B1B780133DBB203F0B2
:10D140000703DAB2704B1A704FF000033B670023FD
:10D1500087F8663011E097F866306C4A9B001344FC
:10D16000D3ED007A97ED1C7A77EE277AC7ED1C7A1B
:10D1700097F86630013387F8663097F86630072BEA
:10D18000E9D997ED1C7AF2EE006AC7EE267AC7ED70
:10D190001C7A5B4B93ED0F7A594BD3ED0E7A37EE39
:10D1A000677AF3EE006AC6EE877AC7ED127A544BBF
:10D1B00093ED0E7AD7ED127A67EE277AB1EE007A08
:10D1C00077EE677AC7ED117A97ED1C7AD7ED127A70
:10D1D00067EE277A97ED117A77EE277AC7ED107A06
:10D1E000D7ED107AB1EE007A37EEC77AF3EE006A27
:10D1F000C7EE267A9FED467A67EE877A9FED457AED
:10D2000077EEC77AC7ED1A7AD7ED1A7A9FED427A90
:10D21000F4EEC77AF1EE10FA01D5404BBB66D7EDBC
:10D220001A7A9FED3F7AF4EEC77AF1EE10FA01DD3B
:10D230003C4BBB66BB8F07EE903AF8EEE77A9FED6A
:10D240002A7A27EE877ADFED296AC7EE267AC7EDBC
:10D25000187A97ED187ADFED266AC7EE267A9FEDE9
:10D26000257A67EE877A304BC3ED007AFB8F07EEA5
:10D27000903AF8EEE77A9FED1C7A27EE877ADFED99
:10D280001B6AC7EE267AC7ED187A97ED187ADFED9C
:10D29000186AC7EE267A9FED177A67EE877A224BD7
:10D2A000C3ED017AD7ED147A9FED207AF4EEC77AB8
:10D2B000F1EE10FA08D4D7ED147AB3EE057AF4EE55
:10D2C000C77AF1EE10FA35DD194B1B78022B34D8F2
:10D2D000174B1B780133DAB2154B1A702DE000BFE3
:10D2E00004AF0424FCAE04243333534000FF7F47D3
:10D2F0000000204300007A4450AF042410AF0424FF
:10D3000084AF04240000204251AF042430AF042431
:10D3100000002A4300004842000070C2000070C2B2
:10D32000000002430000024308AF04246666664022
:10D3300052AF0424344B00221A70D7ED107A9FEDBF
:10D34000337AF4EEC77AF1EE10FA08D4D7ED107AFA
:10D35000B3EE057AF4EEC77AF1EE10FA0ADD2C4B43
:10D360001B78022B09D82A4B1B780133DAB2284BE1
:10D370001A7002E0264B00221A70234B1B78022BF6
:10D3800003D9244B01221A7002E0224B00221A70AA
:10D390001F4B1B78022B03D91E4B01225A7002E04F
:10D3A0001C4B00225A7007F10803184600F0DEF902
:10D3B0000346002B1DD04FF000037B624FF00003AB
:10D3C000BB62144B1B78002B03D04FF000037B6231
:10D3D00001E0FB6E7B620F4B5B78002B02D00E4BA3
:10D3E000BB6201E0BB6EBB6207F10803184600F0A8
:10D3F00007FA07F10803184600F0B8F94FF47A70FD
:10D40000E5F76EFBD0E500BF52AF042466666640C8
:10D4100053AF0424C4AF0424000070C280B48DB0A4
:10D4200000AF78607B681B682E4A934254D12E4B24
:10D43000FB610823BB61BB69002B1DDDFB6903F0A9
:10D440001F02BB6913447B61FB693B61BFF34F8FD4
:10D4500000BF264A3B69C2F870323B6920333B610A
:10D460007B69203B7B617B69002BF2DCBFF34F8F34
:10D4700000BFBFF36F8F00BF00BFEFF311824FF00B
:10D48000500383F31188BFF36F8FBFF34F8F7A621E
:10D490003B627B6ABB62002387F82F300FE097F86E
:10D4A0002F2097F82F30104931F8122091B2104AEE
:10D4B00022F8131097F82F30013387F82F3097F8A0
:10D4C0002F30032BEBD90B4B01221A70BB6AFB6088
:10D4D000FB6883F3118800BF00BF3437BD465DF899
:10D4E000047B7047006002580002003800ED00E045
:10D4F000FCAE042404AF042480B58AB002AF786087
:10D500003960FD233B7507F114024FF0FF330093A0
:10D51000012388212648DDF781F90A20DDF788F804
:10D5200007F10C024FF0FF330093062389212048B6
:10D53000DDF78CFA3B7B1B027A7B1343FB61FB7BA1
:10D540001B023A7C1343BB61FB69AF2202FB03F36E
:10D5500007EE903AB8EE676B9FED115B86EE057BA8
:10D560009FED116B37EE467B7B6883ED007BBA69DC
:10D5700013465B019B1A9B00134407EE903AB8EEEA
:10D58000676B9FED075B86EE057BB1EE086B37EEB0
:10D59000467B3B6883ED007B00BF2037BD4680BDE6
:10D5A00000000000E0FFEF40000000000080464067
:10D5B0006C86042480B400AFBFF34F8F00BF064BCE
:10D5C000DB6803F4E0620449044B1343CB60BFF310
:10D5D0004F8F00BF00BFFDE700ED00E00400FA053B
:10D5E00080B582B000AF01237B607B6883F3138832
:10D5F00000BFFFF7DFFF000080B582B000AF7860AA
:10D6000039603A687968054816F0B6FE3B68002B29
:10D6100000D100E0FEE70837BD4680BD58CC0408C5
:10D6200080B400AF244B00221A70234B00221A76DC
:10D63000214B002283F828201F4B4FF00002DA61B3
:10D640001D4B4FF000021A621B4B4FF000025A6252
:10D65000194B002283F82920174B002283F82A2037
:10D66000154B00225A71144B00221A71124B0022E2
:10D67000DA80114B00221A810F4BFF229A720E4B57
:10D680000322DA720C4B0022DA600B4B64221A82FE
:10D69000094B64225A82084B00225A61064B002231
:10D6A00083F82B20044B4FF00002DA6200BFBD4626
:10D6B0005DF8047B704700BF54AF042480B400AF12
:10D6C0001D4B1E4A1A601C4B1D4A5A601A4B1D4ABC
:10D6D0009A60194B1C4ADA60174B1C4A1A61164BA8
:10D6E0001B4A5A61144B1B4A9A61134B144ADA6164
:10D6F000114B194A1A62104B184A5A620E4B184ABB
:10D700009A620D4B012283F82C200B4B062283F8E2
:10D710002D20094B134A1A63074B134A5A63064BD1
:10D72000104A9A63044B104ADA6300231846BD4638
:10D730005DF8047B704700BF84AF04240000A04064
:10D740000000A0419A99993E000020410000FA444F
:10D750000000C8420000AA42000020400AD7A33DB2
:10D760008FC2F53D00984646003D7847B0B582B07F
:10D7700000AF78607B68002B01D1002333E01C4BA5
:10D780001B68002B1FD01A4B1B6814211846E7F7A3
:10D790008EF80346002B12D17B68164A1C461546AC
:10D7A0000FCD0FC40FCD0FC495E80F0084E80F0014
:10D7B0000F4B1B681846E7F7C5F8012313E00E4826
:10D7C00016F04AFE02E00D4816F046FE7B68094A54
:10D7D0001C4615460FCD0FC40FCD0FC495E80F00A2
:10D7E00084E80F00002318460837BD46B0BD00BFCF
:10D7F0004084042454AF042488CC0408C0CC04081A
:10D80000B0B582B000AF78607B68002B01D10023F7
:10D8100028E0164B1B68002B20D0144B1B681421EA
:10D820001846E7F744F80346002B12D1104A7B68EC
:10D8300014461D460FCD0FC40FCD0FC495E80F0041
:10D8400084E80F00094B1B681846E7F77BF80123B3
:10D8500008E0084816F000FE002303E0064816F032
:10D86000FBFD002318460837BD46B0BD40840424A4
:10D8700054AF0424ECCC04081CCD040880B5D4B00B
:10D8800000AF07F5A873A3F5A6731860FF2387F808
:10D890004F314FF47A60E6F769FF07F1300318461D
:10D8A000FFF764FF034687F8393197F83931002BC9
:10D8B00003D11420E6F75AFFEFE707F5A873A3F5A5
:10D8C0009073DB69C7F83431BF4B1B68C7F8303140
:10D8D000BD4B5B68C7F82C31BB4BDB68C7F8283100
:10D8E00097ED4A7ADFEDB96AC7EE267AB7EE007A8D
:10D8F00077EE877A97ED4B7A67EE277AC7ED497A0C
:10D90000B14B9B69C7F82031AF4BDB69C7F81C31BD
:10D91000AD4B9B68C7F81831002387F84E310023C0
:10D9200087F84D31002387F84C3107F5A873A3F52C
:10D9300090735B7987F81731002387F84B3107F52F
:10D94000A873A3F590731B78042B0CBF012300234D
:10D95000DBB287F8163107F5A873A3F590731B782F
:10D96000062B17D007F5A873A3F5907393F82B3007
:10D97000012B0FD107F1C0031846FFF7F7FE03464E
:10D98000002B07D0002387F8EB3007F1C0031846BF
:10D99000FFF736FF002387F84A3107F5A873A3F590
:10D9A000907393F82B30012B06D1894B1B78002BF9
:10D9B00002D1012387F84A3107F5A873A3F59073C4
:10D9C00093F82B20824B1A70002387F84931814B42
:10D9D0001B78002B05D097F8493143F0010387F8F5
:10D9E00049317C4B5B78002B05D097F8493143F0E7
:10D9F000020387F84931774B9B78002B05D097F8C5
:10DA0000493143F0040387F8493197ED4D7AD7ED5A
:10DA1000497AB4EEE77AF1EE10FA13DB6E4B1B781D
:10DA20000133DAB26C4B1A706B4B1B78012B0FD998
:10DA30006A4B01221A7097F8493143F0200387F8A6
:10DA4000493105E0644B00221A70644B00221A70C1
:10DA500007F5A873A3F59073D3ED087A97ED487A8C
:10DA6000B4EEE77AF1EE10FA13D85D4B1B78013370
:10DA7000DAB25B4B1A705A4B1B78012B0CD901237D
:10DA800087F84D3197F8493143F0400387F8493121
:10DA900002E0534B00221A704E4B9B78002B24D18E
:10DAA00007F5A873A3F59073D3ED097A97ED477A3C
:10DAB000B4EEE77AF1EE10FA13DD4A4B1B7801332E
:10DAC000DAB2484B1A70474B1B78012B10D901234F
:10DAD00087F84C3197F8493163F07F0387F8493173
:10DAE00006E0404B00221A7002E03E4B00221A7002
:10DAF00097F81731002B05D097F8493143F0100300
:10DB000087F8493197F81731002B22D107F5A87310
:10DB1000A3F59073DB7A032B02D0012387F84B31F6
:10DB200007F5A873A3F59073DB88002B08D107F5E0
:10DB3000A873A3F590731B8903F00803002B08D08A
:10DB4000012387F84E3197F8493143F0080387F8ED
:10DB50004931072387F8153197F8492197F815318E
:10DB60001340DBB2002B03D0002387F8483102E0DA
:10DB7000012387F848311C4B1B7897F849219A42BA
:10DB800005D097F84931002B01D0012300E0002394
:10DB900087F8143197F81431002B00F08380134B71
:10DBA0001B88A7F84631B7F846311F2B24D9F82235
:10DBB0000F49104816F0D4FD1F23A7F846310B4B30
:10DBC00020221A801EE000BF84AF04240000C84257
:10DBD000D0B00424C4AF0424D1B00424D2B00424AF
:10DBE000D3B00424D4B00424D5B00424C8B0042491
:10DBF000D0AF0424C8AF0424BA4B1B8801339AB2B7
:10DC0000B84B1A80B7F84631DB00B74A1344C7F85F
:10DC10001031D7F8103197F849211A70E5F7EAF872
:10DC20000246D7F810315A60D7F810315B68AF4A16
:10DC3000A2FB03239B09C7F80C31D7F80C31AC4A7F
:10DC4000A2FB0323D90AAB4BA3FB01231A091346FA
:10DC50005B001344DB00CA1AD2B2D7F810315A70F5
:10DC6000D7F80C21A24BA3FB0213DB0A4FF461612E
:10DC700001FB03F3D31AA04AA2FB03235B09DAB228
:10DC8000D7F810319A70D7F80C119B4BA3FB0123E6
:10DC90005A0913461B019B1A9B00CA1AD2B2D7F825
:10DCA0001031DA70954A97F84931137007F1600323
:10DCB0001846FFF75BFD0346002B34D097F88A30F7
:10DCC00097F849219A4214BF01230023DBB287F859
:10DCD0000B3197F8893097F848219A4214BF0123F5
:10DCE0000023DBB287F80A3197F80B31002B03D100
:10DCF00097F80A31002B16D097F8493187F88A3007
:10DD000097F8483187F8893007F160031846FFF724
:10DD100077FD034687F8093197F80931002B02D1C6
:10DD2000774816F099FB97F84E31002B17D197F8EA
:10DD30001731002B13D1734B1B78002B0FD197F8A1
:10DD40004B31002B0BD1704B1B78002B07D16E4B46
:10DD50005B78002B03D16C4B9B78002B01D0012307
:10DD600000E0002387F8083197F84D31002B03D1EC
:10DD700097F84C31002B01D0012300E0002387F8F5
:10DD8000073197F80831002B03D197F80731002BA2
:10DD900029D007F5A873A3F590731B78042B22D024
:10DDA00007F5A873A3F590731B78062B1BD007F11A
:10DDB000C0031846FFF7DAFC0346002B13D097F890
:10DDC000C030062B0FD0062387F8C03007F1C00300
:10DDD0001846FFF715FD0346002B04D007F130036A
:10DDE0001846FFF7C3FC97F81631002B61D007F5F2
:10DDF000A873A3F590731B78042B40F0AB8597F8BC
:10DE00004F31042B2AD0414816F026FB07F1C003FE
:10DE10001846FFF7ABFC0346002B19D0002387F808
:10DE2000453197F8C430032B09D097F8C430002B44
:10DE300005D0002387F8C430012387F8453197F8CF
:10DE40004531002B04D007F1C0031846FFF7D8FC7A
:10DE50002F48FEF7C3FF042387F84F3197F80831A6
:10DE6000002B04D197F80731002B00F0758507F1DE
:10DE7000C0031846FFF77AFC0346002B00F06C85C0
:10DE8000002387F8443197F8C430002B05D00023D5
:10DE900087F8C430012387F8443197F84431002BC8
:10DEA00000F05A8507F1C0031846FFF7A9FC00F0FF
:10DEB00053BD07F5A873A3F590731B78062B00F2EA
:10DEC0000E8501A252F823F015DF020879E002085E
:10DED0005FE1020875E202086BE30208DFE802086E
:10DEE000CDE30208C8B00424C8AF0424D34D6210A7
:10DEF000C5B3A291ABAAAAAA89888888D5B0042400
:10DF000044CD0408D2B00424C4AF042478CD04085E
:10DF1000D4AE042497F84F31002B3DD0CC4816F0F6
:10DF20009BFAE6F779FB0346CA4A136007F1C00380
:10DF30001846FFF71BFC0346002B23D0002387F86D
:10DF4000433197F8E830002B05D0002387F8E830FC
:10DF5000012387F8433197F8C430032B09D097F891
:10DF6000C430002B05D0002387F8C430012387F884
:10DF7000433197F84331002B04D007F1C003184612
:10DF8000FFF73EFCB448FEF729FFB449012004F036
:10DF9000CDFE002387F84F31E6F73EFBC7F8F400CB
:10DFA000AC4B1B68D7F8F420D31AC7F8F030D7F879
:10DFB000F03040F2DB52934240F2D08497ED4C7A3D
:10DFC000D7ED467A77EE677A97ED4D7AB4EEE77A39
:10DFD000F1EE10FA24D5D7ED4D7A9FEDA17AF4EE4B
:10DFE000C77AF1EE10FA1BDD07F1C0031846FFF700
:10DFF000BDFB0346002B13D097F8C030012B0FD088
:10E00000012387F8C03007F1C0031846FFF7F8FB7B
:10E010000346002B04D007F130031846FFF7A6FB98
:10E0200097ED4D7AD7ED4B7AB4EEE77AF1EE10FA30
:10E0300001DA00F095BC07F1C0031846FFF796FB24
:10E040000346002B00F08C8497F8C030032B00F0BF
:10E050008784032387F8C03007F1C0031846FFF711
:10E06000CFFB0346002B00F07B8407F130031846FA
:10E07000FFF77CFB00F074BC97F84F31012B1DD0EB
:10E08000784816F0E9F907F1C0031846FFF76EFB70
:10E090000346002B0BD097F8C430012B07D0012387
:10E0A00087F8C43007F1C0031846FFF7A9FB6E4993
:10E0B000012004F03BFE012387F84F3197ED4D7AA4
:10E0C000D7ED4C7AB4EEE77AF1EE10FA1BDB07F1EC
:10E0D000C0031846FFF74AFB0346002B13D097F8FE
:10E0E000C030022B0FD0022387F8C03007F1C003E5
:10E0F0001846FFF785FB0346002B04D007F13003D9
:10E100001846FFF733FB97ED4D7AD7ED4B7AB4EE17
:10E11000E77AF1EE10FA01DA00F024BC07F1C0034F
:10E120001846FFF723FB0346002B00F01B8497F8EB
:10E13000C030002B00F01684002387F8C03007F1B0
:10E14000C0031846FFF75CFB0346002B00F00A846F
:10E1500007F130031846FFF709FB00F003BC97F8FE
:10E160004F31022B20D0414816F076F93A48FEF79D
:10E1700035FE07F1C0031846FFF7F8FA0346002BF7
:10E180000BD097F8C430012B07D0012387F8C43097
:10E1900007F1C0031846FFF733FB3549012004F0AF
:10E1A000C5FD022387F84F3197ED4C7AD7ED467ABB
:10E1B00077EE677A97ED4D7AB4EEE77AF1EE10FAE2
:10E1C0001BD507F1C0031846FFF7D0FA0346002B12
:10E1D00013D097F8C030012B0FD0012387F8C0303F
:10E1E00007F1C0031846FFF70BFB0346002B04D0D2
:10E1F00007F130031846FFF7B9FA97ED4D7AD7EDDE
:10E200004B7AB4EEE77AF1EE10FA00DAACE307F1FC
:10E21000C0031846FFF7AAFA0346002B00F0A483B8
:10E2200097F8C030002B00F09F83002387F8C030A0
:10E2300007F1C0031846FFF7E3FA0346002B00F08E
:10E24000938307F130031846FFF790FA8CE300BF81
:10E25000B4CD0408CCB00424D4AE0424D0CD04083A
:10E26000CDCC4C3EE8CD040804CE040818CE0408FA
:10E2700034CE040897F84F31032B38D0804816F07D
:10E28000EBF807F1C0031846FFF770FA0346002BBE
:10E2900023D0002387F8423197F8E830012B05D0CE
:10E2A000012387F8E830012387F8423197F8C4301A
:10E2B000032B09D097F8C430002B05D0002387F832
:10E2C000C430012387F8423197F84231002B04D043
:10E2D00007F1C0031846FFF793FA6A48FEF77EFD80
:10E2E0006949012004F022FD032387F84F31D7ED5F
:10E2F0004D7A9FED667AF4EEC77AF1EE10FA00D906
:10E3000034E307F1C0031846FFF730FA0346002B49
:10E3100000F02C83002387F8413197F8E830002B78
:10E3200005D0002387F8E830012387F8413197F8BA
:10E33000C030002B05D0002387F8C030012387F8B8
:10E34000413197F84131002B00F0108307F1C003F1
:10E350001846FFF755FA0346002B00F0078307F134
:10E3600030031846FFF702FA00E397F84F31042B09
:10E3700000F0FE82464816F06FF807F1C003184619
:10E38000FFF7F4F90346002B19D0002387F840313A
:10E3900097F8C430032B09D097F8C430002B05D070
:10E3A000002387F8C430012387F8403197F84031C3
:10E3B000002B04D007F1C0031846FFF721FA3148BB
:10E3C000FEF70CFD042387F84F31D1E24FF47A7346
:10E3D000C7F80031E6F720F9C7F8FC0097F84F318D
:10E3E000062B2DD02B4816F037F82B4AD7F8FC30E7
:10E3F00013602A4B00221A7007F1C0031846FFF77A
:10E40000B5F90346002B15D0002387F83F3197F864
:10E41000C430032B05D0032387F8C430012387F8C9
:10E420003F3197F83F31002B04D007F1C003184665
:10E43000FFF7E6F91348FEF7D1FC062387F84F31C2
:10E4400007F5A873A3F5A273184624231A460021E2
:10E4500016F09FF9002387F83E3197F81731002B0B
:10E4600020D097F83E315A1C87F83E21194607F50F
:10E47000A873A3F5A2730A4A43F821203EE000BF27
:10E4800048CE0408D4AE042470CE0408CDCC4C3E53
:10E4900084CE0408A0CE0408D8B00424DCB0042440
:10E4A000C4CE040897F8493103F00803002B10D0BC
:10E4B00097F83E31082B0CD897F83E315A1C87F854
:10E4C0003E21194607F5A873A3F5A273CA4A43F87B
:10E4D000212097F84B31002B10D097F83E31082BB4
:10E4E0000CD897F83E315A1C87F83E21194607F59B
:10E4F000A873A3F5A273C14A43F8212097F84931C4
:10E5000003F00403002B10D097F83E31082B0CD8F1
:10E5100097F83E315A1C87F83E21194607F5A87333
:10E52000A3F5A273B64A43F8212097F8493103F0C6
:10E530000103002B10D097F83E31082B0CD897F828
:10E540003E315A1C87F83E21194607F5A873A3F5FA
:10E55000A273AC4A43F8212097F8493103F0020333
:10E56000002B10D097F83E31082B0CD897F83E318D
:10E570005A1C87F83E21194607F5A873A3F5A27324
:10E58000A14A43F8212097F8493103F02003002BDA
:10E5900010D097F83E31082B0CD897F83E315A1C12
:10E5A00087F83E21194607F5A873A3F5A273974A89
:10E5B00043F8212097F8493103F04003002B10D095
:10E5C00097F83E31082B0CD897F83E315A1C87F843
:10E5D0003E21194607F5A873A3F5A2738C4A43F8A8
:10E5E000212097F94931002B10DA97F83E31082B9A
:10E5F0000CD897F83E315A1C87F83E21194607F58A
:10E60000A873A3F5A273834A43F8212097F83E31FB
:10E61000002B0CD197F83E315A1C87F83E21194641
:10E6200007F5A873A3F5A2737B4A43F821207B4B1F
:10E630001B68D7F8FC20D31AD7F800219A421FD8BC
:10E64000764AD7F8FC301360754B1B780133DAB289
:10E65000734B1A70724B1B7897F83E219A4202D87E
:10E660006F4B00221A706E4B1B781A4607F5A87381
:10E67000A3F5A27353F822301946002004F056FB8C
:10E6800007F190031846FFF771F80346002B17D0E7
:10E69000644B1B78002B14BF01230023DBB287F8E7
:10E6A000FB3097F8B83097F8FB209A4208D097F8DB
:10E6B000FB3087F8B83007F190031846FFF7A0F851
:10E6C00097F80731002B53D197F80831002B4FD121
:10E6D000554815F0C1FE07F1C0031846FFF746F88C
:10E6E0000346002B40D0002387F83D3197F8C03017
:10E6F000002B05D0002387F8C030012387F83D3177
:10E7000097F8C430022B05D0022387F8C4300123C8
:10E7100087F83D3197F8EB30002B05D0002387F8C0
:10E72000EB30012387F83D3197F8EA30002B05D014
:10E73000002387F8EA30012387F83D3197F83D310F
:10E74000002B11D007F1C0031846FFF759F8034614
:10E75000002B09D003220021344816F01AF807F1E3
:10E7600030031846FFF702F83149012004F0DEFAC1
:10E7700097F84A31012B40F0FD8007F1C00318469D
:10E78000FEF7F4FF0346002B0BD097F8EB30002B7D
:10E7900007D0002387F8EB3007F1C0031846FFF7D6
:10E7A0002FF807F130031846FEF7E0FF002387F843
:10E7B0003C3107F5A873A3F5907393ED087A1D4BD0
:10E7C000D3ED067AB4EEE77AF1EE10FA02DB01231C
:10E7D00087F83C3107F5A873A3F5907393ED097A98
:10E7E000144BD3ED077AB4EEE77AF1EE10FA23D8A2
:10E7F000012387F83C311FE0D4CE0408E8CE04089A
:10E80000FCCE040810CF040828CF040840CF040829
:10E8100054CF040868CF04087CCF0408D8B004247F
:10E82000DCB00424D2B004248CCF0408C4AF042488
:10E83000C4CF040884AF042497F83C31002B46D1A0
:10E840004F4815F009FE07F1C0031846FEF78EFF8A
:10E850000346002B36D0002387F83B3197F8C030B1
:10E86000002B05D0002387F8C030012387F83B3107
:10E8700097F8C430022B05D0022387F8C430012357
:10E8800087F83B3197F8EA30002B05D0002387F852
:10E89000EA30012387F83B3197F83B31002B11D048
:10E8A00007F1C0031846FEF7ABFF0346002B09D063
:10E8B00003220021334815F06CFF07F1300318469E
:10E8C000FEF754FF3049012004F030FA52E02F489F
:10E8D00015F0C2FD2E49002004F028FA4AE02D4828
:10E8E00015F0BAFD07F1C0031846FEF73FFF0346D7
:10E8F000002B2BD0002387F83A3197F8C030002B3B
:10E9000005D0002387F8C030012387F83A3197F803
:10E91000C430032B09D097F8C430002B05D0002356
:10E9200087F8C430012387F83A3197F83A31002B41
:10E930000CD007F1C0031846FEF762FF0346002B18
:10E9400004D007F130031846FEF710FF1248FEF717
:10E9500045FA10E000BF0EE000BF0CE000BF0AE087
:10E9600000BF08E000BF06E000BF04E000BF02E017
:10E9700000BF00E000BFC820E5F7F8FEFEF78DBF3E
:10E98000DCCF0408C4AF0424C4CF040808D00408B2
:10E9900038D004084CD00408D4AE042480B483B02A
:10E9A00000AF0346FB71FB79013B052B20D801A288
:10E9B00052F823F0CDE90208D3E90208D9E90208A8
:10E9C000DFE90208E5E90208EBE902084FF4166303
:10E9D00010E04FF496530DE04FF416530AE04FF455
:10E9E000964307E04FF4164304E04FF4E13301E0AF
:10E9F0004FF4E13318460C37BD465DF8047B704791
:10EA000080B500AF044A00210448E5F71AFE03462A
:10EA1000034A136000BF80BDD407050825EA020839
:10EA2000E0B0042480B584B002AF42F21070E4F785
:10EA300057F8164B93F82C20154B1A70134B93F87C
:10EA40002D301846FFF7AAFF7860114B1B78D9B21A
:10EA5000002300937B68012200200AF093FB0AF058
:10EA600007FC4FF0FF310120E4F7A4FF0AF028FF74
:10EA70000346012B06D10AF017FC0BF035F90AF01A
:10EA8000F7FB01E00AF032FCEBE700BF84AF04249F
:10EA9000E400002480B500AF002201210120E2F74C
:10EAA0001AFE0346264A1360002221210120E2F7C4
:10EAB00012FE0346234A1360002201210120E2F7DF
:10EAC0000AFE0346204A1360002204210120E2F7D7
:10EAD00002FE03461D4A1360002201210120E2F7D5
:10EAE000FAFD03461A4A136000220C210420E2F7C3
:10EAF000F2FD0346174A136000220C210420E2F7BE
:10EB0000EAFD0346144A136000224FF4BD61082059
:10EB1000E2F7E1FD0346114A1360002204212020A0
:10EB2000E2F7D9FD03460E4A13600022442101207A
:10EB3000E2F7D1FD03460B4A136000BF80BD00BF62
:10EB4000E4B00424E8B00424F0B00424ECB00424BD
:10EB5000F4B00424F8B00424FCB0042400B104246C
:10EB600004B1042408B1042480B500AFE4F742F9ED
:10EB70000346024A136000BF80BD00BF3CB10424BD
:10EB800080B582B000AFE4F735F97860084B1B68B8
:10EB90007A68D31A3B603B6842F20F72934201D904
:10EBA000012300E0002318460837BD4680BD00BFA2
:10EBB0003CB1042480B584B000AFF8600B467A60A5
:10EBC000FB72FB7A032B58D801A252F823F000BF46
:10EBD000E1EB02080FEC020847EC020873EC0208B4
:10EBE000FB685B79002B4AD0FB685B79013BDAB2AA
:10EBF000FB685A71FB685A79FB689B799A423ED24E
:10EC0000FB689B79013BDAB2FB689A7137E0FB68DD
:10EC10005B791A46FB681B79013B9A4231DAFB6843
:10EC20005B790133DAB2FB685A71FB689B79033375
:10EC3000FA685279934224DAFB689B790133DAB29D
:10EC4000FB689A711DE0FB681A68FB685B79DB0062
:10EC500013445B68002B08D0FB681A68FB685B797B
:10EC6000DB0013445B6898470CE07B6800221A7055
:10EC700008E07B6800221A7004E000BF02E000BFD9
:10EC800000E000BF00BF1037BD4680BD80B58EB02C
:10EC900000AF08224B494C4803F0ACFC4B4800F055
:10ECA000C7FAFFF761FF3B1D1846FEF75FFD0346FD
:10ECB000002B05D004233B713B1D1846FEF7A0FD39
:10ECC000012387F836305AE0FFF75AFF0346002B3E
:10ECD00003D0002387F8363055E03D4B1B6807F121
:10ECE000370164221846E3F7ABF80346012B46D1FF
:10ECF000FFF73AFF97F937300133042B3CD801A2D4
:10ED000052F823F02FED020879ED020819ED020800
:10ED100045ED020863ED020807F136031A460121AA
:10ED20002948FFF747FF294800F082FA27E007F15A
:10ED300036031A4600212448FFF73CFF234800F021
:10ED400077FA1CE007F136031A4602211E48FFF746
:10ED500031FF97F83630002B10D01C4800F068FACD
:10ED60000CE007F136031A4603211748FFF722FF8C
:10ED7000164800F05DFA02E000BF00E000BF97F81F
:10ED80003630002BA0D13B1D1846FEF7EFFC0346A2
:10ED9000002B05D000233B713B1D1846FEF730FDCC
:10EDA000FFF7EEFE0346002B07D00A4B00225A71F4
:10EDB000084B00229A7103F079FB00BF3837BD463B
:10EDC00080BD00BF2001002414B1042448B10424F4
:10EDD000F0B004240CB1042480B582B000AF072247
:10EDE00039493A4803F006FC394800F00DFBFFF7BB
:10EDF000BBFE0123BB7153E0FFF7C2FE0346002BAD
:10EE000002D00023BB714EE0324B1B68F91D642217
:10EE10001846E3F715F80346012B41D1FFF7A4FE8E
:10EE200097F907300133042B37D801A252F823F0A9
:10EE300059EE02089BEE020845EE02086DEE02084C
:10EE400087EE0208BB1D1A4601212048FFF7B2FEDB
:10EE50001F4800F0D9FA23E0BB1D1A4600211B48C9
:10EE6000FFF7A8FE1A4800F0CFFA19E0BB1D1A46BA
:10EE700002211648FFF79EFEBB79002B0FD01448E5
:10EE800000F0C2FA0BE0BB1D1A4603210F48FFF742
:10EE900091FE0F4800F0B8FA02E000BF00E000BFAA
:10EEA000BB79002BA8D1FFF76BFE0346002B07D0E0
:10EEB000094B00225A71084B00229A7103F0F6FAAE
:10EEC00000BF0837BD4680BD600100241CB104248A
:10EED00048B10424F0B004240CB1042480B582B0FD
:10EEE00000AF052239493A4803F084FB394800F065
:10EEF00077FBFFF739FE0123BB7153E0FFF740FEBC
:10EF00000346002B02D00023BB714EE0324B1B683E
:10EF1000F91D64221846E2F793FF0346012B41D105
:10EF2000FFF722FE97F907300133042B37D801A2EF
:10EF300052F823F05DEF02089FEF020849EF020844
:10EF400071EF02088BEF0208BB1D1A460121204811
:10EF5000FFF730FE1F4800F043FB23E0BB1D1A46BD
:10EF600000211B48FFF726FE1A4800F039FB19E084
:10EF7000BB1D1A4602211648FFF71CFEBB79002B69
:10EF80000FD0144800F02CFB0BE0BB1D1A460321E8
:10EF90000F48FFF70FFE0F4800F022FB02E000BF12
:10EFA00000E000BFBB79002BA8D1FFF7E9FD0346C5
:10EFB000002B07D0094B00225A71084B00229A718E
:10EFC00003F074FA00BF0837BD4680BD98010024E5
:10EFD00024B1042448B10424F0B004240CB1042466
:10EFE00080B58EB000AF06224B494C4803F002FBBF
:10EFF0004B4800F0E1FBFFF7B7FD3B1D1846FEF75D
:10F00000B5FB0346002B05D004233B713B1D18467E
:10F01000FEF7F6FB012387F836305AE0FFF7B0FD24
:10F020000346002B03D0002387F8363055E03D4BD4
:10F030001B6807F1370164221846E2F701FF034617
:10F04000012B46D1FFF790FD97F937300133042BA0
:10F050003CD801A252F823F083F00208CDF0020858
:10F060006DF0020899F00208B7F0020807F13603C4
:10F070001A4601212948FFF79DFD294800F09CFB15
:10F0800027E007F136031A4600212448FFF792FDD6
:10F09000234800F091FB1CE007F136031A460221D9
:10F0A0001E48FFF787FD97F83630002B10D01C481C
:10F0B00000F082FB0CE007F136031A4603211748E3
:10F0C000FFF778FD164800F077FB02E000BF00E094
:10F0D00000BF97F83630002BA0D13B1D1846FEF735
:10F0E00045FB0346002B05D000233B713B1D184612
:10F0F000FEF786FBFFF744FD0346002B07D00A4BC3
:10F1000000225A71084B00229A7103F0CFF900BF18
:10F110003837BD4680BD00BFC00100242CB1042497
:10F1200048B10424F0B004240CB1042480B582B0AA
:10F1300000AF032239493A4803F05CFA394800F03D
:10F1400027FCFFF711FD0123BB7153E0FFF718FD0A
:10F150000346002B02D00023BB714EE0324B1B68EC
:10F16000F91D64221846E2F76BFE0346012B41D1DC
:10F17000FFF7FAFC97F907300133042B37D801A2C7
:10F1800052F823F0ADF10208EFF1020899F10208FC
:10F19000C1F10208DBF10208BB1D1A46012120481B
:10F1A000FFF708FD1F4800F0F3FB23E0BB1D1A46E4
:10F1B00000211B48FFF7FEFC1A4800F0E9FB19E0AC
:10F1C000BB1D1A4602211648FFF7F4FCBB79002B41
:10F1D0000FD0144800F0DCFB0BE0BB1D1A460321E6
:10F1E0000F48FFF7E7FC0F4800F0D2FB02E000BF3A
:10F1F00000E000BFBB79002BA8D1FFF7C1FC03469C
:10F20000002B07D0094B00225A71084B00229A713B
:10F2100003F04CF900BF0837BD4680BDF001002463
:10F2200034B1042448B10424F0B004240CB1042403
:10F2300080B588B002AF786078680FF009FC1623BB
:10F2400000934FF480730022002178680FF0D4FA05
:10F250006749786810F074FB0021786810F015FD9C
:10F260006449786810F0EAFB0346C3F58073002B0D
:10F2700000DA01335B107B82798A5E4B102278685A
:10F2800010F0BCFA0121786810F0FFFC54230093C1
:10F290004FF480731822002178680FF0E3FA2023DE
:10F2A000FB825549786810F04BFB544B9B797B757A
:10F2B00062E0524B1B797A7D9A4264D24F4B5B7964
:10F2C0007A7D9A4232D1FB8A063B9AB2142300938C
:10F2D000FC23022178680FF08FFA0021786810F083
:10F2E000D4FC464B1A687B7DDB0013441B6819462F
:10F2F000786810F0A3FB0346C3F58073002B00DA97
:10F3000001335B10FB81FB8A083398B23B4B1A68D0
:10F310007B7DDB0013441B68F9890246786810F096
:10F320006DFA0121786810F0B0FC1FE0334B1A68C9
:10F330007B7DDB0013441B681946786810F07EFB68
:10F340000346C3F58073002B00DA01335B103B8268
:10F35000FB8A083398B2294B1A687B7DDB00134483
:10F360001B68398A0246786810F048FAFB8A143321
:10F37000FB827B7D01337B75204B9B79DA1C7B7D87
:10F380009A4296DA00E000BF122300934FF4807394
:10F390006E22002178680FF02FFA1949786810F072
:10F3A000CFFA0021786810F070FC1649786810F0E8
:10F3B00045FB0346C3F58073002B00DA01335B1075
:10F3C000BB81B9890F4B7A22786810F017FA0121B6
:10F3D000786810F05AFC78680FF04EFB0346002B5B
:10F3E0007FF42DAF00BF00BF1837BD4680BD00BF02
:10F3F000D4450508B4D00408E428050814B1042451
:10F40000FC1705087CD2040880B588B002AF78608C
:10F4100078680FF01DFB162300934FF480730022D1
:10F42000002178680FF0E8F96749786810F088FAE9
:10F430000021786810F029FC6449786810F0FEFA21
:10F440000346C3F58073002B00DA01335B107B8227
:10F45000798A5E4B1022786810F0D0F90121786823
:10F4600010F013FC542300934FF4807318220021F2
:10F4700078680FF0F7F92023FB825549786810F07F
:10F480005FFA544B9B797B7562E0524B1B797A7D16
:10F490009A4264D24F4B5B797A7D9A4232D1FB8A91
:10F4A000063B9AB214230093FC23022178680FF0E4
:10F4B000A3F90021786810F0E8FB464B1A687B7DC1
:10F4C000DB0013441B681946786810F0B7FA03464E
:10F4D000C3F58073002B00DA01335B10FB81FB8ADC
:10F4E000083398B23B4B1A687B7DDB0013441B68E2
:10F4F000F9890246786810F081F90121786810F0E6
:10F50000C4FB1FE0334B1A687B7DDB0013441B6890
:10F510001946786810F092FA0346C3F58073002B01
:10F5200000DA01335B103B82FB8A083398B2294B27
:10F530001A687B7DDB0013441B68398A02467868B1
:10F5400010F05CF9FB8A1433FB827B7D01337B7501
:10F55000204B9B79DA1C7B7D9A4296DA00E000BF53
:10F56000122300934FF480736E22002178680FF00D
:10F5700043F91949786810F0E3F90021786810F030
:10F5800084FB1649786810F059FA0346C3F5807376
:10F59000002B00DA01335B10BB81B9890F4B7A2253
:10F5A000786810F02BF90121786810F06EFB78680C
:10F5B0000FF062FA0346002B7FF42DAF00BF00BFAF
:10F5C0001837BD4680BD00BFD4450508C4D0040827
:10F5D000E42805081CB10424FC1705087CD20408A3
:10F5E00080B588B002AF786078680FF031FA1623E2
:10F5F00000934FF480730022002178680FF0FCF82C
:10F600006749786810F09CF90021786810F03DFB9C
:10F610006449786810F012FA0346C3F58073002B32
:10F6200000DA01335B107B82798A5E4B10227868A6
:10F6300010F0E4F80121786810F027FB54230093C0
:10F640004FF480731822002178680FF00BF9202303
:10F65000FB825549786810F073F9544B9B797B75A0
:10F6600062E0524B1B797A7D9A4264D24F4B5B79B0
:10F670007A7D9A4232D1FB8A063B9AB214230093D8
:10F68000FC23022178680FF0B7F80021786810F0A9
:10F69000FCFA464B1A687B7DDB0013441B68194655
:10F6A000786810F0CBF90346C3F58073002B00DABD
:10F6B00001335B10FB81FB8A083398B23B4B1A681D
:10F6C0007B7DDB0013441B68F9890246786810F0E3
:10F6D00095F80121786810F0D8FA1FE0334B1A68CA
:10F6E0007B7DDB0013441B681946786810F0A6F98F
:10F6F0000346C3F58073002B00DA01335B103B82B5
:10F70000FB8A083398B2294B1A687B7DDB001344CF
:10F710001B68398A0246786810F070F8FB8A143347
:10F72000FB827B7D01337B75204B9B79DA1C7B7DD3
:10F730009A4296DA00E000BF122300934FF48073E0
:10F740006E22002178680FF057F81949786810F098
:10F75000F7F80021786810F098FA1649786810F0E8
:10F760006DF90346C3F58073002B00DA01335B109B
:10F77000BB81B9890F4B7A22786810F03FF80121DC
:10F78000786810F082FA78680FF076F90346002B5B
:10F790007FF42DAF00BF00BF1837BD4680BD00BF4E
:10F7A000D4450508D4D00408E428050824B104246D
:10F7B000FC1705087CD2040880B588B002AF7860D9
:10F7C00078680FF045F9162300934FF480730022F8
:10F7D000002178680FF010F86749786810F0B0F8E9
:10F7E0000021786810F051FA6449786810F026F921
:10F7F0000346C3F58073002B00DA01335B107B8274
:10F80000798A5E4B102278680FF0F8FF0121786842
:10F8100010F03BFA542300934FF480731822002118
:10F8200078680FF01FF82023FB825549786810F0A4
:10F8300087F8544B9B797B7562E0524B1B797A7D3C
:10F840009A4264D24F4B5B797A7D9A4232D1FB8ADD
:10F85000063B9AB214230093FC23022178680EF031
:10F86000CBFF0021786810F010FA464B1A687B7DB8
:10F87000DB0013441B681946786810F0DFF8034674
:10F88000C3F58073002B00DA01335B10FB81FB8A28
:10F89000083398B23B4B1A687B7DDB0013441B682E
:10F8A000F989024678680FF0A9FF0121786810F005
:10F8B000ECF91FE0334B1A687B7DDB0013441B68B7
:10F8C0001946786810F0BAF80346C3F58073002B28
:10F8D00000DA01335B103B82FB8A083398B2294B74
:10F8E0001A687B7DDB0013441B68398A02467868FE
:10F8F0000FF084FFFB8A1433FB827B7D01337B7521
:10F90000204B9B79DA1C7B7D9A4296DA00E000BF9F
:10F91000122300934FF480736E22002178680EF05A
:10F920006BFF1949786810F00BF80021786810F027
:10F93000ACF91649786810F081F80346C3F5807376
:10F94000002B00DA01335B10BB81B9890F4B7A229F
:10F9500078680FF053FF0121786810F096F9786805
:10F960000FF08AF80346002B7FF42DAF00BF00BFD5
:10F970001837BD4680BD00BFD4450508E0D0040857
:10F98000E42805082CB10424FC1705087CD20408DF
:10F9900080B588B002AF786078680FF059F8162308
:10F9A00000934FF480730022002178680EF024FF4A
:10F9B000674978680FF0C4FF0021786810F065F996
:10F9C0006449786810F03AF80346C3F58073002B59
:10F9D00000DA01335B107B82798A5E4B10227868F3
:10F9E0000FF00CFF0121786810F04FF954230093B9
:10F9F0004FF480731822002178680EF033FF202323
:10FA0000FB82554978680FF09BFF544B9B797B75BF
:10FA100062E0524B1B797A7D9A4264D24F4B5B79FC
:10FA20007A7D9A4232D1FB8A063B9AB21423009324
:10FA3000FC23022178680EF0DFFE0021786810F0C8
:10FA400024F9464B1A687B7DDB0013441B6819467A
:10FA500078680FF0F3FF0346C3F58073002B00DADC
:10FA600001335B10FB81FB8A083398B23B4B1A6869
:10FA70007B7DDB0013441B68F989024678680FF030
:10FA8000BDFE0121786810F000F91FE0334B1A68C1
:10FA90007B7DDB0013441B68194678680FF0CEFFAE
:10FAA0000346C3F58073002B00DA01335B103B8201
:10FAB000FB8A083398B2294B1A687B7DDB0013441C
:10FAC0001B68398A024678680FF098FEFB8A143367
:10FAD000FB827B7D01337B75204B9B79DA1C7B7D20
:10FAE0009A4296DA00E000BF122300934FF480732D
:10FAF0006E22002178680EF07FFE194978680FF0B9
:10FB00001FFF0021786810F0C0F8164978680FF0E0
:10FB100095FF0346C3F58073002B00DA01335B10B9
:10FB2000BB81B9890F4B7A2278680FF067FE0121FB
:10FB3000786810F0AAF878680EF09EFF0346002B54
:10FB40007FF42DAF00BF00BF1837BD4680BD00BF9A
:10FB5000D4450508ECD00408E428050834B1042491
:10FB6000FC1705087CD2040880B588B002AF786025
:10FB70002F4B7B61162300934FF4807300220021EA
:10FB800078690EF039FE2B4978690FF0D9FE002113
:10FB9000786910F07AF8796878690FF04FFF0346BA
:10FBA000C3F58073002B00DA01335B107B82798A06
:10FBB0007B68102278690FF021FE0121786910F02E
:10FBC00064F8542300934FF480731822002178695D
:10FBD0000EF048FE122300934FF480736E22002132
:10FBE00078690EF009FE144978690FF0A9FE00212A
:10FBF000786910F04AF8114BFB60F96878690FF0EA
:10FC00001DFF0346C3F58073002B00DA01335B1040
:10FC10007B817989FB687A2278690FF0EFFD0121F9
:10FC2000786910F032F800BF1837BD4680BD00BFBC
:10FC300048B10424C43E0508FC1705089CD20408FA
:10FC400080B59CB002AFFEF78FFF002387F85330DA
:10FC5000002387F86730534B1B683B66524BFB65AC
:10FC60004FF00003BB65514B7B653B461846FDF7E3
:10FC70007DFD3B78042B00F0888004233B703B46DD
:10FC80001846FDF7BDFD9620E4F770FD7DE0FEF718
:10FC900077FF0346002B7ED145480EF040FE012140
:10FCA00043480FF0F2FF4348FFF75EFF42494048E8
:10FCB0000FF046FED7ED187AB7EEE77A07F130037A
:10FCC0008DED007B3D4A2021184614F0CDFB07F155
:10FCD000300330220A2136480FF090FD34480EF0F0
:10FCE00091FE374B1B6807F1530164221846E2F777
:10FCF000A7F80346012B48D1FEF736FF97F953309A
:10FD00000133042B40D801A252F823F04BFD020826
:10FD100089FD020821FD020875FD020881FD020827
:10FD200097ED187AD7ED177A77EE277AC7ED187A1C
:10FD300097ED187AD7ED157AB4EEE77AF1EE10FA6E
:10FD400000DC22E07B6D3B661FE097ED187AD7ED73
:10FD5000177A77EE677AC7ED187A97ED187AD7EDAC
:10FD6000167AB4EEE77AF1EE10FA00D40DE0BB6D2E
:10FD70003B660AE00B4A3B6E136003F0A1F804E017
:10FD8000012387F8673000E000BF97F86730002B49
:10FD90003FF47DAF00E000BFFEF7E6FE00BF68372E
:10FDA000BD4680BD84AF0424CDCCCC3D0000F041E5
:10FDB00048B10424BCD2040814330508D0D2040886
:10FDC000F0B0042480B59CB002AFFEF7CDFE002356
:10FDD00087F85330002387F86730534B5B683B66E6
:10FDE000524BFB654FF07C53BB65514B7B653B46EB
:10FDF0001846FDF7BBFC3B78042B00F088800423F9
:10FE00003B703B461846FDF7FBFC9620E4F7AEFC42
:10FE10007DE0FEF7B5FE0346002B7ED145480EF08F
:10FE20007EFD012143480FF030FF4348FFF79CFE61
:10FE3000424940480FF084FDD7ED187AB7EEE77AD3
:10FE400007F130038DED007B3D4A2021184614F068
:10FE50000BFB07F1300330220A2136480FF0CEFCAD
:10FE600034480EF0CFFD374B1B6807F15301642275
:10FE70001846E1F7E5FF0346012B48D1FEF774FE73
:10FE800097F953300133042B40D801A252F823F0E4
:10FE9000CFFE02080DFF0208A5FE0208F9FE0208C7
:10FEA00005FF020897ED187AD7ED177A77EE277AD3
:10FEB000C7ED187A97ED187AD7ED157AB4EEE77A90
:10FEC000F1EE10FA00DC22E07B6D3B661FE097ED5F
:10FED000187AD7ED177A77EE677AC7ED187A97ED2B
:10FEE000187AD7ED167AB4EEE77AF1EE10FA00D46C
:10FEF0000DE0BB6D3B660AE00B4A3B6E536002F0BF
:10FF0000DFFF04E0012387F8673000E000BF97F8C7
:10FF10006730002B3FF47DAF00E000BFFEF724FE0A
:10FF200000BF6837BD4680BD84AF0424CDCCCC3D36
:10FF30000000204248B10424DCD204081433050830
:10FF4000F0D20408F0B0042480B59CB002AFFEF7F4
:10FF50000BFE002387F85330002387F86730534B9C
:10FF60001B693B66524BFB65524BBB65524B7B6535
:10FF70003B461846FDF7FAFB3B78042B00F08980DE
:10FF800004233B703B461846FDF73AFC9620E4F705
:10FF9000EDFB7EE0FEF7F4FD0346002B7FD14748E2
:10FFA0000EF0BDFC012145480FF06FFE4448FFF7FD
:10FFB000DBFD444941480FF0C3FCD7ED187AB7EE9A
:10FFC000E77A07F130038DED007B3F4A2021184688
:10FFD00014F04AFA07F1300330220A2137480FF0B3
:10FFE0000DFC36480EF00EFD384B1B6807F153012F
:10FFF00064221846E1F724FF0346012B49D1FEF79E
:020000040803EF
:10000000B3FD97F953300133042B41D801A252F8C4
:1000100023F000BF530003089100030829000308E0
:100020007D0003088900030897ED187AD7ED177A49
:1000300077EE277AC7ED187A97ED187AD7ED157A0B
:10004000B4EEE77AF1EE10FA00DC22E07B6D3B665D
:100050001FE097ED187AD7ED177A77EE677AC7ED3C
:10006000187A97ED187AD7ED167AB4EEE77AF1EEB2
:1000700010FA00D40DE0BB6D3B660AE00B4A3B6E04
:10008000136102F01DFF04E0012387F8673000E0F0
:1000900000BF97F86730002B3FF47CAF00E000BF53
:1000A000FEF762FD00BF6837BD4680BD84AF042403
:1000B000000020410000C8420080BB4548B1042434
:1000C0001CD1040814330508FCD20408F0B0042441
:1000D00080B59CB002AFFEF747FD002387F8533090
:1000E000002387F86730534B5B693B66524BFB65D7
:1000F0004FF00003BB65514B7B653B461846FDF74F
:1001000035FB3B78042B00F0888004233B703B4692
:100110001846FDF775FB9620E4F728FB7DE0FEF717
:100120002FFD0346002B7ED145480EF0F8FB012140
:1001300043480FF0AAFD4348FFF716FD42494048E7
:100140000FF0FEFBD7ED187AB7EEE77A07F1300330
:100150008DED007B3D4A2021184614F085F907F10A
:10016000300330220A2136480FF048FB34480EF0A5
:1001700049FC374B1B6807F1530164221846E1F72D
:100180005FFE0346012B48D1FEF7EEFC97F9533092
:100190000133042B40D801A252F823F0DB010308FD
:1001A00019020308B101030805020308110203083C
:1001B00097ED187AD7ED177A77EE277AC7ED187A88
:1001C00097ED187AD7ED157AB4EEE77AF1EE10FADA
:1001D00000DC22E07B6D3B661FE097ED187AD7EDDF
:1001E000177A77EE677AC7ED187A97ED187AD7ED18
:1001F000167AB4EEE77AF1EE10FA00D40DE0BB6D9A
:100200003B660AE00B4A3B6E536102F059FE04E084
:10021000012387F8673000E000BF97F86730002BB4
:100220003FF47DAF00E000BFFEF79EFC00BF6837E3
:10023000BD4680BD84AF04240000204100007A4404
:1002400048B104242CD1040814330508FCD2040856
:10025000F0B0042480B59CB002AFFEF785FC00230B
:1002600087F85330002387F86730534B9B693B6610
:100270004FF07E53FB65514BBB65514B7B653B4655
:100280001846FDF773FA3B78042B00F088800423AE
:100290003B703B461846FDF7B3FA9620E4F766FA42
:1002A0007DE0FEF76DFC0346002B7ED145480EF045
:1002B00036FB012143480FF0E8FC4348FFF754FCAC
:1002C000424940480FF03CFBD7ED187AB7EEE77A89
:1002D00007F130038DED007B3D4A2021184614F0D4
:1002E000C3F807F1300330220A2136480FF086FAAE
:1002F00034480EF087FB374B1B6807F1530164222B
:100300001846E1F79DFD0346012B48D1FEF72CFC72
:1003100097F953300133042B40D801A252F823F04F
:100320005F0303089D0303083503030889030308DB
:100330009503030897ED187AD7ED177A77EE277AA9
:10034000C7ED187A97ED187AD7ED157AB4EEE77AFB
:10035000F1EE10FA00DC22E07B6D3B661FE097EDCA
:10036000187AD7ED177A77EE677AC7ED187A97ED96
:10037000187AD7ED167AB4EEE77AF1EE10FA00D4D7
:100380000DE0BB6D3B660AE00B4A3B6E936102F0E9
:1003900097FD04E0012387F8673000E000BF97F87D
:1003A0006730002B3FF47DAF00E000BFFEF7DCFBC1
:1003B00000BF6837BD4680BD84AF0424000048C23A
:1003C0000000F04248B1042408D30408143305089F
:1003D0001CD30408F0B0042480B59CB002AFFEF733
:1003E000C3FB002387F85330002387F86730544B52
:1003F000DB693B664FF07E53FB654FF00003BB6546
:10040000504B7B653B461846FDF7B0F93B78042B13
:1004100000F0898004233B703B461846FDF7F0F955
:100420009620E4F7A3F97EE0FEF7AAFB0346002B33
:100430007FD145480EF073FA012143480FF025FCA7
:100440004248FFF791FB42493F480FF079FAD7ED58
:10045000187AB7EEE77A07F130038DED007B3D4A5D
:100460002021184614F000F807F1300330220A2149
:1004700035480FF0C3F934480EF0C4FA364B1B6808
:1004800007F1530164221846E1F7DAFC0346012B19
:1004900049D1FEF769FB97F953300133042B41D85A
:1004A00001A252F823F000BFE70403082505030862
:1004B000BD040308110503081D05030897ED187A0C
:1004C000D7ED177A77EE277AC7ED187A97ED187A75
:1004D000D7ED157AB4EEE77AF1EE10FA00DC22E0FF
:1004E0007B6D3B661FE097ED187AD7ED177A77EEB4
:1004F000677AC7ED187A97ED187AD7ED167AB4EEC9
:10050000E77AF1EE10FA00D40DE0BB6D3B660AE02D
:100510000B4A3B6ED36102F0D3FC04E0012387F861
:10052000673000E000BF97F86730002B3FF47CAFE6
:1005300000E000BFFEF718FB00BF6837BD4680BD76
:1005400084AF04240000484248B1042428D304089E
:100550001433050838D30408F0B0042480B59EB0E5
:1005600002AFFEF701FB002387F85330002387F822
:100570006F30002387F86E30C34B1B6ABB66C24BDB
:100580005B6A7B66C04B9B6A3B66C04BFB654FF06A
:100590000003BB65BE4B7B653B461846FDF7E6F89E
:1005A0003B78042B00F0628104233B703B461846E5
:1005B000FDF726F99620E4F7D9F857E1FEF7E0FABF
:1005C0000346002B40F05881B2480EF0A8F90121F3
:1005D000B0480FF05AFBB048FFF7C6FAAF49AD4834
:1005E0000FF0AEF997F86E30002B0DD1D7ED1A7AD7
:1005F000B7EEE77A07F130038DED007BA84A2021A2
:10060000184613F031FF0CE0D7ED1A7AB7EEE77A0F
:1006100007F130038DED007BA24A2021184613F02C
:1006200023FF07F1300330220A219A480FF0E6F841
:1006300097F86E30012B0DD1D7ED197AB7EEE77A26
:1006400007F130038DED007B974A2021184613F007
:100650000BFF0CE0D7ED197AB7EEE77A07F130031C
:100660008DED007B914A2021184613F0FDFE07F125
:10067000300340220A2187480FF0C0F897F86E3007
:10068000022B0DD1D7ED187AB7EEE77A07F13003D8
:100690008DED007B864A2021184613F0E5FE0CE024
:1006A000D7ED187AB7EEE77A07F130038DED007BCE
:1006B000804A2021184613F0D7FE07F1300350225C
:1006C0000A2174480FF09AF872480EF09BF97A4BA1
:1006D0001B6807F1530164221846E1F7B1FB03469A
:1006E000012B40F0C380FEF73FFA97F953300133F6
:1006F000042B00F2BA8001A252F823F09F070308EE
:100700006B080308110703082D0803084D080308A8
:1007100097F86E30002B14D197ED1A7AD7ED177A2F
:1007200077EE277AC7ED1A7A97ED1A7AD7ED157A10
:10073000B4EEE77AF1EE10FA00DC97E07B6DBB6671
:1007400094E097F86E30012B14D197ED197AD7ED1C
:10075000177A77EE277AC7ED197A97ED197AD7EDE0
:10076000157AB4EEE77AF1EE10FA00DC7EE07B6DEC
:100770007B667BE097ED187AD7ED177A77EE277ACC
:10078000C7ED187A97ED187AD7ED157AB4EEE77AB7
:10079000F1EE10FA00DC69E07B6D3B6666E097F8ED
:1007A0006E30002B14D197ED1A7AD7ED177A77EEC9
:1007B000677AC7ED1A7A97ED1A7AD7ED167AB4EE02
:1007C000E77AF1EE10FA00D450E0BB6DBB664DE065
:1007D00097F86E30012B14D197ED197AD7ED177A6F
:1007E00077EE677AC7ED197A97ED197AD7ED167A11
:1007F000B4EEE77AF1EE10FA00D437E0BB6D7B6619
:1008000034E097ED187AD7ED177A77EE677AC7ED6F
:10081000187A97ED187AD7ED167AB4EEE77AF1EEFA
:1008200010FA00D422E0BB6D3B661FE097F86E30F3
:100830005A1C224B83FB0231D317C91A0B465B00AB
:100840000B44D11A0B4687F86E300FE00E4ABB6E90
:1008500013620D4A7B6E53620B4A3B6E936202F049
:100860002FFB012387F86F3000E000BF97F86F304F
:10087000002B3FF4A3AE00E000BFFEF775F900BF08
:100880007037BD4680BD00BF84AF04240AD7233C27
:100890000000204148B1042444D30408143305085F
:1008A00054D3040860D304086CD3040878D3040834
:1008B00084D3040890D30408F0B004245655555549
:1008C00080B58AB000AFFEF74FF9002387F82230D9
:1008D000002387F82730494B93F82C3087F82630CF
:1008E000012387F82530012387F82430F72387F880
:1008F000233076E0FEF744F90346002B76D14048DA
:100900000EF00DF801213E480FF0BFF93D48FFF70A
:100910002BF93D493A480FF013F897F8263038463E
:100920003A4A202113F0A0FD3B4630220A213448E8
:100930000EF064FF32480EF065F8354B1B6807F186
:10094000220164221846E1F77BFA0346012B48D1C5
:10095000FEF70AF997F922300133042B3CD801A2A3
:1009600052F823F09D090308D909030879090308FF
:10097000C1090308D109030897F8262097F8253004
:10098000134487F8263097F8262097F823309A42A8
:1009900024D997F8233087F826301FE097F82620CF
:1009A00097F82530D31A87F8263097F8262097F83D
:1009B00024309A4214D297F8243087F826300FE07A
:1009C0000E4A97F8263082F82C3002F079FA08E0C7
:1009D000012387F8273004E000BF02E000BF00E0F9
:1009E00000BF97F82730002B84D000E000BFFEF74F
:1009F000BBF800BF2837BD4680BD00BF84AF0424CC
:100A000048B1042470D10408143305089CD30408A9
:100A1000F0B0042480B58AB000AFFEF7A5F800233B
:100A200087F82330002387F82730484B93F82D3080
:100A300087F82630012387F82530062387F82430ED
:100A400077E0FEF79DF80346002B77D140480DF084
:100A500066FF01213E480FF018F93E48FFF784F881
:100A60003D493B480EF06CFF97F826301846FDF7DD
:100A700095FF03463846394A202113F0F5FC3B46E2
:100A800030220A2132480EF0B9FE31480DF0BAFF8B
:100A9000334B1B6807F1230164221846E1F7D0F9B4
:100AA0000346012B45D1FEF75FF897F92330013358
:100AB000042B39D801A252F823F000BFF10A030831
:100AC000290B0308D10A0308110B0308210B0308A3
:100AD00097F82630013387F8263097F8262097F8C4
:100AE00024309A4222D997F8243087F826301DE026
:100AF00097F82630013B87F8263097F8262097F89C
:100B000025309A4214D297F8253087F826300FE026
:100B10000E4A97F8263082F82D3002F0D1F908E01D
:100B2000012387F8273004E000BF02E000BF00E0A7
:100B300000BF97F82730002B83D000E000BFFEF7FE
:100B400013F800BF2837BD4680BD00BF84AF042422
:100B500048B1042484D1040814330508A8D3040838
:100B6000F0B0042480B582B000AFFDF7FDFF002394
:100B7000BB710023FB712DE0FEF702F80346002B4A
:100B80002CD11A480DF0CBFE012118480FF07DF84A
:100B90001748FEF7E9FF174914480EF0D1FE164B2F
:100BA00030220A2111480EF029FE10480DF02AFFCC
:100BB000124B1B68B91D64221846E1F741F9034640
:100BC000012B07D1FDF7D0FF97F90630032B01D198
:100BD0000123FB71FB79002BCED000E000BFFDF7B5
:100BE000C3FF00BF0837BD4680BD00BF48B1042425
:100BF00094D1040814330508B4D30408F0B00424D5
:100C000090B593B004AFFDF7AFFF002387F8323003
:100C1000002387F83730664B1B68FB62002387F898
:100C20003630012387F83530002387F83430FF232E
:100C300087F83330AFE0FDF7A3FF0346002B40F009
:100C4000B0805C480DF06BFE01215A480FF01DF892
:100C50005948FEF789FF594956480EF071FE97F83A
:100C60002C301C4697F82D3097F82E2097F82F102F
:100C7000381D0291019200932346514A282113F016
:100C8000F3FB3B1D30220A214A480EF0B7FD4948CC
:100C90000DF0B8FE4B4B1B6807F132016422184679
:100CA000E1F7CEF80346012B75D1FDF75DFF97F90B
:100CB00032300133042B69D801A252F823F000BF6F
:100CC0001B0D03088D0D0308D50C0308610D0308E7
:100CD0007B0D030897F8363038333B4413F80C1C6F
:100CE00097F8363097F835200A44D2B238333B446F
:100CF00003F80C2C97F8363038333B4413F80C3C8F
:100D000097F833209A4243D297F8363038333B4431
:100D100097F8332003F80C2C3AE097F83630383344
:100D20003B4413F80C1C97F8363097F835208A1A94
:100D3000D2B238333B4403F80C2C97F836303833B2
:100D40003B4413F80C3C97F834209A4222D997F888
:100D5000363038333B4497F8342003F80C2C19E034
:100D600097F8363001335A4203F0030302F00302CE
:100D700058BF534287F836300DE0FB6A0C4A1360C7
:100D8000F4F7CAFF012387F8373004E000BF02E020
:100D900000BF00E000BF97F83730002B3FF44BAFA7
:100DA00000E000BFFDF7E0FE00BF3C37BD4690BD50
:100DB000FCA5042448B10424C4D304081433050852
:100DC000D4D30408F0B0042490B593B004AFFDF779
:100DD000CBFE002387F83230002387F83730664B8C
:100DE0005B68FB62002387F83630012387F83530D3
:100DF000002387F83430FF2387F83330AFE0FDF766
:100E0000BFFE0346002B40F0B0805C480DF087FD2C
:100E100001215A480EF039FF5948FEF7A5FE5949FD
:100E200056480EF08DFD97F82C301C4697F82D3063
:100E300097F82E2097F82F10381D029101920093F9
:100E40002346514A282113F00FFB3B1D30220A2173
:100E50004A480EF0D3FC49480DF0D4FD4B4B1B68BB
:100E600007F1320164221846E0F7EAFF0346012B3E
:100E700075D1FDF779FE97F932300133042B69D82B
:100E800001A252F823F000BFE30E0308550F030838
:100E90009D0E0308290F0308430F030897F8363007
:100EA00038333B4413F80C1C97F8363097F835204C
:100EB0000A44D2B238333B4403F80C2C97F836304E
:100EC00038333B4413F80C3C97F833209A4243D212
:100ED00097F8363038333B4497F8332003F80C2C1E
:100EE0003AE097F8363038333B4413F80C1C97F847
:100EF000363097F835208A1AD2B238333B4403F89B
:100F00000C2C97F8363038333B4413F80C3C97F8E8
:100F100034209A4222D997F8363038333B4497F838
:100F2000342003F80C2C19E097F8363001335A427C
:100F300003F0030302F0030258BF534287F8363030
:100F40000DE0FB6A0C4A5360F4F7E6FE012387F8D4
:100F5000373004E000BF02E000BF00E000BF97F8B8
:100F60003730002B3FF44BAF00E000BFFDF7FCFD36
:100F700000BF3C37BD4690BDFCA5042448B1042405
:100F8000B0D1040814330508D4D30408F0B0042405
:100F900090B593B004AFFDF7E7FD002387F832303A
:100FA000002387F83730664B9B68FB62002387F885
:100FB0003630012387F83530002387F83430FF239B
:100FC00087F83330AFE0FDF7DBFD0346002B40F040
:100FD000B0805C480DF0A3FC01215A480EF055FE8C
:100FE0005948FEF7C1FD594956480EF0A9FC97F83B
:100FF0002C301C4697F82D3097F82E2097F82F109C
:10100000381D0291019200932346514A282113F082
:101010002BFA3B1D30220A214A480EF0EFFB4948CB
:101020000DF0F0FC4B4B1B6807F1320164221846AF
:10103000E0F706FF0346012B75D1FDF795FD97F903
:1010400032300133042B69D801A252F823F000BFDB
:10105000AB1003081D11030865100308F110030805
:101060000B11030897F8363038333B4413F80C1C47
:1010700097F8363097F835200A44D2B238333B44DB
:1010800003F80C2C97F8363038333B4413F80C3CFB
:1010900097F833209A4243D297F8363038333B449E
:1010A00097F8332003F80C2C3AE097F836303833B1
:1010B0003B4413F80C1C97F8363097F835208A1A01
:1010C000D2B238333B4403F80C2C97F8363038331F
:1010D0003B4413F80C3C97F834209A4222D997F8F5
:1010E000363038333B4497F8342003F80C2C19E0A1
:1010F00097F8363001335A4203F0030302F003023B
:1011000058BF534287F836300DE0FB6A0C4A9360B3
:10111000F4F702FE012387F8373004E000BF02E055
:1011200000BF00E000BF97F83730002B3FF44BAF13
:1011300000E000BFFDF718FD00BF3C37BD4690BD85
:10114000FCA5042448B10424BCD1040814330508C8
:10115000D4D30408F0B0042480B58AB000AFFDF702
:1011600003FD002387F82630002387F8273035E079
:10117000FDF706FD0346002B35D11E480DF0CFFBD1
:1011800001211C480EF081FD1B48FEF7EDFC1B49B8
:1011900018480EF0D5FB381D194B1A4A202113F0C0
:1011A00063F93B1D30220A2112480EF027FB11483B
:1011B0000DF028FC144B1B6807F126016422184629
:1011C000E0F73EFE0346012B08D1FDF7CDFC97F971
:1011D0002630032B02D1012387F8273097F82730D8
:1011E000002BC5D000E000BFFDF7BEFC00BF2837D4
:1011F000BD4680BD48B10424E0D30408143305087B
:10120000F4D30408FCD30408F0B0042480B58AB0F9
:1012100000AFFDF7A9FC002387F82630002387F8EC
:10122000273035E0FDF7ACFC0346002B35D11E48D6
:101230000DF075FB01211C480EF027FD1B48FEF741
:1012400093FC1B4918480EF07BFB381D194B1A4ABA
:10125000202113F009F93B1D30220A2112480EF01B
:10126000CDFA11480DF0CEFB144B1B6807F1260197
:1012700064221846E0F7E4FD0346012B08D1FDF790
:1012800073FC97F92630032B02D1012387F827300E
:1012900097F82730002BC5D000E000BFFDF764FCB5
:1012A00000BF2837BD4680BD48B1042404D40408DB
:1012B0001433050818D40408FCD30408F0B004243F
:1012C00080B594B002AFFDF74FFC002387F82F30B4
:1012D000002387F8473062E0FDF752FC0346002BFD
:1012E00062D1E1F787FD38643B6C334AA2FB0323EC
:1012F0009B09FB63FB6B314AA2FB0323DB0ABB6345
:10130000FA6B2E4BA3FB0213DB0A4FF4616101FB66
:1013100003F3D31A2A4AA2FB03235B097B63FA6B0C
:10132000274BA3FB021359090B461B015B1A9B00B9
:10133000D31A3B6323480DF0F2FA012121480EF045
:10134000A4FC2148FEF710FC20491E480EF0F8FAD4
:10135000381D3B6B01937B6B0093BB6B1C4A2821B0
:1013600013F082F83B1D30220A2116480EF046FA8F
:1013700014480DF047FB174B1B6807F12F0164223F
:101380001846E0F75DFD0346012B08D1FDF7ECFBA5
:1013900097F92F30032B02D1012387F8473097F8B4
:1013A0004730002B98D000E000BFFDF7DDFB00BF09
:1013B0004837BD4680BD00BFD34D6210C5B3A29172
:1013C0008988888848B10424E8D1040814330508C2
:1013D00020D40408F0B0042480B590B002AFFDF72B
:1013E000C3FB002387F83630002387F837304DE001
:1013F000FDF7C6FB0346002B4DD12A480DF08FFAAE
:10140000012128480EF041FC2748FEF7ADFB274993
:1014100024480EF095FA264B1B881A46244B5B880D
:10142000381D00931346234A302113F01DF83B1D4D
:101430002A2208211B480EF0E1F91D4B9B881A4611
:101440001B4BDB88381D009313461B4A302113F0D9
:101450000BF83B1D3E22082112480EF0CFF911482F
:101460000DF0D0FA154B1B6807F1360164221846BF
:10147000E0F7E6FC0346012B08D1FDF775FB97F971
:101480003630032B02D1012387F8373097F83730F5
:10149000002BADD000E000BFFDF766FB00BF383782
:1014A000BD4680BD48B10424F8D1040814330508B2
:1014B000FCAE042434D4040848D40408F0B0042456
:1014C000B0B5CEB002AFFDF74FFB002387F8233154
:1014D000002387F82F31002387F82E31002387F867
:1014E0002D314FF00003C7F82831C44BC7F8243121
:1014F000C34B07F1E0041D460FCD0FC40FCD0FC441
:101500000FCD0FC495E80F0084E80F0007F1B0037A
:101510001846FCF72BF907F160031846FCF726F98B
:1015200097F86030042B00F0BE81042387F8603008
:1015300007F160031846FCF763F99620E3F716F904
:10154000B1E1FDF71DFB0346002B40F0B281AD4831
:101550000DF0E5F90121AB480EF097FBAA48FEF724
:1015600003FBAA49A7480EF0EBF997F8B030042B1B
:101570000CD0A74B30220A21A2480EF03FF9A54B10
:1015800044220A219F480EF039F980E0D7F8DC3078
:10159000C7F8283197F82E31002B25D197F82D3137
:1015A000002B06D09C4B3022052196480EF026F9E0
:1015B00005E09A4B3022052192480EF01FF9D7ED35
:1015C0004A7AB7EEE77A07F190038DED007B944AF3
:1015D0002021184612F048FF07F190033022B9216C
:1015E00088480EF00BF919E08E4B30220521854812
:1015F0000EF004F9D7ED4A7AB7EEE77A07F19003D7
:101600008DED007B864A2021184612F02DFF07F150
:1016100090033022B9217B480EF0F0F897F82E3174
:10162000012B1AD1804B4422052176480EF0E6F8B2
:1016300097F8D830002B01D07C4A00E07C4A07F1B3
:1016400090032021184612F00FFF07F19003442267
:1016500087216C480EF0D2F819E0764B4422052120
:1016600068480EF0CBF897F8D830002B01D06F4ABD
:1016700000E06F4A07F190032021184612F0F4FEB3
:1016800007F19003442287215E480EF0B7F85D48C9
:101690000DF0B8F9684B1B6807F223116422184655
:1016A000E0F7CEFB0346012B40F0F880FDF75CFA33
:1016B00097F923310133042B00F2E38001A252F8A1
:1016C00023F000BF4B17030883180308D91603083B
:1016D000B71703087B18030897F8B030042B40F0C5
:1016E000D28097F82D31002B24D097ED4A7AD7ED90
:1016F000497A77EE277AC7ED4A7AD7ED3C7A97EDAB
:101700004A7AB4EEE77AF1EE10FA03DDD7F8F0305A
:10171000C7F828313B461846FCF728F807F59873B8
:10172000A3F59873D7F82821DA623B461846FCF7F0
:1017300067F8AAE097F82E31002B40F0A68097F8C2
:101740002E31013387F82E319FE097F8B030042B0B
:1017500040F09D8097F82D31002B22D097ED4A7AEA
:10176000D7ED497A77EE677AC7ED4A7AD7ED4A7AAC
:10177000F5EEC07AF1EE10FA03D54FF00003C7F88A
:1017800028313B461846FBF7F1FF07F59873A3F5A0
:101790009873D7F82821DA623B461846FCF730F8F0
:1017A00077E097F82E31002B73D097F82E31013B5C
:1017B00087F82E316DE097F8B030042B6BD197F895
:1017C0002E31002B3AD197F82D31002B03D1012374
:1017D00087F82D3161E0002387F82D313B4618460C
:1017E000FBF7C4FF07F59873A3F598734FF0000259
:1017F000DA623B461846FCF703F84EE00000A040D2
:1018000084AF042448B104245CD4040814330508CC
:1018100070D404088CD404089CD40408B0D4040800
:10182000C4D40408CCD40408E0D40408F0D40408D8
:10183000F8D4040800D50408F0B0042497F82E3139
:10184000012B2AD13B461846FBF790FF07F598730A
:10185000A3F5987393F82830002B0CBF01230023C5
:10186000DBB21A4607F59873A3F5987383F828201E
:101870003B461846FBF7C4FF0FE0012387F82F31E2
:101880000CE000BF0AE000BF08E000BF06E000BFB8
:1018900004E000BF02E000BF00E000BF07F1B003BA
:1018A0001846FBF763FF97F82F31002B3FF449AE42
:1018B00000E000BF07F130031846FBF757FF07F5BC
:1018C0009873A3F580734FF00002DA6207F13003DA
:1018D0001846FBF795FFFDF747F900BF07F5987726
:1018E000BD46B0BD80B59AB000AFFDF73DF900230D
:1018F00087F86630002387F867303B1D1846FBF7F2
:1019000035FF3B79042B3FD004233B713B1D184628
:10191000FBF776FF9620E2F729FF35E0FDF730F977
:101920000346002B35D11E480CF0F9FF01211C485D
:101930000EF0ABF91B48FEF717F91B4918480DF0DC
:10194000FFFF1A4B3022082115480DF057FF184BA6
:101950004422082112480DF051FF11480DF052F8B1
:10196000144B1B6807F1660164221846E0F768FA19
:101970000346012B08D1FDF7F7F897F96630032BE2
:1019800002D1012387F8673097F86730002BC5D064
:1019900000E000BFFDF7E8F800BF6837BD4680BD36
:1019A00048B1042420D20408FC17050810D5040807
:1019B0002CD50408F0B0042480B59AB000AFFDF730
:1019C000D3F8002387F86630002387F867303B1D83
:1019D0001846FBF7CBFE3B79042B3FD004233B7129
:1019E0003B1D1846FBF70CFF9620E2F7BFFE35E0E3
:1019F000FDF7C6F80346002B35D11E480CF08FFFCB
:101A000001211C480EF041F91B48FEF7ADF81B49B7
:101A100018480DF095FF1A4B3022082115480DF09B
:101A2000EDFE184B4422082112480DF0E7FE114844
:101A30000CF0E8FF144B1B6807F16601642218469E
:101A4000E0F7FEF90346012B08D1FDF78DF897F971
:101A50006630032B02D1012387F8673097F867308F
:101A6000002BC5D000E000BFFDF77EF800BF68374F
:101A7000BD4680BD48B1042430D20408FC170508D7
:101A800010D504082CD50408F0B0042480B59AB011
:101A900000AFFDF769F8002387F86630002387F868
:101AA00067303B1D1846FBF761FE3B79042B3FD0A6
:101AB00004233B713B1D1846FBF7A2FE9620E2F77C
:101AC00055FE35E0FDF75CF80346002B35D11E4886
:101AD0000CF025FF01211C480EF0D7F81B48FEF73B
:101AE00043F81B4918480DF02BFF1A4B30220821F0
:101AF00015480DF083FE184B4422082112480DF0C2
:101B00007DFE11480CF07EFF144B1B6807F1660147
:101B100064221846E0F794F90346012B08D1FDF73B
:101B200023F897F96630032B02D1012387F8673039
:101B300097F86730002BC5D000E000BFFDF714F820
:101B400000BF6837BD4680BD48B104243CD20408BC
:101B5000FC17050810D504082CD50408F0B004249F
:101B600080B59CB002AFFCF7FFFF002387F866301A
:101B7000002387F867303B1D1846FBF7F7FD3B79DC
:101B8000042B5BD004233B713B1D1846FBF738FE4A
:101B90009620E2F7EBFD51E0FCF7F2FF0346002B45
:101BA00051D12C480CF0BBFE01212A480EF06DF8F3
:101BB0002948FDF7D9FF294926480DF0C1FE284BD9
:101BC0001B881A46264B5B8807F1340000931346A6
:101BD000244A302112F048FC07F134032A2208215C
:101BE0001C480DF00BFE1E4B9B881A461C4BDB88D5
:101BF00007F13400009313461B4A302112F034FCE5
:101C000007F134033E22082112480DF0F7FD114878
:101C10000CF0F8FE154B1B6807F1660164221846AC
:101C2000E0F70EF90346012B08D1FCF79DFF97F969
:101C30006630032B02D1012387F8673097F86730AD
:101C4000002BA9D000E000BFFCF78EFF00BF683773
:101C5000BD4680BD48B1042440D5040814330508AE
:101C6000FCAE042434D4040848D40408F0B004249E
:101C700090B59BB004AFFCF777FF002387F847309F
:101C8000002387F857300023A7F854300423A7F81F
:101C9000503092E0FCF774FF0346002B40F0938035
:101CA0004C480CF03CFE01214A480DF0EEFF4A483A
:101CB000FDF75AFF494947480DF042FE002387F8D7
:101CC000533036E097F853309AB2B7F85430134493
:101CD000A7F84E30B7F84E301F2B32D8B7F84E3039
:101CE000DB003F4A1344BB64BB6C5B781C46BB6C97
:101CF0009B781A46BB6CDB781946BB6C1B78381D89
:101D00000293019100922346364A402112F0ACFB27
:101D100097F853309BB21B019BB222339AB23B1D02
:101D200006212C480DF06AFD97F85330013387F8EF
:101D3000533097F853309BB2B7F850209A42C1D82D
:101D400000E000BF23480CF05DFE274B1B6807F145
:101D5000470164221846E0F773F80346012B2CD1A3
:101D6000FCF702FF97F94730032B1DD0032B1FDC34
:101D7000B3F1FF3F0ED0012B1AD1B7F85420B7F8BA
:101D8000503013441F2B15D8B7F854300133A7F83F
:101D900054300FE0B7F85430002B0DD0B7F8543062
:101DA000013BA7F8543007E0012387F8573004E0DF
:101DB00000BF02E000BF00E000BF97F85730002BE3
:101DC0003FF468AF00E000BFFCF7CEFE00BF5C3719
:101DD000BD4690BD48B1042458D20408FC1705083C
:101DE000C8AF042450D50408F0B0042480B590B0E6
:101DF00000AFFCF7B9FE002387F83B30002387F8DB
:101E00003F30002387F83E30654A07F1300392E8FF
:101E1000030083E80300022387F83C30B3E0FCF7BB
:101E2000AFFE0346002B40F0B4805E480CF077FD17
:101E300001215C480DF029FF5B48FDF795FE5B49E9
:101E400058480DF07DFD002387F83D302EE097F8CF
:101E50003D2097F83E309A420ED197F83D309BB224
:101E60001A46920013449B009BB22C339AB2504BFB
:101E700004214C480DF0C2FC97F83D309BB21A4645
:101E8000920013449B009BB22C339AB297F83D30DA
:101E90009B0040333B4453F8103C102141480DF067
:101EA000ADFC97F83D30013387F83D3097F83D2081
:101EB00097F83C309A42CAD33A480CF0A3FD3D4B08
:101EC0001B6807F13B0164221846DFF7B9FF0346A0
:101ED000012B58D1FCF748FE97F93B300133042B16
:101EE00050D801A252F823F0171F0308851F0308DA
:101EF000FD1E0308371F03087D1F030897F83E30B7
:101F0000013397F83C2093FBF2F101FB02F29B1A9C
:101F100087F83E3037E097F83E2097F83C3013447E
:101F2000013B97F83C2093FBF2F101FB02F29B1A74
:101F300087F83E3027E097F83E30002B09D14FF468
:101F4000807200211C4812F024FC1C4B00221A80D5
:101F500010E097F83E30012B0CD13B463022002197
:101F6000184612F016FC012387F82B303B46184622
:101F7000FBF746FC012387F83F3004E0012387F894
:101F80003F3000E000BF97F83F30002B3FF447AFF1
:101F900000E000BFFFF76CFE00BF4037BD4680BDCC
:101FA000A8D5040848B104246CD5040814330508E6
:101FB0007CD50408F0B00424C8AF0424C8B00424BD
:101FC000B0B5AEB006AF786007F168031846FBF70E
:101FD000CDFBCD4B07F128041D460FCD0FC40FCD0F
:101FE0000FC40FCD0FC495E80F0084E80F00786888
:101FF0000CF02EFD162300934FF480730022002175
:1020000078680CF0F9FBC14978680DF099FC002163
:1020100078680DF03AFEBE4978680DF00FFD034672
:10202000C3F58073002B00DA01335B1099B2B84B13
:10203000122278680DF0E2FBB7F86E30002B09D160
:10204000B7F8703003F00803002B03D197F86D3018
:10205000002B19D0012178680DF017FE0F23009393
:10206000092320220C2178680CF020FEA949786809
:102070000DF066FC002178680DF007FEA64B2722C4
:10208000052178680DF0BAFB97F89130012B19D033
:10209000012178680DF0F9FD0F2300930923202218
:1020A000202178680CF002FE9A4978680DF048FC0F
:1020B000002178680DF0E9FD984B27221B217868F4
:1020C0000DF09CFB97ED237AD7ED117AB4EEE77A09
:1020D000F1EE10FA19D8012178680DF0D6FD0F2322
:1020E000009309232022342178680CF0DFFD894910
:1020F00078680DF025FC002178680DF0C6FD884B4E
:1021000027222F2178680DF079FB97ED0B7AD7ED18
:102110000D7A77EE277AC7ED277AD7ED217A97EDFA
:10212000277AB4EEE77AF1EE10FA19D8012178682F
:102130000DF0ABFD0F23009309232022482178687E
:102140000CF0B4FD734978680DF0FAFB0021786853
:102150000DF09BFD734B2722432178680DF04EFB59
:1021600097ED227AD7ED107AB4EEE77AF1EE10FA15
:1021700019DB012178680DF088FD0F2300930923F6
:1021800020225C2178680CF091FD624978680DF09E
:10219000D7FB002178680DF078FD634B272257218B
:1021A00078680DF02BFB012178680DF06EFD5F491A
:1021B00078680DF0C5FB07F10803202200211846BE
:1021C00012F0E7FA07F10800594B5A4A202112F0A1
:1021D0004BF907F10803194678680DF02FFC034608
:1021E000A7F89A30B7F89A30C3F1FB03A7F89830F4
:1021F00007F10803B7F89810272278680DF0FEFA67
:1022000007F1080320220021184612F0C2FA4A49B9
:1022100078680DF095FBD7ED217A07F108032022AD
:1022200019460220B0EE670A0CF0DEF907F1080348
:102230000093424B3C220A2178680CF099F907F18F
:10224000080320220021184612F0A3FAD7ED0A7ADB
:1022500007F10803202219460220B0EE670A0CF0AD
:10226000C3F907F108030093354B3C2287217868B6
:102270000CF07EF907F1080320220021184612F025
:1022800088FAFB6F00932F4B50220A2178680CF0DC
:102290006FF9D7ED227A07F10803202219460220B0
:1022A000B0EE670A0CF0A0F907F108030093264B83
:1022B0005022872178680CF05BF907F1080320228F
:1022C0000021184612F065FAD7ED237A07F10803CA
:1022D000202219460120B0EE670A0CF085F907F1BB
:1022E00008030093194B64220A2178680CF040F926
:1022F00007F1080320220021184612F04AFA97F845
:102300009030012B24E000BF84AF0424D44505089D
:10231000B0D50408C43E0508C0D50408C4D50408D7
:10232000C8D50408CCD50408D0D50408CC1F0508AE
:10233000FAAC0424D4D50408E4280508DCD5040844
:10234000E8D50408F4D5040800D6040808D6040823
:1023500006D14C4B6422872178680DF04FFA05E0D6
:10236000494B6422872178680DF048FAB7F86E303F
:10237000002B3ED1B7F8703003F00803002B38D1A2
:1023800097F89130012B34D1D7ED217A97ED277A48
:10239000B4EEE77AF1EE10FA2BDD97ED227AD7ED65
:1023A000107AB4EEE77AF1EE10FA22D53749786860
:1023B0000DF0C6FAF2F73EFB354BDB781A46344B8C
:1023C0005B781946324B9B781846324B1B781C467B
:1023D000304B5B781D462F4B9B78059304950394F7
:1023E0000290019100922C4B27220A2178680CF070
:1023F000BFF8122300934FF480736E220021786897
:102400000CF0FAF9254978680DF09AFA00217868FD
:102410000DF03BFC224B1B78022B11D02149786830
:102420000DF00CFB0346C3F58073002B00DA01337B
:102430005B1099B21B4B7A2278680DF0DFF910E03F
:10244000194978680DF0FAFA0346C3F58073002B3A
:1024500000DA01335B1099B2134B7A2278680DF0E1
:10246000CDF9012178680DF010FC78680CF004FBC0
:102470000346002B7FF4BEAD00BF00BFA037BD46B2
:10248000B0BD00BF14D6040820D60408CC1F050830
:10249000C08D0424AC8D04242CD60408FC17050838
:1024A000DCB10424DDB104244CD6040880B582B02C
:1024B00000AFFCF759FB1948FFF782FDE0F79AFCE3
:1024C00078600023FB7020E00120E0F709FB144B4B
:1024D0001B68B91C64221846DFF7B2FC0346012BC7
:1024E00005D197F90230032B01D10123FB70E0F7EE
:1024F00081FC02467B68D31AB3F5FA7F05D9E0F771
:1025000079FC78600548FFF75BFDFB78002BDBD09A
:1025100000BF00BF0837BD4680BD00BF48B10424DE
:10252000F0B0042480B586B002AF78604FF00003AD
:10253000FB6042E078680CF08BFA2A4978680DF06D
:10254000FFF9294978680DF079FA0346C3F58073DD
:10255000002B00DA01335B1099B2234B2D227868EF
:102560000DF04CF914230093EC235A220A217868C9
:102570000CF078F9D7ED037A9FED1C7A67EE877A35
:10258000FCEEE77A17EE903A9BB2142200925A22A0
:102590000A2178680CF030F978680CF06DFA03467F
:1025A000002BCAD1D7ED037A9FED117A77EE877AA7
:1025B000C7ED037A3220E0F793FAD7ED037AB7EE4E
:1025C000007AF4EEC77AF1EE10FAB3D44FF4FA7051
:1025D000E0F786FA78680CF0A2FB00BF1037BD4622
:1025E00080BD00BFD4450508B0D5040800006C4389
:1025F0000AD7A33C80B485B000AFF860B960134639
:10260000FB71FB68BA681A60FB68FA791A71FB689B
:1026100000225A71FB6800229A7100BF1437BD4630
:102620005DF8047B7047000080B582B000AF0346C0
:10263000FB71FB79032B50D801A252F823F000BFA5
:10264000512603087F260308B7260308DB26030864
:10265000274B5B79002B42D0254B5B79013BDAB2EB
:10266000234B5A71224B5A79214B9B799A4236D28D
:102670001F4B9B79013BDAB21D4B9A712FE01C4B2B
:102680005B791A461A4B1B79013B9A4229DA184B9F
:102690005B790133DAB2164B5A71154B9B790333D0
:1026A000134A527993421CDA114B9B790133DAB207
:1026B0000F4B9A7115E00E4B1A680D4B5B79DB00DE
:1026C00013445B68002B0ED0094B1A68084B5B79EA
:1026D000DB0013445B68984705E000BF04E000BFDF
:1026E00002E000BF00E000BF00BF0837BD4680BD6C
:1026F0000CB1042480B588B002AF786078680CF023
:10270000A7F9162300934FF4807300220021786804
:102710000CF072F8674978680DF012F900217868BA
:102720000DF0B3FA644978680DF088F90346C3F5F3
:102730008073002B00DA01335B107B82798A5E4B59
:10274000102278680DF05AF8012178680DF09DFA92
:10275000542300934FF480731822002178680CF002
:1027600081F82023FB82554978680DF0E9F8544B35
:102770009B797B7562E0524B1B797A7D9A4264D2D9
:102780004F4B5B797A7D9A4232D1FB8A063B9AB2F3
:1027900014230093FC23022178680CF02DF800210B
:1027A00078680DF072FA464B1A687B7DDB001344A3
:1027B0001B68194678680DF041F90346C3F580732C
:1027C000002B00DA01335B10FB81FB8A083398B2DF
:1027D0003B4B1A687B7DDB0013441B68F98902467A
:1027E00078680DF00BF8012178680DF04EFA1FE0C3
:1027F000334B1A687B7DDB0013441B6819467868ED
:102800000DF01CF90346C3F58073002B00DA013389
:102810005B103B82FB8A083398B2294B1A687B7D98
:10282000DB0013441B68398A024678680CF0E6FF27
:10283000FB8A1433FB827B7D01337B75204B9B79B4
:10284000DA1C7B7D9A4296DA00E000BF12230093E7
:102850004FF480736E22002178680BF0CDFF194988
:1028600078680DF06DF8002178680DF00EFA1649C1
:1028700078680DF0E3F80346C3F58073002B00DAA7
:1028800001335B10BB81B9890F4B7A2278680CF059
:10289000B5FF012178680DF0F8F978680CF0ECF8D4
:1028A0000346002B7FF42DAF00BF00BF1837BD4695
:1028B00080BD00BFD445050878D70408E428050882
:1028C0000CB10424FC17050884D7040880B582B035
:1028D00000AF434B04221A704FF000037B600023CB
:1028E000FB7074E097ED010A3E4800F081F83E4B22
:1028F0001B68B91C64221846DFF7A2FA0346012BB5
:1029000065D197F902300133042B5DD801A252F84A
:1029100023F000BF91290308C9290308512903089E
:1029200035290308292903080123FB702C4B0022B9
:102930001A704CE0D7ED017AB7EE007AF4EE477AE0
:10294000F1EE10FA42D101F0AFF9FAF749FE3DE09D
:10295000D7ED017AB7EE007AF4EEC77AF1EE10FA0D
:1029600000D434E0D7ED017A9FED207A77EE877AB4
:10297000C7ED017AD7ED017AB7EE007AF4EEC77AA7
:10298000F1EE10FA00DC22E04FF07E537B601EE097
:10299000D7ED017AF5EEC07AF1EE10FA00DC16E020
:1029A000D7ED017A9FED117A77EEC77AC7ED017AFC
:1029B000D7ED017AF5EEC07AF1EE10FA00D406E018
:1029C0004FF000037B6002E000BF00E000BFFB7837
:1029D000002B87D000BF00BF0837BD4680BD00BFB9
:1029E00054AF042448B10424F0B00424CDCCCC3D31
:1029F00080B584B002AF786087ED000A78680CF08B
:102A000027F8162300934FF4807300220021786882
:102A10000BF0F2FE494978680CF092FF00217868CB
:102A20000DF033F9464978680DF008F80346C3F510
:102A30008073002B00DA01335B1099B2404B1022F7
:102A400078680CF0DBFE012178680DF01EF93D4935
:102A500078680CF075FF3C4978680CF0EFFF03468E
:102A6000C3F58073002B00DA01335B1099B2364B4B
:102A70003C2278680CF0C2FE14230093EC2346221B
:102A80000A2178680BF0EEFED7ED007A9FED2F7AE1
:102A900067EE877AFCEEE77A17EE903A9BB2142243
:102AA000009246220A2178680BF0A6FE12230093BA
:102AB0004FF480736E22002178680BF09DFE24494C
:102AC00078680CF03DFF002178680DF0DEF8214BAE
:102AD0001B78022B11D0204978680CF0AFFF034619
:102AE000C3F58073002B00DA01335B1099B21A4BE7
:102AF0007A2278680CF082FE10E0184978680CF0B1
:102B00009DFF0346C3F58073002B00DA01335B1091
:102B100099B2124B7A2278680CF070FE0121786825
:102B20000DF0B3F878680BF0A7FF0346002B7FF495
:102B300068AF00BF00BF0837BD4680BDD44505085B
:102B4000DCD70408E4280508ECD7040800006C432F
:102B5000FC170508DCB10424DDB104244CD60408BC
:102B600080B500AFE0F746F90346024A136000BFA4
:102B700080BD00BF3CB1042480B582B000AFE0F757
:102B800039F97860084B1B687A68D31A3B603B6858
:102B900042F20F72934201D9012300E0002318464C
:102BA0000837BD4680BD00BF3CB1042480B500AFEE
:102BB000074A00210748E1F744FD0346064A13602F
:102BC000054B1B68002B01D1EFF7FAFE00BF80BD5B
:102BD000F8070508012C030840B1042480B500AFB4
:102BE000044A00210448E1F72CFD0346034A136020
:102BF00000BF80BD1C080508C92C030844B104248B
:102C000080B584B000AF78602B480BF07DFC2A487B
:102C1000FFF788FC072229492948FFF7EBFCFFF75B
:102C2000DDFFFFF743FCFFF79BFF0120DFF758FFB5
:102C3000FFF7A2FF0346002B0AD0214B00225A7156
:102C40001F4B00229A71FFF731FCFFF789FF32E03A
:102C50001948FFF74FFD1B4B1B6807F10F0132228C
:102C60001846DFF7EDF80346002BDED0FFF778FFBC
:102C700097F90F300133042B1CD801A252F823F02E
:102C80009D2C0308B52C0308952C0308A52C0308DC
:102C9000AD2C03080120FFF7C7FC0CE00020FFF774
:102CA000C3FC08E00220FFF7BFFC04E00320FFF7AD
:102CB000BBFC00E000BFB8E748B10424E8000024F2
:102CC0000CB10424F0B0042480B584B000AF786067
:102CD000144B02221A700023FB600023BB60124BCE
:102CE0001B6864220F491846DFF7AAF80346002B39
:102CF00003D0E0F77FF8F8600FE00A4B1B78022B57
:102D00000BD0E0F777F8B860BA68FB68D31AB3F570
:102D10007A6F02D3034B02221A700120DFF7E0FE24
:102D2000DDE700BFDCB10424E8B004240EB480B5B4
:102D30008DB000AF0346FB71FB793B7307F1400395
:102D4000BB6007F10C03581CBB68FA6B202111F023
:102D500057FC084B186807F10C0100234FF0FF32B5
:102D6000DEF73EFE00BF3437BD46BDE8804003B00D
:102D7000704700BFE8B0042480B500AF044A0021CA
:102D80000448E1F75EFC0346034A136000BF80BDC0
:102D9000400805085D2E030800B2042480B582B007
:102DA00000AF7860074B1B68002B07D0054B1B68F2
:102DB0004FF0FF311846E1F77AFD00E000BF083719
:102DC000BD4680BD3484042480B582B000AF7860F5
:102DD000064B1B68002B05D0044B1B681846E1F717
:102DE000B1FD00E000BF0837BD4680BD3484042437
:102DF00080B586B002AF134B7B600623BB60124BDD
:102E00002122C3F86823114A02210F4805F040F837
:102E10000F4A03210C4805F03BF83B1D00220092AD
:102E20000C4A0D49084805F02FF90346FB73FB7B5C
:102E3000002B02D04FF0FF3300E00123184610377B
:102E4000BD4680BD0C02002408B204249D2D030859
:102E5000C92D030884D8040890D8040880B582B02E
:102E600000AF00F013F8084B1B68391DDC22184630
:102E7000DEF7E6FF0346012B03D1786800F050FA35
:102E8000F1E700F037F8EEE7ECB0042480B586B047
:102E900000AF3B1D40220749184605F00BFC0346D6
:102EA0001A460549054802F0CDFF00BF1837BD4658
:102EB00080BD00BF84AF04246CD8040808B2042489
:102EC00080B586B000AF3B1D40220749184605F08B
:102ED000F1FB03461A460549054804F0E5FB00BF2F
:102EE0001837BD4680BD00BF84AF04246CD80408E9
:102EF00008B204242DE9B04F9CB000AF3B46184601
:102F0000FAF734FC0346002B00F0FF81D7ED077A77
:102F10009FED427A67EE877AFDEEE77A17EE903AF8
:102F2000FB66FB6E1B0C9AB23D4B1A80FB6E9AB28D
:102F30003B4B5A803B4BD3ED007A9FED387A67EEDE
:102F4000877AFDEEE77A17EE903ABB66BB6E1B0CF4
:102F50009AB2334B9A80BB6E9AB2314BDA807B695E
:102F60001B0C9AB22E4B1A817B699AB22C4B5A8158
:102F7000D7ED087A9FED297A67EE877AFDEEE77A3A
:102F800017EE903A7B667B6E1B0C9AB2244B9A81AB
:102F90007B6E9AB2224BDA81D7ED097A9FED1F7AC8
:102FA00067EE877AFDEEE77A17EE903A3B663B6E66
:102FB0001B0C9AB21A4B1A823B6E9AB2184B5A8269
:102FC0003B781A46164B9A823B791A46144BDA82A2
:102FD00097F828301A46124B1A8397F82A30002B9C
:102FE0000CBF01230023DBB21A460D4B5A83FA882B
:102FF0000B4B9A833A890A4BDA837B791A46084B42
:103000001A8497F82A301A46054BA3F8642097F8DB
:103010002A30002B08D0012307E000BF0000C8427F
:103020002C01002084AF04240023A7F85E30B94AA5
:10303000B7F85E30A2F86630B74BD3ED017A9FED5A
:10304000B77A67EE877AFDEEE77A17EE903ABB65BE
:10305000BB6D1B0C9AB2AF4BA3F8C820BB6D9AB2E4
:10306000AC4BA3F8CA20AC4BD3ED047AFDEEE77A63
:1030700017EE903A1B0C9AB2A64BA3F8CC20A64BA5
:10308000D3ED047AFDEEE77A17EE903A9AB2A14BAF
:10309000A3F8CE20A04BD3ED057AFDEEE77A17EE2C
:1030A000903A1B0C9AB29B4BA3F8D0209A4BD3EDCD
:1030B000057AFDEEE77A17EE903A9AB2954BA3F8AF
:1030C000D220954BD3ED067A9FED947A67EE877AFE
:1030D000FDEEE77A17EE903A7B657B6D1B0C9AB29A
:1030E0008C4BA3F8D4207B6D9AB28A4BA3F8D620E0
:1030F000894BD3ED077A9FED897A67EE877AFDEEEB
:10310000E77A17EE903A3B653B6D1B0C9AB2814B08
:10311000A3F8D8203B6D9AB27E4BA3F8DA207E4B01
:10312000D3ED027A9FED7D7A67EE877AFDEEE77A3E
:1031300017EE903AFB64FB6C1B0C9AB2754BA3F82C
:10314000DC20FB6C9AB2734BA3F8DE20724BD3EDFC
:10315000037A9FED727A67EE877AFDEEE77A17EED3
:10316000903ABB64BB6C1B0C9AB26A4BA3F8E0208C
:10317000BB6C9AB2674BA3F8E220674BD3ED087A99
:103180009FED667A67EE877AFDEEE77A17EE903A62
:103190007B647B6C1B0C9AB25E4BA3F82C217B6C7E
:1031A0009AB25C4BA3F82E215B4BD3ED097A9FEDCD
:1031B0005B7A67EE877AFDEEE77A17EE903A3B642A
:1031C0003B6C1B0C9AB2534BA3F830213B6C9AB268
:1031D000504BA3F83221504BD3ED0A7A9FED4F7A32
:1031E00067EE877AFDEEE77A17EE903AFB63FB6BAA
:1031F0001B0C9AB2474BA3F83421FB6B9AB2454B98
:10320000A3F83621444B93F82C301A46414BA3F8CF
:103210005421414B93F82D301A463E4BA3F85621CA
:103220003B781A463B4BA3F8902197F828301A4672
:10323000384BA3F89221374B0022A3F89421354B49
:103240000022A3F89621334B0022A3F89821314B9A
:103250000022A3F89A21F1F7DFFD02460B464FF05A
:10326000000A4FF0000B4FEA431B4BEAD26B4FEAC8
:10327000421A52465B46141A63EB01054FF00002F6
:103280004FF00003AB0043EA9473A20014461D46BE
:1032900014EB000845EB01094FF000024FF000036A
:1032A0004FEAC90343EA58734FEAC8029046994669
:1032B000C7E90C89D7E90C014FF000024FF0000379
:1032C0000A0C002392B2134BA3F85822D7E90C0141
:1032D0004FF000024FF000030A00002392B20D4BA2
:1032E000A3F85A22D7E90C014FF000024FF0000377
:1032F000020C42EA01420B0C92B2064BA3F85C228C
:103300003A8E044BA3F85E2200E000BF7037BD4642
:10331000BDE8B08F2C01002084AF04240000C84217
:103320002DE9B04FC4B000AFF863BB8FA7F80C31E4
:10333000BA8FFB8F13449BB2013BA7F80A310023DD
:1033400087F80F3107F170031846FAF70FFA97F86C
:103350009A30002B01D0012300E00023A7F80831A8
:10336000002387F80E3197F89A3003F04003002BC2
:1033700004D197F89A305BB2002B02DA012387F868
:103380000E31B7F80C31C82B4ED8B7F80A31C72B1D
:103390004AD9624BB3F89031A7F8063107F14005DE
:1033A00007F170040FCC0FC50FCC0FC594E80F00C8
:1033B00085E80F00B7F80631052B34D801A252F882
:1033C00023F000BF27340308DD3303081934030852
:1033D0001934030819340308FB330308042387F85E
:1033E000403007F140031846FAF70AFA40F2091292
:1033F0004B494C4810F0C0FF16E0002387F84030DE
:1034000007F140031846FAF7FBF94FF48772444975
:10341000454810F0B1FF07E04FF48A724049434835
:1034200010F0AAFF00E000BFB7F80C31C92B2BD871
:10343000B7F80A31C82B27D9B7F80831002B40F06C
:103440002584364BB3F89231A7F80431B7F804312C
:10345000002B03D0B7F80431012B15D107F140053B
:1034600007F170040FCC0FC50FCC0FC594E80F0007
:1034700085E80F00B7F80431DBB287F8683007F150
:1034800040031846FAF7BCF9B7F80C31CA2B21D81B
:10349000B7F80A31CA2B1DD9B7F80831002B40F014
:1034A000F7831E4BB3F894311A041C4BB3F89631D2
:1034B0001343C7F80031D7F80031C7F8FC301C4B74
:1034C000D3ED047AFDEEE77A17EE903A5A42D7F838
:1034D000FC309342B7F80C31CC2B3BD8B7F80A310B
:1034E000CB2B37D90D4BB3F89831012B32D107F1E3
:1034F000400507F170040FCC0FC50FCC0FC594E841
:103500000F0085E80F0097F80E31002B14D04FF410
:103510009C720349074810F02FFF1BE02C0100208C
:1035200098D80408CCD8040804D9040830D9040871
:1035300084AF042470D90408012387F86B3007F1A5
:1035400040031846FAF75CF94FF49F72CA49CB481A
:1035500010F012FFB7F80C31CD2B14D8B7F80A31A0
:10356000CC2B10D9C64BB3F89A2145F2AA539A42F4
:1035700009D1FAF7A3F8FFF7A3FC40F24712BE49BE
:10358000C04810F0F9FEB7F80C31642B3CD8B7F8FE
:103590000A31642B38D9BA4BB3F8C8301A04B84B87
:1035A000B3F8CA301343C7F8F830D7F8F83007EE4D
:1035B000903AB8EEE77ADFEDB96AC7EE267AC7ED42
:1035C0003D7AD7ED3D7AB6EE007AF4EEC77AF1EEA9
:1035D00010FA19DBD7ED3D7A9FEDAB7AF4EEC77A9E
:1035E000F1EE10FA10D8A94BD3ED017A97ED3D7AA0
:1035F000B4EE677AF1EE10FA06D0A44AD7F8F430A8
:103600005360012387F80F31B7F80C31662B31D89E
:10361000B7F80A31662B2DD9994BB3F8CC301A0480
:10362000974BB3F8CE301343C7F8F030D7F8F030EB
:10363000C72B1FD9D7F8F02040F6B8339A4219D8D3
:10364000924B93ED047AD7F8F03007EE903AF8EE0B
:10365000677AB4EE677AF1EE10FA0BD0D7F8F03053
:1036600007EE903AF8EE677A884BC3ED047A0123AF
:1036700087F80F31B7F80C31682B2CD8B7F80A311E
:10368000682B28D97E4BB3F8D0301A047C4BB3F8A2
:10369000D2301343C7F8EC30D7F8EC30B3F5FA7FEB
:1036A00019D87A4B93ED057AD7F8EC3007EE903ABB
:1036B000F8EE677AB4EE677AF1EE10FA0BD0D7F82D
:1036C000EC3007EE903AF8EE677A704BC3ED057A6E
:1036D000012387F80F31B7F80C316A2B3CD8B7F8C3
:1036E0000A316A2B38D9664BB3F8D4301A04644BCC
:1036F000B3F8D6301343C7F8E830D7F8E83007EE10
:10370000903AB8EEE77ADFED656AC7EE267AC7ED44
:10371000397AD7ED397A9FED5E7AF4EEC77AF1EE19
:1037200010FA19DBD7ED397A9FED5A7AF4EEC77AA1
:10373000F1EE10FA10D8554BD3ED067A97ED397AA1
:10374000B4EE677AF1EE10FA06D0504AD7F8E430BA
:103750009361012387F80F31B7F80C316C2B3AD8FD
:10376000B7F80A316C2B36D9454BB3F8D8301A0468
:10377000434BB3F8DA301343C7F8E030D7F8E03002
:1037800007EE903AB8EEE77ADFED446AC7EE267AA4
:10379000C7ED377AD7ED377AF5EEC07AF1EE10FA49
:1037A00019DBD7ED377A9FED3A7AF4EEC77AF1EE6E
:1037B00010FA10D8354BD3ED077A97ED377AB4EE7F
:1037C000677AF1EE10FA06D0304AD7F8DC30D361D0
:1037D000012387F80F31B7F80C316E2B3CD8B7F8BE
:1037E0000A316E2B38D9264BB3F8DC301A04244B3F
:1037F000B3F8DE301343C7F8D830D7F8D83007EE27
:10380000903AB8EEE77ADFED256AC7EE267AC7ED83
:10381000357AD7ED357A9FED207AF4EEC77AF1EE5E
:1038200010FA19DBD7ED357AB7EE007AF4EEC77AE5
:10383000F1EE10FA10D8154BD3ED027A97ED357AE8
:10384000B4EE677AF1EE10FA06D0104AD7F8D43009
:103850009360012387F80F31B7F80C31702B4FD8E4
:10386000B7F80A31702B4BD9054BB3F8E0301A0486
:10387000034BB3F8E23013E098D80408B4D9040835
:103880002C010020DCD904080000204284AF04246D
:10389000000048420000F042CDCCCC3D0000C842C0
:1038A0001343C7F8D030D7F8D03007EE903AB8EECF
:1038B000E77A5FED066AC7EE267AC7ED337AD7ED71
:1038C000337AF5EEC07AF1EE10FA19DBD7ED337AE0
:1038D000B3EE047AF4EEC77AF1EE10FA10D8CA4BC0
:1038E000D3ED037A97ED337AB4EE677AF1EE10FAFE
:1038F00006D0C54AD7F8CC30D360012387F80F3102
:10390000B7F80C31722B3CD8B7F80A31722B38D982
:10391000BE4BB3F8E4301A04BC4BB3F8E6301343A3
:10392000C7F8C830D7F8C83007EE903AB8EEE77A53
:10393000DFEDB76AC7EE267AC7ED317AD7ED317A77
:10394000B6EE007AF4EEC77AF1EE10FA19DBD7ED95
:10395000317A9FEDB07AF4EEC77AF1EE10FA10D812
:10396000A94BD3ED007A97ED317AB4EE677AF1EE98
:1039700010FA06D0A44AD7F8C4301360012387F8A0
:103980000F31B7F80C31962B31D8B7F80A31962B96
:103990002DD99E4BB3F82C311A049C4BB3F82E3121
:1039A0001343C7F8C030D7F8C03007EE903AB8EEEE
:1039B000E77ADFED976AC7EE267AC7ED2F7AD7ED63
:1039C0002F7AF5EEC07AF1EE10FA10DD8E4BD3EDC2
:1039D000087A97ED2F7AB4EE677AF1EE10FA06D0F6
:1039E000894AD7F8BC301362012387F80F31B7F842
:1039F0000C31982B31D8B7F80A31982B2DD9834B3D
:103A0000B3F830311A04814BB3F832311343C7F89D
:103A1000B830D7F8B83007EE903AB8EEE77ADFED75
:103A20007C6AC7EE267AC7ED2D7AD7ED2D7AF5EEB2
:103A3000C07AF1EE10FA10DD734BD3ED097A97EDF1
:103A40002D7AB4EE677AF1EE10FA06D06E4AD7F806
:103A5000B4305362012387F80F31B7F80C319A2B39
:103A600031D8B7F80A319A2B2DD9684BB3F83431D5
:103A70001A04664BB3F836311343C7F8B030D7F8A1
:103A8000B03007EE903AB8EEE77ADFED616AC7EE44
:103A9000267AC7ED2B7AD7ED2B7AF5EEC07AF1EEC8
:103AA00010FA10DD584BD3ED0A7A97ED2B7AB4EE6D
:103AB000677AF1EE10FA06D0534AD7F8AC30936229
:103AC000012387F80F31B7F80C31AA2B1DD14F4BCA
:103AD000B3F85431A7F8AA30B7F8AA30002B14D0A5
:103AE000B7F8AA30F72B10D8474B93F82C301A466A
:103AF000B7F8AA30934208D0B7F8AA30DBB2424AEE
:103B000082F82C30012387F80F31B7F80C31AB2B3A
:103B10001DD13E4BB3F85631A7F8A830B7F8A830FE
:103B2000002B14D0B7F8A830062B10D8364B93F8DA
:103B30002D301A46B7F8A830934208D0B7F8A8300D
:103B4000DBB2314A82F82D30012387F80F31B7F804
:103B50000C31B3F5967F00F29280B7F80A31B3F5D5
:103B6000977F40F28C804FF000024FF00003C7E9CE
:103B70002823264BB3F858329BB200223B637A636A
:103B80004FF000004FF000013B6B19040020D7E913
:103B9000282342EA0004BC610B43FB61D7E90634E9
:103BA000C7E92834194BB3F85A329BB20022BB62E2
:103BB000FA624FF000004FF00001BB6A19000020CC
:103BC000D7E9282342EA00043C610B437B61D7E933
:103BD0000434C7E928340D4BB3F85C329BB20022A1
:103BE0003B627A62D7E908120B464FEA13490B464B
:103BF0004FEA0348D7E9282342EA0801B96043EABB
:103C00000903FB6008E000BF84AF04242C010020FE
:103C10000000C84200002042D7E90234C7E9283436
:103C20001E4BB3F85E329BB200229A469346D7E908
:103C3000282342EA0A01396043EA0B037B60D7E993
:103C40000034C7E92834D7E9282315498A4273F19B
:103C5000000314D3D7E9282312498A4273F10003E1
:103C60000DD2D7E928014FF47A724FF00003CCF758
:103C7000F3FC02460B4613461846F1F77DF897F819
:103C80000F31002B05D0FFF71BF902E000BF00E069
:103C900000BF07F58877BD46BDE8B08F2C01002036
:103CA0000115746780B2128D80B500AF024804F030
:103CB00061FB00BF80BD00BF08B2042480B500AF27
:103CC00000F006F8F9F7FAFCF9F7AAFC00BF80BD8E
:103CD00080B483B000AF0023FB8007E0FB88094A73
:103CE000002122F81310FB880133FB80FB88B3F519
:103CF000FA7FF3D300BF00BF0C37BD465DF8047BED
:103D0000704700BF2C01002080B582B000AF00F0EA
:103D100045F878607B68002B03DB00F0F9FA7860E7
:103D200000E000BF7B68002B11DD144B1B78002BDB
:103D30000DD1124B01221A70114810F01DFB1149D0
:103D4000114810F019FB114810F086FB11E07B6858
:103D5000002B0EDC094B00221A7030220C490D4852
:103D600010F00AFB07490C4810F006FB074810F05A
:103D700073FB7B6818460837BD4680BD78B50424C0
:103D800030DA040844DA04084CDA040880DA04085B
:103D90006408050888DA0408A4DA040880B586B047
:103DA00004AF2C4B1B78002B01D000234EE00023E6
:103DB0007B6043E0284B9B6A002B06D1274A2849A9
:103DC000284810F0D9FA00BFFDE7234BDB6A002B2F
:103DD00006D1224A2449234810F0CEFA00BFFDE75D
:103DE0001D4B1B6B002B06D11C4A20491D4810F0AF
:103DF000C3FA00BFFDE7184B5B6A002B02D0164BDD
:103E00005B6A98472F221549194810F0B5FA124BF2
:103E10001846114B9B69104AD2690F49096A0291F1
:103E200001920093034618221821124810F0A4FAB8
:103E30000A2010F0B3FA7B6801337B6001227B68B3
:103E40009342B7D3034B01221A7000231846083758
:103E5000BD4680BD79B504245402002470080508CD
:103E6000D8DA0408F4DA040814DB040830DB0408A8
:103E70004CDB040860DB040880B584B000AF7860D8
:103E8000174B1B78002B06D1164A1749174810F01C
:103E900073FA00BFFDE77B68002B06D1114A144975
:103EA000124810F069FA00BFFDE70023FB600DE047
:103EB000104B18221946786810F080FC0346002B3E
:103EC00001D10C4B07E0FB680133FB600122FB686A
:103ED0009342EDD3002318461037BD4680BD00BF86
:103EE00079B5042480080508BCDB0408F4DA04086A
:103EF000C4DB04085402002480B500AF08F036FC8F
:103F00000346002B05D1002008F074FC03460B4A41
:103F100013600A4B1B68002B02D14FF0FF330AE0FD
:103F2000064B1B689B69064A1362044B1B681B699E
:103F3000034AD3610023184680BD00BF7CB504242A
:103F40005402002480B584B000AFF860B9607A6094
:103F5000144B1B68002B06D1134A1449144810F067
:103F60000BFA00BFFDE70F4B1B6893F8343083F06A
:103F70000103DBB2002B06D00B4A0E490C4810F0AF
:103F8000FBF900BFFDE7074B18680B4B9A69FB680C
:103F9000D118BB687A6808F003FE7B6818461037B2
:103FA000BD4680BD7CB5042498080508CCDB040818
:103FB000D8DB0408F8DB04085402002480B584B080
:103FC00000AFF860B9607A60174B1B68002B06D110
:103FD000164A1749174810F0CFF900BFFDE7124BFA
:103FE0001B6893F8343083F00103DBB2002B06D05A
:103FF0000E4A11490F4810F0BFF900BFFDE70A4B08
:1040000018680E4B9A69FB68D118BB687A6809F08A
:10401000F9F90346002B02D04FF0FF3300E07B6834
:1040200018461037BD4680BD7CB50424A00805089D
:10403000CCDB0408D8DB0408F8DB040854020024B5
:1040400080B582B000AF78603960184B1B68002BD8
:1040500006D1174A1749184810F08EF900BFFDE73E
:10406000124B1B6893F8343083F00103DBB2002B52
:1040700006D00F4A1149104810F07EF900BFFDE745
:104080000A4B18680E4B9A697B6813443A681946C4
:1040900008F0A6FE0346002B02D04FF0FF3300E0ED
:1040A0003B6818460837BD4680BD00BF7CB5042478
:1040B000A8080508CCDB0408D8DB0408F8DB0408F2
:1040C0005402002480B58CB006AF4E4BBB604E4B03
:1040D0007B60B868CCF7ECFC38617868CCF7E8FC1A
:1040E000F8604A4B1B68002B2ED000237B6126E032
:1040F000474B1A687B699B0113443B603B68043360
:104100001846CCF7D5FC02463B69934205D23B6882
:1041100004331846CCF7CCFC38613B681C33184696
:10412000CCF7C6FC0246FB68934205D23B681C33C1
:104130001846CCF7BDFCF8607B6901337B61334BDB
:104140001B687A699A42D3D3324810F015F9324885
:1041500010F012F9314810F07FF92E4810F00CF9E8
:104160007B68029318230193FB680093BB681822B5
:1041700039692B4810F000F9284810F06DF92548EE
:1041800010F0FAF8274810F0F7F8244810F064F916
:1041900000237B6123E01E4B1A687B699B0113445B
:1041A0003B601C4810F0E8F83B68181D3B681C3366
:1041B0003A68526B3968896B049103920293182311
:1041C0000193FB680093034618223969164810F0E2
:1041D000D3F8124810F040F97B6901337B610B4B37
:1041E0001B687A699A42D6D30A4810F0C5F80F487E
:1041F00010F0C2F8094810F02FF900BF1837BD467B
:1042000080BD00BF0CDC040814DC040894B5042451
:1042100080B5042420DC040834DC040874DC0408C1
:104220007CDC0408ACDC0408ECDC040814DD0408C5
:1042300080B584B000AF786039600023BB60002394
:10424000FB604BE0FB689B017A6813441C33184603
:10425000FFF712FEB860BB68002B11D18A222449F7
:10426000244810F089F8FB689B017A6813441C33DA
:104270001946214810F080F80A2010F08FF82AE043
:10428000FB689B017A6813445B6BBA68D2699342FE
:104290001CDB90221649194810F06EF8FB689B0150
:1042A0007A681344191DFB689B017A6813445A6BA2
:1042B000BB68DB69124810F05FF8124810F0CCF8C8
:1042C000114B00221A604FF0FF330CE00F49FB68DE
:1042D000BA6841F82320FB680133FB60FA683B6849
:1042E0009A42AFD3002318461037BD4680BD00BFA9
:1042F0007009050854DD040868DD040894DD04082D
:10430000B0DD040874DC040894B5042484B50424E6
:1043100080B500AF114B1B78002B02D0104B1B68EF
:1043200019E0104B104A1A600D4B03221A600D4B16
:104330001B680B4A126811461846FFF779FF0346BF
:10434000002B03D1054B01221A7000E000BFFFF7DC
:10435000B9FE034B1B68184680BD00BF90B504240E
:1043600094B5042480B50424B008050880B584B051
:1043700000AF7860164B1B78002B06D1154A164902
:1043800016480FF0F9FF00BFFDE70023FB6015E0C2
:10439000134B1A68FB689B01134404331946786871
:1043A000CCF728FB0346002B05D10D4B1A68FB68A0
:1043B0009B01134408E0FB680133FB60094B1B6859
:1043C000FA689A42E4D3002318461037BD4680BDF0
:1043D00090B504248C09050800DE040808DE0408F2
:1043E00080B5042494B5042480B582B000AF786011
:1043F000154B1B687A689A4206D2144A144915482C
:104400000FF0BAFF00BFFDE70F4B1A68124B196897
:104410006FF07C430B449B0113447A689A4206D99F
:104420000A4A0E490B480FF0A7FF00BFFDE7064BF5
:104430001B687A68D31A9B111A46094B53F822302D
:1044400018460837BD4680BD80B50424A00905087C
:1044500028DE040808DE040894B5042440DE0408BD
:1044600084B5042480B586B000AFF860B9607A6086
:104470003B6000237B6100233B61FB68002B06D17E
:10448000324A334933480FF077FF00BFFDE77B68BE
:10449000002B06D12D4A30492E480FF06DFF00BF8A
:1044A000FDE7BA683B681A44FB689B6B9A420ED9D9
:1044B0004FF4CF72254929480FF05EFF28480FF0CE
:1044C0005BFF28480FF0C8FF4FF0FF333AE0F86871
:1044D000FFF78AFF38613B69002B14D140F2A51227
:1044E0001A491E480FF048FFFB6803F11C01FB68E6
:1044F00004331A461C480FF03FFF1A480FF0ACFF78
:104500004FF0FF331EE03B699B6AFA68526B11461D
:10451000BA680A4410463A687968984778617B69B6
:10452000002B0EDA4FF4D67208490C480FF024FF26
:10453000FB681C3319460D480FF01EFF09480FF0A9
:104540008BFF7B6918461837BD4680BDBC0905083E
:1045500080DE040808DE040888DE040894DD040810
:104560008CDE040874DC0408C4DE040810DF0408D0
:1045700080B586B000AFF860B9607A603B60002318
:104580007B6100233B61FB68002B06D1324A334933
:1045900033480FF0F1FE00BFFDE77B68002B06D12A
:1045A0002D4A30492E480FF0E7FE00BFFDE7BA68FC
:1045B0003B681A44FB689B6B9A420ED940F2C712C3
:1045C000254929480FF0D8FE28480FF0D5FE284885
:1045D0000FF042FF4FF0FF333AE0F868FFF704FFB7
:1045E00038613B69002B14D14FF4E7721A491E4819
:1045F0000FF0C2FEFB6803F11C01FB6804331A468E
:104600001C480FF0B9FE1A480FF026FF4FF0FF3399
:104610001EE03B69DB6AFA68526B1146BA680A44CD
:1046200010463A687968984778617B69002B0EDA02
:1046300040F2D51208490C480FF09EFEFB681C336F
:1046400019460D480FF098FE09480FF005FF7B69E9
:1046500018461837BD4680BDD009050880DE04081D
:1046600008DE040888DE040894DD040844DF04083A
:1046700074DC04087CDF0408C8DF040880B586B059
:1046800000AFF860B9607A6000237B6100233B6172
:10469000FB68002B06D12D4A2D492E480FF06CFEE9
:1046A00000BFFDE7BA687B681A44FB689B6B9A42BF
:1046B0000ED94FF4F772254927480FF05DFE2748C1
:1046C0000FF05AFE26480FF0C7FE4FF0FF3339E0D7
:1046D000F868FFF789FE38613B69002B14D140F27E
:1046E000F5121A491C480FF047FEFB6803F11C0144
:1046F000FB6804331A461B480FF03EFE18480FF0C3
:10470000ABFE4FF0FF331DE03B691B6BFA68526B49
:104710001146BA680A4479681046984778617B69FF
:10472000002B0EDA4FF4FE7208490B480FF024FEFE
:10473000FB681C3319460C480FF01EFE08480FF0AA
:104740008BFE7B6918461837BD4680BDE409050815
:1047500080DE040808DE040894DD040800E0040894
:1047600074DC040838E0040884E0040880B58AB0EA
:1047700004AFF860B9607A60FB70FB68002B20D151
:10478000A04B00930023A04A03214FF0FF3005F017
:1047900017FD9C4B009300239C4A03214FF0FF30F0
:1047A00005F00EFD9A4B02939A4B0193954B0093A3
:1047B0000023994A03214FF0FF3005F001FD00BFAF
:1047C000FDE7BB68002B20D18E4B009300238E4A5F
:1047D00003214FF0FF3005F0F3FC8A4B00930023D8
:1047E0008A4A03214FF0FF3005F0EAFC884B029320
:1047F0008A4B0193834B00930023874A03214FF098
:10480000FF3005F0DDFC00BFFDE77B68002B20D109
:104810007C4B009300237C4A03214FF0FF3005F0CE
:10482000CFFC784B00930023784A03214FF0FF30F0
:1048300005F0C6FC764B0293794B0193714B0093C4
:104840000023754A03214FF0FF3005F0B9FC00BF8B
:10485000FDE7FB681B7E002B01D0002317E1FB68FE
:10486000BA681A60FB68FA781A71FB683A6A5A6289
:10487000FB685B7E002B6DD1FFF746FA7868FFF787
:1048800075FD0246FB689A60FB689B68002B1ED191
:104890005C4B009300235C4A03214FF0FF3005F08E
:1048A0008FFC584B00930023584A03214FF0FF30F0
:1048B00005F086FC7B680193524B00930023594A14
:1048C00003214FF0FF3005F07BFC0423DFE0FB68A1
:1048D0009B681C331846FFF7CFFA03461B6A7B61BF
:1048E000FB68DB68002B03D1FB687A69DA602CE097
:1048F000FB68DB687A69B3FBF2F2796901FB02F2CB
:104900009B1A002B21D03F4B009300233E4A0321EA
:104910004FF0FF3005F054FC3A4B009300233B4A24
:1049200003214FF0FF3005F04BFCFB68DB687A6930
:1049300002920193334B009300233B4A03214FF033
:10494000FF3005F03DFC0823A1E0FB689B689A6BF3
:10495000FB681A61FB68DA68FB68DB68013B13409F
:10496000002B20D0274B00930023274A03214FF030
:10497000FF3005F025FC234B00930023234A03213D
:104980004FF0FF3005F01CFC214B0293274B0193A5
:104990001C4B00930023204A03214FF0FF3005F009
:1049A0000FFC00BFFDE7FB681B69FA68D268B3FB28
:1049B000F2F101FB02F29B1A002B3BD0114B00934A
:1049C0000023114A03214FF0FF3005F0F9FB0D4B96
:1049D000009300230D4A03214FF0FF3005F0F0FB58
:1049E000FB681B69FA68D26802920193054B009339
:1049F00000230F4A03214FF0FF3005F0E1FB0823AD
:104A000045E000BFF8090508BCE00408DCE0040844
:104A1000080A05082CE10408F4E0040830E1040861
:104A200038E1040840E1040878E10408D0E1040812
:104A3000FCE10408FB681A69FB68DB68B2FBF3F36E
:104A4000012B23D8144B00930023144A03214FF069
:104A5000FF3005F0B5FB104B00930023104A0321F3
:104A60004FF0FF3005F0ACFBFB681A69FB68DB68B0
:104A7000B2FBF3F30193084B00930023094A03218F
:104A80004FF0FF3005F09CFB082300E000231846A0
:104A90001837BD4680BD00BFF8090508BCE0040812
:104AA000DCE0040854E20408B0B588B006AF7860D2
:104AB0000B46FB70FB78002B45D17B6801221A76F0
:104AC0003D4B1B7883F00103DBB2002B6FD03B4BD7
:104AD000009300233A4A03214FF0FF3005F070FBAA
:104AE000364B00930023374A03214FF0FF3005F087
:104AF00067FB354B0193314B00930023334A03216D
:104B00004FF0FF3005F05CFB2C4B009300232C4A48
:104B100003214FF0FF3005F053FB284B0093002397
:104B2000284A03214FF0FF3005F04AFB234B009346
:104B30000023274A03214FF0FF3005F041FB1E4BB5
:104B400001221A7033E07B689B7E83F00103DBB2A5
:104B5000002B2CD0194B00930023194A03214FF04E
:104B6000FF3005F02DFB154B00930023154A032160
:104B70004FF0FF3005F024FB7B681B79002B01D13F
:104B8000144C00E0144C7B681D68786800F064F8F1
:104B90000246FB780493039202950194074B00931D
:104BA00000230E4A03214FF0FF3005F009FB00BF40
:104BB0000837BD46B0BD00BF98B50424180A0508E3
:104BC000BCE00408DCE00408F4E20408B8E20408ED
:104BD000FCE204085CE3040864E304086CE30408F2
:104BE00080B586B004AF78607B68002B20D1144B71
:104BF00000930023134A03214FF0FF3005F0E0FA41
:104C00000F4B00930023104A03214FF0FF3005F0B3
:104C1000D7FA0E4B02930E4B0193094B00930023DE
:104C20000C4A03214FF0FF3005F0CAFA00BFFDE740
:104C30007B6800221A7600BF0837BD4680BD00BFE2
:104C40002C0A0508BCE00408DCE00408380A050862
:104C50002CE10408F4E0040880B483B000AF78606D
:104C60007B685B7E002B01D0002302E07B689B68A1
:104C7000043318460C37BD465DF8047B704780B599
:104C800084B000AF786039600823BB600023FB600C
:104C90003FE07968FA6813465B001344DB000B447D
:104CA00003F52B731A683B685B689A421FD13B6817
:104CB0001B78002B0ED0FA6813465B001344DB0010
:104CC00003F52A737A68134418223968184610F0DD
:104CD0000AFD36E07968FA6813465B001344DB008E
:104CE0000B4403F52B734FF0FF321A6029E079680B
:104CF000FA6813465B001344DB000B4403F52B7387
:104D00001B68B3F1FF3F01D1FB68BB60FB68013357
:104D1000FB60FB68072BBCD93B681B78002B10D0CD
:104D2000BB68072B0DD8BA6813465B001344DB0041
:104D300003F52A737A68134418223968184610F06C
:104D4000D2FC1037BD4680BD80B485B000AF78601E
:104D500039600023FB6019E07968FA6813465B004C
:104D60001344DB000B4403F52B731B683A689A422B
:104D700009D1FA6813465B001344DB0003F52A737C
:104D80007A68134406E0FB680133FB60FB68072B7D
:104D9000E2D9002318461437BD465DF8047B7047FE
:104DA00080B586B000AFF860B9607A60B968F8681D
:104DB000FFF7CAFF78617B69002B0CD07B697A68AA
:104DC0005A61FB68DA687B6959687B695B69CB1A51
:104DD0001A447B691A6100BF1837BD4680BD80B593
:104DE00086B000AFF860B9601346FB71B968F86827
:104DF000FFF7AAFF78617B69002B02D07B69FA7903
:104E00005A7000BF1837BD4680BD80B588B000AF6E
:104E1000F860B9607A603B604023BB6140237B61EE
:104E20007A68B968002003F0B1FA03461B0C3B8294
:104E30004FF6FF737B820023FB6170E03B68B3F1A8
:104E4000FF3F51D0FB68FA69153233F832303A8AA5
:104E50009A4207D1FA68FB691533DB0013443A68BC
:104E60005A608EE0FA68FB691533DB0013445B6817
:104E7000B3F1FF3F05D1BB69402B02D1FB69BB6198
:104E80004AE0FA68FB691533DB0013445B68B3F151
:104E9000FF3F41D0FA68FB691533DB0013445B88A0
:104EA000002B0ED0FA68FB691533DB0013445B88D6
:104EB000013B99B2FA68FB691533DB0013440A46DB
:104EC0005A80FA68FB691533DB0013445B887A8AE1
:104ED0009A4221D9FB697B61FA68FB691533DB00D3
:104EE00013445B887B8217E0FB68FA69153233F85C
:104EF00032303A8A9A420FD1FA68FB691533DB00E7
:104F000013444FF0FF325A60FA68FB691533DB0037
:104F1000134400225A8034E0FB690133FB61FB69D2
:104F20003F2B8BD9BB693F2B14D8FA68BB6915336B
:104F3000DB0013443A685A60FB68BA691532398A53
:104F400023F83210FA68BB691533DB0013444022A2
:104F50005A8016E07B693F2B13D8FA687B691533BA
:104F6000DB0013443A685A60FB687A691532398A63
:104F700023F83210FA687B691533DB0013444022B2
:104F80005A802037BD4680BD80B596B000AFF8602E
:104F9000B9607A603B607A68B968002003F0F6F97E
:104FA00003461B0CA7F8523000237B655FE0FA68CC
:104FB0007B6D1533DB0013445B68B3F1FF3F53D0C7
:104FC000FB687A6D153233F83230B7F852209A42C6
:104FD0004AD107F110034022002118460FF0D9FBF7
:104FE000FA687B6D1533DB0013445B6803F1E00165
:104FF00007F110024023F86803F06FFB07F110037C
:105000007A681946B8680FF0D9FB0346002B2BD1FC
:10501000FA687B6D1533DB0013445A683B681A60ED
:10502000FA687B6D1533DB0013445B884FF6BE7264
:10503000934208D9FA687B6D1533DB0013444FF6B1
:10504000FF725A800EE0FA687B6D1533DB00134463
:105050005B88403399B2FA687B6D1533DB001344EB
:105060000A465A80012306E07B6D01337B657B6D28
:105070003F2B9CD9002318465837BD4680BD000001
:1050800080B590B000AFF860B9607A60BB68BB6370
:10509000FB68DB68BA68B2FBF3F3FA68D26802FB1C
:1050A00003F31946F868FFF74FFE78637B6B002B1C
:1050B00055D07B6B5B69BA689A4250D14FF0FF3391
:1050C00058E007F110022023B968F86803F005FBE7
:1050D0000346002B02D04FF0FF334BE00023FB636D
:1050E00031E007F11002FB6B13441B781A46FB6B8F
:1050F000013340333B4413F8303C1B021A44FB6B32
:10510000023340333B4413F8303C1B041A44FB6B1E
:10511000033340333B4413F8303C1B0613443B63DA
:105120003B6B164A93420BD1BA68FB6B1344A03B0E
:10513000BA6B9A4204D8BA68FB6B1344A03B19E0DF
:10514000FB6B0133FB63FB6B1B2B05D8BA68FB6B56
:1051500013447A689A42C4D8BB681C33BB60BA68EF
:105160007B689A4204D2BB6820337A689A42A8D8F6
:105170004FF0FF3318464037BD4680BD4B563030A8
:1051800080B586B000AFF860B9607A604FF0FF3349
:105190007B61BB685B78012B02D14FF0FF3344E0A9
:1051A0007B681B6DB3F1FF3F04D1BB685B68E033E4
:1051B0007B6139E07B681A6DBB685968FB68DB6806
:1051C0000B449A422DD87B685B78002B06D07B6815
:1051D0001A6D7B689B6813447B6103E07B681B6DE1
:1051E00020337B61BB685A68FB68DB681344E03B93
:1051F0001A467969F868FFF743FF78617B69B3F174
:10520000FF3F0BD0BB685A68FB68DB6813447A69C0
:105210009A4203D87B689B68002B05D14FF0FF337F
:1052200003E04FF0FF3300E07B6918461837BD46B6
:1052300080BD000090B5C7B004AF07F58473A3F537
:105240008273186007F58473A3F5847319600023D3
:10525000C7F80431002387F8033107F58473A3F5F9
:1052600084731B68196D07F1280207F58473A3F591
:105270008270C423006803F030FA07F12803062186
:10528000184603F0D0F80346DAB207F58473A3F5A5
:1052900084731B681A70D7F8CC2007F58473A3F5C4
:1052A00084731B689A6007F58473A3F584731B6885
:1052B0009B68B3F1FF3F15D007F58473A3F58473A2
:1052C0001B689A6807F58473A3F582731B681B69D2
:1052D0009A4207D807F58473A3F584731B689B680B
:1052E000DF2B64D807F58473A3F584731B68E02271
:1052F0009A6007F58473A3F584731B681B78052BEC
:105300004CD007F58473A3F584731B6805221A70CB
:10531000CF4B00930023CF4A03214FF0FF3004F01E
:105320004FFF07F58473A3F582731B681C6807F5AC
:105330008473A3F582731868FFF78EFC034602930B
:105340000194C34B00930023C34A03214FF0FF3065
:1053500004F036FF07F58473A3F584731B681B6D97
:105360000193BB4B00930023BC4A03214FF0FF3055
:1053700004F026FF07F58473A3F584731B68196D89
:1053800007F1280207F58473A3F5827001230193C6
:10539000052300930623006803F06EF807F5847375
:1053A000A3F584731B6800225A7002234AE107F1B7
:1053B0002803AC3304221946D7F8040102F0E6FFB3
:1053C000C7F8040107F12803B03304221946D7F8BF
:1053D000040102F0DBFFC7F8040107F58473A3F5AD
:1053E00084731B689B68E03BC7F8F4300023C7F860
:1053F000FC300023C7F8F8303CE0D7F8FC3020330D
:10540000D7F8F4209A4203D92023C7F8F83006E0F1
:10541000D7F8F420D7F8FC30D31AC7F8F83007F5DE
:105420008473A3F584731B681A6DD7F8FC3013449A
:1054300003F1E001D7F8F8301F3323F01F0307F121
:10544000080207F58470A0F58270006803F045F942
:1054500007F10803D7F8F8201946D7F8040102F03D
:1054600095FFC7F80401D7F8FC20D7F8F8301344AB
:10547000C7F8FC30D7F8FC20D7F8F4309A42BCD3F8
:10548000D7F8D030D7F804219A426CD097F8D430AE
:10549000402B28BF4023DBB2C7F8EC3007F58473FC
:1054A000A3F584731B6800225A70022387F8033126
:1054B00007F58473A3F584731B681B6DE033C7F88D
:1054C000F03007F58473A3F584731B6803F11002B1
:1054D000D7F8EC301F3323F01F0307F58471A1F5D3
:1054E0008270D7F8F010006803F0F7F8584B00937B
:1054F0000023584A03214FF0FF3004F061FE07F506
:105500008473A3F582731B681C6807F58473A3F585
:1055100082731868FFF7A0FB0346029301944C4B7B
:10552000009300234C4A03214FF0FF3004F048FE63
:1055300007F58473A3F584731B68103307F5847231
:10554000A2F584721268126D03920293D7F8EC30C0
:1055500001933F4B00930023414A03214FF0FF305A
:1055600004F02EFE6CE007F58473A3F584731B68CA
:1055700001225A7007F58473A3F584731B681B6DB1
:10558000E033C7F8F03007F58473A3F584731B6824
:1055900003F1100497F8D43003F11F0297F8D430C8
:1055A0001F33594203F01F0301F01F0158BF4B4244
:1055B000D31A1A4607F58473A3F582701346224660
:1055C000D7F8F010006803F088F897F8D43003F1AA
:1055D0001F0297F8D4301F33594203F01F0301F024
:1055E0001F0158BF4B42D31A1A46D7F8F0301A445D
:1055F00007F58473A3F584731B685A65D7F8D82020
:1056000007F58473A3F584731B68DA6097F8D420D8
:1056100007F58473A3F584731B689A7097F8D430E8
:105620003F2B02D93F2387F8D43097F8D4301A465D
:1056300007F58473A3F584731B68134400221A745E
:1056400097F80331184607F58677BD4690BD00BF31
:10565000440A0508B0E30408D4E30408F4E30408AA
:1056600038E4040890B5DBB004AF07F5AC74A4F5DA
:10567000A674206007F5AC70A0F5A870016007F56E
:10568000AC71A1F5AA710A601A4607F5AC73A3F2D2
:1056900055131A70002387F8573107F16803E02289
:1056A000002118460FF075F807F5AC73A3F5A67343
:1056B0001B68DA6807F5AC73A3F5A8731B68B3FB26
:1056C000F2F101FB02F29B1A002B30D0A84B0093A1
:1056D0000023A84A03214FF0FF3004F071FD07F5C5
:1056E000AC73A3F5A6731B681C6807F5AC73A3F530
:1056F000A6731868FFF7B0FA0346029301949C4B17
:10570000009300239C4A03214FF0FF3004F058FD22
:105710009A4B02939A4B0193954B00930023994A1D
:1057200003214FF0FF3004F04BFD00BFFDE707F50C
:10573000AC73A3F5AA731B68002B30D18C4B00937C
:1057400000238C4A03214FF0FF3004F039FD07F5A8
:10575000AC73A3F5A6731B681C6807F5AC73A3F5BF
:10576000A6731868FFF778FA034602930194804BFA
:1057700000930023804A03214FF0FF3004F020FD06
:105780007E4B0293804B0193794B009300237D4A1B
:1057900003214FF0FF3004F013FD00BFFDE707F5D4
:1057A000AC73A3F5A87207F5AC73A3F5A6731168E3
:1057B0001868FFF7C9FAC7F85001D7F85031002B25
:1057C00023D007F5AC73A3F255131B7883F00103C4
:1057D000DBB2002B0CD107F5AC73A3F255131B7889
:1057E000002B12D0D7F850315B69B3F1FF3F0CD0DA
:1057F00007F5AC73A3F5AA731822D7F850111868EF
:105800000FF071FF97F85731D5E107F1680207F5FE
:10581000AC73A3F5A87107F5AC73A3F5A670E023EC
:105820000968006802F059FF07F5AC73A3F5AA7385
:105830001B6800225A7007F5AC73A3F5AA731B68A6
:1058400000229A7007F5AC73A3F5AA731B6807F5DD
:10585000AC72A2F5A87212685A60D7F8282107F531
:10586000AC73A3F5AA731B689A6007F5AC73A3F534
:10587000AA731B689B68454A934208D1D7F82C311C
:10588000B3F1FF3F14D0D7F82C31002B10D007F51F
:10589000AC73A3F5AA731B6800221A7007F5AC73EA
:1058A000A3F5AA731B684FF0FF32DA60082382E188
:1058B00007F5AC73A3F5AA731B6801221A70D7F819
:1058C0002C2107F5AC73A3F5AA731B68DA6007F106
:1058D00068030421184602F0A6FD0346DAB207F574
:1058E000AC73A3F5AA731B685A7007F168036033A1
:1058F0000421184602F097FD0346DAB207F5AC73AF
:10590000A3F5AA731B689A7007F5AC73A3F255133D
:105910001B78002B00F01E8107F5AC73A3F5AA736A
:105920001B6800221A6107F5AC73A3F5AA731B6804
:105930005B6803F1E00207F5AC73A3F5AA731B687B
:105940005A6107F5AC73A3F5AA731B685B78012B4A
:105950001ED107F5AC73A3F5A6731B68DB68A3F132
:10596000E00207F5AC73A3F5AA731B681A61E4E0C3
:105970004C0A0508B0E30408D4E30408600A0508EB
:10598000C0E4040888E40408DCE404084644423027
:1059900007F5AC73A3F5AA731B685B78022B40F084
:1059A000CC8007F5AC73A3F5A6731B68DB68A3F185
:1059B000E00207F5AC73A3F5AA731B681A6107F53B
:1059C000AC73A3F5AA731B685B6803F1E00207F5EB
:1059D000AC73A3F5A4731A6507F1100207F5AC7355
:1059E000A3F5A67311461868FFF724FC07F5AC73FE
:1059F000A3F5A4735B7883F00103DBB2002B18D00E
:105A000007F5AC73A3F5A4731B78012B11D007F530
:105A1000AC73A3F5A4731B78052B0AD007F5AC7300
:105A2000A3F5AA731B6800221A61022387F8573175
:105A30003FE007F5AC73A3F5AA731B685A6907F535
:105A4000AC73A3F5A4739B681A4407F5AC73A3F574
:105A5000AA731B685A6107F5AC73A3F5AA731B6898
:105A60001A6907F5AC73A3F5A4739B68D21A07F5FE
:105A7000AC73A3F5AA731B681A6107F1100207F54E
:105A8000AC73A3F5AA7107F5AC73A3F5A673096807
:105A90001868FFF775FB024607F5AC73A3F5A4730E
:105AA0001A6507F5AC73A3F5A4731B6DB3F1FF3F43
:105AB00092D107F5AC73A3F5AA731B68596907F572
:105AC000AC73A3F5AA731B685A6807F5AC73A3F50A
:105AD000A6731B68DB681A4407F5AC73A3F5A673BD
:105AE000186802F093FDC7F8480107F5AC73A3F5F9
:105AF000AA731B685B69D7F848219A421DD007F545
:105B0000AC73A3F5AA731B68D7F848215A6107F54F
:105B1000AC73A3F5A6731B68DA6807F5AC73A3F53D
:105B2000AA731B685968D7F84831CB1A1A4407F58D
:105B3000AC73A3F5AA731B681A6107F5AC73A3F5E0
:105B4000AA7207F5AC73A3F5A67311681868FFF77E
:105B500096F82EE007F5AC73A3F5AA731B685A6894
:105B600007F5AC73A3F5A67311461868FFF7ECF8B8
:105B7000C7F84C01D7F84C31002B1AD107F5AC739C
:105B8000A3F5AA731B684FF0FF325A6107F5AC7397
:105B9000A3F5AA731B6800221A6107F5AC73A3F57D
:105BA000AA7207F5AC73A3F5A67311681868FFF71E
:105BB00066F897F85731184607F5AE77BD4690BDA1
:105BC00080B487B000AFF860B9607A60BB68DB680A
:105BD000B3F1FF3F03D1FB68DB687B6106E0BB6884
:105BE000DB68FA68D26802FB03F37B617A687B6941
:105BF0001A44FB681B699A420ED8BB685A687B69D5
:105C00001A44FB681B699A4204D2BB685A687B69D4
:105C1000134403E0002301E04FF0FF3318461C3724
:105C2000BD465DF8047B704780B58CB000AFF8606E
:105C3000B9607A603B600023BB62FB685B69FB6212
:105C4000FB68DB68BA6A1344BB6207F110020023E9
:105C5000F96AF868FFF706FD0346002B29D1BB6BF4
:105C6000002B28D07B7C022B02D07B7C032B23D102
:105C70007B6903F1E002BB681A65B968F868FFF751
:105C8000D9FABB6B3A687968B86898470346002B25
:105C90001FD107F11003BA681946F868FFF770FAC8
:105CA0000246BB681A65BB681B6DB3F1FF3FE4D1C8
:105CB00002E000BF00E000BF07F11003BA6A194616
:105CC000F868FFF77DFFF862FB6AB3F1FF3FB7D1D9
:105CD00000E000BF3037BD4680BD80B588B000AF62
:105CE000F860B9607A60BB68FB617B68BB61F8698A
:105CF000CAF7DEFE7861FB689B781A467B6993429F
:105D000001D0002317E0FB685B78002B12D0FB6802
:105D10001B78022B0ED1FB6810337A69F96918469B
:105D20000EF04CFD0346002B04D1BB6901221A7012
:105D3000012300E0002318462037BD4680BD000047
:105D400080B588B002AFF860B9607A600023FB7557
:105D500007F11703054A0092BA687968F868FFF7F7
:105D600063FFFB7D18461837BD4680BDDB5C03082A
:105D700080B586B000AFF860B9607A600023FB752B
:105D8000B868CAF795FE38617B6850333A69B968DC
:105D9000F868FFF7F9F80346002B05D07968F86832
:105DA000FFF748FA012311E07A68B968F868FFF74D
:105DB000C7FF0346FB75FB7D002B06D07B681B6D80
:105DC0003A69B968F868FFF720F8FB7D184618377C
:105DD000BD4680BD80B59CB000AFF860B9607A6008
:105DE0003B600023FB6607F114031A46B968F868A4
:105DF000FFF7BEFF0346002B18D0BB6F002B02D06D
:105E00003A6ABB6F1A603B6A3A689A4202D93B6AA7
:105E1000FB6601E03B68FB667B68002B0CD0B96E2B
:105E2000FB6E7A68F86802F058FC05E0BB6F002B47
:105E300002D0BB6F00221A60FB6E18467037BD4659
:105E400080BD000090B58BB004AFF860B9607A6097
:105E500000237B61FB681B7E83F00103DBB2002B18
:105E600027D0254B00930023244A03214FF0FF3015
:105E700004F0A6F9FB681C68F868FEF7EDFE03461F
:105E8000029301941C4B009300231D4A03214FF001
:105E9000FF3004F095F9FB681B680193164B0093E3
:105EA0000023184A03214FF0FF3004F089F9002342
:105EB0001DE0FB68DB69002B03D0FB68DB69F86839
:105EC00098477B681A687B6859687B681033009331
:105ED0000B46B968F868FFF77DFF7861FB681B6ABD
:105EE000002B03D0FB681B6AF86898477B6918464B
:105EF0001C37BD4690BD00BF740A0508B0E3040816
:105F0000D4E30408E4E4040880B588B002AFF86084
:105F1000B9607A600023FB757A680023019301233E
:105F200000930623B968F86802F0A6FA0346FB75E9
:105F3000FB7D002B01D0FB7D0EE0BB6803F1A001CF
:105F40007B6803F1A002002300932423F86802F089
:105F500003FC0346FB75FB7D18461837BD4680BD24
:105F600090B5C9B004AF07F58873A3F582731860C4
:105F700007F58873A3F58473196007F58873A3F593
:105F800086731A60002387F80F3107F12C03E02293
:105F9000002118460EF0FDFB07F58873A3F5827308
:105FA0001B68DA6807F58873A3F584731B68B3FB75
:105FB000F2F101FB02F29B1A002B30D0614B0093EF
:105FC0000023614A03214FF0FF3004F0F9F807F590
:105FD0008873A3F582731B681C6807F58873A3F5A3
:105FE00082731868FEF738FE034602930194554BFE
:105FF00000930023554A03214FF0FF3004F0E0F8EE
:10600000534B0293534B01934E4B00930023524A40
:1060100003214FF0FF3004F0D3F800BFFDE707F590
:106020008873A3F582731B68DA6807F58873A3F594
:10603000847107F58873A3F582730968186802F004
:106040006CFB034687F80F3197F80F31002B72D1A4
:1060500007F12C03E022FF2118460EF09AFB07F10E
:106060002C0207F58873A3F5847107F58873A3F5EF
:1060700082700123019301230093042309680068BF
:1060800002F0FAF907F58873A3F584731B6803F12E
:10609000600107F12C0303F1600207F58873A3F593
:1060A000827001230193012300930423006802F00E
:1060B000E3F92A4BC7F8EC3007F58873A3F586732C
:1060C0001B68C7F8F0304FF0FF33C7F8F43007F51E
:1060D0008873A3F584731B6803F1C00107F12C03D7
:1060E00003F1C00207F58873A3F5827001230093C2
:1060F0002023006802F030FB034687F80F3107F1D8
:10610000140300221A605A609A60DA601A615A61B8
:1061100007F58873A3F584731B68BB614FF0FF33E9
:10612000BB6207F1140207F58873A3F58273114669
:106130001868FEF7A4FD97F80F31184607F58A771F
:10614000BD4690BD840A0508B0E30408D4E3040802
:10615000940A0508C0E4040888E404084644423070
:1061600080B5A0B002AFF860B9607A603B600023F0
:1061700087F87730BB685B78012B16D1BB6859680C
:1061800007F1140201230193022300930423F8680A
:1061900002F072F9034687F87730BB685B68022229
:1061A0001946F868FEF71BFE32E0BB685B78022BED
:1061B0002ED1BB681B69B3F5907F06D3BB681A6903
:1061C0007B68D31AB3F5907F1CD2BB68596807F17E
:1061D000140201230193032300930423F86802F0BF
:1061E0004BF9034687F87730BB685B680322194692
:1061F000F868FEF7F4FD3B68002B09D03B680122EC
:106200001A7005E03B68002B02D03B6800221A7030
:1062100097F8773018467837BD4680BD80B586B090
:1062200000AFF860B9603B601346FB7100233B612F
:10623000FB685B697B61FB68DB683A6913443B611F
:106240000023BA687969F868FFF70CFAFB79002B2C
:1062500004D0BB685B78FA799A4214D197F8283059
:10626000002B05D00123BA687969F868FFF7FAF9BD
:106270007B6A002B07D07B6A3A6A3968B86898470E
:106280000346002B0AD13A69B968F868FFF798FC11
:1062900078617B69B3F1FF3FCDD100E000BF1837D3
:1062A000BD4680BD80B487B000AFF860B9607A6049
:1062B000BB687B617B683B61FB681B78002B09D066
:1062C000FB685B78012B05D17B691B685A1C7B69D5
:1062D0001A600CE0FB681B78002B08D0FB685B7829
:1062E000022B04D13B691B685A1C3B691A600023CE
:1062F00018461C37BD465DF8047B704780B487B0F4
:1063000000AFF860B9607A60BB687B61FB681B789E
:10631000002B1FD0FB681A697B695B6803F59073DB
:106320009A4217D9FB689B78012B0CD0FB689B78AD
:10633000022B0FD17B691B6893F8303083F0010387
:10634000DBB2002B06D07B699B68FA6852691A6041
:10635000012300E0002318461C37BD465DF8047B8E
:106360007047000090B58FB004AFF860B9607A60F4
:106370004FF0FF337B6200233B620023FB61FB682D
:106380003B617B687B6107F12403BB6107F120025D
:1063900000230293384B019307F11C03009313462B
:1063A0000022B968F868FFF739FFFB69002B0CD0B1
:1063B00007F1100301220292304A0192002200925A
:1063C0000222B968F868FFF729FF3B6A002B4ED01C
:1063D0007B6AB3F1FF3F4AD13B6A012B04D8FB68CB
:1063E00093F83030002B0DD007F1100301220292F8
:1063F000224A0192002200920122B968F868FFF750
:106400000DFF34E01E4B009300231E4A03214FF082
:10641000FF3003F0D5FEFB681C68F868FEF71CFC33
:10642000034602930194164B00930023164A03215E
:106430004FF0FF3003F0C4FE4FF469730293134B27
:1064400001930F4B00930023114A03214FF0FF30BB
:1064500003F0B6FE0A4B009300230E4A03214FF0CF
:10646000FF3003F0ADFEFB68012283F830207B6A29
:1064700018462C37BD4690BDA5620308FD6203088F
:10648000A40A0508B0E30408D4E30408F8E5040806
:10649000D8E504083CE6040890B5CBB004AF07F596
:1064A0008C74A4F58674206007F58C70A0F5887054
:1064B000016007F58C71A1F58A710A601A4607F52B
:1064C0008C73A3F215131A70002387F8173107F1A4
:1064D000B4035822002118460EF05BF907F58C73BF
:1064E000A3F58A731B68002B59D107F1B40207F595
:1064F0008C73A3F5887107F58C73A3F5867309680F
:106500001868FFF735FC0346002B07D007F58C739E
:10651000A3F58A7307F1B4021A6040E0A14B00931F
:106520000023A14A03214FF0FF3003F049FE07F595
:106530008C73A3F586731B681C6807F58C73A3F531
:1065400086731868FEF788FB034602930194954B07
:1065500000930023954A03214FF0FF3003F030FEF3
:1065600040F2BE330293924B01938E4B0093002373
:10657000904A03214FF0FF3003F022FE07F58C73A1
:10658000A3F588731B680193864B009300238A4A06
:1065900003214FF0FF3003F013FE0523FDE007F564
:1065A0008C73A3F215131B7883F00103DBB2002B6D
:1065B0001FD007F58C73A3F58A731B68196D07F15B
:1065C000140207F58C73A3F586700023019303234F
:1065D00000930623006801F04FFF034687F8173148
:1065E00007F58C73A3F586731B68012283F8A4203A
:1065F0006AE007F58C73A3F58A731B68196D07F1C0
:10660000140207F58C73A3F586700123019304230C
:1066100000930623006801F02FFF034687F8173127
:1066200007F58C73A3F586731B6893F8A43083F089
:106630000103DBB2002B3FD097F81731002B3BD181
:1066400007F58C73A3F588731B68002B16D007F52C
:106650008C73A3F588731868CAF72AFA024607F5FF
:106660008C73A3F5887107F58C73A3F586704FF0D2
:10667000FF3309680068FEF7C8FB1DE007F58C735F
:10668000A3F58A731B68002B16D007F58C73A3F54E
:106690008A731B6803F1100107F58C73A3F58A73E5
:1066A0001B689B781A4607F58C73A3F586704FF02C
:1066B000FF330068FEF7A9FB07F58C73A3F586731B
:1066C0001B68002283F8A42007F58C73A3F58A7356
:1066D0001B681A6D07F58C73A3F586731B68DB685E
:1066E000B2FBF3F307F58C72A2F586721268D268DA
:1066F00002FB03F36033C7F8103197F81731002B12
:1067000049D107F1140207F58C73A3F586700423B1
:10671000D7F81011006801F02FFF0346012B3AD182
:1067200007F1140207F58C73A3F58670012301931A
:10673000022300930423D7F81011006801F09CFE97
:10674000034687F8173107F58C73A3F58A731B6826
:106750001A6D07F58C73A3F586731B68DB68B2FBB3
:10676000F3F307F58C72A2F586721268D26803FB08
:1067700002F207F58C73A3F5867311461868FEF7CD
:10678000E3FAC7F80C01D7F80C31002B03D0D7F887
:106790000C3102229A7097F81731184607F58E7758
:1067A000BD4690BDB00A0508B0E30408D4E3040870
:1067B000F8E50408D8E5040880E6040890B5E3B0DD
:1067C00006AF07F5B873A3F5B673186007F5B8738D
:1067D000A3F5B8731960002387F86F3107F5B87314
:1067E000A3F5B8731B681B78022B0DD107F5B8739E
:1067F000A3F5B87207F5B873A3F5B6700023126855
:1068000000210068FFF748FE07F5B873A3F5B873D9
:106810001B689A6807F1A40107F5B873A3F5B6736E
:106820001868FFF79FFDC7F86001D7F86031B3F132
:10683000FF3F3FD007F5B873A3F5B6731B6893F815
:106840003130002B38D007F5B873A3F5B8731B6847
:106850001B78032B30D107F5B873A3F5B473184632
:1068600041231A4600210DF094FF07F5B873A3F5F4
:10687000B8731B6803F1100107F5B873A3F5B8737B
:106880001B689B781A4607F1080318460DF0A8FF0D
:1068900007F14C0207F1080107F5B873A3F5B673C9
:1068A0001868FFF74DFA0346002B05D0002387F840
:1068B0006F313EE107234CE107F5B873A3F5B873D8
:1068C0001B689B68C7F85C3107F5B873A3F5B8730C
:1068D0001B689A6807F1A40107F5B873A3F5B670B1
:1068E00000230068FFF73CFC07F1BC0207F5B87312
:1068F000A3F5B67000230193012300930623D7F874
:106900006011006801F0B8FDD7F85C31A03BC7F812
:106910005C310023C7F868310023C7F8643148E0D0
:10692000D7F868312033D7F85C219A4203D9202365
:10693000C7F8643106E0D7F85C21D7F86831D31A7C
:10694000C7F8643107F5B873A3F5B8731B681A6DFF
:10695000D7F86831134403F1A001D7F864311F332D
:1069600023F01F0307F14C0207F5B870A0F5B670CD
:10697000006801F0B2FED7F86021D7F868311344FF
:1069800003F1A00107F14C0207F5B873A3F5B67047
:1069900001230093D7F86431006801F0DDFE03465F
:1069A00087F86F31D7F86821D7F864311344C7F8F6
:1069B0006831D7F86821D7F85C319A42B0D307F133
:1069C000BC0207F5B873A3F5B67001230193022347
:1069D00000930623D7F86011006801F04DFD07F51C
:1069E000B873A3F5B6731B68DB68D7F86021B2FBF8
:1069F000F3F307F5B872A2F5B6721268D26802FB1B
:106A000003F007F5B873A3F5B8731B689B7803F11F
:106A10001F0207F5B873A3F5B8731B689B781F3383
:106A2000594203F01F0301F01F0158BF4B42D31A14
:106A30001A46D7F860311A4407F5B873A3F5B8734E
:106A40001B68DB681F3323F01F03134403F1E002CC
:106A500007F5B873A3F5B67301461868FEF7A0F9F9
:106A600007F5B873A3F5B8731B6803F1100107F5B8
:106A7000B873A3F5B8731B689B781A4607F5B8730B
:106A8000A3F5B670D7F860310068FEF7BEF9334B56
:106A900000930023324A03214FF0FF3003F090FBB4
:106AA00007F5B873A3F5B6731B681C6807F5B873D0
:106AB000A3F5B6731868FEF7CFF803460293019466
:106AC000264B00930023274A03214FF0FF3003F0A9
:106AD00077FB40F225430293234B01931F4B009316
:106AE0000023224A03214FF0FF3003F069FB07F532
:106AF000B873A3F5B8731B689B78184607F5B8738D
:106B0000A3F5B8731B68103307F5B872A2F5B87215
:106B10001268126DD7F860110491039202930190EC
:106B20000E4B00930023124A03214FF0FF3003F075
:106B300047FB07F5B873A3F5B87207F5B873A3F56B
:106B4000B6700123126800210068FFF7A5FC97F8D2
:106B50006F31184607F5BA77BD4690BDB80A0508EB
:106B6000B0E30408D4E30408F8E50408D8E5040811
:106B7000B0E6040890B58BB004AFF860B9607A60F5
:106B80000023FB754FF0FF333B617A68B968F86802
:106B9000FFF7E8FB38613B69B3F1FF3F70D1FB6859
:106BA00093F83030002B3FD0FB7D83F00103DBB244
:106BB000002B39D0354B00930023354A03214FF089
:106BC000FF3003F0FDFAFB681C68F868FEF744F834
:106BD0000346029301942D4B009300232D4A032179
:106BE0004FF0FF3003F0ECFA40F2364302932A4BA9
:106BF0000193264B00930023284A03214FF0FF30D6
:106C000003F0DEFA7B680193204B00930023244AB3
:106C100003214FF0FF3003F0D3FA7968F86800F0F1
:106C2000C5F90123FB75B0E7FB7D002B28D0174B7E
:106C300000930023164A03214FF0FF3003F0C0FAFF
:106C4000FB681C68F868FEF707F803460293019496
:106C50000E4B009300230F4A03214FF0FF3003F047
:106C6000AFFA7B680193094B009300230D4A03217F
:106C70004FF0FF3003F0A4FAFB68002283F83020C5
:106C80003B6918461C37BD4690BD00BFC00A0508C9
:106C9000B0E30408D4E30408F8E50408D8E50408E0
:106CA000F4E6040850E7040880B586B000AFF86049
:106CB000B9607A603B607B681F3323F01F023B683A
:106CC0001F3323F01F031344E0337B617A69B968F3
:106CD000F868FFF74FFF034618461837BD4680BDDA
:106CE00080B487B000AFF860B9607A60BB687B6140
:106CF0007B683B61FB681B78002B08D07B691B68B5
:106D00005A1C7B691A60FB685A683B691A60002349
:106D100018461C37BD465DF8047B704790B5C1B07E
:106D200004AFF860B9607A60BB68C7F8EC30D7F898
:106D3000EC301B68C7F8E8300023C7F8E430FB6884
:106D40001B78002B00F01C81FB689B78022B04D081
:106D5000FB689B78032B40F01381FB685B6803F1B1
:106D6000600107F11402012301930323009304231C
:106D7000D7F8E80001F080FBFB685B68E033C7F8F8
:106D8000DC3007F18C031946D7F8E800FEF752FA19
:106D900097F88D30002B3FD097F88C30022B03D022
:106DA00097F88C30032B37D107F18C031946D7F8AD
:106DB000E800FFF703FD0346002B68D0734B0093F8
:106DC0000023734A03214FF0FF3003F0F9F9D7F89D
:106DD000E8301C68D7F8E800FDF73EFF0346029351
:106DE00001946A4B009300236A4A03214FF0FF305D
:106DF00003F0E6F997F88E301A4607F18C0310334A
:106E000002930192614B00930023634A03214FF0E8
:106E1000FF3003F0D5F93AE05C4B009300235C4A65
:106E200003214FF0FF3003F0CBF9D7F8E8301C68AE
:106E3000D7F8E800FDF710FF034602930194534B87
:106E400000930023534A03214FF0FF3003F0B8F9B9
:106E500040F26D430293514B01934C4B009300233E
:106E60004F4A03214FF0FF3003F0AAF997F88E3014
:106E70001A4607F18C03103302930192434B00939F
:106E80000023484A03214FF0FF3003F099F907F13E
:106E90008C031A46F968D7F8E800FEF771F9034643
:106EA000C7F8DC30D7F8DC30B3F1FF3F7FF469AFCF
:106EB000FB685B684FF0FF321946D7F8E800FFF730
:106EC0004FF8D7F8EC309B68C7F8E430FB685A6895
:106ED000D7F8EC309A600022F968D7F8E800FEF79E
:106EE0006FFE0246D7F8E8305A61284B0093002322
:106EF000274A03214FF0FF3003F062F9D7F8E8305A
:106F00001C68D7F8E800FDF7A7FE0346029301943A
:106F10001E4B009300231F4A03214FF0FF3003F064
:106F20004FF940F2754302931C4B0193174B0093AA
:106F300000231B4A03214FF0FF3003F041F9FB68A7
:106F40005B680193114B00930023174A03214FF014
:106F5000FF3003F035F907F174020123D7F8E4108C
:106F6000D7F8E800FEF77EFB0346002B08D1D7F8E0
:106F70008420D7F8EC305B689A4201D9012300E005
:106F800000231846F437BD4690BD00BFC80A050867
:106F9000B0E30408D4E30408A0E70408F8E5040813
:106FA000D8E50408E4E704082CE8040890B593B099
:106FB00004AF786039600023FB610023BB6107F1F7
:106FC0001C0207F12001002302932F4B019307F1CC
:106FD00018030093134601227868FFF71FF92B4B23
:106FE000009300232A4A03214FF0FF3003F0E8F812
:106FF0007B681C687868FDF72FFE034602930194B6
:10700000224B00930023234A03214FF0FF3003F06B
:10701000D7F840F28C4302931F4B01931B4B009314
:1070200000231E4A03214FF0FF3003F0C9F8FB692B
:10703000012202920193154B00930023184A032169
:107040004FF0FF3003F0BCF8FB69012B13D87B68CD
:10705000FB603B683B61BB697B6107F10C0307F197
:107060002001002202920F4A019200220092002287
:107070007868FFF7D3F87B68002283F8302000BFE0
:107080003C37BD4690BD00BFE16C0308D00A05083F
:10709000B0E30408D4E30408F8E50408D8E50408DC
:1070A00060E804081D6D030880B582B000AF786009
:1070B0007B681B6919467868FFF778FF00BF0837BF
:1070C000BD4680BD90B5BFB004AFF860B9607A60CE
:1070D0003B60002387F8E7300023FB75BB685B69E2
:1070E000C7F8E0307868C9F7E3FC0346402B26D99F
:1070F000864B00930023864A03214FF0FF3003F0B4
:107100005FF8FB681C68F868FDF7A6FD034602936C
:1071100001947E4B009300237E4A03214FF0FF3001
:1071200003F04EF840230193784B009300237A4AF2
:1071300003214FF0FF3003F043F80523C9E107F1C5
:107140001803C422FF2118460DF023FB734BC7F828
:10715000B8307868C9F7ACFC0346DBB287F8C430B6
:10716000D7F8F830C7F8C83097F8C43003F11F02D9
:1071700097F8C4301F33594203F01F0301F01F0179
:1071800058BF4B42D31A1A46D7F8C8301F3323F0E2
:107190001F031344E033C7F8BC30D7F8BC20FB68AA
:1071A000DB68E03B9A4224D9584B00930023584AAD
:1071B00003214FF0FF3003F003F8FB681C68F86808
:1071C000FDF74AFD034602930194504B00930023C0
:1071D000504A03214FF0FF3002F0F2FF4B4B009377
:1071E00000234F4A03214FF0FF3002F0E9FF07234D
:1071F0006FE1D7F8E030B3F1FF3F0ED1D7F8BC30E4
:107200001A46B968F868FFF7B5FCC7F8E000D7F888
:10721000E030B3F1FF3F00F0558197F8E730002BE5
:107220000AD1D7F8BC2007F11703B968F868FEF750
:1072300097FF034687F8E73097F8E730002B40F0D8
:107240008E80FF23BB750023C7F8C030D7F8C0007D
:1072500007F11803AC330422194601F097F80346EE
:10726000C7F8C030D7F8C00007F11803B0330422C4
:10727000194601F08BF80346C7F8C030D7F8C03084
:1072800097F8C4207968184601F080F80346C7F8DB
:10729000C03097F8C43003F11F0297F8C4301F3391
:1072A000594203F01F0301F01F0158BF4B42D31A8C
:1072B00097F8C4209B1AC7F8DC300AE0D7F8C03032
:1072C00007F116010122184601F060F80346C7F8DD
:1072D000C030D7F8DC305A1EC7F8DC20002BEDD1C7
:1072E000D7F8C030D7F8C8203968184601F04EF8F2
:1072F0000346C7F8C030D7F8C8301F3323F01F0249
:10730000D7F8C830D31AC7F8DC3016E0E80A050809
:10731000B0E30408D4E30408ACE804084B5630306A
:10732000F0E80408D7F8C03007F11601012218462A
:1073300001F02CF80346C7F8C030D7F8DC305A1EED
:10734000C7F8DC20002BEDD107F118031A46D7F857
:10735000E010F868FEF7D8FD034687F8E73097F8A5
:10736000E730002B3CD1D7F8E03003F1E00197F88B
:10737000C4307A68F86801F00FFA034687F8E730FE
:10738000FB7D83F00103DBB2002B20D0BB68586883
:1073900097F8C43003F11F0297F8C4301F335942E5
:1073A00003F01F0301F01F0158BF4B42D31A1A46C6
:1073B000D7F8E0301A44D7F8C8301F3323F01F0342
:1073C0001344E0331A460146F868FDF7E9FC97F8E4
:1073D000C4301A46D7F8E0307968F868FDF715FD33
:1073E00097F8E730002B1DD197F8C43003F11F0246
:1073F00097F8C4301F33594203F01F0301F01F01F7
:1074000058BF4B42D31A1A46D7F8E030134403F161
:10741000E001D7F8C8303A68F86801F0BDF90346D2
:1074200087F8E73097F8E730002B0ED107F1180204
:1074300001230193022300930623D7F8E010F86894
:1074400001F01AF8034687F8E73097F8E730002B89
:107450003CD1FB7D002B39D0204B00930023204AE8
:1074600003214FF0FF3002F0ABFEFB681C68F868A8
:10747000FDF7F2FB034602930194184B009300239F
:10748000184A03214FF0FF3002F09AFE40F2E94320
:107490000293154B0193114B00930023134A0321D0
:1074A0004FF0FF3002F08CFE0C4B00930023104A8B
:1074B00003214FF0FF3002F083FEFB68012283F8C6
:1074C000302003E0072387F8E73000E000BF97F89B
:1074D000E7301846EC37BD4690BD00BFE80A050806
:1074E000B0E30408D4E30408F8E50408D8E5040888
:1074F00028E9040890B589B004AF786039600023AA
:10750000FB737B681B7E83F00103DBB2002B27D06B
:10751000224B00930023224A03214FF0FF3002F058
:107520004FFE7B681C687868FDF796FB0346029364
:1075300001941A4B009300231A4A03214FF0FF30A5
:1075400002F03EFE7B681B680193144B00930023FE
:10755000154A03214FF0FF3002F032FE082318E0F5
:107560007B68DB69002B03D07B68DB697868984710
:107570000123002239687868FEF78EFF0346FB730B
:107580007B681B6A002B03D07B681B6A786898476E
:10759000FB7B18461437BD4690BD00BFF80A0508AE
:1075A000B0E30408D4E30408E4E4040890B589B027
:1075B00002AFF860B9607A603B600023FB7500237E
:1075C000BB757B68002B08D101230022B968F868DD
:1075D000FEF762FF0346FB7561E0FB6803F18C0474
:1075E000B868C9F765FA02463B682146F868FFF7B4
:1075F0005BFB0346B3F1FF3F01D1072350E0FB687B
:1076000034331A46B968F868FEF7B2FB0346BB7517
:10761000BB7D002B09D0FB6803F134020023B9685D
:10762000F868FEF739FF0346FB75FB7D002B0BD195
:10763000FB6803F18C013B6800937B68BA68F868CB
:10764000FFF740FD0346FB75BB7D002B0CD0FB7D97
:10765000002B09D1FB6803F134020123B968F868F3
:10766000FEF71AFF0346FB75FB6893F83030002BDA
:1076700015D0B868C9F71CFA0446B868C9F718FAF3
:1076800003461F3303F01F03E21A3B681F3323F046
:107690001F031344FF331946F868FFF787FCFB7D8F
:1076A00018461C37BD4690BD90B58BB004AFF8604E
:1076B000B9607A600023FB75FB681B7E83F00103D1
:1076C000DBB2002B27D0234B00930023224A032157
:1076D0004FF0FF3002F074FDFB681C68F868FDF79E
:1076E000BBFA0346029301941A4B009300231B4AF2
:1076F00003214FF0FF3002F063FDFB681B6801932C
:10770000144B00930023164A03214FF0FF3002F080
:1077100057FD08231AE0FB68DB69002B03D0FB68E8
:10772000DB69F86898477B681A687B685B68B968AA
:10773000F868FFF73BFF0346FB75FB681B6A002BED
:1077400003D0FB681B6AF8689847FB7D18461C3716
:10775000BD4690BD040B0508B0E30408D4E304085B
:10776000E4E4040880B58EB002AF7860002387F8A7
:107770002F307B68DB69002B03D07B68DB6978687E
:10778000984700237B620AE07A687B6A1533DB0046
:1077900013444FF0FF325A607B6A01337B627B6A8D
:1077A0003F2BF1D90023BB6211E04FF0FF32B96AE1
:1077B0007868FEF7D5FB034687F82F3097F82F300F
:1077C000002B5AD17B68DB68BA6A1344BB627B68C2
:1077D0001B69BA6A9A42E8D300237B6247E07B6860
:1077E000996A7A6A13465B0013449B000B449B68BA
:1077F000002B0DD17B68996A7A6A13465B001344AB
:107800009B000B445B681846C9F752F9386209E0DF
:107810007B68996A7A6A13465B0013449B000B44A9
:107820009B683B624FF0FF33FB617B68996A7A6A21
:1078300013465B0013449B000B4418687B68996AED
:107840007A6A13465B0013449B000B445A6807F1A5
:1078500008013B6A0093134602467868FFF732FC42
:1078600097F82F30002B0AD17B6A01337B627B684B
:10787000DB6A7A6A9A42B2D302E000BF00E000BF3E
:107880007B6800225A617B681B6A002B03D07B68EF
:107890001B6A7868984797F82F3018463037BD46EE
:1078A00080BD000090B58BB004AF78607B68D3F8E2
:1078B0006833BB6007F10C0200230093042359498D
:1078C0007868FEF787FA0346002B00F09F80FA687D
:1078D000BB689A4200F0A280534B00930023534AA6
:1078E00003214FF0FF3002F06BFC7B681C68786866
:1078F000FDF7B2F90346029301944B4B009300232A
:107900004B4A03214FF0FF3002F05AFC40F2F15392
:107910000293484B0193444B00930023464A0321B2
:107920004FF0FF3002F04CFCFB68BA680292019302
:107930003D4B00930023414A03214FF0FF3002F0FA
:107940003FFC00237B615CE07B68996A7A6913469F
:107950005B0013449B000B4419687B6834331A4660
:107960007868FEF705FA034683F00103DBB2002BCB
:1079700044D07B68996A7A6913465B0013449B0084
:107980000B449B68002B0DD17B68996A7A6913467A
:107990005B0013449B000B445B681846C9F788F8EA
:1079A000386109E07B68996A7A6913465B00134481
:1079B0009B000B449B683B617B684FF0FF32C3F830
:1079C000A0207B6803F18C007B68996A7A69134672
:1079D0005B0013449B000B441C687B68996A7A69BE
:1079E00013465B0013449B000B445A683B690093A9
:1079F0001346224601467868FFF764FB7B69013332
:107A00007B617B68DB6A7A699A429DD307F1080241
:107A1000042304497868FFF7C9FD00E000BF1C3764
:107A2000BD4690BD40EA0408140B0508B0E3040805
:107A3000D4E30408F8E50408D8E504084CEA04088F
:107A400080B487B000AFF860B9607A60BB687B61D2
:107A50007B683B613B691B78012B0BD1FB685B7832
:107A6000032B03D0FB685B78022B03D1FB685A68B9
:107A70007B691A60FB685A783B691A7000231846C4
:107A80001C37BD465DF8047B7047000090B58BB095
:107A900004AFF860B9607A60FB681B7883F001037B
:107AA000DBB2002B4AD0BB687B617B683B617B69A2
:107AB0001B685A1C7B691A603B699B7E002B01D0B6
:107AC00001233CE0204B00930023204A03214FF088
:107AD000FF3002F075FB3B691C683869FDF7BCF8A4
:107AE000034602930194184B00930023184A032184
:107AF0004FF0FF3002F064FB40F225630293154B18
:107B00000193114B00930023134A03214FF0FF30E0
:107B100002F056FBFB685B6801930B4B009300235C
:107B20000E4A03214FF0FF3002F04AFBFB685B680E
:107B30004FF0FF3219463869FEF712FA0023184653
:107B40001C37BD4690BD00BF240B0508B0E30408F8
:107B5000D4E30408F8E50408D8E504088CEA04082E
:107B600080B586B000AFF860B9607A60BB687B61B1
:107B7000FB681B78002B0AD0FB689B78032B06D18F
:107B80007B69012283F830207869FFF78DFA0023A2
:107B900018461837BD4680BD90B5B3B004AFF86045
:107BA000B9607A60BB68C7F8B430FB685B78002BBB
:107BB00000F0A580FB681B78032B40F0A080664B8B
:107BC00000930023654A03214FF0FF3002F0F8FADA
:107BD000D7F8B4301C68D7F8B400FDF73DF8034679
:107BE000029301945C4B009300235D4A03214FF004
:107BF000FF3002F0E5FAFB689B781A46FB68103309
:107C000002930192544B00930023564A03214FF0F4
:107C1000FF3002F0D5FAF968D7F8B400FEF7CEFDD0
:107C20000346002B33D14C4B009300234B4A0321D6
:107C30004FF0FF3002F0C4FAD7F8B4301C68D7F820
:107C4000B400FDF709F8034602930194424B0093F8
:107C50000023434A03214FF0FF3002F0B1FA40F213
:107C600044630293404B01933B4B009300233F4AF4
:107C700003214FF0FF3002F0A3FA374B00930023AB
:107C80003B4A03214FF0FF3002F09AFA5EE0324B9C
:107C900000930023314A03214FF0FF3002F090FAA5
:107CA000D7F8B4301C68D7F8B400FCF7D5FF03460A
:107CB00002930194284B00930023294A03214FF09B
:107CC000FF3002F07DFA40F246630293264B0193A7
:107CD000214B00930023254A03214FF0FF3002F08F
:107CE0006FFAFB689B6801931B4B00930023214AAA
:107CF00003214FF0FF3002F063FA012327E0FB6815
:107D00001B78012B0ED1FB68196D07F114020123BA
:107D10000193052300930623D7F8B40000F0ACFBD1
:107D2000012314E0FB685B78002B0FD0FB681B7805
:107D3000022B0BD1FB6803F11001FB689B781A46FC
:107D4000FB681B6DD7F8B400FDF75FF800231846F9
:107D5000BC37BD4690BD00BF380B0508B0E3040832
:107D6000D4E30408E8EA0408F8E50408D8E50408C0
:107D700048EB04087CEB040890B5A5B004AF78602C
:107D8000002387F87F300023BB607B68012283F8E3
:107D9000312007F1080207F10C0100230293354B53
:107DA00001937B680093134600227868FEF736FA49
:107DB0007B689B7E002B04D0BB68002B01D0022384
:107DC00053E07B681A697B68DB68B2FBF3F2BB683F
:107DD0009A4225D1284B00930023284A03214FF0D3
:107DE000FF3002F0EDF97B681C687868FCF734FF1F
:107DF000034602930194204B00930023204A032161
:107E00004FF0FF3002F0DCF91B4B009300231D4ABA
:107E100003214FF0FF3002F0D3F97868FFF7A2FC9E
:107E200007F10C0100230293174B019300230093E9
:107E30007B6800227868FEF7F1F907F12401134B03
:107E4000009300237A687868FDF7EEFE7B6893F86C
:107E50003030002B03D07868FFF726F9EDE77B6818
:107E6000002283F8312097F87F3018468437BD46CA
:107E700090BD00BF8D7A0308540B0508B0E30408D9
:107E8000D4E30408E4EB0408617B0308997B03084E
:107E900090B589B004AFF860B9607A60FB68002BD8
:107EA00028D1714B00930023704A03214FF0FF301B
:107EB00002F086F9FB681C68F868FCF7CDFE034603
:107EC00002930194684B00930023694A03214FF009
:107ED000FF3002F075F9674B0293674B0193624BD9
:107EE00000930023654A03214FF0FF3002F068F948
:107EF00000BFFDE7BB680B2B00F2B28001A252F875
:107F000023F000BF357F0308997F0308A37F030890
:107F1000AB7F030861800308618003086180030868
:107F20006180030861800308B37F03085F80030852
:107F3000FB7F0308FB681B7E002B28D04A4B009375
:107F400000234A4A03214FF0FF3002F039F9FB6861
:107F50001C68F868FCF780FE034602930194424BCC
:107F600000930023424A03214FF0FF3002F028F92A
:107F7000404B0293424B01933B4B009300233F4AFB
:107F800003214FF0FF3002F01BF900BFFDE77B68D3
:107F90001A68FB68DA6063E0FB68DA687B681A607D
:107FA0005EE07A68FB68DA615AE07A68FB681A6218
:107FB00056E02D4B009300232C4A03214FF0FF3055
:107FC00002F0FEF8FB681C68F868FCF745FE034603
:107FD00002930194244B00930023254A03214FF080
:107FE000FF3002F0EDF8204B00930023254A0321D7
:107FF0004FF0FF3002F0E4F832E0FB681B7E002B0C
:1080000028D0194B00930023184A03214FF0FF306A
:1080100002F0D6F8FB681C68F868FCF71DFE034602
:1080200002930194104B00930023114A03214FF057
:10803000FF3002F0C5F80F4B0293114B01930A4B2E
:10804000009300230D4A03214FF0FF3002F0B8F8EF
:1080500000BFFDE77B681A78FB689A7600E000BFF6
:1080600000BF1437BD4690BD640B0508B0E304089B
:10807000D4E30408780B050830EC040888E404080D
:1080800034EC040850EC040890B593B004AFF860E9
:10809000B9607A603B60002387F83730BB6C00938F
:1080A00000237A68B968F868FCF760FB034687F834
:1080B000373097F83730002B40F03781FB68DB69A9
:1080C000002B03D0FB68DB69F8689847FB68002247
:1080D00083F83020FB68002283F831203B68002BB6
:1080E00007D0FB683A68283392E8030083E803006E
:1080F00005E0FB680022DA62FB6800229A62002336
:108100007B610023FB74FB6800225A6107F11402B3
:1081100007F11801002302938B4B019307F113031E
:10812000009313460022F868FEF778F87A69FB6836
:108130005A61864B00930023854A03214FF0FF309C
:1081400002F03EF8FB681C68F868FCF785FD034602
:10815000029301947D4B009300237E4A03214FF04C
:10816000FF3002F02DF840F2F26302937A4B019354
:10817000764B00930023794A03214FF0FF3002F041
:108180001FF8FB685B690193704B00930023744AEE
:1081900003214FF0FF3002F013F8FB681A69FB6807
:1081A000DB68B2FBF3F3012B28D8684B0093002364
:1081B000674A03214FF0FF3002F002F8FB681C68A9
:1081C000F868FCF749FD0346029301945F4B009366
:1081D0000023604A03214FF0FF3001F0F1FF614BB3
:1081E0000293614B0193594B009300235F4A032193
:1081F0004FF0FF3001F0E4FF00BFFDE700233B63D9
:1082000025E0F9683A6B13465B001344DB000B442E
:1082100003F52A7300221A70F9683A6B13465B0063
:108220001344DB000B4403F52F734FF0FF321A6049
:10823000F9683A6B13465B001344DB000B4403F50B
:108240002B734FF0FF321A603B6B01333B633B6B88
:10825000072BD6D900233B630AE0FA683B6B153342
:10826000DB0013444FF0FF325A603B6B01333B633A
:108270003B6B3F2BF1D9354B00930023344A03214C
:108280004FF0FF3001F09CFFFB681C68F868FCF7BA
:10829000E3FC0346029301942C4B009300232D4AE8
:1082A00003214FF0FF3001F08BFF40F20273029385
:1082B000294B0193254B00930023284A03214FF0BB
:1082C000FF3001F07DFFFB681B6901931F4B00939A
:1082D0000023274A03214FF0FF3001F071FFFB68B4
:1082E0001B6A002B03D0FB681B6AF8689847F86884
:1082F000FFF742FD034687F83730FB68DB69002B48
:1083000003D0FB68DB69F868984797F83730002B93
:1083100002D1F868FFF7C6FAFB681B6A002B06D08B
:10832000FB681B6AF868984702E000BF00E000BFE6
:1083300097F837301946F868FCF7B6FB97F83730EE
:1083400018463C37BD4690BD417A03088C0B0508A2
:10835000B0E30408D4E30408F8E50408D8E5040809
:10836000B4EC04089C0B0508E8EC040888E4040855
:1083700034ED040880B582B000AF78607868FCF70F
:108380002FFC002318460837BD4680BD80B487B057
:1083900000AFF860B9607A60BB687B61FB68DB4363
:1083A000FB600EE07B695A1C7A611B781A46FB68F9
:1083B0005340DBB2094A52F82320FB681B0A5340A2
:1083C000FB607B685A1E7A60002BEBD1FB68DB43B5
:1083D00018461C37BD465DF8047B7047AC0B05089A
:1083E00080B586B000AFF860B9607A604FF0FF33B7
:1083F0007B61BB681B02F93BDB081A46FF21F8686A
:108400000CF0C7F97B68002B08D07B68013B5B014F
:108410007B61FA687B69134400221A707B691846F5
:108420001837BD4680BD80B485B000AF7860396034
:108430000023FB603B68013B3B603B68BB600AE09C
:108440003B681B02DB087A6813441B78002B08D0BA
:10845000FB680133FB603B685A1E3A60002BEFD18A
:1084600000E000BFBA68FB68D31A18461437BD464F
:108470005DF8047B7047000080B58AB004AFF860F7
:10848000B9607A603B600023FB753A6A3B689A42A8
:1084900020D3324B00930023314A03214FF0FF30A9
:1084A00001F08EFE2D4B009300232E4A03214FF046
:1084B000FF3001F085FE2C4B02932C4B0193274B90
:1084C000009300232A4A03214FF0FF3001F078FE89
:1084D00000BFFDE77B68002B20D1204B00930023D9
:1084E0001F4A03214FF0FF3001F06AFE1B4B00933F
:1084F00000231C4A03214FF0FF3001F061FE1A4BAC
:1085000002931C4B0193154B00930023184A03213F
:108510004FF0FF3001F054FE00BFFDE73A6A3968C2
:108520007868FFF75DFF38613B69B3F1FF3F01D128
:1085300000230FE0BA683B69D1187A683B691A4496
:1085400097F8243000932023F86800F005F90346DB
:10855000FB75FB7D18461837BD4680BDAC0F05087E
:1085600064ED04088CED0408C00F0508DCED040878
:10857000A4ED0408F8ED040880B588B004AFF860F5
:10858000B9607A603B607B68002B20D1194B009367
:108590000023194A03214FF0FF3001F011FE154B63
:1085A00000930023154A03214FF0FF3001F008FE2D
:1085B000134B0293134B01930E4B00930023124A6B
:1085C00003214FF0FF3001F0FBFD00BFFDE73B68EA
:1085D0001B02F93BDB087A68B968F86800F07DF89F
:1085E00039687868FFF71FFF034618461037BD4605
:1085F00080BD00BFD40F050864ED04088CED0408AD
:10860000E80F0508F8ED0408A4ED040880B590B063
:1086100000AFF860B9607A60002387F83F30BB682C
:108620007B6335E0BB6820337A689A4202D9202305
:108630003B6303E07A68BB68D31A3B6307F110021F
:108640003B6BB968F86800F048F80023BB6318E09A
:1086500097F83F30FF2B0AD007F11002BB6B134491
:108660001B78FF2B03D1BA68BB6B13447B6307F104
:108670001002BB6B13441B7887F83F30BB6B013390
:10868000BB63BA6B3B6B9A42E2D3BB682033BB60DF
:10869000BA687B689A42C5D397F83F30FF2B04D164
:1086A0007B6B1F3323F01F0300E07B6818464037C5
:1086B000BD4680BD80B485B000AFF860B9607A6017
:1086C000FB68BA681A60FB687A685A60FB681846EB
:1086D0001437BD465DF8047B704780B586B000AFA7
:1086E000F860B9607A603B600023FB75FB685B7ED5
:1086F000002B01D002230CE0FB6898683B687A6885
:10870000B968FBF7AFFE0346002B01DA0223FB75C5
:10871000FB7D18461837BD4680BD80B586B000AFDA
:10872000F860B9607A600023FB75FB685B7E002B04
:1087300001D001230CE0FB689B687A68B968184691
:10874000FBF79CFF0346002B01DA0123FB75FB7D41
:1087500018461837BD4680BD80B586B000AFF860BA
:10876000B9607A603B600023FB75FB685B7E002B81
:1087700001D003230CE0FB6898683B687A68B9680D
:10878000FBF7F6FE0346002B01DA0323FB75FB7DA6
:1087900018461837BD4680BD80B592B002AFF8606C
:1087A000B9607A603B60002387F83F302023BB63C9
:1087B00007F11403BA6BFF2118460BF0EAFF3B6880
:1087C0001F2B0CD93B6823F01F03002200927A680C
:1087D000B968F868FFF7C0FF034687F83F303B6889
:1087E00003F01F037B6397F83F30002B1DD17B6B99
:1087F000002B1AD03B6823F01F037A68D11807F1C9
:1088000014037A6B18460CF06EFF3B6823F01F02CE
:10881000BB68D11807F1140200230093BB6BF86802
:10882000FFF79AFF034687F83F3097F83F30184626
:108830004037BD4680BD80B586B000AF78603960F6
:108840000023BB753B681B88052B6AD17B6801330D
:108850001B781B02BB827B6802331B781A46BB8ADB
:108860001343BB82BB8A0133BB827B6803331B7813
:108870001B027B827B6804331B781A467B8A134376
:108880007B827B8A002B49D07B8AB3F5FA6F45D275
:108890007B68FB603B6800221A80FB685A1CFA6008
:1088A00001221A703B681B8801339AB23B681A8018
:1088B0007B8A03F00703002B06D07B8ADB089BB280
:1088C000DBB20133FB7503E07B8ADB089BB2FB75EF
:1088D000FB685A1CFA60FA7D1A703B681B880133EA
:1088E0009AB23B681A807A8AB98A0023F86800F045
:1088F00001FE0346FB72FB7A002B06D0FB7A18467A
:1089000000F01DFC0346BB750DE03B681A88FB7D3B
:108910009BB213449AB23B681A8004E00323BB75F0
:1089200001E00323BB75BB7D18461837BD4680BDEB
:1089300080B584B000AF786039600023FB733B687A
:108940001B88052B3FD17B6801331B781B02BB8141
:108950007B6802331B781A46BB891343BB81BB89F2
:108960000133BB817B6804331B78002B28D17B68E3
:1089700003331B78FF2B04D07B6803331B78002B59
:108980001ED100237B727B6803331B78FF2B02D13F
:1089900001233B7201E000233B72B98907F1080013
:1089A0000123012200F0A6FD0346FB72FB7A002B97
:1089B0000BD0FB7A184600F0C2FB0346FB7304E0C1
:1089C0000323FB7301E00323FB73FB7B1846103783
:1089D000BD4680BD80B584B000AF786039600023AB
:1089E000BB733B681B88052B52D97B6801331B780E
:1089F0001B02BB817B6802331B781A46BB89134379
:108A0000BB81BB890133BB817B6803331B781B02AD
:108A10007B817B6804331B781A467B8913437B81F7
:108A20007B685B797B727B8903F00703002B06D0A0
:108A30007B89DB089BB2DBB20133FB7303E07B89EC
:108A4000DB089BB2FB737B89002B1ED07B89B3F5BF
:108A5000F66F1AD8FA7B7B7A9A4216D17B68981DFA
:108A60007A89B989012300F045FD03463B723B7AC0
:108A7000002B06D03B7A184600F061FB0346BB731F
:108A800008E03B6805221A8004E00323BB7301E081
:108A90000323BB73BB7B18461037BD4680BD80B532
:108AA00086B000AF786039600023BB753B681B88D7
:108AB000052B6AD17B6801331B781B02BB827B6864
:108AC00002331B781A46BB8A1343BB82BB8A01332D
:108AD000BB827B6803331B781B027B827B68043379
:108AE0001B781A467B8A13437B827B8A002B49D0F2
:108AF0007B8AB3F5FA6F45D27B68FB603B68002246
:108B00001A80FB685A1CFA6002221A703B681B88A4
:108B100001339AB23B681A807B8A03F00703002B6B
:108B200006D07B8ADB089BB2DBB20133FB7503E026
:108B30007B8ADB089BB2FB75FB685A1CFA60FA7DE6
:108B40001A703B681B8801339AB23B681A807A8A94
:108B5000BB8A1946F86800F0DBFD0346FB72FB7A1E
:108B6000002B06D0FB7A184600F0E9FA0346BB75E5
:108B70000DE03B681A88FB7D9BB213449AB23B68B8
:108B80001A8004E00323BB7501E00323BB75BB7DA2
:108B900018461837BD4680BD80B584B000AF7860F8
:108BA00039600023FB733B681B88052B21D17B6850
:108BB00001331B781B02BB817B6802331B781A468A
:108BC000BB891343BB81BB890133BB817B68D81C44
:108BD000B9890123012200F001FD0346FB72FB7AF3
:108BE000002B08D0FB7A184600F0A9FA0346FB7365
:108BF00001E00323FB73FB7B18461037BD4680BDA5
:108C000080B584B000AF786039600023FB733B68A7
:108C10001B88052B44D97B6801331B781B02BB8161
:108C20007B6802331B781A46BB891343BB81BB891F
:108C30000133BB817B6803331B781B027B817B681C
:108C400004331B781A467B8913437B817B685B79ED
:108C50007B727B89002B20D07B89782B1DD87B8968
:108C6000DBB25B00DBB27A7A9A4216D17B68981D40
:108C70007A89B989012300F0B1FC03463B723B7A43
:108C8000002B06D03B7A184600F059FA0346FB73D6
:108C900008E03B6805221A8004E00323FB7301E02F
:108CA0000323FB73FB7B18461037BD4680BD80B5A0
:108CB00086B000AF786039600023FB753B681B8885
:108CC000052B5AD17B6801331B781B02BB827B6862
:108CD00002331B781A46BB8A1343BB82BB8A01331B
:108CE000BB827B6803331B781B027B827B68043367
:108CF0001B787B827B8A002B3CD07B8A7D2B39D8EA
:108D00007B68FB603B6800221A80FB685A1CFA6093
:108D100003221A703B681B8801339AB23B681A80A1
:108D20007B8ADAB2FB68591CF9605200D2B21A7021
:108D30003B681B8801339AB23B681A807A8AB98AE9
:108D40000023F86800F04AFC0346FB72FB7A002B14
:108D500006D0FB7A184600F0F2F90346FB750EE0E8
:108D60003B681A887B8A5B009BB213449AB23B68CB
:108D70001A8004E00323FB7501E00323FB75FB7DF0
:108D800018461837BD4680BD80B586B000AF786004
:108D900039600023FB753B681B88092B40F29580E6
:108DA0007B6801331B781B02BB827B6802331B7814
:108DB0001A46BB8A1343BB82BB8A0133BB827B68E2
:108DC00003331B781B027B827B6804331B781A46B3
:108DD0007B8A13437B827B6805331B781B023B82B3
:108DE0007B6806331B781A463B8A13433B823B8AD7
:108DF00001333B827B6807331B781B02FB817B6856
:108E000008331B781A46FB891343FB817B685B7A26
:108E10007B737B8A002B56D07B8A7D2B53D8FB89B2
:108E2000002B50D0FB89792B4DD8FB895A007B7BD6
:108E30009A4248D17B6803F10A00FA89398A0123F2
:108E400000F0CCFB0346BB75BB7D002B31D17B68AA
:108E5000BB603B6800221A80BB685A1CBA601722AC
:108E60001A703B681B8801339AB23B681A807B8A70
:108E7000DAB2BB68591CB9605200D2B21A703B68B2
:108E80001B8801339AB23B681A807A8AB98A002318
:108E9000B86800F0A3FB0346BB75BB7D002B08D16F
:108EA0003B681A887B8A5B009BB213449AB23B688A
:108EB0001A80BB7D002B08D0BB7D184600F03FF91F
:108EC0000346FB7501E00323FB75FB7D184618374D
:108ED000BD4680BD80B586B000AF786039600023A4
:108EE000FB753B681B88052B5DD17B6801331B78C4
:108EF0001B02BB827B6802331B781A46BB8A134372
:108F0000BB82BB8A0133BB827B6803331B781B02A5
:108F10007B827B6804331B781A467B8A13437B82EF
:108F20007B8A002B3CD07B8A7C2B39D87B68FB600A
:108F30003B6800221A80FB685A1CFA6004221A70EF
:108F40003B681B8801339AB23B681A807B8ADAB28D
:108F5000FB68591CF9605200D2B21A703B681B883A
:108F600001339AB23B681A807A8ABB8A1946F8683C
:108F700000F078FA0346FB72FB7A002B06D0FB7AEE
:108F8000184600F0DCF80346FB750EE03B681A88D3
:108F90007B8A5B009BB213449AB23B681A8004E060
:108FA0000323FB7501E00323FB75FB7D184618378F
:108FB000BD4680BD80B582B000AF786039607B6807
:108FC0000133084A1288084918460CF08CFB054BFF
:108FD0001B8801339AB23B681A8000231846083771
:108FE000BD4680BDBCB504249CB5042480B586B0C4
:108FF00000AF7860084611461A4603467B800B4650
:109000007B7013463B703B78FB827B78082B05D93D
:109010002A4B2B4A37212B480AF06AF97B88DB0858
:10902000BB82BB8ADB009BB27A88D31A7B82FA8A26
:109030007B8A02FA03F3FB827B78012202FA03F3B4
:109040009BB2013B3B823A8A7988BB8ADB00CB1A10
:1090500002FA03F33B82BB8A7A6813441B78FB81D4
:10906000BB8A01337A6813441B781BB21B021AB205
:10907000B7F90E3013431BB2FB81B7F91030DB4355
:109080001AB2B7F90E3013401AB2B7F916301343BB
:109090001BB2FB81BB8A7A681344FA89D2B21A7078
:1090A000FB891B0A99B2BB8A01337A681344CAB29E
:1090B0001A7000BF1837BD4680BD00BF08EE040817
:1090C000FC0F050818EE040880B485B000AF786086
:1090D0000B467B8013467B707B88DB08FB81FB891A
:1090E000DB009BB27A88D31ABB817B78012202FA1B
:1090F00003F39BB2013B7B81FB897A6813441B78A5
:109100003B81FB8901337A6813441B781BB21B0235
:109110001AB2B7F9083013431BB23B813A89BB89B5
:1091200042FA03F33B813A897B8913403B813B89B7
:10913000DBB218461437BD465DF8047B704780B437
:1091400085B000AF0346FB71FB79072B0CD0072BD2
:109150000DDC002B02D0012B03D008E00023FB73B1
:1091600008E00223FB7305E00623FB7302E00423FF
:10917000FB7300BFFB7B18461437BD465DF8047BCC
:109180007047000080B584B000AF3B600346FB71C0
:109190000B46BB7113467B710023FB73BB79002B1D
:1091A00005D0BB79002B02D0BB79F72B02D9022363
:1091B000FB7337E01E4ABB791370FB79002B1ED17D
:1091C0001C4B1D4A1A601D4B1D4A1A601D4B1E4A3E
:1091D0001A601E4B1E4A1A601E4B00221A601E4B5C
:1091E0001E4A1A601E4B1F4A1A60114B18783B7EAC
:1091F00079793A6800F0E6FD0346FB7301E002234B
:10920000FB73FB7B002B0DD100F0C6FA0346002B4D
:1092100002D10323FB7305E0134AFB791370134B50
:1092200001221A70FB7B18461037BD4680BD00BF77
:10923000BEB50424C4B50424099E0308C8B504249B
:109240002D9E0308C0B50424E19E0308CCB5042478
:10925000459E0308D0B50424D4B50424A99F03086F
:10926000D8B5042419A00308BFB504248C02002437
:1092700080B582B000AF0023FB71094B1B78012B36
:1092800006D1084B1B689847054B00221A7001E075
:109290000623FB71FB7918460837BD4680BD00BF29
:1092A0008C020024C4B5042480B582B000AF0D4BFD
:1092B0001B78002B08D10C4B1B689847094B0122E7
:1092C0001A700023FB7108E0064B1B78012B02D1BA
:1092D0000023FB7101E00623FB71FB791846083778
:1092E000BD4680BD8C020024C8B5042490B583B06F
:1092F00000AF0023FB70514B1B78002B01D00623DD
:1093000098E0BB1C184600F081FA0346012B40F0A0
:109310009080BB78032B00F28C8001A252F823F0DE
:1093200033940308319303086993030833940308C3
:10933000434B1B68434A4449444898470346FB70E3
:10934000FB78002B0DD1414B1A78414B1B789A4288
:1093500003D03E4B1B78002B68D1022000F02AFA84
:1093600064E000F0C1FC61E0374B1B681A78394BB0
:109370001A70394B01221A7000237B601FE0374AB4
:109380007B6812F83330002B1DD0344A7B6812F80A
:109390003320304B1B789A420ED1304A7B68DB0079
:1093A00013445B68284A12682649104698470346CA
:1093B0001A46294B1A7007E07B6801337B607B6893
:1093C0000F2BDCDD00E000BF204B1B78002B2FD0E3
:1093D000214B1B78002B1DD01A4B00221A801D4BED
:1093E0001A78194B1968174B1B88581C84B21548FA
:1093F00004800B4462F07F02D2B21A70124B1A68DA
:10940000104B1B88591C88B20E4908801344124A1D
:1094100012781A70124B1B680D4A10780A4A1168AC
:10942000084A128898470346FB7001E000BF00E03D
:1094300000BF002318460C37BD4690BD8C020024A7
:10944000CCB50424E4B50424E0B50424DCB504243C
:10945000BEB50424E6B50424E7B504249002002434
:10946000C0B5042480B485B000AF78600B467B8023
:1094700013463B800023FB733B88BB817A883B8883
:109480001344642B28DC7B88184A12889B1A013B02
:10949000BB601CE0164ABB6832F813301B0A99B255
:1094A0007B685A1C7A60CAB21A70114ABB6832F8DB
:1094B00013107B685A1C7A60CAB21A70BB680133F9
:1094C000BB60B7F90C309BB2013B9BB2BB81B7F9D3
:1094D0000C30002BDEDC01E00123FB73FB7B184624
:1094E0001437BD465DF8047B704700BFE8B504241F
:1094F0000000002090B587B000AFF8600846114624
:109500001A4603467B810B463B811346FB710023C1
:10951000FB753B89BB827A893B891344642B52DCFF
:109520007B892C4A12889B1A013B3B61FB79002BFB
:1095300002D0012B24D048E0DBF7FEFF19E03B69A5
:1095400099B2B7F91430082B02DCBB8ADBB200E019
:109550000823FC68621CFA601A461F48FFF7B4FD36
:10956000034623703B6908333B61BB8A083B9BB2CF
:10957000BB82B7F91430002BE1DCDCF70FF824E0F4
:10958000DBF7DAFF18E03B6998B2B7F91430082B23
:1095900002DCBB8ADAB200E00822FB68591CF960E1
:1095A0001B7801460C48FFF721FD3B6908333B61FE
:1095B000BB8A083B9BB2BB82B7F91430002BE2DCBC
:1095C000DBF7ECFF01E00123FB75FB7D18461C3740
:1095D000BD4690BDEAB50424C800002080B588B01F
:1095E00000AFF860084611461A4603467B810B46D9
:1095F0003B811346FB710023FB773B89BB837B894F
:10960000013B9BB2BB823B89FB827A893B89134435
:10961000B3F5FA7F6EDC7B893A4A12889B1A013BCC
:10962000BB61FB79002B02D0012B29D064E0F9F754
:1096300061FCDBF781FF1CE0334ABB6932F8133071
:109640001B0A99B2FB685A1CFA60CAB21A702E4AF9
:10965000BB6932F81310FB685A1CFA60CAB21A7060
:10966000BB690133BB61B7F91C309BB2013B9BB2B4
:10967000BB83B7F91C30002BDEDCDBF78FFF3BE050
:10968000DBF75AFF26E0FB685A1CFA601B781B02C6
:1096900099B21D4ABB6922F813101B4ABB6932F804
:1096A00013301BB223F0FF031AB2FB68591CF96098
:1096B0001B781BB213431BB299B2134ABB6922F841
:1096C0001310BB690133BB61B7F91C309BB2013B7E
:1096D0009BB2BB83B7F91C30002BD4DCDBF75EFFF9
:1096E0000A4B186807F1140100234FF4FA72D8F7F7
:1096F00077F901E00123FB77FB7F18462037BD4651
:1097000080BD00BFECB504242C010020ECB0042483
:1097100090B585B000AF78600B467B8013463B80E8
:109720000023FB733B88BB817A883B881344642BFE
:1097300027DC174B1B887A88D31A9BB2013B9BB25C
:10974000BB6019E0BB6899B2B7F90C30082B02DC9A
:10975000BB89DBB200E008237C68621C7A601A4691
:109760000C48FFF7B1FC03462370BB680833BB60AD
:10977000BB89083B9BB2BB81B7F90C30002BE1DC05
:1097800001E00123FB73FB7B18461437BD4690BDF7
:10979000EEB504241405002080B400AF044B002271
:1097A0001A7001231846BD465DF8047B704700BF60
:1097B000F1B5042480B586B002AF0346FB71104BAF
:1097C00001221A700F4AFB791370FB79022B07D123
:1097D0000D4B1868002303220121DAF737F909E05D
:1097E000094B186807F10C030093002303220121A1
:1097F000DAF7F0F9012318461037BD4680BD00BFE7
:10980000F1B50424F0B50424E0B0042480B485B09C
:1098100000AF78600023FB73094B1B78002B08D046
:10982000084B1A787B681A70054B00221A700123C6
:10983000FB73FB7B18461437BD465DF8047B70470D
:10984000F1B50424F0B5042480B485B000AF78608D
:109850000B467B800023FB8107E0FB897A68134479
:1098600000221A70FB890133FB81FA897B889A42B6
:10987000F3D300BF00BF1437BD465DF8047B7047CB
:1098800080B582B000AFD9F7B5FA78600A4B1B6893
:109890007A68D31AB3F5FA7F09D3074A7B68136055
:1098A000064B01221A600120FFF784FF00E000BF91
:1098B0000837BD4680BD00BFF8B50424F4B50424C4
:1098C00080B483B000AF064B1B687B60044B002262
:1098D0001A607B6818460C37BD465DF8047B7047FC
:1098E000F4B5042480B582B000AF03460A46FB718C
:1098F0001346BB71FB79002B2ED0294B1B681A68CD
:10990000274B1B6822F080021A6000BF244B1B68A3
:10991000DB6903F04003402BF8D1214B1B6840F278
:1099200027721A62002210211E48CDF713FC1C4832
:10993000D5F72EFC4FF400721B491948D5F7DCFB14
:10994000174B1B6810221A62154B1B681A68144BC0
:109950001B6842F010021A60BB79002B1BD0104B21
:109960001B681A680E4B1B6822F010021A600C4824
:10997000D5F70EFC012210210A48CDF7EBFB084B6E
:109980001B6880221A62064B1B681A68044B1B680E
:1099900042F080021A6000BF0837BD4680BD00BF9C
:1099A000C8880424001802580000003880B582B02E
:1099B00000AF396011461A460346FB710B46BB7176
:1099C00013467B712648D5F74AFA254B254A1A607B
:1099D000234A3B685360224B0022DA60204B0C2262
:1099E0005A611F4B00229A611D4B0022DA611C4B09
:1099F00000221A621A4B00225A62194B00229A6204
:109A00007B79022B0ED0022B1CDC002B13D0012BF8
:109A100018D1134B4FF4C0621A61114B4FF48052AE
:109A20009A600FE00E4B4FF480621A610C4B4FF4BA
:109A300080529A6006E00A4B00221A61084B00220D
:109A40009A6000BF0648D5F7BAF90346002B0CBF51
:109A500001230023DBB218460837BD4680BD00BF96
:109A6000C88804240010014080B483B000AF0346CE
:109A7000FB71054AFB799362012318460C37BD46FA
:109A80005DF8047B704700BF0010014080B500AF57
:109A9000024B1B68984700BF80BD00BFD8B50424A7
:109AA00080B582B000AF7B4B1B68DB6903F010030D
:109AB000102B40F0A780774B1B68DB693B60754B30
:109AC0001B685B6A3B60734B1B6810221A62724B07
:109AD0001B68724A93424AD06F4B1B68704A93428C
:109AE00045D06D4B1B686F4A934240D06A4B1B6850
:109AF0006D4A93423BD0684B1B686C4A934236D008
:109B0000654B1B686A4A934231D0634B1B68694AB4
:109B100093422CD0604B1B68674A934227D05E4B20
:109B20001B68664A934222D05B4B1B68644A93428F
:109B30001DD0594B1B68634A934218D0564B1B6883
:109B4000614A934213D0544B1B68604A93420ED033
:109B5000514B1B685E4A934209D04F4B1B685D4ACC
:109B6000934204D04C4B1B685B4A934207D14A4B4B
:109B70001B685B689BB2C3F500739BB206E0464B63
:109B80001B685B689BB2C3F500739BB2534A13809A
:109B9000524B1B889BB2032B11D83E48D5F7F8FADD
:109BA0004E4B00221A804FF400714D48FFF74CFED7
:109BB0004FF400724A493748D5F79EFA66E0484BA1
:109BC0001B78DAB2474B1B78DBB29A4204D0444B85
:109BD0001B78DBB2002B03D10120FFF7EBFD55E032
:109BE0002C48D5F7D5FA3D4B00221A804FF400716E
:109BF0003B48FFF729FE4FF4007239492548D5F755
:109C00007BFA43E0234B1B68DB6903F08003802B66
:109C100006D1204B1B6880221A62FFF737FF35E020
:109C20001C4B1B68DB6903F02003202B08D1194B68
:109C30001B685B6AFB71174B1B6820221A6225E0C8
:109C4000144B1B68DB6903F00803082B14D0114B7D
:109C50001B68DB6903F00403042B0DD00D4B1B685C
:109C6000DB6903F00203022B06D00A4B1B68DB6999
:109C700003F00103012B09D1064B1B685B6AFB71E2
:109C8000044B1B682F221A62FFF7FAFD00BF08374A
:109C9000BD4680BDC8880424848A04241000024084
:109CA000280002404000024058000240700002407C
:109CB00088000240A0000240B800024010040240A8
:109CC000280402404004024058040240700402404C
:109CD00088040240A0040240B804024006B60424EE
:109CE00000000038E400002480B500AFDBF724FC5E
:109CF000154B00221A804FF400711448FFF7A4FDA1
:109D00001348D5F7ACF8EAF79DF84FF400720F4905
:109D10000F48D5F7F1F90346002B0BD10C4B1B680C
:109D200010221A620A4B1B681A68094B1B6842F022
:109D300010021A6000210120FFF7D4FDDBF72EFC92
:109D40000123184680BD00BF06B604240000003879
:109D5000C888042480B485B000AF78600B467B804F
:109D6000FF23FB73FF23BB7313E07B685A1C7A60ED
:109D70001A78BB7B5340DBB2BB60104ABB6813440C
:109D80001A78FB7B5340BB730D4ABB6813441B78A6
:109D9000FB737B885A1E7A80002BE6D1FB7B1BB2BB
:109DA0001B021AB2BB7B1BB213431BB29BB21846F9
:109DB0001437BD465DF8047B704700BF0C100508E2
:109DC0000C11050880B584B000AF3A601A4603460E
:109DD000FB710B46BB7113467B710023FB73DBF7F2
:109DE000ABFB7B79B87908223968FFF7DFFD0346C2
:109DF000012B01D00323FB73DBF7D0FBFB7B184661
:109E00001037BD4680BD000080B500AFDBF794FB86
:109E1000054B01221A7000210120FFF763FDDBF7DB
:109E2000BDFB00BF80BD00BFFDB5042480B500AF01
:109E3000DBF782FB00210020FFF754FDDBF7AEFBD0
:109E400000BF80BD80B586B000AFF860B9607A60B1
:109E50000023BB750023FB75DBF76EFB1A4B1B88D9
:109E60009BB2B3F5007F05D3184B194A73211948EB
:109E700009F03EFA144B1B889BB2032B1BD9124BE3
:109E80001B889BB219461448FFF764FF0346002B5A
:109E900011D1114B1B78DAB2FB681A700A4B1B8880
:109EA0009BB2033B9AB27B681A80BB680B4A1A606C
:109EB0000123BB7501E00523FB75DBF76FFBFB7D21
:109EC00018461837BD4680BD06B6042468EE04085F
:109ED0000C12050890EE040800000038010000385C
:109EE00080B584B000AF03463960FB711346BB8078
:109EF0000023FB73DBF720FB264B1B78DBB2012B27
:109F00003FD13B68013B244A1360244B01221A8055
:109F1000214B1B68FA791A70204B1B889AB2BB88B8
:109F200013449AB21D4B1A801B4B1B681B4A1288A4
:109F300092B211461846FFF70DFF0346BB81174B3F
:109F40001B889BB25A1C91B2144A11801A46BB89D5
:109F5000D9B2134B9954BB891B0A99B20F4B1B887A
:109F60009BB25A1C90B20D4A10801A46C9B20C4BD3
:109F700099540C4B01221A7001210020FFF7B2FC0A
:109F800001E00523FB73DBF709FBFB7B1846103769
:109F9000BD4680BDFDB5042400B6042404B60424E7
:109FA00000000038FCB5042480B582B000AF002367
:109FB000FB71144B1B78DBB2002B05D0124B134AFC
:109FC000B221134809F094F9124B1B78DBB2032B32
:109FD00012D801A252F823F0E99F0308F99F030861
:109FE000F99F0308F19F03080A4B01221A7003E04E
:109FF000084B01221A7000BFFB7918460837BD468E
:10A0000080BD00BFFCB50424D8EE04081C1205086E
:10A0100090EE0408FDB5042480B582B000AF0023A3
:10A02000FB71214B1B78DBB2012B05D01F4B204A63
:10A03000CC21204809F05CF91F4B1B78DBB2002BC8
:10A0400002D0012B05D02AE000210120FFF74AFCB5
:10A0500025E01A4B1B889BB2002B13D0184B1B68B2
:10A060001B78DBB21846FFF7FFFC154B1B6801336A
:10A07000134A1360114B1B889BB2013B9AB20F4BE2
:10A080001A800BE00320FFF795FB0346FB710021CC
:10A090000120FFF727FC084B00221A7000BFFB7954
:10A0A00018460837BD4680BDFDB50424F4EE04080B
:10A0B0003012050890EE0408FCB5042404B604240C
:10A0C00000B6042480B586B004AF78600B46FB7000
:10A0D0007B68002B0DD185230293094B0193094B1B
:10A0E00000930023084A01214FF0FF3000F068F888
:10A0F00002E07B68FA785A710837BD4680BD00BF20
:10A1000050EF0408B412050810EF040880B586B0BB
:10A1100000AFF8607A601A460B46FB7213463B812B
:10A12000FB68B3F1FF3F30D10023FB8228E0B7F991
:10A130001630214A52F82330002B1BD0B7F91630C5
:10A140001D4A52F823301B79002B13D0B7F9163073
:10A15000194A52F823305B79FA7A9A420AD8B7F949
:10A160001630154A52F823301B68B7F908201146FB
:10A1700012489847B7F916309BB201339BB2FB8265
:10A18000B7F91630042BD2DD12E0FB68002B0FD09C
:10A19000FB681B79002B0BD0FB685B79FA7A9A423B
:10A1A00006D8FB681B68B7F9082011460348984792
:10A1B00000BF1837BD4680BD08B604241CB6042471
:10A1C0000CB480B584B000AF78600B46FB7007F12B
:10A1D0001C03BB60BB68BA69FF210C480AF010FA87
:10A1E000F860FB68B3F5807F02DD4FF48073FB609D
:10A1F000FB681BB2F978054A7868FFF787FF00BF54
:10A200001037BD46BDE8804002B070471CB604243C
:10A2100080B58CB002AFF8607A603B600B46FB7291
:10A2200000233B623B68002B00F0F480FB68B3F135
:10A23000FF3F05D0FB685B79FA7A9A4200F2EA8028
:10A240007A68764B01933B6800931346744AFF216A
:10A2500074480AF009F903467B617B691BB2F97AFD
:10A26000704AF868FFF752FF3B687B617B6823F018
:10A270000F037B627A687B6AD31A3A6813443B60A7
:10A280003B680F3323F00F033B60BEE03B6A654A37
:10A2900013447A6A644918460AF01CF903461A46C0
:10A2A0003B6A13443B620023FB6135E0FB697A6A39
:10A2B00013441A467B689A4208D3FB697A6A1344AE
:10A2C00019467A687B691344994212D33B6A5A1C37
:10A2D0003A62544A2021D1543B6A5A1C3A62514A8C
:10A2E0002021D1543B6A5A1C3A624E4A2021D15453
:10A2F0000FE03B6A4B4A9818FB697A6A13441B7853
:10A300001A464A490AF0E6F803461A463B6A1344DD
:10A310003B62FB690133FB61FB690F2BC6DD3B6AC6
:10A320005A1C3A623F4A7C21D1543B6A5A1C3A6219
:10A330003C4A2021D1540023BB613CE0BB697A6ACE
:10A3400013441A467B689A4208D3BB697A6A13445D
:10A3500019467A687B691344994206D33B6A5A1CB2
:10A360003A62304A2021D15422E0BB697A6A134410
:10A370001B781F2B16D9BB697A6A13441B787E2B76
:10A3800010D83B6A274A9818BB697A6A13441B782D
:10A390001A4627490AF09EF803461A463B6A1344B8
:10A3A0003B6205E03B6A5A1C3A621E4A2E21D15498
:10A3B000BB690133BB61BB690F2BBFDD3B6A5A1C14
:10A3C0003A62184A2021D1543B6A5A1C3A62154A13
:10A3D0007C21D1543B6A5A1C3A62124A0D21D15455
:10A3E0003B6A5A1C3A620F4A0A21D1543B6A1BB29B
:10A3F000F97A0C4AF868FFF789FE7B6A10337B62B2
:10A400003B68103B3B6000233B623B68002B7FF4C2
:10A410003DAF00E000BF2837BD4680BDB4EF040863
:10A4200094EF04081CB60424FCEF040810F00408A0
:10A4300018F0040880B483B000AF0023FB801EE056
:10A44000B7F90630134A52F82330002B11D0B7F970
:10A450000630104A52F8233093F8603003F00203BC
:10A46000DBB2002B05D0B7F906300A4A52F8233088
:10A470000AE0B7F906309BB201339BB2FB80B7F913
:10A480000630042BDCDD002318460C37BD465DF892
:10A49000047B70471CB7042480B582B000AF78609D
:10A4A0000B46FB707B689B6EFA1C01211046984797
:10A4B00000BF0837BD4680BD80B584B000AF78606E
:10A4C00039600023FB813B68BB607B689B6E002B7F
:10A4D00004D1002310E0FB890133FB81BB685A1CC7
:10A4E000BA601B78002BF6D17B689B6EFA89114607
:10A4F0003868984703469BB218461037BD4680BD62
:10A5000080B584B000AF786039600023FB813B6880
:10A51000BB607B689B6E002B07D100232BE0BB68E0
:10A520000133BB60FB890133FB81BB681B78002BC7
:10A5300007D0BB681B780D2B03D0BB681B780A2B98
:10A54000EDD1FB89242B0AD97B689B6E24213868C6
:10A5500098477B689B6E03210948984705E07B6814
:10A560009B6EFA89114638689847FB89242B01D9DC
:10A57000242300E0272318461037BD4680BD00BFC6
:10A58000C8F2040880B582B000AF78600B46FB705B
:10A590007B6893F8603003F00103DBB2002B22D01C
:10A5A000FB78002B03D015497868FFF785FF7B689F
:10A5B0001B685B6819467868FFF77EFF104978686A
:10A5C000FFF77AFF7B689B68002B02D07B689B6853
:10A5D00000E00C4B19467868FFF76EFF0A4978686F
:10A5E000FFF76AFF05E0094B1B6B19467868FFF718
:10A5F00063FF00BF0837BD4680BD00BFCCF2040832
:10A60000D0F20408D4F20408D8F20408100300249D
:10A6100080B483B000AF786039603B681B78002B52
:10A6200013D03B685B7803F00F03DBB2082B0CD030
:10A630007B681B68002B19D03B681A787B681B6805
:10A640001B781340DBB2002B10D07B6893F860308E
:10A6500003F00103DBB2002B06D13B685B7803F00B
:10A660001003DBB2002B01D0002301E04FF0FF33D9
:10A6700018460C37BD465DF8047B704780B485B042
:10A6800000AF786039600823FB733B680833002211
:10A690001A7018E07B68DBB203F00F03BB73BB7B5F
:10A6A000092B03D9BB7B5733DBB202E0BB7B3033D2
:10A6B000DBB2FA7B013AFA73FA7B39680A44137009
:10A6C0007B681B097B607B68002BE3D1FB7BC3F1BC
:10A6D0000803DBB25BB218461437BD465DF8047B55
:10A6E0007047000080B485B000AF786039600B23FC
:10A6F000FB737B68BB607B68002B02DA7B685B4284
:10A70000BB603B680B3300221A701DE0BA68204B17
:10A7100083FB02139910D317C91A0B469B000B44F5
:10A720005B00D11ACAB2FB7B013BFB73FB7B396830
:10A730000B443032D2B21A70BB68154A82FB031246
:10A740009210DB17D31ABB60BB68002BDED17B688D
:10A75000002B07DAFB7B013BFB73FB7B3A6813445E
:10A760002D221A707B68002B07D1FB7B013BFB730A
:10A77000FB7B3A68134430221A70FB7BC3F10B0356
:10A78000DBB25BB218461437BD465DF8047B7047F8
:10A790006766666680B485B000AF78603960002374
:10A7A000FB810AE0FB893A681A44FB8979680B440B
:10A7B00012781A70FB890133FB81FB893A681344D4
:10A7C0001B78002BEED1FB897A68134400221A70A3
:10A7D000FB8918461437BD465DF8047B704780B48A
:10A7E00085B000AF786039600023FB810023BB8116
:10A7F0000FE0BB897A6813441A78BB8939680B4427
:10A800001B789A4212D1FB890133FB81BB8901334A
:10A81000BB81BB897A6813441B78002B07D0BB89A6
:10A820003A6813441B78002BE3D100E000BFFB899A
:10A8300018461437BD465DF8047B704780B584B078
:10A8400000AF78600023FB7306E0FB7B184A3021E1
:10A85000D154FB7B0133FB73FB7B082BF5D97B6861
:10A860005B78C3F30303DBB2012B02D87B685B6820
:10A870001AE07B685B78C3F30303DBB2072B02D8D3
:10A880007B685B6810E07B685B78C3F30303DBB233
:10A89000082B02D87B685B6806E07B685B6804492C
:10A8A0001846FFF7EBFE024B18461037BD4680BD39
:10A8B00030B7042480B483B000AF78607B685B78E5
:10A8C000C3F30303DBB2012B02D87B68DB6815E01E
:10A8D0007B685B78C3F30303DBB2072B02D87B688A
:10A8E000DB680BE07B685B78C3F30303DBB2082B08
:10A8F00002D87B68DB6801E07B68DB6818460C37B0
:10A90000BD465DF8047B704780B584B000AF7860C9
:10A9100039603868FFF792FF034619467868FFF7F9
:10A92000CBFD0346C3F116039BB2FB81B7F90E3092
:10A93000002B02DDB7F90E3000E00423FB8120215B
:10A940007868FFF7A9FDFB89013B9BB2FB81B7F952
:10A950000E30002BF3D13B685B78C3F30303DBB20B
:10A96000012B06D8364B1B6C19467868FFF7A4FDFF
:10A970002FE03B685B78C3F30303DBB2072B06D8F9
:10A980002F4B5B6C19467868FFF796FD21E03B681A
:10A990005B78C3F30303DBB2082B06D8284B9B6C10
:10A9A00019467868FFF788FD13E03B685B78C3F3CE
:10A9B0000303DBB2092B06D8214BDB6C1946786800
:10A9C000FFF77AFD05E01E4B1B6D19467868FFF70F
:10A9D00073FD1C497868FFF76FFD07237B7317E051
:10A9E0003B681B781A4697F90D3042FA03F303F0DF
:10A9F0000103002B01D0782300E02D23194678684D
:10AA0000FFF74AFD97F90D30DBB2013BDBB27B73F8
:10AA100097F90D30002BE3DA0A497868FFF74CFD0F
:10AA20003868FFF747FF034619467868FFF768FD67
:10AA300005497868FFF740FD00BF1037BD4680BD6F
:10AA400010030024DCF20408CCF2040880B584B0C2
:10AA500000AF78607B689B6DBB601D4B9B6819469F
:10AA60007868FFF729FD0023FB8125E0B7F90E3058
:10AA70001B01BA6813445B78C3F30303DBB2012BF9
:10AA800014D8B7F90E301B01BA6813441946786818
:10AA9000FFF7BEFD0346002B08D1B7F90E301B01AE
:10AAA000BA68134419467868FFF72EFFB7F90E30DD
:10AAB0009BB201339BB2FB81B7F90E307A68B2F8D2
:10AAC0005C209342D2DB00BF00BF1037BD4680BD83
:10AAD0001003002480B584B000AF78607B689B6D64
:10AAE000BB60234BDB6819467868FFF7E5FC002361
:10AAF000FB8130E0B7F90E301B01BA6813445B7874
:10AB0000C3F30303DBB2012B1FD9B7F90E301B01CE
:10AB1000BA6813445B78C3F30303DBB2072B14D882
:10AB2000B7F90E301B01BA68134419467868FFF76D
:10AB30006FFD0346002B08D1B7F90E301B01BA6830
:10AB4000134419467868FFF7DFFEB7F90E309BB261
:10AB500001339BB2FB81B7F90E307A68B2F85C2002
:10AB60009342C7DB00BF00BF1037BD4680BD00BFAA
:10AB70001003002480B584B000AF78607B689B6DC3
:10AB8000BB60234B1B6919467868FFF795FC0023CF
:10AB9000FB8130E0B7F90E301B01BA6813445B78D3
:10ABA000C3F30303DBB2072B1FD9B7F90E301B0128
:10ABB000BA6813445B78C3F30303DBB2082B14D8E1
:10ABC000B7F90E301B01BA68134419467868FFF7CD
:10ABD0001FFD0346002B08D1B7F90E301B01BA68E0
:10ABE000134419467868FFF78FFEB7F90E309BB211
:10ABF00001339BB2FB81B7F90E307A68B2F85C2062
:10AC00009342C7DB00BF00BF1037BD4680BD00BF09
:10AC10001003002480B584B000AF78607B689B6D22
:10AC2000BB60234B5B6919467868FFF745FC00233E
:10AC3000FB8130E0B7F90E301B01BA6813445B7832
:10AC4000C3F30303DBB2082B1FD9B7F90E301B0186
:10AC5000BA6813445B78C3F30303DBB2092B14D83F
:10AC6000B7F90E301B01BA68134419467868FFF72C
:10AC7000CFFC0346002B08D1B7F90E301B01BA6890
:10AC8000134419467868FFF73FFEB7F90E309BB2C0
:10AC900001339BB2FB81B7F90E307A68B2F85C20C1
:10ACA0009342C7DB00BF00BF1037BD4680BD00BF69
:10ACB0001003002480B582B000AF78607868FFF799
:10ACC000C5FE00BF0837BD4680BD000080B582B01C
:10ACD00000AF78600B46FB7003E007497868FFF728
:10ACE000EBFBFB785A1EFA70002BF6D100BF00BFB9
:10ACF0000837BD4680BD00BFE0F2040880B584B0CF
:10AD000000AF78607B689A897B68DB89D31A9BB235
:10AD1000FB8109E020217868FFF7BEFBB7F90E3010
:10AD20009BB2013B9BB2FB81B7F90E30002BF1DCEB
:10AD30007B689B89DBB219467868FFF7C7FF00BFC5
:10AD40001037BD4680BD80B584B000AF78600B463B
:10AD5000FB7097F90330B3F1FF3F0CBF01230023D1
:10AD6000DBB27B727B68DB89002B04D197F903305F
:10AD7000012B00F0A7807B68DA897B689B899A4267
:10AD800005D197F90330B3F1FF3F00F09B807B685A
:10AD9000DA897B689B899A421BD197F90330012B92
:10ADA00017D17B68DB89013B9AB27B68DA817B68CB
:10ADB0009B89013B9AB27B689A817B681B697A68A0
:10ADC0009289134400221A7001217868FFF77EFFF0
:10ADD00079E07B7AFB811AE07B681B697A68D2890B
:10ADE0001146B7F90E200A441A447B6819697B683A
:10ADF000DB891846B7F90E300344013B0B44127847
:10AE00001A70B7F90E309BB201339BB2FB81B7F9D0
:10AE10000E207B689B8919467B68DB89CB1A9A4296
:10AE2000DADB7B689B89013B9AB27B689A817B7AEB
:10AE3000002B09D17B68DB89013B9AB27B68DA8100
:10AE400008217868FFF728FB7B681B697A6892897C
:10AE5000134400221A707B68DB89BB810FE07B689A
:10AE60001A69B7F90C3013441B7819467868FFF754
:10AE700013FBB7F90C309BB201339BB2BB81B7F91E
:10AE80000C307A6892899342E9DB20217868FFF7D9
:10AE900003FB7B689A897B68DB89D31A9BB20133F9
:10AEA0009BB27B8109E008217868FFF7F5FAB7F9D2
:10AEB0000A309BB2013B9BB27B81B7F90A30002B71
:10AEC000F1DC00E000BF1037BD4680BD80B48DB01E
:10AED00000AFF8607A601A460B467B8113467B729E
:10AEE000012387F82F3007F1100300221A605A60FF
:10AEF0009A60DA60002387F82E300023BB620023BB
:10AF0000FB840CE0B7F926309B007A6813440022DA
:10AF10001A60B7F926309BB201339BB2FB84B7F9B4
:10AF20002620B7F938309A42ECDB0023BB84AAE034
:10AF300097F82E30002B3ED1BB8CFA6813441B7857
:10AF40007A7A9A4216D097F82F30012B12D1B7F99E
:10AF50003830BA6A9A420DDABA8CBB6A591CB962A7
:10AF60009B0079680B44F9680A441A60002387F84B
:10AF70002F3020E0BB8CFA6813441B787A7A9A420F
:10AF800005D0BB8CFA6813441B78202B13D197F89B
:10AF90002F30002B0FD1BB8CFA68134400221A709B
:10AFA000BB8C0133FA6813441B78202B67D0012334
:10AFB00087F82F3063E0002387F823304AE097F8C2
:10AFC0002E30002B1FD0BB8CFA6813441A7897F8E8
:10AFD000233033495B000B445B789A4213D197F8D6
:10AFE0002E30013B30333B4413F8202C97F82330AC
:10AFF0002B4911F813309A4205D197F82E30013BB6
:10B0000087F82E302AE0BB8CFA6813441A7897F838
:10B010002330234911F813309A4216D197F8232090
:10B0200097F82E30591C87F82E1019461C4B13F830
:10B03000122001F130033B4403F8202C97F82E3006
:10B0400003F00F0387F82E3008E097F82330013320
:10B0500087F8233097F82330002BB0D0BB8CFA68E8
:10B0600013441B785C2B0BD1BB8C0133FA6813445F
:10B070001B78002B04D0BB8C0133BB8400E000BFE5
:10B08000BB8C0133BB84BA8C7B899A42FFF450AFEE
:10B09000BB6A18463437BD465DF8047B704700BF75
:10B0A0006403002480B584B002AF78607B681869BF
:10B0B0007B6899897B6803F114020823009320239D
:10B0C000FFF704FF03469AB27B68DA8600BF0837B1
:10B0D000BD4680BD80B584B000AF78600023FB81A1
:10B0E00042E0FB897A6804339B0013445B681B7859
:10B0F000222B14D1FB897A6804339B0013445B68CC
:10B1000000221A70FB897A6804339B0013445A6842
:10B11000FB890132796804339B000B445A60FB8938
:10B120007A6804339B0013445B681846C5F7C0FC7B
:10B130000346BB81FB897A6804339B0013445A6839
:10B14000BB89013B13441B78222B0AD1FB897A6807
:10B1500004339B0013445A68BB89013B134400220B
:10B160001A70FB890133FB817B68DB8EFA899A4276
:10B17000B7D300BF00BF1037BD4680BD80B586B0D5
:10B1800000AFF860B9607A607B80FB68B3F85C2040
:10B190007B68F968896D5B1A1B099BB2D31ABB8265
:10B1A0000023FB823DE0FB8A1B017A6813445B7835
:10B1B00003F00F03DBB2092B2FD0FB8A1B017A6847
:10B1C00013441946F868FFF723FA0346002B24D1ED
:10B1D000FB8A1B017A6813441846FFF72FFB38617E
:10B1E0007B88002B0BD13969B868C5F703FC03468F
:10B1F000002B13D1FB8A1B017A68134416E07B886D
:10B200001A463969B86809F0D9FA0346002B05D106
:10B21000FB8A1B017A68134408E000BFFB8A0133F4
:10B22000FB82FA8ABB8A9A42BDD30023184618379C
:10B23000BD4680BD80B584B000AF78603960002322
:10B24000FB603B685B78C3F30303DBB2023B052B77
:10B2500034D801A252F823F071B203087BB203087C
:10B2600087B2030891B2030891B2030899B20308A8
:10B270003B689B681B68FB6021E03B689B68B3F9F7
:10B280000030FB601BE03B689B681B78FB6016E0AE
:10B290003B689B68FB6012E03B689B685B68BB6037
:10B2A000BB68002B07D03B689B681A68BB681046D8
:10B2B0009847034600E00023FB6000E000BFFB6806
:10B2C00018461037BD4680BD80B586B000AFF86027
:10B2D000B9607A60BB685B7803F04003DBB2002B97
:10B2E00006D0344B1B6A1946F868FFF7E5F858E0BA
:10B2F000BB685B78C3F30303DBB2023B052B4DD87D
:10B3000001A252F823F000BF21B303082BB30308B6
:10B3100037B3030843B3030853B3030861B3030807
:10B32000BB689B687A681A603BE0BB689B687A6878
:10B3300012B21A8035E0BB689B687A68D2B21A7084
:10B340002FE0BB689B687A6811461846FFF722FA1F
:10B3500027E0184BDB691946F868FFF7ADF820E0E5
:10B36000BB689B689B68002B1AD0BB689B681B68F6
:10B37000002B0BD0BB689B689B683B61BB689B68DC
:10B380001A683B6979681046984709E0BB689B6872
:10B390009B687B617B697868984701E000BF00E0AB
:10B3A00000BFB968F86800F007F803461846183778
:10B3B000BD4680BD1003002480B588B000AF786022
:10B3C0003960344A07F10C0307CA83E8070039687B
:10B3D0007868FFF72FFFB8613B685B6819467868AB
:10B3E000FFF76AF82C497868FFF766F83B685B78E6
:10B3F000C3F30303DBB2052B0DD128497868FFF7AF
:10B400005BF8BB6919467868FFF756F823497868F6
:10B41000FFF752F835E007F10C031946B869FFF75A
:10B4200061F90346C3F10B0307F10C0213441946FB
:10B430007868FFF741F81A497868FFF73DF800236C
:10B44000FB830CE0B7F91E3020333B44302203F875
:10B45000142CB7F91E309BB201339BB2FB83B7F9B2
:10B460001E300A2BEEDDBB6907F10C0211461846AF
:10B47000FFF704F907F10C0319467868FFF71CF889
:10B4800000BF08497868FFF717F8BB6918462037EE
:10B49000BD4680BDF4F20408E4F20408E8F20408B2
:10B4A000ECF20408CCF2040880B584B000AF7860F8
:10B4B0003960FEF7BFFFF860FB68002B01D1002365
:10B4C00032E0FB689A6D00237968F868FFF756FE52
:10B4D000B860BB68002B07D1154B9B6A1946F8680A
:10B4E000FEF7EAFF00231FE0BB685B78C3F30303AA
:10B4F000DBB2012B06D9BB685B78C3F30303DBB275
:10B50000072B0BD97968F868FEF7D6FF084B5B6A02
:10B510001946F868FEF7D0FF002305E03A68B968DD
:10B52000F868FFF7D1FE034618461037BD4680BDC8
:10B530001003002480B584B000AF78603960002328
:10B54000FB607A6892F8603043F0020382F8603062
:10B550003B685B7803F00F03DBB2002B1BD17868EC
:10B56000FFF7B8FD3B689B68BB607B68DB8E1846C5
:10B570007B6803F11402BB6811469847F8603B688A
:10B580005B7803F02003DBB2002B3FD1F9687868C9
:10B5900000F0C0F83AE03B685B7803F00F03DBB2E1
:10B5A000012B15D17B68DB8E1A467B681433396812
:10B5B000786800F0B7FEF8603B685B7803F0200322
:10B5C000DBB2002B22D1F968786800F0A3F81DE007
:10B5D0003B685B78C3F30303DBB2012B0BD93B68F9
:10B5E0005B78C3F30303DBB2072B04D839687868B0
:10B5F000FFF7E2FE0AE03B685B7803F00F03DBB283
:10B60000082B03D13968786800F03CF87A6892F822
:10B61000603023F0020382F86030FB681846103770
:10B62000BD4680BD80B582B000AF78607B681A6986
:10B630007B681B689B6819461046C5F7DBF9034613
:10B64000002B0DD17A6892F8603043F0010382F844
:10B6500060300B4B1B6819467868FEF72DFF05E03C
:10B66000074B5B6B19467868FEF726FF7B68002264
:10B670009A817B680022DA8100BF0837BD4680BD11
:10B680001003002480B582B000AF786039607B6819
:10B690003A681A603B689B68002B13D03B689B6834
:10B6A0001B78002B0ED07B68DB8E012B0CD93B68FE
:10B6B0009A687B689B6919461046C5F79BF9034653
:10B6C000002B01D1012300E0002303F00103D9B2D4
:10B6D0007A6892F8603061F3000382F860300C4BB6
:10B6E0009B6B19467868FEF7E7FE7B6893F860303D
:10B6F00003F00103DBB2002B05D0054B1B68194694
:10B700007868FEF7D9FE00BF0837BD4680BD00BF90
:10B710001003002480B586B000AF78603960234AFA
:10B7200007F1080307CA83E8070021497868FEF794
:10B73000C3FE07F1080319463868FEF7D3FF034636
:10B74000C3F10B0307F10802134419467868FEF7AA
:10B75000B3FE18497868FEF7AFFE0023FB820CE0C9
:10B76000B7F9163018333B44302203F8102CB7F9E0
:10B7700016309BB201339BB2FB82B7F916300A2B0D
:10B78000EEDD3B6807F1080211461846FEF776FF2A
:10B7900007F1080319467868FEF78EFE06497868B7
:10B7A000FEF78AFE00BF1837BD4680BDF4F20408DC
:10B7B00000F30408ECF20408CCF2040880B582B06F
:10B7C00000AF78607B680022A3F854207B68B3F850
:10B7D0005030002B18D07B68B3F85230002B04D0C7
:10B7E0007B68B3F85230013B00E004237A680E33E3
:10B7F0009B0013445A687B681B6919461046C5F7BD
:10B80000F9F80346002B33D07B68B3F852307A68DE
:10B810000E339B0013445A687B681B691946104617
:10B82000FEF7B8FF0346002B07D07B68B3F8523011
:10B8300001339AB27B68A3F852207B68B3F850308A
:10B8400001339AB27B68A3F850207B68B3F850307C
:10B85000052B03D97B680522A3F850207B68B3F839
:10B860005230042B05D97B680022A3F8522000E057
:10B8700000BF0837BD4680BD80B582B000AF78609C
:10B880000B46FB7097F90330002B28DD7B68B3F97A
:10B89000542093B2013B9BB219B27B68A3F85410B9
:10B8A00011467B68B3F852207B68B3F8503093425E
:10B8B00038BF13469BB25B42994228DC7B68B3F8E1
:10B8C00052207B68B3F85030934238BF13469BB286
:10B8D0005B429BB21AB27B68A3F8542017E097F939
:10B8E0000330002B53DA7B68B3F954309BB2013339
:10B8F0009BB21AB27B68A3F854207B68B3F954302A
:10B90000002B04DD7B680022A3F8542042E0786815
:10B91000FFF7F4F97B68B3F95430002B07D17B684B
:10B9200000229A817B689A897B68DA8132E07B68A1
:10B9300018697B68B3F8523005337A68B2F954203D
:10B940009918164B83FB01235A10CB17D21A1346B2
:10B950009B001344CA1A796802F10E039B000B4442
:10B960005B681946FEF716FF03461A467B689A8104
:10B970007B689B89002B0CD07B689A897B68DA8175
:10B980007B681B6919467868FEF796FD02E000BFE8
:10B9900000E000BF0837BD4680BD00BF6766666631
:10B9A00080B584B000AF78607B689B89002B3FD066
:10B9B0007B681B697A689289134400221A707B683D
:10B9C00093F8603003F00103DBB2002B2CD07868D1
:10B9D000FFF7F4FE7868FFF765FB7B680022DA81E9
:10B9E0007B68DA897B689A817B68DB8E002B21D0AB
:10B9F00012497868FEF760FD7B6859697B689A6D2B
:10BA000000237868FFF7BAFBF860FB68002B04D0CE
:10BA1000F9687868FFF78EFD0DE0094B9B691946C0
:10BA20007868FEF749FD06E07868FFF7FBFD02E065
:10BA300000BF00E000BF1037BD4680BDCCF2040857
:10BA40001003002480B582B000AF786001217868CF
:10BA5000FFF712FF00BF0837BD4680BD80B582B03A
:10BA600000AF78604FF0FF317868FFF705FF00BF47
:10BA70000837BD4680BD80B582B000AF78607B6876
:10BA8000DA897B689B899A420DD27B681A697B6848
:10BA9000DB89591C88B27968C88113441B78194620
:10BAA0007868FEF7F9FC00BF0837BD4680BD80B559
:10BAB00082B000AF78607B68DB89002B09D0082159
:10BAC0007868FEF7E9FC7B68DB89013B9AB27B680A
:10BAD000DA8100BF0837BD4680BD000090B587B051
:10BAE00000AF78607B689B8EFB820023BB820023C3
:10BAF0007B827B689B89002B07D17868FFF7DAF897
:10BB000001217868FEF73EFDB4E07B689B89002B3D
:10BB100000F0B0807B681B697A6892891344002228
:10BB20001A707B689B6DFB6000233B825AE0B7F97B
:10BB300010301B01FA68134419467868FEF768FD57
:10BB40000346002B48D17B681C69B7F910301B01F4
:10BB5000FA6813441846FEF771FE0346194620465C
:10BB6000FEF73DFE03461A467B689B899A4233D115
:10BB70007B8A002B2BD07B8A012B03D15A49786812
:10BB8000FEF79AFCBB8A1B01FA68134419467868D1
:10BB9000FEF7BAFEBB8A1B01FA6813441846FEF78B
:10BBA0004DFE0446B7F910301B01FA6813441846DD
:10BBB000FEF744FE034619462046FEF710FE0346F4
:10BBC0007B81FA8A7B89934228BF1346FB823B8A9A
:10BBD000BB827B8A01337B82B7F910309BB2013381
:10BBE0009BB23B82B7F910307A68B2F85C2093427E
:10BBF0009DDB7B8A002B72D07B8A012B02D1786877
:10BC0000FFF77CF87B8A002B11D07B681C69BB8A0C
:10BC10001B01FA6813441846FEF710FE0346194646
:10BC20002046FEF7B7FD03461A467B689A817B8A59
:10BC3000012B0ED9BB8A1B01FA6813441946786898
:10BC4000FEF762FE01217868FEF79CFC7B68FA8AA9
:10BC50009A817B681B697A689289134400221A7062
:10BC60007B689A897B68DA817B681B6919467868EA
:10BC7000FEF722FCCEF7D0FC0346002B30D07B8AA7
:10BC8000012B24D17B6893F8603003F00403DBB20E
:10BC9000002B1CD0CEF7C0FC02467B685B68D31A31
:10BCA000C72B14D810497868FEF706FC7B681B691F
:10BCB0001946786800F042F801217868FEF762FCC6
:10BCC0007B681B6919467868FEF7F6FB08E07A681E
:10BCD00092F8603043F0040382F8603000E000BF67
:10BCE0001C37BD4690BD00BFCCF2040880B582B0C1
:10BCF00000AF786001217868FFF725F800BF0837AA
:10BD0000BD4680BD80B582B000AF78604FF0FF3196
:10BD10007868FFF718F800BF0837BD4680BD80B5CA
:10BD200082B000AF78607868FFF73AFE012178684A
:10BD3000FEF728FC00BF0837BD4680BD80B584B043
:10BD400000AF786039607B689A6D00233968786845
:10BD5000FFF714FAF860FB68002B1ED0144BDB6A67
:10BD600019467868FEF7A8FBF868FEF767FD0346FA
:10BD700019467868FEF7A0FB0E497868FEF79CFB31
:10BD8000F868FEF797FD034619467868FEF794FBBE
:10BD900008497868FEF790FB05E0054B9B6919465A
:10BDA0007868FEF789FB00BF1037BD4680BD00BF35
:10BDB00010030024CCF2040880B584B000AF786092
:10BDC0003960FEF737FBF860FB68002B10D07B680A
:10BDD000012B03D1F868FEF76DFF09E07B68012BAA
:10BDE00006DD3B6804331B681946F868FFF7A6FFB9
:10BDF0001037BD4680BD80B582B000AFFEF71AFB9C
:10BE000078607B68002B02D07868FEF7B3FE00BF35
:10BE10000837BD4680BD80B582B000AFFEF70AFB93
:10BE200078607B68002B02D07868FEF70FFE00BFB9
:10BE30000837BD4680BD80B582B000AFFEF7FAFA84
:10BE400078607B68002B02D07868FEF743FE00BF65
:10BE50000837BD4680BD80B582B000AFFEF7EAFA74
:10BE600078607B68002B02D07868FEF7D3FE00BFB5
:10BE70000837BD4680BD000080B582B000AFFEF738
:10BE8000D9FA78607B68002B05D0054B9B6B19466F
:10BE90007868FEF711FB00BF0837BD4680BD00BFC4
:10BEA0001003002480B485B000AF78607B68FB602D
:10BEB0000023FB72FB681B78302B0CD1FB6801332D
:10BEC0001B78782B04D0FB6801331B78582B02D1E8
:10BED0000323FB7216E0FB681B78302B0CD1FB6848
:10BEE00001331B78622B04D0FB6801331B78422B93
:10BEF00002D10123FB7205E0FB681B78302B0ED1C9
:10BF00000223FB720BE0FB681B782E2B07D1FB682A
:10BF100001331B78002B02D00423FB7205E0FB6881
:10BF20005A1CFA601B78002BEDD1FB7A18461437A7
:10BF3000BD465DF8047B704780B483B000AF034614
:10BF4000FB71FB792F2B06D9FB79392B03D8FB79B1
:10BF5000303BDBB214E0FB79602B06D9FB79662B12
:10BF600003D8FB79573BDBB20AE0FB79402B06D9BB
:10BF7000FB79462B03D8FB79373BDBB200E000238B
:10BF800018460C37BD465DF8047B704780B485B019
:10BF900000AF78607B681B78272B02D17B68013368
:10BFA00000E07B68BB600023FB73BB681B785C2BE5
:10BFB00049D1BB6801331B78302B3DD0302B3EDBA1
:10BFC000742B3CDC622B3ADB623B122B37D801A28C
:10BFD00052F823F021C003083FC003083FC0030804
:10BFE0003FC003083FC003083FC003083FC0030829
:10BFF0003FC003083FC003083FC003083FC0030819
:10C000003FC003082DC003083FC003083FC003081A
:10C010003FC0030827C003083FC0030833C003081C
:10C020000823FB7312E00D23FB730FE00A23FB735D
:10C030000CE00923FB7309E00023FB7306E0BB68F7
:10C040005B78FB7302E0BB681B78FB73FB7B1846D5
:10C050001437BD465DF8047B704700BF90B585B0CE
:10C0600000AF78607B68FB6000237B817B681B7876
:10C07000222B2BD17B6801337B607B68FB6025E042
:10C08000FB681B785C2B0BD17B897A68D418F86825
:10C09000FFF77CFF03462370FB680133FB600FE072
:10C0A000FB681B78222B05D17B897A681344002218
:10C0B0001A7005E07B897A681344FA6812781A705E
:10C0C000FB680133FB607B8901337B81FB681B7854
:10C0D000002BD5D17B897A68134400221A707B68C3
:10C0E00018461437BD4690BD90B58BB000AF786050
:10C0F0000023FB740A2387F827307B683B62002308
:10C10000FB770123BB770023BB614FF00003FB608B
:10C1100000237B617B681B782D2B01D1FF23BB772C
:10C1200097F91E30B3F1FF3F01D1012300E0002356
:10C130007A6813441846FFF7B5FE0346FB74FB7C90
:10C14000032B06D0032B16DC012B0ED0022B06D0BE
:10C1500011E0102387F827300223FB770CE0082337
:10C1600087F827300123FB7706E0022387F8273082
:10C170000223FB7700E000BFFB7F97F91E20B2F19E
:10C18000FF3F01D1012200E0002213447A681344EA
:10C190003B621FE03B6A1B782E2B05D101237B619C
:10C1A0003B6A01333B6215E097F82730BA6902FB1E
:10C1B00003F43B6A1B781846FFF7BEFE0346234490
:10C1C000BB617A6913469B0013445B007B613B6A49
:10C1D00001333B623B6A1B78002BDBD1FB7C042BD9
:10C1E0001CD17B69002B19D0BB6907EE903AF8EEA1
:10C1F000676A7B6907EE903AF8EE677A86EEA77A6F
:10C2000097F91E3007EE903AF8EEE77A67EE277A54
:10C21000C7ED037A07F10C031B6804E097F91E30A1
:10C22000BA6902FB03F318462C37BD4690BD80B5B2
:10C2300084B000AF786039603B68591C7B689A6DA8
:10C2400000237868FEF79AFFF860FB68002B05D0A2
:10C25000F9687868FEF7EEFF034600E00023184611
:10C260001037BD4680BD80B584B000AFF860B960BE
:10C270007A603B607B68002B08D0BB681B78242B5E
:10C2800049D1BB6801331B78002B44D0BB681B78B5
:10C29000272B0DD1BB6801331B78002B08D0B86861
:10C2A000FFF774FE03461A463B681A60002334E029
:10C2B000BB681B782D2B07D0BB681B782F2B0BD9A5
:10C2C000BB681B78392B07D8B868FFF70DFF02460B
:10C2D0003B681A60002320E0BB681B78242B0DD13B
:10C2E000BB6801331B78002B08D0B968F868FFF7EA
:10C2F0009EFF02463B681A6000230EE0BB681B7875
:10C30000002B08D0B868FFF7A9FE03461A463B6821
:10C310001A60002301E04FF0FF3318461037BD4686
:10C3200080BD0000F0B59DB004AF78613961FA605E
:10C33000BB600023FB6507F118032022002118468B
:10C3400008F027FA3B699B78C3F30303DBB21A4674
:10C35000FB68934205DC3B699B78C3F30303DBB2C4
:10C3600001E0FB68013B7B650023BB6517E0BB6D0B
:10C3700001339B00BA681344196807F11802BB6DBA
:10C380009B00134400227869FFF76DFF0346002BE2
:10C3900002D04FF0FF3383E0BB6D0133BB65FB6818
:10C3A000013BBA6D9A42E2DB7B6D072B73D801A289
:10C3B00052F823F0D5C30308DFC30308F1C3030811
:10C3C00005C4030819C403082FC403084BC4030899
:10C3D0006DC403083B699B689847F8655FE03B695B
:10C3E0009B68BB63BA69BB6B10469847F86556E01B
:10C3F0003B699B68FB63BA69F969FB6B1046984718
:10C40000F8654CE03B699B683B64B869F9693A6A36
:10C410003B6C9847F86542E03B699B687B64B86970
:10C42000F9693A6A7B6A7C6CA047F86537E03B693A
:10C430009B68BB64B869F9693A6A7D6ABB6A009314
:10C44000BC6C2B46A047F86529E03B699B68FB6400
:10C45000B869F9693D6A7E6ABB6AFA6A019200931B
:10C46000FC6C33462A46A047F86518E03B699B6898
:10C470003B65B869FD693E6A7B6A7B60BB6AFA6AA4
:10C48000396B0291019200933C6D7B6832462946DC
:10C49000A047F86503E04FF0FF33FB6500BFFB6D7D
:10C4A00018466437BD46F0BD80B483B000AF7860F5
:10C4B00000BF0C37BD465DF8047B704780B483B085
:10C4C00000AF786000BF0C37BD465DF8047B704755
:10C4D00080B500AF0120D6F703FB00BF80BD000090
:10C4E00080B588B002AFF860B9607A603B60002325
:10C4F000FB757B68002B0CD0BB68002B09D12F4B40
:10C5000000932F4B2F4A4D212F4800F091F800BF88
:10C51000FDE73B6A002B0CD03B68002B09D1274B71
:10C5200000932A4B274A5021274800F081F800BF8A
:10C53000FDE73B6A002B24D0002210212448CAF7D3
:10C5400009FE7B689AB24FF47A73B9682148D1F733
:10C55000EDFE0346002B01D00423FB753B6A9AB223
:10C560004FF47A7339681B48D2F7CEF80346002B94
:10C5700001D00423FB75012210211548CAF7EAFDFA
:10C5800016E0002210211248CAF7E4FD7B689AB237
:10C590004FF47A73B9680F48D1F7C8FE0346002BF1
:10C5A00001D00423FB75012210210948CAF7D2FDEE
:10C5B000FB7D18461837BD4680BD00BFDC1305085B
:10C5C0000CF3040818F3040838F3040880F3040893
:10C5D000000002586C87042480B485B000AF7860F6
:10C5E0000023FB737B685B68002B0FD17B680B4AD1
:10C5F0005A627B680A4A9A627B680A4ADA627B68F6
:10C60000094A9A637B68094ADA6300BFFB7B1846D4
:10C610001437BD465DF8047B704700BFE1C40308D2
:10C62000A9C40308BDC40308D1C40308C027090076
:10C630000CB480B588B004AF7860396007F11C0392
:10C64000FB603B6802937B680193114B00930023CE
:10C65000104A03214FF0FF30FDF7B2FDFB68BA69C5
:10C660004FF480710C4807F0CBFF0B4B0193084B44
:10C6700000930023094A03214FF0FF30FDF7A0FD8E
:10C6800000BF1037BD46BDE8804002B0704700BF14
:10C69000EC1305088CF304083CB70424B4F3040835
:10C6A0000FB480B584B002AF07F114037B60114B67
:10C6B00000930023104A03214FF0FF30FDF780FD67
:10C6C0007B683A694FF480710C4807F099FF0B4B77
:10C6D0000193084B00930023094A03214FF0FF30D8
:10C6E000FDF76EFD00BF0837BD46BDE8804004B0D1
:10C6F000704700BFFC130508D0F304083CB70424BE
:10C70000B4F3040880B584B000AF78600023FB73F5
:10C71000786800F08FF80346FB73FB7B002B04D195
:10C72000786800F01BFA0346FB73FB7B002B0AD1F1
:10C730007B68012283F834207B681B68194609480E
:10C74000FFF7AEFF09E07B68002283F834207B68A6
:10C750001B6819460448FFF7A3FFFB7B18461037F8
:10C76000BD4680BD60F5040888F5040880B584B036
:10C7700000AF0023FB710023FB73194B194A74218E
:10C780001948FFF755FF194A75211748FFF750FF61
:10C790000023BB601BE0164ABB68742101FB03F356
:10C7A00013440433BA681A60BB68742202FB03F3B3
:10C7B0000F4A13441846FFF7A5FF0346FB71FB79A8
:10C7C000002B01D0FB79FB73BB680133BB60BB68F6
:10C7D000002BE0D0FB7B18461037BD4680BD00BF64
:10C7E000B4F50408BCF50408F8F504083CF60408A0
:10C7F0006803002480B582B000AF786000F012F8C2
:10C8000002467B68934206D27B68742202FB03F3E4
:10C81000034A134400E0002318460837BD4680BD94
:10C820006803002480B400AF01231846BD465DF8BC
:10C83000047B704780B588B002AF78600023FB7539
:10C840007B68002B09D1994B0093994B994AFC21A5
:10C850009948FFF7EDFE00BFFDE77868FFF7BCFEE3
:10C860000346FB75FB7D002B01D0FB7D6EE17B68F1
:10C870005B6A002B0AD18D4B0093904B8D4A40F29E
:10C8800009118D48FFF7D4FE00BFFDE77B681B69E7
:10C89000002B0CD07B689B8A002B08D07B689B699F
:10C8A000002B04D07B681B7F002B40F0BF80786892
:10C8B00000F03EFE0346FB75FB7D002B01D0FB7DA7
:10C8C00044E1786801F09EF80346002B47D07B686E
:10C8D00000229A607B681A6D7B681A617B68B3F8E6
:10C8E0004830012B03D17B6802229A8202E07B68E8
:10C8F00001229A827B685A6D7B689A617B6893F803
:10C9000058207B681A7701233B6124E07A683B69F1
:10C910000A33DB0013445B68002B19D07B689A69EB
:10C9200079683B690A33DB000B445B689A420FD994
:10C930007A683B690A33DB0013445A687B689A6162
:10C940007A683B690A33DB0013441A7A7B681A77EA
:10C950003B6901333B613B69032BD7D966E0002378
:10C960003B6160E056493A6913465B001344DB00C3
:10C970000B4404331A787B681B7B9A4250D1504990
:10C980003A6913465B001344DB000B4405331A7805
:10C990007B685B7B9A4243D149493A6913465B0005
:10C9A0001344DB000B4406331A787B689B7B9A4266
:10C9B00036D143493A6913465B001344DB000B440C
:10C9C0001A687B689A603E493A6913465B001344D3
:10C9D000DB000B4408331A687B681A6138493A69EE
:10C9E00013465B001344DB000B440C331A887B684E
:10C9F0009A8233493A6913465B001344DB000B44C7
:10CA000010331A687B689A612D493A6913465B00B6
:10CA10001344DB000B4414331A787B681A7705E063
:10CA20003B6901333B613B69142B9BD97B681B69D4
:10CA3000002B0BD07B689B8A002B07D07B689B69FF
:10CA4000002B03D07B681B7F002B04D11D48FFF710
:10CA500027FE01237AE00023FB6000233B6111E005
:10CA6000194A3B69DB0013441A797B681B7B9A42A5
:10CA700005D1154A3B6952F83330FB6005E03B694C
:10CA800001333B613B690F2BEAD9FB68002B1FD0B8
:10CA90007B689B68002B1BD07B689A687B681B694E
:10CAA000F9680A48FFF7FCFD23E000BF841605087B
:10CAB00080F6040888F60408F8F50408A8F60408C7
:10CAC0008C140508B8F604080C140508F0F60408E0
:10CAD000FB68002B07D07B681B691A46F9681D4864
:10CAE000FFF7DEFD05E07B681B6919461A48FFF772
:10CAF000D7FD786800F0B4FC0346FB75FB7D002B86
:10CB000001D0FB7D22E07B689B8A03F00403002BAD
:10CB10000BD000220121786800F018FF0346FB7556
:10CB2000FB7D002B01D0FB7D10E07B681B69B3F11E
:10CB3000807F06D90121786800F0BAFD0346FB75B5
:10CB400003E07B68002283F83520FB7D1846183708
:10CB5000BD4680BD1CF7040848F7040880B586B0C0
:10CB600002AF78600023FB737B68002B0AD1084B6F
:10CB70000093084B084A4FF4BE710848FFF758FD70
:10CB800000BFFDE7FB7B18461037BD4680BD00BFE8
:10CB90009416050880F6040888F60408F8F50408D9
:10CBA00090B58BB002AFF860B9607A603B6000234B
:10CBB000FB77FB682033BB61FB68002B0AD13A4B43
:10CBC00000933A4B3A4A4FF4C8713A48FFF730FDA8
:10CBD00000BFFDE73B68002B0AD1334B0093364B77
:10CBE000334A40F291113348FFF722FD00BFFDE7C1
:10CBF000FB6893F8343083F00103DBB2002B0AD0DA
:10CC0000294B00932D4B2A4A40F293112948FFF7F4
:10CC10000FFD00BFFDE7BA687B681A44FB681B691B
:10CC20009A4204D92648FFF73BFD052337E0BB694C
:10CC30009B68002B03D0BB699B68B8699847F8686C
:10CC400000F0DEFD0346FB77FB7F002B1ED10323A4
:10CC50003B7407F1100301331A46B968F86800F015
:10CC600023FEFB6893F83530002B01D0052300E04C
:10CC70000423FB75BB695C68FA7D07F110017B68D2
:10CC800000933B68B869A0470346FB77BB69DB6844
:10CC9000002B03D0BB69DB68B8699847FB7F184657
:10CCA0002437BD4690BD00BFA416050880F60408D1
:10CCB00088F60408F8F5040870F7040878F7040803
:10CCC00088F7040890B589B002AF78600023FB753F
:10CCD0007B6820333B617B68002B0AD13A4B009381
:10CCE0003A4B3B4A40F2C1113A48FFF7A1FC00BF62
:10CCF000FDE77B6893F8343083F00103DBB2002B4F
:10CD00000AD0314B0093344B314A40F2C3113148C1
:10CD1000FFF78EFC00BFFDE73B699B68002B03D04B
:10CD20003B699B68386998470121786800F058FC96
:10CD30000346FB75FB7D002B33D1C7233B737B6818
:10CD40009B8A03F00803002B12D094237B7380236B
:10CD5000BB739A23FB733B695C6807F10C010023EA
:10CD60000093002304223869A0470346FB750BE0BB
:10CD70003B695C6807F10C0100230093002301224A
:10CD80003869A0470346FB75FB7D002B03D0134891
:10CD9000FFF786FC06E0786800F032FD0346FB757D
:10CDA00000E000BF0021786800F01AFC3B69DB68F6
:10CDB000002B03D03B69DB6838699847FB7D184638
:10CDC0001C37BD4690BD00BFB016050880F60408AC
:10CDD00088F60408F8F5040878F70408B0F70408A2
:10CDE00090B58DB002AFF860B9607A60002387F823
:10CDF0002730FB682033FB61FB68002B0AD17E4B98
:10CE000000937E4B7E4A40F2FD117E48FFF710FCF6
:10CE100000BFFDE7FB6893F8343083F00103DBB219
:10CE2000002B0AD0744B0093774B754A40F2FF11E8
:10CE30007448FFF7FDFB00BFFDE7BA687B681A4442
:10CE4000FB681B699A4204D97048FFF729FC052347
:10CE5000CEE0BB68002B09D1FB681B697A689A4257
:10CE600004D1F868FFF72EFF0346C1E0FB699B6819
:10CE7000002B00F0A380FB699B68F86998479DE050
:10CE8000FB6893F84430002B15D07A68B968F868CD
:10CE900001F0F2F9B861FA68BB690A33DB001344A8
:10CEA0001B7A87F82630FA68BB690A33DB00134423
:10CEB0005B683B6206E0FB681B7F87F82630FB68F7
:10CEC0009B693B620121F86800F08AFB034687F802
:10CED000273097F82730002B75D197F826303B7410
:10CEE00007F1100301331A46B968F86800F0DCFC5A
:10CEF000FB6893F83530002B01D0052300E00423B4
:10CF0000FB75FB695C68FA7D07F110010023009353
:10CF10000023F869A047034687F8273097F82730A1
:10CF2000002B03D03A48FFF7BBFB53E0F86800F052
:10CF300067FC034687F8273097F82730002B44D149
:10CF4000BB683A6AB3FBF2F2396A01FB02F29B1A40
:10CF5000002B27D0BB683A6AB3FBF2F2396A01FBB7
:10CF600002F29B1A3A6AD31A7A689A422FD9BB689E
:10CF70003A6AB3FBF2F2396A01FB02F29A1A3B6A8F
:10CF8000D31A7A6813447B60BB683A6AB3FBF2F247
:10CF9000396A01FB02F29B1A3A6AD31ABA6813443F
:10CFA000BB600BE07A683B6A9A4212D97A683B6AA6
:10CFB000D31A7B60BA683B6A1344BB607B68002B62
:10CFC0007FF45EAF06E000BF04E000BF02E000BFF8
:10CFD00000E000BF0021F86800F002FBFB69DB689D
:10CFE000002B03D0FB69DB68F869984797F8273076
:10CFF00018462C37BD4690BDC016050880F60408BB
:10D0000088F60408F8F5040878F7040888F7040897
:10D01000E0F7040890B58BB002AFF860B9607A60B1
:10D020007B800023FB77FB6820337B61FB68002B50
:10D030000AD1694B0093694B694A40F26221694801
:10D04000FFF7F6FA00BFFDE77B88012B0ED07B8847
:10D05000B3F5807F0AD0604B0093634B604A4FF476
:10D0600019716048FFF7E4FA00BFFDE7FB6893F829
:10D07000343083F00103DBB2002B0AD0564B00930F
:10D080005A4B574A40F266215648FFF7D1FA00BF83
:10D09000FDE7BA687B681A44FB681B699A4204D9A9
:10D0A0005348FFF7FDFA052392E07B699B68002B4C
:10D0B0007AD07B699B687869984775E00121F868A8
:10D0C00000F08EFA0346FB77FB7F002B70D1494BB3
:10D0D00002221A70484AB968F86800F0E5FBFB685C
:10D0E00093F83530002B01D0052300E00423FB74B6
:10D0F0007A88BB68B3FBF2F101FB02F29B1A002BAA
:10D1000019D079887A88BB68B3FBF2F000FB02F291
:10D110009B1ACB1A7A689A420AD979887A88BB68AE
:10D12000B3FBF2F000FB02F29B1ACB1ABB610BE0DF
:10D130007B68BB6108E07B887A689A4202D97B8869
:10D14000BB6101E07B68BB617A68BB69D31A7B6015
:10D15000BA68BB691344BB60FB7C264A1344BA69B6
:10D16000396B184608F0BFFA7B695C68FA7CBB69CA
:10D170001A440023009300231E497869A047034600
:10D18000FB77FB7F002B03D01C48FFF789FA12E0E6
:10D19000F86800F035FB0346FB77FB7F002B09D1D5
:10D1A0003A6BBB6913443B637B68002B86D102E07A
:10D1B00000BF00E000BF0021F86800F011FA7B69B1
:10D1C000DB68002B03D07B69DB6878699847FB7FBD
:10D1D00018462437BD4690BDCC16050880F60408D5
:10D1E00088F60408F8F504080CF8040878F7040831
:10D1F00088F704083CB804243DB8042434F8040833
:10D2000090B58BB002AFF860B9607A603B600023E4
:10D21000FB77FB682033BB6101237B77FB68002B26
:10D220000AD1714B0093714B714A40F2B921714898
:10D23000FFF7FEF900BFFDE7FB6893F8343083F099
:10D240000103DBB2002B0AD0674B00936A4B684A9C
:10D2500040F2BA216748FFF7EBF900BFFDE7BA6873
:10D260007B681A44FB681B699A4204D96348FFF73C
:10D2700017FA0523B3E0BB699B68002B03D0BB6999
:10D280009B68B8699847BB6803F00103002B13D073
:10D29000B9684B1CBB603B685A1C3A600093012381
:10D2A0000122F868FFF7B6FE0346FB77FB7F002BF1
:10D2B0007ED17B68013B7B600121F86800F090F92A
:10D2C0000346FB77FB7F002B74D1AD233B7455E005
:10D2D0007B7F002B23D007F1100301331A46B96876
:10D2E000F86800F0E1FAFB6893F83530002B01D0C4
:10D2F000052300E00423BB77BB7F3A681278203314
:10D300003B4403F8102C3B685A1CBB7F0133127856
:10D3100020333B4403F8102C00237B7708E00123E3
:10D32000BB773B681B787B743B6801331B78BB740D
:10D33000BB695C68BB7F02331A4607F1100100230A
:10D3400000930023B869A0470346FB77FB7F002BBF
:10D3500003D02B48FFF7A4F931E0F86800F050FA49
:10D360000346FB77FB7F002B26D17B68023B7B606B
:10D37000BB680233BB603B6802333B607B68012BB8
:10D38000A6D80021F86800F02BF90346FB77FB7F55
:10D39000002B13D17B68012B10D13B680093012334
:10D3A0000122B968F868FFF735FE0346FB7706E00F
:10D3B00000BF04E000BF02E000BF00E000BFFB7F51
:10D3C000002B03D00021F86800F00AF9BB69DB6884
:10D3D000002B03D0BB69DB68B8699847FB7F184610
:10D3E0002437BD4690BD00BFE416050880F604084A
:10D3F00088F60408F8F5040878F7040888F70408A4
:10D4000034F8040880B588B002AFF860B9607A607B
:10D410003B600023FB75FB689B8A03F00103002B34
:10D420000BD03B6800934FF480737A68B968F86852
:10D43000FFF7F0FD0346FB750DE0FB689B8A03F0E8
:10D440000403002B07D03B687A68B968F868FFF7D7
:10D45000D7FE0346FB75FB7D18461837BD4680BDD9
:10D4600090B589B002AF78600023FB757B682033EC
:10D470003B617B68002B0AD1274B0093274B284A3E
:10D4800040F235312748FFF7D3F800BFFDE76623A8
:10D490003B733B695C6807F10C0100230093002398
:10D4A00001223869A0470346FB75FB7D002B17D18D
:10D4B000786800F0A5F90346FB7599237B733B69F7
:10D4C0005C6807F10C03591C002300930023012220
:10D4D0003869A0470346FB75FB7D002B0AD104E0A9
:10D4E0001148FFF7DDF8FB7D12E0786800F088F95D
:10D4F0000346FB75FB7D002B06D10C4A4FF452719D
:10D500000848FFF795F802E00748FFF7C9F8FB7DE8
:10D5100018461C37BD4690BDF016050880F6040875
:10D5200088F60408F8F5040860F8040884F804088C
:10D5300090B589B002AF78600023FB757B6820331B
:10D540003B617B68002B0AD11F4B00931F4B204A85
:10D5500040F255311F48FFF76BF800BFFDE79F23EE
:10D560003B733B695C6807F1080307F10C01032278
:10D57000009201223869A0470346FB75FB7D002B12
:10D580001AD13A7A7B681A737A7A7B685A73BA7AB4
:10D590007B689A737B681B7B19467B685B7B1A46AA
:10D5A0007B689B7B019300920B460B4A40F25D31F6
:10D5B0000848FFF73DF802E00848FFF771F8FB7DE7
:10D5C00018461C37BD4690BDF816050880F60408BD
:10D5D00088F60408F8F50408A0F8040800F904081F
:10D5E00090B587B002AF78600B46FB700023FB73E9
:10D5F0007B68002B0AD1284B0093284B284A40F225
:10D6000072312848FFF714F800BFFDE7FB78002BC4
:10D6100002D00623BB7301E00423BB737B685C6A02
:10D620007B6803F1200007F10E0100230093002323
:10D630000122A0470346FB73FB7B002B07D107F1B8
:10D640000D031946786800F09DF80346FB73FB7BD9
:10D65000002B1CD1FB78002B09D07B7B03F002034D
:10D66000002B04D11048FFF71BF8022310E0FB78D1
:10D6700083F00103DBB2002B09D07B7B03F00203B4
:10D68000002B04D00948FFF70BF8022300E0FB7BD6
:10D6900018461437BD4690BD0817050880F60408E3
:10D6A00088F60408F8F504082CF9040850F9040871
:10D6B00090B587B002AF78600B46FB700023FB7318
:10D6C0007B68002B0AD1274B0093274B274A40F257
:10D6D0009B312748FEF7ACFF00BFFDE701217868CA
:10D6E000FFF77EFF0346FB73FB7B002B01D0FB7B28
:10D6F00034E0FB78002B02D0B723BB7301E0E923B1
:10D70000BB737B685C6A7B6803F1200007F10E0144
:10D710000023009300230122A0470346FB73FB7BF9
:10D72000002B10D17B68FA7883F83520FB78002B2A
:10D7300001D0104B00E0104B104A40F2AD310C48C4
:10D74000FEF776FF09E0FB78002B01D0094B00E0E3
:10D75000094B19460A48FEF7A3FFFB7B184614370E
:10D76000BD4690BD1C17050880F6040888F604081D
:10D77000F8F5040874F904087CF9040884F904082D
:10D78000A8F9040890B587B002AF78603960052326
:10D79000FB737B68002B0AD1144B0093144B154A82
:10D7A0004FF470711448FEF743FF00BFFDE73B687C
:10D7B000002B0AD10D4B0093104B0E4A40F2C131A1
:10D7C0000D48FEF735FF00BFFDE77B685C6A7B68AC
:10D7D00003F1200007F10F01012300933B680122B0
:10D7E000A047034618461437BD4690BD34170508B8
:10D7F00080F6040888F60408F8F50408D4F904084B
:10D8000080B588B002AF78600023FB757B68DB6B66
:10D810003B617B68002B0AD11E4B00931E4B1F4AB5
:10D8200040F2CB311E48FEF703FF00BFFDE707F1D2
:10D830000B0319467868FFF7A5FF0346FB75FB7DD0
:10D84000002B04D1FB7A03F00103002B11D07B687D
:10D850009B6BFB603B69002B02D10423FB7509E045
:10D86000FB68002B01D0FB6898473B69013B3B619B
:10D87000DDE700BFFB7D002B04D1FB7A03F0010341
:10D88000002B02D00748FEF70BFFFB7D1846183728
:10D89000BD4680BD4817050880F6040888F60408D0
:10D8A000F8F50408DCF9040880B588B002AFF86028
:10D8B000B9607A60FB68002B0AD11F4B00931F4BA5
:10D8C0001F4A4FF478711F48FEF7B2FE00BFFDE714
:10D8D0007B68002B0AD1184B00931B4B184A40F26F
:10D8E000E1311848FEF7A4FE00BFFDE7FB6893F89E
:10D8F0003530002B01D0042300E00323BB75002347
:10D90000FB750FE0BA7DFB7D0133D31ADB00BA68EB
:10D9100022FA03F1FB7D7A681344CAB21A70FB7DC8
:10D920000133FB75FA7DBB7D9A42EBD300BF00BF8C
:10D930001837BD4680BD00BF5417050880F604089F
:10D9400088F60408F8F5040804FA040890B589B0CC
:10D9500002AF78600B46FB701346BB700023FB756B
:10D960007B6820333B617B68002B0AD1204B0093FE
:10D97000204B214A4FF47E712048FEF759FE00BF2C
:10D98000FDE7FB78002B0ED050233B733B695C68AE
:10D9900007F10C0100230093002301223869A047FE
:10D9A0000346FB7505E001217868FFF719FE034681
:10D9B000FB75FB7D002B0FD101233B73BB787B7381
:10D9C0003B695C6807F10C010023009300230222ED
:10D9D0003869A0470346FB75FB7D002B02D0084841
:10D9E000FEF75EFEFB7D18461C37BD4690BD00BFAE
:10D9F0006C17050880F6040888F60408F8F5040892
:10DA00000CFA040880B586B002AF78607B68002B02
:10DA100009D1164B0093164B164A51211648FEF7B2
:10DA200007FE00BFFDE7786800F02AF80346002BE8
:10DA300010D007F108031946786800F099F80346FA
:10DA4000002B07D007F108031946786800F026F983
:10DA5000034606E07B681B6819460848FEF720FE6F
:10DA6000002318461037BD4680BD00BF801705084B
:10DA700034FA04083CFA04085CFA0408A4FA04081E
:10DA800080B588B002AF78607B6844337B61002347
:10DA90003B6107F1080300221A605A607B68002B83
:10DAA00009D12B4B00932B4B2B4A6D212B48FEF7B2
:10DAB000BFFD00BFFDE77B6900221A7007F1080275
:10DAC00008233969786800F067FB0346002B04D00F
:10DAD0002348FEF7E5FD002336E03B7A532B08D1BF
:10DAE0007B7A462B05D1BB7A442B02D1FB7A502B93
:10DAF00006D01C4A7A211948FEF79AFD002323E03C
:10DB00003A7B7B699A707A7B7B695A707B695B7818
:10DB1000012B0AD97B695B7819467B699B781A4689
:10DB20001148FEF7BDFD00230EE07B695B781946C6
:10DB30007B699B78BA7B019200930B460B4A832149
:10DB40000648FEF775FD012318461837BD4680BD0F
:10DB50009017050834FA04083CFA04085CFA040833
:10DB600000FB040820FB04086CFB0408A4FB040869
:10DB700090B58BB004AF7860396008237B6107F102
:10DB80000C0300221A605A607B68002B09D13A4BC3
:10DB900000933A4B3A4A96213A48FEF749FD00BFB6
:10DBA000FDE73B68002B09D1334B0093364B344AD9
:10DBB00097213448FEF73CFD00BFFDE707F10C025A
:10DBC00008237969786800F0E7FA0346002B04D04F
:10DBD0002E48FEF765FD00234AE03A7B3B681A7049
:10DBE0007A7B3B685A70BA7B3B689A70FA7B3B68D9
:10DBF000DA703B7C1A467B7C1B021A43BB7C1B04FD
:10DC000013431A463B685A603B689B78012B0AD93C
:10DC10003B689B7819463B685B781A461C48FEF7C0
:10DC20003FFD002324E03B68DB78082B07D83B68E6
:10DC3000DB7819461748FEF733FD002318E03B68F0
:10DC40001B781C463B689B781A463B685B781946F4
:10DC50003B68DB7818463B685B6803930290019150
:10DC6000009223460C4AAD210648FEF7E1FC012351
:10DC700018461C37BD4690BDA417050834FA0408A1
:10DC80003CFA04085CFA0408E4FB0408F4FB04080A
:10DC90002CFC040880FC0408C8FC040890B597B06C
:10DCA00004AF786039607B6844333B643B685B68F1
:10DCB000FB6307F10C0324220021184606F069FDDE
:10DCC0007B68002B09D1A54B0093A54BA54AC22127
:10DCD000A548FEF7ADFC00BFFDE73B68002B09D16E
:10DCE0009E4B0093A14B9F4AC3219F48FEF7A0FC87
:10DCF00000BFFDE707F10C022423F96B786800F000
:10DD00004BFA0346002B04D09948FEF7C9FC0023C8
:10DD100037E2984ACB219448FEF78AFC964ACC21F8
:10DD20009148FEF785FC002387F8473033E097F8E9
:10DD300047305A1C97F847309B00033348333B4425
:10DD400013F83C3C194697F847309B0002334833A0
:10DD50003B4413F83C3C184697F847309B0001338E
:10DD600048333B4413F83C3C1C4697F847309B0033
:10DD700048333B4413F83C3C0393029401900091D8
:10DD800013467E4ACE217848FEF752FC97F847307A
:10DD9000013387F8473097F84730082BC7D97A7B8B
:10DDA0003B6CDA713B7B03F00303012B02D0032BA6
:10DDB0000BD013E03B6C01229A713B6CDB79704A0B
:10DDC000D7216948FEF734FC0DE03B6C00229A71C4
:10DDD0006C4ADB216448FEF72BFC04E06A48FEF73E
:10DDE0005FFC0023CDE13B7B9B1003F00103002B84
:10DDF00002D0012B09D012E03B6C01229A80634AC9
:10DE0000E6215948FEF714FC09E03B6C4FF48072A0
:10DE10009A805F4AEA215448FEF70AFC00BF3B7B28
:10DE2000DB1003F00103002B02D0012B09D02DE001
:10DE30003B6C01221A72574AF5214B48FEF7F8FB5A
:10DE400024E03B6C00221A72534AFA214648FEF73E
:10DE5000EFFB3B7B1B1103F00103002B02D0012BD6
:10DE600009D012E03B6C50225A724C4AFF213E48C6
:10DE7000FEF7DEFB09E03B6C06225A72484A4FF47B
:10DE800082713948FEF7D4FB00BF00BFBB7B5B103B
:10DE900003F00303022B20D0022B2BDC002B02D03B
:10DEA000012B0DD026E03B6C01229A723B6C0022C4
:10DEB000DA723C4A40F20F112B48FEF7B9FB24E01E
:10DEC0003B6C01229A723B6C0122DA72364A4FF4A3
:10DED0008A712548FEF7ACFB17E03B6C00229A7272
:10DEE0003B6C0122DA72314A40F219111E48FEF7EA
:10DEF0009FFB0AE03B6C00229A723B6C0022DA72B4
:10DF00002B48FEF7CDFB00233BE1FB7C1A06BB7CD4
:10DF10001B041A437B7C1B0213433A7C1343BB63F1
:10DF2000FB7CDB09DBB2002B02D0012B06D04CE0DE
:10DF3000BB6BDB085A1C3B6CDA6046E0BB6B23F022
:10DF40000043BB63BB6B232B36D93B6C0022DA60EA
:10DF50001848FEF7A5FB002313E100BFB81705081A
:10DF600034FA04083CFA04085CFA0408E4FB0408E8
:10DF700054FD04088CFD0408B4FD0408D0FD040819
:10DF8000F4FD040838FE04086CFE0408A4FE04082E
:10DF9000C4FE0408F0FE040820FF040864FF04081F
:10DFA000DCFF0408540005086C000508880005081B
:10DFB000A0000508C4000508BB6B033B012202FA60
:10DFC00003F31A463B6CDA6000BF3B6CDB686F4AB8
:10DFD00040F231116E48FEF72BFB002387F84730E3
:10DFE000002387F846304CE097F847300E335B004B
:10DFF00048333B4413F83C3C002B3DD097F8473066
:10E000000E335B0048333B4413F83C3C1A46012373
:10E01000934097F8462019463B6C023243F8321081
:10E0200097F847300E335B005A1C97F84630483259
:10E030003A4412F83C1C3A6C0233DB0013440A46A3
:10E040001A7197F846203B6C023253F83230990A25
:10E0500097F846303A6C0233DB0013441B79009387
:10E060000B464C4A40F237114948FEF7E1FA97F85F
:10E070004630013387F8463097F84730013387F848
:10E08000473097F84730032BAED9002387F8473045
:10E09000002387F846306CE097F847203B6C02324B
:10E0A00053F83230002B5FD097F84730013387F8B0
:10E0B000463055E097F846203B6C023253F8323038
:10E0C000002B48D097F847203B6C023253F832209F
:10E0D00097F846103B6C023153F831309A423AD9E6
:10E0E00097F847203B6C023253F832307B6397F845
:10E0F00047303A6C0233DB0013441B7987F8333026
:10E1000097F8461097F847203B6C023153F83110CE
:10E110003B6C023243F8321097F8463097F84710BC
:10E120003A6C0233DB00134418793A6C8B1CDB0029
:10E13000134402461A7197F846203B6C0232796B01
:10E1400043F8321097F846303A6C0233DB00134440
:10E1500097F833201A7197F84630013387F8463024
:10E1600097F84630032BA5D997F84730013387F845
:10E17000473097F84730032B8ED93B6C01221A7039
:10E18000012318464C37BD4690BD00BF0C01050861
:10E190005CFA04082401050890B589B002AFF86064
:10E1A000B9607A603B605A233B74BB681B0CDBB2DE
:10E1B0007B74BB681B0ADBB2BB74BB68DBB2FB744D
:10E1C000FF233B75FB68002B0AD1244B0093244BA3
:10E1D000244A4FF4AD712448FEF72AFA00BFFDE748
:10E1E000BB68B3F1807F0AD31C4B00931F4B1D4AC1
:10E1F00040F25B111C48FEF71BFA00BFFDE77B688D
:10E20000002B0AD1154B0093194B164A4FF4AE71EF
:10E210001548FEF70DFA00BFFDE7FB685B6A002BAF
:10E220000AD10E4B0093134B0E4A40F25D110E487B
:10E23000FEF7FEF900BFFDE7FB685C6AFB6803F1CF
:10E24000200007F110013B6800937B680522A0477E
:10E25000034618461C37BD4690BD00BFCC170508C5
:10E2600034FA04083CFA04085CFA04086001050862
:10E27000700105087C01050880B588B002AFF86020
:10E28000B9607A6000237B61FB6893F8443083F0C7
:10E290000103DBB2002B0AD0234B0093234B244A0B
:10E2A0004FF4B7712348FEF7C3F900BFFDE7FB68E1
:10E2B0005A6DBB68B3FBF2F101FB02F29B1A002B13
:10E2C00001D000232CE003233B61FA683B690A3349
:10E2D000DB0013445B68002B19D0FA683B690A33F2
:10E2E000DB0013445B687A689A4210D3FA683B6992
:10E2F0000A33DB0013445A68BB68B3FBF2F101FB3D
:10E3000002F29B1A002B02D13B697B6107E03B695B
:10E31000002B03D03B69013B3B61D6E700BF7B6923
:10E3200018461837BD4680BDDC1705088C01050866
:10E330003CFA04085CFA040890B585B000AFF860B8
:10E340007B600B46FB721346BB72FB7A143B0C2BB3
:10E350004FD801A252F823F0F7E30308F3E30308D0
:10E36000F3E303088DE30308ABE30308CFE30308FB
:10E37000F3E30308F3E30308F3E30308F3E3030819
:10E38000F3E30308F3E303089DE30308BB7A9AB2BF
:10E39000C82379681B48CFF7C9FF2DE0BB7A1A461E
:10E3A00002211948C8F7D6FE26E0FB681B681B78D7
:10E3B0001A464921F86802F0B2FAFB685C69FB680A
:10E3C0001B689A7800232C21F868A04714E0FB68AA
:10E3D0005C69FB681B68DA7800232C21F868A04789
:10E3E000FB681B685B781A464921F86802F097FAC7
:10E3F00002E0002301E000BF012318461437BD46A8
:10E4000090BD00BFF48704240004025880B584B096
:10E4100000AFF8607B600B46FB721346BB72FB7A61
:10E42000283B232B66D801A252F823F0F5E4030819
:10E43000BDE40308F5E40308F5E40308F5E4030884
:10E44000F5E40308F5E40308F5E40308F5E403083C
:10E45000F5E40308F5E40308F5E40308F5E403082C
:10E46000F5E40308F5E40308F5E40308F5E403081C
:10E47000F5E40308F5E40308F5E40308F5E403080C
:10E48000F5E40308F5E40308F5E40308F5E40308FC
:10E49000F5E40308F5E40308F5E40308F5E40308EC
:10E4A000F5E40308F5E40308F5E40308F5E40308DC
:10E4B000C7E40308D7E40308E5E40308BB7A184679
:10E4C000D4F70EFB16E0BB7A1A464FF480510C4885
:10E4D000C8F740FE0EE0BB7A1A4602210948C8F789
:10E4E00039FE07E0BB7A1A464FF400610448C8F7CA
:10E4F00031FE00BF012318461037BD4680BD00BF66
:10E50000001402580004025880B582B000AF786051
:10E5100000224FF400611248C8F71CFE4FF47A70D5
:10E52000D4F7DEFA01224FF400610D48C8F712FE5D
:10E53000C820D4F7D5FA0B4B0B4A0C49786800F089
:10E5400013FC786802F0BCF90021786802F0C7F982
:10E55000786800F0E4F900BF0837BD4680BD00BF11
:10E56000001402580DE4030839E30308FC4D0508C4
:10E5700008B480B5A5B000AF78600B467B80134629
:10E580003B8007F10C0380220021184606F001F9B8
:10E590007B68002B03D0D7F89C30002B02D14FF0C2
:10E5A000FF3319E007F1A003BB6007F10C00BB6863
:10E5B000D7F89C20802106F023F8C7F88C00D7F804
:10E5C0008C30002B06DD07F10C033A8879887868D7
:10E5D00001F014F9D7F88C3018469437BD46BDE8E1
:10E5E000804001B07047000080B48FB000AF87ED6D
:10E5F000030A03467960FB7213463B817B68002B5C
:10E6000000F0F2803B89072B40F2EE80002387F870
:10E610003730D7ED037AF5EEC07AF1EE10FA08D56F
:10E62000012387F83730D7ED037AF1EE677AC7ED2B
:10E63000037AD7ED037AFDEEE77A17EE903A3B6363
:10E640003B6B07EE903AF8EEE77A97ED037A77EEB8
:10E65000677AC7ED0B7A07F1140300221A605A603B
:10E660009A60DA60002387F82B303B6B002B2AD1AD
:10E6700097F82B305A1C87F82B2038333B44302234
:10E6800003F8242C26E03A6B5A4B83FB02139910B3
:10E69000D317C91A0B469B000B445B00D11ACAB2B0
:10E6A00097F82B30591C87F82B103032D2B2383300
:10E6B0003B4403F8242C3B6B4E4A82FB031292101E
:10E6C000DB17D31A3B633B6B002B03DD97F82B3032
:10E6D0000E2BD8D900233B8597F83730002B07D075
:10E6E0003B8D5A1C3A851A467B6813442D221A70BA
:10E6F00097F82B30013BDBB287F8273013E097F90E
:10E7000027203B8D591C398519467B680B443832CC
:10E710003A4412F8242C1A7097F92730DBB2013BE7
:10E72000DBB287F8273097F92730002B04DB3A8DCE
:10E730003B89013B9A42E2DBFB7A002B47D03A8DC2
:10E740003B89013B9A4242DA3B8D5A1C3A851A4674
:10E750007B6813442E221A70002387F826302CE0A1
:10E76000D7ED0B7AB2EE047A67EE877AC7ED0B7AB3
:10E77000D7ED0B7AFCEEE77AC7ED007A3B7887F8A5
:10E7800025303B8D5A1C3A851A467B68134497F80E
:10E7900025203032D2B21A7097F8253007EE903A21
:10E7A000F8EEE77A97ED0B7A77EE677AC7ED0B7A9A
:10E7B00097F82630013387F8263097F82620FB7A21
:10E7C0009A4204D23A8D3B89013B9A42C8DB3A8D8A
:10E7D0003B899A4201D23B8D01E03B89013B7A683B
:10E7E000134400221A7000E000BF3C37BD465DF8BC
:10E7F000047B70476766666680B586B002AFF860D6
:10E80000084611461A4603467B810B463B81134658
:10E81000FB807A89FB88134498B23A893B8B134476
:10E820009BB23A89798900930346F86801F077FA38
:10E830000346002B12D00DE0FB883A89798900202D
:10E840000090F86801F07DF93B8901333B813B8BF7
:10E85000013B3B833B8B002BEED100E000BF103728
:10E86000BD4680BD80B588B002AFF860084611464D
:10E870001A4603467B810B463B811346FB807B890E
:10E88000FB827A89FB88134498B23A893B8C134403
:10E890009BB23A89798900930346F86801F03FFA00
:10E8A0000346002B37D0FB883A89798900200090F5
:10E8B000F86801F046F93B8C012B2DD93B8C023BCB
:10E8C0003B843B8901333B813B8C002B1AD03B8C32
:10E8D0003A89798901200090F86801F032F97A8943
:10E8E000FB8813447B817B89013B7B813B8C3A898C
:10E8F000798901200090F86801F023F93A893B8C6E
:10E9000013443B81FB883A89F98A00200090F8681B
:10E9100001F017F900E000BF1837BD4680BD80B593
:10E9200084B000AF78607B681B681B7CFB607B68F1
:10E9300093F838301A46FB6802FB03F3FB60FB6870
:10E94000DB00FB607B685B6BFA680021184605F012
:10E9500020FF00BF1037BD4680BD80B586B002AF36
:10E9600078600B46FB701346BB707B681B681B7C92
:10E97000FB73FB78BB817B685B6BBB60FB7B9BB2F3
:10E98000BA8912FB03F3BB81BB89DB00BB81BB8966
:10E99000BA681344BB60F97BBA78BB6800930B4636
:10E9A0000021786801F05BFF00BF1037BD4680BDD5
:10E9B00080B584B000AF78600023FB737B6893F868
:10E9C00038307B737B6893F83930BB737B681B6886
:10E9D0005B7C3B73BA7BFB7B19467868FFF7BDFF16
:10E9E000FB7B0133FB73BB7B0133BB73FA7B7B7B0C
:10E9F0009A4203D2BA7B3B7B9A42EBD300BF1037DB
:10EA0000BD4680BD80B582B000AF78607868FFF702
:10EA1000CFFF786801F074FF00BF0837BD4680BDA6
:10EA200080B582B000AF78600B46FB707B68FA78E7
:10EA300083F839207B681B6B1B68786898477B6874
:10EA40001B6B5B687868984700BF0837BD4680BD80
:10EA500080B582B000AF78607B6893F89330002B6C
:10EA600002D07868FFF75BFF00217868FFF7D8FFD6
:10EA700000BF0837BD4680BD80B584B000AF786068
:10EA80007868FFF795FF7B6893F83930FB737B68F4
:10EA900093F83820FB7B1344FB737B681B685B7C1B
:10EAA000FA7B9A4204D3786801F02AFF00230DE034
:10EAB0007B6893F89330002B02D07868FFF72FFF24
:10EAC000FB7B19467868FFF7ABFF01231846103728
:10EAD000BD4680BD80B584B000AFF86008461146E1
:10EAE0001A4603467B810B463B811346FB803B7FE6
:10EAF00003F00103002B1BD0FA887B89134499B2E1
:10EB00003A8B3B89D31A9AB23B8901339BB2F8689E
:10EB100001F0A2F8FA883B89134499B23A8B7B89B9
:10EB2000D31A9AB27B8901339BB2F86801F094F84A
:10EB30003B7F03F00203002B1BD0FA887B89D31A9A
:10EB400099B23A8B3B89D31A9AB23B8901339BB273
:10EB5000F86801F081F8FA883B89D31A99B23A8BA8
:10EB60007B89D31A9AB27B8901339BB2F86801F092
:10EB700073F83B7F03F00803002B15D0FA887B89DC
:10EB8000134499B23B8901339BB23A8BF86801F088
:10EB900063F8FA883B89134499B27B8901339BB2AD
:10EBA0003A8BF86801F058F83B7F03F00403002B20
:10EBB00015D0FA887B89D31A99B23B8901339BB26D
:10EBC0003A8BF86801F048F8FA883B89D31A99B271
:10EBD0007B8901339BB23A8BF86801F03DF800BFA6
:10EBE0001037BD4680BD80B58AB002AFF8600846D8
:10EBF00011461A4603467B810B463B811346FB8038
:10EC00000123FB83FA8BFB88D31A9BB2FB8301237E
:10EC1000BB8300237B837A8BFB88D31A9BB27B83D5
:10EC20007B8B5B009BB27B8300233B83FB88FB8257
:10EC30007889FA8A398B97F8283001933B890093B9
:10EC40000346F868FFF746FF27E0B7F91E30002BB0
:10EC50000BDBFB8A013BFB827B8B02339BB27B830A
:10EC6000FA8B7B8B13449BB2FB833B8B01333B833F
:10EC7000BB8B02339BB2BB83FA8BBB8B13449BB21F
:10EC8000FB837889FA8A398B97F8283001933B897E
:10EC900000930346F868FFF71DFF3A8BFB8A9A4200
:10ECA000D3D300BF00BF2037BD4680BD90B587B02D
:10ECB00002AFF860084611461A4603467B810B46B0
:10ECC0003B811346FB807A89FB88D31A99B23A8933
:10ECD000FB88D31A98B27A89FB8813449BB201331C
:10ECE0009CB23A89FB8813449BB201339BB20093D8
:10ECF00023460246F86801F012F80346002B0AD0BA
:10ED0000F8883A89798997F8203000930346F868A3
:10ED1000FFF769FF00E000BF1437BD4690BD80B526
:10ED200082B000AF78607868FFF792FE7868FFF7EE
:10ED3000A3FE0346002BF9D100217868FFF770FE8F
:10ED400000BF0837BD4680BD80B483B000AF786097
:10ED50007B6810221A70034B18460C37BD465DF8CD
:10ED6000047B704744B9042480B588B002AFF860D2
:10ED7000B9607A603B603B6800937B680B4A0C4942
:10ED8000F86801F01DFE07F113031846FFF7DCFFDA
:10ED90007861FA7CBB680093064B7969F86801F0EA
:10EDA000A8F800BF1837BD4680BD00BF890304081E
:10EDB0002107040875FD030880B483B000AF7860B4
:10EDC0000B46FB70FB787A6813447B607B681B788A
:10EDD00018460C37BD465DF8047B704780B485B09B
:10EDE00000AF78600B46FB70FB787A6813447B6059
:10EDF0007B681B78FB817B6801337B60FB891B028E
:10EE0000FB817B681B781A46FB891344FB81FB89D5
:10EE100018461437BD465DF8047B704780B582B054
:10EE200000AF7860396000213868FFF7C5FF0346FE
:10EE30001A467B681A7001213868FFF7BDFF034648
:10EE40001A467B685A7002213868FFF7B5FF0346FF
:10EE50001A467B689A7003213868FFF7ADFF0346B6
:10EE60001A467B68DA7004213868FFF7A5FF03466D
:10EE70001A467B681A7105213868FFF79DFF034623
:10EE80001A467B685A7106213868FFF795FF0346DA
:10EE90001A467B689A7107213868FFF78DFF034691
:10EEA0001A467B68DA7108213868FFF785FF034648
:10EEB0001A467B681A7209213868FFF77DFF0346FE
:10EEC0005AB27B685A720A213868FFF775FF034609
:10EED0005AB27B689A720B213868FFF76DFF0346C0
:10EEE0005AB27B68DA720C213868FFF765FF034677
:10EEF0005AB27B681A730D213868FFF75DFF03462D
:10EF00005AB27B685A730E213868FFF755FF0346E3
:10EF10005AB27B689A730F213868FFF74DFF03469A
:10EF20005AB27B68DA7310213868FFF745FF034651
:10EF30005AB27B681A7411213868FFF74FFF0346F5
:10EF40001A467B685A8213213868FFF747FF034649
:10EF50001A467B689A8215213868FFF73FFF0346FF
:10EF60001A467B68DA8200BF0837BD4680BD80B490
:10EF700085B000AF78600B46FB707B681B7B7B73B2
:10EF80007B681B681B78FB73FA7B7B7B42FA03F37D
:10EF9000FB737B7BBB73BA7BFB781344BB73BB7B7C
:10EFA000072B1AD908233B733A7B7B7BD31A3B731D
:10EFB0007B681B685A1C7B681A607B681B681B781F
:10EFC0001A463B7B02FA03F35AB297F90F30134308
:10EFD0005BB2FB73BB7B083BBB73FB784FF0FF322C
:10EFE00002FA03F3DBB2DB43DAB2FB7B1340FB73C1
:10EFF0007B68BA7B1A73FB7B18461437BD465DF8F5
:10F00000047B704780B584B000AF78600B46FB701E
:10F01000FB7819467868FFF7AAFF0346FB730123C4
:10F02000BB73FB78013BFB7097F90E20FB7802FA6B
:10F0300003F3BB73FA7BBB7BD31ADBB2FB7397F989
:10F040000F3018461037BD4680BD90B482B000AF77
:10F050000446084611461A462346FB8003467B7148
:10F060000B463B711346FB70FB78022B14D0022B2E
:10F0700019DC002B02D0012B07D014E097F90430E3
:10F080009AB2FB881344FB8014E097F905309AB2DA
:10F09000FB881344FB800DE097F904309BB2FA889B
:10F0A000D31AFB8006E097F905309BB2FA88D31A91
:10F0B000FB8000BFFB8818460837BD4690BC7047F0
:10F0C00090B482B000AF0446084611461A46234663
:10F0D000FB8003467B710B463B711346FB70FB784C
:10F0E000022B14D0022B19DC002B02D0012B07D0ED
:10F0F00014E097F905309AB2FB881344FB8014E0C2
:10F1000097F904309BB2FA88D31AFB800DE097F987
:10F1100005309BB2FA88D31AFB8006E097F90430D9
:10F120009AB2FB881344FB8000BFFB88184608375F
:10F13000BD4690BC704780B588B002AF78600B4682
:10F14000FB701346BB707B6860333B61FB78FB75DB
:10F150003B6993F908307B753B6993F909303B753E
:10F160003B6993F90A30FB73FA7B7B7DD31AFB73FF
:10F17000FB7BBB75FA7DFB7B9A4201D2FB7DBB75A5
:10F180003B699B88BB813B69DB887B8197F91510C4
:10F1900097F914203B691B7CB889FFF791FF034660
:10F1A000BB8197F9151097F914203B691B7C78896E
:10F1B000FFF74BFF03467B81BB78002B10D03B69E8
:10F1C0009A7B7B6883F89220BB7D98B23B691B7C5D
:10F1D0007A89B98900930346786800F0B2FC13E09D
:10F1E0003B695B7B002B0FD13B69DA7B7B6883F843
:10F1F0009220BB7D98B23B691B7C7A89B9890093C8
:10F200000346786800F09DFCFA7DFB7B9A4209D3A7
:10F21000FA7DFB7BD31AFB7500237B753B7D0133A5
:10F220003B759DE700BF7A7DFB7D13447B7597F9A5
:10F2300015203B691A7297F914203B695A7200BF76
:10F240001837BD4680BD80B584B000AF78603960A6
:10F250007B686033FB60FB683A681A60FB680022D9
:10F260001A737B6893F878301946F868FFF77FFEC9
:10F2700003465AB2FB689A727B6893F87930194654
:10F28000F868FFF774FE03465AB2FB68DA727B68CF
:10F2900093F89220FB689A73FB689B7B002B0CBF52
:10F2A00001230023DBB21A46FB68DA7300BF103774
:10F2B000BD4680BD80B58AB002AF786039607B689A
:10F2C00060337B6139687868FFF7BDFF7B6893F82E
:10F2D0006B30FB747B6893F87A3019467869FFF7D6
:10F2E00091FE0346BB747B6893F87B3019467869BE
:10F2F000FFF788FE03467B747B6893F87C301946E1
:10F300007869FFF77FFE03463B747B6993F90A3007
:10F31000002B40F3D7807B699888FA7C7B7C134470
:10F32000DBB25B42DBB25AB27B691B7C97F91210ED
:10F33000FFF7C6FE03461A467B699A807B69D88828
:10F34000FA7C7B7C1344DBB25B42DBB25AB27B6952
:10F350001B7C97F91210FFF778FE03461A467B696B
:10F36000DA807B699B88FB837B69DB887B83FB8BF3
:10F37000BB837B8B3B837B691B7C032B5AD801A20D
:10F3800052F823F095F30308B1F30308D9F3030807
:10F390000DF403087B6993F90A309AB2BB8B1344CE
:10F3A000BB8397F913309AB23B8B13443B8341E004
:10F3B00097F913309BB2FA8BD31AFB83FB8B013383
:10F3C000FB83BB8B0133BB837B6993F90A309AB211
:10F3D0003B8B13443B832DE07B6993F90A309BB24E
:10F3E000FA8BD31AFB83FB8B0133FB83BB8B01337B
:10F3F000BB8397F913309BB27A8BD31A7B837B8BB9
:10F4000001337B833B8B01333B8313E097F913304C
:10F410009AB2BB8B1344BB837B6993F90A309BB2CE
:10F420007A8BD31A7B837B8B01337B833B8B0133BA
:10F430003B8300BFB88B7A8BF98B3B8B00930346E1
:10F44000786800F06CFC0346002B02D197F910306D
:10F450003AE07B6900221A727B6900225A727B684B
:10F4600093F8763019467869FFF781FD0346FB7300
:10F470007B6893F8773019467869FFF778FD034683
:10F48000BB73FB7B002219467868FFF754FEBB7BF9
:10F49000012219467868FFF74EFE01217869FFF7CF
:10F4A00066FD0346002BECD17B6993F9093097F98F
:10F4B00013209A4200DDD2E700BF7B699A7B7B680C
:10F4C00083F8922097F9103018462037BD4680BD4A
:10F4D00080B586B000AF78600B467B807B689B6D03
:10F4E0007B617B6917337B617B88FF2B2AD87B8804
:10F4F000602B07D97B68B3F888301A467B691344C0
:10F500007B6109E07B88402B06D97B68B3F88630A5
:10F510001A467B6913447B617B6901331B78002B9E
:10F520004ED07B691B781A467B88934202D17B6957
:10F53000023349E07B6901331B781A467B69134427
:10F540007B61E9E77B68B3F88A301A467B6913442C
:10F550007B617B693B6100213869FFF73FFC034613
:10F560001A467B6913447B6102213869FFF736FC38
:10F570000346FB813B6904333B61FA897B889A42ED
:10F58000E9D37B691B78FB81FB891B02FB817B69CB
:10F5900001331B781A46FB891343FB81FB89002B3F
:10F5A00010D0FA897B889A4202D17B6903330BE041
:10F5B0007B6902331B781A467B6913447B61E0E761
:10F5C00000BF00E000BF002318461837BD4680BDCD
:10F5D00080B586B000AFF860084611461A4603466B
:10F5E0007B810B463B811346FB800023FB82FB683B
:10F5F0007A89A3F86420FB683A89A3F86620FB881F
:10F600001946F868FFF764FF38613B69002B05D0A5
:10F610003969F868FFF74EFE0346FB82FB8A1846FD
:10F620001837BD4680BD80B584B000AF78600B460A
:10F630007B807B8819467868FFF74AFFF860FB6893
:10F64000002B01D1002327E0F9687868FFF7FBFD64
:10F650007B6803F160027B6893F87A3019461046A4
:10F66000FFF7D0FC03461A467B6883F890207B683E
:10F6700003F160027B6893F87B3019461046FFF770
:10F68000C1FC7B6803F160027B6893F87C3019460B
:10F690001046FFF7B7FC034618461037BD4680BD3D
:10F6A00080B584B000AFF860084611461A4603469C
:10F6B0007B810B463B811346FB80FB6893F87030DF
:10F6C000032B33D801A252F823F000BFDDF6030864
:10F6D000F1F6030805F7030819F70308FB68DB6D6B
:10F6E000F868984703461A463B8913443B811DE05E
:10F6F000FB68DB6DF868984703461A467B899B1ABE
:10F700007B8113E0FB68DB6DF868984703461A4677
:10F710003B899B1A3B8109E0FB68DB6DF8689847E1
:10F7200003461A467B8913447B8100BFFB883A89D4
:10F730007989F868FFF74CFF034618461037BD4635
:10F7400080BD00BF80B586B000AFF8607B600B461F
:10F750007B8113463B81F86800F011FD0023FB829A
:10F76000FB685B687A6812781146F8689847034628
:10F77000BB82BB8A4FF6FF72934238D07B6801335D
:10F780007B60BB8A4FF6FE729342E9D0BB8A3A890E
:10F790007989F868FFF784FF03467B82FB6893F85A
:10F7A0007030032B1ED801A252F823F0BDF70308D6
:10F7B000C7F70308D1F70308DBF703087A897B8AC8
:10F7C00013447B810EE03A897B8A13443B8109E034
:10F7D0007A897B8AD31A7B8104E03A897B8AD31A9F
:10F7E0003B8100BFFA8A7B8A1344FB82B8E700BFE3
:10F7F000FB8A18461837BD4680BD00BF80B584B06F
:10F8000000AFF8607B600B467B8113463B81FB6851
:10F81000064A5A603A8979897B68F868FFF792FF4F
:10F82000034618461037BD4680BD00BF9B01040843
:10F8300080B483B000AF78607B689B6D002B5DD097
:10F840007B6893F981207B6883F88E207B6893F92D
:10F8500082207B6883F88F207B6893F88D30002BA3
:10F860004DD07B6893F88D30012B1CD17B6893F9C8
:10F870008E207B6893F983309A4205DA7B6893F98E
:10F8800083207B6883F88E207B6893F98F207B68C8
:10F8900093F984309A4232DD7B6893F984207B6847
:10F8A00083F88F202BE07B6893F98E301A467B68B3
:10F8B00093F97E3019467B6893F980300B449A4265
:10F8C0000DDA7B6893F97E30DAB27B6893F9803089
:10F8D000DBB21344DBB25AB27B6883F88E207B68BC
:10F8E00093F98F207B6893F980309A4207DD7B681B
:10F8F00093F980207B6883F88F2000E000BF0C37ED
:10F90000BD465DF8047B704780B483B000AF78607B
:10F91000002318460C37BD465DF8047B7047000095
:10F9200080B483B000AF78607B68044ADA6500BFBA
:10F930000C37BD465DF8047B704700BF09F903082A
:10F9400080B582B000AF786039607B689B6D3A68A3
:10F950009A420BD07B683A689A657B687433396841
:10F960001846FFF75BFA7868FFF762FF00BF0837B9
:10F97000BD4680BD80B584B000AF78603960C023DB
:10F98000FB727B68002283F86A20786800F0F7FB3E
:10F990000023FB810023BB817B685B683A68127897
:10F9A00011467868984703463B813B894FF6FF72C2
:10F9B00093421CD03B6801333B603B894FF6FE729B
:10F9C0009342E9D03B8919467868FFF72CFE03463D
:10F9D000BB8197F90B3013F1400F03D17B6893F88B
:10F9E0009030FB72FA89BB891344FB81D4E700BFD6
:10F9F0007B6893F96A30002B1BD0FA89BB89D31A34
:10FA0000FB817B6893F96A309AB2FB891344FB81CE
:10FA10007B6893F990309AB2FB891344FB8197F984
:10FA20000B30002B05DD97F90B309AB2FB8913449C
:10FA3000FB81FB8918461037BD4680BD80B582B07A
:10FA400000AF786039607B68054A5A603968786829
:10FA5000FFF790FF034618460837BD4680BD00BF3C
:10FA60009B01040880B487B000AFF860B96011460C
:10FA70001A460B46FB801346BB80FB681B88FB8243
:10FA8000FB8ABB82BB681A88BB8A1344BB82FA8A92
:10FA9000BB8A9A420BD9FA8ABB889A4205D2BB88A4
:10FAA000BB82BB8A013BBB8201E0FB88FB82FA8AF6
:10FAB000BB889A4201D300231CE0BA8AFB889A4291
:10FAC00001D8002316E0FA8AFB889A4201D2FB880B
:10FAD000FB82BA8ABB889A4201D9BB88BB82FB6889
:10FAE000FA8A1A80BA8AFB8AD31ABB82BB68BA8A9E
:10FAF0001A80012318461C37BD465DF8047B704709
:10FB000090B587B002AFF860084611461A46034622
:10FB10007B810B463B811346FB80FB68DB8F3A8978
:10FB2000D31A3B81FB68DC6AF8883A89798997F8AF
:10FB3000203000930346F868A04700BF1437BD4645
:10FB400090BD90B587B002AFF860084611461A46DE
:10FB500003467B810B463B811346FB80FB6893F891
:10FB60008C30002B75D0FB88002B72D0FB88012BCA
:10FB70001AD997F82030022B09D17A89FB88D31A39
:10FB80009BB27B817B8901339BB27B810CE097F830
:10FB90002030032B08D13A89FB88D31A9BB23B81D2
:10FBA0003B8901339BB23B8197F8203003F001037E
:10FBB00087F8203097F82030002B1AD1FB68B3F873
:10FBC0004C203B899A423BD8FB68B3F84E203B89D6
:10FBD0009A4237D9FB68B3F84820FB68B3F84A303B
:10FBE000B91D07F10A00FFF73DFF0346002B1AD1AC
:10FBF0002FE0FB68B3F848207B899A4224D8FB6841
:10FC0000B3F84A207B899A4220D9FB68B3F84C208C
:10FC1000FB68B3F84E30B91D07F10800FFF722FF6B
:10FC20000346002B14D0FB681B6B9C6879893A89CA
:10FC3000F88897F8203000930346F868A04708E05A
:10FC400000BF06E000BF04E000BF02E000BF00E02C
:10FC500000BF1437BD4690BD80B586B002AFF860D6
:10FC6000084611461A4603467B810B463B811346E4
:10FC7000FB80FB883A89798901200090F868FFF7BA
:10FC800060FF00BF1037BD4680BD80B483B000AFB9
:10FC900078600B46FB707B68FA7883F89220FB78DB
:10FCA000022B03D97B68012283F8922000BF0C3716
:10FCB000BD465DF8047B704790B482B000AF044647
:10FCC000084611461A462346FB800346BB800B4676
:10FCD0007B8013463B807A88BB889A420DD23A8853
:10FCE000FB889A4201D9012314E07A883B889A4222
:10FCF00001D901230EE000230CE03A88FB889A42E8
:10FD000007D97A883B889A4201D9012302E000236F
:10FD100000E0002318460837BD4690BC704780B508
:10FD200084B000AFF860084611461A4603467B814E
:10FD30000B463B811346FB80FB68B3F84C00FB6825
:10FD4000B3F84E103B8B3A89FFF7B6FF0346002B02
:10FD500001D100230AE0FB68B3F84800FB68B3F860
:10FD60004A10FB887A89FFF7A7FF03461846103729
:10FD7000BD4680BD80B489B000AFF860084611462A
:10FD80001A4603467B810B463B811346FB803B8929
:10FD9000FB76FB7E03F00703FB7601233B763A7E7E
:10FDA000FB7E02FA03F33B760023BB7600237B76CF
:10FDB000FB6893F89230012B01D83B7EBB76FB6841
:10FDC00093F89230012B01D03B7E7B763B89FB82FE
:10FDD000FB8A23F00703FB82FB681B681B7C1A4627
:10FDE000FB8A13FB02F3FB82FB685B6BFB61FB8A04
:10FDF000FA691344FB617B89FA691344FB6197F844
:10FE00002830002B17D1FB691A78BB7E1343DAB276
:10FE1000FB691A70FB691A787B7E5340DAB2FB6982
:10FE20001A70FB690133FB61FB88013BFB80FB8897
:10FE3000002BE8D138E0FB691A78BB7E1343DAB2B5
:10FE4000FB691A70FB691A787B7E5340DAB2FB6952
:10FE50001A70FB7E0133FB76FB7E03F00703FB7613
:10FE6000FB88013BFB80FB7E002B14D1FB685B8F82
:10FE70001A46FB691344FB61FB6893F89230012B2F
:10FE800001D80123BB76FB6893F89230012B08D090
:10FE900001237B7605E0BB7E5B00BB767B7E5B004F
:10FEA0007B76FB88002BC6D100BF2437BD465DF8AA
:10FEB000047B704780B582B000AF78607B68002219
:10FEC000A3F850207B680022A3F854207B684FF6EB
:10FED000FF72A3F852207B684FF6FF72A3F85620FA
:10FEE0007B681B6B5B687868984700BF0837BD4626
:10FEF00080BD80B584B000AFF860B9603B60134648
:10FF0000FB71FB6800229A65FB683A68DA62FB685D
:10FF1000BA685A63FB68FA7983F83820FB680022D4
:10FF200083F83920FB68002283F86D20FB680022EB
:10FF300083F89120FB68002283F88D20FB68012262
:10FF400083F89220FB68012283F89320FB68BA694A
:10FF50001A63FB681B6B1B68F8689847F868FFF723
:10FF6000A9FFF868FFF7DCFCFB68002283F870202B
:10FF700000BF1037BD4680BD80B485B000AF78604B
:10FF80007B681B68BB607B6893F83830FB81FB891A
:10FF9000DB00FB817B68FA899A87BB681B7CFB814D
:10FFA000FB89DB00FB817B68FA895A877B6893F8C1
:10FFB0003930FB81FB89DB00FB817B68FA89DA87BA
:10FFC0007B6893F83830FB81FB897A6892F8392096
:10FFD0001344BA68527C934207DDBB685B7C1A46C7
:10FFE0007B6893F83930D31AFB81FB89DB00FB81F6
:10FFF0007B68DA8F7B68A3F840207B68B3F84020E9
:020000040804EE
:100000007B68A3F842207B68B3F84220FB89134445
:100010009AB27B68A3F84220BB689A8A7B68A3F8EF
:100020004420BB68DA8A7B68A3F8462000BF1437F7
:10003000BD465DF8047B704780B584B002AF786040
:100040007B68B3F850107B68B3F854207B68B3F832
:1000500052007B68B3F85630009303467868FFF788
:100060005EFE0346002B04D17B68002283F88C20BF
:100070003BE07B68012283F88C207B68B3F8482042
:100080007B68B3F850309A4205D27B68B3F85020B1
:100090007B68A3F848207B68B3F84A207B68B3F8F4
:1000A00052309A4205D97B68B3F852207B68A3F896
:1000B0004A207B68B3F84C207B68B3F854309A42EE
:1000C00005D27B68B3F854207B68A3F84C207B688A
:1000D000B3F84E207B68B3F856309A4205D97B6856
:1000E000B3F856207B68A3F84E2000BF0837BD4602
:1000F00080BD80B582B000AF78607868FFF73CFFC4
:1001000000BF0837BD4680BD80B582B000AF7860C3
:100110007B680022A3F848207B68B3F844207B6802
:10012000A3F84A207B68B3F840207B68A3F84C20F2
:100130007B68B3F842207B68A3F84E207868FFF70D
:100140007BFF00BF0837BD4680BD80B586B002AFDB
:10015000F860084611461A4603467B810B463B81F0
:100160001346FB80F8883A8979893B7E00930346E1
:10017000F868FFF7C5FC00BF1037BD4680BD80B4EE
:1001800083B000AF78607B68002283F8262000BF30
:100190000C37BD465DF8047B704780B483B000AF78
:1001A00078600B46FB70FB78002B02D0FB780A2BA3
:1001B00002D14FF6FF7301E0FB789BB218460C3773
:1001C000BD465DF8047B704790B583B000AF7860A2
:1001D0000B46FB707B681C69FA7800232021786845
:1001E000A047034618460C37BD4690BD90B585B074
:1001F00000AFF8600B467A60FB72FB681C69FA7A04
:100200007B681721F868A047034618461437BD4697
:1002100090BD80B582B000AF78600B46FB70FB1CD0
:100220001A4601217868FFF7E1FF034618460837B0
:10023000BD4680BD90B583B000AF78600B46FB70C3
:100240007B68DC68FA78002315217868A0470346AC
:1002500018460C37BD4690BD90B583B000AF7860AE
:100260000B46FB707B68DC68FA78002316217868FF
:10027000A047034618460C37BD4690BD90B585B0E3
:1002800000AFF8600B467A60FB72FB68DC68FA7AB4
:100290007B681721F868A047034618461437BD4607
:1002A00090BD90B583B000AF78607B68DC680023B8
:1002B000002218217868A047034618460C37BD462F
:1002C00090BD90B583B000AF78607B68DC68002398
:1002D000002219217868A047034618460C37BD460E
:1002E00090BD90B585B000AF786039603B681B78F1
:1002F000FB733B6801333B60FB7BFE2B31D0FE2B55
:100300003DDC192B3BDC182B23DA162B02DC152BDA
:1003100003DA34E0172B0ED031E03B681B78BB7357
:100320007B68DC68BA7BF97B00237868A0473B6870
:1003300001333B6022E03B681B78BB7307F10E037F
:100340001A4601217868FFF799FF3B6801333B604B
:1003500014E07B68DC68F97B002300227868A04702
:100360000CE03B681B78BB73BB7B1A46292178687D
:1003700000F0D5FA3B6801333B6000BFB6E700BF31
:100380001437BD4690BD000090B585B000AFF86051
:100390007B600B46FB721346BB72FB7A143B052B4A
:1003A0002FD801A252F823F0F1030408C103040876
:1003B000D5030408E9030408F1030408F103040861
:1003C0000021F868FFF700FFBB7A1946F868FFF7CD
:1003D00020FF18E00121F868FFF7F6FEBB7A194606
:1003E000F868FFF716FF0EE00121F868FFF7ECFE52
:1003F000FB681C69BA7AF97A7B68F868A0470346FB
:1004000002E0002300E0012318461437BD4690BDEA
:1004100080B485B000AF78603960724BBB603B68D8
:100420001B78002B32D13B6801331B78002B2DD178
:100430003B6802331B78002B28D13B6803331B78C1
:10044000002B23D13B6804331B78002B1ED13B6863
:1004500005331B78002B19D13B6806331B78002B22
:1004600014D13B6807331B78002B0FD10023BB73DB
:1004700007E0BB685A1CBA6000221A70BB7B0133CC
:10048000BB73BB7B1F2BF4D9564BA4E00123FB733A
:100490000023BB739AE0BB6800221A70BB6801336B
:1004A00000221A70BB68023300221A70BB68033343
:1004B00000221A703B681A78FB7B1340DBB2002BDA
:1004C00008D0BB6801331A78BB68013342F00F02D1
:1004D000D2B21A703B6801331A78FB7B1340DBB24F
:1004E000002B08D0BB6801331A78BB68013362F077
:1004F0000F02D2B21A703B6802331A78FB7B1340AA
:10050000DBB2002B06D0BB681B7843F00F03DAB2D6
:10051000BB681A703B6803331A78FB7B1340DBB26D
:10052000002B06D0BB681B7863F00F03DAB2BB6800
:100530001A703B6804331A78FB7B1340DBB2002B44
:1005400008D0BB6803331A78BB68033342F00F024C
:10055000D2B21A703B6805331A78FB7B1340DBB2CA
:10056000002B08D0BB6803331A78BB68033362F0F2
:100570000F02D2B21A703B6806331A78FB7B134025
:10058000DBB2002B08D0BB6802331A78BB68023399
:1005900042F00F02D2B21A703B6807331A78FB7B25
:1005A0001340DBB2002B08D0BB6802331A78BB685B
:1005B000023362F00F02D2B21A70FB7B5B00FB7356
:1005C000BB680433BB60BB7B0133BB73BB7B072BB6
:1005D0007FF661AF034B18461437BD465DF8047BC8
:1005E000704700BF44C9042480B588B000AFF860EC
:1005F0007B600B46FB721346BB72FB7A0F2B24D039
:100600000F2B00F381800B2B02D00E2B0DD07BE043
:10061000BB7A002B04D14049F868FFF762FE75E011
:100620003E49F868FFF75DFE70E0F868FFF739FEB5
:10063000C121F868FFF7FEFDBB7A1946F868FFF79D
:100640000BFEF868FFF73DFE60E0F868FFF729FE53
:100650007B685B79FB77FB7F5B00FB77FB6893F83C
:100660002220FB7F1344FB777B689B79FB75FB7D26
:10067000DB00FB757521F868FFF7DCFDFB7D194693
:10068000F868FFF7E9FDFB7D0733DBB21946F86830
:10069000FFF7E2FD7B681B79BB777B681B68BB615A
:1006A0001521F868FFF7C6FDFB7F1946F868FFF7CC
:1006B000D3FDFB7F0133DBB21946F868FFF7CCFDB1
:1006C0005C21F868FFF7B6FDB969F868FFF7A0FE8E
:1006D00003461A462021F868FFF7D0FDBB690833AE
:1006E000BB61FB7F0233FB77BB7F013BBB77BB7FEB
:1006F000002BD5D1BB7A013BBB72BB7A002BC9D191
:10070000F868FFF7DEFD01E0002300E00123184652
:100710002037BD4680BD00BF084E0508104E0508B5
:1007200080B584B000AFF8607B600B46FB72134667
:10073000BB72FB7A0D2B13D00D2B2ADC092B02D0B8
:100740000A2B05D025E01949F86800F037F828E0B1
:10075000F86800F047F81649F868FFF7C2FD20E096
:10076000BB7A002B0AD11349F868FFF7BAFDFB6882
:100770001B689A7CFB6883F8222012E00E49F86817
:10078000FFF7AFFDFB681B68DA7CFB6883F822206B
:1007900007E0BA7AF97A7B68F868FFF725FF034625
:1007A00000E0012318461037BD4680BD384E0508CD
:1007B000504E0508184E0508284E050880B483B031
:1007C00000AF786039607B683A681A607B681B68A4
:1007D0009A7C7B6883F8222000BF0C37BD465DF809
:1007E000047B704790B583B000AF78607B685C692C
:1007F0000023002228217868A0477B68DC6800235A
:10080000002214217868A04701224B21786800F06B
:1008100086F87B681B681B791A462921786800F0E6
:100820007EF800224B21786800F079F87B681B681D
:100830001B791A462921786800F071F801224B21B2
:10084000786800F06CF87B681B685B791A46292190
:10085000786800F064F800BF0C37BD4690BD90B5D5
:1008600085B000AF7860084611461A460346FB7013
:100870000B46BB7013467B70FB787B73BB78BB73F6
:100880007B783B733B6ABB607B689C6807F108031D
:1008900001220F217868A047034618461437BD4649
:1008A00090BD90B583B000AF78607B689C680023F2
:1008B000002209217868A04700BF0C37BD4690BDD3
:1008C00090B583B000AF78607B689C6800230022FD
:1008D0000A217868A04700BF0C37BD4690BD90B58F
:1008E00083B000AF78600B46FB707B689C68FA7839
:1008F00000230B217868A04700BF0C37BD4690BD90
:1009000090B583B000AF78607B689C6800230022BC
:1009100010217868A04700BF0C37BD4690BD90B548
:1009200083B000AF78600B46FB701346BB707B68EA
:100930005C69BA78F97800237868A04700BF0C3763
:10094000BD4690BD80B485B000AFF8607B600B46BB
:10095000FB721346BB72002318461437BD465DF880
:10096000047B704780B483B000AF78607B6800225E
:100970001A607B68114A9A607B68104ADA607B686B
:100980000E4A1A617B680D4A5A617B68002283F81F
:1009900023207B68002283F826207B6800229A614E
:1009A0007B68FF2283F824207B68FF2283F82820BD
:1009B00000BF0C37BD465DF8047B7047450904084D
:1009C00080B584B000AFF860B9607A603B60F868C9
:1009D000FFF7C8FFFB68BA689A60FB687A68DA605C
:1009E000FB683A681A61FB68BA695A61F868FFF7F0
:1009F00058FF00BF1037BD4680BD80B582B000AF44
:100A000078607868D4F760FA034618460837BD4620
:100A100080BD80B582B000AF78607868D4F722FBE3
:100A200000BF0837BD4680BD80B582B000AF064B21
:100A30003B60064B7B603B46184600F0A5F800BFC4
:100A40000837BD4680BD00BFFB090408130A04082F
:100A500080B582B000AF78607B68002B02D07868E8
:100A6000FFF7D7FF00BF0837BD4680BD80B485B013
:100A700000AF786039607B68002B07D17A683B68EB
:100A80009A4214BF01230023DBB255E03B68002BE0
:100A90000DD1012350E07B681B78002B01D100238E
:100AA0004AE07B6801337B603B6801333B607B68D5
:100AB0001B78FB73FB7B0133224A13441B7803F042
:100AC0000303012B03D1FB7B03F1200200E0FA7B3F
:100AD0003B681B78BB73BB7B01331A490B441B7803
:100AE00003F00303012B02D1BB7B203300E0BB7B6F
:100AF0009A42D0D07B681B787B737B7B0133114A91
:100B000013441B7803F00303012B03D17B7B03F118
:100B1000200200E07A7B3B681B783B733B7B013310
:100B200008490B441B7803F00303012B02D13B7BE4
:100B3000203300E03B7BD31A18461437BD465DF8DE
:100B4000047B7047C969050880B584B000AF786040
:100B50007868BFF7ADFF03460133FB60094B1B68A4
:100B6000F8689847B860BB68002B01D1002305E006
:100B7000FA687968B86804F0B6FDBB6818461037A3
:100B8000BD4680BDDC03002480B483B000AF786034
:100B90007B68002B06D1104B104A1A60104B114A8B
:100BA0001A6013E07B681B68002B02D07B681B680F
:100BB00000E00A4B084A13607B685B68002B02D098
:100BC0007B685B6800E0074B054A13600C37BD4645
:100BD0005DF8047B704700BFDC0300246533040824
:100BE000E00300247533040880B582B000AF094BE0
:100BF0001B682820984778607B68002B04D0282247
:100C00000021786803F0C5FD7B6818460837BD46AB
:100C100080BD00BFDC03002480B584B000AF7860E5
:100C200037E07B681B68FB607B68DB6803F48073DC
:100C3000002B08D17B689B68002B04D07B689B68E5
:100C40001846FFF7E9FF7B68DB6803F48073002B2D
:100C500009D17B681B69002B05D0124B1B687A6891
:100C60001269104698477B68DB6803F40073002B19
:100C700009D17B681B6A002B05D00A4B1B687A6878
:100C8000126A10469847074B1B6878689847FB68BC
:100C90007B607B68002BC4D100BF00BF1037BD460E
:100CA00080BD00BFE003002480B52DED028B8AB02B
:100CB00000AF786039604FF000024FF00003C7E9E1
:100CC00008234FF000026F4BC7E906234FF00002E4
:100CD0004FF00003C7E904230023FB600123BB603E
:100CE0003B681B782D2B07D14FF00002664BC7E9FC
:100CF00006233B6801333B603B681B78302B02D1F5
:100D00003B6801333B603B681B78302B1ED93B6846
:100D10001B78392B1AD897ED087BB2EE046B27EEBF
:100D2000066B3B685A1C3A601B78303B07EE903AE2
:100D3000B8EEE77B36EE077B87ED087B3B681B78D8
:100D40002F2B03D93B681B78392BE4D93B681B78E0
:100D50002E2B2FD13B6801331B782F2B2AD93B68D0
:100D600001331B78392B25D83B6801333B6097ED65
:100D7000087BB2EE046B27EE066B3B685A1C3A60A8
:100D80001B78303B07EE903AB8EEE77B36EE077BF8
:100D900087ED087B97ED047BB7EE006B37EE467B63
:100DA00087ED047B3B681B782F2B03D93B681B78AE
:100DB000392BDCD93B681B78652B03D03B681B784B
:100DC000452B2AD13B6801333B603B681B782B2BBA
:100DD00003D13B6801333B6017E03B681B782D2B48
:100DE00013D14FF0FF33BB603B6801333B600CE035
:100DF000FA6813469B0013445B0019463B685A1C73
:100E00003A601B78303B0B44FB603B681B782F2B10
:100E100003D93B681B78392BEAD997ED066B97ED20
:100E2000087B26EE078BFB68BA6802FB03F307EE2C
:100E3000903AB8EEE76B97ED047B36EE077BB0EEA9
:100E4000471BB2EE040B01F067FEB0EE407B28EECC
:100E5000077B87ED087B7968D7E90823C1E906237A
:100E600097ED087BFDEEC77B17EE902A7B685A61F1
:100E70007B680322DA603B6818462837BD46BDEC24
:100E8000028B80BD0000F03F0000F0BF80B483B053
:100E900000AF78607B68013B7B607B685B107A68A1
:100EA00013437B607B689B107A6813437B607B688D
:100EB0001B117A6813437B607B681B127A681343AB
:100EC0007B607B681B147A6813437B607B6801330B
:100ED00018460C37BD465DF8047B704780B584B07A
:100EE00000AF786039607B68002B03D07B681B689B
:100EF000002B01D1002346E07B689B683A681344CD
:100F00003B607B685B683A689A4205DC7B681B68DB
:100F10007A689268134436E03868FFF7B7FFF860E4
:100F20001B4B1B68FA6810469847B860BB68002BDB
:100F30000DD1184B1B687A681268104698477B6879
:100F400000225A607B6800221A6000231BE0BB6805
:100F5000002B07D07B6819687B685B681A46B86805
:100F600004F0C1FB0B4B1B687A6812681046984767
:100F70007B68FA685A607B68BA681A607B689B680D
:100F80001A46BB68134418461037BD4680BD00BFE3
:100F9000DC030024E003002490B585B000AF786046
:100FA0007B68002B03D07B681B68002B01D10023DA
:100FB0000DE07B681B687A6892681344FB607B686D
:100FC0009B681C46F868BFF773FD03462344184628
:100FD0001437BD4690BD000080B586B000AF786084
:100FE000396000237B617B68D3E90623C7E90223CC
:100FF00097ED027BB5EE407BF1EE10FA18D13B681D
:10100000002B05D002213868FFF768FF786104E003
:10101000614B1B680220984778617B69002B00F0C8
:101020009E807B695D491A460B461B88138096E0BB
:101030007B685B6907EE903AB8EEE76B97ED027B51
:1010400036EE477BB0EEC77B9FED476BB4EEC67BB9
:10105000F1EE10FA2AD897ED027B9FED456BB4EEC6
:10106000C67BF1EE10FA21D897ED027B9FED426B23
:10107000B4EEC67BF1EE10FA18DB3B68002B05D00E
:1010800015213868FFF72AFF786104E0424B1B689E
:101090001520984778617B69002B60D07B685B697D
:1010A0001A463F49786903F015FA58E03B68002B6F
:1010B00005D040213868FFF711FF786104E0364B16
:1010C0001B684020984778617B69002B47D097EDDB
:1010D000020B02F00DF8B0EE406B97ED027B36EE9E
:1010E000477BB0EEC77B9FED206BB4EEC67BF1EE85
:1010F00010FA11D897ED027BB0EEC77B9FED206B05
:10110000B4EEC67BF1EE10FA06D5D7E902232549E5
:10111000786903F0DFF922E097ED027BB0EEC77B40
:101120009FED196BB4EEC67BF1EE10FA0AD497ED81
:10113000027BB0EEC77B9FED166BB4EEC67BF1EE83
:1011400010FA06DDD7E902231749786903F0C2F9DE
:1011500005E0D7E902231549786903F0BBF97B69FB
:1011600018461837BD4680BD000000000000B03CA6
:101170000000C0FFFFFFDF41000000000000E0C1F1
:1011800044F3C2E4E4E9634C8DEDB5A0F7C6B03E8C
:101190000000000065CDCD41DC030024A40105085A
:1011A000A8010508AC010508B4010508B801050847
:1011B00080B485B000AF78600023FB607B681B784B
:1011C0002F2B0BD97B681B78392B07D87B681B78B2
:1011D0001A46FB681344303BFB6021E07B681B78B8
:1011E000402B0BD97B681B78462B07D87B681B7874
:1011F0001A46FB681344373BFB6011E07B681B78A1
:10120000602B0BD97B681B78662B07D87B681B7813
:101210001A46FB681344573BFB6001E00023A8E03B
:10122000FB681B01FB607B6801337B607B681B787C
:101230002F2B0BD97B681B78392B07D87B681B7841
:101240001A46FB681344303BFB6021E07B681B7847
:10125000402B0BD97B681B78462B07D87B681B7803
:101260001A46FB681344373BFB6011E07B681B7830
:10127000602B0BD97B681B78662B07D87B681B78A3
:101280001A46FB681344573BFB6001E0002370E003
:10129000FB681B01FB607B6801337B607B681B780C
:1012A0002F2B0BD97B681B78392B07D87B681B78D1
:1012B0001A46FB681344303BFB6021E07B681B78D7
:1012C000402B0BD97B681B78462B07D87B681B7893
:1012D0001A46FB681344373BFB6011E07B681B78C0
:1012E000602B0BD97B681B78662B07D87B681B7833
:1012F0001A46FB681344573BFB6001E0002338E0CB
:10130000FB681B01FB607B6801337B607B681B789B
:101310002F2B0BD97B681B78392B07D87B681B7860
:101320001A46FB681344303BFB6021E07B681B7866
:10133000402B0BD97B681B78462B07D87B681B7822
:101340001A46FB681344373BFB6011E07B681B784F
:10135000602B0BD97B681B78662B07D87B681B78C2
:101360001A46FB681344573BFB6001E0002300E092
:10137000FB6818461437BD465DF8047B70470000D3
:1013800080B588B000AF786039603B680133FB619D
:1013900000237B613B681B78222B0DD09F4A3B6862
:1013A0001360002366E1FB695A1CFA611B785C2B11
:1013B00002D1FB690133FB61FB691B78222B09D049
:1013C000FB691B78002B05D07B6901337B617B694E
:1013D000002BE8D1924B1B687A690132104698477E
:1013E000F860FB68002B01D1002343E13B68013327
:1013F000FB61FB68BB6123E1FB691B785C2B08D0B8
:10140000FA69531CFB61BB69591CB96112781A70E7
:1014100016E1FB690133FB61FB691B78623B132B0F
:1014200000F2048101A252F823F000BF7D140408E9
:101430002D1604082D1604082D1604088914040816
:101440002D1604082D1604082D1604082D16040860
:101450002D1604082D1604082D16040895140408EA
:101460002D1604082D1604082D160408A1140408CE
:101470002D160408AD140408B9140408BB695A1CDD
:10148000BA6108221A70D8E0BB695A1CBA610C22F2
:101490001A70D2E0BB695A1CBA610A221A70CCE0F9
:1014A000BB695A1CBA610D221A70C6E0BB695A1C8E
:1014B000BA6109221A70C0E0FB6901331846FFF7D0
:1014C00077FE3861FB690433FB613B69B3F55C4F20
:1014D00004D33B69B3F5604FC0F0AF803B69002B8C
:1014E00000F0AB803B69B3F5584F2DD33B69B3F5A2
:1014F0005C4F29D2FB6901331B785C2B40F09D8047
:10150000FB6902331B78752B40F09780FB6903332E
:101510001846FFF74DFEB860FB690633FB61BB68F8
:10152000B3F55C4FC0F08980BB68B3F5604F80F0C5
:1015300084803B699A023B4B1340BA68C2F30902AC
:10154000134303F580333B6104237B613B697F2BAD
:1015500002D801237B610CE03B69B3F5006F02D236
:1015600002237B6105E03B69B3F5803F01D2032391
:101570007B617B69BA691344BB617B69013B032BC7
:1015800047D801A252F823F0F9150408D915040828
:10159000B9150408991504083B69DBB203F03F0351
:1015A000DBB2BA69013ABA6163F07F03DAB2BB69B0
:1015B0001A703B699B093B613B69DBB203F03F0357
:1015C000DBB2BA69013ABA6163F07F03DAB2BB6990
:1015D0001A703B699B093B613B69DBB203F03F0337
:1015E000DBB2BA69013ABA6163F07F03DAB2BB6970
:1015F0001A703B699B093B610B4A7B6913441A785B
:101600003B69DBB2B9690139B9611343DAB2BB692D
:101610001A707B69BA691344BB610EE064C9042483
:10162000DC03002400FC0F00804E0508BB695A1C37
:10163000BA61FA6912781A7000BFFB690133FB6165
:10164000FB691B78222B04D0FB691B78002B7FF4ED
:10165000D3AEBB6900221A70FB691B78222B02D122
:10166000FB690133FB617B68FA681A617B680422BD
:10167000DA60FB6918462037BD4680BD80B588B06A
:1016800000AF7860396000233B610023FB607B681A
:10169000FB6118E0FB691B78002B03D0FB691B780A
:1016A0001F2B07D9FB691B78222B03D0FB691B7802
:1016B0005C2B01D1012300E00023FA681343FB6097
:1016C000FB690133FB61FB691B78002BE2D1FB68EE
:1016D000002B32D1FA697B68D31A3B613B68002B3F
:1016E00007D03B69033319463868FFF7F7FB786189
:1016F00006E0984B1B683A690332104698477861B8
:101700007B69002B01D1002320E17B69BB61BB69B0
:101710005A1CBA6122221A707968B86903F0DBFF9B
:101720003B69BA69134422221A703B690133BA69D2
:10173000134400221A707B6908E17B68002B1AD1E0
:101740003B68002B05D003213868FFF7C7FB7861A1
:1017500004E0804B1B680320984778617B69002B6D
:1017600001D10023F2E07B697B4A118892781980CD
:101770009A707B69EAE07B68FB6114E0FB7A1946AA
:10178000764803F00EF80346002B03D03B69013383
:101790003B6105E0FB7A1F2B02D83B6905333B61B7
:1017A000FB690133FB61FB691B78FB72FB7A002B41
:1017B00005D03B6901333B613B69002BDED13B68BF
:1017C000002B07D03B69033319463868FFF786FBC7
:1017D000786106E05F4B1B683A6903321046984710
:1017E00078617B69002B01D10023AFE07B69BB618D
:1017F0007B68FB61BB695A1CBA6122221A7095E0B2
:10180000FB691B781F2B10D9FB691B78222B0CD08E
:10181000FB691B785C2B08D0FA69531CFB61BB6920
:10182000591CB96112781A7080E0BB695A1CBA6100
:101830005C221A70FB695A1CFA611B78FB72FB7AF6
:10184000222B3DDC082B67DB083B1A2B64D801A256
:1018500052F823F0DD1804080D190408F5180408DF
:1018600019190408E91804080119040819190408C9
:101870001919040819190408191904081919040870
:101880001919040819190408191904081919040860
:101890001919040819190408191904081919040850
:1018A0001919040819190408191904081919040840
:1018B000191904081919040819190408D118040879
:1018C0005C2B29D1BB695A1CBA615C221A702DE0CD
:1018D000BB695A1CBA6122221A7027E0BB695A1CE4
:1018E000BA6162221A7021E0BB695A1CBA61662291
:1018F0001A701BE0BB695A1CBA616E221A7015E09F
:10190000BB695A1CBA6172221A700FE0BB695A1C7B
:10191000BA6174221A7009E0FB7A1A461049B86954
:1019200002F0D8FDBB690533BB6100BFFB691B78C2
:10193000002B7FF465AFBB695A1CBA6122221A7072
:10194000BB695A1CBA6100221A707B69184620379D
:10195000BD4680BDDC030024BC010508C0010508AC
:10196000C801050880B582B000AF786039607B6837
:101970001B6939681846FFF781FE03461846083789
:10198000BD4680BD80B483B000AF786002E07B6864
:1019900001337B607B68002B07D07B681B78002BB2
:1019A00003D07B681B78202BF1D97B6818460C3755
:1019B000BD465DF8047B704780B586B000AFF86027
:1019C000B9607A6000237B61FFF70EF938611B4B29
:1019D00000221A603B69002B01D100232AE0F8683D
:1019E000FFF7D0FF03461946386900F047F87861E1
:1019F0007B69002B04D13869FFF70EF9002319E049
:101A00007B68002B0FD07869FFF7BCFF78617B699A
:101A10001B78002B07D03869FFF7FEF8074A7B696F
:101A20001360002306E0BB68002B02D0BB687A6914
:101A30001A603B6918461837BD4680BD64C9042446
:101A400080B582B000AF7860002200217868FFF78F
:101A5000B3FF034618460837BD4680BD80B582B047
:101A600000AF7860002300220021786800F07EF843
:101A7000034618460837BD4680BD000080B582B0D9
:101A800000AF786039603B68002B01D1002360E033
:101A900004223249386802F091FE0346002B05D13A
:101AA0007B680222DA603B68043352E005222C494D
:101AB000386802F083FE0346002B05D17B680022C4
:101AC000DA603B68053344E004222649386802F0B6
:101AD00075FE0346002B08D17B680122DA607B6823
:101AE00001225A613B68043333E03B681B78222BA8
:101AF00005D139687868FFF743FC034629E03B6865
:101B00001B782D2B07D03B681B782F2B09D93B68FE
:101B10001B78392B05D839687868FFF7C5F8034674
:101B200017E03B681B785B2B05D13968786800F0BB
:101B3000E1F803460DE03B681B787B2B05D1396843
:101B4000786800F0DBFA034603E0074A3B6813605D
:101B5000002318460837BD4680BD00BFD0010508E8
:101B6000D8010508E001050864C9042480B586B0E1
:101B700000AFF860B9607A603B6000237B61FB686E
:101B8000002B01D10023AAE03B68002B60D0FB684A
:101B9000DB68DBB2062B00F2A18001A252F823F031
:101BA000DD1B0408FB1B0408BD1B0408191C0408EA
:101BB000251C0408311C0408411C04080521386850
:101BC000FFF78CF978617B69002B00F082807B69DC
:101BD000454A1068186012791A717AE0062138684F
:101BE000FFF77CF978617B69002B74D07B693F4AF1
:101BF0001068186092889A806DE005213868FFF7B8
:101C00006DF978617B69002B67D07B69384A106871
:101C1000186012791A7160E03968F868FFF7DCF92A
:101C200078615BE03968F868FFF79CFE786155E001
:101C30003B687A68B968F86800F0D2F878614DE0DE
:101C40003B687A68B968F86800F016FB786145E08F
:101C5000FB68DB68DBB2062B40D801A252F823F008
:101C6000871C0408911C04087D1C04089B1C0408A4
:101C7000A71C0408B31C0408C31C04081A48FEF778
:101C800063FF78612AE01948FEF75EFF786125E07E
:101C90001748FEF759FF786120E00021F868FFF748
:101CA0009BF978611AE00021F868FFF75BFE786124
:101CB00014E000237A68B968F86800F091F8786158
:101CC0000CE000237A68B968F86800F0D5FA78610A
:101CD00004E000BF02E000BF00E000BF7B691846DF
:101CE0001837BD4680BD00BFD0010508D8010508E2
:101CF000E001050880B584B000AF786039603B68CA
:101D00001B785B2B04D0354A3B681360002360E0EE
:101D10007B680522DA603B6801331846FFF732FE24
:101D200038603B681B785D2B02D13B68013350E083
:101D3000FEF75AFFF8607B68FA689A607B689B68D8
:101D4000002B01D1002344E03868FFF71BFE034657
:101D50001946F868FFF792FE03461846FFF712FE91
:101D600038603B68002B25D1002332E0FEF73CFFB2
:101D7000B860BB68002B01D100232AE0FB68BA6879
:101D80001A60BB68FA685A60BB68FB603B68013345
:101D90001846FFF7F7FD03461946F868FFF76EFE91
:101DA00003461846FFF7EEFD38603B68002B01D173
:101DB00000230EE03B681B782C2BD7D03B681B78A8
:101DC0005D2B02D13B68013303E0044A3B6813609A
:101DD000002318461037BD4680BD00BF64C90424E7
:101DE00080B58EB000AFF860B9607A603B600023C8
:101DF0007B630523FB62FB689B68BB6200237B62FD
:101E000000233B620023FB610023BB6105E07B6A8A
:101E100001337B62BB6A1B68BB62BB6A002BF6D1D5
:101E20007B6A002B18D13B68002B05D00321386852
:101E3000FFF754F8786304E0844B1B68032098474D
:101E400078637B6B002B05D07B6B814A118892787D
:101E500019809A707B6B4AE13B68002B73D03B681A
:101E60009B683B6201213868FFF738F838633B6BA9
:101E7000002B01D100233AE13B6B5B221A703B68D7
:101E80009B685A1C3B689A60FB689B68BB623CE09D
:101E9000BB68591C3B687A68B86AFFF767FE386808
:101EA000FFF77AF802463B689A60BB6A1B68002B12
:101EB00028D07B68002B01D0022300E00123FB62C5
:101EC000FB6A013319463868FFF708F838633B6B43
:101ED000002B01D100230AE13B6B5A1C3A632C22F0
:101EE0001A707B68002B04D03B6B5A1C3A6320228B
:101EF0001A703B6B00221A703B689A68FB6A1A449E
:101F00003B689A60BB6A1B68BB62BB6A002B02D04D
:101F1000FB69002BBCD002213868FEF7DFFF386375
:101F20003B6B002B01D10023E1E03B6B5A1C3A6371
:101F30005D221A703B6B00221A703B681A683B6A7C
:101F400013447B63D2E0414B1B687A6A92001046CF
:101F5000984778617B69002B01D10023C7E07B6A39
:101F60009B001A460021786902F013FCFB689B680D
:101F7000BB6227E0BB68591C00237A68B86AFFF788
:101F8000F5FD38613B6A5A1C3A629B007A6913443A
:101F90003A691A603B69002B0FD03869BEF788FD9B
:101FA00002467B68002B01D0012300E000231A4485
:101FB000FB6A13440233FB6201E00123FB61BB6A4D
:101FC0001B68BB62BB6A002B02D0FB69002BD1D01F
:101FD000FB69002B05D11D4B1B68FA6A1046984718
:101FE00078637B6B002B01D10123FB61FB69002B24
:101FF0001FD000233B6212E03B6A9B007A691344C6
:102000001B68002B08D0134B1B683A6A9200796951
:102010000A441268104698473B6A01333B623A6AA9
:102020007B6A9A42E8DB0B4B1B6878699847002370
:102030005DE07B6B5B221A707B6B01333B633B6B18
:1020400000221A7000233B623EE000BFDC03002444
:10205000E8010508E00300243B6A9B007A69134409
:102060001B681846BEF724FDB8613B6A9B007A697D
:1020700013441B68BA691946386B03F034FB3A6B9A
:10208000BB6913443B637B6A013B3A6A9A420FD0B7
:102090003B6B5A1C3A632C221A707B68002B04D0CD
:1020A0003B6B5A1C3A6320221A703B6B00221A7059
:1020B000114B1B683A6A920079690A44126810460B
:1020C00098473B6A01333B623A6A7B6A9A42C3DBB8
:1020D000094B1B68786998473B6B5A1C3A635D2231
:1020E0001A703B6B5A1C3A6300221A707B6B1846BD
:1020F0003837BD4680BD00BFE003002480B584B002
:1021000000AF786039603B681B787B2B04D0594A5C
:102110003B6813600023A8E07B680622DA603B6816
:1021200001331846FFF72EFC38603B681B787D2B87
:1021300002D13B68013398E0FEF756FDF8607B68FA
:10214000FA689A607B689B68002B01D100238CE0C1
:102150003868FFF717FC03461946F868FFF710F9CF
:1021600003461846FFF70EFC38603B68002B01D190
:1021700000237AE0FB681A69FB681A62FB68002298
:102180001A613B681B783A2B04D03A4A3B681360CB
:1021900000236AE03B6801331846FFF7F3FB034670
:1021A0001946F868FFF76AFC03461846FFF7EAFB92
:1021B00038603B68002B49D1002356E0FEF714FD40
:1021C000B860BB68002B01D100234EE0FB68BA6801
:1021D0001A60BB68FA685A60BB68FB603B680133F1
:1021E0001846FFF7CFFB03461946F868FFF7C8F813
:1021F00003461846FFF7C6FB38603B68002B01D149
:10220000002332E0FB681A69FB681A62FB6800224F
:102210001A613B681B783A2B04D0164A3B6813605E
:10222000002322E03B6801331846FFF7ABFB03466F
:102230001946F868FFF722FC03461846FFF7A2FB91
:1022400038603B68002B01D100230EE03B681B780F
:102250002C2BB3D03B681B787D2B02D13B6801331C
:1022600003E0044A3B681360002318461037BD465C
:1022700080BD00BF64C9042490B593B000AFF8607E
:10228000B9607A603B6000237B6200233B620023DD
:102290007B640723FB630023BB63FB689B683B6392
:1022A0000023FB620023BB620023FB6105E0FB6AA5
:1022B0000133FB623B6B1B683B633B6B002BF6D12E
:1022C000FB6A002B4BD13B68002B0CD07B68002BAA
:1022D00002D0BB68043300E0032319463868FEF7D8
:1022E000FDFD78640BE0924B1B687A68002A02D0EF
:1022F000BA68043200E003221046984778647B6C89
:10230000002B01D10023A4E27B6C3B643B6C5A1C84
:102310003A647B221A707B68002B14D03B6C5A1CE9
:102320003A640A221A700023BB6307E03B6C5A1C14
:102330003A6409221A70BB6B0133BB63BB68013B73
:10234000BA6B9A42F2DB3B6C5A1C3A647D221A70DB
:102350003B6C5A1C3A6400221A707B6C79E23B6831
:10236000002B00F002813B689B68BB637B68002BFD
:1023700001D0022300E00123FB63FB6B013319460C
:102380003868FEF7ABFD38643B6C002B01D10023AD
:102390005FE23B6C5A1C3A647B221A707B68002B0C
:1023A00004D03B6C5A1C3A640A221A703B6C00221F
:1023B0001A703B689A68FB6B1A443B689A60FB682A
:1023C0009B683B63BB680133BB6096E07B68002B76
:1023D0001ED0B9683868FEF781FD38643B6C002B6D
:1023E00001D1002335E200237B6307E03B6C5A1CDC
:1023F0003A6409221A707B6B01337B637A6BBB688A
:102400009A42F3DB3B689A68BB681A443B689A605F
:102410003B6B1B6A39681846FFF730F93868FEF7DE
:10242000BBFD02463B689A607B68002B01D002230B
:1024300000E00123FB63F96B3868FEF74FFD386459
:102440003B6C002B01D1002303E23B6C5A1C3A6425
:102450003A221A707B68002B04D03B6C5A1C3A64F9
:1024600009221A703B689A68FB6B1A443B689A60B1
:102470003B687A68B968386BFFF778FB3868FEF715
:102480008BFD02463B689A607B68002B14BF0123DA
:102490000023DBB21A463B6B1B68002B14BF0123E1
:1024A0000023DBB21344FB63FB6B0133194638682E
:1024B000FEF714FD38643B6C002B01D10023C8E10A
:1024C0003B6B1B68002B04D03B6C5A1C3A642C22DB
:1024D0001A707B68002B04D03B6C5A1C3A640A22A9
:1024E0001A703B6C00221A703B689A68FB6B1A44A6
:1024F0003B689A603B6B1B683B633B6B002B7FF434
:1025000065AF7B68002B02D0BB68013300E002237B
:1025100019463868FEF7E2FC38643B6C002B01D1A9
:10252000002396E17B68002B11D00023BB6309E0F8
:10253000DC0300243B6C5A1C3A6409221A70BB6B02
:102540000133BB63BB68013BBA6B9A42F2DB3B6C65
:102550005A1C3A647D221A703B6C00221A703B6848
:102560001A68BB6B13447B6472E16B4B1B68FA6A9D
:1025700092001046984778627B6A002B01D10023B5
:1025800067E1654B1B68FA6A92001046984738620B
:102590003B6A002B05D1614B1B68786A9847002382
:1025A00057E1FB6A9B001A460021786A02F0F1F8B5
:1025B000FB6A9B001A460021386A02F0EAF8FB68C1
:1025C0009B683B63BB680133BB607B68002B41D0D9
:1025D000FA6BBB681344FB633CE03B6B1B6A002156
:1025E0001846FFF74BF8B861BB6B9B003A6A13447F
:1025F000BA691A6000237A68B968386BFFF7B6FACF
:102600007861BB6B5A1CBA639B007A6A13447A697F
:102610001A60BB69002B18D07B69002B15D0786934
:10262000BEF746FA0446B869BEF742FA03462344A9
:102630007A68002A02D0BA68023200E000221A4406
:10264000FB6B13440233FB6301E00123BB623B6B72
:102650001B683B633B6B002BBFD1BB6A002B05D1D2
:102660002D4B1B68FA6B1046984778647B6C002BE7
:1026700001D10123BB62BB6A002B33D00023BB63B3
:1026800022E0BB6B9B003A6A13441B68002B08D006
:10269000224B1B68BA6B9200396A0A4412681046D2
:1026A0009847BB6B9B007A6A13441B68002B08D0C9
:1026B0001A4B1B68BA6B9200796A0A44126810467A
:1026C0009847BB6B0133BB63BA6BFB6A9A42D8DB9A
:1026D000124B1B68386A9847104B1B68786A9847FA
:1026E0000023B6E07B6C7B221A707B6C01333B6469
:1026F0007B68002B04D03B6C5A1C3A640A221A7087
:102700003B6C00221A700023BB6378E07B68002BCF
:1027100012D000237B630BE0DC030024E0030024E1
:102720003B6C5A1C3A6409221A707B6B01337B6341
:102730007A6BBB689A42F3DBBB6B9B003A6A13442B
:102740001B681846BEF7B4F9F861BB6B9B003A6A88
:1027500013441B68FA691946386C02F0C4FF3A6CDE
:10276000FB6913443B643B6C5A1C3A643A221A706E
:102770007B68002B04D03B6C5A1C3A6409221A7007
:10278000BB6B9B007A6A13441B681946386C02F0D5
:10279000A2FFBB6B9B007A6A13441B681846BEF706
:1027A00087F902463B6C13443B64FB6A013BBA6BFE
:1027B0009A4204D03B6C5A1C3A642C221A707B68F3
:1027C000002B04D03B6C5A1C3A640A221A703B6CF2
:1027D00000221A70214B1B68BA6B9200396A0A44B6
:1027E0001268104698471D4B1B68BA6B9200796AB5
:1027F0000A44126810469847BB6B0133BB63BA6B3F
:10280000FB6A9A4282DB154B1B68386A9847134B68
:102810001B68786A98477B68002B0FD00023BB6346
:1028200007E03B6C5A1C3A6409221A70BB6B0133F7
:10283000BB63BB68013BBA6B9A42F2DB3B6C5A1C30
:102840003A647D221A703B6C5A1C3A6400221A705A
:102850007B6C18464C37BD4690BD00BFE00300249A
:1028600080B584B000AF786039607B689B68FB609E
:1028700002E0FB681B68FB60FB68002B08D0FB686C
:102880001B6A39681846FEF7F1F80346002BF0D1B1
:10289000FB6818461037BD4680BD80B483B000AFDA
:1028A000786039607B683A681A603B687A685A6079
:1028B00000BF0C37BD465DF8047B704780B584B01F
:1028C00000AF786039607B689B68FB603B68002BD9
:1028D00015D0FB68002B06D17B683A689A600FE040
:1028E000FB681B68FB60FB68002B03D0FB681B6860
:1028F000002BF5D13968F868FFF7CFFF00E000BF83
:102900001037BD4680BD000080B584B000AFF860D0
:10291000B9607A607B68002B14D07B681B6A002B3F
:1029200005D00A4B1B687A68126A10469847B86847
:10293000FEF70AF902467B681A627968F868FFF7C1
:10294000BDFF00E000BF1037BD4680BDE00300249E
:1029500080B584B000AF7860FEF746F9F860FB6898
:10296000002B08D07B68002B14BF01230023DBB2AF
:102970001A46FB68DA60FB6818461037BD4680BD12
:1029800080B584B000AF87ED000BFEF72DF9F8603D
:10299000FB68002B0FD0FB680322DA60F968D7E9E7
:1029A0000023C1E9062397ED007BFDEEC77B17EE00
:1029B000902AFB685A61FB6818461037BD4680BDF7
:1029C00080B584B000AF7860FEF70EF9F860FB6860
:1029D000002B08D0FB680422DA607868FEF7B4F8B0
:1029E0000246FB681A61FB6818461037BD4680BD79
:1029F00080B582B000AFFEF7F7F878607B68002BF7
:102A000002D07B680622DA607B6818460837BD462C
:102A100080BD80B586B000AF7860396000233B612F
:102A20007B68002B01D100236FE0FEF7DDF8F86032
:102A3000FB68002B01D1002367E07B68DB6823F48F
:102A40008072FB68DA607B685A69FB685A617B6850
:102A5000D3E90623F968C1E906237B681B69002BCB
:102A600010D07B681B691846FEF76EF80246FB68BB
:102A70001A61FB681B69002B04D1F868FEF7CCF8DB
:102A8000002342E07B681B6A002B10D07B681B6A26
:102A90001846FEF759F80246FB681A62FB681B6A83
:102AA000002B04D1F868FEF7B7F800232DE03B684F
:102AB000002B01D1FB6828E07B689B687B6120E0EC
:102AC00001217869FFF7A5FFB860BB68002B04D12E
:102AD000F868FEF7A1F8002317E03B69002B08D047
:102AE0003B69BA681A60BB683A695A60BB683B6167
:102AF00004E0FB68BA689A60BB683B617B691B684D
:102B00007B617B69002BDBD1FB6818461837BD461B
:102B100080BD0000000000002DE9F04F55EC104B87
:102B20002DED0A8B2E0D11EE90CA06F1FF3E40F2FC
:102B3000FD7089B086452A4621468DED001A4FEA80
:102B40001C5700F2C780C7F30A0EAEF2BE307F28D2
:102B500098BF002000F22F81BFEE000BD24CD34B68
:102B60001444C4F3463503EB451693ED006B93ED27
:102B7000027B251596ED189B96ED162B05EE105A47
:102B80006FF3130496ED128B93ED0C4BB8EEC55B0F
:102B900093ED04ABA5EE062BA5EE079B93ED08BBCA
:102BA00093ED105B93ED067B93ED0A6B93ED0E3B7B
:102BB0000E1E171B47EC1C6BACEE080BA0EE053B82
:102BC000A0EE046B20EE0A5B30EE024B20EE058B8C
:102BD000A0EE0B7BA8EE036B32EE442BA8EE067B37
:102BE00032EE002BB0EE483B39EE022B90EE053B67
:102BF00034EE085B20EE080B34EE454B32EE036BEF
:102C000034EE084B36EE046BA0EE076B35EE064B48
:102C100021EE048B18EE902AB0EE487BC2F30A55E1
:102C20006FF47273EB183E2B91EE047B35EE445B30
:102C300035EE065BA1EE057B00F2EF809C4B93ED39
:102C4000024B93ED005BB0EE441B93ED042BA8EE1A
:102C5000051B93ED066B11EE101A31EE441B01F0CB
:102C60007F0293ED0E4BA1EE028BA1EE068B93ED4E
:102C70000C6B37EE087B27EE072B921802F10F043E
:102C800003EBC202A7EE046B92ED1C4B03EBC402F4
:102C900093ED0A3B93ED085B53F834605768A7EE59
:102CA000035B4018002422EE023B37EE047BA2199E
:102CB000A2EE057B07EB4033A3EE067B002D00F070
:102CC000BB8043EC102BA7EE000B09B0BDEC0A8BC8
:102CD000BDE8F08F11EE103AD8184CEB0C0A6FF0EB
:102CE000010910F1FF3B4AF1FF3E6FF40018D9458E
:102CF00078EB0E0EC0F0548114EB040E45EB050A80
:102D00001EF1FF3B6AF10000D94578EB0000C0F0EE
:102D10001F81002DC7F30A0E80F2778140F2FE304A
:102D2000864540F3F58040F23340864500F37481D8
:102D3000A0EB0E004FF0FF39A0F1200309FA03FBCE
:102D400009FA00F8C0F1200A48EA0B08019329FAB1
:102D50000AFB009B48EA0B0809FA00F923EA090973
:102D60002CEA080859EA080840F0D280C3400198CC
:102D70000CFA0AFA2CFA00F043EA0A03034303F0C0
:102D800001039804AEF2BE337F2B22F00042C6F35B
:102D90000A0621D8002E7FF4DFAE9FED3F7B45EC85
:102DA000164B26EE077B55EC174B25F000422146CB
:102DB000A2F15072D0E6009BD8184CEB0C086FF0D3
:102DC000010B10F1FF3A48F1FF396FF40016D345BB
:102DD00076EB0906C0F02281364B9A4208BF0029E3
:102DE00000F0B38040F2BD339E45324B48D90129F3
:102DF00072EB030334BF01230023B7F5006F2CBF30
:102E000000270127BB424FF000000ED109B0BDECF6
:102E10000A8BBDE8F04F00F013BA002BC0F281809E
:102E2000B5F5816F2AD9002AF0DB09B0BDEC0A8B19
:102E3000BDE8F04F00F00CBAA14280F29D80B7EEE1
:102E4000004B03F17F5101F50011104641EC150BC9
:102E500027EE057B35EE076BB0EEC63BB4EEC43B08
:102E6000F1EE10FA28D49FED0E0B26EE000B09B000
:102E7000BDEC0A8BBDE8F04F00F01ABA0025DDE684
:102E8000002088429341B7EE000B34BF31EE000BB7
:102E900030EE410B19E700BF000000000000304396
:102EA0000000000000001000AB6A19C0884E050841
:102EB000D05E05080000F03FB5EEC06BF1EE10FAF1
:102EC00001D5BFEE004B36EE042B35EE465B34EEFB
:102ED000423B35EE075B33EE067B37EE057B37EE84
:102EE000027B37EE446BB5EE406BF1EE10FA04D185
:102EF000002201F0004343EC162B9FED735B8DED38
:102F0000045B9DED047B27EE057B8DED067BAAE738
:102F100045EC104B09B0BDEC0A8BBDE8F04F00F05A
:102F2000B7B9B7EE000B38EE000B00283FF4CDAE7A
:102F3000B1EE400BC9E64918694B82F400224FF00C
:102F400000005241884293415AD3B7EE000BBCE6D1
:102F5000002D20EE000B73DB00205EEA0A0A40F031
:102F60009C80BCF1000FBFF6B0AE09B0BDEC0A8B7F
:102F7000BDE8F04F00F074B903F140419FED546B90
:102F800001F57001104641EC100BA7EE000B20EE8E
:102F9000060B09B0BDEC0A8BBDE8F04F00F094B908
:102FA00050EA0A03C7D021194E4F4FF0000645EBF7
:102FB00005038E4277EB030E1A4621D3BA4508BFAC
:102FC000B0421DD14848834208BFB142BDD0464BF4
:102FD0006FEA0C0C9A424FEADC7C34BF00220122DB
:102FE00062456BD09FED3C0B6FE6009B8CF4002C90
:102FF000DB183B4B4CEB0C0C864273EB0C03A4D25E
:1030000045EC174B37EE010B5FE6AEF2BE337F2B7C
:103010003FF6E8AE0020BDE60020B3E650EA080621
:1030200089D0324F0026BD4208BFB442DDD018F52A
:10303000001F08BFB042E3D1491845EB0202C6E7C2
:10304000C7F30A02A2F2FF31342985D8C2F586629D
:103050004FF0FF31A2F11D04033201FA04F601FA28
:1030600002F0C2F120053043009B21FA05F63043FF
:10307000914023EA01012CEA000001437FF46CAF88
:10308000D3401A460CFA05F52A432CFA04F42243DD
:1030900012F001020ED110465FE7BCF1000FBFF63F
:1030A00014AEB7EE006B86EE007B8DED027B9DEDDE
:1030B000020B0AE60120B1EE400B4EE721EE010BB8
:1030C00003E600BFAFF30080000000000000100026
:1030D000000000000000007F000000000000000071
:1030E0000000F0FF0000E0FF0000E07F0000F03F84
:1030F00000B583B08DED000B01990098C1F30A5221
:10310000A2F2FF33132B24DC002B44DB3A4A1A4192
:1031100001EA020E5EEA000E8C461FD09FED347B62
:103120009DED006B36EE077BB5EEC07BF1EE10FA3D
:1031300009DD002904DA4FF4801141FA03F39C44BD
:103140002CEA020100200B46024643EC102B03B090
:1031500000BD332B06DDB3F5806F2AD09DED000B4B
:1031600003B000BDA2F213424FF0FF3C2CFA02F272
:103170001042F3D09FED1E7B9DED006B36EE077B7A
:10318000B5EEC07BF1EE10FADDDD002984461CDBD4
:103190002CEA0200D7E79FED167B30EE077BB5EEF9
:1031A000C07BF1EE10FACEDD002907DB00200146DE
:1031B000C9E79DED007B37EE070BD1E721F0004119
:1031C00008430FD14FF00041BDE7142B0DD04FF055
:1031D000010EC3F134030EFA03F39C44604588BF2B
:1031E0007144D5E705490020ADE70131D0E700BFC4
:1031F0009C7500883CE4377EFFFF0F000000F0BFA5
:1032000010B52DED028BB0EE408B044602F034FA7F
:10321000B0EE480BBDEC028B046010BD82B058B11B
:10322000B1EE407B8DED007B9DED007B222020EEFA
:10323000070B02B0FFF7E4BFB0EE407BF2E700BF40
:103240009FED010BFFF7EABF000000000000001037
:103250009FED010BFFF7E2BF0000000000000070CF
:1032600082B00028BFEE006BB7EE007B07FE067B46
:103270008DED007B9DED000B9FED037B222080EE0A
:10328000070B02B0FFF7BCBF000000000000000009
:10329000B0EE407BB4EE477BF1EE10FA30EE406BBF
:1032A00086EE060B02D62120FFF7AABF704700BFAB
:1032B000B5EE400BF1EE10FA00D070472220FFF778
:1032C0009FBF00BF000000009FED076BB0EEC07B0A
:1032D000B4EE467BF1EE10FA00DC70472220FFF7D7
:1032E0008FBF00BFAFF30080FFFFFFFFFFFFEF7F47
:1032F0001FB514461A46094B1B680546D8684CB1E1
:10330000074B0091CDE9013406492B4601F004F842
:1033100002F0F7F9044B1C46F3E700BFF803002462
:10332000406705084D6705087B670508024B0A469C
:103330000146186800F002B8F803002470B5A1FB3C
:10334000025434B9294600F03FF8064628B9304601
:1033500070BD0C2202600026F9E72A46214601F0E2
:1033600018FAF4E7024B0146186800F02DB800BFC8
:10337000F8030024024B0146186802F0A3BF00BF07
:10338000F803002470B50F4E0C463168054611B99C
:1033900002F050F930602146284602F04BF9431CF8
:1033A00003D14FF0FF34204670BDC41C24F0030449
:1033B000A042F8D0211A284602F03CF90130F2D19F
:1033C000EFE700BF68C904242DE9F843CD1C25F0C0
:1033D000030508350C2D38BF0C25002D064601DBF2
:1033E000A94204D90C2333600020BDE8F883DFF83C
:1033F000D48000F069F8D8F800301C4644BB294658
:103400003046FFF7BFFF431C044658D1D8F80040B0
:103410002746002F43D1002C4BD023683946304635
:1034200004EB030902F006F9814542D121686D1AC7
:1034300029463046FFF7A6FF01303AD023682B44D7
:103440002360D8F800305A6862BBC8F800700FE0FB
:103450002268521B20D40B2A17D96119A342256078
:1034600018BF5960636808BFC8F8001062514B600C
:10347000304600F02FF804F10B00231D20F0070068
:10348000C21A1CBF1B1AA350AFE76268A3420CBF4D
:10349000C8F800205A60EBE723466468AEE73C4674
:1034A0007F68B6E71A465B68A342FBD100235360EE
:1034B000DEE70C233360304600F00CF894E705603B
:1034C000D6E700BF6CC90424014802F001B900BF6F
:1034D000D6CA0424014802F0FDB800BFD6CA0424AD
:1034E000164B10B51C68226BB2B91820FFF73AFFD3
:1034F0000246206320B9124B12485221FFF7F8FE12
:103500001149124BC0E90013114B83600B238381D7
:1035100000210120C2E9040113690E4854690E49D3
:10352000584301FB0400A3FB0131013340EB0100D0
:10353000C2E9043020F0004010BD00BFF8030024B1
:103540007C670508936705080E33CDAB34126DE632
:10355000ECDE05002DF451582D7F954C242B2DE9E0
:10356000F0478646904601D8012B06D102F084F838
:10357000162303600020BDE8F08734480D462A4634
:1035800015F8014B065D16F00806F8D12D2C10D168
:103590002C780126951C33F0100215D1302C0DD15A
:1035A0002A7802F0DF02582A08D16C7802351023FD
:1035B0000AE02B2C04BF2C78951CECE7002BF6D1ED
:1035C000302C14BF0A23082306F1004C0CF1FF3CF9
:1035D0000022BCFBF3F9104603FB19CAA4F1300723
:1035E000092F0FD83C46A3421BDD571C07D081454D
:1035F00014D301D1A24511DB00FB0340012215F8D1
:10360000014BEBE7A4F14107192F01D8373CEAE75A
:10361000A4F16107192F04D8573CE4E74FF0FF32BB
:10362000EDE7531C08D12223CEF800306046B8F1F4
:10363000000FA0D0691E06E006B14042B8F1000FAD
:1036400099D0002AF6D1C8F8001094E7CA69050895
:10365000FFF784BF022B10B50AD09208013A036825
:103660000C6840F8044B002A41F8043BF6DC10BD1E
:1036700002440C78037800F8014B01F8013B131A5F
:10368000002BF6DCF3E7F8B50F46164604461D4658
:1036900098470028314638460CDAA847002802DA55
:1036A0003C462046F8BD31462046A8470028F8DAB7
:1036B0003446F6E7A8470028F2DC31462046A84702
:1036C0000028F5DAEDE72DE9F04F95B007460093B5
:1036D00040EA02039B07154618D1B2F1040818BF4F
:1036E0004FF001080023019305FB01F43B19062963
:1036F00007EB050B029328D8029B9B4510D3019B37
:10370000002B40F0178115B0BDE8F08F4FF0020894
:10371000E8E743462A4631462046FFF79BFF0FE085
:103720005C460EE0661B009B214630469847002809
:1037300009DDB8F1000FECD12368326822603360F4
:103740003446A742EED3AB44D6E74FEA5109641B97
:10375000072905FB09793C4421D0282944D9CE0802
:103760006E43009B07EB4602B9193846FFF78BFF03
:10377000494609EB0602009B8246881BFFF783FF40
:103780002246009B8146A11BA4EB4600FFF77BFF6E
:1037900002464946009B5046FFF775FF8146B8F147
:1037A000000F24D13B68D9F800203A60C9F80030F6
:1037B000D946A2465E460023A14536D80393394632
:1037C000009B484698470028039B2CDC0AD1B8F19F
:1037D000000F13D13368D9F800203260C9F80030E7
:1037E0002E440123A944E7E72246BA46D1E74346DF
:1037F0002A4649463846FFF72DFFD9E743462A4671
:1038000049463046FFF726FFEAE70BD1B8F1000F33
:1038100013D12368DAF800202260CAF80030AAEB3E
:10382000050A0123641BA1450ED9002B40D1029B40
:103830009B45BFF464AF5C4636E043462A4651469A
:103840002046FFF707FFEAE703933946009B20462F
:1038500098470028039BD8DAB8F1000F07D1D9F8B0
:1038600000302268C9F800202360641BB9E7434692
:103870002A4621464846FFF7EDFEF6E743462A462C
:1038800031462046FFF7E6FE0DE0661B009B214611
:1038900030469847002809DDB8F1000FEED12368C3
:1038A0003268226033603446A742EED3AB44BEE7B1
:1038B000A9EB060BF21B5A45A8BF5A462AB143464C
:1038C000A9EB02013846FFF7C5FE029BA3EB0A02F3
:1038D000AAEB0404521BA24228BF22462AB1029935
:1038E0004346891A4846FFF7B5FE029B5C45A3EBA9
:1038F000040605D823465C469B4633463E461F4693
:10390000AB4520D9BBFBF5F1019B072B0BD8B4FBD2
:10391000F5F414AA02EBC30343F8406C43F83C4CA3
:10392000019B0133DFE6009B2A463846FFF7CBFEBA
:10393000AC420BD8019B14AA013B019302EBC303D9
:1039400053E91071D0E6AC427FF6D9AEB4FBF5F185
:103950003746C9E6F0B52DED028BB0EE408B85B051
:1039600017460D9D0C9E18EE902A25F02005002A82
:10397000B6BF2D220022B1EE408B462D0C461A70A8
:1039800004D0452D00D10134022100E0032103AB16
:10399000019302AB009322463346B0EE480B01F090
:1039A00047FF472D14D1FB070AD50219B5EE408B0E
:1039B000F1EE10FA08BF03923021039B934219D312
:1039C000039B0E9A1B1A136005B0BDEC028BF0BD71
:1039D000462D00EB0402E9D10378302B07D1B5EE78
:1039E000408BF1EE10FA1CBFC4F10104346033685F
:1039F0001A44DBE75C1C03941970DEE7F7B5002975
:103A0000BABF49422D232B2309290270437029DDB7
:103A10000DF1070425460A272246B1FBF7F607FBFE
:103A20001613303302F8013C0B46632B04F1FF34CC
:103A30003146F1DC3031931E04F8011C411C1C4658
:103A4000AB420AD30DF109039B1AA54238BF0023EC
:103A5000821C1344181A03B0F0BD13F8016B01F86F
:103A6000016FEDE7302330318370C170031DF1E742
:103A70002DE9F04F8DB00C46DDF8588016461F46F4
:103A8000054601F041FDD0F800B05846BDF710F8EA
:103A900000230A93D8F8003094F818902268059013
:103AA000073323F00703B3EC020B9FED997BB0EED5
:103AB000C06BB4EE476BF1EE10FAC8F8003084ED3D
:103AC000120B24DDB5EEC00BF1EE10FA02D52D235A
:103AD00084F843309049914BB9F1470F8CBF884629
:103AE000984622F004020323236122604FF0000A6B
:103AF000009733460BAA2146284600F0D3F901303F
:103B000040F089804FF0FF300DB0BDE8F08FB4EE8B
:103B1000400BF1EE10FA09D710EE903A002BBCBF23
:103B20002D2384F843307E497E4BD5E76368591CCA
:103B300009F0DF0A39D10623636042F48062002372
:103B4000226003930AABCDE9019309AB009361684E
:103B50000DF123032846FFF7FDFEBAF1470F09993F
:103B6000804629D1C81C02DB63688B4241DAA9F187
:103B700002095FFA89F901394A4604F150000991B6
:103B8000FFF73CFF0A9A1318012A8246236102DCE0
:103B90002268D20701D5013323619DF82330002B21
:103BA000A6D02D2384F84330A2E7BAF1470FC4D141
:103BB000002BC2D10123BFE7B9F1650FDBD9B9F101
:103BC000660F18D1002963680BDD216113B92268E3
:103BD000D00702D501330B442361A1654FF0000AE1
:103BE000DBE713B92268D20701D50233F4E70123DA
:103BF000F2E74FF067090A9B8B4205DC23682161DD
:103C0000D807EAD54B1CE7E70029D4BFC1F102026F
:103C100001221344E0E723685A0507D4236942468A
:103C200031462846B84701302AD16BE7B9F1650F14
:103C300040F2E28094ED127BB5EE407BF1EE10FA9B
:103C400033D1394A012331462846B84701303FF481
:103C500059AFDDE90938434502DB2368D8070FD5A2
:103C6000059B5A4631462846B84701303FF44AAFD3
:103C70004FF0000908F1FF3804F11A0AC84509DCC1
:103C800023689B0700F10981E0680B9B9842B8BF4D
:103C9000184639E70123524631462846B8470130D5
:103CA0003FF430AF09F10109E8E7099B002B3DDC47
:103CB0001D4A012331462846B84701303FF422AF60
:103CC000DDE9093959EA030302D12368D907D7D5B9
:103CD000059B5A4631462846B84701303FF412AF9B
:103CE0004FF0000A04F11A0B099B5B42534501DCBB
:103CF0004B4694E701235A4631462846B8470130DF
:103D00003FF400AF0AF1010AEEE700BFAFF3008015
:103D1000FFFFFFFFFFFFEF7FEF670508EB67050879
:103D2000F7670508F3670508C4690508A36DDDF8A2
:103D300028A05345A8BF5346002B994637DC0023E3
:103D4000079329EAE97904F11A02A36D079906930A
:103D5000A3EB09038B4231DC099B9A453BDC2368CA
:103D6000DA0738D4099BAAEB0309069BAAEB0303E5
:103D70009945A8BF9946B9F1000F34DC4FF000080F
:103D800029EAE97904F11A0B099BAAEB0303A3EBD7
:103D9000090343457FF774AF01235A46314628464D
:103DA000B84701303FF4AEAE08F10108ECE74246F7
:103DB00031462846B8470130C1D1A3E60123314638
:103DC00028460692B84701303FF49CAE079B069AFE
:103DD00001330793B9E7059B5A4631462846B84751
:103DE0000130BFD18EE6069A4B4642443146284602
:103DF000B8470130C2D185E6DDF82890B9F1010F4E
:103E000001DCDB0736D50123424631462846B84758
:103E100001303FF477AE059B5A4631462846B847F5
:103E200001303FF46FAE94ED127BB5EE407BF1EEC6
:103E300010FA09F1FF3918D04B4608F1010231465A
:103E40002846B84701300CD15CE601235A4631467A
:103E50002846B84701303FF455AE08F10108C8457F
:103E6000F3DB534604F15002DAE64FF0000804F1A8
:103E70001A0BF4E701234246E1E701234A463146A3
:103E80002846B84701303FF43DAE08F10108E36829
:103E90000B995B1A4345F0DCF6E64FF0000804F19D
:103EA0001909F4E72DE9F047164698468A680B6928
:103EB000DDF820909342B8BF1346336091F8432059
:103EC00007460C460AB1013333602368990642BFA6
:103ED000336802333360256815F0060506D104F116
:103EE000190AE36832689B1AAB4226DC94F8433027
:103EF0002268003B18BF012392062BD404F1430231
:103F000041463846C84701301ED02368226903F075
:103F10000603042B02BFE5683368ED1AA3680CBFE3
:103F200025EAE57500259342C4BF9B1AED180026CB
:103F30001A34B5421AD1002008E001235246414606
:103F40003846C847013003D14FF0FF30BDE8F08755
:103F50000135C6E7E1185A1C302081F8430022449D
:103F600094F8451082F843100233C7E70123224634
:103F700041463846C8470130E6D00136D9E700004F
:103F80002DE9F0430D7E85B0782D90460C9E0746B6
:103F90000C46994601F1430207D8622D0AD8002D3C
:103FA00000F0D780582D00F0BC8004F1420684F860
:103FB00042503BE0A5F16303152BF6D801A151F85F
:103FC00023F000BF1D40040831400408AB3F040843
:103FD000AB3F0408AB3F0408AB3F04083140040882
:103FE000AB3F0408AB3F0408AB3F0408AB3F0408F9
:103FF000394104085B400408EB400408AB3F040867
:10400000AB3F04085B410408AB3F04085B40040875
:10401000AB3F0408AB3F0408F340040833681A1DA3
:104020001B68326004F1420684F842300123A1E0AB
:1040300033682068191D3160060601D51D6803E04C
:104040004506FBD5B3F90050002D03DA2D236D4250
:1040500084F843305B480A2311E02168336808067E
:1040600053F8045B02D4490648BFADB23360237EE7
:1040700054486F2B5CD10823002184F843106668F4
:10408000A660002E05DB21682E4321F0040121608B
:1040900050D01646B5FBF3F103FB115C10F80CC0D1
:1040A00006F801CDAC4663450D46F3D9082B0BD17C
:1040B0002368DB0708D5236961689942DEBF302396
:1040C00006F8013C06F1FF36921B2261CDF8009004
:1040D000434603AA21463846FFF7E4FE01304ED19D
:1040E0004FF0FF3005B0BDE8F083236843F02003B4
:1040F00023603548782584F845502368316813F0EB
:10410000800F51F8045B03D113F0400F18BFADB21C
:104110003160D90744BF43F0200323601DB1102351
:10412000AAE72848E7E7236823F020032360F6E79F
:104130000A23A1E71646B9E7336825686169181DA7
:1041400030602E061B6801D5196002E06806FBD5B9
:104150001980002323611646B8E733681A1D3260C0
:104160001E68626800213046BCF752FC08B1801B13
:10417000606063682361002384F84330A6E7236905
:10418000324641463846C8470130A9D023689B07CC
:1041900013D4E068039B9842B8BF1846A2E70123F6
:1041A000324641463846C847013099D00135E36868
:1041B00003995B1AAB42F2DCEBE7002504F1190628
:1041C000F5E700BFFB6705080C680508002310B57C
:1041D0000446C0E90033C0E904338360818143664B
:1041E000C2818361194608225C3000F0D2FA0D4B7F
:1041F00063620D4BA3620D4BE3620D4B23630D4BCA
:1042000024629C4206D003F16802944202D0D0336B
:104210009C4205D104F15800BDE8104001F056BAA7
:1042200010BD00BF194504083F4504087745040840
:104230009D45040870C90424024A0349034800F05C
:104240007DB800BFE403002411720408FC030024BD
:1042500041680C4B994210B5044601D002F0D8FFDA
:10426000A168094B994202D0204602F0D1FFE168D3
:10427000064B994204D02046BDE8104002F0C8BF6A
:1042800010BD00BF70C90424D8C9042440CA042446
:104290000C4B0D4A0D4810B504211A600022FFF79F
:1042A00095FF0A4B01221C46092103F16800FFF724
:1042B0008DFF04F1D0000222BDE810401221FFF76B
:1042C00085BF00BFA8CA04243942040870C9042469
:1042D000014801F0FDB900BFD7CA0424014801F02C
:1042E000F9B900BFD7CA042410B50446FFF7F0FFA0
:1042F000236A1BB1BDE81040FFF7F0BF044B2362F7
:10430000044B1B68002BF5D1FFF7C2FFF2E700BF9B
:1043100051420408A8CA04240EB403B5014603ABF5
:10432000054853F8042B0068019302F0DBFD02B04E
:104330005DF804EB03B07047F80300242DE9F8435F
:104340000746884614460026D4E90195B9F10109CB
:1043500005D52468002CF7D13046BDE8F883AB8939
:10436000012B07D9B5F90E30013303D02946384661
:10437000C04706436835E9E70FB407B5064904AB03
:10438000086853F8042B8168019302F0ABFD03B079
:104390005DF804EB04B07047F8030024024B0146BB
:1043A0001868826802F0B9BFF8030024036A70B588
:1043B000846805460E460BB9FFF796FF636EDB0770
:1043C00005D4A389980502D4A06D01F081F9A389D1
:1043D000190702D52369002B35D12146284600F064
:1043E0005BF980B34FF0FF35636EDA0705D4A3891C
:1043F0009B0502D4A06D01F06DF9284670BD002B1D
:1044000004DAA269934217DB0A2915D023685A1CE3
:1044100022601970A36816F8011F013BA3600029F0
:10442000EDD1002B11DA22460A21284600F0F6F8D9
:104430000130D7D00A25D7E72246284600F0EEF80B
:104440000130E7D1CEE7013EE4E723685A1C226041
:104450000A221A70EEE70000024B01461868FFF7C7
:10446000A5BF00BFF80300240CB430B5184B0C1ED8
:104470001D689DB008DA8B232B604FF0FF301DB014
:10448000BDE8304002B070474FF40273ADF814300D
:104490004FF000031B9314BF04F1FF332346049332
:1044A00007934FF6FF7302900690ADF81630209AEE
:1044B00021AB02A92846019302F0F2FB431CBCBFCA
:1044C0008B232B60002CDAD0029B00221A70D6E7D7
:1044D000F80300240EB410B59DB01FAB02900690F7
:1044E0006FF000410A48079104910A4953F8042BE0
:1044F0000591002402A9006801931B9402F0D0FBEF
:10450000029B1C701DB0BDE8104003B0704700BF97
:10451000F80300240802FFFF10B50C46B1F90E1095
:1045200001F076F80028ABBF636DA3891B1823F454
:104530008053ACBF6365A38110BD002070472DE997
:10454000F0411F468B89DB0505460C46164605D50E
:10455000B1F90E100223002201F048F8A389B4F942
:104560000E1023F48053A38132463B462846BDE813
:10457000F04101F06FB810B50C46B1F90E1001F022
:1045800035F8B4F90C30421C0BBF23F4805343F4CC
:104590008053A381A38118BF606510BDB1F90E10CF
:1045A00000F0B6BF30B51446002C9BB005461A4645
:1045B00005DA8B2303604FF0FF301BB030BD4FF4A2
:1045C0000273ADF80C304FF00003199314BF04F1DF
:1045D000FF332346029305934FF6FF730091049136
:1045E000ADF80E3069461E9B02F05AFB431CBCBF5F
:1045F0008B232B60002CE0D0009B00221A70DCE79C
:1046000007B5009313460A46014603480068FFF7C2
:10461000C9FF03B000BD00BFF8030024F8B50E4683
:104620001446054618B1036A0BB9FFF75DFEA3698E
:10463000A360A3891A0701D5236943B921462846F7
:1046400000F02AF818B14FF0FF373846F8BD23685C
:104650002269981A6369F6B28342374605DC21461F
:10466000284602F0D5FD0028EDD1A368013BA360E8
:1046700023685A1C22601E706269431C9A4204D04F
:10468000A389DB07E1D50A2EDFD12146284602F0B7
:10469000BFFD0028D9D0D6E738B5284B05461868A5
:1046A0000C4618B1036A0BB9FFF71EFEB4F90C30C3
:1046B0001A0721D4D80607D409222A6043F0400300
:1046C000A3814FF0FF3030E0590712D5616B41B143
:1046D00004F14403994202D0284601F0F3FD00237F
:1046E00063630022B4F90C3062602269226023F017
:1046F000240343F00803A38122693AB99A0501D53E
:10470000180603D52146284602F0CEFDB4F90C3038
:1047100013F001020AD00022A26062695242A26133
:10472000226942B913F08000C8D138BD990758BF3B
:104730006269A260F4E70020F7E700BFF8030024F5
:1047400010B501390244904201D1002005E0037800
:1047500011F8014FA34201D0181B10BD0130F2E740
:10476000884210B501EB020402D98442234607D8DF
:10477000431EA14207D011F8012B03F8012FF8E7DF
:104780000244824200D110BD13F8011D02F8011D40
:10479000F7E702440346934200D1704703F8011B38
:1047A000F9E7C9B20346184613F8012B12B18A4241
:1047B000F9D17047002918BF0020704710B56AB1C1
:1047C0000139841810F8012B11F8013F9A4203D1E6
:1047D000A04201D0002AF5D1D01A10BD1046FCE746
:1047E00010B50139034632B111F8014F03F8014BFE
:1047F000013A002CF7D11A440021934200D110BD98
:1048000003F8011BF9E7000038B50B4B1D686A6B14
:10481000044652B92420FEF7A5FD0246686320B97C
:10482000064B07483221FEF763FD20461146BDE8DE
:10483000384000F007B800BFF80300247C67050883
:104840001D6805082DE9F0410C46074602F0F6FD0B
:1048500021460646384602F0F5FD436999070446AD
:1048600003F26C7806D1642298FBF2F302FB138307
:10487000002B6FD14FF4C87398FBF3F503FB15853C
:10488000B5FA85F56D09644B6D4205F030051D44A0
:1048900000F002FC00F00CFC604B1B68002B68D0A1
:1048A0007368434558D1D7E900233768D6E9080132
:1048B000002F59D1824273EB01015CDB012323629B
:1048C000336D21684FF4616293FBF2F002FB103309
:1048D0003C2293FBF2F602FB1633C91A6268A36806
:1048E0002160921B1B1A3B296260A3604FDD0132DD
:1048F00062603C3921603B2A4FDD0133A3603C3AC2
:104900006260172B4FDDE2690132E261A269013278
:10491000072AA8BF0022A261E268183B0132A36007
:104920002369E26055F823108A420EDD0B2BA2EBBF
:104930000102E26003F1010209BF63692261002202
:10494000013302BF22616361E26100F0ABFB2046EC
:10495000BDE8F081012596E7404600F0EBFA00281B
:10496000A1D14FF0FF3304E0824273EB010102DA80
:104970000023236209E0D6E9120182428B41B4BFD1
:10498000012300232362002B9AD1B36A99E70029FF
:10499000B1DA013A62603C31ACE7002AB1DA013B9E
:1049A000A3603C32ACE7002BCFDAE269013AE26166
:1049B000A269013A48BF0622A261E2681833013AAF
:1049C000E260A360002AC0D12369013B04D42361C3
:1049D00055F82330E360B8E70B23236163695A1E5F
:1049E0006261920703F26B7305D1642193FBF1F2CC
:1049F00001FB12326AB94FF4C87293FBF2F102FB69
:104A00001133B3FA83F35B0903F5B673E3610B2348
:104A1000DEE70123F8E700BF2C6B0508CCCA0424AD
:104A2000F7B501683B29044611D93C22684600F0DD
:104A30006FFE019A63680099002A0B446360BBBF54
:104A40003C3203F1FF3322602260B8BF63606168CB
:104A50003B2911D93C22684600F05AFE019AA3680E
:104A60000099002A0B44A360BBBF3C3203F1FF3323
:104A700062606260B8BFA360A168172911D91822CB
:104A8000684600F045FE019AE3680099002A0B444D
:104A9000E360BBBF183203F1FF33A260A260B8BF6E
:104AA000E36021690B2911D90C22684600F030FE21
:104AB000019A63690099002A0B446361BBBF0C3201
:104AC00003F1FF3322612261B8BF636163699A0712
:104AD0003FD1642193FBF1F201FB1232002A3AD15B
:104AE00003F26C734FF4C87293FBF2F102FB1133C3
:104AF000002B0CBF1D231C23E268002A2DDD304D46
:104B00002169012914BF55F82100184682424DDD64
:104B10000131121A0C29E2602161F1D16369002090
:104B2000591C20618807616146D1642091FBF0F631
:104B300000FB1611002941D103F26D734FF4C871C7
:104B400093FBF1F001FB1033002B0CBF1D231C2342
:104B5000D6E71C23D0E71D23CEE7194E0B25642092
:104B6000216901392161013116D16369591E8F070D
:104B7000C4E904511CD191FBF0F700FB1711C9B92E
:104B800003F26B734FF4C87193FBF1F701FB17331A
:104B9000002B0CBF1D231C232169012914BF56F8CB
:104BA000211019460A44002AE260D9DD03B0F0BDA5
:104BB0001C23F1E71D23EFE71C23A1E71D239FE73B
:104BC000FC6A05082DE9F04F85B0074602F036FC77
:104BD00081463846FFF724FFD7E900433C2202FB19
:104BE0000344BB687D694FF4616202FB0344D7E96B
:104BF0000363C34A52F82320013E012B164411DD02
:104C0000A9070FD1642295FBF2F302FB135343B9BA
:104C100005F26C734FF4C87293FBF2F102FB11338F
:104C200003B9013605F51C53103344F62062934254
:104C3000FE6100F27081462D40F3B680462340F2BB
:104C40006D1C64214FF4C8709A0740F0A78093FB55
:104C5000F1F201FB1232002A40F0A38003F26C72E1
:104C600092FBF0FE00FB1E22002A0CBF4FF4B7722D
:104C700062460133AB421644E6D1A24B4FEAE478D8
:104C8000C6FB034800F008FA00F012FA9E4B1B68BE
:104C9000002B00F04781D7F820A078695346012BFC
:104CA000A8BF01230193D9F8043000F26C7083424D
:104CB00040F0BD80D9E90821D9F85000D9F84CC09E
:104CC000131A0393D9F848300293029AD9F828307E
:104CD00061EBE07BB2EB030E6CEBE371744578EBB8
:104CE000010280F2C780D9F80020002A00F0D080AD
:104CF000039A944278EB0B02C0F21181744578EB71
:104D00000101B4BF4FF0010B4FF0000BBAF1000FDF
:104D1000C0F29480019A82EA0B0ABAF1010F40F0C6
:104D20008D80BBF1000F00F0C2801B1A3A681A4454
:104D30001C193A603846FA68019248EBE378FFF7AD
:104D40006FFEFB68019A9B1A78D0012B00F3B180AB
:104D5000B3F1FF3FA8BF9A46FB691AEB0303564421
:104D600040F1B0806B1E990740F0A680642293FB4F
:104D7000F2F102FB1133002B40F0A1804FF4C87315
:104D800005F26B7595FBF3F203FB1255002D40F213
:104D90006D1318BF4FF4B673FB614FE040F26D1214
:104DA00067E74FF4B77264E73FF467AF452340F21B
:104DB0006D1C64214FF4C87012E062BB93FBF1F2EA
:104DC00001FB123252BB03F26C7292FBF0FE00FB4D
:104DD0001E22002A0CBF4FF4B7726246B61A013B7E
:104DE000AB4203F00302E8DCDAB9642295FBF2F38C
:104DF00002FB1353C3B905F26C734FF4C87293FBF3
:104E0000F2F102FB1133002B40F26D1308BF4FF497
:104E1000B773F61A31E740F26D12DFE74FF4B7725D
:104E2000DCE740F26D13F4E74FF4B773F1E700F0FD
:104E300081F800287FF43EAFDDF804B0BBF1010F2C
:104E400072D1D9F850301C1948EBE3784FF0010BC0
:104E500000F028F90436072396FBF3F3C3EBC303F2
:104E6000F61A56D4C7F820B0BE612046414605B0B8
:104E7000BDE8F08F029A121A02924FEAE0726CEBD0
:104E8000020C029A944278EB0C0CBFF62CAFD3E7DD
:104E9000039A944278EB0B02FFF630AFBAF1000FA1
:104EA000CFDB4FF0010B35E74FF0000B32E7C31AB1
:104EB0003CE74FF0FF3A4FE74FF4B6736CE740F230
:104EC0006D1369E7AA0717D1642195FBF1F201FB85
:104ED0001252DAB94FF4C87205F26C7595FBF2F113
:104EE00002FB1155002D40F26D1208BF4FF4B7724E
:104EF0009342A8BF9B1A4FE740F26D12F8E700BF3C
:104F0000CC6A050880510100CCCA04244FF4B77262
:104F1000EEE70736A6E74FF0FF34A046A5E7BAF163
:104F2000000FC1DA4FF0000BD9F828301C1948EBFC
:104F3000E3788DE72DE9F041044602F07FFA40F274
:104F4000B1739C4240F3A2806FF4F662A618A4F2FB
:104F5000B27340F26D12B61002FB03666FF4C861C3
:104F60006FF06302A4F26D7393FBF2F34FF4C87217
:104F70001E446318B3FBF2F3454A44601E440546E1
:104F800000F150072B7A4A2B3AD1696914F0030FCC
:104F900001EB060308D14FF0640E94FBFEFC0EFB00
:104FA0001C4CBCF1000F08D14FF4C87E94FBFEFCF2
:104FB0000EFB1C4CBCF1000F20D13B29D4BF0021BB
:104FC00001210B44013BA9694FEAE17CC3FB021CB0
:104FD000AB6AC9184CEBE373C5E908132835AF4237
:104FE000D0D1D0E90843D0E912128C429341B4BF2A
:104FF0000123002303600120BDE8F0810021E0E7E8
:10500000442B02D16B693344DDE7A30705D164214A
:1050100094FBF1F301FB134393BB4FF4C87194FB72
:10502000F1F301FB1343B3FA83F35B095942DFF851
:1050300064C0D5F80C8001F0300133464FF0000E0B
:1050400061440EF1010EF04551F82EC01ADC03F157
:10505000040E07219EFBF1F1C1EBC101AEEB010E85
:105060006969B1EB0E0E296901F1FF3148BF0EF1FC
:10507000070EC1EBC1017144614505DA0B44A2E79B
:105080000123D3E76344DCE70739F5E70020B3E702
:1050900080510100286B0508014800F018BB00BFD3
:1050A000D4CA0424014800F014BB00BFD4CA0424AD
:1050B000014B186800F002B8F80300242DE9F04F06
:1050C0008DB0054602F0BAF9BC49BD4F04462846EA
:1050D00001F07EF93968064610BBBA4BBA4A18602F
:1050E000BA4BA6621860BA4B2665C3E900224A2073
:1050F00000220023207284F83000C4E90366C4E96A
:105100000566C4E90823C4E90D66C4E90F66C4E96D
:1051100012230846FEF72EF93E600DB0BDE8F08F71
:10512000002940F08F803868FEF724F93046BBF73D
:10513000BFFC411C2846FEF747F93860002840F0C4
:105140008780A24AA24FDFF87CA200231360A14A05
:10515000CAF8003000200021C7E90022C4E9033367
:10516000C4E90533C4E90801C4E90D33C4E90F33C8
:10517000C4E912014A222272A36284F83020236516
:1051800033783A2B08BF01360DF1280B33783C2BCE
:1051900062D1751C904A91495B46284602F0F2F8AC
:1051A0000028BADD0A9BDA1E072AB6D8EA5C3E2A36
:1051B000B3D10236F518F35C2D2B5BD101354FF0DE
:1051C000FF380023ADF81E30ADF820300DF1200976
:1051D0000DF11E030093CDE901B98149CDF80CB062
:1051E0005B4607AA284602F0CDF8002895DDBDF8F9
:1051F0001E30BDF820603C2202FB0366BDF81C3067
:105200004FF4616202FB03660A9B08FB06F605EB9E
:105210000308EB5C3C2B40F0ED8008F10105714A7E
:105220006E495B46284602F0ADF8002828DC98F865
:1052300001303E2B24D1684BA662C7E90033CAF87F
:1052400000606AE7BBF7D6FB00287FF46CAF64E729
:10525000314600F040FA74E75F4A63495B463046E6
:1052600002F090F800287FF758AF0A9BDA1E072A51
:10527000A0D952E72B2B08BF01354FF00108A0E75A
:105280000A9BDA1E072A3FF648AFEA5C3E2A7FF403
:1052900044AF08F1020808EB030518F803302D2B82
:1052A00040F0B78001354FF0FF380023ADF81C30D7
:1052B000ADF81E30ADF820300A930DF11E030093B7
:1052C000CDE9029B4649CDF804B05B4607AA2846C3
:1052D00002F058F8002800F3A280A6F56163049359
:1052E0000A9BA0461D444FF0000B2B782C2B08BFC7
:1052F000013595F80090B9F14D0F40F0A0800AAB50
:105300000DF12602CDE9013209AA00923749039333
:105310000DF12202284602F035F803287FF4FDAE95
:10532000BDF822104B1E0B2B3FF6F7AEBDF8242024
:10533000531E042B3FF6F1AEBDF82630062B3FF688
:10534000ECAEC8E9031288F80890C8F814300A9B3C
:1053500005EB030900254FF00203ADF81C30ADF852
:105360001E50ADF820500A9599F800302F2B40F0D0
:1053700094800AAB08AACDE901320DF11E02009219
:105380001B49039307AA484601F0FCFFA84200F31B
:1053900084804A2100220023C4E90355C4E905554D
:1053A000C4E90823C4E90D55C4E90F55C4E9122323
:1053B0002172A56284F830102565AEE6766805088E
:1053C000ACCA0424C8CA042479680508CCCA0424D9
:1053D000F00300247B670508BCCA04247D68050827
:1053E000B2680508B0CA0424906805089E680508DC
:1053F000B1680508404A41495B46404601F0C2FF9A
:1054000000287FF718AF0A9BDA1E072A7FF643AF02
:1054100083E62B2B08BF01354FF0010845E7BDF8A7
:105420001E20BDF820303C2101FB0233BDF81C20BA
:105430004FF4616101FB023308FB03F34FE7B9F15D
:105440004A0F06BF01354B4644230A220BA92846C2
:10545000059301F0BBFBDDF82C90059BADF8260011
:10546000A94514D14D23BBF1000F07D123720321AD
:105470000223C4E90313C4F814B06BE784F8303096
:105480000B220123C4E90D230023E36362E780B20A
:1054900088F80830C8F814005CE7BDF81E20BDF895
:1054A00020303C2101FB0233BDF81C204FF4616128
:1054B00001FB0233C8F818300A9D0BF10103022BDF
:1054C0004D4408F128084FF0010B7FF40EAF049B08
:1054D00023650B4B3B606068074BA6627B60FFF760
:1054E00029FDA26A236DCAF800209B1A054A18BF3D
:1054F0000123136011E600BFB0CA042490680508B8
:10550000BCCA0424CCCA0424004870479005002477
:1055100038B5064D0023044608462B60DFF718FA1D
:10552000431C02D12B6803B1236038BDD0CA0424C8
:105530002D4B1B68834270B5044653D0C3691BB31F
:10554000DB6863B10025E369DB685959B1B90435FB
:10555000802DF8D1E3692046D96800F0B3FEE369F5
:10556000196811B1204600F0ADFEE3699D685DB198
:10557000294620462D6800F0A5FEF8E70E68204673
:1055800000F0A0FE3146E1E7616911B1204600F06C
:1055900099FEE16911B1204600F094FE216B11B132
:1055A000204600F08FFE616B11B1204600F08AFEAC
:1055B000A16B11B1204600F085FEA16C11B120460F
:1055C00000F080FE616C11B1204600F07BFEE16AC4
:1055D00011B1204600F076FE236A1BB12046BDE8DB
:1055E0007040184770BD00BFF803002438B5074D60
:1055F00004460846114600222A601A46DFF7CFF912
:10560000431C02D12B6803B1236038BDD0CA0424E7
:1056100038B5074D04460846114600222A601A464E
:10562000DFF779F9431C02D12B6803B1236038BD41
:10563000D0CA042438B5064D0023044608462B6022
:10564000DFF70CF9431C02D12B6803B1236038BD8E
:10565000D0CA042438B5074D044608461146002236
:105660002A601A46E0F71AF9431C02D12B6803B1ED
:10567000236038BDD0CA0424014B1868704700BFAE
:10568000F803002470B50D4B0D4D5B1B9C100026DC
:10569000A64209D102F0ACFB0A4D0B4B5B1B9C10E0
:1056A0000026A64205D170BD55F8043B9847013647
:1056B000EEE755F8043B98470136F2E7D06D050850
:1056C000D06D0508D06D0508D46D0508704770478A
:1056D000704770477047034611F8012B03F8012B00
:1056E000002AF9D170470A44914200F1FF3300D1FA
:1056F000704710B511F8014B03F8014F9142F9D1F1
:1057000010BD08B5062001F091FE0120DFF7F8F882
:1057100010B591FBF2F402FB14110460416010BD5E
:105720002DE9F74F03690C69A34207467EDB013C74
:1057300001F11408A30000F11405009305EB8403A4
:10574000019358F8243055F8242001339A4208EB8D
:105750008409B2FBF3F62ED34FF0000AC446AE46DE
:10576000D3465CF8043B98B206FB00A0020C1B0C6D
:1057700006FB0323DEF8002080B292B2121A5A44CC
:10578000DEF800004FEA134A9BB2C3EB224303EB5F
:10579000104392B242EA0342E1454EF8042B4FEA2D
:1057A000234BDED2009BEB582BB9019B043B9D425F
:1057B0001A462FD33C61384601F08CF8002825DBCF
:1057C0002946002058F8042BD1F800C01FFA82FEA9
:1057D0001FFA8CF3A3EB0E030344120CC2EB23421B
:1057E00002EB1C429BB243EA0243C14541F8043B31
:1057F0004FEA2240E6D255F8242005EB840322B973
:10580000043B9D421A460BD33C610136304603B03F
:10581000BDE8F08F1268043B002ACBD1013CC6E7FB
:105820001268043B002AEFD1013CEAE70020EEE7D2
:105830002DE9F04F2DED028B91B08DED080B079205
:10584000C2691C9E059155EC104B81460D9382B99F
:105850001020FDF787FD0246C9F81C0020B99E4BB9
:10586000EF219E48FDF744FD0023C0E901330360AA
:10587000C360116859B152684A60012393408B603C
:10588000484600F0E9FDD9F81C3000221A602F1EAE
:10589000B5BF0123002333603360914BBCBF27F0B9
:1058A00000470997BB4310D10D9AC7F3130742F283
:1058B0000F732743136000F0D4841D9B894F002B86
:1058C00000F0D684FB1C00F0D1BC9DED088BB5EE3A
:1058D000408BF1EE10FA0AD10D9A012313601D9B43
:1058E00013B11D9A804B1360804F00F0C1BC0EAA0B
:1058F0000FA94846B0EE480B01F0A0F83B0D0E9AF8
:10590000019046D0B0EE487B18EE901AC1F3130117
:1059100041F07F5141F44011A3F2FF33002007EE24
:10592000901AB7EE086B9FED665B37EE467B9FEDF6
:10593000666BA7EE056B9FED665B07EE903AB8EEDF
:10594000E74BB0EE467BA4EE057BFDEEC76BB5EEF4
:10595000C07BF1EE10FA16EE908A0B9008D5B8EEE7
:10596000E66BB4EE476BF1EE10FA18BF08F1FF38A2
:10597000B8F1160F2BD85E4901EBC80191ED007B01
:10598000B4EEC78BF1EE10FA01D508F1FF38002113
:105990001EE00F9B134403F232412029C1BFC1F125
:1059A00040018F4003F2124124FA01F1D6BFC1F148
:1059B0002001394304FA01F107EE901AB8EE677B33
:1059C000013B17EE901A0120A1F1F871A7E7012120
:1059D000D21A531E049345BFC2F101030293002360
:1059E00000234CBF04930293B8F1000F0C9118DB15
:1059F000049BCDF82880434404930023059A092A88
:105A000045D8052AC4BF043A0592059AA2F10202BC
:105A1000CCBF00240124032A44D8DFE802F0343646
:105A2000170B029B0022A3EB080302930A92C8F112
:105A30000003E3E701220692079A08EB020B0BF141
:105A4000010A5246012AB8BF012206E0012206924D
:105A5000079A002A29DD93469246D9F81C50002166
:105A6000042000F11406964226D969604846039343
:105A700000F0B4FC039B074600283DD11D4B0246B5
:105A800040F2AF11EDE60022E1E70022D3E7012466
:105A90000022CDE905244FF0FF3B0021DA46122217
:105AA0000791DAE701220692F5E74FF0010BDA469B
:105AB0005A46CDF81CB0D0E701314000D1E700BF15
:105AC00061436F63A787D23FB3C8608B288AC63F04
:105AD000FB799F501344D33F7C670508D1680508C4
:105AE0000000F07FCD680508C5690508C469050890
:105AF000C06B050829690508D9F81C20BAF10E0FFA
:105B0000106060D8002C5ED0B8F1000F40F3A58083
:105B1000BE4A08F00F0102EBC10218F4807F92ED3B
:105B2000006B4FEA281100F08A80B94A92ED087B99
:105B300001F00F01032288EE075BB548002940F011
:105B4000828085EE067B0C99002900F0AC80B7EED0
:105B5000006BB4EEC67BF1EE10FA40F1A480BAF10E
:105B6000000F00F0A080BBF1000F2CDDB2EE046B43
:105B700027EE067B08F1FF31039101325E4606EE07
:105B8000902AB1EE0C5BB8EEE66BA6EE075B15EE65
:105B9000902A51EC150BA2F1507141EC160B002E1E
:105BA00040F08580B1EE045B37EE457BB4EEC67BFA
:105BB000F1EE10FA00F36382B1EE466BB4EEC67BF1
:105BC000F1EE10FA1FD40F9A002AC0F22381B8F127
:105BD0000E0F00F31F818D4B03EBC80393ED007B89
:105BE000079B002B80F2C680BAF1000F00F3C28041
:105BF00009D1B1EE046B27EE067BB4EEC78BF1EE54
:105C000010FA00F2398200263446079BDB430393E7
:105C10003D46A04600243146484600F01DFCB8F140
:105C2000000F00F0A1802CB1444503D02146484626
:105C300000F012FC4146484600F00EFC94E00222BF
:105C4000B0EE485B79E7CE0704D590ED007B0132DA
:105C500026EE076B4910083070E720D0C8F100012C
:105C60006A4A01F00F0002EBC00292ED007B684827
:105C700028EE077B091100240222B0EE476B19B908
:105C8000002C07FE067B5EE7CD0705D590ED005B97
:105C90000132012426EE056B49100830EFE702229D
:105CA000B0EE487B4FE7CDF80C80564667E7574A81
:105CB00002EBC60212ED024B069AB9194AB3B6EED0
:105CC000003BB7EE002B3D4683EE045BB2EE043B97
:105CD00035EE466BFDEEC74B14EE902AB8EEE45B52
:105CE000303237EE457BB4EEC67BF1EE10FA05F8A4
:105CF000012B39D432EE475BB4EEC65BF1EE10FAFD
:105D00006DD48D423FF45FAF26EE036B27EE037B2D
:105D1000E0E7384624EE065BB2EE043BFDEEC74BEF
:105D200014EE902A303200F8012B8842B8EEE46B72
:105D300037EE467B1BD1B6EE006B35EE064BB4EE6C
:105D4000C47BF1EE10FA07EB060548DC36EE456B36
:105D5000B4EEC67BF1EE10FA7FF535AF2B4615F8A1
:105D6000012D302AFAD01D46DDF80C8025E027EE03
:105D7000037BD3E73D46B2EE045B88EE076BBDEED6
:105D8000C66B16EE103A303305F8013BEB1B9A4513
:105D9000B8EEC64BA4EE478B30D138EE088BB4EE8C
:105DA000C78BF1EE10FA18DCB4EE478BF1EE10FA67
:105DB00003D116EE103ADB070FD40199484600F0E4
:105DC0004BFB00230D9A2B7008F1010313601D9B00
:105DD000002B00F04D821D604AE2CDF80C802B466E
:105DE0001D4613F8012D392A05D19F42F8D1039A97
:105DF00001320392302201321A70B5E728EE058B8A
:105E0000B5EE408BF1EE10FAB7D1D6E7C06B0508BE
:105E1000986B05080699002900F0EA800599012988
:105E200000F3CC800B99002900F0C48002F23342C9
:105E3000029D1E460393029B13440293049B01217F
:105E400013444846049300F0BBFB039B044665B132
:105E5000049A002A09DDAA420299A8BF2A46891A93
:105E600002910499AD1A8A1A04920BB3069A002A79
:105E700000F0C580002E00F0BF8021463246484623
:105E80000B9300F05DFC019A01460446484600F081
:105E9000ADFB01990390484600F0DEFA0B9B9B1B7B
:105EA00000F0B08003991A46484600F049FC019082
:105EB0000121484600F084FB0A9B0646002B00F0B7
:105EC000DD811A460146484600F03AFC059B012B4D
:105ED000064600F3A080089B002B40F09680099BAB
:105EE000C3F31302002A40F0928023F00042120D07
:105EF0001205002A00F08D80029B01330293049B5F
:105F00000133049301230B930A9B002B00F0BC8107
:105F1000326906EB8202106900F006FBC0F1200036
:105F2000049B184410F01F0000F08180C0F1200293
:105F3000042A73DD029BC0F11C0003440293049BFE
:105F4000054403440493029B002B05DD01991A4686
:105F5000484600F051FC0190049B002B05DD3146C2
:105F60001A46484600F048FC06460C9B002B60D0C1
:105F70000198314600F0AEFC00285ADA08F1FF33F0
:105F80000393019900230A22484600F087FA069BF2
:105F90000190002B00F07A81214600230A22484616
:105FA00000F07CFABBF1000F04466EDC059B022B6F
:105FB00048DC6AE00E9AC2F1360239E70AF1FF3690
:105FC000B34207DBBAF1000FA3EB06060BDB029D21
:105FD00052462FE7F21A0A9B029D13440A93524637
:105FE0003346002626E7029AA2EB0A05002221E7A3
:105FF000029D069C1E462AE7019A039252E70199E8
:106000001A4651E7039B019352E700237BE7089B65
:1060100079E70B9278E700230B9379E793D0029B03
:106020001C3213440293049B154413448AE702462E
:10603000F5E7BAF1000FCDF80C80D34621DC059BC3
:10604000022B1EDDBBF1000F7FF4DFAD31465B4656
:106050000522484600F022FA01460646019800F063
:1060600039FC00287FF7D1AD3D46312305F8013BCF
:10607000039B01330393CCE5CDF80C8056463446A0
:10608000F2E7069B002B00F00581002D05DD21467F
:106090002A46484600F0B0FB04460B9B002B57D025
:1060A0006168484600F09AF9054628B9834B0246D4
:1060B00040F2EF21FFF7D5BB22690232920004F1D2
:1060C0000C010C30FFF70FFB01222946484600F077
:1060D00093FB80467B1C029307EB0B030A93089B00
:1060E00003F001030793029B0198314603F1FF3B44
:1060F000FFF716FB2146049000F1300A019800F0EA
:10610000E9FB424606903146484600F0FFFBC26874
:106110000546FAB90146019800F0DCFB0246294623
:106120004846089200F098F9059B089A029D42EAB9
:106130000301079B19430FD1BAF1390F28D0069BF1
:10614000002B02DD049B03F1310A8BF800A062E50D
:10615000A046BFE70122E2E7069B002B04DB05997E
:106160000B4307990B4320D1002AEEDD0199012250
:10617000484600F041FB3146019000F0ABFB00289F
:1061800003DCE2D11AF0010FDFD0BAF1390FD9D117
:1061900039238BF800302B461D46013B15F8012CA6
:1061A000392A56D001321A7035E5002A07DDBAF1D6
:1061B000390FEDD00AF101038BF800302BE5029B7B
:1061C000029A03F801AC0A9B93422CD00199002358
:1061D0000A22484600F062F9444501904FF000035E
:1061E0004FF00A022146484607D100F057F904460D
:1061F0008046029B0133029375E700F04FF9414658
:10620000044600230A22484600F048F98046F0E799
:10621000BBF1000F0BF1FF3507F10102D8BF0025DC
:10622000A0461544002401990122484600F0E4FAF2
:106230003146019000F04EFB0028ACDC02D11AF090
:10624000010FA8D12B461D4613F8012D302AFAD094
:10625000E1E49F42A0D1039B0133039331233B70C0
:10626000D9E41D9B164F1BB107F108031D9A13605B
:10627000384611B0BDEC028BBDE8F08F059B012BB9
:106280007FF729AE0A9B0B93012049E6BBF1000F73
:106290007FF7D5AE3D4601983146FFF741FA00F150
:1062A000300A05F801ABEA1B9345B1DD01990023E3
:1062B0000A22484600F0F2F80190ECE72969050847
:1062C000C468050838B50546002941D051F8043C9A
:1062D0000C1F002BB8BFE418FDF7F6F81D4A136831
:1062E00033B9636014602846BDE83840FDF7F2B862
:1062F000A34208D9206821188B4201BF19685B6846
:1063000009182160EDE71A465B680BB1A342FAD980
:1063100011685018A0420BD12068014450188342E4
:106320001160E0D118685B68536008441060DAE7D8
:1063300002D90C232B60D6E7206821188B4204BFBA
:1063400019685B68636004BF091821605460CAE77C
:1063500038BD00BF6CC904242DE9F84FDFF86CA0EC
:1063600006468946174601F049F9DAF8004034B18B
:106370004B46984613F8012B3AB13D2AF9D13046E5
:1063800001F042F90020BDE8F88FA8EB0908A34608
:1063900054F8040B0028F2D042464946FEF70EFAA4
:1063A0000028F4D154F8043C03EB080513F8083036
:1063B0003D2BECD1DAF80030ABEB03039B103046F9
:1063C0003B6001F021F9681CDDE700BF7400002488
:1063D00007B501AAFFF7C0FF03B000BD70B5C469DF
:1063E00005460E4684B91020FCF7BCFF0446E86160
:1063F00028B90246164B17486B21FCF779FF00239A
:10640000C0E901330360C360E36853B9212204216A
:106410002846FCF793FFEB69E060DB680BB90020CE
:1064200070BD53F8260030B1026843F826200023DF
:10643000C0E90333F4E7012101FA06F4621D92007A
:106440002846FCF77BFF0028E9D0C0E90164EEE7AD
:106450007C6705083A69050870B5C66905460C46AB
:1064600076B91020FCF77EFF0246E86120B9094B9F
:1064700009488F21FCF73CFFC0E901660660C66051
:106480003CB1EB696268DB6853F82210216043F885
:10649000224070BD7C6705083A6905082DE9F04186
:1064A0000D6907460C461E4601F1140C0020DCF86D
:1064B000003099B202FB01611E0C0B0C02FB06338B
:1064C00089B2013001EB034185424CF8041B4FEACD
:1064D0001346ECDC0EB3A368AB4219DC61683846A6
:1064E0000131FFF77BFF804628B902460C4B0D486F
:1064F000BA21FCF7FDFE2269023204F10C01920080
:106500000C30FFF7F0F821463846FFF7A5FF444668
:1065100004EB850301355E6125612046BDE8F0810D
:10652000296905083A690508B0F5803F034636BF7A
:10653000030400201020B3F1807F3CBF1B02083011
:10654000B3F1805F3CBF1B010430B3F1804F3CBF0F
:106550009B000230002B05DB13F0804F00F101009F
:1065600008BF202070470368024613F007000BD0D5
:10657000D90721D4980749BF5B089B080120136005
:106580005CBF13600220704799B209B91B0C102040
:10659000D9B209B908301B0A190704BF1B09043016
:1065A000990704BF9B080230D90703D45B0800F1A8
:1065B000010003D01360704700207047202070470F
:1065C00010B50C460121FFF709FF024628B9054B1B
:1065D000054840F24511FCF78BFE0123446103613D
:1065E00010BD00BF296905083A6905082DE9F04F7B
:1065F000D1F81090D2F810A0D14585B08846144645
:1066000004DB53460C46CA4690469946A368616827
:106610000AEB0906B342B8BF0131FFF7DFFE30B91C
:106620000246454B45484FF4B171FCF761FE00F15D
:10663000140505EB86072B460022BB421FD304F14D
:10664000140C08F114010CEB8A0301EB890202928D
:106650001A1B153A22F0030215349C4288BF00220F
:106660000192029A03918A420CD8002E03DD57F85A
:10667000043D002B5DD0066105B0BDE8F08F43F806
:10668000042BDAE7B1F800A0BAF1000F24D0E046FD
:10669000A9464FF0000E58F8042BD9F800401FFA15
:1066A00082FBA4B20AFB0B444FEA124BD9F800203C
:1066B00074444FEA124E0AFB0BE202EB1442A4B2FE
:1066C00044EA0244434549F8044B4FEA124EE2D8EB
:1066D000019AAA18C2F804E0039AB2F802800431C1
:1066E000B8F1000F23D02A68E6469146AA464FF03B
:1066F000000BBEF8004008FB04B404EB194492B24E
:1067000042EA04424AF8042B5EF8042BDAF80090BF
:106710004FEA124B1FFA89F208FB0B2202EB1442DC
:1067200073454FEA124BE4D8019C2C196260043582
:1067300097E7013E99E700BF296905083A6905080E
:106740002DE9F843174612F0030280460D4607D0A4
:10675000264C013A002354F82220FFF79FFE0546FD
:10676000BF103FD0D8F81C4094B91020FCF7FAFDB8
:106770000446C8F81C0030B902461D4B1D4840F2C3
:10678000B311FCF7B5FD0023C0E901330360C3601A
:10679000A66846B940F271214046FFF711FF002379
:1067A000A060064603602C464FF0000907F0010385
:1067B0007F1053B1294632464046FFF717FF214666
:1067C00005464046FFF748FE67B1306838B93246A3
:1067D00031464046FFF70AFF3060C0F80090064699
:1067E0002C46E3E72846BDE8F88300BF8C6B05081C
:1067F0007C6705083A6905082DE9F84F0C46496899
:10680000236903EB6218A368074615464FEA621A2C
:1068100008F101094B450BDB3846FFF7DFFD064663
:1068200048B90246294B2A484FF4EF71FCF760FD46
:1068300001315B00EEE7002300F1140C00F11002BF
:106840001946534535DB22692AEAEA7A0CEB8A0CB1
:1068500004F1140315F01F0E614603EB82022CD0E5
:10686000CEF1200A002518688B4600FA0EF0284366
:10687000CBF8000053F8045B9A4201F1040125FAB9
:106880000AF5F0D8131B153B23F0030304F115019F
:106890008A4238BF00239C44CCF8045005B9C14655
:1068A0003846C6F810902146FFF7D6FD3046BDE8C1
:1068B000F88F42F8041F0133C3E753F8045B0D60FF
:1068C0009A4201F10401F8D8E9E700BF29690508F7
:1068D0003A6905080A6903460069801A30B50ED185
:1068E0001433143103EB820401EB820154F8045D8C
:1068F00051F8042D954203D005D24FF0FF3030BD42
:10690000A342F3D3FBE70120F9E700002DE9F74F9D
:106910008A460646114650461446FFF7DBFF051E21
:1069200012D129463046FFF759FD024628B9414B9E
:1069300040F237214048FCF7DBFC0123C0E9043575
:10694000104603B0BDE8F08FBCBF5346A2463046A8
:10695000DAF80410BABF1C4601250025FFF73EFDFA
:10696000024618B9334B40F24521E3E7DAF81070DC
:106970002669C5600AF1140904F1140E00F114052A
:106980000AF1100309EB87080EEB86060193AB466C
:106990004FF0000C019B5EF8040B53F804AF019319
:1069A0001FFA8AF3194683B2CB1A000C6344C0EB7A
:1069B0001A4000EB23409BB243EA004376454BF874
:1069C000043B4FEA204CE5D8331B153B153423F02C
:1069D0000303A64238BF0023E8184B441C1D0430B3
:1069E0002646A5EB0905464506EB050E0ED308F134
:1069F0000301091B21F003010133984538BF002131
:106A0000014451F8043D9BB1176199E756F8041B06
:106A1000E2464FEA11491CFA81FC514409EB2C492A
:106A200089B241EA09414FEA294CCEF80010DAE771
:106A3000013FE6E7296905083A6905082DE9F743AA
:106A40000F46012159EC108B1646FFF7C7FC044690
:106A500030B90246234B244840F20F31FCF748FC82
:106A6000C9F30A55C9F313030DB143F4801301931D
:106A7000B8F1000323D068460093FFF774FD009936
:106A8000D8B1019AC0F1200302FA03F30B43C240CC
:106A900063610192019BA361002B0CBF01220222C2
:106AA0002261A5B1A5F2334505443D60C0F1350032
:106AB0003060204603B0BDE8F0836161EAE701A8D9
:106AC000FFF751FD019B636120300122E8E704EBF1
:106AD0008203A0F2324038601869FFF725FDC0EB51
:106AE0004210E5E7296905083A6905082DE9F043F0
:106AF000344E86460D46284615F8014B375D17F093
:106B00000807F8D12D2C10D12C780127851C33F0E3
:106B1000100015D1302C0DD1287800F0DF00582856
:106B200008D16C78023510230AE02B2C04BF2C7896
:106B3000851CECE7002BF6D1302C14BF0A23082368
:106B40004FF0FF380026B8FBF3F803FB08F96FEAB3
:106B500009093046A4F1300CBCF1090F10D8644685
:106B6000A3421EDDB6F1FF3F07D0804516D301D109
:106B7000A14513DB00FB0340012615F8014BE9E7B3
:106B8000A4F1410CBCF1190F01D8373CE8E7A4F19E
:106B9000610CBCF1190F04D8573CE1E74FF0FF3608
:106BA000EBE7731C06D12223CEF80030304632B911
:106BB000BDE8F08307B14042002AF9D006B1691E52
:106BC0001160F5E7CA690508FFF790BF13460A464A
:106BD000014602480068FFF789BF00BFF8030024A0
:106BE0002DE9F0478E681F46BE4282460C4690460D
:106BF000334653D8B1F90C0010F4906F2BD065696F
:106C00002368096905EB4505A3EB010905EBD5757B
:106C10007B1C6D104B44AB422A4684BF1D462A465E
:106C2000430527D511465046FCF7CEFB064658B320
:106C300021694A46FEF757FDA38923F4906343F088
:106C40008003A381266165614E44A5EB090526609A
:106C5000A5603E463B461F4620683A464146FDF742
:106C60007FFDA3689B1BA36023683B442360002037
:106C7000BDE8F087504600F0DFFC06460028E1D171
:106C800021695046FFF71EFB0C23CAF80030A38988
:106C900043F04003A3814FF0FF30E9E73E46DBE7D6
:106CA0002DE9F0471F468B891B069CB006460D4612
:106CB000144610D50B6973B94021FCF785FB286099
:106CC000286130B90C2333604FF0FF301CB0BDE8B1
:106CD000F08740236B610023099320238DF829302E
:106CE00003973023654F8DF82A304FF00108234673
:106CF000994613F8012B0AB1252AF9D1B9EB040AF8
:106D00000BD05346224629463046FFF769FF013033
:106D100000F0A480099A5244099299F80030002B9F
:106D200000F09C8000234FF0FF32CDE9052309F1EC
:106D30000109049307938DF853301A934C464F483A
:106D400014F8011B0522B9F763FE049BD0B9D806DD
:106D500044BF20228DF85320190744BF2B228DF801
:106D6000532099F800202A2A13D0079A4C46002075
:106D70004FF00A0C214611F8013B303B092B49D951
:106D800068B913E0C01B08FA00F018430490A1464C
:106D9000D4E7039A111D12680391002A01DB0792C0
:106DA00004E0524243F002030792049323782E2B0F
:106DB0000AD163782A2B32D1039B1A1D1B680392D8
:106DC00043EAE37302340593DFF8C090217803228D
:106DD0004846B9F71DFE38B1049BA0EB09004022DC
:106DE000824013430134049314F8011B24488DF8A6
:106DF00028100622B9F70CFE002835D0214818BB10
:106E0000039B073323F0070308330393099B0344D1
:106E100009936CE70CFB02320C460120AAE7002321
:106E20000134059319464FF00A0C204610F8012B47
:106E3000303A092A03D9002BC6D00591C4E70CFBD0
:106E4000012104460123F0E703AB00932A460E4BD1
:106E500004A93046FCF70CFE421CD7D1AB895B0677
:106E60003FF532AF099831E703AB00932A46064B52
:106E700004A93046FDF784F8EEE700BF93690508E2
:106E80009D690508713A0408E16B040899690508D1
:106E90009368013B002B10B4936008DA9469A34215
:106EA00001DB0A2903D15DF8044BFDF7B7BB13687A
:106EB000581C1060197008465DF8044B7047F8B50F
:106EC00006460F461446D518AC4201D1002007E013
:106ED00014F8011B3A463046FFF7DAFF431CF3D1A2
:106EE000F8BD00002DE9F0470D469CB014461F4642
:106EF000064618B1036A0BB9FDF7F6F96B6ED907B0
:106F000005D4AB899A0502D4A86DFEF7E1FBAB89E5
:106F10001B0701D52B699BB929463046FDF7BCFB01
:106F200070B16B6EDC0704D54FF0FF301CB0BDE8CC
:106F3000F087AB899805F7D4A86DFEF7CBFBF3E794
:106F40000023099320238DF82930039730236A4FBB
:106F50008DF82A304FF001082346994613F8012B8B
:106F60000AB1252AF9D1B9EB040A0BD053462246BF
:106F700029463046FFF7A3FF013000F0A480099AAC
:106F80005244099299F80030002B00F09C800023B5
:106F90004FF0FF32CDE9052309F10109049307936E
:106FA0008DF853301A934C46534814F8011B0522B0
:106FB000B9F72EFD049BD0B9D90644BF20228DF825
:106FC00053201A0744BF2B228DF8532099F8002034
:106FD0002A2A13D0079A4C4600204FF00A0C21466B
:106FE00011F8013B303B092B49D968B913E0C01BAC
:106FF00008FA00F018430490A146D4E7039A111D43
:1070000012680391002A01DB079204E0524243F028
:1070100002030792049323782E2B0AD163782A2B3C
:1070200032D1039B1A1D1B68039243EAE3730234B7
:107030000593DFF8D490217803224846B9F7E8FC9D
:1070400038B1049BA0EB0900402282401343013475
:10705000049314F8011B29488DF828100622B9F76B
:10706000D7FC00283ED0264818BB039B073323F0EB
:10707000070308330393099B034409936CE70CFB54
:1070800002320C460120AAE7002301340593194679
:107090004FF00A0C204610F8012B303A092A03D988
:1070A000002BC6D00591C4E70CFB01210446012347
:1070B000F0E703AB00932A46124B04A93046FCF7D5
:1070C000D7FC431CD7D16B6ED90705D4AB899A0581
:1070D00002D4A86DFEF7FEFAAB895B063FF524AF3C
:1070E000099823E703AB00932A46064B04A93046D0
:1070F000FCF746FFE5E700BF936905089D690508B1
:10710000713A0408BF6E040899690508B1F90C20AA
:107110002DE9F041160705460C4651D44B68002B6B
:1071200002DC0B6C002B49DDE66A002E46D0002302
:1071300012F480522F682B6031D0626DA3895907F9
:1071400005D56368D21A636B0BB1236CD21A002386
:10715000E66A216A2846B047421CB4F90C3006D1D1
:1071600029681D2946D8294ACA40D60742D5002297
:107170006260D9042269226004D5421C01D12B68C7
:1071800003B96065616B2F60C1B104F1440399429A
:1071900002D02846FFF796F8002363630EE0216AC9
:1071A00001232846B0470246501CC7D12B68002B4C
:1071B000C4D01D2B01D0162B1AD12F6000201EE049
:1071C0000F69002FFAD093070E6808BF4B690F6054
:1071D00018BF0023A6EB07088B60B8F1000FEDDDA8
:1071E000216AA66A43463A462846B047002808DC8A
:1071F000B4F90C3043F04003A3814FF0FF30BDE8F9
:10720000F0810744A8EB0008E7E700BF0100402039
:1072100038B50B6905460C4613B90025284638BD1C
:1072200018B1036A0BB9FDF75FF8B4F90C30002B05
:10723000F3D0626ED00704D4990502D4A06DFEF796
:1072400047FA28462146FFF761FF636EDA070546D5
:10725000E4D4A3899B05E1D4A06DFEF73BFADDE7FA
:1072600070B50C46B1F90E10002996B015461E46B1
:107270000ADAA18911F0800113D14FF48062002055
:1072800031602A6016B070BD6A4600F081F90028AE
:10729000EFDB019901F47041A1F5005359425941C6
:1072A000EBE700214022EAE78B8973B59E0705468C
:1072B0000C4607D504F14703236023610123636172
:1072C00002B070BD01AB6A46FFF7CAFF009E2846B8
:1072D0003146FCF779F8B4F90C3038B99A05EFD497
:1072E00023F0030343F00203A381E3E743F08003A9
:1072F000A381019B2060C4E90406002BE0D0B4F90F
:107300000E10284600F056F90028D9D0A38923F0A2
:10731000030343F00103A381D2E770B50D46144681
:10732000064618B1036A0BB9FCF7DEFF636ED80797
:1073300005D4A389990502D4A06DFEF7C9F9A36805
:10734000013B002BA36005DAA269934212DBEBB28A
:107350000A2B0FD023685A1C22601D70EDB2636E99
:10736000DA0705D4A3899B0502D4A06DFEF7B2F914
:10737000284670BD294622463046FDF74FF905469E
:10738000EDE700000EB470B59DB021AC00254FF4C0
:10739000017254F8046BADF814201B95029006900E
:1073A000B9F786FB0B4B039007900B480B934FF6F6
:1073B000FF73ADF816303246234602A900680F95D8
:1073C0001495019400F0CEF91DB0BDE8704003B0F3
:1073D000704700BF3B450408F80300241F2938B557
:1073E00005460C4604D9162303604FF0FF3038BD24
:1073F000C26B12B152F821304BB9284600F0FCF8AC
:10740000224601462846BDE8384000F0E3B8012B8B
:107410000AD0591C03D1162303600120E7E700219D
:1074200042F82410204698470020E0E7024B01462E
:107430001868FFF7D3BF00BFF80300240048704767
:10744000480400242DE9F0414D4A0C460023D0E9C0
:107450000001B9F735FB002ABCBF02F5A83202F5DE
:10746000C0724FF4616100F52F20B2FBF1F301FB14
:1074700013224FF03C01ACBF00F66C2000F66B20ED
:10748000A360B2FBF1F301FB132263602260C31C13
:10749000072293FBF2F2C2EBC2029B1A394955D57F
:1074A0000733A361A0F50E33A3F52C7393FBF1F121
:1074B000354B03FB010048F6AC63B0FBF3F3034428
:1074C00040F2B45CB0FBFCF29B1A40F26D172F4AFD
:1074D000B0FBF2F264269B1AB3FBF7F2B3FBFCF3AA
:1074E000B2FBF6F5EB1A034407FB1233992003EBCA
:1074F0008307023703F1010EB7FBF0FC00FB0CF031
:1075000002304FF00508B0FBF8F0AEEB000040F29F
:10751000F95E77458CBF6FF00907022767444FF487
:10752000C87C0CFB0121012F98BF0131B3F5997F75
:1075300012D3A3F59973E361A1F26C710023E060AB
:10754000C4E9047123622046BDE8F0810028A361EC
:10755000A8DB90FBF1F1ABE712F0030F02D106FBC1
:1075600015255DB94FF4C875B2FBF5F605FB16227B
:10757000B2FA82F252093B331344DCE70122FAE704
:1075800080510100B13A02004FC5FDFFB03A020040
:1075900038B5074D00230446084611462B60DDF739
:1075A000E3F9431C02D12B6803B1236038BD00BF4F
:1075B000D0CA042438B5064D0023044608462B6083
:1075C000DDF7E2F9431C02D12B6803B1236038BD1B
:1075D000D0CA042438B5074D002304460846114696
:1075E0002B60DDF77BF9431C02D12B6803B12360CC
:1075F00038BD00BFD0CA0424DDF768B90148FEF7E2
:1076000067B800BFD5CA04240148FEF763B800BFBD
:10761000D5CA042482B001B901A942B14BB1137893
:107620000B601278101E18BF012002B07047104680
:10763000FBE76FF00100F8E72DE9F041074614463B
:107640000D4621B9BDE8F0411146FBF7BDBE2AB990
:10765000FEF738FE25462846BDE8F08100F0BFFB66
:107660008442064602D8B4EB500FF4D8214638467F
:10767000FBF7AAFE804608B94546ECE7B44222462D
:10768000294628BF3246FEF72EF829463846FEF72F
:1076900019FEF1E70346084641B1FF2A04D98A22C0
:1076A0001A604FF0FF3070470A700120704738B5FC
:1076B0004B1C144603D14FF0FF35284638BD938943
:1076C00023F020039381636B5268CDB28BB1A36B1F
:1076D000934208DD23685A1E226003F8015C636848
:1076E00001336360E9E7214600F03FFB0028F1D059
:1076F000E1E72169236851B1994208D213F8011CCE
:10770000A94204D1013B013223606260D5E7C4E99C
:107710000F3204F1440363630323A363234603F896
:10772000465F23600123DCE710B50C46496B69B165
:1077300004F14403994201D0FEF7C4FD236C636059
:107740000020606313B1E36B236010BD23692360E5
:1077500000236360A38943F02003A3814FF0FF302F
:10776000F3E700002DE9F04FADF5237D41AC0D4668
:107770000021C4E9031101A96161AF49C4F87C117A
:10778000DFF8C4B2AD49C4F880110746E84600935B
:1077900092F80090B9F1000F00F060811BF80930F9
:1077A00013F0080302F101061BD06B68002B10DDFB
:1077B0002B681A781BF80220120701D43246E7E73B
:1077C0002269013222616A680133013A6A602B60E2
:1077D000EBE7D4F880312946384698470028E7D0AF
:1077E000ECE7B9F1250F40F084802360A360537863
:1077F0002A2B02BF1023961C23600A22B2461AF8D5
:10780000011BA1F13003092B1DD98D4B0322184612
:10781000B9F7FEF838B18A4B2268C01A01238340B9
:1078200013432360564616F8013B782B06D8572B96
:1078300010D8252B5DD057D8002B76D00323A36119
:107840000A23636089E0A36802FB03113039A16059
:107850005646D3E7A3F15802202AEFD801A151F8E8
:1078600022F000BF397904083D7804083D78040807
:10787000957904083D7804083D7804083D780408AB
:107880003D7804083D7804083D7804083D780408F4
:10789000AB79040891790408EF780408EF780408BC
:1078A000EF7804083D7804084B7904083D78040813
:1078B0003D7804083D7804083D780408BB79040845
:1078C00053790408317904083D7804083D780408A8
:1078D000B77904083D780408917904083D780408D4
:1078E0003D78040839790408453B022BA6D80523C6
:1078F00032E06B68002B0DDD2B681A784A4540F0AA
:10790000AD8001336A682B602369013A01336A60F4
:10791000236153E7D4F88031294638469847002838
:10792000EAD0E068002840F091804FF0FF3091E00D
:10793000226842F020022260226842F40072226033
:1079400010226E2B626006D801E0002363600323DF
:1079500002E0082363600423A3616B68002B3CDD15
:107960002368590605D42B681A781BF802201207E1
:107970003BD4A369022B4BDC43462A4621463846BA
:1079800000F06EF8012869D002287FF417AFC8E72D
:107990000A22D6E7314601A800F0AEF9236843F089
:1079A0004003236006460123D6E7236843F04003E3
:1079B00023600023D0E70223CEE72068C3063FF50B
:1079C000FDAED8F800302269191DC8F800101B68F8
:1079D000C0074CBF1A801A60F0E6D4F880312946FF
:1079E000384698470028BBD09BE7226901322261C4
:1079F0006A68013A002A6A6002DD01332B60B2E74F
:107A0000D4F880312946384698470028ABD088E71B
:107A1000042B06DC43462A462146384600F07AF815
:107A2000B0E7084B002B3FF4C9AE43462A46214637
:107A30003846AFF30080A5E7AF760408297704083D
:107A40009969050800000000CA690508AB895B0652
:107A50003FF56BAF0DF5237DBDE8F08FE068F9E7EA
:107A60002DE9F84315468A6880460C4632B98A6982
:107A7000002A14BF4FF0FF3201228A602268DFF82B
:107A80009090D1065FBF1A68111D19601668002713
:107A9000A06988B1012807D12B681A7863699B5CBB
:107AA00053B9002F32D023E0022821D12B681B7854
:107AB00019F803301B071BD42368DA065EBF2B6856
:107AC0001B7806F8013B6B68013B6B602B68013348
:107AD0002B60A368013B0137A3604BB16B68002B9F
:107AE000D6DCD4F880312946404698470028CFD0CC
:107AF000236813F0100305D1E2680132E260A26945
:107B000002B1337023693B4423610020BDE8F88350
:107B1000CA6905082DE9F04F9846734B0C4682461A
:107B2000164693E8070087B003AB83E807006F4B66
:107B3000A1696F4A032908BF1A46A36801925A1E19
:107B4000B2F5AE7F84BF6FF4AE7503EB050927462F
:107B500084BF40F25D13A36057F81C3B43F45063AD
:107B600098BF4FF0000923603D464FF0000B31688D
:107B700003AB097853F82B000222B8F749FF28B36A
:107B8000BBF1010F58D162682AB92268082142F47A
:107B9000007261602260226822F4A0622260A26802
:107BA000511EA16092B13268511C3160127805F803
:107BB000012B7268013A002A726007DCD4F8802138
:107BC000314650469047002840F083800BF1010B6E
:107BD000BBF1030FCBD1616809B90A216160454B44
:107BE0006069591A00F088F84FF0000BA36822680A
:107BF000002B3DD03168606991F800C010F80C008E
:107C0000002835D0BCF1300F24D1100522D50BF15E
:107C1000010BB9F1000F03D0013309F1FF39A36063
:107C20007368013B002B73601BDD336801333360E5
:107C3000A368013BA360D9E7BBF1020FAFD1226873
:107C400002F4C061B1F5007FC5D11021616042F43A
:107C50008072A3E722F4106222600B7805F8013BE2
:107C6000DEE7D4F880313146504698470028DFD00F
:107C70002368DB050DD5BD4209D915F8011CD4F8E0
:107C80007C3132465046984705F1FF394D46BD429A
:107C900027D0226812F0100212D12A706368019E68
:107CA00039465046B047D8F8003021681A1DC8F848
:107CB00000208E061B680FD51860E3680133E3606F
:107CC0002369ED1B5D442B442361002007B0BDE810
:107CD000F08F4FF0000BCBE7CA074CBF188018603D
:107CE000EBE70120F2E700BFEC010508513604087C
:107CF000C96B0408BE69050870B50B7804465E2B95
:107D00000BBF4B784A1C8A1C002108BF0121013897
:107D100004F1FF0500F8011FA842FBD10BB9501E6A
:107D200070BD81F00101E1541046024612F8015B7A
:107D30002D2D05D05D2D16D0002DF1D02B46F2E76C
:107D400046785D2EFAD0B342F8DC02301A46013292
:107D50009642A154FBDCF21A013AB342A8BF0022BA
:107D600001331344E1E71046DAE72DE9F0410C4610
:107D7000496B04F1440399421DD14FF48061FBF734
:107D800023FB18B94FF0FF30BDE8F0814FF480635A
:107D9000A36394F84630606380F8FF3394F845306D
:107DA00080F8FE3394F8443080F8FD3300F2FD3063
:107DB00020600020E8E7A66B77003A46FFF73CFC1E
:107DC00005460028DED000EB060801463246404654
:107DD000FDF789FCC4E90D57C4F80080E9E751F8C4
:107DE000043C181F002BBCBF0B58C0187047000084
:107DF000F8B500BFF8BC08BC9E467047F8B500BF98
:087E0000F8BC08BC9E46704767
:107E0800000000000000000000000000000000006A
:107E18000000000001000000020000000300000054
:107E28000400000000000000050000000000000041
:107E38000000000000000000060000000000000034
:107E480000000000000000000700000049444C4505
:107E580000000000546D722053766300546D725117
:107E680000000000443A2F4465736B746F702F4F05
:107E7800696C5F50756D705F436F6E74726F6C2FB5
:107E88004D6964646C6577617265732F54686972B3
:107E9800645F50617274792F4C7749502F73726305
:107EA8002F6E657469662F65746865726E65742EC9
:107EB800630000006E657469662D3E6877616464CE
:107EC800725F6C656E206D75737420626520362054
:107ED800666F722065746865726E65745F6F75741D
:107EE8007075742100000000417373657274696FC6
:107EF8006E2022257322206661696C656420617496
:107F0800206C696E6520256420696E2025730A003F
:107F1800443A2F4465736B746F702F4F696C5F50D0
:107F2800756D705F436F6E74726F6C2F4D6964640A
:107F38006C6577617265732F54686972645F50610C
:107F48007274792F4C7749502F7372632F6170695F
:107F58002F74637069702E63000000007463706989
:107F6800705F7468726561643A20696E76616C69E5
:107F780064206D6573736167650000004173736504
:107F88007274696F6E2022257322206661696C65A0
:107F980064206174206C696E6520256420696E20F8
:107FA80025730A00496E76616C6964206D626F788A
:107FB800000000006661696C656420746F2063725C
:107FC800656174652074637069705F746872656157
:107FD80064206D626F7800006661696C6564207466
:107FE8006F20637265617465206C6F636B5F746387
:107FF8007069705F636F7265000000007463706978
:10800800705F74687265616400000000443A2F4430
:1080180065736B746F702F4F696C5F50756D705F0F
:10802800436F6E74726F6C2F4D6964646C65776111
:108038007265732F54686972645F50617274792F26
:108048004C7749502F7372632F636F72652F6D657C
:108058006D2E63006D616C6C6F632829206D7573DC
:10806800742072657475726E20616C69676E6564E0
:10807800206D656D6F727900417373657274696FF5
:108088006E2022257322206661696C656420617404
:10809800206C696E6520256420696E2025730A00AE
:1080A800726D656D20213D204E554C4C000000003E
:1080B800726D656D203D3D204D454D5F414C4947F2
:1080C8004E28726D656D2900443A2F4465736B74B0
:1080D8006F702F4F696C5F50756D705F436F6E7472
:1080E800726F6C2F4D6964646C6577617265732F6C
:1080F80054686972645F50617274792F4C77495083
:108108002F7372632F636F72652F6D656D702E63A9
:10811800000000006D656D705F6D616C6C6F633A97
:10812800206D656D702070726F7065726C7920615A
:108138006C69676E65640000417373657274696F7A
:108148006E2022257322206661696C656420617443
:10815800206C696E6520256420696E2025730A00ED
:10816800696E76616C696420706F6F6C20646573EA
:10817800630000006D656D705F6D616C6C6F633AD4
:108188002074797065203C204D454D505F4D415815
:10819800000000006D656D705F667265653A206D60
:1081A800656D2070726F7065726C7920616C69679B
:1081B8006E6564006D656D705F667265653A207402
:1081C800797065203C204D454D505F4D4158000069
:1081D800443A2F4465736B746F702F4F696C5F500E
:1081E800756D705F436F6E74726F6C2F4D69646448
:1081F8006C6577617265732F54686972645F50614A
:108208007274792F4C7749502F7372632F636F7292
:10821800652F6E657469662E630000006E6574696B
:10822800665F696E7075743A20696E76616C696410
:108238002070627566000000417373657274696F1F
:108248006E2022257322206661696C656420617442
:10825800206C696E6520256420696E2025730A00EC
:108268006E657469665F696E7075743A20696E76BA
:10827800616C6964206E6574696600006E65746976
:10828800665F6164643A20696E76616C6964206E29
:1082980065746966000000006E657469665F6164F4
:1082A800643A204E6F20696E69742066756E637437
:1082B800696F6E20676976656E0000006E65746987
:1082C8006620616C7265616479206164646564002C
:1082D800746F6F206D616E79206E65746966732C9A
:1082E800206D61782E20737570706F7274656420CC
:1082F8006E756D6265722069732032353500000035
:10830800696E76616C696420706F696E746572005D
:108318006E657469665F7365745F697061646472C1
:108328003A20696E76616C6964206E6574696600CE
:108338006E657469665F7365745F6E65746D61738D
:108348006B3A20696E76616C6964206E6574696643
:10835800000000006E657469665F7365745F677717
:108368003A20696E76616C6964206E65746966008E
:108378006E657469665F7365745F75703A20696EBF
:1083880076616C6964206E65746966006E657469EF
:10839800665F69737375655F7265706F7274733A3F
:1083A80020696E76616C6964206E65746966000088
:1083B8006E657469665F7365745F646F776E3A2083
:1083C800696E76616C6964206E6574696600000088
:1083D8006E657469665F7365745F6C696E6B5F75F3
:1083E800703A20696E76616C6964206E657469669E
:1083F800000000006E657469665F7365745F6C6980
:108408006E6B5F646F776E3A20696E76616C696433
:10841800206E657469660000443A2F4465736B7476
:108428006F702F4F696C5F50756D705F436F6E741E
:10843800726F6C2F4D6964646C6577617265732F18
:1084480054686972645F50617274792F4C7749502F
:108458002F7372632F636F72652F706275662E6358
:1084680000000000706275665F616C6C6F633A2093
:108478007062756620712D3E7061796C6F61642041
:1084880070726F7065726C7920616C69676E656473
:1084980000000000417373657274696F6E202225B5
:1084A8007322206661696C6564206174206C696E52
:1084B8006520256420696E2025730A0050425546C0
:1084C8005F504F4F4C5F42554653495A45206D7592
:1084D80073742062652062696767657220746861D9
:1084E8006E204D454D5F414C49474E4D454E540019
:1084F800706275665F616C6C6F633A207062756656
:108508002D3E7061796C6F61642070726F70657256
:108518006C7920616C69676E6564000070627566CD
:108528005F616C6C6F633A206572726F6E656F7510
:108538007320747970650000696E76616C696420D7
:10854800706275665F7479706500000070627566A8
:108558005F7265616C6C6F633A207020213D204E1C
:10856800554C4C00706275665F7265616C6C6F6328
:108578003A207120213D204E554C4C006D656D5FB1
:108588007472696D2072657475726E6564207120ED
:108598003D3D204E554C4C007020213D204E554C01
:1085A8004C000000696E6372656D656E745F6D6185
:1085B800676E6974756465203C3D20702D3E6C655E
:1085C8006E000000706275665F667265653A2070BD
:1085D8002D3E726566203E203000000070632D3EFF
:1085E800637573746F6D5F667265655F66756E63DC
:1085F80074696F6E20213D204E554C4C00000000E0
:10860800696E76616C696420706275662074797031
:10861800650000007062756620726566206F766579
:1086280072666C6F77000000286820213D204E5547
:108638004C4C2920262620287420213D204E554CBC
:108648004C29202870726F6772616D6D6572207693
:10865800696F6C61746573204150492900000000FE
:10866800702D3E746F745F6C656E203D3D20702DDB
:108678003E6C656E20286F66206C61737420706292
:10868800756620696E20636861696E2900000000C4
:10869800702D3E6E657874203D3D204E554C4C0043
:1086A800702D3E746F745F6C656E203D3D20702D9B
:1086B8003E6C656E202B20712D3E746F745F6C6567
:1086C8006E000000702D3E746F745F6C656E203D07
:1086D8003D20702D3E6C656E00000000706275666E
:1086E8005F636F70793A20746172676574206E6F8A
:1086F800742062696720656E6F75676820746F20E3
:10870800686F6C6420736F75726365006F6666735B
:1087180065745F746F203C3D20705F746F2D3E6CF4
:10872800656E00006F66667365745F66726F6D20B4
:108738003C3D20705F66726F6D2D3E6C656E00006B
:10874800705F746F20213D204E554C4C0000000096
:10875800706275665F636F7079282920646F65732E
:10876800206E6F7420616C6C6F77207061636B652D
:1087780074207175657565732100000070627566F7
:108788005F636F70795F7061727469616C3A2069B8
:108798006E76616C69642062756600007062756649
:1087A8005F636F70795F7061727469616C3A206998
:1087B8006E76616C69642064617461707472000023
:1087C800706275665F6765745F636F6E74696775FD
:1087D8006F75733A20696E76616C6964206275669C
:1087E80000000000706275665F6765745F636F6E96
:1087F800746967756F75733A20696E76616C696420
:1088080020646174617074720000000070627566A3
:108818005F74616B653A20696E76616C6964206289
:1088280075660000706275665F74616B653A2069F1
:108838006E76616C696420646174617074720000A2
:10884800706275665F74616B653A20627566206E4A
:108858006F74206C6172676520656E6F756768005C
:10886800706275665F74616B653A20696E76616CDB
:108878006964207062756600646964206E6F742094
:10888800636F707920616C6C206461746100000012
:10889800636865636B20706275665F736B697020CF
:1088A800726573756C740000706275665F636F70D3
:1088B80079206661696C656400000000434C4F5381
:1088C800454400004C495354454E000053594E5FEF
:1088D80053454E540000000053594E5F52435644CE
:1088E8000000000045535441424C49534845440058
:1088F80046494E5F574149545F31000046494E5F33
:10890800574149545F320000434C4F53455F57412C
:1089180049540000434C4F53494E47004C4153546F
:108928005F41434B0000000054494D455F574149A2
:1089380054000000443A2F4465736B746F702F4FD6
:10894800696C5F50756D705F436F6E74726F6C2FDA
:108958004D6964646C6577617265732F54686972D8
:10896800645F50617274792F4C7749502F7372632A
:108978002F636F72652F7463702E63007463705F6A
:10898800667265653A204C495354454E0000000014
:10899800417373657274696F6E2022257322206695
:1089A80061696C6564206174206C696E652025645A
:1089B80020696E2025730A007463705F66726565AE
:1089C8005F6C697374656E3A20214C495354454E67
:1089D800000000007463705F72656D6F76655F6C90
:1089E800697374656E65723A20696E76616C696444
:1089F800206C697374656E65720000007063622094
:108A0800213D204E554C4C007063622D3E737461BD
:108A18007465203D3D204C495354454E00000000EC
:108A28007463705F636C6F73655F73687574646F8C
:108A3800776E3A20696E76616C69642070636200B3
:108A48007063622D3E666C61677320262054465F12
:108A58005258434C4F534544000000007463705F04
:108A6800636C6F73653A20696E76616C6964207017
:108A7800636200007463705F73687574646F776E07
:108A88003A20696E76616C69642070636200000048
:108A98007463705F6162616E646F6E3A20696E76AE
:108AA800616C69642070636200000000646F6E2767
:108AB800742063616C6C207463705F61626F7274A0
:108AC8002F7463705F6162616E646F6E20666F728F
:108AD800206C697374656E2D70636273000000000A
:108AE8007463705F62696E643A20696E76616C695E
:108AF80064207063620000007463705F62696E6472
:108B08003A2063616E206F6E6C792062696E642012
:108B1800696E20737461746520434C4F534544005B
:108B28007463705F6163636570745F6E756C6C3AD3
:108B380020696E76616C69642070636200000000D1
:108B48007463705F6C697374656E5F776974685F6E
:108B58006261636B6C6F675F616E645F6572723AC6
:108B680020696E76616C69642070636200000000A1
:108B78007463705F6C697374656E5F776974685F3E
:108B88006261636B6C6F675F616E645F6572723A96
:108B98002070636220616C726561647920636F6E16
:108BA8006E656374656400007463705F75706461FA
:108BB80074655F7263765F616E6E5F776E643A208C
:108BC800696E76616C696420706362006E65775FB8
:108BD8007263765F616E6E5F776E64203C3D203015
:108BE80078666666660000007463705F7265637617
:108BF80065643A20696E76616C696420706362000E
:108C0800646F6E27742063616C6C207463705F728C
:108C1800656376656420666F72206C697374656E2F
:108C28002D706362730000007463705F636F6E6E13
:108C38006563743A20696E76616C6964207063625A
:108C4800000000007463705F636F6E6E6563743A52
:108C580020696E76616C6964206970616464720071
:108C68007463705F636F6E6E6563743A2063616EE0
:108C7800206F6E6C7920636F6E6E65637420667208
:108C88006F6D20737461746520434C4F53454400E5
:108C98007463705F736C6F77746D723A206163747C
:108CA800697665207063622D3E7374617465202156
:108CB8003D20434C4F5345440A0000007463705FE5
:108CC800736C6F77746D723A20616374697665208E
:108CD8007063622D3E737461746520213D204C4998
:108CE8005354454E0A0000007463705F736C6F77CD
:108CF800746D723A20616374697665207063622DC1
:108D08003E737461746520213D2054494D452D57AB
:108D18004149540A000000007463705F736C6F77F8
:108D280074696D723A20706572736973742074691E
:108D3800636B696E67207769746820696E2D666C4D
:108D48006967687420646174610000007463705F0F
:108D5800736C6F7774696D723A207065727369739A
:108D680074207469636B696E67207769746820651D
:108D78006D7074792073656E6420627566666572BD
:108D8800000000007463705F736C6F77746D723AE3
:108D9800206D6964646C652074637020213D2074C3
:108DA80063705F6163746976655F70636273000006
:108DB8007463705F736C6F77746D723A2066697252
:108DC800737420706362203D3D207463705F61633B
:108DD800746976655F706362730000007463705F26
:108DE800736C6F77746D723A2054494D452D574115
:108DF8004954207063622D3E7374617465203D3D53
:108E08002054494D452D5741495400007463705F03
:108E1800736C6F77746D723A206D6964646C652049
:108E280074637020213D207463705F74775F706392
:108E3800627300007463705F736C6F77746D723A5D
:108E480020666972737420706362203D3D207463EC
:108E5800705F74775F706362730000007463705FA3
:108E680070726F636573735F726566757365645F4F
:108E7800646174613A20696E76616C69642070631C
:108E8800620000007463705F7365747072696F3A92
:108E980020696E76616C696420706362000000006E
:108EA8007463705F7365675F636F70793A20696E8A
:108EB80076616C6964207365670000007463705F95
:108EC800726563765F6E756C6C3A20696E76616C5C
:108ED8006964207063620000696E76616C69642061
:108EE8007374617465000000696E76616C69642052
:108EF800736F636B657420737461746520666F7239
:108F080020726563762063616C6C6261636B00003C
:108F1800696E76616C696420736F636B6574207326
:108F28007461746520666F722073656E7420636166
:108F38006C6C6261636B0000696E76616C696420B9
:108F4800736F636B657420737461746520666F72E8
:108F5800206572722063616C6C6261636B00000053
:108F68007463705F706F6C6C3A20696E76616C69BF
:108F78006420706362000000696E76616C69642029
:108F8800736F636B657420737461746520666F72A8
:108F980020706F6C6C0000007463705F7063625FB8
:108FA80070757267653A20696E76616C69642070C5
:108FB800636200007463705F7063625F72656D6FF7
:108FC80076653A20696E76616C6964207063620028
:108FD8007463705F7063625F72656D6F76653A2067
:108FE800696E76616C6964207063626C6973740081
:108FF800756E73656E74207365676D656E74732026
:109008006C65616B696E6700756E61636B65642082
:109018007365676D656E7473206C65616B696E67E7
:10902800000000006F6F736571207365676D656E72
:109038007473206C65616B696E6700007463705FA0
:109048006E6578745F6973733A20696E76616C69CE
:1090580064207063620000007463705F6566665F19
:1090680073656E645F6D73735F6E657469663A20CD
:10907800696E76616C6964206473745F697000005E
:109088007463705F6E657469665F69705F6164645C
:10909800725F6368616E6765645F7063626C697351
:1090A800743A20696E76616C6964206F6C645F61E4
:1090B80064647200443A2F4465736B746F702F4F69
:1090C800696C5F50756D705F436F6E74726F6C2F53
:1090D8004D6964646C6577617265732F5468697251
:1090E800645F50617274792F4C7749502F737263A3
:1090F8002F636F72652F7463705F696E2E63000053
:109108007463705F696E7075743A20696E76616C0D
:109118006964207062756600417373657274696F63
:109128006E2022257322206661696C656420617453
:10913800206C696E6520256420696E2025730A00FD
:10914800702D3E6E65787420213D204E554C4C00A4
:10915800702D3E6C656E203D3D203000702D3E74B4
:109168006F745F6C656E203D3D20702D3E6E657896
:10917800742D3E746F745F6C656E00007463705F6D
:10918800696E7075743A20616374697665207063DE
:10919800622D3E737461746520213D20434C4F530A
:1091A800454400007463705F696E7075743A20619D
:1091B8006374697665207063622D3E7374617465AB
:1091C80020213D2054494D452D5741495400000068
:1091D8007463705F696E7075743A20616374697640
:1091E80065207063622D3E737461746520213D2093
:1091F8004C495354454E00007463705F696E707536
:10920800743A207063622D3E6E65787420213D208B
:1092180070636220286265666F72652063616368A7
:10922800652900007463705F696E7075743A207008
:1092380063622D3E6E65787420213D207063622044
:10924800286166746572206361636865290000009F
:109258007463705F696E7075743A2054494D452D7A
:1092680057414954207063622D3E737461746520C0
:109278003D3D2054494D452D5741495400000000BB
:109288007063622D3E726566757365645F646174B0
:1092980061203D3D204E554C4C0000007463705FCA
:1092A800696E7075745F64656C617965645F636C21
:1092B8006F73653A20696E76616C696420706362C9
:1092C800000000007463705F6C697374656E5F6999
:1092D8006E7075743A20696E76616C69642070638B
:1092E800620000007463705F74696D65776169740A
:1092F8005F696E7075743A20696E76616C69642076
:10930800706362007463705F70726F636573733A41
:1093180020696E76616C69642070636200000000E9
:109328007463705F696E7075743A207063622D3E65
:10933800737461746520213D20434C4F53454400AC
:109348007063622D3E736E645F71756575656C65DB
:109358006E203E20300000006E6F207365676D65DB
:109368006E7420746F206672656500007063622DEC
:109378003E6C697374656E65722D3E6163636570DA
:109388007420213D204E554C4C0000007463705FE2
:109398006F6F735F696E736572745F7365676D6510
:1093A8006E743A20696E76616C69642063736567D0
:1093B800000000007063622D3E736E645F71756516
:1093C80075656C656E203E3D20706275665F636CE6
:1093D800656E286E6578742D3E7029007463705F21
:1093E800726563656976653A2076616C6964207197
:1093F80075657565206C656E677468007463705F69
:10940800726563656976653A20696E76616C696430
:1094180020706362000000007463705F72656365AA
:109428006976653A2077726F6E6720737461746528
:1094380000000000756E61636B656400756E73658E
:109448006E740000696E7365672E7020213D204E92
:10945800554C4C00696E73616E65206F6666736566
:10946800742100007062756620746F6F2073686FD6
:10947800727421007463705F726563656976653A1A
:10948800207365676D656E74206E6F7420747269E1
:109498006D6D656420636F72726563746C79207496
:1094A8006F207263765F776E640A00007463705F82
:1094B800726563656976653A207365676D656E7474
:1094C800206E6F74207472696D6D656420636F72AD
:1094D800726563746C7920746F206F6F7365712087
:1094E80071756575650A00007463705F7265636500
:1094F8006976653A207463706C656E203E207263ED
:10950800765F776E640A00007463705F72656365E6
:109518006976653A206F6F736571207463706C6546
:109528006E203E207263765F776E640A000000004A
:109538007463705F70617273656F70743A20696EDE
:1095480076616C696420706362000000443A2F44BD
:1095580065736B746F702F4F696C5F50756D705FBA
:10956800436F6E74726F6C2F4D6964646C657761BC
:109578007265732F54686972645F50617274792FD1
:109588004C7749502F7372632F636F72652F746322
:10959800705F6F75742E63007463705F63726561CA
:1095A80074655F7365676D656E743A20696E766180
:1095B8006C69642070636200417373657274696FCB
:1095C8006E2022257322206661696C6564206174AF
:1095D800206C696E6520256420696E2025730A0059
:1095E8007463705F6372656174655F7365676D65E9
:1095F8006E743A20696E76616C6964207062756673
:1096080000000000702D3E746F745F6C656E203E24
:109618003D206F70746C656E000000007463705FAD
:10962800706275665F707265616C6C6F633A206911
:109638006E76616C6964206F76657273697A65000D
:109648007463705F706275665F707265616C6C6F71
:10965800633A20696E76616C696420706362000009
:109668006E65656420756E636861696E65642070F7
:10967800627566007463705F77726974655F6368AA
:1096880065636B733A20696E76616C6964207063F8
:10969800620000007463705F77726974653A2070C5
:1096A80062756673206F6E207175657565203D3E25
:1096B800206174206C65617374206F6E652071750C
:1096C800657565206E6F6E2D656D7074790000008C
:1096D8007463705F77726974653A206E6F20706288
:1096E800756673206F6E207175657565203D3E2027
:1096F800626F74682071756575657320656D707427
:10970800790000007463705F77726974653A206944
:109718006E76616C69642070636200007463705FC8
:1097280077726974653A20617267203D3D204E5515
:109738004C4C202870726F6772616D6D657220766F
:10974800696F6C61746573204150492900000000FD
:109758006D73735F6C6F63616C20697320746F6FD6
:1097680020736D616C6C0000696E636F6E73697352
:1097780074656E74206F76657273697A6520767386
:109788002E20737061636500696E636F6E73697311
:1097980074656E74206F76657273697A6520767366
:1097A8002E206C656E0000007463705F77726974B8
:1097B800653A20524F4D2070627566732063616E62
:1097C8006E6F74206265206F76657273697A65645E
:1097D80000000000756E73656E745F6F7665727356
:1097E800697A65206D69736D617463682028706398
:1097F800622D3E756E73656E74206973204E554CEC
:109808004C2900007463705F77726974653A20634D
:109818006865636B2074686174206669727374206C
:10982800706275662063616E20686F6C642074686E
:109838006520636F6D706C657465207365676C6512
:109848006E0000006F76657273697A65203D3D2071
:1098580030000000707265765F73656720213D20D7
:109868004E554C4C000000007463705F7772697449
:10987800653A2063616E6E6F7420636F6E63617406
:10988800656E617465207768656E207063622D3E31
:10989800756E73656E7420697320656D70747900D8
:1098A8007463705F77726974653A20657874656E61
:1098B80073696F6E206F66207265666572656E6388
:1098C8006520726571756972657320726566657267
:1098D800656E6365000000007463705F7772697479
:1098E800653A2076616C6964207175657565206CD0
:1098F800656E6774680000007463705F73706C69EC
:10990800745F756E73656E745F7365673A20696E10
:1099180076616C69642070636200000043616E27A1
:10992800742073706C6974207365676D656E74203C
:10993800696E746F206C656E677468203000000073
:1099480073706C6974203C3D206D737300000000D7
:10995800757365672D3E6C656E203E2030000000F3
:10996800736567203D3D204E554C4C007463705F15
:1099780073656E645F66696E3A20696E76616C69BC
:1099880064207063620000007463705F656E7175B7
:109998006575655F666C6167733A206E65656420FE
:1099A800656974686572205443505F53594E206F3F
:1099B80072205443505F46494E20696E20666C61A0
:1099C8006773202870726F6772616D6D657220769B
:1099D800696F6C617465732041504929000000006B
:1099E8007463705F656E71756575655F666C6167D8
:1099F800733A20696E76616C696420706362000056
:109A08007463705F656E71756575655F666C6167B7
:109A1800733A20636865636B2074686174206669B3
:109A280072737420706275662063616E20686F6C53
:109A380064206F70746C656E000000007365672D9C
:109A48003E746370686472206E6F7420616C69671D
:109A58006E6564007463705F656E71756575655FCA
:109A6800666C6167733A20696E76616C696420730D
:109A780065676D656E74206C656E677468000000BC
:109A88007463705F656E71756575655F666C616737
:109A9800733A20696E76616C6964207175657565C5
:109AA800206C656E677468007463705F6F7574709E
:109AB80075743A20696E76616C696420706362001F
:109AC800646F6E27742063616C6C207463705F6FC1
:109AD800757470757420666F72206C697374656E26
:109AE8002D70636273000000525354206E6F74200F
:109AF8006578706563746564206865726521000027
:109B08007463705F6F75747075745F7365676D6586
:109B18006E745F627573793A20696E76616C6964F8
:109B280020736567000000007463705F6F75747060
:109B380075745F7365676D656E743A20696E7661DA
:109B48006C696420736567007463705F6F75747007
:109B580075745F7365676D656E743A20696E7661BA
:109B68006C696420706362007463705F6F757470F1
:109B780075745F7365676D656E743A20696E76619A
:109B88006C6964206E657469660000006F707469A2
:109B98006F6E73206E6F742066696C6C656400006C
:109BA8007463705F7265786D69745F72746F5F70EB
:109BB8007265706172653A20696E76616C696420BD
:109BC800706362007463705F7265786D69745F7248
:109BD800746F5F636F6D6D69743A20696E76616C3E
:109BE80069642070636200007463705F7265786DE9
:109BF80069745F72746F3A20696E76616C6964206B
:109C0800706362007463705F7265786D69743A207E
:109C1800696E76616C696420706362007463705F5A
:109C28007265786D69745F666173743A20696E76DF
:109C3800616C69642070636200000000636865639A
:109C48006B20746861742066697273742070627521
:109C5800662063616E20686F6C642073747275632C
:109C680074207463705F6864720000007463705FCE
:109C78006F75747075745F616C6C6F635F68656134
:109C88006465723A20696E76616C696420706362FB
:109C9800000000007463705F6F75747075745F66A0
:109CA800696C6C5F6F7074696F6E733A20696E7659
:109CB800616C696420706275660000007463705F8F
:109CC8006F75747075745F636F6E74726F6C5F73A9
:109CD80065676D656E743A20696E76616C6964209B
:109CE80070627566000000007463705F7273743A86
:109CF80020696E76616C6964206C6F63616C5F6962
:109D0800700000007463705F7273743A20696E7635
:109D1800616C69642072656D6F74655F69700000BD
:109D28007463705F73656E645F656D7074795F618D
:109D3800636B3A20696E76616C69642070636200B7
:109D48007463705F6B656570616C6976653A2069EC
:109D58006E76616C69642070636200007463705F82
:109D68007A65726F5F77696E646F775F70726F6222
:109D7800653A20696E76616C6964207063620000E0
:109D8800443A2F4465736B746F702F4F696C5F5042
:109D9800756D705F436F6E74726F6C2F4D6964647C
:109DA8006C6577617265732F54686972645F50617E
:109DB8007274792F4C7749502F7372632F636F72C7
:109DC800652F74696D656F7574732E6300000000EC
:109DD8007379735F74696D656F75743A2074696D12
:109DE800656F757420213D204E554C4C2C20706FAA
:109DF8006F6C204D454D505F5359535F54494D4545
:109E08004F555420697320656D7074790000000007
:109E1800417373657274696F6E2022257322206600
:109E280061696C6564206174206C696E65202564C5
:109E380020696E2025730A0054696D656F7574205A
:109E480074696D6520746F6F206C6F6E672C206D60
:109E58006178206973204C5749505F55494E5433F7
:109E6800325F4D41582F34206D73656373000000D5
:109E7800696E76616C696420736C65657074696D70
:109E880065000000443A2F4465736B746F702F4F60
:109E9800696C5F50756D705F436F6E74726F6C2F75
:109EA8004D6964646C6577617265732F5468697273
:109EB800645F50617274792F4C7749502F737263C5
:109EC8002F636F72652F7564702E63007564705F01
:109ED800696E7075745F6C6F63616C5F6D617463DC
:109EE800683A20696E76616C69642070636200006C
:109EF800417373657274696F6E2022257322206620
:109F080061696C6564206174206C696E65202564E4
:109F180020696E2025730A007564705F696E70751C
:109F2800745F6C6F63616C5F6D617463683A20691C
:109F38006E76616C6964206E657469660000000065
:109F48007564705F696E7075743A20696E76616CBD
:109F580069642070627566007564705F696E7075FB
:109F6800743A20696E76616C6964206E65746966FE
:109F780000000000706275665F72656D6F76655FE0
:109F8800686561646572206661696C65640A0000D1
:109F98007564705F73656E643A20696E76616C698A
:109FA80064207063620000007564705F73656E649E
:109FB8003A20696E76616C6964207062756600008B
:109FC8007564705F73656E64746F3A20696E76614C
:109FD8006C696420706362007564705F73656E6499
:109FE800746F3A20696E76616C6964207062756678
:109FF800000000007564705F73656E64746F3A20CA
:10A00800696E76616C6964206473745F69700000BE
:10A018007564705F73656E64746F5F69663A206912
:10A028006E76616C69642070636200007564705FAD
:10A0380073656E64746F5F69663A20696E76616CE9
:10A0480069642070627566007564705F73656E641C
:10A05800746F5F69663A20696E76616C6964206422
:10A0680073745F69700000007564705F73656E6477
:10A07800746F5F69663A20696E76616C6964206EF8
:10A0880065746966000000007564705F73656E64CE
:10A09800746F5F69665F7372633A20696E76616C8C
:10A0A80069642070636200007564705F73656E6434
:10A0B800746F5F69665F7372633A20696E76616C6C
:10A0C80069642070627566007564705F73656E649C
:10A0D800746F5F69665F7372633A20696E76616C4C
:10A0E8006964206473745F69700000007564705F50
:10A0F80073656E64746F5F69665F7372633A206933
:10A108006E76616C6964207372635F697000000029
:10A118007564705F73656E64746F5F69665F737290
:10A12800633A20696E76616C6964206E657469664D
:10A1380000000000636865636B20746861742066C2
:10A148006972737420706275662063616E20686F2F
:10A158006C6420737472756374207564705F6864CE
:10A16800720000007564705F62696E643A20696EFF
:10A1780076616C6964207063620000007564705FCA
:10A18800636F6E6E6563743A20696E76616C69649C
:10A1980020706362000000007564705F636F6E6E0C
:10A1A8006563743A20696E76616C696420697061D0
:10A1B800646472007564705F646973636F6E6E6562
:10A1C80063743A20696E76616C696420706362001A
:10A1D8007564705F726563763A20696E76616C6942
:10A1E80064207063620000007564705F72656D6F53
:10A1F80076653A20696E76616C69642070636200E6
:10A20800443A2F4465736B746F702F4F696C5F50BD
:10A21800756D705F436F6E74726F6C2F4D696464F7
:10A228006C6577617265732F54686972645F5061F9
:10A238007274792F4C7749502F7372632F636F7242
:10A24800652F697076342F6175746F69702E63009D
:10A258006E6574696620213D204E554C4C00000007
:10A26800417373657274696F6E20222573222066AC
:10A2780061696C6564206174206C696E6520256471
:10A2880020696E2025730A006175746F697020213A
:10A298003D204E554C4C00006E6574696620616C1B
:10A2A80072656164792068617320612073747275C6
:10A2B8006374206175746F697020736574000000A1
:10A2C8004155544F49502061646472657373206E20
:10A2D8006F7420696E2072616E6765006E657469BF
:10A2E80066206973206E6F742075702C206F6C6403
:10A2F800207374796C6520706F72743F00000000E1
:10A30800443A2F4465736B746F702F4F696C5F50BC
:10A31800756D705F436F6E74726F6C2F4D696464F6
:10A328006C6577617265732F54686972645F5061F8
:10A338007274792F4C7749502F7372632F636F7241
:10A34800652F697076342F6574686172702E6300AA
:10A358007374617465203D3D204554484152505FF7
:10A3680053544154455F50454E44494E47207C7CE8
:10A37800207374617465203E3D2045544841525015
:10A388005F53544154455F535441424C45000000CB
:10A39800417373657274696F6E202225732220667B
:10A3A80061696C6564206174206C696E6520256440
:10A3B80020696E2025730A006172705F7461626C97
:10A3C800655B695D2E71203D3D204E554C4C00006B
:10A3D80069203C204152505F5441424C455F5349EB
:10A3E8005A4500006172705F7461626C655B695DFB
:10A3F8002E7374617465203D3D2045544841525088
:10A408005F53544154455F454D5054590000000076
:10A418006E657469662D3E6877616464725F6C6509
:10A428006E203D3D204554485F4857414444525FA3
:10A438004C454E006574685F72657420213D204E5E
:10A44800554C4C2026262069705F72657420213D8A
:10A45800204E554C4C0000006970616464722021E4
:10A468003D204E554C4C00006E6574696620213DB8
:10A47800204E554C4C0000006574685F726574206E
:10A48800213D204E554C4C006172705F7461626CC6
:10A49800655B6172705F6964785D2E737461746561
:10A4A800203E3D204554484152505F535441544545
:10A4B8005F535441424C45007120213D204E554C7C
:10A4C8004C00000074797065206F766572666C6F59
:10A4D800770000006172705F7461626C655B695D32
:10A4E8002E7374617465203D3D2050454E44494E9D
:10A4F80047206F7220535441424C45006E6F2070C4
:10A5080061636B65742071756575657320616C6C2A
:10A518006F77656421000000636865636B20746869
:10A528006174206669727374207062756620636155
:10A538006E20686F6C642073747275637420657420
:10A54800686172705F686472000000006E6574690B
:10A55800662D3E6877616464725F6C656E206D7508
:10A568007374206265207468652073616D6520616D
:10A5780073204554485F4857414444525F4C454E08
:10A5880020666F7220657468617270210000000097
:10A59800443A2F4465736B746F702F4F696C5F502A
:10A5A800756D705F436F6E74726F6C2F4D69646464
:10A5B8006C6577617265732F54686972645F506166
:10A5C8007274792F4C7749502F7372632F636F72AF
:10A5D800652F697076342F69636D702E63000000F3
:10A5E80069636D705F696E7075743A206D6F766916
:10A5F8006E6720722D3E7061796C6F616420746F94
:10A608002069636D702068656164657220666169A0
:10A618006C65640A00000000417373657274696FA9
:10A628006E2022257322206661696C65642061743E
:10A63800206C696E6520256420696E2025730A00E8
:10A6480069636D705F696E7075743A2072657374B2
:10A658006F72696E67206F726967696E616C2070CE
:10A668002D3E7061796C6F6164206661696C656408
:10A678000A000000636865636B2074686174206673
:10A688006972737420706275662063616E20686FEA
:10A698006C642069636D70206D6573736167650014
:10A6A800443A2F4465736B746F702F4F696C5F5019
:10A6B800756D705F436F6E74726F6C2F4D69646453
:10A6C8006C6577617265732F54686972645F506155
:10A6D8007274792F4C7749502F7372632F636F729E
:10A6E800652F697076342F6970342E63000000007E
:10A6F800702D3E726566203D3D20310041737365C3
:10A708007274696F6E2022257322206661696C65F8
:10A7180064206174206C696E6520256420696E2050
:10A7280025730A00636865636B207468617420662A
:10A738006972737420706275662063616E20686F39
:10A748006C64207374727563742069705F686472D6
:10A7580000000000443A2F4465736B746F702F4FEC
:10A76800696C5F50756D705F436F6E74726F6C2F9C
:10A778004D6964646C6577617265732F546869729A
:10A78800645F50617274792F4C7749502F737263EC
:10A798002F636F72652F697076342F6970345F612B
:10A7A8006464722E63000000756E68616E646C6587
:10A7B80064000000417373657274696F6E2022250E
:10A7C8007322206661696C6564206174206C696E0F
:10A7D8006520256420696E2025730A00443A2F44B9
:10A7E80065736B746F702F4F696C5F50756D705F18
:10A7F800436F6E74726F6C2F4D6964646C6577611A
:10A808007265732F54686972645F50617274792F2E
:10A818004C7749502F7372632F636F72652F69707D
:10A8280076342F6970345F667261672E63000000AA
:10A838007072657620213D206970720041737365DE
:10A848007274696F6E2022257322206661696C65B7
:10A8580064206174206C696E6520256420696E200F
:10A8680025730A00707265762D3E6E657874203DFA
:10A878003D2069707200000070627566735F6672D1
:10A88800656564202B20636C656E203C3D20307824
:10A89800666666660000000069705F7265617373C2
:10A8A8005F70627566636F756E74203E3D207062DE
:10A8B8007566735F667265656400000073616E6932
:10A8C800747920636865636B206C696E6B656420BE
:10A8D8006C69737400000000636865636B206672BE
:10A8E80061676D656E747320646F6E2774206F7670
:10A8F80065726C61700000006E6F20707265766919
:10A908006F757320667261676D656E742C2074684C
:10A918006973206D7573742062652074686520669C
:10A928006972737420667261676D656E74210000C8
:10A9380073616E69747920636865636B0000000059
:10A9480076616C69646174655F6461746167726182
:10A958006D3A6E6578745F70627566213D4E554C30
:10A968004C00000069705F72656173735F70627597
:10A9780066636F756E74203E3D20636C656E0000E3
:10A9880069707220213D204E554C4C006E6F74202A
:10A998006669727374616C74686F756768206A752C
:10A9A800737420656E717565756564007020213D4E
:10A9B800204E554C4C00000070637220213D204E03
:10A9C800554C4C00706372203D3D20700000000023
:10A9D8006970345F6672616728293A20706275660B
:10A9E80020746F6F2073686F7274000074686973E5
:10A9F800206E656564732061207062756620696EDB
:10AA0800206F6E652070696563652100702D3E6C4E
:10AA1800656E203E3D20706F66660000443A2F4404
:10AA280065736B746F702F4F696C5F50756D705FD5
:10AA3800436F6E74726F6C2F4D6964646C657761D7
:10AA48007265732F54686972645F50617274792FEC
:10AA58004C7749502F7372632F617070732F736E28
:10AA680074702F736E74702E6300000073657276B5
:10AA780065725F6164647220213D204E554C4C0024
:10AA8800417373657274696F6E2022257322206684
:10AA980061696C6564206174206C696E6520256449
:10AAA80020696E2025730A004661696C656420740C
:10AAB8006F20616C6C6F63617465207564702070C1
:10AAC800636220666F7220736E747020636C6965B0
:10AAD8006E740000496E76616C6964206F706572EF
:10AAE8006174696E67206D6F646500004F706572F0
:10AAF8006174696E67206D6F6465206D757374206D
:10AB08006E6F7420626520736574207768696C6560
:10AB180020534E545020636C69656E74206973200D
:10AB280072756E6E696E67004574684C696E6B006D
:10AB38004574684966000000443A2F4465736B7495
:10AB48006F702F4F696C5F50756D705F436F6E74D7
:10AB5800726F6C2F4C5749502F5461726765742F70
:10AB680065746865726E657469662E63000000001E
:10AB78006E6574696620213D204E554C4C000000DE
:10AB8800417373657274696F6E2022257322206683
:10AB980061696C6564206174206C696E6520256448
:10ABA80020696E2025730A00443A2F4465736B743C
:10ABB8006F702F4F696C5F50756D705F436F6E7467
:10ABC800726F6C2F436F72652F5372632F6D6169BB
:10ABD8006E2E63005B25733A25645D204144433340
:10ABE80020444D4120E590AFE58AA8E68890E58AA3
:10ABF8009F0D0A005B25733A25645D204144433369
:10AC080020444D4120E590AFE58AA8E5A4B1E8B419
:10AC1800A52C207265743D25640D0A005B25733AE6
:10AC280025645D204144433320E6ADA3E59CA8E8B4
:10AC3800BDACE68DA2E4B8AD0D0A00005B25733A01
:10AC480025645D2042444D41E9809AE9819330E5CD
:10AC5800B7B2E5BC80E590AFE4BCA0E8BE930D0AAE
:10AC68000000000064656661756C745461736B0064
:10AC78005461736B5F496E69745461736B000000B3
:10AC88005564705F646973636F7665725F7461732E
:10AC98006B0000005463705F636C69656E745F7469
:10ACA80061736B0054696D6553796E635461736B9E
:10ACB80000000000495744475461736B00000000CE
:10ACC8005265626F6F745461736B00005463705304
:10ACD800656E6465720000004144435461736B0003
:10ACE8004D61696E4C6F6769635461736B00000056
:10ACF8005072657373757265436F6E74726F6C54BE
:10AD080061736B004D6F646275734D617374657226
:10AD18005461736B00000000756172745F6D757427
:10AD280065780000666C6173685F6B765F6D75743B
:10AD3800657800007564705F7063625F6D75746537
:10AD4800780000007463705F73656E645F6D75747E
:10AD5800657800007379735F7374617475735F6DE0
:10AD680075746578000000005B4C4F475D20696E84
:10AD780069745F6E65745F646220746F74616C20BF
:10AD880073746172742074696D653A20256C75203E
:10AD98006D730D0A000000005B4C4F475D20696E23
:10ADA80069745F7379735F64622072756E20746969
:10ADB8006D653A20256C75206D730D0A0000000042
:10ADC8005B4C4F475D20696E69745F6E65745F64A4
:10ADD8006220746F74616C2072756E2074696D6581
:10ADE8003A20256C75206D730D0A00005B4C4F47A7
:10ADF8005D20696E69745F7265626F6F745F64620B
:10AE080020746F74616C2072756E2074696D653A78
:10AE180020256C75206D730D0A0000005B4C4F47B0
:10AE28005D203D3D3D3D3D3D3D3D3D3D3D3D3D3D47
:10AE38003D3D3D3D3D3D2053797374656D20546122
:10AE4800736B20496E666F203D3D3D3D3D3D3D3D68
:10AE58003D3D3D3D3D3D3D3D3D3D3D3D0D00000001
:10AE68005B4C4F475D20546F74616C2072756E6E39
:10AE7800696E67207461736B20636F756E743A2016
:10AE8800256C750D0A0000005B4C4F475D202D2D89
:10AE98002D2D2D2D2D2D2D2D2D2D2D2D2D2D2D2DDA
:10AEA8002D2D2D2D2D2D2D2D2D2D2D2D2D2D2D2DCA
:10AEB8002D2D2D2D2D2D2D2D2D2D2D2D2D2D2D2DBA
:10AEC8002D2D2D2D2D2D2D2D0D0000005B4C4F47C8
:10AED8005D2031202C495744475461736B20202052
:10AEE8002020202020202020202020202020206D0D
:10AEF800696E20737461636B206C6566743A2025F3
:10AF08006C752062797465730D0A00005B4C4F47BD
:10AF18005D2032202C537461727444656661756CCF
:10AF2800745461736B202020202020202020206D65
:10AF3800696E20737461636B206C6566743A2025B2
:10AF48006C752062797465730D0A00005B4C4F477D
:10AF58005D2033202C4F4C45445F5461736B5F4533
:10AF68006E74727920202020202020202020206D3F
:10AF7800696E20737461636B206C6566743A202572
:10AF88006C752062797465730D0A00005B4C4F473D
:10AF98005D2034202C4F4C45445F4D73675F5461EE
:10AFA800736B5F456E747279202020202020206DFD
:10AFB800696E20737461636B206C6566743A202532
:10AFC8006C752062797465730D0A00005B4C4F47FD
:10AFD8005D2035202C42757A7A5F7461736B20206E
:10AFE8002020202020202020202020202020206D0C
:10AFF800696E20737461636B206C6566743A2025F2
:10B008006C752062797465730D0A00005B4C4F47BC
:10B018005D2036202C53796E6369665F7461736BAB
:10B028002020202020202020202020202020206DCB
:10B03800696E20737461636B206C6566743A2025B1
:10B048006C752062797465730D0A00005B4C4F477C
:10B058005D2037202C4D4269665F7461736B202038
:10B068002020202020202020202020202020206D8B
:10B07800696E20737461636B206C6566743A202571
:10B088006C752062797465730D0A00005B4C4F473C
:10B098005D2038202C4D61696E4C6F67696354617F
:10B0A800736B202020202020202020202020206DAD
:10B0B800696E20737461636B206C6566743A202531
:10B0C8006C752062797465730D0A00005B4C4F47FC
:10B0D8005D2039202C5461736B5F496E697454612B
:10B0E800736B202020202020202020202020206D6D
:10B0F800696E20737461636B206C6566743A2025F1
:10B108006C752062797465730D0A00005B4C4F47BB
:10B118005D2031302C5564705F646973636F7665A8
:10B12800725F7461736B2020202020202020206D06
:10B13800696E20737461636B206C6566743A2025B0
:10B148006C752062797465730D0A00005B4C4F477B
:10B158005D2031312C5463705F636C69656E745F78
:10B168007461736B20202020202020202020206D57
:10B17800696E20737461636B206C6566743A202570
:10B188006C752062797465730D0A00005B4C4F473B
:10B198005D2031342C54696D6553796E6354617345
:10B1A8006B20202020202020202020202020206DFF
:10B1B800696E20737461636B206C6566743A202530
:10B1C8006C752062797465730D0A00005B4C4F47FB
:10B1D8005D2031352C4144435461736B202020207D
:10B1E8002020202020202020202020202020206D0A
:10B1F800696E20737461636B206C6566743A2025F0
:10B208006C752062797465730D0A00005B4C4F47BA
:10B218005D2031362C5072657373757265436F6E9D
:10B2280074726F6C5461736B202020202020206D75
:10B23800696E20737461636B206C6566743A2025AF
:10B248006C752062797465730D0A00005B4C4F477A
:10B258005D2031372C4D6F646275734D6173746571
:10B26800725461736B202020202020202020206D24
:10B27800696E20737461636B206C6566743A20256F
:10B288006C752062797465730D0A00005B4C4F473A
:10B298005D2031382C65746865726E65745F6C6901
:10B2A8006E6B5F7468726561642020202020206DB9
:10B2B800696E20737461636B206C6566743A20252F
:10B2C8006C752062797465730D0A00005B4C4F47FA
:10B2D8005D2031392C65746865726E657469665FC6
:10B2E800696E707574202020202020202020206D79
:10B2F800696E20737461636B206C6566743A2025EF
:10B308006C752062797465730D0A00005B4C4F47B9
:10B318005D2048656170204E6F7720467265653AFA
:10B32800202575204279746573207C204D696E2034
:10B338004672656520486561703A20257520427916
:10B348007465730D0A0000005B4C4F475D203D3D5E
:10B358003D3D3D3D3D3D3D3D3D3D3D3D3D3D3D3D15
:10B368003D3D3D3D3D3D3D3D3D3D3D3D3D3D3D3D05
:10B378003D3D3D3D3D3D3D3D3D3D3D3D3D3D3D3DF5
:10B388003D3D3D3D3D3D3D3D0D0A0D005B4C4F476C
:10B398005D20696E69742072756E2074696D653AF6
:10B3A80020256C75206D730D0A0000002530325879
:10B3B8002530325825303258253032582530325809
:10B3C80025303258000000005B4C4F475D20436831
:10B3D80069702066756C6C205549443A20253032D6
:10B3E8005820253032582025303258202530325800
:10B3F8002025303258202530325820253032582028
:10B408002530325820253032582025303258202512
:10B4180030325820253032580D0A00005B4C4F4717
:10B428005D204175746F2067656E65726174652073
:10B438004445564943455F534E3A2025730D0A004B
:10B448005B4C4F475D204175746F2067656E657270
:10B45800617465204445564943455F49443A20256F
:10B46800730D0A005B4C4F475D204C6F63616C2085
:10B4780049503A2025730D0A0000000065665F6B8D
:10B4880076646232000000006E6574646200000039
:10B498005B4C4F475D20455448206461746162618C
:10B4A800736520696E697469616C697A6174696F22
:10B4B8006E206661696C65642C206572723D256436
:10B4C8000D0A00005B4C4F475D20455448206461DD
:10B4D80074616261736520696E697469616C697A07
:10B4E8006174696F6E207375636365737366756CD9
:10B4F8000D0000006E65745F636667005B4C4F4724
:10B508005D20466C617368206C6F6164696E6720AA
:10B518006E6574776F726B20636F6E66696775729C
:10B528006174696F6E207375636365656465642C07
:10B538002054435020737461727465640D000000D8
:10B548005B4C4F475D204E6F7420636F6E6E656372
:10B5580074656420746F20746865206E6574776FF5
:10B56800726B2C207374617274696E672055445035
:10B578002062726F6164636173740D005B4C4F47A6
:10B588005D204175746F4950204F4B2C20737461B6
:10B59800727420534E54500D000000005B4C4F470E
:10B5A8005D20546865206469737472696275746992
:10B5B8006F6E206E6574776F726B20706172616D4B
:10B5C80065746572732068617665206265656E20B2
:10B5D800736176656420746F20466C6173680D0032
:10B5E80065665F6B76646233000000007265626FA7
:10B5F8006F746462000000005B4C4F475D20526529
:10B60800626F6F7420646174616261736520696E32
:10B61800697469616C697A6174696F6E20666169C1
:10B628006C65642C206572723D25640D0A0D0A0054
:10B638005B4C4F475D205265626F6F742064617484
:10B64800616261736520696E697469616C697A61A8
:10B6580074696F6E207375636365737366756C0DBB
:10B66800000000007265626F6F745F696E666F003C
:10B678005B4C4F475D204661696C656420746F20A0
:10B6880073617665207265626F6F7420696E666F8C
:10B698002C206572723D25642E2041626F727420E1
:10B6A8007265626F6F742E0D0A0D0A005B4C4F476E
:10B6B8005D205265626F6F74207065727369737470
:10B6C800656E7420696E666F2073617665642C20E0
:10B6D800726561736F6E3A25730D0A0D0A000000DA
:10B6E8005B4C4F475D207265626F6F745F696E6671
:10B6F8006F204B5620656D707479206F72206C65D1
:10B708006E6774682F637263206572726F722C2083
:10B7180064656C6574652064616D61676564206B40
:10B72800760D0A0D000000005B4C4F475D207265E6
:10B73800626F6F745F696E666F206D616769632001
:10B74800696E76616C69642C2064656C657465202B
:10B758006B760D0A0D0000005B4C4F475D2052656B
:10B76800626F6F742070657273697374656E74208C
:10B77800696E666F20636C65617265640D0A0D0001
:10B788007265626F6F745F737563636573730000CE
:10B798005B4C4F475D205265706F72742072656212
:10B7A8006F6F7420737563636573732C20726561A2
:10B7B800736F6E3A25732C20757074696D653A2520
:10B7C8006C75730D0A0D0A005B4C4F475D204E5493
:10B7D8005020736B69703A206E6574776F726B20B6
:10B7E8006E6F742072656164790D0A0D00000000A7
:10B7F800253034642D253032642D253032642025DF
:10B808003032643A253032643A253032642E25309D
:10B81800336400005B4C4F475D20554450206F6CEB
:10B8280064205043422064657374726F7965640DB7
:10B83800000000005B4C4F475D207564705F6E65CB
:10B84800772829206661696C65642C207063622002
:10B85800706F6F6C206578686175737465640D002E
:10B868005B4C4F475D207564705F62696E6420664B
:10B8780061696C2C206572723A25640D0A0000001B
:10B888005B4C4F475D205544502050434220637223
:10B898006561746520737563636573732C20706FBD
:10B8A80072743A25640D0A00594553004E4F000042
:10B8B8005B4C4F475D20534F465F42524F414443D4
:10B8C8004153543A2573206E657469665F666C61EE
:10B8D80067733A3078253038580D0A005B4C4F476B
:10B8E8005D2057616974696E6720666F72206175A3
:10B8F800746F206C696E6B2069702E2E2E0D0000FF
:10B908005B4C4F475D2056616C6964204950206F3D
:10B91800627461696E65642C207374617274205559
:10B92800445020736572766963650D005B4C4F4720
:10B938005D207564705F6E65772829206661696C83
:10B9480065642C206E6F2070636220617661696C7B
:10B9580061626C65210D00005B4C4F475D205544CA
:10B96800502050434220696E76616C69642C2073C4
:10B978006B697020746869732075647020706163E6
:10B988006B65740D000000005B4C4F475D204C6FE9
:10B9980063616C204950206368616E6765642C2080
:10B9A8006D61726B205544502072656275696C64D4
:10B9B8000D0000005B4C4F475D205544502050431C
:10B9C8004220637265617465206661696C65642CE8
:10B9D8002072657472792061667465722032730D05
:10B9E800000000005B4C4F475D206E65746966205F
:10B9F8006E6F742075702C20736B6970207564707D
:10BA0800206F6E6C696E652062726F61646361732A
:10BA1800740D0A0D00000000253032583A253032E6
:10BA2800583A253032583A253032583A253032586B
:10BA38003A25303258000000747275650000000025
:10BA480066616C73650000007B226375725F6970C4
:10BA5800223A222573222C226669726D77617265FB
:10BA68005F766572223A222573222C2269735F72EF
:10BA780065626F6F74223A25732C226D6163223AD6
:10BA8800222573222C226D6F64656C223A2225735D
:10BA9800222C22726561736F6E223A25642C227300
:10BAA8006571223A256C752C22736E223A22257311
:10BAB800222C227473223A25732C22747970652201
:10BAC8003A222573227D00006465766963655F6F9D
:10BAD8006E6C696E650000004C55422D50554D50F6
:10BAE8002D56312E30000000312E302E330000004C
:10BAF80030313233343536373839616263646566DC
:10BB080030313233343536373839616263646566CB
:10BB18000000000025303258253032582530325880
:10BB2800253032580000000074797065000000006C
:10BB38006D616300736E00006D6F64656C000000DA
:10BB48006669726D776172655F76657200000000E4
:10BB58006375725F6970000069735F7265626F6F09
:10BB680074000000726561736F6E000074730000EA
:10BB7800736571007369676E000000005B4C4F4786
:10BB88005D205544502053656E64204A534F4E3A09
:10BB98000D0A25730D0A0D0A000000005B4C4F4783
:10BBA8005D20756470206A736F6E20746F6F206CEF
:10BBB8006F6E672C2064726F700D0A0D0000000014
:10BBC8005B4C4F475D20554450206465766963653A
:10BBD8005F6F6E6C696E652073656E642073746147
:10BBE8007475733A25640D0A0D0A00005B4C4F47C3
:10BBF8005D207062756620616C6C6F632066616998
:10BC08006C65642C20706F6F6C20656D7074790D95
:10BC18000A0D00005B4C4F475D205544502052658B
:10BC28006376204A534F4E3A0D0A25730D0A0D0AC2
:10BC380000000000646973636F7665725F726571F6
:10BC48007565737400000000646F6D61696E0000B3
:10BC5800676174657761795F6D616300464143543C
:10BC68004F52595F4F494C005B4C4F475D20546918
:10BC78006D6520766572696669636174696F6E20A7
:10BC88006661696C6564210D0A0D00005B4C4F47C5
:10BC98005D2053657175656E6365206E756D6265AF
:10BCA8007220766572696669636174696F6E206671
:10BCB80061696C6564210D0A0D0000007B22646FC8
:10BCC8006D61696E223A222573222C2267617465A0
:10BCD8007761795F6D6163223A222573222C227382
:10BCE8006571223A256C752C227473223A25732CBF
:10BCF8002274797065223A222573227D00000000A3
:10BD08005B4C4F475D207369676E20636865636BA2
:10BD1800206661696C6564210D0A457870656374F5
:10BD280065643A2025732C2041637475616C3A2050
:10BD380025730D0A0D0A0000646973636F766572D6
:10BD48005F726573706F6E73650000004C55422D0D
:10BD58004354524C2D56312E300000007B2263751F
:10BD6800725F6970223A222573222C226669726DED
:10BD7800776172655F766572223A222573222C22DA
:10BD88006D6163223A222573222C226D6F64656CE3
:10BD9800223A222573222C22736571223A25752CAA
:10BDA80022736E223A222573222C227473223A259A
:10BDB800732C2274797065223A222573227D000043
:10BDC8005B4C4F475D2043616C6320646973636F0C
:10BDD8007665725F726573706F6E736520736967DD
:10BDE8006E3A2025730D0A0D0A0000005B4C4F4780
:10BDF8005D205544502073656E64207374617475BA
:10BE0800733A25640D0A0D0A00000000636F6E6620
:10BE180069675F73657400007461726765745F6D4C
:10BE2800616300007461726765745F736E0000007F
:10BE3800697000006E65746D61736B00676174658D
:10BE480077617900686F73745F697000686F7374E5
:10BE58005F6D6163000000005B4C4F475D204B4500
:10BE6800592076616C7565207665726966696361CB
:10BE780074696F6E206661696C6564210D0A0D0036
:10BE88005B4C4F475D204D4143206164647265738C
:10BE98007320766572696669636174696F6E20667E
:10BEA80061696C6564210D0A0D0000005B4C4F4709
:10BEB8005D20534E20766572696669636174696FA7
:10BEC8006E206661696C6564210D0A0D0000000032
:10BED8007B2267617465776179223A222573222C67
:10BEE80022686F73745F6970223A222573222C22AC
:10BEF800686F73745F6D6163223A222573222C2266
:10BF08006970223A222573222C226E65746D617342
:10BF18006B223A222573222C22736571223A256CF2
:10BF2800752C227461726765745F6D6163223A22B1
:10BF38002573222C227461726765745F736E223ACE
:10BF4800222573222C227473223A25732C227479A9
:10BF58007065223A222573227D0000005B4C4F4712
:10BF68005D20536572766572204950206368616E62
:10BF78006765642C206D61726B206173796E632034
:10BF8800636C6F73650D00005B4C4F475D2044691F
:10BF980073747269627574696F6E206E6574776FF9
:10BFA800726B207375636365737366756C6C792047
:10BFB800616E6420466C6173682073617665640DF8
:10BFC8000A0D00005B4C4F475D20534E54502075BE
:10BFD80070646174656420746F206E657720736582
:10BFE800727665722069703A2025730D0A00000088
:10BFF8005B4C4F475D2052656372656174652055DF
:10C0080044502050434220616674657220636F6E0D
:10C018006669675F736574206661696C65640D00A5
:10C028005B4C4F475D20756470206D757465782092
:10C038006E6F7420696E69742C20736B697020753B
:10C0480064702072656275696C640D005B4C4F47C3
:10C058005D205544502071756575652066756C6C5A
:10C068002C2064726F7020756470207061636B653A
:10C07800742C206C656E3A25750D0A005B4C4F4791
:10C088005D205B5443505D207463705F61626F7222
:10C098007420666F7263652072656C6561736520D4
:10C0A800616C6C2073656E64206275666665720DDE
:10C0B800000000005B4C4F475D20544350207063E4
:10C0C8006220736166656C7920636C6F7365640DBB
:10C0D800000000005B4C4F475D205B5443505D20DF
:10C0E800636C6561722025642070656E64696E6793
:10C0F8002073656E64206D73670D0A005B4C4F47B3
:10C108005D204865617274626561742074696D654B
:10C118006F757420332074696D65732C2072657394
:10C128007461727420544350206E6574776F726B1B
:10C13800210D0A0D000000005B4C4F475D2048654B
:10C1480061727462656174206C6F737420636F75BB
:10C158006E743A2025642F25640D0A0D0A0000002C
:10C168005B4C4F475D20537461727420636F6E6E31
:10C17800656374207365727665722049503A256448
:10C188002E25642E25642E256420504F52543A25BE
:10C1980064202E2E2E2E2E2E0D0A0D0A00000000D1
:10C1A8005B4C4F475D207463705F6E65772829206C
:10C1B8006661696C65642C206F7574206F66206DEC
:10C1C800656D6F7279210D0A0D0000005B4C4F47B9
:10C1D8005D20544350206572726F7220286D617221
:10C1E8006B206173796E6320636C6F7365292C20F3
:10C1F8006572723A25640D0A000000005B4C4F47D7
:10C208005D205443502068616E647368616B6520DB
:10C218006661696C2C2064697265637420636C655F
:10C22800616E0D0A0D0000005B4C4F475D205443C2
:10C238005020636F6E6E65637420737563636573F6
:10C2480073210D0A0D0000006465766963655F69F6
:10C25800640000006C69717569645F6C6576656C73
:10C268005F706374000000006F696C5F74656D70C7
:10C278005F63000070726573737572655F6D7061DE
:10C288000000000073656E736F725F73746174757C
:10C29800730000007379735F6661756C745F62691F
:10C2A800740000007379735F737461727400000026
:10C2B8007379735F7761726E696E670076616C7609
:10C2C800655F7374617465006465766963655F733F
:10C2D80074617475730000006865617274626561E9
:10C2E800740000005B4C4F475D2054435020736539
:10C2F8006E642071756575652066756C6C2C20649C
:10C30800726F70206865617274626561740D0000F7
:10C3180073746174655F726573706F6E7365000026
:10C3280071756572795F7479706500006465765F10
:10C3380073746174757300007265665F70726573FB
:10C3480073757265000000006D61785F70726573C7
:10C35800737572650000000070726573735F6879A9
:10C368007374657265736973000000006F76657297
:10C3780070726573735F6D617267696E00000000AB
:10C388006D61785F6D6F746F725F7370656564005F
:10C398006D696E5F6D6F746F725F73706565640051
:10C3A8006D61785F6F696C5F74656D700000000087
:10C3B8006D696E5F6C69717569645F6C6576656CD3
:10C3C800000000007069645F6B7000007069645F52
:10C3D8006B6900007069645F6B6400006465765F78
:10C3E800636667007B226465766963655F696422BA
:10C3F8003A222573222C2271756572795F747970DF
:10C4080065223A25752C22736571223A256C752CA4
:10C41800227473223A25732C2274797065223A2289
:10C4280073746174655F726573706F6E7365227D76
:10C43800000000005B4E45545D2053656E64207318
:10C44800746174655F726573706F6E73653A0D0A17
:10C4580025730D0A0D0A00005B4E45545D205443B8
:10C46800502073656E642071756575652066756CFE
:10C478006C2C2064726F702073746174655F7265D0
:10C4880073706F6E73650D0A0D000000DFF804C04D
:10C49800DFF804F000000000000000006465766921
:10C4A80063655F636F6E666967000000636F6E6641
:10C4B80069675F7365745F72657370005B4E45549E
:10C4C8005D205443502073656E64207175657565F1
:10C4D8002066756C6C2C2064726F7020636F6E66BA
:10C4E80069675F7365745F726573700D00000000A3
:10C4F8005B4C4F475D205443502052656376204A79
:10C50800534F4E3A0D0A25730D0A0D0A000000001C
:10C518005B4C4F475D20446576696365204944203C
:10C52800766572696669636174696F6E20666169B0
:10C538006C6564210D0A0D0073746174655F726522
:10C5480071756573740000005B4C4F475D20737410
:10C558006174655F72657175657374207175657254
:10C56800795F7479706520696E76616C6964210DF4
:10C578000A0D00007B226465766963655F69642241
:10C588003A222573222C2271756572795F7479704D
:10C5980065223A25752C22736571223A256C752C13
:10C5A800227473223A25732C2274797065223A22F8
:10C5B80073746174655F72657175657374227D004B
:10C5C8006865617274626561745F61636B00000025
:10C5D8007365727665725F74696D65005B4C4F4771
:10C5E8005D205365727665722074696D653A202501
:10C5F800730D0A0D0A0000007B2264657669636585
:10C608005F6964223A222573222C22736571223ACB
:10C61800256C752C227365727665725F74696D6519
:10C62800223A25732C227473223A25732C227479AA
:10C638007065223A226865617274626561745F612F
:10C64800636B227D000000006465766963655F7234
:10C6580065626F6F7400000064656C6179000000AA
:10C6680072656D6F74655F636F6E74726F6C0000D6
:10C678006661756C745F72657365745F726571006D
:10C688005B4C4F475D2072656D6F74655F636F6EBD
:10C6980074726F6C20706172616D20696E76616C66
:10C6A80069640D0A0D0000007B2264657669636584
:10C6B8005F6964223A222573222C226661756C74A4
:10C6C8005F72657365745F726571223A25752C22F5
:10C6D800736571223A256C752C227379735F7374B4
:10C6E800617274223A25752C227473223A25732CB0
:10C6F8002274797065223A2272656D6F74655F6382
:10C708006F6E74726F6C222C2276616C76655F7323
:10C7180074617465223A25757D000000636F6E664A
:10C7280069675F7365745F72657100005B4C4F47A2
:10C738005D20544350207265636569766564206D99
:10C748006573736167652073756363657373667575
:10C758006C6C79210D0A0D005B4C4F475D20756E9E
:10C768006B6E6F776E2071756572795F747970651D
:10C778003A25640D0A0D0A005B4C4F475D2052654F
:10C78800626F6F7420636D642071756575652066CE
:10C79800756C6C2C2064726F7020636F6D6D616EA8
:10C7A800640D0A0D000000005B4C4F475D20726568
:10C7B8006D6F7465206374726C3A206661756C7471
:10C7C8005F6269742065786973742C20736B697073
:10C7D8002076616C76655F73746174650D0A0D006F
:10C7E8005B4C4F475D2072656D6F74655F636F6E5C
:10C7F80074726F6C206170706C79206F6B3A207363
:10C8080079735F73746172743D25752076616C76F7
:10C81800653D2575206661756C745F726573657416
:10C828005F7265713D25750D0A0D0A005B4C4F4717
:10C838005D2072656D6F74655F636F6E74726F6C87
:10C848003A207265616420736E617073686F74203A
:10C858006661696C2C206469736361726420636D1E
:10C86800640D0A0D000000007B226465766963652B
:10C878005F6964223A222573222C226669726D77D9
:10C888006172655F766572223A222573222C226DC9
:10C898006163223A222573222C226D6F64656C2213
:10C8A8003A222573222C22736571223A256C752C45
:10C8B800227473223A25732C2274797065223A22E5
:10C8C8007265676973746572227D000072656769B5
:10C8D80073746572000000005B4C4F475D20544341
:10C8E800502073656E642071756575652066756C7A
:10C8F8006C2C2064726F702072656769737465723E
:10C908000D000000657374696D617465645F64751A
:10C91800726174696F6E00006D657373616765009D
:10C9280073746174757300006465766963655F721A
:10C9380065626F6F745F61636B0000005B4C4F470B
:10C948005D205443502073656E642071756575656C
:10C958002066756C6C2C2064726F70206465766933
:10C9680063655F7265626F6F745F61636B0D000072
:10C97800726573756C7400006465766963655F72CF
:10C9880065626F6F745F726573756C740000000088
:10C99800757074696D6500005B4C4F475D205443AA
:10C9A800502073656E642071756575652066756CB9
:10C9B8006C2C2064726F70206465766963655F72A1
:10C9C80065626F6F745F726573756C740D0000003B
:10C9D8005B4C4F475D20506F7765722D6F6E2066F8
:10C9E800697273742073796E63204E5450202D3E03
:10C9F80020525443204F4B0D000000005B4C4F4722
:10CA08005D2054696D6520646966663A2025732047
:10CA18006D73203E207468726573686F6C642C2097
:10CA280072652D73796E630D0A00000025642E254A
:10CA3800642E25642E2564005B4C4F475D204375AA
:10CA48007272656E74204E5450205365727665720A
:10CA58002049503A2025730D0A0000005B4C4F47CF
:10CA68005D204E545054696D653A202573207C2012
:10CA78004D535F54533A2025730D0A005B4C4F47C2
:10CA88005D204E54502073796E63206661696C2C6A
:10CA98002074733D300D00005B4C4F475D205254AD
:10CAA8004354696D653A202573207C204D535F54AB
:10CAB800533A2025730D0A0D0A0000007265626F53
:10CAC8006F745F6163636570746564005B4C4F47A6
:10CAD8005D20416363657074207265626F6F743A9C
:10CAE8002064656C6179203D202575732C20726562
:10CAF80061736F6E203D2025730D0A0D0A0000003A
:10CB08005B4C4F475D20544350206D736720746F12
:10CB18006F206C6F6E6720282575292C2064726F32
:10CB2800700D0A0D0A0000005B4C4F475D205175DF
:10CB3800657565206F766572666C6F7720707265B3
:10CB480020636C65617220257520706B740D0A0D69
:10CB58000A0000005B4C4F475D20544350206F662D
:10CB6800666C696E652C2064726F70206D657373D6
:10CB78006167650D0A0D00005B4C4F475D2054430B
:10CB880050206275662066756C6C2C2064726F701C
:10CB98002070656E64696E6720706B740D0A0D00F5
:10CBA8005B4C4F475D205443502073656E64206290
:10CBB80075662066756C6C20286E65656420256432
:10CBC8002C2066726565202564292C2064726F709C
:10CBD80020706B740D0A0D0A000000005B4C4F4773
:10CBE8005D207463705F7772697465206661696C33
:10CBF8002C206572723A25642C206D61726B20615D
:10CC080073796E6320636C6F73650D0A0D0A0000FB
:10CC1800443A2F4465736B746F702F4F696C5F5083
:10CC2800756D705F436F6E74726F6C2F557365729C
:10CC3800436F64652F447269766572732F4D6F7404
:10CC48006F722F6273705F666463616E2E6300009B
:10CC580057726F6E6720706172616D65746572736B
:10CC68002076616C75653A2066696C6520257320AD
:10CC78006F6E206C696E652025640D0A0000000047
:10CC88005B6C6F6769635D20737973206D7574657C
:10CC98007820616371756972652074696D656F7557
:10CCA800742C2066616C6C6261636B207261772002
:10CCB800726561640D0000005B6C6F6769635D20DD
:10CCC800737973206D75746578204E554C4C2C2003
:10CCD80066616C6C6261636B20726177207265615A
:10CCE800640D00005B6C6F6769635D207379732066
:10CCF8006D757465782061637175697265207469F2
:10CD08006D656F75742C2077726974652061626F28
:10CD180072740D005B6C6F6769635D2073797320B3
:10CD28006D75746578204E554C4C2C20777269745B
:10CD3800652061626F72740D000000005B6C6F67A4
:10CD480069635D204661756C742F73656E736F72CD
:10CD58005F737461747573207772697465206D757B
:10CD68007465782074696D656F75740D0000000036
:10CD78005B6C6F6769635D20456E7465722053450F
:10CD88005454494E47204D6F646520284C6F636B9F
:10CD980065642C206175746F2D73776974636820DE
:10CDA80064697361626C6564290D00005B6C6F6770
:10CDB80069635D20456E7465722053544F50204D51
:10CDC8006F64650D0000000053797374656D2073FE
:10CDD800746F702C207374616E64627900000000B7
:10CDE8005B6C6F6769635D20456E74657220505295
:10CDF800455353204D6F64650D00000050726573F4
:10CE08007375726520626F6F7374696E67000000D6
:10CE18005B6C6F6769635D20456E74657220484F6F
:10CE28004C44204D6F64650D00000000507265731E
:10CE38007375726520686F6C64696E670000000026
:10CE48005B6C6F6769635D20456E7465722052453F
:10CE58004C45415345204D6F64652C204F70656EDD
:10CE68002056616C76650D00507265737375726536
:10CE78002072656C656173696E6700005B6C6F6733
:10CE880069635D20456E7465722053455454494E5C
:10CE980047204D6F64650D005B6C6F6769635D20AB
:10CEA80053797374656D20456E74657220464155DB
:10CEB8004C542053746174650D0000004D6F746FFD
:10CEC8007220436F6D6D204C6F7374004D6F746FDB
:10CED8007220447269766572204661756C74000030
:10CEE8004D6F746F72204D6F64652041626E6F7272
:10CEF8006D616C004C69717569642053656E736F60
:10CF080072204661756C7400507265737375726532
:10CF18002053656E736F72204661756C7400000053
:10CF28004F696C54656D702053656E736F7220463F
:10CF380061756C74000000004F76657270726573DD
:10CF480073757265204661756C7400004F696C20BA
:10CF580054656D70204F76657268656174000000D5
:10CF68004C6F77204C6971756964204C6576656CE7
:10CF780000000000556E6B6E6F776E204661756C11
:10CF8800740000005B6C6F6769635D20416C6C2006
:10CF98006175746F2D636C656172206661756C7460
:10CFA80073207265636F76657265642C2065786995
:10CFB80074204641554C540D000000004661756CC4
:10CFC8007420636C65617265642C207374616E648F
:10CFD800627900005B6C6F6769635D204D616E75F7
:10CFE800616C207265736574207375636365737310
:10CFF8002C2065786974204641554C540D0000007A
:10D008005B6C6F6769635D20526573657420726538
:10D018006A6563743A204C6F636B206661756C7443
:10D02800207374696C6C206578697374730D0000E3
:10D038004661756C74207374696C6C2065786973CB
:10D04800747300005B6C6F6769635D20556E6B6E6F
:10D058006F776E2073797374656D2073746174656E
:10D068002C20666F7263652053544F500D000000EA
:10D078004D4269665461736B000000005365726924
:10D08800616C20506F727400526573746F72652002
:10D09800466163746F7279004261636B000000003F
:10D0A800486F6D65205061676500000050617261CE
:10D0B8006D2053657474696E67730000436F6D6DFE
:10D0C8002053657474696E67730000005379737434
:10D0D800656D20496E666F004465627567204D6F07
:10D0E80064650000416C61726D205265636F726403
:10D0F8000000000052656620507265737375726592
:10D10800000000004D617820507265737375726578
:10D11800000000004D6F746F72204D6178205250EE
:10D128004D0000004D6F746F72204D696E20525093
:10D138004D00000054656D7020416C61726D205483
:10D1480068726573000000004C6971756964204C51
:10D158006576656C205468726573000050494420F8
:10D16800502F492F440000004D6F6462757320539F
:10D178006C61766520416464720000005541525428
:10D188002042617564726174650000005541525413
:10D19800205061726974792F446174610000000045
:10D1A8004554482049500000455448204E65746D48
:10D1B80061736B0045544820476174657761790055
:10D1C8004669726D776172652056657200000000CD
:10D1D80048617264776172652056657200000000CC
:10D1E80052756E74696D6520537461740000000097
:10D1F80053656E736F72205261772041444300007B
:10D208004D616E75616C204374726C204D6F746F44
:10D21800722F56616C766500504944204175746FD1
:10D228002054756E65000000494F204D6F6E69747B
:10D238006F7200004D6F64627573205465737400DB
:10D2480041444320526177205761746368000000AD
:10D25800486973746F727920416C61726D204C69F2
:10D2680073740000436C65617220416C6C20416CE2
:10D2780061726D00526F746174652053656C6563EB
:10D2880074207C204C6F6E67205072657373204247
:10D2980061636B00456E633A2B2F2D2053686F72C4
:10D2A800743A53415645204C6F6E673A4578697415
:10D2B80000000000526566205072657373757265D0
:10D2C800284D506129000000252E3266284D5061F6
:10D2D800292000004D61782050726573737572655E
:10D2E800284D506129000000252E326620284D5017
:10D2F80061290000252E3066202852504D29000053
:10D308004F696C2054656D702054687265732843AA
:10D3180029000000252E316620284329000000003E
:10D328004C697175696420546872657328252900F1
:10D33800252E316620282525290000005049442043
:10D34800504152414D205345540000003E4B703A25
:10D35800252E326600000000204B703A252E3266DA
:10D36800000000003E4B693A252E3266000000009E
:10D37800204B693A252E3266000000003E4B643A85
:10D38800252E326600000000204B643A252E3266B6
:10D3980000000000416464723A2025640000000027
:10D3A800526174653A20256C75000000556E6176EF
:10D3B80061696C61626C65204E6F77004554482046
:10D3C80049502041646472657373000025642E25FA
:10D3D800642E25642E2564004669726D7761726536
:10D3E8002056657273696F6E00000000312E302E72
:10D3F800330000005665723A202573004861726454
:10D40800776172652056657273696F6E000000005F
:10D4180056322E31000000002530326C753A253026
:10D42800326C753A2530326C750000004348303A4A
:10D4380025346420204348313A2534640000000034
:10D448004348323A25346420204348333A2534642B
:10D45800000000004D616E75616C204D6F746F7235
:10D468002F56616C766500004E65656420456E74C4
:10D4780065722053657474696E67204D6F64652109
:10D48800000000004C6F6E67205072657373204275
:10D4980061636B002A4D6F746F7220537065656409
:10D4A8002872706D293A00003E4D6F746F722053D8
:10D4B800706565642872706D293A0000252E316602
:10D4C80000000000204D6F746F7220537065656412
:10D4D8002872706D293A00003E56616C76652053BB
:10D4E800746174653A0000004F50454E000000001A
:10D4F800434C4F53450000002056616C766520531D
:10D50800746174653A00000046756E6374696F6EE5
:10D51800204E6F7420496D706C656D656E7465641E
:10D52800000000004C6F6E672050726573732052C4
:10D53800657475726E000000414443205261772083
:10D548004D6F6E69746F7200253032643A2530323F
:10D55800643A25303264204269743A307825303292
:10D5680058000000416C61726D204F7065726174E3
:10D57800696F6E003E000000436C65617220416C6B
:10D5880061726D205265636F726400004661756C4C
:10D5980074205265736574205265717565737400E3
:10D5A80080D5040894D50408424F524348204F6957
:10D5B8006C2050756D7000004D0000005300000095
:10D5C8004C000000500000005400000049443A2577
:10D5D8007300000050723A2025734D50610000001E
:10D5E8005265663A2025734D5061000052504D3AFD
:10D5F80020256C7572706D004F543A2025734300D6
:10D608004C6576656C3A20257325250056616C7645
:10D61800653A204F50454E0056616C76653A204376
:10D628004C5300003230253032642E253032642EBF
:10D638002530326420253032643A253032643A2568
:10D64800303264004C6F6E6720707265737320749B
:10D658006F2072657475726E0000000050204D6F67
:10D6680064656C20496E697400000000416E676C47
:10D67800653A202564000000496E6974202E2E2E1C
:10D6880000000000526561647921000051204D6F4F
:10D6980064656C20496E69740000000054657374F9
:10D6A8002052756E6E696E6700000000696E6A65CB
:10D6B80063746F723A2025730000000073746174FC
:10D6C80075733A202573000041626F7574204465B4
:10D6D80076696365000000004465766963653A20F1
:10D6E800424F524348204C554245000056657273DC
:10D6F800696F6E3A2056312E302E3000253038585A
:10D708002D253038582D2530385800005072657353
:10D718007320746F2072657475726E005265626F43
:10D728006F7400005265626F6F74696E672E2E2EDB
:10D7380000000000556E6974205465737400000081
:10D74800705F616E673A256400000000715F616E6A
:10D75800676C653A2564000073656E5F743A20252E
:10D768006400000073656E5F623A20256400000063
:10D778004D61696E204D656E750000005475726EBE
:10D7880020746F206E617669676174652C20656E00
:10D7980074657220746F2073656C65637400000093
:10D7A80053797374656D2053657474696E6773007B
:10D7B80053657474696E6773205061676500000073
:10D7C800556E64657220446576656C6F706D656E24
:10D7D80074000000524553544F524520464143546B
:10D7E8004F525900436F6E6669726D2066616374AB
:10D7F8006F72792072657365740000004F4C454460
:10D808005461736B000000004F4C45444D736754DE
:10D8180061736B0053796E6369665461736B0000C2
:10D828006D66727300000000626F727363680000B7
:10D838006465766963655F6964000000313233347A
:10D848003536373839306B7600000000626F6F74F8
:10D858005F636F756E740000626F6F745F74696DDB
:10D86800650000007379735F63666700766572739D
:10D87800696F6E00312E302E3000000065665F6BD8
:10D8880076646231000000007379736462000000FE
:10D89800443A2F4465736B746F702F4F696C5F50F7
:10D8A800756D705F436F6E74726F6C2F5573657210
:10D8B800436F64652F4C6F6769632F73796E636973
:10D8C800662E63005B25733A25645D2052656D6F93
:10D8D800746520636D643A20666F726365207374A3
:10D8E8006F702C20656E7465722073657474696E30
:10D8F80067206D6F64650D0A000000005B25733AB0
:10D9080025645D2052656D6F746520636D643A20EF
:10D9180073776974636820746F2073746F70206DF7
:10D928006F64650D0A0000005B25733A25645D206D
:10D9380052656D6F746520707265737375726520BA
:10D94800636F6E74726F6C20636D6428322F332F8F
:10D9580034292064697361626C65642C2069676E80
:10D968006F72650D0A0000005B25733A25645D201F
:10D978005265736574206661696C65643A206C6FE2
:10D98800636B6564206661756C7420286F696C2010
:10D9980074656D70202F206C6F77206C69717569C4
:10D9A8006429206578697374730D0A005B25733ADE
:10D9B80025645D20486F73742073656E642066610A
:10D9C800756C7420726573657420636F6D6D616E1C
:10D9D800640D0A005B25733A25645D2052657374F3
:10D9E8006F726520666163746F727920636F6E660B
:10D9F800696720737563636573730D0A000000001F
:10DA08005B25733A25645D20466C61736844422047
:10DA1800666F726D617420616E64207265736574DF
:10DA2800204F4B0D0A0000001B5B33323B32326D36
:10DA38005B492F46414C5D2000000000302E352EFA
:10DA480039390000466C61736820416273747261F1
:10DA58006374696F6E204C6179657220285625734E
:10DA68002920696E697469616C697A6520737563C8
:10DA7800636573732E0000001B5B306D00000000AF
:10DA88001B5B33313B32326D5B452F46414C5D2089
:10DA98002825733A2564292000000000466C61732C
:10DAA80068204162737472616374696F6E204C619F
:10DAB80079657220285625732920696E6974696111
:10DAC8006C697A65206661696C65642E00000000E7
:10DAD8006465766963655F7461626C655B695D2D19
:10DAE8003E6F70732E7265616400000028257329EB
:10DAF8002068617320617373657274206661696C54
:10DB080065642061742025732E0A000064657669B7
:10DB180063655F7461626C655B695D2D3E6F7073F0
:10DB28002E777269746500006465766963655F7451
:10DB380061626C655B695D2D3E6F70732E65726105
:10DB4800736500005B442F46414C5D202825733ADD
:10DB58002568642920000000466C617368206465AC
:10DB680076696365207C20252A2E2A73207C206113
:10DB78006464723A2030782530386C78207C206CC8
:10DB8800656E3A20307825303878207C20626C6BBE
:10DB98005F73697A653A20307825303878207C6957
:10DBA8006E697469616C697A65642066696E697307
:10DBB800682E0000696E69745F6F6B006E616D6539
:10DBC80000000000736675645F64657600000000FD
:10DBD8002825732920686173206173736572742026
:10DBE8006661696C65642061742025732E0A0000E3
:10DBF800736675645F6465762D3E696E69745F6FE0
:10DC08006B0000006E616D6500000000666C61735A
:10DC1800685F6465760000001B5B33323B32326D0F
:10DC28005B492F46414C5D20000000003D3D3D3DD5
:10DC38003D3D3D3D3D3D3D3D3D3D3D3D3D3D3D3D0C
:10DC48002046414C20706172746974696F6E20744B
:10DC580061626C65203D3D3D3D3D3D3D3D3D3D3D69
:10DC68003D3D3D3D3D3D3D3D3D0000001B5B306D74
:10DC7800000000007C20252D2A2E2A73207C2025D8
:10DC88002D2A2E2A73207C2020206F6666736574E7
:10DC98002020207C202020206C656E67746820205E
:10DCA8007C0000002D2D2D2D2D2D2D2D2D2D2D2DD4
:10DCB8002D2D2D2D2D2D2D2D2D2D2D2D2D2D2D2D8C
:10DCC8002D2D2D2D2D2D2D2D2D2D2D2D2D2D2D2D7C
:10DCD8002D2D2D2D2D2D2D2D2D2D2D2D2D2D2D2D6C
:10DCE8002D0000007C20252D2A2E2A73207C20253B
:10DCF8002D2A2E2A73207C2030782530386C782005
:10DD08007C20307825303878207C00003D3D3D3D32
:10DD18003D3D3D3D3D3D3D3D3D3D3D3D3D3D3D3D2B
:10DD28003D3D3D3D3D3D3D3D3D3D3D3D3D3D3D3D1B
:10DD38003D3D3D3D3D3D3D3D3D3D3D3D3D3D3D3D0B
:10DD48003D3D3D3D3D3D3D3D3D0000005B442F4692
:10DD5800414C5D202825733A25686429200000007D
:10DD68005761726E696E673A20446F204E4F542097
:10DD7800666F756E642074686520666C61736820D0
:10DD8800646576696365282573292E001B5B33312A
:10DD98003B32326D5B452F46414C5D202825733A56
:10DDA8002564292000000000496E697469616C6966
:10DDB8007A65206661696C656421205061727469B6
:10DDC80074696F6E28257329206F666673657420E1
:10DDD8006164647265737328256C6429206F757497
:10DDE800206F6620666C61736820626F756E6428A8
:10DDF8003C2564292E000000696E69745F6F6B0012
:10DE080028257329206861732061737365727420F3
:10DE18006661696C65642061742025732E0A0000B0
:10DE280070617274203E3D20706172746974696F0C
:10DE38006E5F7461626C650070617274203C3D2095
:10DE480026706172746974696F6E5F7461626C6563
:10DE58005B706172746974696F6E5F7461626C651E
:10DE68005F6C656E202D20315D0000006C656E00D2
:10DE78007461626C650000007061727400000000DB
:10DE880062756600506172746974696F6E2072659C
:10DE98006164206572726F722120506172746974B6
:10DEA800696F6E2061646472657373206F75742086
:10DEB8006F6620626F756E642E0000005061727488
:10DEC8006974696F6E2072656164206572726F7221
:10DED8002120446F6E277420666F756E6420666C0F
:10DEE8006173682064657669636528257329206FE6
:10DEF800662074686520706172746974696F6E2831
:10DF08002573292E00000000506172746974696FCE
:10DF18006E2072656164206572726F722120466C92
:10DF280061736820646576696365282573292072A2
:10DF3800656164206572726F7221000050617274AD
:10DF48006974696F6E207772697465206572726F83
:10DF5800722120506172746974696F6E2061646403
:10DF680072657373206F7574206F6620626F756EAB
:10DF7800642E0000506172746974696F6E20777244
:10DF8800697465206572726F72212020446F6E2754
:10DF98007420666F756E6420666C617368206465B2
:10DFA8007669636528257329206F66207468652063
:10DFB800706172746974696F6E282573292E000068
:10DFC800506172746974696F6E2077726974652024
:10DFD8006572726F722120466C6173682064657681
:10DFE80069636528257329207772697465206572CD
:10DFF800726F722100000000506172746974696F59
:10E008006E206572617365206572726F722120508F
:10E018006172746974696F6E206164647265737388
:10E02800206F7574206F6620626F756E642E000015
:10E03800506172746974696F6E20657261736520CE
:10E048006572726F722120446F6E277420666F7537
:10E058006E6420666C617368206465766963652800
:10E06800257329206F662074686520706172746951
:10E0780074696F6E282573292E0000005061727430
:10E088006974696F6E206572617365206572726F5D
:10E09800722120466C61736820646576696365281F
:10E0A800257329206572617365206572726F72210C
:10E0B800000000001B5B33326D49282564292025A8
:10E0C800733A1B5B33396D205B466C61736844425D
:10E0D8005D0D0A001B5B33326D4928256429202514
:10E0E800733A1B5B33396D20200D0A001B5B3332FA
:10E0F8006D49282564292025733A1B5B33396D2027
:10E1080028257329206861732061737365727420F0
:10E118006661696C65642061742025732E0A0D0A96
:10E1280000000000646200006E616D650000000080
:10E1380070617468000000001B5B33326D4928254C
:10E1480064292025733A1B5B33396D204572726F41
:10E15800723A20506172746974696F6E2028257351
:10E1680029206E6F7420666F756E642E0A0D0A0082
:10E178001B5B33326D49282564292025733A1B5BC4
:10E1880033396D204572726F723A2064622073656C
:10E1980063746F722073697A652028256C7529204D
:10E1A8004D55535420616C69676E207769746820F7
:10E1B800626C6F636B2073697A652028257A7529EC
:10E1C8002E0A0D0A000000002864622D3E73656364
:10E1D8005F73697A652026202864622D3E73656323
:10E1E8005F73697A65202D20312929203D3D203033
:10E1F800000000001B5B33326D4928256429202567
:10E20800733A1B5B33396D204572726F723A206422
:10E218006220746F74616C2073697A652028256C9C
:10E228007529204D55535420616C69676E207769B4
:10E23800746820736563746F722073697A65202827
:10E24800256C75292E0A0D0A000000001B5B33326D
:10E258006D49282564292025733A1B5B33396D20C5
:10E268004572726F723A206462204D55535420688B
:10E278006173206D6F7265207468616E206F722003
:10E28800657175616C203220736563746F72732CCD
:10E298002063757272656E742068617320256C75D1
:10E2A80020736563746F722873290A0D0A000000D1
:10E2B8001B5B33326D49282564292025733A1B5B83
:10E2C80033396D20466C61736844422056257320AB
:10E2D800697320696E697469616C697A6520737500
:10E2E80063636573732E0A0D0A000000322E322E06
:10E2F800393900001B5B33326D49282564292025F4
:10E30800733A1B5B33396D20596F752063616E203A
:10E3180067657420746865206C6174657374207611
:10E32800657273696F6E206F6E2068747470733ACB
:10E338002F2F6769746875622E636F6D2F61726D18
:10E34800696E6B2F466C6173684442202E0A0D0A71
:10E35800000000004B564442000000005453444261
:10E36800000000001B5B33326D49282564292025F5
:10E37800733A1B5B33396D204572726F723A2025F0
:10E3880073202825734025732920697320696E69D5
:10E398007469616C697A65206661696C20282564F6
:10E3A800292E0A0D0A0000001B5B33326D4928250F
:10E3B80064292025733A1B5B33396D205B466C61F9
:10E3C800736844425D5B6B765D0D0A001B5B3332FC
:10E3D8006D49282564292025733A1B5B33396D2044
:10E3E8005B25735D5B25735D200D0A001B5B333273
:10E3F8006D49282564292025733A1B5B33396D2024
:10E408004572726F723A20546865204B562040302E
:10E41800782530386C58206C656E677468206861A0
:10E428007320616E206572726F722E0A0D0A0000E9
:10E438001B5B33326D49282564292025733A1B5B01
:10E4480033396D204572726F723A205265616420CB
:10E45800746865204B562028252E2A73403078256D
:10E4680030386C582920435243333220636865633F
:10E478006B206661696C6564210A0D0A0000000062
:10E488001B5B33326D49282564292025733A1B5BB1
:10E4980033396D20282573292068617320617373CF
:10E4A800657274206661696C6564206174202573E7
:10E4B8002E0A0D0A000000006164647220252064A1
:10E4C800625F7365635F73697A6528646229203DBA
:10E4D8003D203000736563746F7200001B5B33323C
:10E4E8006D49282564292025733A1B5B33396D2033
:10E4F8004572726F723A204B56202825732920697D
:10E50800736E277420696E697469616C697A652015
:10E518004F4B2E0A0D0A00001B5B33326D4928252C
:10E5280064292025733A1B5B33396D205761726E5D
:10E53800696E673A205468652064656661756C7415
:10E5480020737472696E67204B562076616C75650E
:10E5580020627566666572206C656E67746820282F
:10E568002568642920697320746F6F206C65737344
:10E578002028256C75292E0A0D0A00001B5B3332F2
:10E588006D49282564292025733A1B5B33396D2092
:10E598005761726E696E673A20546865204B562041
:10E5A80076616C75652069736E277420737472695F
:10E5B8006E672E20436F756C64206E6F74206265E1
:10E5C8002072657475726E65640A0D0A0000000099
:10E5D8001B5B33326D49282564292025733A1B5B60
:10E5E80033396D202825733A256429200D0A000047
:10E5F800443A2F4465736B746F702F4F696C5F508A
:10E60800756D705F436F6E74726F6C2F55736572A2
:10E61800436F64652F54686972645F5061727479DE
:10E628002F466C61736844422F6664625F6B766440
:10E63800622E63001B5B33326D492825642920252F
:10E64800733A1B5B33396D205472696767657220B2
:10E658006120474320636865636B20616674657257
:10E6680020616C6C6F63204B56206661696C656431
:10E678002E0A0D0A000000001B5B33326D49282565
:10E6880064292025733A1B5B33396D204E6F742043
:10E69800666F756E64202725732720696E204B5698
:10E6A8002E0A0D0A000000001B5B33326D49282535
:10E6B80064292025733A1B5B33396D204D6F7665CD
:10E6C8006420746865204B562028252E2A7329203B
:10E6D80066726F6D2030782530386C5820746F2042
:10E6E80030782530386C582E0A0D0A001B5B3332FF
:10E6F8006D49282564292025733A1B5B33396D2021
:10E70800416C6C6F6320616E204B56202873697AC8
:10E718006520256C7529206661696C6564207768B9
:10E72800656E206E6577204B562E204E6F772077CA
:10E73800696C6C204743207468656E20726574723A
:10E74800792E0A0D0A0000001B5B33326D4928251B
:10E7580064292025733A1B5B33396D204572726F2B
:10E76800723A20416C6C6F6320616E204B562028F2
:10E7780073697A652025687529206661696C656406
:10E788002061667465722047432E204B56206675BB
:10E798006C6C2E0A0D0A00001B5B33326D4928256C
:10E7A80064292025733A1B5B33396D204572726FDB
:10E7B800723A204D6F76656420746865204B562048
:10E7C80028252E2A732920666F7220474320666108
:10E7D800696C65642E0A0D0A000000001B5B333269
:10E7E8006D49282564292025733A1B5B33396D2030
:10E7F8004B562028252E2A732920697320676172B9
:10E8080062616765204E4F54206E656564206D6FA8
:10E8180076652C20636F6C6C6563742069742E0AAE
:10E828000D0A00001B5B33326D4928256429202519
:10E83800733A1B5B33396D20436F6C6C65637420CE
:10E848006120736563746F72204030782530386CAE
:10E85800580A0D0A000000001B5B33326D49282559
:10E8680064292025733A1B5B33396D205468652071
:10E8780072656D61696E20656D707479207365636A
:10E88800746F7220697320256C752C20474320749F
:10E8980068726573686F6C64206973202568642EDC
:10E8A8000A0D0A001B5B33326D492825642920258F
:10E8B800733A1B5B33396D204572726F723A20547C
:10E8C8006865204B56206E616D65206C656E6774B7
:10E8D80068206973206D6F7265207468616E2025E9
:10E8E800640A0D0A000000001B5B33326D492825BD
:10E8F80064292025733A1B5B33396D204572726F8A
:10E90800723A20546865204B562073697A652069ED
:10E918007320746F6F206269670A0D0A0000000097
:10E928001B5B33326D49282564292025733A1B5B0C
:10E9380033396D20547269676765722061204743D7
:10E9480020636865636B2061667465722063726515
:10E9580061746564204B562E0A0D0A001B5B333226
:10E968006D49282564292025733A1B5B33396D20AE
:10E97800252E2A733D0D0A001B5B33326D4928256D
:10E9880064292025733A1B5B33396D20252E2A73A1
:10E998000D0A00001B5B33326D49282564292025A8
:10E9A800733A1B5B33396D20626C6F62204030789C
:10E9B8002530386C5820256C7562797465730D0A9A
:10E9C800000000001B5B33326D492825642920258F
:10E9D800733A1B5B33396D200A0D0A001B5B333217
:10E9E8006D49282564292025733A1B5B33396D202E
:10E9F8000A6D6F64653A206E6578742067656E6588
:10EA0800726174696F6E0A0D0A0000001B5B333275
:10EA18006D49282564292025733A1B5B33396D20FD
:10EA280073697A653A20256C752F256C7520627993
:10EA38007465732E0A0D0A005F5F7665725F6E75E6
:10EA48006D5F5F001B5B33326D49282564292025E3
:10EA5800733A1B5B33396D2055706461746520749B
:10EA68006865204B562066726F6D207665727369F3
:10EA78006F6E20257A7520746F20257A752E0A0D01
:10EA88000A0000001B5B33326D49282564292025C4
:10EA9800733A1B5B33396D20536563746F7220685A
:10EAA800656164657220696E666F20697320696E9E
:10EAB800636F72726563742E204175746F20666F80
:10EAC800726D6174207468697320736563746F7202
:10EAD800202830782530386C58292E0A0D0A000075
:10EAE8001B5B33326D49282564292025733A1B5B4B
:10EAF80033396D20466F756E6420616E204B562049
:10EB080028252E2A7329207768696368206861732D
:10EB1800206368616E6765642076616C7565206640
:10EB280061696C65642E204E6F772077696C6C2064
:10EB38007265636F766572792069742E0A0D0A0012
:10EB48001B5B33326D49282564292025733A1B5BEA
:10EB580033396D205265636F766572792074686504
:10EB6800204B56207375636365737366756C2E0A44
:10EB78000D0A00001B5B33326D49282564292025C6
:10EB8800733A1B5B33396D205761726E696E673A51
:10EB9800204D6F76656420616E204B56202873697E
:10EBA8007A6520256C7529206661696C6564207713
:10EBB80068656E207265636F766572792E204E6F78
:10EBC800772077696C6C204743207468656E2072E3
:10EBD800657472792E0A0D0A000000001B5B33323F
:10EBE8006D49282564292025733A1B5B33396D202C
:10EBF800416C6C20736563746F722068656164652D
:10EC08007220697320696E636F72726563742E2057
:10EC180053657420697420746F2064656661756C2F
:10EC2800742E0A0D0A0000006462000064622D3E22
:10EC3800706172656E742E696E69745F6F6B203DCA
:10EC48003D2066616C7365001B5B33326D49282576
:10EC580064292025733A1B5B33396D204572726F26
:10EC6800723A207365742066696C65206D6F6465FF
:10EC7800204661696C65642E20506C65617365205F
:10EC8800646566696E656420746865204644425F01
:10EC98005553494E475F46494C455F4D4F444520C3
:10ECA8006D6163726F2E0D0A000000001B5B33322A
:10ECB8006D49282564292025733A1B5B33396D205B
:10ECC800546865206F6C6465737420616464722095
:10ECD8006973204030782530386C580A0D0A0000D6
:10ECE800284644425F47435F454D5054595F53455A
:10ECF800435F5448524553484F4C44203E203020EF
:10ED08002626204644425F47435F454D5054595F8D
:10ED18005345435F5448524553484F4C44203C2088
:10ED2800534543544F525F4E554D29001B5B3332B8
:10ED38006D49282564292025733A1B5B33396D20DA
:10ED48004B5644422073697A6520697320256C7597
:10ED58002062797465732E0A0D0A00001B5B33323A
:10ED68006D49282564292025733A1B5B33396D20AA
:10ED78005B466C61736844425D5B7574696C735D76
:10ED88000D0A00001B5B33326D49282564292025B4
:10ED9800733A1B5B33396D20200D0A001B5B33323D
:10EDA8006D49282564292025733A1B5B33396D206A
:10EDB8002825732920686173206173736572742034
:10EDC8006661696C65642061742025732E0A0D0ADA
:10EDD800000000007374617475735F696E64657810
:10EDE800203C207374617475735F6E756D0000004C
:10EDF8007374617475735F7461626C650000000000
:10EE080075634E42697473203C3D20380000000051
:10EE1800443A2F4465736B746F702F4F696C5F5061
:10EE2800756D705F436F6E74726F6C2F557365727A
:10EE3800436F64652F54686972645F5061727479B6
:10EE48002F467265654D6F646275732F66756E63C4
:10EE580074696F6E732F6D627574696C732E6300BD
:10EE68007573526376427566666572506F73203C9F
:10EE7800204D425F5345525F5044555F53495A45B0
:10EE88005F4D415800000000443A2F4465736B748D
:10EE98006F702F4F696C5F50756D705F436F6E7444
:10EEA800726F6C2F55736572436F64652F54686970
:10EEB80072645F50617274792F467265654D6F6434
:10EEC8006275732F7274752F6D627274752E63007C
:10EED80065536E645374617465203D3D20535441FD
:10EEE80054455F54585F49444C4500006552637669
:10EEF8005374617465203D3D2053544154455F521D
:10EF0800585F49444C4500001B5B33316D4528254B
:10EF180064292025733A1B5B33396D20226C6F6797
:10EF28002220617373657274206661696C65642060
:10EF380061742066696C653A2025732C206C696EB3
:10EF4800653A2025640D0A00443A2F4465736B74B2
:10EF58006F702F4F696C5F50756D705F436F6E7483
:10EF6800726F6C2F55736572436F64652F546869AF
:10EF780072645F50617274792F4C65747465725352
:10EF880068656C6C2F6C6F672E6300006D656D6F24
:10EF98007279206F66203078253038782C20736994
:10EFA8007A653A2025643A0D0A2573001B5B3331D4
:10EFB8006D202020204F66667365743A203030201B
:10EFC800303120303220303320303420303520307A
:10EFD8003620303720303820303920304120304238
:10EFE8002030432030442030452030461B5B3339E5
:10EFF8006D0D0A001B5B33316D3078253038783A57
:10F00800201B5B33396D000025303278200000006A
:10F01800256300000D0A205F2020202020202020CA
:10F02800205F2020205F202020202020202020205A
:10F0380020202020202020205F2020202020202089
:10F048002020205F205F200D0A7C207C20202020AB
:10F058005F5F5F7C207C5F7C207C5F205F5F5F2040
:10F068005F205F5F2020205F5F5F7C207C5F5F20E8
:10F0780020205F5F5F7C207C207C0D0A7C207C2028
:10F0880020202F205F205C205F5F7C205F5F2F2087
:10F098005F205C20275F5F7C202F205F5F7C20271C
:10F0A8005F205C202F205F205C207C207C0D0A7C68
:10F0B800207C5F5F7C20205F5F2F207C5F7C207C32
:10F0C8007C20205F5F2F207C202020205C5F5F2039
:10F0D8005C207C207C207C20205F5F2F207C207C93
:10F0E8000D0A7C5F5F5F5F5F5C5F5F5F7C5C5F5F9B
:10F0F8007C5C5F5F5C5F5F5F7C5F7C202020207CA6
:10F108005F5F5F2F5F7C207C5F7C5C5F5F5F7C5F05
:10F118007C5F7C0D0A0D0A4275696C643A202020D8
:10F1280020202020417567202038203230323620B8
:10F1380030383A31323A30320D0A56657273696F97
:10F148006E3A2020202020332E322E330D0A436FB2
:10F15800707972696768743A202020286329203200
:10F16800303230204C65747465720D0A000000005E
:10F178000D0A5761726E696E673A20436F6D6D6153
:10F188006E6420697320746F6F206C6F6E670D0A50
:10F19800000000000D0A436F6D6D616E64204C69BC
:10F1A80073743A0D0A0000000D0A566172204C690A
:10F1B80073743A0D0A0000000D0A55736572204CED
:10F1C8006973743A0D0A00000D0A4B6579204C6981
:10F1D80073743A0D0A000000436F6D6D616E642010
:10F1E8006E6F7420466F756E640D0A0063616E273A
:10F1F800742073657420706F696E7465720D0A00EF
:10F2080063616E2774207365742072656164206F72
:10F218006E6C79207661720D0A00000020697320F7
:10F228006E6F742061207661720D0A00566172203B
:10F238006E6F7420466F756E740D0A00636F6D6D86
:10F24800616E642068656C70206F662000000000A5
:10F25800506C6561736520696E7075742070617398
:10F2680073776F72643A00000D0A70617373776F79
:10F278007264206572726F720D0A00001B5B324A5D
:10F288001B5B3148000000001B5B324B0D00000087
:10F29800434D442000000000564152200000000069
:10F2A80055534552000000004B455920000000000E
:10F2B8004E4F4E45000000006C6574746572000086
:10F2C8002E2E2E000D0A00003A0000002F0000002C
:10F2D800242000002020000008200800203D2000F5
:10F2E800220000002C203078000000003030303040
:10F2F800303030303030300052657475726E3A20DC
:10F308000000000077726974655F6275660000002E
:10F3180028257329206861732061737365727420CE
:10F328006661696C65642061742025732E00000095
:10F33800443A2F4465736B746F702F4F696C5F503C
:10F34800756D705F436F6E74726F6C2F5573657255
:10F35800436F64652F54686972645F506172747991
:10F368002F534655442F706F72742F736675645F00
:10F37800706F72742E630000726561645F627566F7
:10F38800000000001B5B33326D49282564292025C5
:10F39800733A1B5B33396D205B534655445D282512
:10F3A800733A256C6429200D0A0000001B5B333278
:10F3B8006D49282564292025733A1B5B33396D2054
:10F3C80025730A0D0A0000001B5B33326D4928259E
:10F3D80064292025733A1B5B33396D205B534655EE
:10F3E800445D0D0A0000000057323551363443564B
:10F3F800000000005350493100000000437970724A
:10F408006573730046756A6974737500454F4E00DD
:10F4180041746D656C0000004D6963726F6E000089
:10F42800414D49430000000053616E796F000000B0
:10F43800496E74656C00000045534D54000000008F
:10F44800467564616E0000004879756E64616900F4
:10F4580053535400476967614465766963650000E2
:10F46800495353490000000057696E626F6E64008B
:10F478004D6963726F6E697800000000415434353D
:10F488004442313631450000573235513430425606
:10F498000000000057323551313642560000000056
:10F4A8005732355133324256000000005732355139
:10F4B8003634445700000000573235513132384253
:10F4C8005600000057323551323536465600000096
:10F4D8005353543235564630383042005353543221
:10F4E80035564630313642004D3235503332000001
:10F4F8004D323550383000004D3235503430000030
:10F50800454E32355133324200000000474432350F
:10F5180051363442000000004744323551313642FA
:10F5280000000000533235464C3231364B000000A3
:10F53800533235464C303332500000004132354C9E
:10F54800303830004632354C303034005043543275
:10F558003556463031364200257320666C61736833
:10F568002064657669636520697320696E697469CA
:10F57800616C697A6520737563636573732E000027
:10F588004572726F723A20257320666C6173682029
:10F5980064657669636520697320696E6974696159
:10F5A8006C697A65206661696C2E0000312E312EF7
:10F5B80030000000537461727420696E6974696167
:10F5C8006C697A652053657269616C20466C617359
:10F5D8006820556E6976657273616C20447269762D
:10F5E8006572285346554429205625732E0000007D
:10F5F800443A2F4465736B746F702F4F696C5F507A
:10F60800756D705F436F6E74726F6C2F5573657292
:10F61800436F64652F54686972645F5061727479CE
:10F628002F534655442F7372632F736675642E6388
:10F6380000000000596F752063616E2067657420B3
:10F64800746865206C61746573742076657273697B
:10F658006F6E206F6E2068747470733A2F2F67690D
:10F66800746875622E636F6D2F61726D696E6B2F92
:10F6780053465544202E0000666C617368000000F4
:10F68800282573292068617320617373657274205B
:10F698006661696C65642061742025732E00000022
:10F6A800666C6173682D3E7370692E777200000076
:10F6B8005761726E696E673A205468697320666C88
:10F6C80061736820646576696365206973206E6F6D
:10F6D8007420666F756E64206F72206E6F7420736D
:10F6E8007570706F72742E0046696E6420612025F3
:10F6F8007320257320666C61736820636869702EB7
:10F708002053697A6520697320256C6420627974B6
:10F7180065732E0046696E64206120257320666C2F
:10F7280061736820636869702E2053697A6520695F
:10F738007320256C642062797465732E00000000C4
:10F7480046696E64206120666C617368206368692D
:10F75800702E2053697A6520697320256C642062B5
:10F76800797465732E000000646174610000000004
:10F77800666C6173682D3E696E69745F6F6B00001B
:10F788004572726F723A20466C61736820616464D6
:10F7980072657373206973206F7574206F662062B9
:10F7A8006F756E642E0000004572726F723A2046C3
:10F7B8006C61736820636869702065726173652085
:10F7C80053504920636F6D6D756E69636174652070
:10F7D8006572726F722E00004572726F723A20461F
:10F7E8006C617368206572617365205350492063AA
:10F7F8006F6D6D756E6963617465206572726F7285
:10F808002E00000077726974655F6772616E203D33
:10F818003D2031207C7C2077726974655F67726156
:10F828006E203D3D20323536000000004572726F73
:10F83800723A20466C617368207772697465205348
:10F84800504920636F6D6D756E69636174652065DD
:10F8580072726F722E0000004572726F723A204603
:10F868006C61736820646576696365207265736589
:10F8780074206661696C65642E000000466C6173D3
:10F8880068206465766963652072657365742073A2
:10F898007563636573732E0054686520666C6173C5
:10F8A8006820646576696365206D616E756661635D
:10F8B8007475726572204944206973203078253048
:10F8C80032582C206D656D6F7279207479706520BF
:10F8D8004944206973203078253032582C206361E0
:10F8E80070616369747920494420697320307825F0
:10F8F8003032582E000000004572726F723A205262
:10F9080065616420666C6173682064657669636507
:10F91800204A45444543204944206572726F722E3F
:10F92800000000004572726F723A2043616E2774BE
:10F9380020656E61626C65207772697465207374E6
:10F94800617475732E0000004572726F723A20431D
:10F95800616E27742064697361626C6520777269CF
:10F968007465207374617475732E0000456E746538
:10F978007200000045786974000000002573203487
:10F988002D427974652061646472657373696E676A
:10F99800206D6F646520737563636573732E000053
:10F9A8004572726F723A20257320342D427974653E
:10F9B8002061646472657373696E67206D6F646536
:10F9C800206661696C65642E0000000073746174C0
:10F9D800757300004572726F723A20466C617368E5
:10F9E800207761697420627573792068617320617A
:10F9F8006E206572726F722E000000006172726173
:10FA0800790000004572726F723A20577269746506
:10FA18005F73746174757320726567697374657256
:10FA2800206661696C65642E00000000666C617375
:10FA380068000000282573292068617320617373AA
:10FA4800657274206661696C656420617420257331
:10FA58002E000000443A2F4465736B746F702F4F6B
:10FA6800696C5F50756D705F436F6E74726F6C2F49
:10FA780055736572436F64652F54686972645F508B
:10FA8800617274792F534655442F7372632F7366CE
:10FA980075645F736664702E630000005761726E50
:10FAA800696E673A2052656164205346445020705D
:10FAB8006172616D65746572206865616465722044
:10FAC800696E666F726D6174696F6E206661696CCC
:10FAD80065642E20546865202573206973206E6F35
:10FAE8007420737570706F7274204A4544454320C2
:10FAF800534644502E0000004572726F723A2043FC
:10FB0800616E2774207265616420534644502068F2
:10FB180065616465722E00004572726F723A204307
:10FB28006865636B2053464450207369676E61743F
:10FB3800757265206572726F722E20497427732062
:10FB48006D7573742062652035303434343635333E
:10FB5800682827532720274627202744272027506F
:10FB680027292E004572726F723A205468697320F3
:10FB7800726576657273696F6E285625642E2564E2
:10FB8800292053464450206973206E6F7420737582
:10FB980070706F727465642E0000000043686563BE
:10FBA8006B20534644502068656164657220697310
:10FBB800204F4B2E205468652072657665727369F4
:10FBC8006F6E206973205625642E25642C204E50B4
:10FBD8004E2069732025642E00000000626173695D
:10FBE800635F686561646572000000004572726F4A
:10FBF800723A2043616E27742072656164204A4519
:10FC080044454320626173696320666C61736820B0
:10FC1800706172616D657465722068656164657292
:10FC28002E0000004572726F723A20546869732082
:10FC3800726576657273696F6E285625642E256421
:10FC480029204A4544454320626173696320666CF4
:10FC580061736820706172616D6574657220686592
:10FC680061646572206973206E6F7420737570709B
:10FC78006F727465642E00004572726F723A205478
:10FC88006865204A4544454320626173696320667C
:10FC98006C61736820706172616D6574657220743F
:10FCA80061626C65206C656E67746820286E6F777A
:10FCB80020697320256429206572726F722E0000F6
:10FCC800436865636B204A45444543206261736914
:10FCD8006320666C61736820706172616D6574651C
:10FCE8007220686561646572206973204F4B2E200D
:10FCF800546865207461626C6520696420697320AA
:10FD080025642C20726576657273696F6E2069733D
:10FD1800205625642E25642C206C656E6774682037
:10FD280069732025642C20706172616D6574657239
:10FD3800207461626C6520706F696E7465722069E9
:10FD4800732030782530366C582E00005761726E5B
:10FD5800696E673A2043616E27742072656164207A
:10FD68004A4544454320626173696320666C617348
:10FD78006820706172616D65746572207461626C6F
:10FD8800652E00004A45444543206261736963203B
:10FD9800666C61736820706172616D65746572204C
:10FDA8007461626C6520696E666F3A004D53422D2E
:10FDB8004C53422020332020202032202020203184
:10FDC80020202020300000005B253034645D203086
:10FDD8007825303258203078253032582030782530
:10FDE80030325820307825303258000034204B42C9
:10FDF80020457261736520697320737570706F7226
:10FE0800746564207468726F7567686F75742074A0
:10FE18006865206465766963652E20436F6D6D6142
:10FE28006E64206973203078253032582E00000027
:10FE3800556E69666F726D2034204B422065726181
:10FE4800736520697320756E617661696C61626C97
:10FE58006520666F722074686973206465766963CB
:10FE6800652E00004572726F723A20556E69666F92
:10FE7800726D2034204B4220657261736520737562
:10FE880070706F7274656420696E666F726D6174EC
:10FE9800696F6E206572726F722E000057726974F6
:10FEA80065206772616E756C617269747920697317
:10FEB800203120627974652E000000005772697441
:10FEC80065206772616E756C6172697479206973F7
:10FED800203634206279746573206F72206C6172E9
:10FEE8006765722E000000005461726765742066B1
:10FEF8006C617368207374617475732072656769C7
:10FF080073746572206973206E6F6E2D766F6C61E5
:10FF180074696C652E000000426C6F636B20507230
:10FF28006F74656374206269747320696E206465F8
:10FF380076696365277320737461747573207265BD
:10FF48006769737465722061726520736F6C656C84
:10FF58007920766F6C6174696C652E00466C6173EC
:10FF68006820646576696365207265717569726574
:10FF78007320696E737472756374696F6E2035309F
:10FF880068206173207468652077726974652065DC
:10FF98006E61626C65207072696F7220746F207078
:10FFA8006572666F726D696E67206120766F6C612D
:10FFB80074696C6520777269746520746F20746841
:10FFC80065207374617475732072656769737465ED
:10FFD800722E0000466C61736820646576696365FB
:10FFE80020726571756972657320696E73747275B4
:08FFF8006374696F6E2030365E
:020000040805ED
:100000006820617320746865207772697465206563
:100010006E61626C65207072696F7220746F2070FF
:100020006572666F726D696E67206120766F6C61B4
:1000300074696C6520777269746520746F207468C8
:100040006520737461747573207265676973746574
:10005000722E0000332D42797465206F6E6C79200A
:1000600061646472657373696E672E00332D206F4F
:100070007220342D427974652061646472657373F3
:10008000696E672E00000000342D42797465206F80
:100090006E6C792061646472657373696E672E009B
:1000A0004572726F723A20526561642061646472B5
:1000B000657373206279746573206572726F722143
:1000C000000000004572726F723A20546865206625
:1000D0006C6173682063617061636974792069730E
:1000E00020677261746572207468616E20333220FB
:1000F00047622F203420474221204E6F74205375D1
:1001000070706F727465642E00000000436170614E
:100110006369747920697320256C64204279746561
:10012000732E0000466C61736820646576696365B0
:1001300020737570706F72747320256C644B42204D
:10014000626C6F636B2065726173652E20436F6D07
:100150006D616E64206973203078253032582E002E
:1001600061646472203C20314C203C3C20323400DD
:10017000726561645F62756600000000666C6173A1
:10018000682D3E7370692E7772000000666C617393
:10019000682D3E736664702E617661696C61626C75
:1001A000650000003000000025640000252E306648
:1001B00000000000256500002566000022220000E6
:1001C000225C080C0A0D0900752530347800000007
:1001D0006E756C6C0000000066616C736500000059
:1001E00074727565000000005B5D0000C069050861
:1001F000C3690508C6690508000000000102030480
:10020000010203040607080900061016000610166E
:100210000001020304050607080C101418203040E2
:10022000010002000400060008000A000C00100093
:1002300020004000800000010101010307010000CF
:100240000804020408010101FFFFFFFFFFFF000097
:100250000000000000000000200000009C000000E2
:100260001C0000001000000020000000180000002A
:10027000100000002C000000100000001000000022
:100280001000000010000000FC05000058020508E6
:100290005C0205086002050864020508680205089A
:1002A0006C0205087002050874020508780205084A
:1002B0007C020508800205088402050888020508FA
:1002C00001020304050607070707070707000000E8
:1002D00003060C1830607800B0800424AC8004243D
:1002E000B4800424B8800424FA000000FD770108DB
:1002F000E8030000A9030208E80300008DE80108F4
:1003000064000000E9E5010800000000FFFFFFFFB6
:10031000200600006CAC0408000000000000000093
:100320000000000000000000004000001800000075
:10033000000000000000000078AC0408000000008D
:10034000000000000000000000000000001000009D
:1003500018000000000000000000000088AC040845
:10036000000000000000000000000000000000008D
:10037000002800001900000000000000000000003C
:100380009CAC040800000000000000000000000019
:100390000000000000200000190000000000000024
:1003A00000000000ACAC04080000000000000000E9
:1003B0000000000000000000001000001900000014
:1003C0000000000000000000BCAC040800000000B9
:1003D000000000000000000000000000000200001B
:1003E000280000000000000000000000C8AC040865
:1003F00000000000000000000000000000000000FD
:1004000000080000190000000000000000000000CB
:10041000D4AC040800000000000000000000000050
:100420000000000000200000180000000000000094
:1004300000000000E0AC0408000000000000000024
:100440000000000000000000001000001900000083
:100450000000000000000000E8AC040800000000FC
:10046000000000000000000000000000001000007C
:10047000190000000000000000000000F8AC0408B3
:10048000000000000000000000000000000000006C
:100490000010000027000000000000000000000025
:1004A0000CAD040800000000000000000000000087
:1004B0000000000000100000190000000000000013
:1004C000000000005CAD0408010000000000000016
:1004D00000000000982F8A4291443771CFFBC0B5CD
:1004E000A5DBB5E95BC25639F111F159A4823F92FF
:1004F000D55E1CAB98AA07D8015B8312BE85312458
:10050000C37D0C55745DBE72FEB1DE80A706DC9B18
:1005100074F19BC1C1699BE48647BEEFC69DC10FC4
:10052000CCA10C246F2CE92DAA84744ADCA9B05C00
:10053000DA88F97652513E986DC631A8C82703B0C3
:10054000C77F59BFF30BE0C64791A7D55163CA06D1
:1005500067292914850AB72738211B2EFC6D2C4DDD
:10056000130D385354730A65BB0A6A762EC9C281CB
:10057000852C7292A1E8BFA24B661AA8708B4BC261
:10058000A3516CC719E892D1240699D685350EF48B
:1005900070A06A1016C1A419086C371E4C77482742
:1005A000B5BCB034B30C1C394AAAD84E4FCA9C5BB8
:1005B000F36F2E68EE828F746F63A5781478C88409
:1005C0000802C78CFAFFBE90EB6C50A4F7A3F9BEEB
:1005D000F27871C60000C1C081C1400101C3C003EF
:1005E000800241C201C6C006800741C70005C1C5DF
:1005F00081C4400401CCC00C800D41CD000FC1CF9F
:1006000081CE400E000AC1CA81CB400B01C9C0098E
:10061000800841C801D8C018801941D9001BC1DB2E
:1006200081DA401A001EC1DE81DF401F01DDC01DDE
:10063000801C41DC0014C1D481D5401501D7C017FE
:10064000801641D601D2C012801341D30011C1D10E
:1006500081D0401001F0C030803141F10033C1F34E
:1006600081F240320036C1F681F7403701F5C035DE
:10067000803441F4003CC1FC81FD403D01FFC03F9E
:10068000803E41FE01FAC03A803B41FB0039C1F98E
:1006900081F840380028C1E881E9402901EBC02BEE
:1006A000802A41EA01EEC02E802F41EF002DC1EDDE
:1006B00081EC402C01E4C024802541E50027C1E7FE
:1006C00081E640260022C1E281E3402301E1C0210E
:1006D000802041E001A0C060806141A10063C1A30E
:1006E00081A240620066C1A681A7406701A5C065DE
:1006F000806441A4006CC1AC81AD406D01AFC06F9E
:10070000806E41AE01AAC06A806B41AB0069C1A98D
:1007100081A840680078C1B881B9407901BBC07B2D
:10072000807A41BA01BEC07E807F41BF007DC1BDDD
:1007300081BC407C01B4C074807541B50077C1B7FD
:1007400081B640760072C1B281B3407301B1C0710D
:10075000807041B00050C190819140510193C053CD
:10076000805241920196C056805741970055C195DD
:1007700081944054019CC05C805D419D005FC19F9D
:10078000819E405E005AC19A819B405B0199C0598D
:10079000805841980188C04880494189004BC18BED
:1007A000818A404A004EC18E818F404F018DC04DDD
:1007B000804C418C0044C184818540450187C047FD
:1007C000804641860182C042804341830041C1810D
:1007D0008180404078D00408000000000000000044
:1007E0000000000000000000001000001A000000DF
:1007F000000000000000000004D804080000000011
:1008000000000000000000000000000000200000C8
:1008100018000000000000000000000010D80408CC
:1008200000000000000000000000000000000000C8
:100830000010000018000000000000000000000090
:100840001CD80408000000000000000000000000A8
:100850000000000000200000180000000000000060
:100860000000000066616C5F696E69740000000042
:1008700066616C5F666C6173685F696E69740000C5
:1008800066616C5F666C6173685F646576696365F9
:100890005F66696E640000007265616400000000BC
:1008A000777269746500000065726173650000000D
:1008B0003031504565665F6B766462310000000040
:1008C0000000000000000000000000006E6F726673
:1008D0006C61736830000000000000000000000040
:1008E0000000000000000000000001000000000007
:1008F0003031504565665F6B7664623200000000FF
:100900000000000000000000000000006E6F726632
:100910006C617368300000000000000000000000FF
:1009200000000000000001000000010000000000C5
:100930003031504565665F6B7664623300000000BD
:100940000000000000000000000000006E6F7266F2
:100950006C617368300000000000000000000000BF
:100960000000000000000200000001000000000084
:10097000636865636B5F616E645F75706461746505
:100980005F706172745F63616368650066616C5F6C
:10099000706172746974696F6E5F66696E6400007D
:1009A000666C6173685F6465766963655F66696ECE
:1009B000645F62795F7061727400000066616C5FF1
:1009C000706172746974696F6E5F72656164000052
:1009D00066616C5F706172746974696F6E5F777263
:1009E0006974650066616C5F706172746974696FC7
:1009F0006E5F6572617365005F6664625F696E69F0
:100A0000745F6578000000005F6664625F696E690C
:100A1000745F6578000000005F6664625F696E69FC
:100A2000745F66696E697368000000005F666462E7
:100A30005F6465696E6974005F6664625F646569BE
:100A40006E697400726561645F6B760072656164E3
:100A50005F736563746F725F696E666F000000009C
:100A6000726561645F736563746F725F696E666FF0
:100A7000000000006664625F6B765F6765745F62AA
:100A80006C6F6200666F726D61745F736563746F23
:100A900072000000666F726D61745F736563746FDE
:100AA00072000000616C6C6F635F6B760000000089
:100AB00064656C5F6B7600006D6F76655F6B7600CA
:100AC0006E65775F6B760000646F5F6763000000A0
:100AD00067635F636F6C6C6563745F62795F667296
:100AE00065655F73697A65006372656174655F6BE4
:100AF000765F626C6F6200006664625F6B765F6453
:100B0000656C00006664625F6B765F7365745F623C
:100B10006C6F62006B765F6175746F5F7570646196
:100B200074650000636865636B5F7365635F686429
:100B3000725F636200000000636865636B5F616EF3
:100B4000645F7265636F766572795F6B765F63620F
:100B5000000000005F6664625F6B765F6C6F6164CB
:100B6000000000006664625F6B7664625F636F6EB4
:100B700074726F6C000000006664625F6B76646282
:100B80005F636F6E74726F6C000000006664625F7A
:100B90006B7664625F696E69740000006664625F10
:100BA0006B7664625F696E6974000000000000008B
:100BB000963007772C610EEEBA51099919C46D076A
:100BC0008FF46A7035A563E9A395649E3288DB0EC5
:100BD000A4B8DC791EE9D5E088D9D2972B4CB609A8
:100BE000BD7CB17E072DB8E7911DBF906410B71D85
:100BF000F220B06A4871B9F3DE41BE847DD4DA1ABE
:100C0000EBE4DD6D51B5D4F4C785D38356986C13EE
:100C1000C0A86B647AF962FDECC9658A4F5C011467
:100C2000D96C0663633D0FFAF50D088DC8206E3B45
:100C30005E10694CE44160D5727167A2D1E4033C57
:100C400047D4044BFD850DD26BB50AA5FAA8B5357E
:100C50006C98B242D6C9BBDB40F9BCACE36CD8326D
:100C6000755CDF45CF0DD6DC593DD1ABAC30D92614
:100C70003A00DE518051D7C81661D0BFB5F4B42117
:100C800023C4B3569995BACF0FA5BDB89EB8022814
:100C90000888055FB2D90CC624E90BB1877C6F2F99
:100CA000114C6858AB1D61C13D2D66B69041DC7694
:100CB0000671DB01BC20D2982A10D5EF8985B1716D
:100CC0001FB5B606A5E4BF9F33D4B8E8A2C907781C
:100CD00034F9000F8EA8099618980EE1BB0D6A7FB3
:100CE0002D3D6D08976C6491015C63E6F4516B6B6C
:100CF00062616C1CD83065854E0062F2ED95066C21
:100D00007BA5011BC1F4088257C40FF5C6D9B06595
:100D100050E9B712EAB8BE8B7C88B9FCDF1DDD62F2
:100D2000492DDA15F37CD38C654CD4FB5861B24D58
:100D3000CE51B53A7400BCA3E230BBD441A5DF4A22
:100D4000D795D83D6DC4D1A4FBF4D6D36AE96943E5
:100D5000FCD96E34468867ADD0B860DA732D044490
:100D6000E51D03335F4C0AAAC97C0DDD3C710550BB
:100D7000AA41022710100BBE86200CC925B5685762
:100D8000B3856F2009D466B99FE461CE0EF9DE5EAB
:100D900098C9D9292298D0B0B4A8D7C7173DB3595C
:100DA000810DB42E3B5CBDB7AD6CBAC02083B8EDED
:100DB000B6B3BF9A0CE2B6039AD2B1743947D5EAFA
:100DC000AF77D29D1526DB048316DC73120B63E329
:100DD000843B64943E6A6D0DA85A6A7A0BCF0EE488
:100DE0009DFF099327AE000AB19E077D44930FF043
:100DF000D2A3088768F2011EFEC206695D5762F73A
:100E0000CB67658071366C19E7066B6E761BD4FE76
:100E1000E02BD3895A7ADA10CC4ADD676FDFB9F953
:100E2000F9EFBE8E43BEB717D58EB060E8A3D6D615
:100E30007E93D1A1C4C2D83852F2DF4FF167BBD143
:100E40006757BCA6DD06B53F4B36B248DA2B0DD846
:100E50004C1B0AAFF64A0336607A0441C3EF60DFE9
:100E600055DF67A8EF8E6E3179BE69468CB361CBD2
:100E70001A8366BCA0D26F2536E2685295770CCCF7
:100E800003470BBBB91602222F260555BE3BBAC538
:100E9000280BBDB2925AB42B046AB35CA7FFD7C229
:100EA00031CFD0B58B9ED92C1DAEDE5BB0C2649B1A
:100EB00026F263EC9CA36A750A936D02A906099C4D
:100EC0003F360EEB8567077213570005824ABF95C0
:100ED000147AB8E2AE2BB17B381BB60C9B8ED29243
:100EE0000DBED5E5B7EFDC7C21DFDB0BD4D2D3869A
:100EF00042E2D4F1F8B3DD686E83DA1FCD16BE810D
:100F00005B26B9F6E177B06F7747B718E65A0888DD
:100F1000706A0FFFCA3B06665C0B0111FF9E658F6E
:100F200069AE62F8D3FF6B6145CF6C1678E20AA018
:100F3000EED20DD75483044EC2B30339612667A79E
:100F4000F71660D04D476949DB776E3E4A6AD1AEED
:100F5000DC5AD6D9660BDF40F03BD83753AEBCA97C
:100F6000C59EBBDE7FCFB247E9FFB5301CF2BDBDE9
:100F70008AC2BACA3093B353A6A3B4240536D0BAF2
:100F80009306D7CD2957DE54BF67D9232E7A66B38F
:100F9000B84A61C4021B685D942B6F2A37BE0BB43C
:100FA000A18E0CC31BDF055A8DEF022D5F666462B4
:100FB0005F77726974655F737461747573000000A4
:100FC0005F6664625F77726974655F73746174757C
:100FD000730000005F6664625F726561645F7374D2
:100FE00061747573000000005F6664625F72656122
:100FF000645F73746174757300000000784D42552E
:1010000074696C53657442697473000000C1814057
:1010100001C0804101C0804100C1814001C08041C8
:1010200000C1814000C1814001C0804101C08041B8
:1010300000C1814000C1814001C0804100C18140A8
:1010400001C0804101C0804100C1814001C0804198
:1010500000C1814000C1814001C0804100C1814088
:1010600001C0804101C0804100C1814000C1814078
:1010700001C0804101C0804100C1814001C0804168
:1010800000C1814000C1814001C0804101C0804158
:1010900000C1814000C1814001C0804100C1814048
:1010A00001C0804101C0804100C1814000C1814038
:1010B00001C0804101C0804100C1814001C0804128
:1010C00000C1814000C1814001C0804100C1814018
:1010D00001C0804101C0804100C1814001C0804108
:1010E00000C1814000C1814001C0804101C08041F8
:1010F00000C1814000C1814001C0804100C18140E8
:1011000001C0804101C0804100C1814000C0C101D7
:10111000C30302C2C60607C705C5C404CC0C0DCD67
:101120000FCFCE0E0ACACB0BC90908C8D81819D9D7
:101130001BDBDA1A1EDEDF1FDD1D1CDC14D4D51507
:10114000D71716D6D21213D311D1D010F03031F1F7
:1011500033F3F23236F6F737F53534F43CFCFD3D27
:10116000FF3F3EFEFA3A3BFB39F9F83828E8E92917
:10117000EB2B2AEAEE2E2FEF2DEDEC2CE42425E5C7
:1011800027E7E62622E2E323E12120E0A06061A137
:1011900063A3A26266A6A767A56564A46CACAD6DE7
:1011A000AF6F6EAEAA6A6BAB69A9A86878B8B97957
:1011B000BB7B7ABABE7E7FBF7DBDBC7CB47475B587
:1011C00077B7B67672B2B373B17170B05090915177
:1011D0009353529296565797559594549C5C5D9DA7
:1011E0005F9F9E5E5A9A9B5B995958988848498997
:1011F0004B8B8A4A4E8E8F4F8D4D4C8C4484854547
:10120000874746868242438341818040654D4252F2
:10121000545552656365697665000000784D425209
:1012200054555265636569766546534D000000006C
:10123000784D425254555472616E736D69744653C1
:101240004D0000006C6F675365744C6576656C00EB
:10125000736574206C6F67206C6576656C0D0A2071
:101260006C6F675365744C6576656C205B6C6F675B
:101270005D205B6C6576656C5D0000006865786478
:10128000756D70006865782064756D700D0A206852
:10129000657864756D70205B6C6F675D205B6C6555
:1012A00076656C5D205B626173655D205B6C656E6D
:1012B0005D0000006C6F675365744C6576656C006B
:1012C0006C657474657200000000000064656661FE
:1012D000756C742075736572000000007365745638
:1012E0006172000073657420766172007570000091
:1012F000646F776E00000000726967687400000018
:101300006C65667400000000746162006261636B6A
:1013100073706163650000006261636B7370616389
:101320006500000064656C6574650000656E746539
:1013300072000000656E74657200000068656C7074
:101340000000000073686F7720636F6D6D616E64DD
:1013500020696E666F0D0A68656C70205B636D6452
:101360005D00000075736572730000006C69737432
:1013700020616C6C2075736572000000636D64738E
:10138000000000006C69737420616C6C20636D64F4
:101390000000000076617273000000006C697374D5
:1013A00020616C6C20766172000000006B657973BF
:1013B000000000006C69737420616C6C206B6579AF
:1013C00000000000636C656172000000636C656181
:1013D0007220636F6E736F6C650000007370695FDD
:1013E00077726974655F7265616400007366756425
:1013F0005F6C6F675F646562756700007366756434
:101400005F6C6F675F696E666F00000004F404082C
:10141000010000000CF404080400000014F40408A7
:101420001C00000018F404081F00000020F4040849
:101430002000000028F404083700000030F40408FD
:101440006200000038F404088900000040F4040839
:101450008C00000048F40408A100000050F40408C7
:10146000AD00000058F40408BF0000005CF404085C
:10147000C800000068F40408D500000070F40408F7
:10148000EF00000078F40408C200000084F40408AF
:101490001F260000000020000A00000000020000DB
:1014A0008100000090F40408EF40130000000800E1
:1014B0000100000000100000200000009CF404085F
:1014C000EF401500000020000100000000100000A7
:1014D00020000000A8F40408EF40160000004000BF
:1014E000010000000010000020000000F0F30408DC
:1014F000EF40170000008000010000000010000015
:1015000020000000B4F40408EF6017000000800021
:10151000010000000010000020000000C0F40408DA
:10152000EF40180000000001010000000010000062
:1015300020000000CCF40408EF4019000000000275
:10154000010000000010000020000000D8F4040892
:10155000BF258E00000010000600000000100000F3
:1015600020000000E4F40408BF2541000000200032
:10157000060000000010000020000000F0F4040845
:1015800020201600000040000100000000000100C3
:10159000D8000000F8F40408202014000000100017
:1015A0000100000000000100D800000000F5040860
:1015B00020201300000008000100000000000100CE
:1015C000D800000008F504081C3016000000400098
:1015D00001000000001000002000000014F50408C5
:1015E000C84017000000800001000000001000004B
:1015F0002000000020F50408C8401500000020006D
:101600000100000000100000200000002CF504087C
:101610000140150000002000010000000010000043
:101620002000000038F50408010215000000400009
:1016300001000000001000002000000044F5040834
:1016400037301400000010000100000000100000FE
:10165000200000004CF504088C2013000000080056
:1016600006000000001000002000000054F50408EF
:10167000BF2541000000200006000000001000000F
:101680002000000068617264776172655F696E694D
:1016900074000000736F6674776172655F696E69CC
:1016A00074000000736675645F7265616400000019
:1016B000736675645F636869705F65726173650006
:1016C000736675645F65726173650000706167655C
:1016D0003235365F6F725F315F627974655F777242
:1016E000697465006161695F777269746500000003
:1016F0007265736574000000726561645F6A656499
:1017000065635F69640000007365745F7772697474
:10171000655F656E61626C65640000007365745F8F
:10172000345F627974655F616464726573735F6D61
:101730006F646500736675645F726561645F73747E
:101740006174757300000000776169745F6275737E
:10175000790000006D616B655F6164726573735F32
:10176000627974655F617272617900007366756495
:101770005F77726974655F737461747573000000DC
:10178000736675645F726561645F736664700000A0
:10179000726561645F736664705F686561646572D9
:1017A00000000000726561645F62617369635F6875
:1017B0006561646572000000726561645F626173F7
:1017C00069635F7461626C6500000000726561644A
:1017D0005F736664705F6461746100007366756452
:1017E0005F736664705F6765745F73756974616267
:1017F0006C655F657261736572000000BF00020274
:101800000304030504060A00FE07FE070001420266
:101810009207B320050062072107394367A8002219
:10182000079B52275901230D3D42AF4C69A86AA876
:10183000322500240B3D4237AF7AA7B42300250B95
:101840003D422FAAEEAA251300260C3D422FA79851
:10185000729564540127051953672808BB423795D0
:1018600075012908BB42279755092A0A2D4627A743
:101870006AA876002B0A2D4637A3386446112C0738
:101880009B3E4F95002D060D4E67082E079B3E2F61
:10189000AD042F0B3D421F6594BB514600300A3DFD
:1018A0004237A7DA4E7504310C3D4237CB9451468E
:1018B00019C521320C3D426FE58CA2CC190D0133C4
:1018C0000C3D42676894B3863A2D00340C3D423F8C
:1018D000CB54A6A1334A00350B3D42E746C9CC485C
:1018E000A705360B3D4257E68C92A9D302370C3D33
:1018F0004267689433CA35CA00380B3D426F659D14
:1019000056D66901390C3D426F65A95446394A00E3
:101910003A0ABB3E2FAD0CD34A003B09BB3E2FAD6C
:101920000C55093C0ABC423FB6514619053D081DFD
:101930004A676838043E0BBC4227A38C328A6D008C
:101940003F0A3D426FE536CA7404400B3D426F6565
:10195000B99295E102410B3D4237A75A8F9175002C
:10196000420C3D4267C42AA659C5A100430C3D4222
:101970006F658D32CA28A705440D3D4267C42AA66B
:1019800098628A4301450C3D42E746198D945146C1
:1019900043460D3D42E746198D9451461901470CC7
:1019A0003D426F658D328A3B2D0048093D4227DB61
:1019B00063643B4908BB4267C5AE014A0C3D4277B0
:1019C000679451466594004B0B3D4227CB54EA1473
:1019D000AB1C4C0E3D4227A38C32CA28A38C860038
:1019E0004D0A3D4227EBB592B6034E0A3D4227EB26
:1019F000A992DC3A4F093D426F65EFB400500D3DAE
:101A00004267A4AC87CA28A38C00510A453E6F6583
:101A1000AF6AC300520B3D4267A4AC872AAB1C538C
:101A20000B3D426F650D37D46901540E3D4267C8C6
:101A30008C32CA28A38C220055083D4227FB4E0B4E
:101A4000560B3D4227DBA94C31E508570A3D42279A
:101A5000BB924A7700580A3D4227EB5457B50E59BE
:101A60000C3D4227EB5467945146115A0A3D426798
:101A70006894BBD1105B08BB4267C4CE015C0D3DCE
:101A80004227A30C33CC30C38C025D08BB4267767F
:101A90008E005E071D5237A73A5F060D3E6708604D
:101AA00006125B2706610A2D426FC334741A016265
:101AB0000C3D4227A38C92A9A75200630A2D426FC6
:101AC000658D725A00640B3D421F6594CC2D950ABA
:101AD000650A2D426FE531325C00660C3D42575677
:101AE00079C48C32CA00670C3D3A6F689D46463A0D
:101AF0002D00680B3D4227A38C92A9ED006908BB1D
:101B0000422F23D91A6A0BCC3A3F635D4B991400DC
:101B10006B0C3D4227A38CB24CB3CA016C07BB428D
:101B200047F61A6D0A2D4247B5545249076E082DE3
:101B3000422799DA0E6F092D426F653B2D00700C1C
:101B40003D3A27997A2A95514600710B3D3ACFDCF0
:101B500052A98C320A720B2D4227991A65941100F2
:101B6000730A2D426F65B8E15000740D3D422FA3FA
:101B70003C624619C5A80075082D42273B950A7698
:101B80000A2D4227EB54A61C0177092D42275B49F9
:101B9000750178092D4227A7BAAA03790B3D3A2788
:101BA0009B4A65A4D3027A082D4267E8F6107B0BA6
:101BB000BC42576594348A19097C063943E7087D8D
:101BC0000CBC4247A39891CA2849007E091D522F98
:101BD000AA241300A005006207A1073943270D01BD
:101BE000A20C3D3E370F15534C79C408A30B3D4260
:101BF00057567967149502A40A2D4227A799E2CA7D
:101C000001A50D453E27EB54C72133CA2802A6067D
:101C10003943670DA70B453E6F65343B374A0BA828
:101C2000068B5E2705A90C3D426F6595A64A3A2DA5
:101C300000AA0AB4466F44A56A3402AB0B2E42B721
:101C40008A29E6986300AC07944A67E400AD068CE5
:101C50004E6704AE0B3D426FE591E6D46901AF06D5
:101C60000D5E6708B0069B52AF0BB10B354237A330
:101C70003864467108B208AC4E4FC5E608B30AACEA
:101C80004E67A3A4D14800B406125B4F01B50A35D4
:101C90003E27DB53A98C00B60E3D426F8C34525266
:101CA00031C5145300B705094F27B806123B4F0141
:101CB000B907AB4E2FC96ABA0AB4464F4599341CCE
:101CC00001BB0C2E4227E698638A294600BC104EC1
:101CD0003E2F230D33CC6866A4531C1906BD104E4D
:101CE0003E2F230D33CC686554C38C321ABE0E4D83
:101CF0003E47C39C619459A634320ABF0A3D42371D
:101D0000D319E5D602C00C45422FC3BCB21E23EB4B
:101D100000C10B4542BF5E598F917500C20C454210
:101D200037A7B8B21E23EB00C30C45422F2AB9B225
:101D30001E23EB00C40B4542AFA656D663641DC5F7
:101D40000C454237A7B8B21E23EB00C60B3E4277C4
:101D5000A4B239466C0EC70D4D3A6F658D32CA2854
:101D6000A75D03C80E45422F8F8D321A29A38C869A
:101D700000C90E45423F8D8D321A29A38C8600CAB8
:101D80000E4542378E8D321A29A38C8600CB0E4524
:101D900042AF1A1B65345246190D01CC09C34227C4
:101DA000A7155B03CD09C34237A5155B03CE09C355
:101DB00042AF1A29B606CF09C34227E5155B03D007
:101DC0000D3D4267C42A8E54A6381400D10B4542FB
:101DD00037754F95E4D601D20B45422FC3BCB23BB9
:101DE0002D00D30A4542BF5ED99D1600D40B454253
:101DF00037A7B8B23B2D00D50A454237355776A7ED
:101E000005D60A4542AFA65676A705D7092D422723
:101E1000A7BAAA03D80B3D426FC52BCD991600D99E
:101E20000A45422FC3DA3B2D00DA094542BFCCDE1A
:101E30006901DB0B454237A78CB33B2D00DC0A451B
:101E400042AFC6D93B2D00DD0C4542BFCC3AD51977
:101E5000651401DE0E3D4227A391F25019659411DD
:101E600000DF0B3D426F6599CA2A2B05E00C454205
:101E70002FC34C6E98864E23E10B4542BF26374C4C
:101E800043A711E20C454237A74C6D98864E23E3D9
:101E90000C454237B5A90DD3D06904E40B3D42AFE0
:101EA000A6364C43A711E50C454237A79C374C4357
:101EB000A711E60B2E426F64548D998700E70B3D06
:101EC0003A6F658D72DA3500E80C45422FC34CAE8F
:101ED0003C46860BE90B4542BF26571E23C305EA45
:101EE0000C454237A74CAD3C46860BEB0B3D42AF51
:101EF000A6561E23C305EC09C3422767245B03EDE6
:101F000008C342AF86B235EE08C342AF2D5B03EF84
:101F100008BB422765D91AF00B3D424743B9B29D31
:101F20001600F10A454237B57132B51DF20B454234
:101F30002FC34CAE6CA705F30A4542BF2657B6D354
:101F400002F40B454237A74CAD6CA705F50B454293
:101F500037B5A995EDB400F60A3D42AFA656B6D303
:101F600002F7092D463753435311F80A2D426FC823
:101F700095E65000F90B45422FC34C65A75201FA74
:101F80000A4542BFA6B253A900FB0B454237A78CB6
:101F9000B353A900FC0A3D42AFC6D9A95400FD0CB9
:101FA0004D3ABFCCA65219E9B400FE0D453A27A31D
:101FB00091B23D54461901FF0D4D3AAFC6D9542A8E
:101FC000239D160000000004FFFF0000BF00030275
:101FD0000304030504060D00FE09FE09000170025A
:101FE000E408FB200500EE072107C9C3C721092229
:101FF000071BDB476209230EBDC64F294906A532E0
:1020000028A52401240CBDC6573628D9960C5A049D
:1020100025104EC24FA6444914A6612989122D01EC
:10202000260D3EC28F16B56951A2454B0027069971
:10203000DBC700280B4BC3571225512DCA02290CB0
:102040004BC347166551254A22002A0C2ECA4F94CD
:1020500049C3A44509002B0AADCA57180D521801EF
:102060002C089CBECFA264002D068DD2C7202E085E
:102070001BBF4FB224002F0BCDC2672DCC8A59183D
:1020800002300D4EC2971625A1C724CA2400310B79
:10209000CDC2572625614F8300320E4EC2CF9084A9
:1020A000621A665A980E03330D4EC2C7352CCEA95C
:1020B000980C0900340F4EC267A82551254BB26415
:1020C00018D304350E4EC2C721AD2C5A9A8AC99036
:1020D00000360E4EC2D714A6954513C56448003786
:1020E0000C4EC2C735AC8669988600380F4EC2CFF9
:1020F0009084C664484263322400390D4EC2CF90AA
:10210000843665498BD1043A0B43BF4FB2E448B2E1
:1021100024003B0BC4BE5734E5D8A264003C08CD74
:10212000C267D6B5033D0826CAC71D1D063E09CDA8
:10213000C247DAAD23003F0D4EC2CF9084621A56DB
:1021400073300240104EC2CF9084A6218994644A15
:10215000E42101410D4EC2971625A1711844630078
:1021600042124EC2C72065499664C91065499664FB
:10217000C302430C4EC2CF90846A8FC990004412B0
:102180004EC2C72065499664499664499664C30265
:10219000450C4EC2C721AD0E515A1D06460B4EC20C
:1021A000C721AD0E51DA0A470D4EC2CF90846AD3D3
:1021B000106ACA12480B4EC247E8380CA2630049A5
:1021C0000ACDC2C720857D1A044A0B4EC2DF98F69D
:1021D000924513004B104EC247A825512513932C4E
:1021E000AA2561004C094EC247DAAFC3004D0B4E21
:1021F000C247380DD1E2D1314E0D4EC247286E4A4A
:102200002425DA680C4F0B4EC2CF90847E4C860496
:10221000500C4EC2C7A084C661495B01510E56BE28
:10222000CF9084BE4452920C7100520E4EC2C7A091
:1022300084C661A945B5240C530F4EC2CF90846A61
:102240003CC4A9980C09005409CDC2C72085FD04DF
:10225000550A4EC247E88FC99000560C4EC24768D7
:102260004CA2DE441300570B4EC247E8C5651AA2C4
:1022700031580E4EC2472826519B16B5846200592C
:102280000CCDC247A625A5240B3B015A0B4EC2C755
:10229000352C8AADC3005B09DCBEC7A0F5B7215C55
:1022A0000BCDC247988669310D035D09DCBEC7902E
:1022B000F5B7415E089DDA5796D4025F060EBEC799
:1022C00001600612E34714610C36C2CF1027C3A881
:1022D000294B00620D4EC247DAB268A2B8290B0042
:1022E000630C36C2CF90846A31191200640B4EC25F
:1022F0006FCBA28D366509650D36C2CF9084C3A021
:1023000086C99000660D4EC2D7942569386469234A
:1023100000670F46BACFA2255934C543122643029F
:10232000680B4EC247DAB268A26300690AC5C25799
:102330008E889D06016A0CD5BA678E888D9A962C78
:10234000006B0D4EC247DA9644D116D592306C0917
:10235000CDC28FD84F83006D0DB5C287D2A2244A5B
:10236000A2245A006E0A36C247B268A263006F0BFD
:1023700036C2CF90848EC99000700C46BA47B268BE
:10238000E2A62C6915710B46BACFA28D9AB2A40DA4
:10239000720A36C247326549DA08730D36C2CF90E9
:1023A0008489AC84C99000740C46C24F1A0E59DA65
:1023B000162D00750936C247E84D5902760BB5C295
:1023C00047664B4A491601770BB5C24766499444A4
:1023D000E902780C36C247984499A8454918790D06
:1023E00046BA47E8A62CA9980C09007A0836C2C755
:1023F000B1E3307B0CDDBED7125623350BAB037C2B
:1024000006C9C3C7037D0DDDBEC71AD652290D2BE1
:1024100013007E099DDA4FA4245202A00500EE07A6
:10242000A108C9C347320C01A20EC5C657B65494C1
:10243000288992CA1601A30D4EC2D794256938A6E1
:10244000356501A40C36C647980C51A7210903A590
:102450000F4DC247A625A52419A46890C208A60856
:10246000C9C3C7900C01A70ED4C28F12894A242574
:10247000A2942800A80794DE472405A9114EC2CFD4
:1024800090848A25522225528CC99000AA0CBDCA7C
:10249000CF9A0C5A32A48300AB0F3EC65F1225516F
:1024A00012256112266112AC079DCAC72016AD061F
:1024B0008CD2C710AE114EC2CF90848A255992C5D6
:1024C000928CC99000AF068DE2C720B009A4D68FC8
:1024D00012498902B10BBDC657180D52980F02B2AE
:1024E00008B3D24F53521AB309B3D2C794644A0502
:1024F000B40612E38F02B50A3EBE47E8382D5600F7
:10250000B6134EC2CF3028C9922C919225599225EC
:10251000599200B7060AD38700B80612BB8F02B9DA
:1025200008B3D24F22B50CBA0AB4CE8F1249893AF9
:1025300004BB103EC6471226611226511225519245
:1025400001BC0E56C24FA8B60D89966449B606BDA9
:102550000D56C24FA83625439286D501BE1056C2ED
:10256000C71AC659122591966449B606BF0D4EC2C8
:10257000570EA6613514932101C00F56C2579C63B4
:102580005A9484E230886200C10F56C25F98835A21
:102590009484E230886200C20F56C29716E5901606
:1025A00025A1380CA218C30F56C28F6487B428091E
:1025B000C56110C500C40F56C24FD40E6951128AAE
:1025C000C3208A01C50F56C2971665A21625A138E9
:1025D0000CA218C6124EC24F322459922559724B82
:1025E000B2244B8600C70D5EBACF90846A8FC910A3
:1025F000D600C80F56C2579C23C390A64394A6C3C7
:1026000000C90F56C25F9843C390A64394A6C30067
:10261000CA0F56C29716E5C390A64394A6C300CB33
:102620000E56C24FD43E0C693A44693A0CCC0BD5D5
:10263000C24F9A0F52D86910CD0CD5C2579623833A
:1026400014761A04CE0CD5C25796C48314761A0495
:10265000CF0CD5C247A6A58314761A04D0124EC259
:10266000C72065499664439464499664C302D10FB8
:1026700056C28F640F3725522229D1C600D20D567B
:10268000C2579C4343127A4C8604D30D56C25F98BE
:102690006343127A4C8604D40E56C29716E5C8904E
:1026A000841E932101D50E56C28F64478624F49868
:1026B0000C0900D60E56C24FD48E0C49E8311912BF
:1026C00000D70C36C647984499A8454918D8145ED7
:1026D000BE6F3224D9944889122991126DC990A4F1
:1026E00000D90C56C2579C23A18FC99000DA0C5612
:1026F000C25F9843A18FC99000DB0C56C29716E5C4
:10270000A18FC99000DC0C56C24FD41EFA980C0958
:1027100000DD0BD5C25F3DD3925AD804DE0D4EC208
:10272000473A28A17158D22A00DF0ECDC28F5489B2
:1027300092521255328B02E00E4EC2579C43439C7C
:102740000CA3A62C01E10E4EC25F9863439C0CA320
:10275000A62C01E20F4EC29716E5C81027C3A82980
:102760004B00E30E4EC28F6447863819464D59021E
:10277000E40E4EC24FD48E0C71328C9AB204E50F27
:1027800056C29716653A34C4C9306ACA12E60D3685
:10279000C28F1226C930B5244A02E70D46BACF903F
:1027A000846A3119C21A00E80F4EC2579C43431283
:1027B0000E831A264302E90F4EC25F986343120E3E
:1027C000831A264302EA104EC29716E5C89084C3C6
:1027D000A086C99000EB104EC24FD48E0C49380C25
:1027E0006A980C0900EC0ACDC24F9A2362A741ED0A
:1027F0000ACDC257964362A741EE0ACDC28F541745
:102800003B0D02EF0BCDC2479444B9D86910F010CC
:1028100056C24F9469491C0D49E8980C0900F10B08
:102820004EC28F644F164D740CF20D4EC2579C432E
:1028300043123A264302F30D4EC25F986343123AA5
:10284000264302F40E4EC29716E5C890848EC990B6
:1028500000F50D4EC28F64478624744C8604F60E34
:102860004EC24FD48E0C49E8980C0900F70ABDC639
:1028700057980F7A1801F80F46BE6F3224D9942862
:10288000D1960C490AF90B4EC2579C23A137650912
:10289000FA0B4EC25F9843A1376509FB0B4EC297F6
:1028A00016E5A1376509FC0B4EC24FD41E7A53962C
:1028B00000FD0F5EBA5F9843A19BB2A46232240070
:1028C000FE0E56BA475A593451DC94254D01FF0E7D
:1028D0005EBA4FD41EBA294B2A26430200000004D8
:1028E000FFFF0000BF0003020404040505090F00F8
:1028F000FD0AFD0BFF0193032A0A11200500C833CE
:102900002108B10C330E91002208347B332253008E
:10291000230E861973A29661895A86256A012414AA
:10292000B7F9F2C2418922294CD2350923A932884C
:1029300019002511A7097342254A4AAD711AB594A9
:102940001231012612A70973C4288BB228543529E5
:10295000A94595480B2706317C3306280CC3FBB2EA
:102960009228897A8BB200290CC3FB32B2288B7A69
:102970008992082A0D7739F34A95B62D69AA650020
:102980002B0B7719F3E2DA3064710D2C0952DC322B
:10299000862451002D071749330E012E07220C33D0
:1029A00086002F0CA709B3D3382DA7E53406300DC8
:1029B000A709B3B64AEA6B92651300310DA709F374
:1029C0005231C9A2B8B76108320CA7097306255560
:1029D000FB791802330EA709330E715ADDE3584D07
:1029E00006053411A709735331C9A25A1226C390A0
:1029F000C61500350FA709330E726548C4B8AC265A
:102A000083023610A709B386288D2B4322AAD664E9
:102A10005000370EA709330E711AA7711AA7710853
:102A20003811A709B3B64A9A64D95649D524CB269A
:102A300000390FA70973062575548624AE46430452
:102A40003A08720C338678083B0AA2DC3286784852
:102A500012053C09A50A33B38E69073D0A4729339D
:102A60000E393E0C013E0AA50A33D28E5947003F6B
:102A70000EA70973062555E3B4398733004011A723
:102A800009730625350D4AA6449322E78302410DBA
:102A9000A709F3D224ABA4D6E16A0D4212A70933E9
:102AA00006294C523119A430498DC92001430DA784
:102AB0000973062595FB9A0C0A00440DA7093306F5
:102AC000294C523F268304450DA709330E72799095
:102AD000E2E66108460CA709330E727990E2CE0057
:102AE000470FA70973062595DB86D49A0C0A004880
:102AF0000AA7093352D7E1EA35490AA50A3306295C
:102B0000ECA7414A0DA809F30635EF53980D1900BB
:102B10004B11A709335231C9A2DA988451560A934E
:102B2000344C0AA70933E2FE3C0C014D10A70933CF
:102B300052755B2A4A458AA448B5064E0FA7093349
:102B40005275543229D21271B5064F0CA70973067B
:102B500025F5D7645000500DA709332EA97518929A
:102B6000B83300510EC7E9720625F54B26550635D8
:102B7000175210A709332EA9751892282B8549AA38
:102B800006530EA709730625B5EF563519140054E0
:102B90000AA709330E59DCDF00550BA7093352FF92
:102BA0009A0C0A005611A70933526B924559945555
:102BB000C2244CD20C5710A70933524F911449919B
:102BC0001429DD12005810A709335235C92A699C0F
:102BD0002659255503590DA709335235C92A69DCF1
:102BE0001B005A0CA709330E71DAE77818025B0A4A
:102BF000C4FB3206AD7F1B025C0BA70933F2382FF2
:102C0000E7E53C5D0AC4FA3286AC7F1B045E0A47E6
:102C100069F3D224ABA4015F0718F8320E026007F3
:102C2000338B33B202610E770973063D4E86211550
:102C3000952109620FA70933E296211155EBA80CE3
:102C40000900630C7709730625955B934101640DB8
:102C5000A709B35B86445C1D952109650D7709734F
:102C600006255587733E2800660EA709F3B652164F
:102C7000C5E120C68D006713A7D97286444CC224D3
:102C80008C86281F94544D0605680CA70933E296DC
:102C9000211155AF01690AA50A737474EC69106AB1
:102CA0000DD6D93275CADA55342643026B0FA709FF
:102CB00033E2564D493435D132250D6C09A50A331E
:102CC000C6FE34086D1077093316258AA4488AA4F5
:102CD000488AD4006E0B77093392211155AF016FEA
:102CE0000C7709730625F59A0C0A00700FA7D932E4
:102CF00092211155EBA80C495C06710DA7D972867B
:102D0000445C1D9521891B720C770933A2494BC283
:102D1000246E05730D7709730625D5075D4D0605ED
:102D2000740C9709B3E270D8E26ED9027510770976
:102D300033C2244CC2244CC2248C8624760E7709DC
:102D4000335235C9A2AC12266906770E7709335281
:102D500053244552A4744B00780D770933D224AB29
:102D6000A495AC9206790DA6D93242DF942515932D
:102D700021017A0A7709330E69AFC3107B0DC5FBB9
:102D8000B296B01A696A1656077C06C1FC323E7DBF
:102D90000EC5F932D6B0966A521A5626007E0A3708
:102DA00079733429D21400A00500C833A108B10CEE
:102DB00033A46108A211860933A3218912A992259F
:102DC0005132442100A311A709F3B6521C0E629C94
:102DD0008A4996240B00A40E673933D26490B22836
:102DE0008B06250DA510A709335235C92AD920868F
:102DF0008318D700A608B1FC32066510A70EB4FAF6
:102E0000729448542253224A8902A807259A3332E1
:102E10002DA9159818B3862C4C224B9428A1122565
:102E2000929484D91001AA0C753973A4D212454327
:102E30003A08AB0D8719F3A27E8BC2288CC228AC4E
:102E400007462933AE0DAD07154A330601AE159876
:102E500018B3862C4C9249891265524A4A9414B38D
:102E60002102AF061699330EB00A446B7394484A98
:102E70001400B10E9719F3E2DA3064711D1B86005D
:102E8000B20B64497394284B946C08B30B64497378
:102E900094A828250A00B408338BB3921200B50C0D
:102EA00097E93252AFDBB2C83100B616A709738674
:102EB000214BB4444B92210993300993300993007C
:102EC000B707224C338600B80834DAB2A64401B9F9
:102ED0000863497312A965BA0A654973964C4BE6B3
:102EE00041BB0E871933A2300AA330CAA27E03BCAD
:102EF0000FA7097352B97188C4248B322515BD0EF2
:102F0000A7097352B94919A23814E321BE11A709C0
:102F100073C428CDB3A822894916654A2ABF0DA7D4
:102F200009F372B8DA9CAAC9A000C00EC70973F2EF
:102F30003ABA555275B85A03C10DC70973DBD1AD02
:102F400092AAC3D51AC20FC709F3D224AB635B257B
:102F50005587AB35C30FB709733469C7B64AAA0E94
:102F6000576B00C40FB70973B228CBB1AD92AAC397
:102F7000D51AC50FB709B3B6DA986495541DAED605
:102F800000C615A709739421CAA22CCAA26C58A224
:102F90002CCAA22C1A02C710D7D972062595FB9A03
:102FA0000CA216851A00C811C70973F23A360C49EB
:102FB0001C0F595C1D8600C910C70973DBB161483D
:102FC000E278C8E2EA3004CA12C709F3D224AB237C
:102FD000C390C4F190C5D56108CB12B70973B2286C
:102FE000CB916148E278C8E2EA3004CC0CC50A33E0
:102FF000D2FA20853D0D02CD0CC50A33B3FA2085E7
:103000003D0D02CE0DC50AB3B2A4960E52D8D32000
:10301000CF0CB50A33322D1DA4B0A741D015A80896
:1030200073062D8CD2241DC2244DD2244DC268902B
:1030300000D112B70973346947D251C9A4488AB480
:10304000445C03D20EC70973F23A3828A9AFC9A06D
:1030500000D30DC70973DBC141497D4D0605D4106E
:10306000C709F3D224AB438392FA9A0C0A00D50F16
:10307000B709733469870625F535191400D60FB7DB
:103080000973B228CBA141497D4D0605D70D7719AB
:1030900033D224ABA495AC9206D816C7F9B29341AB
:1030A00009B7444BA4488A944CC9C664506200D9FD
:1030B0000DC70973F23A96FA35191400DA0CC709EC
:1030C00073DBB1D4AFC9A000DB0EC709F3D224ABC8
:1030D00023A95F934101DC0EB70973B228CB91D4C9
:1030E000AFC9A000DD0EC70973DBB1544DB24A1A57
:1030F000B701DE0EA70933E2785852EB302471197C
:10310000DF14A609B3A62CC9922851B2A896644927
:1031100096240A00E011B709B3F23A36E871320C8E
:10312000A9A80C4900E110B70973DBC1418F936175
:103130004845654802E212B709F3D224AB43831E27
:1031400027C3908ACA9004E312A709B3A424D2A18A
:10315000418F93614845654802E412A70973B2287C
:10316000CBA1418F93614845654802E512B709F349
:10317000C428D4B1418F93614845654802E60F7772
:1031800009732C512D4A0625CAA28A32E70FA7D906
:10319000720625955B9341D4A25003E80FB70973DB
:1031A000F23A3828A93A9CF34101E90FB70973DBD9
:1031B000C14149D5E19C0F0A00EA11B709F3D224B5
:1031C000AB438392AAC3391F1400EB11A70973B252
:1031D00028CBA14149D5E19C0F0A00EC0AB50A337E
:1031E000D2FAD8D320ED0AB50AF3DA91B1A741EEAD
:1031F0000DB609B3C224CA7264ED6D10EF0CA50AB6
:1032000033A2248AC79E0601F010B70973A2504C5E
:10321000F26C5052AFC9A000F10EA7097334694790
:1032200092211155AF01F20EB70973F23A3828A96D
:10323000D7645000F30DB70973DBC14149BD268344
:1032400002F40FB709F3D224AB4383927A4D0605FB
:10325000F50FA709733469870625F59A0C0A00F65D
:103260000FA70973B228CBA14149BD268302F70EEF
:103270009709F3D235C78621C7D23503F81397F9DA
:10328000B29341C9122D91222553B264506200F9C4
:1032900013B70973F23A16266112266112266134B9
:1032A0002401FA12B70973DBB13009933009933066
:1032B00009A32109FB14B709F3D224AB2361122619
:1032C0006112266112464312FC14A70973A22CCA8C
:1032D000A13009933009933009A32109FD0FE6D9E4
:1032E00032DBA1D0376549C5644800FE10C7D9322A
:1032F000E296211155755486242E03FF0FD6D972FC
:10330000A2F6D0376549C564480000000004FFFFFD
:1033100000000000BF00030304050406050A1400B2
:10332000FC0DFC0D0001EC03BF0B9120060010D634
:10333000002108D218D4783011220B4634D5103130
:1033400049421100231AB932D49308254289E81062
:103350009208254289E81092082542890C0024171A
:10336000D812D4135A542832894C22344A64129900
:1033700084A26294012514C912D4194974A14DC4C0
:1033800072B15C2C9951F434012619D912D49A4A9D
:103390008412A14448164F254291843691892624EF
:1033A000920027085218D5384800280DD516D41396
:1033B000A989643ACA840A290ED514D410AA0965C9
:1033C0003AC9446A002A0E7872D41169231D423426
:1033D0009116002B0C7872D413AB1D626235002C51
:1033E0000834F6D39958002D0718D2D438042E0784
:1033F0003318D438082F10C714D455940AA542A9FD
:10340000502A944A013011D812D493D2445A843CA1
:103410004A44DAA83200310DD812D4930E6912B1A1
:10342000FE76083212D812D4A2892442A258553806
:10343000942A8B0F013314D812D4A2892442A258A3
:103440002A9CCB8944894846023414D812D40E4BA6
:1034500087348948452691490E51B116003512D856
:1034600012D4388C75198DE4623151229291003654
:1034700015D812D4A28924C2885865349208394AD2
:10348000443212003712D812D4388455C552B15480
:103490002C154BC552003815D812D4A289244246A7
:1034A0008948461349848C12918C043914D812D45B
:1034B000A28924428E12D18A58252811C948003A7F
:1034C000088318D4B0430D3B0A94F6D359479B5850
:1034D000003C0BD712D48E0AF5ACE7003D0A6872A7
:1034E000D438C4713C043E0BD714D408EBA35EC39C
:1034F000003F10D812D4A289244246A96675B85854
:10350000064016D812D4A289244292E522A1482866
:10351000121691BA4C5401410FD812D493D2445A86
:10352000848C87228F024216D812D4A889D42432E0
:10353000894C221299641221378909004310D8124C
:10354000D4A2892442B27E9488642400440DD81207
:10355000D430C92442FE9BC404450DD812D4388C03
:10356000753689753E04460CD812D4388C75368968
:10357000F50C4711D812D4A2892442B226234789D8
:10358000684409480CD812D410F2F150E4A3004961
:103590000CD812D438C4C4FA6F87004A0FD912D499
:1035A000B3CAF5934C2453910E014B14D812D41086
:1035B000B249641291A69A4837894C22240A4C0ACF
:1035C000D812D410EB7F3E044D14D812D410124BF5
:1035D000A6834542915024140991A3004E12D8129B
:1035E000D410D66A261345429190DC1A89024F0FF7
:1035F000D812D4A2892442FE5122929100500FD8B1
:1036000012D430C92442DE2426B1CE005111E8F292
:10361000D3A2892442FE22215144B2BA005212D8C8
:1036200012D430C92442DE24266D12994448145322
:1036300013D812D4A2892442B25C4E57264A44328F
:103640001200540BD812D438C4C4FADF00550DD878
:1036500012D410F23F4A44321200560FD812D4103E
:10366000729488F4466415AB015712D812D410F244
:1036700045429150241449C954240A5813D812D4ED
:10368000101225226D44AA94481369111205590F8E
:10369000D812D4101225226D44AA58DF005A10D82F
:1036A00012D438845595A5CA5265F121005B0AD61B
:1036B00014D43804F51F0D5C10C714D4908AA56289
:1036C000A9582A968AA5025D0AD614D430EA3F1E6C
:1036D000025E0B4832D593D24412A1005F0719F263
:1036E000D3380860073456D59029610E8812D42A41
:1036F000C9C49283905152096211D812D410EB655B
:10370000349208399624921100630D8812D42AC984
:10371000C8DA65A20A00640ED812D4D6D344A9C868
:1037200051225A11650F8812D4A28924C243592EFE
:10373000135500660DD812D4A38974161AC5FA0859
:103740006714C892D3A9CC6A129944262AC92D427B
:1037500046890500680DD812D410EB65349208F93B
:1037600028690CB812D413CBA1647D3B046A0EF710
:1037700094D3558751F595C626A9006B12D812D45B
:1037800010EB4D225291116B22358950006C0AD8F2
:1037900012D421EB7F3B046D138812D488A81C2619
:1037A000128A8422A14828128A026E0C8812D490B0
:1037B0008C4612211F056F0E8812D4A28924428ED6
:1037C00012918C047011C892D3908C461221C7922A
:1037D0004432126B06710EC892D39A2815394A44A6
:1037E0002B621D720C8812D490904612B15E017348
:1037F0000D8812D4B108E97631516201740DB81206
:10380000D4122B1AC57A925100750B8812D410F27B
:1038100051225A11760E8812D4101225226D44AA14
:10382000580677108812D4107291502414C961225E
:10383000920078108812D4104A4432AA584A134988
:1038400084027911C892D310F251225A1113252201
:103850001909007A098714D4B80AF57A7B0CD812B2
:10386000D4A48975A38B75277C07D218D4F8507D12
:103870000DD812D4A08B75A7897523027E0B385200
:10388000D5195124A40900A0060010D600A109D220
:1038900018D4201D0E06A212C712D4930A4922E2A0
:1038A0005431221211A52200A314C912D4238A6410
:1038B00022995C6A95AB162311496902A4139930C9
:1038C000D4884F2692934C2413C94417C97A00A573
:1038D00010B812D4080F252219CD28348AB501A6B4
:1038E00009D218D4388C0F03A718D812D4A289246F
:1038F000329198269289642219592493886424006D
:10390000A8082674D5109104A919B812D4A2892444
:10391000C20945128A488292504442194A443212DE
:1039200000AA119892D42A05C592839028A9C4218F
:103930008700AB19B910D40D052532894C2293C8E4
:103940002452895422954825D25000AC084892D47C
:1039500078102BAD0616D4D430AE19B812D4A28983
:1039600024C20945128A4828922449443294886422
:103970002400AF0718B2D53804B00C66F4D49251C5
:103980004424094D04B10D7852D413CB0E31B11C2F
:103990007808B20A75D4D499A889B415B30D75D432
:1039A000D499A8898414C90400B4083456D592283F
:1039B00001B50DA7B2D390F1563944A6AA00B618A6
:1039C000D812D4391C2C2F128A4C2293C824328945
:1039D0004C2293C82402B70733B8D43808B80A4534
:1039E00094D31252241300B90974D4D4918C742145
:1039F000BA0E9792D49A49D4D8246A73D001BB1ACC
:103A0000B912D40845255289542295482532894C4B
:103A10002293C824C2501400BC15C832D409CBA3C9
:103A2000916064144E8A85442949F41400BD15C878
:103A300032D409CBA3916064144E91454291A834CD
:103A40001C26BE16C832D49843A2C25828320A2770
:103A5000C542A294A4723C02BF10D812D413CBE189
:103A600062558D8C12918C04C011F812D491ABC3A5
:103A7000A5349144C878287214C111F812D4D50E17
:103A800097D2441221E3A1C85100C213F812D49373
:103A9000D24472A894269208190F458E02C314F8D6
:103AA00012D412854C2139584A1349848C872247F5
:103AB00001C412F812D41169874A69222D42C64303
:103AC00091A300C5130813D4A289B4D1C1529A4856
:103AD00022643C14390AC611D812D42BD12432895D
:103AE00048A7C348FF8900C7141893D3A28924426A
:103AF000B27E94886454B94C229C01C810F812D448
:103B000091AB030F63CD26B1E64300C910F812D480
:103B100094AA430F63CD26B1E64300CA11F812D42C
:103B200093D24472D061ACD924D67C08CB10F81261
:103B3000D41169473B8C359BC49A0F01CC0CF61409
:103B4000D491AA9B84FA9301CD0CF614D4D30E32EF
:103B500009F52703CE0DF614D49251446293507F99
:103B600032CF0DF614D41091C426A1FEC900D01A8C
:103B7000D910D4B1290925428950223C498412A187
:103B80004428114A64221300D116F812D412854C2D
:103B900021394C58339928128A84E456240AD212C7
:103BA000F812D492AB43692289901F25221909008B
:103BB000D312F812D494AAC3692289901F2522191E
:103BC0000900D413F812D493D24472204D2411F278
:103BD000A344242301D514F812D412854C2139941E
:103BE000269208F95122929100D612F812D4116946
:103BF00007D24412217F9488642400D70E8712D400
:103C000088CE246AC399446D1AD81AF8F2D30F9556
:103C100054644D11528414A18428214AA826118984
:103C20004A7100D90FF812D492ABC384FCA3442488
:103C30002301DA0FF812D494AA4385FCA344242369
:103C400001DB11F812D493D2447290907F9488646F
:103C50002400DC0FF812D411690709F98F12918C36
:103C600004DD12F812D494AA43854489481B912A92
:103C7000D60D00DE0FD714D490AA5A64BC1D225270
:103C80005500DF1BD812D41B4A4432894C22924C77
:103C9000641299484D2293C82422151100E011C8DE
:103CA00012D492AB032D42B1E42064945402E1118A
:103CB000C812D494AA832D42B1E42064945402E241
:103CC00013C812D493D24472984528961C848C92BF
:103CD0004A00E314C812D412854C2139D022144B67
:103CE0000E4246492500E411B812D411698759845F
:103CF00062C941C828A904E513D812D4A289B4D155
:103D00008116A1587210324A2A01E6148812D499F9
:103D1000484212994446A249641251443201E711C3
:103D2000C892D32AC9C8DA65A2A25C2611CE00E8DF
:103D300012C812D491AB83692289F05096CB4415F6
:103D400000E911C812D4D50EA68924C243592E13F6
:103D50005500EA13C812D493D24472204D24111E88
:103D6000CA7299A802EB12B812D4116907D2441290
:103D7000E1A12C97892A00EC0CC812D491AB43C95D
:103D8000FA7608ED0CC812D494AA83C9FA7608EE24
:103D90000EC812D493D244721859DF0E01EF0CB83A
:103DA00012D411698791F5ED10F016D812D488C598
:103DB00024C2E950228B094BA222A344242301F1FF
:103DC00011C812D412854C21394C321A49847C1402
:103DD000F211C812D491AB8369228990A3442423A1
:103DE00001F310C812D4D50EA68924428E12918CEC
:103DF00004F413C812D493D24472204D2411729447
:103E000088642400F514C812D412854C21399426F4
:103E10009208394A44321200F611B812D4116907D7
:103E2000D24412214789484602F70EA832D413CB58
:103E3000510F0739AA5806F814A8F2D30F95544425
:103E400011528412A284242251290EF90EC812D4D0
:103E500092ABC3847C94885604FA0DC812D4D50E54
:103E600014F251225A11FB10C812D493D24472900A
:103E7000908F12D18A00FC0EB812D411690709F98B
:103E80002811AD08FD130893D394AA43857C948828
:103E900056C44489484602FE101795D390EAB5A44B
:103EA00022E3242949B502FF13F892D311690709C7
:103EB000F92811AD888912918C0400000004FFFFDD
:103EC000000000005F00030305040405061211FE54
:103ED000FD0CFD0CFE022F04F506F12006003292C7
:103EE00000210D831396891C2AA168C41201220C9B
:103EF000A5F09A90B08C22A10800231A8A11AA1367
:103F000009454291E82039881445A283E4205214DF
:103F100009453200241DE9F1A98C43C23549282204
:103F20008A94528C474B2854099142124944560EA8
:103F30000225258C13BA9A0527445124288B044561
:103F400091A82812194D22936844148CC8821151EB
:103F500030240AC64600261A8C13BAA48BC422B198
:103F600028CE44918C24A34948465B2A594A130021
:103F70002708A2F292B84400280EC4D3990B8554A6
:103F8000447A13C98201290FC4D19908C6443291D9
:103F90005E44A234002A11E7B0A20B46522411D18C
:103FA000481291648C012B0D0813AA13AB1D0E321D
:103FB000B11A002C0CC4B09591504621490C002D2B
:103FC0000744709638042E09641096915024002FEF
:103FD0000F8511964C0BA60563C1B4601000301418
:103FE0008911AA9B4A644A32C9CCDB442692A9486B
:103FF0006700310A8713AA1315F74F073213881386
:10400000AAA2C52423D324369C6A8B080F870133C8
:10401000148911AAAA89966431B1B43C9FC84E1381
:10402000D1AC0434148911AA8E8BA7C4C830320BCA
:104030008D62A383703C3C35138813AAB998E2F1D2
:104040005A683C89994CA551090036168911AAABCA
:104050008926228A4C329E8C286BB6896CB2480223
:1040600037128813AA78880425414930AC2A962E45
:10407000070138158813AAA2892423D34424A389CD
:104080002423A78948460239178911AA224ED6242B
:1040900033DB64429A8C273209493292D5003A0CBC
:1040A0000411969150E4300945023B0F64B195919B
:1040B00050E43009651492C4003C0B0833AA1692F0
:1040C00018C9CC023D0BC832AA7890231D0E023EBF
:1040D0000B0833AA107324318A013F148811A2A25D
:1040E00089249489683895C651C2D3711000401C48
:1040F000ACF1B1ACCE46F2504C12214944FA178AC9
:1041000064120AC96272D16C5A03411A8D11B695B4
:1041100003E7B039880E8ACC25F3D8F410954DA367
:1041200033E98866421A8C11B6380C678BA3E168B4
:10413000363B04678BA3E168389A4D0E2300431980
:104140008B13B6AC846693A9644CA743E69079645C
:104150001C99C666521A00441A8D11BA388867C372
:10416000B5E16C3A9A8EA6A3E968381BCE960E424A
:104170000045198B11B2389086A2A1689434915AE7
:1041800027D251D23434140D0F0646198B11B23890
:104190009086A2A1689434915A27D251740E994303
:1041A000C64700471A8D13BAAC0467ABB271681EDC
:1041B0009AC36687E96C381B2E91492100480F8EFF
:1041C00011BEB89886FBF130DC7FBA18490A871116
:1041D0009E380DF74F074A128A11AEBBCE77138D6A
:1041E00028A3A5E048342C024B1A8E11B6B8D48609
:1041F000D29978249FC821F7FB843CA2CE8843CA79
:10420000C5004C198B11B238CF2173C81C3287CC32
:104210002173C834340D0D45C383014D259011C25F
:10422000309A88C4C88C18194586915164189A44EC
:104230008621D230441AC646C3986C98362A850C1B
:104240004E1D8E11BAA096C6416AB098420B8648A0
:10425000C11825182C4689E1615C540E014F158C5C
:1042600013BA248F66C3D17032F63C198E86B3D14F
:10427000980850198C11B6380C678BA3E168389AEE
:10428000CD0EC139680E9A83E65700511DECB3B9C3
:10429000248F66C3D17032F6249A48421111DB682C
:1042A0005C874DE275C80400521B8D11BA384C670B
:1042B000C3B5E16CF1101D8947D3D9703609CD0E15
:1042C000B4090053148913AEAA2456C9B688D11272
:1042D00033538B9148090054198B11B23898D66624
:1042E000B259700E9943E69039640E9943C627007F
:1042F000551B8E11BA3895C6C171701C1C07C7C1F9
:1043000071701C1C478761921C4205561B8D0FB6AD
:104310003891A6326274189DC547F1491C5207D1E5
:104320004173A01C280557228F11C2A8B0CC740B72
:104330008E46C1D14438A18425114998421ECD2111
:104340003239442687C88400581A8C11B22855A6E1
:10435000B2617414AE43E8103AA41C220667D24935
:10436000A900591C8D0FB2B89486D2597814874C85
:10437000E2103A6C0E9BC3E6B0396C0EB9015A14C8
:104380008913AE38108993E074793A8B0C23B3DA31
:10439000A1005B09C4D39930E97F225C108713AA7E
:1043A000908AA562A9582A968AA5025D09C4D39D60
:1043B00020E97F325E0DE8B2AA134B69222D42A29A
:1043C000005F0748D0A17810600864309B10CD04CE
:1043D00061110911AA31ADC88625D164349990269E
:1043E00004621B8B0FAEA843E69039640E59A4CC2F
:1043F0009666A3D96836A2CC22911100630E0811EB
:10440000A62A8D4AD635C9444602641A8B11AEA538
:1044100043E690396438994D48B3D16C341BCD567E
:104420008893C80065100911AAAA4DD60E87F050CE
:10443000329295006610890F9E244A4613D9F038AF
:10444000DEE30900671289B1A9175DB6D92EA3A2D0
:10445000FC72201E280068198B0FAEA043E690392D
:10446000640E99D04823D2DA68369A8D669306692D
:104470000B85119A1191E4A47D296A10E6AD9993F8
:10448000D1E490DABE552AA211006B168B11AEA0B2
:1044900043E69039640E9994D62643EB71345B69F8
:1044A0006C0985119A20EDBF146D100F11C2A08CFC
:1044B0006614CA68FFBF5426056E120B0FAEA0D05B
:1044C000486BA3D968369A8D6693066F0E0A11AEB3
:1044D000238E26438F93D1900670176AAFADA0CC80
:1044E00028A3D96436994D6613CA68329B8FAB00F6
:1044F00071136AAFA9AA84566693D96436998DD68A
:10450000EECB05720E0911A6A08C284BA2F1D62283
:1045100000730D0711A2A1CC6AA75B6D4201740F55
:1045200066119E8B064596D92E91D2040075130B09
:104530000FAE209166A3D968369A8D66230AAD32F4
:1045400076130A11AAA85066A29170229C84C9739E
:1045500088100077170F11BEA8B0CCD446A3E08412
:1045600022A5902974991C221302780F0911AAA878
:10457000ACC5AAE3692D36991479166AAFA9A8507B
:1045800066B2916C142DCFE710A9243A094F017A35
:104590000F0711A6388824A1D95038221D047B0C9E
:1045A000C4D3999288749189F4267C078219AAF859
:1045B000307D0DC4D1999089749388F422027E0CC9
:1045C0006872AA19450E91D0040000000004FFFF94
:1045D000000000005F00030305050405061614FD36
:1045E000FC0EFC0EFE026D05BA080B200600602CC6
:1045F00001210FC4253423391C2C2265C921220135
:104600002209A5644621E14500231B8B6164291121
:104610004BC412D961729849C412D961729849C4C5
:1046200012B14408242149A65B1987846B9248295A
:10463000520A5582B643E81033464AA14AA812915D
:1046400095E39020002529EEE17B35938A26415998
:1046500048280B456511A9287D2487C6C6225134F8
:10466000240B8A64C1982CA6148C4EE330002624B7
:10467000D0258C4B078AE420991C249383267258FA
:104680001D3AABD984135270561D52A7B4DA217467
:104690001B012707A2642E7118281105A2332712C7
:1046A0008D442399DE66B2995000291005A233216A
:1046B00094CD64337D1A89466A002A10E7E04535B7
:1046C0004A9A44442349649434022B154A215C29B4
:1046D00087C8217288F07030CA2172881C22042C8D
:1046E0000BE4602B23394446D9002D0765E034F1F3
:1046F000102E0A84202C23394424002F0FC6213C7D
:10470000A918540C2A0615838A003013C9255C3772
:104710009C8C6492997F9BC84493E10C00310BC739
:10472000295C271C15F79F0E3215C9255C47134DD0
:1047300066B6896C3C1D4FA762D5C3A1003317C96B
:10474000255C47134D66B6896C2C9C83E41399DB7A
:1047500044342B013416C9255C1F174F1923B3D0DD
:1047600028368A4D829383743C2D3518C9255C7395
:10477000889CE29038240EB1C5E6E389CC6D229A7C
:1047800095003616C9255C575A91D924E3C988B2D9
:10479000E66D229B8C8433003711C9255CF1509E55
:1047A0008AE562B97875BC11003815C9255C379463
:1047B00049A4D4E2456434858E556A4D46033917C1
:1047C000C9255C37144D669299B7C98434194F6472
:1047D00036C96854033A0D242534233944C492431E
:1047E00044023B0F846533233944C4924364940DDF
:1047F000003C114A215C0F111339D32174081D426A
:1048000087083D0BC9A45CF140473C1C083E124A96
:10481000215C2187D02174081D4226729643003FF7
:1048200012C921545712DD6C13D958772431952CB5
:10483000044027CF21847B1ECBE4A090AC24112917
:10484000916422924C449189246A2289D244249A08
:1048500010E5A0D8587C08024120CE1D741F07CB5C
:104860008173201D1499834272486C1E1B47A70751
:104870006178181FC927D402421ECC21747198CDCB
:1048800048C3D170341CCD6687E0D274329D4C276A
:10489000D3C970729001431DCC2174590AB18C2583
:1048A000E33A840EA183E6A039680E89CC23E3188D
:1048B0004D5A03441FCE218471980E69E3D1783498
:1048C0009FCC27F3C97C329FCC27E3D17834241DB9
:1048D0008600451FCB216C71A00C2753C92C14995D
:1048E000852223E171249C0567A1C83832950C0FFD
:1048F00007461ECB216C71A00C2753C92C14998537
:104900002223E171249C0567C139640E995B01473C
:1049100021CD217C598A914863D158328744E69051
:10492000C81C36874D0FE1D174349D91A8A50800AD
:10493000481ECE218451AC8C47E3D178341E8D477C
:1049400087D278341E8D47E3D178349E140B490A00
:10495000C5254C5119ED7F294A13CA1D645B9EEF92
:10496000936C429A9026C2916848044B1ECE2184D3
:10497000512B4D8543E94C3C924FE4103BE43E21E2
:104980008FA833E29036A5D40C4C10CA2164519EF6
:10499000EFAF91696428991D0C4D2DD1219C612E9A
:1049A0009169555A64189985669159681699854692
:1049B000A1596C129AC526A1598C360BCE66C1D965
:1049C00068189CD462054E21CE218441AD5067D435
:1049D0002035584CA10543A4608C120C16A3C428A2
:1049E000313C1B8BCA21004F1DCE21846926D1C6C4
:1049F000A3F1640EB143EC103BC40EB1439647E300
:104A000019896C04501ECC21747110CE4843CA9091
:104A100032A40C2933D2213807CD4173D01C3487FE
:104A2000D40151284E22836926D1C6A3F1640EB168
:104A300043EC103BC40EB1D026A39168269951CA0D
:104A400076A81C3A8983EAB01100521FCD218471E7
:104A5000A00D49D3D174341D0D6787E86C381BCE87
:104A600068C3D970369C1827005316CA21644709B9
:104A7000AD0C25D308D97A355BCBD5D32454025459
:104A80001CCB216C7130ADCD6433D92C3887CC214F
:104A900073C81C3287CC2173C8BC06551ECE218436
:104AA00051AC8C47F3D83C368FCD63F3D83C368F6E
:104AB000CD63F3D83C38941B015622CF1D7461ACF2
:104AC0009067F320353C0D4FE3B3386416074DE291
:104AD000B0491C3887CEC171781C005730D41D9C5A
:104AE00061315568C4D9701AA4D1C2335A78460BC3
:104AF0005322943864129AC42193D0240EA1D16118
:104B0000C3396C380786E3D0701800581FCF218C4A
:104B100063AA11A734F9480EB1C3E8503AAC0EB3FA
:104B2000434464E174481B538A06591FCD217C61BC
:104B3000A35065D3204D3A0B53E2903A680E9BC3C5
:104B4000E6B0396C0E9B436E005A19CC216CF11003
:104B50002E4FC294289D0E9943E8AC1172645C3EBE
:104B60001C025B0A04A63361D2FF13015C12C82148
:104B70004C21968BE562B9582E968BE562015D0A51
:104B800004A23341D2FF93015E0E08A14D27961275
:104B900069222D42A2005F0749604BF14060088501
:104BA000A43E215B1461122A215C739A4D8463DA5E
:104BB000646D329B8C9806621FCC1D644107CD4109
:104BC00073D01C34074D88B4D174329D4C27D3C99F
:104BD00074421B496A00630F292154571A19CB5B91
:104BE0002333190900641DCC216C4F07CD4173D0CC
:104BF0001C34A48C6694E9643A994EA693E96846FD
:104C0000A41065122A215C471C4D86C6C3413E8E06
:104C10000C652500660EC8213C4793EC3AB44DF76D
:104C2000B106671EEB215B0F924346C6D14C281399
:104C3000CA4643A31C74081E22D289583294DD0050
:104C4000681ECC216C4107CD4173D01C34074D6ADE
:104C500024D270341C0D47C3D170349C940A690C63
:104C6000C52134335A0792F64B016A0F471633B900
:104C70001D8DB83F5A2C2212006B1DCC216C4107B0
:104C8000CD4173D01C34078D4A33E1283C115F2796
:104C9000C4116D46A9186C0AC5213441DAFFA5007C
:104CA0006D183321A441A9D84825D27069B8345C65
:104CB0001A2E0D97862BA5066E152C216C41A991F5
:104CC00048C3D170341C0D47C3D170522A6F0F2BCB
:104CD0002164579C4DA6BE4E66C31A00701CAC1DC5
:104CE000633122D246D3C974329D4C27D3096D3427
:104CF00021CE4173D01C5207711CAC21634712CDE9
:104D000028D3C974329D4C27D3D18C489983E6A00F
:104D100039680E29720F28214C4111512423C9747E
:104D2000C71A0073122921544509C924C388F16A9E
:104D30002D4A2225007411A72144178E0A67A6E187
:104D40009E22A310050075152C216C51220D47C31E
:104D5000D170341C0D47C3115B850076142A1D4C9D
:104D6000519A0C43C3D828388A92E9728810007788
:104D70001B301D7C51294D66C3D06C181B918223BA
:104D800052944426D1857288500878122B21646190
:104D9000619351A4F579554293512806791BAB21B3
:104DA00063519B4C43D3D82C388B4EC293F81C32A2
:104DB000074565D1497C0E7A0E29215471A0D5880A
:104DC000DC8AC403017B0E05A2332712EDA4281B45
:104DD000ED26147C07C2315CF1037D0F05A233215F
:104DE000948DB60945A23DA9017E0B6A2465B57272
:104DF000888C460000000004FFFF0000F300040858
:104E0000090104084B0104081815AF19FF00000040
:104E10001815AE19FF0000001815A016321600155F
:104E2000A2162019FF0000001815A0162016001564
:104E3000A2168019FF0000000001140A64643232D7
:104E400000093D0000040A962010080800018000B7
:104E5000FE0118FE0115FD161215AE15C116FF153F
:104E6000A01632160015A2162015CA167F15AD160B
:104E70009015B3166115B915AFFE0119FF000000BA
:104E80000000C0E0F0F8FC000038FAFE422EE63FD9
:104E90003067C79357F32E3D000000000000E0BFCD
:104EA000605555555555E5BF060000000000E03F30
:104EB0004E5559999999E93F7AA429555555E5BF19
:104EC000E945489B5B49F2BFC33F268B2B00F03F6F
:104ED0000000000000A0F63F0000000000000000FD
:104EE00000C8B9F2822CD6BF8056372824B4FA3CC9
:104EF000000000000080F63F0000000000000000FD
:104F0000000858BFBDD1D5BF20F7E0D808A51CBD0B
:104F1000000000000060F63F0000000000000000FC
:104F2000005845177776D5BF6D50B6D5A46223BD1E
:104F3000000000000040F63F0000000000000000FC
:104F400000F82D87AD1AD5BFD567B09EE484E6BCC6
:104F5000000000000020F63F0000000000000000FC
:104F6000007877955FBED4BFE03E2993691B04BDEE
:104F7000000000000000F63F0000000000000000FC
:104F800000601CC28B61D4BFCC844C482FD8133D29
:104F90000000000000E0F53F0000000000000000FD
:104FA00000A886863004D4BF3A0B82EDF342DC3C85
:104FB0000000000000C0F53F0000000000000000FD
:104FC000004869554CA6D3BF60945186C6B1203DB8
:104FD0000000000000A0F53F0000000000000000FD
:104FE0000080989ADD47D3BF9280C5D44D59253DA6
:104FF000000000000080F53F0000000000000000FD
:105000000020E1BAE2E8D2BFD82BB7991E7B263D3B
:10501000000000000060F53F0000000000000000FC
:105020000088DE135A89D2BF3FB0CFB614CA153DEF
:10503000000000000060F53F0000000000000000DC
:105040000088DE135A89D2BF3FB0CFB614CA153DCF
:10505000000000000040F53F0000000000000000DC
:105060000078CFFB4129D2BF76DA5328245A16BDE7
:10507000000000000020F53F0000000000000000DC
:10508000009869C198C8D1BF0454E768BCAF1FBD80
:10509000000000000000F53F0000000000000000DC
:1050A00000A8ABAB5C67D1BFF0A88233C61F1F3D21
:1050B0000000000000E0F43F0000000000000000DD
:1050C0000048AEF98B05D1BF665A05FDC4A826BDC0
:1050D0000000000000C0F43F0000000000000000DD
:1050E000009073E224A3D0BF0E03F47EEE6B0CBDE0
:1050F0000000000000A0F43F0000000000000000DD
:1051000000D0B4942540D0BF7F2DF49EB836F0BCBB
:105110000000000000A0F43F0000000000000000BC
:1051200000D0B4942540D0BF7F2DF49EB836F0BC9B
:10513000000000000080F43F0000000000000000BC
:1051400000405E6D18B9CFBF873C99AB2A570D3D23
:10515000000000000060F43F0000000000000000BC
:105160000060DCCBADF0CEBF24AF869CB7262B3DD4
:10517000000000000040F43F0000000000000000BC
:1051800000F02A6E0727CEBF10FF3F544F2F17BDE8
:10519000000000000020F43F0000000000000000BC
:1051A00000C04F6B215CCDBF1B68CABB91BA213DCB
:1051B000000000000000F43F0000000000000000BC
:1051C00000A09AC7F78FCCBF34849F684F79273DE2
:1051D000000000000000F43F00000000000000009C
:1051E00000A09AC7F78FCCBF34849F684F79273DC2
:1051F0000000000000E0F33F00000000000000009D
:1052000000902D7486C2CBBF8FB78B31B04E193D45
:105210000000000000C0F33F00000000000000009C
:1052200000C0804EC9F3CABF6690CD3F634EBA3C02
:105230000000000000A0F33F00000000000000009C
:1052400000B0E21FBC23CABFEAC146DC648C25BDA6
:105250000000000000A0F33F00000000000000007C
:1052600000B0E21FBC23CABFEAC146DC648C25BD86
:10527000000000000080F33F00000000000000007C
:105280000050F49C5A52C9BFE3D4C104D9D12ABDFD
:10529000000000000060F33F00000000000000007C
:1052A00000D02065A07FC8BF09FADB7FBFBD2B3DC2
:1052B000000000000040F33F00000000000000007C
:1052C00000E0100289ABC7BF584A537290DB2B3DF8
:1052D000000000000040F33F00000000000000005C
:1052E00000E0100289ABC7BF584A537290DB2B3DD8
:1052F000000000000020F33F00000000000000005C
:1053000000D019E70FD6C6BF66E2B2A36AE410BDAB
:10531000000000000000F33F00000000000000005B
:105320000090A77030FFC5BF3950109F439E1EBD2F
:10533000000000000000F33F00000000000000003B
:105340000090A77030FFC5BF3950109F439E1EBD0F
:105350000000000000E0F23F00000000000000003C
:1053600000B0A1E3E526C5BF8F5B07908BDE20BDB3
:105370000000000000C0F23F00000000000000003C
:105380000080CB6C2B4DC4BF3C783561C10C173D00
:105390000000000000C0F23F00000000000000001C
:1053A0000080CB6C2B4DC4BF3C783561C10C173DE0
:1053B0000000000000A0F23F00000000000000001C
:1053C00000901E20FC71C3BF3A54274D8678F13CF3
:1053D000000000000080F23F00000000000000001C
:1053E00000F01FF85295C2BF08C47117308D24BD5C
:1053F000000000000060F23F00000000000000001C
:1054000000602FD52AB7C1BF96A31118A4802EBD66
:10541000000000000060F23F0000000000000000FB
:1054200000602FD52AB7C1BF96A31118A4802EBD46
:10543000000000000040F23F0000000000000000FB
:105440000090D07C7ED7C0BFF45BE88896690A3DA7
:10545000000000000040F23F0000000000000000DB
:105460000090D07C7ED7C0BFF45BE88896690A3D87
:10547000000000000020F23F0000000000000000DB
:1054800000E0DB3191ECBFBFF233A35C547525BD66
:10549000000000000000F23F0000000000000000DB
:1054A00000002B6E0727BEBF3C00F02A2C342A3D9B
:1054B000000000000000F23F0000000000000000BB
:1054C00000002B6E0727BEBF3C00F02A2C342A3D7B
:1054D0000000000000E0F13F0000000000000000BC
:1054E00000C05B8F545EBCBF06BE5F58570C1DBD2D
:1054F0000000000000C0F13F0000000000000000BC
:1055000000E04A3A6D92BABFC8AA5BE83539253D3A
:105510000000000000C0F13F00000000000000009B
:1055200000E04A3A6D92BABFC8AA5BE83539253D1A
:105530000000000000A0F13F00000000000000009B
:1055400000A031D645C3B8BF68562F4D297C133D06
:105550000000000000A0F13F00000000000000007B
:1055600000A031D645C3B8BF68562F4D297C133DE6
:10557000000000000080F13F00000000000000007B
:105580000060E58AD2F0B6BFDA7333C9379726BD1B
:10559000000000000060F13F00000000000000007B
:1055A0000020063F071BB5BF575EC6615B021F3D6B
:1055B000000000000060F13F00000000000000005B
:1055C0000020063F071BB5BF575EC6615B021F3D4B
:1055D000000000000040F13F00000000000000005B
:1055E00000E01B96D741B3BFDF13F9CCDA5E2C3D48
:1055F000000000000040F13F00000000000000003B
:1056000000E01B96D741B3BFDF13F9CCDA5E2C3D27
:10561000000000000020F13F00000000000000003A
:105620000080A3EE3665B1BF09A38F765E7C143D82
:10563000000000000000F13F00000000000000003A
:10564000008011C0300AAFBF918E36839E592D3D28
:10565000000000000000F13F00000000000000001A
:10566000008011C0300AAFBF918E36839E592D3D08
:105670000000000000E0F03F00000000000000001B
:1056800000801971DD42ABBF4C70D6E57A821C3DBB
:105690000000000000E0F03F0000000000000000FB
:1056A00000801971DD42ABBF4C70D6E57A821C3D9B
:1056B0000000000000C0F03F0000000000000000FB
:1056C00000C032F65874A7BFEEA1F23446FC2CBDE0
:1056D0000000000000C0F03F0000000000000000DB
:1056E00000C032F65874A7BFEEA1F23446FC2CBDC0
:1056F0000000000000A0F03F0000000000000000DB
:1057000000C0FEB9879EA3BFAAFE26F5B702F53CEE
:105710000000000000A0F03F0000000000000000BA
:1057200000C0FEB9879EA3BFAAFE26F5B702F53CCE
:10573000000000000080F03F0000000000000000BA
:105740000000780E9B829FBFE4097E7C268029BDE5
:10575000000000000080F03F00000000000000009A
:105760000000780E9B829FBFE4097E7C268029BDC5
:10577000000000000060F03F00000000000000009A
:105780000080D5071BB997BF39A6FA93548D28BD61
:10579000000000000040F03F00000000000000009A
:1057A0000000FCB0A8C08FBF9CA6D3F67C1EDFBC57
:1057B000000000000040F03F00000000000000007A
:1057C0000000FCB0A8C08FBF9CA6D3F67C1EDFBC37
:1057D000000000000020F03F00000000000000007A
:1057E0000000106B2AE07FBFE440DA0D3FE219BDF4
:1057F000000000000020F03F00000000000000005A
:105800000000106B2AE07FBFE440DA0D3FE219BDD3
:10581000000000000000F03F000000000000000059
:105820000000000000000000000000000000000078
:10583000000000000000F03F000000000000000039
:105840000000000000000000000000000000000058
:105850000000000000C0EF3F00000000000000005A
:10586000000089751510803FE82B9D996BC710BD0E
:10587000000000000080EF3F00000000000000007A
:10588000008093585620903FD2F7E2065BDC23BDA0
:10589000000000000040EF3F00000000000000009A
:1058A0000000C9282549983F340C5A32BAA02ABDB5
:1058B000000000000000EF3F0000000000000000BA
:1058C0000040E7895D41A03F53D7F15CC011013D25
:1058D0000000000000C0EE3F0000000000000000DB
:1058E00000002ED4AE66A43F28FDBD7573162CBDF6
:1058F000000000000080EE3F0000000000000000FB
:1059000000C09F14AA94A83F7D265AD0957919BD4E
:10591000000000000040EE3F00000000000000001A
:1059200000C0DDCD73CBAC3F0728D847F2681ABD65
:10593000000000000020EE3F00000000000000001A
:1059400000C006C031EAAE3F7B3BC94F3E110EBDE1
:105950000000000000E0ED3F00000000000000003B
:10596000006046D13B97B13F9B9E0D565D3225BDF1
:105970000000000000A0ED3F00000000000000005B
:1059800000E0D1A7F5BDB33FD74EDBA55EC82C3DE7
:10599000000000000060ED3F00000000000000007B
:1059A00000A0974D5AE9B53F1E1D5D3C06692CBD10
:1059B000000000000040ED3F00000000000000007B
:1059C00000C0EA0AD300B73F32ED9DA98D1EEC3C22
:1059D000000000000000ED3F00000000000000009B
:1059E0000040595D5E33B93FDA47BD3A5C11233D53
:1059F0000000000000C0EC3F0000000000000000BC
:105A00000060AD8DC86ABB3FE568F72B809013BD81
:105A10000000000000A0EC3F0000000000000000BB
:105A20000040BC015888BC3FD3AC5AC6D146263D85
:105A3000000000000060EC3F0000000000000000DB
:105A400000200A8339C7BE3FE045E6AF68C02DBDE0
:105A5000000000000040EC3F0000000000000000DB
:105A600000E0DB3991E8BF3FFD0AA14FD63425BDE8
:105A7000000000000000EC3F0000000000000000FB
:105A800000E027828E17C13FF2072DCE78EF213D2F
:105A90000000000000E0EB3F0000000000000000FC
:105AA00000F0237E2BAAC13F349938448EA72C3DA9
:105AB0000000000000A0EB3F00000000000000001C
:105AC0000080860C61D1C23FA1B481CB6C9D033DA7
:105AD000000000000080EB3F00000000000000001C
:105AE000009015B0FC65C33F89724B23A82FC63CBC
:105AF000000000000040EB3F00000000000000003C
:105B000000B033833D91C43F78B6FD547983253D81
:105B1000000000000020EB3F00000000000000003B
:105B200000B0A1E4E527C53FC77D69E5E833263D20
:105B30000000000000E0EA3F00000000000000005C
:105B400000108CBE4E57C63F782E3C2C8BCF193D93
:105B50000000000000C0EA3F00000000000000005C
:105B60000070758B12F0C63FE1219CE58D1125BDBB
:105B70000000000000A0EA3F00000000000000005C
:105B8000005044858D89C73F0543917010661CBD48
:105B9000000000000060EA3F00000000000000007C
:105BA000000039EBAFBEC83FD12CE9AA543D07BD78
:105BB000000000000040EA3F00000000000000007C
:105BC0000000F7DC5A5AC93F6FFFA05828F2073D82
:105BD000000000000000EA3F00000000000000009C
:105BE00000E08A3CED93CA3F69215650437228BDBC
:105BF0000000000000E0E93F00000000000000009D
:105C000000D05B57D831CB3FAAE1AC4E8D350CBDEF
:105C10000000000000C0E93F00000000000000009C
:105C200000E03B3887D0CB3FB6125459C44B2DBD52
:105C30000000000000A0E93F00000000000000009C
:105C40000010F0C6FB6FCC3FD22B96C572ECF1BCB6
:105C5000000000000060E93F0000000000000000BC
:105C60000090D4B03DB1CD3F35B015F72AFF2ABD25
:105C7000000000000040E93F0000000000000000BC
:105C80000010E7FF0E53CE3F30F441602712C23CB4
:105C9000000000000020E93F0000000000000000BC
:105CA0000000DDE4ADF5CE3F118EBB651521CABC09
:105CB000000000000000E93F0000000000000000BC
:105CC00000B0B36C1C99CF3F30DF0CCAECCB1B3D4E
:105CD0000000000000C0E83F0000000000000000DD
:105CE00000584D603871D03F914EED16DB9CF83C6A
:105CF0000000000000A0E83F0000000000000000DD
:105D0000006061672DC4D03FE9EA3C168B18273D3F
:105D1000000000000080E83F0000000000000000DC
:105D200000E827828E17D13F1CF0A5630E212CBD01
:105D3000000000000060E83F0000000000000000DC
:105D400000F8ACCB5C6BD13F8116A5F7CD9A2B3D0B
:105D5000000000000040E83F0000000000000000DC
:105D600000685A6399BFD13FB7BD4751EDA62C3D9E
:105D7000000000000020E83F0000000000000000DC
:105D800000B80E6D4514D23FEABA46BADE870A3D26
:105D90000000000000E0E73F0000000000000000FD
:105DA0000090DC7CF0BED23FF404504AFA9C2A3DBD
:105DB0000000000000C0E73F0000000000000000FD
:105DC0000060D3E1F114D33FB83C21D37AE228BD7F
:105DD0000000000000A0E73F0000000000000000FD
:105DE0000010BE76676BD33FC877F1B0CD6E113D22
:105DF000000000000080E73F0000000000000000FD
:105E00000030337752C2D33F5CBD06B6543B183DD9
:105E1000000000000060E73F0000000000000000FC
:105E200000E8D523B419D43F9DE090EC36E4083D5A
:105E3000000000000040E73F0000000000000000FC
:105E400000C871C28D71D43F75D66709CE272FBDAA
:105E5000000000000020E73F0000000000000000FC
:105E60000030179EE0C9D43FA4D80A1B89202EBD5C
:105E7000000000000000E73F0000000000000000FC
:105E800000A03807AE22D53F59C7648170BE2E3DB1
:105E90000000000000E0E63F0000000000000000FD
:105EA00000D0C853F77BD53FEF405DEEEDAD1F3D11
:105EB0000000000000C0E63F0000000000000000FD
:105EC000006059DFBDD5D53FDC65A4082A0B0ABDAB
:105ED000FE822B6547156740000000000000384334
:105EE0000000FAFE422E76BF3A3B9EBC9AF70CBDEC
:105EF000BDFDFFFFFFFFDF3F3C5455555555C53FE6
:105F0000912B17CF5555A53F17D0A4671111813F8D
:105F1000000000000000C842EF39FAFE422EE63FC2
:105F200024C482FFBDBFCE3FB5F40CD7086BAC3F95
:105F3000CC5046D2ABB2833F843A4E9BE0D7553F1C
:105F40000000000000000000000000000000F03F22
:105F50006EBF881A4F3B9B3C3533FBA93DF6EF3FA4
:105F60005DDCD89C136071BC6180773E9AECEF3F9A
:105F7000D16687107A5E90BC857F6EE815E3EF3FAF
:105F800013F6673552D28C3C748515D3B0D9EF3FE8
:105F9000FA8EF92380CE8BBCDEF6DD296BD0EF3F85
:105FA00061C8E6614EF7603CC89B751845C7EF3F76
:105FB00099D3335BE4A3903C83F3C6CA3EBEEF3F64
:105FC0006D7B835DA69A973C0F89F96C58B5EF3FBE
:105FD000FCEFFD921AB58E3CF747722B92ACEF3F67
:105FE000D19C2F703DBE3E3CA2D1D332ECA3EF3FFB
:105FF0000B6E908934036ABC1BD3FEAF669BEF3FE8
:106000000EBD2F2A525695BC515B12D00193EF3F23
:1060100055EA4E8CEF8050BCCC316CC0BD8AEF3F4E
:1060200016F4D5B923C991BCE02DA9AE9A82EF3FF1
:10603000AF555CE9E3D3803C518EA5C8987AEF3F19
:106040004893A5EA151B80BC7B517D3CB872EF3F9D
:106050003D32DE55F01F8FBCEA8D8C38F96AEF3F78
:10606000BF53133F8C898B3C75CB6FEB5B63EF3F6A
:1060700026EB11769CD996BCD45C0484E05BEF3FA0
:10608000602F3A3EF7EC9A3CAAB968318754EF3F4B
:106090009D3886CB82E78FBC1DD9FC22504DEF3F47
:1060A0008DC3A644416F8A3CD68C62883B46EF3F45
:1060B0007D04E4B0057A803C96DC7D91493FEF3F5A
:1060C00094A8A8E3FD8E963C3862756E7A38EF3F4F
:1060D0007D4874F2185E873C3FA6B24FCE31EF3F49
:1060E000F2E71F982B47803CDD7CE265452BEF3FB4
:1060F0005E08713F7BB896BC8163F5E1DF24EF3F1A
:1061000031AB096DE1F7823CE1DE1FF59D1EEF3FEB
:10611000FABF6F1A9B213DBC90D9DAD07F18EF3FB0
:10612000B40A0C7282378B3C0B03E4A68512EF3F56
:106130008FCBCE8992146E3C562F3EA9AF0CEF3F09
:10614000B6ABB04D754D833C15B7310AFE06EF3F37
:106150004C74ACE20142863C31D84CFC7001EF3FFC
:106160004AF8D35D39DD8F3CFF1664B208FCEE3F80
:10617000045B8E3B80A386BCF19F925FC5F6EE3F29
:1061800068504BCCED4A92BCCBA93A37A7F1EE3F11
:106190008E2D511BF80799BC66D8056DAEECEE3F0D
:1061A000D236943EE8D171BCF79FE534DBE7EE3F91
:1061B000151BCEB3191999BCE5A813C32DE3EE3F07
:1061C0006D4C2AA7489F853C2234124CA6DEEE3F38
:1061D0008A69287A601293BC1C80AC0445DAEE3FD1
:1061E0005B8917488FA758BC2A2EF7210AD6EE3FA5
:1061F0001B9A49679B2C7CBC97A850D9F5D1EE3FE0
:1062000011ACC260ED63433C2D89616008CEEE3F66
:10621000EF64063B0966963C57001DED41CAEE3F10
:106220007903A1DAE1CC6E3CD03CC1B5A2C6EE3F09
:1062300030120F3F8EFF933CDED3D7F02AC3EE3FE0
:10624000B0AF7ABBCE90763C272A36D5DABFEE3F88
:1062500077E054EBBD1D933C0DDDFD99B2BCEE3FE4
:106260008EA3710034948FBCA72C9D76B2B9EE3FFB
:1062700049A393DCCCDE87BC4266CFA2DAB6EE3F00
:106280005F380FBDC6DE78BC824F9D562BB4EE3F03
:10629000F65C7BEC461286BC0F925DCAA4B1EE3F61
:1062A0008ED7FD180535933CDA27B53647AFEE3F5C
:1062B000059B8A2FB7987B3CFDC797D412ADEE3F64
:1062C00009541CE2E163903C295448DD07ABEE3FE2
:1062D000EAC6195085C7343CB746598A26A9EE3F0D
:1062E00035C0642BE632943C4821AD156FA7EE3FD4
:1062F0009F7699614AE48CBC09DC76B9E1A5EE3F52
:10630000A84DEF3BC5338CBC85553AB07EA4EE3F1B
:10631000AEE92B89785384BC20C3CC3446A3EE3F2E
:1063200058585678DDCE93BC2522558238A2EE3FD0
:1063300064197E80AA10573C73A94CD455A1EE3F36
:1063400028225EBFEFB393BCCD3B7F669EA0EE3F9D
:1063500082B93487AD126ABCBFDA0B7512A0EE3F6A
:10636000EEA96DB8EF6763BC2F1A653CB29FEE3F94
:106370005188E0543DDC80BC849451F97D9FEE3F10
:10638000CF3E5A7E641F78BC745FECE8759FEE3F89
:10639000B07D8BC04AEE86BC7481A5489A9FEE3FC3
:1063A0008AE6551E321986BCC9674256EB9FEE3FFE
:1063B000D3D4095ECB9C903C3F5DDE4F69A0EE3F9D
:1063C0001DA54DB9DC327BBC8701EB7314A1EE3FF8
:1063D0006BC06754FDEC943C32C13001EDA1EE3F3F
:1063E000556CD6ABE1EB653C624ECF36F3A2EE3F87
:1063F00042CFB32FC5A188BC121A3E5427A4EE3F4A
:1064000034373BF1B66993BC13CE4C9989A5EE3F66
:106410001EFF193A845E80BCADC723461AA7EE3F23
:106420006E5772D850D494BCED92449BD9A8EE3FDD
:10643000008A0E5B67AD903C99668AD9C7AAEE3F89
:10644000B4EAF0C12FB78D3CDBA02A42E5ACEE3FA9
:10645000FFE7C59C60B665BC8C44B51632AFEE3F15
:10646000445FF35983F67B3C36771599AEB1EE3F26
:10647000833D1EA71F0993BCC6FF910B5BB4EE3F83
:10648000291E6C8BB8A95DBCE5C5CDB037B7EE3F12
:1064900059B9907CF9236CBC0F52C8CB44BAEE3F7B
:1064A000AAF9F422434392BC504EDE9F82BDEE3FD8
:1064B0004B8E66D76CCA85BCBA07CA70F1C0EE3F76
:1064C00027CE912BFCAF713C90F0A38291C4EE3F9C
:1064D000BB730AE135D26D3C2323E31963C8EE3F59
:1064E0006322622204C587BC65E55D7B66CCEE3F16
:1064F000D531E2E3861C8B3C332D4AEC9BD0EE3F3A
:1065000015BBBCD3D1BB91BC5D253EB203D5EE3FDC
:10651000D231EE9C31CC903C58B330139ED9EE3F33
:10652000B35A736E8469843CBFFD79556BDEEE3FD0
:10653000B49D8E97CDDF82BC7AF3D3BF6BE3EE3F81
:106540008733CB92771A8C3CADD35A999FE8EE3FB4
:10655000FAD9D14A8F7B90BC66B68D2907EEEE3F03
:10656000BAAEDC56D9C355BCFB154FB8A2F3EE3F0B
:1065700040F6A63D0EA490BC3A59E58D72F9EE3F67
:106580003493AD38F4D668BC475EFBF276FFEE3F3D
:10659000358A586BE2EE91BC4A06A130B005EF3F58
:1065A000CDDD5F0AD7FF743CD2C14B901E0CEF3F8C
:1065B000AC9892FAFBBD91BC091ED75BC212EF3FAB
:1065C000B30CAF30AE6E733C9C5285DD9B19EF3F30
:1065D00094FD9F5C32E38E3C7AD0FF5FAB20EF3FAF
:1065E000AC5909D18FE0843C4BD1572EF127EF3FB6
:1065F000671A4E38AFCD633CB5E706946D2FEF3F79
:106600006819926C2C6B673C6990EFDC2037EF3F88
:10661000D2B5CC83188A80BCFAC35D550B3FEF3FDF
:106620006FFAFF3F5DAD8FBC7C89074A2D47EF3F76
:1066300049A97538AE0D90BCF2890D08874FEF3F20
:10664000A7073DA685A3743C87A4FBDC1858EF3F41
:106650000F2240209E9182BC9883C916E360EF3FD1
:10666000AC92C1D5505A8E3C8532DB03E669EF3FD0
:106670004B6B01AC593A843C60B401F32173EF3F9A
:106680001F3EB40721D582BC5F9B7B33977CEF3FD5
:10669000C90D473BB92A89BC29A1F5144686EF3FAD
:1066A000D3883A6004B6743CF63F8BE72E90EF3FF8
:1066B00071729D51ECC5833C834CC7FB519AEF3FEF
:1066C000F091D38F12F78FBCDA90A4A2AFA4EF3F62
:1066D0007D7423E298AE8DBCF1678E2D48AFEF3FFD
:1066E0000820AA41BCC38E3C275A61EE1BBAEF3F7B
:1066F00032EBA9C3942B843C97BA6B372BC5EF3F81
:10670000EE85D131A9648A3C40456E5B76D0EF3F7F
:10671000EDE33BE4BA378EBC14BE9CADFDDBEF3F2E
:106720009DCD914D3B89773CD8909E81C1E7EF3F4D
:1067300089CC6041C105533CF1718F2BC2F3EF3F0F
:106740002C2066756E6374696F6E3A2000617373F6
:10675000657274696F6E2022257322206661696CF0
:1067600065643A2066696C6520222573222C206CB2
:10677000696E65202564257325730A005245454ED0
:1067800054206D616C6C6F63207375636365656421
:106790006564002F6275696C642F676E752D746F68
:1067A0006F6C732D666F722D73746D33325F31347D
:1067B0002E332E72656C312E323032353130323715
:1067C0002D303730302F7372632F6E65776C6962AE
:1067D0002F6E65776C69622F6C6962632F737464C6
:1067E0006C69622F72616E642E6300494E460069C7
:1067F0006E66004E414E006E616E003031323334B1
:10680000353637383941424344454600303132331A
:10681000343536373839616263646566002F6275D6
:10682000696C642F676E752D746F6F6C732D666F56
:10683000722D73746D33325F31342E332E72656C6A
:10684000312E32303235313032372D303730302F33
:106850007372632F6E65776C69622F6E65776C69F2
:10686000622F6C6962632F74696D652F6C636C7441
:10687000696D652E6300545A00474D54002531312F
:106880005B2D2B302D39412D5A612D7A5D256E00FF
:106890002531315B412D5A612D7A5D256E004D25E4
:1068A0006875256E2E256875256E2E256875256EF2
:1068B000002F256875256E3A256875256E3A25687E
:1068C00075256E00496E66696E697479004E614E79
:1068D000002F6275696C642F676E752D746F6F6C15
:1068E000732D666F722D73746D33325F31342E33B6
:1068F0002E72656C312E32303235313032372D30D8
:106900003730302F7372632F6E65776C69622F6E2C
:1069100065776C69622F6C6962632F7374646C694C
:10692000622F64746F612E630042616C6C6F632030
:10693000737563636565646564002F6275696C6473
:106940002F676E752D746F6F6C732D666F722D735C
:10695000746D33325F31342E332E72656C312E32CA
:10696000303235313032372D303730302F7372635B
:106970002F6E65776C69622F6E65776C69622F6C1C
:106980006962632F7374646C69622F6D70726563E2
:106990002E6300232D302B2000686C4C0065666749
:1069A000454647004300504F534958002E00412DA3
:1069B00046612D66383930313233343536375D0033
:1069C0002B2D00303000785800002020202020207F
:1069D000202020282828282820202020202020208F
:1069E000202020202020202020208810101010108F
:1069F00010101010101010101010040404040404DF
:106A000004040404101010101010104141414141C1
:106A10004101010101010101010101010101010126
:106A200001010101011010101010104242424242B7
:106A300042020202020202020202020202020202F6
:106A400002020202021010101020000000000000DC
:106A50000000000000000000000000000000000036
:106A60000000000000000000000000000000000026
:106A70000000000000000000000000000000000016
:106A80000000000000000000000000000000000006
:106A900000000000000000000000000000000000F6
:106AA00000000000000000000000000000000000E6
:106AB00000000000000000000000000000000000D6
:106AC00000000000000000000000000000000000C6
:106AD0001F0000003B0000005A000000780000008A
:106AE00097000000B5000000D4000000F300000093
:106AF00011010000300100004E0100001F000000E5
:106B00001C0000001F0000001E0000001F0000000D
:106B10001E0000001F0000001F0000001E000000FB
:106B20001F0000001E0000001F0000001F000000EA
:106B30001C0000001F0000001E0000001F000000DD
:106B40001E0000001F0000001F0000001E000000CB
:106B50001F0000001E0000001F0000001F000000BA
:106B60001D0000001F0000001E0000001F000000AC
:106B70001E0000001F0000001F0000001E0000009B
:106B80001F0000001E0000001F00000005000000A4
:106B9000190000007D0000000080E03779C3414308
:106BA000176E05B5B5B89346F5F93FE9034F384D73
:106BB000321D30F94877825A3CBF737FDD4F15751F
:106BC000000000000000F03F000000000000244032
:106BD00000000000000059400000000000408F400D
:106BE000000000000088C34000000000006AF84078
:106BF0000000000080842E4100000000D01263419C
:106C00000000000084D797410000000065CDCD4111
:106C1000000000205FA00242000000E876483742F2
:106C2000000000A2941A6D42000040E59C30A24290
:106C30000000901EC4BCD64200003426F56B0C4305
:106C40000080E03779C3414300A0D88557347643AC
:106C500000C84E676DC1AB43003D9160E458E1430D
:106C6000408CB5781DAF154450EFE2D6E41A4B4482
:106C700092D54D06CFF08044F64AE1C7022DB544C7
:106C8000B49DD9794378EA44000100004412050814
:106C9000C5A0030850120508002100007C12050859
:106CA00011A203088412050800080000C01205089C
:106CB000C8120508CC12050800210000DC120508E6
:106CC000A9B40308E41205080009000000415B1B99
:106CD00045BA0308EC1205080009000000425B1BDE
:106CE0005DBA0308F01205080019000000435B1BA1
:106CF00077BA0308F81205080019000000445B1B6E
:106D0000AFBA0308001305080009000000000009DD
:106D1000DDBA030808130508001900000000000888
:106D2000EDBC03080C130508001900000000007FEB
:106D3000EDBC030818130508001900007E335B1B27
:106D400005BD030824130508001900000000000A0F
:106D50001FBD03082C130508001900000000000DDA
:106D60001FBD030834130508002000003C1305086C
:106D7000B9BD030844130508002100006413050889
:106D8000F7BD03086C130508002100007C130508FB
:106D900017BE03088413050800210000941305089A
:106DA00037BE03089C13050800210000AC1305083A
:106DB00057BE0308B413050800210000C4130508DA
:086DC00079BE0308CC1305089D
:086DC8003099FA7F0100000080
:046DD000C5020008F0
:046DD400A102000810
:106DD8000090D0030090D0031000000001000000D4
:106DE800AAAAAAAA00C000006E19000000C00000EC
:106DF8004122020855220208992202086522020847
:106E0800CD22020820AD04080100000000000000A7
:106E1800000000002CAD0408010000000000000084
:106E2800000000003CAD0408010000000000000064
:106E3800000000004CAD0408010000000000000044
:106E480000000000A48D04240100000001000000DF
:106E5800C2017C01010000000000000000000000E9
:106E6800000000000000000000000000000000001A
:106E7800A1C802086DC4020855C5020881C60208E7
:106E880005C6020800000000000000000000000025
:106E9800000000000000000000000000B5C8020863
:106EA800E1C40208ADC5020891C7020805C6020878
:106EB800000080BF01000000A8D00408AD2403082A
:106EC800B4D004088DEC0208C4D00408D9ED020837
:106ED800D4D00408DDEE0208E0D00408E1EF02088F
:106EE800ECD004082DF1020890D00408CD2803083E
:106EF800FCD0040841FC02080CD10408C5FD0208B6
:106F08001CD1040849FF02082CD10408D100030849
:106F18003CD104085502030850D10408D9030308DA
:106F280064D104085D050308A0D00408000000002F
:106F380070D10408C108030884D10408150A03089D
:106F480094D10408650B0308A8D10408010C0308B0
:106F5800B0D10408C90D0308BCD10408910F030877
:106F6800A0D0040800000000C8D104085911030883
:106F7800D8D104080D120308E8D10408C112030887
:106F8800F8D10408D9130308A0D0040800000000B1
:106F980008D20408C114030820D20408E51803081D
:106FA80030D20408B91903083CD204088D1A030822
:106FB80048D20408611B0308A0D0040800000000A0
:106FC80058D20408711C03086CD20408ED1D03088C
:106FD800A0D00408000000000100000028D8040820
:106FE80030D804080000000038D8040844D8040841
:106FF8000000000054D80408080200240200000021
:1070080060D8040804B20424040000006CD8040802
:1070180084AF04244000000074D804087CD8040815
:10702800000000006E6F72666C61736830000000CB
:107038000000000000000000000000000000000048
:107048000000800000100000F93E0308453F0308D7
:10705800BD3F030841400308010000000200000092
:1070680011000000B58F030804000000D58E030846
:1070780003000000AF8C030810000000018C030817
:1070880006000000998B030817000000898D03088B
:107098000100000037880308050000003189030853
:1070A8000F000000D5890308020000009F8A03082A
:1070B80000000000000000000000000000000000C8
:1070C80000000000000000000000000000000000B8
:1070D80000000000000000000000000000000000A8
:1070E8001CF0040878F104089CF10408B0F10408C5
:1070F800C0F10408D0F10408E0F10408F4F1040830
:1071080008F2040824F2040834F2040844F20408DB
:1071180058F2040870F2040884F2040890F2040893
:1071280098F20408A0F20408A8F20408B0F20408CF
:10713800B8F2040822220000F0F30408000000005E
:107148000000000000000000000000000000000037
:107158000000000000000000FCF30408000000002C
:107168000000000000000000000000000000000017
:107178000000000000000000000000000000000007
:1071880000000000000000000000000000000000F7
:1071980000000000000000000000000000000000E7
:1071A8000000000000000000000000006533040833
:1071B80075330408000000000300000070C90424AF
:1071C8007968050879680508FC03002400000000B8
:1071D80070C90424D8C9042440CA0424000000004B
:1071E8000000000000000000000000000000000097
:1071F8000000000000000000000000000000000087
:107208000000000000000000000000000000000076
:107218000000000000000000010000000000000065
:107228004A0000000000000000000000000000000C
:107238000000000000000000000000000000000046
:1072480000000000000000004A00000000000000EC
:107258000000000000000000000000000000000026
:107268000000000000000000000000000000000016
:1072780043000000000000000000000000000000C3
:1072880000000000000000000000000000000000F6
:1072980043000000000000000000000000000000A3
:1072A80000000000000000000000000000000000D6
:1072B8004300000000000000000000000000000083
:1072C80000000000000000000000000000000000B6
:1072D8004300000000000000000000000000000063
:1072E8000000000000000000000000000000000096
:1072F8004300000000000000000000000000000043
:107308000000000000000000000000000000000075
:107318004300000000000000000000000000000022
:107328000000000000000000000000000000000055
:107338004300000000000000000000000000000002
:107348000000000000000000000000000000000035
:10735800957604081576040800000000C969050838
:10736800AC6905087B6705087B6705087B67050826
:107378007B6705087B6705087B6705087B67050849
:107388007B6705087B670508FFFFFFFFFFFFFFFF1F
:10739800FFFFFFFFFFFF0000010041534349490081
:1073A80000000000000000000000000000000000D5
:1073B800000000000000000000004153434949005C
:1073C80000000000000000000000000000000000B5
:0C73D800000000000000000000000000A9
:04000005080249B9EB
:00000001FF
